ori,pred,n,method,ori_category,pred_category
1,1,13891,multiclass_rf,cropland,cropland
1,2,95,multiclass_rf,cropland,forest
1,3,27,multiclass_rf,cropland,forest
1,4,75,multiclass_rf,cropland,wetland
1,5,19,multiclass_rf,cropland,grassland_meadow_steppe
1,6,1,multiclass_rf,cropland,wetland
1,9,2,multiclass_rf,cropland,forest
1,10,218,multiclass_rf,cropland,forest
1,13,1,multiclass_rf,cropland,grassland_meadow_steppe
1,16,19,multiclass_rf,cropland,grassland_meadow_steppe
1,17,32,multiclass_rf,cropland,alpine_vegetation
1,18,99,multiclass_rf,cropland,scrub
1,20,5,multiclass_rf,cropland,alpine_vegetation
1,21,31,multiclass_rf,cropland,cropland
1,25,84,multiclass_rf,cropland,desert
1,28,23,multiclass_rf,cropland,forest
1,31,50,multiclass_rf,cropland,grassland_meadow_steppe
1,33,17,multiclass_rf,cropland,cropland
1,34,26,multiclass_rf,cropland,forest
1,35,2,multiclass_rf,cropland,desert
1,37,2,multiclass_rf,cropland,forest
1,39,79,multiclass_rf,cropland,forest
1,44,8,multiclass_rf,cropland,scrub
1,45,297,multiclass_rf,cropland,scrub
1,46,28,multiclass_rf,cropland,scrub
1,47,1,multiclass_rf,cropland,cropland
1,50,38,multiclass_rf,cropland,scrub
2,1,5646,multiclass_rf,forest,cropland
2,2,175494,multiclass_rf,forest,forest
2,3,9254,multiclass_rf,forest,forest
2,4,18268,multiclass_rf,forest,wetland
2,5,13073,multiclass_rf,forest,grassland_meadow_steppe
2,6,17679,multiclass_rf,forest,wetland
2,7,2615,multiclass_rf,forest,scrub
2,9,16728,multiclass_rf,forest,forest
2,10,339,multiclass_rf,forest,forest
2,11,3928,multiclass_rf,forest,grassland_meadow_steppe
2,12,2386,multiclass_rf,forest,cropland
2,13,1034,multiclass_rf,forest,grassland_meadow_steppe
2,14,348,multiclass_rf,forest,forest
2,15,44,multiclass_rf,forest,grassland_meadow_steppe
2,16,1439,multiclass_rf,forest,grassland_meadow_steppe
2,17,1126,multiclass_rf,forest,alpine_vegetation
2,18,5895,multiclass_rf,forest,scrub
2,20,515,multiclass_rf,forest,alpine_vegetation
2,21,14,multiclass_rf,forest,cropland
2,22,582,multiclass_rf,forest,alpine_vegetation
2,23,2,multiclass_rf,forest,desert
2,24,50,multiclass_rf,forest,desert
2,25,1318,multiclass_rf,forest,desert
2,26,47,multiclass_rf,forest,forest
2,27,1918,multiclass_rf,forest,cropland
2,28,332,multiclass_rf,forest,forest
2,30,91,multiclass_rf,forest,forest
2,31,150,multiclass_rf,forest,grassland_meadow_steppe
2,32,192,multiclass_rf,forest,desert
2,33,226,multiclass_rf,forest,cropland
2,34,835,multiclass_rf,forest,forest
2,35,17,multiclass_rf,forest,desert
2,36,75,multiclass_rf,forest,forest
2,37,158,multiclass_rf,forest,forest
2,39,50,multiclass_rf,forest,forest
2,40,14,multiclass_rf,forest,grassland_meadow_steppe
2,41,293,multiclass_rf,forest,grassland_meadow_steppe
2,42,106,multiclass_rf,forest,desert
2,43,1,multiclass_rf,forest,wetland
2,44,156,multiclass_rf,forest,scrub
2,45,5,multiclass_rf,forest,scrub
2,46,98,multiclass_rf,forest,scrub
2,47,13,multiclass_rf,forest,cropland
2,48,6,multiclass_rf,forest,wetland
2,49,3,multiclass_rf,forest,forest
2,50,108,multiclass_rf,forest,scrub
2,52,11,multiclass_rf,forest,forest
2,53,472,multiclass_rf,forest,cropland
2,55,359,multiclass_rf,forest,forest
3,1,13083,multiclass_rf,forest,cropland
3,2,19714,multiclass_rf,forest,forest
3,3,213254,multiclass_rf,forest,forest
3,4,8708,multiclass_rf,forest,wetland
3,5,25560,multiclass_rf,forest,grassland_meadow_steppe
3,6,29781,multiclass_rf,forest,wetland
3,7,38656,multiclass_rf,forest,scrub
3,9,58139,multiclass_rf,forest,forest
3,10,1905,multiclass_rf,forest,forest
3,11,8761,multiclass_rf,forest,grassland_meadow_steppe
3,12,19309,multiclass_rf,forest,cropland
3,13,1619,multiclass_rf,forest,grassland_meadow_steppe
3,14,1873,multiclass_rf,forest,forest
3,15,2301,multiclass_rf,forest,grassland_meadow_steppe
3,16,2,multiclass_rf,forest,grassland_meadow_steppe
3,17,8,multiclass_rf,forest,alpine_vegetation
3,18,1527,multiclass_rf,forest,scrub
3,21,100,multiclass_rf,forest,cropland
3,22,2038,multiclass_rf,forest,alpine_vegetation
3,23,30,multiclass_rf,forest,desert
3,24,1297,multiclass_rf,forest,desert
3,25,580,multiclass_rf,forest,desert
3,26,511,multiclass_rf,forest,forest
3,27,21753,multiclass_rf,forest,cropland
3,28,12808,multiclass_rf,forest,forest
3,29,100,multiclass_rf,forest,desert
3,30,427,multiclass_rf,forest,forest
3,31,6,multiclass_rf,forest,grassland_meadow_steppe
3,32,54,multiclass_rf,forest,desert
3,33,10505,multiclass_rf,forest,cropland
3,34,2496,multiclass_rf,forest,forest
3,35,14,multiclass_rf,forest,desert
3,36,5622,multiclass_rf,forest,forest
3,37,13709,multiclass_rf,forest,forest
3,39,1406,multiclass_rf,forest,forest
3,40,267,multiclass_rf,forest,grassland_meadow_steppe
3,41,30486,multiclass_rf,forest,grassland_meadow_steppe
3,44,464,multiclass_rf,forest,scrub
3,46,177,multiclass_rf,forest,scrub
3,47,2526,multiclass_rf,forest,cropland
3,49,141,multiclass_rf,forest,forest
3,50,18,multiclass_rf,forest,scrub
4,1,1743,multiclass_rf,wetland,cropland
4,2,8029,multiclass_rf,wetland,forest
4,3,1876,multiclass_rf,wetland,forest
4,4,58602,multiclass_rf,wetland,wetland
4,5,2470,multiclass_rf,wetland,grassland_meadow_steppe
4,6,2623,multiclass_rf,wetland,wetland
4,7,539,multiclass_rf,wetland,scrub
4,9,430,multiclass_rf,wetland,forest
4,10,1,multiclass_rf,wetland,forest
4,11,4910,multiclass_rf,wetland,grassland_meadow_steppe
4,12,1651,multiclass_rf,wetland,cropland
4,13,3152,multiclass_rf,wetland,grassland_meadow_steppe
4,14,2030,multiclass_rf,wetland,forest
4,15,660,multiclass_rf,wetland,grassland_meadow_steppe
4,16,65,multiclass_rf,wetland,grassland_meadow_steppe
4,17,299,multiclass_rf,wetland,alpine_vegetation
4,18,53,multiclass_rf,wetland,scrub
4,19,5,multiclass_rf,wetland,no_vegetation
4,20,142,multiclass_rf,wetland,alpine_vegetation
4,21,68,multiclass_rf,wetland,cropland
4,22,345,multiclass_rf,wetland,alpine_vegetation
4,23,111,multiclass_rf,wetland,desert
4,24,8,multiclass_rf,wetland,desert
4,25,254,multiclass_rf,wetland,desert
4,27,506,multiclass_rf,wetland,cropland
4,30,99,multiclass_rf,wetland,forest
4,32,22,multiclass_rf,wetland,desert
4,33,55,multiclass_rf,wetland,cropland
4,34,31,multiclass_rf,wetland,forest
4,35,5,multiclass_rf,wetland,desert
4,39,15,multiclass_rf,wetland,forest
4,45,2,multiclass_rf,wetland,scrub
4,48,233,multiclass_rf,wetland,wetland
4,50,87,multiclass_rf,wetland,scrub
5,1,5119,multiclass_rf,grassland_meadow_steppe,cropland
5,2,11735,multiclass_rf,grassland_meadow_steppe,forest
5,3,7260,multiclass_rf,grassland_meadow_steppe,forest
5,4,6208,multiclass_rf,grassland_meadow_steppe,wetland
5,5,87695,multiclass_rf,grassland_meadow_steppe,grassland_meadow_steppe
5,6,7565,multiclass_rf,grassland_meadow_steppe,wetland
5,7,3528,multiclass_rf,grassland_meadow_steppe,scrub
5,9,1724,multiclass_rf,grassland_meadow_steppe,forest
5,10,3625,multiclass_rf,grassland_meadow_steppe,forest
5,11,9473,multiclass_rf,grassland_meadow_steppe,grassland_meadow_steppe
5,12,9248,multiclass_rf,grassland_meadow_steppe,cropland
5,13,3524,multiclass_rf,grassland_meadow_steppe,grassland_meadow_steppe
5,14,2977,multiclass_rf,grassland_meadow_steppe,forest
5,15,1971,multiclass_rf,grassland_meadow_steppe,grassland_meadow_steppe
5,16,644,multiclass_rf,grassland_meadow_steppe,grassland_meadow_steppe
5,17,715,multiclass_rf,grassland_meadow_steppe,alpine_vegetation
5,18,593,multiclass_rf,grassland_meadow_steppe,scrub
5,20,847,multiclass_rf,grassland_meadow_steppe,alpine_vegetation
5,21,746,multiclass_rf,grassland_meadow_steppe,cropland
5,22,1565,multiclass_rf,grassland_meadow_steppe,alpine_vegetation
5,23,83,multiclass_rf,grassland_meadow_steppe,desert
5,24,553,multiclass_rf,grassland_meadow_steppe,desert
5,25,1337,multiclass_rf,grassland_meadow_steppe,desert
5,26,1983,multiclass_rf,grassland_meadow_steppe,forest
5,27,2158,multiclass_rf,grassland_meadow_steppe,cropland
5,28,743,multiclass_rf,grassland_meadow_steppe,forest
5,29,179,multiclass_rf,grassland_meadow_steppe,desert
5,30,168,multiclass_rf,grassland_meadow_steppe,forest
5,32,101,multiclass_rf,grassland_meadow_steppe,desert
5,33,2390,multiclass_rf,grassland_meadow_steppe,cropland
5,34,286,multiclass_rf,grassland_meadow_steppe,forest
5,35,258,multiclass_rf,grassland_meadow_steppe,desert
5,36,1628,multiclass_rf,grassland_meadow_steppe,forest
5,37,276,multiclass_rf,grassland_meadow_steppe,forest
5,39,2154,multiclass_rf,grassland_meadow_steppe,forest
5,40,1013,multiclass_rf,grassland_meadow_steppe,grassland_meadow_steppe
5,41,2989,multiclass_rf,grassland_meadow_steppe,grassland_meadow_steppe
5,42,224,multiclass_rf,grassland_meadow_steppe,desert
5,43,9,multiclass_rf,grassland_meadow_steppe,wetland
5,44,533,multiclass_rf,grassland_meadow_steppe,scrub
5,45,1220,multiclass_rf,grassland_meadow_steppe,scrub
5,46,1671,multiclass_rf,grassland_meadow_steppe,scrub
5,47,986,multiclass_rf,grassland_meadow_steppe,cropland
5,49,345,multiclass_rf,grassland_meadow_steppe,forest
5,50,62,multiclass_rf,grassland_meadow_steppe,scrub
6,1,469,multiclass_rf,wetland,cropland
6,2,6560,multiclass_rf,wetland,forest
6,3,681,multiclass_rf,wetland,forest
6,4,2558,multiclass_rf,wetland,wetland
6,5,966,multiclass_rf,wetland,grassland_meadow_steppe
6,6,68612,multiclass_rf,wetland,wetland
6,7,288,multiclass_rf,wetland,scrub
6,9,804,multiclass_rf,wetland,forest
6,11,1919,multiclass_rf,wetland,grassland_meadow_steppe
6,12,2055,multiclass_rf,wetland,cropland
6,13,142,multiclass_rf,wetland,grassland_meadow_steppe
6,14,50,multiclass_rf,wetland,forest
6,15,1023,multiclass_rf,wetland,grassland_meadow_steppe
6,16,8,multiclass_rf,wetland,grassland_meadow_steppe
6,18,66,multiclass_rf,wetland,scrub
6,19,4,multiclass_rf,wetland,no_vegetation
6,21,63,multiclass_rf,wetland,cropland
6,22,42,multiclass_rf,wetland,alpine_vegetation
6,23,248,multiclass_rf,wetland,desert
6,24,396,multiclass_rf,wetland,desert
6,25,77,multiclass_rf,wetland,desert
6,27,1610,multiclass_rf,wetland,cropland
6,29,21,multiclass_rf,wetland,desert
6,30,14,multiclass_rf,wetland,forest
6,31,94,multiclass_rf,wetland,grassland_meadow_steppe
6,32,7,multiclass_rf,wetland,desert
6,33,40,multiclass_rf,wetland,cropland
6,35,12,multiclass_rf,wetland,desert
6,37,382,multiclass_rf,wetland,forest
6,42,76,multiclass_rf,wetland,desert
6,43,85,multiclass_rf,wetland,wetland
6,45,6,multiclass_rf,wetland,scrub
6,47,181,multiclass_rf,wetland,cropland
6,49,106,multiclass_rf,wetland,forest
7,1,1501,multiclass_rf,scrub,cropland
7,2,2528,multiclass_rf,scrub,forest
7,3,12978,multiclass_rf,scrub,forest
7,4,2768,multiclass_rf,scrub,wetland
7,5,2133,multiclass_rf,scrub,grassland_meadow_steppe
7,6,2245,multiclass_rf,scrub,wetland
7,7,92009,multiclass_rf,scrub,scrub
7,9,4823,multiclass_rf,scrub,forest
7,10,476,multiclass_rf,scrub,forest
7,11,6340,multiclass_rf,scrub,grassland_meadow_steppe
7,12,7423,multiclass_rf,scrub,cropland
7,13,3793,multiclass_rf,scrub,grassland_meadow_steppe
7,14,7324,multiclass_rf,scrub,forest
7,15,2364,multiclass_rf,scrub,grassland_meadow_steppe
7,16,107,multiclass_rf,scrub,grassland_meadow_steppe
7,18,1163,multiclass_rf,scrub,scrub
7,19,605,multiclass_rf,scrub,no_vegetation
7,20,99,multiclass_rf,scrub,alpine_vegetation
7,21,669,multiclass_rf,scrub,cropland
7,22,244,multiclass_rf,scrub,alpine_vegetation
7,23,920,multiclass_rf,scrub,desert
7,24,1449,multiclass_rf,scrub,desert
7,25,3393,multiclass_rf,scrub,desert
7,26,1306,multiclass_rf,scrub,forest
7,27,3661,multiclass_rf,scrub,cropland
7,28,4637,multiclass_rf,scrub,forest
7,29,433,multiclass_rf,scrub,desert
7,30,38,multiclass_rf,scrub,forest
7,31,340,multiclass_rf,scrub,grassland_meadow_steppe
7,32,1814,multiclass_rf,scrub,desert
7,33,11173,multiclass_rf,scrub,cropland
7,34,522,multiclass_rf,scrub,forest
7,35,761,multiclass_rf,scrub,desert
7,36,3444,multiclass_rf,scrub,forest
7,37,2123,multiclass_rf,scrub,forest
7,38,26,multiclass_rf,scrub,desert
7,39,1619,multiclass_rf,scrub,forest
7,40,1000,multiclass_rf,scrub,grassland_meadow_steppe
7,41,28002,multiclass_rf,scrub,grassland_meadow_steppe
7,42,245,multiclass_rf,scrub,desert
7,43,70,multiclass_rf,scrub,wetland
7,44,554,multiclass_rf,scrub,scrub
7,45,178,multiclass_rf,scrub,scrub
7,46,268,multiclass_rf,scrub,scrub
7,47,620,multiclass_rf,scrub,cropland
7,49,510,multiclass_rf,scrub,forest
7,50,103,multiclass_rf,scrub,scrub
7,55,15,multiclass_rf,scrub,forest
9,1,2,multiclass_rf,forest,cropland
9,2,95,multiclass_rf,forest,forest
9,3,490,multiclass_rf,forest,forest
9,4,22,multiclass_rf,forest,wetland
9,5,49,multiclass_rf,forest,grassland_meadow_steppe
9,6,12,multiclass_rf,forest,wetland
9,7,61,multiclass_rf,forest,scrub
9,9,29528,multiclass_rf,forest,forest
9,11,58,multiclass_rf,forest,grassland_meadow_steppe
9,12,95,multiclass_rf,forest,cropland
9,14,18,multiclass_rf,forest,forest
9,17,1,multiclass_rf,forest,alpine_vegetation
9,27,3,multiclass_rf,forest,cropland
10,1,1976,multiclass_rf,forest,cropland
10,3,538,multiclass_rf,forest,forest
10,4,1,multiclass_rf,forest,wetland
10,5,72,multiclass_rf,forest,grassland_meadow_steppe
10,7,32,multiclass_rf,forest,scrub
10,9,253,multiclass_rf,forest,forest
10,10,72624,multiclass_rf,forest,forest
10,12,10,multiclass_rf,forest,cropland
10,13,7,multiclass_rf,forest,grassland_meadow_steppe
10,15,9,multiclass_rf,forest,grassland_meadow_steppe
10,16,787,multiclass_rf,forest,grassland_meadow_steppe
10,18,5160,multiclass_rf,forest,scrub
10,19,9,multiclass_rf,forest,no_vegetation
10,20,1440,multiclass_rf,forest,alpine_vegetation
10,25,1,multiclass_rf,forest,desert
10,26,675,multiclass_rf,forest,forest
10,28,824,multiclass_rf,forest,forest
10,30,262,multiclass_rf,forest,forest
10,31,28,multiclass_rf,forest,grassland_meadow_steppe
10,33,38,multiclass_rf,forest,cropland
10,34,7849,multiclass_rf,forest,forest
10,36,2483,multiclass_rf,forest,forest
10,37,23,multiclass_rf,forest,forest
10,39,23170,multiclass_rf,forest,forest
10,40,225,multiclass_rf,forest,grassland_meadow_steppe
10,41,9,multiclass_rf,forest,grassland_meadow_steppe
10,43,346,multiclass_rf,forest,wetland
10,44,118,multiclass_rf,forest,scrub
10,45,2865,multiclass_rf,forest,scrub
10,46,18441,multiclass_rf,forest,scrub
10,47,177,multiclass_rf,forest,cropland
10,49,4831,multiclass_rf,forest,forest
10,50,382,multiclass_rf,forest,scrub
10,52,28,multiclass_rf,forest,forest
10,53,20,multiclass_rf,forest,cropland
11,1,8,multiclass_rf,grassland_meadow_steppe,cropland
11,2,1482,multiclass_rf,grassland_meadow_steppe,forest
11,3,547,multiclass_rf,grassland_meadow_steppe,forest
11,4,3740,multiclass_rf,grassland_meadow_steppe,wetland
11,5,5401,multiclass_rf,grassland_meadow_steppe,grassland_meadow_steppe
11,6,2380,multiclass_rf,grassland_meadow_steppe,wetland
11,7,1990,multiclass_rf,grassland_meadow_steppe,scrub
11,9,58,multiclass_rf,grassland_meadow_steppe,forest
11,10,37,multiclass_rf,grassland_meadow_steppe,forest
11,11,106360,multiclass_rf,grassland_meadow_steppe,grassland_meadow_steppe
11,12,4925,multiclass_rf,grassland_meadow_steppe,cropland
11,13,5142,multiclass_rf,grassland_meadow_steppe,grassland_meadow_steppe
11,14,5535,multiclass_rf,grassland_meadow_steppe,forest
11,15,1002,multiclass_rf,grassland_meadow_steppe,grassland_meadow_steppe
11,16,221,multiclass_rf,grassland_meadow_steppe,grassland_meadow_steppe
11,17,64,multiclass_rf,grassland_meadow_steppe,alpine_vegetation
11,18,72,multiclass_rf,grassland_meadow_steppe,scrub
11,20,411,multiclass_rf,grassland_meadow_steppe,alpine_vegetation
11,22,87,multiclass_rf,grassland_meadow_steppe,alpine_vegetation
11,23,11,multiclass_rf,grassland_meadow_steppe,desert
11,24,267,multiclass_rf,grassland_meadow_steppe,desert
11,25,1318,multiclass_rf,grassland_meadow_steppe,desert
11,27,2113,multiclass_rf,grassland_meadow_steppe,cropland
11,28,32,multiclass_rf,grassland_meadow_steppe,forest
11,31,57,multiclass_rf,grassland_meadow_steppe,grassland_meadow_steppe
11,32,167,multiclass_rf,grassland_meadow_steppe,desert
11,33,2382,multiclass_rf,grassland_meadow_steppe,cropland
11,34,63,multiclass_rf,grassland_meadow_steppe,forest
11,36,61,multiclass_rf,grassland_meadow_steppe,forest
11,37,118,multiclass_rf,grassland_meadow_steppe,forest
11,40,2,multiclass_rf,grassland_meadow_steppe,grassland_meadow_steppe
11,41,669,multiclass_rf,grassland_meadow_steppe,grassland_meadow_steppe
11,42,86,multiclass_rf,grassland_meadow_steppe,desert
11,43,5,multiclass_rf,grassland_meadow_steppe,wetland
11,47,27,multiclass_rf,grassland_meadow_steppe,cropland
12,1,599,multiclass_rf,cropland,cropland
12,2,992,multiclass_rf,cropland,forest
12,3,16269,multiclass_rf,cropland,forest
12,4,10183,multiclass_rf,cropland,wetland
12,5,10487,multiclass_rf,cropland,grassland_meadow_steppe
12,6,12701,multiclass_rf,cropland,wetland
12,7,9715,multiclass_rf,cropland,scrub
12,9,8349,multiclass_rf,cropland,forest
12,11,15031,multiclass_rf,cropland,grassland_meadow_steppe
12,12,242828,multiclass_rf,cropland,cropland
12,13,12933,multiclass_rf,cropland,grassland_meadow_steppe
12,14,7645,multiclass_rf,cropland,forest
12,15,6125,multiclass_rf,cropland,grassland_meadow_steppe
12,19,45,multiclass_rf,cropland,no_vegetation
12,22,2668,multiclass_rf,cropland,alpine_vegetation
12,23,618,multiclass_rf,cropland,desert
12,24,1348,multiclass_rf,cropland,desert
12,25,2644,multiclass_rf,cropland,desert
12,26,23,multiclass_rf,cropland,forest
12,27,5455,multiclass_rf,cropland,cropland
12,29,160,multiclass_rf,cropland,desert
12,32,137,multiclass_rf,cropland,desert
12,33,3184,multiclass_rf,cropland,cropland
12,34,54,multiclass_rf,cropland,forest
12,36,52,multiclass_rf,cropland,forest
12,37,221,multiclass_rf,cropland,forest
12,38,32,multiclass_rf,cropland,desert
12,41,3301,multiclass_rf,cropland,grassland_meadow_steppe
13,1,5911,multiclass_rf,grassland_meadow_steppe,cropland
13,2,3116,multiclass_rf,grassland_meadow_steppe,forest
13,3,976,multiclass_rf,grassland_meadow_steppe,forest
13,4,17529,multiclass_rf,grassland_meadow_steppe,wetland
13,5,9345,multiclass_rf,grassland_meadow_steppe,grassland_meadow_steppe
13,6,1262,multiclass_rf,grassland_meadow_steppe,wetland
13,7,12227,multiclass_rf,grassland_meadow_steppe,scrub
13,9,134,multiclass_rf,grassland_meadow_steppe,forest
13,10,11,multiclass_rf,grassland_meadow_steppe,forest
13,11,37536,multiclass_rf,grassland_meadow_steppe,grassland_meadow_steppe
13,12,35395,multiclass_rf,grassland_meadow_steppe,cropland
13,13,329246,multiclass_rf,grassland_meadow_steppe,grassland_meadow_steppe
13,14,24604,multiclass_rf,grassland_meadow_steppe,forest
13,15,11989,multiclass_rf,grassland_meadow_steppe,grassland_meadow_steppe
13,16,3840,multiclass_rf,grassland_meadow_steppe,grassland_meadow_steppe
13,17,141,multiclass_rf,grassland_meadow_steppe,alpine_vegetation
13,18,10488,multiclass_rf,grassland_meadow_steppe,scrub
13,19,10,multiclass_rf,grassland_meadow_steppe,no_vegetation
13,20,1441,multiclass_rf,grassland_meadow_steppe,alpine_vegetation
13,22,3551,multiclass_rf,grassland_meadow_steppe,alpine_vegetation
13,23,272,multiclass_rf,grassland_meadow_steppe,desert
13,24,6023,multiclass_rf,grassland_meadow_steppe,desert
13,25,50808,multiclass_rf,grassland_meadow_steppe,desert
13,27,1021,multiclass_rf,grassland_meadow_steppe,cropland
13,28,247,multiclass_rf,grassland_meadow_steppe,forest
13,29,59,multiclass_rf,grassland_meadow_steppe,desert
13,31,2134,multiclass_rf,grassland_meadow_steppe,grassland_meadow_steppe
13,32,6692,multiclass_rf,grassland_meadow_steppe,desert
13,33,33874,multiclass_rf,grassland_meadow_steppe,cropland
13,35,3924,multiclass_rf,grassland_meadow_steppe,desert
13,36,93,multiclass_rf,grassland_meadow_steppe,forest
13,37,682,multiclass_rf,grassland_meadow_steppe,forest
13,38,28,multiclass_rf,grassland_meadow_steppe,desert
13,39,3,multiclass_rf,grassland_meadow_steppe,forest
13,41,1757,multiclass_rf,grassland_meadow_steppe,grassland_meadow_steppe
13,42,1675,multiclass_rf,grassland_meadow_steppe,desert
13,43,116,multiclass_rf,grassland_meadow_steppe,wetland
13,45,310,multiclass_rf,grassland_meadow_steppe,scrub
13,46,15,multiclass_rf,grassland_meadow_steppe,scrub
14,1,7,multiclass_rf,forest,cropland
14,2,14,multiclass_rf,forest,forest
14,4,136,multiclass_rf,forest,wetland
14,5,64,multiclass_rf,forest,grassland_meadow_steppe
14,6,1,multiclass_rf,forest,wetland
14,7,76,multiclass_rf,forest,scrub
14,9,1,multiclass_rf,forest,forest
14,11,368,multiclass_rf,forest,grassland_meadow_steppe
14,12,112,multiclass_rf,forest,cropland
14,13,57,multiclass_rf,forest,grassland_meadow_steppe
14,14,30784,multiclass_rf,forest,forest
14,15,245,multiclass_rf,forest,grassland_meadow_steppe
14,19,104,multiclass_rf,forest,no_vegetation
14,23,248,multiclass_rf,forest,desert
14,24,210,multiclass_rf,forest,desert
14,25,20,multiclass_rf,forest,desert
14,27,45,multiclass_rf,forest,cropland
14,29,2,multiclass_rf,forest,desert
14,32,106,multiclass_rf,forest,desert
14,33,33,multiclass_rf,forest,cropland
14,35,11,multiclass_rf,forest,desert
14,37,7,multiclass_rf,forest,forest
14,38,14,multiclass_rf,forest,desert
15,2,15,multiclass_rf,grassland_meadow_steppe,forest
15,3,132,multiclass_rf,grassland_meadow_steppe,forest
15,4,2882,multiclass_rf,grassland_meadow_steppe,wetland
15,5,1333,multiclass_rf,grassland_meadow_steppe,grassland_meadow_steppe
15,6,1970,multiclass_rf,grassland_meadow_steppe,wetland
15,7,1305,multiclass_rf,grassland_meadow_steppe,scrub
15,9,256,multiclass_rf,grassland_meadow_steppe,forest
15,11,6424,multiclass_rf,grassland_meadow_steppe,grassland_meadow_steppe
15,12,6647,multiclass_rf,grassland_meadow_steppe,cropland
15,13,12190,multiclass_rf,grassland_meadow_steppe,grassland_meadow_steppe
15,14,10503,multiclass_rf,grassland_meadow_steppe,forest
15,15,136801,multiclass_rf,grassland_meadow_steppe,grassland_meadow_steppe
15,18,86,multiclass_rf,grassland_meadow_steppe,scrub
15,19,6315,multiclass_rf,grassland_meadow_steppe,no_vegetation
15,20,7,multiclass_rf,grassland_meadow_steppe,alpine_vegetation
15,21,9,multiclass_rf,grassland_meadow_steppe,cropland
15,22,40,multiclass_rf,grassland_meadow_steppe,alpine_vegetation
15,23,9421,multiclass_rf,grassland_meadow_steppe,desert
15,24,4332,multiclass_rf,grassland_meadow_steppe,desert
15,25,6803,multiclass_rf,grassland_meadow_steppe,desert
15,26,8,multiclass_rf,grassland_meadow_steppe,forest
15,27,4663,multiclass_rf,grassland_meadow_steppe,cropland
15,28,172,multiclass_rf,grassland_meadow_steppe,forest
15,29,4098,multiclass_rf,grassland_meadow_steppe,desert
15,30,3,multiclass_rf,grassland_meadow_steppe,forest
15,31,86,multiclass_rf,grassland_meadow_steppe,grassland_meadow_steppe
15,32,7470,multiclass_rf,grassland_meadow_steppe,desert
15,33,3435,multiclass_rf,grassland_meadow_steppe,cropland
15,34,33,multiclass_rf,grassland_meadow_steppe,forest
15,35,476,multiclass_rf,grassland_meadow_steppe,desert
15,37,120,multiclass_rf,grassland_meadow_steppe,forest
15,38,2650,multiclass_rf,grassland_meadow_steppe,desert
15,41,74,multiclass_rf,grassland_meadow_steppe,grassland_meadow_steppe
15,42,480,multiclass_rf,grassland_meadow_steppe,desert
15,43,113,multiclass_rf,grassland_meadow_steppe,wetland
15,45,37,multiclass_rf,grassland_meadow_steppe,scrub
15,53,9,multiclass_rf,grassland_meadow_steppe,cropland
16,1,3106,multiclass_rf,grassland_meadow_steppe,cropland
16,2,4092,multiclass_rf,grassland_meadow_steppe,forest
16,3,12,multiclass_rf,grassland_meadow_steppe,forest
16,4,3184,multiclass_rf,grassland_meadow_steppe,wetland
16,5,7798,multiclass_rf,grassland_meadow_steppe,grassland_meadow_steppe
16,6,399,multiclass_rf,grassland_meadow_steppe,wetland
16,7,66,multiclass_rf,grassland_meadow_steppe,scrub
16,10,9850,multiclass_rf,grassland_meadow_steppe,forest
16,11,189,multiclass_rf,grassland_meadow_steppe,grassland_meadow_steppe
16,13,1904,multiclass_rf,grassland_meadow_steppe,grassland_meadow_steppe
16,14,4,multiclass_rf,grassland_meadow_steppe,forest
16,15,460,multiclass_rf,grassland_meadow_steppe,grassland_meadow_steppe
16,16,403718,multiclass_rf,grassland_meadow_steppe,grassland_meadow_steppe
16,17,4635,multiclass_rf,grassland_meadow_steppe,alpine_vegetation
16,18,118026,multiclass_rf,grassland_meadow_steppe,scrub
16,19,256,multiclass_rf,grassland_meadow_steppe,no_vegetation
16,20,93020,multiclass_rf,grassland_meadow_steppe,alpine_vegetation
16,21,5,multiclass_rf,grassland_meadow_steppe,cropland
16,22,45990,multiclass_rf,grassland_meadow_steppe,alpine_vegetation
16,23,157,multiclass_rf,grassland_meadow_steppe,desert
16,24,327,multiclass_rf,grassland_meadow_steppe,desert
16,25,4333,multiclass_rf,grassland_meadow_steppe,desert
16,26,133,multiclass_rf,grassland_meadow_steppe,forest
16,28,255,multiclass_rf,grassland_meadow_steppe,forest
16,29,45,multiclass_rf,grassland_meadow_steppe,desert
16,30,41,multiclass_rf,grassland_meadow_steppe,forest
16,31,58991,multiclass_rf,grassland_meadow_steppe,grassland_meadow_steppe
16,32,437,multiclass_rf,grassland_meadow_steppe,desert
16,33,128,multiclass_rf,grassland_meadow_steppe,cropland
16,34,805,multiclass_rf,grassland_meadow_steppe,forest
16,36,614,multiclass_rf,grassland_meadow_steppe,forest
16,37,1,multiclass_rf,grassland_meadow_steppe,forest
16,39,5993,multiclass_rf,grassland_meadow_steppe,forest
16,40,134,multiclass_rf,grassland_meadow_steppe,grassland_meadow_steppe
16,42,9371,multiclass_rf,grassland_meadow_steppe,desert
16,43,22789,multiclass_rf,grassland_meadow_steppe,wetland
16,44,80,multiclass_rf,grassland_meadow_steppe,scrub
16,45,58119,multiclass_rf,grassland_meadow_steppe,scrub
16,46,51144,multiclass_rf,grassland_meadow_steppe,scrub
16,47,23,multiclass_rf,grassland_meadow_steppe,cropland
16,49,78,multiclass_rf,grassland_meadow_steppe,forest
16,50,118,multiclass_rf,grassland_meadow_steppe,scrub
17,17,1569,multiclass_rf,alpine_vegetation,alpine_vegetation
18,1,2261,multiclass_rf,scrub,cropland
18,2,739,multiclass_rf,scrub,forest
18,3,31,multiclass_rf,scrub,forest
18,4,228,multiclass_rf,scrub,wetland
18,5,929,multiclass_rf,scrub,grassland_meadow_steppe
18,6,2,multiclass_rf,scrub,wetland
18,7,55,multiclass_rf,scrub,scrub
18,10,4691,multiclass_rf,scrub,forest
18,11,332,multiclass_rf,scrub,grassland_meadow_steppe
18,13,463,multiclass_rf,scrub,grassland_meadow_steppe
18,16,9541,multiclass_rf,scrub,grassland_meadow_steppe
18,17,140,multiclass_rf,scrub,alpine_vegetation
18,18,63391,multiclass_rf,scrub,scrub
18,20,1052,multiclass_rf,scrub,alpine_vegetation
18,22,894,multiclass_rf,scrub,alpine_vegetation
18,23,106,multiclass_rf,scrub,desert
18,24,139,multiclass_rf,scrub,desert
18,25,1303,multiclass_rf,scrub,desert
18,26,133,multiclass_rf,scrub,forest
18,28,477,multiclass_rf,scrub,forest
18,31,1942,multiclass_rf,scrub,grassland_meadow_steppe
18,32,301,multiclass_rf,scrub,desert
18,33,71,multiclass_rf,scrub,cropland
18,34,1136,multiclass_rf,scrub,forest
18,35,2,multiclass_rf,scrub,desert
18,36,620,multiclass_rf,scrub,forest
18,37,20,multiclass_rf,scrub,forest
18,39,5862,multiclass_rf,scrub,forest
18,41,12,multiclass_rf,scrub,grassland_meadow_steppe
18,42,1326,multiclass_rf,scrub,desert
18,43,1209,multiclass_rf,scrub,wetland
18,44,19,multiclass_rf,scrub,scrub
18,45,5025,multiclass_rf,scrub,scrub
18,46,8379,multiclass_rf,scrub,scrub
18,47,9,multiclass_rf,scrub,cropland
18,49,6,multiclass_rf,scrub,forest
18,50,116,multiclass_rf,scrub,scrub
19,1,24,multiclass_rf,no_vegetation,cropland
19,2,12,multiclass_rf,no_vegetation,forest
19,3,14,multiclass_rf,no_vegetation,forest
19,4,32,multiclass_rf,no_vegetation,wetland
19,5,25,multiclass_rf,no_vegetation,grassland_meadow_steppe
19,6,110,multiclass_rf,no_vegetation,wetland
19,7,129,multiclass_rf,no_vegetation,scrub
19,10,645,multiclass_rf,no_vegetation,forest
19,12,4,multiclass_rf,no_vegetation,cropland
19,13,123,multiclass_rf,no_vegetation,grassland_meadow_steppe
19,14,7579,multiclass_rf,no_vegetation,forest
19,15,13484,multiclass_rf,no_vegetation,grassland_meadow_steppe
19,16,2038,multiclass_rf,no_vegetation,grassland_meadow_steppe
19,17,9,multiclass_rf,no_vegetation,alpine_vegetation
19,18,439,multiclass_rf,no_vegetation,scrub
19,19,530929,multiclass_rf,no_vegetation,no_vegetation
19,20,33414,multiclass_rf,no_vegetation,alpine_vegetation
19,22,6118,multiclass_rf,no_vegetation,alpine_vegetation
19,23,34792,multiclass_rf,no_vegetation,desert
19,24,12115,multiclass_rf,no_vegetation,desert
19,25,1039,multiclass_rf,no_vegetation,desert
19,26,4,multiclass_rf,no_vegetation,forest
19,27,566,multiclass_rf,no_vegetation,cropland
19,28,75,multiclass_rf,no_vegetation,forest
19,29,5562,multiclass_rf,no_vegetation,desert
19,31,5480,multiclass_rf,no_vegetation,grassland_meadow_steppe
19,32,4957,multiclass_rf,no_vegetation,desert
19,33,72,multiclass_rf,no_vegetation,cropland
19,34,1,multiclass_rf,no_vegetation,forest
19,35,711,multiclass_rf,no_vegetation,desert
19,37,25,multiclass_rf,no_vegetation,forest
19,38,22059,multiclass_rf,no_vegetation,desert
19,39,10,multiclass_rf,no_vegetation,forest
19,41,8,multiclass_rf,no_vegetation,grassland_meadow_steppe
19,42,4197,multiclass_rf,no_vegetation,desert
19,43,417,multiclass_rf,no_vegetation,wetland
19,45,2533,multiclass_rf,no_vegetation,scrub
19,46,479,multiclass_rf,no_vegetation,scrub
20,1,305,multiclass_rf,alpine_vegetation,cropland
20,2,264,multiclass_rf,alpine_vegetation,forest
20,4,324,multiclass_rf,alpine_vegetation,wetland
20,5,627,multiclass_rf,alpine_vegetation,grassland_meadow_steppe
20,6,10,multiclass_rf,alpine_vegetation,wetland
20,7,97,multiclass_rf,alpine_vegetation,scrub
20,10,3332,multiclass_rf,alpine_vegetation,forest
20,11,13,multiclass_rf,alpine_vegetation,grassland_meadow_steppe
20,13,214,multiclass_rf,alpine_vegetation,grassland_meadow_steppe
20,16,34443,multiclass_rf,alpine_vegetation,grassland_meadow_steppe
20,17,560,multiclass_rf,alpine_vegetation,alpine_vegetation
20,18,3868,multiclass_rf,alpine_vegetation,scrub
20,19,704,multiclass_rf,alpine_vegetation,no_vegetation
20,20,227957,multiclass_rf,alpine_vegetation,alpine_vegetation
20,22,20269,multiclass_rf,alpine_vegetation,alpine_vegetation
20,23,76,multiclass_rf,alpine_vegetation,desert
20,24,440,multiclass_rf,alpine_vegetation,desert
20,25,1138,multiclass_rf,alpine_vegetation,desert
20,28,18,multiclass_rf,alpine_vegetation,forest
20,29,1,multiclass_rf,alpine_vegetation,desert
20,31,16743,multiclass_rf,alpine_vegetation,grassland_meadow_steppe
20,32,175,multiclass_rf,alpine_vegetation,desert
20,34,39,multiclass_rf,alpine_vegetation,forest
20,39,448,multiclass_rf,alpine_vegetation,forest
20,42,42513,multiclass_rf,alpine_vegetation,desert
20,43,1295,multiclass_rf,alpine_vegetation,wetland
20,44,3,multiclass_rf,alpine_vegetation,scrub
20,45,14064,multiclass_rf,alpine_vegetation,scrub
20,46,8707,multiclass_rf,alpine_vegetation,scrub
20,49,6,multiclass_rf,alpine_vegetation,forest
21,1,386,multiclass_rf,cropland,cropland
21,2,29,multiclass_rf,cropland,forest
21,3,49,multiclass_rf,cropland,forest
21,4,353,multiclass_rf,cropland,wetland
21,5,464,multiclass_rf,cropland,grassland_meadow_steppe
21,6,1230,multiclass_rf,cropland,wetland
21,7,327,multiclass_rf,cropland,scrub
21,9,381,multiclass_rf,cropland,forest
21,10,65,multiclass_rf,cropland,forest
21,18,25,multiclass_rf,cropland,scrub
21,21,366619,multiclass_rf,cropland,cropland
21,26,27559,multiclass_rf,cropland,forest
21,28,4894,multiclass_rf,cropland,forest
21,30,42138,multiclass_rf,cropland,forest
21,34,1049,multiclass_rf,cropland,forest
21,36,21776,multiclass_rf,cropland,forest
21,37,710,multiclass_rf,cropland,forest
21,39,713,multiclass_rf,cropland,forest
21,40,38043,multiclass_rf,cropland,grassland_meadow_steppe
21,41,1233,multiclass_rf,cropland,grassland_meadow_steppe
21,44,24650,multiclass_rf,cropland,scrub
21,45,30,multiclass_rf,cropland,scrub
21,46,119,multiclass_rf,cropland,scrub
21,47,11360,multiclass_rf,cropland,cropland
21,48,7962,multiclass_rf,cropland,wetland
21,49,15835,multiclass_rf,cropland,forest
21,50,1202,multiclass_rf,cropland,scrub
21,52,2774,multiclass_rf,cropland,forest
21,53,23062,multiclass_rf,cropland,cropland
21,54,444,multiclass_rf,cropland,wetland
21,55,2637,multiclass_rf,cropland,forest
22,1,2,multiclass_rf,alpine_vegetation,cropland
22,2,30,multiclass_rf,alpine_vegetation,forest
22,3,44,multiclass_rf,alpine_vegetation,forest
22,4,50,multiclass_rf,alpine_vegetation,wetland
22,5,113,multiclass_rf,alpine_vegetation,grassland_meadow_steppe
22,6,59,multiclass_rf,alpine_vegetation,wetland
22,7,3,multiclass_rf,alpine_vegetation,scrub
22,11,4,multiclass_rf,alpine_vegetation,grassland_meadow_steppe
22,12,13,multiclass_rf,alpine_vegetation,cropland
22,13,13,multiclass_rf,alpine_vegetation,grassland_meadow_steppe
22,16,956,multiclass_rf,alpine_vegetation,grassland_meadow_steppe
22,17,5,multiclass_rf,alpine_vegetation,alpine_vegetation
22,18,147,multiclass_rf,alpine_vegetation,scrub
22,19,1,multiclass_rf,alpine_vegetation,no_vegetation
22,20,907,multiclass_rf,alpine_vegetation,alpine_vegetation
22,22,37728,multiclass_rf,alpine_vegetation,alpine_vegetation
22,24,46,multiclass_rf,alpine_vegetation,desert
22,25,252,multiclass_rf,alpine_vegetation,desert
22,31,367,multiclass_rf,alpine_vegetation,grassland_meadow_steppe
22,32,35,multiclass_rf,alpine_vegetation,desert
22,35,1,multiclass_rf,alpine_vegetation,desert
22,42,986,multiclass_rf,alpine_vegetation,desert
22,43,45,multiclass_rf,alpine_vegetation,wetland
22,45,112,multiclass_rf,alpine_vegetation,scrub
22,46,6,multiclass_rf,alpine_vegetation,scrub
22,55,25,multiclass_rf,alpine_vegetation,forest
23,2,3,multiclass_rf,desert,forest
23,4,320,multiclass_rf,desert,wetland
23,5,10,multiclass_rf,desert,grassland_meadow_steppe
23,6,180,multiclass_rf,desert,wetland
23,7,671,multiclass_rf,desert,scrub
23,11,25,multiclass_rf,desert,grassland_meadow_steppe
23,12,70,multiclass_rf,desert,cropland
23,13,361,multiclass_rf,desert,grassland_meadow_steppe
23,14,8109,multiclass_rf,desert,forest
23,15,14833,multiclass_rf,desert,grassland_meadow_steppe
23,16,79,multiclass_rf,desert,grassland_meadow_steppe
23,17,7,multiclass_rf,desert,alpine_vegetation
23,18,1155,multiclass_rf,desert,scrub
23,19,15378,multiclass_rf,desert,no_vegetation
23,20,356,multiclass_rf,desert,alpine_vegetation
23,22,137,multiclass_rf,desert,alpine_vegetation
23,23,197049,multiclass_rf,desert,desert
23,24,28351,multiclass_rf,desert,desert
23,25,2561,multiclass_rf,desert,desert
23,26,45,multiclass_rf,desert,forest
23,27,244,multiclass_rf,desert,cropland
23,28,386,multiclass_rf,desert,forest
23,29,16226,multiclass_rf,desert,desert
23,31,816,multiclass_rf,desert,grassland_meadow_steppe
23,32,12554,multiclass_rf,desert,desert
23,33,1297,multiclass_rf,desert,cropland
23,35,16910,multiclass_rf,desert,desert
23,37,3,multiclass_rf,desert,forest
23,38,7759,multiclass_rf,desert,desert
23,39,71,multiclass_rf,desert,forest
23,40,11,multiclass_rf,desert,grassland_meadow_steppe
23,41,32,multiclass_rf,desert,grassland_meadow_steppe
23,42,400,multiclass_rf,desert,desert
23,43,132,multiclass_rf,desert,wetland
23,44,29,multiclass_rf,desert,scrub
23,45,130,multiclass_rf,desert,scrub
23,49,25,multiclass_rf,desert,forest
23,52,14,multiclass_rf,desert,forest
23,53,1,multiclass_rf,desert,cropland
24,1,840,multiclass_rf,desert,cropland
24,2,105,multiclass_rf,desert,forest
24,3,120,multiclass_rf,desert,forest
24,4,187,multiclass_rf,desert,wetland
24,5,1385,multiclass_rf,desert,grassland_meadow_steppe
24,6,2229,multiclass_rf,desert,wetland
24,7,1839,multiclass_rf,desert,scrub
24,11,244,multiclass_rf,desert,grassland_meadow_steppe
24,12,2278,multiclass_rf,desert,cropland
24,13,4082,multiclass_rf,desert,grassland_meadow_steppe
24,14,3803,multiclass_rf,desert,forest
24,15,7777,multiclass_rf,desert,grassland_meadow_steppe
24,16,306,multiclass_rf,desert,grassland_meadow_steppe
24,18,1982,multiclass_rf,desert,scrub
24,19,10235,multiclass_rf,desert,no_vegetation
24,20,1390,multiclass_rf,desert,alpine_vegetation
24,22,1067,multiclass_rf,desert,alpine_vegetation
24,23,77923,multiclass_rf,desert,desert
24,24,441318,multiclass_rf,desert,desert
24,25,61241,multiclass_rf,desert,desert
24,26,25,multiclass_rf,desert,forest
24,27,1821,multiclass_rf,desert,cropland
24,28,153,multiclass_rf,desert,forest
24,29,70461,multiclass_rf,desert,desert
24,31,1476,multiclass_rf,desert,grassland_meadow_steppe
24,32,56389,multiclass_rf,desert,desert
24,33,6816,multiclass_rf,desert,cropland
24,35,59432,multiclass_rf,desert,desert
24,38,11926,multiclass_rf,desert,desert
24,39,82,multiclass_rf,desert,forest
24,42,13041,multiclass_rf,desert,desert
24,43,2099,multiclass_rf,desert,wetland
24,45,997,multiclass_rf,desert,scrub
24,47,7,multiclass_rf,desert,cropland
25,1,1390,multiclass_rf,desert,cropland
25,2,346,multiclass_rf,desert,forest
25,4,363,multiclass_rf,desert,wetland
25,5,384,multiclass_rf,desert,grassland_meadow_steppe
25,6,296,multiclass_rf,desert,wetland
25,7,537,multiclass_rf,desert,scrub
25,11,986,multiclass_rf,desert,grassland_meadow_steppe
25,12,954,multiclass_rf,desert,cropland
25,13,6408,multiclass_rf,desert,grassland_meadow_steppe
25,14,80,multiclass_rf,desert,forest
25,15,1046,multiclass_rf,desert,grassland_meadow_steppe
25,16,1476,multiclass_rf,desert,grassland_meadow_steppe
25,18,1472,multiclass_rf,desert,scrub
25,19,4,multiclass_rf,desert,no_vegetation
25,20,1739,multiclass_rf,desert,alpine_vegetation
25,22,1525,multiclass_rf,desert,alpine_vegetation
25,23,807,multiclass_rf,desert,desert
25,24,7556,multiclass_rf,desert,desert
25,25,179533,multiclass_rf,desert,desert
25,27,47,multiclass_rf,desert,cropland
25,28,36,multiclass_rf,desert,forest
25,29,1397,multiclass_rf,desert,desert
25,31,3621,multiclass_rf,desert,grassland_meadow_steppe
25,32,8793,multiclass_rf,desert,desert
25,33,1864,multiclass_rf,desert,cropland
25,35,6319,multiclass_rf,desert,desert
25,37,56,multiclass_rf,desert,forest
25,38,31,multiclass_rf,desert,desert
25,42,6676,multiclass_rf,desert,desert
25,43,1083,multiclass_rf,desert,wetland
25,45,373,multiclass_rf,desert,scrub
25,46,3,multiclass_rf,desert,scrub
26,1,6,multiclass_rf,forest,cropland
26,3,34,multiclass_rf,forest,forest
26,5,35,multiclass_rf,forest,grassland_meadow_steppe
26,6,1,multiclass_rf,forest,wetland
26,7,20,multiclass_rf,forest,scrub
26,10,153,multiclass_rf,forest,forest
26,12,2,multiclass_rf,forest,cropland
26,15,11,multiclass_rf,forest,grassland_meadow_steppe
26,18,15,multiclass_rf,forest,scrub
26,21,572,multiclass_rf,forest,cropland
26,23,12,multiclass_rf,forest,desert
26,26,32038,multiclass_rf,forest,forest
26,27,9,multiclass_rf,forest,cropland
26,28,202,multiclass_rf,forest,forest
26,30,1640,multiclass_rf,forest,forest
26,32,2,multiclass_rf,forest,desert
26,33,6,multiclass_rf,forest,cropland
26,34,1007,multiclass_rf,forest,forest
26,36,2193,multiclass_rf,forest,forest
26,39,191,multiclass_rf,forest,forest
26,40,505,multiclass_rf,forest,grassland_meadow_steppe
26,41,112,multiclass_rf,forest,grassland_meadow_steppe
26,44,230,multiclass_rf,forest,scrub
26,46,21,multiclass_rf,forest,scrub
26,47,189,multiclass_rf,forest,cropland
26,48,28,multiclass_rf,forest,wetland
26,49,982,multiclass_rf,forest,forest
26,50,50,multiclass_rf,forest,scrub
26,52,192,multiclass_rf,forest,forest
26,53,418,multiclass_rf,forest,cropland
26,55,7,multiclass_rf,forest,forest
27,2,1476,multiclass_rf,cropland,forest
27,3,15015,multiclass_rf,cropland,forest
27,4,5421,multiclass_rf,cropland,wetland
27,5,3944,multiclass_rf,cropland,grassland_meadow_steppe
27,6,3629,multiclass_rf,cropland,wetland
27,7,23550,multiclass_rf,cropland,scrub
27,9,813,multiclass_rf,cropland,forest
27,11,15484,multiclass_rf,cropland,grassland_meadow_steppe
27,12,5059,multiclass_rf,cropland,cropland
27,13,1702,multiclass_rf,cropland,grassland_meadow_steppe
27,14,12661,multiclass_rf,cropland,forest
27,15,26768,multiclass_rf,cropland,grassland_meadow_steppe
27,19,1396,multiclass_rf,cropland,no_vegetation
27,21,29,multiclass_rf,cropland,cropland
27,23,3424,multiclass_rf,cropland,desert
27,24,3137,multiclass_rf,cropland,desert
27,25,1034,multiclass_rf,cropland,desert
27,26,607,multiclass_rf,cropland,forest
27,27,600017,multiclass_rf,cropland,cropland
27,28,14677,multiclass_rf,cropland,forest
27,29,32,multiclass_rf,cropland,desert
27,30,12,multiclass_rf,cropland,forest
27,32,3230,multiclass_rf,cropland,desert
27,33,14250,multiclass_rf,cropland,cropland
27,34,451,multiclass_rf,cropland,forest
27,35,243,multiclass_rf,cropland,desert
27,36,1735,multiclass_rf,cropland,forest
27,37,54140,multiclass_rf,cropland,forest
27,38,2566,multiclass_rf,cropland,desert
27,39,94,multiclass_rf,cropland,forest
27,40,180,multiclass_rf,cropland,grassland_meadow_steppe
27,41,30228,multiclass_rf,cropland,grassland_meadow_steppe
27,44,208,multiclass_rf,cropland,scrub
27,47,9607,multiclass_rf,cropland,cropland
27,48,378,multiclass_rf,cropland,wetland
27,49,4,multiclass_rf,cropland,forest
28,1,599,multiclass_rf,forest,cropland
28,2,12,multiclass_rf,forest,forest
28,3,110,multiclass_rf,forest,forest
28,5,112,multiclass_rf,forest,grassland_meadow_steppe
28,7,100,multiclass_rf,forest,scrub
28,10,787,multiclass_rf,forest,forest
28,11,1,multiclass_rf,forest,grassland_meadow_steppe
28,13,24,multiclass_rf,forest,grassland_meadow_steppe
28,14,3,multiclass_rf,forest,forest
28,15,42,multiclass_rf,forest,grassland_meadow_steppe
28,16,4,multiclass_rf,forest,grassland_meadow_steppe
28,18,368,multiclass_rf,forest,scrub
28,19,19,multiclass_rf,forest,no_vegetation
28,20,27,multiclass_rf,forest,alpine_vegetation
28,21,198,multiclass_rf,forest,cropland
28,23,18,multiclass_rf,forest,desert
28,24,3,multiclass_rf,forest,desert
28,25,1,multiclass_rf,forest,desert
28,26,1008,multiclass_rf,forest,forest
28,27,294,multiclass_rf,forest,cropland
28,28,31369,multiclass_rf,forest,forest
28,30,717,multiclass_rf,forest,forest
28,31,3,multiclass_rf,forest,grassland_meadow_steppe
28,33,231,multiclass_rf,forest,cropland
28,34,461,multiclass_rf,forest,forest
28,36,2828,multiclass_rf,forest,forest
28,37,19,multiclass_rf,forest,forest
28,39,1479,multiclass_rf,forest,forest
28,40,451,multiclass_rf,forest,grassland_meadow_steppe
28,41,122,multiclass_rf,forest,grassland_meadow_steppe
28,43,1,multiclass_rf,forest,wetland
28,44,1278,multiclass_rf,forest,scrub
28,45,320,multiclass_rf,forest,scrub
28,46,432,multiclass_rf,forest,scrub
28,47,1392,multiclass_rf,forest,cropland
28,48,2,multiclass_rf,forest,wetland
28,49,231,multiclass_rf,forest,forest
28,50,611,multiclass_rf,forest,scrub
28,53,5,multiclass_rf,forest,cropland
28,55,360,multiclass_rf,forest,forest
29,6,23,multiclass_rf,desert,wetland
29,7,52,multiclass_rf,desert,scrub
29,14,85,multiclass_rf,desert,forest
29,15,715,multiclass_rf,desert,grassland_meadow_steppe
29,18,1,multiclass_rf,desert,scrub
29,19,751,multiclass_rf,desert,no_vegetation
29,20,23,multiclass_rf,desert,alpine_vegetation
29,22,35,multiclass_rf,desert,alpine_vegetation
29,23,4818,multiclass_rf,desert,desert
29,24,6511,multiclass_rf,desert,desert
29,25,862,multiclass_rf,desert,desert
29,27,46,multiclass_rf,desert,cropland
29,29,144994,multiclass_rf,desert,desert
29,31,15,multiclass_rf,desert,grassland_meadow_steppe
29,32,1334,multiclass_rf,desert,desert
29,33,373,multiclass_rf,desert,cropland
29,35,2115,multiclass_rf,desert,desert
29,38,1250,multiclass_rf,desert,desert
29,40,17,multiclass_rf,desert,grassland_meadow_steppe
29,45,196,multiclass_rf,desert,scrub
29,47,1,multiclass_rf,desert,cropland
30,1,252,multiclass_rf,forest,cropland
30,3,5103,multiclass_rf,forest,forest
30,5,3169,multiclass_rf,forest,grassland_meadow_steppe
30,6,477,multiclass_rf,forest,wetland
30,7,1157,multiclass_rf,forest,scrub
30,10,2914,multiclass_rf,forest,forest
30,11,9,multiclass_rf,forest,grassland_meadow_steppe
30,13,2,multiclass_rf,forest,grassland_meadow_steppe
30,18,61,multiclass_rf,forest,scrub
30,21,53064,multiclass_rf,forest,cropland
30,26,71560,multiclass_rf,forest,forest
30,27,227,multiclass_rf,forest,cropland
30,28,15516,multiclass_rf,forest,forest
30,30,194343,multiclass_rf,forest,forest
30,33,591,multiclass_rf,forest,cropland
30,34,2057,multiclass_rf,forest,forest
30,36,31439,multiclass_rf,forest,forest
30,37,784,multiclass_rf,forest,forest
30,39,10068,multiclass_rf,forest,forest
30,40,47182,multiclass_rf,forest,grassland_meadow_steppe
30,41,5391,multiclass_rf,forest,grassland_meadow_steppe
30,44,37471,multiclass_rf,forest,scrub
30,45,2127,multiclass_rf,forest,scrub
30,46,1093,multiclass_rf,forest,scrub
30,47,49474,multiclass_rf,forest,cropland
30,48,2342,multiclass_rf,forest,wetland
30,49,27924,multiclass_rf,forest,forest
30,50,2807,multiclass_rf,forest,scrub
30,52,386,multiclass_rf,forest,forest
30,53,4589,multiclass_rf,forest,cropland
30,54,1247,multiclass_rf,forest,wetland
30,55,1409,multiclass_rf,forest,forest
31,1,3341,multiclass_rf,grassland_meadow_steppe,cropland
31,2,403,multiclass_rf,grassland_meadow_steppe,forest
31,4,10,multiclass_rf,grassland_meadow_steppe,wetland
31,5,92,multiclass_rf,grassland_meadow_steppe,grassland_meadow_steppe
31,6,1611,multiclass_rf,grassland_meadow_steppe,wetland
31,7,223,multiclass_rf,grassland_meadow_steppe,scrub
31,11,18,multiclass_rf,grassland_meadow_steppe,grassland_meadow_steppe
31,13,2658,multiclass_rf,grassland_meadow_steppe,grassland_meadow_steppe
31,14,118,multiclass_rf,grassland_meadow_steppe,forest
31,15,213,multiclass_rf,grassland_meadow_steppe,grassland_meadow_steppe
31,16,37198,multiclass_rf,grassland_meadow_steppe,grassland_meadow_steppe
31,18,14660,multiclass_rf,grassland_meadow_steppe,scrub
31,19,1157,multiclass_rf,grassland_meadow_steppe,no_vegetation
31,20,53579,multiclass_rf,grassland_meadow_steppe,alpine_vegetation
31,22,41483,multiclass_rf,grassland_meadow_steppe,alpine_vegetation
31,23,159,multiclass_rf,grassland_meadow_steppe,desert
31,24,3190,multiclass_rf,grassland_meadow_steppe,desert
31,25,32713,multiclass_rf,grassland_meadow_steppe,desert
31,27,13,multiclass_rf,grassland_meadow_steppe,cropland
31,29,7,multiclass_rf,grassland_meadow_steppe,desert
31,31,518859,multiclass_rf,grassland_meadow_steppe,grassland_meadow_steppe
31,32,2726,multiclass_rf,grassland_meadow_steppe,desert
31,33,101,multiclass_rf,grassland_meadow_steppe,cropland
31,35,485,multiclass_rf,grassland_meadow_steppe,desert
31,36,48,multiclass_rf,grassland_meadow_steppe,forest
31,42,112080,multiclass_rf,grassland_meadow_steppe,desert
31,43,1036,multiclass_rf,grassland_meadow_steppe,wetland
31,45,13064,multiclass_rf,grassland_meadow_steppe,scrub
31,46,64,multiclass_rf,grassland_meadow_steppe,scrub
32,1,13,multiclass_rf,desert,cropland
32,3,7,multiclass_rf,desert,forest
32,4,11,multiclass_rf,desert,wetland
32,5,2,multiclass_rf,desert,grassland_meadow_steppe
32,6,6,multiclass_rf,desert,wetland
32,7,10,multiclass_rf,desert,scrub
32,13,119,multiclass_rf,desert,grassland_meadow_steppe
32,14,216,multiclass_rf,desert,forest
32,15,878,multiclass_rf,desert,grassland_meadow_steppe
32,16,4,multiclass_rf,desert,grassland_meadow_steppe
32,18,93,multiclass_rf,desert,scrub
32,19,275,multiclass_rf,desert,no_vegetation
32,20,35,multiclass_rf,desert,alpine_vegetation
32,22,44,multiclass_rf,desert,alpine_vegetation
32,23,1159,multiclass_rf,desert,desert
32,24,1501,multiclass_rf,desert,desert
32,25,2241,multiclass_rf,desert,desert
32,27,43,multiclass_rf,desert,cropland
32,28,1,multiclass_rf,desert,forest
32,29,594,multiclass_rf,desert,desert
32,31,81,multiclass_rf,desert,grassland_meadow_steppe
32,32,50938,multiclass_rf,desert,desert
32,33,437,multiclass_rf,desert,cropland
32,35,977,multiclass_rf,desert,desert
32,38,301,multiclass_rf,desert,desert
32,42,453,multiclass_rf,desert,desert
32,43,32,multiclass_rf,desert,wetland
32,45,11,multiclass_rf,desert,scrub
33,1,1733,multiclass_rf,cropland,cropland
33,2,56,multiclass_rf,cropland,forest
33,3,3661,multiclass_rf,cropland,forest
33,4,50,multiclass_rf,cropland,wetland
33,5,1986,multiclass_rf,cropland,grassland_meadow_steppe
33,6,31,multiclass_rf,cropland,wetland
33,7,20259,multiclass_rf,cropland,scrub
33,10,264,multiclass_rf,cropland,forest
33,11,4034,multiclass_rf,cropland,grassland_meadow_steppe
33,12,4540,multiclass_rf,cropland,cropland
33,13,12229,multiclass_rf,cropland,grassland_meadow_steppe
33,14,1188,multiclass_rf,cropland,forest
33,15,3850,multiclass_rf,cropland,grassland_meadow_steppe
33,16,234,multiclass_rf,cropland,grassland_meadow_steppe
33,18,501,multiclass_rf,cropland,scrub
33,19,18,multiclass_rf,cropland,no_vegetation
33,20,313,multiclass_rf,cropland,alpine_vegetation
33,22,12,multiclass_rf,cropland,alpine_vegetation
33,23,2654,multiclass_rf,cropland,desert
33,24,4574,multiclass_rf,cropland,desert
33,25,7887,multiclass_rf,cropland,desert
33,26,45,multiclass_rf,cropland,forest
33,27,2357,multiclass_rf,cropland,cropland
33,28,1519,multiclass_rf,cropland,forest
33,29,4083,multiclass_rf,cropland,desert
33,30,2,multiclass_rf,cropland,forest
33,31,33,multiclass_rf,cropland,grassland_meadow_steppe
33,32,8813,multiclass_rf,cropland,desert
33,33,250628,multiclass_rf,cropland,cropland
33,34,75,multiclass_rf,cropland,forest
33,35,2605,multiclass_rf,cropland,desert
33,36,391,multiclass_rf,cropland,forest
33,37,1915,multiclass_rf,cropland,forest
33,39,142,multiclass_rf,cropland,forest
33,40,126,multiclass_rf,cropland,grassland_meadow_steppe
33,41,44169,multiclass_rf,cropland,grassland_meadow_steppe
33,44,1486,multiclass_rf,cropland,scrub
33,45,995,multiclass_rf,cropland,scrub
33,46,6,multiclass_rf,cropland,scrub
33,47,226,multiclass_rf,cropland,cropland
33,49,15,multiclass_rf,cropland,forest
33,52,41,multiclass_rf,cropland,forest
34,10,23,multiclass_rf,forest,forest
34,18,1,multiclass_rf,forest,scrub
34,26,3,multiclass_rf,forest,forest
34,27,1,multiclass_rf,forest,cropland
34,28,2,multiclass_rf,forest,forest
34,33,2,multiclass_rf,forest,cropland
34,34,5004,multiclass_rf,forest,forest
34,36,11,multiclass_rf,forest,forest
34,37,1,multiclass_rf,forest,forest
34,39,54,multiclass_rf,forest,forest
34,40,1,multiclass_rf,forest,grassland_meadow_steppe
34,45,1,multiclass_rf,forest,scrub
34,46,3,multiclass_rf,forest,scrub
34,49,5,multiclass_rf,forest,forest
34,50,5,multiclass_rf,forest,scrub
35,1,2,multiclass_rf,desert,cropland
35,2,3,multiclass_rf,desert,forest
35,5,6,multiclass_rf,desert,grassland_meadow_steppe
35,7,14,multiclass_rf,desert,scrub
35,13,20,multiclass_rf,desert,grassland_meadow_steppe
35,14,10,multiclass_rf,desert,forest
35,15,17,multiclass_rf,desert,grassland_meadow_steppe
35,16,18,multiclass_rf,desert,grassland_meadow_steppe
35,18,18,multiclass_rf,desert,scrub
35,19,3,multiclass_rf,desert,no_vegetation
35,23,155,multiclass_rf,desert,desert
35,24,385,multiclass_rf,desert,desert
35,25,324,multiclass_rf,desert,desert
35,27,1,multiclass_rf,desert,cropland
35,29,124,multiclass_rf,desert,desert
35,32,293,multiclass_rf,desert,desert
35,33,60,multiclass_rf,desert,cropland
35,35,31368,multiclass_rf,desert,desert
35,38,43,multiclass_rf,desert,desert
36,3,2,multiclass_rf,forest,forest
36,7,24,multiclass_rf,forest,scrub
36,9,23,multiclass_rf,forest,forest
36,10,35,multiclass_rf,forest,forest
36,12,7,multiclass_rf,forest,cropland
36,13,12,multiclass_rf,forest,grassland_meadow_steppe
36,18,1,multiclass_rf,forest,scrub
36,21,110,multiclass_rf,forest,cropland
36,26,534,multiclass_rf,forest,forest
36,28,671,multiclass_rf,forest,forest
36,30,218,multiclass_rf,forest,forest
36,33,3,multiclass_rf,forest,cropland
36,34,258,multiclass_rf,forest,forest
36,36,19490,multiclass_rf,forest,forest
36,39,105,multiclass_rf,forest,forest
36,40,139,multiclass_rf,forest,grassland_meadow_steppe
36,41,103,multiclass_rf,forest,grassland_meadow_steppe
36,44,384,multiclass_rf,forest,scrub
36,46,13,multiclass_rf,forest,scrub
36,47,161,multiclass_rf,forest,cropland
36,48,36,multiclass_rf,forest,wetland
36,49,103,multiclass_rf,forest,forest
36,50,55,multiclass_rf,forest,scrub
36,53,29,multiclass_rf,forest,cropland
36,55,59,multiclass_rf,forest,forest
37,1,348,multiclass_rf,forest,cropland
37,2,41,multiclass_rf,forest,forest
37,3,3216,multiclass_rf,forest,forest
37,4,4,multiclass_rf,forest,wetland
37,5,174,multiclass_rf,forest,grassland_meadow_steppe
37,6,5,multiclass_rf,forest,wetland
37,7,5230,multiclass_rf,forest,scrub
37,9,286,multiclass_rf,forest,forest
37,10,289,multiclass_rf,forest,forest
37,11,274,multiclass_rf,forest,grassland_meadow_steppe
37,12,592,multiclass_rf,forest,cropland
37,13,428,multiclass_rf,forest,grassland_meadow_steppe
37,14,627,multiclass_rf,forest,forest
37,15,20,multiclass_rf,forest,grassland_meadow_steppe
37,18,157,multiclass_rf,forest,scrub
37,21,278,multiclass_rf,forest,cropland
37,25,318,multiclass_rf,forest,desert
37,26,98,multiclass_rf,forest,forest
37,27,3093,multiclass_rf,forest,cropland
37,28,420,multiclass_rf,forest,forest
37,30,646,multiclass_rf,forest,forest
37,33,2568,multiclass_rf,forest,cropland
37,34,247,multiclass_rf,forest,forest
37,35,16,multiclass_rf,forest,desert
37,36,46,multiclass_rf,forest,forest
37,37,158443,multiclass_rf,forest,forest
37,39,434,multiclass_rf,forest,forest
37,40,22,multiclass_rf,forest,grassland_meadow_steppe
37,41,12843,multiclass_rf,forest,grassland_meadow_steppe
37,43,1,multiclass_rf,forest,wetland
37,44,19,multiclass_rf,forest,scrub
37,46,23,multiclass_rf,forest,scrub
37,47,418,multiclass_rf,forest,cropland
37,50,10,multiclass_rf,forest,scrub
38,13,5,multiclass_rf,desert,grassland_meadow_steppe
38,15,35,multiclass_rf,desert,grassland_meadow_steppe
38,19,38,multiclass_rf,desert,no_vegetation
38,23,154,multiclass_rf,desert,desert
38,24,87,multiclass_rf,desert,desert
38,25,23,multiclass_rf,desert,desert
38,27,4,multiclass_rf,desert,cropland
38,29,80,multiclass_rf,desert,desert
38,38,29605,multiclass_rf,desert,desert
39,1,160,multiclass_rf,forest,cropland
39,5,68,multiclass_rf,forest,grassland_meadow_steppe
39,10,1033,multiclass_rf,forest,forest
39,16,3,multiclass_rf,forest,grassland_meadow_steppe
39,18,73,multiclass_rf,forest,scrub
39,20,1,multiclass_rf,forest,alpine_vegetation
39,23,18,multiclass_rf,forest,desert
39,26,18,multiclass_rf,forest,forest
39,28,32,multiclass_rf,forest,forest
39,30,54,multiclass_rf,forest,forest
39,32,2,multiclass_rf,forest,desert
39,34,542,multiclass_rf,forest,forest
39,36,113,multiclass_rf,forest,forest
39,39,18092,multiclass_rf,forest,forest
39,40,39,multiclass_rf,forest,grassland_meadow_steppe
39,43,11,multiclass_rf,forest,wetland
39,44,7,multiclass_rf,forest,scrub
39,45,227,multiclass_rf,forest,scrub
39,46,1226,multiclass_rf,forest,scrub
39,47,70,multiclass_rf,forest,cropland
39,49,3,multiclass_rf,forest,forest
39,50,151,multiclass_rf,forest,scrub
40,1,148,multiclass_rf,grassland_meadow_steppe,cropland
40,3,203,multiclass_rf,grassland_meadow_steppe,forest
40,5,1324,multiclass_rf,grassland_meadow_steppe,grassland_meadow_steppe
40,6,207,multiclass_rf,grassland_meadow_steppe,wetland
40,7,792,multiclass_rf,grassland_meadow_steppe,scrub
40,10,3540,multiclass_rf,grassland_meadow_steppe,forest
40,16,3,multiclass_rf,grassland_meadow_steppe,grassland_meadow_steppe
40,20,49,multiclass_rf,grassland_meadow_steppe,alpine_vegetation
40,21,23534,multiclass_rf,grassland_meadow_steppe,cropland
40,25,78,multiclass_rf,grassland_meadow_steppe,desert
40,26,16876,multiclass_rf,grassland_meadow_steppe,forest
40,27,46,multiclass_rf,grassland_meadow_steppe,cropland
40,28,9934,multiclass_rf,grassland_meadow_steppe,forest
40,30,19115,multiclass_rf,grassland_meadow_steppe,forest
40,31,7,multiclass_rf,grassland_meadow_steppe,grassland_meadow_steppe
40,33,19,multiclass_rf,grassland_meadow_steppe,cropland
40,34,416,multiclass_rf,grassland_meadow_steppe,forest
40,36,19015,multiclass_rf,grassland_meadow_steppe,forest
40,39,2352,multiclass_rf,grassland_meadow_steppe,forest
40,40,136321,multiclass_rf,grassland_meadow_steppe,grassland_meadow_steppe
40,41,2426,multiclass_rf,grassland_meadow_steppe,grassland_meadow_steppe
40,44,18562,multiclass_rf,grassland_meadow_steppe,scrub
40,45,1053,multiclass_rf,grassland_meadow_steppe,scrub
40,46,1299,multiclass_rf,grassland_meadow_steppe,scrub
40,47,34450,multiclass_rf,grassland_meadow_steppe,cropland
40,48,1273,multiclass_rf,grassland_meadow_steppe,wetland
40,49,22983,multiclass_rf,grassland_meadow_steppe,forest
40,50,2536,multiclass_rf,grassland_meadow_steppe,scrub
40,52,4321,multiclass_rf,grassland_meadow_steppe,forest
40,53,9458,multiclass_rf,grassland_meadow_steppe,cropland
40,54,1760,multiclass_rf,grassland_meadow_steppe,wetland
40,55,5195,multiclass_rf,grassland_meadow_steppe,forest
41,2,21,multiclass_rf,grassland_meadow_steppe,forest
41,3,1372,multiclass_rf,grassland_meadow_steppe,forest
41,5,215,multiclass_rf,grassland_meadow_steppe,grassland_meadow_steppe
41,7,4113,multiclass_rf,grassland_meadow_steppe,scrub
41,11,39,multiclass_rf,grassland_meadow_steppe,grassland_meadow_steppe
41,12,315,multiclass_rf,grassland_meadow_steppe,cropland
41,13,1,multiclass_rf,grassland_meadow_steppe,grassland_meadow_steppe
41,21,242,multiclass_rf,grassland_meadow_steppe,cropland
41,26,239,multiclass_rf,grassland_meadow_steppe,forest
41,27,2074,multiclass_rf,grassland_meadow_steppe,cropland
41,28,1454,multiclass_rf,grassland_meadow_steppe,forest
41,30,658,multiclass_rf,grassland_meadow_steppe,forest
41,33,5372,multiclass_rf,grassland_meadow_steppe,cropland
41,36,1441,multiclass_rf,grassland_meadow_steppe,forest
41,37,4600,multiclass_rf,grassland_meadow_steppe,forest
41,40,87,multiclass_rf,grassland_meadow_steppe,grassland_meadow_steppe
41,41,67579,multiclass_rf,grassland_meadow_steppe,grassland_meadow_steppe
41,44,137,multiclass_rf,grassland_meadow_steppe,scrub
41,47,1196,multiclass_rf,grassland_meadow_steppe,cropland
41,48,5,multiclass_rf,grassland_meadow_steppe,wetland
41,49,51,multiclass_rf,grassland_meadow_steppe,forest
42,6,30,multiclass_rf,desert,wetland
42,13,10,multiclass_rf,desert,grassland_meadow_steppe
42,15,46,multiclass_rf,desert,grassland_meadow_steppe
42,16,350,multiclass_rf,desert,grassland_meadow_steppe
42,18,10,multiclass_rf,desert,scrub
42,19,23,multiclass_rf,desert,no_vegetation
42,20,9423,multiclass_rf,desert,alpine_vegetation
42,22,2097,multiclass_rf,desert,alpine_vegetation
42,24,1242,multiclass_rf,desert,desert
42,25,774,multiclass_rf,desert,desert
42,31,4841,multiclass_rf,desert,grassland_meadow_steppe
42,32,454,multiclass_rf,desert,desert
42,42,133130,multiclass_rf,desert,desert
42,43,2497,multiclass_rf,desert,wetland
42,45,9,multiclass_rf,desert,scrub
43,16,7,multiclass_rf,wetland,grassland_meadow_steppe
43,18,7,multiclass_rf,wetland,scrub
43,20,1,multiclass_rf,wetland,alpine_vegetation
43,25,3,multiclass_rf,wetland,desert
43,42,17,multiclass_rf,wetland,desert
43,43,5642,multiclass_rf,wetland,wetland
43,46,12,multiclass_rf,wetland,scrub
43,48,3,multiclass_rf,wetland,wetland
44,1,2748,multiclass_rf,scrub,cropland
44,2,57,multiclass_rf,scrub,forest
44,3,1127,multiclass_rf,scrub,forest
44,5,2659,multiclass_rf,scrub,grassland_meadow_steppe
44,6,19,multiclass_rf,scrub,wetland
44,7,2218,multiclass_rf,scrub,scrub
44,10,1974,multiclass_rf,scrub,forest
44,16,8,multiclass_rf,scrub,grassland_meadow_steppe
44,18,1211,multiclass_rf,scrub,scrub
44,20,6,multiclass_rf,scrub,alpine_vegetation
44,21,31930,multiclass_rf,scrub,cropland
44,23,12,multiclass_rf,scrub,desert
44,26,26842,multiclass_rf,scrub,forest
44,27,38,multiclass_rf,scrub,cropland
44,28,32914,multiclass_rf,scrub,forest
44,30,44143,multiclass_rf,scrub,forest
44,31,6,multiclass_rf,scrub,grassland_meadow_steppe
44,33,453,multiclass_rf,scrub,cropland
44,34,958,multiclass_rf,scrub,forest
44,36,47108,multiclass_rf,scrub,forest
44,37,62,multiclass_rf,scrub,forest
44,39,5096,multiclass_rf,scrub,forest
44,40,49505,multiclass_rf,scrub,grassland_meadow_steppe
44,41,4379,multiclass_rf,scrub,grassland_meadow_steppe
44,44,168295,multiclass_rf,scrub,scrub
44,45,2735,multiclass_rf,scrub,scrub
44,46,1135,multiclass_rf,scrub,scrub
44,47,47239,multiclass_rf,scrub,cropland
44,48,528,multiclass_rf,scrub,wetland
44,49,26701,multiclass_rf,scrub,forest
44,50,6271,multiclass_rf,scrub,scrub
44,52,5320,multiclass_rf,scrub,forest
44,53,28893,multiclass_rf,scrub,cropland
44,54,10724,multiclass_rf,scrub,wetland
44,55,12187,multiclass_rf,scrub,forest
45,1,85,multiclass_rf,scrub,cropland
45,2,10,multiclass_rf,scrub,forest
45,5,1,multiclass_rf,scrub,grassland_meadow_steppe
45,10,43,multiclass_rf,scrub,forest
45,13,5,multiclass_rf,scrub,grassland_meadow_steppe
45,16,199,multiclass_rf,scrub,grassland_meadow_steppe
45,18,41,multiclass_rf,scrub,scrub
45,20,154,multiclass_rf,scrub,alpine_vegetation
45,24,20,multiclass_rf,scrub,desert
45,25,8,multiclass_rf,scrub,desert
45,28,6,multiclass_rf,scrub,forest
45,29,2,multiclass_rf,scrub,desert
45,30,8,multiclass_rf,scrub,forest
45,31,38,multiclass_rf,scrub,grassland_meadow_steppe
45,32,6,multiclass_rf,scrub,desert
45,33,1,multiclass_rf,scrub,cropland
45,34,37,multiclass_rf,scrub,forest
45,35,1,multiclass_rf,scrub,desert
45,39,199,multiclass_rf,scrub,forest
45,40,2,multiclass_rf,scrub,grassland_meadow_steppe
45,44,1,multiclass_rf,scrub,scrub
45,45,15372,multiclass_rf,scrub,scrub
45,46,124,multiclass_rf,scrub,scrub
45,47,10,multiclass_rf,scrub,cropland
45,49,1,multiclass_rf,scrub,forest
45,50,3,multiclass_rf,scrub,scrub
46,1,679,multiclass_rf,scrub,cropland
46,2,23,multiclass_rf,scrub,forest
46,3,22,multiclass_rf,scrub,forest
46,5,116,multiclass_rf,scrub,grassland_meadow_steppe
46,7,28,multiclass_rf,scrub,scrub
46,10,17989,multiclass_rf,scrub,forest
46,13,55,multiclass_rf,scrub,grassland_meadow_steppe
46,16,2623,multiclass_rf,scrub,grassland_meadow_steppe
46,18,10142,multiclass_rf,scrub,scrub
46,20,1463,multiclass_rf,scrub,alpine_vegetation
46,21,13,multiclass_rf,scrub,cropland
46,22,10,multiclass_rf,scrub,alpine_vegetation
46,25,17,multiclass_rf,scrub,desert
46,26,618,multiclass_rf,scrub,forest
46,28,314,multiclass_rf,scrub,forest
46,30,89,multiclass_rf,scrub,forest
46,31,15,multiclass_rf,scrub,grassland_meadow_steppe
46,33,29,multiclass_rf,scrub,cropland
46,34,2526,multiclass_rf,scrub,forest
46,36,953,multiclass_rf,scrub,forest
46,37,6,multiclass_rf,scrub,forest
46,39,16727,multiclass_rf,scrub,forest
46,40,718,multiclass_rf,scrub,grassland_meadow_steppe
46,43,610,multiclass_rf,scrub,wetland
46,44,178,multiclass_rf,scrub,scrub
46,45,13445,multiclass_rf,scrub,scrub
46,46,65110,multiclass_rf,scrub,scrub
46,47,728,multiclass_rf,scrub,cropland
46,49,845,multiclass_rf,scrub,forest
46,50,182,multiclass_rf,scrub,scrub
46,53,2,multiclass_rf,scrub,cropland
47,1,58,multiclass_rf,cropland,cropland
47,3,533,multiclass_rf,cropland,forest
47,5,3134,multiclass_rf,cropland,grassland_meadow_steppe
47,6,26,multiclass_rf,cropland,wetland
47,7,641,multiclass_rf,cropland,scrub
47,10,3311,multiclass_rf,cropland,forest
47,21,6257,multiclass_rf,cropland,cropland
47,26,3208,multiclass_rf,cropland,forest
47,27,1651,multiclass_rf,cropland,cropland
47,28,17329,multiclass_rf,cropland,forest
47,30,11688,multiclass_rf,cropland,forest
47,33,516,multiclass_rf,cropland,cropland
47,34,253,multiclass_rf,cropland,forest
47,36,5470,multiclass_rf,cropland,forest
47,37,179,multiclass_rf,cropland,forest
47,39,1784,multiclass_rf,cropland,forest
47,40,32593,multiclass_rf,cropland,grassland_meadow_steppe
47,41,1429,multiclass_rf,cropland,grassland_meadow_steppe
47,44,21695,multiclass_rf,cropland,scrub
47,45,408,multiclass_rf,cropland,scrub
47,46,1717,multiclass_rf,cropland,scrub
47,47,220677,multiclass_rf,cropland,cropland
47,48,516,multiclass_rf,cropland,wetland
47,49,10001,multiclass_rf,cropland,forest
47,50,3289,multiclass_rf,cropland,scrub
47,52,4798,multiclass_rf,cropland,forest
47,53,32,multiclass_rf,cropland,cropland
47,55,597,multiclass_rf,cropland,forest
48,27,2,multiclass_rf,wetland,cropland
48,43,1,multiclass_rf,wetland,wetland
48,47,1,multiclass_rf,wetland,cropland
48,48,1608,multiclass_rf,wetland,wetland
49,1,73,multiclass_rf,forest,cropland
49,5,167,multiclass_rf,forest,grassland_meadow_steppe
49,6,152,multiclass_rf,forest,wetland
49,7,56,multiclass_rf,forest,scrub
49,10,7452,multiclass_rf,forest,forest
49,18,5,multiclass_rf,forest,scrub
49,19,1,multiclass_rf,forest,no_vegetation
49,20,4,multiclass_rf,forest,alpine_vegetation
49,21,1739,multiclass_rf,forest,cropland
49,26,16450,multiclass_rf,forest,forest
49,28,2943,multiclass_rf,forest,forest
49,30,10271,multiclass_rf,forest,forest
49,34,4388,multiclass_rf,forest,forest
49,36,7353,multiclass_rf,forest,forest
49,37,9,multiclass_rf,forest,forest
49,39,1774,multiclass_rf,forest,forest
49,40,8082,multiclass_rf,forest,grassland_meadow_steppe
49,41,52,multiclass_rf,forest,grassland_meadow_steppe
49,44,4445,multiclass_rf,forest,scrub
49,45,768,multiclass_rf,forest,scrub
49,46,478,multiclass_rf,forest,scrub
49,47,2631,multiclass_rf,forest,cropland
49,48,286,multiclass_rf,forest,wetland
49,49,73988,multiclass_rf,forest,forest
49,50,494,multiclass_rf,forest,scrub
49,52,10158,multiclass_rf,forest,forest
49,53,2275,multiclass_rf,forest,cropland
49,54,70,multiclass_rf,forest,wetland
49,55,939,multiclass_rf,forest,forest
50,1,1,multiclass_rf,scrub,cropland
50,10,2,multiclass_rf,scrub,forest
50,39,11,multiclass_rf,scrub,forest
50,48,4,multiclass_rf,scrub,wetland
50,50,2239,multiclass_rf,scrub,scrub
50,53,9,multiclass_rf,scrub,cropland
52,10,3,multiclass_rf,forest,forest
52,21,5,multiclass_rf,forest,cropland
52,26,26,multiclass_rf,forest,forest
52,28,6,multiclass_rf,forest,forest
52,40,48,multiclass_rf,forest,grassland_meadow_steppe
52,44,54,multiclass_rf,forest,scrub
52,47,2,multiclass_rf,forest,cropland
52,49,675,multiclass_rf,forest,forest
52,52,21402,multiclass_rf,forest,forest
52,53,338,multiclass_rf,forest,cropland
52,55,777,multiclass_rf,forest,forest
53,21,394,multiclass_rf,cropland,cropland
53,26,351,multiclass_rf,cropland,forest
53,28,92,multiclass_rf,cropland,forest
53,30,171,multiclass_rf,cropland,forest
53,34,251,multiclass_rf,cropland,forest
53,36,20,multiclass_rf,cropland,forest
53,39,10,multiclass_rf,cropland,forest
53,40,266,multiclass_rf,cropland,grassland_meadow_steppe
53,44,428,multiclass_rf,cropland,scrub
53,45,1,multiclass_rf,cropland,scrub
53,46,13,multiclass_rf,cropland,scrub
53,48,388,multiclass_rf,cropland,wetland
53,49,582,multiclass_rf,cropland,forest
53,50,425,multiclass_rf,cropland,scrub
53,52,1797,multiclass_rf,cropland,forest
53,53,54214,multiclass_rf,cropland,cropland
53,54,1558,multiclass_rf,cropland,wetland
53,55,2741,multiclass_rf,cropland,forest
54,21,38,multiclass_rf,wetland,cropland
54,30,5,multiclass_rf,wetland,forest
54,44,3,multiclass_rf,wetland,scrub
54,50,8,multiclass_rf,wetland,scrub
54,52,1,multiclass_rf,wetland,forest
54,53,96,multiclass_rf,wetland,cropland
54,54,11220,multiclass_rf,wetland,wetland
55,28,7,multiclass_rf,forest,forest
55,44,1,multiclass_rf,forest,scrub
55,50,7,multiclass_rf,forest,scrub
55,52,135,multiclass_rf,forest,forest
55,53,16,multiclass_rf,forest,cropland
55,55,6214,multiclass_rf,forest,forest
1,1,11015,optimized_mf,cropland,cropland
1,2,620,optimized_mf,cropland,forest
1,3,299,optimized_mf,cropland,forest
1,4,181,optimized_mf,cropland,wetland
1,5,133,optimized_mf,cropland,grassland_meadow_steppe
1,7,77,optimized_mf,cropland,scrub
1,10,396,optimized_mf,cropland,forest
1,11,2,optimized_mf,cropland,grassland_meadow_steppe
1,12,42,optimized_mf,cropland,cropland
1,13,300,optimized_mf,cropland,grassland_meadow_steppe
1,15,1,optimized_mf,cropland,grassland_meadow_steppe
1,16,50,optimized_mf,cropland,grassland_meadow_steppe
1,17,52,optimized_mf,cropland,alpine_vegetation
1,18,224,optimized_mf,cropland,scrub
1,19,8,optimized_mf,cropland,no_vegetation
1,20,21,optimized_mf,cropland,alpine_vegetation
1,21,137,optimized_mf,cropland,cropland
1,22,1,optimized_mf,cropland,alpine_vegetation
1,23,1,optimized_mf,cropland,desert
1,24,3,optimized_mf,cropland,desert
1,25,190,optimized_mf,cropland,desert
1,26,2,optimized_mf,cropland,forest
1,27,3,optimized_mf,cropland,cropland
1,28,80,optimized_mf,cropland,forest
1,29,3,optimized_mf,cropland,desert
1,30,10,optimized_mf,cropland,forest
1,31,147,optimized_mf,cropland,grassland_meadow_steppe
1,32,18,optimized_mf,cropland,desert
1,33,169,optimized_mf,cropland,cropland
1,34,2,optimized_mf,cropland,forest
1,36,1,optimized_mf,cropland,forest
1,37,8,optimized_mf,cropland,forest
1,38,3,optimized_mf,cropland,desert
1,39,521,optimized_mf,cropland,forest
1,40,2,optimized_mf,cropland,grassland_meadow_steppe
1,42,2,optimized_mf,cropland,desert
1,43,3,optimized_mf,cropland,wetland
1,44,14,optimized_mf,cropland,scrub
1,45,238,optimized_mf,cropland,scrub
1,46,126,optimized_mf,cropland,scrub
1,47,57,optimized_mf,cropland,cropland
1,48,1,optimized_mf,cropland,wetland
1,49,4,optimized_mf,cropland,forest
1,50,86,optimized_mf,cropland,scrub
1,52,3,optimized_mf,cropland,forest
1,53,4,optimized_mf,cropland,cropland
1,54,2,optimized_mf,cropland,wetland
1,55,1,optimized_mf,cropland,forest
2,1,2296,optimized_mf,forest,cropland
2,2,187759,optimized_mf,forest,forest
2,3,22086,optimized_mf,forest,forest
2,4,6943,optimized_mf,forest,wetland
2,5,11988,optimized_mf,forest,grassland_meadow_steppe
2,6,9218,optimized_mf,forest,wetland
2,7,2398,optimized_mf,forest,scrub
2,9,13033,optimized_mf,forest,forest
2,10,593,optimized_mf,forest,forest
2,11,4984,optimized_mf,forest,grassland_meadow_steppe
2,12,2417,optimized_mf,forest,cropland
2,13,4099,optimized_mf,forest,grassland_meadow_steppe
2,14,239,optimized_mf,forest,forest
2,15,6,optimized_mf,forest,grassland_meadow_steppe
2,16,3750,optimized_mf,forest,grassland_meadow_steppe
2,17,373,optimized_mf,forest,alpine_vegetation
2,18,5005,optimized_mf,forest,scrub
2,19,8,optimized_mf,forest,no_vegetation
2,20,429,optimized_mf,forest,alpine_vegetation
2,21,13,optimized_mf,forest,cropland
2,22,95,optimized_mf,forest,alpine_vegetation
2,23,5,optimized_mf,forest,desert
2,24,107,optimized_mf,forest,desert
2,25,1264,optimized_mf,forest,desert
2,26,6,optimized_mf,forest,forest
2,27,1720,optimized_mf,forest,cropland
2,28,450,optimized_mf,forest,forest
2,29,18,optimized_mf,forest,desert
2,30,152,optimized_mf,forest,forest
2,31,364,optimized_mf,forest,grassland_meadow_steppe
2,32,70,optimized_mf,forest,desert
2,33,143,optimized_mf,forest,cropland
2,34,287,optimized_mf,forest,forest
2,35,12,optimized_mf,forest,desert
2,36,64,optimized_mf,forest,forest
2,37,61,optimized_mf,forest,forest
2,38,6,optimized_mf,forest,desert
2,39,50,optimized_mf,forest,forest
2,40,18,optimized_mf,forest,grassland_meadow_steppe
2,41,169,optimized_mf,forest,grassland_meadow_steppe
2,42,18,optimized_mf,forest,desert
2,43,4,optimized_mf,forest,wetland
2,44,119,optimized_mf,forest,scrub
2,45,12,optimized_mf,forest,scrub
2,46,40,optimized_mf,forest,scrub
2,47,8,optimized_mf,forest,cropland
2,48,12,optimized_mf,forest,wetland
2,49,8,optimized_mf,forest,forest
2,50,102,optimized_mf,forest,scrub
2,52,31,optimized_mf,forest,forest
2,53,844,optimized_mf,forest,cropland
2,54,11,optimized_mf,forest,wetland
2,55,136,optimized_mf,forest,forest
3,1,6305,optimized_mf,forest,cropland
3,2,21566,optimized_mf,forest,forest
3,3,261191,optimized_mf,forest,forest
3,4,5365,optimized_mf,forest,wetland
3,5,18005,optimized_mf,forest,grassland_meadow_steppe
3,6,23401,optimized_mf,forest,wetland
3,7,41830,optimized_mf,forest,scrub
3,9,39781,optimized_mf,forest,forest
3,10,2315,optimized_mf,forest,forest
3,11,9115,optimized_mf,forest,grassland_meadow_steppe
3,12,19165,optimized_mf,forest,cropland
3,13,3139,optimized_mf,forest,grassland_meadow_steppe
3,14,1335,optimized_mf,forest,forest
3,15,1828,optimized_mf,forest,grassland_meadow_steppe
3,16,20,optimized_mf,forest,grassland_meadow_steppe
3,17,14,optimized_mf,forest,alpine_vegetation
3,18,1536,optimized_mf,forest,scrub
3,19,28,optimized_mf,forest,no_vegetation
3,20,11,optimized_mf,forest,alpine_vegetation
3,21,130,optimized_mf,forest,cropland
3,22,529,optimized_mf,forest,alpine_vegetation
3,23,131,optimized_mf,forest,desert
3,24,1715,optimized_mf,forest,desert
3,25,307,optimized_mf,forest,desert
3,26,400,optimized_mf,forest,forest
3,27,21828,optimized_mf,forest,cropland
3,28,13557,optimized_mf,forest,forest
3,29,4,optimized_mf,forest,desert
3,30,410,optimized_mf,forest,forest
3,31,19,optimized_mf,forest,grassland_meadow_steppe
3,32,247,optimized_mf,forest,desert
3,33,11448,optimized_mf,forest,cropland
3,34,586,optimized_mf,forest,forest
3,35,20,optimized_mf,forest,desert
3,36,7853,optimized_mf,forest,forest
3,37,10301,optimized_mf,forest,forest
3,38,12,optimized_mf,forest,desert
3,39,1155,optimized_mf,forest,forest
3,40,27,optimized_mf,forest,grassland_meadow_steppe
3,41,22986,optimized_mf,forest,grassland_meadow_steppe
3,42,15,optimized_mf,forest,desert
3,43,22,optimized_mf,forest,wetland
3,44,339,optimized_mf,forest,scrub
3,45,41,optimized_mf,forest,scrub
3,46,458,optimized_mf,forest,scrub
3,47,1815,optimized_mf,forest,cropland
3,48,8,optimized_mf,forest,wetland
3,49,2,optimized_mf,forest,forest
3,50,9,optimized_mf,forest,scrub
3,52,16,optimized_mf,forest,forest
3,53,10,optimized_mf,forest,cropland
3,54,14,optimized_mf,forest,wetland
3,55,9,optimized_mf,forest,forest
4,1,1135,optimized_mf,wetland,cropland
4,2,16812,optimized_mf,wetland,forest
4,3,4489,optimized_mf,wetland,forest
4,4,34246,optimized_mf,wetland,wetland
4,5,3584,optimized_mf,wetland,grassland_meadow_steppe
4,6,2561,optimized_mf,wetland,wetland
4,7,995,optimized_mf,wetland,scrub
4,9,219,optimized_mf,wetland,forest
4,10,7,optimized_mf,wetland,forest
4,11,6851,optimized_mf,wetland,grassland_meadow_steppe
4,12,4442,optimized_mf,wetland,cropland
4,13,7483,optimized_mf,wetland,grassland_meadow_steppe
4,14,2580,optimized_mf,wetland,forest
4,15,1509,optimized_mf,wetland,grassland_meadow_steppe
4,16,1007,optimized_mf,wetland,grassland_meadow_steppe
4,17,284,optimized_mf,wetland,alpine_vegetation
4,18,30,optimized_mf,wetland,scrub
4,19,13,optimized_mf,wetland,no_vegetation
4,20,207,optimized_mf,wetland,alpine_vegetation
4,21,205,optimized_mf,wetland,cropland
4,22,257,optimized_mf,wetland,alpine_vegetation
4,23,206,optimized_mf,wetland,desert
4,24,7,optimized_mf,wetland,desert
4,25,346,optimized_mf,wetland,desert
4,26,8,optimized_mf,wetland,forest
4,27,1297,optimized_mf,wetland,cropland
4,28,2,optimized_mf,wetland,forest
4,29,2,optimized_mf,wetland,desert
4,30,105,optimized_mf,wetland,forest
4,31,13,optimized_mf,wetland,grassland_meadow_steppe
4,32,32,optimized_mf,wetland,desert
4,33,108,optimized_mf,wetland,cropland
4,34,4,optimized_mf,wetland,forest
4,35,13,optimized_mf,wetland,desert
4,36,4,optimized_mf,wetland,forest
4,37,3,optimized_mf,wetland,forest
4,38,8,optimized_mf,wetland,desert
4,39,76,optimized_mf,wetland,forest
4,40,7,optimized_mf,wetland,grassland_meadow_steppe
4,41,9,optimized_mf,wetland,grassland_meadow_steppe
4,42,4,optimized_mf,wetland,desert
4,43,4,optimized_mf,wetland,wetland
4,44,10,optimized_mf,wetland,scrub
4,45,8,optimized_mf,wetland,scrub
4,46,4,optimized_mf,wetland,scrub
4,47,7,optimized_mf,wetland,cropland
4,48,147,optimized_mf,wetland,wetland
4,49,5,optimized_mf,wetland,forest
4,50,34,optimized_mf,wetland,scrub
4,52,5,optimized_mf,wetland,forest
4,53,3,optimized_mf,wetland,cropland
4,54,7,optimized_mf,wetland,wetland
4,55,1,optimized_mf,wetland,forest
5,1,2577,optimized_mf,grassland_meadow_steppe,cropland
5,2,18568,optimized_mf,grassland_meadow_steppe,forest
5,3,18176,optimized_mf,grassland_meadow_steppe,forest
5,4,4268,optimized_mf,grassland_meadow_steppe,wetland
5,5,58665,optimized_mf,grassland_meadow_steppe,grassland_meadow_steppe
5,6,5710,optimized_mf,grassland_meadow_steppe,wetland
5,7,5650,optimized_mf,grassland_meadow_steppe,scrub
5,9,658,optimized_mf,grassland_meadow_steppe,forest
5,10,4238,optimized_mf,grassland_meadow_steppe,forest
5,11,13619,optimized_mf,grassland_meadow_steppe,grassland_meadow_steppe
5,12,14711,optimized_mf,grassland_meadow_steppe,cropland
5,13,6973,optimized_mf,grassland_meadow_steppe,grassland_meadow_steppe
5,14,3372,optimized_mf,grassland_meadow_steppe,forest
5,15,1874,optimized_mf,grassland_meadow_steppe,grassland_meadow_steppe
5,16,3014,optimized_mf,grassland_meadow_steppe,grassland_meadow_steppe
5,17,508,optimized_mf,grassland_meadow_steppe,alpine_vegetation
5,18,571,optimized_mf,grassland_meadow_steppe,scrub
5,19,4,optimized_mf,grassland_meadow_steppe,no_vegetation
5,20,1031,optimized_mf,grassland_meadow_steppe,alpine_vegetation
5,21,908,optimized_mf,grassland_meadow_steppe,cropland
5,22,534,optimized_mf,grassland_meadow_steppe,alpine_vegetation
5,23,111,optimized_mf,grassland_meadow_steppe,desert
5,24,1127,optimized_mf,grassland_meadow_steppe,desert
5,25,1254,optimized_mf,grassland_meadow_steppe,desert
5,26,1392,optimized_mf,grassland_meadow_steppe,forest
5,27,2696,optimized_mf,grassland_meadow_steppe,cropland
5,28,495,optimized_mf,grassland_meadow_steppe,forest
5,29,74,optimized_mf,grassland_meadow_steppe,desert
5,30,166,optimized_mf,grassland_meadow_steppe,forest
5,31,90,optimized_mf,grassland_meadow_steppe,grassland_meadow_steppe
5,32,182,optimized_mf,grassland_meadow_steppe,desert
5,33,1631,optimized_mf,grassland_meadow_steppe,cropland
5,34,282,optimized_mf,grassland_meadow_steppe,forest
5,35,214,optimized_mf,grassland_meadow_steppe,desert
5,36,2555,optimized_mf,grassland_meadow_steppe,forest
5,37,162,optimized_mf,grassland_meadow_steppe,forest
5,38,15,optimized_mf,grassland_meadow_steppe,desert
5,39,2889,optimized_mf,grassland_meadow_steppe,forest
5,40,550,optimized_mf,grassland_meadow_steppe,grassland_meadow_steppe
5,41,1848,optimized_mf,grassland_meadow_steppe,grassland_meadow_steppe
5,42,159,optimized_mf,grassland_meadow_steppe,desert
5,43,11,optimized_mf,grassland_meadow_steppe,wetland
5,44,1170,optimized_mf,grassland_meadow_steppe,scrub
5,45,190,optimized_mf,grassland_meadow_steppe,scrub
5,46,2473,optimized_mf,grassland_meadow_steppe,scrub
5,47,2320,optimized_mf,grassland_meadow_steppe,cropland
5,48,10,optimized_mf,grassland_meadow_steppe,wetland
5,49,709,optimized_mf,grassland_meadow_steppe,forest
5,50,35,optimized_mf,grassland_meadow_steppe,scrub
5,52,7,optimized_mf,grassland_meadow_steppe,forest
5,53,4,optimized_mf,grassland_meadow_steppe,cropland
5,54,5,optimized_mf,grassland_meadow_steppe,wetland
5,55,8,optimized_mf,grassland_meadow_steppe,forest
6,1,248,optimized_mf,wetland,cropland
6,2,13455,optimized_mf,wetland,forest
6,3,3769,optimized_mf,wetland,forest
6,4,2873,optimized_mf,wetland,wetland
6,5,2064,optimized_mf,wetland,grassland_meadow_steppe
6,6,45964,optimized_mf,wetland,wetland
6,7,196,optimized_mf,wetland,scrub
6,9,574,optimized_mf,wetland,forest
6,10,109,optimized_mf,wetland,forest
6,11,3468,optimized_mf,wetland,grassland_meadow_steppe
6,12,6941,optimized_mf,wetland,cropland
6,13,196,optimized_mf,wetland,grassland_meadow_steppe
6,14,59,optimized_mf,wetland,forest
6,15,1604,optimized_mf,wetland,grassland_meadow_steppe
6,16,13,optimized_mf,wetland,grassland_meadow_steppe
6,17,16,optimized_mf,wetland,alpine_vegetation
6,18,102,optimized_mf,wetland,scrub
6,19,37,optimized_mf,wetland,no_vegetation
6,20,7,optimized_mf,wetland,alpine_vegetation
6,21,1962,optimized_mf,wetland,cropland
6,22,142,optimized_mf,wetland,alpine_vegetation
6,23,335,optimized_mf,wetland,desert
6,24,1136,optimized_mf,wetland,desert
6,25,847,optimized_mf,wetland,desert
6,26,15,optimized_mf,wetland,forest
6,27,2816,optimized_mf,wetland,cropland
6,28,48,optimized_mf,wetland,forest
6,29,64,optimized_mf,wetland,desert
6,30,35,optimized_mf,wetland,forest
6,31,103,optimized_mf,wetland,grassland_meadow_steppe
6,32,3,optimized_mf,wetland,desert
6,33,144,optimized_mf,wetland,cropland
6,34,12,optimized_mf,wetland,forest
6,35,13,optimized_mf,wetland,desert
6,36,27,optimized_mf,wetland,forest
6,37,181,optimized_mf,wetland,forest
6,38,15,optimized_mf,wetland,desert
6,39,11,optimized_mf,wetland,forest
6,40,14,optimized_mf,wetland,grassland_meadow_steppe
6,41,14,optimized_mf,wetland,grassland_meadow_steppe
6,42,113,optimized_mf,wetland,desert
6,43,72,optimized_mf,wetland,wetland
6,44,15,optimized_mf,wetland,scrub
6,45,28,optimized_mf,wetland,scrub
6,46,14,optimized_mf,wetland,scrub
6,47,224,optimized_mf,wetland,cropland
6,48,16,optimized_mf,wetland,wetland
6,49,100,optimized_mf,wetland,forest
6,50,14,optimized_mf,wetland,scrub
6,52,21,optimized_mf,wetland,forest
6,53,14,optimized_mf,wetland,cropland
6,54,12,optimized_mf,wetland,wetland
6,55,19,optimized_mf,wetland,forest
7,1,1003,optimized_mf,scrub,cropland
7,2,3474,optimized_mf,scrub,forest
7,3,23239,optimized_mf,scrub,forest
7,4,2301,optimized_mf,scrub,wetland
7,5,2297,optimized_mf,scrub,grassland_meadow_steppe
7,6,1223,optimized_mf,scrub,wetland
7,7,79676,optimized_mf,scrub,scrub
7,9,4102,optimized_mf,scrub,forest
7,10,963,optimized_mf,scrub,forest
7,11,6659,optimized_mf,scrub,grassland_meadow_steppe
7,12,6612,optimized_mf,scrub,cropland
7,13,8460,optimized_mf,scrub,grassland_meadow_steppe
7,14,4779,optimized_mf,scrub,forest
7,15,3236,optimized_mf,scrub,grassland_meadow_steppe
7,16,202,optimized_mf,scrub,grassland_meadow_steppe
7,17,3,optimized_mf,scrub,alpine_vegetation
7,18,1044,optimized_mf,scrub,scrub
7,19,613,optimized_mf,scrub,no_vegetation
7,20,12,optimized_mf,scrub,alpine_vegetation
7,21,514,optimized_mf,scrub,cropland
7,22,17,optimized_mf,scrub,alpine_vegetation
7,23,1954,optimized_mf,scrub,desert
7,24,2819,optimized_mf,scrub,desert
7,25,5128,optimized_mf,scrub,desert
7,26,712,optimized_mf,scrub,forest
7,27,5720,optimized_mf,scrub,cropland
7,28,3156,optimized_mf,scrub,forest
7,29,217,optimized_mf,scrub,desert
7,30,159,optimized_mf,scrub,forest
7,31,212,optimized_mf,scrub,grassland_meadow_steppe
7,32,1109,optimized_mf,scrub,desert
7,33,12201,optimized_mf,scrub,cropland
7,34,373,optimized_mf,scrub,forest
7,35,429,optimized_mf,scrub,desert
7,36,6927,optimized_mf,scrub,forest
7,37,958,optimized_mf,scrub,forest
7,38,10,optimized_mf,scrub,desert
7,39,1568,optimized_mf,scrub,forest
7,40,772,optimized_mf,scrub,grassland_meadow_steppe
7,41,22713,optimized_mf,scrub,grassland_meadow_steppe
7,42,683,optimized_mf,scrub,desert
7,43,13,optimized_mf,scrub,wetland
7,44,906,optimized_mf,scrub,scrub
7,45,79,optimized_mf,scrub,scrub
7,46,265,optimized_mf,scrub,scrub
7,47,738,optimized_mf,scrub,cropland
7,48,2,optimized_mf,scrub,wetland
7,49,621,optimized_mf,scrub,forest
7,50,66,optimized_mf,scrub,scrub
7,52,6,optimized_mf,scrub,forest
7,53,1,optimized_mf,scrub,cropland
7,54,1,optimized_mf,scrub,wetland
7,55,19,optimized_mf,scrub,forest
9,1,12,optimized_mf,forest,cropland
9,2,470,optimized_mf,forest,forest
9,3,4439,optimized_mf,forest,forest
9,4,8,optimized_mf,forest,wetland
9,5,89,optimized_mf,forest,grassland_meadow_steppe
9,6,3,optimized_mf,forest,wetland
9,7,100,optimized_mf,forest,scrub
9,9,24600,optimized_mf,forest,forest
9,10,8,optimized_mf,forest,forest
9,11,285,optimized_mf,forest,grassland_meadow_steppe
9,12,365,optimized_mf,forest,cropland
9,13,1,optimized_mf,forest,grassland_meadow_steppe
9,14,48,optimized_mf,forest,forest
9,15,2,optimized_mf,forest,grassland_meadow_steppe
9,16,1,optimized_mf,forest,grassland_meadow_steppe
9,18,2,optimized_mf,forest,scrub
9,19,2,optimized_mf,forest,no_vegetation
9,24,1,optimized_mf,forest,desert
9,26,2,optimized_mf,forest,forest
9,27,27,optimized_mf,forest,cropland
9,28,2,optimized_mf,forest,forest
9,31,3,optimized_mf,forest,grassland_meadow_steppe
9,32,1,optimized_mf,forest,desert
9,35,3,optimized_mf,forest,desert
9,36,3,optimized_mf,forest,forest
9,37,1,optimized_mf,forest,forest
9,38,2,optimized_mf,forest,desert
9,41,2,optimized_mf,forest,grassland_meadow_steppe
9,42,1,optimized_mf,forest,desert
9,43,1,optimized_mf,forest,wetland
9,44,2,optimized_mf,forest,scrub
9,45,2,optimized_mf,forest,scrub
9,48,4,optimized_mf,forest,wetland
9,50,1,optimized_mf,forest,scrub
9,52,2,optimized_mf,forest,forest
9,53,2,optimized_mf,forest,cropland
9,54,3,optimized_mf,forest,wetland
10,1,1863,optimized_mf,forest,cropland
10,2,9,optimized_mf,forest,forest
10,3,781,optimized_mf,forest,forest
10,4,13,optimized_mf,forest,wetland
10,5,481,optimized_mf,forest,grassland_meadow_steppe
10,6,10,optimized_mf,forest,wetland
10,7,78,optimized_mf,forest,scrub
10,9,223,optimized_mf,forest,forest
10,10,70881,optimized_mf,forest,forest
10,11,11,optimized_mf,forest,grassland_meadow_steppe
10,12,31,optimized_mf,forest,cropland
10,13,44,optimized_mf,forest,grassland_meadow_steppe
10,14,31,optimized_mf,forest,forest
10,15,19,optimized_mf,forest,grassland_meadow_steppe
10,16,2171,optimized_mf,forest,grassland_meadow_steppe
10,17,8,optimized_mf,forest,alpine_vegetation
10,18,6802,optimized_mf,forest,scrub
10,19,5,optimized_mf,forest,no_vegetation
10,20,1869,optimized_mf,forest,alpine_vegetation
10,21,43,optimized_mf,forest,cropland
10,22,10,optimized_mf,forest,alpine_vegetation
10,23,21,optimized_mf,forest,desert
10,24,17,optimized_mf,forest,desert
10,25,8,optimized_mf,forest,desert
10,26,141,optimized_mf,forest,forest
10,27,10,optimized_mf,forest,cropland
10,28,829,optimized_mf,forest,forest
10,29,18,optimized_mf,forest,desert
10,30,582,optimized_mf,forest,forest
10,31,11,optimized_mf,forest,grassland_meadow_steppe
10,32,3,optimized_mf,forest,desert
10,33,94,optimized_mf,forest,cropland
10,34,4169,optimized_mf,forest,forest
10,35,7,optimized_mf,forest,desert
10,36,2054,optimized_mf,forest,forest
10,37,29,optimized_mf,forest,forest
10,38,16,optimized_mf,forest,desert
10,39,15178,optimized_mf,forest,forest
10,40,408,optimized_mf,forest,grassland_meadow_steppe
10,41,52,optimized_mf,forest,grassland_meadow_steppe
10,42,8,optimized_mf,forest,desert
10,43,297,optimized_mf,forest,wetland
10,44,104,optimized_mf,forest,scrub
10,45,785,optimized_mf,forest,scrub
10,46,27073,optimized_mf,forest,scrub
10,47,913,optimized_mf,forest,cropland
10,48,16,optimized_mf,forest,wetland
10,49,7794,optimized_mf,forest,forest
10,50,150,optimized_mf,forest,scrub
10,52,34,optimized_mf,forest,forest
10,53,30,optimized_mf,forest,cropland
10,54,14,optimized_mf,forest,wetland
10,55,16,optimized_mf,forest,forest
11,1,36,optimized_mf,grassland_meadow_steppe,cropland
11,2,2454,optimized_mf,grassland_meadow_steppe,forest
11,3,2677,optimized_mf,grassland_meadow_steppe,forest
11,4,4372,optimized_mf,grassland_meadow_steppe,wetland
11,5,6765,optimized_mf,grassland_meadow_steppe,grassland_meadow_steppe
11,6,2251,optimized_mf,grassland_meadow_steppe,wetland
11,7,4088,optimized_mf,grassland_meadow_steppe,scrub
11,9,14,optimized_mf,grassland_meadow_steppe,forest
11,10,43,optimized_mf,grassland_meadow_steppe,forest
11,11,83943,optimized_mf,grassland_meadow_steppe,grassland_meadow_steppe
11,12,7262,optimized_mf,grassland_meadow_steppe,cropland
11,13,13890,optimized_mf,grassland_meadow_steppe,grassland_meadow_steppe
11,14,5144,optimized_mf,grassland_meadow_steppe,forest
11,15,904,optimized_mf,grassland_meadow_steppe,grassland_meadow_steppe
11,16,590,optimized_mf,grassland_meadow_steppe,grassland_meadow_steppe
11,17,24,optimized_mf,grassland_meadow_steppe,alpine_vegetation
11,18,55,optimized_mf,grassland_meadow_steppe,scrub
11,19,5,optimized_mf,grassland_meadow_steppe,no_vegetation
11,20,360,optimized_mf,grassland_meadow_steppe,alpine_vegetation
11,21,5,optimized_mf,grassland_meadow_steppe,cropland
11,22,36,optimized_mf,grassland_meadow_steppe,alpine_vegetation
11,23,11,optimized_mf,grassland_meadow_steppe,desert
11,24,412,optimized_mf,grassland_meadow_steppe,desert
11,25,1642,optimized_mf,grassland_meadow_steppe,desert
11,26,3,optimized_mf,grassland_meadow_steppe,forest
11,27,4878,optimized_mf,grassland_meadow_steppe,cropland
11,28,28,optimized_mf,grassland_meadow_steppe,forest
11,29,3,optimized_mf,grassland_meadow_steppe,desert
11,31,89,optimized_mf,grassland_meadow_steppe,grassland_meadow_steppe
11,32,36,optimized_mf,grassland_meadow_steppe,desert
11,33,4320,optimized_mf,grassland_meadow_steppe,cropland
11,34,37,optimized_mf,grassland_meadow_steppe,forest
11,35,2,optimized_mf,grassland_meadow_steppe,desert
11,36,12,optimized_mf,grassland_meadow_steppe,forest
11,37,4,optimized_mf,grassland_meadow_steppe,forest
11,38,8,optimized_mf,grassland_meadow_steppe,desert
11,39,5,optimized_mf,grassland_meadow_steppe,forest
11,40,5,optimized_mf,grassland_meadow_steppe,grassland_meadow_steppe
11,41,430,optimized_mf,grassland_meadow_steppe,grassland_meadow_steppe
11,42,83,optimized_mf,grassland_meadow_steppe,desert
11,43,5,optimized_mf,grassland_meadow_steppe,wetland
11,44,3,optimized_mf,grassland_meadow_steppe,scrub
11,45,6,optimized_mf,grassland_meadow_steppe,scrub
11,46,84,optimized_mf,grassland_meadow_steppe,scrub
11,47,4,optimized_mf,grassland_meadow_steppe,cropland
11,48,2,optimized_mf,grassland_meadow_steppe,wetland
11,49,8,optimized_mf,grassland_meadow_steppe,forest
11,50,4,optimized_mf,grassland_meadow_steppe,scrub
11,52,5,optimized_mf,grassland_meadow_steppe,forest
11,53,3,optimized_mf,grassland_meadow_steppe,cropland
11,54,4,optimized_mf,grassland_meadow_steppe,wetland
11,55,3,optimized_mf,grassland_meadow_steppe,forest
12,1,243,optimized_mf,cropland,cropland
12,2,711,optimized_mf,cropland,forest
12,3,30240,optimized_mf,cropland,forest
12,4,7645,optimized_mf,cropland,wetland
12,5,10109,optimized_mf,cropland,grassland_meadow_steppe
12,6,6865,optimized_mf,cropland,wetland
12,7,11098,optimized_mf,cropland,scrub
12,9,5234,optimized_mf,cropland,forest
12,10,13,optimized_mf,cropland,forest
12,11,14725,optimized_mf,cropland,grassland_meadow_steppe
12,12,214607,optimized_mf,cropland,cropland
12,13,25460,optimized_mf,cropland,grassland_meadow_steppe
12,14,8910,optimized_mf,cropland,forest
12,15,6271,optimized_mf,cropland,grassland_meadow_steppe
12,16,6,optimized_mf,cropland,grassland_meadow_steppe
12,17,7,optimized_mf,cropland,alpine_vegetation
12,18,15,optimized_mf,cropland,scrub
12,19,265,optimized_mf,cropland,no_vegetation
12,20,3,optimized_mf,cropland,alpine_vegetation
12,21,10,optimized_mf,cropland,cropland
12,22,788,optimized_mf,cropland,alpine_vegetation
12,23,658,optimized_mf,cropland,desert
12,24,4465,optimized_mf,cropland,desert
12,25,2638,optimized_mf,cropland,desert
12,26,61,optimized_mf,cropland,forest
12,27,12179,optimized_mf,cropland,cropland
12,28,8,optimized_mf,cropland,forest
12,29,83,optimized_mf,cropland,desert
12,30,4,optimized_mf,cropland,forest
12,31,3,optimized_mf,cropland,grassland_meadow_steppe
12,32,41,optimized_mf,cropland,desert
12,33,7510,optimized_mf,cropland,cropland
12,34,26,optimized_mf,cropland,forest
12,35,8,optimized_mf,cropland,desert
12,36,6,optimized_mf,cropland,forest
12,37,9,optimized_mf,cropland,forest
12,38,6,optimized_mf,cropland,desert
12,39,4,optimized_mf,cropland,forest
12,40,5,optimized_mf,cropland,grassland_meadow_steppe
12,41,3156,optimized_mf,cropland,grassland_meadow_steppe
12,42,8,optimized_mf,cropland,desert
12,43,3,optimized_mf,cropland,wetland
12,44,4,optimized_mf,cropland,scrub
12,45,25,optimized_mf,cropland,scrub
12,46,18,optimized_mf,cropland,scrub
12,47,4,optimized_mf,cropland,cropland
12,48,6,optimized_mf,cropland,wetland
12,49,8,optimized_mf,cropland,forest
12,50,7,optimized_mf,cropland,scrub
12,52,7,optimized_mf,cropland,forest
12,53,8,optimized_mf,cropland,cropland
12,54,8,optimized_mf,cropland,wetland
12,55,12,optimized_mf,cropland,forest
13,1,4426,optimized_mf,grassland_meadow_steppe,cropland
13,2,1349,optimized_mf,grassland_meadow_steppe,forest
13,3,874,optimized_mf,grassland_meadow_steppe,forest
13,4,8971,optimized_mf,grassland_meadow_steppe,wetland
13,5,9517,optimized_mf,grassland_meadow_steppe,grassland_meadow_steppe
13,6,201,optimized_mf,grassland_meadow_steppe,wetland
13,7,13767,optimized_mf,grassland_meadow_steppe,scrub
13,9,13,optimized_mf,grassland_meadow_steppe,forest
13,10,22,optimized_mf,grassland_meadow_steppe,forest
13,11,32009,optimized_mf,grassland_meadow_steppe,grassland_meadow_steppe
13,12,32775,optimized_mf,grassland_meadow_steppe,cropland
13,13,351747,optimized_mf,grassland_meadow_steppe,grassland_meadow_steppe
13,14,21607,optimized_mf,grassland_meadow_steppe,forest
13,15,16012,optimized_mf,grassland_meadow_steppe,grassland_meadow_steppe
13,16,8807,optimized_mf,grassland_meadow_steppe,grassland_meadow_steppe
13,17,14,optimized_mf,grassland_meadow_steppe,alpine_vegetation
13,18,6189,optimized_mf,grassland_meadow_steppe,scrub
13,19,277,optimized_mf,grassland_meadow_steppe,no_vegetation
13,20,1431,optimized_mf,grassland_meadow_steppe,alpine_vegetation
13,21,6,optimized_mf,grassland_meadow_steppe,cropland
13,22,1021,optimized_mf,grassland_meadow_steppe,alpine_vegetation
13,23,17,optimized_mf,grassland_meadow_steppe,desert
13,24,8631,optimized_mf,grassland_meadow_steppe,desert
13,25,47310,optimized_mf,grassland_meadow_steppe,desert
13,26,13,optimized_mf,grassland_meadow_steppe,forest
13,27,2088,optimized_mf,grassland_meadow_steppe,cropland
13,28,138,optimized_mf,grassland_meadow_steppe,forest
13,29,44,optimized_mf,grassland_meadow_steppe,desert
13,30,8,optimized_mf,grassland_meadow_steppe,forest
13,31,5082,optimized_mf,grassland_meadow_steppe,grassland_meadow_steppe
13,32,4139,optimized_mf,grassland_meadow_steppe,desert
13,33,36644,optimized_mf,grassland_meadow_steppe,cropland
13,34,9,optimized_mf,grassland_meadow_steppe,forest
13,35,1458,optimized_mf,grassland_meadow_steppe,desert
13,36,7,optimized_mf,grassland_meadow_steppe,forest
13,37,115,optimized_mf,grassland_meadow_steppe,forest
13,38,8,optimized_mf,grassland_meadow_steppe,desert
13,39,8,optimized_mf,grassland_meadow_steppe,forest
13,40,7,optimized_mf,grassland_meadow_steppe,grassland_meadow_steppe
13,41,958,optimized_mf,grassland_meadow_steppe,grassland_meadow_steppe
13,42,1097,optimized_mf,grassland_meadow_steppe,desert
13,43,10,optimized_mf,grassland_meadow_steppe,wetland
13,44,8,optimized_mf,grassland_meadow_steppe,scrub
13,45,8,optimized_mf,grassland_meadow_steppe,scrub
13,46,6,optimized_mf,grassland_meadow_steppe,scrub
13,47,6,optimized_mf,grassland_meadow_steppe,cropland
13,48,9,optimized_mf,grassland_meadow_steppe,wetland
13,49,7,optimized_mf,grassland_meadow_steppe,forest
13,50,53,optimized_mf,grassland_meadow_steppe,scrub
13,52,16,optimized_mf,grassland_meadow_steppe,forest
13,53,13,optimized_mf,grassland_meadow_steppe,cropland
13,54,7,optimized_mf,grassland_meadow_steppe,wetland
13,55,12,optimized_mf,grassland_meadow_steppe,forest
14,1,1,optimized_mf,forest,cropland
14,2,14,optimized_mf,forest,forest
14,3,27,optimized_mf,forest,forest
14,4,273,optimized_mf,forest,wetland
14,5,66,optimized_mf,forest,grassland_meadow_steppe
14,7,334,optimized_mf,forest,scrub
14,11,1015,optimized_mf,forest,grassland_meadow_steppe
14,12,789,optimized_mf,forest,cropland
14,13,1495,optimized_mf,forest,grassland_meadow_steppe
14,14,25171,optimized_mf,forest,forest
14,15,782,optimized_mf,forest,grassland_meadow_steppe
14,19,512,optimized_mf,forest,no_vegetation
14,23,614,optimized_mf,forest,desert
14,24,616,optimized_mf,forest,desert
14,25,26,optimized_mf,forest,desert
14,27,717,optimized_mf,forest,cropland
14,29,16,optimized_mf,forest,desert
14,32,11,optimized_mf,forest,desert
14,33,186,optimized_mf,forest,cropland
15,1,135,optimized_mf,grassland_meadow_steppe,cropland
15,2,78,optimized_mf,grassland_meadow_steppe,forest
15,3,914,optimized_mf,grassland_meadow_steppe,forest
15,4,1750,optimized_mf,grassland_meadow_steppe,wetland
15,5,1510,optimized_mf,grassland_meadow_steppe,grassland_meadow_steppe
15,6,1319,optimized_mf,grassland_meadow_steppe,wetland
15,7,1155,optimized_mf,grassland_meadow_steppe,scrub
15,9,201,optimized_mf,grassland_meadow_steppe,forest
15,10,124,optimized_mf,grassland_meadow_steppe,forest
15,11,6024,optimized_mf,grassland_meadow_steppe,grassland_meadow_steppe
15,12,10148,optimized_mf,grassland_meadow_steppe,cropland
15,13,20194,optimized_mf,grassland_meadow_steppe,grassland_meadow_steppe
15,14,9340,optimized_mf,grassland_meadow_steppe,forest
15,15,112022,optimized_mf,grassland_meadow_steppe,grassland_meadow_steppe
15,16,93,optimized_mf,grassland_meadow_steppe,grassland_meadow_steppe
15,17,82,optimized_mf,grassland_meadow_steppe,alpine_vegetation
15,18,150,optimized_mf,grassland_meadow_steppe,scrub
15,19,12108,optimized_mf,grassland_meadow_steppe,no_vegetation
15,20,155,optimized_mf,grassland_meadow_steppe,alpine_vegetation
15,21,75,optimized_mf,grassland_meadow_steppe,cropland
15,22,90,optimized_mf,grassland_meadow_steppe,alpine_vegetation
15,23,16717,optimized_mf,grassland_meadow_steppe,desert
15,24,6692,optimized_mf,grassland_meadow_steppe,desert
15,25,6653,optimized_mf,grassland_meadow_steppe,desert
15,26,89,optimized_mf,grassland_meadow_steppe,forest
15,27,10053,optimized_mf,grassland_meadow_steppe,cropland
15,28,110,optimized_mf,grassland_meadow_steppe,forest
15,29,4084,optimized_mf,grassland_meadow_steppe,desert
15,30,118,optimized_mf,grassland_meadow_steppe,forest
15,31,258,optimized_mf,grassland_meadow_steppe,grassland_meadow_steppe
15,32,4408,optimized_mf,grassland_meadow_steppe,desert
15,33,3807,optimized_mf,grassland_meadow_steppe,cropland
15,34,88,optimized_mf,grassland_meadow_steppe,forest
15,35,405,optimized_mf,grassland_meadow_steppe,desert
15,36,107,optimized_mf,grassland_meadow_steppe,forest
15,37,288,optimized_mf,grassland_meadow_steppe,forest
15,38,1974,optimized_mf,grassland_meadow_steppe,desert
15,39,88,optimized_mf,grassland_meadow_steppe,forest
15,40,89,optimized_mf,grassland_meadow_steppe,grassland_meadow_steppe
15,41,150,optimized_mf,grassland_meadow_steppe,grassland_meadow_steppe
15,42,534,optimized_mf,grassland_meadow_steppe,desert
15,43,173,optimized_mf,grassland_meadow_steppe,wetland
15,44,87,optimized_mf,grassland_meadow_steppe,scrub
15,45,95,optimized_mf,grassland_meadow_steppe,scrub
15,46,97,optimized_mf,grassland_meadow_steppe,scrub
15,47,79,optimized_mf,grassland_meadow_steppe,cropland
15,48,92,optimized_mf,grassland_meadow_steppe,wetland
15,49,117,optimized_mf,grassland_meadow_steppe,forest
15,50,85,optimized_mf,grassland_meadow_steppe,scrub
15,52,100,optimized_mf,grassland_meadow_steppe,forest
15,53,101,optimized_mf,grassland_meadow_steppe,cropland
15,54,77,optimized_mf,grassland_meadow_steppe,wetland
15,55,109,optimized_mf,grassland_meadow_steppe,forest
16,1,4379,optimized_mf,grassland_meadow_steppe,cropland
16,2,4632,optimized_mf,grassland_meadow_steppe,forest
16,3,48,optimized_mf,grassland_meadow_steppe,forest
16,4,648,optimized_mf,grassland_meadow_steppe,wetland
16,5,4868,optimized_mf,grassland_meadow_steppe,grassland_meadow_steppe
16,6,99,optimized_mf,grassland_meadow_steppe,wetland
16,7,217,optimized_mf,grassland_meadow_steppe,scrub
16,9,7,optimized_mf,grassland_meadow_steppe,forest
16,10,10841,optimized_mf,grassland_meadow_steppe,forest
16,11,105,optimized_mf,grassland_meadow_steppe,grassland_meadow_steppe
16,12,7,optimized_mf,grassland_meadow_steppe,cropland
16,13,5062,optimized_mf,grassland_meadow_steppe,grassland_meadow_steppe
16,14,12,optimized_mf,grassland_meadow_steppe,forest
16,15,490,optimized_mf,grassland_meadow_steppe,grassland_meadow_steppe
16,16,500009,optimized_mf,grassland_meadow_steppe,grassland_meadow_steppe
16,17,5568,optimized_mf,grassland_meadow_steppe,alpine_vegetation
16,18,77050,optimized_mf,grassland_meadow_steppe,scrub
16,19,392,optimized_mf,grassland_meadow_steppe,no_vegetation
16,20,95719,optimized_mf,grassland_meadow_steppe,alpine_vegetation
16,21,10,optimized_mf,grassland_meadow_steppe,cropland
16,22,26262,optimized_mf,grassland_meadow_steppe,alpine_vegetation
16,23,254,optimized_mf,grassland_meadow_steppe,desert
16,24,373,optimized_mf,grassland_meadow_steppe,desert
16,25,3991,optimized_mf,grassland_meadow_steppe,desert
16,26,18,optimized_mf,grassland_meadow_steppe,forest
16,27,5,optimized_mf,grassland_meadow_steppe,cropland
16,28,610,optimized_mf,grassland_meadow_steppe,forest
16,29,35,optimized_mf,grassland_meadow_steppe,desert
16,30,24,optimized_mf,grassland_meadow_steppe,forest
16,31,63465,optimized_mf,grassland_meadow_steppe,grassland_meadow_steppe
16,32,597,optimized_mf,grassland_meadow_steppe,desert
16,33,315,optimized_mf,grassland_meadow_steppe,cropland
16,34,447,optimized_mf,grassland_meadow_steppe,forest
16,35,8,optimized_mf,grassland_meadow_steppe,desert
16,36,666,optimized_mf,grassland_meadow_steppe,forest
16,37,23,optimized_mf,grassland_meadow_steppe,forest
16,38,11,optimized_mf,grassland_meadow_steppe,desert
16,39,2754,optimized_mf,grassland_meadow_steppe,forest
16,40,74,optimized_mf,grassland_meadow_steppe,grassland_meadow_steppe
16,41,5,optimized_mf,grassland_meadow_steppe,grassland_meadow_steppe
16,42,7969,optimized_mf,grassland_meadow_steppe,desert
16,43,16343,optimized_mf,grassland_meadow_steppe,wetland
16,44,52,optimized_mf,grassland_meadow_steppe,scrub
16,45,27928,optimized_mf,grassland_meadow_steppe,scrub
16,46,48401,optimized_mf,grassland_meadow_steppe,scrub
16,47,39,optimized_mf,grassland_meadow_steppe,cropland
16,48,94,optimized_mf,grassland_meadow_steppe,wetland
16,49,83,optimized_mf,grassland_meadow_steppe,forest
16,50,134,optimized_mf,grassland_meadow_steppe,scrub
16,52,9,optimized_mf,grassland_meadow_steppe,forest
16,53,9,optimized_mf,grassland_meadow_steppe,cropland
16,54,7,optimized_mf,grassland_meadow_steppe,wetland
16,55,10,optimized_mf,grassland_meadow_steppe,forest
17,1,1,optimized_mf,alpine_vegetation,cropland
17,2,60,optimized_mf,alpine_vegetation,forest
17,4,10,optimized_mf,alpine_vegetation,wetland
17,5,9,optimized_mf,alpine_vegetation,grassland_meadow_steppe
17,9,3,optimized_mf,alpine_vegetation,forest
17,10,1,optimized_mf,alpine_vegetation,forest
17,11,2,optimized_mf,alpine_vegetation,grassland_meadow_steppe
17,13,2,optimized_mf,alpine_vegetation,grassland_meadow_steppe
17,14,2,optimized_mf,alpine_vegetation,forest
17,16,3,optimized_mf,alpine_vegetation,grassland_meadow_steppe
17,17,1498,optimized_mf,alpine_vegetation,alpine_vegetation
17,18,1,optimized_mf,alpine_vegetation,scrub
17,20,1,optimized_mf,alpine_vegetation,alpine_vegetation
17,21,3,optimized_mf,alpine_vegetation,cropland
17,23,3,optimized_mf,alpine_vegetation,desert
17,24,3,optimized_mf,alpine_vegetation,desert
17,25,4,optimized_mf,alpine_vegetation,desert
17,26,1,optimized_mf,alpine_vegetation,forest
17,27,1,optimized_mf,alpine_vegetation,cropland
17,28,1,optimized_mf,alpine_vegetation,forest
17,29,2,optimized_mf,alpine_vegetation,desert
17,30,2,optimized_mf,alpine_vegetation,forest
17,32,1,optimized_mf,alpine_vegetation,desert
17,34,1,optimized_mf,alpine_vegetation,forest
17,35,1,optimized_mf,alpine_vegetation,desert
17,36,1,optimized_mf,alpine_vegetation,forest
17,37,1,optimized_mf,alpine_vegetation,forest
17,38,4,optimized_mf,alpine_vegetation,desert
17,40,1,optimized_mf,alpine_vegetation,grassland_meadow_steppe
17,41,3,optimized_mf,alpine_vegetation,grassland_meadow_steppe
17,42,1,optimized_mf,alpine_vegetation,desert
17,43,1,optimized_mf,alpine_vegetation,wetland
17,44,5,optimized_mf,alpine_vegetation,scrub
17,45,1,optimized_mf,alpine_vegetation,scrub
17,46,1,optimized_mf,alpine_vegetation,scrub
17,48,2,optimized_mf,alpine_vegetation,wetland
17,52,1,optimized_mf,alpine_vegetation,forest
17,54,1,optimized_mf,alpine_vegetation,wetland
17,55,2,optimized_mf,alpine_vegetation,forest
18,1,2903,optimized_mf,scrub,cropland
18,2,835,optimized_mf,scrub,forest
18,3,101,optimized_mf,scrub,forest
18,4,30,optimized_mf,scrub,wetland
18,5,1046,optimized_mf,scrub,grassland_meadow_steppe
18,7,120,optimized_mf,scrub,scrub
18,10,5663,optimized_mf,scrub,forest
18,11,142,optimized_mf,scrub,grassland_meadow_steppe
18,12,1,optimized_mf,scrub,cropland
18,13,2497,optimized_mf,scrub,grassland_meadow_steppe
18,15,8,optimized_mf,scrub,grassland_meadow_steppe
18,16,23200,optimized_mf,scrub,grassland_meadow_steppe
18,17,119,optimized_mf,scrub,alpine_vegetation
18,18,42742,optimized_mf,scrub,scrub
18,19,1,optimized_mf,scrub,no_vegetation
18,20,1590,optimized_mf,scrub,alpine_vegetation
18,22,670,optimized_mf,scrub,alpine_vegetation
18,24,173,optimized_mf,scrub,desert
18,25,2226,optimized_mf,scrub,desert
18,26,5,optimized_mf,scrub,forest
18,28,547,optimized_mf,scrub,forest
18,30,21,optimized_mf,scrub,forest
18,31,3805,optimized_mf,scrub,grassland_meadow_steppe
18,32,163,optimized_mf,scrub,desert
18,33,201,optimized_mf,scrub,cropland
18,34,489,optimized_mf,scrub,forest
18,35,1,optimized_mf,scrub,desert
18,36,596,optimized_mf,scrub,forest
18,37,1,optimized_mf,scrub,forest
18,39,5432,optimized_mf,scrub,forest
18,40,6,optimized_mf,scrub,grassland_meadow_steppe
18,42,1916,optimized_mf,scrub,desert
18,43,1110,optimized_mf,scrub,wetland
18,44,248,optimized_mf,scrub,scrub
18,45,3287,optimized_mf,scrub,scrub
18,46,10989,optimized_mf,scrub,scrub
18,47,3,optimized_mf,scrub,cropland
18,49,5,optimized_mf,scrub,forest
18,50,72,optimized_mf,scrub,scrub
19,1,53,optimized_mf,no_vegetation,cropland
19,2,23,optimized_mf,no_vegetation,forest
19,3,52,optimized_mf,no_vegetation,forest
19,4,24,optimized_mf,no_vegetation,wetland
19,5,15,optimized_mf,no_vegetation,grassland_meadow_steppe
19,6,51,optimized_mf,no_vegetation,wetland
19,7,112,optimized_mf,no_vegetation,scrub
19,9,14,optimized_mf,no_vegetation,forest
19,10,447,optimized_mf,no_vegetation,forest
19,11,34,optimized_mf,no_vegetation,grassland_meadow_steppe
19,12,54,optimized_mf,no_vegetation,cropland
19,13,443,optimized_mf,no_vegetation,grassland_meadow_steppe
19,14,6612,optimized_mf,no_vegetation,forest
19,15,14383,optimized_mf,no_vegetation,grassland_meadow_steppe
19,16,3257,optimized_mf,no_vegetation,grassland_meadow_steppe
19,17,22,optimized_mf,no_vegetation,alpine_vegetation
19,18,103,optimized_mf,no_vegetation,scrub
19,19,506017,optimized_mf,no_vegetation,no_vegetation
19,20,38419,optimized_mf,no_vegetation,alpine_vegetation
19,21,24,optimized_mf,no_vegetation,cropland
19,22,4080,optimized_mf,no_vegetation,alpine_vegetation
19,23,48801,optimized_mf,no_vegetation,desert
19,24,24864,optimized_mf,no_vegetation,desert
19,25,1042,optimized_mf,no_vegetation,desert
19,26,7,optimized_mf,no_vegetation,forest
19,27,736,optimized_mf,no_vegetation,cropland
19,28,74,optimized_mf,no_vegetation,forest
19,29,4312,optimized_mf,no_vegetation,desert
19,30,16,optimized_mf,no_vegetation,forest
19,31,5412,optimized_mf,no_vegetation,grassland_meadow_steppe
19,32,3096,optimized_mf,no_vegetation,desert
19,33,118,optimized_mf,no_vegetation,cropland
19,34,34,optimized_mf,no_vegetation,forest
19,35,20,optimized_mf,no_vegetation,desert
19,36,17,optimized_mf,no_vegetation,forest
19,37,34,optimized_mf,no_vegetation,forest
19,38,19964,optimized_mf,no_vegetation,desert
19,39,19,optimized_mf,no_vegetation,forest
19,40,18,optimized_mf,no_vegetation,grassland_meadow_steppe
19,41,18,optimized_mf,no_vegetation,grassland_meadow_steppe
19,42,5749,optimized_mf,no_vegetation,desert
19,43,538,optimized_mf,no_vegetation,wetland
19,44,15,optimized_mf,no_vegetation,scrub
19,45,1241,optimized_mf,no_vegetation,scrub
19,46,780,optimized_mf,no_vegetation,scrub
19,47,14,optimized_mf,no_vegetation,cropland
19,48,45,optimized_mf,no_vegetation,wetland
19,49,11,optimized_mf,no_vegetation,forest
19,50,26,optimized_mf,no_vegetation,scrub
19,52,28,optimized_mf,no_vegetation,forest
19,53,20,optimized_mf,no_vegetation,cropland
19,54,20,optimized_mf,no_vegetation,wetland
19,55,28,optimized_mf,no_vegetation,forest
20,1,205,optimized_mf,alpine_vegetation,cropland
20,2,112,optimized_mf,alpine_vegetation,forest
20,3,32,optimized_mf,alpine_vegetation,forest
20,4,51,optimized_mf,alpine_vegetation,wetland
20,5,226,optimized_mf,alpine_vegetation,grassland_meadow_steppe
20,6,40,optimized_mf,alpine_vegetation,wetland
20,7,28,optimized_mf,alpine_vegetation,scrub
20,9,20,optimized_mf,alpine_vegetation,forest
20,10,2528,optimized_mf,alpine_vegetation,forest
20,11,40,optimized_mf,alpine_vegetation,grassland_meadow_steppe
20,12,31,optimized_mf,alpine_vegetation,cropland
20,13,448,optimized_mf,alpine_vegetation,grassland_meadow_steppe
20,14,52,optimized_mf,alpine_vegetation,forest
20,15,42,optimized_mf,alpine_vegetation,grassland_meadow_steppe
20,16,51344,optimized_mf,alpine_vegetation,grassland_meadow_steppe
20,17,1171,optimized_mf,alpine_vegetation,alpine_vegetation
20,18,1782,optimized_mf,alpine_vegetation,scrub
20,19,86,optimized_mf,alpine_vegetation,no_vegetation
20,20,220810,optimized_mf,alpine_vegetation,alpine_vegetation
20,21,24,optimized_mf,alpine_vegetation,cropland
20,22,11633,optimized_mf,alpine_vegetation,alpine_vegetation
20,23,39,optimized_mf,alpine_vegetation,desert
20,24,472,optimized_mf,alpine_vegetation,desert
20,25,953,optimized_mf,alpine_vegetation,desert
20,26,19,optimized_mf,alpine_vegetation,forest
20,27,18,optimized_mf,alpine_vegetation,cropland
20,28,149,optimized_mf,alpine_vegetation,forest
20,29,35,optimized_mf,alpine_vegetation,desert
20,30,16,optimized_mf,alpine_vegetation,forest
20,31,26536,optimized_mf,alpine_vegetation,grassland_meadow_steppe
20,32,119,optimized_mf,alpine_vegetation,desert
20,33,52,optimized_mf,alpine_vegetation,cropland
20,34,209,optimized_mf,alpine_vegetation,forest
20,35,30,optimized_mf,alpine_vegetation,desert
20,36,32,optimized_mf,alpine_vegetation,forest
20,37,25,optimized_mf,alpine_vegetation,forest
20,38,40,optimized_mf,alpine_vegetation,desert
20,39,186,optimized_mf,alpine_vegetation,forest
20,40,12,optimized_mf,alpine_vegetation,grassland_meadow_steppe
20,41,26,optimized_mf,alpine_vegetation,grassland_meadow_steppe
20,42,42338,optimized_mf,alpine_vegetation,desert
20,43,93,optimized_mf,alpine_vegetation,wetland
20,44,25,optimized_mf,alpine_vegetation,scrub
20,45,7228,optimized_mf,alpine_vegetation,scrub
20,46,10240,optimized_mf,alpine_vegetation,scrub
20,47,24,optimized_mf,alpine_vegetation,cropland
20,48,132,optimized_mf,alpine_vegetation,wetland
20,49,19,optimized_mf,alpine_vegetation,forest
20,50,61,optimized_mf,alpine_vegetation,scrub
20,52,37,optimized_mf,alpine_vegetation,forest
20,53,35,optimized_mf,alpine_vegetation,cropland
20,54,24,optimized_mf,alpine_vegetation,wetland
20,55,36,optimized_mf,alpine_vegetation,forest
21,1,125,optimized_mf,cropland,cropland
21,2,28,optimized_mf,cropland,forest
21,3,201,optimized_mf,cropland,forest
21,4,213,optimized_mf,cropland,wetland
21,5,336,optimized_mf,cropland,grassland_meadow_steppe
21,6,24,optimized_mf,cropland,wetland
21,7,55,optimized_mf,cropland,scrub
21,9,294,optimized_mf,cropland,forest
21,10,170,optimized_mf,cropland,forest
21,11,28,optimized_mf,cropland,grassland_meadow_steppe
21,12,21,optimized_mf,cropland,cropland
21,13,29,optimized_mf,cropland,grassland_meadow_steppe
21,14,21,optimized_mf,cropland,forest
21,15,16,optimized_mf,cropland,grassland_meadow_steppe
21,16,22,optimized_mf,cropland,grassland_meadow_steppe
21,17,19,optimized_mf,cropland,alpine_vegetation
21,18,22,optimized_mf,cropland,scrub
21,19,24,optimized_mf,cropland,no_vegetation
21,20,19,optimized_mf,cropland,alpine_vegetation
21,21,356891,optimized_mf,cropland,cropland
21,22,26,optimized_mf,cropland,alpine_vegetation
21,23,32,optimized_mf,cropland,desert
21,24,30,optimized_mf,cropland,desert
21,25,35,optimized_mf,cropland,desert
21,26,11978,optimized_mf,cropland,forest
21,27,19,optimized_mf,cropland,cropland
21,28,2142,optimized_mf,cropland,forest
21,29,20,optimized_mf,cropland,desert
21,30,72031,optimized_mf,cropland,forest
21,31,31,optimized_mf,cropland,grassland_meadow_steppe
21,32,28,optimized_mf,cropland,desert
21,33,17,optimized_mf,cropland,cropland
21,34,391,optimized_mf,cropland,forest
21,35,25,optimized_mf,cropland,desert
21,36,15038,optimized_mf,cropland,forest
21,37,257,optimized_mf,cropland,forest
21,38,25,optimized_mf,cropland,desert
21,39,499,optimized_mf,cropland,forest
21,40,42941,optimized_mf,cropland,grassland_meadow_steppe
21,41,230,optimized_mf,cropland,grassland_meadow_steppe
21,42,25,optimized_mf,cropland,desert
21,43,20,optimized_mf,cropland,wetland
21,44,29427,optimized_mf,cropland,scrub
21,45,34,optimized_mf,cropland,scrub
21,46,38,optimized_mf,cropland,scrub
21,47,14364,optimized_mf,cropland,cropland
21,48,4574,optimized_mf,cropland,wetland
21,49,17303,optimized_mf,cropland,forest
21,50,564,optimized_mf,cropland,scrub
21,52,2354,optimized_mf,cropland,forest
21,53,22617,optimized_mf,cropland,cropland
21,54,324,optimized_mf,cropland,wetland
21,55,3213,optimized_mf,cropland,forest
22,1,1,optimized_mf,alpine_vegetation,cropland
22,2,106,optimized_mf,alpine_vegetation,forest
22,3,455,optimized_mf,alpine_vegetation,forest
22,4,46,optimized_mf,alpine_vegetation,wetland
22,5,500,optimized_mf,alpine_vegetation,grassland_meadow_steppe
22,6,11,optimized_mf,alpine_vegetation,wetland
22,10,1,optimized_mf,alpine_vegetation,forest
22,12,533,optimized_mf,alpine_vegetation,cropland
22,13,196,optimized_mf,alpine_vegetation,grassland_meadow_steppe
22,16,4188,optimized_mf,alpine_vegetation,grassland_meadow_steppe
22,17,47,optimized_mf,alpine_vegetation,alpine_vegetation
22,18,95,optimized_mf,alpine_vegetation,scrub
22,19,323,optimized_mf,alpine_vegetation,no_vegetation
22,20,3281,optimized_mf,alpine_vegetation,alpine_vegetation
22,22,25621,optimized_mf,alpine_vegetation,alpine_vegetation
22,23,93,optimized_mf,alpine_vegetation,desert
22,24,192,optimized_mf,alpine_vegetation,desert
22,25,436,optimized_mf,alpine_vegetation,desert
22,27,244,optimized_mf,alpine_vegetation,cropland
22,29,1,optimized_mf,alpine_vegetation,desert
22,31,2694,optimized_mf,alpine_vegetation,grassland_meadow_steppe
22,32,28,optimized_mf,alpine_vegetation,desert
22,33,2,optimized_mf,alpine_vegetation,cropland
22,35,1,optimized_mf,alpine_vegetation,desert
22,36,2,optimized_mf,alpine_vegetation,forest
22,37,1,optimized_mf,alpine_vegetation,forest
22,39,1,optimized_mf,alpine_vegetation,forest
22,41,1,optimized_mf,alpine_vegetation,grassland_meadow_steppe
22,42,2785,optimized_mf,alpine_vegetation,desert
22,43,6,optimized_mf,alpine_vegetation,wetland
22,44,1,optimized_mf,alpine_vegetation,scrub
22,45,53,optimized_mf,alpine_vegetation,scrub
22,46,2,optimized_mf,alpine_vegetation,scrub
22,47,1,optimized_mf,alpine_vegetation,cropland
22,48,2,optimized_mf,alpine_vegetation,wetland
22,52,1,optimized_mf,alpine_vegetation,forest
22,53,18,optimized_mf,alpine_vegetation,cropland
22,54,1,optimized_mf,alpine_vegetation,wetland
22,55,10,optimized_mf,alpine_vegetation,forest
23,2,2,optimized_mf,desert,forest
23,3,2,optimized_mf,desert,forest
23,4,59,optimized_mf,desert,wetland
23,5,24,optimized_mf,desert,grassland_meadow_steppe
23,6,16,optimized_mf,desert,wetland
23,7,680,optimized_mf,desert,scrub
23,9,1,optimized_mf,desert,forest
23,10,1,optimized_mf,desert,forest
23,11,3,optimized_mf,desert,grassland_meadow_steppe
23,12,52,optimized_mf,desert,cropland
23,13,910,optimized_mf,desert,grassland_meadow_steppe
23,14,10170,optimized_mf,desert,forest
23,15,18473,optimized_mf,desert,grassland_meadow_steppe
23,16,202,optimized_mf,desert,grassland_meadow_steppe
23,17,10,optimized_mf,desert,alpine_vegetation
23,18,417,optimized_mf,desert,scrub
23,19,24730,optimized_mf,desert,no_vegetation
23,20,295,optimized_mf,desert,alpine_vegetation
23,21,7,optimized_mf,desert,cropland
23,22,112,optimized_mf,desert,alpine_vegetation
23,23,170222,optimized_mf,desert,desert
23,24,50993,optimized_mf,desert,desert
23,25,3123,optimized_mf,desert,desert
23,26,1,optimized_mf,desert,forest
23,27,449,optimized_mf,desert,cropland
23,28,194,optimized_mf,desert,forest
23,29,14237,optimized_mf,desert,desert
23,30,1,optimized_mf,desert,forest
23,31,981,optimized_mf,desert,grassland_meadow_steppe
23,32,7148,optimized_mf,desert,desert
23,33,1632,optimized_mf,desert,cropland
23,34,3,optimized_mf,desert,forest
23,35,14014,optimized_mf,desert,desert
23,36,5,optimized_mf,desert,forest
23,37,1,optimized_mf,desert,forest
23,38,6303,optimized_mf,desert,desert
23,39,3,optimized_mf,desert,forest
23,40,33,optimized_mf,desert,grassland_meadow_steppe
23,41,23,optimized_mf,desert,grassland_meadow_steppe
23,42,1165,optimized_mf,desert,desert
23,43,35,optimized_mf,desert,wetland
23,44,4,optimized_mf,desert,scrub
23,45,15,optimized_mf,desert,scrub
23,46,1,optimized_mf,desert,scrub
23,47,1,optimized_mf,desert,cropland
23,48,2,optimized_mf,desert,wetland
23,49,31,optimized_mf,desert,forest
23,50,5,optimized_mf,desert,scrub
23,52,12,optimized_mf,desert,forest
23,54,1,optimized_mf,desert,wetland
23,55,2,optimized_mf,desert,forest
24,1,152,optimized_mf,desert,cropland
24,2,15,optimized_mf,desert,forest
24,3,32,optimized_mf,desert,forest
24,4,41,optimized_mf,desert,wetland
24,5,413,optimized_mf,desert,grassland_meadow_steppe
24,6,104,optimized_mf,desert,wetland
24,7,511,optimized_mf,desert,scrub
24,9,5,optimized_mf,desert,forest
24,10,14,optimized_mf,desert,forest
24,11,269,optimized_mf,desert,grassland_meadow_steppe
24,12,1305,optimized_mf,desert,cropland
24,13,9645,optimized_mf,desert,grassland_meadow_steppe
24,14,944,optimized_mf,desert,forest
24,15,8885,optimized_mf,desert,grassland_meadow_steppe
24,16,986,optimized_mf,desert,grassland_meadow_steppe
24,17,12,optimized_mf,desert,alpine_vegetation
24,18,610,optimized_mf,desert,scrub
24,19,11943,optimized_mf,desert,no_vegetation
24,20,719,optimized_mf,desert,alpine_vegetation
24,21,4,optimized_mf,desert,cropland
24,22,547,optimized_mf,desert,alpine_vegetation
24,23,90882,optimized_mf,desert,desert
24,24,491084,optimized_mf,desert,desert
24,25,66168,optimized_mf,desert,desert
24,26,6,optimized_mf,desert,forest
24,27,1186,optimized_mf,desert,cropland
24,28,12,optimized_mf,desert,forest
24,29,52974,optimized_mf,desert,desert
24,30,6,optimized_mf,desert,forest
24,31,2139,optimized_mf,desert,grassland_meadow_steppe
24,32,29839,optimized_mf,desert,desert
24,33,10303,optimized_mf,desert,cropland
24,34,6,optimized_mf,desert,forest
24,35,41087,optimized_mf,desert,desert
24,36,8,optimized_mf,desert,forest
24,37,6,optimized_mf,desert,forest
24,38,6281,optimized_mf,desert,desert
24,39,3,optimized_mf,desert,forest
24,40,4,optimized_mf,desert,grassland_meadow_steppe
24,41,6,optimized_mf,desert,grassland_meadow_steppe
24,42,15363,optimized_mf,desert,desert
24,43,739,optimized_mf,desert,wetland
24,44,9,optimized_mf,desert,scrub
24,45,66,optimized_mf,desert,scrub
24,46,6,optimized_mf,desert,scrub
24,47,7,optimized_mf,desert,cropland
24,48,9,optimized_mf,desert,wetland
24,49,5,optimized_mf,desert,forest
24,50,12,optimized_mf,desert,scrub
24,52,6,optimized_mf,desert,forest
24,53,7,optimized_mf,desert,cropland
24,54,3,optimized_mf,desert,wetland
24,55,9,optimized_mf,desert,forest
25,1,824,optimized_mf,desert,cropland
25,2,77,optimized_mf,desert,forest
25,3,4,optimized_mf,desert,forest
25,4,327,optimized_mf,desert,wetland
25,5,1134,optimized_mf,desert,grassland_meadow_steppe
25,6,1,optimized_mf,desert,wetland
25,7,480,optimized_mf,desert,scrub
25,9,3,optimized_mf,desert,forest
25,10,4,optimized_mf,desert,forest
25,11,1659,optimized_mf,desert,grassland_meadow_steppe
25,12,816,optimized_mf,desert,cropland
25,13,19114,optimized_mf,desert,grassland_meadow_steppe
25,14,87,optimized_mf,desert,forest
25,15,1879,optimized_mf,desert,grassland_meadow_steppe
25,16,3428,optimized_mf,desert,grassland_meadow_steppe
25,17,2,optimized_mf,desert,alpine_vegetation
25,18,647,optimized_mf,desert,scrub
25,19,29,optimized_mf,desert,no_vegetation
25,20,2182,optimized_mf,desert,alpine_vegetation
25,21,3,optimized_mf,desert,cropland
25,22,484,optimized_mf,desert,alpine_vegetation
25,23,1011,optimized_mf,desert,desert
25,24,19531,optimized_mf,desert,desert
25,25,151196,optimized_mf,desert,desert
25,26,2,optimized_mf,desert,forest
25,27,265,optimized_mf,desert,cropland
25,28,1,optimized_mf,desert,forest
25,29,1718,optimized_mf,desert,desert
25,30,3,optimized_mf,desert,forest
25,31,9495,optimized_mf,desert,grassland_meadow_steppe
25,32,4983,optimized_mf,desert,desert
25,33,4325,optimized_mf,desert,cropland
25,34,4,optimized_mf,desert,forest
25,35,3890,optimized_mf,desert,desert
25,36,5,optimized_mf,desert,forest
25,37,2,optimized_mf,desert,forest
25,38,16,optimized_mf,desert,desert
25,39,9,optimized_mf,desert,forest
25,40,3,optimized_mf,desert,grassland_meadow_steppe
25,41,5,optimized_mf,desert,grassland_meadow_steppe
25,42,7091,optimized_mf,desert,desert
25,43,416,optimized_mf,desert,wetland
25,44,6,optimized_mf,desert,scrub
25,45,169,optimized_mf,desert,scrub
25,46,9,optimized_mf,desert,scrub
25,47,1,optimized_mf,desert,cropland
25,48,1,optimized_mf,desert,wetland
25,49,3,optimized_mf,desert,forest
25,50,4,optimized_mf,desert,scrub
25,52,3,optimized_mf,desert,forest
25,53,1,optimized_mf,desert,cropland
25,54,5,optimized_mf,desert,wetland
26,1,1,optimized_mf,forest,cropland
26,3,79,optimized_mf,forest,forest
26,4,2,optimized_mf,forest,wetland
26,5,191,optimized_mf,forest,grassland_meadow_steppe
26,7,48,optimized_mf,forest,scrub
26,10,637,optimized_mf,forest,forest
26,12,11,optimized_mf,forest,cropland
26,15,6,optimized_mf,forest,grassland_meadow_steppe
26,16,2,optimized_mf,forest,grassland_meadow_steppe
26,17,3,optimized_mf,forest,alpine_vegetation
26,18,7,optimized_mf,forest,scrub
26,21,1863,optimized_mf,forest,cropland
26,23,59,optimized_mf,forest,desert
26,24,27,optimized_mf,forest,desert
26,26,20000,optimized_mf,forest,forest
26,27,9,optimized_mf,forest,cropland
26,28,267,optimized_mf,forest,forest
26,30,7796,optimized_mf,forest,forest
26,33,9,optimized_mf,forest,cropland
26,34,918,optimized_mf,forest,forest
26,36,3011,optimized_mf,forest,forest
26,37,1,optimized_mf,forest,forest
26,39,383,optimized_mf,forest,forest
26,40,1002,optimized_mf,forest,grassland_meadow_steppe
26,41,22,optimized_mf,forest,grassland_meadow_steppe
26,43,1,optimized_mf,forest,wetland
26,44,460,optimized_mf,forest,scrub
26,46,105,optimized_mf,forest,scrub
26,47,254,optimized_mf,forest,cropland
26,49,2825,optimized_mf,forest,forest
26,50,3,optimized_mf,forest,scrub
26,52,287,optimized_mf,forest,forest
26,53,569,optimized_mf,forest,cropland
26,55,38,optimized_mf,forest,forest
27,1,33,optimized_mf,cropland,cropland
27,2,440,optimized_mf,cropland,forest
27,3,32614,optimized_mf,cropland,forest
27,4,5142,optimized_mf,cropland,wetland
27,5,4877,optimized_mf,cropland,grassland_meadow_steppe
27,6,2813,optimized_mf,cropland,wetland
27,7,29050,optimized_mf,cropland,scrub
27,9,388,optimized_mf,cropland,forest
27,10,293,optimized_mf,cropland,forest
27,11,21879,optimized_mf,cropland,grassland_meadow_steppe
27,12,5297,optimized_mf,cropland,cropland
27,13,2243,optimized_mf,cropland,grassland_meadow_steppe
27,14,8360,optimized_mf,cropland,forest
27,15,26151,optimized_mf,cropland,grassland_meadow_steppe
27,16,36,optimized_mf,cropland,grassland_meadow_steppe
27,17,22,optimized_mf,cropland,alpine_vegetation
27,18,85,optimized_mf,cropland,scrub
27,19,2165,optimized_mf,cropland,no_vegetation
27,20,34,optimized_mf,cropland,alpine_vegetation
27,21,132,optimized_mf,cropland,cropland
27,22,19,optimized_mf,cropland,alpine_vegetation
27,23,4792,optimized_mf,cropland,desert
27,24,5362,optimized_mf,cropland,desert
27,25,684,optimized_mf,cropland,desert
27,26,287,optimized_mf,cropland,forest
27,27,604141,optimized_mf,cropland,cropland
27,28,5335,optimized_mf,cropland,forest
27,29,23,optimized_mf,cropland,desert
27,30,23,optimized_mf,cropland,forest
27,31,32,optimized_mf,cropland,grassland_meadow_steppe
27,32,2305,optimized_mf,cropland,desert
27,33,20609,optimized_mf,cropland,cropland
27,34,43,optimized_mf,cropland,forest
27,35,38,optimized_mf,cropland,desert
27,36,3076,optimized_mf,cropland,forest
27,37,38879,optimized_mf,cropland,forest
27,38,1817,optimized_mf,cropland,desert
27,39,181,optimized_mf,cropland,forest
27,40,50,optimized_mf,cropland,grassland_meadow_steppe
27,41,17647,optimized_mf,cropland,grassland_meadow_steppe
27,42,31,optimized_mf,cropland,desert
27,43,22,optimized_mf,cropland,wetland
27,44,260,optimized_mf,cropland,scrub
27,45,59,optimized_mf,cropland,scrub
27,46,55,optimized_mf,cropland,scrub
27,47,11072,optimized_mf,cropland,cropland
27,48,47,optimized_mf,cropland,wetland
27,49,30,optimized_mf,cropland,forest
27,50,26,optimized_mf,cropland,scrub
27,52,29,optimized_mf,cropland,forest
27,53,32,optimized_mf,cropland,cropland
27,54,24,optimized_mf,cropland,wetland
27,55,31,optimized_mf,cropland,forest
28,1,629,optimized_mf,forest,cropland
28,3,640,optimized_mf,forest,forest
28,4,1,optimized_mf,forest,wetland
28,5,306,optimized_mf,forest,grassland_meadow_steppe
28,7,558,optimized_mf,forest,scrub
28,10,1262,optimized_mf,forest,forest
28,13,24,optimized_mf,forest,grassland_meadow_steppe
28,15,53,optimized_mf,forest,grassland_meadow_steppe
28,16,43,optimized_mf,forest,grassland_meadow_steppe
28,18,748,optimized_mf,forest,scrub
28,19,12,optimized_mf,forest,no_vegetation
28,20,29,optimized_mf,forest,alpine_vegetation
28,21,438,optimized_mf,forest,cropland
28,23,129,optimized_mf,forest,desert
28,24,63,optimized_mf,forest,desert
28,25,1,optimized_mf,forest,desert
28,26,977,optimized_mf,forest,forest
28,27,1609,optimized_mf,forest,cropland
28,28,19518,optimized_mf,forest,forest
28,30,2365,optimized_mf,forest,forest
28,31,4,optimized_mf,forest,grassland_meadow_steppe
28,33,454,optimized_mf,forest,cropland
28,34,261,optimized_mf,forest,forest
28,36,3215,optimized_mf,forest,forest
28,37,3,optimized_mf,forest,forest
28,39,1338,optimized_mf,forest,forest
28,40,1038,optimized_mf,forest,grassland_meadow_steppe
28,41,510,optimized_mf,forest,grassland_meadow_steppe
28,44,3510,optimized_mf,forest,scrub
28,45,244,optimized_mf,forest,scrub
28,46,767,optimized_mf,forest,scrub
28,47,3364,optimized_mf,forest,cropland
28,49,369,optimized_mf,forest,forest
28,50,645,optimized_mf,forest,scrub
28,55,915,optimized_mf,forest,forest
29,2,1,optimized_mf,desert,forest
29,3,2,optimized_mf,desert,forest
29,4,2,optimized_mf,desert,wetland
29,5,2,optimized_mf,desert,grassland_meadow_steppe
29,7,80,optimized_mf,desert,scrub
29,10,3,optimized_mf,desert,forest
29,11,2,optimized_mf,desert,grassland_meadow_steppe
29,12,1,optimized_mf,desert,cropland
29,13,59,optimized_mf,desert,grassland_meadow_steppe
29,14,1,optimized_mf,desert,forest
29,15,3669,optimized_mf,desert,grassland_meadow_steppe
29,16,2,optimized_mf,desert,grassland_meadow_steppe
29,17,3,optimized_mf,desert,alpine_vegetation
29,19,1067,optimized_mf,desert,no_vegetation
29,20,24,optimized_mf,desert,alpine_vegetation
29,21,1,optimized_mf,desert,cropland
29,22,14,optimized_mf,desert,alpine_vegetation
29,23,8416,optimized_mf,desert,desert
29,24,19162,optimized_mf,desert,desert
29,25,972,optimized_mf,desert,desert
29,26,1,optimized_mf,desert,forest
29,27,3,optimized_mf,desert,cropland
29,28,29,optimized_mf,desert,forest
29,29,124767,optimized_mf,desert,desert
29,30,4,optimized_mf,desert,forest
29,31,1,optimized_mf,desert,grassland_meadow_steppe
29,32,1451,optimized_mf,desert,desert
29,33,1501,optimized_mf,desert,cropland
29,34,1,optimized_mf,desert,forest
29,35,1781,optimized_mf,desert,desert
29,36,1,optimized_mf,desert,forest
29,37,1,optimized_mf,desert,forest
29,38,1278,optimized_mf,desert,desert
29,39,2,optimized_mf,desert,forest
29,40,14,optimized_mf,desert,grassland_meadow_steppe
29,41,1,optimized_mf,desert,grassland_meadow_steppe
29,43,1,optimized_mf,desert,wetland
29,44,2,optimized_mf,desert,scrub
29,46,2,optimized_mf,desert,scrub
29,47,1,optimized_mf,desert,cropland
29,49,6,optimized_mf,desert,forest
29,50,4,optimized_mf,desert,scrub
29,52,1,optimized_mf,desert,forest
29,53,1,optimized_mf,desert,cropland
29,54,1,optimized_mf,desert,wetland
30,1,158,optimized_mf,forest,cropland
30,2,7,optimized_mf,forest,forest
30,3,5710,optimized_mf,forest,forest
30,4,5,optimized_mf,forest,wetland
30,5,2431,optimized_mf,forest,grassland_meadow_steppe
30,6,5,optimized_mf,forest,wetland
30,7,1659,optimized_mf,forest,scrub
30,9,12,optimized_mf,forest,forest
30,10,3845,optimized_mf,forest,forest
30,11,11,optimized_mf,forest,grassland_meadow_steppe
30,12,9,optimized_mf,forest,cropland
30,13,8,optimized_mf,forest,grassland_meadow_steppe
30,14,8,optimized_mf,forest,forest
30,15,3,optimized_mf,forest,grassland_meadow_steppe
30,16,7,optimized_mf,forest,grassland_meadow_steppe
30,17,8,optimized_mf,forest,alpine_vegetation
30,18,48,optimized_mf,forest,scrub
30,19,6,optimized_mf,forest,no_vegetation
30,20,7,optimized_mf,forest,alpine_vegetation
30,21,55053,optimized_mf,forest,cropland
30,22,5,optimized_mf,forest,alpine_vegetation
30,23,10,optimized_mf,forest,desert
30,24,5,optimized_mf,forest,desert
30,25,7,optimized_mf,forest,desert
30,26,37598,optimized_mf,forest,forest
30,27,510,optimized_mf,forest,cropland
30,28,10438,optimized_mf,forest,forest
30,29,14,optimized_mf,forest,desert
30,30,240850,optimized_mf,forest,forest
30,31,7,optimized_mf,forest,grassland_meadow_steppe
30,32,2,optimized_mf,forest,desert
30,33,614,optimized_mf,forest,cropland
30,34,1063,optimized_mf,forest,forest
30,35,7,optimized_mf,forest,desert
30,36,20996,optimized_mf,forest,forest
30,37,285,optimized_mf,forest,forest
30,38,12,optimized_mf,forest,desert
30,39,10443,optimized_mf,forest,forest
30,40,53501,optimized_mf,forest,grassland_meadow_steppe
30,41,965,optimized_mf,forest,grassland_meadow_steppe
30,42,6,optimized_mf,forest,desert
30,43,4,optimized_mf,forest,wetland
30,44,42569,optimized_mf,forest,scrub
30,45,188,optimized_mf,forest,scrub
30,46,1582,optimized_mf,forest,scrub
30,47,47533,optimized_mf,forest,cropland
30,48,693,optimized_mf,forest,wetland
30,49,30877,optimized_mf,forest,forest
30,50,2001,optimized_mf,forest,scrub
30,52,217,optimized_mf,forest,forest
30,53,2201,optimized_mf,forest,cropland
30,54,711,optimized_mf,forest,wetland
30,55,1643,optimized_mf,forest,forest
31,1,4485,optimized_mf,grassland_meadow_steppe,cropland
31,2,107,optimized_mf,grassland_meadow_steppe,forest
31,3,2,optimized_mf,grassland_meadow_steppe,forest
31,4,13,optimized_mf,grassland_meadow_steppe,wetland
31,5,56,optimized_mf,grassland_meadow_steppe,grassland_meadow_steppe
31,6,220,optimized_mf,grassland_meadow_steppe,wetland
31,7,598,optimized_mf,grassland_meadow_steppe,scrub
31,9,2,optimized_mf,grassland_meadow_steppe,forest
31,10,11,optimized_mf,grassland_meadow_steppe,forest
31,11,81,optimized_mf,grassland_meadow_steppe,grassland_meadow_steppe
31,12,14,optimized_mf,grassland_meadow_steppe,cropland
31,13,10654,optimized_mf,grassland_meadow_steppe,grassland_meadow_steppe
31,14,114,optimized_mf,grassland_meadow_steppe,forest
31,15,286,optimized_mf,grassland_meadow_steppe,grassland_meadow_steppe
31,16,60252,optimized_mf,grassland_meadow_steppe,grassland_meadow_steppe
31,17,1,optimized_mf,grassland_meadow_steppe,alpine_vegetation
31,18,8709,optimized_mf,grassland_meadow_steppe,scrub
31,19,1431,optimized_mf,grassland_meadow_steppe,no_vegetation
31,20,55613,optimized_mf,grassland_meadow_steppe,alpine_vegetation
31,21,6,optimized_mf,grassland_meadow_steppe,cropland
31,22,25782,optimized_mf,grassland_meadow_steppe,alpine_vegetation
31,23,534,optimized_mf,grassland_meadow_steppe,desert
31,24,3960,optimized_mf,grassland_meadow_steppe,desert
31,25,29119,optimized_mf,grassland_meadow_steppe,desert
31,26,3,optimized_mf,grassland_meadow_steppe,forest
31,27,11,optimized_mf,grassland_meadow_steppe,cropland
31,28,3,optimized_mf,grassland_meadow_steppe,forest
31,29,21,optimized_mf,grassland_meadow_steppe,desert
31,31,539426,optimized_mf,grassland_meadow_steppe,grassland_meadow_steppe
31,32,987,optimized_mf,grassland_meadow_steppe,desert
31,33,1845,optimized_mf,grassland_meadow_steppe,cropland
31,34,1,optimized_mf,grassland_meadow_steppe,forest
31,35,251,optimized_mf,grassland_meadow_steppe,desert
31,36,48,optimized_mf,grassland_meadow_steppe,forest
31,37,23,optimized_mf,grassland_meadow_steppe,forest
31,38,1,optimized_mf,grassland_meadow_steppe,desert
31,39,17,optimized_mf,grassland_meadow_steppe,forest
31,40,1,optimized_mf,grassland_meadow_steppe,grassland_meadow_steppe
31,41,3,optimized_mf,grassland_meadow_steppe,grassland_meadow_steppe
31,42,88204,optimized_mf,grassland_meadow_steppe,desert
31,43,518,optimized_mf,grassland_meadow_steppe,wetland
31,45,7476,optimized_mf,grassland_meadow_steppe,scrub
31,46,61,optimized_mf,grassland_meadow_steppe,scrub
31,47,1,optimized_mf,grassland_meadow_steppe,cropland
31,48,76,optimized_mf,grassland_meadow_steppe,wetland
31,49,3,optimized_mf,grassland_meadow_steppe,forest
31,50,345,optimized_mf,grassland_meadow_steppe,scrub
31,54,2,optimized_mf,grassland_meadow_steppe,wetland
31,55,1,optimized_mf,grassland_meadow_steppe,forest
32,1,1,optimized_mf,desert,cropland
32,6,1,optimized_mf,desert,wetland
32,7,785,optimized_mf,desert,scrub
32,13,1825,optimized_mf,desert,grassland_meadow_steppe
32,14,533,optimized_mf,desert,forest
32,15,1728,optimized_mf,desert,grassland_meadow_steppe
32,16,15,optimized_mf,desert,grassland_meadow_steppe
32,18,114,optimized_mf,desert,scrub
32,19,668,optimized_mf,desert,no_vegetation
32,20,113,optimized_mf,desert,alpine_vegetation
32,23,3243,optimized_mf,desert,desert
32,24,7175,optimized_mf,desert,desert
32,25,5357,optimized_mf,desert,desert
32,27,73,optimized_mf,desert,cropland
32,29,1119,optimized_mf,desert,desert
32,31,207,optimized_mf,desert,grassland_meadow_steppe
32,32,34042,optimized_mf,desert,desert
32,33,1900,optimized_mf,desert,cropland
32,35,1035,optimized_mf,desert,desert
32,37,9,optimized_mf,desert,forest
32,38,207,optimized_mf,desert,desert
32,42,327,optimized_mf,desert,desert
32,43,7,optimized_mf,desert,wetland
33,1,1454,optimized_mf,cropland,cropland
33,2,78,optimized_mf,cropland,forest
33,3,6089,optimized_mf,cropland,forest
33,4,14,optimized_mf,cropland,wetland
33,5,2048,optimized_mf,cropland,grassland_meadow_steppe
33,7,30865,optimized_mf,cropland,scrub
33,10,301,optimized_mf,cropland,forest
33,11,3517,optimized_mf,cropland,grassland_meadow_steppe
33,12,3669,optimized_mf,cropland,cropland
33,13,25563,optimized_mf,cropland,grassland_meadow_steppe
33,14,399,optimized_mf,cropland,forest
33,15,3454,optimized_mf,cropland,grassland_meadow_steppe
33,16,267,optimized_mf,cropland,grassland_meadow_steppe
33,18,443,optimized_mf,cropland,scrub
33,19,95,optimized_mf,cropland,no_vegetation
33,20,489,optimized_mf,cropland,alpine_vegetation
33,23,4403,optimized_mf,cropland,desert
33,24,10253,optimized_mf,cropland,desert
33,25,7426,optimized_mf,cropland,desert
33,26,37,optimized_mf,cropland,forest
33,27,6407,optimized_mf,cropland,cropland
33,28,674,optimized_mf,cropland,forest
33,29,5272,optimized_mf,cropland,desert
33,30,11,optimized_mf,cropland,forest
33,31,139,optimized_mf,cropland,grassland_meadow_steppe
33,32,4877,optimized_mf,cropland,desert
33,33,232090,optimized_mf,cropland,cropland
33,34,28,optimized_mf,cropland,forest
33,35,1365,optimized_mf,cropland,desert
33,36,417,optimized_mf,cropland,forest
33,37,1188,optimized_mf,cropland,forest
33,39,86,optimized_mf,cropland,forest
33,40,91,optimized_mf,cropland,grassland_meadow_steppe
33,41,33928,optimized_mf,cropland,grassland_meadow_steppe
33,44,1451,optimized_mf,cropland,scrub
33,45,594,optimized_mf,cropland,scrub
33,46,27,optimized_mf,cropland,scrub
33,47,181,optimized_mf,cropland,cropland
33,49,20,optimized_mf,cropland,forest
33,52,41,optimized_mf,cropland,forest
34,1,2,optimized_mf,forest,cropland
34,3,61,optimized_mf,forest,forest
34,7,6,optimized_mf,forest,scrub
34,10,601,optimized_mf,forest,forest
34,11,1,optimized_mf,forest,grassland_meadow_steppe
34,12,1,optimized_mf,forest,cropland
34,13,1,optimized_mf,forest,grassland_meadow_steppe
34,14,1,optimized_mf,forest,forest
34,15,1,optimized_mf,forest,grassland_meadow_steppe
34,17,3,optimized_mf,forest,alpine_vegetation
34,18,2,optimized_mf,forest,scrub
34,19,1,optimized_mf,forest,no_vegetation
34,20,2,optimized_mf,forest,alpine_vegetation
34,21,1,optimized_mf,forest,cropland
34,22,2,optimized_mf,forest,alpine_vegetation
34,23,2,optimized_mf,forest,desert
34,25,1,optimized_mf,forest,desert
34,26,19,optimized_mf,forest,forest
34,27,28,optimized_mf,forest,cropland
34,28,17,optimized_mf,forest,forest
34,30,40,optimized_mf,forest,forest
34,31,3,optimized_mf,forest,grassland_meadow_steppe
34,33,9,optimized_mf,forest,cropland
34,34,3328,optimized_mf,forest,forest
34,35,2,optimized_mf,forest,desert
34,36,175,optimized_mf,forest,forest
34,37,1,optimized_mf,forest,forest
34,39,338,optimized_mf,forest,forest
34,40,10,optimized_mf,forest,grassland_meadow_steppe
34,41,1,optimized_mf,forest,grassland_meadow_steppe
34,42,1,optimized_mf,forest,desert
34,43,1,optimized_mf,forest,wetland
34,44,6,optimized_mf,forest,scrub
34,45,2,optimized_mf,forest,scrub
34,46,90,optimized_mf,forest,scrub
34,48,1,optimized_mf,forest,wetland
34,49,392,optimized_mf,forest,forest
34,50,2,optimized_mf,forest,scrub
34,53,1,optimized_mf,forest,cropland
34,54,2,optimized_mf,forest,wetland
34,55,1,optimized_mf,forest,forest
35,13,153,optimized_mf,desert,grassland_meadow_steppe
35,14,93,optimized_mf,desert,forest
35,15,62,optimized_mf,desert,grassland_meadow_steppe
35,16,29,optimized_mf,desert,grassland_meadow_steppe
35,18,7,optimized_mf,desert,scrub
35,19,18,optimized_mf,desert,no_vegetation
35,20,1,optimized_mf,desert,alpine_vegetation
35,23,746,optimized_mf,desert,desert
35,24,2040,optimized_mf,desert,desert
35,25,1263,optimized_mf,desert,desert
35,29,688,optimized_mf,desert,desert
35,32,391,optimized_mf,desert,desert
35,33,270,optimized_mf,desert,cropland
35,35,27098,optimized_mf,desert,desert
35,38,5,optimized_mf,desert,desert
36,1,3,optimized_mf,forest,cropland
36,3,124,optimized_mf,forest,forest
36,5,7,optimized_mf,forest,grassland_meadow_steppe
36,7,113,optimized_mf,forest,scrub
36,9,23,optimized_mf,forest,forest
36,10,331,optimized_mf,forest,forest
36,11,2,optimized_mf,forest,grassland_meadow_steppe
36,13,89,optimized_mf,forest,grassland_meadow_steppe
36,16,1,optimized_mf,forest,grassland_meadow_steppe
36,21,487,optimized_mf,forest,cropland
36,26,673,optimized_mf,forest,forest
36,27,1,optimized_mf,forest,cropland
36,28,1348,optimized_mf,forest,forest
36,30,1917,optimized_mf,forest,forest
36,33,39,optimized_mf,forest,cropland
36,34,316,optimized_mf,forest,forest
36,36,14178,optimized_mf,forest,forest
36,39,269,optimized_mf,forest,forest
36,40,337,optimized_mf,forest,grassland_meadow_steppe
36,41,95,optimized_mf,forest,grassland_meadow_steppe
36,44,1138,optimized_mf,forest,scrub
36,45,2,optimized_mf,forest,scrub
36,46,54,optimized_mf,forest,scrub
36,47,418,optimized_mf,forest,cropland
36,48,9,optimized_mf,forest,wetland
36,49,402,optimized_mf,forest,forest
36,50,68,optimized_mf,forest,scrub
36,53,66,optimized_mf,forest,cropland
36,55,65,optimized_mf,forest,forest
37,1,208,optimized_mf,forest,cropland
37,2,56,optimized_mf,forest,forest
37,3,11475,optimized_mf,forest,forest
37,4,6,optimized_mf,forest,wetland
37,5,276,optimized_mf,forest,grassland_meadow_steppe
37,6,37,optimized_mf,forest,wetland
37,7,8420,optimized_mf,forest,scrub
37,9,258,optimized_mf,forest,forest
37,10,980,optimized_mf,forest,forest
37,11,290,optimized_mf,forest,grassland_meadow_steppe
37,12,634,optimized_mf,forest,cropland
37,13,1558,optimized_mf,forest,grassland_meadow_steppe
37,14,365,optimized_mf,forest,forest
37,15,29,optimized_mf,forest,grassland_meadow_steppe
37,16,10,optimized_mf,forest,grassland_meadow_steppe
37,17,6,optimized_mf,forest,alpine_vegetation
37,18,196,optimized_mf,forest,scrub
37,19,2,optimized_mf,forest,no_vegetation
37,20,2,optimized_mf,forest,alpine_vegetation
37,21,730,optimized_mf,forest,cropland
37,22,1,optimized_mf,forest,alpine_vegetation
37,23,3,optimized_mf,forest,desert
37,24,6,optimized_mf,forest,desert
37,25,526,optimized_mf,forest,desert
37,26,84,optimized_mf,forest,forest
37,27,12501,optimized_mf,forest,cropland
37,28,542,optimized_mf,forest,forest
37,29,3,optimized_mf,forest,desert
37,30,661,optimized_mf,forest,forest
37,31,3,optimized_mf,forest,grassland_meadow_steppe
37,32,4,optimized_mf,forest,desert
37,33,3888,optimized_mf,forest,cropland
37,34,107,optimized_mf,forest,forest
37,35,4,optimized_mf,forest,desert
37,36,146,optimized_mf,forest,forest
37,37,136525,optimized_mf,forest,forest
37,38,4,optimized_mf,forest,desert
37,39,349,optimized_mf,forest,forest
37,40,29,optimized_mf,forest,grassland_meadow_steppe
37,41,10316,optimized_mf,forest,grassland_meadow_steppe
37,42,3,optimized_mf,forest,desert
37,43,2,optimized_mf,forest,wetland
37,44,35,optimized_mf,forest,scrub
37,45,30,optimized_mf,forest,scrub
37,46,69,optimized_mf,forest,scrub
37,47,489,optimized_mf,forest,cropland
37,48,1,optimized_mf,forest,wetland
37,49,21,optimized_mf,forest,forest
37,50,4,optimized_mf,forest,scrub
37,52,2,optimized_mf,forest,forest
37,53,3,optimized_mf,forest,cropland
37,54,3,optimized_mf,forest,wetland
37,55,4,optimized_mf,forest,forest
38,13,47,optimized_mf,desert,grassland_meadow_steppe
38,14,1,optimized_mf,desert,forest
38,15,311,optimized_mf,desert,grassland_meadow_steppe
38,19,514,optimized_mf,desert,no_vegetation
38,23,592,optimized_mf,desert,desert
38,24,727,optimized_mf,desert,desert
38,25,27,optimized_mf,desert,desert
38,27,359,optimized_mf,desert,cropland
38,29,81,optimized_mf,desert,desert
38,32,47,optimized_mf,desert,desert
38,38,27325,optimized_mf,desert,desert
38,52,1,optimized_mf,desert,forest
39,1,77,optimized_mf,forest,cropland
39,5,128,optimized_mf,forest,grassland_meadow_steppe
39,7,8,optimized_mf,forest,scrub
39,10,3463,optimized_mf,forest,forest
39,13,2,optimized_mf,forest,grassland_meadow_steppe
39,16,102,optimized_mf,forest,grassland_meadow_steppe
39,18,164,optimized_mf,forest,scrub
39,20,9,optimized_mf,forest,alpine_vegetation
39,23,78,optimized_mf,forest,desert
39,24,4,optimized_mf,forest,desert
39,28,25,optimized_mf,forest,forest
39,30,268,optimized_mf,forest,forest
39,33,3,optimized_mf,forest,cropland
39,34,351,optimized_mf,forest,forest
39,36,201,optimized_mf,forest,forest
39,39,13164,optimized_mf,forest,forest
39,40,78,optimized_mf,forest,grassland_meadow_steppe
39,43,4,optimized_mf,forest,wetland
39,44,45,optimized_mf,forest,scrub
39,45,66,optimized_mf,forest,scrub
39,46,3369,optimized_mf,forest,scrub
39,47,162,optimized_mf,forest,cropland
39,49,83,optimized_mf,forest,forest
39,50,89,optimized_mf,forest,scrub
40,1,64,optimized_mf,grassland_meadow_steppe,cropland
40,2,6,optimized_mf,grassland_meadow_steppe,forest
40,3,324,optimized_mf,grassland_meadow_steppe,forest
40,4,8,optimized_mf,grassland_meadow_steppe,wetland
40,5,1855,optimized_mf,grassland_meadow_steppe,grassland_meadow_steppe
40,6,4,optimized_mf,grassland_meadow_steppe,wetland
40,7,470,optimized_mf,grassland_meadow_steppe,scrub
40,9,3,optimized_mf,grassland_meadow_steppe,forest
40,10,4081,optimized_mf,grassland_meadow_steppe,forest
40,11,9,optimized_mf,grassland_meadow_steppe,grassland_meadow_steppe
40,12,7,optimized_mf,grassland_meadow_steppe,cropland
40,13,10,optimized_mf,grassland_meadow_steppe,grassland_meadow_steppe
40,14,8,optimized_mf,grassland_meadow_steppe,forest
40,15,11,optimized_mf,grassland_meadow_steppe,grassland_meadow_steppe
40,16,35,optimized_mf,grassland_meadow_steppe,grassland_meadow_steppe
40,17,10,optimized_mf,grassland_meadow_steppe,alpine_vegetation
40,18,11,optimized_mf,grassland_meadow_steppe,scrub
40,19,6,optimized_mf,grassland_meadow_steppe,no_vegetation
40,20,28,optimized_mf,grassland_meadow_steppe,alpine_vegetation
40,21,26848,optimized_mf,grassland_meadow_steppe,cropland
40,22,12,optimized_mf,grassland_meadow_steppe,alpine_vegetation
40,23,4,optimized_mf,grassland_meadow_steppe,desert
40,24,13,optimized_mf,grassland_meadow_steppe,desert
40,25,26,optimized_mf,grassland_meadow_steppe,desert
40,26,8119,optimized_mf,grassland_meadow_steppe,forest
40,27,80,optimized_mf,grassland_meadow_steppe,cropland
40,28,6216,optimized_mf,grassland_meadow_steppe,forest
40,29,8,optimized_mf,grassland_meadow_steppe,desert
40,30,39283,optimized_mf,grassland_meadow_steppe,forest
40,31,80,optimized_mf,grassland_meadow_steppe,grassland_meadow_steppe
40,32,5,optimized_mf,grassland_meadow_steppe,desert
40,33,38,optimized_mf,grassland_meadow_steppe,cropland
40,34,554,optimized_mf,grassland_meadow_steppe,forest
40,35,9,optimized_mf,grassland_meadow_steppe,desert
40,36,18137,optimized_mf,grassland_meadow_steppe,forest
40,37,11,optimized_mf,grassland_meadow_steppe,forest
40,38,9,optimized_mf,grassland_meadow_steppe,desert
40,39,3197,optimized_mf,grassland_meadow_steppe,forest
40,40,114384,optimized_mf,grassland_meadow_steppe,grassland_meadow_steppe
40,41,555,optimized_mf,grassland_meadow_steppe,grassland_meadow_steppe
40,42,6,optimized_mf,grassland_meadow_steppe,desert
40,43,15,optimized_mf,grassland_meadow_steppe,wetland
40,44,27751,optimized_mf,grassland_meadow_steppe,scrub
40,45,111,optimized_mf,grassland_meadow_steppe,scrub
40,46,1906,optimized_mf,grassland_meadow_steppe,scrub
40,47,32904,optimized_mf,grassland_meadow_steppe,cropland
40,48,290,optimized_mf,grassland_meadow_steppe,wetland
40,49,30446,optimized_mf,grassland_meadow_steppe,forest
40,50,2149,optimized_mf,grassland_meadow_steppe,scrub
40,52,4246,optimized_mf,grassland_meadow_steppe,forest
40,53,9314,optimized_mf,grassland_meadow_steppe,cropland
40,54,962,optimized_mf,grassland_meadow_steppe,wetland
40,55,5023,optimized_mf,grassland_meadow_steppe,forest
41,1,8,optimized_mf,grassland_meadow_steppe,cropland
41,2,122,optimized_mf,grassland_meadow_steppe,forest
41,3,3098,optimized_mf,grassland_meadow_steppe,forest
41,4,3,optimized_mf,grassland_meadow_steppe,wetland
41,5,131,optimized_mf,grassland_meadow_steppe,grassland_meadow_steppe
41,6,11,optimized_mf,grassland_meadow_steppe,wetland
41,7,11353,optimized_mf,grassland_meadow_steppe,scrub
41,10,102,optimized_mf,grassland_meadow_steppe,forest
41,11,1,optimized_mf,grassland_meadow_steppe,grassland_meadow_steppe
41,12,275,optimized_mf,grassland_meadow_steppe,cropland
41,13,602,optimized_mf,grassland_meadow_steppe,grassland_meadow_steppe
41,15,39,optimized_mf,grassland_meadow_steppe,grassland_meadow_steppe
41,16,3,optimized_mf,grassland_meadow_steppe,grassland_meadow_steppe
41,18,8,optimized_mf,grassland_meadow_steppe,scrub
41,20,8,optimized_mf,grassland_meadow_steppe,alpine_vegetation
41,21,588,optimized_mf,grassland_meadow_steppe,cropland
41,22,1,optimized_mf,grassland_meadow_steppe,alpine_vegetation
41,23,1,optimized_mf,grassland_meadow_steppe,desert
41,25,10,optimized_mf,grassland_meadow_steppe,desert
41,26,209,optimized_mf,grassland_meadow_steppe,forest
41,27,3996,optimized_mf,grassland_meadow_steppe,cropland
41,28,1818,optimized_mf,grassland_meadow_steppe,forest
41,30,2416,optimized_mf,grassland_meadow_steppe,forest
41,31,1,optimized_mf,grassland_meadow_steppe,grassland_meadow_steppe
41,32,12,optimized_mf,grassland_meadow_steppe,desert
41,33,10969,optimized_mf,grassland_meadow_steppe,cropland
41,34,4,optimized_mf,grassland_meadow_steppe,forest
41,35,1,optimized_mf,grassland_meadow_steppe,desert
41,36,2630,optimized_mf,grassland_meadow_steppe,forest
41,37,5026,optimized_mf,grassland_meadow_steppe,forest
41,38,1,optimized_mf,grassland_meadow_steppe,desert
41,39,22,optimized_mf,grassland_meadow_steppe,forest
41,40,8,optimized_mf,grassland_meadow_steppe,grassland_meadow_steppe
41,41,46049,optimized_mf,grassland_meadow_steppe,grassland_meadow_steppe
41,44,42,optimized_mf,grassland_meadow_steppe,scrub
41,45,17,optimized_mf,grassland_meadow_steppe,scrub
41,46,6,optimized_mf,grassland_meadow_steppe,scrub
41,47,1638,optimized_mf,grassland_meadow_steppe,cropland
41,49,8,optimized_mf,grassland_meadow_steppe,forest
41,50,3,optimized_mf,grassland_meadow_steppe,scrub
41,53,2,optimized_mf,grassland_meadow_steppe,cropland
41,55,1,optimized_mf,grassland_meadow_steppe,forest
42,1,1,optimized_mf,desert,cropland
42,2,5,optimized_mf,desert,forest
42,4,2,optimized_mf,desert,wetland
42,5,6,optimized_mf,desert,grassland_meadow_steppe
42,7,209,optimized_mf,desert,scrub
42,9,2,optimized_mf,desert,forest
42,10,1,optimized_mf,desert,forest
42,11,1,optimized_mf,desert,grassland_meadow_steppe
42,12,9,optimized_mf,desert,cropland
42,13,221,optimized_mf,desert,grassland_meadow_steppe
42,14,7,optimized_mf,desert,forest
42,15,29,optimized_mf,desert,grassland_meadow_steppe
42,16,1491,optimized_mf,desert,grassland_meadow_steppe
42,19,401,optimized_mf,desert,no_vegetation
42,20,12003,optimized_mf,desert,alpine_vegetation
42,21,1,optimized_mf,desert,cropland
42,22,957,optimized_mf,desert,alpine_vegetation
42,23,3,optimized_mf,desert,desert
42,24,1760,optimized_mf,desert,desert
42,25,2807,optimized_mf,desert,desert
42,26,2,optimized_mf,desert,forest
42,27,10,optimized_mf,desert,cropland
42,28,2,optimized_mf,desert,forest
42,29,1,optimized_mf,desert,desert
42,30,1,optimized_mf,desert,forest
42,31,18335,optimized_mf,desert,grassland_meadow_steppe
42,32,142,optimized_mf,desert,desert
42,33,21,optimized_mf,desert,cropland
42,34,2,optimized_mf,desert,forest
42,35,1,optimized_mf,desert,desert
42,36,2,optimized_mf,desert,forest
42,37,3,optimized_mf,desert,forest
42,39,2,optimized_mf,desert,forest
42,40,2,optimized_mf,desert,grassland_meadow_steppe
42,41,1,optimized_mf,desert,grassland_meadow_steppe
42,42,115217,optimized_mf,desert,desert
42,43,1203,optimized_mf,desert,wetland
42,44,2,optimized_mf,desert,scrub
42,47,1,optimized_mf,desert,cropland
42,48,146,optimized_mf,desert,wetland
42,49,1,optimized_mf,desert,forest
42,52,1,optimized_mf,desert,forest
42,53,4,optimized_mf,desert,cropland
42,54,1,optimized_mf,desert,wetland
43,10,2,optimized_mf,wetland,forest
43,16,272,optimized_mf,wetland,grassland_meadow_steppe
43,18,35,optimized_mf,wetland,scrub
43,19,9,optimized_mf,wetland,no_vegetation
43,20,38,optimized_mf,wetland,alpine_vegetation
43,24,37,optimized_mf,wetland,desert
43,25,121,optimized_mf,wetland,desert
43,31,13,optimized_mf,wetland,grassland_meadow_steppe
43,42,210,optimized_mf,wetland,desert
43,43,4805,optimized_mf,wetland,wetland
43,46,150,optimized_mf,wetland,scrub
44,1,654,optimized_mf,scrub,cropland
44,2,27,optimized_mf,scrub,forest
44,3,1504,optimized_mf,scrub,forest
44,4,11,optimized_mf,scrub,wetland
44,5,1476,optimized_mf,scrub,grassland_meadow_steppe
44,6,23,optimized_mf,scrub,wetland
44,7,1403,optimized_mf,scrub,scrub
44,9,13,optimized_mf,scrub,forest
44,10,2681,optimized_mf,scrub,forest
44,11,15,optimized_mf,scrub,grassland_meadow_steppe
44,12,16,optimized_mf,scrub,cropland
44,13,414,optimized_mf,scrub,grassland_meadow_steppe
44,14,16,optimized_mf,scrub,forest
44,15,10,optimized_mf,scrub,grassland_meadow_steppe
44,16,38,optimized_mf,scrub,grassland_meadow_steppe
44,17,18,optimized_mf,scrub,alpine_vegetation
44,18,1229,optimized_mf,scrub,scrub
44,19,17,optimized_mf,scrub,no_vegetation
44,20,60,optimized_mf,scrub,alpine_vegetation
44,21,30795,optimized_mf,scrub,cropland
44,22,10,optimized_mf,scrub,alpine_vegetation
44,23,33,optimized_mf,scrub,desert
44,24,17,optimized_mf,scrub,desert
44,25,25,optimized_mf,scrub,desert
44,26,14901,optimized_mf,scrub,forest
44,27,139,optimized_mf,scrub,cropland
44,28,22960,optimized_mf,scrub,forest
44,29,14,optimized_mf,scrub,desert
44,30,78195,optimized_mf,scrub,forest
44,31,117,optimized_mf,scrub,grassland_meadow_steppe
44,32,16,optimized_mf,scrub,desert
44,33,1509,optimized_mf,scrub,cropland
44,34,840,optimized_mf,scrub,forest
44,35,17,optimized_mf,scrub,desert
44,36,40142,optimized_mf,scrub,forest
44,37,45,optimized_mf,scrub,forest
44,38,15,optimized_mf,scrub,desert
44,39,7097,optimized_mf,scrub,forest
44,40,57249,optimized_mf,scrub,grassland_meadow_steppe
44,41,831,optimized_mf,scrub,grassland_meadow_steppe
44,42,10,optimized_mf,scrub,desert
44,43,20,optimized_mf,scrub,wetland
44,44,161194,optimized_mf,scrub,scrub
44,45,1006,optimized_mf,scrub,scrub
44,46,1539,optimized_mf,scrub,scrub
44,47,49026,optimized_mf,scrub,cropland
44,48,33,optimized_mf,scrub,wetland
44,49,31264,optimized_mf,scrub,forest
44,50,5739,optimized_mf,scrub,scrub
44,52,4477,optimized_mf,scrub,forest
44,53,25974,optimized_mf,scrub,cropland
44,54,8391,optimized_mf,scrub,wetland
44,55,12926,optimized_mf,scrub,forest
45,1,88,optimized_mf,scrub,cropland
45,3,1,optimized_mf,scrub,forest
45,5,47,optimized_mf,scrub,grassland_meadow_steppe
45,7,3,optimized_mf,scrub,scrub
45,10,367,optimized_mf,scrub,forest
45,12,2,optimized_mf,scrub,cropland
45,13,144,optimized_mf,scrub,grassland_meadow_steppe
45,16,1496,optimized_mf,scrub,grassland_meadow_steppe
45,18,293,optimized_mf,scrub,scrub
45,20,366,optimized_mf,scrub,alpine_vegetation
45,22,5,optimized_mf,scrub,alpine_vegetation
45,23,4,optimized_mf,scrub,desert
45,24,312,optimized_mf,scrub,desert
45,25,44,optimized_mf,scrub,desert
45,28,13,optimized_mf,scrub,forest
45,29,131,optimized_mf,scrub,desert
45,30,102,optimized_mf,scrub,forest
45,31,177,optimized_mf,scrub,grassland_meadow_steppe
45,32,1,optimized_mf,scrub,desert
45,33,3,optimized_mf,scrub,cropland
45,34,25,optimized_mf,scrub,forest
45,36,3,optimized_mf,scrub,forest
45,37,4,optimized_mf,scrub,forest
45,39,862,optimized_mf,scrub,forest
45,40,21,optimized_mf,scrub,grassland_meadow_steppe
45,42,1,optimized_mf,scrub,desert
45,43,1,optimized_mf,scrub,wetland
45,44,42,optimized_mf,scrub,scrub
45,45,10646,optimized_mf,scrub,scrub
45,46,1056,optimized_mf,scrub,scrub
45,47,106,optimized_mf,scrub,cropland
45,48,2,optimized_mf,scrub,wetland
45,49,29,optimized_mf,scrub,forest
45,50,4,optimized_mf,scrub,scrub
45,53,1,optimized_mf,scrub,cropland
45,55,3,optimized_mf,scrub,forest
46,1,900,optimized_mf,scrub,cropland
46,2,14,optimized_mf,scrub,forest
46,3,80,optimized_mf,scrub,forest
46,4,17,optimized_mf,scrub,wetland
46,5,378,optimized_mf,scrub,grassland_meadow_steppe
46,6,3,optimized_mf,scrub,wetland
46,7,58,optimized_mf,scrub,scrub
46,9,2,optimized_mf,scrub,forest
46,10,21902,optimized_mf,scrub,forest
46,11,8,optimized_mf,scrub,grassland_meadow_steppe
46,12,5,optimized_mf,scrub,cropland
46,13,205,optimized_mf,scrub,grassland_meadow_steppe
46,14,7,optimized_mf,scrub,forest
46,15,4,optimized_mf,scrub,grassland_meadow_steppe
46,16,8570,optimized_mf,scrub,grassland_meadow_steppe
46,17,2,optimized_mf,scrub,alpine_vegetation
46,18,10676,optimized_mf,scrub,scrub
46,19,4,optimized_mf,scrub,no_vegetation
46,20,2344,optimized_mf,scrub,alpine_vegetation
46,21,13,optimized_mf,scrub,cropland
46,22,11,optimized_mf,scrub,alpine_vegetation
46,23,8,optimized_mf,scrub,desert
46,24,5,optimized_mf,scrub,desert
46,25,7,optimized_mf,scrub,desert
46,26,212,optimized_mf,scrub,forest
46,27,6,optimized_mf,scrub,cropland
46,28,321,optimized_mf,scrub,forest
46,29,7,optimized_mf,scrub,desert
46,30,527,optimized_mf,scrub,forest
46,31,18,optimized_mf,scrub,grassland_meadow_steppe
46,32,1,optimized_mf,scrub,desert
46,33,12,optimized_mf,scrub,cropland
46,34,1142,optimized_mf,scrub,forest
46,35,5,optimized_mf,scrub,desert
46,36,928,optimized_mf,scrub,forest
46,37,35,optimized_mf,scrub,forest
46,38,9,optimized_mf,scrub,desert
46,39,11666,optimized_mf,scrub,forest
46,40,934,optimized_mf,scrub,grassland_meadow_steppe
46,41,5,optimized_mf,scrub,grassland_meadow_steppe
46,42,2,optimized_mf,scrub,desert
46,43,146,optimized_mf,scrub,wetland
46,44,795,optimized_mf,scrub,scrub
46,45,8683,optimized_mf,scrub,scrub
46,46,62823,optimized_mf,scrub,scrub
46,47,1396,optimized_mf,scrub,cropland
46,48,10,optimized_mf,scrub,wetland
46,49,1425,optimized_mf,scrub,forest
46,50,129,optimized_mf,scrub,scrub
46,52,1,optimized_mf,scrub,forest
46,53,6,optimized_mf,scrub,cropland
46,54,5,optimized_mf,scrub,wetland
46,55,10,optimized_mf,scrub,forest
47,1,64,optimized_mf,cropland,cropland
47,2,20,optimized_mf,cropland,forest
47,3,1065,optimized_mf,cropland,forest
47,4,14,optimized_mf,cropland,wetland
47,5,2255,optimized_mf,cropland,grassland_meadow_steppe
47,6,16,optimized_mf,cropland,wetland
47,7,640,optimized_mf,cropland,scrub
47,9,18,optimized_mf,cropland,forest
47,10,2975,optimized_mf,cropland,forest
47,11,25,optimized_mf,cropland,grassland_meadow_steppe
47,12,12,optimized_mf,cropland,cropland
47,13,15,optimized_mf,cropland,grassland_meadow_steppe
47,14,14,optimized_mf,cropland,forest
47,15,7,optimized_mf,cropland,grassland_meadow_steppe
47,16,11,optimized_mf,cropland,grassland_meadow_steppe
47,17,11,optimized_mf,cropland,alpine_vegetation
47,18,21,optimized_mf,cropland,scrub
47,19,11,optimized_mf,cropland,no_vegetation
47,20,18,optimized_mf,cropland,alpine_vegetation
47,21,8388,optimized_mf,cropland,cropland
47,22,13,optimized_mf,cropland,alpine_vegetation
47,23,19,optimized_mf,cropland,desert
47,24,11,optimized_mf,cropland,desert
47,25,16,optimized_mf,cropland,desert
47,26,2076,optimized_mf,cropland,forest
47,27,3695,optimized_mf,cropland,cropland
47,28,16756,optimized_mf,cropland,forest
47,29,12,optimized_mf,cropland,desert
47,30,14412,optimized_mf,cropland,forest
47,31,8,optimized_mf,cropland,grassland_meadow_steppe
47,32,9,optimized_mf,cropland,desert
47,33,893,optimized_mf,cropland,cropland
47,34,408,optimized_mf,cropland,forest
47,35,18,optimized_mf,cropland,desert
47,36,13061,optimized_mf,cropland,forest
47,37,117,optimized_mf,cropland,forest
47,38,15,optimized_mf,cropland,desert
47,39,2070,optimized_mf,cropland,forest
47,40,43082,optimized_mf,cropland,grassland_meadow_steppe
47,41,729,optimized_mf,cropland,grassland_meadow_steppe
47,42,15,optimized_mf,cropland,desert
47,43,19,optimized_mf,cropland,wetland
47,44,26354,optimized_mf,cropland,scrub
47,45,37,optimized_mf,cropland,scrub
47,46,1614,optimized_mf,cropland,scrub
47,47,193541,optimized_mf,cropland,cropland
47,48,377,optimized_mf,cropland,wetland
47,49,12049,optimized_mf,cropland,forest
47,50,2596,optimized_mf,cropland,scrub
47,52,3981,optimized_mf,cropland,forest
47,53,281,optimized_mf,cropland,cropland
47,54,6,optimized_mf,cropland,wetland
47,55,557,optimized_mf,cropland,forest
48,1,1,optimized_mf,wetland,cropland
48,2,1,optimized_mf,wetland,forest
48,3,2,optimized_mf,wetland,forest
48,4,1,optimized_mf,wetland,wetland
48,18,1,optimized_mf,wetland,scrub
48,20,1,optimized_mf,wetland,alpine_vegetation
48,21,93,optimized_mf,wetland,cropland
48,26,23,optimized_mf,wetland,forest
48,27,8,optimized_mf,wetland,cropland
48,30,37,optimized_mf,wetland,forest
48,36,12,optimized_mf,wetland,forest
48,37,1,optimized_mf,wetland,forest
48,40,42,optimized_mf,wetland,grassland_meadow_steppe
48,41,1,optimized_mf,wetland,grassland_meadow_steppe
48,43,9,optimized_mf,wetland,wetland
48,47,6,optimized_mf,wetland,cropland
48,48,1338,optimized_mf,wetland,wetland
48,49,18,optimized_mf,wetland,forest
48,53,29,optimized_mf,wetland,cropland
49,1,6,optimized_mf,forest,cropland
49,2,5,optimized_mf,forest,forest
49,3,41,optimized_mf,forest,forest
49,4,5,optimized_mf,forest,wetland
49,5,240,optimized_mf,forest,grassland_meadow_steppe
49,6,1,optimized_mf,forest,wetland
49,7,15,optimized_mf,forest,scrub
49,9,6,optimized_mf,forest,forest
49,10,7363,optimized_mf,forest,forest
49,11,12,optimized_mf,forest,grassland_meadow_steppe
49,12,4,optimized_mf,forest,cropland
49,13,3,optimized_mf,forest,grassland_meadow_steppe
49,14,8,optimized_mf,forest,forest
49,15,8,optimized_mf,forest,grassland_meadow_steppe
49,16,8,optimized_mf,forest,grassland_meadow_steppe
49,17,4,optimized_mf,forest,alpine_vegetation
49,18,3,optimized_mf,forest,scrub
49,19,10,optimized_mf,forest,no_vegetation
49,20,18,optimized_mf,forest,alpine_vegetation
49,21,2815,optimized_mf,forest,cropland
49,22,7,optimized_mf,forest,alpine_vegetation
49,23,4,optimized_mf,forest,desert
49,24,5,optimized_mf,forest,desert
49,25,8,optimized_mf,forest,desert
49,26,10223,optimized_mf,forest,forest
49,27,1,optimized_mf,forest,cropland
49,28,1376,optimized_mf,forest,forest
49,29,3,optimized_mf,forest,desert
49,30,23834,optimized_mf,forest,forest
49,31,4,optimized_mf,forest,grassland_meadow_steppe
49,32,6,optimized_mf,forest,desert
49,33,6,optimized_mf,forest,cropland
49,34,1748,optimized_mf,forest,forest
49,35,5,optimized_mf,forest,desert
49,36,5831,optimized_mf,forest,forest
49,37,17,optimized_mf,forest,forest
49,38,7,optimized_mf,forest,desert
49,39,1807,optimized_mf,forest,forest
49,40,11796,optimized_mf,forest,grassland_meadow_steppe
49,41,9,optimized_mf,forest,grassland_meadow_steppe
49,42,11,optimized_mf,forest,desert
49,43,5,optimized_mf,forest,wetland
49,44,6537,optimized_mf,forest,scrub
49,45,112,optimized_mf,forest,scrub
49,46,763,optimized_mf,forest,scrub
49,47,3314,optimized_mf,forest,cropland
49,48,15,optimized_mf,forest,wetland
49,49,69168,optimized_mf,forest,forest
49,50,387,optimized_mf,forest,scrub
49,52,7512,optimized_mf,forest,forest
49,53,1503,optimized_mf,forest,cropland
49,54,42,optimized_mf,forest,wetland
49,55,1112,optimized_mf,forest,forest
50,1,1,optimized_mf,scrub,cropland
50,5,1,optimized_mf,scrub,grassland_meadow_steppe
50,9,2,optimized_mf,scrub,forest
50,10,14,optimized_mf,scrub,forest
50,12,2,optimized_mf,scrub,cropland
50,15,1,optimized_mf,scrub,grassland_meadow_steppe
50,19,2,optimized_mf,scrub,no_vegetation
50,20,1,optimized_mf,scrub,alpine_vegetation
50,21,9,optimized_mf,scrub,cropland
50,25,1,optimized_mf,scrub,desert
50,26,1,optimized_mf,scrub,forest
50,28,45,optimized_mf,scrub,forest
50,30,15,optimized_mf,scrub,forest
50,32,1,optimized_mf,scrub,desert
50,33,1,optimized_mf,scrub,cropland
50,36,1,optimized_mf,scrub,forest
50,39,130,optimized_mf,scrub,forest
50,40,21,optimized_mf,scrub,grassland_meadow_steppe
50,41,2,optimized_mf,scrub,grassland_meadow_steppe
50,42,1,optimized_mf,scrub,desert
50,43,1,optimized_mf,scrub,wetland
50,44,70,optimized_mf,scrub,scrub
50,45,1,optimized_mf,scrub,scrub
50,46,20,optimized_mf,scrub,scrub
50,47,64,optimized_mf,scrub,cropland
50,48,1,optimized_mf,scrub,wetland
50,50,1792,optimized_mf,scrub,scrub
50,52,2,optimized_mf,scrub,forest
50,53,84,optimized_mf,scrub,cropland
50,54,1,optimized_mf,scrub,wetland
50,55,4,optimized_mf,scrub,forest
52,1,4,optimized_mf,forest,cropland
52,2,8,optimized_mf,forest,forest
52,3,7,optimized_mf,forest,forest
52,4,12,optimized_mf,forest,wetland
52,5,7,optimized_mf,forest,grassland_meadow_steppe
52,6,10,optimized_mf,forest,wetland
52,7,4,optimized_mf,forest,scrub
52,9,10,optimized_mf,forest,forest
52,10,7,optimized_mf,forest,forest
52,11,4,optimized_mf,forest,grassland_meadow_steppe
52,12,13,optimized_mf,forest,cropland
52,13,5,optimized_mf,forest,grassland_meadow_steppe
52,14,7,optimized_mf,forest,forest
52,15,12,optimized_mf,forest,grassland_meadow_steppe
52,16,8,optimized_mf,forest,grassland_meadow_steppe
52,17,8,optimized_mf,forest,alpine_vegetation
52,18,11,optimized_mf,forest,scrub
52,19,3,optimized_mf,forest,no_vegetation
52,20,4,optimized_mf,forest,alpine_vegetation
52,21,2,optimized_mf,forest,cropland
52,22,6,optimized_mf,forest,alpine_vegetation
52,23,4,optimized_mf,forest,desert
52,24,5,optimized_mf,forest,desert
52,25,8,optimized_mf,forest,desert
52,26,18,optimized_mf,forest,forest
52,27,3,optimized_mf,forest,cropland
52,28,14,optimized_mf,forest,forest
52,29,5,optimized_mf,forest,desert
52,31,7,optimized_mf,forest,grassland_meadow_steppe
52,32,8,optimized_mf,forest,desert
52,33,11,optimized_mf,forest,cropland
52,35,6,optimized_mf,forest,desert
52,36,6,optimized_mf,forest,forest
52,37,9,optimized_mf,forest,forest
52,38,8,optimized_mf,forest,desert
52,39,6,optimized_mf,forest,forest
52,40,349,optimized_mf,forest,grassland_meadow_steppe
52,41,6,optimized_mf,forest,grassland_meadow_steppe
52,42,9,optimized_mf,forest,desert
52,43,5,optimized_mf,forest,wetland
52,44,123,optimized_mf,forest,scrub
52,45,7,optimized_mf,forest,scrub
52,46,7,optimized_mf,forest,scrub
52,47,12,optimized_mf,forest,cropland
52,48,3,optimized_mf,forest,wetland
52,49,1279,optimized_mf,forest,forest
52,50,1,optimized_mf,forest,scrub
52,52,19711,optimized_mf,forest,forest
52,53,1048,optimized_mf,forest,cropland
52,54,1,optimized_mf,forest,wetland
52,55,804,optimized_mf,forest,forest
53,1,17,optimized_mf,cropland,cropland
53,2,45,optimized_mf,cropland,forest
53,3,14,optimized_mf,cropland,forest
53,4,17,optimized_mf,cropland,wetland
53,5,17,optimized_mf,cropland,grassland_meadow_steppe
53,6,15,optimized_mf,cropland,wetland
53,7,19,optimized_mf,cropland,scrub
53,9,25,optimized_mf,cropland,forest
53,10,17,optimized_mf,cropland,forest
53,11,21,optimized_mf,cropland,grassland_meadow_steppe
53,12,19,optimized_mf,cropland,cropland
53,13,6,optimized_mf,cropland,grassland_meadow_steppe
53,14,17,optimized_mf,cropland,forest
53,15,12,optimized_mf,cropland,grassland_meadow_steppe
53,16,14,optimized_mf,cropland,grassland_meadow_steppe
53,17,18,optimized_mf,cropland,alpine_vegetation
53,18,18,optimized_mf,cropland,scrub
53,19,35,optimized_mf,cropland,no_vegetation
53,20,12,optimized_mf,cropland,alpine_vegetation
53,21,1655,optimized_mf,cropland,cropland
53,22,17,optimized_mf,cropland,alpine_vegetation
53,23,14,optimized_mf,cropland,desert
53,24,23,optimized_mf,cropland,desert
53,25,22,optimized_mf,cropland,desert
53,26,293,optimized_mf,cropland,forest
53,27,7,optimized_mf,cropland,cropland
53,28,97,optimized_mf,cropland,forest
53,29,15,optimized_mf,cropland,desert
53,30,194,optimized_mf,cropland,forest
53,31,16,optimized_mf,cropland,grassland_meadow_steppe
53,32,19,optimized_mf,cropland,desert
53,33,9,optimized_mf,cropland,cropland
53,34,151,optimized_mf,cropland,forest
53,35,14,optimized_mf,cropland,desert
53,36,37,optimized_mf,cropland,forest
53,37,25,optimized_mf,cropland,forest
53,38,15,optimized_mf,cropland,desert
53,39,48,optimized_mf,cropland,forest
53,40,556,optimized_mf,cropland,grassland_meadow_steppe
53,41,13,optimized_mf,cropland,grassland_meadow_steppe
53,42,20,optimized_mf,cropland,desert
53,43,23,optimized_mf,cropland,wetland
53,44,2745,optimized_mf,cropland,scrub
53,45,16,optimized_mf,cropland,scrub
53,46,17,optimized_mf,cropland,scrub
53,47,31,optimized_mf,cropland,cropland
53,48,10,optimized_mf,cropland,wetland
53,49,1407,optimized_mf,cropland,forest
53,50,183,optimized_mf,cropland,scrub
53,52,1533,optimized_mf,cropland,forest
53,53,51258,optimized_mf,cropland,cropland
53,54,1036,optimized_mf,cropland,wetland
53,55,2612,optimized_mf,cropland,forest
54,1,4,optimized_mf,wetland,cropland
54,2,4,optimized_mf,wetland,forest
54,3,5,optimized_mf,wetland,forest
54,4,6,optimized_mf,wetland,wetland
54,6,4,optimized_mf,wetland,wetland
54,7,5,optimized_mf,wetland,scrub
54,9,6,optimized_mf,wetland,forest
54,10,3,optimized_mf,wetland,forest
54,11,5,optimized_mf,wetland,grassland_meadow_steppe
54,12,9,optimized_mf,wetland,cropland
54,13,7,optimized_mf,wetland,grassland_meadow_steppe
54,14,2,optimized_mf,wetland,forest
54,15,1,optimized_mf,wetland,grassland_meadow_steppe
54,16,3,optimized_mf,wetland,grassland_meadow_steppe
54,17,3,optimized_mf,wetland,alpine_vegetation
54,18,5,optimized_mf,wetland,scrub
54,19,3,optimized_mf,wetland,no_vegetation
54,20,6,optimized_mf,wetland,alpine_vegetation
54,21,218,optimized_mf,wetland,cropland
54,22,5,optimized_mf,wetland,alpine_vegetation
54,23,1,optimized_mf,wetland,desert
54,24,5,optimized_mf,wetland,desert
54,25,1,optimized_mf,wetland,desert
54,28,4,optimized_mf,wetland,forest
54,29,3,optimized_mf,wetland,desert
54,30,2,optimized_mf,wetland,forest
54,31,3,optimized_mf,wetland,grassland_meadow_steppe
54,32,3,optimized_mf,wetland,desert
54,33,4,optimized_mf,wetland,cropland
54,34,11,optimized_mf,wetland,forest
54,35,1,optimized_mf,wetland,desert
54,36,24,optimized_mf,wetland,forest
54,37,2,optimized_mf,wetland,forest
54,38,1,optimized_mf,wetland,desert
54,39,3,optimized_mf,wetland,forest
54,40,21,optimized_mf,wetland,grassland_meadow_steppe
54,41,1,optimized_mf,wetland,grassland_meadow_steppe
54,42,5,optimized_mf,wetland,desert
54,43,2,optimized_mf,wetland,wetland
54,44,210,optimized_mf,wetland,scrub
54,45,5,optimized_mf,wetland,scrub
54,46,3,optimized_mf,wetland,scrub
54,47,3,optimized_mf,wetland,cropland
54,49,16,optimized_mf,wetland,forest
54,50,28,optimized_mf,wetland,scrub
54,52,2,optimized_mf,wetland,forest
54,53,306,optimized_mf,wetland,cropland
54,54,10571,optimized_mf,wetland,wetland
54,55,3,optimized_mf,wetland,forest
55,21,5,optimized_mf,forest,cropland
55,28,60,optimized_mf,forest,forest
55,35,1,optimized_mf,forest,desert
55,36,5,optimized_mf,forest,forest
55,40,78,optimized_mf,forest,grassland_meadow_steppe
55,41,1,optimized_mf,forest,grassland_meadow_steppe
55,44,196,optimized_mf,forest,scrub
55,49,7,optimized_mf,forest,forest
55,50,45,optimized_mf,forest,scrub
55,52,205,optimized_mf,forest,forest
55,53,342,optimized_mf,forest,cropland
55,55,5438,optimized_mf,forest,forest
1,1,10314,optimized_rf,cropland,cropland
1,2,592,optimized_rf,cropland,forest
1,3,650,optimized_rf,cropland,forest
1,4,90,optimized_rf,cropland,wetland
1,5,213,optimized_rf,cropland,grassland_meadow_steppe
1,6,1,optimized_rf,cropland,wetland
1,7,40,optimized_rf,cropland,scrub
1,10,402,optimized_rf,cropland,forest
1,11,4,optimized_rf,cropland,grassland_meadow_steppe
1,12,27,optimized_rf,cropland,cropland
1,13,458,optimized_rf,cropland,grassland_meadow_steppe
1,16,76,optimized_rf,cropland,grassland_meadow_steppe
1,17,52,optimized_rf,cropland,alpine_vegetation
1,18,323,optimized_rf,cropland,scrub
1,19,5,optimized_rf,cropland,no_vegetation
1,20,19,optimized_rf,cropland,alpine_vegetation
1,21,134,optimized_rf,cropland,cropland
1,22,3,optimized_rf,cropland,alpine_vegetation
1,23,1,optimized_rf,cropland,desert
1,24,33,optimized_rf,cropland,desert
1,25,205,optimized_rf,cropland,desert
1,26,1,optimized_rf,cropland,forest
1,28,88,optimized_rf,cropland,forest
1,29,2,optimized_rf,cropland,desert
1,30,38,optimized_rf,cropland,forest
1,31,163,optimized_rf,cropland,grassland_meadow_steppe
1,32,7,optimized_rf,cropland,desert
1,33,293,optimized_rf,cropland,cropland
1,34,2,optimized_rf,cropland,forest
1,35,4,optimized_rf,cropland,desert
1,36,2,optimized_rf,cropland,forest
1,37,7,optimized_rf,cropland,forest
1,39,451,optimized_rf,cropland,forest
1,40,3,optimized_rf,cropland,grassland_meadow_steppe
1,41,1,optimized_rf,cropland,grassland_meadow_steppe
1,42,4,optimized_rf,cropland,desert
1,43,5,optimized_rf,cropland,wetland
1,44,15,optimized_rf,cropland,scrub
1,45,159,optimized_rf,cropland,scrub
1,46,202,optimized_rf,cropland,scrub
1,47,23,optimized_rf,cropland,cropland
1,48,14,optimized_rf,cropland,wetland
1,49,30,optimized_rf,cropland,forest
1,50,98,optimized_rf,cropland,scrub
1,52,5,optimized_rf,cropland,forest
1,54,3,optimized_rf,cropland,wetland
1,55,1,optimized_rf,cropland,forest
2,1,1124,optimized_rf,forest,cropland
2,2,203185,optimized_rf,forest,forest
2,3,29190,optimized_rf,forest,forest
2,4,1374,optimized_rf,forest,wetland
2,5,7420,optimized_rf,forest,grassland_meadow_steppe
2,6,4658,optimized_rf,forest,wetland
2,7,2041,optimized_rf,forest,scrub
2,9,6294,optimized_rf,forest,forest
2,10,703,optimized_rf,forest,forest
2,11,4387,optimized_rf,forest,grassland_meadow_steppe
2,12,2917,optimized_rf,forest,cropland
2,13,5403,optimized_rf,forest,grassland_meadow_steppe
2,14,207,optimized_rf,forest,forest
2,15,5,optimized_rf,forest,grassland_meadow_steppe
2,16,4136,optimized_rf,forest,grassland_meadow_steppe
2,17,333,optimized_rf,forest,alpine_vegetation
2,18,4738,optimized_rf,forest,scrub
2,19,10,optimized_rf,forest,no_vegetation
2,20,358,optimized_rf,forest,alpine_vegetation
2,21,20,optimized_rf,forest,cropland
2,22,23,optimized_rf,forest,alpine_vegetation
2,23,10,optimized_rf,forest,desert
2,24,112,optimized_rf,forest,desert
2,25,1050,optimized_rf,forest,desert
2,26,26,optimized_rf,forest,forest
2,27,1065,optimized_rf,forest,cropland
2,28,519,optimized_rf,forest,forest
2,29,12,optimized_rf,forest,desert
2,30,146,optimized_rf,forest,forest
2,31,468,optimized_rf,forest,grassland_meadow_steppe
2,32,46,optimized_rf,forest,desert
2,33,146,optimized_rf,forest,cropland
2,34,183,optimized_rf,forest,forest
2,35,13,optimized_rf,forest,desert
2,36,50,optimized_rf,forest,forest
2,37,53,optimized_rf,forest,forest
2,38,13,optimized_rf,forest,desert
2,39,46,optimized_rf,forest,forest
2,40,63,optimized_rf,forest,grassland_meadow_steppe
2,41,90,optimized_rf,forest,grassland_meadow_steppe
2,42,13,optimized_rf,forest,desert
2,43,2,optimized_rf,forest,wetland
2,44,306,optimized_rf,forest,scrub
2,45,24,optimized_rf,forest,scrub
2,46,135,optimized_rf,forest,scrub
2,47,14,optimized_rf,forest,cropland
2,48,13,optimized_rf,forest,wetland
2,49,8,optimized_rf,forest,forest
2,50,80,optimized_rf,forest,scrub
2,52,28,optimized_rf,forest,forest
2,53,711,optimized_rf,forest,cropland
2,54,10,optimized_rf,forest,wetland
2,55,62,optimized_rf,forest,forest
3,1,1124,optimized_rf,forest,cropland
3,2,19218,optimized_rf,forest,forest
3,3,344402,optimized_rf,forest,forest
3,4,1994,optimized_rf,forest,wetland
3,5,7600,optimized_rf,forest,grassland_meadow_steppe
3,6,5536,optimized_rf,forest,wetland
3,7,39499,optimized_rf,forest,scrub
3,9,4859,optimized_rf,forest,forest
3,10,2319,optimized_rf,forest,forest
3,11,8672,optimized_rf,forest,grassland_meadow_steppe
3,12,20315,optimized_rf,forest,cropland
3,13,4709,optimized_rf,forest,grassland_meadow_steppe
3,14,1050,optimized_rf,forest,forest
3,15,990,optimized_rf,forest,grassland_meadow_steppe
3,16,17,optimized_rf,forest,grassland_meadow_steppe
3,17,29,optimized_rf,forest,alpine_vegetation
3,18,2186,optimized_rf,forest,scrub
3,19,10,optimized_rf,forest,no_vegetation
3,20,11,optimized_rf,forest,alpine_vegetation
3,21,181,optimized_rf,forest,cropland
3,22,356,optimized_rf,forest,alpine_vegetation
3,23,42,optimized_rf,forest,desert
3,24,1928,optimized_rf,forest,desert
3,25,255,optimized_rf,forest,desert
3,26,291,optimized_rf,forest,forest
3,27,21612,optimized_rf,forest,cropland
3,28,10212,optimized_rf,forest,forest
3,29,17,optimized_rf,forest,desert
3,30,855,optimized_rf,forest,forest
3,31,14,optimized_rf,forest,grassland_meadow_steppe
3,32,197,optimized_rf,forest,desert
3,33,11803,optimized_rf,forest,cropland
3,34,391,optimized_rf,forest,forest
3,35,15,optimized_rf,forest,desert
3,36,6490,optimized_rf,forest,forest
3,37,9333,optimized_rf,forest,forest
3,38,14,optimized_rf,forest,desert
3,39,964,optimized_rf,forest,forest
3,40,76,optimized_rf,forest,grassland_meadow_steppe
3,41,19611,optimized_rf,forest,grassland_meadow_steppe
3,42,11,optimized_rf,forest,desert
3,43,11,optimized_rf,forest,wetland
3,44,934,optimized_rf,forest,scrub
3,45,74,optimized_rf,forest,scrub
3,46,776,optimized_rf,forest,scrub
3,47,1290,optimized_rf,forest,cropland
3,48,13,optimized_rf,forest,wetland
3,49,18,optimized_rf,forest,forest
3,50,10,optimized_rf,forest,scrub
3,52,12,optimized_rf,forest,forest
3,53,8,optimized_rf,forest,cropland
3,54,5,optimized_rf,forest,wetland
3,55,14,optimized_rf,forest,forest
4,1,501,optimized_rf,wetland,cropland
4,2,12696,optimized_rf,wetland,forest
4,3,5594,optimized_rf,wetland,forest
4,4,37907,optimized_rf,wetland,wetland
4,5,3870,optimized_rf,wetland,grassland_meadow_steppe
4,6,2040,optimized_rf,wetland,wetland
4,7,923,optimized_rf,wetland,scrub
4,9,132,optimized_rf,wetland,forest
4,10,9,optimized_rf,wetland,forest
4,11,5932,optimized_rf,wetland,grassland_meadow_steppe
4,12,5231,optimized_rf,wetland,cropland
4,13,8882,optimized_rf,wetland,grassland_meadow_steppe
4,14,1917,optimized_rf,wetland,forest
4,15,1089,optimized_rf,wetland,grassland_meadow_steppe
4,16,1015,optimized_rf,wetland,grassland_meadow_steppe
4,17,251,optimized_rf,wetland,alpine_vegetation
4,18,20,optimized_rf,wetland,scrub
4,19,78,optimized_rf,wetland,no_vegetation
4,20,194,optimized_rf,wetland,alpine_vegetation
4,21,207,optimized_rf,wetland,cropland
4,22,224,optimized_rf,wetland,alpine_vegetation
4,23,338,optimized_rf,wetland,desert
4,24,15,optimized_rf,wetland,desert
4,25,199,optimized_rf,wetland,desert
4,26,20,optimized_rf,wetland,forest
4,27,1560,optimized_rf,wetland,cropland
4,28,5,optimized_rf,wetland,forest
4,29,4,optimized_rf,wetland,desert
4,30,97,optimized_rf,wetland,forest
4,31,10,optimized_rf,wetland,grassland_meadow_steppe
4,32,35,optimized_rf,wetland,desert
4,33,141,optimized_rf,wetland,cropland
4,34,6,optimized_rf,wetland,forest
4,35,8,optimized_rf,wetland,desert
4,36,8,optimized_rf,wetland,forest
4,37,5,optimized_rf,wetland,forest
4,38,5,optimized_rf,wetland,desert
4,39,62,optimized_rf,wetland,forest
4,40,11,optimized_rf,wetland,grassland_meadow_steppe
4,41,8,optimized_rf,wetland,grassland_meadow_steppe
4,42,8,optimized_rf,wetland,desert
4,43,4,optimized_rf,wetland,wetland
4,44,5,optimized_rf,wetland,scrub
4,45,2,optimized_rf,wetland,scrub
4,46,4,optimized_rf,wetland,scrub
4,47,5,optimized_rf,wetland,cropland
4,48,49,optimized_rf,wetland,wetland
4,49,4,optimized_rf,wetland,forest
4,50,53,optimized_rf,wetland,scrub
4,52,4,optimized_rf,wetland,forest
4,53,7,optimized_rf,wetland,cropland
4,54,5,optimized_rf,wetland,wetland
4,55,6,optimized_rf,wetland,forest
5,1,1365,optimized_rf,grassland_meadow_steppe,cropland
5,2,16779,optimized_rf,grassland_meadow_steppe,forest
5,3,19236,optimized_rf,grassland_meadow_steppe,forest
5,4,3521,optimized_rf,grassland_meadow_steppe,wetland
5,5,61335,optimized_rf,grassland_meadow_steppe,grassland_meadow_steppe
5,6,4857,optimized_rf,grassland_meadow_steppe,wetland
5,7,6034,optimized_rf,grassland_meadow_steppe,scrub
5,9,598,optimized_rf,grassland_meadow_steppe,forest
5,10,4279,optimized_rf,grassland_meadow_steppe,forest
5,11,11687,optimized_rf,grassland_meadow_steppe,grassland_meadow_steppe
5,12,15469,optimized_rf,grassland_meadow_steppe,cropland
5,13,9880,optimized_rf,grassland_meadow_steppe,grassland_meadow_steppe
5,14,2773,optimized_rf,grassland_meadow_steppe,forest
5,15,1461,optimized_rf,grassland_meadow_steppe,grassland_meadow_steppe
5,16,3408,optimized_rf,grassland_meadow_steppe,grassland_meadow_steppe
5,17,471,optimized_rf,grassland_meadow_steppe,alpine_vegetation
5,18,622,optimized_rf,grassland_meadow_steppe,scrub
5,19,8,optimized_rf,grassland_meadow_steppe,no_vegetation
5,20,987,optimized_rf,grassland_meadow_steppe,alpine_vegetation
5,21,794,optimized_rf,grassland_meadow_steppe,cropland
5,22,197,optimized_rf,grassland_meadow_steppe,alpine_vegetation
5,23,87,optimized_rf,grassland_meadow_steppe,desert
5,24,1262,optimized_rf,grassland_meadow_steppe,desert
5,25,1241,optimized_rf,grassland_meadow_steppe,desert
5,26,1291,optimized_rf,grassland_meadow_steppe,forest
5,27,3446,optimized_rf,grassland_meadow_steppe,cropland
5,28,474,optimized_rf,grassland_meadow_steppe,forest
5,29,52,optimized_rf,grassland_meadow_steppe,desert
5,30,576,optimized_rf,grassland_meadow_steppe,forest
5,31,96,optimized_rf,grassland_meadow_steppe,grassland_meadow_steppe
5,32,168,optimized_rf,grassland_meadow_steppe,desert
5,33,1683,optimized_rf,grassland_meadow_steppe,cropland
5,34,128,optimized_rf,grassland_meadow_steppe,forest
5,35,179,optimized_rf,grassland_meadow_steppe,desert
5,36,1994,optimized_rf,grassland_meadow_steppe,forest
5,37,103,optimized_rf,grassland_meadow_steppe,forest
5,38,10,optimized_rf,grassland_meadow_steppe,desert
5,39,1670,optimized_rf,grassland_meadow_steppe,forest
5,40,476,optimized_rf,grassland_meadow_steppe,grassland_meadow_steppe
5,41,999,optimized_rf,grassland_meadow_steppe,grassland_meadow_steppe
5,42,93,optimized_rf,grassland_meadow_steppe,desert
5,43,2,optimized_rf,grassland_meadow_steppe,wetland
5,44,2566,optimized_rf,grassland_meadow_steppe,scrub
5,45,222,optimized_rf,grassland_meadow_steppe,scrub
5,46,2957,optimized_rf,grassland_meadow_steppe,scrub
5,47,2268,optimized_rf,grassland_meadow_steppe,cropland
5,48,6,optimized_rf,grassland_meadow_steppe,wetland
5,49,611,optimized_rf,grassland_meadow_steppe,forest
5,50,16,optimized_rf,grassland_meadow_steppe,scrub
5,52,4,optimized_rf,grassland_meadow_steppe,forest
5,53,6,optimized_rf,grassland_meadow_steppe,cropland
5,54,10,optimized_rf,grassland_meadow_steppe,wetland
5,55,6,optimized_rf,grassland_meadow_steppe,forest
6,1,66,optimized_rf,wetland,cropland
6,2,7870,optimized_rf,wetland,forest
6,3,6495,optimized_rf,wetland,forest
6,4,2100,optimized_rf,wetland,wetland
6,5,1102,optimized_rf,wetland,grassland_meadow_steppe
6,6,52924,optimized_rf,wetland,wetland
6,7,158,optimized_rf,wetland,scrub
6,9,399,optimized_rf,wetland,forest
6,10,94,optimized_rf,wetland,forest
6,11,2285,optimized_rf,wetland,grassland_meadow_steppe
6,12,6636,optimized_rf,wetland,cropland
6,13,233,optimized_rf,wetland,grassland_meadow_steppe
6,14,18,optimized_rf,wetland,forest
6,15,1395,optimized_rf,wetland,grassland_meadow_steppe
6,16,44,optimized_rf,wetland,grassland_meadow_steppe
6,17,13,optimized_rf,wetland,alpine_vegetation
6,18,67,optimized_rf,wetland,scrub
6,19,131,optimized_rf,wetland,no_vegetation
6,20,8,optimized_rf,wetland,alpine_vegetation
6,21,1994,optimized_rf,wetland,cropland
6,22,13,optimized_rf,wetland,alpine_vegetation
6,23,215,optimized_rf,wetland,desert
6,24,1390,optimized_rf,wetland,desert
6,25,648,optimized_rf,wetland,desert
6,26,22,optimized_rf,wetland,forest
6,27,2648,optimized_rf,wetland,cropland
6,28,62,optimized_rf,wetland,forest
6,29,60,optimized_rf,wetland,desert
6,30,37,optimized_rf,wetland,forest
6,31,212,optimized_rf,wetland,grassland_meadow_steppe
6,32,5,optimized_rf,wetland,desert
6,33,123,optimized_rf,wetland,cropland
6,34,13,optimized_rf,wetland,forest
6,35,13,optimized_rf,wetland,desert
6,36,15,optimized_rf,wetland,forest
6,37,195,optimized_rf,wetland,forest
6,38,14,optimized_rf,wetland,desert
6,39,24,optimized_rf,wetland,forest
6,40,12,optimized_rf,wetland,grassland_meadow_steppe
6,41,33,optimized_rf,wetland,grassland_meadow_steppe
6,42,77,optimized_rf,wetland,desert
6,43,52,optimized_rf,wetland,wetland
6,44,17,optimized_rf,wetland,scrub
6,45,11,optimized_rf,wetland,scrub
6,46,41,optimized_rf,wetland,scrub
6,47,174,optimized_rf,wetland,cropland
6,48,22,optimized_rf,wetland,wetland
6,49,62,optimized_rf,wetland,forest
6,50,8,optimized_rf,wetland,scrub
6,52,10,optimized_rf,wetland,forest
6,53,8,optimized_rf,wetland,cropland
6,54,12,optimized_rf,wetland,wetland
6,55,14,optimized_rf,wetland,forest
7,1,711,optimized_rf,scrub,cropland
7,2,3082,optimized_rf,scrub,forest
7,3,27677,optimized_rf,scrub,forest
7,4,1079,optimized_rf,scrub,wetland
7,5,1651,optimized_rf,scrub,grassland_meadow_steppe
7,6,1423,optimized_rf,scrub,wetland
7,7,91358,optimized_rf,scrub,scrub
7,9,2576,optimized_rf,scrub,forest
7,10,1007,optimized_rf,scrub,forest
7,11,5963,optimized_rf,scrub,grassland_meadow_steppe
7,12,5475,optimized_rf,scrub,cropland
7,13,12976,optimized_rf,scrub,grassland_meadow_steppe
7,14,2336,optimized_rf,scrub,forest
7,15,2281,optimized_rf,scrub,grassland_meadow_steppe
7,16,269,optimized_rf,scrub,grassland_meadow_steppe
7,17,1,optimized_rf,scrub,alpine_vegetation
7,18,1240,optimized_rf,scrub,scrub
7,19,1146,optimized_rf,scrub,no_vegetation
7,20,3,optimized_rf,scrub,alpine_vegetation
7,21,449,optimized_rf,scrub,cropland
7,22,2,optimized_rf,scrub,alpine_vegetation
7,23,2157,optimized_rf,scrub,desert
7,24,3253,optimized_rf,scrub,desert
7,25,4213,optimized_rf,scrub,desert
7,26,471,optimized_rf,scrub,forest
7,27,6971,optimized_rf,scrub,cropland
7,28,2121,optimized_rf,scrub,forest
7,29,216,optimized_rf,scrub,desert
7,30,489,optimized_rf,scrub,forest
7,31,297,optimized_rf,scrub,grassland_meadow_steppe
7,32,972,optimized_rf,scrub,desert
7,33,9936,optimized_rf,scrub,cropland
7,34,288,optimized_rf,scrub,forest
7,35,272,optimized_rf,scrub,desert
7,36,5392,optimized_rf,scrub,forest
7,37,755,optimized_rf,scrub,forest
7,38,10,optimized_rf,scrub,desert
7,39,1326,optimized_rf,scrub,forest
7,40,732,optimized_rf,scrub,grassland_meadow_steppe
7,41,14162,optimized_rf,scrub,grassland_meadow_steppe
7,42,536,optimized_rf,scrub,desert
7,43,1,optimized_rf,scrub,wetland
7,44,1950,optimized_rf,scrub,scrub
7,45,68,optimized_rf,scrub,scrub
7,46,458,optimized_rf,scrub,scrub
7,47,585,optimized_rf,scrub,cropland
7,48,5,optimized_rf,scrub,wetland
7,49,573,optimized_rf,scrub,forest
7,50,33,optimized_rf,scrub,scrub
7,52,5,optimized_rf,scrub,forest
7,53,2,optimized_rf,scrub,cropland
7,54,5,optimized_rf,scrub,wetland
7,55,7,optimized_rf,scrub,forest
9,1,1,optimized_rf,forest,cropland
9,2,406,optimized_rf,forest,forest
9,3,4875,optimized_rf,forest,forest
9,4,8,optimized_rf,forest,wetland
9,5,99,optimized_rf,forest,grassland_meadow_steppe
9,6,7,optimized_rf,forest,wetland
9,7,63,optimized_rf,forest,scrub
9,9,24111,optimized_rf,forest,forest
9,10,9,optimized_rf,forest,forest
9,11,310,optimized_rf,forest,grassland_meadow_steppe
9,12,482,optimized_rf,forest,cropland
9,13,6,optimized_rf,forest,grassland_meadow_steppe
9,14,56,optimized_rf,forest,forest
9,15,9,optimized_rf,forest,grassland_meadow_steppe
9,16,1,optimized_rf,forest,grassland_meadow_steppe
9,18,3,optimized_rf,forest,scrub
9,19,1,optimized_rf,forest,no_vegetation
9,21,3,optimized_rf,forest,cropland
9,24,2,optimized_rf,forest,desert
9,25,1,optimized_rf,forest,desert
9,26,2,optimized_rf,forest,forest
9,27,20,optimized_rf,forest,cropland
9,28,1,optimized_rf,forest,forest
9,29,2,optimized_rf,forest,desert
9,32,2,optimized_rf,forest,desert
9,33,1,optimized_rf,forest,cropland
9,35,1,optimized_rf,forest,desert
9,36,4,optimized_rf,forest,forest
9,38,1,optimized_rf,forest,desert
9,42,1,optimized_rf,forest,desert
9,43,1,optimized_rf,forest,wetland
9,45,1,optimized_rf,forest,scrub
9,48,3,optimized_rf,forest,wetland
9,49,1,optimized_rf,forest,forest
9,50,1,optimized_rf,forest,scrub
9,54,4,optimized_rf,forest,wetland
9,55,1,optimized_rf,forest,forest
10,1,927,optimized_rf,forest,cropland
10,2,12,optimized_rf,forest,forest
10,3,905,optimized_rf,forest,forest
10,4,9,optimized_rf,forest,wetland
10,5,342,optimized_rf,forest,grassland_meadow_steppe
10,6,3,optimized_rf,forest,wetland
10,7,192,optimized_rf,forest,scrub
10,9,151,optimized_rf,forest,forest
10,10,96737,optimized_rf,forest,forest
10,11,19,optimized_rf,forest,grassland_meadow_steppe
10,12,29,optimized_rf,forest,cropland
10,13,64,optimized_rf,forest,grassland_meadow_steppe
10,14,11,optimized_rf,forest,forest
10,15,36,optimized_rf,forest,grassland_meadow_steppe
10,16,3847,optimized_rf,forest,grassland_meadow_steppe
10,17,12,optimized_rf,forest,alpine_vegetation
10,18,7198,optimized_rf,forest,scrub
10,19,5,optimized_rf,forest,no_vegetation
10,20,1796,optimized_rf,forest,alpine_vegetation
10,21,93,optimized_rf,forest,cropland
10,22,12,optimized_rf,forest,alpine_vegetation
10,23,13,optimized_rf,forest,desert
10,24,12,optimized_rf,forest,desert
10,25,17,optimized_rf,forest,desert
10,26,151,optimized_rf,forest,forest
10,27,12,optimized_rf,forest,cropland
10,28,839,optimized_rf,forest,forest
10,29,14,optimized_rf,forest,desert
10,30,1048,optimized_rf,forest,forest
10,31,16,optimized_rf,forest,grassland_meadow_steppe
10,32,8,optimized_rf,forest,desert
10,33,97,optimized_rf,forest,cropland
10,34,1908,optimized_rf,forest,forest
10,35,15,optimized_rf,forest,desert
10,36,1614,optimized_rf,forest,forest
10,37,27,optimized_rf,forest,forest
10,38,8,optimized_rf,forest,desert
10,39,5707,optimized_rf,forest,forest
10,40,383,optimized_rf,forest,grassland_meadow_steppe
10,41,45,optimized_rf,forest,grassland_meadow_steppe
10,42,6,optimized_rf,forest,desert
10,43,240,optimized_rf,forest,wetland
10,44,192,optimized_rf,forest,scrub
10,45,364,optimized_rf,forest,scrub
10,46,14208,optimized_rf,forest,scrub
10,47,1146,optimized_rf,forest,cropland
10,48,16,optimized_rf,forest,wetland
10,49,5569,optimized_rf,forest,forest
10,50,105,optimized_rf,forest,scrub
10,52,22,optimized_rf,forest,forest
10,53,36,optimized_rf,forest,cropland
10,54,10,optimized_rf,forest,wetland
10,55,16,optimized_rf,forest,forest
11,1,13,optimized_rf,grassland_meadow_steppe,cropland
11,2,2616,optimized_rf,grassland_meadow_steppe,forest
11,3,2309,optimized_rf,grassland_meadow_steppe,forest
11,4,1737,optimized_rf,grassland_meadow_steppe,wetland
11,5,6310,optimized_rf,grassland_meadow_steppe,grassland_meadow_steppe
11,6,1870,optimized_rf,grassland_meadow_steppe,wetland
11,7,5463,optimized_rf,grassland_meadow_steppe,scrub
11,9,7,optimized_rf,grassland_meadow_steppe,forest
11,10,24,optimized_rf,grassland_meadow_steppe,forest
11,11,84226,optimized_rf,grassland_meadow_steppe,grassland_meadow_steppe
11,12,7346,optimized_rf,grassland_meadow_steppe,cropland
11,13,17073,optimized_rf,grassland_meadow_steppe,grassland_meadow_steppe
11,14,4212,optimized_rf,grassland_meadow_steppe,forest
11,15,1481,optimized_rf,grassland_meadow_steppe,grassland_meadow_steppe
11,16,697,optimized_rf,grassland_meadow_steppe,grassland_meadow_steppe
11,17,22,optimized_rf,grassland_meadow_steppe,alpine_vegetation
11,18,65,optimized_rf,grassland_meadow_steppe,scrub
11,19,5,optimized_rf,grassland_meadow_steppe,no_vegetation
11,20,247,optimized_rf,grassland_meadow_steppe,alpine_vegetation
11,21,3,optimized_rf,grassland_meadow_steppe,cropland
11,22,21,optimized_rf,grassland_meadow_steppe,alpine_vegetation
11,23,11,optimized_rf,grassland_meadow_steppe,desert
11,24,461,optimized_rf,grassland_meadow_steppe,desert
11,25,1476,optimized_rf,grassland_meadow_steppe,desert
11,26,4,optimized_rf,grassland_meadow_steppe,forest
11,27,4145,optimized_rf,grassland_meadow_steppe,cropland
11,28,97,optimized_rf,grassland_meadow_steppe,forest
11,29,2,optimized_rf,grassland_meadow_steppe,desert
11,30,6,optimized_rf,grassland_meadow_steppe,forest
11,31,52,optimized_rf,grassland_meadow_steppe,grassland_meadow_steppe
11,32,41,optimized_rf,grassland_meadow_steppe,desert
11,33,4269,optimized_rf,grassland_meadow_steppe,cropland
11,34,86,optimized_rf,grassland_meadow_steppe,forest
11,35,7,optimized_rf,grassland_meadow_steppe,desert
11,36,5,optimized_rf,grassland_meadow_steppe,forest
11,37,93,optimized_rf,grassland_meadow_steppe,forest
11,38,3,optimized_rf,grassland_meadow_steppe,desert
11,39,20,optimized_rf,grassland_meadow_steppe,forest
11,40,4,optimized_rf,grassland_meadow_steppe,grassland_meadow_steppe
11,41,316,optimized_rf,grassland_meadow_steppe,grassland_meadow_steppe
11,42,115,optimized_rf,grassland_meadow_steppe,desert
11,43,8,optimized_rf,grassland_meadow_steppe,wetland
11,44,3,optimized_rf,grassland_meadow_steppe,scrub
11,45,6,optimized_rf,grassland_meadow_steppe,scrub
11,46,43,optimized_rf,grassland_meadow_steppe,scrub
11,47,8,optimized_rf,grassland_meadow_steppe,cropland
11,48,4,optimized_rf,grassland_meadow_steppe,wetland
11,49,5,optimized_rf,grassland_meadow_steppe,forest
11,50,5,optimized_rf,grassland_meadow_steppe,scrub
11,52,2,optimized_rf,grassland_meadow_steppe,forest
11,53,4,optimized_rf,grassland_meadow_steppe,cropland
11,54,4,optimized_rf,grassland_meadow_steppe,wetland
11,55,5,optimized_rf,grassland_meadow_steppe,forest
12,1,66,optimized_rf,cropland,cropland
12,2,478,optimized_rf,cropland,forest
12,3,33417,optimized_rf,cropland,forest
12,4,4082,optimized_rf,cropland,wetland
12,5,6225,optimized_rf,cropland,grassland_meadow_steppe
12,6,3987,optimized_rf,cropland,wetland
12,7,12498,optimized_rf,cropland,scrub
12,9,3126,optimized_rf,cropland,forest
12,10,7,optimized_rf,cropland,forest
12,11,10888,optimized_rf,cropland,grassland_meadow_steppe
12,12,226057,optimized_rf,cropland,cropland
12,13,33989,optimized_rf,cropland,grassland_meadow_steppe
12,14,4714,optimized_rf,cropland,forest
12,15,3243,optimized_rf,cropland,grassland_meadow_steppe
12,16,4,optimized_rf,cropland,grassland_meadow_steppe
12,17,4,optimized_rf,cropland,alpine_vegetation
12,18,18,optimized_rf,cropland,scrub
12,19,445,optimized_rf,cropland,no_vegetation
12,20,7,optimized_rf,cropland,alpine_vegetation
12,21,8,optimized_rf,cropland,cropland
12,22,142,optimized_rf,cropland,alpine_vegetation
12,23,561,optimized_rf,cropland,desert
12,24,5979,optimized_rf,cropland,desert
12,25,2088,optimized_rf,cropland,desert
12,26,189,optimized_rf,cropland,forest
12,27,12963,optimized_rf,cropland,cropland
12,28,12,optimized_rf,cropland,forest
12,29,77,optimized_rf,cropland,desert
12,30,4,optimized_rf,cropland,forest
12,31,7,optimized_rf,cropland,grassland_meadow_steppe
12,32,37,optimized_rf,cropland,desert
12,33,6024,optimized_rf,cropland,cropland
12,34,24,optimized_rf,cropland,forest
12,35,10,optimized_rf,cropland,desert
12,36,7,optimized_rf,cropland,forest
12,37,8,optimized_rf,cropland,forest
12,38,6,optimized_rf,cropland,desert
12,39,10,optimized_rf,cropland,forest
12,40,3,optimized_rf,cropland,grassland_meadow_steppe
12,41,2708,optimized_rf,cropland,grassland_meadow_steppe
12,42,7,optimized_rf,cropland,desert
12,43,3,optimized_rf,cropland,wetland
12,44,5,optimized_rf,cropland,scrub
12,45,14,optimized_rf,cropland,scrub
12,46,7,optimized_rf,cropland,scrub
12,47,4,optimized_rf,cropland,cropland
12,48,4,optimized_rf,cropland,wetland
12,49,8,optimized_rf,cropland,forest
12,50,7,optimized_rf,cropland,scrub
12,52,3,optimized_rf,cropland,forest
12,53,6,optimized_rf,cropland,cropland
12,54,15,optimized_rf,cropland,wetland
12,55,8,optimized_rf,cropland,forest
13,1,1542,optimized_rf,grassland_meadow_steppe,cropland
13,2,1998,optimized_rf,grassland_meadow_steppe,forest
13,3,1022,optimized_rf,grassland_meadow_steppe,forest
13,4,5511,optimized_rf,grassland_meadow_steppe,wetland
13,5,6847,optimized_rf,grassland_meadow_steppe,grassland_meadow_steppe
13,6,354,optimized_rf,grassland_meadow_steppe,wetland
13,7,15216,optimized_rf,grassland_meadow_steppe,scrub
13,9,32,optimized_rf,grassland_meadow_steppe,forest
13,10,29,optimized_rf,grassland_meadow_steppe,forest
13,11,26652,optimized_rf,grassland_meadow_steppe,grassland_meadow_steppe
13,12,24382,optimized_rf,grassland_meadow_steppe,cropland
13,13,397260,optimized_rf,grassland_meadow_steppe,grassland_meadow_steppe
13,14,14138,optimized_rf,grassland_meadow_steppe,forest
13,15,8246,optimized_rf,grassland_meadow_steppe,grassland_meadow_steppe
13,16,8552,optimized_rf,grassland_meadow_steppe,grassland_meadow_steppe
13,17,8,optimized_rf,grassland_meadow_steppe,alpine_vegetation
13,18,6702,optimized_rf,grassland_meadow_steppe,scrub
13,19,282,optimized_rf,grassland_meadow_steppe,no_vegetation
13,20,1473,optimized_rf,grassland_meadow_steppe,alpine_vegetation
13,21,10,optimized_rf,grassland_meadow_steppe,cropland
13,22,380,optimized_rf,grassland_meadow_steppe,alpine_vegetation
13,23,24,optimized_rf,grassland_meadow_steppe,desert
13,24,11612,optimized_rf,grassland_meadow_steppe,desert
13,25,39159,optimized_rf,grassland_meadow_steppe,desert
13,26,45,optimized_rf,grassland_meadow_steppe,forest
13,27,2181,optimized_rf,grassland_meadow_steppe,cropland
13,28,106,optimized_rf,grassland_meadow_steppe,forest
13,29,8,optimized_rf,grassland_meadow_steppe,desert
13,30,21,optimized_rf,grassland_meadow_steppe,forest
13,31,7625,optimized_rf,grassland_meadow_steppe,grassland_meadow_steppe
13,32,2866,optimized_rf,grassland_meadow_steppe,desert
13,33,31320,optimized_rf,grassland_meadow_steppe,cropland
13,34,7,optimized_rf,grassland_meadow_steppe,forest
13,35,842,optimized_rf,grassland_meadow_steppe,desert
13,36,10,optimized_rf,grassland_meadow_steppe,forest
13,37,328,optimized_rf,grassland_meadow_steppe,forest
13,38,7,optimized_rf,grassland_meadow_steppe,desert
13,39,9,optimized_rf,grassland_meadow_steppe,forest
13,40,11,optimized_rf,grassland_meadow_steppe,grassland_meadow_steppe
13,41,1296,optimized_rf,grassland_meadow_steppe,grassland_meadow_steppe
13,42,728,optimized_rf,grassland_meadow_steppe,desert
13,43,9,optimized_rf,grassland_meadow_steppe,wetland
13,44,7,optimized_rf,grassland_meadow_steppe,scrub
13,45,7,optimized_rf,grassland_meadow_steppe,scrub
13,46,28,optimized_rf,grassland_meadow_steppe,scrub
13,47,10,optimized_rf,grassland_meadow_steppe,cropland
13,48,8,optimized_rf,grassland_meadow_steppe,wetland
13,49,12,optimized_rf,grassland_meadow_steppe,forest
13,50,6,optimized_rf,grassland_meadow_steppe,scrub
13,52,14,optimized_rf,grassland_meadow_steppe,forest
13,53,5,optimized_rf,grassland_meadow_steppe,cropland
13,54,9,optimized_rf,grassland_meadow_steppe,wetland
13,55,15,optimized_rf,grassland_meadow_steppe,forest
14,2,63,optimized_rf,forest,forest
14,3,21,optimized_rf,forest,forest
14,4,54,optimized_rf,forest,wetland
14,5,27,optimized_rf,forest,grassland_meadow_steppe
14,6,10,optimized_rf,forest,wetland
14,7,545,optimized_rf,forest,scrub
14,11,760,optimized_rf,forest,grassland_meadow_steppe
14,12,624,optimized_rf,forest,cropland
14,13,2690,optimized_rf,forest,grassland_meadow_steppe
14,14,24352,optimized_rf,forest,forest
14,15,765,optimized_rf,forest,grassland_meadow_steppe
14,16,2,optimized_rf,forest,grassland_meadow_steppe
14,19,550,optimized_rf,forest,no_vegetation
14,23,821,optimized_rf,forest,desert
14,24,604,optimized_rf,forest,desert
14,25,23,optimized_rf,forest,desert
14,27,535,optimized_rf,forest,cropland
14,29,11,optimized_rf,forest,desert
14,32,2,optimized_rf,forest,desert
14,33,205,optimized_rf,forest,cropland
14,37,1,optimized_rf,forest,forest
15,1,85,optimized_rf,grassland_meadow_steppe,cropland
15,2,98,optimized_rf,grassland_meadow_steppe,forest
15,3,1350,optimized_rf,grassland_meadow_steppe,forest
15,4,1715,optimized_rf,grassland_meadow_steppe,wetland
15,5,955,optimized_rf,grassland_meadow_steppe,grassland_meadow_steppe
15,6,1197,optimized_rf,grassland_meadow_steppe,wetland
15,7,1499,optimized_rf,grassland_meadow_steppe,scrub
15,9,129,optimized_rf,grassland_meadow_steppe,forest
15,10,128,optimized_rf,grassland_meadow_steppe,forest
15,11,4504,optimized_rf,grassland_meadow_steppe,grassland_meadow_steppe
15,12,11052,optimized_rf,grassland_meadow_steppe,cropland
15,13,22188,optimized_rf,grassland_meadow_steppe,grassland_meadow_steppe
15,14,5230,optimized_rf,grassland_meadow_steppe,forest
15,15,110630,optimized_rf,grassland_meadow_steppe,grassland_meadow_steppe
15,16,164,optimized_rf,grassland_meadow_steppe,grassland_meadow_steppe
15,17,84,optimized_rf,grassland_meadow_steppe,alpine_vegetation
15,18,147,optimized_rf,grassland_meadow_steppe,scrub
15,19,15427,optimized_rf,grassland_meadow_steppe,no_vegetation
15,20,110,optimized_rf,grassland_meadow_steppe,alpine_vegetation
15,21,99,optimized_rf,grassland_meadow_steppe,cropland
15,22,95,optimized_rf,grassland_meadow_steppe,alpine_vegetation
15,23,18223,optimized_rf,grassland_meadow_steppe,desert
15,24,8208,optimized_rf,grassland_meadow_steppe,desert
15,25,6402,optimized_rf,grassland_meadow_steppe,desert
15,26,97,optimized_rf,grassland_meadow_steppe,forest
15,27,10335,optimized_rf,grassland_meadow_steppe,cropland
15,28,98,optimized_rf,grassland_meadow_steppe,forest
15,29,3620,optimized_rf,grassland_meadow_steppe,desert
15,30,143,optimized_rf,grassland_meadow_steppe,forest
15,31,412,optimized_rf,grassland_meadow_steppe,grassland_meadow_steppe
15,32,2978,optimized_rf,grassland_meadow_steppe,desert
15,33,4159,optimized_rf,grassland_meadow_steppe,cropland
15,34,86,optimized_rf,grassland_meadow_steppe,forest
15,35,356,optimized_rf,grassland_meadow_steppe,desert
15,36,99,optimized_rf,grassland_meadow_steppe,forest
15,37,395,optimized_rf,grassland_meadow_steppe,forest
15,38,1097,optimized_rf,grassland_meadow_steppe,desert
15,39,98,optimized_rf,grassland_meadow_steppe,forest
15,40,69,optimized_rf,grassland_meadow_steppe,grassland_meadow_steppe
15,41,124,optimized_rf,grassland_meadow_steppe,grassland_meadow_steppe
15,42,497,optimized_rf,grassland_meadow_steppe,desert
15,43,196,optimized_rf,grassland_meadow_steppe,wetland
15,44,96,optimized_rf,grassland_meadow_steppe,scrub
15,45,91,optimized_rf,grassland_meadow_steppe,scrub
15,46,92,optimized_rf,grassland_meadow_steppe,scrub
15,47,85,optimized_rf,grassland_meadow_steppe,cropland
15,48,101,optimized_rf,grassland_meadow_steppe,wetland
15,49,99,optimized_rf,grassland_meadow_steppe,forest
15,50,86,optimized_rf,grassland_meadow_steppe,scrub
15,52,90,optimized_rf,grassland_meadow_steppe,forest
15,53,119,optimized_rf,grassland_meadow_steppe,cropland
15,54,67,optimized_rf,grassland_meadow_steppe,wetland
15,55,87,optimized_rf,grassland_meadow_steppe,forest
16,1,2928,optimized_rf,grassland_meadow_steppe,cropland
16,2,3417,optimized_rf,grassland_meadow_steppe,forest
16,3,61,optimized_rf,grassland_meadow_steppe,forest
16,4,674,optimized_rf,grassland_meadow_steppe,wetland
16,5,5932,optimized_rf,grassland_meadow_steppe,grassland_meadow_steppe
16,6,164,optimized_rf,grassland_meadow_steppe,wetland
16,7,151,optimized_rf,grassland_meadow_steppe,scrub
16,9,5,optimized_rf,grassland_meadow_steppe,forest
16,10,12449,optimized_rf,grassland_meadow_steppe,forest
16,11,106,optimized_rf,grassland_meadow_steppe,grassland_meadow_steppe
16,12,6,optimized_rf,grassland_meadow_steppe,cropland
16,13,5907,optimized_rf,grassland_meadow_steppe,grassland_meadow_steppe
16,14,32,optimized_rf,grassland_meadow_steppe,forest
16,15,259,optimized_rf,grassland_meadow_steppe,grassland_meadow_steppe
16,16,587150,optimized_rf,grassland_meadow_steppe,grassland_meadow_steppe
16,17,4643,optimized_rf,grassland_meadow_steppe,alpine_vegetation
16,18,39584,optimized_rf,grassland_meadow_steppe,scrub
16,19,577,optimized_rf,grassland_meadow_steppe,no_vegetation
16,20,88867,optimized_rf,grassland_meadow_steppe,alpine_vegetation
16,21,18,optimized_rf,grassland_meadow_steppe,cropland
16,22,21097,optimized_rf,grassland_meadow_steppe,alpine_vegetation
16,23,136,optimized_rf,grassland_meadow_steppe,desert
16,24,480,optimized_rf,grassland_meadow_steppe,desert
16,25,4298,optimized_rf,grassland_meadow_steppe,desert
16,26,30,optimized_rf,grassland_meadow_steppe,forest
16,27,7,optimized_rf,grassland_meadow_steppe,cropland
16,28,681,optimized_rf,grassland_meadow_steppe,forest
16,29,6,optimized_rf,grassland_meadow_steppe,desert
16,30,33,optimized_rf,grassland_meadow_steppe,forest
16,31,72357,optimized_rf,grassland_meadow_steppe,grassland_meadow_steppe
16,32,764,optimized_rf,grassland_meadow_steppe,desert
16,33,317,optimized_rf,grassland_meadow_steppe,cropland
16,34,377,optimized_rf,grassland_meadow_steppe,forest
16,35,9,optimized_rf,grassland_meadow_steppe,desert
16,36,536,optimized_rf,grassland_meadow_steppe,forest
16,37,9,optimized_rf,grassland_meadow_steppe,forest
16,38,5,optimized_rf,grassland_meadow_steppe,desert
16,39,2059,optimized_rf,grassland_meadow_steppe,forest
16,40,60,optimized_rf,grassland_meadow_steppe,grassland_meadow_steppe
16,41,5,optimized_rf,grassland_meadow_steppe,grassland_meadow_steppe
16,42,6718,optimized_rf,grassland_meadow_steppe,desert
16,43,8304,optimized_rf,grassland_meadow_steppe,wetland
16,44,133,optimized_rf,grassland_meadow_steppe,scrub
16,45,10746,optimized_rf,grassland_meadow_steppe,scrub
16,46,28625,optimized_rf,grassland_meadow_steppe,scrub
16,47,34,optimized_rf,grassland_meadow_steppe,cropland
16,48,176,optimized_rf,grassland_meadow_steppe,wetland
16,49,114,optimized_rf,grassland_meadow_steppe,forest
16,50,105,optimized_rf,grassland_meadow_steppe,scrub
16,52,5,optimized_rf,grassland_meadow_steppe,forest
16,53,8,optimized_rf,grassland_meadow_steppe,cropland
16,54,8,optimized_rf,grassland_meadow_steppe,wetland
16,55,6,optimized_rf,grassland_meadow_steppe,forest
17,2,83,optimized_rf,alpine_vegetation,forest
17,3,2,optimized_rf,alpine_vegetation,forest
17,4,1,optimized_rf,alpine_vegetation,wetland
17,5,11,optimized_rf,alpine_vegetation,grassland_meadow_steppe
17,6,1,optimized_rf,alpine_vegetation,wetland
17,9,3,optimized_rf,alpine_vegetation,forest
17,10,1,optimized_rf,alpine_vegetation,forest
17,11,2,optimized_rf,alpine_vegetation,grassland_meadow_steppe
17,14,5,optimized_rf,alpine_vegetation,forest
17,16,6,optimized_rf,alpine_vegetation,grassland_meadow_steppe
17,17,1481,optimized_rf,alpine_vegetation,alpine_vegetation
17,19,1,optimized_rf,alpine_vegetation,no_vegetation
17,20,1,optimized_rf,alpine_vegetation,alpine_vegetation
17,23,1,optimized_rf,alpine_vegetation,desert
17,25,1,optimized_rf,alpine_vegetation,desert
17,26,3,optimized_rf,alpine_vegetation,forest
17,27,3,optimized_rf,alpine_vegetation,cropland
17,28,3,optimized_rf,alpine_vegetation,forest
17,29,1,optimized_rf,alpine_vegetation,desert
17,30,1,optimized_rf,alpine_vegetation,forest
17,32,1,optimized_rf,alpine_vegetation,desert
17,33,1,optimized_rf,alpine_vegetation,cropland
17,34,1,optimized_rf,alpine_vegetation,forest
17,36,1,optimized_rf,alpine_vegetation,forest
17,37,1,optimized_rf,alpine_vegetation,forest
17,38,2,optimized_rf,alpine_vegetation,desert
17,39,1,optimized_rf,alpine_vegetation,forest
17,41,2,optimized_rf,alpine_vegetation,grassland_meadow_steppe
17,42,4,optimized_rf,alpine_vegetation,desert
17,44,2,optimized_rf,alpine_vegetation,scrub
17,47,2,optimized_rf,alpine_vegetation,cropland
17,48,4,optimized_rf,alpine_vegetation,wetland
17,49,3,optimized_rf,alpine_vegetation,forest
17,50,2,optimized_rf,alpine_vegetation,scrub
17,52,1,optimized_rf,alpine_vegetation,forest
17,54,2,optimized_rf,alpine_vegetation,wetland
18,1,1488,optimized_rf,scrub,cropland
18,2,839,optimized_rf,scrub,forest
18,3,143,optimized_rf,scrub,forest
18,4,83,optimized_rf,scrub,wetland
18,5,979,optimized_rf,scrub,grassland_meadow_steppe
18,7,131,optimized_rf,scrub,scrub
18,10,5149,optimized_rf,scrub,forest
18,11,112,optimized_rf,scrub,grassland_meadow_steppe
18,13,3141,optimized_rf,scrub,grassland_meadow_steppe
18,16,22829,optimized_rf,scrub,grassland_meadow_steppe
18,17,119,optimized_rf,scrub,alpine_vegetation
18,18,52247,optimized_rf,scrub,scrub
18,19,7,optimized_rf,scrub,no_vegetation
18,20,1434,optimized_rf,scrub,alpine_vegetation
18,21,4,optimized_rf,scrub,cropland
18,22,403,optimized_rf,scrub,alpine_vegetation
18,24,160,optimized_rf,scrub,desert
18,25,1944,optimized_rf,scrub,desert
18,26,22,optimized_rf,scrub,forest
18,28,573,optimized_rf,scrub,forest
18,30,63,optimized_rf,scrub,forest
18,31,4930,optimized_rf,scrub,grassland_meadow_steppe
18,32,128,optimized_rf,scrub,desert
18,33,214,optimized_rf,scrub,cropland
18,34,507,optimized_rf,scrub,forest
18,35,17,optimized_rf,scrub,desert
18,36,476,optimized_rf,scrub,forest
18,37,1,optimized_rf,scrub,forest
18,39,4482,optimized_rf,scrub,forest
18,40,4,optimized_rf,scrub,grassland_meadow_steppe
18,41,3,optimized_rf,scrub,grassland_meadow_steppe
18,42,1376,optimized_rf,scrub,desert
18,43,566,optimized_rf,scrub,wetland
18,44,324,optimized_rf,scrub,scrub
18,45,1315,optimized_rf,scrub,scrub
18,46,6642,optimized_rf,scrub,scrub
18,47,2,optimized_rf,scrub,cropland
18,48,4,optimized_rf,scrub,wetland
18,49,29,optimized_rf,scrub,forest
18,50,74,optimized_rf,scrub,scrub
19,1,59,optimized_rf,no_vegetation,cropland
19,2,36,optimized_rf,no_vegetation,forest
19,3,37,optimized_rf,no_vegetation,forest
19,4,36,optimized_rf,no_vegetation,wetland
19,5,18,optimized_rf,no_vegetation,grassland_meadow_steppe
19,6,30,optimized_rf,no_vegetation,wetland
19,7,215,optimized_rf,no_vegetation,scrub
19,9,23,optimized_rf,no_vegetation,forest
19,10,518,optimized_rf,no_vegetation,forest
19,11,21,optimized_rf,no_vegetation,grassland_meadow_steppe
19,12,22,optimized_rf,no_vegetation,cropland
19,13,365,optimized_rf,no_vegetation,grassland_meadow_steppe
19,14,5103,optimized_rf,no_vegetation,forest
19,15,10012,optimized_rf,no_vegetation,grassland_meadow_steppe
19,16,4571,optimized_rf,no_vegetation,grassland_meadow_steppe
19,17,20,optimized_rf,no_vegetation,alpine_vegetation
19,18,217,optimized_rf,no_vegetation,scrub
19,19,520503,optimized_rf,no_vegetation,no_vegetation
19,20,38418,optimized_rf,no_vegetation,alpine_vegetation
19,21,24,optimized_rf,no_vegetation,cropland
19,22,2987,optimized_rf,no_vegetation,alpine_vegetation
19,23,50337,optimized_rf,no_vegetation,desert
19,24,25958,optimized_rf,no_vegetation,desert
19,25,931,optimized_rf,no_vegetation,desert
19,26,18,optimized_rf,no_vegetation,forest
19,27,775,optimized_rf,no_vegetation,cropland
19,28,90,optimized_rf,no_vegetation,forest
19,29,4014,optimized_rf,no_vegetation,desert
19,30,11,optimized_rf,no_vegetation,forest
19,31,6729,optimized_rf,no_vegetation,grassland_meadow_steppe
19,32,1186,optimized_rf,no_vegetation,desert
19,33,173,optimized_rf,no_vegetation,cropland
19,34,30,optimized_rf,no_vegetation,forest
19,35,45,optimized_rf,no_vegetation,desert
19,36,22,optimized_rf,no_vegetation,forest
19,37,36,optimized_rf,no_vegetation,forest
19,38,10986,optimized_rf,no_vegetation,desert
19,39,22,optimized_rf,no_vegetation,forest
19,40,28,optimized_rf,no_vegetation,grassland_meadow_steppe
19,41,25,optimized_rf,no_vegetation,grassland_meadow_steppe
19,42,4789,optimized_rf,no_vegetation,desert
19,43,569,optimized_rf,no_vegetation,wetland
19,44,35,optimized_rf,no_vegetation,scrub
19,45,428,optimized_rf,no_vegetation,scrub
19,46,661,optimized_rf,no_vegetation,scrub
19,47,14,optimized_rf,no_vegetation,cropland
19,48,29,optimized_rf,no_vegetation,wetland
19,49,13,optimized_rf,no_vegetation,forest
19,50,54,optimized_rf,no_vegetation,scrub
19,52,22,optimized_rf,no_vegetation,forest
19,53,35,optimized_rf,no_vegetation,cropland
19,54,27,optimized_rf,no_vegetation,wetland
19,55,29,optimized_rf,no_vegetation,forest
20,1,150,optimized_rf,alpine_vegetation,cropland
20,2,87,optimized_rf,alpine_vegetation,forest
20,3,27,optimized_rf,alpine_vegetation,forest
20,4,82,optimized_rf,alpine_vegetation,wetland
20,5,195,optimized_rf,alpine_vegetation,grassland_meadow_steppe
20,6,27,optimized_rf,alpine_vegetation,wetland
20,7,42,optimized_rf,alpine_vegetation,scrub
20,9,31,optimized_rf,alpine_vegetation,forest
20,10,2921,optimized_rf,alpine_vegetation,forest
20,11,34,optimized_rf,alpine_vegetation,grassland_meadow_steppe
20,12,31,optimized_rf,alpine_vegetation,cropland
20,13,404,optimized_rf,alpine_vegetation,grassland_meadow_steppe
20,14,35,optimized_rf,alpine_vegetation,forest
20,15,30,optimized_rf,alpine_vegetation,grassland_meadow_steppe
20,16,53768,optimized_rf,alpine_vegetation,grassland_meadow_steppe
20,17,961,optimized_rf,alpine_vegetation,alpine_vegetation
20,18,2154,optimized_rf,alpine_vegetation,scrub
20,19,32,optimized_rf,alpine_vegetation,no_vegetation
20,20,234953,optimized_rf,alpine_vegetation,alpine_vegetation
20,21,23,optimized_rf,alpine_vegetation,cropland
20,22,7312,optimized_rf,alpine_vegetation,alpine_vegetation
20,23,28,optimized_rf,alpine_vegetation,desert
20,24,534,optimized_rf,alpine_vegetation,desert
20,25,1038,optimized_rf,alpine_vegetation,desert
20,26,21,optimized_rf,alpine_vegetation,forest
20,27,22,optimized_rf,alpine_vegetation,cropland
20,28,141,optimized_rf,alpine_vegetation,forest
20,29,27,optimized_rf,alpine_vegetation,desert
20,30,30,optimized_rf,alpine_vegetation,forest
20,31,29017,optimized_rf,alpine_vegetation,grassland_meadow_steppe
20,32,115,optimized_rf,alpine_vegetation,desert
20,33,63,optimized_rf,alpine_vegetation,cropland
20,34,228,optimized_rf,alpine_vegetation,forest
20,35,28,optimized_rf,alpine_vegetation,desert
20,36,26,optimized_rf,alpine_vegetation,forest
20,37,29,optimized_rf,alpine_vegetation,forest
20,38,32,optimized_rf,alpine_vegetation,desert
20,39,105,optimized_rf,alpine_vegetation,forest
20,40,27,optimized_rf,alpine_vegetation,grassland_meadow_steppe
20,41,32,optimized_rf,alpine_vegetation,grassland_meadow_steppe
20,42,33791,optimized_rf,alpine_vegetation,desert
20,43,78,optimized_rf,alpine_vegetation,wetland
20,44,23,optimized_rf,alpine_vegetation,scrub
20,45,2757,optimized_rf,alpine_vegetation,scrub
20,46,8161,optimized_rf,alpine_vegetation,scrub
20,47,27,optimized_rf,alpine_vegetation,cropland
20,48,116,optimized_rf,alpine_vegetation,wetland
20,49,19,optimized_rf,alpine_vegetation,forest
20,50,44,optimized_rf,alpine_vegetation,scrub
20,52,25,optimized_rf,alpine_vegetation,forest
20,53,24,optimized_rf,alpine_vegetation,cropland
20,54,32,optimized_rf,alpine_vegetation,wetland
20,55,26,optimized_rf,alpine_vegetation,forest
21,1,68,optimized_rf,cropland,cropland
21,2,48,optimized_rf,cropland,forest
21,3,264,optimized_rf,cropland,forest
21,4,153,optimized_rf,cropland,wetland
21,5,145,optimized_rf,cropland,grassland_meadow_steppe
21,6,17,optimized_rf,cropland,wetland
21,7,54,optimized_rf,cropland,scrub
21,9,209,optimized_rf,cropland,forest
21,10,241,optimized_rf,cropland,forest
21,11,19,optimized_rf,cropland,grassland_meadow_steppe
21,12,26,optimized_rf,cropland,cropland
21,13,21,optimized_rf,cropland,grassland_meadow_steppe
21,14,18,optimized_rf,cropland,forest
21,15,21,optimized_rf,cropland,grassland_meadow_steppe
21,16,21,optimized_rf,cropland,grassland_meadow_steppe
21,17,20,optimized_rf,cropland,alpine_vegetation
21,18,21,optimized_rf,cropland,scrub
21,19,27,optimized_rf,cropland,no_vegetation
21,20,24,optimized_rf,cropland,alpine_vegetation
21,21,373558,optimized_rf,cropland,cropland
21,22,22,optimized_rf,cropland,alpine_vegetation
21,23,20,optimized_rf,cropland,desert
21,24,20,optimized_rf,cropland,desert
21,25,19,optimized_rf,cropland,desert
21,26,5780,optimized_rf,cropland,forest
21,27,15,optimized_rf,cropland,cropland
21,28,1142,optimized_rf,cropland,forest
21,29,18,optimized_rf,cropland,desert
21,30,83429,optimized_rf,cropland,forest
21,31,22,optimized_rf,cropland,grassland_meadow_steppe
21,32,29,optimized_rf,cropland,desert
21,33,21,optimized_rf,cropland,cropland
21,34,189,optimized_rf,cropland,forest
21,35,18,optimized_rf,cropland,desert
21,36,8186,optimized_rf,cropland,forest
21,37,352,optimized_rf,cropland,forest
21,38,24,optimized_rf,cropland,desert
21,39,403,optimized_rf,cropland,forest
21,40,32661,optimized_rf,cropland,grassland_meadow_steppe
21,41,188,optimized_rf,cropland,grassland_meadow_steppe
21,42,26,optimized_rf,cropland,desert
21,43,26,optimized_rf,cropland,wetland
21,44,30223,optimized_rf,cropland,scrub
21,45,23,optimized_rf,cropland,scrub
21,46,89,optimized_rf,cropland,scrub
21,47,17881,optimized_rf,cropland,cropland
21,48,1154,optimized_rf,cropland,wetland
21,49,16240,optimized_rf,cropland,forest
21,50,378,optimized_rf,cropland,scrub
21,52,577,optimized_rf,cropland,forest
21,53,23384,optimized_rf,cropland,cropland
21,54,622,optimized_rf,cropland,wetland
21,55,1054,optimized_rf,cropland,forest
22,1,1,optimized_rf,alpine_vegetation,cropland
22,2,54,optimized_rf,alpine_vegetation,forest
22,3,525,optimized_rf,alpine_vegetation,forest
22,4,38,optimized_rf,alpine_vegetation,wetland
22,5,443,optimized_rf,alpine_vegetation,grassland_meadow_steppe
22,6,40,optimized_rf,alpine_vegetation,wetland
22,7,1,optimized_rf,alpine_vegetation,scrub
22,9,2,optimized_rf,alpine_vegetation,forest
22,11,1,optimized_rf,alpine_vegetation,grassland_meadow_steppe
22,12,749,optimized_rf,alpine_vegetation,cropland
22,13,108,optimized_rf,alpine_vegetation,grassland_meadow_steppe
22,16,4810,optimized_rf,alpine_vegetation,grassland_meadow_steppe
22,17,57,optimized_rf,alpine_vegetation,alpine_vegetation
22,18,115,optimized_rf,alpine_vegetation,scrub
22,19,218,optimized_rf,alpine_vegetation,no_vegetation
22,20,3454,optimized_rf,alpine_vegetation,alpine_vegetation
22,21,1,optimized_rf,alpine_vegetation,cropland
22,22,24302,optimized_rf,alpine_vegetation,alpine_vegetation
22,23,4,optimized_rf,alpine_vegetation,desert
22,24,218,optimized_rf,alpine_vegetation,desert
22,25,421,optimized_rf,alpine_vegetation,desert
22,26,1,optimized_rf,alpine_vegetation,forest
22,27,243,optimized_rf,alpine_vegetation,cropland
22,28,1,optimized_rf,alpine_vegetation,forest
22,30,1,optimized_rf,alpine_vegetation,forest
22,31,3416,optimized_rf,alpine_vegetation,grassland_meadow_steppe
22,32,33,optimized_rf,alpine_vegetation,desert
22,33,3,optimized_rf,alpine_vegetation,cropland
22,34,1,optimized_rf,alpine_vegetation,forest
22,35,1,optimized_rf,alpine_vegetation,desert
22,38,2,optimized_rf,alpine_vegetation,desert
22,39,1,optimized_rf,alpine_vegetation,forest
22,41,1,optimized_rf,alpine_vegetation,grassland_meadow_steppe
22,42,2658,optimized_rf,alpine_vegetation,desert
22,43,1,optimized_rf,alpine_vegetation,wetland
22,44,1,optimized_rf,alpine_vegetation,scrub
22,45,25,optimized_rf,alpine_vegetation,scrub
22,46,1,optimized_rf,alpine_vegetation,scrub
22,47,1,optimized_rf,alpine_vegetation,cropland
22,49,1,optimized_rf,alpine_vegetation,forest
22,50,1,optimized_rf,alpine_vegetation,scrub
22,53,5,optimized_rf,alpine_vegetation,cropland
22,55,20,optimized_rf,alpine_vegetation,forest
23,2,3,optimized_rf,desert,forest
23,4,84,optimized_rf,desert,wetland
23,6,120,optimized_rf,desert,wetland
23,7,544,optimized_rf,desert,scrub
23,9,1,optimized_rf,desert,forest
23,11,1,optimized_rf,desert,grassland_meadow_steppe
23,12,173,optimized_rf,desert,cropland
23,13,1105,optimized_rf,desert,grassland_meadow_steppe
23,14,5730,optimized_rf,desert,forest
23,15,13649,optimized_rf,desert,grassland_meadow_steppe
23,16,286,optimized_rf,desert,grassland_meadow_steppe
23,17,8,optimized_rf,desert,alpine_vegetation
23,18,365,optimized_rf,desert,scrub
23,19,31021,optimized_rf,desert,no_vegetation
23,20,257,optimized_rf,desert,alpine_vegetation
23,21,11,optimized_rf,desert,cropland
23,22,31,optimized_rf,desert,alpine_vegetation
23,23,193462,optimized_rf,desert,desert
23,24,48182,optimized_rf,desert,desert
23,25,2344,optimized_rf,desert,desert
23,26,1,optimized_rf,desert,forest
23,27,507,optimized_rf,desert,cropland
23,28,126,optimized_rf,desert,forest
23,29,12713,optimized_rf,desert,desert
23,30,1,optimized_rf,desert,forest
23,31,1672,optimized_rf,desert,grassland_meadow_steppe
23,32,2888,optimized_rf,desert,desert
23,33,1848,optimized_rf,desert,cropland
23,34,3,optimized_rf,desert,forest
23,35,5785,optimized_rf,desert,desert
23,37,1,optimized_rf,desert,forest
23,38,2944,optimized_rf,desert,desert
23,40,30,optimized_rf,desert,grassland_meadow_steppe
23,41,34,optimized_rf,desert,grassland_meadow_steppe
23,42,798,optimized_rf,desert,desert
23,43,14,optimized_rf,desert,wetland
23,44,16,optimized_rf,desert,scrub
23,45,7,optimized_rf,desert,scrub
23,46,5,optimized_rf,desert,scrub
23,47,4,optimized_rf,desert,cropland
23,48,1,optimized_rf,desert,wetland
23,49,20,optimized_rf,desert,forest
23,50,2,optimized_rf,desert,scrub
23,52,4,optimized_rf,desert,forest
23,53,2,optimized_rf,desert,cropland
23,54,2,optimized_rf,desert,wetland
23,55,1,optimized_rf,desert,forest
24,1,60,optimized_rf,desert,cropland
24,2,28,optimized_rf,desert,forest
24,3,22,optimized_rf,desert,forest
24,4,156,optimized_rf,desert,wetland
24,5,352,optimized_rf,desert,grassland_meadow_steppe
24,6,60,optimized_rf,desert,wetland
24,7,757,optimized_rf,desert,scrub
24,9,10,optimized_rf,desert,forest
24,10,11,optimized_rf,desert,forest
24,11,183,optimized_rf,desert,grassland_meadow_steppe
24,12,1067,optimized_rf,desert,cropland
24,13,11755,optimized_rf,desert,grassland_meadow_steppe
24,14,671,optimized_rf,desert,forest
24,15,7915,optimized_rf,desert,grassland_meadow_steppe
24,16,892,optimized_rf,desert,grassland_meadow_steppe
24,17,7,optimized_rf,desert,alpine_vegetation
24,18,555,optimized_rf,desert,scrub
24,19,10346,optimized_rf,desert,no_vegetation
24,20,698,optimized_rf,desert,alpine_vegetation
24,21,6,optimized_rf,desert,cropland
24,22,350,optimized_rf,desert,alpine_vegetation
24,23,100897,optimized_rf,desert,desert
24,24,552957,optimized_rf,desert,desert
24,25,56740,optimized_rf,desert,desert
24,26,4,optimized_rf,desert,forest
24,27,1719,optimized_rf,desert,cropland
24,28,13,optimized_rf,desert,forest
24,29,31950,optimized_rf,desert,desert
24,30,4,optimized_rf,desert,forest
24,31,5273,optimized_rf,desert,grassland_meadow_steppe
24,32,15674,optimized_rf,desert,desert
24,33,10040,optimized_rf,desert,cropland
24,34,10,optimized_rf,desert,forest
24,35,16695,optimized_rf,desert,desert
24,36,5,optimized_rf,desert,forest
24,37,4,optimized_rf,desert,forest
24,38,3544,optimized_rf,desert,desert
24,39,4,optimized_rf,desert,forest
24,40,4,optimized_rf,desert,grassland_meadow_steppe
24,41,3,optimized_rf,desert,grassland_meadow_steppe
24,42,13351,optimized_rf,desert,desert
24,43,507,optimized_rf,desert,wetland
24,44,10,optimized_rf,desert,scrub
24,45,29,optimized_rf,desert,scrub
24,46,8,optimized_rf,desert,scrub
24,47,5,optimized_rf,desert,cropland
24,48,5,optimized_rf,desert,wetland
24,49,9,optimized_rf,desert,forest
24,50,7,optimized_rf,desert,scrub
24,52,6,optimized_rf,desert,forest
24,53,4,optimized_rf,desert,cropland
24,54,8,optimized_rf,desert,wetland
24,55,7,optimized_rf,desert,forest
25,1,400,optimized_rf,desert,cropland
25,2,69,optimized_rf,desert,forest
25,3,2,optimized_rf,desert,forest
25,4,631,optimized_rf,desert,wetland
25,5,1007,optimized_rf,desert,grassland_meadow_steppe
25,6,1,optimized_rf,desert,wetland
25,7,972,optimized_rf,desert,scrub
25,9,5,optimized_rf,desert,forest
25,10,1,optimized_rf,desert,forest
25,11,1264,optimized_rf,desert,grassland_meadow_steppe
25,12,693,optimized_rf,desert,cropland
25,13,23251,optimized_rf,desert,grassland_meadow_steppe
25,14,105,optimized_rf,desert,forest
25,15,1497,optimized_rf,desert,grassland_meadow_steppe
25,16,3485,optimized_rf,desert,grassland_meadow_steppe
25,17,2,optimized_rf,desert,alpine_vegetation
25,18,650,optimized_rf,desert,scrub
25,19,30,optimized_rf,desert,no_vegetation
25,20,2150,optimized_rf,desert,alpine_vegetation
25,21,7,optimized_rf,desert,cropland
25,22,214,optimized_rf,desert,alpine_vegetation
25,23,1654,optimized_rf,desert,desert
25,24,25129,optimized_rf,desert,desert
25,25,143274,optimized_rf,desert,desert
25,27,288,optimized_rf,desert,cropland
25,28,3,optimized_rf,desert,forest
25,29,446,optimized_rf,desert,desert
25,30,5,optimized_rf,desert,forest
25,31,11579,optimized_rf,desert,grassland_meadow_steppe
25,32,3147,optimized_rf,desert,desert
25,33,6040,optimized_rf,desert,cropland
25,34,1,optimized_rf,desert,forest
25,35,2465,optimized_rf,desert,desert
25,36,5,optimized_rf,desert,forest
25,37,1,optimized_rf,desert,forest
25,38,4,optimized_rf,desert,desert
25,39,12,optimized_rf,desert,forest
25,40,2,optimized_rf,desert,grassland_meadow_steppe
25,41,3,optimized_rf,desert,grassland_meadow_steppe
25,42,6405,optimized_rf,desert,desert
25,43,327,optimized_rf,desert,wetland
25,45,96,optimized_rf,desert,scrub
25,46,8,optimized_rf,desert,scrub
25,47,3,optimized_rf,desert,cropland
25,48,4,optimized_rf,desert,wetland
25,49,5,optimized_rf,desert,forest
25,50,2,optimized_rf,desert,scrub
25,52,2,optimized_rf,desert,forest
25,53,2,optimized_rf,desert,cropland
25,54,4,optimized_rf,desert,wetland
25,55,5,optimized_rf,desert,forest
26,1,21,optimized_rf,forest,cropland
26,3,80,optimized_rf,forest,forest
26,4,2,optimized_rf,forest,wetland
26,5,192,optimized_rf,forest,grassland_meadow_steppe
26,7,138,optimized_rf,forest,scrub
26,10,799,optimized_rf,forest,forest
26,12,9,optimized_rf,forest,cropland
26,18,7,optimized_rf,forest,scrub
26,21,2191,optimized_rf,forest,cropland
26,22,1,optimized_rf,forest,alpine_vegetation
26,23,58,optimized_rf,forest,desert
26,24,36,optimized_rf,forest,desert
26,26,17038,optimized_rf,forest,forest
26,27,9,optimized_rf,forest,cropland
26,28,193,optimized_rf,forest,forest
26,30,9561,optimized_rf,forest,forest
26,33,4,optimized_rf,forest,cropland
26,34,707,optimized_rf,forest,forest
26,35,1,optimized_rf,forest,desert
26,36,2320,optimized_rf,forest,forest
26,39,357,optimized_rf,forest,forest
26,40,842,optimized_rf,forest,grassland_meadow_steppe
26,41,31,optimized_rf,forest,grassland_meadow_steppe
26,42,1,optimized_rf,forest,desert
26,44,1167,optimized_rf,forest,scrub
26,46,149,optimized_rf,forest,scrub
26,47,318,optimized_rf,forest,cropland
26,48,1,optimized_rf,forest,wetland
26,49,3758,optimized_rf,forest,forest
26,50,1,optimized_rf,forest,scrub
26,52,92,optimized_rf,forest,forest
26,53,744,optimized_rf,forest,cropland
26,55,68,optimized_rf,forest,forest
27,1,26,optimized_rf,cropland,cropland
27,2,216,optimized_rf,cropland,forest
27,3,35863,optimized_rf,cropland,forest
27,4,2802,optimized_rf,cropland,wetland
27,5,2928,optimized_rf,cropland,grassland_meadow_steppe
27,6,3798,optimized_rf,cropland,wetland
27,7,28158,optimized_rf,cropland,scrub
27,9,122,optimized_rf,cropland,forest
27,10,102,optimized_rf,cropland,forest
27,11,18591,optimized_rf,cropland,grassland_meadow_steppe
27,12,8321,optimized_rf,cropland,cropland
27,13,2590,optimized_rf,cropland,grassland_meadow_steppe
27,14,6488,optimized_rf,cropland,forest
27,15,22945,optimized_rf,cropland,grassland_meadow_steppe
27,16,31,optimized_rf,cropland,grassland_meadow_steppe
27,17,41,optimized_rf,cropland,alpine_vegetation
27,18,65,optimized_rf,cropland,scrub
27,19,2578,optimized_rf,cropland,no_vegetation
27,20,24,optimized_rf,cropland,alpine_vegetation
27,21,132,optimized_rf,cropland,cropland
27,22,32,optimized_rf,cropland,alpine_vegetation
27,23,5182,optimized_rf,cropland,desert
27,24,4462,optimized_rf,cropland,desert
27,25,844,optimized_rf,cropland,desert
27,26,142,optimized_rf,cropland,forest
27,27,625524,optimized_rf,cropland,cropland
27,28,4071,optimized_rf,cropland,forest
27,29,36,optimized_rf,cropland,desert
27,30,53,optimized_rf,cropland,forest
27,31,25,optimized_rf,cropland,grassland_meadow_steppe
27,32,1760,optimized_rf,cropland,desert
27,33,19220,optimized_rf,cropland,cropland
27,34,36,optimized_rf,cropland,forest
27,35,25,optimized_rf,cropland,desert
27,36,2426,optimized_rf,cropland,forest
27,37,32917,optimized_rf,cropland,forest
27,38,1097,optimized_rf,cropland,desert
27,39,183,optimized_rf,cropland,forest
27,40,113,optimized_rf,cropland,grassland_meadow_steppe
27,41,16119,optimized_rf,cropland,grassland_meadow_steppe
27,42,25,optimized_rf,cropland,desert
27,43,12,optimized_rf,cropland,wetland
27,44,1124,optimized_rf,cropland,scrub
27,45,163,optimized_rf,cropland,scrub
27,46,135,optimized_rf,cropland,scrub
27,47,7281,optimized_rf,cropland,cropland
27,48,56,optimized_rf,cropland,wetland
27,49,34,optimized_rf,cropland,forest
27,50,83,optimized_rf,cropland,scrub
27,52,30,optimized_rf,cropland,forest
27,53,20,optimized_rf,cropland,cropland
27,54,19,optimized_rf,cropland,wetland
27,55,45,optimized_rf,cropland,forest
28,1,409,optimized_rf,forest,cropland
28,2,1,optimized_rf,forest,forest
28,3,880,optimized_rf,forest,forest
28,5,177,optimized_rf,forest,grassland_meadow_steppe
28,7,1393,optimized_rf,forest,scrub
28,10,1408,optimized_rf,forest,forest
28,13,29,optimized_rf,forest,grassland_meadow_steppe
28,15,126,optimized_rf,forest,grassland_meadow_steppe
28,16,125,optimized_rf,forest,grassland_meadow_steppe
28,18,962,optimized_rf,forest,scrub
28,19,13,optimized_rf,forest,no_vegetation
28,20,15,optimized_rf,forest,alpine_vegetation
28,21,489,optimized_rf,forest,cropland
28,23,62,optimized_rf,forest,desert
28,24,58,optimized_rf,forest,desert
28,26,335,optimized_rf,forest,forest
28,27,1440,optimized_rf,forest,cropland
28,28,18282,optimized_rf,forest,forest
28,30,3529,optimized_rf,forest,forest
28,31,7,optimized_rf,forest,grassland_meadow_steppe
28,33,448,optimized_rf,forest,cropland
28,34,284,optimized_rf,forest,forest
28,36,3301,optimized_rf,forest,forest
28,37,28,optimized_rf,forest,forest
28,39,936,optimized_rf,forest,forest
28,40,1968,optimized_rf,forest,grassland_meadow_steppe
28,41,320,optimized_rf,forest,grassland_meadow_steppe
28,44,3729,optimized_rf,forest,scrub
28,45,201,optimized_rf,forest,scrub
28,46,865,optimized_rf,forest,scrub
28,47,3163,optimized_rf,forest,cropland
28,49,429,optimized_rf,forest,forest
28,50,423,optimized_rf,forest,scrub
28,55,207,optimized_rf,forest,forest
29,1,1,optimized_rf,desert,cropland
29,2,2,optimized_rf,desert,forest
29,3,1,optimized_rf,desert,forest
29,4,1,optimized_rf,desert,wetland
29,5,6,optimized_rf,desert,grassland_meadow_steppe
29,6,2,optimized_rf,desert,wetland
29,7,190,optimized_rf,desert,scrub
29,10,4,optimized_rf,desert,forest
29,11,1,optimized_rf,desert,grassland_meadow_steppe
29,12,57,optimized_rf,desert,cropland
29,13,193,optimized_rf,desert,grassland_meadow_steppe
29,14,94,optimized_rf,desert,forest
29,15,3741,optimized_rf,desert,grassland_meadow_steppe
29,16,1,optimized_rf,desert,grassland_meadow_steppe
29,17,2,optimized_rf,desert,alpine_vegetation
29,18,3,optimized_rf,desert,scrub
29,19,1089,optimized_rf,desert,no_vegetation
29,20,25,optimized_rf,desert,alpine_vegetation
29,21,4,optimized_rf,desert,cropland
29,22,7,optimized_rf,desert,alpine_vegetation
29,23,11442,optimized_rf,desert,desert
29,24,26328,optimized_rf,desert,desert
29,25,869,optimized_rf,desert,desert
29,27,24,optimized_rf,desert,cropland
29,28,25,optimized_rf,desert,forest
29,29,115861,optimized_rf,desert,desert
29,30,4,optimized_rf,desert,forest
29,31,16,optimized_rf,desert,grassland_meadow_steppe
29,32,781,optimized_rf,desert,desert
29,33,1630,optimized_rf,desert,cropland
29,34,1,optimized_rf,desert,forest
29,35,967,optimized_rf,desert,desert
29,36,1,optimized_rf,desert,forest
29,37,1,optimized_rf,desert,forest
29,38,929,optimized_rf,desert,desert
29,39,2,optimized_rf,desert,forest
29,40,3,optimized_rf,desert,grassland_meadow_steppe
29,42,1,optimized_rf,desert,desert
29,44,2,optimized_rf,desert,scrub
29,45,2,optimized_rf,desert,scrub
29,46,3,optimized_rf,desert,scrub
29,47,8,optimized_rf,desert,cropland
29,48,2,optimized_rf,desert,wetland
29,49,7,optimized_rf,desert,forest
29,50,1,optimized_rf,desert,scrub
29,52,2,optimized_rf,desert,forest
29,53,1,optimized_rf,desert,cropland
29,54,1,optimized_rf,desert,wetland
30,1,116,optimized_rf,forest,cropland
30,2,12,optimized_rf,forest,forest
30,3,6562,optimized_rf,forest,forest
30,4,9,optimized_rf,forest,wetland
30,5,2198,optimized_rf,forest,grassland_meadow_steppe
30,6,6,optimized_rf,forest,wetland
30,7,1405,optimized_rf,forest,scrub
30,9,9,optimized_rf,forest,forest
30,10,4425,optimized_rf,forest,forest
30,11,7,optimized_rf,forest,grassland_meadow_steppe
30,12,5,optimized_rf,forest,cropland
30,13,11,optimized_rf,forest,grassland_meadow_steppe
30,14,9,optimized_rf,forest,forest
30,15,8,optimized_rf,forest,grassland_meadow_steppe
30,16,10,optimized_rf,forest,grassland_meadow_steppe
30,17,6,optimized_rf,forest,alpine_vegetation
30,18,96,optimized_rf,forest,scrub
30,19,6,optimized_rf,forest,no_vegetation
30,20,10,optimized_rf,forest,alpine_vegetation
30,21,56591,optimized_rf,forest,cropland
30,22,7,optimized_rf,forest,alpine_vegetation
30,23,8,optimized_rf,forest,desert
30,24,1,optimized_rf,forest,desert
30,25,13,optimized_rf,forest,desert
30,26,3496,optimized_rf,forest,forest
30,27,806,optimized_rf,forest,cropland
30,28,8572,optimized_rf,forest,forest
30,29,10,optimized_rf,forest,desert
30,30,315456,optimized_rf,forest,forest
30,31,6,optimized_rf,forest,grassland_meadow_steppe
30,32,7,optimized_rf,forest,desert
30,33,511,optimized_rf,forest,cropland
30,34,603,optimized_rf,forest,forest
30,35,12,optimized_rf,forest,desert
30,36,11948,optimized_rf,forest,forest
30,37,188,optimized_rf,forest,forest
30,38,8,optimized_rf,forest,desert
30,39,6657,optimized_rf,forest,forest
30,40,41413,optimized_rf,forest,grassland_meadow_steppe
30,41,689,optimized_rf,forest,grassland_meadow_steppe
30,42,7,optimized_rf,forest,desert
30,43,4,optimized_rf,forest,wetland
30,44,37291,optimized_rf,forest,scrub
30,45,166,optimized_rf,forest,scrub
30,46,3909,optimized_rf,forest,scrub
30,47,47329,optimized_rf,forest,cropland
30,48,325,optimized_rf,forest,wetland
30,49,21380,optimized_rf,forest,forest
30,50,1138,optimized_rf,forest,scrub
30,52,89,optimized_rf,forest,forest
30,53,1836,optimized_rf,forest,cropland
30,54,390,optimized_rf,forest,wetland
30,55,781,optimized_rf,forest,forest
31,1,3445,optimized_rf,grassland_meadow_steppe,cropland
31,2,148,optimized_rf,grassland_meadow_steppe,forest
31,4,33,optimized_rf,grassland_meadow_steppe,wetland
31,5,94,optimized_rf,grassland_meadow_steppe,grassland_meadow_steppe
31,6,198,optimized_rf,grassland_meadow_steppe,wetland
31,7,582,optimized_rf,grassland_meadow_steppe,scrub
31,9,1,optimized_rf,grassland_meadow_steppe,forest
31,10,25,optimized_rf,grassland_meadow_steppe,forest
31,11,21,optimized_rf,grassland_meadow_steppe,grassland_meadow_steppe
31,12,32,optimized_rf,grassland_meadow_steppe,cropland
31,13,10373,optimized_rf,grassland_meadow_steppe,grassland_meadow_steppe
31,14,168,optimized_rf,grassland_meadow_steppe,forest
31,15,168,optimized_rf,grassland_meadow_steppe,grassland_meadow_steppe
31,16,64742,optimized_rf,grassland_meadow_steppe,grassland_meadow_steppe
31,18,7532,optimized_rf,grassland_meadow_steppe,scrub
31,19,2261,optimized_rf,grassland_meadow_steppe,no_vegetation
31,20,54510,optimized_rf,grassland_meadow_steppe,alpine_vegetation
31,21,1,optimized_rf,grassland_meadow_steppe,cropland
31,22,19989,optimized_rf,grassland_meadow_steppe,alpine_vegetation
31,23,321,optimized_rf,grassland_meadow_steppe,desert
31,24,4403,optimized_rf,grassland_meadow_steppe,desert
31,25,24986,optimized_rf,grassland_meadow_steppe,desert
31,26,14,optimized_rf,grassland_meadow_steppe,forest
31,27,38,optimized_rf,grassland_meadow_steppe,cropland
31,28,1,optimized_rf,grassland_meadow_steppe,forest
31,29,3,optimized_rf,grassland_meadow_steppe,desert
31,30,5,optimized_rf,grassland_meadow_steppe,forest
31,31,599393,optimized_rf,grassland_meadow_steppe,grassland_meadow_steppe
31,32,870,optimized_rf,grassland_meadow_steppe,desert
31,33,1608,optimized_rf,grassland_meadow_steppe,cropland
31,34,1,optimized_rf,grassland_meadow_steppe,forest
31,35,139,optimized_rf,grassland_meadow_steppe,desert
31,36,39,optimized_rf,grassland_meadow_steppe,forest
31,37,38,optimized_rf,grassland_meadow_steppe,forest
31,38,4,optimized_rf,grassland_meadow_steppe,desert
31,39,214,optimized_rf,grassland_meadow_steppe,forest
31,41,6,optimized_rf,grassland_meadow_steppe,grassland_meadow_steppe
31,42,39618,optimized_rf,grassland_meadow_steppe,desert
31,43,575,optimized_rf,grassland_meadow_steppe,wetland
31,44,15,optimized_rf,grassland_meadow_steppe,scrub
31,45,4184,optimized_rf,grassland_meadow_steppe,scrub
31,46,157,optimized_rf,grassland_meadow_steppe,scrub
31,48,16,optimized_rf,grassland_meadow_steppe,wetland
31,50,393,optimized_rf,grassland_meadow_steppe,scrub
31,52,2,optimized_rf,grassland_meadow_steppe,forest
31,53,4,optimized_rf,grassland_meadow_steppe,cropland
31,54,6,optimized_rf,grassland_meadow_steppe,wetland
31,55,2,optimized_rf,grassland_meadow_steppe,forest
32,6,1,optimized_rf,desert,wetland
32,7,742,optimized_rf,desert,scrub
32,12,4,optimized_rf,desert,cropland
32,13,2196,optimized_rf,desert,grassland_meadow_steppe
32,14,298,optimized_rf,desert,forest
32,15,1629,optimized_rf,desert,grassland_meadow_steppe
32,16,15,optimized_rf,desert,grassland_meadow_steppe
32,18,74,optimized_rf,desert,scrub
32,19,996,optimized_rf,desert,no_vegetation
32,20,110,optimized_rf,desert,alpine_vegetation
32,23,5205,optimized_rf,desert,desert
32,24,11491,optimized_rf,desert,desert
32,25,4286,optimized_rf,desert,desert
32,27,306,optimized_rf,desert,cropland
32,29,813,optimized_rf,desert,desert
32,31,634,optimized_rf,desert,grassland_meadow_steppe
32,32,28857,optimized_rf,desert,desert
32,33,1804,optimized_rf,desert,cropland
32,35,622,optimized_rf,desert,desert
32,37,11,optimized_rf,desert,forest
32,38,104,optimized_rf,desert,desert
32,42,281,optimized_rf,desert,desert
32,43,5,optimized_rf,desert,wetland
33,1,962,optimized_rf,cropland,cropland
33,2,176,optimized_rf,cropland,forest
33,3,6294,optimized_rf,cropland,forest
33,4,16,optimized_rf,cropland,wetland
33,5,1333,optimized_rf,cropland,grassland_meadow_steppe
33,6,183,optimized_rf,cropland,wetland
33,7,35193,optimized_rf,cropland,scrub
33,10,281,optimized_rf,cropland,forest
33,11,3156,optimized_rf,cropland,grassland_meadow_steppe
33,12,4621,optimized_rf,cropland,cropland
33,13,31658,optimized_rf,cropland,grassland_meadow_steppe
33,14,187,optimized_rf,cropland,forest
33,15,2865,optimized_rf,cropland,grassland_meadow_steppe
33,16,295,optimized_rf,cropland,grassland_meadow_steppe
33,18,601,optimized_rf,cropland,scrub
33,19,87,optimized_rf,cropland,no_vegetation
33,20,484,optimized_rf,cropland,alpine_vegetation
33,21,6,optimized_rf,cropland,cropland
33,23,5189,optimized_rf,cropland,desert
33,24,13518,optimized_rf,cropland,desert
33,25,4250,optimized_rf,cropland,desert
33,27,6275,optimized_rf,cropland,cropland
33,28,676,optimized_rf,cropland,forest
33,29,4610,optimized_rf,cropland,desert
33,30,21,optimized_rf,cropland,forest
33,31,207,optimized_rf,cropland,grassland_meadow_steppe
33,32,2609,optimized_rf,cropland,desert
33,33,233919,optimized_rf,cropland,cropland
33,34,16,optimized_rf,cropland,forest
33,35,1014,optimized_rf,cropland,desert
33,36,212,optimized_rf,cropland,forest
33,37,874,optimized_rf,cropland,forest
33,39,71,optimized_rf,cropland,forest
33,40,86,optimized_rf,cropland,grassland_meadow_steppe
33,41,25323,optimized_rf,cropland,grassland_meadow_steppe
33,44,1628,optimized_rf,cropland,scrub
33,45,593,optimized_rf,cropland,scrub
33,46,14,optimized_rf,cropland,scrub
33,47,187,optimized_rf,cropland,cropland
33,49,20,optimized_rf,cropland,forest
33,52,39,optimized_rf,cropland,forest
33,53,2,optimized_rf,cropland,cropland
34,3,99,optimized_rf,forest,forest
34,7,19,optimized_rf,forest,scrub
34,10,685,optimized_rf,forest,forest
34,12,5,optimized_rf,forest,cropland
34,13,1,optimized_rf,forest,grassland_meadow_steppe
34,14,1,optimized_rf,forest,forest
34,15,2,optimized_rf,forest,grassland_meadow_steppe
34,18,10,optimized_rf,forest,scrub
34,20,1,optimized_rf,forest,alpine_vegetation
34,21,1,optimized_rf,forest,cropland
34,22,2,optimized_rf,forest,alpine_vegetation
34,23,1,optimized_rf,forest,desert
34,24,1,optimized_rf,forest,desert
34,25,1,optimized_rf,forest,desert
34,26,20,optimized_rf,forest,forest
34,27,30,optimized_rf,forest,cropland
34,28,30,optimized_rf,forest,forest
34,30,38,optimized_rf,forest,forest
34,31,1,optimized_rf,forest,grassland_meadow_steppe
34,32,1,optimized_rf,forest,desert
34,33,4,optimized_rf,forest,cropland
34,34,3152,optimized_rf,forest,forest
34,35,1,optimized_rf,forest,desert
34,36,104,optimized_rf,forest,forest
34,37,2,optimized_rf,forest,forest
34,38,1,optimized_rf,forest,desert
34,39,191,optimized_rf,forest,forest
34,40,5,optimized_rf,forest,grassland_meadow_steppe
34,41,1,optimized_rf,forest,grassland_meadow_steppe
34,42,1,optimized_rf,forest,desert
34,43,1,optimized_rf,forest,wetland
34,44,31,optimized_rf,forest,scrub
34,45,1,optimized_rf,forest,scrub
34,46,128,optimized_rf,forest,scrub
34,47,16,optimized_rf,forest,cropland
34,49,568,optimized_rf,forest,forest
34,50,1,optimized_rf,forest,scrub
34,54,2,optimized_rf,forest,wetland
35,13,377,optimized_rf,desert,grassland_meadow_steppe
35,14,90,optimized_rf,desert,forest
35,15,56,optimized_rf,desert,grassland_meadow_steppe
35,16,25,optimized_rf,desert,grassland_meadow_steppe
35,18,6,optimized_rf,desert,scrub
35,19,33,optimized_rf,desert,no_vegetation
35,20,2,optimized_rf,desert,alpine_vegetation
35,23,1531,optimized_rf,desert,desert
35,24,3458,optimized_rf,desert,desert
35,25,1071,optimized_rf,desert,desert
35,29,531,optimized_rf,desert,desert
35,32,179,optimized_rf,desert,desert
35,33,263,optimized_rf,desert,cropland
35,35,25231,optimized_rf,desert,desert
35,38,7,optimized_rf,desert,desert
35,46,4,optimized_rf,desert,scrub
36,3,338,optimized_rf,forest,forest
36,7,170,optimized_rf,forest,scrub
36,9,23,optimized_rf,forest,forest
36,10,467,optimized_rf,forest,forest
36,13,89,optimized_rf,forest,grassland_meadow_steppe
36,16,1,optimized_rf,forest,grassland_meadow_steppe
36,18,9,optimized_rf,forest,scrub
36,21,1120,optimized_rf,forest,cropland
36,26,468,optimized_rf,forest,forest
36,27,3,optimized_rf,forest,cropland
36,28,742,optimized_rf,forest,forest
36,30,3362,optimized_rf,forest,forest
36,33,39,optimized_rf,forest,cropland
36,34,193,optimized_rf,forest,forest
36,36,12429,optimized_rf,forest,forest
36,39,231,optimized_rf,forest,forest
36,40,341,optimized_rf,forest,grassland_meadow_steppe
36,41,70,optimized_rf,forest,grassland_meadow_steppe
36,44,1178,optimized_rf,forest,scrub
36,45,1,optimized_rf,forest,scrub
36,46,96,optimized_rf,forest,scrub
36,47,529,optimized_rf,forest,cropland
36,49,542,optimized_rf,forest,forest
36,50,55,optimized_rf,forest,scrub
36,53,49,optimized_rf,forest,cropland
36,55,30,optimized_rf,forest,forest
37,1,92,optimized_rf,forest,cropland
37,2,70,optimized_rf,forest,forest
37,3,12127,optimized_rf,forest,forest
37,4,2,optimized_rf,forest,wetland
37,5,124,optimized_rf,forest,grassland_meadow_steppe
37,6,171,optimized_rf,forest,wetland
37,7,10190,optimized_rf,forest,scrub
37,9,136,optimized_rf,forest,forest
37,10,595,optimized_rf,forest,forest
37,11,172,optimized_rf,forest,grassland_meadow_steppe
37,12,690,optimized_rf,forest,cropland
37,13,2144,optimized_rf,forest,grassland_meadow_steppe
37,14,172,optimized_rf,forest,forest
37,15,16,optimized_rf,forest,grassland_meadow_steppe
37,16,2,optimized_rf,forest,grassland_meadow_steppe
37,17,3,optimized_rf,forest,alpine_vegetation
37,18,211,optimized_rf,forest,scrub
37,19,11,optimized_rf,forest,no_vegetation
37,20,3,optimized_rf,forest,alpine_vegetation
37,21,238,optimized_rf,forest,cropland
37,22,5,optimized_rf,forest,alpine_vegetation
37,23,6,optimized_rf,forest,desert
37,24,3,optimized_rf,forest,desert
37,25,248,optimized_rf,forest,desert
37,26,33,optimized_rf,forest,forest
37,27,14023,optimized_rf,forest,cropland
37,28,655,optimized_rf,forest,forest
37,29,3,optimized_rf,forest,desert
37,30,1192,optimized_rf,forest,forest
37,31,6,optimized_rf,forest,grassland_meadow_steppe
37,32,11,optimized_rf,forest,desert
37,33,4236,optimized_rf,forest,cropland
37,34,90,optimized_rf,forest,forest
37,35,6,optimized_rf,forest,desert
37,36,127,optimized_rf,forest,forest
37,37,136602,optimized_rf,forest,forest
37,38,1,optimized_rf,forest,desert
37,39,379,optimized_rf,forest,forest
37,40,19,optimized_rf,forest,grassland_meadow_steppe
37,41,6281,optimized_rf,forest,grassland_meadow_steppe
37,42,4,optimized_rf,forest,desert
37,43,1,optimized_rf,forest,wetland
37,44,40,optimized_rf,forest,scrub
37,45,172,optimized_rf,forest,scrub
37,46,110,optimized_rf,forest,scrub
37,47,403,optimized_rf,forest,cropland
37,48,3,optimized_rf,forest,wetland
37,49,67,optimized_rf,forest,forest
37,50,4,optimized_rf,forest,scrub
37,52,2,optimized_rf,forest,forest
37,53,3,optimized_rf,forest,cropland
37,54,1,optimized_rf,forest,wetland
37,55,1,optimized_rf,forest,forest
38,13,47,optimized_rf,desert,grassland_meadow_steppe
38,14,5,optimized_rf,desert,forest
38,15,334,optimized_rf,desert,grassland_meadow_steppe
38,19,769,optimized_rf,desert,no_vegetation
38,23,1630,optimized_rf,desert,desert
38,24,1017,optimized_rf,desert,desert
38,25,23,optimized_rf,desert,desert
38,27,354,optimized_rf,desert,cropland
38,29,86,optimized_rf,desert,desert
38,32,37,optimized_rf,desert,desert
38,38,25729,optimized_rf,desert,desert
38,50,1,optimized_rf,desert,scrub
39,1,49,optimized_rf,forest,cropland
39,5,164,optimized_rf,forest,grassland_meadow_steppe
39,7,12,optimized_rf,forest,scrub
39,10,3074,optimized_rf,forest,forest
39,13,2,optimized_rf,forest,grassland_meadow_steppe
39,16,361,optimized_rf,forest,grassland_meadow_steppe
39,18,502,optimized_rf,forest,scrub
39,20,16,optimized_rf,forest,alpine_vegetation
39,23,75,optimized_rf,forest,desert
39,24,7,optimized_rf,forest,desert
39,26,1,optimized_rf,forest,forest
39,28,20,optimized_rf,forest,forest
39,30,388,optimized_rf,forest,forest
39,34,278,optimized_rf,forest,forest
39,36,179,optimized_rf,forest,forest
39,39,13799,optimized_rf,forest,forest
39,40,60,optimized_rf,forest,grassland_meadow_steppe
39,43,4,optimized_rf,forest,wetland
39,44,40,optimized_rf,forest,scrub
39,45,53,optimized_rf,forest,scrub
39,46,2518,optimized_rf,forest,scrub
39,47,175,optimized_rf,forest,cropland
39,49,128,optimized_rf,forest,forest
39,50,38,optimized_rf,forest,scrub
40,1,73,optimized_rf,grassland_meadow_steppe,cropland
40,2,5,optimized_rf,grassland_meadow_steppe,forest
40,3,791,optimized_rf,grassland_meadow_steppe,forest
40,4,9,optimized_rf,grassland_meadow_steppe,wetland
40,5,1980,optimized_rf,grassland_meadow_steppe,grassland_meadow_steppe
40,6,10,optimized_rf,grassland_meadow_steppe,wetland
40,7,885,optimized_rf,grassland_meadow_steppe,scrub
40,9,2,optimized_rf,grassland_meadow_steppe,forest
40,10,3521,optimized_rf,grassland_meadow_steppe,forest
40,11,6,optimized_rf,grassland_meadow_steppe,grassland_meadow_steppe
40,12,9,optimized_rf,grassland_meadow_steppe,cropland
40,13,11,optimized_rf,grassland_meadow_steppe,grassland_meadow_steppe
40,14,9,optimized_rf,grassland_meadow_steppe,forest
40,15,13,optimized_rf,grassland_meadow_steppe,grassland_meadow_steppe
40,16,28,optimized_rf,grassland_meadow_steppe,grassland_meadow_steppe
40,17,7,optimized_rf,grassland_meadow_steppe,alpine_vegetation
40,18,6,optimized_rf,grassland_meadow_steppe,scrub
40,19,9,optimized_rf,grassland_meadow_steppe,no_vegetation
40,20,31,optimized_rf,grassland_meadow_steppe,alpine_vegetation
40,21,22746,optimized_rf,grassland_meadow_steppe,cropland
40,22,7,optimized_rf,grassland_meadow_steppe,alpine_vegetation
40,23,5,optimized_rf,grassland_meadow_steppe,desert
40,24,12,optimized_rf,grassland_meadow_steppe,desert
40,25,31,optimized_rf,grassland_meadow_steppe,desert
40,26,3291,optimized_rf,grassland_meadow_steppe,forest
40,27,132,optimized_rf,grassland_meadow_steppe,cropland
40,28,3688,optimized_rf,grassland_meadow_steppe,forest
40,29,8,optimized_rf,grassland_meadow_steppe,desert
40,30,50796,optimized_rf,grassland_meadow_steppe,forest
40,31,75,optimized_rf,grassland_meadow_steppe,grassland_meadow_steppe
40,32,5,optimized_rf,grassland_meadow_steppe,desert
40,33,37,optimized_rf,grassland_meadow_steppe,cropland
40,34,322,optimized_rf,grassland_meadow_steppe,forest
40,35,8,optimized_rf,grassland_meadow_steppe,desert
40,36,13834,optimized_rf,grassland_meadow_steppe,forest
40,37,14,optimized_rf,grassland_meadow_steppe,forest
40,38,6,optimized_rf,grassland_meadow_steppe,desert
40,39,1773,optimized_rf,grassland_meadow_steppe,forest
40,40,129249,optimized_rf,grassland_meadow_steppe,grassland_meadow_steppe
40,41,308,optimized_rf,grassland_meadow_steppe,grassland_meadow_steppe
40,42,8,optimized_rf,grassland_meadow_steppe,desert
40,43,7,optimized_rf,grassland_meadow_steppe,wetland
40,44,31503,optimized_rf,grassland_meadow_steppe,scrub
40,45,94,optimized_rf,grassland_meadow_steppe,scrub
40,46,3107,optimized_rf,grassland_meadow_steppe,scrub
40,47,27940,optimized_rf,grassland_meadow_steppe,cropland
40,48,120,optimized_rf,grassland_meadow_steppe,wetland
40,49,27558,optimized_rf,grassland_meadow_steppe,forest
40,50,872,optimized_rf,grassland_meadow_steppe,scrub
40,52,2173,optimized_rf,grassland_meadow_steppe,forest
40,53,10081,optimized_rf,grassland_meadow_steppe,cropland
40,54,615,optimized_rf,grassland_meadow_steppe,wetland
40,55,1831,optimized_rf,grassland_meadow_steppe,forest
41,1,5,optimized_rf,grassland_meadow_steppe,cropland
41,2,72,optimized_rf,grassland_meadow_steppe,forest
41,3,3418,optimized_rf,grassland_meadow_steppe,forest
41,5,70,optimized_rf,grassland_meadow_steppe,grassland_meadow_steppe
41,6,90,optimized_rf,grassland_meadow_steppe,wetland
41,7,11883,optimized_rf,grassland_meadow_steppe,scrub
41,10,41,optimized_rf,grassland_meadow_steppe,forest
41,11,22,optimized_rf,grassland_meadow_steppe,grassland_meadow_steppe
41,12,279,optimized_rf,grassland_meadow_steppe,cropland
41,13,550,optimized_rf,grassland_meadow_steppe,grassland_meadow_steppe
41,14,1,optimized_rf,grassland_meadow_steppe,forest
41,15,2,optimized_rf,grassland_meadow_steppe,grassland_meadow_steppe
41,16,4,optimized_rf,grassland_meadow_steppe,grassland_meadow_steppe
41,17,1,optimized_rf,grassland_meadow_steppe,alpine_vegetation
41,18,34,optimized_rf,grassland_meadow_steppe,scrub
41,19,22,optimized_rf,grassland_meadow_steppe,no_vegetation
41,21,245,optimized_rf,grassland_meadow_steppe,cropland
41,22,1,optimized_rf,grassland_meadow_steppe,alpine_vegetation
41,24,8,optimized_rf,grassland_meadow_steppe,desert
41,25,27,optimized_rf,grassland_meadow_steppe,desert
41,26,114,optimized_rf,grassland_meadow_steppe,forest
41,27,4576,optimized_rf,grassland_meadow_steppe,cropland
41,28,1581,optimized_rf,grassland_meadow_steppe,forest
41,30,2944,optimized_rf,grassland_meadow_steppe,forest
41,31,2,optimized_rf,grassland_meadow_steppe,grassland_meadow_steppe
41,32,12,optimized_rf,grassland_meadow_steppe,desert
41,33,5915,optimized_rf,grassland_meadow_steppe,cropland
41,34,7,optimized_rf,grassland_meadow_steppe,forest
41,36,2365,optimized_rf,grassland_meadow_steppe,forest
41,37,4510,optimized_rf,grassland_meadow_steppe,forest
41,38,1,optimized_rf,grassland_meadow_steppe,desert
41,39,50,optimized_rf,grassland_meadow_steppe,forest
41,40,44,optimized_rf,grassland_meadow_steppe,grassland_meadow_steppe
41,41,50595,optimized_rf,grassland_meadow_steppe,grassland_meadow_steppe
41,44,109,optimized_rf,grassland_meadow_steppe,scrub
41,45,22,optimized_rf,grassland_meadow_steppe,scrub
41,46,7,optimized_rf,grassland_meadow_steppe,scrub
41,47,1602,optimized_rf,grassland_meadow_steppe,cropland
41,49,11,optimized_rf,grassland_meadow_steppe,forest
41,54,1,optimized_rf,grassland_meadow_steppe,wetland
42,2,2,optimized_rf,desert,forest
42,3,1,optimized_rf,desert,forest
42,4,1,optimized_rf,desert,wetland
42,5,1,optimized_rf,desert,grassland_meadow_steppe
42,6,7,optimized_rf,desert,wetland
42,7,161,optimized_rf,desert,scrub
42,9,1,optimized_rf,desert,forest
42,11,2,optimized_rf,desert,grassland_meadow_steppe
42,12,16,optimized_rf,desert,cropland
42,13,375,optimized_rf,desert,grassland_meadow_steppe
42,14,23,optimized_rf,desert,forest
42,15,4,optimized_rf,desert,grassland_meadow_steppe
42,16,2484,optimized_rf,desert,grassland_meadow_steppe
42,18,6,optimized_rf,desert,scrub
42,19,456,optimized_rf,desert,no_vegetation
42,20,7545,optimized_rf,desert,alpine_vegetation
42,21,1,optimized_rf,desert,cropland
42,22,512,optimized_rf,desert,alpine_vegetation
42,23,3,optimized_rf,desert,desert
42,24,2058,optimized_rf,desert,desert
42,25,3706,optimized_rf,desert,desert
42,26,1,optimized_rf,desert,forest
42,27,9,optimized_rf,desert,cropland
42,28,1,optimized_rf,desert,forest
42,29,1,optimized_rf,desert,desert
42,31,12417,optimized_rf,desert,grassland_meadow_steppe
42,32,83,optimized_rf,desert,desert
42,33,47,optimized_rf,desert,cropland
42,34,1,optimized_rf,desert,forest
42,35,1,optimized_rf,desert,desert
42,36,1,optimized_rf,desert,forest
42,37,1,optimized_rf,desert,forest
42,39,1,optimized_rf,desert,forest
42,40,2,optimized_rf,desert,grassland_meadow_steppe
42,42,124236,optimized_rf,desert,desert
42,43,835,optimized_rf,desert,wetland
42,44,2,optimized_rf,desert,scrub
42,47,1,optimized_rf,desert,cropland
42,48,2,optimized_rf,desert,wetland
42,49,3,optimized_rf,desert,forest
42,50,2,optimized_rf,desert,scrub
42,52,1,optimized_rf,desert,forest
42,53,2,optimized_rf,desert,cropland
42,54,1,optimized_rf,desert,wetland
42,55,3,optimized_rf,desert,forest
43,10,41,optimized_rf,wetland,forest
43,16,415,optimized_rf,wetland,grassland_meadow_steppe
43,18,73,optimized_rf,wetland,scrub
43,19,4,optimized_rf,wetland,no_vegetation
43,20,37,optimized_rf,wetland,alpine_vegetation
43,24,85,optimized_rf,wetland,desert
43,25,136,optimized_rf,wetland,desert
43,31,13,optimized_rf,wetland,grassland_meadow_steppe
43,39,1,optimized_rf,wetland,forest
43,42,200,optimized_rf,wetland,desert
43,43,4605,optimized_rf,wetland,wetland
43,46,82,optimized_rf,wetland,scrub
44,1,396,optimized_rf,scrub,cropland
44,2,7,optimized_rf,scrub,forest
44,3,2200,optimized_rf,scrub,forest
44,4,14,optimized_rf,scrub,wetland
44,5,1429,optimized_rf,scrub,grassland_meadow_steppe
44,6,17,optimized_rf,scrub,wetland
44,7,2018,optimized_rf,scrub,scrub
44,9,15,optimized_rf,scrub,forest
44,10,2678,optimized_rf,scrub,forest
44,11,10,optimized_rf,scrub,grassland_meadow_steppe
44,12,15,optimized_rf,scrub,cropland
44,13,613,optimized_rf,scrub,grassland_meadow_steppe
44,14,18,optimized_rf,scrub,forest
44,15,15,optimized_rf,scrub,grassland_meadow_steppe
44,16,49,optimized_rf,scrub,grassland_meadow_steppe
44,17,20,optimized_rf,scrub,alpine_vegetation
44,18,1063,optimized_rf,scrub,scrub
44,19,15,optimized_rf,scrub,no_vegetation
44,20,42,optimized_rf,scrub,alpine_vegetation
44,21,37339,optimized_rf,scrub,cropland
44,22,15,optimized_rf,scrub,alpine_vegetation
44,23,26,optimized_rf,scrub,desert
44,24,20,optimized_rf,scrub,desert
44,25,20,optimized_rf,scrub,desert
44,26,6763,optimized_rf,scrub,forest
44,27,117,optimized_rf,scrub,cropland
44,28,14576,optimized_rf,scrub,forest
44,29,12,optimized_rf,scrub,desert
44,30,93756,optimized_rf,scrub,forest
44,31,133,optimized_rf,scrub,grassland_meadow_steppe
44,32,11,optimized_rf,scrub,desert
44,33,1224,optimized_rf,scrub,cropland
44,34,509,optimized_rf,scrub,forest
44,35,19,optimized_rf,scrub,desert
44,36,32188,optimized_rf,scrub,forest
44,37,65,optimized_rf,scrub,forest
44,38,16,optimized_rf,scrub,desert
44,39,5852,optimized_rf,scrub,forest
44,40,53291,optimized_rf,scrub,grassland_meadow_steppe
44,41,614,optimized_rf,scrub,grassland_meadow_steppe
44,42,25,optimized_rf,scrub,desert
44,43,16,optimized_rf,scrub,wetland
44,44,188759,optimized_rf,scrub,scrub
44,45,1288,optimized_rf,scrub,scrub
44,46,2100,optimized_rf,scrub,scrub
44,47,47186,optimized_rf,scrub,cropland
44,48,33,optimized_rf,scrub,wetland
44,49,34663,optimized_rf,scrub,forest
44,50,3479,optimized_rf,scrub,scrub
44,52,2105,optimized_rf,scrub,forest
44,53,22677,optimized_rf,scrub,cropland
44,54,2582,optimized_rf,scrub,wetland
44,55,4078,optimized_rf,scrub,forest
45,1,87,optimized_rf,scrub,cropland
45,2,1,optimized_rf,scrub,forest
45,4,2,optimized_rf,scrub,wetland
45,5,49,optimized_rf,scrub,grassland_meadow_steppe
45,10,670,optimized_rf,scrub,forest
45,11,1,optimized_rf,scrub,grassland_meadow_steppe
45,13,141,optimized_rf,scrub,grassland_meadow_steppe
45,14,1,optimized_rf,scrub,forest
45,16,2997,optimized_rf,scrub,grassland_meadow_steppe
45,18,438,optimized_rf,scrub,scrub
45,19,1,optimized_rf,scrub,no_vegetation
45,20,476,optimized_rf,scrub,alpine_vegetation
45,21,1,optimized_rf,scrub,cropland
45,22,5,optimized_rf,scrub,alpine_vegetation
45,23,4,optimized_rf,scrub,desert
45,24,290,optimized_rf,scrub,desert
45,25,29,optimized_rf,scrub,desert
45,28,3,optimized_rf,scrub,forest
45,29,173,optimized_rf,scrub,desert
45,30,141,optimized_rf,scrub,forest
45,31,322,optimized_rf,scrub,grassland_meadow_steppe
45,33,4,optimized_rf,scrub,cropland
45,34,21,optimized_rf,scrub,forest
45,35,2,optimized_rf,scrub,desert
45,37,1,optimized_rf,scrub,forest
45,38,1,optimized_rf,scrub,desert
45,39,500,optimized_rf,scrub,forest
45,40,19,optimized_rf,scrub,grassland_meadow_steppe
45,41,1,optimized_rf,scrub,grassland_meadow_steppe
45,44,16,optimized_rf,scrub,scrub
45,45,8657,optimized_rf,scrub,scrub
45,46,1199,optimized_rf,scrub,scrub
45,47,107,optimized_rf,scrub,cropland
45,48,3,optimized_rf,scrub,wetland
45,49,35,optimized_rf,scrub,forest
45,50,1,optimized_rf,scrub,scrub
45,53,3,optimized_rf,scrub,cropland
45,55,3,optimized_rf,scrub,forest
46,1,440,optimized_rf,scrub,cropland
46,2,42,optimized_rf,scrub,forest
46,3,107,optimized_rf,scrub,forest
46,4,3,optimized_rf,scrub,wetland
46,5,387,optimized_rf,scrub,grassland_meadow_steppe
46,6,5,optimized_rf,scrub,wetland
46,7,57,optimized_rf,scrub,scrub
46,9,5,optimized_rf,scrub,forest
46,10,12890,optimized_rf,scrub,forest
46,11,4,optimized_rf,scrub,grassland_meadow_steppe
46,12,5,optimized_rf,scrub,cropland
46,13,382,optimized_rf,scrub,grassland_meadow_steppe
46,14,11,optimized_rf,scrub,forest
46,15,2,optimized_rf,scrub,grassland_meadow_steppe
46,16,13604,optimized_rf,scrub,grassland_meadow_steppe
46,17,3,optimized_rf,scrub,alpine_vegetation
46,18,6815,optimized_rf,scrub,scrub
46,19,1,optimized_rf,scrub,no_vegetation
46,20,2643,optimized_rf,scrub,alpine_vegetation
46,21,9,optimized_rf,scrub,cropland
46,22,11,optimized_rf,scrub,alpine_vegetation
46,23,6,optimized_rf,scrub,desert
46,24,7,optimized_rf,scrub,desert
46,25,8,optimized_rf,scrub,desert
46,26,241,optimized_rf,scrub,forest
46,27,4,optimized_rf,scrub,cropland
46,28,298,optimized_rf,scrub,forest
46,29,7,optimized_rf,scrub,desert
46,30,1043,optimized_rf,scrub,forest
46,31,26,optimized_rf,scrub,grassland_meadow_steppe
46,32,2,optimized_rf,scrub,desert
46,33,13,optimized_rf,scrub,cropland
46,34,724,optimized_rf,scrub,forest
46,35,8,optimized_rf,scrub,desert
46,36,744,optimized_rf,scrub,forest
46,37,36,optimized_rf,scrub,forest
46,38,14,optimized_rf,scrub,desert
46,39,5320,optimized_rf,scrub,forest
46,40,561,optimized_rf,scrub,grassland_meadow_steppe
46,41,3,optimized_rf,scrub,grassland_meadow_steppe
46,42,7,optimized_rf,scrub,desert
46,43,117,optimized_rf,scrub,wetland
46,44,830,optimized_rf,scrub,scrub
46,45,3460,optimized_rf,scrub,scrub
46,46,82116,optimized_rf,scrub,scrub
46,47,1954,optimized_rf,scrub,cropland
46,48,10,optimized_rf,scrub,wetland
46,49,1387,optimized_rf,scrub,forest
46,50,93,optimized_rf,scrub,scrub
46,52,5,optimized_rf,scrub,forest
46,53,5,optimized_rf,scrub,cropland
46,54,5,optimized_rf,scrub,wetland
46,55,2,optimized_rf,scrub,forest
47,1,67,optimized_rf,cropland,cropland
47,2,15,optimized_rf,cropland,forest
47,3,1582,optimized_rf,cropland,forest
47,4,14,optimized_rf,cropland,wetland
47,5,2293,optimized_rf,cropland,grassland_meadow_steppe
47,6,29,optimized_rf,cropland,wetland
47,7,976,optimized_rf,cropland,scrub
47,9,17,optimized_rf,cropland,forest
47,10,2447,optimized_rf,cropland,forest
47,11,19,optimized_rf,cropland,grassland_meadow_steppe
47,12,6,optimized_rf,cropland,cropland
47,13,13,optimized_rf,cropland,grassland_meadow_steppe
47,14,9,optimized_rf,cropland,forest
47,15,12,optimized_rf,cropland,grassland_meadow_steppe
47,16,13,optimized_rf,cropland,grassland_meadow_steppe
47,17,6,optimized_rf,cropland,alpine_vegetation
47,18,22,optimized_rf,cropland,scrub
47,19,11,optimized_rf,cropland,no_vegetation
47,20,19,optimized_rf,cropland,alpine_vegetation
47,21,9505,optimized_rf,cropland,cropland
47,22,11,optimized_rf,cropland,alpine_vegetation
47,23,8,optimized_rf,cropland,desert
47,24,13,optimized_rf,cropland,desert
47,25,10,optimized_rf,cropland,desert
47,26,1518,optimized_rf,cropland,forest
47,27,6421,optimized_rf,cropland,cropland
47,28,15884,optimized_rf,cropland,forest
47,29,7,optimized_rf,cropland,desert
47,30,16244,optimized_rf,cropland,forest
47,31,10,optimized_rf,cropland,grassland_meadow_steppe
47,32,10,optimized_rf,cropland,desert
47,33,777,optimized_rf,cropland,cropland
47,34,302,optimized_rf,cropland,forest
47,35,8,optimized_rf,cropland,desert
47,36,12192,optimized_rf,cropland,forest
47,37,85,optimized_rf,cropland,forest
47,38,11,optimized_rf,cropland,desert
47,39,1084,optimized_rf,cropland,forest
47,40,28770,optimized_rf,cropland,grassland_meadow_steppe
47,41,1377,optimized_rf,cropland,grassland_meadow_steppe
47,42,10,optimized_rf,cropland,desert
47,43,1,optimized_rf,cropland,wetland
47,44,22445,optimized_rf,cropland,scrub
47,45,31,optimized_rf,cropland,scrub
47,46,2425,optimized_rf,cropland,scrub
47,47,211668,optimized_rf,cropland,cropland
47,48,690,optimized_rf,cropland,wetland
47,49,10197,optimized_rf,cropland,forest
47,50,1346,optimized_rf,cropland,scrub
47,52,3209,optimized_rf,cropland,forest
47,53,457,optimized_rf,cropland,cropland
47,54,2,optimized_rf,cropland,wetland
47,55,149,optimized_rf,cropland,forest
48,3,1,optimized_rf,wetland,forest
48,4,1,optimized_rf,wetland,wetland
48,11,1,optimized_rf,wetland,grassland_meadow_steppe
48,16,2,optimized_rf,wetland,grassland_meadow_steppe
48,21,93,optimized_rf,wetland,cropland
48,22,1,optimized_rf,wetland,alpine_vegetation
48,25,1,optimized_rf,wetland,desert
48,26,23,optimized_rf,wetland,forest
48,27,8,optimized_rf,wetland,cropland
48,29,1,optimized_rf,wetland,desert
48,30,87,optimized_rf,wetland,forest
48,36,10,optimized_rf,wetland,forest
48,38,1,optimized_rf,wetland,desert
48,40,77,optimized_rf,wetland,grassland_meadow_steppe
48,41,1,optimized_rf,wetland,grassland_meadow_steppe
48,43,7,optimized_rf,wetland,wetland
48,47,5,optimized_rf,wetland,cropland
48,48,1240,optimized_rf,wetland,wetland
48,49,29,optimized_rf,wetland,forest
48,53,34,optimized_rf,wetland,cropland
48,55,1,optimized_rf,wetland,forest
49,1,14,optimized_rf,forest,cropland
49,2,6,optimized_rf,forest,forest
49,3,29,optimized_rf,forest,forest
49,4,12,optimized_rf,forest,wetland
49,5,180,optimized_rf,forest,grassland_meadow_steppe
49,6,9,optimized_rf,forest,wetland
49,7,14,optimized_rf,forest,scrub
49,9,3,optimized_rf,forest,forest
49,10,7128,optimized_rf,forest,forest
49,11,12,optimized_rf,forest,grassland_meadow_steppe
49,12,5,optimized_rf,forest,cropland
49,13,4,optimized_rf,forest,grassland_meadow_steppe
49,14,10,optimized_rf,forest,forest
49,15,4,optimized_rf,forest,grassland_meadow_steppe
49,16,2,optimized_rf,forest,grassland_meadow_steppe
49,17,4,optimized_rf,forest,alpine_vegetation
49,18,6,optimized_rf,forest,scrub
49,19,6,optimized_rf,forest,no_vegetation
49,20,22,optimized_rf,forest,alpine_vegetation
49,21,3832,optimized_rf,forest,cropland
49,22,8,optimized_rf,forest,alpine_vegetation
49,23,5,optimized_rf,forest,desert
49,24,8,optimized_rf,forest,desert
49,25,7,optimized_rf,forest,desert
49,26,2208,optimized_rf,forest,forest
49,27,5,optimized_rf,forest,cropland
49,28,837,optimized_rf,forest,forest
49,29,5,optimized_rf,forest,desert
49,30,21684,optimized_rf,forest,forest
49,31,9,optimized_rf,forest,grassland_meadow_steppe
49,32,10,optimized_rf,forest,desert
49,33,3,optimized_rf,forest,cropland
49,34,742,optimized_rf,forest,forest
49,35,6,optimized_rf,forest,desert
49,36,4060,optimized_rf,forest,forest
49,37,16,optimized_rf,forest,forest
49,38,4,optimized_rf,forest,desert
49,39,1286,optimized_rf,forest,forest
49,40,11208,optimized_rf,forest,grassland_meadow_steppe
49,41,12,optimized_rf,forest,grassland_meadow_steppe
49,42,5,optimized_rf,forest,desert
49,43,3,optimized_rf,forest,wetland
49,44,8651,optimized_rf,forest,scrub
49,45,83,optimized_rf,forest,scrub
49,46,1468,optimized_rf,forest,scrub
49,47,5483,optimized_rf,forest,cropland
49,48,2,optimized_rf,forest,wetland
49,49,84523,optimized_rf,forest,forest
49,50,275,optimized_rf,forest,scrub
49,52,1646,optimized_rf,forest,forest
49,53,1804,optimized_rf,forest,cropland
49,54,44,optimized_rf,forest,wetland
49,55,341,optimized_rf,forest,forest
50,2,1,optimized_rf,scrub,forest
50,6,1,optimized_rf,scrub,wetland
50,9,1,optimized_rf,scrub,forest
50,10,21,optimized_rf,scrub,forest
50,11,1,optimized_rf,scrub,grassland_meadow_steppe
50,14,3,optimized_rf,scrub,forest
50,15,3,optimized_rf,scrub,grassland_meadow_steppe
50,18,1,optimized_rf,scrub,scrub
50,21,1,optimized_rf,scrub,cropland
50,28,20,optimized_rf,scrub,forest
50,30,59,optimized_rf,scrub,forest
50,33,1,optimized_rf,scrub,cropland
50,34,3,optimized_rf,scrub,forest
50,37,1,optimized_rf,scrub,forest
50,39,109,optimized_rf,scrub,forest
50,40,64,optimized_rf,scrub,grassland_meadow_steppe
50,43,1,optimized_rf,scrub,wetland
50,44,76,optimized_rf,scrub,scrub
50,45,1,optimized_rf,scrub,scrub
50,46,26,optimized_rf,scrub,scrub
50,47,32,optimized_rf,scrub,cropland
50,49,1,optimized_rf,scrub,forest
50,50,1774,optimized_rf,scrub,scrub
50,53,90,optimized_rf,scrub,cropland
50,54,1,optimized_rf,scrub,wetland
52,1,9,optimized_rf,forest,cropland
52,2,5,optimized_rf,forest,forest
52,3,4,optimized_rf,forest,forest
52,4,9,optimized_rf,forest,wetland
52,5,5,optimized_rf,forest,grassland_meadow_steppe
52,6,6,optimized_rf,forest,wetland
52,7,9,optimized_rf,forest,scrub
52,9,7,optimized_rf,forest,forest
52,10,16,optimized_rf,forest,forest
52,11,6,optimized_rf,forest,grassland_meadow_steppe
52,12,3,optimized_rf,forest,cropland
52,13,8,optimized_rf,forest,grassland_meadow_steppe
52,14,6,optimized_rf,forest,forest
52,15,4,optimized_rf,forest,grassland_meadow_steppe
52,16,10,optimized_rf,forest,grassland_meadow_steppe
52,17,9,optimized_rf,forest,alpine_vegetation
52,18,6,optimized_rf,forest,scrub
52,19,7,optimized_rf,forest,no_vegetation
52,20,6,optimized_rf,forest,alpine_vegetation
52,21,65,optimized_rf,forest,cropland
52,22,5,optimized_rf,forest,alpine_vegetation
52,23,11,optimized_rf,forest,desert
52,24,3,optimized_rf,forest,desert
52,25,3,optimized_rf,forest,desert
52,26,15,optimized_rf,forest,forest
52,27,10,optimized_rf,forest,cropland
52,28,4,optimized_rf,forest,forest
52,29,6,optimized_rf,forest,desert
52,30,1,optimized_rf,forest,forest
52,31,9,optimized_rf,forest,grassland_meadow_steppe
52,32,13,optimized_rf,forest,desert
52,33,8,optimized_rf,forest,cropland
52,34,1,optimized_rf,forest,forest
52,35,6,optimized_rf,forest,desert
52,36,1,optimized_rf,forest,forest
52,37,5,optimized_rf,forest,forest
52,38,11,optimized_rf,forest,desert
52,39,5,optimized_rf,forest,forest
52,40,334,optimized_rf,forest,grassland_meadow_steppe
52,41,3,optimized_rf,forest,grassland_meadow_steppe
52,42,5,optimized_rf,forest,desert
52,43,7,optimized_rf,forest,wetland
52,44,275,optimized_rf,forest,scrub
52,45,11,optimized_rf,forest,scrub
52,46,8,optimized_rf,forest,scrub
52,47,17,optimized_rf,forest,cropland
52,48,1,optimized_rf,forest,wetland
52,49,1362,optimized_rf,forest,forest
52,50,3,optimized_rf,forest,scrub
52,52,19676,optimized_rf,forest,forest
52,53,1308,optimized_rf,forest,cropland
52,54,3,optimized_rf,forest,wetland
52,55,305,optimized_rf,forest,forest
53,1,12,optimized_rf,cropland,cropland
53,2,11,optimized_rf,cropland,forest
53,3,17,optimized_rf,cropland,forest
53,4,10,optimized_rf,cropland,wetland
53,5,19,optimized_rf,cropland,grassland_meadow_steppe
53,6,19,optimized_rf,cropland,wetland
53,7,10,optimized_rf,cropland,scrub
53,9,15,optimized_rf,cropland,forest
53,10,33,optimized_rf,cropland,forest
53,11,23,optimized_rf,cropland,grassland_meadow_steppe
53,12,10,optimized_rf,cropland,cropland
53,13,18,optimized_rf,cropland,grassland_meadow_steppe
53,14,20,optimized_rf,cropland,forest
53,15,12,optimized_rf,cropland,grassland_meadow_steppe
53,16,16,optimized_rf,cropland,grassland_meadow_steppe
53,17,20,optimized_rf,cropland,alpine_vegetation
53,18,22,optimized_rf,cropland,scrub
53,19,15,optimized_rf,cropland,no_vegetation
53,20,27,optimized_rf,cropland,alpine_vegetation
53,21,945,optimized_rf,cropland,cropland
53,22,19,optimized_rf,cropland,alpine_vegetation
53,23,23,optimized_rf,cropland,desert
53,24,16,optimized_rf,cropland,desert
53,25,19,optimized_rf,cropland,desert
53,26,163,optimized_rf,cropland,forest
53,27,10,optimized_rf,cropland,cropland
53,28,83,optimized_rf,cropland,forest
53,29,16,optimized_rf,cropland,desert
53,30,230,optimized_rf,cropland,forest
53,31,15,optimized_rf,cropland,grassland_meadow_steppe
53,32,17,optimized_rf,cropland,desert
53,33,11,optimized_rf,cropland,cropland
53,34,111,optimized_rf,cropland,forest
53,35,14,optimized_rf,cropland,desert
53,36,35,optimized_rf,cropland,forest
53,37,17,optimized_rf,cropland,forest
53,38,20,optimized_rf,cropland,desert
53,39,43,optimized_rf,cropland,forest
53,40,704,optimized_rf,cropland,grassland_meadow_steppe
53,41,24,optimized_rf,cropland,grassland_meadow_steppe
53,42,21,optimized_rf,cropland,desert
53,43,18,optimized_rf,cropland,wetland
53,44,3960,optimized_rf,cropland,scrub
53,45,11,optimized_rf,cropland,scrub
53,46,30,optimized_rf,cropland,scrub
53,47,29,optimized_rf,cropland,cropland
53,48,6,optimized_rf,cropland,wetland
53,49,1637,optimized_rf,cropland,forest
53,50,98,optimized_rf,cropland,scrub
53,52,304,optimized_rf,cropland,forest
53,53,54632,optimized_rf,cropland,cropland
53,54,45,optimized_rf,cropland,wetland
53,55,834,optimized_rf,cropland,forest
54,1,5,optimized_rf,wetland,cropland
54,2,3,optimized_rf,wetland,forest
54,3,5,optimized_rf,wetland,forest
54,4,5,optimized_rf,wetland,wetland
54,5,2,optimized_rf,wetland,grassland_meadow_steppe
54,6,2,optimized_rf,wetland,wetland
54,7,3,optimized_rf,wetland,scrub
54,9,3,optimized_rf,wetland,forest
54,10,5,optimized_rf,wetland,forest
54,11,5,optimized_rf,wetland,grassland_meadow_steppe
54,12,4,optimized_rf,wetland,cropland
54,13,4,optimized_rf,wetland,grassland_meadow_steppe
54,14,4,optimized_rf,wetland,forest
54,15,4,optimized_rf,wetland,grassland_meadow_steppe
54,16,4,optimized_rf,wetland,grassland_meadow_steppe
54,17,2,optimized_rf,wetland,alpine_vegetation
54,18,6,optimized_rf,wetland,scrub
54,19,3,optimized_rf,wetland,no_vegetation
54,20,6,optimized_rf,wetland,alpine_vegetation
54,21,148,optimized_rf,wetland,cropland
54,22,3,optimized_rf,wetland,alpine_vegetation
54,23,2,optimized_rf,wetland,desert
54,24,4,optimized_rf,wetland,desert
54,25,5,optimized_rf,wetland,desert
54,28,4,optimized_rf,wetland,forest
54,29,7,optimized_rf,wetland,desert
54,30,3,optimized_rf,wetland,forest
54,31,5,optimized_rf,wetland,grassland_meadow_steppe
54,32,1,optimized_rf,wetland,desert
54,33,3,optimized_rf,wetland,cropland
54,34,20,optimized_rf,wetland,forest
54,35,3,optimized_rf,wetland,desert
54,36,12,optimized_rf,wetland,forest
54,37,3,optimized_rf,wetland,forest
54,38,5,optimized_rf,wetland,desert
54,39,2,optimized_rf,wetland,forest
54,40,6,optimized_rf,wetland,grassland_meadow_steppe
54,41,2,optimized_rf,wetland,grassland_meadow_steppe
54,43,1,optimized_rf,wetland,wetland
54,44,417,optimized_rf,wetland,scrub
54,45,4,optimized_rf,wetland,scrub
54,46,3,optimized_rf,wetland,scrub
54,47,2,optimized_rf,wetland,cropland
54,49,15,optimized_rf,wetland,forest
54,50,15,optimized_rf,wetland,scrub
54,52,3,optimized_rf,wetland,forest
54,53,312,optimized_rf,wetland,cropland
54,54,10459,optimized_rf,wetland,wetland
54,55,4,optimized_rf,wetland,forest
55,21,20,optimized_rf,forest,cropland
55,28,47,optimized_rf,forest,forest
55,36,6,optimized_rf,forest,forest
55,37,1,optimized_rf,forest,forest
55,40,152,optimized_rf,forest,grassland_meadow_steppe
55,44,277,optimized_rf,forest,scrub
55,48,1,optimized_rf,forest,wetland
55,49,18,optimized_rf,forest,forest
55,50,40,optimized_rf,forest,scrub
55,52,85,optimized_rf,forest,forest
55,53,184,optimized_rf,forest,cropland
55,55,5552,optimized_rf,forest,forest
1,1,11606,plain_mf,cropland,cropland
1,2,327,plain_mf,cropland,forest
1,3,470,plain_mf,cropland,forest
1,4,172,plain_mf,cropland,wetland
1,5,146,plain_mf,cropland,grassland_meadow_steppe
1,6,19,plain_mf,cropland,wetland
1,7,75,plain_mf,cropland,scrub
1,9,1,plain_mf,cropland,forest
1,10,334,plain_mf,cropland,forest
1,11,4,plain_mf,cropland,grassland_meadow_steppe
1,12,8,plain_mf,cropland,cropland
1,13,231,plain_mf,cropland,grassland_meadow_steppe
1,14,3,plain_mf,cropland,forest
1,15,2,plain_mf,cropland,grassland_meadow_steppe
1,16,44,plain_mf,cropland,grassland_meadow_steppe
1,17,50,plain_mf,cropland,alpine_vegetation
1,18,202,plain_mf,cropland,scrub
1,19,2,plain_mf,cropland,no_vegetation
1,20,18,plain_mf,cropland,alpine_vegetation
1,21,102,plain_mf,cropland,cropland
1,24,3,plain_mf,cropland,desert
1,25,194,plain_mf,cropland,desert
1,26,2,plain_mf,cropland,forest
1,27,1,plain_mf,cropland,cropland
1,28,31,plain_mf,cropland,forest
1,29,2,plain_mf,cropland,desert
1,30,4,plain_mf,cropland,forest
1,31,133,plain_mf,cropland,grassland_meadow_steppe
1,32,3,plain_mf,cropland,desert
1,33,87,plain_mf,cropland,cropland
1,34,1,plain_mf,cropland,forest
1,35,3,plain_mf,cropland,desert
1,36,1,plain_mf,cropland,forest
1,37,2,plain_mf,cropland,forest
1,38,3,plain_mf,cropland,desert
1,39,413,plain_mf,cropland,forest
1,40,28,plain_mf,cropland,grassland_meadow_steppe
1,41,1,plain_mf,cropland,grassland_meadow_steppe
1,42,33,plain_mf,cropland,desert
1,43,2,plain_mf,cropland,wetland
1,44,18,plain_mf,cropland,scrub
1,45,243,plain_mf,cropland,scrub
1,46,68,plain_mf,cropland,scrub
1,47,51,plain_mf,cropland,cropland
1,48,4,plain_mf,cropland,wetland
1,49,1,plain_mf,cropland,forest
1,50,108,plain_mf,cropland,scrub
1,52,4,plain_mf,cropland,forest
1,53,1,plain_mf,cropland,cropland
1,54,1,plain_mf,cropland,wetland
1,55,1,plain_mf,cropland,forest
2,1,2110,plain_mf,forest,cropland
2,2,181881,plain_mf,forest,forest
2,3,20359,plain_mf,forest,forest
2,4,14440,plain_mf,forest,wetland
2,5,14172,plain_mf,forest,grassland_meadow_steppe
2,6,10862,plain_mf,forest,wetland
2,7,2950,plain_mf,forest,scrub
2,9,8920,plain_mf,forest,forest
2,10,914,plain_mf,forest,forest
2,11,4774,plain_mf,forest,grassland_meadow_steppe
2,12,1971,plain_mf,forest,cropland
2,13,3998,plain_mf,forest,grassland_meadow_steppe
2,14,335,plain_mf,forest,forest
2,15,9,plain_mf,forest,grassland_meadow_steppe
2,16,4784,plain_mf,forest,grassland_meadow_steppe
2,17,416,plain_mf,forest,alpine_vegetation
2,18,4887,plain_mf,forest,scrub
2,19,9,plain_mf,forest,no_vegetation
2,20,309,plain_mf,forest,alpine_vegetation
2,21,13,plain_mf,forest,cropland
2,22,262,plain_mf,forest,alpine_vegetation
2,23,11,plain_mf,forest,desert
2,24,138,plain_mf,forest,desert
2,25,862,plain_mf,forest,desert
2,26,25,plain_mf,forest,forest
2,27,1755,plain_mf,forest,cropland
2,28,225,plain_mf,forest,forest
2,29,13,plain_mf,forest,desert
2,30,140,plain_mf,forest,forest
2,31,298,plain_mf,forest,grassland_meadow_steppe
2,32,85,plain_mf,forest,desert
2,33,84,plain_mf,forest,cropland
2,34,137,plain_mf,forest,forest
2,35,10,plain_mf,forest,desert
2,36,83,plain_mf,forest,forest
2,37,101,plain_mf,forest,forest
2,38,11,plain_mf,forest,desert
2,39,57,plain_mf,forest,forest
2,40,95,plain_mf,forest,grassland_meadow_steppe
2,41,171,plain_mf,forest,grassland_meadow_steppe
2,42,68,plain_mf,forest,desert
2,43,4,plain_mf,forest,wetland
2,44,268,plain_mf,forest,scrub
2,45,19,plain_mf,forest,scrub
2,46,90,plain_mf,forest,scrub
2,47,7,plain_mf,forest,cropland
2,48,14,plain_mf,forest,wetland
2,49,16,plain_mf,forest,forest
2,50,96,plain_mf,forest,scrub
2,52,43,plain_mf,forest,forest
2,53,515,plain_mf,forest,cropland
2,54,12,plain_mf,forest,wetland
2,55,215,plain_mf,forest,forest
3,1,4836,plain_mf,forest,cropland
3,2,20424,plain_mf,forest,forest
3,3,289076,plain_mf,forest,forest
3,4,5824,plain_mf,forest,wetland
3,5,22401,plain_mf,forest,grassland_meadow_steppe
3,6,18767,plain_mf,forest,wetland
3,7,42197,plain_mf,forest,scrub
3,9,27308,plain_mf,forest,forest
3,10,3184,plain_mf,forest,forest
3,11,7406,plain_mf,forest,grassland_meadow_steppe
3,12,18381,plain_mf,forest,cropland
3,13,3803,plain_mf,forest,grassland_meadow_steppe
3,14,1266,plain_mf,forest,forest
3,15,2149,plain_mf,forest,grassland_meadow_steppe
3,16,45,plain_mf,forest,grassland_meadow_steppe
3,17,18,plain_mf,forest,alpine_vegetation
3,18,1562,plain_mf,forest,scrub
3,19,21,plain_mf,forest,no_vegetation
3,20,9,plain_mf,forest,alpine_vegetation
3,21,292,plain_mf,forest,cropland
3,22,674,plain_mf,forest,alpine_vegetation
3,23,172,plain_mf,forest,desert
3,24,1445,plain_mf,forest,desert
3,25,265,plain_mf,forest,desert
3,26,363,plain_mf,forest,forest
3,27,20591,plain_mf,forest,cropland
3,28,7741,plain_mf,forest,forest
3,29,38,plain_mf,forest,desert
3,30,645,plain_mf,forest,forest
3,31,11,plain_mf,forest,grassland_meadow_steppe
3,32,355,plain_mf,forest,desert
3,33,10933,plain_mf,forest,cropland
3,34,546,plain_mf,forest,forest
3,35,15,plain_mf,forest,desert
3,36,3961,plain_mf,forest,forest
3,37,11205,plain_mf,forest,forest
3,38,16,plain_mf,forest,desert
3,39,1048,plain_mf,forest,forest
3,40,273,plain_mf,forest,grassland_meadow_steppe
3,41,19177,plain_mf,forest,grassland_meadow_steppe
3,42,24,plain_mf,forest,desert
3,43,10,plain_mf,forest,wetland
3,44,948,plain_mf,forest,scrub
3,45,24,plain_mf,forest,scrub
3,46,615,plain_mf,forest,scrub
3,47,2113,plain_mf,forest,cropland
3,48,12,plain_mf,forest,wetland
3,49,120,plain_mf,forest,forest
3,50,10,plain_mf,forest,scrub
3,52,18,plain_mf,forest,forest
3,53,12,plain_mf,forest,cropland
3,54,14,plain_mf,forest,wetland
3,55,10,plain_mf,forest,forest
4,1,1084,plain_mf,wetland,cropland
4,2,13947,plain_mf,wetland,forest
4,3,3659,plain_mf,wetland,forest
4,4,42524,plain_mf,wetland,wetland
4,5,2904,plain_mf,wetland,grassland_meadow_steppe
4,6,1984,plain_mf,wetland,wetland
4,7,849,plain_mf,wetland,scrub
4,9,302,plain_mf,wetland,forest
4,10,9,plain_mf,wetland,forest
4,11,6197,plain_mf,wetland,grassland_meadow_steppe
4,12,3821,plain_mf,wetland,cropland
4,13,6633,plain_mf,wetland,grassland_meadow_steppe
4,14,1857,plain_mf,wetland,forest
4,15,1277,plain_mf,wetland,grassland_meadow_steppe
4,16,746,plain_mf,wetland,grassland_meadow_steppe
4,17,325,plain_mf,wetland,alpine_vegetation
4,18,146,plain_mf,wetland,scrub
4,19,13,plain_mf,wetland,no_vegetation
4,20,168,plain_mf,wetland,alpine_vegetation
4,21,152,plain_mf,wetland,cropland
4,22,311,plain_mf,wetland,alpine_vegetation
4,23,140,plain_mf,wetland,desert
4,24,8,plain_mf,wetland,desert
4,25,205,plain_mf,wetland,desert
4,26,39,plain_mf,wetland,forest
4,27,1431,plain_mf,wetland,cropland
4,28,5,plain_mf,wetland,forest
4,29,3,plain_mf,wetland,desert
4,30,106,plain_mf,wetland,forest
4,31,13,plain_mf,wetland,grassland_meadow_steppe
4,32,7,plain_mf,wetland,desert
4,33,111,plain_mf,wetland,cropland
4,34,8,plain_mf,wetland,forest
4,35,14,plain_mf,wetland,desert
4,36,5,plain_mf,wetland,forest
4,37,3,plain_mf,wetland,forest
4,38,7,plain_mf,wetland,desert
4,39,71,plain_mf,wetland,forest
4,40,4,plain_mf,wetland,grassland_meadow_steppe
4,41,5,plain_mf,wetland,grassland_meadow_steppe
4,42,6,plain_mf,wetland,desert
4,43,6,plain_mf,wetland,wetland
4,44,4,plain_mf,wetland,scrub
4,45,5,plain_mf,wetland,scrub
4,46,6,plain_mf,wetland,scrub
4,47,7,plain_mf,wetland,cropland
4,48,206,plain_mf,wetland,wetland
4,49,6,plain_mf,wetland,forest
4,50,44,plain_mf,wetland,scrub
4,52,4,plain_mf,wetland,forest
4,53,8,plain_mf,wetland,cropland
4,54,4,plain_mf,wetland,wetland
4,55,6,plain_mf,wetland,forest
5,1,2444,plain_mf,grassland_meadow_steppe,cropland
5,2,14800,plain_mf,grassland_meadow_steppe,forest
5,3,16952,plain_mf,grassland_meadow_steppe,forest
5,4,4252,plain_mf,grassland_meadow_steppe,wetland
5,5,72899,plain_mf,grassland_meadow_steppe,grassland_meadow_steppe
5,6,4341,plain_mf,grassland_meadow_steppe,wetland
5,7,4333,plain_mf,grassland_meadow_steppe,scrub
5,9,531,plain_mf,grassland_meadow_steppe,forest
5,10,3853,plain_mf,grassland_meadow_steppe,forest
5,11,9891,plain_mf,grassland_meadow_steppe,grassland_meadow_steppe
5,12,12790,plain_mf,grassland_meadow_steppe,cropland
5,13,7136,plain_mf,grassland_meadow_steppe,grassland_meadow_steppe
5,14,2392,plain_mf,grassland_meadow_steppe,forest
5,15,1880,plain_mf,grassland_meadow_steppe,grassland_meadow_steppe
5,16,3293,plain_mf,grassland_meadow_steppe,grassland_meadow_steppe
5,17,462,plain_mf,grassland_meadow_steppe,alpine_vegetation
5,18,655,plain_mf,grassland_meadow_steppe,scrub
5,19,8,plain_mf,grassland_meadow_steppe,no_vegetation
5,20,715,plain_mf,grassland_meadow_steppe,alpine_vegetation
5,21,1333,plain_mf,grassland_meadow_steppe,cropland
5,22,742,plain_mf,grassland_meadow_steppe,alpine_vegetation
5,23,109,plain_mf,grassland_meadow_steppe,desert
5,24,1002,plain_mf,grassland_meadow_steppe,desert
5,25,1171,plain_mf,grassland_meadow_steppe,desert
5,26,1176,plain_mf,grassland_meadow_steppe,forest
5,27,3088,plain_mf,grassland_meadow_steppe,cropland
5,28,391,plain_mf,grassland_meadow_steppe,forest
5,29,69,plain_mf,grassland_meadow_steppe,desert
5,30,353,plain_mf,grassland_meadow_steppe,forest
5,31,64,plain_mf,grassland_meadow_steppe,grassland_meadow_steppe
5,32,82,plain_mf,grassland_meadow_steppe,desert
5,33,2575,plain_mf,grassland_meadow_steppe,cropland
5,34,406,plain_mf,grassland_meadow_steppe,forest
5,35,113,plain_mf,grassland_meadow_steppe,desert
5,36,1342,plain_mf,grassland_meadow_steppe,forest
5,37,459,plain_mf,grassland_meadow_steppe,forest
5,38,16,plain_mf,grassland_meadow_steppe,desert
5,39,2155,plain_mf,grassland_meadow_steppe,forest
5,40,759,plain_mf,grassland_meadow_steppe,grassland_meadow_steppe
5,41,2140,plain_mf,grassland_meadow_steppe,grassland_meadow_steppe
5,42,218,plain_mf,grassland_meadow_steppe,desert
5,43,9,plain_mf,grassland_meadow_steppe,wetland
5,44,1521,plain_mf,grassland_meadow_steppe,scrub
5,45,362,plain_mf,grassland_meadow_steppe,scrub
5,46,2594,plain_mf,grassland_meadow_steppe,scrub
5,47,1676,plain_mf,grassland_meadow_steppe,cropland
5,48,21,plain_mf,grassland_meadow_steppe,wetland
5,49,832,plain_mf,grassland_meadow_steppe,forest
5,50,29,plain_mf,grassland_meadow_steppe,scrub
5,52,4,plain_mf,grassland_meadow_steppe,forest
5,53,10,plain_mf,grassland_meadow_steppe,cropland
5,54,6,plain_mf,grassland_meadow_steppe,wetland
5,55,9,plain_mf,grassland_meadow_steppe,forest
6,1,177,plain_mf,wetland,cropland
6,2,11985,plain_mf,wetland,forest
6,3,4364,plain_mf,wetland,forest
6,4,2925,plain_mf,wetland,wetland
6,5,1216,plain_mf,wetland,grassland_meadow_steppe
6,6,51564,plain_mf,wetland,wetland
6,7,467,plain_mf,wetland,scrub
6,9,258,plain_mf,wetland,forest
6,10,117,plain_mf,wetland,forest
6,11,2790,plain_mf,wetland,grassland_meadow_steppe
6,12,4807,plain_mf,wetland,cropland
6,13,182,plain_mf,wetland,grassland_meadow_steppe
6,14,47,plain_mf,wetland,forest
6,15,1287,plain_mf,wetland,grassland_meadow_steppe
6,16,51,plain_mf,wetland,grassland_meadow_steppe
6,17,9,plain_mf,wetland,alpine_vegetation
6,18,79,plain_mf,wetland,scrub
6,19,26,plain_mf,wetland,no_vegetation
6,20,19,plain_mf,wetland,alpine_vegetation
6,21,1626,plain_mf,wetland,cropland
6,22,137,plain_mf,wetland,alpine_vegetation
6,23,269,plain_mf,wetland,desert
6,24,907,plain_mf,wetland,desert
6,25,923,plain_mf,wetland,desert
6,26,29,plain_mf,wetland,forest
6,27,2185,plain_mf,wetland,cropland
6,28,10,plain_mf,wetland,forest
6,29,57,plain_mf,wetland,desert
6,30,327,plain_mf,wetland,forest
6,31,195,plain_mf,wetland,grassland_meadow_steppe
6,32,13,plain_mf,wetland,desert
6,33,161,plain_mf,wetland,cropland
6,34,18,plain_mf,wetland,forest
6,35,14,plain_mf,wetland,desert
6,36,64,plain_mf,wetland,forest
6,37,250,plain_mf,wetland,forest
6,38,15,plain_mf,wetland,desert
6,39,15,plain_mf,wetland,forest
6,40,21,plain_mf,wetland,grassland_meadow_steppe
6,41,14,plain_mf,wetland,grassland_meadow_steppe
6,42,93,plain_mf,wetland,desert
6,43,75,plain_mf,wetland,wetland
6,44,15,plain_mf,wetland,scrub
6,45,19,plain_mf,wetland,scrub
6,46,8,plain_mf,wetland,scrub
6,47,239,plain_mf,wetland,cropland
6,48,15,plain_mf,wetland,wetland
6,49,147,plain_mf,wetland,forest
6,50,11,plain_mf,wetland,scrub
6,52,11,plain_mf,wetland,forest
6,53,11,plain_mf,wetland,cropland
6,54,20,plain_mf,wetland,wetland
6,55,10,plain_mf,wetland,forest
7,1,849,plain_mf,scrub,cropland
7,2,3236,plain_mf,scrub,forest
7,3,21983,plain_mf,scrub,forest
7,4,2460,plain_mf,scrub,wetland
7,5,2518,plain_mf,scrub,grassland_meadow_steppe
7,6,1310,plain_mf,scrub,wetland
7,7,88926,plain_mf,scrub,scrub
7,9,2768,plain_mf,scrub,forest
7,10,1028,plain_mf,scrub,forest
7,11,4471,plain_mf,scrub,grassland_meadow_steppe
7,12,6831,plain_mf,scrub,cropland
7,13,8133,plain_mf,scrub,grassland_meadow_steppe
7,14,4246,plain_mf,scrub,forest
7,15,3515,plain_mf,scrub,grassland_meadow_steppe
7,16,235,plain_mf,scrub,grassland_meadow_steppe
7,17,3,plain_mf,scrub,alpine_vegetation
7,18,1124,plain_mf,scrub,scrub
7,19,374,plain_mf,scrub,no_vegetation
7,20,187,plain_mf,scrub,alpine_vegetation
7,21,796,plain_mf,scrub,cropland
7,22,23,plain_mf,scrub,alpine_vegetation
7,23,2072,plain_mf,scrub,desert
7,24,2806,plain_mf,scrub,desert
7,25,3964,plain_mf,scrub,desert
7,26,610,plain_mf,scrub,forest
7,27,5784,plain_mf,scrub,cropland
7,28,2471,plain_mf,scrub,forest
7,29,145,plain_mf,scrub,desert
7,30,199,plain_mf,scrub,forest
7,31,458,plain_mf,scrub,grassland_meadow_steppe
7,32,889,plain_mf,scrub,desert
7,33,14632,plain_mf,scrub,cropland
7,34,448,plain_mf,scrub,forest
7,35,371,plain_mf,scrub,desert
7,36,3043,plain_mf,scrub,forest
7,37,2493,plain_mf,scrub,forest
7,38,11,plain_mf,scrub,desert
7,39,1307,plain_mf,scrub,forest
7,40,840,plain_mf,scrub,grassland_meadow_steppe
7,41,19151,plain_mf,scrub,grassland_meadow_steppe
7,42,326,plain_mf,scrub,desert
7,43,6,plain_mf,scrub,wetland
7,44,1246,plain_mf,scrub,scrub
7,45,64,plain_mf,scrub,scrub
7,46,468,plain_mf,scrub,scrub
7,47,686,plain_mf,scrub,cropland
7,48,3,plain_mf,scrub,wetland
7,49,1314,plain_mf,scrub,forest
7,50,121,plain_mf,scrub,scrub
7,52,3,plain_mf,scrub,forest
7,53,4,plain_mf,scrub,cropland
7,54,6,plain_mf,scrub,wetland
7,55,9,plain_mf,scrub,forest
9,1,1,plain_mf,forest,cropland
9,2,534,plain_mf,forest,forest
9,3,3813,plain_mf,forest,forest
9,4,28,plain_mf,forest,wetland
9,5,35,plain_mf,forest,grassland_meadow_steppe
9,6,8,plain_mf,forest,wetland
9,7,113,plain_mf,forest,scrub
9,9,25326,plain_mf,forest,forest
9,10,10,plain_mf,forest,forest
9,11,243,plain_mf,forest,grassland_meadow_steppe
9,12,235,plain_mf,forest,cropland
9,13,29,plain_mf,forest,grassland_meadow_steppe
9,14,46,plain_mf,forest,forest
9,15,3,plain_mf,forest,grassland_meadow_steppe
9,16,2,plain_mf,forest,grassland_meadow_steppe
9,17,1,plain_mf,forest,alpine_vegetation
9,18,1,plain_mf,forest,scrub
9,19,2,plain_mf,forest,no_vegetation
9,20,1,plain_mf,forest,alpine_vegetation
9,21,3,plain_mf,forest,cropland
9,23,1,plain_mf,forest,desert
9,24,3,plain_mf,forest,desert
9,25,3,plain_mf,forest,desert
9,26,1,plain_mf,forest,forest
9,27,22,plain_mf,forest,cropland
9,29,2,plain_mf,forest,desert
9,31,2,plain_mf,forest,grassland_meadow_steppe
9,33,1,plain_mf,forest,cropland
9,34,1,plain_mf,forest,forest
9,35,1,plain_mf,forest,desert
9,36,10,plain_mf,forest,forest
9,37,1,plain_mf,forest,forest
9,38,3,plain_mf,forest,desert
9,40,2,plain_mf,forest,grassland_meadow_steppe
9,42,2,plain_mf,forest,desert
9,43,2,plain_mf,forest,wetland
9,45,5,plain_mf,forest,scrub
9,48,1,plain_mf,forest,wetland
9,52,1,plain_mf,forest,forest
9,54,1,plain_mf,forest,wetland
9,55,1,plain_mf,forest,forest
10,1,1431,plain_mf,forest,cropland
10,2,8,plain_mf,forest,forest
10,3,727,plain_mf,forest,forest
10,4,22,plain_mf,forest,wetland
10,5,470,plain_mf,forest,grassland_meadow_steppe
10,6,10,plain_mf,forest,wetland
10,7,101,plain_mf,forest,scrub
10,9,217,plain_mf,forest,forest
10,10,77118,plain_mf,forest,forest
10,11,21,plain_mf,forest,grassland_meadow_steppe
10,12,32,plain_mf,forest,cropland
10,13,57,plain_mf,forest,grassland_meadow_steppe
10,14,7,plain_mf,forest,forest
10,15,29,plain_mf,forest,grassland_meadow_steppe
10,16,2185,plain_mf,forest,grassland_meadow_steppe
10,17,9,plain_mf,forest,alpine_vegetation
10,18,6057,plain_mf,forest,scrub
10,19,4,plain_mf,forest,no_vegetation
10,20,1851,plain_mf,forest,alpine_vegetation
10,21,33,plain_mf,forest,cropland
10,22,19,plain_mf,forest,alpine_vegetation
10,23,14,plain_mf,forest,desert
10,24,11,plain_mf,forest,desert
10,25,9,plain_mf,forest,desert
10,26,170,plain_mf,forest,forest
10,27,11,plain_mf,forest,cropland
10,28,864,plain_mf,forest,forest
10,29,18,plain_mf,forest,desert
10,30,682,plain_mf,forest,forest
10,31,25,plain_mf,forest,grassland_meadow_steppe
10,32,12,plain_mf,forest,desert
10,33,165,plain_mf,forest,cropland
10,34,4644,plain_mf,forest,forest
10,35,15,plain_mf,forest,desert
10,36,1678,plain_mf,forest,forest
10,37,31,plain_mf,forest,forest
10,38,17,plain_mf,forest,desert
10,39,13436,plain_mf,forest,forest
10,40,549,plain_mf,forest,grassland_meadow_steppe
10,41,19,plain_mf,forest,grassland_meadow_steppe
10,42,7,plain_mf,forest,desert
10,43,214,plain_mf,forest,wetland
10,44,294,plain_mf,forest,scrub
10,45,848,plain_mf,forest,scrub
10,46,24816,plain_mf,forest,scrub
10,47,703,plain_mf,forest,cropland
10,48,17,plain_mf,forest,wetland
10,49,6210,plain_mf,forest,forest
10,50,298,plain_mf,forest,scrub
10,52,26,plain_mf,forest,forest
10,53,31,plain_mf,forest,cropland
10,54,13,plain_mf,forest,wetland
10,55,9,plain_mf,forest,forest
11,1,10,plain_mf,grassland_meadow_steppe,cropland
11,2,1613,plain_mf,grassland_meadow_steppe,forest
11,3,1836,plain_mf,grassland_meadow_steppe,forest
11,4,4820,plain_mf,grassland_meadow_steppe,wetland
11,5,7519,plain_mf,grassland_meadow_steppe,grassland_meadow_steppe
11,6,1879,plain_mf,grassland_meadow_steppe,wetland
11,7,4357,plain_mf,grassland_meadow_steppe,scrub
11,9,40,plain_mf,grassland_meadow_steppe,forest
11,10,31,plain_mf,grassland_meadow_steppe,forest
11,11,89389,plain_mf,grassland_meadow_steppe,grassland_meadow_steppe
11,12,6805,plain_mf,grassland_meadow_steppe,cropland
11,13,12600,plain_mf,grassland_meadow_steppe,grassland_meadow_steppe
11,14,3162,plain_mf,grassland_meadow_steppe,forest
11,15,1233,plain_mf,grassland_meadow_steppe,grassland_meadow_steppe
11,16,566,plain_mf,grassland_meadow_steppe,grassland_meadow_steppe
11,17,6,plain_mf,grassland_meadow_steppe,alpine_vegetation
11,18,188,plain_mf,grassland_meadow_steppe,scrub
11,19,4,plain_mf,grassland_meadow_steppe,no_vegetation
11,20,338,plain_mf,grassland_meadow_steppe,alpine_vegetation
11,21,8,plain_mf,grassland_meadow_steppe,cropland
11,22,128,plain_mf,grassland_meadow_steppe,alpine_vegetation
11,23,27,plain_mf,grassland_meadow_steppe,desert
11,24,409,plain_mf,grassland_meadow_steppe,desert
11,25,1484,plain_mf,grassland_meadow_steppe,desert
11,26,5,plain_mf,grassland_meadow_steppe,forest
11,27,4772,plain_mf,grassland_meadow_steppe,cropland
11,28,21,plain_mf,grassland_meadow_steppe,forest
11,29,5,plain_mf,grassland_meadow_steppe,desert
11,30,9,plain_mf,grassland_meadow_steppe,forest
11,31,99,plain_mf,grassland_meadow_steppe,grassland_meadow_steppe
11,32,23,plain_mf,grassland_meadow_steppe,desert
11,33,2726,plain_mf,grassland_meadow_steppe,cropland
11,34,30,plain_mf,grassland_meadow_steppe,forest
11,35,3,plain_mf,grassland_meadow_steppe,desert
11,36,6,plain_mf,grassland_meadow_steppe,forest
11,37,129,plain_mf,grassland_meadow_steppe,forest
11,38,4,plain_mf,grassland_meadow_steppe,desert
11,39,6,plain_mf,grassland_meadow_steppe,forest
11,40,4,plain_mf,grassland_meadow_steppe,grassland_meadow_steppe
11,41,573,plain_mf,grassland_meadow_steppe,grassland_meadow_steppe
11,42,16,plain_mf,grassland_meadow_steppe,desert
11,43,3,plain_mf,grassland_meadow_steppe,wetland
11,44,13,plain_mf,grassland_meadow_steppe,scrub
11,45,19,plain_mf,grassland_meadow_steppe,scrub
11,46,91,plain_mf,grassland_meadow_steppe,scrub
11,47,10,plain_mf,grassland_meadow_steppe,cropland
11,48,4,plain_mf,grassland_meadow_steppe,wetland
11,49,6,plain_mf,grassland_meadow_steppe,forest
11,50,5,plain_mf,grassland_meadow_steppe,scrub
11,52,6,plain_mf,grassland_meadow_steppe,forest
11,53,8,plain_mf,grassland_meadow_steppe,cropland
11,54,5,plain_mf,grassland_meadow_steppe,wetland
11,55,4,plain_mf,grassland_meadow_steppe,forest
12,1,348,plain_mf,cropland,cropland
12,2,1632,plain_mf,cropland,forest
12,3,22608,plain_mf,cropland,forest
12,4,7416,plain_mf,cropland,wetland
12,5,9174,plain_mf,cropland,grassland_meadow_steppe
12,6,8053,plain_mf,cropland,wetland
12,7,11945,plain_mf,cropland,scrub
12,9,5570,plain_mf,cropland,forest
12,10,12,plain_mf,cropland,forest
12,11,10885,plain_mf,cropland,grassland_meadow_steppe
12,12,236595,plain_mf,cropland,cropland
12,13,19508,plain_mf,cropland,grassland_meadow_steppe
12,14,5775,plain_mf,cropland,forest
12,15,7214,plain_mf,cropland,grassland_meadow_steppe
12,16,12,plain_mf,cropland,grassland_meadow_steppe
12,17,14,plain_mf,cropland,alpine_vegetation
12,18,7,plain_mf,cropland,scrub
12,19,83,plain_mf,cropland,no_vegetation
12,20,7,plain_mf,cropland,alpine_vegetation
12,21,7,plain_mf,cropland,cropland
12,22,1445,plain_mf,cropland,alpine_vegetation
12,23,873,plain_mf,cropland,desert
12,24,2961,plain_mf,cropland,desert
12,25,2562,plain_mf,cropland,desert
12,26,247,plain_mf,cropland,forest
12,27,11037,plain_mf,cropland,cropland
12,28,18,plain_mf,cropland,forest
12,29,58,plain_mf,cropland,desert
12,30,6,plain_mf,cropland,forest
12,31,13,plain_mf,cropland,grassland_meadow_steppe
12,32,31,plain_mf,cropland,desert
12,33,5254,plain_mf,cropland,cropland
12,34,25,plain_mf,cropland,forest
12,35,9,plain_mf,cropland,desert
12,36,13,plain_mf,cropland,forest
12,37,29,plain_mf,cropland,forest
12,38,9,plain_mf,cropland,desert
12,39,5,plain_mf,cropland,forest
12,40,5,plain_mf,cropland,grassland_meadow_steppe
12,41,2589,plain_mf,cropland,grassland_meadow_steppe
12,42,15,plain_mf,cropland,desert
12,43,3,plain_mf,cropland,wetland
12,44,6,plain_mf,cropland,scrub
12,45,31,plain_mf,cropland,scrub
12,46,20,plain_mf,cropland,scrub
12,47,7,plain_mf,cropland,cropland
12,48,9,plain_mf,cropland,wetland
12,49,11,plain_mf,cropland,forest
12,50,7,plain_mf,cropland,scrub
12,52,3,plain_mf,cropland,forest
12,53,14,plain_mf,cropland,cropland
12,54,15,plain_mf,cropland,wetland
12,55,18,plain_mf,cropland,forest
13,1,2795,plain_mf,grassland_meadow_steppe,cropland
13,2,1713,plain_mf,grassland_meadow_steppe,forest
13,3,1901,plain_mf,grassland_meadow_steppe,forest
13,4,10960,plain_mf,grassland_meadow_steppe,wetland
13,5,9777,plain_mf,grassland_meadow_steppe,grassland_meadow_steppe
13,6,626,plain_mf,grassland_meadow_steppe,wetland
13,7,13169,plain_mf,grassland_meadow_steppe,scrub
13,9,74,plain_mf,grassland_meadow_steppe,forest
13,10,34,plain_mf,grassland_meadow_steppe,forest
13,11,26144,plain_mf,grassland_meadow_steppe,grassland_meadow_steppe
13,12,34472,plain_mf,grassland_meadow_steppe,cropland
13,13,379039,plain_mf,grassland_meadow_steppe,grassland_meadow_steppe
13,14,15738,plain_mf,grassland_meadow_steppe,forest
13,15,16412,plain_mf,grassland_meadow_steppe,grassland_meadow_steppe
13,16,7291,plain_mf,grassland_meadow_steppe,grassland_meadow_steppe
13,17,88,plain_mf,grassland_meadow_steppe,alpine_vegetation
13,18,6510,plain_mf,grassland_meadow_steppe,scrub
13,19,251,plain_mf,grassland_meadow_steppe,no_vegetation
13,20,1667,plain_mf,grassland_meadow_steppe,alpine_vegetation
13,21,22,plain_mf,grassland_meadow_steppe,cropland
13,22,2394,plain_mf,grassland_meadow_steppe,alpine_vegetation
13,23,191,plain_mf,grassland_meadow_steppe,desert
13,24,8144,plain_mf,grassland_meadow_steppe,desert
13,25,35051,plain_mf,grassland_meadow_steppe,desert
13,26,17,plain_mf,grassland_meadow_steppe,forest
13,27,2423,plain_mf,grassland_meadow_steppe,cropland
13,28,103,plain_mf,grassland_meadow_steppe,forest
13,29,117,plain_mf,grassland_meadow_steppe,desert
13,30,61,plain_mf,grassland_meadow_steppe,forest
13,31,4252,plain_mf,grassland_meadow_steppe,grassland_meadow_steppe
13,32,4240,plain_mf,grassland_meadow_steppe,desert
13,33,29715,plain_mf,grassland_meadow_steppe,cropland
13,34,10,plain_mf,grassland_meadow_steppe,forest
13,35,1243,plain_mf,grassland_meadow_steppe,desert
13,36,7,plain_mf,grassland_meadow_steppe,forest
13,37,304,plain_mf,grassland_meadow_steppe,forest
13,38,10,plain_mf,grassland_meadow_steppe,desert
13,39,11,plain_mf,grassland_meadow_steppe,forest
13,40,10,plain_mf,grassland_meadow_steppe,grassland_meadow_steppe
13,41,1081,plain_mf,grassland_meadow_steppe,grassland_meadow_steppe
13,42,706,plain_mf,grassland_meadow_steppe,desert
13,43,16,plain_mf,grassland_meadow_steppe,wetland
13,44,11,plain_mf,grassland_meadow_steppe,scrub
13,45,10,plain_mf,grassland_meadow_steppe,scrub
13,46,62,plain_mf,grassland_meadow_steppe,scrub
13,47,12,plain_mf,grassland_meadow_steppe,cropland
13,48,11,plain_mf,grassland_meadow_steppe,wetland
13,49,11,plain_mf,grassland_meadow_steppe,forest
13,50,11,plain_mf,grassland_meadow_steppe,scrub
13,52,12,plain_mf,grassland_meadow_steppe,forest
13,53,10,plain_mf,grassland_meadow_steppe,cropland
13,54,15,plain_mf,grassland_meadow_steppe,wetland
13,55,17,plain_mf,grassland_meadow_steppe,forest
14,1,2,plain_mf,forest,cropland
14,2,36,plain_mf,forest,forest
14,3,27,plain_mf,forest,forest
14,4,318,plain_mf,forest,wetland
14,5,112,plain_mf,forest,grassland_meadow_steppe
14,7,394,plain_mf,forest,scrub
14,11,800,plain_mf,forest,grassland_meadow_steppe
14,12,453,plain_mf,forest,cropland
14,13,682,plain_mf,forest,grassland_meadow_steppe
14,14,26767,plain_mf,forest,forest
14,15,557,plain_mf,forest,grassland_meadow_steppe
14,19,496,plain_mf,forest,no_vegetation
14,23,693,plain_mf,forest,desert
14,24,492,plain_mf,forest,desert
14,25,30,plain_mf,forest,desert
14,27,615,plain_mf,forest,cropland
14,32,2,plain_mf,forest,desert
14,33,183,plain_mf,forest,cropland
14,37,6,plain_mf,forest,forest
15,1,64,plain_mf,grassland_meadow_steppe,cropland
15,2,133,plain_mf,grassland_meadow_steppe,forest
15,3,520,plain_mf,grassland_meadow_steppe,forest
15,4,2507,plain_mf,grassland_meadow_steppe,wetland
15,5,1929,plain_mf,grassland_meadow_steppe,grassland_meadow_steppe
15,6,1764,plain_mf,grassland_meadow_steppe,wetland
15,7,1287,plain_mf,grassland_meadow_steppe,scrub
15,9,187,plain_mf,grassland_meadow_steppe,forest
15,10,104,plain_mf,grassland_meadow_steppe,forest
15,11,5321,plain_mf,grassland_meadow_steppe,grassland_meadow_steppe
15,12,7150,plain_mf,grassland_meadow_steppe,cropland
15,13,16910,plain_mf,grassland_meadow_steppe,grassland_meadow_steppe
15,14,6456,plain_mf,grassland_meadow_steppe,forest
15,15,134135,plain_mf,grassland_meadow_steppe,grassland_meadow_steppe
15,16,186,plain_mf,grassland_meadow_steppe,grassland_meadow_steppe
15,17,81,plain_mf,grassland_meadow_steppe,alpine_vegetation
15,18,117,plain_mf,grassland_meadow_steppe,scrub
15,19,6622,plain_mf,grassland_meadow_steppe,no_vegetation
15,20,168,plain_mf,grassland_meadow_steppe,alpine_vegetation
15,21,102,plain_mf,grassland_meadow_steppe,cropland
15,22,84,plain_mf,grassland_meadow_steppe,alpine_vegetation
15,23,13098,plain_mf,grassland_meadow_steppe,desert
15,24,5494,plain_mf,grassland_meadow_steppe,desert
15,25,4694,plain_mf,grassland_meadow_steppe,desert
15,26,79,plain_mf,grassland_meadow_steppe,forest
15,27,10682,plain_mf,grassland_meadow_steppe,cropland
15,28,125,plain_mf,grassland_meadow_steppe,forest
15,29,3070,plain_mf,grassland_meadow_steppe,desert
15,30,124,plain_mf,grassland_meadow_steppe,forest
15,31,291,plain_mf,grassland_meadow_steppe,grassland_meadow_steppe
15,32,4101,plain_mf,grassland_meadow_steppe,desert
15,33,3915,plain_mf,grassland_meadow_steppe,cropland
15,34,93,plain_mf,grassland_meadow_steppe,forest
15,35,286,plain_mf,grassland_meadow_steppe,desert
15,36,99,plain_mf,grassland_meadow_steppe,forest
15,37,260,plain_mf,grassland_meadow_steppe,forest
15,38,1382,plain_mf,grassland_meadow_steppe,desert
15,39,105,plain_mf,grassland_meadow_steppe,forest
15,40,99,plain_mf,grassland_meadow_steppe,grassland_meadow_steppe
15,41,149,plain_mf,grassland_meadow_steppe,grassland_meadow_steppe
15,42,483,plain_mf,grassland_meadow_steppe,desert
15,43,141,plain_mf,grassland_meadow_steppe,wetland
15,44,98,plain_mf,grassland_meadow_steppe,scrub
15,45,86,plain_mf,grassland_meadow_steppe,scrub
15,46,90,plain_mf,grassland_meadow_steppe,scrub
15,47,83,plain_mf,grassland_meadow_steppe,cropland
15,48,82,plain_mf,grassland_meadow_steppe,wetland
15,49,105,plain_mf,grassland_meadow_steppe,forest
15,50,86,plain_mf,grassland_meadow_steppe,scrub
15,52,82,plain_mf,grassland_meadow_steppe,forest
15,53,89,plain_mf,grassland_meadow_steppe,cropland
15,54,90,plain_mf,grassland_meadow_steppe,wetland
15,55,103,plain_mf,grassland_meadow_steppe,forest
16,1,3709,plain_mf,grassland_meadow_steppe,cropland
16,2,2307,plain_mf,grassland_meadow_steppe,forest
16,3,67,plain_mf,grassland_meadow_steppe,forest
16,4,1492,plain_mf,grassland_meadow_steppe,wetland
16,5,5439,plain_mf,grassland_meadow_steppe,grassland_meadow_steppe
16,6,162,plain_mf,grassland_meadow_steppe,wetland
16,7,287,plain_mf,grassland_meadow_steppe,scrub
16,9,5,plain_mf,grassland_meadow_steppe,forest
16,10,12562,plain_mf,grassland_meadow_steppe,forest
16,11,124,plain_mf,grassland_meadow_steppe,grassland_meadow_steppe
16,12,5,plain_mf,grassland_meadow_steppe,cropland
16,13,4882,plain_mf,grassland_meadow_steppe,grassland_meadow_steppe
16,14,10,plain_mf,grassland_meadow_steppe,forest
16,15,534,plain_mf,grassland_meadow_steppe,grassland_meadow_steppe
16,16,547143,plain_mf,grassland_meadow_steppe,grassland_meadow_steppe
16,17,3243,plain_mf,grassland_meadow_steppe,alpine_vegetation
16,18,65086,plain_mf,grassland_meadow_steppe,scrub
16,19,362,plain_mf,grassland_meadow_steppe,no_vegetation
16,20,76543,plain_mf,grassland_meadow_steppe,alpine_vegetation
16,21,5,plain_mf,grassland_meadow_steppe,cropland
16,22,25148,plain_mf,grassland_meadow_steppe,alpine_vegetation
16,23,144,plain_mf,grassland_meadow_steppe,desert
16,24,459,plain_mf,grassland_meadow_steppe,desert
16,25,2891,plain_mf,grassland_meadow_steppe,desert
16,26,30,plain_mf,grassland_meadow_steppe,forest
16,27,12,plain_mf,grassland_meadow_steppe,cropland
16,28,534,plain_mf,grassland_meadow_steppe,forest
16,29,12,plain_mf,grassland_meadow_steppe,desert
16,30,58,plain_mf,grassland_meadow_steppe,forest
16,31,61815,plain_mf,grassland_meadow_steppe,grassland_meadow_steppe
16,32,630,plain_mf,grassland_meadow_steppe,desert
16,33,355,plain_mf,grassland_meadow_steppe,cropland
16,34,426,plain_mf,grassland_meadow_steppe,forest
16,35,12,plain_mf,grassland_meadow_steppe,desert
16,36,427,plain_mf,grassland_meadow_steppe,forest
16,37,23,plain_mf,grassland_meadow_steppe,forest
16,38,6,plain_mf,grassland_meadow_steppe,desert
16,39,3253,plain_mf,grassland_meadow_steppe,forest
16,40,70,plain_mf,grassland_meadow_steppe,grassland_meadow_steppe
16,41,9,plain_mf,grassland_meadow_steppe,grassland_meadow_steppe
16,42,6960,plain_mf,grassland_meadow_steppe,desert
16,43,13748,plain_mf,grassland_meadow_steppe,wetland
16,44,71,plain_mf,grassland_meadow_steppe,scrub
16,45,24243,plain_mf,grassland_meadow_steppe,scrub
16,46,45466,plain_mf,grassland_meadow_steppe,scrub
16,47,46,plain_mf,grassland_meadow_steppe,cropland
16,48,16,plain_mf,grassland_meadow_steppe,wetland
16,49,203,plain_mf,grassland_meadow_steppe,forest
16,50,114,plain_mf,grassland_meadow_steppe,scrub
16,52,5,plain_mf,grassland_meadow_steppe,forest
16,53,6,plain_mf,grassland_meadow_steppe,cropland
16,54,11,plain_mf,grassland_meadow_steppe,wetland
16,55,8,plain_mf,grassland_meadow_steppe,forest
17,2,49,plain_mf,alpine_vegetation,forest
17,4,11,plain_mf,alpine_vegetation,wetland
17,5,17,plain_mf,alpine_vegetation,grassland_meadow_steppe
17,12,2,plain_mf,alpine_vegetation,cropland
17,14,1,plain_mf,alpine_vegetation,forest
17,15,1,plain_mf,alpine_vegetation,grassland_meadow_steppe
17,16,1,plain_mf,alpine_vegetation,grassland_meadow_steppe
17,17,1508,plain_mf,alpine_vegetation,alpine_vegetation
17,18,1,plain_mf,alpine_vegetation,scrub
17,19,1,plain_mf,alpine_vegetation,no_vegetation
17,21,2,plain_mf,alpine_vegetation,cropland
17,22,3,plain_mf,alpine_vegetation,alpine_vegetation
17,23,2,plain_mf,alpine_vegetation,desert
17,24,1,plain_mf,alpine_vegetation,desert
17,25,1,plain_mf,alpine_vegetation,desert
17,26,1,plain_mf,alpine_vegetation,forest
17,28,1,plain_mf,alpine_vegetation,forest
17,31,1,plain_mf,alpine_vegetation,grassland_meadow_steppe
17,32,1,plain_mf,alpine_vegetation,desert
17,33,3,plain_mf,alpine_vegetation,cropland
17,34,2,plain_mf,alpine_vegetation,forest
17,35,2,plain_mf,alpine_vegetation,desert
17,37,1,plain_mf,alpine_vegetation,forest
17,38,5,plain_mf,alpine_vegetation,desert
17,40,4,plain_mf,alpine_vegetation,grassland_meadow_steppe
17,41,2,plain_mf,alpine_vegetation,grassland_meadow_steppe
17,42,2,plain_mf,alpine_vegetation,desert
17,45,3,plain_mf,alpine_vegetation,scrub
17,46,1,plain_mf,alpine_vegetation,scrub
17,47,2,plain_mf,alpine_vegetation,cropland
17,48,1,plain_mf,alpine_vegetation,wetland
17,50,1,plain_mf,alpine_vegetation,scrub
17,52,3,plain_mf,alpine_vegetation,forest
17,53,3,plain_mf,alpine_vegetation,cropland
17,54,1,plain_mf,alpine_vegetation,wetland
18,1,1976,plain_mf,scrub,cropland
18,2,828,plain_mf,scrub,forest
18,3,126,plain_mf,scrub,forest
18,4,110,plain_mf,scrub,wetland
18,5,990,plain_mf,scrub,grassland_meadow_steppe
18,7,159,plain_mf,scrub,scrub
18,10,6710,plain_mf,scrub,forest
18,11,221,plain_mf,scrub,grassland_meadow_steppe
18,13,2821,plain_mf,scrub,grassland_meadow_steppe
18,14,1,plain_mf,scrub,forest
18,16,24000,plain_mf,scrub,grassland_meadow_steppe
18,17,117,plain_mf,scrub,alpine_vegetation
18,18,45742,plain_mf,scrub,scrub
18,19,5,plain_mf,scrub,no_vegetation
18,20,1341,plain_mf,scrub,alpine_vegetation
18,21,1,plain_mf,scrub,cropland
18,22,601,plain_mf,scrub,alpine_vegetation
18,23,27,plain_mf,scrub,desert
18,24,225,plain_mf,scrub,desert
18,25,1527,plain_mf,scrub,desert
18,26,42,plain_mf,scrub,forest
18,28,449,plain_mf,scrub,forest
18,30,10,plain_mf,scrub,forest
18,31,2856,plain_mf,scrub,grassland_meadow_steppe
18,32,27,plain_mf,scrub,desert
18,33,246,plain_mf,scrub,cropland
18,34,433,plain_mf,scrub,forest
18,36,531,plain_mf,scrub,forest
18,37,14,plain_mf,scrub,forest
18,39,5526,plain_mf,scrub,forest
18,41,3,plain_mf,scrub,grassland_meadow_steppe
18,42,1279,plain_mf,scrub,desert
18,43,733,plain_mf,scrub,wetland
18,44,272,plain_mf,scrub,scrub
18,45,2377,plain_mf,scrub,scrub
18,46,10396,plain_mf,scrub,scrub
18,47,9,plain_mf,scrub,cropland
18,49,52,plain_mf,scrub,forest
18,50,180,plain_mf,scrub,scrub
18,52,1,plain_mf,scrub,forest
19,1,64,plain_mf,no_vegetation,cropland
19,2,14,plain_mf,no_vegetation,forest
19,3,31,plain_mf,no_vegetation,forest
19,4,36,plain_mf,no_vegetation,wetland
19,5,40,plain_mf,no_vegetation,grassland_meadow_steppe
19,6,47,plain_mf,no_vegetation,wetland
19,7,128,plain_mf,no_vegetation,scrub
19,9,26,plain_mf,no_vegetation,forest
19,10,435,plain_mf,no_vegetation,forest
19,11,20,plain_mf,no_vegetation,grassland_meadow_steppe
19,12,58,plain_mf,no_vegetation,cropland
19,13,354,plain_mf,no_vegetation,grassland_meadow_steppe
19,14,3992,plain_mf,no_vegetation,forest
19,15,18128,plain_mf,no_vegetation,grassland_meadow_steppe
19,16,3593,plain_mf,no_vegetation,grassland_meadow_steppe
19,17,28,plain_mf,no_vegetation,alpine_vegetation
19,18,454,plain_mf,no_vegetation,scrub
19,19,533214,plain_mf,no_vegetation,no_vegetation
19,20,39589,plain_mf,no_vegetation,alpine_vegetation
19,21,25,plain_mf,no_vegetation,cropland
19,22,4099,plain_mf,no_vegetation,alpine_vegetation
19,23,35031,plain_mf,no_vegetation,desert
19,24,18676,plain_mf,no_vegetation,desert
19,25,851,plain_mf,no_vegetation,desert
19,26,19,plain_mf,no_vegetation,forest
19,27,770,plain_mf,no_vegetation,cropland
19,28,129,plain_mf,no_vegetation,forest
19,29,3394,plain_mf,no_vegetation,desert
19,30,11,plain_mf,no_vegetation,forest
19,31,6104,plain_mf,no_vegetation,grassland_meadow_steppe
19,32,2848,plain_mf,no_vegetation,desert
19,33,126,plain_mf,no_vegetation,cropland
19,34,27,plain_mf,no_vegetation,forest
19,35,119,plain_mf,no_vegetation,desert
19,36,25,plain_mf,no_vegetation,forest
19,37,54,plain_mf,no_vegetation,forest
19,38,13267,plain_mf,no_vegetation,desert
19,39,15,plain_mf,no_vegetation,forest
19,40,19,plain_mf,no_vegetation,grassland_meadow_steppe
19,41,21,plain_mf,no_vegetation,grassland_meadow_steppe
19,42,3069,plain_mf,no_vegetation,desert
19,43,515,plain_mf,no_vegetation,wetland
19,44,14,plain_mf,no_vegetation,scrub
19,45,1119,plain_mf,no_vegetation,scrub
19,46,604,plain_mf,no_vegetation,scrub
19,47,16,plain_mf,no_vegetation,cropland
19,48,23,plain_mf,no_vegetation,wetland
19,49,20,plain_mf,no_vegetation,forest
19,50,19,plain_mf,no_vegetation,scrub
19,52,10,plain_mf,no_vegetation,forest
19,53,23,plain_mf,no_vegetation,cropland
19,54,25,plain_mf,no_vegetation,wetland
19,55,18,plain_mf,no_vegetation,forest
20,1,307,plain_mf,alpine_vegetation,cropland
20,2,82,plain_mf,alpine_vegetation,forest
20,3,43,plain_mf,alpine_vegetation,forest
20,4,49,plain_mf,alpine_vegetation,wetland
20,5,244,plain_mf,alpine_vegetation,grassland_meadow_steppe
20,6,37,plain_mf,alpine_vegetation,wetland
20,7,39,plain_mf,alpine_vegetation,scrub
20,9,18,plain_mf,alpine_vegetation,forest
20,10,2680,plain_mf,alpine_vegetation,forest
20,11,37,plain_mf,alpine_vegetation,grassland_meadow_steppe
20,12,28,plain_mf,alpine_vegetation,cropland
20,13,541,plain_mf,alpine_vegetation,grassland_meadow_steppe
20,14,34,plain_mf,alpine_vegetation,forest
20,15,54,plain_mf,alpine_vegetation,grassland_meadow_steppe
20,16,53049,plain_mf,alpine_vegetation,grassland_meadow_steppe
20,17,488,plain_mf,alpine_vegetation,alpine_vegetation
20,18,2650,plain_mf,alpine_vegetation,scrub
20,19,437,plain_mf,alpine_vegetation,no_vegetation
20,20,222949,plain_mf,alpine_vegetation,alpine_vegetation
20,21,35,plain_mf,alpine_vegetation,cropland
20,22,11701,plain_mf,alpine_vegetation,alpine_vegetation
20,23,33,plain_mf,alpine_vegetation,desert
20,24,630,plain_mf,alpine_vegetation,desert
20,25,1170,plain_mf,alpine_vegetation,desert
20,26,23,plain_mf,alpine_vegetation,forest
20,27,14,plain_mf,alpine_vegetation,cropland
20,28,172,plain_mf,alpine_vegetation,forest
20,29,34,plain_mf,alpine_vegetation,desert
20,30,23,plain_mf,alpine_vegetation,forest
20,31,29653,plain_mf,alpine_vegetation,grassland_meadow_steppe
20,32,29,plain_mf,alpine_vegetation,desert
20,33,52,plain_mf,alpine_vegetation,cropland
20,34,156,plain_mf,alpine_vegetation,forest
20,35,36,plain_mf,alpine_vegetation,desert
20,36,44,plain_mf,alpine_vegetation,forest
20,37,32,plain_mf,alpine_vegetation,forest
20,38,44,plain_mf,alpine_vegetation,desert
20,39,201,plain_mf,alpine_vegetation,forest
20,40,42,plain_mf,alpine_vegetation,grassland_meadow_steppe
20,41,45,plain_mf,alpine_vegetation,grassland_meadow_steppe
20,42,35452,plain_mf,alpine_vegetation,desert
20,43,179,plain_mf,alpine_vegetation,wetland
20,44,89,plain_mf,alpine_vegetation,scrub
20,45,6484,plain_mf,alpine_vegetation,scrub
20,46,9559,plain_mf,alpine_vegetation,scrub
20,47,18,plain_mf,alpine_vegetation,cropland
20,48,44,plain_mf,alpine_vegetation,wetland
20,49,17,plain_mf,alpine_vegetation,forest
20,50,36,plain_mf,alpine_vegetation,scrub
20,52,31,plain_mf,alpine_vegetation,forest
20,53,36,plain_mf,alpine_vegetation,cropland
20,54,42,plain_mf,alpine_vegetation,wetland
20,55,43,plain_mf,alpine_vegetation,forest
21,1,177,plain_mf,cropland,cropland
21,2,89,plain_mf,cropland,forest
21,3,335,plain_mf,cropland,forest
21,4,137,plain_mf,cropland,wetland
21,5,702,plain_mf,cropland,grassland_meadow_steppe
21,6,91,plain_mf,cropland,wetland
21,7,233,plain_mf,cropland,scrub
21,9,144,plain_mf,cropland,forest
21,10,127,plain_mf,cropland,forest
21,11,17,plain_mf,cropland,grassland_meadow_steppe
21,12,25,plain_mf,cropland,cropland
21,13,26,plain_mf,cropland,grassland_meadow_steppe
21,14,25,plain_mf,cropland,forest
21,15,34,plain_mf,cropland,grassland_meadow_steppe
21,16,14,plain_mf,cropland,grassland_meadow_steppe
21,17,30,plain_mf,cropland,alpine_vegetation
21,18,28,plain_mf,cropland,scrub
21,19,23,plain_mf,cropland,no_vegetation
21,20,19,plain_mf,cropland,alpine_vegetation
21,21,385300,plain_mf,cropland,cropland
21,22,20,plain_mf,cropland,alpine_vegetation
21,23,26,plain_mf,cropland,desert
21,24,36,plain_mf,cropland,desert
21,25,24,plain_mf,cropland,desert
21,26,12733,plain_mf,cropland,forest
21,27,11,plain_mf,cropland,cropland
21,28,2746,plain_mf,cropland,forest
21,29,23,plain_mf,cropland,desert
21,30,60655,plain_mf,cropland,forest
21,31,20,plain_mf,cropland,grassland_meadow_steppe
21,32,20,plain_mf,cropland,desert
21,33,22,plain_mf,cropland,cropland
21,34,657,plain_mf,cropland,forest
21,35,20,plain_mf,cropland,desert
21,36,13105,plain_mf,cropland,forest
21,37,378,plain_mf,cropland,forest
21,38,31,plain_mf,cropland,desert
21,39,514,plain_mf,cropland,forest
21,40,40128,plain_mf,cropland,grassland_meadow_steppe
21,41,415,plain_mf,cropland,grassland_meadow_steppe
21,42,33,plain_mf,cropland,desert
21,43,31,plain_mf,cropland,wetland
21,44,34952,plain_mf,cropland,scrub
21,45,38,plain_mf,cropland,scrub
21,46,110,plain_mf,cropland,scrub
21,47,9052,plain_mf,cropland,cropland
21,48,6313,plain_mf,cropland,wetland
21,49,13646,plain_mf,cropland,forest
21,50,1181,plain_mf,cropland,scrub
21,52,2025,plain_mf,cropland,forest
21,53,10700,plain_mf,cropland,cropland
21,54,538,plain_mf,cropland,wetland
21,55,1431,plain_mf,cropland,forest
22,1,1,plain_mf,alpine_vegetation,cropland
22,2,31,plain_mf,alpine_vegetation,forest
22,3,418,plain_mf,alpine_vegetation,forest
22,4,16,plain_mf,alpine_vegetation,wetland
22,5,509,plain_mf,alpine_vegetation,grassland_meadow_steppe
22,6,29,plain_mf,alpine_vegetation,wetland
22,7,1,plain_mf,alpine_vegetation,scrub
22,9,1,plain_mf,alpine_vegetation,forest
22,10,1,plain_mf,alpine_vegetation,forest
22,12,391,plain_mf,alpine_vegetation,cropland
22,13,101,plain_mf,alpine_vegetation,grassland_meadow_steppe
22,16,3353,plain_mf,alpine_vegetation,grassland_meadow_steppe
22,17,40,plain_mf,alpine_vegetation,alpine_vegetation
22,18,103,plain_mf,alpine_vegetation,scrub
22,19,501,plain_mf,alpine_vegetation,no_vegetation
22,20,2084,plain_mf,alpine_vegetation,alpine_vegetation
22,22,30095,plain_mf,alpine_vegetation,alpine_vegetation
22,23,3,plain_mf,alpine_vegetation,desert
22,24,189,plain_mf,alpine_vegetation,desert
22,25,268,plain_mf,alpine_vegetation,desert
22,26,1,plain_mf,alpine_vegetation,forest
22,27,243,plain_mf,alpine_vegetation,cropland
22,28,4,plain_mf,alpine_vegetation,forest
22,29,1,plain_mf,alpine_vegetation,desert
22,31,1755,plain_mf,alpine_vegetation,grassland_meadow_steppe
22,32,33,plain_mf,alpine_vegetation,desert
22,34,1,plain_mf,alpine_vegetation,forest
22,38,1,plain_mf,alpine_vegetation,desert
22,39,1,plain_mf,alpine_vegetation,forest
22,41,2,plain_mf,alpine_vegetation,grassland_meadow_steppe
22,42,1729,plain_mf,alpine_vegetation,desert
22,43,8,plain_mf,alpine_vegetation,wetland
22,45,33,plain_mf,alpine_vegetation,scrub
22,46,2,plain_mf,alpine_vegetation,scrub
22,47,2,plain_mf,alpine_vegetation,cropland
22,48,1,plain_mf,alpine_vegetation,wetland
22,50,2,plain_mf,alpine_vegetation,scrub
22,54,1,plain_mf,alpine_vegetation,wetland
22,55,25,plain_mf,alpine_vegetation,forest
23,1,2,plain_mf,desert,cropland
23,2,2,plain_mf,desert,forest
23,4,97,plain_mf,desert,wetland
23,5,5,plain_mf,desert,grassland_meadow_steppe
23,6,49,plain_mf,desert,wetland
23,7,728,plain_mf,desert,scrub
23,9,1,plain_mf,desert,forest
23,11,1,plain_mf,desert,grassland_meadow_steppe
23,12,76,plain_mf,desert,cropland
23,13,1181,plain_mf,desert,grassland_meadow_steppe
23,14,6349,plain_mf,desert,forest
23,15,16759,plain_mf,desert,grassland_meadow_steppe
23,16,136,plain_mf,desert,grassland_meadow_steppe
23,17,16,plain_mf,desert,alpine_vegetation
23,18,1336,plain_mf,desert,scrub
23,19,20445,plain_mf,desert,no_vegetation
23,20,389,plain_mf,desert,alpine_vegetation
23,21,2,plain_mf,desert,cropland
23,22,115,plain_mf,desert,alpine_vegetation
23,23,193281,plain_mf,desert,desert
23,24,46484,plain_mf,desert,desert
23,25,1752,plain_mf,desert,desert
23,26,6,plain_mf,desert,forest
23,27,572,plain_mf,desert,cropland
23,28,242,plain_mf,desert,forest
23,29,12567,plain_mf,desert,desert
23,30,2,plain_mf,desert,forest
23,31,1302,plain_mf,desert,grassland_meadow_steppe
23,32,6850,plain_mf,desert,desert
23,33,1739,plain_mf,desert,cropland
23,34,2,plain_mf,desert,forest
23,35,10077,plain_mf,desert,desert
23,38,3535,plain_mf,desert,desert
23,39,3,plain_mf,desert,forest
23,40,58,plain_mf,desert,grassland_meadow_steppe
23,41,13,plain_mf,desert,grassland_meadow_steppe
23,42,531,plain_mf,desert,desert
23,43,45,plain_mf,desert,wetland
23,44,5,plain_mf,desert,scrub
23,45,14,plain_mf,desert,scrub
23,47,2,plain_mf,desert,cropland
23,48,2,plain_mf,desert,wetland
23,49,16,plain_mf,desert,forest
23,50,6,plain_mf,desert,scrub
23,52,4,plain_mf,desert,forest
23,53,1,plain_mf,desert,cropland
23,54,2,plain_mf,desert,wetland
23,55,4,plain_mf,desert,forest
24,1,67,plain_mf,desert,cropland
24,2,34,plain_mf,desert,forest
24,3,88,plain_mf,desert,forest
24,4,106,plain_mf,desert,wetland
24,5,557,plain_mf,desert,grassland_meadow_steppe
24,6,131,plain_mf,desert,wetland
24,7,886,plain_mf,desert,scrub
24,9,9,plain_mf,desert,forest
24,10,13,plain_mf,desert,forest
24,11,226,plain_mf,desert,grassland_meadow_steppe
24,12,1889,plain_mf,desert,cropland
24,13,10977,plain_mf,desert,grassland_meadow_steppe
24,14,1197,plain_mf,desert,forest
24,15,11370,plain_mf,desert,grassland_meadow_steppe
24,16,669,plain_mf,desert,grassland_meadow_steppe
24,17,4,plain_mf,desert,alpine_vegetation
24,18,1290,plain_mf,desert,scrub
24,19,12567,plain_mf,desert,no_vegetation
24,20,1768,plain_mf,desert,alpine_vegetation
24,21,4,plain_mf,desert,cropland
24,22,887,plain_mf,desert,alpine_vegetation
24,23,60712,plain_mf,desert,desert
24,24,543680,plain_mf,desert,desert
24,25,52396,plain_mf,desert,desert
24,26,10,plain_mf,desert,forest
24,27,2275,plain_mf,desert,cropland
24,28,10,plain_mf,desert,forest
24,29,46203,plain_mf,desert,desert
24,30,6,plain_mf,desert,forest
24,31,4655,plain_mf,desert,grassland_meadow_steppe
24,32,32585,plain_mf,desert,desert
24,33,12402,plain_mf,desert,cropland
24,34,5,plain_mf,desert,forest
24,35,27056,plain_mf,desert,desert
24,36,5,plain_mf,desert,forest
24,37,3,plain_mf,desert,forest
24,38,4972,plain_mf,desert,desert
24,39,6,plain_mf,desert,forest
24,40,3,plain_mf,desert,grassland_meadow_steppe
24,41,6,plain_mf,desert,grassland_meadow_steppe
24,42,12517,plain_mf,desert,desert
24,43,966,plain_mf,desert,wetland
24,44,9,plain_mf,desert,scrub
24,45,116,plain_mf,desert,scrub
24,46,6,plain_mf,desert,scrub
24,47,5,plain_mf,desert,cropland
24,48,7,plain_mf,desert,wetland
24,49,8,plain_mf,desert,forest
24,50,7,plain_mf,desert,scrub
24,52,7,plain_mf,desert,forest
24,53,9,plain_mf,desert,cropland
24,54,6,plain_mf,desert,wetland
24,55,5,plain_mf,desert,forest
25,1,597,plain_mf,desert,cropland
25,2,84,plain_mf,desert,forest
25,3,1,plain_mf,desert,forest
25,4,189,plain_mf,desert,wetland
25,5,1062,plain_mf,desert,grassland_meadow_steppe
25,6,8,plain_mf,desert,wetland
25,7,959,plain_mf,desert,scrub
25,9,4,plain_mf,desert,forest
25,10,5,plain_mf,desert,forest
25,11,923,plain_mf,desert,grassland_meadow_steppe
25,12,1268,plain_mf,desert,cropland
25,13,19533,plain_mf,desert,grassland_meadow_steppe
25,14,102,plain_mf,desert,forest
25,15,3363,plain_mf,desert,grassland_meadow_steppe
25,16,2695,plain_mf,desert,grassland_meadow_steppe
25,17,8,plain_mf,desert,alpine_vegetation
25,18,1172,plain_mf,desert,scrub
25,19,62,plain_mf,desert,no_vegetation
25,20,2443,plain_mf,desert,alpine_vegetation
25,21,3,plain_mf,desert,cropland
25,22,504,plain_mf,desert,alpine_vegetation
25,23,1634,plain_mf,desert,desert
25,24,15963,plain_mf,desert,desert
25,25,155197,plain_mf,desert,desert
25,26,3,plain_mf,desert,forest
25,27,435,plain_mf,desert,cropland
25,28,6,plain_mf,desert,forest
25,29,1653,plain_mf,desert,desert
25,30,5,plain_mf,desert,forest
25,31,8621,plain_mf,desert,grassland_meadow_steppe
25,32,6211,plain_mf,desert,desert
25,33,3714,plain_mf,desert,cropland
25,34,3,plain_mf,desert,forest
25,35,3032,plain_mf,desert,desert
25,36,3,plain_mf,desert,forest
25,37,27,plain_mf,desert,forest
25,38,3,plain_mf,desert,desert
25,39,11,plain_mf,desert,forest
25,40,3,plain_mf,desert,grassland_meadow_steppe
25,41,1,plain_mf,desert,grassland_meadow_steppe
25,42,5398,plain_mf,desert,desert
25,43,303,plain_mf,desert,wetland
25,44,4,plain_mf,desert,scrub
25,45,113,plain_mf,desert,scrub
25,46,5,plain_mf,desert,scrub
25,47,2,plain_mf,desert,cropland
25,48,3,plain_mf,desert,wetland
25,49,1,plain_mf,desert,forest
25,50,4,plain_mf,desert,scrub
25,52,5,plain_mf,desert,forest
25,53,2,plain_mf,desert,cropland
25,54,3,plain_mf,desert,wetland
25,55,4,plain_mf,desert,forest
26,1,16,plain_mf,forest,cropland
26,2,2,plain_mf,forest,forest
26,3,88,plain_mf,forest,forest
26,4,2,plain_mf,forest,wetland
26,5,260,plain_mf,forest,grassland_meadow_steppe
26,7,136,plain_mf,forest,scrub
26,10,664,plain_mf,forest,forest
26,12,9,plain_mf,forest,cropland
26,14,1,plain_mf,forest,forest
26,15,5,plain_mf,forest,grassland_meadow_steppe
26,19,1,plain_mf,forest,no_vegetation
26,21,1611,plain_mf,forest,cropland
26,22,1,plain_mf,forest,alpine_vegetation
26,23,86,plain_mf,forest,desert
26,24,2,plain_mf,forest,desert
26,26,23908,plain_mf,forest,forest
26,27,10,plain_mf,forest,cropland
26,28,325,plain_mf,forest,forest
26,30,5282,plain_mf,forest,forest
26,32,1,plain_mf,forest,desert
26,33,9,plain_mf,forest,cropland
26,34,1116,plain_mf,forest,forest
26,36,2277,plain_mf,forest,forest
26,38,4,plain_mf,forest,desert
26,39,396,plain_mf,forest,forest
26,40,757,plain_mf,forest,grassland_meadow_steppe
26,41,46,plain_mf,forest,grassland_meadow_steppe
26,43,1,plain_mf,forest,wetland
26,44,391,plain_mf,forest,scrub
26,46,118,plain_mf,forest,scrub
26,47,287,plain_mf,forest,cropland
26,48,9,plain_mf,forest,wetland
26,49,2381,plain_mf,forest,forest
26,50,13,plain_mf,forest,scrub
26,52,323,plain_mf,forest,forest
26,53,357,plain_mf,forest,cropland
26,55,1,plain_mf,forest,forest
27,1,43,plain_mf,cropland,cropland
27,2,1585,plain_mf,cropland,forest
27,3,34758,plain_mf,cropland,forest
27,4,3885,plain_mf,cropland,wetland
27,5,4726,plain_mf,cropland,grassland_meadow_steppe
27,6,4054,plain_mf,cropland,wetland
27,7,26759,plain_mf,cropland,scrub
27,9,712,plain_mf,cropland,forest
27,10,107,plain_mf,cropland,forest
27,11,14507,plain_mf,cropland,grassland_meadow_steppe
27,12,5680,plain_mf,cropland,cropland
27,13,3605,plain_mf,cropland,grassland_meadow_steppe
27,14,6621,plain_mf,cropland,forest
27,15,21123,plain_mf,cropland,grassland_meadow_steppe
27,16,44,plain_mf,cropland,grassland_meadow_steppe
27,17,30,plain_mf,cropland,alpine_vegetation
27,18,51,plain_mf,cropland,scrub
27,19,1749,plain_mf,cropland,no_vegetation
27,20,28,plain_mf,cropland,alpine_vegetation
27,21,54,plain_mf,cropland,cropland
27,22,27,plain_mf,cropland,alpine_vegetation
27,23,4377,plain_mf,cropland,desert
27,24,4287,plain_mf,cropland,desert
27,25,378,plain_mf,cropland,desert
27,26,379,plain_mf,cropland,forest
27,27,633979,plain_mf,cropland,cropland
27,28,5290,plain_mf,cropland,forest
27,29,43,plain_mf,cropland,desert
27,30,89,plain_mf,cropland,forest
27,31,43,plain_mf,cropland,grassland_meadow_steppe
27,32,2262,plain_mf,cropland,desert
27,33,16376,plain_mf,cropland,cropland
27,34,61,plain_mf,cropland,forest
27,35,55,plain_mf,cropland,desert
27,36,1752,plain_mf,cropland,forest
27,37,29172,plain_mf,cropland,forest
27,38,1796,plain_mf,cropland,desert
27,39,132,plain_mf,cropland,forest
27,40,269,plain_mf,cropland,grassland_meadow_steppe
27,41,17592,plain_mf,cropland,grassland_meadow_steppe
27,42,29,plain_mf,cropland,desert
27,43,30,plain_mf,cropland,wetland
27,44,494,plain_mf,cropland,scrub
27,45,31,plain_mf,cropland,scrub
27,46,194,plain_mf,cropland,scrub
27,47,9643,plain_mf,cropland,cropland
27,48,36,plain_mf,cropland,wetland
27,49,62,plain_mf,cropland,forest
27,50,28,plain_mf,cropland,scrub
27,52,26,plain_mf,cropland,forest
27,53,19,plain_mf,cropland,cropland
27,54,17,plain_mf,cropland,wetland
27,55,26,plain_mf,cropland,forest
28,1,653,plain_mf,forest,cropland
28,2,70,plain_mf,forest,forest
28,3,1177,plain_mf,forest,forest
28,5,234,plain_mf,forest,grassland_meadow_steppe
28,7,513,plain_mf,forest,scrub
28,10,1257,plain_mf,forest,forest
28,13,26,plain_mf,forest,grassland_meadow_steppe
28,15,68,plain_mf,forest,grassland_meadow_steppe
28,16,45,plain_mf,forest,grassland_meadow_steppe
28,18,741,plain_mf,forest,scrub
28,19,9,plain_mf,forest,no_vegetation
28,20,32,plain_mf,forest,alpine_vegetation
28,21,650,plain_mf,forest,cropland
28,23,108,plain_mf,forest,desert
28,24,23,plain_mf,forest,desert
28,25,23,plain_mf,forest,desert
28,26,798,plain_mf,forest,forest
28,27,1172,plain_mf,forest,cropland
28,28,22599,plain_mf,forest,forest
28,30,1694,plain_mf,forest,forest
28,31,7,plain_mf,forest,grassland_meadow_steppe
28,33,396,plain_mf,forest,cropland
28,34,217,plain_mf,forest,forest
28,36,2792,plain_mf,forest,forest
28,37,3,plain_mf,forest,forest
28,39,1196,plain_mf,forest,forest
28,40,960,plain_mf,forest,grassland_meadow_steppe
28,41,244,plain_mf,forest,grassland_meadow_steppe
28,44,3427,plain_mf,forest,scrub
28,45,195,plain_mf,forest,scrub
28,46,735,plain_mf,forest,scrub
28,47,2705,plain_mf,forest,cropland
28,49,409,plain_mf,forest,forest
28,50,515,plain_mf,forest,scrub
28,53,15,plain_mf,forest,cropland
28,55,334,plain_mf,forest,forest
29,2,2,plain_mf,desert,forest
29,3,4,plain_mf,desert,forest
29,4,4,plain_mf,desert,wetland
29,5,8,plain_mf,desert,grassland_meadow_steppe
29,6,1,plain_mf,desert,wetland
29,7,670,plain_mf,desert,scrub
29,9,6,plain_mf,desert,forest
29,10,1,plain_mf,desert,forest
29,12,52,plain_mf,desert,cropland
29,13,52,plain_mf,desert,grassland_meadow_steppe
29,14,7,plain_mf,desert,forest
29,15,3708,plain_mf,desert,grassland_meadow_steppe
29,16,3,plain_mf,desert,grassland_meadow_steppe
29,17,6,plain_mf,desert,alpine_vegetation
29,18,2,plain_mf,desert,scrub
29,19,1873,plain_mf,desert,no_vegetation
29,20,31,plain_mf,desert,alpine_vegetation
29,21,4,plain_mf,desert,cropland
29,22,7,plain_mf,desert,alpine_vegetation
29,23,6852,plain_mf,desert,desert
29,24,14875,plain_mf,desert,desert
29,25,682,plain_mf,desert,desert
29,26,2,plain_mf,desert,forest
29,27,20,plain_mf,desert,cropland
29,28,1,plain_mf,desert,forest
29,29,129592,plain_mf,desert,desert
29,30,3,plain_mf,desert,forest
29,31,7,plain_mf,desert,grassland_meadow_steppe
29,32,1458,plain_mf,desert,desert
29,33,1534,plain_mf,desert,cropland
29,34,1,plain_mf,desert,forest
29,35,1583,plain_mf,desert,desert
29,36,2,plain_mf,desert,forest
29,38,1224,plain_mf,desert,desert
29,39,4,plain_mf,desert,forest
29,40,15,plain_mf,desert,grassland_meadow_steppe
29,41,3,plain_mf,desert,grassland_meadow_steppe
29,42,2,plain_mf,desert,desert
29,43,2,plain_mf,desert,wetland
29,44,2,plain_mf,desert,scrub
29,45,4,plain_mf,desert,scrub
29,46,2,plain_mf,desert,scrub
29,47,2,plain_mf,desert,cropland
29,48,3,plain_mf,desert,wetland
29,49,8,plain_mf,desert,forest
29,50,5,plain_mf,desert,scrub
29,52,4,plain_mf,desert,forest
29,53,1,plain_mf,desert,cropland
29,54,3,plain_mf,desert,wetland
29,55,1,plain_mf,desert,forest
30,1,215,plain_mf,forest,cropland
30,2,6,plain_mf,forest,forest
30,3,5704,plain_mf,forest,forest
30,4,150,plain_mf,forest,wetland
30,5,3017,plain_mf,forest,grassland_meadow_steppe
30,6,5,plain_mf,forest,wetland
30,7,2392,plain_mf,forest,scrub
30,9,6,plain_mf,forest,forest
30,10,3771,plain_mf,forest,forest
30,11,29,plain_mf,forest,grassland_meadow_steppe
30,12,5,plain_mf,forest,cropland
30,13,6,plain_mf,forest,grassland_meadow_steppe
30,14,5,plain_mf,forest,forest
30,15,9,plain_mf,forest,grassland_meadow_steppe
30,16,8,plain_mf,forest,grassland_meadow_steppe
30,17,7,plain_mf,forest,alpine_vegetation
30,18,48,plain_mf,forest,scrub
30,19,11,plain_mf,forest,no_vegetation
30,20,11,plain_mf,forest,alpine_vegetation
30,21,55329,plain_mf,forest,cropland
30,22,9,plain_mf,forest,alpine_vegetation
30,23,6,plain_mf,forest,desert
30,24,11,plain_mf,forest,desert
30,25,8,plain_mf,forest,desert
30,26,33523,plain_mf,forest,forest
30,27,548,plain_mf,forest,cropland
30,28,10316,plain_mf,forest,forest
30,29,5,plain_mf,forest,desert
30,30,248711,plain_mf,forest,forest
30,31,7,plain_mf,forest,grassland_meadow_steppe
30,32,8,plain_mf,forest,desert
30,33,463,plain_mf,forest,cropland
30,34,1520,plain_mf,forest,forest
30,35,5,plain_mf,forest,desert
30,36,20599,plain_mf,forest,forest
30,37,386,plain_mf,forest,forest
30,38,9,plain_mf,forest,desert
30,39,8161,plain_mf,forest,forest
30,40,49541,plain_mf,forest,grassland_meadow_steppe
30,41,1957,plain_mf,forest,grassland_meadow_steppe
30,42,13,plain_mf,forest,desert
30,43,9,plain_mf,forest,wetland
30,44,48424,plain_mf,forest,scrub
30,45,298,plain_mf,forest,scrub
30,46,2604,plain_mf,forest,scrub
30,47,42781,plain_mf,forest,cropland
30,48,690,plain_mf,forest,wetland
30,49,28666,plain_mf,forest,forest
30,50,2020,plain_mf,forest,scrub
30,52,175,plain_mf,forest,forest
30,53,2833,plain_mf,forest,cropland
30,54,924,plain_mf,forest,wetland
30,55,593,plain_mf,forest,forest
31,1,4430,plain_mf,grassland_meadow_steppe,cropland
31,2,103,plain_mf,grassland_meadow_steppe,forest
31,3,15,plain_mf,grassland_meadow_steppe,forest
31,4,31,plain_mf,grassland_meadow_steppe,wetland
31,5,28,plain_mf,grassland_meadow_steppe,grassland_meadow_steppe
31,6,306,plain_mf,grassland_meadow_steppe,wetland
31,7,1080,plain_mf,grassland_meadow_steppe,scrub
31,10,61,plain_mf,grassland_meadow_steppe,forest
31,11,17,plain_mf,grassland_meadow_steppe,grassland_meadow_steppe
31,12,2,plain_mf,grassland_meadow_steppe,cropland
31,13,9141,plain_mf,grassland_meadow_steppe,grassland_meadow_steppe
31,14,49,plain_mf,grassland_meadow_steppe,forest
31,15,259,plain_mf,grassland_meadow_steppe,grassland_meadow_steppe
31,16,49123,plain_mf,grassland_meadow_steppe,grassland_meadow_steppe
31,18,10313,plain_mf,grassland_meadow_steppe,scrub
31,19,1708,plain_mf,grassland_meadow_steppe,no_vegetation
31,20,44821,plain_mf,grassland_meadow_steppe,alpine_vegetation
31,21,2,plain_mf,grassland_meadow_steppe,cropland
31,22,22481,plain_mf,grassland_meadow_steppe,alpine_vegetation
31,23,361,plain_mf,grassland_meadow_steppe,desert
31,24,4081,plain_mf,grassland_meadow_steppe,desert
31,25,24415,plain_mf,grassland_meadow_steppe,desert
31,27,13,plain_mf,grassland_meadow_steppe,cropland
31,28,1,plain_mf,grassland_meadow_steppe,forest
31,29,23,plain_mf,grassland_meadow_steppe,desert
31,30,14,plain_mf,grassland_meadow_steppe,forest
31,31,593407,plain_mf,grassland_meadow_steppe,grassland_meadow_steppe
31,32,1265,plain_mf,grassland_meadow_steppe,desert
31,33,2022,plain_mf,grassland_meadow_steppe,cropland
31,34,2,plain_mf,grassland_meadow_steppe,forest
31,35,163,plain_mf,grassland_meadow_steppe,desert
31,36,50,plain_mf,grassland_meadow_steppe,forest
31,37,2,plain_mf,grassland_meadow_steppe,forest
31,38,1,plain_mf,grassland_meadow_steppe,desert
31,39,438,plain_mf,grassland_meadow_steppe,forest
31,40,2,plain_mf,grassland_meadow_steppe,grassland_meadow_steppe
31,41,1,plain_mf,grassland_meadow_steppe,grassland_meadow_steppe
31,42,64876,plain_mf,grassland_meadow_steppe,desert
31,43,878,plain_mf,grassland_meadow_steppe,wetland
31,44,7,plain_mf,grassland_meadow_steppe,scrub
31,45,4907,plain_mf,grassland_meadow_steppe,scrub
31,46,90,plain_mf,grassland_meadow_steppe,scrub
31,47,2,plain_mf,grassland_meadow_steppe,cropland
31,48,6,plain_mf,grassland_meadow_steppe,wetland
31,49,1,plain_mf,grassland_meadow_steppe,forest
31,50,379,plain_mf,grassland_meadow_steppe,scrub
31,52,1,plain_mf,grassland_meadow_steppe,forest
32,6,1,plain_mf,desert,wetland
32,7,920,plain_mf,desert,scrub
32,12,6,plain_mf,desert,cropland
32,13,1609,plain_mf,desert,grassland_meadow_steppe
32,14,266,plain_mf,desert,forest
32,15,1555,plain_mf,desert,grassland_meadow_steppe
32,16,21,plain_mf,desert,grassland_meadow_steppe
32,18,106,plain_mf,desert,scrub
32,19,558,plain_mf,desert,no_vegetation
32,20,95,plain_mf,desert,alpine_vegetation
32,22,1,plain_mf,desert,alpine_vegetation
32,23,2508,plain_mf,desert,desert
32,24,5205,plain_mf,desert,desert
32,25,2933,plain_mf,desert,desert
32,27,126,plain_mf,desert,cropland
32,29,815,plain_mf,desert,desert
32,31,308,plain_mf,desert,grassland_meadow_steppe
32,32,40044,plain_mf,desert,desert
32,33,2115,plain_mf,desert,cropland
32,35,644,plain_mf,desert,desert
32,38,212,plain_mf,desert,desert
32,42,436,plain_mf,desert,desert
33,1,1376,plain_mf,cropland,cropland
33,2,209,plain_mf,cropland,forest
33,3,6198,plain_mf,cropland,forest
33,4,2,plain_mf,cropland,wetland
33,5,2517,plain_mf,cropland,grassland_meadow_steppe
33,7,23462,plain_mf,cropland,scrub
33,10,407,plain_mf,cropland,forest
33,11,3002,plain_mf,cropland,grassland_meadow_steppe
33,12,2755,plain_mf,cropland,cropland
33,13,23018,plain_mf,cropland,grassland_meadow_steppe
33,14,641,plain_mf,cropland,forest
33,15,4387,plain_mf,cropland,grassland_meadow_steppe
33,16,392,plain_mf,cropland,grassland_meadow_steppe
33,18,703,plain_mf,cropland,scrub
33,19,25,plain_mf,cropland,no_vegetation
33,20,395,plain_mf,cropland,alpine_vegetation
33,21,1,plain_mf,cropland,cropland
33,23,3236,plain_mf,cropland,desert
33,24,9561,plain_mf,cropland,desert
33,25,6270,plain_mf,cropland,desert
33,26,39,plain_mf,cropland,forest
33,27,3626,plain_mf,cropland,cropland
33,28,470,plain_mf,cropland,forest
33,29,2828,plain_mf,cropland,desert
33,30,30,plain_mf,cropland,forest
33,31,63,plain_mf,cropland,grassland_meadow_steppe
33,32,4555,plain_mf,cropland,desert
33,33,257147,plain_mf,cropland,cropland
33,34,19,plain_mf,cropland,forest
33,35,862,plain_mf,cropland,desert
33,36,136,plain_mf,cropland,forest
33,37,3000,plain_mf,cropland,forest
33,39,41,plain_mf,cropland,forest
33,40,104,plain_mf,cropland,grassland_meadow_steppe
33,41,26052,plain_mf,cropland,grassland_meadow_steppe
33,44,1276,plain_mf,cropland,scrub
33,45,615,plain_mf,cropland,scrub
33,46,43,plain_mf,cropland,scrub
33,47,206,plain_mf,cropland,cropland
33,49,41,plain_mf,cropland,forest
33,52,41,plain_mf,cropland,forest
34,1,1,plain_mf,forest,cropland
34,2,1,plain_mf,forest,forest
34,3,47,plain_mf,forest,forest
34,7,7,plain_mf,forest,scrub
34,10,390,plain_mf,forest,forest
34,11,2,plain_mf,forest,grassland_meadow_steppe
34,12,1,plain_mf,forest,cropland
34,14,3,plain_mf,forest,forest
34,15,2,plain_mf,forest,grassland_meadow_steppe
34,16,1,plain_mf,forest,grassland_meadow_steppe
34,17,2,plain_mf,forest,alpine_vegetation
34,18,5,plain_mf,forest,scrub
34,19,3,plain_mf,forest,no_vegetation
34,20,1,plain_mf,forest,alpine_vegetation
34,22,2,plain_mf,forest,alpine_vegetation
34,23,2,plain_mf,forest,desert
34,24,1,plain_mf,forest,desert
34,25,2,plain_mf,forest,desert
34,26,23,plain_mf,forest,forest
34,27,23,plain_mf,forest,cropland
34,28,5,plain_mf,forest,forest
34,29,1,plain_mf,forest,desert
34,30,17,plain_mf,forest,forest
34,31,1,plain_mf,forest,grassland_meadow_steppe
34,32,1,plain_mf,forest,desert
34,33,4,plain_mf,forest,cropland
34,34,3959,plain_mf,forest,forest
34,35,2,plain_mf,forest,desert
34,36,97,plain_mf,forest,forest
34,37,1,plain_mf,forest,forest
34,38,2,plain_mf,forest,desert
34,39,259,plain_mf,forest,forest
34,40,24,plain_mf,forest,grassland_meadow_steppe
34,41,1,plain_mf,forest,grassland_meadow_steppe
34,42,1,plain_mf,forest,desert
34,44,5,plain_mf,forest,scrub
34,46,99,plain_mf,forest,scrub
34,47,1,plain_mf,forest,cropland
34,49,137,plain_mf,forest,forest
34,50,21,plain_mf,forest,scrub
34,53,1,plain_mf,forest,cropland
34,55,1,plain_mf,forest,forest
35,13,144,plain_mf,desert,grassland_meadow_steppe
35,14,68,plain_mf,desert,forest
35,15,45,plain_mf,desert,grassland_meadow_steppe
35,16,33,plain_mf,desert,grassland_meadow_steppe
35,18,4,plain_mf,desert,scrub
35,19,30,plain_mf,desert,no_vegetation
35,23,646,plain_mf,desert,desert
35,24,2202,plain_mf,desert,desert
35,25,723,plain_mf,desert,desert
35,27,4,plain_mf,desert,cropland
35,29,495,plain_mf,desert,desert
35,32,268,plain_mf,desert,desert
35,33,261,plain_mf,desert,cropland
35,35,27932,plain_mf,desert,desert
35,38,9,plain_mf,desert,desert
36,3,223,plain_mf,forest,forest
36,5,11,plain_mf,forest,grassland_meadow_steppe
36,7,72,plain_mf,forest,scrub
36,9,23,plain_mf,forest,forest
36,10,329,plain_mf,forest,forest
36,12,56,plain_mf,forest,cropland
36,13,12,plain_mf,forest,grassland_meadow_steppe
36,18,7,plain_mf,forest,scrub
36,21,313,plain_mf,forest,cropland
36,25,1,plain_mf,forest,desert
36,26,514,plain_mf,forest,forest
36,28,1062,plain_mf,forest,forest
36,30,901,plain_mf,forest,forest
36,33,17,plain_mf,forest,cropland
36,34,359,plain_mf,forest,forest
36,36,16192,plain_mf,forest,forest
36,39,170,plain_mf,forest,forest
36,40,339,plain_mf,forest,grassland_meadow_steppe
36,41,161,plain_mf,forest,grassland_meadow_steppe
36,44,1016,plain_mf,forest,scrub
36,46,114,plain_mf,forest,scrub
36,47,320,plain_mf,forest,cropland
36,48,11,plain_mf,forest,wetland
36,49,239,plain_mf,forest,forest
36,50,37,plain_mf,forest,scrub
36,53,46,plain_mf,forest,cropland
36,55,30,plain_mf,forest,forest
37,1,263,plain_mf,forest,cropland
37,2,95,plain_mf,forest,forest
37,3,11881,plain_mf,forest,forest
37,4,8,plain_mf,forest,wetland
37,5,419,plain_mf,forest,grassland_meadow_steppe
37,6,165,plain_mf,forest,wetland
37,7,7219,plain_mf,forest,scrub
37,9,101,plain_mf,forest,forest
37,10,701,plain_mf,forest,forest
37,11,304,plain_mf,forest,grassland_meadow_steppe
37,12,367,plain_mf,forest,cropland
37,13,1567,plain_mf,forest,grassland_meadow_steppe
37,14,561,plain_mf,forest,forest
37,15,67,plain_mf,forest,grassland_meadow_steppe
37,16,10,plain_mf,forest,grassland_meadow_steppe
37,17,6,plain_mf,forest,alpine_vegetation
37,18,201,plain_mf,forest,scrub
37,19,4,plain_mf,forest,no_vegetation
37,20,3,plain_mf,forest,alpine_vegetation
37,21,823,plain_mf,forest,cropland
37,22,3,plain_mf,forest,alpine_vegetation
37,23,1,plain_mf,forest,desert
37,24,3,plain_mf,forest,desert
37,25,523,plain_mf,forest,desert
37,26,48,plain_mf,forest,forest
37,27,11397,plain_mf,forest,cropland
37,28,241,plain_mf,forest,forest
37,29,9,plain_mf,forest,desert
37,30,611,plain_mf,forest,forest
37,31,6,plain_mf,forest,grassland_meadow_steppe
37,32,5,plain_mf,forest,desert
37,33,4469,plain_mf,forest,cropland
37,34,111,plain_mf,forest,forest
37,35,2,plain_mf,forest,desert
37,36,24,plain_mf,forest,forest
37,37,140436,plain_mf,forest,forest
37,38,8,plain_mf,forest,desert
37,39,328,plain_mf,forest,forest
37,40,46,plain_mf,forest,grassland_meadow_steppe
37,41,8067,plain_mf,forest,grassland_meadow_steppe
37,42,15,plain_mf,forest,desert
37,43,5,plain_mf,forest,wetland
37,44,38,plain_mf,forest,scrub
37,45,7,plain_mf,forest,scrub
37,46,139,plain_mf,forest,scrub
37,47,568,plain_mf,forest,cropland
37,48,1,plain_mf,forest,wetland
37,49,19,plain_mf,forest,forest
37,50,5,plain_mf,forest,scrub
37,52,2,plain_mf,forest,forest
37,53,2,plain_mf,forest,cropland
37,55,2,plain_mf,forest,forest
38,13,42,plain_mf,desert,grassland_meadow_steppe
38,15,209,plain_mf,desert,grassland_meadow_steppe
38,19,485,plain_mf,desert,no_vegetation
38,23,640,plain_mf,desert,desert
38,24,331,plain_mf,desert,desert
38,25,33,plain_mf,desert,desert
38,27,414,plain_mf,desert,cropland
38,29,70,plain_mf,desert,desert
38,32,45,plain_mf,desert,desert
38,38,27762,plain_mf,desert,desert
38,41,1,plain_mf,desert,grassland_meadow_steppe
39,1,43,plain_mf,forest,cropland
39,5,56,plain_mf,forest,grassland_meadow_steppe
39,7,28,plain_mf,forest,scrub
39,10,3949,plain_mf,forest,forest
39,13,2,plain_mf,forest,grassland_meadow_steppe
39,16,88,plain_mf,forest,grassland_meadow_steppe
39,18,222,plain_mf,forest,scrub
39,20,5,plain_mf,forest,alpine_vegetation
39,23,80,plain_mf,forest,desert
39,24,2,plain_mf,forest,desert
39,26,7,plain_mf,forest,forest
39,28,20,plain_mf,forest,forest
39,30,291,plain_mf,forest,forest
39,34,631,plain_mf,forest,forest
39,36,70,plain_mf,forest,forest
39,39,13279,plain_mf,forest,forest
39,40,71,plain_mf,forest,grassland_meadow_steppe
39,44,61,plain_mf,forest,scrub
39,45,77,plain_mf,forest,scrub
39,46,2685,plain_mf,forest,scrub
39,47,70,plain_mf,forest,cropland
39,49,60,plain_mf,forest,forest
39,50,146,plain_mf,forest,scrub
40,1,162,plain_mf,grassland_meadow_steppe,cropland
40,2,7,plain_mf,grassland_meadow_steppe,forest
40,3,886,plain_mf,grassland_meadow_steppe,forest
40,4,23,plain_mf,grassland_meadow_steppe,wetland
40,5,2242,plain_mf,grassland_meadow_steppe,grassland_meadow_steppe
40,6,7,plain_mf,grassland_meadow_steppe,wetland
40,7,1346,plain_mf,grassland_meadow_steppe,scrub
40,9,9,plain_mf,grassland_meadow_steppe,forest
40,10,3492,plain_mf,grassland_meadow_steppe,forest
40,11,8,plain_mf,grassland_meadow_steppe,grassland_meadow_steppe
40,12,7,plain_mf,grassland_meadow_steppe,cropland
40,13,10,plain_mf,grassland_meadow_steppe,grassland_meadow_steppe
40,14,9,plain_mf,grassland_meadow_steppe,forest
40,15,13,plain_mf,grassland_meadow_steppe,grassland_meadow_steppe
40,16,3,plain_mf,grassland_meadow_steppe,grassland_meadow_steppe
40,17,9,plain_mf,grassland_meadow_steppe,alpine_vegetation
40,18,12,plain_mf,grassland_meadow_steppe,scrub
40,19,8,plain_mf,grassland_meadow_steppe,no_vegetation
40,20,22,plain_mf,grassland_meadow_steppe,alpine_vegetation
40,21,27419,plain_mf,grassland_meadow_steppe,cropland
40,22,7,plain_mf,grassland_meadow_steppe,alpine_vegetation
40,23,7,plain_mf,grassland_meadow_steppe,desert
40,24,9,plain_mf,grassland_meadow_steppe,desert
40,25,35,plain_mf,grassland_meadow_steppe,desert
40,26,7994,plain_mf,grassland_meadow_steppe,forest
40,27,74,plain_mf,grassland_meadow_steppe,cropland
40,28,6877,plain_mf,grassland_meadow_steppe,forest
40,29,10,plain_mf,grassland_meadow_steppe,desert
40,30,33622,plain_mf,grassland_meadow_steppe,forest
40,31,110,plain_mf,grassland_meadow_steppe,grassland_meadow_steppe
40,32,12,plain_mf,grassland_meadow_steppe,desert
40,33,35,plain_mf,grassland_meadow_steppe,cropland
40,34,893,plain_mf,grassland_meadow_steppe,forest
40,35,7,plain_mf,grassland_meadow_steppe,desert
40,36,15392,plain_mf,grassland_meadow_steppe,forest
40,37,15,plain_mf,grassland_meadow_steppe,forest
40,38,3,plain_mf,grassland_meadow_steppe,desert
40,39,2509,plain_mf,grassland_meadow_steppe,forest
40,40,128131,plain_mf,grassland_meadow_steppe,grassland_meadow_steppe
40,41,1042,plain_mf,grassland_meadow_steppe,grassland_meadow_steppe
40,42,11,plain_mf,grassland_meadow_steppe,desert
40,43,8,plain_mf,grassland_meadow_steppe,wetland
40,44,30725,plain_mf,grassland_meadow_steppe,scrub
40,45,143,plain_mf,grassland_meadow_steppe,scrub
40,46,2679,plain_mf,grassland_meadow_steppe,scrub
40,47,30045,plain_mf,grassland_meadow_steppe,cropland
40,48,484,plain_mf,grassland_meadow_steppe,wetland
40,49,26250,plain_mf,grassland_meadow_steppe,forest
40,50,1559,plain_mf,grassland_meadow_steppe,scrub
40,52,4116,plain_mf,grassland_meadow_steppe,forest
40,53,7205,plain_mf,grassland_meadow_steppe,cropland
40,54,1207,plain_mf,grassland_meadow_steppe,wetland
40,55,2751,plain_mf,grassland_meadow_steppe,forest
41,1,1,plain_mf,grassland_meadow_steppe,cropland
41,2,28,plain_mf,grassland_meadow_steppe,forest
41,3,3480,plain_mf,grassland_meadow_steppe,forest
41,4,1,plain_mf,grassland_meadow_steppe,wetland
41,5,153,plain_mf,grassland_meadow_steppe,grassland_meadow_steppe
41,6,18,plain_mf,grassland_meadow_steppe,wetland
41,7,9212,plain_mf,grassland_meadow_steppe,scrub
41,10,122,plain_mf,grassland_meadow_steppe,forest
41,11,5,plain_mf,grassland_meadow_steppe,grassland_meadow_steppe
41,12,298,plain_mf,grassland_meadow_steppe,cropland
41,13,527,plain_mf,grassland_meadow_steppe,grassland_meadow_steppe
41,15,32,plain_mf,grassland_meadow_steppe,grassland_meadow_steppe
41,17,1,plain_mf,grassland_meadow_steppe,alpine_vegetation
41,18,21,plain_mf,grassland_meadow_steppe,scrub
41,19,1,plain_mf,grassland_meadow_steppe,no_vegetation
41,21,379,plain_mf,grassland_meadow_steppe,cropland
41,25,1,plain_mf,grassland_meadow_steppe,desert
41,26,477,plain_mf,grassland_meadow_steppe,forest
41,27,3612,plain_mf,grassland_meadow_steppe,cropland
41,28,1585,plain_mf,grassland_meadow_steppe,forest
41,29,1,plain_mf,grassland_meadow_steppe,desert
41,30,1947,plain_mf,grassland_meadow_steppe,forest
41,31,2,plain_mf,grassland_meadow_steppe,grassland_meadow_steppe
41,32,3,plain_mf,grassland_meadow_steppe,desert
41,33,11543,plain_mf,grassland_meadow_steppe,cropland
41,34,9,plain_mf,grassland_meadow_steppe,forest
41,36,2066,plain_mf,grassland_meadow_steppe,forest
41,37,5403,plain_mf,grassland_meadow_steppe,forest
41,38,1,plain_mf,grassland_meadow_steppe,desert
41,40,208,plain_mf,grassland_meadow_steppe,grassland_meadow_steppe
41,41,48040,plain_mf,grassland_meadow_steppe,grassland_meadow_steppe
41,43,1,plain_mf,grassland_meadow_steppe,wetland
41,44,219,plain_mf,grassland_meadow_steppe,scrub
41,45,3,plain_mf,grassland_meadow_steppe,scrub
41,46,20,plain_mf,grassland_meadow_steppe,scrub
41,47,1748,plain_mf,grassland_meadow_steppe,cropland
41,49,72,plain_mf,grassland_meadow_steppe,forest
41,53,2,plain_mf,grassland_meadow_steppe,cropland
41,55,1,plain_mf,grassland_meadow_steppe,forest
42,1,3,plain_mf,desert,cropland
42,2,2,plain_mf,desert,forest
42,3,1,plain_mf,desert,forest
42,4,5,plain_mf,desert,wetland
42,5,2,plain_mf,desert,grassland_meadow_steppe
42,7,89,plain_mf,desert,scrub
42,10,1,plain_mf,desert,forest
42,11,1,plain_mf,desert,grassland_meadow_steppe
42,12,2,plain_mf,desert,cropland
42,13,432,plain_mf,desert,grassland_meadow_steppe
42,14,1,plain_mf,desert,forest
42,15,8,plain_mf,desert,grassland_meadow_steppe
42,16,389,plain_mf,desert,grassland_meadow_steppe
42,18,41,plain_mf,desert,scrub
42,19,654,plain_mf,desert,no_vegetation
42,20,11581,plain_mf,desert,alpine_vegetation
42,21,5,plain_mf,desert,cropland
42,22,1264,plain_mf,desert,alpine_vegetation
42,23,36,plain_mf,desert,desert
42,24,1601,plain_mf,desert,desert
42,25,1580,plain_mf,desert,desert
42,26,2,plain_mf,desert,forest
42,30,1,plain_mf,desert,forest
42,31,15215,plain_mf,desert,grassland_meadow_steppe
42,32,163,plain_mf,desert,desert
42,33,34,plain_mf,desert,cropland
42,34,1,plain_mf,desert,forest
42,35,1,plain_mf,desert,desert
42,36,2,plain_mf,desert,forest
42,37,1,plain_mf,desert,forest
42,38,2,plain_mf,desert,desert
42,39,1,plain_mf,desert,forest
42,40,1,plain_mf,desert,grassland_meadow_steppe
42,41,4,plain_mf,desert,grassland_meadow_steppe
42,42,120290,plain_mf,desert,desert
42,43,1581,plain_mf,desert,wetland
42,44,1,plain_mf,desert,scrub
42,45,1,plain_mf,desert,scrub
42,47,2,plain_mf,desert,cropland
42,48,1,plain_mf,desert,wetland
42,49,5,plain_mf,desert,forest
42,50,1,plain_mf,desert,scrub
42,52,3,plain_mf,desert,forest
42,53,1,plain_mf,desert,cropland
42,54,5,plain_mf,desert,wetland
42,55,2,plain_mf,desert,forest
43,10,5,plain_mf,wetland,forest
43,16,331,plain_mf,wetland,grassland_meadow_steppe
43,18,17,plain_mf,wetland,scrub
43,19,8,plain_mf,wetland,no_vegetation
43,20,42,plain_mf,wetland,alpine_vegetation
43,24,42,plain_mf,wetland,desert
43,25,47,plain_mf,wetland,desert
43,31,5,plain_mf,wetland,grassland_meadow_steppe
43,39,5,plain_mf,wetland,forest
43,42,161,plain_mf,wetland,desert
43,43,4901,plain_mf,wetland,wetland
43,46,128,plain_mf,wetland,scrub
44,1,608,plain_mf,scrub,cropland
44,2,36,plain_mf,scrub,forest
44,3,2617,plain_mf,scrub,forest
44,4,27,plain_mf,scrub,wetland
44,5,2256,plain_mf,scrub,grassland_meadow_steppe
44,6,18,plain_mf,scrub,wetland
44,7,2708,plain_mf,scrub,scrub
44,9,18,plain_mf,scrub,forest
44,10,2243,plain_mf,scrub,forest
44,11,12,plain_mf,scrub,grassland_meadow_steppe
44,12,12,plain_mf,scrub,cropland
44,13,498,plain_mf,scrub,grassland_meadow_steppe
44,14,19,plain_mf,scrub,forest
44,15,22,plain_mf,scrub,grassland_meadow_steppe
44,16,148,plain_mf,scrub,grassland_meadow_steppe
44,17,14,plain_mf,scrub,alpine_vegetation
44,18,1019,plain_mf,scrub,scrub
44,19,41,plain_mf,scrub,no_vegetation
44,20,67,plain_mf,scrub,alpine_vegetation
44,21,31966,plain_mf,scrub,cropland
44,22,20,plain_mf,scrub,alpine_vegetation
44,23,16,plain_mf,scrub,desert
44,24,33,plain_mf,scrub,desert
44,25,11,plain_mf,scrub,desert
44,26,13842,plain_mf,scrub,forest
44,27,116,plain_mf,scrub,cropland
44,28,24060,plain_mf,scrub,forest
44,29,10,plain_mf,scrub,desert
44,30,66781,plain_mf,scrub,forest
44,31,40,plain_mf,scrub,grassland_meadow_steppe
44,32,14,plain_mf,scrub,desert
44,33,2056,plain_mf,scrub,cropland
44,34,1046,plain_mf,scrub,forest
44,35,19,plain_mf,scrub,desert
44,36,36180,plain_mf,scrub,forest
44,37,64,plain_mf,scrub,forest
44,38,12,plain_mf,scrub,desert
44,39,6757,plain_mf,scrub,forest
44,40,53873,plain_mf,scrub,grassland_meadow_steppe
44,41,1342,plain_mf,scrub,grassland_meadow_steppe
44,42,13,plain_mf,scrub,desert
44,43,9,plain_mf,scrub,wetland
44,44,195271,plain_mf,scrub,scrub
44,45,1249,plain_mf,scrub,scrub
44,46,1560,plain_mf,scrub,scrub
44,47,41881,plain_mf,scrub,cropland
44,48,63,plain_mf,scrub,wetland
44,49,27291,plain_mf,scrub,forest
44,50,4735,plain_mf,scrub,scrub
44,52,4775,plain_mf,scrub,forest
44,53,22317,plain_mf,scrub,cropland
44,54,8589,plain_mf,scrub,wetland
44,55,7797,plain_mf,scrub,forest
45,1,128,plain_mf,scrub,cropland
45,3,1,plain_mf,scrub,forest
45,4,2,plain_mf,scrub,wetland
45,5,115,plain_mf,scrub,grassland_meadow_steppe
45,6,2,plain_mf,scrub,wetland
45,7,1,plain_mf,scrub,scrub
45,10,159,plain_mf,scrub,forest
45,11,2,plain_mf,scrub,grassland_meadow_steppe
45,13,144,plain_mf,scrub,grassland_meadow_steppe
45,14,1,plain_mf,scrub,forest
45,16,979,plain_mf,scrub,grassland_meadow_steppe
45,18,81,plain_mf,scrub,scrub
45,20,289,plain_mf,scrub,alpine_vegetation
45,21,2,plain_mf,scrub,cropland
45,22,1,plain_mf,scrub,alpine_vegetation
45,24,340,plain_mf,scrub,desert
45,25,42,plain_mf,scrub,desert
45,26,1,plain_mf,scrub,forest
45,27,1,plain_mf,scrub,cropland
45,28,13,plain_mf,scrub,forest
45,29,103,plain_mf,scrub,desert
45,30,102,plain_mf,scrub,forest
45,31,143,plain_mf,scrub,grassland_meadow_steppe
45,33,6,plain_mf,scrub,cropland
45,34,63,plain_mf,scrub,forest
45,35,1,plain_mf,scrub,desert
45,37,1,plain_mf,scrub,forest
45,38,1,plain_mf,scrub,desert
45,39,602,plain_mf,scrub,forest
45,40,40,plain_mf,scrub,grassland_meadow_steppe
45,41,1,plain_mf,scrub,grassland_meadow_steppe
45,42,4,plain_mf,scrub,desert
45,44,64,plain_mf,scrub,scrub
45,45,11734,plain_mf,scrub,scrub
45,46,1188,plain_mf,scrub,scrub
45,47,12,plain_mf,scrub,cropland
45,48,1,plain_mf,scrub,wetland
45,49,29,plain_mf,scrub,forest
45,50,3,plain_mf,scrub,scrub
45,53,1,plain_mf,scrub,cropland
45,55,2,plain_mf,scrub,forest
46,1,636,plain_mf,scrub,cropland
46,2,56,plain_mf,scrub,forest
46,3,100,plain_mf,scrub,forest
46,4,6,plain_mf,scrub,wetland
46,5,232,plain_mf,scrub,grassland_meadow_steppe
46,6,3,plain_mf,scrub,wetland
46,7,171,plain_mf,scrub,scrub
46,9,3,plain_mf,scrub,forest
46,10,23372,plain_mf,scrub,forest
46,11,9,plain_mf,scrub,grassland_meadow_steppe
46,12,8,plain_mf,scrub,cropland
46,13,238,plain_mf,scrub,grassland_meadow_steppe
46,14,6,plain_mf,scrub,forest
46,15,2,plain_mf,scrub,grassland_meadow_steppe
46,16,8954,plain_mf,scrub,grassland_meadow_steppe
46,17,2,plain_mf,scrub,alpine_vegetation
46,18,8268,plain_mf,scrub,scrub
46,19,3,plain_mf,scrub,no_vegetation
46,20,1731,plain_mf,scrub,alpine_vegetation
46,21,21,plain_mf,scrub,cropland
46,22,22,plain_mf,scrub,alpine_vegetation
46,23,8,plain_mf,scrub,desert
46,24,7,plain_mf,scrub,desert
46,25,23,plain_mf,scrub,desert
46,26,292,plain_mf,scrub,forest
46,27,5,plain_mf,scrub,cropland
46,28,306,plain_mf,scrub,forest
46,29,5,plain_mf,scrub,desert
46,30,558,plain_mf,scrub,forest
46,31,25,plain_mf,scrub,grassland_meadow_steppe
46,32,8,plain_mf,scrub,desert
46,33,42,plain_mf,scrub,cropland
46,34,1766,plain_mf,scrub,forest
46,35,3,plain_mf,scrub,desert
46,36,784,plain_mf,scrub,forest
46,37,12,plain_mf,scrub,forest
46,38,7,plain_mf,scrub,desert
46,39,10188,plain_mf,scrub,forest
46,40,981,plain_mf,scrub,grassland_meadow_steppe
46,41,7,plain_mf,scrub,grassland_meadow_steppe
46,42,4,plain_mf,scrub,desert
46,43,174,plain_mf,scrub,wetland
46,44,663,plain_mf,scrub,scrub
46,45,8523,plain_mf,scrub,scrub
46,46,64957,plain_mf,scrub,scrub
46,47,1191,plain_mf,scrub,cropland
46,48,6,plain_mf,scrub,wetland
46,49,1849,plain_mf,scrub,forest
46,50,228,plain_mf,scrub,scrub
46,52,4,plain_mf,scrub,forest
46,53,3,plain_mf,scrub,cropland
46,54,7,plain_mf,scrub,wetland
46,55,3,plain_mf,scrub,forest
47,1,126,plain_mf,cropland,cropland
47,2,27,plain_mf,cropland,forest
47,3,2255,plain_mf,cropland,forest
47,4,50,plain_mf,cropland,wetland
47,5,2762,plain_mf,cropland,grassland_meadow_steppe
47,6,66,plain_mf,cropland,wetland
47,7,1746,plain_mf,cropland,scrub
47,9,18,plain_mf,cropland,forest
47,10,2789,plain_mf,cropland,forest
47,11,45,plain_mf,cropland,grassland_meadow_steppe
47,12,8,plain_mf,cropland,cropland
47,13,10,plain_mf,cropland,grassland_meadow_steppe
47,14,11,plain_mf,cropland,forest
47,15,21,plain_mf,cropland,grassland_meadow_steppe
47,16,16,plain_mf,cropland,grassland_meadow_steppe
47,17,18,plain_mf,cropland,alpine_vegetation
47,18,29,plain_mf,cropland,scrub
47,19,18,plain_mf,cropland,no_vegetation
47,20,15,plain_mf,cropland,alpine_vegetation
47,21,8562,plain_mf,cropland,cropland
47,22,18,plain_mf,cropland,alpine_vegetation
47,23,11,plain_mf,cropland,desert
47,24,13,plain_mf,cropland,desert
47,25,10,plain_mf,cropland,desert
47,26,1798,plain_mf,cropland,forest
47,27,2047,plain_mf,cropland,cropland
47,28,14534,plain_mf,cropland,forest
47,29,16,plain_mf,cropland,desert
47,30,15661,plain_mf,cropland,forest
47,31,18,plain_mf,cropland,grassland_meadow_steppe
47,32,13,plain_mf,cropland,desert
47,33,813,plain_mf,cropland,cropland
47,34,554,plain_mf,cropland,forest
47,35,21,plain_mf,cropland,desert
47,36,9194,plain_mf,cropland,forest
47,37,141,plain_mf,cropland,forest
47,38,16,plain_mf,cropland,desert
47,39,1454,plain_mf,cropland,forest
47,40,35680,plain_mf,cropland,grassland_meadow_steppe
47,41,697,plain_mf,cropland,grassland_meadow_steppe
47,42,9,plain_mf,cropland,desert
47,43,15,plain_mf,cropland,wetland
47,44,32276,plain_mf,cropland,scrub
47,45,64,plain_mf,cropland,scrub
47,46,2050,plain_mf,cropland,scrub
47,47,199318,plain_mf,cropland,cropland
47,48,420,plain_mf,cropland,wetland
47,49,12785,plain_mf,cropland,forest
47,50,2232,plain_mf,cropland,scrub
47,52,3737,plain_mf,cropland,forest
47,53,15,plain_mf,cropland,cropland
47,54,12,plain_mf,cropland,wetland
47,55,213,plain_mf,cropland,forest
48,4,8,plain_mf,wetland,wetland
48,9,1,plain_mf,wetland,forest
48,12,1,plain_mf,wetland,cropland
48,14,1,plain_mf,wetland,forest
48,21,42,plain_mf,wetland,cropland
48,26,6,plain_mf,wetland,forest
48,27,8,plain_mf,wetland,cropland
48,28,3,plain_mf,wetland,forest
48,30,16,plain_mf,wetland,forest
48,36,1,plain_mf,wetland,forest
48,40,7,plain_mf,wetland,grassland_meadow_steppe
48,41,1,plain_mf,wetland,grassland_meadow_steppe
48,43,10,plain_mf,wetland,wetland
48,47,5,plain_mf,wetland,cropland
48,48,1465,plain_mf,wetland,wetland
48,49,27,plain_mf,wetland,forest
48,53,22,plain_mf,wetland,cropland
49,1,83,plain_mf,forest,cropland
49,2,2,plain_mf,forest,forest
49,3,90,plain_mf,forest,forest
49,4,23,plain_mf,forest,wetland
49,5,399,plain_mf,forest,grassland_meadow_steppe
49,6,3,plain_mf,forest,wetland
49,7,103,plain_mf,forest,scrub
49,9,5,plain_mf,forest,forest
49,10,7899,plain_mf,forest,forest
49,11,2,plain_mf,forest,grassland_meadow_steppe
49,12,3,plain_mf,forest,cropland
49,13,5,plain_mf,forest,grassland_meadow_steppe
49,14,8,plain_mf,forest,forest
49,15,9,plain_mf,forest,grassland_meadow_steppe
49,16,6,plain_mf,forest,grassland_meadow_steppe
49,17,6,plain_mf,forest,alpine_vegetation
49,18,3,plain_mf,forest,scrub
49,19,6,plain_mf,forest,no_vegetation
49,20,21,plain_mf,forest,alpine_vegetation
49,21,3633,plain_mf,forest,cropland
49,22,11,plain_mf,forest,alpine_vegetation
49,23,6,plain_mf,forest,desert
49,24,14,plain_mf,forest,desert
49,25,12,plain_mf,forest,desert
49,26,8786,plain_mf,forest,forest
49,27,4,plain_mf,forest,cropland
49,28,1586,plain_mf,forest,forest
49,29,6,plain_mf,forest,desert
49,30,20051,plain_mf,forest,forest
49,31,8,plain_mf,forest,grassland_meadow_steppe
49,32,6,plain_mf,forest,desert
49,33,6,plain_mf,forest,cropland
49,34,2720,plain_mf,forest,forest
49,35,7,plain_mf,forest,desert
49,36,5066,plain_mf,forest,forest
49,37,11,plain_mf,forest,forest
49,38,4,plain_mf,forest,desert
49,39,1384,plain_mf,forest,forest
49,40,11489,plain_mf,forest,grassland_meadow_steppe
49,41,16,plain_mf,forest,grassland_meadow_steppe
49,42,9,plain_mf,forest,desert
49,43,3,plain_mf,forest,wetland
49,44,7744,plain_mf,forest,scrub
49,45,99,plain_mf,forest,scrub
49,46,1215,plain_mf,forest,scrub
49,47,2881,plain_mf,forest,cropland
49,48,40,plain_mf,forest,wetland
49,49,70358,plain_mf,forest,forest
49,50,438,plain_mf,forest,scrub
49,52,9629,plain_mf,forest,forest
49,53,1407,plain_mf,forest,cropland
49,54,37,plain_mf,forest,wetland
49,55,391,plain_mf,forest,forest
50,1,1,plain_mf,scrub,cropland
50,2,4,plain_mf,scrub,forest
50,4,1,plain_mf,scrub,wetland
50,5,1,plain_mf,scrub,grassland_meadow_steppe
50,10,25,plain_mf,scrub,forest
50,12,1,plain_mf,scrub,cropland
50,14,1,plain_mf,scrub,forest
50,18,2,plain_mf,scrub,scrub
50,19,1,plain_mf,scrub,no_vegetation
50,21,12,plain_mf,scrub,cropland
50,23,1,plain_mf,scrub,desert
50,24,1,plain_mf,scrub,desert
50,26,1,plain_mf,scrub,forest
50,28,23,plain_mf,scrub,forest
50,30,5,plain_mf,scrub,forest
50,33,1,plain_mf,scrub,cropland
50,34,4,plain_mf,scrub,forest
50,35,1,plain_mf,scrub,desert
50,38,2,plain_mf,scrub,desert
50,39,70,plain_mf,scrub,forest
50,40,33,plain_mf,scrub,grassland_meadow_steppe
50,41,1,plain_mf,scrub,grassland_meadow_steppe
50,42,1,plain_mf,scrub,desert
50,44,31,plain_mf,scrub,scrub
50,46,17,plain_mf,scrub,scrub
50,47,13,plain_mf,scrub,cropland
50,48,2,plain_mf,scrub,wetland
50,49,3,plain_mf,scrub,forest
50,50,1974,plain_mf,scrub,scrub
50,53,52,plain_mf,scrub,cropland
50,54,3,plain_mf,scrub,wetland
50,55,4,plain_mf,scrub,forest
52,1,8,plain_mf,forest,cropland
52,2,12,plain_mf,forest,forest
52,3,7,plain_mf,forest,forest
52,4,8,plain_mf,forest,wetland
52,5,3,plain_mf,forest,grassland_meadow_steppe
52,6,6,plain_mf,forest,wetland
52,7,10,plain_mf,forest,scrub
52,9,4,plain_mf,forest,forest
52,10,10,plain_mf,forest,forest
52,11,5,plain_mf,forest,grassland_meadow_steppe
52,12,9,plain_mf,forest,cropland
52,13,12,plain_mf,forest,grassland_meadow_steppe
52,14,6,plain_mf,forest,forest
52,15,12,plain_mf,forest,grassland_meadow_steppe
52,16,6,plain_mf,forest,grassland_meadow_steppe
52,17,8,plain_mf,forest,alpine_vegetation
52,18,6,plain_mf,forest,scrub
52,19,9,plain_mf,forest,no_vegetation
52,20,6,plain_mf,forest,alpine_vegetation
52,21,22,plain_mf,forest,cropland
52,22,7,plain_mf,forest,alpine_vegetation
52,23,7,plain_mf,forest,desert
52,24,4,plain_mf,forest,desert
52,25,9,plain_mf,forest,desert
52,26,32,plain_mf,forest,forest
52,27,8,plain_mf,forest,cropland
52,28,18,plain_mf,forest,forest
52,29,4,plain_mf,forest,desert
52,30,2,plain_mf,forest,forest
52,31,8,plain_mf,forest,grassland_meadow_steppe
52,32,14,plain_mf,forest,desert
52,33,1,plain_mf,forest,cropland
52,35,3,plain_mf,forest,desert
52,36,9,plain_mf,forest,forest
52,37,7,plain_mf,forest,forest
52,38,7,plain_mf,forest,desert
52,39,10,plain_mf,forest,forest
52,40,335,plain_mf,forest,grassland_meadow_steppe
52,41,4,plain_mf,forest,grassland_meadow_steppe
52,42,7,plain_mf,forest,desert
52,43,8,plain_mf,forest,wetland
52,44,200,plain_mf,forest,scrub
52,45,4,plain_mf,forest,scrub
52,46,10,plain_mf,forest,scrub
52,47,59,plain_mf,forest,cropland
52,49,1180,plain_mf,forest,forest
52,50,1,plain_mf,forest,scrub
52,52,20315,plain_mf,forest,forest
52,53,797,plain_mf,forest,cropland
52,54,5,plain_mf,forest,wetland
52,55,391,plain_mf,forest,forest
53,1,15,plain_mf,cropland,cropland
53,2,81,plain_mf,cropland,forest
53,3,15,plain_mf,cropland,forest
53,4,14,plain_mf,cropland,wetland
53,5,18,plain_mf,cropland,grassland_meadow_steppe
53,6,7,plain_mf,cropland,wetland
53,7,20,plain_mf,cropland,scrub
53,9,16,plain_mf,cropland,forest
53,10,20,plain_mf,cropland,forest
53,11,15,plain_mf,cropland,grassland_meadow_steppe
53,12,15,plain_mf,cropland,cropland
53,13,16,plain_mf,cropland,grassland_meadow_steppe
53,14,21,plain_mf,cropland,forest
53,15,22,plain_mf,cropland,grassland_meadow_steppe
53,16,13,plain_mf,cropland,grassland_meadow_steppe
53,17,21,plain_mf,cropland,alpine_vegetation
53,18,11,plain_mf,cropland,scrub
53,19,19,plain_mf,cropland,no_vegetation
53,20,14,plain_mf,cropland,alpine_vegetation
53,21,2145,plain_mf,cropland,cropland
53,22,13,plain_mf,cropland,alpine_vegetation
53,23,22,plain_mf,cropland,desert
53,24,29,plain_mf,cropland,desert
53,25,19,plain_mf,cropland,desert
53,26,427,plain_mf,cropland,forest
53,27,3,plain_mf,cropland,cropland
53,28,79,plain_mf,cropland,forest
53,29,26,plain_mf,cropland,desert
53,30,436,plain_mf,cropland,forest
53,31,24,plain_mf,cropland,grassland_meadow_steppe
53,32,25,plain_mf,cropland,desert
53,33,15,plain_mf,cropland,cropland
53,34,233,plain_mf,cropland,forest
53,35,21,plain_mf,cropland,desert
53,36,34,plain_mf,cropland,forest
53,37,7,plain_mf,cropland,forest
53,38,19,plain_mf,cropland,desert
53,39,44,plain_mf,cropland,forest
53,40,1053,plain_mf,cropland,grassland_meadow_steppe
53,41,12,plain_mf,cropland,grassland_meadow_steppe
53,42,23,plain_mf,cropland,desert
53,43,17,plain_mf,cropland,wetland
53,44,2260,plain_mf,cropland,scrub
53,45,15,plain_mf,cropland,scrub
53,46,32,plain_mf,cropland,scrub
53,47,36,plain_mf,cropland,cropland
53,48,39,plain_mf,cropland,wetland
53,49,1164,plain_mf,cropland,forest
53,50,491,plain_mf,cropland,scrub
53,52,1837,plain_mf,cropland,forest
53,53,50070,plain_mf,cropland,cropland
53,54,1627,plain_mf,cropland,wetland
53,55,1819,plain_mf,cropland,forest
54,1,1,plain_mf,wetland,cropland
54,2,4,plain_mf,wetland,forest
54,3,2,plain_mf,wetland,forest
54,4,3,plain_mf,wetland,wetland
54,5,2,plain_mf,wetland,grassland_meadow_steppe
54,6,1,plain_mf,wetland,wetland
54,7,7,plain_mf,wetland,scrub
54,9,4,plain_mf,wetland,forest
54,10,2,plain_mf,wetland,forest
54,11,3,plain_mf,wetland,grassland_meadow_steppe
54,12,5,plain_mf,wetland,cropland
54,13,2,plain_mf,wetland,grassland_meadow_steppe
54,14,7,plain_mf,wetland,forest
54,16,2,plain_mf,wetland,grassland_meadow_steppe
54,17,5,plain_mf,wetland,alpine_vegetation
54,18,5,plain_mf,wetland,scrub
54,19,6,plain_mf,wetland,no_vegetation
54,20,3,plain_mf,wetland,alpine_vegetation
54,21,174,plain_mf,wetland,cropland
54,22,3,plain_mf,wetland,alpine_vegetation
54,23,5,plain_mf,wetland,desert
54,24,4,plain_mf,wetland,desert
54,25,4,plain_mf,wetland,desert
54,28,7,plain_mf,wetland,forest
54,30,6,plain_mf,wetland,forest
54,31,7,plain_mf,wetland,grassland_meadow_steppe
54,32,1,plain_mf,wetland,desert
54,33,3,plain_mf,wetland,cropland
54,34,10,plain_mf,wetland,forest
54,35,2,plain_mf,wetland,desert
54,36,23,plain_mf,wetland,forest
54,37,2,plain_mf,wetland,forest
54,38,3,plain_mf,wetland,desert
54,39,9,plain_mf,wetland,forest
54,40,27,plain_mf,wetland,grassland_meadow_steppe
54,41,3,plain_mf,wetland,grassland_meadow_steppe
54,42,6,plain_mf,wetland,desert
54,43,4,plain_mf,wetland,wetland
54,44,210,plain_mf,wetland,scrub
54,45,3,plain_mf,wetland,scrub
54,46,3,plain_mf,wetland,scrub
54,47,4,plain_mf,wetland,cropland
54,48,1,plain_mf,wetland,wetland
54,49,18,plain_mf,wetland,forest
54,50,22,plain_mf,wetland,scrub
54,52,4,plain_mf,wetland,forest
54,53,177,plain_mf,wetland,cropland
54,54,10736,plain_mf,wetland,wetland
54,55,3,plain_mf,wetland,forest
55,21,8,plain_mf,forest,cropland
55,24,1,plain_mf,forest,desert
55,25,1,plain_mf,forest,desert
55,28,38,plain_mf,forest,forest
55,36,5,plain_mf,forest,forest
55,40,129,plain_mf,forest,grassland_meadow_steppe
55,44,137,plain_mf,forest,scrub
55,49,8,plain_mf,forest,forest
55,50,32,plain_mf,forest,scrub
55,52,418,plain_mf,forest,forest
55,53,189,plain_mf,forest,cropland
55,55,5417,plain_mf,forest,forest
1,1,11591,plain_rf,cropland,cropland
1,2,357,plain_rf,cropland,forest
1,3,459,plain_rf,cropland,forest
1,4,178,plain_rf,cropland,wetland
1,5,134,plain_rf,cropland,grassland_meadow_steppe
1,6,22,plain_rf,cropland,wetland
1,7,69,plain_rf,cropland,scrub
1,9,1,plain_rf,cropland,forest
1,10,337,plain_rf,cropland,forest
1,11,12,plain_rf,cropland,grassland_meadow_steppe
1,12,5,plain_rf,cropland,cropland
1,13,233,plain_rf,cropland,grassland_meadow_steppe
1,14,2,plain_rf,cropland,forest
1,15,3,plain_rf,cropland,grassland_meadow_steppe
1,16,41,plain_rf,cropland,grassland_meadow_steppe
1,17,50,plain_rf,cropland,alpine_vegetation
1,18,193,plain_rf,cropland,scrub
1,19,2,plain_rf,cropland,no_vegetation
1,20,18,plain_rf,cropland,alpine_vegetation
1,21,97,plain_rf,cropland,cropland
1,22,3,plain_rf,cropland,alpine_vegetation
1,24,5,plain_rf,cropland,desert
1,25,190,plain_rf,cropland,desert
1,26,2,plain_rf,cropland,forest
1,27,1,plain_rf,cropland,cropland
1,28,38,plain_rf,cropland,forest
1,29,4,plain_rf,cropland,desert
1,30,7,plain_rf,cropland,forest
1,31,153,plain_rf,cropland,grassland_meadow_steppe
1,32,5,plain_rf,cropland,desert
1,33,90,plain_rf,cropland,cropland
1,34,1,plain_rf,cropland,forest
1,37,1,plain_rf,cropland,forest
1,39,402,plain_rf,cropland,forest
1,40,28,plain_rf,cropland,grassland_meadow_steppe
1,41,1,plain_rf,cropland,grassland_meadow_steppe
1,42,14,plain_rf,cropland,desert
1,43,5,plain_rf,cropland,wetland
1,44,17,plain_rf,cropland,scrub
1,45,248,plain_rf,cropland,scrub
1,46,65,plain_rf,cropland,scrub
1,47,47,plain_rf,cropland,cropland
1,48,5,plain_rf,cropland,wetland
1,50,114,plain_rf,cropland,scrub
1,53,1,plain_rf,cropland,cropland
1,54,3,plain_rf,cropland,wetland
1,55,9,plain_rf,cropland,forest
2,1,2009,plain_rf,forest,cropland
2,2,181048,plain_rf,forest,forest
2,3,20250,plain_rf,forest,forest
2,4,14800,plain_rf,forest,wetland
2,5,14252,plain_rf,forest,grassland_meadow_steppe
2,6,11474,plain_rf,forest,wetland
2,7,2932,plain_rf,forest,scrub
2,9,9125,plain_rf,forest,forest
2,10,888,plain_rf,forest,forest
2,11,4672,plain_rf,forest,grassland_meadow_steppe
2,12,1994,plain_rf,forest,cropland
2,13,4161,plain_rf,forest,grassland_meadow_steppe
2,14,320,plain_rf,forest,forest
2,15,11,plain_rf,forest,grassland_meadow_steppe
2,16,4471,plain_rf,forest,grassland_meadow_steppe
2,17,404,plain_rf,forest,alpine_vegetation
2,18,4896,plain_rf,forest,scrub
2,19,11,plain_rf,forest,no_vegetation
2,20,320,plain_rf,forest,alpine_vegetation
2,21,14,plain_rf,forest,cropland
2,22,255,plain_rf,forest,alpine_vegetation
2,23,11,plain_rf,forest,desert
2,24,138,plain_rf,forest,desert
2,25,904,plain_rf,forest,desert
2,26,29,plain_rf,forest,forest
2,27,1748,plain_rf,forest,cropland
2,28,235,plain_rf,forest,forest
2,29,13,plain_rf,forest,desert
2,30,142,plain_rf,forest,forest
2,31,315,plain_rf,forest,grassland_meadow_steppe
2,32,100,plain_rf,forest,desert
2,33,84,plain_rf,forest,cropland
2,34,146,plain_rf,forest,forest
2,35,9,plain_rf,forest,desert
2,36,78,plain_rf,forest,forest
2,37,101,plain_rf,forest,forest
2,38,15,plain_rf,forest,desert
2,39,59,plain_rf,forest,forest
2,40,110,plain_rf,forest,grassland_meadow_steppe
2,41,169,plain_rf,forest,grassland_meadow_steppe
2,42,35,plain_rf,forest,desert
2,43,2,plain_rf,forest,wetland
2,44,250,plain_rf,forest,scrub
2,45,27,plain_rf,forest,scrub
2,46,79,plain_rf,forest,scrub
2,47,2,plain_rf,forest,cropland
2,48,19,plain_rf,forest,wetland
2,49,15,plain_rf,forest,forest
2,50,101,plain_rf,forest,scrub
2,52,27,plain_rf,forest,forest
2,53,532,plain_rf,forest,cropland
2,54,9,plain_rf,forest,wetland
2,55,232,plain_rf,forest,forest
3,1,4810,plain_rf,forest,cropland
3,2,20489,plain_rf,forest,forest
3,3,289763,plain_rf,forest,forest
3,4,5755,plain_rf,forest,wetland
3,5,21968,plain_rf,forest,grassland_meadow_steppe
3,6,18881,plain_rf,forest,wetland
3,7,41884,plain_rf,forest,scrub
3,9,26824,plain_rf,forest,forest
3,10,3140,plain_rf,forest,forest
3,11,7423,plain_rf,forest,grassland_meadow_steppe
3,12,18928,plain_rf,forest,cropland
3,13,3719,plain_rf,forest,grassland_meadow_steppe
3,14,1289,plain_rf,forest,forest
3,15,2131,plain_rf,forest,grassland_meadow_steppe
3,16,46,plain_rf,forest,grassland_meadow_steppe
3,17,19,plain_rf,forest,alpine_vegetation
3,18,1585,plain_rf,forest,scrub
3,19,29,plain_rf,forest,no_vegetation
3,20,12,plain_rf,forest,alpine_vegetation
3,21,254,plain_rf,forest,cropland
3,22,637,plain_rf,forest,alpine_vegetation
3,23,173,plain_rf,forest,desert
3,24,1460,plain_rf,forest,desert
3,25,252,plain_rf,forest,desert
3,26,354,plain_rf,forest,forest
3,27,20661,plain_rf,forest,cropland
3,28,7787,plain_rf,forest,forest
3,29,29,plain_rf,forest,desert
3,30,654,plain_rf,forest,forest
3,31,18,plain_rf,forest,grassland_meadow_steppe
3,32,332,plain_rf,forest,desert
3,33,10914,plain_rf,forest,cropland
3,34,582,plain_rf,forest,forest
3,35,11,plain_rf,forest,desert
3,36,3878,plain_rf,forest,forest
3,37,11280,plain_rf,forest,forest
3,38,13,plain_rf,forest,desert
3,39,1049,plain_rf,forest,forest
3,40,247,plain_rf,forest,grassland_meadow_steppe
3,41,19147,plain_rf,forest,grassland_meadow_steppe
3,42,10,plain_rf,forest,desert
3,43,7,plain_rf,forest,wetland
3,44,936,plain_rf,forest,scrub
3,45,50,plain_rf,forest,scrub
3,46,618,plain_rf,forest,scrub
3,47,2133,plain_rf,forest,cropland
3,48,19,plain_rf,forest,wetland
3,49,125,plain_rf,forest,forest
3,50,11,plain_rf,forest,scrub
3,52,11,plain_rf,forest,forest
3,53,7,plain_rf,forest,cropland
3,54,6,plain_rf,forest,wetland
3,55,13,plain_rf,forest,forest
4,1,1053,plain_rf,wetland,cropland
4,2,13856,plain_rf,wetland,forest
4,3,3763,plain_rf,wetland,forest
4,4,42692,plain_rf,wetland,wetland
4,5,2836,plain_rf,wetland,grassland_meadow_steppe
4,6,2023,plain_rf,wetland,wetland
4,7,954,plain_rf,wetland,scrub
4,9,300,plain_rf,wetland,forest
4,10,9,plain_rf,wetland,forest
4,11,6108,plain_rf,wetland,grassland_meadow_steppe
4,12,3880,plain_rf,wetland,cropland
4,13,6158,plain_rf,wetland,grassland_meadow_steppe
4,14,1883,plain_rf,wetland,forest
4,15,1507,plain_rf,wetland,grassland_meadow_steppe
4,16,729,plain_rf,wetland,grassland_meadow_steppe
4,17,330,plain_rf,wetland,alpine_vegetation
4,18,145,plain_rf,wetland,scrub
4,19,29,plain_rf,wetland,no_vegetation
4,20,172,plain_rf,wetland,alpine_vegetation
4,21,200,plain_rf,wetland,cropland
4,22,326,plain_rf,wetland,alpine_vegetation
4,23,155,plain_rf,wetland,desert
4,24,9,plain_rf,wetland,desert
4,25,176,plain_rf,wetland,desert
4,26,33,plain_rf,wetland,forest
4,27,1409,plain_rf,wetland,cropland
4,28,8,plain_rf,wetland,forest
4,29,4,plain_rf,wetland,desert
4,30,104,plain_rf,wetland,forest
4,31,9,plain_rf,wetland,grassland_meadow_steppe
4,32,19,plain_rf,wetland,desert
4,33,117,plain_rf,wetland,cropland
4,34,9,plain_rf,wetland,forest
4,35,12,plain_rf,wetland,desert
4,36,5,plain_rf,wetland,forest
4,37,5,plain_rf,wetland,forest
4,38,9,plain_rf,wetland,desert
4,39,72,plain_rf,wetland,forest
4,40,7,plain_rf,wetland,grassland_meadow_steppe
4,41,3,plain_rf,wetland,grassland_meadow_steppe
4,42,3,plain_rf,wetland,desert
4,43,5,plain_rf,wetland,wetland
4,44,6,plain_rf,wetland,scrub
4,45,6,plain_rf,wetland,scrub
4,46,11,plain_rf,wetland,scrub
4,47,4,plain_rf,wetland,cropland
4,48,179,plain_rf,wetland,wetland
4,49,4,plain_rf,wetland,forest
4,50,45,plain_rf,wetland,scrub
4,52,9,plain_rf,wetland,forest
4,53,5,plain_rf,wetland,cropland
4,54,4,plain_rf,wetland,wetland
4,55,6,plain_rf,wetland,forest
5,1,2355,plain_rf,grassland_meadow_steppe,cropland
5,2,14676,plain_rf,grassland_meadow_steppe,forest
5,3,17310,plain_rf,grassland_meadow_steppe,forest
5,4,4305,plain_rf,grassland_meadow_steppe,wetland
5,5,73005,plain_rf,grassland_meadow_steppe,grassland_meadow_steppe
5,6,4345,plain_rf,grassland_meadow_steppe,wetland
5,7,4278,plain_rf,grassland_meadow_steppe,scrub
5,9,505,plain_rf,grassland_meadow_steppe,forest
5,10,3930,plain_rf,grassland_meadow_steppe,forest
5,11,9761,plain_rf,grassland_meadow_steppe,grassland_meadow_steppe
5,12,12643,plain_rf,grassland_meadow_steppe,cropland
5,13,7010,plain_rf,grassland_meadow_steppe,grassland_meadow_steppe
5,14,2516,plain_rf,grassland_meadow_steppe,forest
5,15,1927,plain_rf,grassland_meadow_steppe,grassland_meadow_steppe
5,16,3410,plain_rf,grassland_meadow_steppe,grassland_meadow_steppe
5,17,476,plain_rf,grassland_meadow_steppe,alpine_vegetation
5,18,642,plain_rf,grassland_meadow_steppe,scrub
5,19,5,plain_rf,grassland_meadow_steppe,no_vegetation
5,20,705,plain_rf,grassland_meadow_steppe,alpine_vegetation
5,21,1289,plain_rf,grassland_meadow_steppe,cropland
5,22,733,plain_rf,grassland_meadow_steppe,alpine_vegetation
5,23,109,plain_rf,grassland_meadow_steppe,desert
5,24,1032,plain_rf,grassland_meadow_steppe,desert
5,25,1138,plain_rf,grassland_meadow_steppe,desert
5,26,1207,plain_rf,grassland_meadow_steppe,forest
5,27,3033,plain_rf,grassland_meadow_steppe,cropland
5,28,424,plain_rf,grassland_meadow_steppe,forest
5,29,72,plain_rf,grassland_meadow_steppe,desert
5,30,340,plain_rf,grassland_meadow_steppe,forest
5,31,64,plain_rf,grassland_meadow_steppe,grassland_meadow_steppe
5,32,81,plain_rf,grassland_meadow_steppe,desert
5,33,2519,plain_rf,grassland_meadow_steppe,cropland
5,34,354,plain_rf,grassland_meadow_steppe,forest
5,35,119,plain_rf,grassland_meadow_steppe,desert
5,36,1369,plain_rf,grassland_meadow_steppe,forest
5,37,463,plain_rf,grassland_meadow_steppe,forest
5,38,10,plain_rf,grassland_meadow_steppe,desert
5,39,2115,plain_rf,grassland_meadow_steppe,forest
5,40,784,plain_rf,grassland_meadow_steppe,grassland_meadow_steppe
5,41,2155,plain_rf,grassland_meadow_steppe,grassland_meadow_steppe
5,42,205,plain_rf,grassland_meadow_steppe,desert
5,43,10,plain_rf,grassland_meadow_steppe,wetland
5,44,1527,plain_rf,grassland_meadow_steppe,scrub
5,45,377,plain_rf,grassland_meadow_steppe,scrub
5,46,2539,plain_rf,grassland_meadow_steppe,scrub
5,47,1681,plain_rf,grassland_meadow_steppe,cropland
5,48,15,plain_rf,grassland_meadow_steppe,wetland
5,49,837,plain_rf,grassland_meadow_steppe,forest
5,50,37,plain_rf,grassland_meadow_steppe,scrub
5,52,8,plain_rf,grassland_meadow_steppe,forest
5,53,7,plain_rf,grassland_meadow_steppe,cropland
5,54,5,plain_rf,grassland_meadow_steppe,wetland
5,55,1,plain_rf,grassland_meadow_steppe,forest
6,1,175,plain_rf,wetland,cropland
6,2,11738,plain_rf,wetland,forest
6,3,4259,plain_rf,wetland,forest
6,4,2699,plain_rf,wetland,wetland
6,5,1237,plain_rf,wetland,grassland_meadow_steppe
6,6,52219,plain_rf,wetland,wetland
6,7,454,plain_rf,wetland,scrub
6,9,272,plain_rf,wetland,forest
6,10,118,plain_rf,wetland,forest
6,11,2791,plain_rf,wetland,grassland_meadow_steppe
6,12,4699,plain_rf,wetland,cropland
6,13,205,plain_rf,wetland,grassland_meadow_steppe
6,14,57,plain_rf,wetland,forest
6,15,1218,plain_rf,wetland,grassland_meadow_steppe
6,16,45,plain_rf,wetland,grassland_meadow_steppe
6,17,13,plain_rf,wetland,alpine_vegetation
6,18,78,plain_rf,wetland,scrub
6,19,26,plain_rf,wetland,no_vegetation
6,20,18,plain_rf,wetland,alpine_vegetation
6,21,1623,plain_rf,wetland,cropland
6,22,149,plain_rf,wetland,alpine_vegetation
6,23,295,plain_rf,wetland,desert
6,24,883,plain_rf,wetland,desert
6,25,951,plain_rf,wetland,desert
6,26,24,plain_rf,wetland,forest
6,27,2201,plain_rf,wetland,cropland
6,28,12,plain_rf,wetland,forest
6,29,65,plain_rf,wetland,desert
6,30,358,plain_rf,wetland,forest
6,31,197,plain_rf,wetland,grassland_meadow_steppe
6,32,11,plain_rf,wetland,desert
6,33,147,plain_rf,wetland,cropland
6,34,17,plain_rf,wetland,forest
6,35,20,plain_rf,wetland,desert
6,36,60,plain_rf,wetland,forest
6,37,251,plain_rf,wetland,forest
6,38,8,plain_rf,wetland,desert
6,39,17,plain_rf,wetland,forest
6,40,16,plain_rf,wetland,grassland_meadow_steppe
6,41,12,plain_rf,wetland,grassland_meadow_steppe
6,42,83,plain_rf,wetland,desert
6,43,67,plain_rf,wetland,wetland
6,44,22,plain_rf,wetland,scrub
6,45,12,plain_rf,wetland,scrub
6,46,18,plain_rf,wetland,scrub
6,47,235,plain_rf,wetland,cropland
6,48,16,plain_rf,wetland,wetland
6,49,116,plain_rf,wetland,forest
6,50,29,plain_rf,wetland,scrub
6,52,14,plain_rf,wetland,forest
6,53,16,plain_rf,wetland,cropland
6,54,11,plain_rf,wetland,wetland
6,55,17,plain_rf,wetland,forest
7,1,805,plain_rf,scrub,cropland
7,2,3285,plain_rf,scrub,forest
7,3,21972,plain_rf,scrub,forest
7,4,2465,plain_rf,scrub,wetland
7,5,2458,plain_rf,scrub,grassland_meadow_steppe
7,6,1315,plain_rf,scrub,wetland
7,7,88973,plain_rf,scrub,scrub
7,9,2725,plain_rf,scrub,forest
7,10,1040,plain_rf,scrub,forest
7,11,4549,plain_rf,scrub,grassland_meadow_steppe
7,12,6929,plain_rf,scrub,cropland
7,13,7872,plain_rf,scrub,grassland_meadow_steppe
7,14,4273,plain_rf,scrub,forest
7,15,3492,plain_rf,scrub,grassland_meadow_steppe
7,16,243,plain_rf,scrub,grassland_meadow_steppe
7,17,4,plain_rf,scrub,alpine_vegetation
7,18,1123,plain_rf,scrub,scrub
7,19,391,plain_rf,scrub,no_vegetation
7,20,223,plain_rf,scrub,alpine_vegetation
7,21,802,plain_rf,scrub,cropland
7,22,27,plain_rf,scrub,alpine_vegetation
7,23,2055,plain_rf,scrub,desert
7,24,2820,plain_rf,scrub,desert
7,25,3927,plain_rf,scrub,desert
7,26,640,plain_rf,scrub,forest
7,27,5914,plain_rf,scrub,cropland
7,28,2502,plain_rf,scrub,forest
7,29,163,plain_rf,scrub,desert
7,30,202,plain_rf,scrub,forest
7,31,424,plain_rf,scrub,grassland_meadow_steppe
7,32,913,plain_rf,scrub,desert
7,33,14616,plain_rf,scrub,cropland
7,34,416,plain_rf,scrub,forest
7,35,348,plain_rf,scrub,desert
7,36,2971,plain_rf,scrub,forest
7,37,2526,plain_rf,scrub,forest
7,38,11,plain_rf,scrub,desert
7,39,1313,plain_rf,scrub,forest
7,40,786,plain_rf,scrub,grassland_meadow_steppe
7,41,19305,plain_rf,scrub,grassland_meadow_steppe
7,42,279,plain_rf,scrub,desert
7,43,6,plain_rf,scrub,wetland
7,44,1203,plain_rf,scrub,scrub
7,45,61,plain_rf,scrub,scrub
7,46,458,plain_rf,scrub,scrub
7,47,732,plain_rf,scrub,cropland
7,48,1,plain_rf,scrub,wetland
7,49,1276,plain_rf,scrub,forest
7,50,116,plain_rf,scrub,scrub
7,52,3,plain_rf,scrub,forest
7,53,3,plain_rf,scrub,cropland
7,54,1,plain_rf,scrub,wetland
7,55,9,plain_rf,scrub,forest
9,2,547,plain_rf,forest,forest
9,3,3746,plain_rf,forest,forest
9,4,25,plain_rf,forest,wetland
9,5,34,plain_rf,forest,grassland_meadow_steppe
9,6,9,plain_rf,forest,wetland
9,7,133,plain_rf,forest,scrub
9,9,25365,plain_rf,forest,forest
9,10,9,plain_rf,forest,forest
9,11,243,plain_rf,forest,grassland_meadow_steppe
9,12,231,plain_rf,forest,cropland
9,13,30,plain_rf,forest,grassland_meadow_steppe
9,14,48,plain_rf,forest,forest
9,15,1,plain_rf,forest,grassland_meadow_steppe
9,16,1,plain_rf,forest,grassland_meadow_steppe
9,18,3,plain_rf,forest,scrub
9,19,1,plain_rf,forest,no_vegetation
9,21,3,plain_rf,forest,cropland
9,22,2,plain_rf,forest,alpine_vegetation
9,23,2,plain_rf,forest,desert
9,24,2,plain_rf,forest,desert
9,25,2,plain_rf,forest,desert
9,26,3,plain_rf,forest,forest
9,27,20,plain_rf,forest,cropland
9,28,2,plain_rf,forest,forest
9,29,4,plain_rf,forest,desert
9,30,1,plain_rf,forest,forest
9,32,1,plain_rf,forest,desert
9,33,2,plain_rf,forest,cropland
9,34,2,plain_rf,forest,forest
9,35,2,plain_rf,forest,desert
9,36,10,plain_rf,forest,forest
9,38,2,plain_rf,forest,desert
9,41,1,plain_rf,forest,grassland_meadow_steppe
9,42,1,plain_rf,forest,desert
9,43,1,plain_rf,forest,wetland
9,45,4,plain_rf,forest,scrub
9,48,3,plain_rf,forest,wetland
9,53,1,plain_rf,forest,cropland
9,54,1,plain_rf,forest,wetland
9,55,2,plain_rf,forest,forest
10,1,1415,plain_rf,forest,cropland
10,2,10,plain_rf,forest,forest
10,3,700,plain_rf,forest,forest
10,4,13,plain_rf,forest,wetland
10,5,476,plain_rf,forest,grassland_meadow_steppe
10,6,9,plain_rf,forest,wetland
10,7,93,plain_rf,forest,scrub
10,9,222,plain_rf,forest,forest
10,10,76932,plain_rf,forest,forest
10,11,20,plain_rf,forest,grassland_meadow_steppe
10,12,32,plain_rf,forest,cropland
10,13,53,plain_rf,forest,grassland_meadow_steppe
10,14,9,plain_rf,forest,forest
10,15,30,plain_rf,forest,grassland_meadow_steppe
10,16,2074,plain_rf,forest,grassland_meadow_steppe
10,17,10,plain_rf,forest,alpine_vegetation
10,18,6391,plain_rf,forest,scrub
10,19,8,plain_rf,forest,no_vegetation
10,20,1879,plain_rf,forest,alpine_vegetation
10,21,38,plain_rf,forest,cropland
10,22,9,plain_rf,forest,alpine_vegetation
10,23,16,plain_rf,forest,desert
10,24,16,plain_rf,forest,desert
10,25,11,plain_rf,forest,desert
10,26,162,plain_rf,forest,forest
10,27,12,plain_rf,forest,cropland
10,28,847,plain_rf,forest,forest
10,29,13,plain_rf,forest,desert
10,30,699,plain_rf,forest,forest
10,31,24,plain_rf,forest,grassland_meadow_steppe
10,32,11,plain_rf,forest,desert
10,33,159,plain_rf,forest,cropland
10,34,4574,plain_rf,forest,forest
10,35,14,plain_rf,forest,desert
10,36,1724,plain_rf,forest,forest
10,37,32,plain_rf,forest,forest
10,38,19,plain_rf,forest,desert
10,39,13380,plain_rf,forest,forest
10,40,568,plain_rf,forest,grassland_meadow_steppe
10,41,16,plain_rf,forest,grassland_meadow_steppe
10,42,15,plain_rf,forest,desert
10,43,220,plain_rf,forest,wetland
10,44,285,plain_rf,forest,scrub
10,45,858,plain_rf,forest,scrub
10,46,24961,plain_rf,forest,scrub
10,47,678,plain_rf,forest,cropland
10,48,10,plain_rf,forest,wetland
10,49,6150,plain_rf,forest,forest
10,50,285,plain_rf,forest,scrub
10,52,29,plain_rf,forest,forest
10,53,22,plain_rf,forest,cropland
10,54,21,plain_rf,forest,wetland
10,55,10,plain_rf,forest,forest
11,1,10,plain_rf,grassland_meadow_steppe,cropland
11,2,1569,plain_rf,grassland_meadow_steppe,forest
11,3,1795,plain_rf,grassland_meadow_steppe,forest
11,4,4844,plain_rf,grassland_meadow_steppe,wetland
11,5,7758,plain_rf,grassland_meadow_steppe,grassland_meadow_steppe
11,6,1961,plain_rf,grassland_meadow_steppe,wetland
11,7,4409,plain_rf,grassland_meadow_steppe,scrub
11,9,40,plain_rf,grassland_meadow_steppe,forest
11,10,37,plain_rf,grassland_meadow_steppe,forest
11,11,89346,plain_rf,grassland_meadow_steppe,grassland_meadow_steppe
11,12,6687,plain_rf,grassland_meadow_steppe,cropland
11,13,12112,plain_rf,grassland_meadow_steppe,grassland_meadow_steppe
11,14,3255,plain_rf,grassland_meadow_steppe,forest
11,15,1297,plain_rf,grassland_meadow_steppe,grassland_meadow_steppe
11,16,539,plain_rf,grassland_meadow_steppe,grassland_meadow_steppe
11,17,8,plain_rf,grassland_meadow_steppe,alpine_vegetation
11,18,196,plain_rf,grassland_meadow_steppe,scrub
11,19,3,plain_rf,grassland_meadow_steppe,no_vegetation
11,20,341,plain_rf,grassland_meadow_steppe,alpine_vegetation
11,21,1,plain_rf,grassland_meadow_steppe,cropland
11,22,134,plain_rf,grassland_meadow_steppe,alpine_vegetation
11,23,30,plain_rf,grassland_meadow_steppe,desert
11,24,395,plain_rf,grassland_meadow_steppe,desert
11,25,1558,plain_rf,grassland_meadow_steppe,desert
11,26,8,plain_rf,grassland_meadow_steppe,forest
11,27,4873,plain_rf,grassland_meadow_steppe,cropland
11,28,31,plain_rf,grassland_meadow_steppe,forest
11,29,5,plain_rf,grassland_meadow_steppe,desert
11,30,6,plain_rf,grassland_meadow_steppe,forest
11,31,100,plain_rf,grassland_meadow_steppe,grassland_meadow_steppe
11,32,31,plain_rf,grassland_meadow_steppe,desert
11,33,2766,plain_rf,grassland_meadow_steppe,cropland
11,34,41,plain_rf,grassland_meadow_steppe,forest
11,35,10,plain_rf,grassland_meadow_steppe,desert
11,36,4,plain_rf,grassland_meadow_steppe,forest
11,37,130,plain_rf,grassland_meadow_steppe,forest
11,38,1,plain_rf,grassland_meadow_steppe,desert
11,39,15,plain_rf,grassland_meadow_steppe,forest
11,40,8,plain_rf,grassland_meadow_steppe,grassland_meadow_steppe
11,41,561,plain_rf,grassland_meadow_steppe,grassland_meadow_steppe
11,42,15,plain_rf,grassland_meadow_steppe,desert
11,43,7,plain_rf,grassland_meadow_steppe,wetland
11,44,8,plain_rf,grassland_meadow_steppe,scrub
11,45,23,plain_rf,grassland_meadow_steppe,scrub
11,46,46,plain_rf,grassland_meadow_steppe,scrub
11,47,11,plain_rf,grassland_meadow_steppe,cropland
11,48,6,plain_rf,grassland_meadow_steppe,wetland
11,49,5,plain_rf,grassland_meadow_steppe,forest
11,50,2,plain_rf,grassland_meadow_steppe,scrub
11,52,2,plain_rf,grassland_meadow_steppe,forest
11,53,7,plain_rf,grassland_meadow_steppe,cropland
11,54,7,plain_rf,grassland_meadow_steppe,wetland
11,55,3,plain_rf,grassland_meadow_steppe,forest
12,1,321,plain_rf,cropland,cropland
12,2,1655,plain_rf,cropland,forest
12,3,22294,plain_rf,cropland,forest
12,4,7671,plain_rf,cropland,wetland
12,5,9472,plain_rf,cropland,grassland_meadow_steppe
12,6,8009,plain_rf,cropland,wetland
12,7,12204,plain_rf,cropland,scrub
12,9,5547,plain_rf,cropland,forest
12,10,9,plain_rf,cropland,forest
12,11,11003,plain_rf,cropland,grassland_meadow_steppe
12,12,236715,plain_rf,cropland,cropland
12,13,18676,plain_rf,cropland,grassland_meadow_steppe
12,14,6050,plain_rf,cropland,forest
12,15,7203,plain_rf,cropland,grassland_meadow_steppe
12,16,9,plain_rf,cropland,grassland_meadow_steppe
12,17,4,plain_rf,cropland,alpine_vegetation
12,18,11,plain_rf,cropland,scrub
12,19,102,plain_rf,cropland,no_vegetation
12,20,7,plain_rf,cropland,alpine_vegetation
12,21,6,plain_rf,cropland,cropland
12,22,1456,plain_rf,cropland,alpine_vegetation
12,23,824,plain_rf,cropland,desert
12,24,3032,plain_rf,cropland,desert
12,25,2584,plain_rf,cropland,desert
12,26,240,plain_rf,cropland,forest
12,27,10887,plain_rf,cropland,cropland
12,28,29,plain_rf,cropland,forest
12,29,73,plain_rf,cropland,desert
12,30,5,plain_rf,cropland,forest
12,31,12,plain_rf,cropland,grassland_meadow_steppe
12,32,63,plain_rf,cropland,desert
12,33,5221,plain_rf,cropland,cropland
12,34,27,plain_rf,cropland,forest
12,35,10,plain_rf,cropland,desert
12,36,6,plain_rf,cropland,forest
12,37,52,plain_rf,cropland,forest
12,38,18,plain_rf,cropland,desert
12,39,9,plain_rf,cropland,forest
12,40,5,plain_rf,cropland,grassland_meadow_steppe
12,41,2541,plain_rf,cropland,grassland_meadow_steppe
12,42,9,plain_rf,cropland,desert
12,43,6,plain_rf,cropland,wetland
12,44,5,plain_rf,cropland,scrub
12,45,33,plain_rf,cropland,scrub
12,46,5,plain_rf,cropland,scrub
12,47,2,plain_rf,cropland,cropland
12,48,16,plain_rf,cropland,wetland
12,49,15,plain_rf,cropland,forest
12,50,22,plain_rf,cropland,scrub
12,52,10,plain_rf,cropland,forest
12,53,9,plain_rf,cropland,cropland
12,54,9,plain_rf,cropland,wetland
12,55,10,plain_rf,cropland,forest
13,1,2799,plain_rf,grassland_meadow_steppe,cropland
13,2,1708,plain_rf,grassland_meadow_steppe,forest
13,3,1884,plain_rf,grassland_meadow_steppe,forest
13,4,11077,plain_rf,grassland_meadow_steppe,wetland
13,5,9812,plain_rf,grassland_meadow_steppe,grassland_meadow_steppe
13,6,609,plain_rf,grassland_meadow_steppe,wetland
13,7,13532,plain_rf,grassland_meadow_steppe,scrub
13,9,66,plain_rf,grassland_meadow_steppe,forest
13,10,28,plain_rf,grassland_meadow_steppe,forest
13,11,26447,plain_rf,grassland_meadow_steppe,grassland_meadow_steppe
13,12,35434,plain_rf,grassland_meadow_steppe,cropland
13,13,374291,plain_rf,grassland_meadow_steppe,grassland_meadow_steppe
13,14,15933,plain_rf,grassland_meadow_steppe,forest
13,15,18520,plain_rf,grassland_meadow_steppe,grassland_meadow_steppe
13,16,7284,plain_rf,grassland_meadow_steppe,grassland_meadow_steppe
13,17,89,plain_rf,grassland_meadow_steppe,alpine_vegetation
13,18,6538,plain_rf,grassland_meadow_steppe,scrub
13,19,278,plain_rf,grassland_meadow_steppe,no_vegetation
13,20,1585,plain_rf,grassland_meadow_steppe,alpine_vegetation
13,21,15,plain_rf,grassland_meadow_steppe,cropland
13,22,2337,plain_rf,grassland_meadow_steppe,alpine_vegetation
13,23,193,plain_rf,grassland_meadow_steppe,desert
13,24,8390,plain_rf,grassland_meadow_steppe,desert
13,25,35163,plain_rf,grassland_meadow_steppe,desert
13,26,11,plain_rf,grassland_meadow_steppe,forest
13,27,2603,plain_rf,grassland_meadow_steppe,cropland
13,28,98,plain_rf,grassland_meadow_steppe,forest
13,29,105,plain_rf,grassland_meadow_steppe,desert
13,30,52,plain_rf,grassland_meadow_steppe,forest
13,31,4402,plain_rf,grassland_meadow_steppe,grassland_meadow_steppe
13,32,4201,plain_rf,grassland_meadow_steppe,desert
13,33,29956,plain_rf,grassland_meadow_steppe,cropland
13,34,20,plain_rf,grassland_meadow_steppe,forest
13,35,1179,plain_rf,grassland_meadow_steppe,desert
13,36,15,plain_rf,grassland_meadow_steppe,forest
13,37,317,plain_rf,grassland_meadow_steppe,forest
13,38,7,plain_rf,grassland_meadow_steppe,desert
13,39,16,plain_rf,grassland_meadow_steppe,forest
13,40,12,plain_rf,grassland_meadow_steppe,grassland_meadow_steppe
13,41,1067,plain_rf,grassland_meadow_steppe,grassland_meadow_steppe
13,42,700,plain_rf,grassland_meadow_steppe,desert
13,43,17,plain_rf,grassland_meadow_steppe,wetland
13,44,7,plain_rf,grassland_meadow_steppe,scrub
13,45,12,plain_rf,grassland_meadow_steppe,scrub
13,46,61,plain_rf,grassland_meadow_steppe,scrub
13,47,9,plain_rf,grassland_meadow_steppe,cropland
13,48,20,plain_rf,grassland_meadow_steppe,wetland
13,49,8,plain_rf,grassland_meadow_steppe,forest
13,50,12,plain_rf,grassland_meadow_steppe,scrub
13,52,10,plain_rf,grassland_meadow_steppe,forest
13,53,15,plain_rf,grassland_meadow_steppe,cropland
13,54,15,plain_rf,grassland_meadow_steppe,wetland
13,55,12,plain_rf,grassland_meadow_steppe,forest
14,1,2,plain_rf,forest,cropland
14,2,36,plain_rf,forest,forest
14,3,28,plain_rf,forest,forest
14,4,294,plain_rf,forest,wetland
14,5,128,plain_rf,forest,grassland_meadow_steppe
14,7,416,plain_rf,forest,scrub
14,11,754,plain_rf,forest,grassland_meadow_steppe
14,12,460,plain_rf,forest,cropland
14,13,718,plain_rf,forest,grassland_meadow_steppe
14,14,26671,plain_rf,forest,forest
14,15,597,plain_rf,forest,grassland_meadow_steppe
14,19,477,plain_rf,forest,no_vegetation
14,23,755,plain_rf,forest,desert
14,24,499,plain_rf,forest,desert
14,25,29,plain_rf,forest,desert
14,27,602,plain_rf,forest,cropland
14,29,2,plain_rf,forest,desert
14,32,10,plain_rf,forest,desert
14,33,181,plain_rf,forest,cropland
14,37,6,plain_rf,forest,forest
15,1,77,plain_rf,grassland_meadow_steppe,cropland
15,2,118,plain_rf,grassland_meadow_steppe,forest
15,3,519,plain_rf,grassland_meadow_steppe,forest
15,4,2507,plain_rf,grassland_meadow_steppe,wetland
15,5,1982,plain_rf,grassland_meadow_steppe,grassland_meadow_steppe
15,6,1841,plain_rf,grassland_meadow_steppe,wetland
15,7,1327,plain_rf,grassland_meadow_steppe,scrub
15,9,186,plain_rf,grassland_meadow_steppe,forest
15,10,126,plain_rf,grassland_meadow_steppe,forest
15,11,5375,plain_rf,grassland_meadow_steppe,grassland_meadow_steppe
15,12,7201,plain_rf,grassland_meadow_steppe,cropland
15,13,16303,plain_rf,grassland_meadow_steppe,grassland_meadow_steppe
15,14,6344,plain_rf,grassland_meadow_steppe,forest
15,15,134831,plain_rf,grassland_meadow_steppe,grassland_meadow_steppe
15,16,165,plain_rf,grassland_meadow_steppe,grassland_meadow_steppe
15,17,93,plain_rf,grassland_meadow_steppe,alpine_vegetation
15,18,122,plain_rf,grassland_meadow_steppe,scrub
15,19,6355,plain_rf,grassland_meadow_steppe,no_vegetation
15,20,188,plain_rf,grassland_meadow_steppe,alpine_vegetation
15,21,100,plain_rf,grassland_meadow_steppe,cropland
15,22,86,plain_rf,grassland_meadow_steppe,alpine_vegetation
15,23,13234,plain_rf,grassland_meadow_steppe,desert
15,24,5568,plain_rf,grassland_meadow_steppe,desert
15,25,4618,plain_rf,grassland_meadow_steppe,desert
15,26,81,plain_rf,grassland_meadow_steppe,forest
15,27,10557,plain_rf,grassland_meadow_steppe,cropland
15,28,134,plain_rf,grassland_meadow_steppe,forest
15,29,3052,plain_rf,grassland_meadow_steppe,desert
15,30,109,plain_rf,grassland_meadow_steppe,forest
15,31,280,plain_rf,grassland_meadow_steppe,grassland_meadow_steppe
15,32,4188,plain_rf,grassland_meadow_steppe,desert
15,33,3878,plain_rf,grassland_meadow_steppe,cropland
15,34,92,plain_rf,grassland_meadow_steppe,forest
15,35,260,plain_rf,grassland_meadow_steppe,desert
15,36,101,plain_rf,grassland_meadow_steppe,forest
15,37,293,plain_rf,grassland_meadow_steppe,forest
15,38,1350,plain_rf,grassland_meadow_steppe,desert
15,39,90,plain_rf,grassland_meadow_steppe,forest
15,40,90,plain_rf,grassland_meadow_steppe,grassland_meadow_steppe
15,41,158,plain_rf,grassland_meadow_steppe,grassland_meadow_steppe
15,42,475,plain_rf,grassland_meadow_steppe,desert
15,43,161,plain_rf,grassland_meadow_steppe,wetland
15,44,89,plain_rf,grassland_meadow_steppe,scrub
15,45,83,plain_rf,grassland_meadow_steppe,scrub
15,46,161,plain_rf,grassland_meadow_steppe,scrub
15,47,77,plain_rf,grassland_meadow_steppe,cropland
15,48,72,plain_rf,grassland_meadow_steppe,wetland
15,49,78,plain_rf,grassland_meadow_steppe,forest
15,50,72,plain_rf,grassland_meadow_steppe,scrub
15,52,83,plain_rf,grassland_meadow_steppe,forest
15,53,82,plain_rf,grassland_meadow_steppe,cropland
15,54,76,plain_rf,grassland_meadow_steppe,wetland
15,55,103,plain_rf,grassland_meadow_steppe,forest
16,1,3671,plain_rf,grassland_meadow_steppe,cropland
16,2,2261,plain_rf,grassland_meadow_steppe,forest
16,3,66,plain_rf,grassland_meadow_steppe,forest
16,4,1477,plain_rf,grassland_meadow_steppe,wetland
16,5,5524,plain_rf,grassland_meadow_steppe,grassland_meadow_steppe
16,6,166,plain_rf,grassland_meadow_steppe,wetland
16,7,295,plain_rf,grassland_meadow_steppe,scrub
16,9,9,plain_rf,grassland_meadow_steppe,forest
16,10,12487,plain_rf,grassland_meadow_steppe,forest
16,11,146,plain_rf,grassland_meadow_steppe,grassland_meadow_steppe
16,12,13,plain_rf,grassland_meadow_steppe,cropland
16,13,4777,plain_rf,grassland_meadow_steppe,grassland_meadow_steppe
16,14,5,plain_rf,grassland_meadow_steppe,forest
16,15,656,plain_rf,grassland_meadow_steppe,grassland_meadow_steppe
16,16,545670,plain_rf,grassland_meadow_steppe,grassland_meadow_steppe
16,17,3344,plain_rf,grassland_meadow_steppe,alpine_vegetation
16,18,65727,plain_rf,grassland_meadow_steppe,scrub
16,19,372,plain_rf,grassland_meadow_steppe,no_vegetation
16,20,79123,plain_rf,grassland_meadow_steppe,alpine_vegetation
16,21,6,plain_rf,grassland_meadow_steppe,cropland
16,22,23878,plain_rf,grassland_meadow_steppe,alpine_vegetation
16,23,163,plain_rf,grassland_meadow_steppe,desert
16,24,478,plain_rf,grassland_meadow_steppe,desert
16,25,3165,plain_rf,grassland_meadow_steppe,desert
16,26,43,plain_rf,grassland_meadow_steppe,forest
16,27,10,plain_rf,grassland_meadow_steppe,cropland
16,28,520,plain_rf,grassland_meadow_steppe,forest
16,29,30,plain_rf,grassland_meadow_steppe,desert
16,30,47,plain_rf,grassland_meadow_steppe,forest
16,31,60884,plain_rf,grassland_meadow_steppe,grassland_meadow_steppe
16,32,675,plain_rf,grassland_meadow_steppe,desert
16,33,344,plain_rf,grassland_meadow_steppe,cropland
16,34,404,plain_rf,grassland_meadow_steppe,forest
16,35,9,plain_rf,grassland_meadow_steppe,desert
16,36,441,plain_rf,grassland_meadow_steppe,forest
16,37,20,plain_rf,grassland_meadow_steppe,forest
16,38,8,plain_rf,grassland_meadow_steppe,desert
16,39,3210,plain_rf,grassland_meadow_steppe,forest
16,40,80,plain_rf,grassland_meadow_steppe,grassland_meadow_steppe
16,41,2,plain_rf,grassland_meadow_steppe,grassland_meadow_steppe
16,42,6733,plain_rf,grassland_meadow_steppe,desert
16,43,13666,plain_rf,grassland_meadow_steppe,wetland
16,44,74,plain_rf,grassland_meadow_steppe,scrub
16,45,24169,plain_rf,grassland_meadow_steppe,scrub
16,46,45898,plain_rf,grassland_meadow_steppe,scrub
16,47,45,plain_rf,grassland_meadow_steppe,cropland
16,48,20,plain_rf,grassland_meadow_steppe,wetland
16,49,206,plain_rf,grassland_meadow_steppe,forest
16,50,130,plain_rf,grassland_meadow_steppe,scrub
16,52,8,plain_rf,grassland_meadow_steppe,forest
16,53,8,plain_rf,grassland_meadow_steppe,cropland
16,54,6,plain_rf,grassland_meadow_steppe,wetland
16,55,9,plain_rf,grassland_meadow_steppe,forest
17,2,42,plain_rf,alpine_vegetation,forest
17,4,15,plain_rf,alpine_vegetation,wetland
17,5,18,plain_rf,alpine_vegetation,grassland_meadow_steppe
17,9,2,plain_rf,alpine_vegetation,forest
17,13,1,plain_rf,alpine_vegetation,grassland_meadow_steppe
17,14,1,plain_rf,alpine_vegetation,forest
17,16,2,plain_rf,alpine_vegetation,grassland_meadow_steppe
17,17,1509,plain_rf,alpine_vegetation,alpine_vegetation
17,19,1,plain_rf,alpine_vegetation,no_vegetation
17,20,1,plain_rf,alpine_vegetation,alpine_vegetation
17,21,2,plain_rf,alpine_vegetation,cropland
17,23,3,plain_rf,alpine_vegetation,desert
17,24,5,plain_rf,alpine_vegetation,desert
17,25,2,plain_rf,alpine_vegetation,desert
17,26,1,plain_rf,alpine_vegetation,forest
17,28,2,plain_rf,alpine_vegetation,forest
17,29,2,plain_rf,alpine_vegetation,desert
17,31,1,plain_rf,alpine_vegetation,grassland_meadow_steppe
17,32,1,plain_rf,alpine_vegetation,desert
17,35,1,plain_rf,alpine_vegetation,desert
17,37,1,plain_rf,alpine_vegetation,forest
17,38,4,plain_rf,alpine_vegetation,desert
17,39,1,plain_rf,alpine_vegetation,forest
17,40,4,plain_rf,alpine_vegetation,grassland_meadow_steppe
17,41,1,plain_rf,alpine_vegetation,grassland_meadow_steppe
17,42,2,plain_rf,alpine_vegetation,desert
17,43,1,plain_rf,alpine_vegetation,wetland
17,44,3,plain_rf,alpine_vegetation,scrub
17,47,1,plain_rf,alpine_vegetation,cropland
17,50,7,plain_rf,alpine_vegetation,scrub
17,53,1,plain_rf,alpine_vegetation,cropland
17,54,1,plain_rf,alpine_vegetation,wetland
17,55,2,plain_rf,alpine_vegetation,forest
18,1,1913,plain_rf,scrub,cropland
18,2,782,plain_rf,scrub,forest
18,3,139,plain_rf,scrub,forest
18,4,113,plain_rf,scrub,wetland
18,5,999,plain_rf,scrub,grassland_meadow_steppe
18,7,206,plain_rf,scrub,scrub
18,10,6726,plain_rf,scrub,forest
18,11,211,plain_rf,scrub,grassland_meadow_steppe
18,12,1,plain_rf,scrub,cropland
18,13,2830,plain_rf,scrub,grassland_meadow_steppe
18,15,5,plain_rf,scrub,grassland_meadow_steppe
18,16,23657,plain_rf,scrub,grassland_meadow_steppe
18,17,117,plain_rf,scrub,alpine_vegetation
18,18,45866,plain_rf,scrub,scrub
18,19,5,plain_rf,scrub,no_vegetation
18,20,1539,plain_rf,scrub,alpine_vegetation
18,22,507,plain_rf,scrub,alpine_vegetation
18,23,22,plain_rf,scrub,desert
18,24,232,plain_rf,scrub,desert
18,25,1518,plain_rf,scrub,desert
18,26,53,plain_rf,scrub,forest
18,28,436,plain_rf,scrub,forest
18,30,14,plain_rf,scrub,forest
18,31,2911,plain_rf,scrub,grassland_meadow_steppe
18,32,36,plain_rf,scrub,desert
18,33,220,plain_rf,scrub,cropland
18,34,463,plain_rf,scrub,forest
18,36,527,plain_rf,scrub,forest
18,37,10,plain_rf,scrub,forest
18,39,5478,plain_rf,scrub,forest
18,41,5,plain_rf,scrub,grassland_meadow_steppe
18,42,1261,plain_rf,scrub,desert
18,43,788,plain_rf,scrub,wetland
18,44,261,plain_rf,scrub,scrub
18,45,2357,plain_rf,scrub,scrub
18,46,10533,plain_rf,scrub,scrub
18,47,9,plain_rf,scrub,cropland
18,49,43,plain_rf,scrub,forest
18,50,171,plain_rf,scrub,scrub
19,1,64,plain_rf,no_vegetation,cropland
19,2,14,plain_rf,no_vegetation,forest
19,3,97,plain_rf,no_vegetation,forest
19,4,24,plain_rf,no_vegetation,wetland
19,5,22,plain_rf,no_vegetation,grassland_meadow_steppe
19,6,63,plain_rf,no_vegetation,wetland
19,7,168,plain_rf,no_vegetation,scrub
19,9,13,plain_rf,no_vegetation,forest
19,10,424,plain_rf,no_vegetation,forest
19,11,26,plain_rf,no_vegetation,grassland_meadow_steppe
19,12,65,plain_rf,no_vegetation,cropland
19,13,306,plain_rf,no_vegetation,grassland_meadow_steppe
19,14,4056,plain_rf,no_vegetation,forest
19,15,18217,plain_rf,no_vegetation,grassland_meadow_steppe
19,16,3537,plain_rf,no_vegetation,grassland_meadow_steppe
19,17,23,plain_rf,no_vegetation,alpine_vegetation
19,18,508,plain_rf,no_vegetation,scrub
19,19,532779,plain_rf,no_vegetation,no_vegetation
19,20,39859,plain_rf,no_vegetation,alpine_vegetation
19,21,14,plain_rf,no_vegetation,cropland
19,22,4017,plain_rf,no_vegetation,alpine_vegetation
19,23,35736,plain_rf,no_vegetation,desert
19,24,18386,plain_rf,no_vegetation,desert
19,25,855,plain_rf,no_vegetation,desert
19,26,19,plain_rf,no_vegetation,forest
19,27,779,plain_rf,no_vegetation,cropland
19,28,128,plain_rf,no_vegetation,forest
19,29,3440,plain_rf,no_vegetation,desert
19,30,21,plain_rf,no_vegetation,forest
19,31,6092,plain_rf,no_vegetation,grassland_meadow_steppe
19,32,2869,plain_rf,no_vegetation,desert
19,33,123,plain_rf,no_vegetation,cropland
19,34,24,plain_rf,no_vegetation,forest
19,35,104,plain_rf,no_vegetation,desert
19,36,31,plain_rf,no_vegetation,forest
19,37,72,plain_rf,no_vegetation,forest
19,38,12992,plain_rf,no_vegetation,desert
19,39,9,plain_rf,no_vegetation,forest
19,40,15,plain_rf,no_vegetation,grassland_meadow_steppe
19,41,23,plain_rf,no_vegetation,grassland_meadow_steppe
19,42,2916,plain_rf,no_vegetation,desert
19,43,502,plain_rf,no_vegetation,wetland
19,44,23,plain_rf,no_vegetation,scrub
19,45,1107,plain_rf,no_vegetation,scrub
19,46,619,plain_rf,no_vegetation,scrub
19,47,16,plain_rf,no_vegetation,cropland
19,48,23,plain_rf,no_vegetation,wetland
19,49,17,plain_rf,no_vegetation,forest
19,50,30,plain_rf,no_vegetation,scrub
19,52,28,plain_rf,no_vegetation,forest
19,53,27,plain_rf,no_vegetation,cropland
19,54,19,plain_rf,no_vegetation,wetland
19,55,15,plain_rf,no_vegetation,forest
20,1,317,plain_rf,alpine_vegetation,cropland
20,2,85,plain_rf,alpine_vegetation,forest
20,3,95,plain_rf,alpine_vegetation,forest
20,4,49,plain_rf,alpine_vegetation,wetland
20,5,232,plain_rf,alpine_vegetation,grassland_meadow_steppe
20,6,32,plain_rf,alpine_vegetation,wetland
20,7,45,plain_rf,alpine_vegetation,scrub
20,9,26,plain_rf,alpine_vegetation,forest
20,10,2728,plain_rf,alpine_vegetation,forest
20,11,38,plain_rf,alpine_vegetation,grassland_meadow_steppe
20,12,37,plain_rf,alpine_vegetation,cropland
20,13,480,plain_rf,alpine_vegetation,grassland_meadow_steppe
20,14,37,plain_rf,alpine_vegetation,forest
20,15,70,plain_rf,alpine_vegetation,grassland_meadow_steppe
20,16,52416,plain_rf,alpine_vegetation,grassland_meadow_steppe
20,17,518,plain_rf,alpine_vegetation,alpine_vegetation
20,18,2671,plain_rf,alpine_vegetation,scrub
20,19,457,plain_rf,alpine_vegetation,no_vegetation
20,20,224651,plain_rf,alpine_vegetation,alpine_vegetation
20,21,42,plain_rf,alpine_vegetation,cropland
20,22,11644,plain_rf,alpine_vegetation,alpine_vegetation
20,23,50,plain_rf,alpine_vegetation,desert
20,24,629,plain_rf,alpine_vegetation,desert
20,25,1219,plain_rf,alpine_vegetation,desert
20,26,16,plain_rf,alpine_vegetation,forest
20,27,15,plain_rf,alpine_vegetation,cropland
20,28,74,plain_rf,alpine_vegetation,forest
20,29,37,plain_rf,alpine_vegetation,desert
20,30,20,plain_rf,alpine_vegetation,forest
20,31,28956,plain_rf,alpine_vegetation,grassland_meadow_steppe
20,32,44,plain_rf,alpine_vegetation,desert
20,33,42,plain_rf,alpine_vegetation,cropland
20,34,95,plain_rf,alpine_vegetation,forest
20,35,30,plain_rf,alpine_vegetation,desert
20,36,35,plain_rf,alpine_vegetation,forest
20,37,31,plain_rf,alpine_vegetation,forest
20,38,38,plain_rf,alpine_vegetation,desert
20,39,215,plain_rf,alpine_vegetation,forest
20,40,40,plain_rf,alpine_vegetation,grassland_meadow_steppe
20,41,24,plain_rf,alpine_vegetation,grassland_meadow_steppe
20,42,35096,plain_rf,alpine_vegetation,desert
20,43,191,plain_rf,alpine_vegetation,wetland
20,44,74,plain_rf,alpine_vegetation,scrub
20,45,6490,plain_rf,alpine_vegetation,scrub
20,46,9567,plain_rf,alpine_vegetation,scrub
20,47,18,plain_rf,alpine_vegetation,cropland
20,48,54,plain_rf,alpine_vegetation,wetland
20,49,19,plain_rf,alpine_vegetation,forest
20,50,46,plain_rf,alpine_vegetation,scrub
20,52,36,plain_rf,alpine_vegetation,forest
20,53,29,plain_rf,alpine_vegetation,cropland
20,54,41,plain_rf,alpine_vegetation,wetland
20,55,24,plain_rf,alpine_vegetation,forest
21,1,167,plain_rf,cropland,cropland
21,2,88,plain_rf,cropland,forest
21,3,351,plain_rf,cropland,forest
21,4,114,plain_rf,cropland,wetland
21,5,707,plain_rf,cropland,grassland_meadow_steppe
21,6,27,plain_rf,cropland,wetland
21,7,244,plain_rf,cropland,scrub
21,9,108,plain_rf,cropland,forest
21,10,155,plain_rf,cropland,forest
21,11,31,plain_rf,cropland,grassland_meadow_steppe
21,12,26,plain_rf,cropland,cropland
21,13,30,plain_rf,cropland,grassland_meadow_steppe
21,14,28,plain_rf,cropland,forest
21,15,22,plain_rf,cropland,grassland_meadow_steppe
21,16,17,plain_rf,cropland,grassland_meadow_steppe
21,17,21,plain_rf,cropland,alpine_vegetation
21,18,23,plain_rf,cropland,scrub
21,19,20,plain_rf,cropland,no_vegetation
21,20,38,plain_rf,cropland,alpine_vegetation
21,21,386583,plain_rf,cropland,cropland
21,22,25,plain_rf,cropland,alpine_vegetation
21,23,23,plain_rf,cropland,desert
21,24,27,plain_rf,cropland,desert
21,25,30,plain_rf,cropland,desert
21,26,12685,plain_rf,cropland,forest
21,27,16,plain_rf,cropland,cropland
21,28,2750,plain_rf,cropland,forest
21,29,23,plain_rf,cropland,desert
21,30,61077,plain_rf,cropland,forest
21,31,17,plain_rf,cropland,grassland_meadow_steppe
21,32,22,plain_rf,cropland,desert
21,33,24,plain_rf,cropland,cropland
21,34,688,plain_rf,cropland,forest
21,35,32,plain_rf,cropland,desert
21,36,13325,plain_rf,cropland,forest
21,37,369,plain_rf,cropland,forest
21,38,17,plain_rf,cropland,desert
21,39,499,plain_rf,cropland,forest
21,40,39512,plain_rf,cropland,grassland_meadow_steppe
21,41,415,plain_rf,cropland,grassland_meadow_steppe
21,42,28,plain_rf,cropland,desert
21,43,20,plain_rf,cropland,wetland
21,44,34542,plain_rf,cropland,scrub
21,45,43,plain_rf,cropland,scrub
21,46,116,plain_rf,cropland,scrub
21,47,9542,plain_rf,cropland,cropland
21,48,5617,plain_rf,cropland,wetland
21,49,13382,plain_rf,cropland,forest
21,50,1153,plain_rf,cropland,scrub
21,52,2009,plain_rf,cropland,forest
21,53,10337,plain_rf,cropland,cropland
21,54,567,plain_rf,cropland,wetland
21,55,1478,plain_rf,cropland,forest
22,1,1,plain_rf,alpine_vegetation,cropland
22,2,35,plain_rf,alpine_vegetation,forest
22,3,416,plain_rf,alpine_vegetation,forest
22,4,17,plain_rf,alpine_vegetation,wetland
22,5,510,plain_rf,alpine_vegetation,grassland_meadow_steppe
22,6,32,plain_rf,alpine_vegetation,wetland
22,9,2,plain_rf,alpine_vegetation,forest
22,10,1,plain_rf,alpine_vegetation,forest
22,11,2,plain_rf,alpine_vegetation,grassland_meadow_steppe
22,12,419,plain_rf,alpine_vegetation,cropland
22,13,90,plain_rf,alpine_vegetation,grassland_meadow_steppe
22,14,1,plain_rf,alpine_vegetation,forest
22,15,2,plain_rf,alpine_vegetation,grassland_meadow_steppe
22,16,3361,plain_rf,alpine_vegetation,grassland_meadow_steppe
22,17,41,plain_rf,alpine_vegetation,alpine_vegetation
22,18,99,plain_rf,alpine_vegetation,scrub
22,19,518,plain_rf,alpine_vegetation,no_vegetation
22,20,2159,plain_rf,alpine_vegetation,alpine_vegetation
22,21,1,plain_rf,alpine_vegetation,cropland
22,22,30056,plain_rf,alpine_vegetation,alpine_vegetation
22,24,188,plain_rf,alpine_vegetation,desert
22,25,327,plain_rf,alpine_vegetation,desert
22,27,243,plain_rf,alpine_vegetation,cropland
22,29,1,plain_rf,alpine_vegetation,desert
22,30,1,plain_rf,alpine_vegetation,forest
22,31,1748,plain_rf,alpine_vegetation,grassland_meadow_steppe
22,32,33,plain_rf,alpine_vegetation,desert
22,33,1,plain_rf,alpine_vegetation,cropland
22,34,1,plain_rf,alpine_vegetation,forest
22,35,1,plain_rf,alpine_vegetation,desert
22,36,1,plain_rf,alpine_vegetation,forest
22,40,3,plain_rf,alpine_vegetation,grassland_meadow_steppe
22,41,1,plain_rf,alpine_vegetation,grassland_meadow_steppe
22,42,1599,plain_rf,alpine_vegetation,desert
22,43,7,plain_rf,alpine_vegetation,wetland
22,45,30,plain_rf,alpine_vegetation,scrub
22,46,1,plain_rf,alpine_vegetation,scrub
22,48,1,plain_rf,alpine_vegetation,wetland
22,49,1,plain_rf,alpine_vegetation,forest
22,52,2,plain_rf,alpine_vegetation,forest
22,53,1,plain_rf,alpine_vegetation,cropland
22,54,1,plain_rf,alpine_vegetation,wetland
22,55,25,plain_rf,alpine_vegetation,forest
23,1,1,plain_rf,desert,cropland
23,2,1,plain_rf,desert,forest
23,3,1,plain_rf,desert,forest
23,4,93,plain_rf,desert,wetland
23,5,2,plain_rf,desert,grassland_meadow_steppe
23,6,40,plain_rf,desert,wetland
23,7,793,plain_rf,desert,scrub
23,9,1,plain_rf,desert,forest
23,10,1,plain_rf,desert,forest
23,12,94,plain_rf,desert,cropland
23,13,1139,plain_rf,desert,grassland_meadow_steppe
23,14,6319,plain_rf,desert,forest
23,15,16905,plain_rf,desert,grassland_meadow_steppe
23,16,128,plain_rf,desert,grassland_meadow_steppe
23,17,16,plain_rf,desert,alpine_vegetation
23,18,1349,plain_rf,desert,scrub
23,19,20693,plain_rf,desert,no_vegetation
23,20,433,plain_rf,desert,alpine_vegetation
23,21,4,plain_rf,desert,cropland
23,22,127,plain_rf,desert,alpine_vegetation
23,23,193970,plain_rf,desert,desert
23,24,45781,plain_rf,desert,desert
23,25,1689,plain_rf,desert,desert
23,26,4,plain_rf,desert,forest
23,27,572,plain_rf,desert,cropland
23,28,242,plain_rf,desert,forest
23,29,12449,plain_rf,desert,desert
23,30,2,plain_rf,desert,forest
23,31,1284,plain_rf,desert,grassland_meadow_steppe
23,32,6953,plain_rf,desert,desert
23,33,1751,plain_rf,desert,cropland
23,34,2,plain_rf,desert,forest
23,35,9845,plain_rf,desert,desert
23,37,1,plain_rf,desert,forest
23,38,3457,plain_rf,desert,desert
23,40,55,plain_rf,desert,grassland_meadow_steppe
23,41,16,plain_rf,desert,grassland_meadow_steppe
23,42,490,plain_rf,desert,desert
23,43,46,plain_rf,desert,wetland
23,44,11,plain_rf,desert,scrub
23,45,12,plain_rf,desert,scrub
23,46,1,plain_rf,desert,scrub
23,47,3,plain_rf,desert,cropland
23,48,3,plain_rf,desert,wetland
23,49,17,plain_rf,desert,forest
23,50,2,plain_rf,desert,scrub
23,52,5,plain_rf,desert,forest
23,53,1,plain_rf,desert,cropland
23,54,2,plain_rf,desert,wetland
24,1,65,plain_rf,desert,cropland
24,2,32,plain_rf,desert,forest
24,3,107,plain_rf,desert,forest
24,4,110,plain_rf,desert,wetland
24,5,590,plain_rf,desert,grassland_meadow_steppe
24,6,139,plain_rf,desert,wetland
24,7,919,plain_rf,desert,scrub
24,9,10,plain_rf,desert,forest
24,10,11,plain_rf,desert,forest
24,11,211,plain_rf,desert,grassland_meadow_steppe
24,12,1673,plain_rf,desert,cropland
24,13,10807,plain_rf,desert,grassland_meadow_steppe
24,14,1193,plain_rf,desert,forest
24,15,11666,plain_rf,desert,grassland_meadow_steppe
24,16,674,plain_rf,desert,grassland_meadow_steppe
24,17,3,plain_rf,desert,alpine_vegetation
24,18,1319,plain_rf,desert,scrub
24,19,12492,plain_rf,desert,no_vegetation
24,20,1952,plain_rf,desert,alpine_vegetation
24,21,8,plain_rf,desert,cropland
24,22,834,plain_rf,desert,alpine_vegetation
24,23,62384,plain_rf,desert,desert
24,24,542630,plain_rf,desert,desert
24,25,52517,plain_rf,desert,desert
24,27,2332,plain_rf,desert,cropland
24,28,9,plain_rf,desert,forest
24,29,46332,plain_rf,desert,desert
24,30,6,plain_rf,desert,forest
24,31,4627,plain_rf,desert,grassland_meadow_steppe
24,32,32760,plain_rf,desert,desert
24,33,12379,plain_rf,desert,cropland
24,34,4,plain_rf,desert,forest
24,35,27264,plain_rf,desert,desert
24,36,3,plain_rf,desert,forest
24,37,4,plain_rf,desert,forest
24,38,4904,plain_rf,desert,desert
24,39,9,plain_rf,desert,forest
24,40,5,plain_rf,desert,grassland_meadow_steppe
24,41,5,plain_rf,desert,grassland_meadow_steppe
24,42,11268,plain_rf,desert,desert
24,43,963,plain_rf,desert,wetland
24,44,10,plain_rf,desert,scrub
24,45,108,plain_rf,desert,scrub
24,46,3,plain_rf,desert,scrub
24,47,5,plain_rf,desert,cropland
24,48,11,plain_rf,desert,wetland
24,49,6,plain_rf,desert,forest
24,50,3,plain_rf,desert,scrub
24,52,8,plain_rf,desert,forest
24,53,10,plain_rf,desert,cropland
24,54,6,plain_rf,desert,wetland
24,55,7,plain_rf,desert,forest
25,1,635,plain_rf,desert,cropland
25,2,88,plain_rf,desert,forest
25,3,8,plain_rf,desert,forest
25,4,193,plain_rf,desert,wetland
25,5,1036,plain_rf,desert,grassland_meadow_steppe
25,6,4,plain_rf,desert,wetland
25,7,960,plain_rf,desert,scrub
25,9,4,plain_rf,desert,forest
25,10,3,plain_rf,desert,forest
25,11,943,plain_rf,desert,grassland_meadow_steppe
25,12,1267,plain_rf,desert,cropland
25,13,19195,plain_rf,desert,grassland_meadow_steppe
25,14,99,plain_rf,desert,forest
25,15,3457,plain_rf,desert,grassland_meadow_steppe
25,16,2667,plain_rf,desert,grassland_meadow_steppe
25,17,2,plain_rf,desert,alpine_vegetation
25,18,1165,plain_rf,desert,scrub
25,19,67,plain_rf,desert,no_vegetation
25,20,2476,plain_rf,desert,alpine_vegetation
25,21,2,plain_rf,desert,cropland
25,22,526,plain_rf,desert,alpine_vegetation
25,23,1584,plain_rf,desert,desert
25,24,16054,plain_rf,desert,desert
25,25,155190,plain_rf,desert,desert
25,26,3,plain_rf,desert,forest
25,27,558,plain_rf,desert,cropland
25,28,3,plain_rf,desert,forest
25,29,1608,plain_rf,desert,desert
25,30,2,plain_rf,desert,forest
25,31,8812,plain_rf,desert,grassland_meadow_steppe
25,32,6535,plain_rf,desert,desert
25,33,3683,plain_rf,desert,cropland
25,34,3,plain_rf,desert,forest
25,35,3015,plain_rf,desert,desert
25,36,5,plain_rf,desert,forest
25,37,28,plain_rf,desert,forest
25,38,3,plain_rf,desert,desert
25,39,19,plain_rf,desert,forest
25,40,4,plain_rf,desert,grassland_meadow_steppe
25,41,4,plain_rf,desert,grassland_meadow_steppe
25,42,5004,plain_rf,desert,desert
25,43,308,plain_rf,desert,wetland
25,44,5,plain_rf,desert,scrub
25,45,103,plain_rf,desert,scrub
25,46,4,plain_rf,desert,scrub
25,47,3,plain_rf,desert,cropland
25,48,3,plain_rf,desert,wetland
25,49,2,plain_rf,desert,forest
25,50,2,plain_rf,desert,scrub
25,52,2,plain_rf,desert,forest
25,53,5,plain_rf,desert,cropland
25,54,5,plain_rf,desert,wetland
25,55,1,plain_rf,desert,forest
26,1,46,plain_rf,forest,cropland
26,2,10,plain_rf,forest,forest
26,3,79,plain_rf,forest,forest
26,4,4,plain_rf,forest,wetland
26,5,236,plain_rf,forest,grassland_meadow_steppe
26,6,1,plain_rf,forest,wetland
26,7,125,plain_rf,forest,scrub
26,10,679,plain_rf,forest,forest
26,11,1,plain_rf,forest,grassland_meadow_steppe
26,12,10,plain_rf,forest,cropland
26,15,5,plain_rf,forest,grassland_meadow_steppe
26,17,1,plain_rf,forest,alpine_vegetation
26,21,1631,plain_rf,forest,cropland
26,23,85,plain_rf,forest,desert
26,24,2,plain_rf,forest,desert
26,26,23802,plain_rf,forest,forest
26,27,9,plain_rf,forest,cropland
26,28,330,plain_rf,forest,forest
26,29,1,plain_rf,forest,desert
26,30,5237,plain_rf,forest,forest
26,31,1,plain_rf,forest,grassland_meadow_steppe
26,32,1,plain_rf,forest,desert
26,33,9,plain_rf,forest,cropland
26,34,1074,plain_rf,forest,forest
26,36,2283,plain_rf,forest,forest
26,39,402,plain_rf,forest,forest
26,40,761,plain_rf,forest,grassland_meadow_steppe
26,41,39,plain_rf,forest,grassland_meadow_steppe
26,44,421,plain_rf,forest,scrub
26,46,129,plain_rf,forest,scrub
26,47,288,plain_rf,forest,cropland
26,48,6,plain_rf,forest,wetland
26,49,2477,plain_rf,forest,forest
26,50,15,plain_rf,forest,scrub
26,52,344,plain_rf,forest,forest
26,53,350,plain_rf,forest,cropland
26,55,2,plain_rf,forest,forest
27,1,43,plain_rf,cropland,cropland
27,2,1533,plain_rf,cropland,forest
27,3,34849,plain_rf,cropland,forest
27,4,3509,plain_rf,cropland,wetland
27,5,4390,plain_rf,cropland,grassland_meadow_steppe
27,6,4124,plain_rf,cropland,wetland
27,7,26368,plain_rf,cropland,scrub
27,9,687,plain_rf,cropland,forest
27,10,201,plain_rf,cropland,forest
27,11,12851,plain_rf,cropland,grassland_meadow_steppe
27,12,5591,plain_rf,cropland,cropland
27,13,3465,plain_rf,cropland,grassland_meadow_steppe
27,14,6559,plain_rf,cropland,forest
27,15,20956,plain_rf,cropland,grassland_meadow_steppe
27,16,25,plain_rf,cropland,grassland_meadow_steppe
27,17,30,plain_rf,cropland,alpine_vegetation
27,18,32,plain_rf,cropland,scrub
27,19,1675,plain_rf,cropland,no_vegetation
27,20,32,plain_rf,cropland,alpine_vegetation
27,21,55,plain_rf,cropland,cropland
27,22,27,plain_rf,cropland,alpine_vegetation
27,23,4462,plain_rf,cropland,desert
27,24,4299,plain_rf,cropland,desert
27,25,353,plain_rf,cropland,desert
27,26,396,plain_rf,cropland,forest
27,27,636185,plain_rf,cropland,cropland
27,28,5357,plain_rf,cropland,forest
27,29,35,plain_rf,cropland,desert
27,30,85,plain_rf,cropland,forest
27,31,33,plain_rf,cropland,grassland_meadow_steppe
27,32,2238,plain_rf,cropland,desert
27,33,16442,plain_rf,cropland,cropland
27,34,57,plain_rf,cropland,forest
27,35,35,plain_rf,cropland,desert
27,36,1703,plain_rf,cropland,forest
27,37,29961,plain_rf,cropland,forest
27,38,1897,plain_rf,cropland,desert
27,39,147,plain_rf,cropland,forest
27,40,270,plain_rf,cropland,grassland_meadow_steppe
27,41,17761,plain_rf,cropland,grassland_meadow_steppe
27,42,23,plain_rf,cropland,desert
27,43,24,plain_rf,cropland,wetland
27,44,482,plain_rf,cropland,scrub
27,45,29,plain_rf,cropland,scrub
27,46,53,plain_rf,cropland,scrub
27,47,9560,plain_rf,cropland,cropland
27,48,24,plain_rf,cropland,wetland
27,49,70,plain_rf,cropland,forest
27,50,27,plain_rf,cropland,scrub
27,52,34,plain_rf,cropland,forest
27,53,36,plain_rf,cropland,cropland
27,54,15,plain_rf,cropland,wetland
27,55,20,plain_rf,cropland,forest
28,1,627,plain_rf,forest,cropland
28,2,62,plain_rf,forest,forest
28,3,1143,plain_rf,forest,forest
28,5,263,plain_rf,forest,grassland_meadow_steppe
28,7,493,plain_rf,forest,scrub
28,10,1211,plain_rf,forest,forest
28,13,27,plain_rf,forest,grassland_meadow_steppe
28,15,63,plain_rf,forest,grassland_meadow_steppe
28,16,37,plain_rf,forest,grassland_meadow_steppe
28,18,763,plain_rf,forest,scrub
28,19,9,plain_rf,forest,no_vegetation
28,20,31,plain_rf,forest,alpine_vegetation
28,21,667,plain_rf,forest,cropland
28,23,109,plain_rf,forest,desert
28,24,20,plain_rf,forest,desert
28,25,29,plain_rf,forest,desert
28,26,827,plain_rf,forest,forest
28,27,1140,plain_rf,forest,cropland
28,28,22521,plain_rf,forest,forest
28,30,1716,plain_rf,forest,forest
28,31,7,plain_rf,forest,grassland_meadow_steppe
28,33,405,plain_rf,forest,cropland
28,34,192,plain_rf,forest,forest
28,36,2875,plain_rf,forest,forest
28,37,3,plain_rf,forest,forest
28,39,1198,plain_rf,forest,forest
28,40,991,plain_rf,forest,grassland_meadow_steppe
28,41,254,plain_rf,forest,grassland_meadow_steppe
28,44,3417,plain_rf,forest,scrub
28,45,203,plain_rf,forest,scrub
28,46,778,plain_rf,forest,scrub
28,47,2770,plain_rf,forest,cropland
28,49,355,plain_rf,forest,forest
28,50,499,plain_rf,forest,scrub
28,53,10,plain_rf,forest,cropland
28,55,327,plain_rf,forest,forest
29,1,2,plain_rf,desert,cropland
29,2,2,plain_rf,desert,forest
29,3,2,plain_rf,desert,forest
29,4,4,plain_rf,desert,wetland
29,5,3,plain_rf,desert,grassland_meadow_steppe
29,6,1,plain_rf,desert,wetland
29,7,660,plain_rf,desert,scrub
29,9,2,plain_rf,desert,forest
29,10,3,plain_rf,desert,forest
29,11,1,plain_rf,desert,grassland_meadow_steppe
29,12,50,plain_rf,desert,cropland
29,13,53,plain_rf,desert,grassland_meadow_steppe
29,14,4,plain_rf,desert,forest
29,15,3716,plain_rf,desert,grassland_meadow_steppe
29,16,3,plain_rf,desert,grassland_meadow_steppe
29,17,5,plain_rf,desert,alpine_vegetation
29,18,2,plain_rf,desert,scrub
29,19,1878,plain_rf,desert,no_vegetation
29,20,30,plain_rf,desert,alpine_vegetation
29,21,6,plain_rf,desert,cropland
29,22,8,plain_rf,desert,alpine_vegetation
29,23,7155,plain_rf,desert,desert
29,24,14822,plain_rf,desert,desert
29,25,671,plain_rf,desert,desert
29,26,2,plain_rf,desert,forest
29,27,16,plain_rf,desert,cropland
29,28,2,plain_rf,desert,forest
29,29,129371,plain_rf,desert,desert
29,30,3,plain_rf,desert,forest
29,31,7,plain_rf,desert,grassland_meadow_steppe
29,32,1368,plain_rf,desert,desert
29,33,1652,plain_rf,desert,cropland
29,34,5,plain_rf,desert,forest
29,35,1592,plain_rf,desert,desert
29,36,5,plain_rf,desert,forest
29,38,1171,plain_rf,desert,desert
29,39,3,plain_rf,desert,forest
29,40,13,plain_rf,desert,grassland_meadow_steppe
29,41,3,plain_rf,desert,grassland_meadow_steppe
29,42,1,plain_rf,desert,desert
29,43,1,plain_rf,desert,wetland
29,44,5,plain_rf,desert,scrub
29,45,1,plain_rf,desert,scrub
29,46,2,plain_rf,desert,scrub
29,47,4,plain_rf,desert,cropland
29,48,5,plain_rf,desert,wetland
29,49,9,plain_rf,desert,forest
29,50,1,plain_rf,desert,scrub
29,52,1,plain_rf,desert,forest
29,53,2,plain_rf,desert,cropland
29,54,4,plain_rf,desert,wetland
29,55,6,plain_rf,desert,forest
30,1,243,plain_rf,forest,cropland
30,2,7,plain_rf,forest,forest
30,3,5714,plain_rf,forest,forest
30,4,147,plain_rf,forest,wetland
30,5,2937,plain_rf,forest,grassland_meadow_steppe
30,6,6,plain_rf,forest,wetland
30,7,2302,plain_rf,forest,scrub
30,9,5,plain_rf,forest,forest
30,10,3776,plain_rf,forest,forest
30,11,30,plain_rf,forest,grassland_meadow_steppe
30,12,7,plain_rf,forest,cropland
30,13,7,plain_rf,forest,grassland_meadow_steppe
30,14,4,plain_rf,forest,forest
30,15,7,plain_rf,forest,grassland_meadow_steppe
30,16,8,plain_rf,forest,grassland_meadow_steppe
30,17,6,plain_rf,forest,alpine_vegetation
30,18,48,plain_rf,forest,scrub
30,19,12,plain_rf,forest,no_vegetation
30,20,8,plain_rf,forest,alpine_vegetation
30,21,55499,plain_rf,forest,cropland
30,22,10,plain_rf,forest,alpine_vegetation
30,23,6,plain_rf,forest,desert
30,24,5,plain_rf,forest,desert
30,25,6,plain_rf,forest,desert
30,26,33483,plain_rf,forest,forest
30,27,521,plain_rf,forest,cropland
30,28,10544,plain_rf,forest,forest
30,29,9,plain_rf,forest,desert
30,30,247678,plain_rf,forest,forest
30,31,13,plain_rf,forest,grassland_meadow_steppe
30,32,8,plain_rf,forest,desert
30,33,454,plain_rf,forest,cropland
30,34,1502,plain_rf,forest,forest
30,35,7,plain_rf,forest,desert
30,36,20869,plain_rf,forest,forest
30,37,401,plain_rf,forest,forest
30,38,8,plain_rf,forest,desert
30,39,8126,plain_rf,forest,forest
30,40,49562,plain_rf,forest,grassland_meadow_steppe
30,41,2014,plain_rf,forest,grassland_meadow_steppe
30,42,13,plain_rf,forest,desert
30,43,11,plain_rf,forest,wetland
30,44,48251,plain_rf,forest,scrub
30,45,289,plain_rf,forest,scrub
30,46,2610,plain_rf,forest,scrub
30,47,43037,plain_rf,forest,cropland
30,48,657,plain_rf,forest,wetland
30,49,29140,plain_rf,forest,forest
30,50,2012,plain_rf,forest,scrub
30,52,184,plain_rf,forest,forest
30,53,2904,plain_rf,forest,cropland
30,54,901,plain_rf,forest,wetland
30,55,549,plain_rf,forest,forest
31,1,4359,plain_rf,grassland_meadow_steppe,cropland
31,2,124,plain_rf,grassland_meadow_steppe,forest
31,3,66,plain_rf,grassland_meadow_steppe,forest
31,4,19,plain_rf,grassland_meadow_steppe,wetland
31,5,22,plain_rf,grassland_meadow_steppe,grassland_meadow_steppe
31,6,310,plain_rf,grassland_meadow_steppe,wetland
31,7,1327,plain_rf,grassland_meadow_steppe,scrub
31,10,85,plain_rf,grassland_meadow_steppe,forest
31,11,10,plain_rf,grassland_meadow_steppe,grassland_meadow_steppe
31,13,8382,plain_rf,grassland_meadow_steppe,grassland_meadow_steppe
31,14,54,plain_rf,grassland_meadow_steppe,forest
31,15,281,plain_rf,grassland_meadow_steppe,grassland_meadow_steppe
31,16,49145,plain_rf,grassland_meadow_steppe,grassland_meadow_steppe
31,17,1,plain_rf,grassland_meadow_steppe,alpine_vegetation
31,18,10322,plain_rf,grassland_meadow_steppe,scrub
31,19,1711,plain_rf,grassland_meadow_steppe,no_vegetation
31,20,45583,plain_rf,grassland_meadow_steppe,alpine_vegetation
31,22,22915,plain_rf,grassland_meadow_steppe,alpine_vegetation
31,23,399,plain_rf,grassland_meadow_steppe,desert
31,24,4272,plain_rf,grassland_meadow_steppe,desert
31,25,25121,plain_rf,grassland_meadow_steppe,desert
31,26,1,plain_rf,grassland_meadow_steppe,forest
31,27,25,plain_rf,grassland_meadow_steppe,cropland
31,28,4,plain_rf,grassland_meadow_steppe,forest
31,29,34,plain_rf,grassland_meadow_steppe,desert
31,30,10,plain_rf,grassland_meadow_steppe,forest
31,31,592744,plain_rf,grassland_meadow_steppe,grassland_meadow_steppe
31,32,1387,plain_rf,grassland_meadow_steppe,desert
31,33,2029,plain_rf,grassland_meadow_steppe,cropland
31,34,1,plain_rf,grassland_meadow_steppe,forest
31,35,162,plain_rf,grassland_meadow_steppe,desert
31,36,50,plain_rf,grassland_meadow_steppe,forest
31,37,15,plain_rf,grassland_meadow_steppe,forest
31,38,1,plain_rf,grassland_meadow_steppe,desert
31,39,405,plain_rf,grassland_meadow_steppe,forest
31,40,8,plain_rf,grassland_meadow_steppe,grassland_meadow_steppe
31,41,4,plain_rf,grassland_meadow_steppe,grassland_meadow_steppe
31,42,63858,plain_rf,grassland_meadow_steppe,desert
31,43,863,plain_rf,grassland_meadow_steppe,wetland
31,44,3,plain_rf,grassland_meadow_steppe,scrub
31,45,4789,plain_rf,grassland_meadow_steppe,scrub
31,46,75,plain_rf,grassland_meadow_steppe,scrub
31,47,2,plain_rf,grassland_meadow_steppe,cropland
31,48,5,plain_rf,grassland_meadow_steppe,wetland
31,49,2,plain_rf,grassland_meadow_steppe,forest
31,50,388,plain_rf,grassland_meadow_steppe,scrub
31,52,1,plain_rf,grassland_meadow_steppe,forest
31,53,1,plain_rf,grassland_meadow_steppe,cropland
31,54,1,plain_rf,grassland_meadow_steppe,wetland
31,55,2,plain_rf,grassland_meadow_steppe,forest
32,2,1,plain_rf,desert,forest
32,6,1,plain_rf,desert,wetland
32,7,935,plain_rf,desert,scrub
32,12,8,plain_rf,desert,cropland
32,13,1585,plain_rf,desert,grassland_meadow_steppe
32,14,241,plain_rf,desert,forest
32,15,1605,plain_rf,desert,grassland_meadow_steppe
32,16,23,plain_rf,desert,grassland_meadow_steppe
32,18,104,plain_rf,desert,scrub
32,19,545,plain_rf,desert,no_vegetation
32,20,110,plain_rf,desert,alpine_vegetation
32,23,2662,plain_rf,desert,desert
32,24,5293,plain_rf,desert,desert
32,25,3015,plain_rf,desert,desert
32,27,123,plain_rf,desert,cropland
32,29,853,plain_rf,desert,desert
32,31,314,plain_rf,desert,grassland_meadow_steppe
32,32,39790,plain_rf,desert,desert
32,33,2158,plain_rf,desert,cropland
32,35,575,plain_rf,desert,desert
32,38,210,plain_rf,desert,desert
32,42,332,plain_rf,desert,desert
32,50,1,plain_rf,desert,scrub
33,1,1430,plain_rf,cropland,cropland
33,2,210,plain_rf,cropland,forest
33,3,6058,plain_rf,cropland,forest
33,4,13,plain_rf,cropland,wetland
33,5,2581,plain_rf,cropland,grassland_meadow_steppe
33,6,6,plain_rf,cropland,wetland
33,7,23823,plain_rf,cropland,scrub
33,10,391,plain_rf,cropland,forest
33,11,3072,plain_rf,cropland,grassland_meadow_steppe
33,12,2938,plain_rf,cropland,cropland
33,13,22794,plain_rf,cropland,grassland_meadow_steppe
33,14,624,plain_rf,cropland,forest
33,15,4403,plain_rf,cropland,grassland_meadow_steppe
33,16,376,plain_rf,cropland,grassland_meadow_steppe
33,18,727,plain_rf,cropland,scrub
33,19,25,plain_rf,cropland,no_vegetation
33,20,407,plain_rf,cropland,alpine_vegetation
33,21,1,plain_rf,cropland,cropland
33,23,3244,plain_rf,cropland,desert
33,24,9701,plain_rf,cropland,desert
33,25,6221,plain_rf,cropland,desert
33,26,30,plain_rf,cropland,forest
33,27,3482,plain_rf,cropland,cropland
33,28,510,plain_rf,cropland,forest
33,29,2760,plain_rf,cropland,desert
33,30,30,plain_rf,cropland,forest
33,31,58,plain_rf,cropland,grassland_meadow_steppe
33,32,4611,plain_rf,cropland,desert
33,33,257185,plain_rf,cropland,cropland
33,34,9,plain_rf,cropland,forest
33,35,771,plain_rf,cropland,desert
33,36,146,plain_rf,cropland,forest
33,37,3135,plain_rf,cropland,forest
33,39,55,plain_rf,cropland,forest
33,40,82,plain_rf,cropland,grassland_meadow_steppe
33,41,25617,plain_rf,cropland,grassland_meadow_steppe
33,44,1286,plain_rf,cropland,scrub
33,45,611,plain_rf,cropland,scrub
33,46,26,plain_rf,cropland,scrub
33,47,213,plain_rf,cropland,cropland
33,49,48,plain_rf,cropland,forest
33,52,41,plain_rf,cropland,forest
34,1,1,plain_rf,forest,cropland
34,3,47,plain_rf,forest,forest
34,7,8,plain_rf,forest,scrub
34,10,389,plain_rf,forest,forest
34,11,1,plain_rf,forest,grassland_meadow_steppe
34,12,1,plain_rf,forest,cropland
34,13,3,plain_rf,forest,grassland_meadow_steppe
34,14,1,plain_rf,forest,forest
34,17,3,plain_rf,forest,alpine_vegetation
34,18,7,plain_rf,forest,scrub
34,19,1,plain_rf,forest,no_vegetation
34,20,2,plain_rf,forest,alpine_vegetation
34,21,2,plain_rf,forest,cropland
34,22,2,plain_rf,forest,alpine_vegetation
34,23,3,plain_rf,forest,desert
34,24,1,plain_rf,forest,desert
34,25,1,plain_rf,forest,desert
34,26,25,plain_rf,forest,forest
34,27,23,plain_rf,forest,cropland
34,28,2,plain_rf,forest,forest
34,29,1,plain_rf,forest,desert
34,30,22,plain_rf,forest,forest
34,32,1,plain_rf,forest,desert
34,33,3,plain_rf,forest,cropland
34,34,3925,plain_rf,forest,forest
34,35,3,plain_rf,forest,desert
34,36,110,plain_rf,forest,forest
34,37,1,plain_rf,forest,forest
34,38,1,plain_rf,forest,desert
34,39,256,plain_rf,forest,forest
34,40,22,plain_rf,forest,grassland_meadow_steppe
34,44,3,plain_rf,forest,scrub
34,45,2,plain_rf,forest,scrub
34,46,131,plain_rf,forest,scrub
34,47,1,plain_rf,forest,cropland
34,48,1,plain_rf,forest,wetland
34,49,136,plain_rf,forest,forest
34,50,14,plain_rf,forest,scrub
34,52,1,plain_rf,forest,forest
34,53,1,plain_rf,forest,cropland
34,54,1,plain_rf,forest,wetland
35,13,131,plain_rf,desert,grassland_meadow_steppe
35,14,66,plain_rf,desert,forest
35,15,50,plain_rf,desert,grassland_meadow_steppe
35,16,32,plain_rf,desert,grassland_meadow_steppe
35,18,5,plain_rf,desert,scrub
35,19,35,plain_rf,desert,no_vegetation
35,23,686,plain_rf,desert,desert
35,24,2291,plain_rf,desert,desert
35,25,760,plain_rf,desert,desert
35,27,2,plain_rf,desert,cropland
35,29,476,plain_rf,desert,desert
35,32,276,plain_rf,desert,desert
35,33,263,plain_rf,desert,cropland
35,35,27783,plain_rf,desert,desert
35,38,8,plain_rf,desert,desert
36,1,2,plain_rf,forest,cropland
36,3,243,plain_rf,forest,forest
36,5,11,plain_rf,forest,grassland_meadow_steppe
36,7,79,plain_rf,forest,scrub
36,9,23,plain_rf,forest,forest
36,10,347,plain_rf,forest,forest
36,12,53,plain_rf,forest,cropland
36,13,9,plain_rf,forest,grassland_meadow_steppe
36,16,1,plain_rf,forest,grassland_meadow_steppe
36,18,6,plain_rf,forest,scrub
36,21,309,plain_rf,forest,cropland
36,25,1,plain_rf,forest,desert
36,26,511,plain_rf,forest,forest
36,28,1039,plain_rf,forest,forest
36,30,890,plain_rf,forest,forest
36,33,15,plain_rf,forest,cropland
36,34,356,plain_rf,forest,forest
36,36,16178,plain_rf,forest,forest
36,39,160,plain_rf,forest,forest
36,40,344,plain_rf,forest,grassland_meadow_steppe
36,41,174,plain_rf,forest,grassland_meadow_steppe
36,44,1012,plain_rf,forest,scrub
36,46,113,plain_rf,forest,scrub
36,47,335,plain_rf,forest,cropland
36,48,13,plain_rf,forest,wetland
36,49,245,plain_rf,forest,forest
36,50,36,plain_rf,forest,scrub
36,53,46,plain_rf,forest,cropland
36,55,24,plain_rf,forest,forest
37,1,227,plain_rf,forest,cropland
37,2,89,plain_rf,forest,forest
37,3,11862,plain_rf,forest,forest
37,4,8,plain_rf,forest,wetland
37,5,486,plain_rf,forest,grassland_meadow_steppe
37,6,143,plain_rf,forest,wetland
37,7,7207,plain_rf,forest,scrub
37,9,99,plain_rf,forest,forest
37,10,788,plain_rf,forest,forest
37,11,310,plain_rf,forest,grassland_meadow_steppe
37,12,389,plain_rf,forest,cropland
37,13,1533,plain_rf,forest,grassland_meadow_steppe
37,14,560,plain_rf,forest,forest
37,15,38,plain_rf,forest,grassland_meadow_steppe
37,16,21,plain_rf,forest,grassland_meadow_steppe
37,17,3,plain_rf,forest,alpine_vegetation
37,18,186,plain_rf,forest,scrub
37,19,6,plain_rf,forest,no_vegetation
37,20,8,plain_rf,forest,alpine_vegetation
37,21,824,plain_rf,forest,cropland
37,22,4,plain_rf,forest,alpine_vegetation
37,23,7,plain_rf,forest,desert
37,24,4,plain_rf,forest,desert
37,25,537,plain_rf,forest,desert
37,26,61,plain_rf,forest,forest
37,27,11165,plain_rf,forest,cropland
37,28,246,plain_rf,forest,forest
37,29,6,plain_rf,forest,desert
37,30,604,plain_rf,forest,forest
37,31,6,plain_rf,forest,grassland_meadow_steppe
37,32,6,plain_rf,forest,desert
37,33,4490,plain_rf,forest,cropland
37,34,101,plain_rf,forest,forest
37,35,6,plain_rf,forest,desert
37,36,20,plain_rf,forest,forest
37,37,140634,plain_rf,forest,forest
37,38,2,plain_rf,forest,desert
37,39,312,plain_rf,forest,forest
37,40,36,plain_rf,forest,grassland_meadow_steppe
37,41,8114,plain_rf,forest,grassland_meadow_steppe
37,43,2,plain_rf,forest,wetland
37,44,37,plain_rf,forest,scrub
37,45,2,plain_rf,forest,scrub
37,46,107,plain_rf,forest,scrub
37,47,567,plain_rf,forest,cropland
37,48,4,plain_rf,forest,wetland
37,49,21,plain_rf,forest,forest
37,50,3,plain_rf,forest,scrub
37,52,7,plain_rf,forest,forest
37,53,5,plain_rf,forest,cropland
37,54,1,plain_rf,forest,wetland
37,55,2,plain_rf,forest,forest
38,13,41,plain_rf,desert,grassland_meadow_steppe
38,14,1,plain_rf,desert,forest
38,15,226,plain_rf,desert,grassland_meadow_steppe
38,19,457,plain_rf,desert,no_vegetation
38,23,678,plain_rf,desert,desert
38,24,357,plain_rf,desert,desert
38,25,31,plain_rf,desert,desert
38,27,413,plain_rf,desert,cropland
38,29,73,plain_rf,desert,desert
38,32,46,plain_rf,desert,desert
38,38,27709,plain_rf,desert,desert
39,1,43,plain_rf,forest,cropland
39,5,50,plain_rf,forest,grassland_meadow_steppe
39,7,27,plain_rf,forest,scrub
39,10,3984,plain_rf,forest,forest
39,13,2,plain_rf,forest,grassland_meadow_steppe
39,16,84,plain_rf,forest,grassland_meadow_steppe
39,18,265,plain_rf,forest,scrub
39,20,12,plain_rf,forest,alpine_vegetation
39,23,80,plain_rf,forest,desert
39,24,2,plain_rf,forest,desert
39,26,7,plain_rf,forest,forest
39,28,24,plain_rf,forest,forest
39,30,297,plain_rf,forest,forest
39,34,583,plain_rf,forest,forest
39,36,82,plain_rf,forest,forest
39,39,13255,plain_rf,forest,forest
39,40,62,plain_rf,forest,grassland_meadow_steppe
39,44,75,plain_rf,forest,scrub
39,45,67,plain_rf,forest,scrub
39,46,2688,plain_rf,forest,scrub
39,47,66,plain_rf,forest,cropland
39,49,59,plain_rf,forest,forest
39,50,129,plain_rf,forest,scrub
40,1,156,plain_rf,grassland_meadow_steppe,cropland
40,2,6,plain_rf,grassland_meadow_steppe,forest
40,3,1000,plain_rf,grassland_meadow_steppe,forest
40,4,11,plain_rf,grassland_meadow_steppe,wetland
40,5,2301,plain_rf,grassland_meadow_steppe,grassland_meadow_steppe
40,6,11,plain_rf,grassland_meadow_steppe,wetland
40,7,1358,plain_rf,grassland_meadow_steppe,scrub
40,9,6,plain_rf,grassland_meadow_steppe,forest
40,10,3432,plain_rf,grassland_meadow_steppe,forest
40,11,15,plain_rf,grassland_meadow_steppe,grassland_meadow_steppe
40,12,6,plain_rf,grassland_meadow_steppe,cropland
40,13,11,plain_rf,grassland_meadow_steppe,grassland_meadow_steppe
40,14,10,plain_rf,grassland_meadow_steppe,forest
40,15,3,plain_rf,grassland_meadow_steppe,grassland_meadow_steppe
40,16,9,plain_rf,grassland_meadow_steppe,grassland_meadow_steppe
40,17,7,plain_rf,grassland_meadow_steppe,alpine_vegetation
40,18,18,plain_rf,grassland_meadow_steppe,scrub
40,19,5,plain_rf,grassland_meadow_steppe,no_vegetation
40,20,26,plain_rf,grassland_meadow_steppe,alpine_vegetation
40,21,27865,plain_rf,grassland_meadow_steppe,cropland
40,22,7,plain_rf,grassland_meadow_steppe,alpine_vegetation
40,23,12,plain_rf,grassland_meadow_steppe,desert
40,24,7,plain_rf,grassland_meadow_steppe,desert
40,25,25,plain_rf,grassland_meadow_steppe,desert
40,26,7694,plain_rf,grassland_meadow_steppe,forest
40,27,68,plain_rf,grassland_meadow_steppe,cropland
40,28,7010,plain_rf,grassland_meadow_steppe,forest
40,29,1,plain_rf,grassland_meadow_steppe,desert
40,30,33518,plain_rf,grassland_meadow_steppe,forest
40,31,110,plain_rf,grassland_meadow_steppe,grassland_meadow_steppe
40,32,7,plain_rf,grassland_meadow_steppe,desert
40,33,32,plain_rf,grassland_meadow_steppe,cropland
40,34,886,plain_rf,grassland_meadow_steppe,forest
40,35,7,plain_rf,grassland_meadow_steppe,desert
40,36,15416,plain_rf,grassland_meadow_steppe,forest
40,37,19,plain_rf,grassland_meadow_steppe,forest
40,38,7,plain_rf,grassland_meadow_steppe,desert
40,39,2474,plain_rf,grassland_meadow_steppe,forest
40,40,127648,plain_rf,grassland_meadow_steppe,grassland_meadow_steppe
40,41,1087,plain_rf,grassland_meadow_steppe,grassland_meadow_steppe
40,42,9,plain_rf,grassland_meadow_steppe,desert
40,43,8,plain_rf,grassland_meadow_steppe,wetland
40,44,30520,plain_rf,grassland_meadow_steppe,scrub
40,45,119,plain_rf,grassland_meadow_steppe,scrub
40,46,2644,plain_rf,grassland_meadow_steppe,scrub
40,47,30219,plain_rf,grassland_meadow_steppe,cropland
40,48,452,plain_rf,grassland_meadow_steppe,wetland
40,49,26572,plain_rf,grassland_meadow_steppe,forest
40,50,1471,plain_rf,grassland_meadow_steppe,scrub
40,52,4075,plain_rf,grassland_meadow_steppe,forest
40,53,7293,plain_rf,grassland_meadow_steppe,cropland
40,54,1226,plain_rf,grassland_meadow_steppe,wetland
40,55,2762,plain_rf,grassland_meadow_steppe,forest
41,1,1,plain_rf,grassland_meadow_steppe,cropland
41,2,20,plain_rf,grassland_meadow_steppe,forest
41,3,3544,plain_rf,grassland_meadow_steppe,forest
41,4,1,plain_rf,grassland_meadow_steppe,wetland
41,5,142,plain_rf,grassland_meadow_steppe,grassland_meadow_steppe
41,6,16,plain_rf,grassland_meadow_steppe,wetland
41,7,9193,plain_rf,grassland_meadow_steppe,scrub
41,10,118,plain_rf,grassland_meadow_steppe,forest
41,11,14,plain_rf,grassland_meadow_steppe,grassland_meadow_steppe
41,12,301,plain_rf,grassland_meadow_steppe,cropland
41,13,525,plain_rf,grassland_meadow_steppe,grassland_meadow_steppe
41,15,39,plain_rf,grassland_meadow_steppe,grassland_meadow_steppe
41,16,7,plain_rf,grassland_meadow_steppe,grassland_meadow_steppe
41,18,20,plain_rf,grassland_meadow_steppe,scrub
41,19,1,plain_rf,grassland_meadow_steppe,no_vegetation
41,21,446,plain_rf,grassland_meadow_steppe,cropland
41,24,1,plain_rf,grassland_meadow_steppe,desert
41,25,1,plain_rf,grassland_meadow_steppe,desert
41,26,489,plain_rf,grassland_meadow_steppe,forest
41,27,3568,plain_rf,grassland_meadow_steppe,cropland
41,28,1607,plain_rf,grassland_meadow_steppe,forest
41,29,2,plain_rf,grassland_meadow_steppe,desert
41,30,1848,plain_rf,grassland_meadow_steppe,forest
41,32,2,plain_rf,grassland_meadow_steppe,desert
41,33,11652,plain_rf,grassland_meadow_steppe,cropland
41,34,5,plain_rf,grassland_meadow_steppe,forest
41,35,1,plain_rf,grassland_meadow_steppe,desert
41,36,2014,plain_rf,grassland_meadow_steppe,forest
41,37,5553,plain_rf,grassland_meadow_steppe,forest
41,40,217,plain_rf,grassland_meadow_steppe,grassland_meadow_steppe
41,41,47826,plain_rf,grassland_meadow_steppe,grassland_meadow_steppe
41,43,1,plain_rf,grassland_meadow_steppe,wetland
41,44,229,plain_rf,grassland_meadow_steppe,scrub
41,45,4,plain_rf,grassland_meadow_steppe,scrub
41,46,17,plain_rf,grassland_meadow_steppe,scrub
41,47,1737,plain_rf,grassland_meadow_steppe,cropland
41,49,80,plain_rf,grassland_meadow_steppe,forest
41,54,1,plain_rf,grassland_meadow_steppe,wetland
42,1,1,plain_rf,desert,cropland
42,2,3,plain_rf,desert,forest
42,3,2,plain_rf,desert,forest
42,4,2,plain_rf,desert,wetland
42,7,227,plain_rf,desert,scrub
42,10,1,plain_rf,desert,forest
42,13,76,plain_rf,desert,grassland_meadow_steppe
42,14,9,plain_rf,desert,forest
42,15,109,plain_rf,desert,grassland_meadow_steppe
42,16,372,plain_rf,desert,grassland_meadow_steppe
42,17,1,plain_rf,desert,alpine_vegetation
42,18,38,plain_rf,desert,scrub
42,19,656,plain_rf,desert,no_vegetation
42,20,11795,plain_rf,desert,alpine_vegetation
42,21,2,plain_rf,desert,cropland
42,22,1278,plain_rf,desert,alpine_vegetation
42,23,54,plain_rf,desert,desert
42,24,1879,plain_rf,desert,desert
42,25,2124,plain_rf,desert,desert
42,26,2,plain_rf,desert,forest
42,27,4,plain_rf,desert,cropland
42,28,1,plain_rf,desert,forest
42,29,1,plain_rf,desert,desert
42,30,2,plain_rf,desert,forest
42,31,15121,plain_rf,desert,grassland_meadow_steppe
42,32,213,plain_rf,desert,desert
42,33,29,plain_rf,desert,cropland
42,35,1,plain_rf,desert,desert
42,36,5,plain_rf,desert,forest
42,37,2,plain_rf,desert,forest
42,38,1,plain_rf,desert,desert
42,40,2,plain_rf,desert,grassland_meadow_steppe
42,41,1,plain_rf,desert,grassland_meadow_steppe
42,42,119372,plain_rf,desert,desert
42,43,1590,plain_rf,desert,wetland
42,44,3,plain_rf,desert,scrub
42,45,1,plain_rf,desert,scrub
42,46,2,plain_rf,desert,scrub
42,48,24,plain_rf,desert,wetland
42,49,2,plain_rf,desert,forest
42,50,1,plain_rf,desert,scrub
42,53,4,plain_rf,desert,cropland
42,54,2,plain_rf,desert,wetland
42,55,4,plain_rf,desert,forest
43,10,6,plain_rf,wetland,forest
43,16,348,plain_rf,wetland,grassland_meadow_steppe
43,18,14,plain_rf,wetland,scrub
43,19,8,plain_rf,wetland,no_vegetation
43,20,45,plain_rf,wetland,alpine_vegetation
43,24,45,plain_rf,wetland,desert
43,25,73,plain_rf,wetland,desert
43,31,5,plain_rf,wetland,grassland_meadow_steppe
43,42,128,plain_rf,wetland,desert
43,43,4888,plain_rf,wetland,wetland
43,46,132,plain_rf,wetland,scrub
44,1,605,plain_rf,scrub,cropland
44,2,23,plain_rf,scrub,forest
44,3,2708,plain_rf,scrub,forest
44,4,22,plain_rf,scrub,wetland
44,5,2292,plain_rf,scrub,grassland_meadow_steppe
44,6,15,plain_rf,scrub,wetland
44,7,2695,plain_rf,scrub,scrub
44,9,9,plain_rf,scrub,forest
44,10,2246,plain_rf,scrub,forest
44,11,17,plain_rf,scrub,grassland_meadow_steppe
44,12,14,plain_rf,scrub,cropland
44,13,467,plain_rf,scrub,grassland_meadow_steppe
44,14,16,plain_rf,scrub,forest
44,15,14,plain_rf,scrub,grassland_meadow_steppe
44,16,139,plain_rf,scrub,grassland_meadow_steppe
44,17,23,plain_rf,scrub,alpine_vegetation
44,18,1037,plain_rf,scrub,scrub
44,19,90,plain_rf,scrub,no_vegetation
44,20,69,plain_rf,scrub,alpine_vegetation
44,21,32059,plain_rf,scrub,cropland
44,22,14,plain_rf,scrub,alpine_vegetation
44,23,19,plain_rf,scrub,desert
44,24,30,plain_rf,scrub,desert
44,25,8,plain_rf,scrub,desert
44,26,13718,plain_rf,scrub,forest
44,27,108,plain_rf,scrub,cropland
44,28,24229,plain_rf,scrub,forest
44,29,15,plain_rf,scrub,desert
44,30,66852,plain_rf,scrub,forest
44,31,40,plain_rf,scrub,grassland_meadow_steppe
44,32,9,plain_rf,scrub,desert
44,33,2043,plain_rf,scrub,cropland
44,34,1044,plain_rf,scrub,forest
44,35,22,plain_rf,scrub,desert
44,36,36042,plain_rf,scrub,forest
44,37,58,plain_rf,scrub,forest
44,38,15,plain_rf,scrub,desert
44,39,6767,plain_rf,scrub,forest
44,40,54010,plain_rf,scrub,grassland_meadow_steppe
44,41,1422,plain_rf,scrub,grassland_meadow_steppe
44,42,18,plain_rf,scrub,desert
44,43,15,plain_rf,scrub,wetland
44,44,194740,plain_rf,scrub,scrub
44,45,1224,plain_rf,scrub,scrub
44,46,1500,plain_rf,scrub,scrub
44,47,42026,plain_rf,scrub,cropland
44,48,67,plain_rf,scrub,wetland
44,49,27572,plain_rf,scrub,forest
44,50,4525,plain_rf,scrub,scrub
44,52,4631,plain_rf,scrub,forest
44,53,22405,plain_rf,scrub,cropland
44,54,8537,plain_rf,scrub,wetland
44,55,7906,plain_rf,scrub,forest
45,1,132,plain_rf,scrub,cropland
45,4,2,plain_rf,scrub,wetland
45,5,115,plain_rf,scrub,grassland_meadow_steppe
45,7,6,plain_rf,scrub,scrub
45,10,161,plain_rf,scrub,forest
45,11,1,plain_rf,scrub,grassland_meadow_steppe
45,12,1,plain_rf,scrub,cropland
45,13,139,plain_rf,scrub,grassland_meadow_steppe
45,14,1,plain_rf,scrub,forest
45,16,1012,plain_rf,scrub,grassland_meadow_steppe
45,18,69,plain_rf,scrub,scrub
45,20,287,plain_rf,scrub,alpine_vegetation
45,21,3,plain_rf,scrub,cropland
45,24,315,plain_rf,scrub,desert
45,25,45,plain_rf,scrub,desert
45,27,2,plain_rf,scrub,cropland
45,28,15,plain_rf,scrub,forest
45,29,128,plain_rf,scrub,desert
45,30,102,plain_rf,scrub,forest
45,31,139,plain_rf,scrub,grassland_meadow_steppe
45,33,9,plain_rf,scrub,cropland
45,34,59,plain_rf,scrub,forest
45,35,2,plain_rf,scrub,desert
45,36,1,plain_rf,scrub,forest
45,39,584,plain_rf,scrub,forest
45,40,40,plain_rf,scrub,grassland_meadow_steppe
45,42,1,plain_rf,scrub,desert
45,44,65,plain_rf,scrub,scrub
45,45,11730,plain_rf,scrub,scrub
45,46,1191,plain_rf,scrub,scrub
45,47,10,plain_rf,scrub,cropland
45,48,1,plain_rf,scrub,wetland
45,49,32,plain_rf,scrub,forest
45,50,3,plain_rf,scrub,scrub
45,52,2,plain_rf,scrub,forest
46,1,627,plain_rf,scrub,cropland
46,2,52,plain_rf,scrub,forest
46,3,93,plain_rf,scrub,forest
46,4,6,plain_rf,scrub,wetland
46,5,240,plain_rf,scrub,grassland_meadow_steppe
46,6,5,plain_rf,scrub,wetland
46,7,168,plain_rf,scrub,scrub
46,9,3,plain_rf,scrub,forest
46,10,23383,plain_rf,scrub,forest
46,11,3,plain_rf,scrub,grassland_meadow_steppe
46,12,5,plain_rf,scrub,cropland
46,13,225,plain_rf,scrub,grassland_meadow_steppe
46,14,3,plain_rf,scrub,forest
46,15,3,plain_rf,scrub,grassland_meadow_steppe
46,16,8677,plain_rf,scrub,grassland_meadow_steppe
46,17,5,plain_rf,scrub,alpine_vegetation
46,18,8551,plain_rf,scrub,scrub
46,19,7,plain_rf,scrub,no_vegetation
46,20,1787,plain_rf,scrub,alpine_vegetation
46,21,22,plain_rf,scrub,cropland
46,22,18,plain_rf,scrub,alpine_vegetation
46,23,6,plain_rf,scrub,desert
46,24,6,plain_rf,scrub,desert
46,25,31,plain_rf,scrub,desert
46,26,293,plain_rf,scrub,forest
46,27,3,plain_rf,scrub,cropland
46,28,295,plain_rf,scrub,forest
46,29,6,plain_rf,scrub,desert
46,30,623,plain_rf,scrub,forest
46,31,18,plain_rf,scrub,grassland_meadow_steppe
46,32,5,plain_rf,scrub,desert
46,33,49,plain_rf,scrub,cropland
46,34,1700,plain_rf,scrub,forest
46,35,1,plain_rf,scrub,desert
46,36,779,plain_rf,scrub,forest
46,37,13,plain_rf,scrub,forest
46,38,7,plain_rf,scrub,desert
46,39,10018,plain_rf,scrub,forest
46,40,928,plain_rf,scrub,grassland_meadow_steppe
46,41,9,plain_rf,scrub,grassland_meadow_steppe
46,42,9,plain_rf,scrub,desert
46,43,178,plain_rf,scrub,wetland
46,44,705,plain_rf,scrub,scrub
46,45,8584,plain_rf,scrub,scrub
46,46,65064,plain_rf,scrub,scrub
46,47,1140,plain_rf,scrub,cropland
46,48,7,plain_rf,scrub,wetland
46,49,1890,plain_rf,scrub,forest
46,50,212,plain_rf,scrub,scrub
46,52,3,plain_rf,scrub,forest
46,53,3,plain_rf,scrub,cropland
46,54,6,plain_rf,scrub,wetland
46,55,8,plain_rf,scrub,forest
47,1,131,plain_rf,cropland,cropland
47,2,19,plain_rf,cropland,forest
47,3,2308,plain_rf,cropland,forest
47,4,50,plain_rf,cropland,wetland
47,5,2799,plain_rf,cropland,grassland_meadow_steppe
47,6,68,plain_rf,cropland,wetland
47,7,1797,plain_rf,cropland,scrub
47,9,19,plain_rf,cropland,forest
47,10,2781,plain_rf,cropland,forest
47,11,42,plain_rf,cropland,grassland_meadow_steppe
47,12,10,plain_rf,cropland,cropland
47,13,18,plain_rf,cropland,grassland_meadow_steppe
47,14,13,plain_rf,cropland,forest
47,15,13,plain_rf,cropland,grassland_meadow_steppe
47,16,8,plain_rf,cropland,grassland_meadow_steppe
47,17,13,plain_rf,cropland,alpine_vegetation
47,18,23,plain_rf,cropland,scrub
47,19,15,plain_rf,cropland,no_vegetation
47,20,19,plain_rf,cropland,alpine_vegetation
47,21,8464,plain_rf,cropland,cropland
47,22,24,plain_rf,cropland,alpine_vegetation
47,23,17,plain_rf,cropland,desert
47,24,13,plain_rf,cropland,desert
47,25,12,plain_rf,cropland,desert
47,26,1884,plain_rf,cropland,forest
47,27,2045,plain_rf,cropland,cropland
47,28,14557,plain_rf,cropland,forest
47,29,11,plain_rf,cropland,desert
47,30,16099,plain_rf,cropland,forest
47,31,16,plain_rf,cropland,grassland_meadow_steppe
47,32,17,plain_rf,cropland,desert
47,33,791,plain_rf,cropland,cropland
47,34,592,plain_rf,cropland,forest
47,35,18,plain_rf,cropland,desert
47,36,9361,plain_rf,cropland,forest
47,37,156,plain_rf,cropland,forest
47,38,13,plain_rf,cropland,desert
47,39,1419,plain_rf,cropland,forest
47,40,36443,plain_rf,cropland,grassland_meadow_steppe
47,41,768,plain_rf,cropland,grassland_meadow_steppe
47,42,15,plain_rf,cropland,desert
47,43,12,plain_rf,cropland,wetland
47,44,32029,plain_rf,cropland,scrub
47,45,72,plain_rf,cropland,scrub
47,46,1940,plain_rf,cropland,scrub
47,47,198321,plain_rf,cropland,cropland
47,48,406,plain_rf,cropland,wetland
47,49,12666,plain_rf,cropland,forest
47,50,2166,plain_rf,cropland,scrub
47,52,3740,plain_rf,cropland,forest
47,53,13,plain_rf,cropland,cropland
47,54,10,plain_rf,cropland,wetland
47,55,191,plain_rf,cropland,forest
48,2,1,plain_rf,wetland,forest
48,4,7,plain_rf,wetland,wetland
48,7,1,plain_rf,wetland,scrub
48,9,1,plain_rf,wetland,forest
48,10,1,plain_rf,wetland,forest
48,16,1,plain_rf,wetland,grassland_meadow_steppe
48,21,51,plain_rf,wetland,cropland
48,26,6,plain_rf,wetland,forest
48,27,8,plain_rf,wetland,cropland
48,28,2,plain_rf,wetland,forest
48,29,1,plain_rf,wetland,desert
48,30,22,plain_rf,wetland,forest
48,32,1,plain_rf,wetland,desert
48,34,1,plain_rf,wetland,forest
48,40,7,plain_rf,wetland,grassland_meadow_steppe
48,43,9,plain_rf,wetland,wetland
48,47,5,plain_rf,wetland,cropland
48,48,1448,plain_rf,wetland,wetland
48,49,27,plain_rf,wetland,forest
48,53,24,plain_rf,wetland,cropland
49,1,99,plain_rf,forest,cropland
49,2,9,plain_rf,forest,forest
49,3,83,plain_rf,forest,forest
49,4,23,plain_rf,forest,wetland
49,5,406,plain_rf,forest,grassland_meadow_steppe
49,6,2,plain_rf,forest,wetland
49,7,97,plain_rf,forest,scrub
49,9,2,plain_rf,forest,forest
49,10,7899,plain_rf,forest,forest
49,11,3,plain_rf,forest,grassland_meadow_steppe
49,12,6,plain_rf,forest,cropland
49,13,3,plain_rf,forest,grassland_meadow_steppe
49,14,8,plain_rf,forest,forest
49,15,6,plain_rf,forest,grassland_meadow_steppe
49,16,8,plain_rf,forest,grassland_meadow_steppe
49,17,4,plain_rf,forest,alpine_vegetation
49,18,10,plain_rf,forest,scrub
49,19,7,plain_rf,forest,no_vegetation
49,20,25,plain_rf,forest,alpine_vegetation
49,21,3768,plain_rf,forest,cropland
49,22,7,plain_rf,forest,alpine_vegetation
49,23,6,plain_rf,forest,desert
49,24,6,plain_rf,forest,desert
49,25,6,plain_rf,forest,desert
49,26,8768,plain_rf,forest,forest
49,27,6,plain_rf,forest,cropland
49,28,1693,plain_rf,forest,forest
49,29,10,plain_rf,forest,desert
49,30,19999,plain_rf,forest,forest
49,31,6,plain_rf,forest,grassland_meadow_steppe
49,32,5,plain_rf,forest,desert
49,33,5,plain_rf,forest,cropland
49,34,2786,plain_rf,forest,forest
49,35,6,plain_rf,forest,desert
49,36,5215,plain_rf,forest,forest
49,37,17,plain_rf,forest,forest
49,38,4,plain_rf,forest,desert
49,39,1389,plain_rf,forest,forest
49,40,11270,plain_rf,forest,grassland_meadow_steppe
49,41,14,plain_rf,forest,grassland_meadow_steppe
49,42,6,plain_rf,forest,desert
49,43,7,plain_rf,forest,wetland
49,44,7574,plain_rf,forest,scrub
49,45,94,plain_rf,forest,scrub
49,46,1202,plain_rf,forest,scrub
49,47,2973,plain_rf,forest,cropland
49,48,37,plain_rf,forest,wetland
49,49,70544,plain_rf,forest,forest
49,50,408,plain_rf,forest,scrub
49,52,9346,plain_rf,forest,forest
49,53,1450,plain_rf,forest,cropland
49,54,36,plain_rf,forest,wetland
49,55,390,plain_rf,forest,forest
50,2,3,plain_rf,scrub,forest
50,10,26,plain_rf,scrub,forest
50,13,1,plain_rf,scrub,grassland_meadow_steppe
50,14,1,plain_rf,scrub,forest
50,15,1,plain_rf,scrub,grassland_meadow_steppe
50,16,1,plain_rf,scrub,grassland_meadow_steppe
50,18,1,plain_rf,scrub,scrub
50,19,1,plain_rf,scrub,no_vegetation
50,20,1,plain_rf,scrub,alpine_vegetation
50,21,11,plain_rf,scrub,cropland
50,25,1,plain_rf,scrub,desert
50,26,1,plain_rf,scrub,forest
50,28,21,plain_rf,scrub,forest
50,30,5,plain_rf,scrub,forest
50,31,1,plain_rf,scrub,grassland_meadow_steppe
50,34,4,plain_rf,scrub,forest
50,35,2,plain_rf,scrub,desert
50,37,1,plain_rf,scrub,forest
50,39,67,plain_rf,scrub,forest
50,40,35,plain_rf,scrub,grassland_meadow_steppe
50,41,1,plain_rf,scrub,grassland_meadow_steppe
50,43,1,plain_rf,scrub,wetland
50,44,31,plain_rf,scrub,scrub
50,45,1,plain_rf,scrub,scrub
50,46,18,plain_rf,scrub,scrub
50,47,14,plain_rf,scrub,cropland
50,48,1,plain_rf,scrub,wetland
50,49,2,plain_rf,scrub,forest
50,50,1980,plain_rf,scrub,scrub
50,53,50,plain_rf,scrub,cropland
50,54,2,plain_rf,scrub,wetland
50,55,6,plain_rf,scrub,forest
52,1,4,plain_rf,forest,cropland
52,2,7,plain_rf,forest,forest
52,3,6,plain_rf,forest,forest
52,4,4,plain_rf,forest,wetland
52,5,6,plain_rf,forest,grassland_meadow_steppe
52,6,8,plain_rf,forest,wetland
52,7,6,plain_rf,forest,scrub
52,9,7,plain_rf,forest,forest
52,10,8,plain_rf,forest,forest
52,11,6,plain_rf,forest,grassland_meadow_steppe
52,12,12,plain_rf,forest,cropland
52,13,8,plain_rf,forest,grassland_meadow_steppe
52,14,7,plain_rf,forest,forest
52,15,12,plain_rf,forest,grassland_meadow_steppe
52,16,6,plain_rf,forest,grassland_meadow_steppe
52,17,10,plain_rf,forest,alpine_vegetation
52,18,5,plain_rf,forest,scrub
52,19,6,plain_rf,forest,no_vegetation
52,20,13,plain_rf,forest,alpine_vegetation
52,21,25,plain_rf,forest,cropland
52,22,5,plain_rf,forest,alpine_vegetation
52,23,3,plain_rf,forest,desert
52,24,6,plain_rf,forest,desert
52,25,9,plain_rf,forest,desert
52,26,27,plain_rf,forest,forest
52,27,4,plain_rf,forest,cropland
52,28,25,plain_rf,forest,forest
52,29,6,plain_rf,forest,desert
52,30,1,plain_rf,forest,forest
52,31,9,plain_rf,forest,grassland_meadow_steppe
52,32,5,plain_rf,forest,desert
52,33,11,plain_rf,forest,cropland
52,34,2,plain_rf,forest,forest
52,35,10,plain_rf,forest,desert
52,36,2,plain_rf,forest,forest
52,37,6,plain_rf,forest,forest
52,38,10,plain_rf,forest,desert
52,39,3,plain_rf,forest,forest
52,40,336,plain_rf,forest,grassland_meadow_steppe
52,41,9,plain_rf,forest,grassland_meadow_steppe
52,42,6,plain_rf,forest,desert
52,43,4,plain_rf,forest,wetland
52,44,200,plain_rf,forest,scrub
52,45,5,plain_rf,forest,scrub
52,46,9,plain_rf,forest,scrub
52,47,46,plain_rf,forest,cropland
52,48,3,plain_rf,forest,wetland
52,49,1186,plain_rf,forest,forest
52,50,5,plain_rf,forest,scrub
52,52,20319,plain_rf,forest,forest
52,53,778,plain_rf,forest,cropland
52,54,8,plain_rf,forest,wetland
52,55,411,plain_rf,forest,forest
53,1,21,plain_rf,cropland,cropland
53,2,87,plain_rf,cropland,forest
53,3,18,plain_rf,cropland,forest
53,4,23,plain_rf,cropland,wetland
53,5,14,plain_rf,cropland,grassland_meadow_steppe
53,6,16,plain_rf,cropland,wetland
53,7,16,plain_rf,cropland,scrub
53,9,14,plain_rf,cropland,forest
53,10,21,plain_rf,cropland,forest
53,11,24,plain_rf,cropland,grassland_meadow_steppe
53,12,14,plain_rf,cropland,cropland
53,13,16,plain_rf,cropland,grassland_meadow_steppe
53,14,22,plain_rf,cropland,forest
53,15,21,plain_rf,cropland,grassland_meadow_steppe
53,16,16,plain_rf,cropland,grassland_meadow_steppe
53,17,15,plain_rf,cropland,alpine_vegetation
53,18,14,plain_rf,cropland,scrub
53,19,17,plain_rf,cropland,no_vegetation
53,20,16,plain_rf,cropland,alpine_vegetation
53,21,2223,plain_rf,cropland,cropland
53,22,14,plain_rf,cropland,alpine_vegetation
53,23,12,plain_rf,cropland,desert
53,24,16,plain_rf,cropland,desert
53,25,22,plain_rf,cropland,desert
53,26,402,plain_rf,cropland,forest
53,27,7,plain_rf,cropland,cropland
53,28,71,plain_rf,cropland,forest
53,29,16,plain_rf,cropland,desert
53,30,444,plain_rf,cropland,forest
53,31,15,plain_rf,cropland,grassland_meadow_steppe
53,32,14,plain_rf,cropland,desert
53,33,13,plain_rf,cropland,cropland
53,34,230,plain_rf,cropland,forest
53,35,29,plain_rf,cropland,desert
53,36,33,plain_rf,cropland,forest
53,37,12,plain_rf,cropland,forest
53,38,20,plain_rf,cropland,desert
53,39,27,plain_rf,cropland,forest
53,40,1039,plain_rf,cropland,grassland_meadow_steppe
53,41,22,plain_rf,cropland,grassland_meadow_steppe
53,42,26,plain_rf,cropland,desert
53,43,22,plain_rf,cropland,wetland
53,44,2236,plain_rf,cropland,scrub
53,45,16,plain_rf,cropland,scrub
53,46,45,plain_rf,cropland,scrub
53,47,42,plain_rf,cropland,cropland
53,48,32,plain_rf,cropland,wetland
53,49,1146,plain_rf,cropland,forest
53,50,435,plain_rf,cropland,scrub
53,52,1780,plain_rf,cropland,forest
53,53,50214,plain_rf,cropland,cropland
53,54,1622,plain_rf,cropland,wetland
53,55,1787,plain_rf,cropland,forest
54,1,1,plain_rf,wetland,cropland
54,2,1,plain_rf,wetland,forest
54,3,2,plain_rf,wetland,forest
54,4,7,plain_rf,wetland,wetland
54,5,2,plain_rf,wetland,grassland_meadow_steppe
54,6,1,plain_rf,wetland,wetland
54,7,4,plain_rf,wetland,scrub
54,9,3,plain_rf,wetland,forest
54,10,4,plain_rf,wetland,forest
54,11,2,plain_rf,wetland,grassland_meadow_steppe
54,12,3,plain_rf,wetland,cropland
54,13,5,plain_rf,wetland,grassland_meadow_steppe
54,14,3,plain_rf,wetland,forest
54,15,5,plain_rf,wetland,grassland_meadow_steppe
54,16,2,plain_rf,wetland,grassland_meadow_steppe
54,17,7,plain_rf,wetland,alpine_vegetation
54,18,5,plain_rf,wetland,scrub
54,19,3,plain_rf,wetland,no_vegetation
54,20,5,plain_rf,wetland,alpine_vegetation
54,21,170,plain_rf,wetland,cropland
54,22,6,plain_rf,wetland,alpine_vegetation
54,23,4,plain_rf,wetland,desert
54,24,3,plain_rf,wetland,desert
54,25,4,plain_rf,wetland,desert
54,26,4,plain_rf,wetland,forest
54,27,1,plain_rf,wetland,cropland
54,28,5,plain_rf,wetland,forest
54,29,3,plain_rf,wetland,desert
54,30,5,plain_rf,wetland,forest
54,31,3,plain_rf,wetland,grassland_meadow_steppe
54,32,6,plain_rf,wetland,desert
54,33,4,plain_rf,wetland,cropland
54,34,3,plain_rf,wetland,forest
54,35,3,plain_rf,wetland,desert
54,36,29,plain_rf,wetland,forest
54,37,4,plain_rf,wetland,forest
54,38,3,plain_rf,wetland,desert
54,39,3,plain_rf,wetland,forest
54,40,32,plain_rf,wetland,grassland_meadow_steppe
54,41,6,plain_rf,wetland,grassland_meadow_steppe
54,42,1,plain_rf,wetland,desert
54,44,210,plain_rf,wetland,scrub
54,45,1,plain_rf,wetland,scrub
54,46,3,plain_rf,wetland,scrub
54,47,1,plain_rf,wetland,cropland
54,48,1,plain_rf,wetland,wetland
54,49,15,plain_rf,wetland,forest
54,50,24,plain_rf,wetland,scrub
54,52,6,plain_rf,wetland,forest
54,53,174,plain_rf,wetland,cropland
54,54,10743,plain_rf,wetland,wetland
54,55,3,plain_rf,wetland,forest
55,21,8,plain_rf,forest,cropland
55,23,1,plain_rf,forest,desert
55,28,54,plain_rf,forest,forest
55,36,7,plain_rf,forest,forest
55,38,1,plain_rf,forest,desert
55,40,138,plain_rf,forest,grassland_meadow_steppe
55,44,114,plain_rf,forest,scrub
55,49,4,plain_rf,forest,forest
55,50,21,plain_rf,forest,scrub
55,52,338,plain_rf,forest,forest
55,53,218,plain_rf,forest,cropland
55,55,5479,plain_rf,forest,forest
