method,original_zone,assigned_zone,pixels,original_pixels,percent_of_original
multiclass_rf,1,45,297,15170,1.95781147000659
multiclass_rf,1,10,218,15170,1.43704680290046
multiclass_rf,1,18,99,15170,0.652603823335531
multiclass_rf,1,2,95,15170,0.626235992089651
multiclass_rf,1,25,84,15170,0.553724456163481
multiclass_rf,1,39,79,15170,0.520764667106131
multiclass_rf,1,4,75,15170,0.494396835860251
multiclass_rf,1,31,50,15170,0.3295978905735
multiclass_rf,1,50,38,15170,0.25049439683586
multiclass_rf,1,17,32,15170,0.21094264996704
multiclass_rf,1,21,31,15170,0.20435069215557
multiclass_rf,1,46,28,15170,0.18457481872116
multiclass_rf,1,3,27,15170,0.17798286090969
multiclass_rf,1,34,26,15170,0.17139090309822
multiclass_rf,1,28,23,15170,0.15161502966381
multiclass_rf,1,5,19,15170,0.12524719841793
multiclass_rf,1,16,19,15170,0.12524719841793
multiclass_rf,1,33,17,15170,0.11206328279499
multiclass_rf,1,44,8,15170,0.0527356624917601
multiclass_rf,1,20,5,15170,0.03295978905735
multiclass_rf,1,9,2,15170,0.01318391562294
multiclass_rf,1,35,2,15170,0.01318391562294
multiclass_rf,1,37,2,15170,0.01318391562294
multiclass_rf,1,6,1,15170,0.00659195781147001
multiclass_rf,1,13,1,15170,0.00659195781147001
multiclass_rf,1,47,1,15170,0.00659195781147001
multiclass_rf,2,4,18268,283513,6.44344351052685
multiclass_rf,2,6,17679,283513,6.23569289591659
multiclass_rf,2,9,16728,283513,5.90025854193635
multiclass_rf,2,5,13073,283513,4.61107603531408
multiclass_rf,2,3,9254,283513,3.26404785671204
multiclass_rf,2,18,5895,283513,2.07926973366301
multiclass_rf,2,1,5646,283513,1.99144307315714
multiclass_rf,2,11,3928,283513,1.38547438741786
multiclass_rf,2,7,2615,283513,0.922356294067644
multiclass_rf,2,12,2386,283513,0.841583983803212
multiclass_rf,2,27,1918,283513,0.67651218815363
multiclass_rf,2,16,1439,283513,0.507560499871258
multiclass_rf,2,25,1318,283513,0.464881680910576
multiclass_rf,2,17,1126,283513,0.397159918592798
multiclass_rf,2,13,1034,283513,0.364709907482197
multiclass_rf,2,34,835,283513,0.294519122579917
multiclass_rf,2,22,582,283513,0.205281592025763
multiclass_rf,2,20,515,283513,0.181649518716955
multiclass_rf,2,53,472,283513,0.166482665697869
multiclass_rf,2,55,359,283513,0.126625586833761
multiclass_rf,2,14,348,283513,0.122745694200971
multiclass_rf,2,10,339,283513,0.119571236592326
multiclass_rf,2,28,332,283513,0.117102214007823
multiclass_rf,2,41,293,283513,0.103346231037025
multiclass_rf,2,33,226,283513,0.0797141577282171
multiclass_rf,2,32,192,283513,0.0677217623177773
multiclass_rf,2,37,158,283513,0.0557293669073376
multiclass_rf,2,44,156,283513,0.0550239318831941
multiclass_rf,2,31,150,283513,0.0529076268107635
multiclass_rf,2,50,108,283513,0.0380934913037497
multiclass_rf,2,42,106,283513,0.0373880562796062
multiclass_rf,2,46,98,283513,0.0345663161830322
multiclass_rf,2,30,91,283513,0.0320972935985299
multiclass_rf,2,36,75,283513,0.0264538134053818
multiclass_rf,2,24,50,283513,0.0176358756035878
multiclass_rf,2,39,50,283513,0.0176358756035878
multiclass_rf,2,26,47,283513,0.0165777230673726
multiclass_rf,2,15,44,283513,0.0155195705311573
multiclass_rf,2,35,17,283513,0.00599619770521987
multiclass_rf,2,21,14,283513,0.0049380451690046
multiclass_rf,2,40,14,283513,0.0049380451690046
multiclass_rf,2,47,13,283513,0.00458532765693284
multiclass_rf,2,52,11,283513,0.00387989263278933
multiclass_rf,2,48,6,283513,0.00211630507243054
multiclass_rf,2,45,5,283513,0.00176358756035878
multiclass_rf,2,49,3,283513,0.00105815253621527
multiclass_rf,2,23,2,283513,0.000705435024143514
multiclass_rf,2,43,1,283513,0.000352717512071757
multiclass_rf,3,9,58139,551735,10.5374862932386
multiclass_rf,3,7,38656,551735,7.00626206421561
multiclass_rf,3,41,30486,551735,5.52547871713776
multiclass_rf,3,6,29781,551735,5.39769998278159
multiclass_rf,3,5,25560,551735,4.63265879452998
multiclass_rf,3,27,21753,551735,3.94265362900668
multiclass_rf,3,2,19714,551735,3.5730921547482
multiclass_rf,3,12,19309,551735,3.4996873499053
multiclass_rf,3,37,13709,551735,2.4847073323244
multiclass_rf,3,1,13083,551735,2.37124706607339
multiclass_rf,3,28,12808,551735,2.3214042973529
multiclass_rf,3,33,10505,551735,1.90399376512275
multiclass_rf,3,11,8761,551735,1.58789998821898
multiclass_rf,3,4,8708,551735,1.57829392733831
multiclass_rf,3,36,5622,551735,1.01896743907854
multiclass_rf,3,47,2526,551735,0.457828486501672
multiclass_rf,3,34,2496,551735,0.452391093550346
multiclass_rf,3,15,2301,551735,0.417048039366725
multiclass_rf,3,22,2038,551735,0.369380227826765
multiclass_rf,3,10,1905,551735,0.345274452409218
multiclass_rf,3,14,1873,551735,0.33947456659447
multiclass_rf,3,13,1619,551735,0.293437972939908
multiclass_rf,3,18,1527,551735,0.276763301222507
multiclass_rf,3,39,1406,551735,0.254832482985491
multiclass_rf,3,24,1297,551735,0.235076621929006
multiclass_rf,3,25,580,551735,0.105122930392308
multiclass_rf,3,26,511,551735,0.0926169266042575
multiclass_rf,3,44,464,551735,0.0840983443138463
multiclass_rf,3,30,427,551735,0.0773922263405439
multiclass_rf,3,40,267,551735,0.0483927972668038
multiclass_rf,3,46,177,551735,0.032080618412825
multiclass_rf,3,49,141,551735,0.0255557468712335
multiclass_rf,3,21,100,551735,0.0181246431710876
multiclass_rf,3,29,100,551735,0.0181246431710876
multiclass_rf,3,32,54,551735,0.00978730731238729
multiclass_rf,3,23,30,551735,0.00543739295132627
multiclass_rf,3,50,18,551735,0.00326243577079576
multiclass_rf,3,35,14,551735,0.00253745004395226
multiclass_rf,3,17,8,551735,0.00144997145368701
multiclass_rf,3,31,6,551735,0.00108747859026525
multiclass_rf,3,16,2,551735,0.000362492863421751
multiclass_rf,4,2,8029,91121,8.81136071816596
multiclass_rf,4,11,4910,91121,5.38843954741498
multiclass_rf,4,13,3152,91121,3.45913675223055
multiclass_rf,4,6,2623,91121,2.8785900066944
multiclass_rf,4,5,2470,91121,2.71068140165275
multiclass_rf,4,14,2030,91121,2.22780698192513
multiclass_rf,4,3,1876,91121,2.05880093502047
multiclass_rf,4,1,1743,91121,1.91284116723917
multiclass_rf,4,12,1651,91121,1.81187651584157
multiclass_rf,4,15,660,91121,0.724311629591422
multiclass_rf,4,7,539,91121,0.591521164166328
multiclass_rf,4,27,506,91121,0.555305582686757
multiclass_rf,4,9,430,91121,0.471900001097442
multiclass_rf,4,22,345,91121,0.378617442740971
multiclass_rf,4,17,299,91121,0.328135117042175
multiclass_rf,4,25,254,91121,0.278750233206396
multiclass_rf,4,48,233,91121,0.255703954083032
multiclass_rf,4,20,142,91121,0.155836744548458
multiclass_rf,4,23,111,91121,0.121816046794921
multiclass_rf,4,30,99,91121,0.108646744438713
multiclass_rf,4,50,87,91121,0.0954774420825057
multiclass_rf,4,21,68,91121,0.0746260466851769
multiclass_rf,4,16,65,91121,0.0713337210961249
multiclass_rf,4,33,55,91121,0.0603593024659519
multiclass_rf,4,18,53,91121,0.0581644187399173
multiclass_rf,4,34,31,91121,0.0340206977535365
multiclass_rf,4,32,22,91121,0.0241437209863807
multiclass_rf,4,39,15,91121,0.0164616279452596
multiclass_rf,4,24,8,91121,0.00877953490413845
multiclass_rf,4,19,5,91121,0.00548720931508653
multiclass_rf,4,35,5,91121,0.00548720931508653
multiclass_rf,4,45,2,91121,0.00219488372603461
multiclass_rf,4,10,1,91121,0.00109744186301731
multiclass_rf,5,2,11735,190111,6.17270962753339
multiclass_rf,5,11,9473,190111,4.98287842365776
multiclass_rf,5,12,9248,190111,4.86452651345793
multiclass_rf,5,6,7565,190111,3.97925422516319
multiclass_rf,5,3,7260,190111,3.8188216357812
multiclass_rf,5,4,6208,190111,3.26546070453577
multiclass_rf,5,1,5119,190111,2.69263745916859
multiclass_rf,5,10,3625,190111,1.90678077544172
multiclass_rf,5,7,3528,190111,1.85575795193334
multiclass_rf,5,13,3524,190111,1.85365391797424
multiclass_rf,5,41,2989,190111,1.57223937594353
multiclass_rf,5,14,2977,190111,1.5659272740662
multiclass_rf,5,33,2390,190111,1.25716029056709
multiclass_rf,5,27,2158,190111,1.13512632093882
multiclass_rf,5,39,2154,190111,1.13302228697971
multiclass_rf,5,26,1983,190111,1.04307483522784
multiclass_rf,5,15,1971,190111,1.03676273335052
multiclass_rf,5,9,1724,190111,0.906838636375591
multiclass_rf,5,46,1671,190111,0.878960186417409
multiclass_rf,5,36,1628,190111,0.856341821356997
multiclass_rf,5,22,1565,190111,0.823203286501044
multiclass_rf,5,25,1337,190111,0.703273350831883
multiclass_rf,5,45,1220,190111,0.641730357527971
multiclass_rf,5,40,1013,190111,0.532846600144126
multiclass_rf,5,47,986,190111,0.518644370920147
multiclass_rf,5,20,847,190111,0.44552919084114
multiclass_rf,5,21,746,190111,0.392402333373661
multiclass_rf,5,28,743,190111,0.39082430790433
multiclass_rf,5,17,715,190111,0.376096070190573
multiclass_rf,5,16,644,190111,0.338749467416404
multiclass_rf,5,18,593,190111,0.311923034437776
multiclass_rf,5,24,553,190111,0.290882694846695
multiclass_rf,5,44,533,190111,0.280362525051154
multiclass_rf,5,49,345,190111,0.181472928973074
multiclass_rf,5,34,286,190111,0.150438428076229
multiclass_rf,5,37,276,190111,0.145178343178459
multiclass_rf,5,35,258,190111,0.135710190362472
multiclass_rf,5,42,224,190111,0.117825901710054
multiclass_rf,5,29,179,190111,0.0941555196700875
multiclass_rf,5,30,168,190111,0.0883694262825402
multiclass_rf,5,32,101,190111,0.0531268574674795
multiclass_rf,5,23,83,190111,0.0436587046514931
multiclass_rf,5,50,62,190111,0.0326125263661756
multiclass_rf,5,43,9,190111,0.00473407640799323
multiclass_rf,6,2,6560,89665,7.31612111749289
multiclass_rf,6,4,2558,89665,2.85284113087604
multiclass_rf,6,12,2055,89665,2.29186416104389
multiclass_rf,6,11,1919,89665,2.14018847933976
multiclass_rf,6,27,1610,89665,1.79557240840908
multiclass_rf,6,15,1023,89665,1.14091339987732
multiclass_rf,6,5,966,89665,1.07734344504545
multiclass_rf,6,9,804,89665,0.896670941839068
multiclass_rf,6,3,681,89665,0.759493670886076
multiclass_rf,6,1,469,89665,0.523058049406123
multiclass_rf,6,24,396,89665,0.441643896726705
multiclass_rf,6,37,382,89665,0.426030223610104
multiclass_rf,6,7,288,89665,0.321195561255785
multiclass_rf,6,23,248,89665,0.276585066636926
multiclass_rf,6,47,181,89665,0.201862488150337
multiclass_rf,6,13,142,89665,0.15836725589695
multiclass_rf,6,49,106,89665,0.118217810739977
multiclass_rf,6,31,94,89665,0.104834662354319
multiclass_rf,6,43,85,89665,0.0947973010650756
multiclass_rf,6,25,77,89665,0.0858752021413038
multiclass_rf,6,42,76,89665,0.0847599397758323
multiclass_rf,6,18,66,89665,0.0736073161211175
multiclass_rf,6,21,63,89665,0.0702615290247031
multiclass_rf,6,14,50,89665,0.0557631182735739
multiclass_rf,6,22,42,89665,0.046841019349802
multiclass_rf,6,33,40,89665,0.0446104946188591
multiclass_rf,6,29,21,89665,0.023420509674901
multiclass_rf,6,30,14,89665,0.0156136731166007
multiclass_rf,6,35,12,89665,0.0133831483856577
multiclass_rf,6,16,8,89665,0.00892209892377182
multiclass_rf,6,32,7,89665,0.00780683655830034
multiclass_rf,6,45,6,89665,0.00669157419282886
multiclass_rf,6,19,4,89665,0.00446104946188591
multiclass_rf,7,41,28002,220816,12.6811462937468
multiclass_rf,7,3,12978,220816,5.8772915006159
multiclass_rf,7,33,11173,220816,5.05986885008333
multiclass_rf,7,12,7423,220816,3.3616223462068
multiclass_rf,7,14,7324,220816,3.31678863850446
multiclass_rf,7,11,6340,220816,2.87116875588725
multiclass_rf,7,9,4823,220816,2.1841714368524
multiclass_rf,7,28,4637,220816,2.09993841026013
multiclass_rf,7,13,3793,220816,1.71771973045431
multiclass_rf,7,27,3661,220816,1.65794145351786
multiclass_rf,7,36,3444,220816,1.55966958916021
multiclass_rf,7,25,3393,220816,1.53657343670749
multiclass_rf,7,4,2768,220816,1.25353235272806
multiclass_rf,7,2,2528,220816,1.14484457647997
multiclass_rf,7,15,2364,220816,1.07057459604376
multiclass_rf,7,6,2245,220816,1.01668357365408
multiclass_rf,7,5,2133,220816,0.965962611404971
multiclass_rf,7,37,2123,220816,0.9614339540613
multiclass_rf,7,32,1814,220816,0.821498442141874
multiclass_rf,7,39,1619,220816,0.733189623940294
multiclass_rf,7,1,1501,220816,0.679751467284979
multiclass_rf,7,24,1449,220816,0.656202449097892
multiclass_rf,7,26,1306,220816,0.5914426490834
multiclass_rf,7,18,1163,220816,0.526682849068908
multiclass_rf,7,40,1000,220816,0.452865734367075
multiclass_rf,7,23,920,220816,0.416636475617709
multiclass_rf,7,35,761,220816,0.344630823853344
multiclass_rf,7,21,669,220816,0.302967176291573
multiclass_rf,7,47,620,220816,0.280776755307586
multiclass_rf,7,19,605,220816,0.27398376929208
multiclass_rf,7,44,554,220816,0.250887616839359
multiclass_rf,7,34,522,220816,0.236395913339613
multiclass_rf,7,49,510,220816,0.230961524527208
multiclass_rf,7,10,476,220816,0.215564089558728
multiclass_rf,7,29,433,220816,0.196090862980943
multiclass_rf,7,31,340,220816,0.153974349684805
multiclass_rf,7,46,268,220816,0.121368016810376
multiclass_rf,7,42,245,220816,0.110952104919933
multiclass_rf,7,22,244,220816,0.110499239185566
multiclass_rf,7,45,178,220816,0.0806101007173393
multiclass_rf,7,16,107,220816,0.048456633577277
multiclass_rf,7,50,103,220816,0.0466451706398087
multiclass_rf,7,20,99,220816,0.0448337077023404
multiclass_rf,7,43,70,220816,0.0317006014056952
multiclass_rf,7,30,38,220816,0.0172088979059488
multiclass_rf,7,38,26,220816,0.0117745090935439
multiclass_rf,7,55,15,220816,0.00679298601550612
multiclass_rf,9,3,490,30434,1.6100414010646
multiclass_rf,9,2,95,30434,0.312150883879871
multiclass_rf,9,12,95,30434,0.312150883879871
multiclass_rf,9,7,61,30434,0.200433725438654
multiclass_rf,9,11,58,30434,0.190576329105606
multiclass_rf,9,5,49,30434,0.16100414010646
multiclass_rf,9,4,22,30434,0.0722875731090228
multiclass_rf,9,14,18,30434,0.0591443779982914
multiclass_rf,9,6,12,30434,0.0394295853321943
multiclass_rf,9,27,3,30434,0.00985739633304856
multiclass_rf,9,1,2,30434,0.00657159755536571
multiclass_rf,9,17,1,30434,0.00328579877768286
multiclass_rf,10,39,23170,145713,15.901120696163
multiclass_rf,10,46,18441,145713,12.6556999032344
multiclass_rf,10,34,7849,145713,5.38661615641707
multiclass_rf,10,18,5160,145713,3.54120771653868
multiclass_rf,10,49,4831,145713,3.31542141058107
multiclass_rf,10,45,2865,145713,1.96619381935723
multiclass_rf,10,36,2483,145713,1.70403464344293
multiclass_rf,10,1,1976,145713,1.35609039687605
multiclass_rf,10,20,1440,145713,0.98824401391777
multiclass_rf,10,28,824,145713,0.565495185741835
multiclass_rf,10,16,787,145713,0.54010280482867
multiclass_rf,10,26,675,145713,0.463239381523955
multiclass_rf,10,3,538,145713,0.369218944088722
multiclass_rf,10,50,382,145713,0.262159175914297
multiclass_rf,10,43,346,145713,0.237453075566353
multiclass_rf,10,30,262,145713,0.179805508087816
multiclass_rf,10,9,253,145713,0.17362898300083
multiclass_rf,10,40,225,145713,0.154413127174652
multiclass_rf,10,47,177,145713,0.121471660044059
multiclass_rf,10,44,118,145713,0.0809811066960395
multiclass_rf,10,5,72,145713,0.0494122006958885
multiclass_rf,10,33,38,145713,0.0260786614783856
multiclass_rf,10,7,32,145713,0.0219609780870616
multiclass_rf,10,31,28,145713,0.0192158558261789
multiclass_rf,10,52,28,145713,0.0192158558261789
multiclass_rf,10,37,23,145713,0.0157844530000755
multiclass_rf,10,53,20,145713,0.0137256113044135
multiclass_rf,10,12,10,145713,0.00686280565220674
multiclass_rf,10,15,9,145713,0.00617652508698606
multiclass_rf,10,19,9,145713,0.00617652508698606
multiclass_rf,10,41,9,145713,0.00617652508698606
multiclass_rf,10,13,7,145713,0.00480396395654472
multiclass_rf,10,4,1,145713,0.000686280565220674
multiclass_rf,10,25,1,145713,0.000686280565220674
multiclass_rf,11,14,5535,146840,3.76940888041406
multiclass_rf,11,5,5401,146840,3.6781530918006
multiclass_rf,11,13,5142,146840,3.50177063470444
multiclass_rf,11,12,4925,146840,3.35399073821847
multiclass_rf,11,4,3740,146840,2.54698992100245
multiclass_rf,11,33,2382,146840,1.62217379460637
multiclass_rf,11,6,2380,146840,1.62081176791065
multiclass_rf,11,27,2113,146840,1.4389812040316
multiclass_rf,11,7,1990,146840,1.35521656224462
multiclass_rf,11,2,1482,146840,1.00926178153092
multiclass_rf,11,25,1318,146840,0.897575592481613
multiclass_rf,11,15,1002,146840,0.682375374557341
multiclass_rf,11,41,669,146840,0.455597929719423
multiclass_rf,11,3,547,146840,0.372514301280305
multiclass_rf,11,20,411,146840,0.279896485971125
multiclass_rf,11,24,267,146840,0.181830563879052
multiclass_rf,11,16,221,146840,0.150503949877418
multiclass_rf,11,32,167,146840,0.11372922909289
multiclass_rf,11,37,118,146840,0.0803595750476709
multiclass_rf,11,22,87,146840,0.0592481612639608
multiclass_rf,11,42,86,146840,0.0585671479160992
multiclass_rf,11,18,72,146840,0.0490329610460365
multiclass_rf,11,17,64,146840,0.0435848542631436
multiclass_rf,11,34,63,146840,0.0429038409152819
multiclass_rf,11,36,61,146840,0.0415418142195587
multiclass_rf,11,9,58,146840,0.0394987741759738
multiclass_rf,11,31,57,146840,0.0388177608281122
multiclass_rf,11,10,37,146840,0.0251974938708799
multiclass_rf,11,28,32,146840,0.0217924271315718
multiclass_rf,11,47,27,146840,0.0183873603922637
multiclass_rf,11,23,11,146840,0.0074911468264778
multiclass_rf,11,1,8,146840,0.00544810678289294
multiclass_rf,11,43,5,146840,0.00340506673930809
multiclass_rf,11,40,2,146840,0.00136202669572324
multiclass_rf,12,3,16269,373799,4.35233909132983
multiclass_rf,12,11,15031,373799,4.0211450538926
multiclass_rf,12,13,12933,373799,3.45988084505309
multiclass_rf,12,6,12701,373799,3.3978154034655
multiclass_rf,12,5,10487,373799,2.80551847383219
multiclass_rf,12,4,10183,373799,2.72419134347604
multiclass_rf,12,7,9715,373799,2.59899036648038
multiclass_rf,12,9,8349,373799,2.23355332678793
multiclass_rf,12,14,7645,373799,2.0452168143842
multiclass_rf,12,15,6125,373799,1.63858116260343
multiclass_rf,12,27,5455,373799,1.45934044767375
multiclass_rf,12,41,3301,373799,0.88309492534758
multiclass_rf,12,33,3184,373799,0.851794681098665
multiclass_rf,12,22,2668,373799,0.713752578257299
multiclass_rf,12,25,2644,373799,0.707332015334445
multiclass_rf,12,24,1348,373799,0.360621617500314
multiclass_rf,12,2,992,373799,0.265383267477976
multiclass_rf,12,23,618,373799,0.165329495263497
multiclass_rf,12,1,599,373799,0.160246549616238
multiclass_rf,12,37,221,373799,0.059122683581283
multiclass_rf,12,29,160,373799,0.0428037528190284
multiclass_rf,12,32,137,373799,0.0366507133512931
multiclass_rf,12,34,54,373799,0.0144462665764221
multiclass_rf,12,36,52,373799,0.0139112196661842
multiclass_rf,12,19,45,373799,0.0120385554803517
multiclass_rf,12,38,32,373799,0.00856075056380568
multiclass_rf,12,26,23,373799,0.00615303946773533
multiclass_rf,13,25,50808,618485,8.21491224524443
multiclass_rf,13,11,37536,618485,6.06902350097415
multiclass_rf,13,12,35395,618485,5.72285504094683
multiclass_rf,13,33,33874,618485,5.47693153431369
multiclass_rf,13,14,24604,618485,3.97810779566198
multiclass_rf,13,4,17529,618485,2.83418352910742
multiclass_rf,13,7,12227,618485,1.97692749217847
multiclass_rf,13,15,11989,618485,1.9384463649078
multiclass_rf,13,18,10488,618485,1.69575656644866
multiclass_rf,13,5,9345,618485,1.51095014430423
multiclass_rf,13,32,6692,618485,1.08199875502235
multiclass_rf,13,24,6023,618485,0.973831216601858
multiclass_rf,13,1,5911,618485,0.955722450827425
multiclass_rf,13,35,3924,618485,0.634453543739945
multiclass_rf,13,16,3840,618485,0.620871969409121
multiclass_rf,13,22,3551,618485,0.574144886294736
multiclass_rf,13,2,3116,618485,0.503811733510109
multiclass_rf,13,31,2134,618485,0.345036662166423
multiclass_rf,13,41,1757,618485,0.284081263086413
multiclass_rf,13,42,1675,618485,0.270823059572989
multiclass_rf,13,20,1441,618485,0.232988673937121
multiclass_rf,13,6,1262,618485,0.204046985779768
multiclass_rf,13,27,1021,618485,0.165080802282998
multiclass_rf,13,3,976,618485,0.157804958891485
multiclass_rf,13,37,682,618485,0.110269448733599
multiclass_rf,13,45,310,618485,0.0501224766970905
multiclass_rf,13,23,272,618485,0.0439784311664794
multiclass_rf,13,28,247,618485,0.0399362959489721
multiclass_rf,13,17,141,618485,0.0227976426267412
multiclass_rf,13,9,134,618485,0.0216658447658391
multiclass_rf,13,43,116,618485,0.0187555074092339
multiclass_rf,13,36,93,618485,0.0150367430091271
multiclass_rf,13,29,59,618485,0.00953943911331722
multiclass_rf,13,38,28,618485,0.00452719144360817
multiclass_rf,13,46,15,618485,0.00242528113050438
multiclass_rf,13,10,11,618485,0.00177853949570321
multiclass_rf,13,19,10,618485,0.00161685408700292
multiclass_rf,13,39,3,618485,0.000485056226100876
multiclass_rf,14,11,368,32665,1.12658809122914
multiclass_rf,14,23,248,32665,0.759222409306597
multiclass_rf,14,15,245,32665,0.750038267258534
multiclass_rf,14,24,210,32665,0.642889943364457
multiclass_rf,14,4,136,32665,0.416347772845553
multiclass_rf,14,12,112,32665,0.342874636461044
multiclass_rf,14,32,106,32665,0.324506352364917
multiclass_rf,14,19,104,32665,0.318383590999541
multiclass_rf,14,7,76,32665,0.23266493188428
multiclass_rf,14,5,64,32665,0.195928363692025
multiclass_rf,14,13,57,32665,0.17449869891321
multiclass_rf,14,27,45,32665,0.137762130720955
multiclass_rf,14,33,33,32665,0.1010255625287
multiclass_rf,14,25,20,32665,0.0612276136537578
multiclass_rf,14,2,14,32665,0.0428593295576305
multiclass_rf,14,38,14,32665,0.0428593295576305
multiclass_rf,14,35,11,32665,0.0336751875095668
multiclass_rf,14,1,7,32665,0.0214296647788152
multiclass_rf,14,37,7,32665,0.0214296647788152
multiclass_rf,14,29,2,32665,0.00612276136537578
multiclass_rf,14,6,1,32665,0.00306138068268789
multiclass_rf,14,9,1,32665,0.00306138068268789
multiclass_rf,15,13,12190,231398,5.26797984425103
multiclass_rf,15,14,10503,231398,4.53893292076855
multiclass_rf,15,23,9421,231398,4.07134028816152
multiclass_rf,15,32,7470,231398,3.22820421956975
multiclass_rf,15,25,6803,231398,2.93995626582771
multiclass_rf,15,12,6647,231398,2.87253995280858
multiclass_rf,15,11,6424,231398,2.77616919765944
multiclass_rf,15,19,6315,231398,2.72906420971659
multiclass_rf,15,27,4663,231398,2.01514274107814
multiclass_rf,15,24,4332,231398,1.87209915383884
multiclass_rf,15,29,4098,231398,1.77097468431015
multiclass_rf,15,33,3435,231398,1.48445535397886
multiclass_rf,15,4,2882,231398,1.24547316744311
multiclass_rf,15,38,2650,231398,1.14521300961979
multiclass_rf,15,6,1970,231398,0.851347029792825
multiclass_rf,15,5,1333,231398,0.576063751631388
multiclass_rf,15,7,1305,231398,0.56396338775616
multiclass_rf,15,42,480,231398,0.207434809289622
multiclass_rf,15,35,476,231398,0.205706185878875
multiclass_rf,15,9,256,231398,0.110631898287799
multiclass_rf,15,28,172,231398,0.0743308066621146
multiclass_rf,15,3,132,231398,0.0570445725546461
multiclass_rf,15,37,120,231398,0.0518587023224056
multiclass_rf,15,43,113,231398,0.0488336113535986
multiclass_rf,15,18,86,231398,0.0371654033310573
multiclass_rf,15,31,86,231398,0.0371654033310573
multiclass_rf,15,41,74,231398,0.0319795330988168
multiclass_rf,15,22,40,231398,0.0172862341074685
multiclass_rf,15,45,37,231398,0.0159897665494084
multiclass_rf,15,34,33,231398,0.0142611431386615
multiclass_rf,15,2,15,231398,0.00648233779030069
multiclass_rf,15,21,9,231398,0.00388940267418042
multiclass_rf,15,53,9,231398,0.00388940267418042
multiclass_rf,15,26,8,231398,0.0034572468214937
multiclass_rf,15,20,7,231398,0.00302509096880699
multiclass_rf,15,30,3,231398,0.00129646755806014
multiclass_rf,16,18,118026,910830,12.9580712097757
multiclass_rf,16,20,93020,910830,10.2126631753456
multiclass_rf,16,31,58991,910830,6.4766202255086
multiclass_rf,16,45,58119,910830,6.38088337011297
multiclass_rf,16,46,51144,910830,5.61509831691973
multiclass_rf,16,22,45990,910830,5.04924080234511
multiclass_rf,16,43,22789,910830,2.50200366698506
multiclass_rf,16,10,9850,910830,1.08143122207218
multiclass_rf,16,42,9371,910830,1.02884182558765
multiclass_rf,16,5,7798,910830,0.856142199971455
multiclass_rf,16,39,5993,910830,0.657971300901376
multiclass_rf,16,17,4635,910830,0.508876519218735
multiclass_rf,16,25,4333,910830,0.475719947739974
multiclass_rf,16,2,4092,910830,0.449260564540035
multiclass_rf,16,4,3184,910830,0.349571270160184
multiclass_rf,16,1,3106,910830,0.341007652361033
multiclass_rf,16,13,1904,910830,0.209040106276693
multiclass_rf,16,34,805,910830,0.0883809272861017
multiclass_rf,16,36,614,910830,0.067411042675362
multiclass_rf,16,15,460,910830,0.0505033870206295
multiclass_rf,16,32,437,910830,0.0479782176695981
multiclass_rf,16,6,399,910830,0.0438061987418069
multiclass_rf,16,24,327,910830,0.0359013207733606
multiclass_rf,16,19,256,910830,0.0281062327766982
multiclass_rf,16,28,255,910830,0.0279964428049142
multiclass_rf,16,11,189,910830,0.0207503046671717
multiclass_rf,16,23,157,910830,0.0172370255700844
multiclass_rf,16,40,134,910830,0.014711856219053
multiclass_rf,16,26,133,910830,0.014602066247269
multiclass_rf,16,33,128,910830,0.0140531163883491
multiclass_rf,16,50,118,910830,0.0129552166705093
multiclass_rf,16,44,80,910830,0.00878319774271818
multiclass_rf,16,49,78,910830,0.00856361779915023
multiclass_rf,16,7,66,910830,0.0072461381377425
multiclass_rf,16,29,45,910830,0.00494054873027898
multiclass_rf,16,30,41,910830,0.00450138884314307
multiclass_rf,16,47,23,910830,0.00252516935103148
multiclass_rf,16,3,12,910830,0.00131747966140773
multiclass_rf,16,21,5,910830,0.000548949858919886
multiclass_rf,16,14,4,910830,0.000439159887135909
multiclass_rf,16,37,1,910830,0.000109789971783977
multiclass_rf,18,16,9541,112962,8.44620314796126
multiclass_rf,18,46,8379,112962,7.41753864131301
multiclass_rf,18,39,5862,112962,5.1893557125405
multiclass_rf,18,45,5025,112962,4.44839857651246
multiclass_rf,18,10,4691,112962,4.15272392485969
multiclass_rf,18,1,2261,112962,2.00155804606859
multiclass_rf,18,31,1942,112962,1.71916219613675
multiclass_rf,18,42,1326,112962,1.17384607213045
multiclass_rf,18,25,1303,112962,1.15348524282502
multiclass_rf,18,43,1209,112962,1.07027141870718
multiclass_rf,18,34,1136,112962,1.00564791699864
multiclass_rf,18,20,1052,112962,0.931286627361414
multiclass_rf,18,5,929,112962,0.822400453249765
multiclass_rf,18,22,894,112962,0.791416582567589
multiclass_rf,18,2,739,112962,0.654202298117951
multiclass_rf,18,36,620,112962,0.548857137798552
multiclass_rf,18,28,477,112962,0.42226589472566
multiclass_rf,18,13,463,112962,0.409872346452789
multiclass_rf,18,11,332,112962,0.293904144756644
multiclass_rf,18,32,301,112962,0.266461287866716
multiclass_rf,18,4,228,112962,0.201837786158177
multiclass_rf,18,17,140,112962,0.123935482728705
multiclass_rf,18,24,139,112962,0.123050229280643
multiclass_rf,18,26,133,112962,0.11773870859227
multiclass_rf,18,50,116,112962,0.102689399975213
multiclass_rf,18,23,106,112962,0.0938368654945911
multiclass_rf,18,33,71,112962,0.0628529948124148
multiclass_rf,18,7,55,112962,0.0486889396434199
multiclass_rf,18,3,31,112962,0.0274428568899276
multiclass_rf,18,37,20,112962,0.0177050689612436
multiclass_rf,18,44,19,112962,0.0168198155131814
multiclass_rf,18,41,12,112962,0.0106230413767462
multiclass_rf,18,47,9,112962,0.00796728103255962
multiclass_rf,18,49,6,112962,0.00531152068837308
multiclass_rf,18,6,2,112962,0.00177050689612436
multiclass_rf,18,35,2,112962,0.00177050689612436
multiclass_rf,19,23,34792,690230,5.04063862770381
multiclass_rf,19,20,33414,690230,4.84099503064196
multiclass_rf,19,38,22059,690230,3.19589122466424
multiclass_rf,19,15,13484,690230,1.95355171464584
multiclass_rf,19,24,12115,690230,1.75521203077235
multiclass_rf,19,14,7579,690230,1.09803978384017
multiclass_rf,19,22,6118,690230,0.886371209596801
multiclass_rf,19,29,5562,690230,0.805818350404937
multiclass_rf,19,31,5480,690230,0.793938252466569
multiclass_rf,19,32,4957,690230,0.718166408298683
multiclass_rf,19,42,4197,690230,0.608058183504049
multiclass_rf,19,45,2533,690230,0.366979122901062
multiclass_rf,19,16,2038,690230,0.295263897541399
multiclass_rf,19,25,1039,690230,0.150529533633716
multiclass_rf,19,35,711,690230,0.103009141880243
multiclass_rf,19,10,645,690230,0.0934471118322878
multiclass_rf,19,27,566,690230,0.0820016516233719
multiclass_rf,19,46,479,690230,0.0693971574692494
multiclass_rf,19,18,439,690230,0.063601987743216
multiclass_rf,19,43,417,690230,0.0604146443938977
multiclass_rf,19,7,129,690230,0.0186894223664576
multiclass_rf,19,13,123,690230,0.0178201469075526
multiclass_rf,19,6,110,690230,0.0159367167465917
multiclass_rf,19,28,75,690230,0.0108659432363125
multiclass_rf,19,33,72,690230,0.01043130550686
multiclass_rf,19,4,32,690230,0.00463613578082668
multiclass_rf,19,5,25,690230,0.00362198107877085
multiclass_rf,19,37,25,690230,0.00362198107877085
multiclass_rf,19,1,24,690230,0.00347710183562001
multiclass_rf,19,3,14,690230,0.00202830940411167
multiclass_rf,19,2,12,690230,0.00173855091781001
multiclass_rf,19,39,10,690230,0.00144879243150834
multiclass_rf,19,17,9,690230,0.0013039131883575
multiclass_rf,19,41,8,690230,0.00115903394520667
multiclass_rf,19,12,4,690230,0.000579516972603335
multiclass_rf,19,26,4,690230,0.000579516972603335
multiclass_rf,19,34,1,690230,0.000144879243150834
multiclass_rf,20,42,42513,378653,11.2274298632257
multiclass_rf,20,16,34443,378653,9.0961909716812
multiclass_rf,20,22,20269,378653,5.35292206849015
multiclass_rf,20,31,16743,378653,4.42172648836798
multiclass_rf,20,45,14064,378653,3.71421855894447
multiclass_rf,20,46,8707,378653,2.29946679413606
multiclass_rf,20,18,3868,378653,1.02151574132517
multiclass_rf,20,10,3332,378653,0.879961336632748
multiclass_rf,20,43,1295,378653,0.34200177999382
multiclass_rf,20,25,1138,378653,0.300539015932793
multiclass_rf,20,19,704,378653,0.185922203178108
multiclass_rf,20,5,627,378653,0.165586962205502
multiclass_rf,20,17,560,378653,0.147892661618949
multiclass_rf,20,39,448,378653,0.118314129295159
multiclass_rf,20,24,440,378653,0.116201376986317
multiclass_rf,20,4,324,378653,0.0855664685081064
multiclass_rf,20,1,305,378653,0.0805486817746063
multiclass_rf,20,2,264,378653,0.0697208261917904
multiclass_rf,20,13,214,378653,0.056516124261527
multiclass_rf,20,32,175,378653,0.0462164567559216
multiclass_rf,20,7,97,378653,0.0256171217447109
multiclass_rf,20,23,76,378653,0.0200711469340003
multiclass_rf,20,34,39,378653,0.0102996675056054
multiclass_rf,20,28,18,378653,0.0047536926948948
multiclass_rf,20,11,13,378653,0.00343322250186847
multiclass_rf,20,6,10,378653,0.00264094038605267
multiclass_rf,20,49,6,378653,0.0015845642316316
multiclass_rf,20,44,3,378653,0.0007922821158158
multiclass_rf,20,29,1,378653,0.000264094038605267
multiclass_rf,21,30,42138,598118,7.04509812445036
multiclass_rf,21,40,38043,598118,6.36045061342411
multiclass_rf,21,26,27559,598118,4.60761923232539
multiclass_rf,21,44,24650,598118,4.12126035330821
multiclass_rf,21,53,23062,598118,3.85576090336689
multiclass_rf,21,36,21776,598118,3.64075316241946
multiclass_rf,21,49,15835,598118,2.64747090039089
multiclass_rf,21,47,11360,598118,1.89929077539883
multiclass_rf,21,48,7962,598118,1.33117545367302
multiclass_rf,21,28,4894,598118,0.818233191443829
multiclass_rf,21,52,2774,598118,0.463788081950384
multiclass_rf,21,55,2637,598118,0.440882902704817
multiclass_rf,21,41,1233,598118,0.206146613210102
multiclass_rf,21,6,1230,598118,0.205645039941951
multiclass_rf,21,50,1202,598118,0.200963689439208
multiclass_rf,21,34,1049,598118,0.175383452763502
multiclass_rf,21,39,713,598118,0.119207246730578
multiclass_rf,21,37,710,598118,0.118705673462427
multiclass_rf,21,5,464,598118,0.0775766654740369
multiclass_rf,21,54,444,598118,0.0742328436863629
multiclass_rf,21,1,386,598118,0.0645357605021083
multiclass_rf,21,9,381,598118,0.0636998050551898
multiclass_rf,21,4,353,598118,0.0590184545524462
multiclass_rf,21,7,327,598118,0.05467148622847
multiclass_rf,21,46,119,598118,0.0198957396366603
multiclass_rf,21,10,65,598118,0.0108674208099405
multiclass_rf,21,3,49,598118,0.00819236337980131
multiclass_rf,21,45,30,598118,0.00501573268151101
multiclass_rf,21,2,29,598118,0.00484854159212731
multiclass_rf,21,18,25,598118,0.00417977723459251
multiclass_rf,22,42,986,41950,2.35041716328963
multiclass_rf,22,16,956,41950,2.27890345649583
multiclass_rf,22,20,907,41950,2.16209773539928
multiclass_rf,22,31,367,41950,0.874851013110846
multiclass_rf,22,25,252,41950,0.600715137067938
multiclass_rf,22,18,147,41950,0.350417163289631
multiclass_rf,22,5,113,41950,0.269368295589988
multiclass_rf,22,45,112,41950,0.266984505363528
multiclass_rf,22,6,59,41950,0.140643623361144
multiclass_rf,22,4,50,41950,0.119189511323004
multiclass_rf,22,24,46,41950,0.109654350417163
multiclass_rf,22,43,45,41950,0.107270560190703
multiclass_rf,22,3,44,41950,0.104886769964243
multiclass_rf,22,32,35,41950,0.0834326579261025
multiclass_rf,22,2,30,41950,0.0715137067938021
multiclass_rf,22,55,25,41950,0.0595947556615018
multiclass_rf,22,12,13,41950,0.0309892729439809
multiclass_rf,22,13,13,41950,0.0309892729439809
multiclass_rf,22,46,6,41950,0.0143027413587604
multiclass_rf,22,17,5,41950,0.0119189511323004
multiclass_rf,22,11,4,41950,0.00953516090584029
multiclass_rf,22,7,3,41950,0.00715137067938021
multiclass_rf,22,1,2,41950,0.00476758045292014
multiclass_rf,22,19,1,41950,0.00238379022646007
multiclass_rf,22,35,1,41950,0.00238379022646007
multiclass_rf,23,24,28351,326740,8.67692966884985
multiclass_rf,23,35,16910,326740,5.17536879476036
multiclass_rf,23,29,16226,326740,4.96602803452286
multiclass_rf,23,19,15378,326740,4.70649446042725
multiclass_rf,23,15,14833,326740,4.53969517047194
multiclass_rf,23,32,12554,326740,3.84219869008998
multiclass_rf,23,14,8109,326740,2.48178980228928
multiclass_rf,23,38,7759,326740,2.37467099222624
multiclass_rf,23,25,2561,326740,0.783803635918467
multiclass_rf,23,33,1297,326740,0.396951704719349
multiclass_rf,23,18,1155,326740,0.353492073208055
multiclass_rf,23,31,816,326740,0.249739854318418
multiclass_rf,23,7,671,326740,0.205362061578013
multiclass_rf,23,42,400,326740,0.122421497214911
multiclass_rf,23,28,386,326740,0.118136744812389
multiclass_rf,23,13,361,326740,0.110485401236457
multiclass_rf,23,20,356,326740,0.108955132521271
multiclass_rf,23,4,320,326740,0.0979371977719287
multiclass_rf,23,27,244,326740,0.0746771133010957
multiclass_rf,23,6,180,326740,0.0550896737467099
multiclass_rf,23,22,137,326740,0.041929362796107
multiclass_rf,23,43,132,326740,0.0403990940809206
multiclass_rf,23,45,130,326740,0.0397869865948461
multiclass_rf,23,16,79,326740,0.0241782456999449
multiclass_rf,23,39,71,326740,0.0217298157556467
multiclass_rf,23,12,70,326740,0.0214237620126094
multiclass_rf,23,26,45,326740,0.0137724184366775
multiclass_rf,23,41,32,326740,0.00979371977719287
multiclass_rf,23,44,29,326740,0.00887555854808104
multiclass_rf,23,11,25,326740,0.00765134357593193
multiclass_rf,23,49,25,326740,0.00765134357593193
multiclass_rf,23,52,14,326740,0.00428475240252188
multiclass_rf,23,40,11,326740,0.00336659117341005
multiclass_rf,23,5,10,326740,0.00306053743037277
multiclass_rf,23,17,7,326740,0.00214237620126094
multiclass_rf,23,2,3,326740,0.000918161229111832
multiclass_rf,23,37,3,326740,0.000918161229111832
multiclass_rf,23,53,1,326740,0.000306053743037277
multiclass_rf,24,23,77923,845076,9.22082747587199
multiclass_rf,24,29,70461,845076,8.3378299703222
multiclass_rf,24,25,61241,845076,7.24680383776134
multiclass_rf,24,35,59432,845076,7.03274025058101
multiclass_rf,24,32,56389,845076,6.67265429381499
multiclass_rf,24,42,13041,845076,1.54317481504622
multiclass_rf,24,38,11926,845076,1.41123401918881
multiclass_rf,24,19,10235,845076,1.21113367318442
multiclass_rf,24,15,7777,845076,0.92027225953642
multiclass_rf,24,33,6816,845076,0.806554676739134
multiclass_rf,24,13,4082,845076,0.483033478645708
multiclass_rf,24,14,3803,845076,0.45001869654327
multiclass_rf,24,12,2278,845076,0.269561554227075
multiclass_rf,24,6,2229,845076,0.26376325916249
multiclass_rf,24,43,2099,845076,0.248380027358486
multiclass_rf,24,18,1982,845076,0.234535118734883
multiclass_rf,24,7,1839,845076,0.217613563750479
multiclass_rf,24,27,1821,845076,0.215483577808386
multiclass_rf,24,31,1476,845076,0.174658847251608
multiclass_rf,24,20,1390,845076,0.164482247750498
multiclass_rf,24,5,1385,845076,0.163890584988806
multiclass_rf,24,22,1067,845076,0.126260833345167
multiclass_rf,24,45,997,845076,0.117977554681472
multiclass_rf,24,1,840,845076,0.0993993439643298
multiclass_rf,24,16,306,845076,0.0362097610155773
multiclass_rf,24,11,244,845076,0.028873142770591
multiclass_rf,24,4,187,845076,0.0221281872872972
multiclass_rf,24,28,153,845076,0.0181048805077886
multiclass_rf,24,3,120,845076,0.0141999062806185
multiclass_rf,24,2,105,845076,0.0124249179955412
multiclass_rf,24,39,82,845076,0.00970326929175601
multiclass_rf,24,26,25,845076,0.0029583138084622
multiclass_rf,24,47,7,845076,0.000828327866369415
multiclass_rf,25,32,8793,237201,3.70698268557047
multiclass_rf,25,24,7556,237201,3.18548404096104
multiclass_rf,25,42,6676,237201,2.81449066403599
multiclass_rf,25,13,6408,237201,2.70150631742699
multiclass_rf,25,35,6319,237201,2.66398539635162
multiclass_rf,25,31,3621,237201,1.52655342937003
multiclass_rf,25,33,1864,237201,0.785831425668526
multiclass_rf,25,20,1739,237201,0.733133502809853
multiclass_rf,25,22,1525,237201,0.642914658875806
multiclass_rf,25,16,1476,237201,0.622257073115206
multiclass_rf,25,18,1472,237201,0.620570739583729
multiclass_rf,25,29,1397,237201,0.588951985868525
multiclass_rf,25,1,1390,237201,0.586000902188439
multiclass_rf,25,43,1083,237201,0.456574803647539
multiclass_rf,25,15,1046,237201,0.440976218481372
multiclass_rf,25,11,986,237201,0.41568121550921
multiclass_rf,25,12,954,237201,0.402190547257389
multiclass_rf,25,23,807,237201,0.34021778997559
multiclass_rf,25,7,537,237201,0.226390276600858
multiclass_rf,25,5,384,237201,0.161888019021842
multiclass_rf,25,45,373,237201,0.157250601810279
multiclass_rf,25,4,363,237201,0.153034767981585
multiclass_rf,25,2,346,237201,0.145867850472806
multiclass_rf,25,6,296,237201,0.124788681329337
multiclass_rf,25,14,80,237201,0.0337266706295505
multiclass_rf,25,37,56,237201,0.0236086694406853
multiclass_rf,25,27,47,237201,0.0198144189948609
multiclass_rf,25,28,36,237201,0.0151770017832977
multiclass_rf,25,38,31,237201,0.0130690848689508
multiclass_rf,25,19,4,237201,0.00168633353147752
multiclass_rf,25,46,3,237201,0.00126475014860814
multiclass_rf,26,36,2193,40883,5.36408776263973
multiclass_rf,26,30,1640,40883,4.01144730083409
multiclass_rf,26,34,1007,40883,2.4631264828902
multiclass_rf,26,49,982,40883,2.401976371597
multiclass_rf,26,21,572,40883,1.39911454638847
multiclass_rf,26,40,505,40883,1.23523224812269
multiclass_rf,26,53,418,40883,1.02242986082235
multiclass_rf,26,44,230,40883,0.562581023897463
multiclass_rf,26,28,202,40883,0.494092899249077
multiclass_rf,26,52,192,40883,0.469632854731796
multiclass_rf,26,39,191,40883,0.467186850280068
multiclass_rf,26,47,189,40883,0.462294841376611
multiclass_rf,26,10,153,40883,0.3742386811144
multiclass_rf,26,41,112,40883,0.273952498593547
multiclass_rf,26,50,50,40883,0.122300222586405
multiclass_rf,26,5,35,40883,0.0856101558104836
multiclass_rf,26,3,34,40883,0.0831641513587555
multiclass_rf,26,48,28,40883,0.0684881246483869
multiclass_rf,26,46,21,40883,0.0513660934862902
multiclass_rf,26,7,20,40883,0.048920089034562
multiclass_rf,26,18,15,40883,0.0366900667759215
multiclass_rf,26,23,12,40883,0.0293520534207372
multiclass_rf,26,15,11,40883,0.0269060489690091
multiclass_rf,26,27,9,40883,0.0220140400655529
multiclass_rf,26,55,7,40883,0.0171220311620967
multiclass_rf,26,1,6,40883,0.0146760267103686
multiclass_rf,26,33,6,40883,0.0146760267103686
multiclass_rf,26,12,2,40883,0.00489200890345621
multiclass_rf,26,32,2,40883,0.00489200890345621
multiclass_rf,26,6,1,40883,0.0024460044517281
multiclass_rf,27,37,54140,857201,6.31590490445065
multiclass_rf,27,41,30228,857201,3.52636079519273
multiclass_rf,27,15,26768,857201,3.12272150872432
multiclass_rf,27,7,23550,857201,2.74731364055805
multiclass_rf,27,11,15484,857201,1.80634413632275
multiclass_rf,27,3,15015,857201,1.75163118101822
multiclass_rf,27,28,14677,857201,1.7122005223979
multiclass_rf,27,33,14250,857201,1.66238723473258
multiclass_rf,27,14,12661,857201,1.47701647571573
multiclass_rf,27,47,9607,857201,1.12074064309304
multiclass_rf,27,4,5421,857201,0.632407101718267
multiclass_rf,27,12,5059,857201,0.590176633018394
multiclass_rf,27,5,3944,857201,0.460102123072652
multiclass_rf,27,6,3629,857201,0.423354615778563
multiclass_rf,27,23,3424,857201,0.399439571349077
multiclass_rf,27,32,3230,857201,0.376807773206051
multiclass_rf,27,24,3137,857201,0.365958509147796
multiclass_rf,27,38,2566,857201,0.299346361005179
multiclass_rf,27,36,1735,857201,0.202402937000773
multiclass_rf,27,13,1702,857201,0.198553198141393
multiclass_rf,27,2,1476,857201,0.172188319892301
multiclass_rf,27,19,1396,857201,0.162855619627135
multiclass_rf,27,25,1034,857201,0.120625150927262
multiclass_rf,27,9,813,857201,0.0948435664447428
multiclass_rf,27,26,607,857201,0.0708118632619421
multiclass_rf,27,34,451,857201,0.0526130977448696
multiclass_rf,27,48,378,857201,0.0440970087529063
multiclass_rf,27,35,243,857201,0.0283480770554397
multiclass_rf,27,44,208,857201,0.0242650206894299
multiclass_rf,27,40,180,857201,0.020998575596622
multiclass_rf,27,39,94,857201,0.0109659228115693
multiclass_rf,27,29,32,857201,0.00373308010606614
multiclass_rf,27,21,29,857201,0.00338310384612244
multiclass_rf,27,30,12,857201,0.0013999050397748
multiclass_rf,27,49,4,857201,0.000466635013258267
multiclass_rf,28,36,2828,46042,6.14221797489249
multiclass_rf,28,39,1479,46042,3.21228443594979
multiclass_rf,28,47,1392,46042,3.02332652795274
multiclass_rf,28,44,1278,46042,2.7757265105773
multiclass_rf,28,26,1008,46042,2.18930541679336
multiclass_rf,28,10,787,46042,1.70930889188133
multiclass_rf,28,30,717,46042,1.5572737934929
multiclass_rf,28,50,611,46042,1.32704921593328
multiclass_rf,28,1,599,46042,1.30098605620955
multiclass_rf,28,34,461,46042,1.00125971938665
multiclass_rf,28,40,451,46042,0.979540419616871
multiclass_rf,28,46,432,46042,0.938273750054298
multiclass_rf,28,18,368,46042,0.799270231527736
multiclass_rf,28,55,360,46042,0.781894791711915
multiclass_rf,28,45,320,46042,0.695017592632814
multiclass_rf,28,27,294,46042,0.638547413231397
multiclass_rf,28,33,231,46042,0.501715824681812
multiclass_rf,28,49,231,46042,0.501715824681812
multiclass_rf,28,21,198,46042,0.430042135441553
multiclass_rf,28,41,122,46042,0.26497545719126
multiclass_rf,28,5,112,46042,0.243256157421485
multiclass_rf,28,3,110,46042,0.23891229746753
multiclass_rf,28,7,100,46042,0.217192997697754
multiclass_rf,28,15,42,46042,0.0912210590330568
multiclass_rf,28,20,27,46042,0.0586421093783936
multiclass_rf,28,13,24,46042,0.052126319447461
multiclass_rf,28,19,19,46042,0.0412666695625733
multiclass_rf,28,37,19,46042,0.0412666695625733
multiclass_rf,28,23,18,46042,0.0390947395855958
multiclass_rf,28,2,12,46042,0.0260631597237305
multiclass_rf,28,53,5,46042,0.0108596498848877
multiclass_rf,28,16,4,46042,0.00868771990791017
multiclass_rf,28,14,3,46042,0.00651578993093263
multiclass_rf,28,24,3,46042,0.00651578993093263
multiclass_rf,28,31,3,46042,0.00651578993093263
multiclass_rf,28,48,2,46042,0.00434385995395509
multiclass_rf,28,11,1,46042,0.00217192997697754
multiclass_rf,28,25,1,46042,0.00217192997697754
multiclass_rf,28,43,1,46042,0.00217192997697754
multiclass_rf,29,24,6511,164217,3.96487574368062
multiclass_rf,29,23,4818,164217,2.93392279727434
multiclass_rf,29,35,2115,164217,1.2879299950675
multiclass_rf,29,32,1334,164217,0.812339769938557
multiclass_rf,29,38,1250,164217,0.761187940347224
multiclass_rf,29,25,862,164217,0.524915203663445
multiclass_rf,29,19,751,164217,0.457321714560612
multiclass_rf,29,15,715,164217,0.435399501878612
multiclass_rf,29,33,373,164217,0.227138481399612
multiclass_rf,29,45,196,164217,0.119354269046445
multiclass_rf,29,14,85,164217,0.0517607799436112
multiclass_rf,29,7,52,164217,0.0316654183184445
multiclass_rf,29,27,46,164217,0.0280117162047778
multiclass_rf,29,22,35,164217,0.0213132623297223
multiclass_rf,29,6,23,164217,0.0140058581023889
multiclass_rf,29,20,23,164217,0.0140058581023889
multiclass_rf,29,40,17,164217,0.0103521559887222
multiclass_rf,29,31,15,164217,0.00913425528416668
multiclass_rf,29,18,1,164217,0.000608950352277779
multiclass_rf,29,47,1,164217,0.000608950352277779
multiclass_rf,30,26,71560,576235,12.4185445174278
multiclass_rf,30,21,53064,576235,9.20874296077121
multiclass_rf,30,47,49474,576235,8.58573325119092
multiclass_rf,30,40,47182,576235,8.18797886279035
multiclass_rf,30,44,37471,576235,6.50272892136021
multiclass_rf,30,36,31439,576235,5.45593377701806
multiclass_rf,30,49,27924,576235,4.84593959061841
multiclass_rf,30,28,15516,576235,2.69265143561221
multiclass_rf,30,39,10068,576235,1.74720383177002
multiclass_rf,30,41,5391,576235,0.935555806224891
multiclass_rf,30,3,5103,576235,0.885576197211207
multiclass_rf,30,53,4589,576235,0.796376478346508
multiclass_rf,30,5,3169,576235,0.549949239459596
multiclass_rf,30,10,2914,576235,0.505696460645396
multiclass_rf,30,50,2807,576235,0.48712764757434
multiclass_rf,30,48,2342,576235,0.40643140385433
multiclass_rf,30,45,2127,576235,0.369120237403143
multiclass_rf,30,34,2057,576235,0.356972415767872
multiclass_rf,30,55,1409,576235,0.244518295487084
multiclass_rf,30,54,1247,576235,0.216404765416887
multiclass_rf,30,7,1157,576235,0.200786137600111
multiclass_rf,30,46,1093,576235,0.189679557819292
multiclass_rf,30,37,784,576235,0.136055602315028
multiclass_rf,30,33,591,576235,0.102562322663497
multiclass_rf,30,6,477,576235,0.0827787274289136
multiclass_rf,30,52,386,576235,0.0669865593030621
multiclass_rf,30,1,252,576235,0.0437321578869732
multiclass_rf,30,27,227,576235,0.0393936501600909
multiclass_rf,30,18,61,576235,0.0105859588535927
multiclass_rf,30,11,9,576235,0.00156186278167761
multiclass_rf,30,13,2,576235,0.000347080618150581
multiclass_rf,31,42,112080,841309,13.3220968752266
multiclass_rf,31,20,53579,841309,6.36852809134337
multiclass_rf,31,22,41483,841309,4.93076859988423
multiclass_rf,31,16,37198,841309,4.42144325093396
multiclass_rf,31,25,32713,841309,3.88834542361962
multiclass_rf,31,18,14660,841309,1.74252266408656
multiclass_rf,31,45,13064,841309,1.55281828674126
multiclass_rf,31,1,3341,841309,0.397119251071842
multiclass_rf,31,24,3190,841309,0.379171029906966
multiclass_rf,31,32,2726,841309,0.324018880102317
multiclass_rf,31,13,2658,841309,0.315936237458532
multiclass_rf,31,6,1611,841309,0.191487313222609
multiclass_rf,31,19,1157,841309,0.137523787336163
multiclass_rf,31,43,1036,841309,0.123141437925899
multiclass_rf,31,35,485,841309,0.0576482600328773
multiclass_rf,31,2,403,841309,0.0479015439036074
multiclass_rf,31,7,223,841309,0.0265063133759415
multiclass_rf,31,15,213,841309,0.0253176894577379
multiclass_rf,31,23,159,841309,0.0188991202994381
multiclass_rf,31,14,118,841309,0.0140257622348031
multiclass_rf,31,33,101,841309,0.0120051015738569
multiclass_rf,31,5,92,841309,0.0109353400474736
multiclass_rf,31,46,64,841309,0.0076071930765034
multiclass_rf,31,36,48,841309,0.00570539480737755
multiclass_rf,31,11,18,841309,0.00213952305276658
multiclass_rf,31,27,13,841309,0.00154521109366475
multiclass_rf,31,4,10,841309,0.00118862391820366
multiclass_rf,31,29,7,841309,0.00083203674274256
multiclass_rf,32,25,2241,60482,3.70523461525743
multiclass_rf,32,24,1501,60482,2.48173010151781
multiclass_rf,32,23,1159,60482,1.91627261003274
multiclass_rf,32,35,977,60482,1.61535663503191
multiclass_rf,32,15,878,60482,1.45167157170728
multiclass_rf,32,29,594,60482,0.982110379947753
multiclass_rf,32,42,453,60482,0.748983168546014
multiclass_rf,32,33,437,60482,0.722529016897589
multiclass_rf,32,38,301,60482,0.497668727885983
multiclass_rf,32,19,275,60482,0.454680731457293
multiclass_rf,32,14,216,60482,0.357131047253728
multiclass_rf,32,13,119,60482,0.196752752885156
multiclass_rf,32,18,93,60482,0.153764756456466
multiclass_rf,32,31,81,60482,0.133924142720148
multiclass_rf,32,22,44,60482,0.0727489170331669
multiclass_rf,32,27,43,60482,0.0710955325551404
multiclass_rf,32,20,35,60482,0.0578684567309282
multiclass_rf,32,43,32,60482,0.0529083032968487
multiclass_rf,32,1,13,60482,0.0214939982143448
multiclass_rf,32,4,11,60482,0.0181872292582917
multiclass_rf,32,45,11,60482,0.0181872292582917
multiclass_rf,32,7,10,60482,0.0165338447802652
multiclass_rf,32,3,7,60482,0.0115736913461856
multiclass_rf,32,6,6,60482,0.00992030686815912
multiclass_rf,32,16,4,60482,0.00661353791210608
multiclass_rf,32,5,2,60482,0.00330676895605304
multiclass_rf,32,28,1,60482,0.00165338447802652
multiclass_rf,33,41,44169,389746,11.3327654421085
multiclass_rf,33,7,20259,389746,5.19800074920589
multiclass_rf,33,13,12229,389746,3.13768454326664
multiclass_rf,33,32,8813,389746,2.26121627932038
multiclass_rf,33,25,7887,389746,2.02362564336773
multiclass_rf,33,24,4574,389746,1.17358484756739
multiclass_rf,33,12,4540,389746,1.16486121730563
multiclass_rf,33,29,4083,389746,1.04760536349315
multiclass_rf,33,11,4034,389746,1.03503307282179
multiclass_rf,33,15,3850,389746,0.987822838464025
multiclass_rf,33,3,3661,389746,0.939329717303064
multiclass_rf,33,23,2654,389746,0.680956315138578
multiclass_rf,33,35,2605,389746,0.668384024467217
multiclass_rf,33,27,2357,389746,0.604752839028496
multiclass_rf,33,5,1986,389746,0.509562638231053
multiclass_rf,33,37,1915,389746,0.491345645625613
multiclass_rf,33,1,1733,389746,0.444648565989131
multiclass_rf,33,28,1519,389746,0.38974101081217
multiclass_rf,33,44,1486,389746,0.38127395791105
multiclass_rf,33,14,1188,389746,0.304813904440328
multiclass_rf,33,45,995,389746,0.255294473836807
multiclass_rf,33,18,501,389746,0.128545257680643
multiclass_rf,33,36,391,389746,0.100321748010243
multiclass_rf,33,20,313,389746,0.0803087138803221
multiclass_rf,33,10,264,389746,0.0677364232089617
multiclass_rf,33,16,234,389746,0.0600391023897615
multiclass_rf,33,47,226,389746,0.0579864835046415
multiclass_rf,33,39,142,389746,0.0364339852108809
multiclass_rf,33,40,126,389746,0.0323287474406408
multiclass_rf,33,34,75,389746,0.0192433020480005
multiclass_rf,33,2,56,389746,0.0143683321958404
multiclass_rf,33,4,50,389746,0.0128288680320003
multiclass_rf,33,26,45,389746,0.0115459812288003
multiclass_rf,33,52,41,389746,0.0105196717862403
multiclass_rf,33,31,33,389746,0.00846705290112022
multiclass_rf,33,6,31,389746,0.00795389817984021
multiclass_rf,33,19,18,389746,0.00461839249152012
multiclass_rf,33,49,15,389746,0.0038486604096001
multiclass_rf,33,22,12,389746,0.00307892832768008
multiclass_rf,33,46,6,389746,0.00153946416384004
multiclass_rf,33,30,2,389746,0.000513154721280013
multiclass_rf,34,39,54,5117,1.05530584326754
multiclass_rf,34,10,23,5117,0.449482118428767
multiclass_rf,34,36,11,5117,0.214969708813758
multiclass_rf,34,49,5,5117,0.0977135040062537
multiclass_rf,34,50,5,5117,0.0977135040062537
multiclass_rf,34,26,3,5117,0.0586281024037522
multiclass_rf,34,46,3,5117,0.0586281024037522
multiclass_rf,34,28,2,5117,0.0390854016025015
multiclass_rf,34,33,2,5117,0.0390854016025015
multiclass_rf,34,18,1,5117,0.0195427008012507
multiclass_rf,34,27,1,5117,0.0195427008012507
multiclass_rf,34,37,1,5117,0.0195427008012507
multiclass_rf,34,40,1,5117,0.0195427008012507
multiclass_rf,34,45,1,5117,0.0195427008012507
multiclass_rf,35,24,385,32864,1.17149464459591
multiclass_rf,35,25,324,32864,0.985881207400195
multiclass_rf,35,32,293,32864,0.891553067185979
multiclass_rf,35,23,155,32864,0.471640701071081
multiclass_rf,35,29,124,32864,0.377312560856865
multiclass_rf,35,33,60,32864,0.182570593962999
multiclass_rf,35,38,43,32864,0.130842259006816
multiclass_rf,35,13,20,32864,0.060856864654333
multiclass_rf,35,16,18,32864,0.0547711781888997
multiclass_rf,35,18,18,32864,0.0547711781888997
multiclass_rf,35,15,17,32864,0.0517283349561831
multiclass_rf,35,7,14,32864,0.0425998052580331
multiclass_rf,35,14,10,32864,0.0304284323271665
multiclass_rf,35,5,6,32864,0.0182570593962999
multiclass_rf,35,2,3,32864,0.00912852969814995
multiclass_rf,35,19,3,32864,0.00912852969814995
multiclass_rf,35,1,2,32864,0.0060856864654333
multiclass_rf,35,27,1,32864,0.00304284323271665
multiclass_rf,36,28,671,22575,2.97231450719823
multiclass_rf,36,26,534,22575,2.36544850498339
multiclass_rf,36,44,384,22575,1.70099667774086
multiclass_rf,36,34,258,22575,1.14285714285714
multiclass_rf,36,30,218,22575,0.965669988925803
multiclass_rf,36,47,161,22575,0.713178294573643
multiclass_rf,36,40,139,22575,0.615725359911406
multiclass_rf,36,21,110,22575,0.487264673311185
multiclass_rf,36,39,105,22575,0.465116279069768
multiclass_rf,36,41,103,22575,0.4562569213732
multiclass_rf,36,49,103,22575,0.4562569213732
multiclass_rf,36,55,59,22575,0.261351052048726
multiclass_rf,36,50,55,22575,0.243632336655593
multiclass_rf,36,48,36,22575,0.159468438538206
multiclass_rf,36,10,35,22575,0.155038759689923
multiclass_rf,36,53,29,22575,0.128460686600221
multiclass_rf,36,7,24,22575,0.106312292358804
multiclass_rf,36,9,23,22575,0.10188261351052
multiclass_rf,36,46,13,22575,0.0575858250276855
multiclass_rf,36,13,12,22575,0.053156146179402
multiclass_rf,36,12,7,22575,0.0310077519379845
multiclass_rf,36,33,3,22575,0.0132890365448505
multiclass_rf,36,3,2,22575,0.008859357696567
multiclass_rf,36,18,1,22575,0.0044296788482835
multiclass_rf,37,41,12843,191634,6.70183787845581
multiclass_rf,37,7,5230,191634,2.7291607961009
multiclass_rf,37,3,3216,191634,1.67819906697141
multiclass_rf,37,27,3093,191634,1.61401421459657
multiclass_rf,37,33,2568,191634,1.34005447885031
multiclass_rf,37,30,646,191634,0.33710093198493
multiclass_rf,37,14,627,191634,0.327186198691255
multiclass_rf,37,12,592,191634,0.308922216308171
multiclass_rf,37,39,434,191634,0.226473381550247
multiclass_rf,37,13,428,191634,0.223342413141718
multiclass_rf,37,28,420,191634,0.219167788597013
multiclass_rf,37,47,418,191634,0.218124132460837
multiclass_rf,37,1,348,191634,0.181596167694668
multiclass_rf,37,25,318,191634,0.165941325652024
multiclass_rf,37,10,289,191634,0.150808311677469
multiclass_rf,37,9,286,191634,0.149242827473204
multiclass_rf,37,21,278,191634,0.145068202928499
multiclass_rf,37,11,274,191634,0.142980890656147
multiclass_rf,37,34,247,191634,0.128891532817767
multiclass_rf,37,5,174,191634,0.090798083847334
multiclass_rf,37,18,157,191634,0.0819270066898358
multiclass_rf,37,26,98,191634,0.0511391506726364
multiclass_rf,37,36,46,191634,0.0240040911320538
multiclass_rf,37,2,41,191634,0.0213949507916132
multiclass_rf,37,46,23,191634,0.0120020455660269
multiclass_rf,37,40,22,191634,0.0114802174979388
multiclass_rf,37,15,20,191634,0.0104365613617625
multiclass_rf,37,44,19,191634,0.0099147332936744
multiclass_rf,37,35,16,191634,0.00834924908941002
multiclass_rf,37,50,10,191634,0.00521828068088126
multiclass_rf,37,6,5,191634,0.00260914034044063
multiclass_rf,37,4,4,191634,0.00208731227235251
multiclass_rf,37,43,1,191634,0.000521828068088126
multiclass_rf,38,23,154,30031,0.512803436449003
multiclass_rf,38,24,87,30031,0.289700642669242
multiclass_rf,38,29,80,30031,0.266391395557923
multiclass_rf,38,19,38,30031,0.126535912890014
multiclass_rf,38,15,35,30031,0.116546235556592
multiclass_rf,38,25,23,30031,0.076587526222903
multiclass_rf,38,13,5,30031,0.0166494622223702
multiclass_rf,38,27,4,30031,0.0133195697778962
multiclass_rf,39,46,1226,21943,5.58720320831245
multiclass_rf,39,10,1033,21943,4.70765164289295
multiclass_rf,39,34,542,21943,2.47003600236978
multiclass_rf,39,45,227,21943,1.03449847331723
multiclass_rf,39,1,160,21943,0.729161919518753
multiclass_rf,39,50,151,21943,0.688146561545823
multiclass_rf,39,36,113,21943,0.514970605660119
multiclass_rf,39,18,73,21943,0.332680125780431
multiclass_rf,39,47,70,21943,0.319008339789455
multiclass_rf,39,5,68,21943,0.30989381579547
multiclass_rf,39,30,54,21943,0.246092147837579
multiclass_rf,39,40,39,21943,0.177733217882696
multiclass_rf,39,28,32,21943,0.145832383903751
multiclass_rf,39,23,18,21943,0.0820307159458597
multiclass_rf,39,26,18,21943,0.0820307159458597
multiclass_rf,39,43,11,21943,0.0501298819669143
multiclass_rf,39,44,7,21943,0.0319008339789455
multiclass_rf,39,16,3,21943,0.0136717859909766
multiclass_rf,39,49,3,21943,0.0136717859909766
multiclass_rf,39,32,2,21943,0.00911452399398441
multiclass_rf,39,20,1,21943,0.00455726199699221
multiclass_rf,40,47,34450,339295,10.1534063278268
multiclass_rf,40,21,23534,339295,6.93614701071339
multiclass_rf,40,49,22983,339295,6.77375145522333
multiclass_rf,40,30,19115,339295,5.63374055025863
multiclass_rf,40,36,19015,339295,5.60426767267422
multiclass_rf,40,44,18562,339295,5.47075553721688
multiclass_rf,40,26,16876,339295,4.97384282114384
multiclass_rf,40,28,9934,339295,2.92783565923459
multiclass_rf,40,53,9458,339295,2.78754476193283
multiclass_rf,40,55,5195,339295,1.53111599050973
multiclass_rf,40,52,4321,339295,1.27352304042205
multiclass_rf,40,10,3540,339295,1.04333986648786
multiclass_rf,40,50,2536,339295,0.747432175540459
multiclass_rf,40,41,2426,339295,0.715012010197616
multiclass_rf,40,39,2352,339295,0.693202080785158
multiclass_rf,40,54,1760,339295,0.518722645485492
multiclass_rf,40,5,1324,339295,0.390220899217495
multiclass_rf,40,46,1299,339295,0.382852679821394
multiclass_rf,40,48,1273,339295,0.37518973164945
multiclass_rf,40,45,1053,339295,0.310349400963763
multiclass_rf,40,7,792,339295,0.233425190468471
multiclass_rf,40,34,416,339295,0.122607170751116
multiclass_rf,40,6,207,339295,0.0610088565997141
multiclass_rf,40,3,203,339295,0.059829941496338
multiclass_rf,40,1,148,339295,0.0436198588249164
multiclass_rf,40,25,78,339295,0.0229888445158343
multiclass_rf,40,20,49,339295,0.0144417100163574
multiclass_rf,40,27,46,339295,0.0135575236888254
multiclass_rf,40,33,19,339295,0.00559984674103656
multiclass_rf,40,31,7,339295,0.00206310143090821
multiclass_rf,40,16,3,339295,0.000884186327532089
multiclass_rf,41,33,5372,91211,5.88964050388659
multiclass_rf,41,37,4600,91211,5.04325136222605
multiclass_rf,41,7,4113,91211,4.50932453322516
multiclass_rf,41,27,2074,91211,2.27384854896887
multiclass_rf,41,28,1454,91211,1.59410597406015
multiclass_rf,41,36,1441,91211,1.5798533071669
multiclass_rf,41,3,1372,91211,1.50420453673351
multiclass_rf,41,47,1196,91211,1.31124535417877
multiclass_rf,41,30,658,91211,0.721404216596682
multiclass_rf,41,12,315,91211,0.345353082413305
multiclass_rf,41,21,242,91211,0.265318876012762
multiclass_rf,41,26,239,91211,0.262029799037397
multiclass_rf,41,5,215,91211,0.235717183234478
multiclass_rf,41,44,137,91211,0.150201181874993
multiclass_rf,41,40,87,91211,0.0953832322855796
multiclass_rf,41,49,51,91211,0.0559143085812018
multiclass_rf,41,11,39,91211,0.0427580006797426
multiclass_rf,41,2,21,91211,0.0230235388275537
multiclass_rf,41,48,5,91211,0.00548179495894136
multiclass_rf,41,13,1,91211,0.00109635899178827
multiclass_rf,42,20,9423,154936,6.08186606082511
multiclass_rf,42,31,4841,154936,3.12451592915785
multiclass_rf,42,43,2497,154936,1.61163319047865
multiclass_rf,42,22,2097,154936,1.35346207466309
multiclass_rf,42,24,1242,154936,0.801621314607322
multiclass_rf,42,25,774,154936,0.499561109103114
multiclass_rf,42,32,454,154936,0.293024216450664
multiclass_rf,42,16,350,154936,0.225899726338617
multiclass_rf,42,15,46,154936,0.0296896783187897
multiclass_rf,42,6,30,154936,0.0193628336861672
multiclass_rf,42,19,23,154936,0.0148448391593948
multiclass_rf,42,13,10,154936,0.00645427789538906
multiclass_rf,42,18,10,154936,0.00645427789538906
multiclass_rf,42,45,9,154936,0.00580885010585016
multiclass_rf,43,42,17,5692,0.298664792691497
multiclass_rf,43,46,12,5692,0.210822206605762
multiclass_rf,43,16,7,5692,0.122979620520028
multiclass_rf,43,18,7,5692,0.122979620520028
multiclass_rf,43,25,3,5692,0.0527055516514406
multiclass_rf,43,48,3,5692,0.0527055516514406
multiclass_rf,43,20,1,5692,0.0175685172171469
multiclass_rf,44,40,49505,565501,8.75418434273326
multiclass_rf,44,47,47239,565501,8.35347771268309
multiclass_rf,44,36,47108,565501,8.33031241324065
multiclass_rf,44,30,44143,565501,7.80599857471516
multiclass_rf,44,28,32914,565501,5.8203256935001
multiclass_rf,44,21,31930,565501,5.64632069616146
multiclass_rf,44,53,28893,565501,5.10927478465997
multiclass_rf,44,26,26842,565501,4.74658753919091
multiclass_rf,44,49,26701,565501,4.72165389627958
multiclass_rf,44,55,12187,565501,2.1550801855346
multiclass_rf,44,54,10724,565501,1.89637153603619
multiclass_rf,44,50,6271,565501,1.10892818934007
multiclass_rf,44,52,5320,565501,0.940758725448761
multiclass_rf,44,39,5096,565501,0.901147831745656
multiclass_rf,44,41,4379,565501,0.774357605026339
multiclass_rf,44,1,2748,565501,0.485940785250601
multiclass_rf,44,45,2735,565501,0.483641938741046
multiclass_rf,44,5,2659,565501,0.470202528377492
multiclass_rf,44,7,2218,565501,0.392218581399502
multiclass_rf,44,10,1974,565501,0.349071000758619
multiclass_rf,44,18,1211,565501,0.214146394082415
multiclass_rf,44,46,1135,565501,0.200706983718862
multiclass_rf,44,3,1127,565501,0.199292308943751
multiclass_rf,44,34,958,565501,0.169407304319533
multiclass_rf,44,48,528,565501,0.0933685351573207
multiclass_rf,44,33,453,565501,0.0801059591406558
multiclass_rf,44,37,62,565501,0.0109637295071096
multiclass_rf,44,2,57,565501,0.0100795577726653
multiclass_rf,44,27,38,565501,0.00671970518177687
multiclass_rf,44,6,19,565501,0.00335985259088843
multiclass_rf,44,23,12,565501,0.00212201216266638
multiclass_rf,44,16,8,565501,0.00141467477511092
multiclass_rf,44,20,6,565501,0.00106100608133319
multiclass_rf,44,31,6,565501,0.00106100608133319
multiclass_rf,45,16,199,16377,1.21511876412041
multiclass_rf,45,39,199,16377,1.21511876412041
multiclass_rf,45,20,154,16377,0.940343164193686
multiclass_rf,45,46,124,16377,0.757159430909202
multiclass_rf,45,1,85,16377,0.519020577639372
multiclass_rf,45,10,43,16377,0.262563351041094
multiclass_rf,45,18,41,16377,0.250351102155462
multiclass_rf,45,31,38,16377,0.232032728827014
multiclass_rf,45,34,37,16377,0.225926604384197
multiclass_rf,45,24,20,16377,0.122122488856323
multiclass_rf,45,2,10,16377,0.0610612444281614
multiclass_rf,45,47,10,16377,0.0610612444281614
multiclass_rf,45,25,8,16377,0.0488489955425292
multiclass_rf,45,30,8,16377,0.0488489955425292
multiclass_rf,45,28,6,16377,0.0366367466568969
multiclass_rf,45,32,6,16377,0.0366367466568969
multiclass_rf,45,13,5,16377,0.0305306222140807
multiclass_rf,45,50,3,16377,0.0183183733284484
multiclass_rf,45,29,2,16377,0.0122122488856323
multiclass_rf,45,40,2,16377,0.0122122488856323
multiclass_rf,45,5,1,16377,0.00610612444281615
multiclass_rf,45,33,1,16377,0.00610612444281615
multiclass_rf,45,35,1,16377,0.00610612444281615
multiclass_rf,45,44,1,16377,0.00610612444281615
multiclass_rf,45,49,1,16377,0.00610612444281615
multiclass_rf,46,10,17989,136275,13.200513667217
multiclass_rf,46,39,16727,136275,12.274445055953
multiclass_rf,46,45,13445,136275,9.86607961841864
multiclass_rf,46,18,10142,136275,7.44230416437351
multiclass_rf,46,16,2623,136275,1.92478444322143
multiclass_rf,46,34,2526,136275,1.85360484314805
multiclass_rf,46,20,1463,136275,1.07356448358099
multiclass_rf,46,36,953,136275,0.699321225463218
multiclass_rf,46,49,845,136275,0.620069711979453
multiclass_rf,46,47,728,136275,0.534213905705375
multiclass_rf,46,40,718,136275,0.526875802605027
multiclass_rf,46,1,679,136275,0.498257200513667
multiclass_rf,46,26,618,136275,0.453494771601541
multiclass_rf,46,43,610,136275,0.447624289121262
multiclass_rf,46,28,314,136275,0.230416437350945
multiclass_rf,46,50,182,136275,0.133553476426344
multiclass_rf,46,44,178,136275,0.130618235186204
multiclass_rf,46,5,116,136275,0.0851219959640433
multiclass_rf,46,30,89,136275,0.0653091175931022
multiclass_rf,46,13,55,136275,0.0403595670519171
multiclass_rf,46,33,29,136275,0.0212804989910108
multiclass_rf,46,7,28,136275,0.020546688680976
multiclass_rf,46,2,23,136275,0.0168776371308017
multiclass_rf,46,3,22,136275,0.0161438268207668
multiclass_rf,46,25,17,136275,0.0124747752705926
multiclass_rf,46,31,15,136275,0.0110071546505228
multiclass_rf,46,21,13,136275,0.00953953403045313
multiclass_rf,46,22,10,136275,0.00733810310034856
multiclass_rf,46,37,6,136275,0.00440286186020914
multiclass_rf,46,53,2,136275,0.00146762062006971
multiclass_rf,47,40,32593,353790,9.21252720540434
multiclass_rf,47,44,21695,353790,6.13216880070098
multiclass_rf,47,28,17329,353790,4.89810339466915
multiclass_rf,47,30,11688,353790,3.30365471042144
multiclass_rf,47,49,10001,353790,2.82681816897029
multiclass_rf,47,21,6257,353790,1.76856327199751
multiclass_rf,47,36,5470,353790,1.54611492693406
multiclass_rf,47,52,4798,353790,1.35617174029792
multiclass_rf,47,10,3311,353790,0.935865909155149
multiclass_rf,47,50,3289,353790,0.929647531021227
multiclass_rf,47,26,3208,353790,0.906752593346335
multiclass_rf,47,5,3134,353790,0.885836230532237
multiclass_rf,47,39,1784,353790,0.504253935950705
multiclass_rf,47,46,1717,353790,0.4853161479974
multiclass_rf,47,27,1651,353790,0.466661013595636
multiclass_rf,47,41,1429,353790,0.40391192515334
multiclass_rf,47,7,641,353790,0.181180926538342
multiclass_rf,47,55,597,353790,0.168744170270499
multiclass_rf,47,3,533,353790,0.150654342971819
multiclass_rf,47,33,516,353790,0.145849232595608
multiclass_rf,47,48,516,353790,0.145849232595608
multiclass_rf,47,45,408,353790,0.115322649029085
multiclass_rf,47,34,253,353790,0.0715113485400944
multiclass_rf,47,37,179,353790,0.0505949857259957
multiclass_rf,47,1,58,353790,0.0163939059894288
multiclass_rf,47,53,32,353790,0.00904491364934
multiclass_rf,47,6,26,353790,0.00734899234008875
multiclass_rf,48,27,2,1612,0.124069478908189
multiclass_rf,48,43,1,1612,0.0620347394540943
multiclass_rf,48,47,1,1612,0.0620347394540943
multiclass_rf,49,26,16450,157503,10.4442455064348
multiclass_rf,49,30,10271,157503,6.52114562897215
multiclass_rf,49,52,10158,157503,6.44940096379117
multiclass_rf,49,40,8082,157503,5.13133083179368
multiclass_rf,49,10,7452,157503,4.73133845069618
multiclass_rf,49,36,7353,157503,4.66848250509514
multiclass_rf,49,44,4445,157503,2.82216846663238
multiclass_rf,49,34,4388,157503,2.78597867977118
multiclass_rf,49,28,2943,157503,1.86853583741262
multiclass_rf,49,47,2631,157503,1.67044437248814
multiclass_rf,49,53,2275,157503,1.44441693174098
multiclass_rf,49,39,1774,157503,1.12632775248725
multiclass_rf,49,21,1739,157503,1.10410595353739
multiclass_rf,49,55,939,157503,0.596179120397707
multiclass_rf,49,45,768,157503,0.487609759814099
multiclass_rf,49,50,494,157503,0.313644819463756
multiclass_rf,49,46,478,157503,0.303486282800963
multiclass_rf,49,48,286,157503,0.181583842847438
multiclass_rf,49,5,167,157503,0.10602972641791
multiclass_rf,49,6,152,157503,0.0965060982965404
multiclass_rf,49,1,73,157503,0.0463483235239964
multiclass_rf,49,54,70,157503,0.0444435978997226
multiclass_rf,49,7,56,157503,0.035554878319778
multiclass_rf,49,41,52,157503,0.0330152441540796
multiclass_rf,49,37,9,157503,0.00571417687282147
multiclass_rf,49,18,5,157503,0.00317454270712304
multiclass_rf,49,20,4,157503,0.00253963416569843
multiclass_rf,49,19,1,157503,0.000634908541424608
multiclass_rf,50,39,11,2266,0.485436893203884
multiclass_rf,50,53,9,2266,0.397175639894087
multiclass_rf,50,48,4,2266,0.176522506619594
multiclass_rf,50,10,2,2266,0.088261253309797
multiclass_rf,50,1,1,2266,0.0441306266548985
multiclass_rf,52,55,777,23336,3.32961947206034
multiclass_rf,52,49,675,23336,2.89252656839218
multiclass_rf,52,53,338,23336,1.44840589646898
multiclass_rf,52,44,54,23336,0.231402125471375
multiclass_rf,52,40,48,23336,0.205690778196777
multiclass_rf,52,26,26,23336,0.111415838189921
multiclass_rf,52,28,6,23336,0.0257113472745972
multiclass_rf,52,21,5,23336,0.021426122728831
multiclass_rf,52,10,3,23336,0.0128556736372986
multiclass_rf,52,47,2,23336,0.0085704490915324
multiclass_rf,53,55,2741,63702,4.3028476342972
multiclass_rf,53,52,1797,63702,2.82094753696901
multiclass_rf,53,54,1558,63702,2.44576308436156
multiclass_rf,53,49,582,63702,0.913629085429029
multiclass_rf,53,44,428,63702,0.671878433958118
multiclass_rf,53,50,425,63702,0.66716900568271
multiclass_rf,53,21,394,63702,0.618504913503501
multiclass_rf,53,48,388,63702,0.609086056952686
multiclass_rf,53,26,351,63702,0.551003108222662
multiclass_rf,53,40,266,63702,0.41756930708612
multiclass_rf,53,34,251,63702,0.394022165709083
multiclass_rf,53,30,171,63702,0.26843741169822
multiclass_rf,53,28,92,63702,0.144422467112493
multiclass_rf,53,36,20,63702,0.0313961885027158
multiclass_rf,53,46,13,63702,0.0204075225267653
multiclass_rf,53,39,10,63702,0.0156980942513579
multiclass_rf,53,45,1,63702,0.00156980942513579
multiclass_rf,54,53,96,11371,0.84425292410518
multiclass_rf,54,21,38,11371,0.334183449124967
multiclass_rf,54,50,8,11371,0.0703544103420983
multiclass_rf,54,30,5,11371,0.0439715064638115
multiclass_rf,54,44,3,11371,0.0263829038782869
multiclass_rf,54,52,1,11371,0.00879430129276229
multiclass_rf,55,52,135,6380,2.11598746081505
multiclass_rf,55,53,16,6380,0.250783699059561
multiclass_rf,55,28,7,6380,0.109717868338558
multiclass_rf,55,50,7,6380,0.109717868338558
multiclass_rf,55,44,1,6380,0.0156739811912226
optimized_mf,1,2,620,15263,4.06211098735504
optimized_mf,1,39,521,15263,3.41348358776125
optimized_mf,1,10,396,15263,2.59450959837516
optimized_mf,1,13,300,15263,1.96553757452663
optimized_mf,1,3,299,15263,1.95898578261154
optimized_mf,1,45,238,15263,1.55932647579113
optimized_mf,1,18,224,15263,1.46760138897989
optimized_mf,1,25,190,15263,1.24484046386687
optimized_mf,1,4,181,15263,1.18587433663107
optimized_mf,1,33,169,15263,1.10725283365
optimized_mf,1,31,147,15263,0.96311341151805
optimized_mf,1,21,137,15263,0.897595492367162
optimized_mf,1,5,133,15263,0.871388324706807
optimized_mf,1,46,126,15263,0.825525781301186
optimized_mf,1,50,86,15263,0.563454104697635
optimized_mf,1,28,80,15263,0.524143353207102
optimized_mf,1,7,77,15263,0.504487977461836
optimized_mf,1,47,57,15263,0.37345213916006
optimized_mf,1,17,52,15263,0.340693179584616
optimized_mf,1,16,50,15263,0.327589595754439
optimized_mf,1,12,42,15263,0.275175260433729
optimized_mf,1,20,21,15263,0.137587630216864
optimized_mf,1,32,18,15263,0.117932254471598
optimized_mf,1,44,14,15263,0.0917250868112429
optimized_mf,1,30,10,15263,0.0655179191508878
optimized_mf,1,19,8,15263,0.0524143353207102
optimized_mf,1,37,8,15263,0.0524143353207102
optimized_mf,1,49,4,15263,0.0262071676603551
optimized_mf,1,53,4,15263,0.0262071676603551
optimized_mf,1,24,3,15263,0.0196553757452663
optimized_mf,1,27,3,15263,0.0196553757452663
optimized_mf,1,29,3,15263,0.0196553757452663
optimized_mf,1,38,3,15263,0.0196553757452663
optimized_mf,1,43,3,15263,0.0196553757452663
optimized_mf,1,52,3,15263,0.0196553757452663
optimized_mf,1,11,2,15263,0.0131035838301776
optimized_mf,1,26,2,15263,0.0131035838301776
optimized_mf,1,34,2,15263,0.0131035838301776
optimized_mf,1,40,2,15263,0.0131035838301776
optimized_mf,1,42,2,15263,0.0131035838301776
optimized_mf,1,54,2,15263,0.0131035838301776
optimized_mf,1,15,1,15263,0.00655179191508878
optimized_mf,1,22,1,15263,0.00655179191508878
optimized_mf,1,23,1,15263,0.00655179191508878
optimized_mf,1,36,1,15263,0.00655179191508878
optimized_mf,1,48,1,15263,0.00655179191508878
optimized_mf,1,55,1,15263,0.00655179191508878
optimized_mf,2,3,22086,284043,7.77558327436339
optimized_mf,2,9,13033,284043,4.58838978605352
optimized_mf,2,5,11988,284043,4.22048774305299
optimized_mf,2,6,9218,284043,3.24528328457311
optimized_mf,2,4,6943,284043,2.44434821488296
optimized_mf,2,18,5005,284043,1.76205715331834
optimized_mf,2,11,4984,284043,1.7546639065212
optimized_mf,2,13,4099,284043,1.44309136292744
optimized_mf,2,16,3750,284043,1.32022264234641
optimized_mf,2,12,2417,284043,0.85092750041367
optimized_mf,2,7,2398,284043,0.844238372359115
optimized_mf,2,1,2296,284043,0.808328316487292
optimized_mf,2,27,1720,284043,0.605542118622885
optimized_mf,2,25,1264,284043,0.445003045313562
optimized_mf,2,53,844,284043,0.297138109370764
optimized_mf,2,10,593,284043,0.208771207176378
optimized_mf,2,28,450,284043,0.158426717081569
optimized_mf,2,20,429,284043,0.151033470284429
optimized_mf,2,17,373,284043,0.131318145492056
optimized_mf,2,31,364,284043,0.128149611150424
optimized_mf,2,34,287,284043,0.101041039560912
optimized_mf,2,14,239,284043,0.0841421897388776
optimized_mf,2,41,169,284043,0.0594980337484113
optimized_mf,2,30,152,284043,0.053513024436441
optimized_mf,2,33,143,284043,0.0503444900948096
optimized_mf,2,55,136,284043,0.047880074495763
optimized_mf,2,44,119,284043,0.0418950651837926
optimized_mf,2,24,107,284043,0.0376703527282841
optimized_mf,2,50,102,284043,0.0359100558718222
optimized_mf,2,22,95,284043,0.0334456402727756
optimized_mf,2,32,70,284043,0.0246441559904662
optimized_mf,2,36,64,284043,0.022531799762712
optimized_mf,2,37,61,284043,0.0214756216488349
optimized_mf,2,39,50,284043,0.0176029685646187
optimized_mf,2,46,40,284043,0.014082374851695
optimized_mf,2,52,31,284043,0.0109138405100636
optimized_mf,2,29,18,284043,0.00633706868326275
optimized_mf,2,40,18,284043,0.00633706868326275
optimized_mf,2,42,18,284043,0.00633706868326275
optimized_mf,2,21,13,284043,0.00457677182680087
optimized_mf,2,35,12,284043,0.0042247124555085
optimized_mf,2,45,12,284043,0.0042247124555085
optimized_mf,2,48,12,284043,0.0042247124555085
optimized_mf,2,54,11,284043,0.00387265308421612
optimized_mf,2,19,8,284043,0.002816474970339
optimized_mf,2,47,8,284043,0.002816474970339
optimized_mf,2,49,8,284043,0.002816474970339
optimized_mf,2,15,6,284043,0.00211235622775425
optimized_mf,2,26,6,284043,0.00211235622775425
optimized_mf,2,38,6,284043,0.00211235622775425
optimized_mf,2,23,5,284043,0.00176029685646187
optimized_mf,2,43,4,284043,0.0014082374851695
optimized_mf,3,7,41830,552373,7.57278143573274
optimized_mf,3,9,39781,552373,7.20183644023151
optimized_mf,3,6,23401,552373,4.2364489212905
optimized_mf,3,41,22986,552373,4.1613185293271
optimized_mf,3,27,21828,552373,3.95167758018585
optimized_mf,3,2,21566,552373,3.90424586284992
optimized_mf,3,12,19165,552373,3.4695758119966
optimized_mf,3,5,18005,552373,3.25957278867722
optimized_mf,3,28,13557,552373,2.45431981650081
optimized_mf,3,33,11448,552373,2.07251259565547
optimized_mf,3,37,10301,552373,1.86486305449397
optimized_mf,3,11,9115,552373,1.65015306685881
optimized_mf,3,36,7853,552373,1.42168426045444
optimized_mf,3,1,6305,552373,1.1414388465765
optimized_mf,3,4,5365,552373,0.971263982852167
optimized_mf,3,13,3139,552373,0.568275422585825
optimized_mf,3,10,2315,552373,0.419100861193433
optimized_mf,3,15,1828,552373,0.330935798817104
optimized_mf,3,47,1815,552373,0.328582316659214
optimized_mf,3,24,1715,552373,0.31047860775237
optimized_mf,3,18,1536,552373,0.27807296880912
optimized_mf,3,14,1335,552373,0.241684513906364
optimized_mf,3,39,1155,552373,0.209097837874045
optimized_mf,3,34,586,552373,0.106087734194104
optimized_mf,3,22,529,552373,0.0957686201172034
optimized_mf,3,46,458,552373,0.0829149867933444
optimized_mf,3,30,410,552373,0.0742252065180594
optimized_mf,3,26,400,552373,0.072414835627375
optimized_mf,3,44,339,552373,0.0613715731942003
optimized_mf,3,25,307,552373,0.0555783863440103
optimized_mf,3,32,247,552373,0.0447161609999041
optimized_mf,3,23,131,552373,0.0237158586679653
optimized_mf,3,21,130,552373,0.0235348215788969
optimized_mf,3,45,41,552373,0.00742252065180594
optimized_mf,3,19,28,552373,0.00506903849391625
optimized_mf,3,40,27,552373,0.00488800140484781
optimized_mf,3,43,22,552373,0.00398281595950562
optimized_mf,3,16,20,552373,0.00362074178136875
optimized_mf,3,35,20,552373,0.00362074178136875
optimized_mf,3,31,19,552373,0.00343970469230031
optimized_mf,3,52,16,552373,0.002896593425095
optimized_mf,3,42,15,552373,0.00271555633602656
optimized_mf,3,17,14,552373,0.00253451924695812
optimized_mf,3,54,14,552373,0.00253451924695812
optimized_mf,3,38,12,552373,0.00217244506882125
optimized_mf,3,20,11,552373,0.00199140797975281
optimized_mf,3,53,10,552373,0.00181037089068437
optimized_mf,3,50,9,552373,0.00162933380161594
optimized_mf,3,55,9,552373,0.00162933380161594
optimized_mf,3,48,8,552373,0.0014482967125475
optimized_mf,3,29,4,552373,0.00072414835627375
optimized_mf,3,49,2,552373,0.000362074178136875
optimized_mf,4,2,16812,91405,18.3928669110005
optimized_mf,4,13,7483,91405,8.18664186860675
optimized_mf,4,11,6851,91405,7.49521360975877
optimized_mf,4,3,4489,91405,4.91110989551994
optimized_mf,4,12,4442,91405,4.8596903889284
optimized_mf,4,5,3584,91405,3.92101088561895
optimized_mf,4,14,2580,91405,2.82260270225918
optimized_mf,4,6,2561,91405,2.80181609321153
optimized_mf,4,15,1509,91405,1.65089437120508
optimized_mf,4,27,1297,91405,1.41895957551556
optimized_mf,4,1,1135,91405,1.24172638258301
optimized_mf,4,16,1007,91405,1.10169027952519
optimized_mf,4,7,995,91405,1.08856189486352
optimized_mf,4,25,346,91405,0.378535091078169
optimized_mf,4,17,284,91405,0.310705103659537
optimized_mf,4,22,257,91405,0.281166238170778
optimized_mf,4,9,219,91405,0.239593020075488
optimized_mf,4,20,207,91405,0.226464635413818
optimized_mf,4,23,206,91405,0.225370603358678
optimized_mf,4,21,205,91405,0.224276571303539
optimized_mf,4,48,147,91405,0.160822712105465
optimized_mf,4,33,108,91405,0.118155461955035
optimized_mf,4,30,105,91405,0.114873365789618
optimized_mf,4,39,76,91405,0.0831464361905804
optimized_mf,4,50,34,91405,0.0371970898747333
optimized_mf,4,32,32,91405,0.0350090257644549
optimized_mf,4,18,30,91405,0.0328209616541765
optimized_mf,4,19,13,91405,0.0142224167168098
optimized_mf,4,31,13,91405,0.0142224167168098
optimized_mf,4,35,13,91405,0.0142224167168098
optimized_mf,4,44,10,91405,0.0109403205513922
optimized_mf,4,41,9,91405,0.00984628849625294
optimized_mf,4,26,8,91405,0.00875225644111373
optimized_mf,4,38,8,91405,0.00875225644111373
optimized_mf,4,45,8,91405,0.00875225644111373
optimized_mf,4,10,7,91405,0.00765822438597451
optimized_mf,4,24,7,91405,0.00765822438597451
optimized_mf,4,40,7,91405,0.00765822438597451
optimized_mf,4,47,7,91405,0.00765822438597451
optimized_mf,4,54,7,91405,0.00765822438597451
optimized_mf,4,49,5,91405,0.00547016027569608
optimized_mf,4,52,5,91405,0.00547016027569608
optimized_mf,4,34,4,91405,0.00437612822055686
optimized_mf,4,36,4,91405,0.00437612822055686
optimized_mf,4,42,4,91405,0.00437612822055686
optimized_mf,4,43,4,91405,0.00437612822055686
optimized_mf,4,46,4,91405,0.00437612822055686
optimized_mf,4,37,3,91405,0.00328209616541765
optimized_mf,4,53,3,91405,0.00328209616541765
optimized_mf,4,28,2,91405,0.00218806411027843
optimized_mf,4,29,2,91405,0.00218806411027843
optimized_mf,4,55,1,91405,0.00109403205513922
optimized_mf,5,2,18568,190463,9.74887510960134
optimized_mf,5,3,18176,190463,9.54306085696435
optimized_mf,5,12,14711,190463,7.72380987383376
optimized_mf,5,11,13619,190463,7.15047017005928
optimized_mf,5,13,6973,190463,3.66107852968818
optimized_mf,5,6,5710,190463,2.99795760856439
optimized_mf,5,7,5650,190463,2.96645542703832
optimized_mf,5,4,4268,190463,2.24085517922116
optimized_mf,5,10,4238,190463,2.22510408845813
optimized_mf,5,14,3372,190463,1.77042260176517
optimized_mf,5,16,3014,190463,1.58245958532628
optimized_mf,5,39,2889,190463,1.5168300404803
optimized_mf,5,27,2696,190463,1.41549802323811
optimized_mf,5,1,2577,190463,1.35301869654474
optimized_mf,5,36,2555,190463,1.34146789665184
optimized_mf,5,46,2473,190463,1.29841491523288
optimized_mf,5,47,2320,190463,1.2180843523414
optimized_mf,5,15,1874,190463,0.983918136330941
optimized_mf,5,41,1848,190463,0.970267191002977
optimized_mf,5,33,1631,190463,0.856334301150355
optimized_mf,5,26,1392,190463,0.73085061140484
optimized_mf,5,25,1254,190463,0.658395593894877
optimized_mf,5,44,1170,190463,0.614292539758378
optimized_mf,5,24,1127,190463,0.591715976331361
optimized_mf,5,20,1031,190463,0.541312485889648
optimized_mf,5,21,908,190463,0.476733013761203
optimized_mf,5,49,709,190463,0.372250778366402
optimized_mf,5,9,658,190463,0.345473924069242
optimized_mf,5,18,571,190463,0.299795760856439
optimized_mf,5,40,550,190463,0.288769997322315
optimized_mf,5,22,534,190463,0.280369415582029
optimized_mf,5,17,508,190463,0.266718470254065
optimized_mf,5,28,495,190463,0.259892997590083
optimized_mf,5,34,282,190463,0.148060253172532
optimized_mf,5,35,214,190463,0.112357780776319
optimized_mf,5,45,190,190463,0.0997569081658905
optimized_mf,5,32,182,190463,0.0955566172957477
optimized_mf,5,30,166,190463,0.0871560355554622
optimized_mf,5,37,162,190463,0.0850558901203908
optimized_mf,5,42,159,190463,0.0834807810440873
optimized_mf,5,23,111,190463,0.0582790358232308
optimized_mf,5,31,90,190463,0.047253272289106
optimized_mf,5,29,74,190463,0.0388526905488205
optimized_mf,5,50,35,190463,0.0183762725568746
optimized_mf,5,38,15,190463,0.00787554538151767
optimized_mf,5,43,11,190463,0.00577539994644629
optimized_mf,5,48,10,190463,0.00525036358767845
optimized_mf,5,55,8,190463,0.00420029087014276
optimized_mf,5,52,7,190463,0.00367525451137491
optimized_mf,5,54,5,190463,0.00262518179383922
optimized_mf,5,19,4,190463,0.00210014543507138
optimized_mf,5,53,4,190463,0.00210014543507138
optimized_mf,6,2,13455,90294,14.9013223469998
optimized_mf,6,12,6941,90294,7.68711099297849
optimized_mf,6,3,3769,90294,4.17414224643941
optimized_mf,6,11,3468,90294,3.84078676324008
optimized_mf,6,4,2873,90294,3.18182824993909
optimized_mf,6,27,2816,90294,3.11870113185815
optimized_mf,6,5,2064,90294,2.28586617050967
optimized_mf,6,21,1962,90294,2.17290185394378
optimized_mf,6,15,1604,90294,1.77641925266352
optimized_mf,6,24,1136,90294,1.25811238842005
optimized_mf,6,25,847,90294,0.93804682481671
optimized_mf,6,9,574,90294,0.635701154008018
optimized_mf,6,23,335,90294,0.371010255387955
optimized_mf,6,1,248,90294,0.274658338317053
optimized_mf,6,47,224,90294,0.24807849912508
optimized_mf,6,7,196,90294,0.217068686734445
optimized_mf,6,13,196,90294,0.217068686734445
optimized_mf,6,37,181,90294,0.200456287239462
optimized_mf,6,33,144,90294,0.159479035151837
optimized_mf,6,22,142,90294,0.157264048552506
optimized_mf,6,42,113,90294,0.125146742862206
optimized_mf,6,10,109,90294,0.120716769663544
optimized_mf,6,31,103,90294,0.11407180986555
optimized_mf,6,18,102,90294,0.112964316565885
optimized_mf,6,49,100,90294,0.110749329966554
optimized_mf,6,43,72,90294,0.0797395175759187
optimized_mf,6,29,64,90294,0.0708795711785944
optimized_mf,6,14,59,90294,0.0653421046802667
optimized_mf,6,28,48,90294,0.0531596783839458
optimized_mf,6,19,37,90294,0.0409772520876249
optimized_mf,6,30,35,90294,0.0387622654882938
optimized_mf,6,45,28,90294,0.031009812390635
optimized_mf,6,36,27,90294,0.0299023190909695
optimized_mf,6,52,21,90294,0.0232573592929763
optimized_mf,6,55,19,90294,0.0210423726936452
optimized_mf,6,17,16,90294,0.0177198927946486
optimized_mf,6,48,16,90294,0.0177198927946486
optimized_mf,6,26,15,90294,0.0166123994949831
optimized_mf,6,38,15,90294,0.0166123994949831
optimized_mf,6,44,15,90294,0.0166123994949831
optimized_mf,6,40,14,90294,0.0155049061953175
optimized_mf,6,41,14,90294,0.0155049061953175
optimized_mf,6,46,14,90294,0.0155049061953175
optimized_mf,6,50,14,90294,0.0155049061953175
optimized_mf,6,53,14,90294,0.0155049061953175
optimized_mf,6,16,13,90294,0.014397412895652
optimized_mf,6,35,13,90294,0.014397412895652
optimized_mf,6,34,12,90294,0.0132899195959864
optimized_mf,6,54,12,90294,0.0132899195959864
optimized_mf,6,39,11,90294,0.0121824262963209
optimized_mf,6,20,7,90294,0.00775245309765876
optimized_mf,6,32,3,90294,0.00332247989899661
optimized_mf,7,3,23239,220966,10.517002615787
optimized_mf,7,41,22713,220966,10.2789569436022
optimized_mf,7,33,12201,220966,5.52166396640207
optimized_mf,7,13,8460,220966,3.82864332069187
optimized_mf,7,36,6927,220966,3.13487142818352
optimized_mf,7,11,6659,220966,3.0135858005304
optimized_mf,7,12,6612,220966,2.99231555985989
optimized_mf,7,27,5720,220966,2.58863354543233
optimized_mf,7,25,5128,220966,2.32071902464633
optimized_mf,7,14,4779,220966,2.16277617370998
optimized_mf,7,9,4102,220966,1.85639419639221
optimized_mf,7,2,3474,220966,1.57218757636922
optimized_mf,7,15,3236,220966,1.46447869808025
optimized_mf,7,28,3156,220966,1.42827403310917
optimized_mf,7,24,2819,220966,1.27576188191849
optimized_mf,7,4,2301,220966,1.04133667623073
optimized_mf,7,5,2297,220966,1.03952644298218
optimized_mf,7,23,1954,220966,0.884298941918666
optimized_mf,7,39,1568,220966,0.709611433433198
optimized_mf,7,6,1223,220966,0.553478815745409
optimized_mf,7,32,1109,220966,0.501887168161618
optimized_mf,7,18,1044,220966,0.472470877872614
optimized_mf,7,1,1003,220966,0.453915987074935
optimized_mf,7,10,963,220966,0.435813654589394
optimized_mf,7,37,958,220966,0.433550863028701
optimized_mf,7,44,906,220966,0.410017830797498
optimized_mf,7,40,772,220966,0.349375016970937
optimized_mf,7,47,738,220966,0.333988034358227
optimized_mf,7,26,712,220966,0.322221518242626
optimized_mf,7,42,683,220966,0.309097327190609
optimized_mf,7,49,621,220966,0.28103871183802
optimized_mf,7,19,613,220966,0.277418245340912
optimized_mf,7,21,514,220966,0.232614972439199
optimized_mf,7,35,429,220966,0.194147515907425
optimized_mf,7,34,373,220966,0.168804250427668
optimized_mf,7,46,265,220966,0.119927952716708
optimized_mf,7,29,217,220966,0.0982051537340586
optimized_mf,7,31,212,220966,0.095942362173366
optimized_mf,7,16,202,220966,0.0914167790519808
optimized_mf,7,30,159,220966,0.0719567716300245
optimized_mf,7,45,79,220966,0.035752106658943
optimized_mf,7,50,66,220966,0.0298688486011423
optimized_mf,7,55,19,220966,0.00859860793063186
optimized_mf,7,22,17,220966,0.00769349130635482
optimized_mf,7,43,13,220966,0.00588325805780075
optimized_mf,7,20,12,220966,0.00543069974566223
optimized_mf,7,38,10,220966,0.00452558312138519
optimized_mf,7,52,6,220966,0.00271534987283111
optimized_mf,7,17,3,220966,0.00135767493641556
optimized_mf,7,48,2,220966,0.000905116624277038
optimized_mf,7,53,1,220966,0.000452558312138519
optimized_mf,7,54,1,220966,0.000452558312138519
optimized_mf,9,3,4439,30500,14.5540983606557
optimized_mf,9,2,470,30500,1.54098360655738
optimized_mf,9,12,365,30500,1.19672131147541
optimized_mf,9,11,285,30500,0.934426229508197
optimized_mf,9,7,100,30500,0.327868852459016
optimized_mf,9,5,89,30500,0.291803278688525
optimized_mf,9,14,48,30500,0.157377049180328
optimized_mf,9,27,27,30500,0.0885245901639344
optimized_mf,9,1,12,30500,0.039344262295082
optimized_mf,9,4,8,30500,0.0262295081967213
optimized_mf,9,10,8,30500,0.0262295081967213
optimized_mf,9,48,4,30500,0.0131147540983607
optimized_mf,9,6,3,30500,0.00983606557377049
optimized_mf,9,31,3,30500,0.00983606557377049
optimized_mf,9,35,3,30500,0.00983606557377049
optimized_mf,9,36,3,30500,0.00983606557377049
optimized_mf,9,54,3,30500,0.00983606557377049
optimized_mf,9,15,2,30500,0.00655737704918033
optimized_mf,9,18,2,30500,0.00655737704918033
optimized_mf,9,19,2,30500,0.00655737704918033
optimized_mf,9,26,2,30500,0.00655737704918033
optimized_mf,9,28,2,30500,0.00655737704918033
optimized_mf,9,38,2,30500,0.00655737704918033
optimized_mf,9,41,2,30500,0.00655737704918033
optimized_mf,9,44,2,30500,0.00655737704918033
optimized_mf,9,45,2,30500,0.00655737704918033
optimized_mf,9,52,2,30500,0.00655737704918033
optimized_mf,9,53,2,30500,0.00655737704918033
optimized_mf,9,13,1,30500,0.00327868852459016
optimized_mf,9,16,1,30500,0.00327868852459016
optimized_mf,9,24,1,30500,0.00327868852459016
optimized_mf,9,32,1,30500,0.00327868852459016
optimized_mf,9,37,1,30500,0.00327868852459016
optimized_mf,9,42,1,30500,0.00327868852459016
optimized_mf,9,43,1,30500,0.00327868852459016
optimized_mf,9,50,1,30500,0.00327868852459016
optimized_mf,10,46,27073,146264,18.5096811245419
optimized_mf,10,39,15178,146264,10.377126292184
optimized_mf,10,49,7794,146264,5.32872066947438
optimized_mf,10,18,6802,146264,4.65049499535087
optimized_mf,10,34,4169,146264,2.85032543893234
optimized_mf,10,16,2171,146264,1.48430235738117
optimized_mf,10,36,2054,146264,1.40431001476782
optimized_mf,10,20,1869,146264,1.27782639610567
optimized_mf,10,1,1863,146264,1.2737242246896
optimized_mf,10,47,913,146264,0.624213750478587
optimized_mf,10,28,829,146264,0.566783350653613
optimized_mf,10,45,785,146264,0.536700760269102
optimized_mf,10,3,781,146264,0.533965979325056
optimized_mf,10,30,582,146264,0.397910627358749
optimized_mf,10,5,481,146264,0.328857408521577
optimized_mf,10,40,408,146264,0.278947656292731
optimized_mf,10,43,297,146264,0.203057485095444
optimized_mf,10,9,223,146264,0.152464037630586
optimized_mf,10,50,150,146264,0.102554285401739
optimized_mf,10,26,141,146264,0.096401028277635
optimized_mf,10,44,104,146264,0.0711043045452059
optimized_mf,10,33,94,146264,0.06426735218509
optimized_mf,10,7,78,146264,0.0533282284089045
optimized_mf,10,41,52,146264,0.035552152272603
optimized_mf,10,13,44,146264,0.0300825903845102
optimized_mf,10,21,43,146264,0.0293988951484986
optimized_mf,10,52,34,146264,0.0232456380243942
optimized_mf,10,12,31,146264,0.0211945523163595
optimized_mf,10,14,31,146264,0.0211945523163595
optimized_mf,10,53,30,146264,0.0205108570803479
optimized_mf,10,37,29,146264,0.0198271618443363
optimized_mf,10,23,21,146264,0.0143575999562435
optimized_mf,10,15,19,146264,0.0129902094842203
optimized_mf,10,29,18,146264,0.0123065142482087
optimized_mf,10,24,17,146264,0.0116228190121971
optimized_mf,10,38,16,146264,0.0109391237761855
optimized_mf,10,48,16,146264,0.0109391237761855
optimized_mf,10,55,16,146264,0.0109391237761855
optimized_mf,10,54,14,146264,0.00957173330416234
optimized_mf,10,4,13,146264,0.00888803806815074
optimized_mf,10,11,11,146264,0.00752064759612755
optimized_mf,10,31,11,146264,0.00752064759612755
optimized_mf,10,6,10,146264,0.00683695236011596
optimized_mf,10,22,10,146264,0.00683695236011596
optimized_mf,10,27,10,146264,0.00683695236011596
optimized_mf,10,2,9,146264,0.00615325712410436
optimized_mf,10,17,8,146264,0.00546956188809276
optimized_mf,10,25,8,146264,0.00546956188809276
optimized_mf,10,42,8,146264,0.00546956188809276
optimized_mf,10,35,7,146264,0.00478586665208117
optimized_mf,10,19,5,146264,0.00341847618005798
optimized_mf,10,32,3,146264,0.00205108570803479
optimized_mf,11,13,13890,147057,9.44531712193231
optimized_mf,11,12,7262,147057,4.9382212339433
optimized_mf,11,5,6765,147057,4.60025704318734
optimized_mf,11,14,5144,147057,3.49796337474585
optimized_mf,11,27,4878,147057,3.31708113180603
optimized_mf,11,4,4372,147057,2.97299686516113
optimized_mf,11,33,4320,147057,2.93763642669169
optimized_mf,11,7,4088,147057,2.77987447044343
optimized_mf,11,3,2677,147057,1.8203825727439
optimized_mf,11,2,2454,147057,1.66874069238459
optimized_mf,11,6,2251,147057,1.53069898066736
optimized_mf,11,25,1642,147057,1.11657384551568
optimized_mf,11,15,904,147057,0.614727622622521
optimized_mf,11,16,590,147057,0.401204974941689
optimized_mf,11,41,430,147057,0.29240362580496
optimized_mf,11,24,412,147057,0.280163474027078
optimized_mf,11,20,360,147057,0.244803035557641
optimized_mf,11,31,89,147057,0.0605207504573057
optimized_mf,11,46,84,147057,0.0571207082967829
optimized_mf,11,42,83,147057,0.0564406998646783
optimized_mf,11,18,55,147057,0.0374004637657507
optimized_mf,11,10,43,147057,0.029240362580496
optimized_mf,11,34,37,147057,0.0251603119878687
optimized_mf,11,1,36,147057,0.0244803035557641
optimized_mf,11,22,36,147057,0.0244803035557641
optimized_mf,11,32,36,147057,0.0244803035557641
optimized_mf,11,28,28,147057,0.0190402360989276
optimized_mf,11,17,24,147057,0.0163202023705094
optimized_mf,11,9,14,147057,0.00952011804946381
optimized_mf,11,36,12,147057,0.0081601011852547
optimized_mf,11,23,11,147057,0.00748009275315014
optimized_mf,11,38,8,147057,0.00544006745683647
optimized_mf,11,49,8,147057,0.00544006745683647
optimized_mf,11,45,6,147057,0.00408005059262735
optimized_mf,11,19,5,147057,0.00340004216052279
optimized_mf,11,21,5,147057,0.00340004216052279
optimized_mf,11,39,5,147057,0.00340004216052279
optimized_mf,11,40,5,147057,0.00340004216052279
optimized_mf,11,43,5,147057,0.00340004216052279
optimized_mf,11,52,5,147057,0.00340004216052279
optimized_mf,11,37,4,147057,0.00272003372841823
optimized_mf,11,47,4,147057,0.00272003372841823
optimized_mf,11,50,4,147057,0.00272003372841823
optimized_mf,11,54,4,147057,0.00272003372841823
optimized_mf,11,26,3,147057,0.00204002529631367
optimized_mf,11,29,3,147057,0.00204002529631367
optimized_mf,11,44,3,147057,0.00204002529631367
optimized_mf,11,53,3,147057,0.00204002529631367
optimized_mf,11,55,3,147057,0.00204002529631367
optimized_mf,11,35,2,147057,0.00136001686420912
optimized_mf,11,48,2,147057,0.00136001686420912
optimized_mf,12,3,30240,374213,8.08095923979124
optimized_mf,12,13,25460,374213,6.803611846729
optimized_mf,12,11,14725,374213,3.93492476210073
optimized_mf,12,27,12179,374213,3.25456357742783
optimized_mf,12,7,11098,374213,2.96569066280434
optimized_mf,12,5,10109,374213,2.70140267708498
optimized_mf,12,14,8910,374213,2.38099691886706
optimized_mf,12,4,7645,374213,2.04295414643532
optimized_mf,12,33,7510,374213,2.00687843554339
optimized_mf,12,6,6865,374213,1.83451670572642
optimized_mf,12,15,6271,374213,1.67578357780195
optimized_mf,12,9,5234,374213,1.39866867265434
optimized_mf,12,24,4465,374213,1.19317073431441
optimized_mf,12,41,3156,374213,0.843369952406784
optimized_mf,12,25,2638,374213,0.704946113577027
optimized_mf,12,22,788,374213,0.210575260613608
optimized_mf,12,2,711,374213,0.189998744030806
optimized_mf,12,23,658,374213,0.175835687162124
optimized_mf,12,19,265,374213,0.0708152843434087
optimized_mf,12,1,243,374213,0.0649362796054653
optimized_mf,12,29,83,374213,0.0221798815113318
optimized_mf,12,26,61,374213,0.0163008767733884
optimized_mf,12,32,41,374213,0.0109563270116217
optimized_mf,12,34,26,374213,0.0069479146902967
optimized_mf,12,45,25,374213,0.00668068720220837
optimized_mf,12,46,18,374213,0.00481009478559003
optimized_mf,12,18,15,374213,0.00400841232132502
optimized_mf,12,10,13,374213,0.00347395734514835
optimized_mf,12,55,12,374213,0.00320672985706002
optimized_mf,12,21,10,374213,0.00267227488088335
optimized_mf,12,37,9,374213,0.00240504739279501
optimized_mf,12,28,8,374213,0.00213781990470668
optimized_mf,12,35,8,374213,0.00213781990470668
optimized_mf,12,42,8,374213,0.00213781990470668
optimized_mf,12,49,8,374213,0.00213781990470668
optimized_mf,12,53,8,374213,0.00213781990470668
optimized_mf,12,54,8,374213,0.00213781990470668
optimized_mf,12,17,7,374213,0.00187059241661834
optimized_mf,12,50,7,374213,0.00187059241661834
optimized_mf,12,52,7,374213,0.00187059241661834
optimized_mf,12,16,6,374213,0.00160336492853001
optimized_mf,12,36,6,374213,0.00160336492853001
optimized_mf,12,38,6,374213,0.00160336492853001
optimized_mf,12,48,6,374213,0.00160336492853001
optimized_mf,12,40,5,374213,0.00133613744044167
optimized_mf,12,30,4,374213,0.00106890995235334
optimized_mf,12,39,4,374213,0.00106890995235334
optimized_mf,12,44,4,374213,0.00106890995235334
optimized_mf,12,47,4,374213,0.00106890995235334
optimized_mf,12,20,3,374213,0.000801682464265004
optimized_mf,12,31,3,374213,0.000801682464265004
optimized_mf,12,43,3,374213,0.000801682464265004
optimized_mf,13,25,47310,618971,7.64333062453653
optimized_mf,13,33,36644,618971,5.92014811679384
optimized_mf,13,12,32775,618971,5.29507844470904
optimized_mf,13,11,32009,618971,5.17132466626062
optimized_mf,13,14,21607,618971,3.49079359129911
optimized_mf,13,15,16012,618971,2.58687402156159
optimized_mf,13,7,13767,618971,2.22417528446405
optimized_mf,13,5,9517,618971,1.53755184007005
optimized_mf,13,4,8971,618971,1.44934092227261
optimized_mf,13,16,8807,618971,1.42284533524188
optimized_mf,13,24,8631,618971,1.39441104672109
optimized_mf,13,18,6189,618971,0.999885293495172
optimized_mf,13,31,5082,618971,0.821040081037722
optimized_mf,13,1,4426,618971,0.715057732914789
optimized_mf,13,32,4139,618971,0.668690455611006
optimized_mf,13,27,2088,618971,0.337334059269336
optimized_mf,13,35,1458,618971,0.235552231041519
optimized_mf,13,20,1431,618971,0.231190152688898
optimized_mf,13,2,1349,618971,0.217942359173532
optimized_mf,13,42,1097,618971,0.177229627882405
optimized_mf,13,22,1021,618971,0.164951185112065
optimized_mf,13,41,958,618971,0.154773002289283
optimized_mf,13,3,874,618971,0.141202091858908
optimized_mf,13,19,277,618971,0.0447516927287385
optimized_mf,13,6,201,618971,0.0324732499583987
optimized_mf,13,28,138,618971,0.022295067135617
optimized_mf,13,37,115,618971,0.0185792226130142
optimized_mf,13,50,53,618971,0.00856259824773697
optimized_mf,13,29,44,618971,0.00710857213019673
optimized_mf,13,10,22,618971,0.00355428606509837
optimized_mf,13,23,17,618971,0.00274649377757601
optimized_mf,13,52,16,618971,0.00258493532007154
optimized_mf,13,17,14,618971,0.0022618184050626
optimized_mf,13,9,13,618971,0.00210025994755812
optimized_mf,13,26,13,618971,0.00210025994755812
optimized_mf,13,53,13,618971,0.00210025994755812
optimized_mf,13,55,12,618971,0.00193870149005365
optimized_mf,13,43,10,618971,0.00161558457504471
optimized_mf,13,34,9,618971,0.00145402611754024
optimized_mf,13,48,9,618971,0.00145402611754024
optimized_mf,13,30,8,618971,0.00129246766003577
optimized_mf,13,38,8,618971,0.00129246766003577
optimized_mf,13,39,8,618971,0.00129246766003577
optimized_mf,13,44,8,618971,0.00129246766003577
optimized_mf,13,45,8,618971,0.00129246766003577
optimized_mf,13,36,7,618971,0.0011309092025313
optimized_mf,13,40,7,618971,0.0011309092025313
optimized_mf,13,49,7,618971,0.0011309092025313
optimized_mf,13,54,7,618971,0.0011309092025313
optimized_mf,13,21,6,618971,0.000969350745026827
optimized_mf,13,46,6,618971,0.000969350745026827
optimized_mf,13,47,6,618971,0.000969350745026827
optimized_mf,14,13,1495,32665,4.5767641206184
optimized_mf,14,11,1015,32665,3.10730139292821
optimized_mf,14,12,789,32665,2.41542935864075
optimized_mf,14,15,782,32665,2.39399969386193
optimized_mf,14,27,717,32665,2.19500994948722
optimized_mf,14,24,616,32665,1.88581050053574
optimized_mf,14,23,614,32665,1.87968773917037
optimized_mf,14,19,512,32665,1.5674269095362
optimized_mf,14,7,334,32665,1.02250114801776
optimized_mf,14,4,273,32665,0.835756926373795
optimized_mf,14,33,186,32665,0.569416806979948
optimized_mf,14,5,66,32665,0.202051125057401
optimized_mf,14,3,27,32665,0.0826572784325731
optimized_mf,14,25,26,32665,0.0795958977498852
optimized_mf,14,29,16,32665,0.0489820909230063
optimized_mf,14,2,14,32665,0.0428593295576305
optimized_mf,14,32,11,32665,0.0336751875095668
optimized_mf,14,1,1,32665,0.00306138068268789
optimized_mf,15,13,20194,235591,8.57163473986697
optimized_mf,15,23,16717,235591,7.09577190979282
optimized_mf,15,19,12108,235591,5.13941534269136
optimized_mf,15,12,10148,235591,4.30746505596564
optimized_mf,15,27,10053,235591,4.26714093492536
optimized_mf,15,14,9340,235591,3.96449779490728
optimized_mf,15,24,6692,235591,2.84051597896354
optimized_mf,15,25,6653,235591,2.82396186611543
optimized_mf,15,11,6024,235591,2.55697373838559
optimized_mf,15,32,4408,235591,1.87103921626887
optimized_mf,15,29,4084,235591,1.73351274029993
optimized_mf,15,33,3807,235591,1.61593609263512
optimized_mf,15,38,1974,235591,0.837892788773765
optimized_mf,15,4,1750,235591,0.742812756005111
optimized_mf,15,5,1510,235591,0.64094129232441
optimized_mf,15,6,1319,235591,0.559868585811852
optimized_mf,15,7,1155,235591,0.490256418963373
optimized_mf,15,3,914,235591,0.387960490850669
optimized_mf,15,42,534,235591,0.226664006689559
optimized_mf,15,35,405,235591,0.171908094961183
optimized_mf,15,37,288,235591,0.122245756416841
optimized_mf,15,31,258,235591,0.109511823456753
optimized_mf,15,9,201,235591,0.085317350832587
optimized_mf,15,43,173,235591,0.0734323467365052
optimized_mf,15,20,155,235591,0.0657919869604527
optimized_mf,15,18,150,235591,0.0636696648004381
optimized_mf,15,41,150,235591,0.0636696648004381
optimized_mf,15,1,135,235591,0.0573026983203943
optimized_mf,15,10,124,235591,0.0526335895683621
optimized_mf,15,30,118,235591,0.0500868029763446
optimized_mf,15,49,117,235591,0.0496623385443417
optimized_mf,15,28,110,235591,0.0466910875203212
optimized_mf,15,55,109,235591,0.0462666230883183
optimized_mf,15,36,107,235591,0.0454176942243125
optimized_mf,15,53,101,235591,0.042870907632295
optimized_mf,15,52,100,235591,0.042446443200292
optimized_mf,15,46,97,235591,0.0411730499042833
optimized_mf,15,45,95,235591,0.0403241210402774
optimized_mf,15,16,93,235591,0.0394751921762716
optimized_mf,15,48,92,235591,0.0390507277442687
optimized_mf,15,22,90,235591,0.0382017988802628
optimized_mf,15,26,89,235591,0.0377773344482599
optimized_mf,15,40,89,235591,0.0377773344482599
optimized_mf,15,34,88,235591,0.037352870016257
optimized_mf,15,39,88,235591,0.037352870016257
optimized_mf,15,44,87,235591,0.0369284055842541
optimized_mf,15,50,85,235591,0.0360794767202482
optimized_mf,15,17,82,235591,0.0348060834242395
optimized_mf,15,47,79,235591,0.0335326901282307
optimized_mf,15,2,78,235591,0.0331082256962278
optimized_mf,15,54,77,235591,0.0326837612642249
optimized_mf,15,21,75,235591,0.031834832400219
optimized_mf,16,20,95719,911178,10.5049726837127
optimized_mf,16,18,77050,911178,8.45608651657525
optimized_mf,16,31,63465,911178,6.96515938707914
optimized_mf,16,46,48401,911178,5.31191490575936
optimized_mf,16,45,27928,911178,3.06504327365235
optimized_mf,16,22,26262,911178,2.88220303826475
optimized_mf,16,43,16343,911178,1.79361222505372
optimized_mf,16,10,10841,911178,1.18977850650477
optimized_mf,16,42,7969,911178,0.874582134335991
optimized_mf,16,17,5568,911178,0.611077089218572
optimized_mf,16,13,5062,911178,0.555544580751511
optimized_mf,16,5,4868,911178,0.534253460904456
optimized_mf,16,2,4632,911178,0.508352923358553
optimized_mf,16,1,4379,911178,0.480586669125023
optimized_mf,16,25,3991,911178,0.438004429430913
optimized_mf,16,39,2754,911178,0.302246103395824
optimized_mf,16,36,666,911178,0.0730921949388594
optimized_mf,16,4,648,911178,0.0711167302107821
optimized_mf,16,28,610,911178,0.0669463046737301
optimized_mf,16,32,597,911178,0.0655195801478965
optimized_mf,16,15,490,911178,0.0537765398198815
optimized_mf,16,34,447,911178,0.0490573740805858
optimized_mf,16,19,392,911178,0.0430212318559052
optimized_mf,16,24,373,911178,0.0409360190873792
optimized_mf,16,33,315,911178,0.0345706327413524
optimized_mf,16,23,254,911178,0.0278760022739794
optimized_mf,16,7,217,911178,0.0238153247773761
optimized_mf,16,50,134,911178,0.0147062374201309
optimized_mf,16,11,105,911178,0.0115235442471175
optimized_mf,16,6,99,911178,0.010865056004425
optimized_mf,16,48,94,911178,0.0103163158021814
optimized_mf,16,49,83,911178,0.00910908735724524
optimized_mf,16,40,74,911178,0.0081213549932066
optimized_mf,16,44,52,911178,0.00570689810333437
optimized_mf,16,3,48,911178,0.00526790594153941
optimized_mf,16,47,39,911178,0.00428017357750077
optimized_mf,16,29,35,911178,0.00384118141570582
optimized_mf,16,30,24,911178,0.00263395297076971
optimized_mf,16,37,23,911178,0.00252420493032097
optimized_mf,16,26,18,911178,0.00197546472807728
optimized_mf,16,14,12,911178,0.00131697648538485
optimized_mf,16,38,11,911178,0.00120722844493612
optimized_mf,16,21,10,911178,0.00109748040448738
optimized_mf,16,55,10,911178,0.00109748040448738
optimized_mf,16,52,9,911178,0.00098773236403864
optimized_mf,16,53,9,911178,0.00098773236403864
optimized_mf,16,35,8,911178,0.000877984323589902
optimized_mf,16,9,7,911178,0.000768236283141165
optimized_mf,16,12,7,911178,0.000768236283141165
optimized_mf,16,54,7,911178,0.000768236283141165
optimized_mf,16,27,5,911178,0.000548740202243689
optimized_mf,16,41,5,911178,0.000548740202243689
optimized_mf,17,2,60,1641,3.6563071297989
optimized_mf,17,4,10,1641,0.609384521633151
optimized_mf,17,5,9,1641,0.548446069469835
optimized_mf,17,44,5,1641,0.304692260816575
optimized_mf,17,25,4,1641,0.24375380865326
optimized_mf,17,38,4,1641,0.24375380865326
optimized_mf,17,9,3,1641,0.182815356489945
optimized_mf,17,16,3,1641,0.182815356489945
optimized_mf,17,21,3,1641,0.182815356489945
optimized_mf,17,23,3,1641,0.182815356489945
optimized_mf,17,24,3,1641,0.182815356489945
optimized_mf,17,41,3,1641,0.182815356489945
optimized_mf,17,11,2,1641,0.12187690432663
optimized_mf,17,13,2,1641,0.12187690432663
optimized_mf,17,14,2,1641,0.12187690432663
optimized_mf,17,29,2,1641,0.12187690432663
optimized_mf,17,30,2,1641,0.12187690432663
optimized_mf,17,48,2,1641,0.12187690432663
optimized_mf,17,55,2,1641,0.12187690432663
optimized_mf,17,1,1,1641,0.0609384521633151
optimized_mf,17,10,1,1641,0.0609384521633151
optimized_mf,17,18,1,1641,0.0609384521633151
optimized_mf,17,20,1,1641,0.0609384521633151
optimized_mf,17,26,1,1641,0.0609384521633151
optimized_mf,17,27,1,1641,0.0609384521633151
optimized_mf,17,28,1,1641,0.0609384521633151
optimized_mf,17,32,1,1641,0.0609384521633151
optimized_mf,17,34,1,1641,0.0609384521633151
optimized_mf,17,35,1,1641,0.0609384521633151
optimized_mf,17,36,1,1641,0.0609384521633151
optimized_mf,17,37,1,1641,0.0609384521633151
optimized_mf,17,40,1,1641,0.0609384521633151
optimized_mf,17,42,1,1641,0.0609384521633151
optimized_mf,17,43,1,1641,0.0609384521633151
optimized_mf,17,45,1,1641,0.0609384521633151
optimized_mf,17,46,1,1641,0.0609384521633151
optimized_mf,17,52,1,1641,0.0609384521633151
optimized_mf,17,54,1,1641,0.0609384521633151
optimized_mf,18,16,23200,112964,20.5375163768988
optimized_mf,18,46,10989,112964,9.72787790800609
optimized_mf,18,10,5663,112964,5.01310151906802
optimized_mf,18,39,5432,112964,4.8086115930739
optimized_mf,18,31,3805,112964,3.36832973336638
optimized_mf,18,45,3287,112964,2.90977656598562
optimized_mf,18,1,2903,112964,2.56984526043695
optimized_mf,18,13,2497,112964,2.21043872384122
optimized_mf,18,25,2226,112964,1.97053928685245
optimized_mf,18,42,1916,112964,1.69611557664389
optimized_mf,18,20,1590,112964,1.40752806203746
optimized_mf,18,43,1110,112964,0.982613930101625
optimized_mf,18,5,1046,112964,0.92595871251018
optimized_mf,18,2,835,112964,0.739173542013385
optimized_mf,18,22,670,112964,0.593109309160441
optimized_mf,18,36,596,112964,0.527601713820332
optimized_mf,18,28,547,112964,0.484225062851882
optimized_mf,18,34,489,112964,0.432881271909635
optimized_mf,18,44,248,112964,0.21953896816685
optimized_mf,18,33,201,112964,0.177932792748132
optimized_mf,18,24,173,112964,0.153146135051875
optimized_mf,18,32,163,112964,0.144293757303212
optimized_mf,18,11,142,112964,0.125703764031019
optimized_mf,18,7,120,112964,0.106228532983959
optimized_mf,18,17,119,112964,0.105343295209093
optimized_mf,18,3,101,112964,0.0894090152614992
optimized_mf,18,50,72,112964,0.0637371197903757
optimized_mf,18,4,30,112964,0.0265571332459899
optimized_mf,18,30,21,112964,0.0185899932721929
optimized_mf,18,15,8,112964,0.00708190219893063
optimized_mf,18,40,6,112964,0.00531142664919797
optimized_mf,18,26,5,112964,0.00442618887433165
optimized_mf,18,49,5,112964,0.00442618887433165
optimized_mf,18,47,3,112964,0.00265571332459899
optimized_mf,18,12,1,112964,0.000885237774866329
optimized_mf,18,19,1,112964,0.000885237774866329
optimized_mf,18,35,1,112964,0.000885237774866329
optimized_mf,18,37,1,112964,0.000885237774866329
optimized_mf,19,23,48801,691356,7.05873674344332
optimized_mf,19,20,38419,691356,5.55705020278988
optimized_mf,19,24,24864,691356,3.59641053234513
optimized_mf,19,38,19964,691356,2.88765845671405
optimized_mf,19,15,14383,691356,2.08040430689833
optimized_mf,19,14,6612,691356,0.956381372259733
optimized_mf,19,42,5749,691356,0.831554220980219
optimized_mf,19,31,5412,691356,0.782809435370489
optimized_mf,19,29,4312,691356,0.623701826555349
optimized_mf,19,22,4080,691356,0.590144585423429
optimized_mf,19,16,3257,691356,0.471103165373556
optimized_mf,19,32,3096,691356,0.447815597174249
optimized_mf,19,45,1241,691356,0.179502311399626
optimized_mf,19,25,1042,691356,0.15071829853216
optimized_mf,19,46,780,691356,0.112821758978008
optimized_mf,19,27,736,691356,0.106457454625403
optimized_mf,19,43,538,691356,0.0778180850386776
optimized_mf,19,10,447,691356,0.0646555464912433
optimized_mf,19,13,443,691356,0.0640769733682792
optimized_mf,19,33,118,691356,0.0170679071274423
optimized_mf,19,7,112,691356,0.0162000474429961
optimized_mf,19,18,103,691356,0.0148982579163268
optimized_mf,19,28,74,691356,0.0107036027748367
optimized_mf,19,12,54,691356,0.00781073716001597
optimized_mf,19,1,53,691356,0.00766609387927493
optimized_mf,19,3,52,691356,0.0075214505985339
optimized_mf,19,6,51,691356,0.00737680731779286
optimized_mf,19,48,45,691356,0.00650894763334664
optimized_mf,19,11,34,691356,0.00491787154519524
optimized_mf,19,34,34,691356,0.00491787154519524
optimized_mf,19,37,34,691356,0.00491787154519524
optimized_mf,19,52,28,691356,0.00405001186074902
optimized_mf,19,55,28,691356,0.00405001186074902
optimized_mf,19,50,26,691356,0.00376072529926695
optimized_mf,19,4,24,691356,0.00347143873778487
optimized_mf,19,21,24,691356,0.00347143873778487
optimized_mf,19,2,23,691356,0.00332679545704384
optimized_mf,19,17,22,691356,0.0031821521763028
optimized_mf,19,35,20,691356,0.00289286561482073
optimized_mf,19,53,20,691356,0.00289286561482073
optimized_mf,19,54,20,691356,0.00289286561482073
optimized_mf,19,39,19,691356,0.00274822233407969
optimized_mf,19,40,18,691356,0.00260357905333866
optimized_mf,19,41,18,691356,0.00260357905333866
optimized_mf,19,36,17,691356,0.00245893577259762
optimized_mf,19,30,16,691356,0.00231429249185658
optimized_mf,19,5,15,691356,0.00216964921111555
optimized_mf,19,44,15,691356,0.00216964921111555
optimized_mf,19,9,14,691356,0.00202500593037451
optimized_mf,19,47,14,691356,0.00202500593037451
optimized_mf,19,49,11,691356,0.0015910760881514
optimized_mf,19,26,7,691356,0.00101250296518726
optimized_mf,20,16,51344,379965,13.5128235495375
optimized_mf,20,42,42338,379965,11.1426052399563
optimized_mf,20,31,26536,379965,6.98380113957865
optimized_mf,20,22,11633,379965,3.06159777874278
optimized_mf,20,46,10240,379965,2.69498506441383
optimized_mf,20,45,7228,379965,1.90228047320148
optimized_mf,20,10,2528,379965,0.665324437777164
optimized_mf,20,18,1782,379965,0.468990564920453
optimized_mf,20,17,1171,379965,0.308186280315292
optimized_mf,20,25,953,379965,0.25081257484242
optimized_mf,20,24,472,379965,0.124221967812825
optimized_mf,20,13,448,379965,0.117905596568105
optimized_mf,20,5,226,379965,0.0594791625544458
optimized_mf,20,34,209,379965,0.0550050662561025
optimized_mf,20,1,205,379965,0.0539523377153159
optimized_mf,20,39,186,379965,0.0489518771465793
optimized_mf,20,28,149,379965,0.0392141381443028
optimized_mf,20,48,132,379965,0.0347400418459595
optimized_mf,20,32,119,379965,0.0313186740884029
optimized_mf,20,2,112,379965,0.0294763991420262
optimized_mf,20,43,93,379965,0.0244759385732896
optimized_mf,20,19,86,379965,0.022633663626913
optimized_mf,20,50,61,379965,0.0160541102469964
optimized_mf,20,14,52,379965,0.0136854710302265
optimized_mf,20,33,52,379965,0.0136854710302265
optimized_mf,20,4,51,379965,0.0134222888950298
optimized_mf,20,15,42,379965,0.0110536496782598
optimized_mf,20,6,40,379965,0.0105272854078665
optimized_mf,20,11,40,379965,0.0105272854078665
optimized_mf,20,38,40,379965,0.0105272854078665
optimized_mf,20,23,39,379965,0.0102641032726698
optimized_mf,20,52,37,379965,0.00973773900227653
optimized_mf,20,55,36,379965,0.00947455686707986
optimized_mf,20,29,35,379965,0.0092113747318832
optimized_mf,20,53,35,379965,0.0092113747318832
optimized_mf,20,3,32,379965,0.00842182832629321
optimized_mf,20,36,32,379965,0.00842182832629321
optimized_mf,20,12,31,379965,0.00815864619109655
optimized_mf,20,35,30,379965,0.00789546405589989
optimized_mf,20,7,28,379965,0.00736909978550656
optimized_mf,20,41,26,379965,0.00684273551511323
optimized_mf,20,37,25,379965,0.00657955337991657
optimized_mf,20,44,25,379965,0.00657955337991657
optimized_mf,20,21,24,379965,0.00631637124471991
optimized_mf,20,47,24,379965,0.00631637124471991
optimized_mf,20,54,24,379965,0.00631637124471991
optimized_mf,20,9,20,379965,0.00526364270393326
optimized_mf,20,26,19,379965,0.00500046056873659
optimized_mf,20,49,19,379965,0.00500046056873659
optimized_mf,20,27,18,379965,0.00473727843353993
optimized_mf,20,30,16,379965,0.00421091416314661
optimized_mf,20,40,12,379965,0.00315818562235995
optimized_mf,21,30,72031,599210,12.0209943091737
optimized_mf,21,40,42941,599210,7.16626892074565
optimized_mf,21,44,29427,599210,4.91096610537207
optimized_mf,21,53,22617,599210,3.77446971846264
optimized_mf,21,49,17303,599210,2.88763538659235
optimized_mf,21,36,15038,599210,2.50963768962467
optimized_mf,21,47,14364,599210,2.39715625573672
optimized_mf,21,26,11978,599210,1.99896530431735
optimized_mf,21,48,4574,599210,0.763338395554146
optimized_mf,21,55,3213,599210,0.536206004572687
optimized_mf,21,52,2354,599210,0.392850586605698
optimized_mf,21,28,2142,599210,0.357470669715125
optimized_mf,21,50,564,599210,0.0941239298409573
optimized_mf,21,39,499,599210,0.0832763138131874
optimized_mf,21,34,391,599210,0.0652525825670466
optimized_mf,21,5,336,599210,0.056073830543549
optimized_mf,21,54,324,599210,0.0540711937384223
optimized_mf,21,9,294,599210,0.0490646017256054
optimized_mf,21,37,257,599210,0.0428898049097979
optimized_mf,21,41,230,599210,0.0383838720982627
optimized_mf,21,4,213,599210,0.0355468032909998
optimized_mf,21,3,201,599210,0.0335441664858731
optimized_mf,21,10,170,599210,0.028370688072629
optimized_mf,21,1,125,599210,0.0208608000534037
optimized_mf,21,7,55,599210,0.0091787520234976
optimized_mf,21,46,38,599210,0.00634168321623471
optimized_mf,21,25,35,599210,0.00584102401495302
optimized_mf,21,45,34,599210,0.00567413761452579
optimized_mf,21,23,32,599210,0.00534036481367133
optimized_mf,21,31,31,599210,0.0051734784132441
optimized_mf,21,24,30,599210,0.00500659201281688
optimized_mf,21,13,29,599210,0.00483970561238965
optimized_mf,21,2,28,599210,0.00467281921196242
optimized_mf,21,11,28,599210,0.00467281921196242
optimized_mf,21,32,28,599210,0.00467281921196242
optimized_mf,21,22,26,599210,0.00433904641110796
optimized_mf,21,35,25,599210,0.00417216001068073
optimized_mf,21,38,25,599210,0.00417216001068073
optimized_mf,21,42,25,599210,0.00417216001068073
optimized_mf,21,6,24,599210,0.0040052736102535
optimized_mf,21,19,24,599210,0.0040052736102535
optimized_mf,21,16,22,599210,0.00367150080939904
optimized_mf,21,18,22,599210,0.00367150080939904
optimized_mf,21,12,21,599210,0.00350461440897181
optimized_mf,21,14,21,599210,0.00350461440897181
optimized_mf,21,29,20,599210,0.00333772800854458
optimized_mf,21,43,20,599210,0.00333772800854458
optimized_mf,21,17,19,599210,0.00317084160811735
optimized_mf,21,20,19,599210,0.00317084160811735
optimized_mf,21,27,19,599210,0.00317084160811735
optimized_mf,21,33,17,599210,0.0028370688072629
optimized_mf,21,15,16,599210,0.00267018240683567
optimized_mf,22,16,4188,41980,9.97617913292044
optimized_mf,22,20,3281,41980,7.81562648880419
optimized_mf,22,42,2785,41980,6.63411148165793
optimized_mf,22,31,2694,41980,6.41734159123392
optimized_mf,22,12,533,41980,1.26965221534064
optimized_mf,22,5,500,41980,1.19104335397808
optimized_mf,22,3,455,41980,1.08384945212006
optimized_mf,22,25,436,41980,1.03858980466889
optimized_mf,22,19,323,41980,0.769414006669843
optimized_mf,22,27,244,41980,0.581229156741305
optimized_mf,22,13,196,41980,0.466888994759409
optimized_mf,22,24,192,41980,0.457360647927585
optimized_mf,22,2,106,41980,0.252501191043354
optimized_mf,22,18,95,41980,0.226298237255836
optimized_mf,22,23,93,41980,0.221534063839924
optimized_mf,22,45,53,41980,0.126250595521677
optimized_mf,22,17,47,41980,0.11195807527394
optimized_mf,22,4,46,41980,0.109575988565984
optimized_mf,22,32,28,41980,0.0666984278227727
optimized_mf,22,53,18,41980,0.042877560743211
optimized_mf,22,6,11,41980,0.0262029537875179
optimized_mf,22,55,10,41980,0.0238208670795617
optimized_mf,22,43,6,41980,0.014292520247737
optimized_mf,22,33,2,41980,0.00476417341591234
optimized_mf,22,36,2,41980,0.00476417341591234
optimized_mf,22,46,2,41980,0.00476417341591234
optimized_mf,22,48,2,41980,0.00476417341591234
optimized_mf,22,1,1,41980,0.00238208670795617
optimized_mf,22,10,1,41980,0.00238208670795617
optimized_mf,22,29,1,41980,0.00238208670795617
optimized_mf,22,35,1,41980,0.00238208670795617
optimized_mf,22,37,1,41980,0.00238208670795617
optimized_mf,22,39,1,41980,0.00238208670795617
optimized_mf,22,41,1,41980,0.00238208670795617
optimized_mf,22,44,1,41980,0.00238208670795617
optimized_mf,22,47,1,41980,0.00238208670795617
optimized_mf,22,52,1,41980,0.00238208670795617
optimized_mf,22,54,1,41980,0.00238208670795617
optimized_mf,23,24,50993,326806,15.6034466931452
optimized_mf,23,19,24730,326806,7.56718052912125
optimized_mf,23,15,18473,326806,5.65258899775402
optimized_mf,23,29,14237,326806,4.35640716510713
optimized_mf,23,35,14014,326806,4.28817096381339
optimized_mf,23,14,10170,326806,3.11193796931513
optimized_mf,23,32,7148,326806,2.18723034460812
optimized_mf,23,38,6303,326806,1.92866716033365
optimized_mf,23,25,3123,326806,0.955612810046327
optimized_mf,23,33,1632,326806,0.499378836373873
optimized_mf,23,42,1165,326806,0.3564806031713
optimized_mf,23,31,981,326806,0.300178087305619
optimized_mf,23,13,910,326806,0.278452659987883
optimized_mf,23,7,680,326806,0.20807451515578
optimized_mf,23,27,449,326806,0.137390378389626
optimized_mf,23,18,417,326806,0.127598636499942
optimized_mf,23,20,295,326806,0.0902676205455224
optimized_mf,23,16,202,326806,0.0618103706786289
optimized_mf,23,28,194,326806,0.059362435206208
optimized_mf,23,22,112,326806,0.0342710966138933
optimized_mf,23,4,59,326806,0.0180535241091045
optimized_mf,23,12,52,326806,0.0159115805707362
optimized_mf,23,43,35,326806,0.0107097176918416
optimized_mf,23,40,33,326806,0.0100977338237364
optimized_mf,23,49,31,326806,0.00948574995563117
optimized_mf,23,5,24,326806,0.00734380641726284
optimized_mf,23,41,23,326806,0.00703781448321022
optimized_mf,23,6,16,326806,0.00489587094484189
optimized_mf,23,45,15,326806,0.00458987901078928
optimized_mf,23,52,12,326806,0.00367190320863142
optimized_mf,23,17,10,326806,0.00305991934052618
optimized_mf,23,21,7,326806,0.00214194353836833
optimized_mf,23,36,5,326806,0.00152995967026309
optimized_mf,23,50,5,326806,0.00152995967026309
optimized_mf,23,44,4,326806,0.00122396773621047
optimized_mf,23,11,3,326806,0.000917975802157855
optimized_mf,23,34,3,326806,0.000917975802157855
optimized_mf,23,39,3,326806,0.000917975802157855
optimized_mf,23,2,2,326806,0.000611983868105237
optimized_mf,23,3,2,326806,0.000611983868105237
optimized_mf,23,48,2,326806,0.000611983868105237
optimized_mf,23,55,2,326806,0.000611983868105237
optimized_mf,23,9,1,326806,0.000305991934052618
optimized_mf,23,10,1,326806,0.000305991934052618
optimized_mf,23,26,1,326806,0.000305991934052618
optimized_mf,23,30,1,326806,0.000305991934052618
optimized_mf,23,37,1,326806,0.000305991934052618
optimized_mf,23,46,1,326806,0.000305991934052618
optimized_mf,23,47,1,326806,0.000305991934052618
optimized_mf,23,54,1,326806,0.000305991934052618
optimized_mf,24,23,90882,845397,10.7502155791894
optimized_mf,24,25,66168,845397,7.82685531176477
optimized_mf,24,29,52974,845397,6.26616843920667
optimized_mf,24,35,41087,845397,4.86008348740296
optimized_mf,24,32,29839,845397,3.52958432547076
optimized_mf,24,42,15363,845397,1.81725272268532
optimized_mf,24,19,11943,845397,1.41270905858431
optimized_mf,24,33,10303,845397,1.21871736000956
optimized_mf,24,13,9645,845397,1.14088410533749
optimized_mf,24,15,8885,845397,1.05098551331505
optimized_mf,24,38,6281,845397,0.742964548017086
optimized_mf,24,31,2139,845397,0.253017221494753
optimized_mf,24,12,1305,845397,0.154365345512227
optimized_mf,24,27,1186,845397,0.140289118603449
optimized_mf,24,16,986,845397,0.116631594387016
optimized_mf,24,14,944,845397,0.111663514301565
optimized_mf,24,43,739,845397,0.0874145519797208
optimized_mf,24,20,719,845397,0.0850487995580775
optimized_mf,24,18,610,845397,0.0721554488601213
optimized_mf,24,22,547,845397,0.0647033287319449
optimized_mf,24,7,511,845397,0.0604449743729869
optimized_mf,24,5,413,845397,0.0488527875069346
optimized_mf,24,11,269,845397,0.0318193700711027
optimized_mf,24,1,152,845397,0.0179797184044893
optimized_mf,24,6,104,845397,0.0123019125925453
optimized_mf,24,45,66,845397,0.00780698299142296
optimized_mf,24,4,41,845397,0.00484979246436881
optimized_mf,24,3,32,845397,0.00378520387462932
optimized_mf,24,2,15,845397,0.00177431431623249
optimized_mf,24,10,14,845397,0.00165602669515033
optimized_mf,24,17,12,845397,0.00141945145298599
optimized_mf,24,28,12,845397,0.00141945145298599
optimized_mf,24,50,12,845397,0.00141945145298599
optimized_mf,24,44,9,845397,0.0010645885897395
optimized_mf,24,48,9,845397,0.0010645885897395
optimized_mf,24,55,9,845397,0.0010645885897395
optimized_mf,24,36,8,845397,0.000946300968657329
optimized_mf,24,47,7,845397,0.000828013347575163
optimized_mf,24,53,7,845397,0.000828013347575163
optimized_mf,24,26,6,845397,0.000709725726492997
optimized_mf,24,30,6,845397,0.000709725726492997
optimized_mf,24,34,6,845397,0.000709725726492997
optimized_mf,24,37,6,845397,0.000709725726492997
optimized_mf,24,41,6,845397,0.000709725726492997
optimized_mf,24,46,6,845397,0.000709725726492997
optimized_mf,24,52,6,845397,0.000709725726492997
optimized_mf,24,9,5,845397,0.000591438105410831
optimized_mf,24,49,5,845397,0.000591438105410831
optimized_mf,24,21,4,845397,0.000473150484328665
optimized_mf,24,40,4,845397,0.000473150484328665
optimized_mf,24,39,3,845397,0.000354862863246498
optimized_mf,24,54,3,845397,0.000354862863246498
optimized_mf,25,24,19531,237357,8.22853339063099
optimized_mf,25,13,19114,237357,8.05284866256314
optimized_mf,25,31,9495,237357,4.00030334053767
optimized_mf,25,42,7091,237357,2.98748298975804
optimized_mf,25,32,4983,237357,2.09936930446543
optimized_mf,25,33,4325,237357,1.82214975753822
optimized_mf,25,35,3890,237357,1.6388815160286
optimized_mf,25,16,3428,237357,1.44423800435631
optimized_mf,25,20,2182,237357,0.91929035166437
optimized_mf,25,15,1879,237357,0.791634542061115
optimized_mf,25,29,1718,237357,0.723804227387437
optimized_mf,25,11,1659,237357,0.6989471555505
optimized_mf,25,5,1134,237357,0.477761346831987
optimized_mf,25,23,1011,237357,0.425940671646507
optimized_mf,25,1,824,237357,0.347156393112485
optimized_mf,25,12,816,237357,0.343785942693917
optimized_mf,25,18,647,237357,0.272585177601672
optimized_mf,25,22,484,237357,0.203912250323353
optimized_mf,25,7,480,237357,0.202227025114069
optimized_mf,25,43,416,237357,0.175263421765526
optimized_mf,25,4,327,237357,0.137767160858959
optimized_mf,25,27,265,237357,0.111646170115059
optimized_mf,25,45,169,237357,0.071200765092245
optimized_mf,25,14,87,237357,0.0366536483019249
optimized_mf,25,2,77,237357,0.0324405852787152
optimized_mf,25,19,29,237357,0.0122178827673083
optimized_mf,25,38,16,237357,0.00674090083713562
optimized_mf,25,39,9,237357,0.00379175672088879
optimized_mf,25,46,9,237357,0.00379175672088879
optimized_mf,25,44,6,237357,0.00252783781392586
optimized_mf,25,36,5,237357,0.00210653151160488
optimized_mf,25,41,5,237357,0.00210653151160488
optimized_mf,25,54,5,237357,0.00210653151160488
optimized_mf,25,3,4,237357,0.00168522520928391
optimized_mf,25,10,4,237357,0.00168522520928391
optimized_mf,25,34,4,237357,0.00168522520928391
optimized_mf,25,50,4,237357,0.00168522520928391
optimized_mf,25,9,3,237357,0.00126391890696293
optimized_mf,25,21,3,237357,0.00126391890696293
optimized_mf,25,30,3,237357,0.00126391890696293
optimized_mf,25,40,3,237357,0.00126391890696293
optimized_mf,25,49,3,237357,0.00126391890696293
optimized_mf,25,52,3,237357,0.00126391890696293
optimized_mf,25,17,2,237357,0.000842612604641953
optimized_mf,25,26,2,237357,0.000842612604641953
optimized_mf,25,37,2,237357,0.000842612604641953
optimized_mf,25,6,1,237357,0.000421306302320976
optimized_mf,25,28,1,237357,0.000421306302320976
optimized_mf,25,47,1,237357,0.000421306302320976
optimized_mf,25,48,1,237357,0.000421306302320976
optimized_mf,25,53,1,237357,0.000421306302320976
optimized_mf,26,30,7796,40896,19.0629890453834
optimized_mf,26,36,3011,40896,7.36257824726135
optimized_mf,26,49,2825,40896,6.90776604068858
optimized_mf,26,21,1863,40896,4.55545774647887
optimized_mf,26,40,1002,40896,2.45011737089202
optimized_mf,26,34,918,40896,2.24471830985916
optimized_mf,26,10,637,40896,1.55760954616588
optimized_mf,26,53,569,40896,1.39133411580595
optimized_mf,26,44,460,40896,1.12480438184664
optimized_mf,26,39,383,40896,0.936521909233177
optimized_mf,26,52,287,40896,0.701780125195618
optimized_mf,26,28,267,40896,0.65287558685446
optimized_mf,26,47,254,40896,0.621087636932708
optimized_mf,26,5,191,40896,0.46703834115806
optimized_mf,26,46,105,40896,0.25674882629108
optimized_mf,26,3,79,40896,0.193172926447574
optimized_mf,26,23,59,40896,0.144268388106416
optimized_mf,26,7,48,40896,0.117370892018779
optimized_mf,26,55,38,40896,0.0929186228482003
optimized_mf,26,24,27,40896,0.0660211267605634
optimized_mf,26,41,22,40896,0.0537949921752739
optimized_mf,26,12,11,40896,0.0268974960876369
optimized_mf,26,27,9,40896,0.0220070422535211
optimized_mf,26,33,9,40896,0.0220070422535211
optimized_mf,26,18,7,40896,0.0171165884194053
optimized_mf,26,15,6,40896,0.0146713615023474
optimized_mf,26,17,3,40896,0.00733568075117371
optimized_mf,26,50,3,40896,0.00733568075117371
optimized_mf,26,4,2,40896,0.00489045383411581
optimized_mf,26,16,2,40896,0.00489045383411581
optimized_mf,26,1,1,40896,0.0024452269170579
optimized_mf,26,37,1,40896,0.0024452269170579
optimized_mf,26,43,1,40896,0.0024452269170579
optimized_mf,27,37,38879,859115,4.52547097885615
optimized_mf,27,3,32614,859115,3.79623216915081
optimized_mf,27,7,29050,859115,3.38138665952754
optimized_mf,27,15,26151,859115,3.04394638668863
optimized_mf,27,11,21879,859115,2.54669048963177
optimized_mf,27,33,20609,859115,2.39886394720148
optimized_mf,27,41,17647,859115,2.05409054666721
optimized_mf,27,47,11072,859115,1.28876809274661
optimized_mf,27,14,8360,859115,0.973094405289164
optimized_mf,27,24,5362,859115,0.62413064607183
optimized_mf,27,28,5335,859115,0.620987877059532
optimized_mf,27,12,5297,859115,0.616564720671854
optimized_mf,27,4,5142,859115,0.59852289856422
optimized_mf,27,5,4877,859115,0.567677202702781
optimized_mf,27,23,4792,859115,0.557783300256659
optimized_mf,27,36,3076,859115,0.358042869697305
optimized_mf,27,6,2813,859115,0.327429971540481
optimized_mf,27,32,2305,859115,0.268299354568364
optimized_mf,27,13,2243,859115,0.26108262572531
optimized_mf,27,19,2165,859115,0.25200351524534
optimized_mf,27,38,1817,859115,0.211496714642394
optimized_mf,27,25,684,859115,0.0796168149782043
optimized_mf,27,2,440,859115,0.0512154950152192
optimized_mf,27,9,388,859115,0.0451627546952387
optimized_mf,27,10,293,859115,0.0341048637260437
optimized_mf,27,26,287,859115,0.0334064706121998
optimized_mf,27,44,260,859115,0.0302637015999022
optimized_mf,27,39,181,859115,0.0210681922676242
optimized_mf,27,21,132,859115,0.0153646485045657
optimized_mf,27,18,85,859115,0.00989390244612188
optimized_mf,27,45,59,859115,0.00686753228613166
optimized_mf,27,46,55,859115,0.00640193687690239
optimized_mf,27,40,50,859115,0.00581994261536581
optimized_mf,27,48,47,859115,0.00547074605844386
optimized_mf,27,34,43,859115,0.0050051506492146
optimized_mf,27,35,38,859115,0.00442315638767802
optimized_mf,27,16,36,859115,0.00419035868306339
optimized_mf,27,20,34,859115,0.00395756097844875
optimized_mf,27,1,33,859115,0.00384116212614144
optimized_mf,27,31,32,859115,0.00372476327383412
optimized_mf,27,53,32,859115,0.00372476327383412
optimized_mf,27,42,31,859115,0.0036083644215268
optimized_mf,27,55,31,859115,0.0036083644215268
optimized_mf,27,49,30,859115,0.00349196556921949
optimized_mf,27,52,29,859115,0.00337556671691217
optimized_mf,27,50,26,859115,0.00302637015999022
optimized_mf,27,54,24,859115,0.00279357245537559
optimized_mf,27,29,23,859115,0.00267717360306827
optimized_mf,27,30,23,859115,0.00267717360306827
optimized_mf,27,17,22,859115,0.00256077475076096
optimized_mf,27,43,22,859115,0.00256077475076096
optimized_mf,27,22,19,859115,0.00221157819383901
optimized_mf,28,44,3510,46042,7.62347421919117
optimized_mf,28,47,3364,46042,7.30637244255245
optimized_mf,28,36,3215,46042,6.9827548759828
optimized_mf,28,30,2365,46042,5.13661439555189
optimized_mf,28,27,1609,46042,3.49463533295687
optimized_mf,28,39,1338,46042,2.90604230919595
optimized_mf,28,10,1262,46042,2.74097563094566
optimized_mf,28,40,1038,46042,2.25446331610269
optimized_mf,28,26,977,46042,2.12197558750706
optimized_mf,28,55,915,46042,1.98731592893445
optimized_mf,28,46,767,46042,1.66587029234178
optimized_mf,28,18,748,46042,1.6246036227792
optimized_mf,28,50,645,46042,1.40089483515051
optimized_mf,28,3,640,46042,1.39003518526563
optimized_mf,28,1,629,46042,1.36614395551887
optimized_mf,28,7,558,46042,1.21193692715347
optimized_mf,28,41,510,46042,1.10768428825855
optimized_mf,28,33,454,46042,0.986056209547804
optimized_mf,28,21,438,46042,0.951305329916164
optimized_mf,28,49,369,46042,0.801442161504713
optimized_mf,28,5,306,46042,0.664610572955128
optimized_mf,28,34,261,46042,0.566873723991139
optimized_mf,28,45,244,46042,0.52995091438252
optimized_mf,28,23,129,46042,0.280178967030103
optimized_mf,28,24,63,46042,0.136831588549585
optimized_mf,28,15,53,46042,0.11511228877981
optimized_mf,28,16,43,46042,0.0933929890100343
optimized_mf,28,20,29,46042,0.0629859693323487
optimized_mf,28,13,24,46042,0.052126319447461
optimized_mf,28,19,12,46042,0.0260631597237305
optimized_mf,28,31,4,46042,0.00868771990791017
optimized_mf,28,37,3,46042,0.00651578993093263
optimized_mf,28,4,1,46042,0.00217192997697754
optimized_mf,28,25,1,46042,0.00217192997697754
optimized_mf,29,24,19162,164338,11.6601151285765
optimized_mf,29,23,8416,164338,5.12115274616948
optimized_mf,29,15,3669,164338,2.23259380058173
optimized_mf,29,35,1781,164338,1.08374204383648
optimized_mf,29,33,1501,164338,0.913361486692061
optimized_mf,29,32,1451,164338,0.882936387201986
optimized_mf,29,38,1278,164338,0.777665542966326
optimized_mf,29,19,1067,164338,0.649271623118208
optimized_mf,29,25,972,164338,0.591463934087065
optimized_mf,29,7,80,164338,0.0486801591841205
optimized_mf,29,13,59,164338,0.0359016173982889
optimized_mf,29,28,29,164338,0.0176465577042437
optimized_mf,29,20,24,164338,0.0146040477552362
optimized_mf,29,22,14,164338,0.00851902785722109
optimized_mf,29,40,14,164338,0.00851902785722109
optimized_mf,29,49,6,164338,0.00365101193880904
optimized_mf,29,30,4,164338,0.00243400795920603
optimized_mf,29,50,4,164338,0.00243400795920603
optimized_mf,29,10,3,164338,0.00182550596940452
optimized_mf,29,17,3,164338,0.00182550596940452
optimized_mf,29,27,3,164338,0.00182550596940452
optimized_mf,29,3,2,164338,0.00121700397960301
optimized_mf,29,4,2,164338,0.00121700397960301
optimized_mf,29,5,2,164338,0.00121700397960301
optimized_mf,29,11,2,164338,0.00121700397960301
optimized_mf,29,16,2,164338,0.00121700397960301
optimized_mf,29,39,2,164338,0.00121700397960301
optimized_mf,29,44,2,164338,0.00121700397960301
optimized_mf,29,46,2,164338,0.00121700397960301
optimized_mf,29,2,1,164338,0.000608501989801507
optimized_mf,29,12,1,164338,0.000608501989801507
optimized_mf,29,14,1,164338,0.000608501989801507
optimized_mf,29,21,1,164338,0.000608501989801507
optimized_mf,29,26,1,164338,0.000608501989801507
optimized_mf,29,31,1,164338,0.000608501989801507
optimized_mf,29,34,1,164338,0.000608501989801507
optimized_mf,29,36,1,164338,0.000608501989801507
optimized_mf,29,37,1,164338,0.000608501989801507
optimized_mf,29,41,1,164338,0.000608501989801507
optimized_mf,29,43,1,164338,0.000608501989801507
optimized_mf,29,47,1,164338,0.000608501989801507
optimized_mf,29,52,1,164338,0.000608501989801507
optimized_mf,29,53,1,164338,0.000608501989801507
optimized_mf,29,54,1,164338,0.000608501989801507
optimized_mf,30,21,55053,576557,9.54857889159268
optimized_mf,30,40,53501,576557,9.27939475194994
optimized_mf,30,47,47533,576557,8.24428460672579
optimized_mf,30,44,42569,576557,7.38331162400248
optimized_mf,30,26,37598,576557,6.52112453755656
optimized_mf,30,49,30877,576557,5.35541152045678
optimized_mf,30,36,20996,576557,3.64161739429059
optimized_mf,30,39,10443,576557,1.81126931075332
optimized_mf,30,28,10438,576557,1.81040209380859
optimized_mf,30,3,5710,576557,0.990361750876323
optimized_mf,30,10,3845,576557,0.666889830493776
optimized_mf,30,5,2431,576557,0.421640878525454
optimized_mf,30,53,2201,576557,0.381748899068089
optimized_mf,30,50,2001,576557,0.347060221279076
optimized_mf,30,7,1659,576557,0.287742582259863
optimized_mf,30,55,1643,576557,0.284967488036742
optimized_mf,30,46,1582,576557,0.274387441311093
optimized_mf,30,34,1063,576557,0.184370322448604
optimized_mf,30,41,965,576557,0.167372870331988
optimized_mf,30,54,711,576557,0.123318249539941
optimized_mf,30,48,693,576557,0.12019626853893
optimized_mf,30,33,614,576557,0.10649424081227
optimized_mf,30,27,510,576557,0.0884561283619833
optimized_mf,30,37,285,576557,0.0494313658493436
optimized_mf,30,52,217,576557,0.0376372154010792
optimized_mf,30,45,188,576557,0.0326073571216723
optimized_mf,30,1,158,576557,0.0274040554533203
optimized_mf,30,18,48,576557,0.00832528266936313
optimized_mf,30,29,14,576557,0.00242820744523091
optimized_mf,30,9,12,576557,0.00208132066734078
optimized_mf,30,38,12,576557,0.00208132066734078
optimized_mf,30,11,11,576557,0.00190787727839572
optimized_mf,30,23,10,576557,0.00173443388945065
optimized_mf,30,12,9,576557,0.00156099050050559
optimized_mf,30,13,8,576557,0.00138754711156052
optimized_mf,30,14,8,576557,0.00138754711156052
optimized_mf,30,17,8,576557,0.00138754711156052
optimized_mf,30,2,7,576557,0.00121410372261546
optimized_mf,30,16,7,576557,0.00121410372261546
optimized_mf,30,20,7,576557,0.00121410372261546
optimized_mf,30,25,7,576557,0.00121410372261546
optimized_mf,30,31,7,576557,0.00121410372261546
optimized_mf,30,35,7,576557,0.00121410372261546
optimized_mf,30,19,6,576557,0.00104066033367039
optimized_mf,30,42,6,576557,0.00104066033367039
optimized_mf,30,4,5,576557,0.000867216944725326
optimized_mf,30,6,5,576557,0.000867216944725326
optimized_mf,30,22,5,576557,0.000867216944725326
optimized_mf,30,24,5,576557,0.000867216944725326
optimized_mf,30,43,4,576557,0.000693773555780261
optimized_mf,30,15,3,576557,0.000520330166835196
optimized_mf,30,32,2,576557,0.000346886777890131
optimized_mf,31,42,88204,841378,10.4832786214995
optimized_mf,31,16,60252,841378,7.16110951320334
optimized_mf,31,20,55613,841378,6.60975209715491
optimized_mf,31,25,29119,841378,3.46087014397809
optimized_mf,31,22,25782,841378,3.06425887056709
optimized_mf,31,13,10654,841378,1.2662560703988
optimized_mf,31,18,8709,841378,1.03508767759556
optimized_mf,31,45,7476,841378,0.888542367402048
optimized_mf,31,1,4485,841378,0.53305410885476
optimized_mf,31,24,3960,841378,0.470656470694504
optimized_mf,31,33,1845,841378,0.219283128391757
optimized_mf,31,19,1431,841378,0.170078133728241
optimized_mf,31,32,987,841378,0.117307559741282
optimized_mf,31,7,598,841378,0.0710738811806346
optimized_mf,31,23,534,841378,0.0634673119572891
optimized_mf,31,43,518,841378,0.0615656696514527
optimized_mf,31,50,345,841378,0.0410041622195969
optimized_mf,31,15,286,841378,0.0339918562168253
optimized_mf,31,35,251,841378,0.0298320136728082
optimized_mf,31,6,220,841378,0.0261475817052502
optimized_mf,31,14,114,841378,0.0135492014290842
optimized_mf,31,2,107,841378,0.0127172329202808
optimized_mf,31,11,81,841378,0.00962706417329666
optimized_mf,31,48,76,841378,0.00903280095272279
optimized_mf,31,46,61,841378,0.00725001129100119
optimized_mf,31,5,56,841378,0.00665574807042732
optimized_mf,31,36,48,841378,0.00570492691750913
optimized_mf,31,37,23,841378,0.00273361081463979
optimized_mf,31,29,21,841378,0.00249590552641025
optimized_mf,31,39,17,841378,0.00202049494995115
optimized_mf,31,12,14,841378,0.00166393701760683
optimized_mf,31,4,13,841378,0.00154508437349206
optimized_mf,31,10,11,841378,0.00130737908526251
optimized_mf,31,27,11,841378,0.00130737908526251
optimized_mf,31,21,6,841378,0.000713115864688642
optimized_mf,31,26,3,841378,0.000356557932344321
optimized_mf,31,28,3,841378,0.000356557932344321
optimized_mf,31,41,3,841378,0.000356557932344321
optimized_mf,31,49,3,841378,0.000356557932344321
optimized_mf,31,3,2,841378,0.000237705288229547
optimized_mf,31,9,2,841378,0.000237705288229547
optimized_mf,31,54,2,841378,0.000237705288229547
optimized_mf,31,17,1,841378,0.000118852644114774
optimized_mf,31,34,1,841378,0.000118852644114774
optimized_mf,31,38,1,841378,0.000118852644114774
optimized_mf,31,40,1,841378,0.000118852644114774
optimized_mf,31,47,1,841378,0.000118852644114774
optimized_mf,31,55,1,841378,0.000118852644114774
optimized_mf,32,24,7175,60484,11.8626413596984
optimized_mf,32,25,5357,60484,8.85688777197275
optimized_mf,32,23,3243,60484,5.36174856160307
optimized_mf,32,33,1900,60484,3.14132663183652
optimized_mf,32,13,1825,60484,3.01732689636929
optimized_mf,32,15,1728,60484,2.856953905165
optimized_mf,32,29,1119,60484,1.85007605317109
optimized_mf,32,35,1035,60484,1.71119634944779
optimized_mf,32,7,785,60484,1.29786389789035
optimized_mf,32,19,668,60484,1.10442431056147
optimized_mf,32,14,533,60484,0.881224786720455
optimized_mf,32,42,327,60484,0.540638846637127
optimized_mf,32,31,207,60484,0.342239269889558
optimized_mf,32,38,207,60484,0.342239269889558
optimized_mf,32,18,114,60484,0.188479597910191
optimized_mf,32,20,113,60484,0.186826268103961
optimized_mf,32,27,73,60484,0.120693075854772
optimized_mf,32,16,15,60484,0.0247999470934462
optimized_mf,32,37,9,60484,0.0148799682560677
optimized_mf,32,43,7,60484,0.0115733086436082
optimized_mf,32,1,1,60484,0.00165332980622975
optimized_mf,32,6,1,60484,0.00165332980622975
optimized_mf,33,41,33928,389751,8.70504501592042
optimized_mf,33,7,30865,389751,7.91915864231266
optimized_mf,33,13,25563,389751,6.55880292802328
optimized_mf,33,24,10253,389751,2.63065393032988
optimized_mf,33,25,7426,389751,1.9053190370262
optimized_mf,33,27,6407,389751,1.64387006062845
optimized_mf,33,3,6089,389751,1.56227950665938
optimized_mf,33,29,5272,389751,1.35265849221683
optimized_mf,33,32,4877,389751,1.2513117349282
optimized_mf,33,23,4403,389751,1.12969562618184
optimized_mf,33,12,3669,389751,0.941370259473356
optimized_mf,33,11,3517,389751,0.902371000972416
optimized_mf,33,15,3454,389751,0.886206834620052
optimized_mf,33,5,2048,389751,0.525463693486354
optimized_mf,33,1,1454,389751,0.373058696449785
optimized_mf,33,44,1451,389751,0.372288974242529
optimized_mf,33,35,1365,389751,0.350223604301208
optimized_mf,33,37,1188,389751,0.304809994073139
optimized_mf,33,28,674,389751,0.17293092256338
optimized_mf,33,45,594,389751,0.15240499703657
optimized_mf,33,20,489,389751,0.12546471978263
optimized_mf,33,18,443,389751,0.113662312604714
optimized_mf,33,36,417,389751,0.106991386808501
optimized_mf,33,14,399,389751,0.102373053564968
optimized_mf,33,10,301,389751,0.0772287947946253
optimized_mf,33,16,267,389751,0.0685052764457307
optimized_mf,33,47,181,389751,0.0464399065044092
optimized_mf,33,31,139,389751,0.0356637956028336
optimized_mf,33,19,95,389751,0.0243745365630877
optimized_mf,33,40,91,389751,0.0233482402867472
optimized_mf,33,39,86,389751,0.0220653699413215
optimized_mf,33,2,78,389751,0.0200127773886404
optimized_mf,33,52,41,389751,0.0105195368324905
optimized_mf,33,26,37,389751,0.00949324055614995
optimized_mf,33,34,28,389751,0.00718407393438375
optimized_mf,33,46,27,389751,0.00692749986529861
optimized_mf,33,49,20,389751,0.00513148138170268
optimized_mf,33,4,14,389751,0.00359203696719187
optimized_mf,33,30,11,389751,0.00282231475993647
optimized_mf,34,10,601,5159,11.6495444853654
optimized_mf,34,49,392,5159,7.59837177747626
optimized_mf,34,39,338,5159,6.55165729792596
optimized_mf,34,36,175,5159,3.3921302578019
optimized_mf,34,46,90,5159,1.74452413258383
optimized_mf,34,3,61,5159,1.18239968986238
optimized_mf,34,30,40,5159,0.775344058926148
optimized_mf,34,27,28,5159,0.542740841248304
optimized_mf,34,26,19,5159,0.368288427989921
optimized_mf,34,28,17,5159,0.329521225043613
optimized_mf,34,40,10,5159,0.193836014731537
optimized_mf,34,33,9,5159,0.174452413258383
optimized_mf,34,7,6,5159,0.116301608838922
optimized_mf,34,44,6,5159,0.116301608838922
optimized_mf,34,17,3,5159,0.0581508044194611
optimized_mf,34,31,3,5159,0.0581508044194611
optimized_mf,34,1,2,5159,0.0387672029463074
optimized_mf,34,18,2,5159,0.0387672029463074
optimized_mf,34,20,2,5159,0.0387672029463074
optimized_mf,34,22,2,5159,0.0387672029463074
optimized_mf,34,23,2,5159,0.0387672029463074
optimized_mf,34,35,2,5159,0.0387672029463074
optimized_mf,34,45,2,5159,0.0387672029463074
optimized_mf,34,50,2,5159,0.0387672029463074
optimized_mf,34,54,2,5159,0.0387672029463074
optimized_mf,34,11,1,5159,0.0193836014731537
optimized_mf,34,12,1,5159,0.0193836014731537
optimized_mf,34,13,1,5159,0.0193836014731537
optimized_mf,34,14,1,5159,0.0193836014731537
optimized_mf,34,15,1,5159,0.0193836014731537
optimized_mf,34,19,1,5159,0.0193836014731537
optimized_mf,34,21,1,5159,0.0193836014731537
optimized_mf,34,25,1,5159,0.0193836014731537
optimized_mf,34,37,1,5159,0.0193836014731537
optimized_mf,34,41,1,5159,0.0193836014731537
optimized_mf,34,42,1,5159,0.0193836014731537
optimized_mf,34,43,1,5159,0.0193836014731537
optimized_mf,34,48,1,5159,0.0193836014731537
optimized_mf,34,53,1,5159,0.0193836014731537
optimized_mf,34,55,1,5159,0.0193836014731537
optimized_mf,35,24,2040,32864,6.20740019474197
optimized_mf,35,25,1263,32864,3.84311100292113
optimized_mf,35,23,746,32864,2.26996105160662
optimized_mf,35,29,688,32864,2.09347614410906
optimized_mf,35,32,391,32864,1.18975170399221
optimized_mf,35,33,270,32864,0.821567672833496
optimized_mf,35,13,153,32864,0.465555014605648
optimized_mf,35,14,93,32864,0.282984420642649
optimized_mf,35,15,62,32864,0.188656280428432
optimized_mf,35,16,29,32864,0.0882424537487829
optimized_mf,35,19,18,32864,0.0547711781888997
optimized_mf,35,18,7,32864,0.0212999026290166
optimized_mf,35,38,5,32864,0.0152142161635833
optimized_mf,35,20,1,32864,0.00304284323271665
optimized_mf,36,30,1917,22575,8.49169435215947
optimized_mf,36,28,1348,22575,5.97120708748616
optimized_mf,36,44,1138,22575,5.04097452934662
optimized_mf,36,26,673,22575,2.9811738648948
optimized_mf,36,21,487,22575,2.15725359911406
optimized_mf,36,47,418,22575,1.8516057585825
optimized_mf,36,49,402,22575,1.78073089700997
optimized_mf,36,40,337,22575,1.49280177187154
optimized_mf,36,10,331,22575,1.46622369878184
optimized_mf,36,34,316,22575,1.39977851605759
optimized_mf,36,39,269,22575,1.19158361018826
optimized_mf,36,3,124,22575,0.549280177187154
optimized_mf,36,7,113,22575,0.500553709856035
optimized_mf,36,41,95,22575,0.420819490586933
optimized_mf,36,13,89,22575,0.394241417497231
optimized_mf,36,50,68,22575,0.301218161683278
optimized_mf,36,53,66,22575,0.292358803986711
optimized_mf,36,55,65,22575,0.287929125138427
optimized_mf,36,46,54,22575,0.239202657807309
optimized_mf,36,33,39,22575,0.172757475083056
optimized_mf,36,9,23,22575,0.10188261351052
optimized_mf,36,48,9,22575,0.0398671096345515
optimized_mf,36,5,7,22575,0.0310077519379845
optimized_mf,36,1,3,22575,0.0132890365448505
optimized_mf,36,11,2,22575,0.008859357696567
optimized_mf,36,45,2,22575,0.008859357696567
optimized_mf,36,16,1,22575,0.0044296788482835
optimized_mf,36,27,1,22575,0.0044296788482835
optimized_mf,37,27,12501,191906,6.51412670786739
optimized_mf,37,3,11475,191906,5.97948995862558
optimized_mf,37,41,10316,191906,5.37554844559316
optimized_mf,37,7,8420,191906,4.38756474523986
optimized_mf,37,33,3888,191906,2.02599189186373
optimized_mf,37,13,1558,191906,0.81185580440424
optimized_mf,37,10,980,191906,0.510666680562359
optimized_mf,37,21,730,191906,0.380394568174002
optimized_mf,37,30,661,191906,0.344439465154815
optimized_mf,37,12,634,191906,0.330370077016873
optimized_mf,37,28,542,191906,0.282429939657958
optimized_mf,37,25,526,191906,0.274092524465103
optimized_mf,37,47,489,191906,0.254812251831626
optimized_mf,37,14,365,191906,0.190197284087001
optimized_mf,37,39,349,191906,0.181859868894146
optimized_mf,37,11,290,191906,0.151115650370494
optimized_mf,37,5,276,191906,0.143820412076746
optimized_mf,37,9,258,191906,0.134440819984784
optimized_mf,37,1,208,191906,0.108386397507113
optimized_mf,37,18,196,191906,0.102133336112472
optimized_mf,37,36,146,191906,0.0760789136348004
optimized_mf,37,34,107,191906,0.0557564641022167
optimized_mf,37,26,84,191906,0.0437714297624879
optimized_mf,37,46,69,191906,0.0359551030191865
optimized_mf,37,2,56,191906,0.0291809531749919
optimized_mf,37,6,37,191906,0.0192802726334768
optimized_mf,37,44,35,191906,0.01823809573437
optimized_mf,37,45,30,191906,0.0156326534866028
optimized_mf,37,15,29,191906,0.0151115650370494
optimized_mf,37,40,29,191906,0.0151115650370494
optimized_mf,37,49,21,191906,0.010942857440622
optimized_mf,37,16,10,191906,0.00521088449553427
optimized_mf,37,4,6,191906,0.00312653069732056
optimized_mf,37,17,6,191906,0.00312653069732056
optimized_mf,37,24,6,191906,0.00312653069732056
optimized_mf,37,32,4,191906,0.00208435379821371
optimized_mf,37,35,4,191906,0.00208435379821371
optimized_mf,37,38,4,191906,0.00208435379821371
optimized_mf,37,50,4,191906,0.00208435379821371
optimized_mf,37,55,4,191906,0.00208435379821371
optimized_mf,37,23,3,191906,0.00156326534866028
optimized_mf,37,29,3,191906,0.00156326534866028
optimized_mf,37,31,3,191906,0.00156326534866028
optimized_mf,37,42,3,191906,0.00156326534866028
optimized_mf,37,53,3,191906,0.00156326534866028
optimized_mf,37,54,3,191906,0.00156326534866028
optimized_mf,37,19,2,191906,0.00104217689910685
optimized_mf,37,20,2,191906,0.00104217689910685
optimized_mf,37,43,2,191906,0.00104217689910685
optimized_mf,37,52,2,191906,0.00104217689910685
optimized_mf,37,22,1,191906,0.000521088449553427
optimized_mf,37,48,1,191906,0.000521088449553427
optimized_mf,38,24,727,30032,2.42075119872136
optimized_mf,38,23,592,30032,1.97123068726692
optimized_mf,38,19,514,30032,1.71150772509323
optimized_mf,38,27,359,30032,1.1953915823122
optimized_mf,38,15,311,30032,1.0355620671284
optimized_mf,38,29,81,30032,0.269712306872669
optimized_mf,38,13,47,30032,0.156499733617475
optimized_mf,38,32,47,30032,0.156499733617475
optimized_mf,38,25,27,30032,0.0899041022908897
optimized_mf,38,14,1,30032,0.00332978156632925
optimized_mf,38,52,1,30032,0.00332978156632925
optimized_mf,39,10,3463,21943,15.781798295584
optimized_mf,39,46,3369,21943,15.3534156678667
optimized_mf,39,34,351,21943,1.59959896094426
optimized_mf,39,30,268,21943,1.22134621519391
optimized_mf,39,36,201,21943,0.916009661395434
optimized_mf,39,18,164,21943,0.747390967506722
optimized_mf,39,47,162,21943,0.738276443512738
optimized_mf,39,5,128,21943,0.583329535615003
optimized_mf,39,16,102,21943,0.464840723693205
optimized_mf,39,50,89,21943,0.405596317732306
optimized_mf,39,49,83,21943,0.378252745750353
optimized_mf,39,23,78,21943,0.355466435765392
optimized_mf,39,40,78,21943,0.355466435765392
optimized_mf,39,1,77,21943,0.3509091737684
optimized_mf,39,45,66,21943,0.300779291801486
optimized_mf,39,44,45,21943,0.205076789864649
optimized_mf,39,28,25,21943,0.113931549924805
optimized_mf,39,20,9,21943,0.0410153579729299
optimized_mf,39,7,8,21943,0.0364580959759377
optimized_mf,39,24,4,21943,0.0182290479879688
optimized_mf,39,43,4,21943,0.0182290479879688
optimized_mf,39,33,3,21943,0.0136717859909766
optimized_mf,39,13,2,21943,0.00911452399398441
optimized_mf,40,30,39283,339661,11.5653548685307
optimized_mf,40,47,32904,339661,9.68730587262005
optimized_mf,40,49,30446,339661,8.96364316185844
optimized_mf,40,44,27751,339661,8.17020499851322
optimized_mf,40,21,26848,339661,7.90435169183392
optimized_mf,40,36,18137,339661,5.339735795396
optimized_mf,40,53,9314,339661,2.74214584541646
optimized_mf,40,26,8119,339661,2.39032447057507
optimized_mf,40,28,6216,339661,1.83005997155988
optimized_mf,40,55,5023,339661,1.47882741910316
optimized_mf,40,52,4246,339661,1.25006992265818
optimized_mf,40,10,4081,339661,1.20149207592276
optimized_mf,40,39,3197,339661,0.941232581897833
optimized_mf,40,50,2149,339661,0.632689652329823
optimized_mf,40,46,1906,339661,0.561147732592202
optimized_mf,40,5,1855,339661,0.546132761783072
optimized_mf,40,54,962,339661,0.283223567027124
optimized_mf,40,41,555,339661,0.163398211746418
optimized_mf,40,34,554,339661,0.163103800554082
optimized_mf,40,7,470,339661,0.138373260397867
optimized_mf,40,3,324,339661,0.0953892263168277
optimized_mf,40,48,290,339661,0.0853792457774075
optimized_mf,40,45,111,339661,0.0326796423492835
optimized_mf,40,27,80,339661,0.023552895386871
optimized_mf,40,31,80,339661,0.023552895386871
optimized_mf,40,1,64,339661,0.0188423163094968
optimized_mf,40,33,38,339661,0.0111876253087637
optimized_mf,40,16,35,339661,0.0103043917317561
optimized_mf,40,20,28,339661,0.00824351338540486
optimized_mf,40,25,26,339661,0.00765469100073308
optimized_mf,40,43,15,339661,0.00441616788503832
optimized_mf,40,24,13,339661,0.00382734550036654
optimized_mf,40,22,12,339661,0.00353293430803065
optimized_mf,40,15,11,339661,0.00323852311569477
optimized_mf,40,18,11,339661,0.00323852311569477
optimized_mf,40,37,11,339661,0.00323852311569477
optimized_mf,40,13,10,339661,0.00294411192335888
optimized_mf,40,17,10,339661,0.00294411192335888
optimized_mf,40,11,9,339661,0.00264970073102299
optimized_mf,40,35,9,339661,0.00264970073102299
optimized_mf,40,38,9,339661,0.00264970073102299
optimized_mf,40,4,8,339661,0.0023552895386871
optimized_mf,40,14,8,339661,0.0023552895386871
optimized_mf,40,29,8,339661,0.0023552895386871
optimized_mf,40,12,7,339661,0.00206087834635122
optimized_mf,40,2,6,339661,0.00176646715401533
optimized_mf,40,19,6,339661,0.00176646715401533
optimized_mf,40,42,6,339661,0.00176646715401533
optimized_mf,40,32,5,339661,0.00147205596167944
optimized_mf,40,6,4,339661,0.00117764476934355
optimized_mf,40,23,4,339661,0.00117764476934355
optimized_mf,40,9,3,339661,0.000883233577007664
optimized_mf,41,7,11353,91243,12.4425983363107
optimized_mf,41,33,10969,91243,12.0217441337966
optimized_mf,41,37,5026,91243,5.50836776519843
optimized_mf,41,27,3996,91243,4.37951404491303
optimized_mf,41,3,3098,91243,3.39532895674189
optimized_mf,41,36,2630,91243,2.88241289742775
optimized_mf,41,30,2416,91243,2.64787435748496
optimized_mf,41,28,1818,91243,1.992481615028
optimized_mf,41,47,1638,91243,1.79520620759949
optimized_mf,41,13,602,91243,0.659776640399812
optimized_mf,41,21,588,91243,0.644432997599816
optimized_mf,41,12,275,91243,0.301392983571343
optimized_mf,41,26,209,91243,0.22905866751422
optimized_mf,41,5,131,91243,0.14357265762853
optimized_mf,41,2,122,91243,0.133708887257105
optimized_mf,41,10,102,91243,0.111789397542825
optimized_mf,41,44,42,91243,0.0460309283999869
optimized_mf,41,15,39,91243,0.0427430049428449
optimized_mf,41,39,22,91243,0.0241114386857074
optimized_mf,41,45,17,91243,0.0186315662571375
optimized_mf,41,32,12,91243,0.0131516938285677
optimized_mf,41,6,11,91243,0.0120557193428537
optimized_mf,41,25,10,91243,0.0109597448571397
optimized_mf,41,1,8,91243,0.00876779588571178
optimized_mf,41,18,8,91243,0.00876779588571178
optimized_mf,41,20,8,91243,0.00876779588571178
optimized_mf,41,40,8,91243,0.00876779588571178
optimized_mf,41,49,8,91243,0.00876779588571178
optimized_mf,41,46,6,91243,0.00657584691428384
optimized_mf,41,34,4,91243,0.00438389794285589
optimized_mf,41,4,3,91243,0.00328792345714192
optimized_mf,41,16,3,91243,0.00328792345714192
optimized_mf,41,50,3,91243,0.00328792345714192
optimized_mf,41,53,2,91243,0.00219194897142795
optimized_mf,41,11,1,91243,0.00109597448571397
optimized_mf,41,22,1,91243,0.00109597448571397
optimized_mf,41,23,1,91243,0.00109597448571397
optimized_mf,41,31,1,91243,0.00109597448571397
optimized_mf,41,35,1,91243,0.00109597448571397
optimized_mf,41,38,1,91243,0.00109597448571397
optimized_mf,41,55,1,91243,0.00109597448571397
optimized_mf,42,31,18335,155019,11.8275824253801
optimized_mf,42,20,12003,155019,7.74292183538792
optimized_mf,42,25,2807,155019,1.8107457795496
optimized_mf,42,24,1760,155019,1.13534469968197
optimized_mf,42,16,1491,155019,0.961817583651036
optimized_mf,42,43,1203,155019,0.776033905521259
optimized_mf,42,22,957,155019,0.617343680452074
optimized_mf,42,19,401,155019,0.258677968507086
optimized_mf,42,13,221,155019,0.142563169675975
optimized_mf,42,7,209,155019,0.134822183087234
optimized_mf,42,48,146,155019,0.0941820034963456
optimized_mf,42,32,142,155019,0.091601674633432
optimized_mf,42,15,29,155019,0.0187073842561234
optimized_mf,42,33,21,155019,0.0135467265302963
optimized_mf,42,27,10,155019,0.00645082215728395
optimized_mf,42,12,9,155019,0.00580573994155555
optimized_mf,42,14,7,155019,0.00451557551009876
optimized_mf,42,5,6,155019,0.00387049329437037
optimized_mf,42,2,5,155019,0.00322541107864197
optimized_mf,42,53,4,155019,0.00258032886291358
optimized_mf,42,23,3,155019,0.00193524664718518
optimized_mf,42,37,3,155019,0.00193524664718518
optimized_mf,42,4,2,155019,0.00129016443145679
optimized_mf,42,9,2,155019,0.00129016443145679
optimized_mf,42,26,2,155019,0.00129016443145679
optimized_mf,42,28,2,155019,0.00129016443145679
optimized_mf,42,34,2,155019,0.00129016443145679
optimized_mf,42,36,2,155019,0.00129016443145679
optimized_mf,42,39,2,155019,0.00129016443145679
optimized_mf,42,40,2,155019,0.00129016443145679
optimized_mf,42,44,2,155019,0.00129016443145679
optimized_mf,42,1,1,155019,0.000645082215728395
optimized_mf,42,10,1,155019,0.000645082215728395
optimized_mf,42,11,1,155019,0.000645082215728395
optimized_mf,42,21,1,155019,0.000645082215728395
optimized_mf,42,29,1,155019,0.000645082215728395
optimized_mf,42,30,1,155019,0.000645082215728395
optimized_mf,42,35,1,155019,0.000645082215728395
optimized_mf,42,41,1,155019,0.000645082215728395
optimized_mf,42,47,1,155019,0.000645082215728395
optimized_mf,42,49,1,155019,0.000645082215728395
optimized_mf,42,52,1,155019,0.000645082215728395
optimized_mf,42,54,1,155019,0.000645082215728395
optimized_mf,43,16,272,5692,4.77863668306395
optimized_mf,43,42,210,5692,3.68938861560084
optimized_mf,43,46,150,5692,2.63527758257203
optimized_mf,43,25,121,5692,2.12579058327477
optimized_mf,43,20,38,5692,0.667603654251581
optimized_mf,43,24,37,5692,0.650035137034434
optimized_mf,43,18,35,5692,0.614898102600141
optimized_mf,43,31,13,5692,0.228390723822909
optimized_mf,43,19,9,5692,0.158116654954322
optimized_mf,43,10,2,5692,0.0351370344342937
optimized_mf,44,30,78195,566191,13.8107105199482
optimized_mf,44,40,57249,566191,10.1112522099433
optimized_mf,44,47,49026,566191,8.65891545432548
optimized_mf,44,36,40142,566191,7.08983364271068
optimized_mf,44,49,31264,566191,5.52181154416089
optimized_mf,44,21,30795,566191,5.43897730624471
optimized_mf,44,53,25974,566191,4.58749785849652
optimized_mf,44,28,22960,566191,4.05516866216524
optimized_mf,44,26,14901,566191,2.63179739699147
optimized_mf,44,55,12926,566191,2.28297517975383
optimized_mf,44,54,8391,566191,1.48200872143853
optimized_mf,44,39,7097,566191,1.2534639370813
optimized_mf,44,50,5739,566191,1.01361554669714
optimized_mf,44,52,4477,566191,0.790722565353388
optimized_mf,44,10,2681,566191,0.473515121222344
optimized_mf,44,46,1539,566191,0.271816401179107
optimized_mf,44,33,1509,566191,0.266517835853979
optimized_mf,44,3,1504,566191,0.265634741633124
optimized_mf,44,5,1476,566191,0.260689413996337
optimized_mf,44,7,1403,566191,0.247796238371857
optimized_mf,44,18,1229,566191,0.21706455948611
optimized_mf,44,45,1006,566191,0.177678557235986
optimized_mf,44,34,840,566191,0.148359829103606
optimized_mf,44,41,831,566191,0.146770259506068
optimized_mf,44,1,654,566191,0.115508724087808
optimized_mf,44,13,414,566191,0.0731202014867774
optimized_mf,44,27,139,566191,0.0245500193397634
optimized_mf,44,31,117,566191,0.0206644047680023
optimized_mf,44,20,60,566191,0.0105971306502576
optimized_mf,44,37,45,566191,0.0079478479876932
optimized_mf,44,16,38,566191,0.00671151607849648
optimized_mf,44,23,33,566191,0.00582842185764168
optimized_mf,44,48,33,566191,0.00582842185764168
optimized_mf,44,2,27,566191,0.00476870879261592
optimized_mf,44,25,25,566191,0.004415471104274
optimized_mf,44,6,23,566191,0.00406223341593208
optimized_mf,44,43,20,566191,0.0035323768834192
optimized_mf,44,17,18,566191,0.00317913919507728
optimized_mf,44,19,17,566191,0.00300252035090632
optimized_mf,44,24,17,566191,0.00300252035090632
optimized_mf,44,35,17,566191,0.00300252035090632
optimized_mf,44,12,16,566191,0.00282590150673536
optimized_mf,44,14,16,566191,0.00282590150673536
optimized_mf,44,32,16,566191,0.00282590150673536
optimized_mf,44,11,15,566191,0.0026492826625644
optimized_mf,44,38,15,566191,0.0026492826625644
optimized_mf,44,29,14,566191,0.00247266381839344
optimized_mf,44,9,13,566191,0.00229604497422248
optimized_mf,44,4,11,566191,0.00194280728588056
optimized_mf,44,15,10,566191,0.0017661884417096
optimized_mf,44,22,10,566191,0.0017661884417096
optimized_mf,44,42,10,566191,0.0017661884417096
optimized_mf,45,16,1496,16405,9.11917098445596
optimized_mf,45,46,1056,16405,6.43706187138068
optimized_mf,45,39,862,16405,5.25449558061567
optimized_mf,45,10,367,16405,2.23712282840597
optimized_mf,45,20,366,16405,2.23102712587626
optimized_mf,45,24,312,16405,1.90185918927156
optimized_mf,45,18,293,16405,1.78604084120695
optimized_mf,45,31,177,16405,1.07893934775983
optimized_mf,45,13,144,16405,0.877781164279183
optimized_mf,45,29,131,16405,0.798537031392868
optimized_mf,45,47,106,16405,0.646144468149954
optimized_mf,45,30,102,16405,0.621761658031088
optimized_mf,45,1,88,16405,0.536421822615056
optimized_mf,45,5,47,16405,0.286498018896678
optimized_mf,45,25,44,16405,0.268210911307528
optimized_mf,45,44,42,16405,0.256019506248095
optimized_mf,45,49,29,16405,0.17677537336178
optimized_mf,45,34,25,16405,0.152392563242914
optimized_mf,45,40,21,16405,0.128009753124048
optimized_mf,45,28,13,16405,0.0792441328863151
optimized_mf,45,22,5,16405,0.0304785126485828
optimized_mf,45,23,4,16405,0.0243828101188662
optimized_mf,45,37,4,16405,0.0243828101188662
optimized_mf,45,50,4,16405,0.0243828101188662
optimized_mf,45,7,3,16405,0.0182871075891497
optimized_mf,45,33,3,16405,0.0182871075891497
optimized_mf,45,36,3,16405,0.0182871075891497
optimized_mf,45,55,3,16405,0.0182871075891497
optimized_mf,45,12,2,16405,0.0121914050594331
optimized_mf,45,48,2,16405,0.0121914050594331
optimized_mf,45,3,1,16405,0.00609570252971655
optimized_mf,45,32,1,16405,0.00609570252971655
optimized_mf,45,42,1,16405,0.00609570252971655
optimized_mf,45,43,1,16405,0.00609570252971655
optimized_mf,45,53,1,16405,0.00609570252971655
optimized_mf,46,10,21902,136482,16.0475374041998
optimized_mf,46,39,11666,136482,8.54764730880263
optimized_mf,46,18,10676,136482,7.82227693029117
optimized_mf,46,45,8683,136482,6.36201110769186
optimized_mf,46,16,8570,136482,6.27921630691227
optimized_mf,46,20,2344,136482,1.71744259316247
optimized_mf,46,49,1425,136482,1.04409372664527
optimized_mf,46,47,1396,136482,1.02284550343635
optimized_mf,46,34,1142,136482,0.836740376020281
optimized_mf,46,40,934,136482,0.684339326797673
optimized_mf,46,36,928,136482,0.679943142685482
optimized_mf,46,1,900,136482,0.659427616828593
optimized_mf,46,44,795,136482,0.582494394865257
optimized_mf,46,30,527,136482,0.386131504520743
optimized_mf,46,5,378,136482,0.276959599068009
optimized_mf,46,28,321,136482,0.235195850002198
optimized_mf,46,26,212,136482,0.155331838630735
optimized_mf,46,13,205,136482,0.150202957166513
optimized_mf,46,43,146,136482,0.106973813396638
optimized_mf,46,50,129,136482,0.0945179584120983
optimized_mf,46,3,80,136482,0.0586157881625416
optimized_mf,46,7,58,136482,0.0424964464178426
optimized_mf,46,37,35,136482,0.0256444073211119
optimized_mf,46,31,18,136482,0.0131885523365719
optimized_mf,46,4,17,136482,0.0124558549845401
optimized_mf,46,2,14,136482,0.0102577629284448
optimized_mf,46,21,13,136482,0.00952506557641301
optimized_mf,46,33,12,136482,0.00879236822438124
optimized_mf,46,22,11,136482,0.00805967087234947
optimized_mf,46,48,10,136482,0.0073269735203177
optimized_mf,46,55,10,136482,0.0073269735203177
optimized_mf,46,38,9,136482,0.00659427616828593
optimized_mf,46,11,8,136482,0.00586157881625416
optimized_mf,46,23,8,136482,0.00586157881625416
optimized_mf,46,14,7,136482,0.00512888146422239
optimized_mf,46,25,7,136482,0.00512888146422239
optimized_mf,46,29,7,136482,0.00512888146422239
optimized_mf,46,27,6,136482,0.00439618411219062
optimized_mf,46,53,6,136482,0.00439618411219062
optimized_mf,46,12,5,136482,0.00366348676015885
optimized_mf,46,24,5,136482,0.00366348676015885
optimized_mf,46,35,5,136482,0.00366348676015885
optimized_mf,46,41,5,136482,0.00366348676015885
optimized_mf,46,54,5,136482,0.00366348676015885
optimized_mf,46,15,4,136482,0.00293078940812708
optimized_mf,46,19,4,136482,0.00293078940812708
optimized_mf,46,6,3,136482,0.00219809205609531
optimized_mf,46,9,2,136482,0.00146539470406354
optimized_mf,46,17,2,136482,0.00146539470406354
optimized_mf,46,42,2,136482,0.00146539470406354
optimized_mf,46,32,1,136482,0.00073269735203177
optimized_mf,46,52,1,136482,0.00073269735203177
optimized_mf,47,40,43082,354447,12.1547086024145
optimized_mf,47,44,26354,354447,7.43524419729889
optimized_mf,47,28,16756,354447,4.72736403467937
optimized_mf,47,30,14412,354447,4.06605218833845
optimized_mf,47,36,13061,354447,3.68489506188513
optimized_mf,47,49,12049,354447,3.39937987907924
optimized_mf,47,21,8388,354447,2.36650331361247
optimized_mf,47,52,3981,354447,1.12315804619591
optimized_mf,47,27,3695,354447,1.04246897279424
optimized_mf,47,10,2975,354447,0.839335641153684
optimized_mf,47,50,2596,354447,0.732408512415114
optimized_mf,47,5,2255,354447,0.636202309513129
optimized_mf,47,26,2076,354447,0.585701106230269
optimized_mf,47,39,2070,354447,0.584008328466597
optimized_mf,47,46,1614,354447,0.455357218427579
optimized_mf,47,3,1065,354447,0.300468053051655
optimized_mf,47,33,893,354447,0.251941757159745
optimized_mf,47,41,729,354447,0.205672498286063
optimized_mf,47,7,640,354447,0.180562961458272
optimized_mf,47,55,557,354447,0.157146202394152
optimized_mf,47,34,408,354447,0.115108887929648
optimized_mf,47,48,377,354447,0.106362869484013
optimized_mf,47,53,281,354447,0.0792784252652724
optimized_mf,47,37,117,354447,0.0330091663915903
optimized_mf,47,1,64,354447,0.0180562961458272
optimized_mf,47,45,37,354447,0.0104387962093063
optimized_mf,47,11,25,354447,0.00705324068196374
optimized_mf,47,18,21,354447,0.00592472217284954
optimized_mf,47,2,20,354447,0.00564259254557099
optimized_mf,47,23,19,354447,0.00536046291829244
optimized_mf,47,43,19,354447,0.00536046291829244
optimized_mf,47,9,18,354447,0.00507833329101389
optimized_mf,47,20,18,354447,0.00507833329101389
optimized_mf,47,35,18,354447,0.00507833329101389
optimized_mf,47,6,16,354447,0.00451407403645679
optimized_mf,47,25,16,354447,0.00451407403645679
optimized_mf,47,13,15,354447,0.00423194440917824
optimized_mf,47,38,15,354447,0.00423194440917824
optimized_mf,47,42,15,354447,0.00423194440917824
optimized_mf,47,4,14,354447,0.00394981478189969
optimized_mf,47,14,14,354447,0.00394981478189969
optimized_mf,47,22,13,354447,0.00366768515462114
optimized_mf,47,12,12,354447,0.00338555552734259
optimized_mf,47,29,12,354447,0.00338555552734259
optimized_mf,47,16,11,354447,0.00310342590006404
optimized_mf,47,17,11,354447,0.00310342590006404
optimized_mf,47,19,11,354447,0.00310342590006404
optimized_mf,47,24,11,354447,0.00310342590006404
optimized_mf,47,32,9,354447,0.00253916664550694
optimized_mf,47,31,8,354447,0.0022570370182284
optimized_mf,47,15,7,354447,0.00197490739094985
optimized_mf,47,54,6,354447,0.0016927777636713
optimized_mf,48,21,93,1624,5.72660098522168
optimized_mf,48,40,42,1624,2.58620689655172
optimized_mf,48,30,37,1624,2.27832512315271
optimized_mf,48,53,29,1624,1.78571428571429
optimized_mf,48,26,23,1624,1.41625615763547
optimized_mf,48,49,18,1624,1.10837438423645
optimized_mf,48,36,12,1624,0.738916256157635
optimized_mf,48,43,9,1624,0.554187192118227
optimized_mf,48,27,8,1624,0.492610837438424
optimized_mf,48,47,6,1624,0.369458128078818
optimized_mf,48,3,2,1624,0.123152709359606
optimized_mf,48,1,1,1624,0.061576354679803
optimized_mf,48,2,1,1624,0.061576354679803
optimized_mf,48,4,1,1624,0.061576354679803
optimized_mf,48,18,1,1624,0.061576354679803
optimized_mf,48,20,1,1624,0.061576354679803
optimized_mf,48,37,1,1624,0.061576354679803
optimized_mf,48,41,1,1624,0.061576354679803
optimized_mf,49,30,23834,157753,15.1084289997655
optimized_mf,49,40,11796,157753,7.47751231355347
optimized_mf,49,26,10223,157753,6.48038389127307
optimized_mf,49,52,7512,157753,4.76187457607779
optimized_mf,49,10,7363,157753,4.66742312349052
optimized_mf,49,44,6537,157753,4.1438197688792
optimized_mf,49,36,5831,157753,3.69628469823078
optimized_mf,49,47,3314,157753,2.10075244210887
optimized_mf,49,21,2815,157753,1.78443516129646
optimized_mf,49,39,1807,157753,1.14546157600806
optimized_mf,49,34,1748,157753,1.10806133639297
optimized_mf,49,53,1503,157753,0.952755256635373
optimized_mf,49,28,1376,157753,0.872249656107966
optimized_mf,49,55,1112,157753,0.704899431389577
optimized_mf,49,46,763,157753,0.483667505530798
optimized_mf,49,50,387,157753,0.245320215780366
optimized_mf,49,5,240,157753,0.152136567925808
optimized_mf,49,45,112,157753,0.0709970650320438
optimized_mf,49,54,42,157753,0.0266238993870164
optimized_mf,49,3,41,157753,0.0259899970206589
optimized_mf,49,20,18,157753,0.0114102425944356
optimized_mf,49,37,17,157753,0.0107763402280781
optimized_mf,49,7,15,157753,0.009508535495363
optimized_mf,49,48,15,157753,0.009508535495363
optimized_mf,49,11,12,157753,0.0076068283962904
optimized_mf,49,42,11,157753,0.00697292602993287
optimized_mf,49,19,10,157753,0.00633902366357534
optimized_mf,49,41,9,157753,0.0057051212972178
optimized_mf,49,14,8,157753,0.00507121893086027
optimized_mf,49,15,8,157753,0.00507121893086027
optimized_mf,49,16,8,157753,0.00507121893086027
optimized_mf,49,25,8,157753,0.00507121893086027
optimized_mf,49,22,7,157753,0.00443731656450274
optimized_mf,49,38,7,157753,0.00443731656450274
optimized_mf,49,1,6,157753,0.0038034141981452
optimized_mf,49,9,6,157753,0.0038034141981452
optimized_mf,49,32,6,157753,0.0038034141981452
optimized_mf,49,33,6,157753,0.0038034141981452
optimized_mf,49,2,5,157753,0.00316951183178767
optimized_mf,49,4,5,157753,0.00316951183178767
optimized_mf,49,24,5,157753,0.00316951183178767
optimized_mf,49,35,5,157753,0.00316951183178767
optimized_mf,49,43,5,157753,0.00316951183178767
optimized_mf,49,12,4,157753,0.00253560946543013
optimized_mf,49,17,4,157753,0.00253560946543013
optimized_mf,49,23,4,157753,0.00253560946543013
optimized_mf,49,31,4,157753,0.00253560946543013
optimized_mf,49,13,3,157753,0.0019017070990726
optimized_mf,49,18,3,157753,0.0019017070990726
optimized_mf,49,29,3,157753,0.0019017070990726
optimized_mf,49,6,1,157753,0.000633902366357534
optimized_mf,49,27,1,157753,0.000633902366357534
optimized_mf,50,39,130,2292,5.67190226876091
optimized_mf,50,53,84,2292,3.66492146596859
optimized_mf,50,44,70,2292,3.05410122164049
optimized_mf,50,47,64,2292,2.79232111692845
optimized_mf,50,28,45,2292,1.96335078534031
optimized_mf,50,40,21,2292,0.916230366492147
optimized_mf,50,46,20,2292,0.87260034904014
optimized_mf,50,30,15,2292,0.654450261780105
optimized_mf,50,10,14,2292,0.610820244328098
optimized_mf,50,21,9,2292,0.392670157068063
optimized_mf,50,55,4,2292,0.174520069808028
optimized_mf,50,9,2,2292,0.087260034904014
optimized_mf,50,12,2,2292,0.087260034904014
optimized_mf,50,19,2,2292,0.087260034904014
optimized_mf,50,41,2,2292,0.087260034904014
optimized_mf,50,52,2,2292,0.087260034904014
optimized_mf,50,1,1,2292,0.043630017452007
optimized_mf,50,5,1,2292,0.043630017452007
optimized_mf,50,15,1,2292,0.043630017452007
optimized_mf,50,20,1,2292,0.043630017452007
optimized_mf,50,25,1,2292,0.043630017452007
optimized_mf,50,26,1,2292,0.043630017452007
optimized_mf,50,32,1,2292,0.043630017452007
optimized_mf,50,33,1,2292,0.043630017452007
optimized_mf,50,36,1,2292,0.043630017452007
optimized_mf,50,42,1,2292,0.043630017452007
optimized_mf,50,43,1,2292,0.043630017452007
optimized_mf,50,45,1,2292,0.043630017452007
optimized_mf,50,48,1,2292,0.043630017452007
optimized_mf,50,54,1,2292,0.043630017452007
optimized_mf,52,49,1279,23635,5.41146604611805
optimized_mf,52,53,1048,23635,4.4341019674212
optimized_mf,52,55,804,23635,3.40173471546435
optimized_mf,52,40,349,23635,1.4766236513645
optimized_mf,52,44,123,23635,0.520414639306114
optimized_mf,52,26,18,23635,0.0761582398984557
optimized_mf,52,28,14,23635,0.0592341865876878
optimized_mf,52,12,13,23635,0.0550031732599958
optimized_mf,52,4,12,23635,0.0507721599323038
optimized_mf,52,15,12,23635,0.0507721599323038
optimized_mf,52,47,12,23635,0.0507721599323038
optimized_mf,52,18,11,23635,0.0465411466046118
optimized_mf,52,33,11,23635,0.0465411466046118
optimized_mf,52,6,10,23635,0.0423101332769198
optimized_mf,52,9,10,23635,0.0423101332769198
optimized_mf,52,37,9,23635,0.0380791199492278
optimized_mf,52,42,9,23635,0.0380791199492278
optimized_mf,52,2,8,23635,0.0338481066215359
optimized_mf,52,16,8,23635,0.0338481066215359
optimized_mf,52,17,8,23635,0.0338481066215359
optimized_mf,52,25,8,23635,0.0338481066215359
optimized_mf,52,32,8,23635,0.0338481066215359
optimized_mf,52,38,8,23635,0.0338481066215359
optimized_mf,52,3,7,23635,0.0296170932938439
optimized_mf,52,5,7,23635,0.0296170932938439
optimized_mf,52,10,7,23635,0.0296170932938439
optimized_mf,52,14,7,23635,0.0296170932938439
optimized_mf,52,31,7,23635,0.0296170932938439
optimized_mf,52,45,7,23635,0.0296170932938439
optimized_mf,52,46,7,23635,0.0296170932938439
optimized_mf,52,22,6,23635,0.0253860799661519
optimized_mf,52,35,6,23635,0.0253860799661519
optimized_mf,52,36,6,23635,0.0253860799661519
optimized_mf,52,39,6,23635,0.0253860799661519
optimized_mf,52,41,6,23635,0.0253860799661519
optimized_mf,52,13,5,23635,0.0211550666384599
optimized_mf,52,24,5,23635,0.0211550666384599
optimized_mf,52,29,5,23635,0.0211550666384599
optimized_mf,52,43,5,23635,0.0211550666384599
optimized_mf,52,1,4,23635,0.0169240533107679
optimized_mf,52,7,4,23635,0.0169240533107679
optimized_mf,52,11,4,23635,0.0169240533107679
optimized_mf,52,20,4,23635,0.0169240533107679
optimized_mf,52,23,4,23635,0.0169240533107679
optimized_mf,52,19,3,23635,0.0126930399830759
optimized_mf,52,27,3,23635,0.0126930399830759
optimized_mf,52,48,3,23635,0.0126930399830759
optimized_mf,52,21,2,23635,0.00846202665538397
optimized_mf,52,50,1,23635,0.00423101332769198
optimized_mf,52,54,1,23635,0.00423101332769198
optimized_mf,53,44,2745,64489,4.25653987501745
optimized_mf,53,55,2612,64489,4.05030315247562
optimized_mf,53,21,1655,64489,2.56632914140396
optimized_mf,53,52,1533,64489,2.37714959140319
optimized_mf,53,49,1407,64489,2.18176743320566
optimized_mf,53,54,1036,64489,1.6064755229574
optimized_mf,53,40,556,64489,0.862162539347796
optimized_mf,53,26,293,64489,0.454341050411698
optimized_mf,53,30,194,64489,0.300826497542217
optimized_mf,53,50,183,64489,0.283769325001163
optimized_mf,53,34,151,64489,0.234148459427189
optimized_mf,53,28,97,64489,0.150413248771108
optimized_mf,53,39,48,64489,0.0744312983609608
optimized_mf,53,2,45,64489,0.0697793422134007
optimized_mf,53,36,37,64489,0.0573741258199073
optimized_mf,53,19,35,64489,0.0542728217215339
optimized_mf,53,47,31,64489,0.0480702135247872
optimized_mf,53,9,25,64489,0.0387663012296671
optimized_mf,53,37,25,64489,0.0387663012296671
optimized_mf,53,24,23,64489,0.0356649971312937
optimized_mf,53,43,23,64489,0.0356649971312937
optimized_mf,53,25,22,64489,0.034114345082107
optimized_mf,53,11,21,64489,0.0325636930329203
optimized_mf,53,42,20,64489,0.0310130409837337
optimized_mf,53,7,19,64489,0.029462388934547
optimized_mf,53,12,19,64489,0.029462388934547
optimized_mf,53,32,19,64489,0.029462388934547
optimized_mf,53,17,18,64489,0.0279117368853603
optimized_mf,53,18,18,64489,0.0279117368853603
optimized_mf,53,1,17,64489,0.0263610848361736
optimized_mf,53,4,17,64489,0.0263610848361736
optimized_mf,53,5,17,64489,0.0263610848361736
optimized_mf,53,10,17,64489,0.0263610848361736
optimized_mf,53,14,17,64489,0.0263610848361736
optimized_mf,53,22,17,64489,0.0263610848361736
optimized_mf,53,46,17,64489,0.0263610848361736
optimized_mf,53,31,16,64489,0.0248104327869869
optimized_mf,53,45,16,64489,0.0248104327869869
optimized_mf,53,6,15,64489,0.0232597807378002
optimized_mf,53,29,15,64489,0.0232597807378002
optimized_mf,53,38,15,64489,0.0232597807378002
optimized_mf,53,3,14,64489,0.0217091286886136
optimized_mf,53,16,14,64489,0.0217091286886136
optimized_mf,53,23,14,64489,0.0217091286886136
optimized_mf,53,35,14,64489,0.0217091286886136
optimized_mf,53,41,13,64489,0.0201584766394269
optimized_mf,53,15,12,64489,0.0186078245902402
optimized_mf,53,20,12,64489,0.0186078245902402
optimized_mf,53,48,10,64489,0.0155065204918668
optimized_mf,53,33,9,64489,0.0139558684426801
optimized_mf,53,27,7,64489,0.0108545643443068
optimized_mf,53,13,6,64489,0.0093039122951201
optimized_mf,54,53,306,11548,2.64980949082092
optimized_mf,54,21,218,11548,1.88777277450641
optimized_mf,54,44,210,11548,1.81849670938691
optimized_mf,54,50,28,11548,0.242466227918254
optimized_mf,54,36,24,11548,0.207828195358504
optimized_mf,54,40,21,11548,0.181849670938691
optimized_mf,54,49,16,11548,0.138552130239002
optimized_mf,54,34,11,11548,0.0952545895393142
optimized_mf,54,12,9,11548,0.0779355732594389
optimized_mf,54,13,7,11548,0.0606165569795636
optimized_mf,54,4,6,11548,0.0519570488396259
optimized_mf,54,9,6,11548,0.0519570488396259
optimized_mf,54,20,6,11548,0.0519570488396259
optimized_mf,54,3,5,11548,0.0432975406996883
optimized_mf,54,7,5,11548,0.0432975406996883
optimized_mf,54,11,5,11548,0.0432975406996883
optimized_mf,54,18,5,11548,0.0432975406996883
optimized_mf,54,22,5,11548,0.0432975406996883
optimized_mf,54,24,5,11548,0.0432975406996883
optimized_mf,54,42,5,11548,0.0432975406996883
optimized_mf,54,45,5,11548,0.0432975406996883
optimized_mf,54,1,4,11548,0.0346380325597506
optimized_mf,54,2,4,11548,0.0346380325597506
optimized_mf,54,6,4,11548,0.0346380325597506
optimized_mf,54,28,4,11548,0.0346380325597506
optimized_mf,54,33,4,11548,0.0346380325597506
optimized_mf,54,10,3,11548,0.025978524419813
optimized_mf,54,16,3,11548,0.025978524419813
optimized_mf,54,17,3,11548,0.025978524419813
optimized_mf,54,19,3,11548,0.025978524419813
optimized_mf,54,29,3,11548,0.025978524419813
optimized_mf,54,31,3,11548,0.025978524419813
optimized_mf,54,32,3,11548,0.025978524419813
optimized_mf,54,39,3,11548,0.025978524419813
optimized_mf,54,46,3,11548,0.025978524419813
optimized_mf,54,47,3,11548,0.025978524419813
optimized_mf,54,55,3,11548,0.025978524419813
optimized_mf,54,14,2,11548,0.0173190162798753
optimized_mf,54,30,2,11548,0.0173190162798753
optimized_mf,54,37,2,11548,0.0173190162798753
optimized_mf,54,43,2,11548,0.0173190162798753
optimized_mf,54,52,2,11548,0.0173190162798753
optimized_mf,54,15,1,11548,0.00865950813993765
optimized_mf,54,23,1,11548,0.00865950813993765
optimized_mf,54,25,1,11548,0.00865950813993765
optimized_mf,54,35,1,11548,0.00865950813993765
optimized_mf,54,38,1,11548,0.00865950813993765
optimized_mf,54,41,1,11548,0.00865950813993765
optimized_mf,55,53,342,6383,5.35798214005953
optimized_mf,55,52,205,6383,3.2116559611468
optimized_mf,55,44,196,6383,3.07065643114523
optimized_mf,55,40,78,6383,1.22199592668024
optimized_mf,55,28,60,6383,0.939996866677111
optimized_mf,55,50,45,6383,0.704997650007833
optimized_mf,55,49,7,6383,0.10966630111233
optimized_mf,55,21,5,6383,0.0783330722230926
optimized_mf,55,36,5,6383,0.0783330722230926
optimized_mf,55,35,1,6383,0.0156666144446185
optimized_mf,55,41,1,6383,0.0156666144446185
optimized_rf,1,3,650,15263,4.25866474480771
optimized_rf,1,2,592,15263,3.87866081373256
optimized_rf,1,13,458,15263,3.00072069711066
optimized_rf,1,39,451,15263,2.95485815370504
optimized_rf,1,10,402,15263,2.63382034986569
optimized_rf,1,18,323,15263,2.11622878857367
optimized_rf,1,33,293,15263,1.91967503112101
optimized_rf,1,5,213,15263,1.39553167791391
optimized_rf,1,25,205,15263,1.3431173425932
optimized_rf,1,46,202,15263,1.32346196684793
optimized_rf,1,31,163,15263,1.06794208215947
optimized_rf,1,45,159,15263,1.04173491449912
optimized_rf,1,21,134,15263,0.877940116621896
optimized_rf,1,50,98,15263,0.6420756076787
optimized_rf,1,4,90,15263,0.58966127235799
optimized_rf,1,28,88,15263,0.576557688527812
optimized_rf,1,16,76,15263,0.497936185546747
optimized_rf,1,17,52,15263,0.340693179584616
optimized_rf,1,7,40,15263,0.262071676603551
optimized_rf,1,30,38,15263,0.248968092773374
optimized_rf,1,24,33,15263,0.21620913319793
optimized_rf,1,49,30,15263,0.196553757452663
optimized_rf,1,12,27,15263,0.176898381707397
optimized_rf,1,47,23,15263,0.150691214047042
optimized_rf,1,20,19,15263,0.124484046386687
optimized_rf,1,44,15,15263,0.0982768787263316
optimized_rf,1,48,14,15263,0.0917250868112429
optimized_rf,1,32,7,15263,0.0458625434056214
optimized_rf,1,37,7,15263,0.0458625434056214
optimized_rf,1,19,5,15263,0.0327589595754439
optimized_rf,1,43,5,15263,0.0327589595754439
optimized_rf,1,52,5,15263,0.0327589595754439
optimized_rf,1,11,4,15263,0.0262071676603551
optimized_rf,1,35,4,15263,0.0262071676603551
optimized_rf,1,42,4,15263,0.0262071676603551
optimized_rf,1,22,3,15263,0.0196553757452663
optimized_rf,1,40,3,15263,0.0196553757452663
optimized_rf,1,54,3,15263,0.0196553757452663
optimized_rf,1,29,2,15263,0.0131035838301776
optimized_rf,1,34,2,15263,0.0131035838301776
optimized_rf,1,36,2,15263,0.0131035838301776
optimized_rf,1,6,1,15263,0.00655179191508878
optimized_rf,1,23,1,15263,0.00655179191508878
optimized_rf,1,26,1,15263,0.00655179191508878
optimized_rf,1,41,1,15263,0.00655179191508878
optimized_rf,1,55,1,15263,0.00655179191508878
optimized_rf,2,3,29190,284043,10.2766130480244
optimized_rf,2,5,7420,284043,2.61228053498942
optimized_rf,2,9,6294,284043,2.21586168291421
optimized_rf,2,13,5403,284043,1.9021767830927
optimized_rf,2,18,4738,284043,1.66805730118327
optimized_rf,2,6,4658,284043,1.63989255147988
optimized_rf,2,11,4387,284043,1.54448446185965
optimized_rf,2,16,4136,284043,1.45611755966526
optimized_rf,2,12,2917,284043,1.02695718605986
optimized_rf,2,7,2041,284043,0.718553176807737
optimized_rf,2,4,1374,284043,0.483729576155723
optimized_rf,2,1,1124,284043,0.395714733332629
optimized_rf,2,27,1065,284043,0.374943230426379
optimized_rf,2,25,1050,284043,0.369662339856994
optimized_rf,2,53,711,284043,0.250314212988878
optimized_rf,2,10,703,284043,0.247497738018539
optimized_rf,2,28,519,284043,0.182718813700743
optimized_rf,2,31,468,284043,0.164763785764831
optimized_rf,2,20,358,284043,0.12603725492267
optimized_rf,2,17,333,284043,0.117235770640361
optimized_rf,2,44,306,284043,0.107730167615467
optimized_rf,2,14,207,284043,0.0728762898575216
optimized_rf,2,34,183,284043,0.0644268649465046
optimized_rf,2,30,146,284043,0.0514006682086867
optimized_rf,2,33,146,284043,0.0514006682086867
optimized_rf,2,46,135,284043,0.0475280151244706
optimized_rf,2,24,112,284043,0.039430649584746
optimized_rf,2,41,90,284043,0.0316853434163137
optimized_rf,2,50,80,284043,0.02816474970339
optimized_rf,2,40,63,284043,0.0221797403914196
optimized_rf,2,55,62,284043,0.0218276810201272
optimized_rf,2,37,53,284043,0.0186591466784959
optimized_rf,2,36,50,284043,0.0176029685646187
optimized_rf,2,32,46,284043,0.0161947310794492
optimized_rf,2,39,46,284043,0.0161947310794492
optimized_rf,2,52,28,284043,0.00985766239618649
optimized_rf,2,26,26,284043,0.00915354365360174
optimized_rf,2,45,24,284043,0.00844942491101699
optimized_rf,2,22,23,284043,0.00809736553972462
optimized_rf,2,21,20,284043,0.0070411874258475
optimized_rf,2,47,14,284043,0.00492883119809325
optimized_rf,2,35,13,284043,0.00457677182680087
optimized_rf,2,38,13,284043,0.00457677182680087
optimized_rf,2,42,13,284043,0.00457677182680087
optimized_rf,2,48,13,284043,0.00457677182680087
optimized_rf,2,29,12,284043,0.0042247124555085
optimized_rf,2,19,10,284043,0.00352059371292375
optimized_rf,2,23,10,284043,0.00352059371292375
optimized_rf,2,54,10,284043,0.00352059371292375
optimized_rf,2,49,8,284043,0.002816474970339
optimized_rf,2,15,5,284043,0.00176029685646187
optimized_rf,2,43,2,284043,0.000704118742584749
optimized_rf,3,7,39499,552373,7.15078398111421
optimized_rf,3,27,21612,552373,3.91257356894707
optimized_rf,3,12,20315,552373,3.67776846442531
optimized_rf,3,41,19611,552373,3.55031835372113
optimized_rf,3,2,19218,552373,3.47917077771723
optimized_rf,3,33,11803,552373,2.13678076227477
optimized_rf,3,28,10212,552373,1.84875075356688
optimized_rf,3,37,9333,552373,1.68961915227573
optimized_rf,3,11,8672,552373,1.56995363640149
optimized_rf,3,5,7600,552373,1.37588187692012
optimized_rf,3,36,6490,552373,1.17493070805416
optimized_rf,3,6,5536,552373,1.00222132508287
optimized_rf,3,9,4859,552373,0.879659215783538
optimized_rf,3,13,4709,552373,0.852503652423272
optimized_rf,3,10,2319,552373,0.419825009549706
optimized_rf,3,18,2186,552373,0.395747076703604
optimized_rf,3,4,1994,552373,0.360987955602464
optimized_rf,3,24,1928,552373,0.349039507723947
optimized_rf,3,47,1290,552373,0.233537844898284
optimized_rf,3,1,1124,552373,0.203485688112924
optimized_rf,3,14,1050,552373,0.190088943521859
optimized_rf,3,15,990,552373,0.179226718177753
optimized_rf,3,39,964,552373,0.174519753861974
optimized_rf,3,44,934,552373,0.169088641189921
optimized_rf,3,30,855,552373,0.154786711153514
optimized_rf,3,46,776,552373,0.140484781117107
optimized_rf,3,34,391,552373,0.0707855018257591
optimized_rf,3,22,356,552373,0.0644492037083637
optimized_rf,3,26,291,552373,0.0526817929189153
optimized_rf,3,25,255,552373,0.0461644577124516
optimized_rf,3,32,197,552373,0.0356643065464822
optimized_rf,3,21,181,552373,0.0327677131213872
optimized_rf,3,40,76,552373,0.0137588187692012
optimized_rf,3,45,74,552373,0.0133967445910644
optimized_rf,3,23,42,552373,0.00760355774087437
optimized_rf,3,17,29,552373,0.00525007558298469
optimized_rf,3,49,18,552373,0.00325866760323187
optimized_rf,3,16,17,552373,0.00307763051416344
optimized_rf,3,29,17,552373,0.00307763051416344
optimized_rf,3,35,15,552373,0.00271555633602656
optimized_rf,3,31,14,552373,0.00253451924695812
optimized_rf,3,38,14,552373,0.00253451924695812
optimized_rf,3,55,14,552373,0.00253451924695812
optimized_rf,3,48,13,552373,0.00235348215788969
optimized_rf,3,52,12,552373,0.00217244506882125
optimized_rf,3,20,11,552373,0.00199140797975281
optimized_rf,3,42,11,552373,0.00199140797975281
optimized_rf,3,43,11,552373,0.00199140797975281
optimized_rf,3,19,10,552373,0.00181037089068437
optimized_rf,3,50,10,552373,0.00181037089068437
optimized_rf,3,53,8,552373,0.0014482967125475
optimized_rf,3,54,5,552373,0.000905185445342187
optimized_rf,4,2,12696,91405,13.8898309720475
optimized_rf,4,13,8882,91405,9.71719271374651
optimized_rf,4,11,5932,91405,6.48979815108583
optimized_rf,4,3,5594,91405,6.12001531644877
optimized_rf,4,12,5231,91405,5.72288168043324
optimized_rf,4,5,3870,91405,4.23390405338876
optimized_rf,4,6,2040,91405,2.231825392484
optimized_rf,4,14,1917,91405,2.09725944970188
optimized_rf,4,27,1560,91405,1.70669000601718
optimized_rf,4,15,1089,91405,1.19140090804661
optimized_rf,4,16,1015,91405,1.1104425359663
optimized_rf,4,7,923,91405,1.0097915868935
optimized_rf,4,1,501,91405,0.548110059624747
optimized_rf,4,23,338,91405,0.369782834637055
optimized_rf,4,17,251,91405,0.274602045839943
optimized_rf,4,22,224,91405,0.245063180351184
optimized_rf,4,21,207,91405,0.226464635413818
optimized_rf,4,25,199,91405,0.217712378972704
optimized_rf,4,20,194,91405,0.212242218697008
optimized_rf,4,33,141,91405,0.154258519774629
optimized_rf,4,9,132,91405,0.144412231278376
optimized_rf,4,30,97,91405,0.106121109348504
optimized_rf,4,19,78,91405,0.0853345003008588
optimized_rf,4,39,62,91405,0.0678299874186314
optimized_rf,4,50,53,91405,0.0579836989223784
optimized_rf,4,48,49,91405,0.0536075707018216
optimized_rf,4,32,35,91405,0.0382911219298725
optimized_rf,4,18,20,91405,0.0218806411027843
optimized_rf,4,26,20,91405,0.0218806411027843
optimized_rf,4,24,15,91405,0.0164104808270882
optimized_rf,4,40,11,91405,0.0120343526065314
optimized_rf,4,31,10,91405,0.0109403205513922
optimized_rf,4,10,9,91405,0.00984628849625294
optimized_rf,4,35,8,91405,0.00875225644111373
optimized_rf,4,36,8,91405,0.00875225644111373
optimized_rf,4,41,8,91405,0.00875225644111373
optimized_rf,4,42,8,91405,0.00875225644111373
optimized_rf,4,53,7,91405,0.00765822438597451
optimized_rf,4,34,6,91405,0.00656419233083529
optimized_rf,4,55,6,91405,0.00656419233083529
optimized_rf,4,28,5,91405,0.00547016027569608
optimized_rf,4,37,5,91405,0.00547016027569608
optimized_rf,4,38,5,91405,0.00547016027569608
optimized_rf,4,44,5,91405,0.00547016027569608
optimized_rf,4,47,5,91405,0.00547016027569608
optimized_rf,4,54,5,91405,0.00547016027569608
optimized_rf,4,29,4,91405,0.00437612822055686
optimized_rf,4,43,4,91405,0.00437612822055686
optimized_rf,4,46,4,91405,0.00437612822055686
optimized_rf,4,49,4,91405,0.00437612822055686
optimized_rf,4,52,4,91405,0.00437612822055686
optimized_rf,4,45,2,91405,0.00218806411027843
optimized_rf,5,3,19236,190463,10.0995993972583
optimized_rf,5,2,16779,190463,8.80958506376567
optimized_rf,5,12,15469,190463,8.12178743377979
optimized_rf,5,11,11687,190463,6.1360999249198
optimized_rf,5,13,9880,190463,5.18735922462631
optimized_rf,5,7,6034,190463,3.16806938880517
optimized_rf,5,6,4857,190463,2.55010159453542
optimized_rf,5,10,4279,190463,2.24663057916761
optimized_rf,5,4,3521,190463,1.84865301922158
optimized_rf,5,27,3446,190463,1.80927529231399
optimized_rf,5,16,3408,190463,1.78932391068081
optimized_rf,5,46,2957,190463,1.55253251287652
optimized_rf,5,14,2773,190463,1.45592582286323
optimized_rf,5,44,2566,190463,1.34724329659829
optimized_rf,5,47,2268,190463,1.19078246168547
optimized_rf,5,36,1994,190463,1.04692249938308
optimized_rf,5,33,1683,190463,0.883636191806283
optimized_rf,5,39,1670,190463,0.876810719142301
optimized_rf,5,15,1461,190463,0.767078120159821
optimized_rf,5,1,1365,190463,0.716674629718108
optimized_rf,5,26,1291,190463,0.677821939169288
optimized_rf,5,24,1262,190463,0.66259588476502
optimized_rf,5,25,1241,190463,0.651570121230895
optimized_rf,5,41,999,190463,0.524511322409077
optimized_rf,5,20,987,190463,0.518210886103863
optimized_rf,5,21,794,190463,0.416878868861669
optimized_rf,5,18,622,190463,0.326572615153599
optimized_rf,5,49,611,190463,0.320797215207153
optimized_rf,5,9,598,190463,0.313971742543171
optimized_rf,5,30,576,190463,0.302420942650279
optimized_rf,5,40,476,190463,0.249917306773494
optimized_rf,5,28,474,190463,0.248867234055958
optimized_rf,5,17,471,190463,0.247292124979655
optimized_rf,5,45,222,190463,0.116558071646462
optimized_rf,5,22,197,190463,0.103432162677265
optimized_rf,5,35,179,190463,0.0939815082194442
optimized_rf,5,32,168,190463,0.0882061082729979
optimized_rf,5,34,128,190463,0.0672046539222841
optimized_rf,5,37,103,190463,0.054078744953088
optimized_rf,5,31,96,190463,0.0504034904417131
optimized_rf,5,42,93,190463,0.0488283813654096
optimized_rf,5,23,87,190463,0.0456781632128025
optimized_rf,5,29,52,190463,0.0273018906559279
optimized_rf,5,50,16,190463,0.00840058174028551
optimized_rf,5,38,10,190463,0.00525036358767845
optimized_rf,5,54,10,190463,0.00525036358767845
optimized_rf,5,19,8,190463,0.00420029087014276
optimized_rf,5,48,6,190463,0.00315021815260707
optimized_rf,5,53,6,190463,0.00315021815260707
optimized_rf,5,55,6,190463,0.00315021815260707
optimized_rf,5,52,4,190463,0.00210014543507138
optimized_rf,5,43,2,190463,0.00105007271753569
optimized_rf,6,2,7870,90294,8.71597226836778
optimized_rf,6,12,6636,90294,7.3493255365805
optimized_rf,6,3,6495,90294,7.19316898132766
optimized_rf,6,27,2648,90294,2.93264225751434
optimized_rf,6,11,2285,90294,2.53062218973575
optimized_rf,6,4,2100,90294,2.32573592929763
optimized_rf,6,21,1994,90294,2.20834163953308
optimized_rf,6,15,1395,90294,1.54495315303342
optimized_rf,6,24,1390,90294,1.5394156865351
optimized_rf,6,5,1102,90294,1.22045761623142
optimized_rf,6,25,648,90294,0.717655658183268
optimized_rf,6,9,399,90294,0.441889826566549
optimized_rf,6,13,233,90294,0.25804593882207
optimized_rf,6,23,215,90294,0.23811105942809
optimized_rf,6,31,212,90294,0.234788579529094
optimized_rf,6,37,195,90294,0.21596119343478
optimized_rf,6,47,174,90294,0.192703834141803
optimized_rf,6,7,158,90294,0.174983941347155
optimized_rf,6,19,131,90294,0.145081622256185
optimized_rf,6,33,123,90294,0.136221675858861
optimized_rf,6,10,94,90294,0.10410437016856
optimized_rf,6,42,77,90294,0.0852769840742464
optimized_rf,6,18,67,90294,0.074202051077591
optimized_rf,6,1,66,90294,0.0730945577779254
optimized_rf,6,28,62,90294,0.0686645845792633
optimized_rf,6,49,62,90294,0.0686645845792633
optimized_rf,6,29,60,90294,0.0664495979799322
optimized_rf,6,43,52,90294,0.0575896515826079
optimized_rf,6,16,44,90294,0.0487297051852836
optimized_rf,6,46,41,90294,0.045407225286287
optimized_rf,6,30,37,90294,0.0409772520876249
optimized_rf,6,41,33,90294,0.0365472788889627
optimized_rf,6,39,24,90294,0.0265798391919729
optimized_rf,6,26,22,90294,0.0243648525926418
optimized_rf,6,48,22,90294,0.0243648525926418
optimized_rf,6,14,18,90294,0.0199348793939797
optimized_rf,6,44,17,90294,0.0188273860943141
optimized_rf,6,36,15,90294,0.0166123994949831
optimized_rf,6,38,14,90294,0.0155049061953175
optimized_rf,6,55,14,90294,0.0155049061953175
optimized_rf,6,17,13,90294,0.014397412895652
optimized_rf,6,22,13,90294,0.014397412895652
optimized_rf,6,34,13,90294,0.014397412895652
optimized_rf,6,35,13,90294,0.014397412895652
optimized_rf,6,40,12,90294,0.0132899195959864
optimized_rf,6,54,12,90294,0.0132899195959864
optimized_rf,6,45,11,90294,0.0121824262963209
optimized_rf,6,52,10,90294,0.0110749329966554
optimized_rf,6,20,8,90294,0.0088599463973243
optimized_rf,6,50,8,90294,0.0088599463973243
optimized_rf,6,53,8,90294,0.0088599463973243
optimized_rf,6,32,5,90294,0.00553746649832769
optimized_rf,7,3,27677,220966,12.5254564050578
optimized_rf,7,41,14162,220966,6.40913081650571
optimized_rf,7,13,12976,220966,5.87239665830942
optimized_rf,7,33,9936,220966,4.49661938940833
optimized_rf,7,27,6971,220966,3.15478399391762
optimized_rf,7,11,5963,220966,2.69860521528199
optimized_rf,7,12,5475,220966,2.47775675895839
optimized_rf,7,36,5392,220966,2.4401944190509
optimized_rf,7,25,4213,220966,1.90662816903958
optimized_rf,7,24,3253,220966,1.4721721893866
optimized_rf,7,2,3082,220966,1.39478471801092
optimized_rf,7,9,2576,220966,1.16579021206883
optimized_rf,7,14,2336,220966,1.05717621715558
optimized_rf,7,15,2281,220966,1.03228550998796
optimized_rf,7,23,2157,220966,0.976168279282786
optimized_rf,7,28,2121,220966,0.959876180045799
optimized_rf,7,44,1950,220966,0.882488708670112
optimized_rf,7,5,1651,220966,0.747173773340695
optimized_rf,7,6,1423,220966,0.643990478173113
optimized_rf,7,39,1326,220966,0.600092321895676
optimized_rf,7,18,1240,220966,0.561172307051764
optimized_rf,7,19,1146,220966,0.518631825710743
optimized_rf,7,4,1079,220966,0.488310418797462
optimized_rf,7,10,1007,220966,0.455726220323489
optimized_rf,7,32,972,220966,0.439886679398641
optimized_rf,7,37,755,220966,0.341681525664582
optimized_rf,7,40,732,220966,0.331272684485396
optimized_rf,7,1,711,220966,0.321768959930487
optimized_rf,7,47,585,220966,0.264746612601034
optimized_rf,7,49,573,220966,0.259315912855371
optimized_rf,7,42,536,220966,0.242571255306246
optimized_rf,7,30,489,220966,0.221301014635736
optimized_rf,7,26,471,220966,0.213154965017242
optimized_rf,7,46,458,220966,0.207271706959442
optimized_rf,7,21,449,220966,0.203198682150195
optimized_rf,7,31,297,220966,0.13440981870514
optimized_rf,7,34,288,220966,0.130336793895893
optimized_rf,7,35,272,220966,0.123095860901677
optimized_rf,7,16,269,220966,0.121738185965262
optimized_rf,7,29,216,220966,0.0977525954219201
optimized_rf,7,45,68,220966,0.0307739652254193
optimized_rf,7,50,33,220966,0.0149344243005711
optimized_rf,7,38,10,220966,0.00452558312138519
optimized_rf,7,55,7,220966,0.00316790818496963
optimized_rf,7,48,5,220966,0.0022627915606926
optimized_rf,7,52,5,220966,0.0022627915606926
optimized_rf,7,54,5,220966,0.0022627915606926
optimized_rf,7,20,3,220966,0.00135767493641556
optimized_rf,7,22,2,220966,0.000905116624277038
optimized_rf,7,53,2,220966,0.000905116624277038
optimized_rf,7,17,1,220966,0.000452558312138519
optimized_rf,7,43,1,220966,0.000452558312138519
optimized_rf,9,3,4875,30500,15.9836065573771
optimized_rf,9,12,482,30500,1.58032786885246
optimized_rf,9,2,406,30500,1.33114754098361
optimized_rf,9,11,310,30500,1.01639344262295
optimized_rf,9,5,99,30500,0.324590163934426
optimized_rf,9,7,63,30500,0.20655737704918
optimized_rf,9,14,56,30500,0.183606557377049
optimized_rf,9,27,20,30500,0.0655737704918033
optimized_rf,9,10,9,30500,0.0295081967213115
optimized_rf,9,15,9,30500,0.0295081967213115
optimized_rf,9,4,8,30500,0.0262295081967213
optimized_rf,9,6,7,30500,0.0229508196721311
optimized_rf,9,13,6,30500,0.019672131147541
optimized_rf,9,36,4,30500,0.0131147540983607
optimized_rf,9,54,4,30500,0.0131147540983607
optimized_rf,9,18,3,30500,0.00983606557377049
optimized_rf,9,21,3,30500,0.00983606557377049
optimized_rf,9,48,3,30500,0.00983606557377049
optimized_rf,9,24,2,30500,0.00655737704918033
optimized_rf,9,26,2,30500,0.00655737704918033
optimized_rf,9,29,2,30500,0.00655737704918033
optimized_rf,9,32,2,30500,0.00655737704918033
optimized_rf,9,1,1,30500,0.00327868852459016
optimized_rf,9,16,1,30500,0.00327868852459016
optimized_rf,9,19,1,30500,0.00327868852459016
optimized_rf,9,25,1,30500,0.00327868852459016
optimized_rf,9,28,1,30500,0.00327868852459016
optimized_rf,9,33,1,30500,0.00327868852459016
optimized_rf,9,35,1,30500,0.00327868852459016
optimized_rf,9,38,1,30500,0.00327868852459016
optimized_rf,9,42,1,30500,0.00327868852459016
optimized_rf,9,43,1,30500,0.00327868852459016
optimized_rf,9,45,1,30500,0.00327868852459016
optimized_rf,9,49,1,30500,0.00327868852459016
optimized_rf,9,50,1,30500,0.00327868852459016
optimized_rf,9,55,1,30500,0.00327868852459016
optimized_rf,10,46,14208,146264,9.71394191325275
optimized_rf,10,18,7198,146264,4.92123830881146
optimized_rf,10,39,5707,146264,3.90184871191818
optimized_rf,10,49,5569,146264,3.80749876934858
optimized_rf,10,16,3847,146264,2.63017557293661
optimized_rf,10,34,1908,146264,1.30449051031012
optimized_rf,10,20,1796,146264,1.22791664387683
optimized_rf,10,36,1614,146264,1.10348411092272
optimized_rf,10,47,1146,146264,0.783514740469288
optimized_rf,10,30,1048,146264,0.716512607340152
optimized_rf,10,1,927,146264,0.633785483782749
optimized_rf,10,3,905,146264,0.618744188590494
optimized_rf,10,28,839,146264,0.573620303013729
optimized_rf,10,40,383,146264,0.261855275392441
optimized_rf,10,45,364,146264,0.248865065908221
optimized_rf,10,5,342,146264,0.233823770715966
optimized_rf,10,43,240,146264,0.164086856642783
optimized_rf,10,7,192,146264,0.131269485314226
optimized_rf,10,44,192,146264,0.131269485314226
optimized_rf,10,9,151,146264,0.103237980637751
optimized_rf,10,26,151,146264,0.103237980637751
optimized_rf,10,50,105,146264,0.0717879997812175
optimized_rf,10,33,97,146264,0.0663184378931248
optimized_rf,10,21,93,146264,0.0635836569490784
optimized_rf,10,13,64,146264,0.0437564951047421
optimized_rf,10,41,45,146264,0.0307662856205218
optimized_rf,10,15,36,146264,0.0246130284964174
optimized_rf,10,53,36,146264,0.0246130284964174
optimized_rf,10,12,29,146264,0.0198271618443363
optimized_rf,10,37,27,146264,0.0184597713723131
optimized_rf,10,52,22,146264,0.0150412951922551
optimized_rf,10,11,19,146264,0.0129902094842203
optimized_rf,10,25,17,146264,0.0116228190121971
optimized_rf,10,31,16,146264,0.0109391237761855
optimized_rf,10,48,16,146264,0.0109391237761855
optimized_rf,10,55,16,146264,0.0109391237761855
optimized_rf,10,35,15,146264,0.0102554285401739
optimized_rf,10,29,14,146264,0.00957173330416234
optimized_rf,10,23,13,146264,0.00888803806815074
optimized_rf,10,2,12,146264,0.00820434283213915
optimized_rf,10,17,12,146264,0.00820434283213915
optimized_rf,10,22,12,146264,0.00820434283213915
optimized_rf,10,24,12,146264,0.00820434283213915
optimized_rf,10,27,12,146264,0.00820434283213915
optimized_rf,10,14,11,146264,0.00752064759612755
optimized_rf,10,54,10,146264,0.00683695236011596
optimized_rf,10,4,9,146264,0.00615325712410436
optimized_rf,10,32,8,146264,0.00546956188809276
optimized_rf,10,38,8,146264,0.00546956188809276
optimized_rf,10,42,6,146264,0.00410217141606957
optimized_rf,10,19,5,146264,0.00341847618005798
optimized_rf,10,6,3,146264,0.00205108570803479
optimized_rf,11,13,17073,147057,11.6097839613211
optimized_rf,11,12,7346,147057,4.99534194224008
optimized_rf,11,5,6310,147057,4.29085320657976
optimized_rf,11,7,5463,147057,3.7148860645872
optimized_rf,11,33,4269,147057,2.90295599665436
optimized_rf,11,14,4212,147057,2.8641955160244
optimized_rf,11,27,4145,147057,2.81863495107339
optimized_rf,11,2,2616,147057,1.77890205838552
optimized_rf,11,3,2309,147057,1.57013946972942
optimized_rf,11,6,1870,147057,1.27161576803552
optimized_rf,11,4,1737,147057,1.18117464656562
optimized_rf,11,15,1481,147057,1.00709248794685
optimized_rf,11,25,1476,147057,1.00369244578633
optimized_rf,11,16,697,147057,0.473965877176877
optimized_rf,11,24,461,147057,0.313483887200201
optimized_rf,11,41,316,147057,0.21488266454504
optimized_rf,11,20,247,147057,0.167962082729826
optimized_rf,11,42,115,147057,0.0782009696920242
optimized_rf,11,28,97,147057,0.0659608179141421
optimized_rf,11,37,93,147057,0.0632407841857239
optimized_rf,11,34,86,147057,0.058480725160992
optimized_rf,11,18,65,147057,0.0442005480867963
optimized_rf,11,31,52,147057,0.035360438469437
optimized_rf,11,46,43,147057,0.029240362580496
optimized_rf,11,32,41,147057,0.0278803457162869
optimized_rf,11,10,24,147057,0.0163202023705094
optimized_rf,11,17,22,147057,0.0149601855063003
optimized_rf,11,22,21,147057,0.0142801770741957
optimized_rf,11,39,20,147057,0.0136001686420912
optimized_rf,11,1,13,147057,0.00884010961735926
optimized_rf,11,23,11,147057,0.00748009275315014
optimized_rf,11,43,8,147057,0.00544006745683647
optimized_rf,11,47,8,147057,0.00544006745683647
optimized_rf,11,9,7,147057,0.00476005902473191
optimized_rf,11,35,7,147057,0.00476005902473191
optimized_rf,11,30,6,147057,0.00408005059262735
optimized_rf,11,45,6,147057,0.00408005059262735
optimized_rf,11,19,5,147057,0.00340004216052279
optimized_rf,11,36,5,147057,0.00340004216052279
optimized_rf,11,49,5,147057,0.00340004216052279
optimized_rf,11,50,5,147057,0.00340004216052279
optimized_rf,11,55,5,147057,0.00340004216052279
optimized_rf,11,26,4,147057,0.00272003372841823
optimized_rf,11,40,4,147057,0.00272003372841823
optimized_rf,11,48,4,147057,0.00272003372841823
optimized_rf,11,53,4,147057,0.00272003372841823
optimized_rf,11,54,4,147057,0.00272003372841823
optimized_rf,11,21,3,147057,0.00204002529631367
optimized_rf,11,38,3,147057,0.00204002529631367
optimized_rf,11,44,3,147057,0.00204002529631367
optimized_rf,11,29,2,147057,0.00136001686420912
optimized_rf,11,52,2,147057,0.00136001686420912
optimized_rf,12,13,33989,374213,9.08279509263441
optimized_rf,12,3,33417,374213,8.92994096944788
optimized_rf,12,27,12963,374213,3.46406992808908
optimized_rf,12,7,12498,374213,3.33980914612801
optimized_rf,12,11,10888,374213,2.90957289030579
optimized_rf,12,5,6225,374213,1.66349111334988
optimized_rf,12,33,6024,374213,1.60977838824413
optimized_rf,12,24,5979,374213,1.59775315128015
optimized_rf,12,14,4714,374213,1.25971037884841
optimized_rf,12,4,4082,374213,1.09082260637658
optimized_rf,12,6,3987,374213,1.06543599500819
optimized_rf,12,15,3243,374213,0.86661874387047
optimized_rf,12,9,3126,374213,0.835353127764134
optimized_rf,12,41,2708,374213,0.72365203774321
optimized_rf,12,25,2088,374213,0.557970995128443
optimized_rf,12,23,561,374213,0.149914620817556
optimized_rf,12,2,478,374213,0.127734739306224
optimized_rf,12,19,445,374213,0.118916232199309
optimized_rf,12,26,189,374213,0.0505059952486953
optimized_rf,12,22,142,374213,0.0379463033085435
optimized_rf,12,29,77,374213,0.0205765165828018
optimized_rf,12,1,66,374213,0.0176370142138301
optimized_rf,12,32,37,374213,0.00988741705926838
optimized_rf,12,34,24,374213,0.00641345971412003
optimized_rf,12,18,18,374213,0.00481009478559003
optimized_rf,12,54,15,374213,0.00400841232132502
optimized_rf,12,45,14,374213,0.00374118483323669
optimized_rf,12,28,12,374213,0.00320672985706002
optimized_rf,12,35,10,374213,0.00267227488088335
optimized_rf,12,39,10,374213,0.00267227488088335
optimized_rf,12,21,8,374213,0.00213781990470668
optimized_rf,12,37,8,374213,0.00213781990470668
optimized_rf,12,49,8,374213,0.00213781990470668
optimized_rf,12,55,8,374213,0.00213781990470668
optimized_rf,12,10,7,374213,0.00187059241661834
optimized_rf,12,20,7,374213,0.00187059241661834
optimized_rf,12,31,7,374213,0.00187059241661834
optimized_rf,12,36,7,374213,0.00187059241661834
optimized_rf,12,42,7,374213,0.00187059241661834
optimized_rf,12,46,7,374213,0.00187059241661834
optimized_rf,12,50,7,374213,0.00187059241661834
optimized_rf,12,38,6,374213,0.00160336492853001
optimized_rf,12,53,6,374213,0.00160336492853001
optimized_rf,12,44,5,374213,0.00133613744044167
optimized_rf,12,16,4,374213,0.00106890995235334
optimized_rf,12,17,4,374213,0.00106890995235334
optimized_rf,12,30,4,374213,0.00106890995235334
optimized_rf,12,47,4,374213,0.00106890995235334
optimized_rf,12,48,4,374213,0.00106890995235334
optimized_rf,12,40,3,374213,0.000801682464265004
optimized_rf,12,43,3,374213,0.000801682464265004
optimized_rf,12,52,3,374213,0.000801682464265004
optimized_rf,13,25,39159,618971,6.32646763741759
optimized_rf,13,33,31320,618971,5.06001088904004
optimized_rf,13,11,26652,618971,4.30585600940916
optimized_rf,13,12,24382,618971,3.93911831087402
optimized_rf,13,7,15216,618971,2.45827348938803
optimized_rf,13,14,14138,618971,2.28411347219821
optimized_rf,13,24,11612,618971,1.87601680854192
optimized_rf,13,16,8552,618971,1.38164792857824
optimized_rf,13,15,8246,618971,1.33221104058187
optimized_rf,13,31,7625,618971,1.23188323847159
optimized_rf,13,5,6847,618971,1.10619075853311
optimized_rf,13,18,6702,618971,1.08276478219497
optimized_rf,13,4,5511,618971,0.89034865930714
optimized_rf,13,32,2866,618971,0.463026539207814
optimized_rf,13,27,2181,618971,0.352358995817252
optimized_rf,13,2,1998,618971,0.322793798093933
optimized_rf,13,1,1542,618971,0.249123141471895
optimized_rf,13,20,1473,618971,0.237975607904086
optimized_rf,13,41,1296,618971,0.209379760925795
optimized_rf,13,3,1022,618971,0.16511274356957
optimized_rf,13,35,842,618971,0.136032221218765
optimized_rf,13,42,728,618971,0.117614557063255
optimized_rf,13,22,380,618971,0.061392213851699
optimized_rf,13,6,354,618971,0.0571916939565828
optimized_rf,13,37,328,618971,0.0529911740614665
optimized_rf,13,19,282,618971,0.0455594850162609
optimized_rf,13,28,106,618971,0.0171251964954739
optimized_rf,13,26,45,618971,0.0072701305877012
optimized_rf,13,9,32,618971,0.00516987064014308
optimized_rf,13,10,29,618971,0.00468519526762966
optimized_rf,13,46,28,618971,0.00452363681012519
optimized_rf,13,23,24,618971,0.00387740298010731
optimized_rf,13,30,21,618971,0.00339272760759389
optimized_rf,13,55,15,618971,0.00242337686256707
optimized_rf,13,52,14,618971,0.0022618184050626
optimized_rf,13,49,12,618971,0.00193870149005365
optimized_rf,13,40,11,618971,0.00177714303254918
optimized_rf,13,21,10,618971,0.00161558457504471
optimized_rf,13,36,10,618971,0.00161558457504471
optimized_rf,13,47,10,618971,0.00161558457504471
optimized_rf,13,39,9,618971,0.00145402611754024
optimized_rf,13,43,9,618971,0.00145402611754024
optimized_rf,13,54,9,618971,0.00145402611754024
optimized_rf,13,17,8,618971,0.00129246766003577
optimized_rf,13,29,8,618971,0.00129246766003577
optimized_rf,13,48,8,618971,0.00129246766003577
optimized_rf,13,34,7,618971,0.0011309092025313
optimized_rf,13,38,7,618971,0.0011309092025313
optimized_rf,13,44,7,618971,0.0011309092025313
optimized_rf,13,45,7,618971,0.0011309092025313
optimized_rf,13,50,6,618971,0.000969350745026827
optimized_rf,13,53,5,618971,0.000807792287522356
optimized_rf,14,13,2690,32665,8.23511403643043
optimized_rf,14,23,821,32665,2.51339354048676
optimized_rf,14,15,765,32665,2.34195622225624
optimized_rf,14,11,760,32665,2.3266493188428
optimized_rf,14,12,624,32665,1.91030154599724
optimized_rf,14,24,604,32665,1.84907393234349
optimized_rf,14,19,550,32665,1.68375937547834
optimized_rf,14,7,545,32665,1.6684524720649
optimized_rf,14,27,535,32665,1.63783866523802
optimized_rf,14,33,205,32665,0.627583039951018
optimized_rf,14,2,63,32665,0.192866983009337
optimized_rf,14,4,54,32665,0.165314556865146
optimized_rf,14,5,27,32665,0.0826572784325731
optimized_rf,14,25,23,32665,0.0704117557018215
optimized_rf,14,3,21,32665,0.0642889943364457
optimized_rf,14,29,11,32665,0.0336751875095668
optimized_rf,14,6,10,32665,0.0306138068268789
optimized_rf,14,16,2,32665,0.00612276136537578
optimized_rf,14,32,2,32665,0.00612276136537578
optimized_rf,14,37,1,32665,0.00306138068268789
optimized_rf,15,13,22188,235591,9.4180168172808
optimized_rf,15,23,18223,235591,7.73501534438922
optimized_rf,15,19,15427,235591,6.54821279250905
optimized_rf,15,12,11052,235591,4.69118090249628
optimized_rf,15,27,10335,235591,4.38683990475018
optimized_rf,15,24,8208,235591,3.48400405787997
optimized_rf,15,25,6402,235591,2.7174212936827
optimized_rf,15,14,5230,235591,2.21994897937527
optimized_rf,15,11,4504,235591,1.91178780174115
optimized_rf,15,33,4159,235591,1.76534757270015
optimized_rf,15,29,3620,235591,1.53656124385057
optimized_rf,15,32,2978,235591,1.2640550785047
optimized_rf,15,4,1715,235591,0.727956500885008
optimized_rf,15,7,1499,235591,0.636272183572378
optimized_rf,15,3,1350,235591,0.573026983203942
optimized_rf,15,6,1197,235591,0.508083925107496
optimized_rf,15,38,1097,235591,0.465637481907204
optimized_rf,15,5,955,235591,0.405363532562789
optimized_rf,15,42,497,235591,0.210958822705451
optimized_rf,15,31,412,235591,0.174879345985203
optimized_rf,15,37,395,235591,0.167663450641154
optimized_rf,15,35,356,235591,0.15110933779304
optimized_rf,15,43,196,235591,0.0831950286725724
optimized_rf,15,16,164,235591,0.0696121668484789
optimized_rf,15,18,147,235591,0.0623962715044293
optimized_rf,15,30,143,235591,0.0606984137764176
optimized_rf,15,9,129,235591,0.0547559117283767
optimized_rf,15,10,128,235591,0.0543314472963738
optimized_rf,15,41,124,235591,0.0526335895683621
optimized_rf,15,53,119,235591,0.0505112674083475
optimized_rf,15,20,110,235591,0.0466910875203212
optimized_rf,15,48,101,235591,0.042870907632295
optimized_rf,15,21,99,235591,0.0420219787682891
optimized_rf,15,36,99,235591,0.0420219787682891
optimized_rf,15,49,99,235591,0.0420219787682891
optimized_rf,15,2,98,235591,0.0415975143362862
optimized_rf,15,28,98,235591,0.0415975143362862
optimized_rf,15,39,98,235591,0.0415975143362862
optimized_rf,15,26,97,235591,0.0411730499042833
optimized_rf,15,44,96,235591,0.0407485854722804
optimized_rf,15,22,95,235591,0.0403241210402774
optimized_rf,15,46,92,235591,0.0390507277442687
optimized_rf,15,45,91,235591,0.0386262633122657
optimized_rf,15,52,90,235591,0.0382017988802628
optimized_rf,15,55,87,235591,0.0369284055842541
optimized_rf,15,34,86,235591,0.0365039411522511
optimized_rf,15,50,86,235591,0.0365039411522511
optimized_rf,15,1,85,235591,0.0360794767202482
optimized_rf,15,47,85,235591,0.0360794767202482
optimized_rf,15,17,84,235591,0.0356550122882453
optimized_rf,15,40,69,235591,0.0292880458082015
optimized_rf,15,54,67,235591,0.0284391169441957
optimized_rf,16,20,88867,911178,9.75297911055798
optimized_rf,16,31,72357,911178,7.94103896274932
optimized_rf,16,18,39584,911178,4.34426643312284
optimized_rf,16,46,28625,911178,3.14153765784512
optimized_rf,16,22,21097,911178,2.31535440934702
optimized_rf,16,10,12449,911178,1.36625335554634
optimized_rf,16,45,10746,911178,1.17935244266214
optimized_rf,16,43,8304,911178,0.911347727886319
optimized_rf,16,42,6718,911178,0.73728733573462
optimized_rf,16,5,5932,911178,0.651025375941913
optimized_rf,16,13,5907,911178,0.648281674930694
optimized_rf,16,17,4643,911178,0.50956015180349
optimized_rf,16,25,4298,911178,0.471697077848675
optimized_rf,16,2,3417,911178,0.375009054213337
optimized_rf,16,1,2928,911178,0.321342262433904
optimized_rf,16,39,2059,911178,0.225971215283951
optimized_rf,16,32,764,911178,0.0838475029028357
optimized_rf,16,28,681,911178,0.0747384155455904
optimized_rf,16,4,674,911178,0.0739701792624493
optimized_rf,16,19,577,911178,0.0633246193389217
optimized_rf,16,36,536,911178,0.0588249496805235
optimized_rf,16,24,480,911178,0.0526790594153941
optimized_rf,16,34,377,911178,0.0413750112491741
optimized_rf,16,33,317,911178,0.0347901288222499
optimized_rf,16,15,259,911178,0.0284247424762231
optimized_rf,16,48,176,911178,0.0193156551189779
optimized_rf,16,6,164,911178,0.017998678633593
optimized_rf,16,7,151,911178,0.0165719541077594
optimized_rf,16,23,136,911178,0.0149257335010283
optimized_rf,16,44,133,911178,0.0145964893796821
optimized_rf,16,49,114,911178,0.0125112766111561
optimized_rf,16,11,106,911178,0.0116332922875662
optimized_rf,16,50,105,911178,0.0115235442471175
optimized_rf,16,3,61,911178,0.00669463046737301
optimized_rf,16,40,60,911178,0.00658488242692427
optimized_rf,16,47,34,911178,0.00373143337525708
optimized_rf,16,30,33,911178,0.00362168533480835
optimized_rf,16,14,32,911178,0.00351193729435961
optimized_rf,16,26,30,911178,0.00329244121346213
optimized_rf,16,21,18,911178,0.00197546472807728
optimized_rf,16,35,9,911178,0.00098773236403864
optimized_rf,16,37,9,911178,0.00098773236403864
optimized_rf,16,53,8,911178,0.000877984323589902
optimized_rf,16,54,8,911178,0.000877984323589902
optimized_rf,16,27,7,911178,0.000768236283141165
optimized_rf,16,12,6,911178,0.000658488242692427
optimized_rf,16,29,6,911178,0.000658488242692427
optimized_rf,16,55,6,911178,0.000658488242692427
optimized_rf,16,9,5,911178,0.000548740202243689
optimized_rf,16,38,5,911178,0.000548740202243689
optimized_rf,16,41,5,911178,0.000548740202243689
optimized_rf,16,52,5,911178,0.000548740202243689
optimized_rf,17,2,83,1641,5.05789152955515
optimized_rf,17,5,11,1641,0.670322973796466
optimized_rf,17,16,6,1641,0.36563071297989
optimized_rf,17,14,5,1641,0.304692260816575
optimized_rf,17,42,4,1641,0.24375380865326
optimized_rf,17,48,4,1641,0.24375380865326
optimized_rf,17,9,3,1641,0.182815356489945
optimized_rf,17,26,3,1641,0.182815356489945
optimized_rf,17,27,3,1641,0.182815356489945
optimized_rf,17,28,3,1641,0.182815356489945
optimized_rf,17,49,3,1641,0.182815356489945
optimized_rf,17,3,2,1641,0.12187690432663
optimized_rf,17,11,2,1641,0.12187690432663
optimized_rf,17,38,2,1641,0.12187690432663
optimized_rf,17,41,2,1641,0.12187690432663
optimized_rf,17,44,2,1641,0.12187690432663
optimized_rf,17,47,2,1641,0.12187690432663
optimized_rf,17,50,2,1641,0.12187690432663
optimized_rf,17,54,2,1641,0.12187690432663
optimized_rf,17,4,1,1641,0.0609384521633151
optimized_rf,17,6,1,1641,0.0609384521633151
optimized_rf,17,10,1,1641,0.0609384521633151
optimized_rf,17,19,1,1641,0.0609384521633151
optimized_rf,17,20,1,1641,0.0609384521633151
optimized_rf,17,23,1,1641,0.0609384521633151
optimized_rf,17,25,1,1641,0.0609384521633151
optimized_rf,17,29,1,1641,0.0609384521633151
optimized_rf,17,30,1,1641,0.0609384521633151
optimized_rf,17,32,1,1641,0.0609384521633151
optimized_rf,17,33,1,1641,0.0609384521633151
optimized_rf,17,34,1,1641,0.0609384521633151
optimized_rf,17,36,1,1641,0.0609384521633151
optimized_rf,17,37,1,1641,0.0609384521633151
optimized_rf,17,39,1,1641,0.0609384521633151
optimized_rf,17,52,1,1641,0.0609384521633151
optimized_rf,18,16,22829,112964,20.2090931624234
optimized_rf,18,46,6642,112964,5.87974930066216
optimized_rf,18,10,5149,112964,4.55808930278673
optimized_rf,18,31,4930,112964,4.364222230091
optimized_rf,18,39,4482,112964,3.96763570695089
optimized_rf,18,13,3141,112964,2.78053185085514
optimized_rf,18,25,1944,112964,1.72090223434014
optimized_rf,18,1,1488,112964,1.3172338090011
optimized_rf,18,20,1434,112964,1.26943096915832
optimized_rf,18,42,1376,112964,1.21808717821607
optimized_rf,18,45,1315,112964,1.16408767394922
optimized_rf,18,5,979,112964,0.866647781594136
optimized_rf,18,2,839,112964,0.74271449311285
optimized_rf,18,28,573,112964,0.507241244998407
optimized_rf,18,43,566,112964,0.501044580574342
optimized_rf,18,34,507,112964,0.448815551857229
optimized_rf,18,36,476,112964,0.421373180836373
optimized_rf,18,22,403,112964,0.356750823271131
optimized_rf,18,44,324,112964,0.286817039056691
optimized_rf,18,33,214,112964,0.189440883821394
optimized_rf,18,24,160,112964,0.141638043978613
optimized_rf,18,3,143,112964,0.126589001805885
optimized_rf,18,7,131,112964,0.115966148507489
optimized_rf,18,32,128,112964,0.11331043518289
optimized_rf,18,17,119,112964,0.105343295209093
optimized_rf,18,11,112,112964,0.0991466307850289
optimized_rf,18,4,83,112964,0.0734747353139053
optimized_rf,18,50,74,112964,0.0655075953401084
optimized_rf,18,30,63,112964,0.0557699798165787
optimized_rf,18,49,29,112964,0.0256718954711235
optimized_rf,18,26,22,112964,0.0194752310470592
optimized_rf,18,35,17,112964,0.0150490421727276
optimized_rf,18,19,7,112964,0.0061966644240643
optimized_rf,18,21,4,112964,0.00354095109946532
optimized_rf,18,40,4,112964,0.00354095109946532
optimized_rf,18,48,4,112964,0.00354095109946532
optimized_rf,18,41,3,112964,0.00265571332459899
optimized_rf,18,47,2,112964,0.00177047554973266
optimized_rf,18,37,1,112964,0.000885237774866329
optimized_rf,19,23,50337,691356,7.28090882266155
optimized_rf,19,20,38418,691356,5.55690555950914
optimized_rf,19,24,25958,691356,3.75465028147582
optimized_rf,19,38,10986,691356,1.58905108222103
optimized_rf,19,15,10012,691356,1.44816852677926
optimized_rf,19,31,6729,691356,0.973304636106434
optimized_rf,19,14,5103,691356,0.738114661621509
optimized_rf,19,42,4789,691356,0.692696671468824
optimized_rf,19,16,4571,691356,0.661164436267278
optimized_rf,19,29,4014,691356,0.58059812889452
optimized_rf,19,22,2987,691356,0.432049479573476
optimized_rf,19,32,1186,691356,0.171546930958869
optimized_rf,19,25,931,691356,0.134662894369905
optimized_rf,19,27,775,691356,0.112098542574303
optimized_rf,19,46,661,691356,0.0956092085698251
optimized_rf,19,43,569,691356,0.0823020267416498
optimized_rf,19,10,518,691356,0.0749252194238569
optimized_rf,19,45,428,691356,0.0619073241571636
optimized_rf,19,13,365,691356,0.0527947974704783
optimized_rf,19,18,217,691356,0.0313875919208049
optimized_rf,19,7,215,691356,0.0310983053593228
optimized_rf,19,33,173,691356,0.0250232875681993
optimized_rf,19,28,90,691356,0.0130178952666933
optimized_rf,19,1,59,691356,0.00853395356372115
optimized_rf,19,50,54,691356,0.00781073716001597
optimized_rf,19,35,45,691356,0.00650894763334664
optimized_rf,19,3,37,691356,0.00535180138741835
optimized_rf,19,2,36,691356,0.00520715810667731
optimized_rf,19,4,36,691356,0.00520715810667731
optimized_rf,19,37,36,691356,0.00520715810667731
optimized_rf,19,44,35,691356,0.00506251482593628
optimized_rf,19,53,35,691356,0.00506251482593628
optimized_rf,19,6,30,691356,0.00433929842223109
optimized_rf,19,34,30,691356,0.00433929842223109
optimized_rf,19,48,29,691356,0.00419465514149006
optimized_rf,19,55,29,691356,0.00419465514149006
optimized_rf,19,40,28,691356,0.00405001186074902
optimized_rf,19,54,27,691356,0.00390536858000798
optimized_rf,19,41,25,691356,0.00361608201852591
optimized_rf,19,21,24,691356,0.00347143873778487
optimized_rf,19,9,23,691356,0.00332679545704384
optimized_rf,19,12,22,691356,0.0031821521763028
optimized_rf,19,36,22,691356,0.0031821521763028
optimized_rf,19,39,22,691356,0.0031821521763028
optimized_rf,19,52,22,691356,0.0031821521763028
optimized_rf,19,11,21,691356,0.00303750889556177
optimized_rf,19,17,20,691356,0.00289286561482073
optimized_rf,19,5,18,691356,0.00260357905333866
optimized_rf,19,26,18,691356,0.00260357905333866
optimized_rf,19,47,14,691356,0.00202500593037451
optimized_rf,19,49,13,691356,0.00188036264963347
optimized_rf,19,30,11,691356,0.0015910760881514
optimized_rf,20,16,53768,379965,14.1507770452542
optimized_rf,20,42,33791,379965,8.89318753043044
optimized_rf,20,31,29017,379965,7.63675601700157
optimized_rf,20,46,8161,379965,2.14782940533997
optimized_rf,20,22,7312,379965,1.924387772558
optimized_rf,20,10,2921,379965,0.768755016909452
optimized_rf,20,45,2757,379965,0.725593146737199
optimized_rf,20,18,2154,379965,0.566894319213612
optimized_rf,20,25,1038,379965,0.273183056334136
optimized_rf,20,17,961,379965,0.252918031923993
optimized_rf,20,24,534,379965,0.140539260195018
optimized_rf,20,13,404,379965,0.106325582619452
optimized_rf,20,34,228,379965,0.0600055268248391
optimized_rf,20,5,195,379965,0.0513205163633493
optimized_rf,20,1,150,379965,0.0394773202794994
optimized_rf,20,28,141,379965,0.0371086810627295
optimized_rf,20,48,116,379965,0.0305291276828129
optimized_rf,20,32,115,379965,0.0302659455476162
optimized_rf,20,39,105,379965,0.0276341241956496
optimized_rf,20,2,87,379965,0.0228968457621097
optimized_rf,20,4,82,379965,0.0215809350861264
optimized_rf,20,43,78,379965,0.0205282065453397
optimized_rf,20,33,63,379965,0.0165804745173898
optimized_rf,20,50,44,379965,0.0115800139486532
optimized_rf,20,7,42,379965,0.0110536496782598
optimized_rf,20,14,35,379965,0.0092113747318832
optimized_rf,20,11,34,379965,0.00894819259668654
optimized_rf,20,19,32,379965,0.00842182832629321
optimized_rf,20,38,32,379965,0.00842182832629321
optimized_rf,20,41,32,379965,0.00842182832629321
optimized_rf,20,54,32,379965,0.00842182832629321
optimized_rf,20,9,31,379965,0.00815864619109655
optimized_rf,20,12,31,379965,0.00815864619109655
optimized_rf,20,15,30,379965,0.00789546405589989
optimized_rf,20,30,30,379965,0.00789546405589989
optimized_rf,20,37,29,379965,0.00763228192070322
optimized_rf,20,23,28,379965,0.00736909978550656
optimized_rf,20,35,28,379965,0.00736909978550656
optimized_rf,20,3,27,379965,0.0071059176503099
optimized_rf,20,6,27,379965,0.0071059176503099
optimized_rf,20,29,27,379965,0.0071059176503099
optimized_rf,20,40,27,379965,0.0071059176503099
optimized_rf,20,47,27,379965,0.0071059176503099
optimized_rf,20,36,26,379965,0.00684273551511323
optimized_rf,20,55,26,379965,0.00684273551511323
optimized_rf,20,52,25,379965,0.00657955337991657
optimized_rf,20,53,24,379965,0.00631637124471991
optimized_rf,20,21,23,379965,0.00605318910952325
optimized_rf,20,44,23,379965,0.00605318910952325
optimized_rf,20,27,22,379965,0.00579000697432658
optimized_rf,20,26,21,379965,0.00552682483912992
optimized_rf,20,49,19,379965,0.00500046056873659
optimized_rf,21,30,83429,599210,13.9231655012433
optimized_rf,21,40,32661,599210,5.45067672435373
optimized_rf,21,44,30223,599210,5.04380768011215
optimized_rf,21,53,23384,599210,3.90247158759033
optimized_rf,21,47,17881,599210,2.98409572603929
optimized_rf,21,49,16240,599210,2.7102351429382
optimized_rf,21,36,8186,599210,1.3661320738973
optimized_rf,21,26,5780,599210,0.964603394469385
optimized_rf,21,48,1154,599210,0.192586906093023
optimized_rf,21,28,1142,599210,0.190584269287896
optimized_rf,21,55,1054,599210,0.1758982660503
optimized_rf,21,54,622,599210,0.103803341065737
optimized_rf,21,52,577,599210,0.0962934530465112
optimized_rf,21,39,403,599210,0.0672552193721734
optimized_rf,21,50,378,599210,0.0630830593614926
optimized_rf,21,37,352,599210,0.0587440129503847
optimized_rf,21,3,264,599210,0.0440580097127885
optimized_rf,21,10,241,599210,0.0402196225029622
optimized_rf,21,9,209,599210,0.0348792576892909
optimized_rf,21,34,189,599210,0.0315415296807463
optimized_rf,21,41,188,599210,0.0313746432803191
optimized_rf,21,4,153,599210,0.0255336192653661
optimized_rf,21,5,145,599210,0.0241985280619482
optimized_rf,21,46,89,599210,0.0148528896380234
optimized_rf,21,1,68,599210,0.0113482752290516
optimized_rf,21,7,54,599210,0.00901186562307038
optimized_rf,21,2,48,599210,0.008010547220507
optimized_rf,21,32,29,599210,0.00483970561238965
optimized_rf,21,19,27,599210,0.00450593281153519
optimized_rf,21,12,26,599210,0.00433904641110796
optimized_rf,21,42,26,599210,0.00433904641110796
optimized_rf,21,43,26,599210,0.00433904641110796
optimized_rf,21,20,24,599210,0.0040052736102535
optimized_rf,21,38,24,599210,0.0040052736102535
optimized_rf,21,45,23,599210,0.00383838720982627
optimized_rf,21,22,22,599210,0.00367150080939904
optimized_rf,21,31,22,599210,0.00367150080939904
optimized_rf,21,13,21,599210,0.00350461440897181
optimized_rf,21,15,21,599210,0.00350461440897181
optimized_rf,21,16,21,599210,0.00350461440897181
optimized_rf,21,18,21,599210,0.00350461440897181
optimized_rf,21,33,21,599210,0.00350461440897181
optimized_rf,21,17,20,599210,0.00333772800854458
optimized_rf,21,23,20,599210,0.00333772800854458
optimized_rf,21,24,20,599210,0.00333772800854458
optimized_rf,21,11,19,599210,0.00317084160811735
optimized_rf,21,25,19,599210,0.00317084160811735
optimized_rf,21,14,18,599210,0.00300395520769013
optimized_rf,21,29,18,599210,0.00300395520769013
optimized_rf,21,35,18,599210,0.00300395520769013
optimized_rf,21,6,17,599210,0.0028370688072629
optimized_rf,21,27,15,599210,0.00250329600640844
optimized_rf,22,16,4810,41980,11.4578370652692
optimized_rf,22,20,3454,41980,8.22772748928061
optimized_rf,22,31,3416,41980,8.13720819437828
optimized_rf,22,42,2658,41980,6.3315864697475
optimized_rf,22,12,749,41980,1.78418294425917
optimized_rf,22,3,525,41980,1.25059552167699
optimized_rf,22,5,443,41980,1.05526441162458
optimized_rf,22,25,421,41980,1.00285850404955
optimized_rf,22,27,243,41980,0.578847070033349
optimized_rf,22,19,218,41980,0.519294902334445
optimized_rf,22,24,218,41980,0.519294902334445
optimized_rf,22,18,115,41980,0.27393997141496
optimized_rf,22,13,108,41980,0.257265364459266
optimized_rf,22,17,57,41980,0.135778942353502
optimized_rf,22,2,54,41980,0.128632682229633
optimized_rf,22,6,40,41980,0.0952834683182468
optimized_rf,22,4,38,41980,0.0905192949023344
optimized_rf,22,32,33,41980,0.0786088613625536
optimized_rf,22,45,25,41980,0.0595521676989042
optimized_rf,22,55,20,41980,0.0476417341591234
optimized_rf,22,53,5,41980,0.0119104335397809
optimized_rf,22,23,4,41980,0.00952834683182468
optimized_rf,22,33,3,41980,0.00714626012386851
optimized_rf,22,9,2,41980,0.00476417341591234
optimized_rf,22,38,2,41980,0.00476417341591234
optimized_rf,22,1,1,41980,0.00238208670795617
optimized_rf,22,7,1,41980,0.00238208670795617
optimized_rf,22,11,1,41980,0.00238208670795617
optimized_rf,22,21,1,41980,0.00238208670795617
optimized_rf,22,26,1,41980,0.00238208670795617
optimized_rf,22,28,1,41980,0.00238208670795617
optimized_rf,22,30,1,41980,0.00238208670795617
optimized_rf,22,34,1,41980,0.00238208670795617
optimized_rf,22,35,1,41980,0.00238208670795617
optimized_rf,22,39,1,41980,0.00238208670795617
optimized_rf,22,41,1,41980,0.00238208670795617
optimized_rf,22,43,1,41980,0.00238208670795617
optimized_rf,22,44,1,41980,0.00238208670795617
optimized_rf,22,46,1,41980,0.00238208670795617
optimized_rf,22,47,1,41980,0.00238208670795617
optimized_rf,22,49,1,41980,0.00238208670795617
optimized_rf,22,50,1,41980,0.00238208670795617
optimized_rf,23,24,48182,326806,14.7433033665233
optimized_rf,23,19,31021,326806,9.49217578624627
optimized_rf,23,15,13649,326806,4.17648390788419
optimized_rf,23,29,12713,326806,3.89007545761094
optimized_rf,23,35,5785,326806,1.7701633384944
optimized_rf,23,14,5730,326806,1.7533337821215
optimized_rf,23,38,2944,326806,0.900840253850908
optimized_rf,23,32,2888,326806,0.883704705543962
optimized_rf,23,25,2344,326806,0.717245093419338
optimized_rf,23,33,1848,326806,0.565473094129239
optimized_rf,23,31,1672,326806,0.511618513735978
optimized_rf,23,13,1105,326806,0.338121087128143
optimized_rf,23,42,798,326806,0.24418156337399
optimized_rf,23,7,544,326806,0.166459612124624
optimized_rf,23,27,507,326806,0.155137910564678
optimized_rf,23,18,365,326806,0.111687055929206
optimized_rf,23,16,286,326806,0.0875136931390489
optimized_rf,23,20,257,326806,0.0786399270515229
optimized_rf,23,12,173,326806,0.052936604591103
optimized_rf,23,28,126,326806,0.0385549836906299
optimized_rf,23,6,120,326806,0.0367190320863142
optimized_rf,23,4,84,326806,0.0257033224604199
optimized_rf,23,41,34,326806,0.010403725757789
optimized_rf,23,22,31,326806,0.00948574995563117
optimized_rf,23,40,30,326806,0.00917975802157855
optimized_rf,23,49,20,326806,0.00611983868105237
optimized_rf,23,44,16,326806,0.00489587094484189
optimized_rf,23,43,14,326806,0.00428388707673666
optimized_rf,23,21,11,326806,0.0033659112745788
optimized_rf,23,17,8,326806,0.00244793547242095
optimized_rf,23,45,7,326806,0.00214194353836833
optimized_rf,23,46,5,326806,0.00152995967026309
optimized_rf,23,47,4,326806,0.00122396773621047
optimized_rf,23,52,4,326806,0.00122396773621047
optimized_rf,23,2,3,326806,0.000917975802157855
optimized_rf,23,34,3,326806,0.000917975802157855
optimized_rf,23,50,2,326806,0.000611983868105237
optimized_rf,23,53,2,326806,0.000611983868105237
optimized_rf,23,54,2,326806,0.000611983868105237
optimized_rf,23,9,1,326806,0.000305991934052618
optimized_rf,23,11,1,326806,0.000305991934052618
optimized_rf,23,26,1,326806,0.000305991934052618
optimized_rf,23,30,1,326806,0.000305991934052618
optimized_rf,23,37,1,326806,0.000305991934052618
optimized_rf,23,48,1,326806,0.000305991934052618
optimized_rf,23,55,1,326806,0.000305991934052618
optimized_rf,24,23,100897,845397,11.9348661043273
optimized_rf,24,25,56740,845397,6.71163962020211
optimized_rf,24,29,31950,845397,3.77928949357521
optimized_rf,24,35,16695,845397,1.97481183396676
optimized_rf,24,32,15674,845397,1.85404017284187
optimized_rf,24,42,13351,845397,1.579258029068
optimized_rf,24,13,11755,845397,1.39047098582086
optimized_rf,24,19,10346,845397,1.22380372771609
optimized_rf,24,33,10040,845397,1.18760771566495
optimized_rf,24,15,7915,845397,0.936246520865345
optimized_rf,24,31,5273,845397,0.623730625966262
optimized_rf,24,38,3544,845397,0.419211329115197
optimized_rf,24,27,1719,845397,0.203336420640244
optimized_rf,24,12,1067,845397,0.126212891694671
optimized_rf,24,16,892,845397,0.105512558005292
optimized_rf,24,7,757,845397,0.0895437291591998
optimized_rf,24,20,698,845397,0.082564759515352
optimized_rf,24,14,671,845397,0.0793709937461335
optimized_rf,24,18,555,845397,0.0656496297006022
optimized_rf,24,43,507,845397,0.0599718238886582
optimized_rf,24,5,352,845397,0.0416372426209225
optimized_rf,24,22,350,845397,0.0414006673787581
optimized_rf,24,11,183,845397,0.0216466346580364
optimized_rf,24,4,156,845397,0.0184528688888179
optimized_rf,24,1,60,845397,0.00709725726492997
optimized_rf,24,6,60,845397,0.00709725726492997
optimized_rf,24,45,29,845397,0.00343034101138282
optimized_rf,24,2,28,845397,0.00331205339030065
optimized_rf,24,3,22,845397,0.00260232766380766
optimized_rf,24,28,13,845397,0.00153773907406816
optimized_rf,24,10,11,845397,0.00130116383190383
optimized_rf,24,9,10,845397,0.00118287621082166
optimized_rf,24,34,10,845397,0.00118287621082166
optimized_rf,24,44,10,845397,0.00118287621082166
optimized_rf,24,49,9,845397,0.0010645885897395
optimized_rf,24,46,8,845397,0.000946300968657329
optimized_rf,24,54,8,845397,0.000946300968657329
optimized_rf,24,17,7,845397,0.000828013347575163
optimized_rf,24,50,7,845397,0.000828013347575163
optimized_rf,24,55,7,845397,0.000828013347575163
optimized_rf,24,21,6,845397,0.000709725726492997
optimized_rf,24,52,6,845397,0.000709725726492997
optimized_rf,24,36,5,845397,0.000591438105410831
optimized_rf,24,47,5,845397,0.000591438105410831
optimized_rf,24,48,5,845397,0.000591438105410831
optimized_rf,24,26,4,845397,0.000473150484328665
optimized_rf,24,30,4,845397,0.000473150484328665
optimized_rf,24,37,4,845397,0.000473150484328665
optimized_rf,24,39,4,845397,0.000473150484328665
optimized_rf,24,40,4,845397,0.000473150484328665
optimized_rf,24,53,4,845397,0.000473150484328665
optimized_rf,24,41,3,845397,0.000354862863246498
optimized_rf,25,24,25129,237357,10.5870060710238
optimized_rf,25,13,23251,237357,9.79579283526502
optimized_rf,25,31,11579,237357,4.87830567457459
optimized_rf,25,42,6405,237357,2.69846686636585
optimized_rf,25,33,6040,237357,2.5446900660187
optimized_rf,25,16,3485,237357,1.4682524635886
optimized_rf,25,32,3147,237357,1.32585093340411
optimized_rf,25,35,2465,237357,1.03852003522121
optimized_rf,25,20,2150,237357,0.905808549990099
optimized_rf,25,23,1654,237357,0.696840624038895
optimized_rf,25,15,1497,237357,0.630695534574502
optimized_rf,25,11,1264,237357,0.532531166133714
optimized_rf,25,5,1007,237357,0.424255446437223
optimized_rf,25,7,972,237357,0.409509725855989
optimized_rf,25,12,693,237357,0.291965267508437
optimized_rf,25,18,650,237357,0.273849096508635
optimized_rf,25,4,631,237357,0.265844276764536
optimized_rf,25,29,446,237357,0.187902610835155
optimized_rf,25,1,400,237357,0.168522520928391
optimized_rf,25,43,327,237357,0.137767160858959
optimized_rf,25,27,288,237357,0.121336215068441
optimized_rf,25,22,214,237357,0.0901595486966889
optimized_rf,25,14,105,237357,0.0442371617437025
optimized_rf,25,45,96,237357,0.0404454050228137
optimized_rf,25,2,69,237357,0.0290701348601474
optimized_rf,25,19,30,237357,0.0126391890696293
optimized_rf,25,39,12,237357,0.00505567562785172
optimized_rf,25,46,8,237357,0.00337045041856781
optimized_rf,25,21,7,237357,0.00294914411624684
optimized_rf,25,9,5,237357,0.00210653151160488
optimized_rf,25,30,5,237357,0.00210653151160488
optimized_rf,25,36,5,237357,0.00210653151160488
optimized_rf,25,49,5,237357,0.00210653151160488
optimized_rf,25,55,5,237357,0.00210653151160488
optimized_rf,25,38,4,237357,0.00168522520928391
optimized_rf,25,48,4,237357,0.00168522520928391
optimized_rf,25,54,4,237357,0.00168522520928391
optimized_rf,25,28,3,237357,0.00126391890696293
optimized_rf,25,41,3,237357,0.00126391890696293
optimized_rf,25,47,3,237357,0.00126391890696293
optimized_rf,25,3,2,237357,0.000842612604641953
optimized_rf,25,17,2,237357,0.000842612604641953
optimized_rf,25,40,2,237357,0.000842612604641953
optimized_rf,25,50,2,237357,0.000842612604641953
optimized_rf,25,52,2,237357,0.000842612604641953
optimized_rf,25,53,2,237357,0.000842612604641953
optimized_rf,25,6,1,237357,0.000421306302320976
optimized_rf,25,10,1,237357,0.000421306302320976
optimized_rf,25,34,1,237357,0.000421306302320976
optimized_rf,25,37,1,237357,0.000421306302320976
optimized_rf,26,30,9561,40896,23.3788145539906
optimized_rf,26,49,3758,40896,9.1891627543036
optimized_rf,26,36,2320,40896,5.67292644757434
optimized_rf,26,21,2191,40896,5.35749217527387
optimized_rf,26,44,1167,40896,2.85357981220657
optimized_rf,26,40,842,40896,2.05888106416275
optimized_rf,26,10,799,40896,1.95373630672926
optimized_rf,26,53,744,40896,1.81924882629108
optimized_rf,26,34,707,40896,1.72877543035994
optimized_rf,26,39,357,40896,0.872946009389671
optimized_rf,26,47,318,40896,0.777582159624413
optimized_rf,26,28,193,40896,0.471928794992175
optimized_rf,26,5,192,40896,0.469483568075117
optimized_rf,26,46,149,40896,0.364338810641628
optimized_rf,26,7,138,40896,0.337441314553991
optimized_rf,26,52,92,40896,0.224960876369327
optimized_rf,26,3,80,40896,0.195618153364632
optimized_rf,26,55,68,40896,0.166275430359937
optimized_rf,26,23,58,40896,0.141823161189358
optimized_rf,26,24,36,40896,0.0880281690140845
optimized_rf,26,41,31,40896,0.075802034428795
optimized_rf,26,1,21,40896,0.051349765258216
optimized_rf,26,12,9,40896,0.0220070422535211
optimized_rf,26,27,9,40896,0.0220070422535211
optimized_rf,26,18,7,40896,0.0171165884194053
optimized_rf,26,33,4,40896,0.00978090766823161
optimized_rf,26,4,2,40896,0.00489045383411581
optimized_rf,26,22,1,40896,0.0024452269170579
optimized_rf,26,35,1,40896,0.0024452269170579
optimized_rf,26,42,1,40896,0.0024452269170579
optimized_rf,26,48,1,40896,0.0024452269170579
optimized_rf,26,50,1,40896,0.0024452269170579
optimized_rf,27,3,35863,859115,4.17441204029728
optimized_rf,27,37,32917,859115,3.83150102139993
optimized_rf,27,7,28158,859115,3.27755888326941
optimized_rf,27,15,22945,859115,2.67077166619137
optimized_rf,27,33,19220,859115,2.23718594134662
optimized_rf,27,11,18591,859115,2.16397106324532
optimized_rf,27,41,16119,859115,1.87623310034163
optimized_rf,27,12,8321,859115,0.968554850049179
optimized_rf,27,47,7281,859115,0.84750004364957
optimized_rf,27,14,6488,859115,0.755195753769868
optimized_rf,27,23,5182,859115,0.603178852656513
optimized_rf,27,24,4462,859115,0.519371678995245
optimized_rf,27,28,4071,859115,0.473859727743084
optimized_rf,27,6,3798,859115,0.442082841063187
optimized_rf,27,5,2928,859115,0.340815839555822
optimized_rf,27,4,2802,859115,0.3261495841651
optimized_rf,27,13,2590,859115,0.301473027475949
optimized_rf,27,19,2578,859115,0.300076241248261
optimized_rf,27,36,2426,859115,0.282383615697549
optimized_rf,27,32,1760,859115,0.204861980060877
optimized_rf,27,44,1124,859115,0.130832309993423
optimized_rf,27,38,1097,859115,0.127689540981126
optimized_rf,27,25,844,859115,0.0982406313473749
optimized_rf,27,2,216,859115,0.0251421520983803
optimized_rf,27,39,183,859115,0.0213009899722389
optimized_rf,27,45,163,859115,0.0189730129260925
optimized_rf,27,26,142,859115,0.0165286370276389
optimized_rf,27,46,135,859115,0.0157138450614877
optimized_rf,27,21,132,859115,0.0153646485045657
optimized_rf,27,9,122,859115,0.0142006599814926
optimized_rf,27,40,113,859115,0.0131530703107267
optimized_rf,27,10,102,859115,0.0118726829353463
optimized_rf,27,50,83,859115,0.00966110474150725
optimized_rf,27,18,65,859115,0.00756592539997556
optimized_rf,27,48,56,859115,0.00651833572920971
optimized_rf,27,30,53,859115,0.00616913917228776
optimized_rf,27,55,45,859115,0.00523794835382923
optimized_rf,27,17,41,859115,0.00477235294459997
optimized_rf,27,29,36,859115,0.00419035868306339
optimized_rf,27,34,36,859115,0.00419035868306339
optimized_rf,27,49,34,859115,0.00395756097844875
optimized_rf,27,22,32,859115,0.00372476327383412
optimized_rf,27,16,31,859115,0.0036083644215268
optimized_rf,27,52,30,859115,0.00349196556921949
optimized_rf,27,1,26,859115,0.00302637015999022
optimized_rf,27,31,25,859115,0.00290997130768291
optimized_rf,27,35,25,859115,0.00290997130768291
optimized_rf,27,42,25,859115,0.00290997130768291
optimized_rf,27,20,24,859115,0.00279357245537559
optimized_rf,27,53,20,859115,0.00232797704614633
optimized_rf,27,54,19,859115,0.00221157819383901
optimized_rf,27,43,12,859115,0.0013967862276878
optimized_rf,28,44,3729,46042,8.09912688414926
optimized_rf,28,30,3529,46042,7.66474088875375
optimized_rf,28,36,3301,46042,7.16954085400287
optimized_rf,28,47,3163,46042,6.86981451717997
optimized_rf,28,40,1968,46042,4.2743581946918
optimized_rf,28,27,1440,46042,3.12757916684766
optimized_rf,28,10,1408,46042,3.05807740758438
optimized_rf,28,7,1393,46042,3.02549845792972
optimized_rf,28,18,962,46042,2.0893966378524
optimized_rf,28,39,936,46042,2.03292645845098
optimized_rf,28,3,880,46042,1.91129837974024
optimized_rf,28,46,865,46042,1.87871943008557
optimized_rf,28,21,489,46042,1.06207375874202
optimized_rf,28,33,448,46042,0.973024629685939
optimized_rf,28,49,429,46042,0.931757960123366
optimized_rf,28,50,423,46042,0.9187263802615
optimized_rf,28,1,409,46042,0.888319360583815
optimized_rf,28,26,335,46042,0.727596542287477
optimized_rf,28,41,320,46042,0.695017592632814
optimized_rf,28,34,284,46042,0.616828113461622
optimized_rf,28,55,207,46042,0.449589505234351
optimized_rf,28,45,201,46042,0.436557925372486
optimized_rf,28,5,177,46042,0.384431605925025
optimized_rf,28,15,126,46042,0.27366317709917
optimized_rf,28,16,125,46042,0.271491247122193
optimized_rf,28,23,62,46042,0.134659658572608
optimized_rf,28,24,58,46042,0.125971938664697
optimized_rf,28,13,29,46042,0.0629859693323487
optimized_rf,28,37,28,46042,0.0608140393553712
optimized_rf,28,20,15,46042,0.0325789496546631
optimized_rf,28,19,13,46042,0.0282350897007081
optimized_rf,28,31,7,46042,0.0152035098388428
optimized_rf,28,2,1,46042,0.00217192997697754
optimized_rf,29,24,26328,164338,16.0206403874941
optimized_rf,29,23,11442,164338,6.96247976730884
optimized_rf,29,15,3741,164338,2.27640594384744
optimized_rf,29,33,1630,164338,0.991858243376456
optimized_rf,29,19,1089,164338,0.662658666893841
optimized_rf,29,35,967,164338,0.588421424138057
optimized_rf,29,38,929,164338,0.5652983485256
optimized_rf,29,25,869,164338,0.528788229137509
optimized_rf,29,32,781,164338,0.475240054034977
optimized_rf,29,13,193,164338,0.117440884031691
optimized_rf,29,7,190,164338,0.115615378062286
optimized_rf,29,14,94,164338,0.0571991870413416
optimized_rf,29,12,57,164338,0.0346846134186859
optimized_rf,29,20,25,164338,0.0152125497450377
optimized_rf,29,28,25,164338,0.0152125497450377
optimized_rf,29,27,24,164338,0.0146040477552362
optimized_rf,29,31,16,164338,0.00973603183682411
optimized_rf,29,47,8,164338,0.00486801591841205
optimized_rf,29,22,7,164338,0.00425951392861055
optimized_rf,29,49,7,164338,0.00425951392861055
optimized_rf,29,5,6,164338,0.00365101193880904
optimized_rf,29,10,4,164338,0.00243400795920603
optimized_rf,29,21,4,164338,0.00243400795920603
optimized_rf,29,30,4,164338,0.00243400795920603
optimized_rf,29,18,3,164338,0.00182550596940452
optimized_rf,29,40,3,164338,0.00182550596940452
optimized_rf,29,46,3,164338,0.00182550596940452
optimized_rf,29,2,2,164338,0.00121700397960301
optimized_rf,29,6,2,164338,0.00121700397960301
optimized_rf,29,17,2,164338,0.00121700397960301
optimized_rf,29,39,2,164338,0.00121700397960301
optimized_rf,29,44,2,164338,0.00121700397960301
optimized_rf,29,45,2,164338,0.00121700397960301
optimized_rf,29,48,2,164338,0.00121700397960301
optimized_rf,29,52,2,164338,0.00121700397960301
optimized_rf,29,1,1,164338,0.000608501989801507
optimized_rf,29,3,1,164338,0.000608501989801507
optimized_rf,29,4,1,164338,0.000608501989801507
optimized_rf,29,11,1,164338,0.000608501989801507
optimized_rf,29,16,1,164338,0.000608501989801507
optimized_rf,29,34,1,164338,0.000608501989801507
optimized_rf,29,36,1,164338,0.000608501989801507
optimized_rf,29,37,1,164338,0.000608501989801507
optimized_rf,29,42,1,164338,0.000608501989801507
optimized_rf,29,50,1,164338,0.000608501989801507
optimized_rf,29,53,1,164338,0.000608501989801507
optimized_rf,29,54,1,164338,0.000608501989801507
optimized_rf,30,21,56591,576557,9.81533482379019
optimized_rf,30,47,47329,576557,8.20890215538099
optimized_rf,30,40,41413,576557,7.18281106638199
optimized_rf,30,44,37291,576557,6.46787741715043
optimized_rf,30,49,21380,576557,3.7082196556455
optimized_rf,30,36,11948,576557,2.07230161111564
optimized_rf,30,28,8572,576557,1.4867567300371
optimized_rf,30,39,6657,576557,1.1546126402073
optimized_rf,30,3,6562,576557,1.13813551825752
optimized_rf,30,10,4425,576557,0.767486996081914
optimized_rf,30,46,3909,576557,0.67799020738626
optimized_rf,30,26,3496,576557,0.606358087751948
optimized_rf,30,5,2198,576557,0.381228568901253
optimized_rf,30,53,1836,576557,0.31844206210314
optimized_rf,30,7,1405,576557,0.243687961467817
optimized_rf,30,50,1138,576557,0.197378576619484
optimized_rf,30,27,806,576557,0.139795371489723
optimized_rf,30,55,781,576557,0.135459286766096
optimized_rf,30,41,689,576557,0.11950249498315
optimized_rf,30,34,603,576557,0.104586363533874
optimized_rf,30,33,511,576557,0.0886295717509284
optimized_rf,30,54,390,576557,0.0676429216885755
optimized_rf,30,48,325,576557,0.0563691014071462
optimized_rf,30,37,188,576557,0.0326073571216723
optimized_rf,30,45,166,576557,0.0287916025648808
optimized_rf,30,1,116,576557,0.0201194331176276
optimized_rf,30,18,96,576557,0.0166505653387263
optimized_rf,30,52,89,576557,0.0154364616161108
optimized_rf,30,25,13,576557,0.00225476405628585
optimized_rf,30,2,12,576557,0.00208132066734078
optimized_rf,30,35,12,576557,0.00208132066734078
optimized_rf,30,13,11,576557,0.00190787727839572
optimized_rf,30,16,10,576557,0.00173443388945065
optimized_rf,30,20,10,576557,0.00173443388945065
optimized_rf,30,29,10,576557,0.00173443388945065
optimized_rf,30,4,9,576557,0.00156099050050559
optimized_rf,30,9,9,576557,0.00156099050050559
optimized_rf,30,14,9,576557,0.00156099050050559
optimized_rf,30,15,8,576557,0.00138754711156052
optimized_rf,30,23,8,576557,0.00138754711156052
optimized_rf,30,38,8,576557,0.00138754711156052
optimized_rf,30,11,7,576557,0.00121410372261546
optimized_rf,30,22,7,576557,0.00121410372261546
optimized_rf,30,32,7,576557,0.00121410372261546
optimized_rf,30,42,7,576557,0.00121410372261546
optimized_rf,30,6,6,576557,0.00104066033367039
optimized_rf,30,17,6,576557,0.00104066033367039
optimized_rf,30,19,6,576557,0.00104066033367039
optimized_rf,30,31,6,576557,0.00104066033367039
optimized_rf,30,12,5,576557,0.000867216944725326
optimized_rf,30,43,4,576557,0.000693773555780261
optimized_rf,30,24,1,576557,0.000173443388945065
optimized_rf,31,16,64742,841378,7.69475788527867
optimized_rf,31,20,54510,841378,6.47865763069631
optimized_rf,31,42,39618,841378,4.7087040545391
optimized_rf,31,25,24986,841378,2.96965216585173
optimized_rf,31,22,19989,841378,2.37574550321021
optimized_rf,31,13,10373,841378,1.23285847740255
optimized_rf,31,18,7532,841378,0.895198115472475
optimized_rf,31,24,4403,841378,0.523308192037348
optimized_rf,31,45,4184,841378,0.497279462976213
optimized_rf,31,1,3445,841378,0.409447358975395
optimized_rf,31,19,2261,841378,0.268725828343503
optimized_rf,31,33,1608,841378,0.191115051736556
optimized_rf,31,32,870,841378,0.103401800379853
optimized_rf,31,7,582,841378,0.0691722388747983
optimized_rf,31,43,575,841378,0.0683402703659948
optimized_rf,31,50,393,841378,0.046709089137106
optimized_rf,31,23,321,841378,0.0381516987608423
optimized_rf,31,39,214,841378,0.0254344658405616
optimized_rf,31,6,198,841378,0.0235328235347252
optimized_rf,31,14,168,841378,0.019967244211282
optimized_rf,31,15,168,841378,0.019967244211282
optimized_rf,31,46,157,841378,0.0186598651260195
optimized_rf,31,2,148,841378,0.0175901913289865
optimized_rf,31,35,139,841378,0.0165205175319535
optimized_rf,31,5,94,841378,0.0111721485467887
optimized_rf,31,36,39,841378,0.00463525312047617
optimized_rf,31,27,38,841378,0.0045164004763614
optimized_rf,31,37,38,841378,0.0045164004763614
optimized_rf,31,4,33,841378,0.00392213725578753
optimized_rf,31,12,32,841378,0.00380328461167276
optimized_rf,31,10,25,841378,0.00297131610286934
optimized_rf,31,11,21,841378,0.00249590552641025
optimized_rf,31,48,16,841378,0.00190164230583638
optimized_rf,31,44,15,841378,0.0017827896617216
optimized_rf,31,26,14,841378,0.00166393701760683
optimized_rf,31,41,6,841378,0.000713115864688642
optimized_rf,31,54,6,841378,0.000713115864688642
optimized_rf,31,30,5,841378,0.000594263220573868
optimized_rf,31,38,4,841378,0.000475410576459095
optimized_rf,31,53,4,841378,0.000475410576459095
optimized_rf,31,29,3,841378,0.000356557932344321
optimized_rf,31,52,2,841378,0.000237705288229547
optimized_rf,31,55,2,841378,0.000237705288229547
optimized_rf,31,9,1,841378,0.000118852644114774
optimized_rf,31,21,1,841378,0.000118852644114774
optimized_rf,31,28,1,841378,0.000118852644114774
optimized_rf,31,34,1,841378,0.000118852644114774
optimized_rf,32,24,11491,60484,18.998412803386
optimized_rf,32,23,5205,60484,8.60558164142583
optimized_rf,32,25,4286,60484,7.08617154950069
optimized_rf,32,13,2196,60484,3.63071225448052
optimized_rf,32,33,1804,60484,2.98260697043846
optimized_rf,32,15,1629,60484,2.69327425434826
optimized_rf,32,19,996,60484,1.64671648700483
optimized_rf,32,29,813,60484,1.34415713246478
optimized_rf,32,7,742,60484,1.22677071622247
optimized_rf,32,31,634,60484,1.04821109714966
optimized_rf,32,35,622,60484,1.0283711394749
optimized_rf,32,27,306,60484,0.505918920706303
optimized_rf,32,14,298,60484,0.492692282256465
optimized_rf,32,42,281,60484,0.464585675550559
optimized_rf,32,20,110,60484,0.181866278685272
optimized_rf,32,38,104,60484,0.171946299847894
optimized_rf,32,18,74,60484,0.122346405661001
optimized_rf,32,16,15,60484,0.0247999470934462
optimized_rf,32,37,11,60484,0.0181866278685272
optimized_rf,32,43,5,60484,0.00826664903114873
optimized_rf,32,12,4,60484,0.00661331922491899
optimized_rf,32,6,1,60484,0.00165332980622975
optimized_rf,33,7,35193,389751,9.02961121331312
optimized_rf,33,13,31658,389751,8.12262187909717
optimized_rf,33,41,25323,389751,6.49722515144284
optimized_rf,33,24,13518,389751,3.46836826589284
optimized_rf,33,3,6294,389751,1.61487719082183
optimized_rf,33,27,6275,389751,1.61000228350922
optimized_rf,33,23,5189,389751,1.33136284448276
optimized_rf,33,12,4621,389751,1.1856287732424
optimized_rf,33,29,4610,389751,1.18280645848247
optimized_rf,33,25,4250,389751,1.09043979361182
optimized_rf,33,11,3156,389751,0.809747762032682
optimized_rf,33,15,2865,389751,0.735084707928909
optimized_rf,33,32,2609,389751,0.669401746243114
optimized_rf,33,44,1628,389751,0.417702584470598
optimized_rf,33,5,1333,389751,0.342013234090483
optimized_rf,33,35,1014,389751,0.260166106052326
optimized_rf,33,1,962,389751,0.246824254459899
optimized_rf,33,37,874,389751,0.224245736380407
optimized_rf,33,28,676,389751,0.173444070701551
optimized_rf,33,18,601,389751,0.154201015520165
optimized_rf,33,45,593,389751,0.152148422967484
optimized_rf,33,20,484,389751,0.124181849437205
optimized_rf,33,16,295,389751,0.0756893503801145
optimized_rf,33,10,281,389751,0.0720973134129226
optimized_rf,33,36,212,389751,0.0543937026460484
optimized_rf,33,31,207,389751,0.0531108323006227
optimized_rf,33,14,187,389751,0.04797935091892
optimized_rf,33,47,187,389751,0.04797935091892
optimized_rf,33,6,183,389751,0.0469530546425795
optimized_rf,33,2,176,389751,0.0451570361589836
optimized_rf,33,19,87,389751,0.0223219440104066
optimized_rf,33,40,86,389751,0.0220653699413215
optimized_rf,33,39,71,389751,0.0182167589050445
optimized_rf,33,52,39,389751,0.0100063886943202
optimized_rf,33,30,21,389751,0.00538805545078781
optimized_rf,33,49,20,389751,0.00513148138170268
optimized_rf,33,4,16,389751,0.00410518510536214
optimized_rf,33,34,16,389751,0.00410518510536214
optimized_rf,33,46,14,389751,0.00359203696719187
optimized_rf,33,21,6,389751,0.0015394444145108
optimized_rf,33,53,2,389751,0.000513148138170268
optimized_rf,34,10,685,5159,13.2777670091103
optimized_rf,34,49,568,5159,11.0098856367513
optimized_rf,34,39,191,5159,3.70226788137236
optimized_rf,34,46,128,5159,2.48110098856368
optimized_rf,34,36,104,5159,2.01589455320799
optimized_rf,34,3,99,5159,1.91897654584222
optimized_rf,34,30,38,5159,0.736576855979841
optimized_rf,34,44,31,5159,0.600891645667765
optimized_rf,34,27,30,5159,0.581508044194611
optimized_rf,34,28,30,5159,0.581508044194611
optimized_rf,34,26,20,5159,0.387672029463074
optimized_rf,34,7,19,5159,0.368288427989921
optimized_rf,34,47,16,5159,0.310137623570459
optimized_rf,34,18,10,5159,0.193836014731537
optimized_rf,34,12,5,5159,0.0969180073657686
optimized_rf,34,40,5,5159,0.0969180073657686
optimized_rf,34,33,4,5159,0.0775344058926148
optimized_rf,34,15,2,5159,0.0387672029463074
optimized_rf,34,22,2,5159,0.0387672029463074
optimized_rf,34,37,2,5159,0.0387672029463074
optimized_rf,34,54,2,5159,0.0387672029463074
optimized_rf,34,13,1,5159,0.0193836014731537
optimized_rf,34,14,1,5159,0.0193836014731537
optimized_rf,34,20,1,5159,0.0193836014731537
optimized_rf,34,21,1,5159,0.0193836014731537
optimized_rf,34,23,1,5159,0.0193836014731537
optimized_rf,34,24,1,5159,0.0193836014731537
optimized_rf,34,25,1,5159,0.0193836014731537
optimized_rf,34,31,1,5159,0.0193836014731537
optimized_rf,34,32,1,5159,0.0193836014731537
optimized_rf,34,35,1,5159,0.0193836014731537
optimized_rf,34,38,1,5159,0.0193836014731537
optimized_rf,34,41,1,5159,0.0193836014731537
optimized_rf,34,42,1,5159,0.0193836014731537
optimized_rf,34,43,1,5159,0.0193836014731537
optimized_rf,34,45,1,5159,0.0193836014731537
optimized_rf,34,50,1,5159,0.0193836014731537
optimized_rf,35,24,3458,32864,10.5221518987342
optimized_rf,35,23,1531,32864,4.65859298928919
optimized_rf,35,25,1071,32864,3.25888510223953
optimized_rf,35,29,531,32864,1.61574975657254
optimized_rf,35,13,377,32864,1.14715189873418
optimized_rf,35,33,263,32864,0.800267770204479
optimized_rf,35,32,179,32864,0.54466893865628
optimized_rf,35,14,90,32864,0.273855890944499
optimized_rf,35,15,56,32864,0.170399221032132
optimized_rf,35,19,33,32864,0.100413826679649
optimized_rf,35,16,25,32864,0.0760710808179163
optimized_rf,35,38,7,32864,0.0212999026290166
optimized_rf,35,18,6,32864,0.0182570593962999
optimized_rf,35,46,4,32864,0.0121713729308666
optimized_rf,35,20,2,32864,0.0060856864654333
optimized_rf,36,30,3362,22575,14.8925802879291
optimized_rf,36,44,1178,22575,5.21816168327796
optimized_rf,36,21,1120,22575,4.96124031007752
optimized_rf,36,28,742,22575,3.28682170542636
optimized_rf,36,49,542,22575,2.40088593576966
optimized_rf,36,47,529,22575,2.34330011074197
optimized_rf,36,26,468,22575,2.07308970099668
optimized_rf,36,10,467,22575,2.06866002214839
optimized_rf,36,40,341,22575,1.51052048726467
optimized_rf,36,3,338,22575,1.49723145071982
optimized_rf,36,39,231,22575,1.02325581395349
optimized_rf,36,34,193,22575,0.854928017718715
optimized_rf,36,7,170,22575,0.753045404208195
optimized_rf,36,46,96,22575,0.425249169435216
optimized_rf,36,13,89,22575,0.394241417497231
optimized_rf,36,41,70,22575,0.310077519379845
optimized_rf,36,50,55,22575,0.243632336655593
optimized_rf,36,53,49,22575,0.217054263565891
optimized_rf,36,33,39,22575,0.172757475083056
optimized_rf,36,55,30,22575,0.132890365448505
optimized_rf,36,9,23,22575,0.10188261351052
optimized_rf,36,18,9,22575,0.0398671096345515
optimized_rf,36,27,3,22575,0.0132890365448505
optimized_rf,36,16,1,22575,0.0044296788482835
optimized_rf,36,45,1,22575,0.0044296788482835
optimized_rf,37,27,14023,191906,7.30722332808771
optimized_rf,37,3,12127,191906,6.31923962773441
optimized_rf,37,7,10190,191906,5.30989130094942
optimized_rf,37,41,6281,191906,3.27295655164508
optimized_rf,37,33,4236,191906,2.20733067230832
optimized_rf,37,13,2144,191906,1.11721363584255
optimized_rf,37,30,1192,191906,0.621137431867685
optimized_rf,37,12,690,191906,0.359551030191865
optimized_rf,37,28,655,191906,0.341312934457495
optimized_rf,37,10,595,191906,0.310047627484289
optimized_rf,37,47,403,191906,0.209998645170031
optimized_rf,37,39,379,191906,0.197492522380749
optimized_rf,37,25,248,191906,0.12922993548925
optimized_rf,37,21,238,191906,0.124019050993716
optimized_rf,37,18,211,191906,0.109949662855773
optimized_rf,37,11,172,191906,0.0896272133231895
optimized_rf,37,14,172,191906,0.0896272133231895
optimized_rf,37,45,172,191906,0.0896272133231895
optimized_rf,37,6,171,191906,0.089106124873636
optimized_rf,37,9,136,191906,0.0708680291392661
optimized_rf,37,36,127,191906,0.0661782330932853
optimized_rf,37,5,124,191906,0.064614967744625
optimized_rf,37,46,110,191906,0.057319729450877
optimized_rf,37,1,92,191906,0.0479401373589153
optimized_rf,37,34,90,191906,0.0468979604598085
optimized_rf,37,2,70,191906,0.0364761914687399
optimized_rf,37,49,67,191906,0.0349129261200796
optimized_rf,37,44,40,191906,0.0208435379821371
optimized_rf,37,26,33,191906,0.0171959188352631
optimized_rf,37,40,19,191906,0.00990068054151512
optimized_rf,37,15,16,191906,0.00833741519285484
optimized_rf,37,19,11,191906,0.0057319729450877
optimized_rf,37,32,11,191906,0.0057319729450877
optimized_rf,37,23,6,191906,0.00312653069732056
optimized_rf,37,31,6,191906,0.00312653069732056
optimized_rf,37,35,6,191906,0.00312653069732056
optimized_rf,37,22,5,191906,0.00260544224776714
optimized_rf,37,42,4,191906,0.00208435379821371
optimized_rf,37,50,4,191906,0.00208435379821371
optimized_rf,37,17,3,191906,0.00156326534866028
optimized_rf,37,20,3,191906,0.00156326534866028
optimized_rf,37,24,3,191906,0.00156326534866028
optimized_rf,37,29,3,191906,0.00156326534866028
optimized_rf,37,48,3,191906,0.00156326534866028
optimized_rf,37,53,3,191906,0.00156326534866028
optimized_rf,37,4,2,191906,0.00104217689910685
optimized_rf,37,16,2,191906,0.00104217689910685
optimized_rf,37,52,2,191906,0.00104217689910685
optimized_rf,37,38,1,191906,0.000521088449553427
optimized_rf,37,43,1,191906,0.000521088449553427
optimized_rf,37,54,1,191906,0.000521088449553427
optimized_rf,37,55,1,191906,0.000521088449553427
optimized_rf,38,23,1630,30032,5.42754395311668
optimized_rf,38,24,1017,30032,3.38638785295685
optimized_rf,38,19,769,30032,2.56060202450719
optimized_rf,38,27,354,30032,1.17874267448055
optimized_rf,38,15,334,30032,1.11214704315397
optimized_rf,38,29,86,30032,0.286361214704315
optimized_rf,38,13,47,30032,0.156499733617475
optimized_rf,38,32,37,30032,0.123201917954182
optimized_rf,38,25,23,30032,0.0765849760255727
optimized_rf,38,14,5,30032,0.0166489078316462
optimized_rf,38,50,1,30032,0.00332978156632925
optimized_rf,39,10,3074,21943,14.009023378754
optimized_rf,39,46,2518,21943,11.4751857084264
optimized_rf,39,18,502,21943,2.28774552249009
optimized_rf,39,30,388,21943,1.76821765483298
optimized_rf,39,16,361,21943,1.64517158091419
optimized_rf,39,34,278,21943,1.26691883516383
optimized_rf,39,36,179,21943,0.815749897461605
optimized_rf,39,47,175,21943,0.797520849473636
optimized_rf,39,5,164,21943,0.747390967506722
optimized_rf,39,49,128,21943,0.583329535615003
optimized_rf,39,23,75,21943,0.341794649774416
optimized_rf,39,40,60,21943,0.273435719819532
optimized_rf,39,45,53,21943,0.241534885840587
optimized_rf,39,1,49,21943,0.223305837852618
optimized_rf,39,44,40,21943,0.182290479879688
optimized_rf,39,50,38,21943,0.173175955885704
optimized_rf,39,28,20,21943,0.0911452399398441
optimized_rf,39,20,16,21943,0.0729161919518753
optimized_rf,39,7,12,21943,0.0546871439639065
optimized_rf,39,24,7,21943,0.0319008339789455
optimized_rf,39,43,4,21943,0.0182290479879688
optimized_rf,39,13,2,21943,0.00911452399398441
optimized_rf,39,26,1,21943,0.00455726199699221
optimized_rf,40,30,50796,339661,14.9549109258938
optimized_rf,40,44,31503,339661,9.27483579215748
optimized_rf,40,47,27940,339661,8.22584871386471
optimized_rf,40,49,27558,339661,8.1133836383924
optimized_rf,40,21,22746,339661,6.69667698087211
optimized_rf,40,36,13834,339661,4.07288443477467
optimized_rf,40,53,10081,339661,2.96795922993809
optimized_rf,40,28,3688,339661,1.08578847733475
optimized_rf,40,10,3521,339661,1.03662180821466
optimized_rf,40,26,3291,339661,0.968907233977407
optimized_rf,40,46,3107,339661,0.914735574587604
optimized_rf,40,52,2173,339661,0.639755520945884
optimized_rf,40,5,1980,339661,0.582934160825058
optimized_rf,40,55,1831,339661,0.539066893167011
optimized_rf,40,39,1773,339661,0.521991044011529
optimized_rf,40,7,885,339661,0.260553905217261
optimized_rf,40,50,872,339661,0.256726559716894
optimized_rf,40,3,791,339661,0.232879253137687
optimized_rf,40,54,615,339661,0.181062883286571
optimized_rf,40,34,322,339661,0.0948004039321559
optimized_rf,40,41,308,339661,0.0906786472394535
optimized_rf,40,27,132,339661,0.0388622773883372
optimized_rf,40,48,120,339661,0.0353293430803065
optimized_rf,40,45,94,339661,0.0276746520795735
optimized_rf,40,31,75,339661,0.0220808394251916
optimized_rf,40,1,73,339661,0.0214920170405198
optimized_rf,40,33,37,339661,0.0108932141164279
optimized_rf,40,20,31,339661,0.00912674696241252
optimized_rf,40,25,31,339661,0.00912674696241252
optimized_rf,40,16,28,339661,0.00824351338540486
optimized_rf,40,37,14,339661,0.00412175669270243
optimized_rf,40,15,13,339661,0.00382734550036654
optimized_rf,40,24,12,339661,0.00353293430803065
optimized_rf,40,13,11,339661,0.00323852311569477
optimized_rf,40,6,10,339661,0.00294411192335888
optimized_rf,40,4,9,339661,0.00264970073102299
optimized_rf,40,12,9,339661,0.00264970073102299
optimized_rf,40,14,9,339661,0.00264970073102299
optimized_rf,40,19,9,339661,0.00264970073102299
optimized_rf,40,29,8,339661,0.0023552895386871
optimized_rf,40,35,8,339661,0.0023552895386871
optimized_rf,40,42,8,339661,0.0023552895386871
optimized_rf,40,17,7,339661,0.00206087834635122
optimized_rf,40,22,7,339661,0.00206087834635122
optimized_rf,40,43,7,339661,0.00206087834635122
optimized_rf,40,11,6,339661,0.00176646715401533
optimized_rf,40,18,6,339661,0.00176646715401533
optimized_rf,40,38,6,339661,0.00176646715401533
optimized_rf,40,2,5,339661,0.00147205596167944
optimized_rf,40,23,5,339661,0.00147205596167944
optimized_rf,40,32,5,339661,0.00147205596167944
optimized_rf,40,9,2,339661,0.000588822384671776
optimized_rf,41,7,11883,91243,13.0234648137391
optimized_rf,41,33,5915,91243,6.48268908299815
optimized_rf,41,27,4576,91243,5.01517924662714
optimized_rf,41,37,4510,91243,4.94284493057002
optimized_rf,41,3,3418,91243,3.74604079217036
optimized_rf,41,30,2944,91243,3.22654888594194
optimized_rf,41,36,2365,91243,2.59197965871355
optimized_rf,41,47,1602,91243,1.75575112611378
optimized_rf,41,28,1581,91243,1.73273566191379
optimized_rf,41,13,550,91243,0.602785967142685
optimized_rf,41,12,279,91243,0.305776881514198
optimized_rf,41,21,245,91243,0.268513748999923
optimized_rf,41,26,114,91243,0.124941091371393
optimized_rf,41,44,109,91243,0.119461218942823
optimized_rf,41,6,90,91243,0.0986377037142575
optimized_rf,41,2,72,91243,0.078910162971406
optimized_rf,41,5,70,91243,0.0767182139999781
optimized_rf,41,39,50,91243,0.0547987242856986
optimized_rf,41,40,44,91243,0.0482228773714148
optimized_rf,41,10,41,91243,0.0449349539142729
optimized_rf,41,18,34,91243,0.0372631325142751
optimized_rf,41,25,27,91243,0.0295913111142773
optimized_rf,41,11,22,91243,0.0241114386857074
optimized_rf,41,19,22,91243,0.0241114386857074
optimized_rf,41,45,22,91243,0.0241114386857074
optimized_rf,41,32,12,91243,0.0131516938285677
optimized_rf,41,49,11,91243,0.0120557193428537
optimized_rf,41,24,8,91243,0.00876779588571178
optimized_rf,41,34,7,91243,0.00767182139999781
optimized_rf,41,46,7,91243,0.00767182139999781
optimized_rf,41,1,5,91243,0.00547987242856986
optimized_rf,41,16,4,91243,0.00438389794285589
optimized_rf,41,15,2,91243,0.00219194897142795
optimized_rf,41,31,2,91243,0.00219194897142795
optimized_rf,41,14,1,91243,0.00109597448571397
optimized_rf,41,17,1,91243,0.00109597448571397
optimized_rf,41,22,1,91243,0.00109597448571397
optimized_rf,41,38,1,91243,0.00109597448571397
optimized_rf,41,54,1,91243,0.00109597448571397
optimized_rf,42,31,12417,155019,8.00998587269948
optimized_rf,42,20,7545,155019,4.86714531767074
optimized_rf,42,25,3706,155019,2.39067469148943
optimized_rf,42,16,2484,155019,1.60238422386933
optimized_rf,42,24,2058,155019,1.32757919996904
optimized_rf,42,43,835,155019,0.53864365013321
optimized_rf,42,22,512,155019,0.330282094452938
optimized_rf,42,19,456,155019,0.294157490372148
optimized_rf,42,13,375,155019,0.241905830898148
optimized_rf,42,7,161,155019,0.103858236732272
optimized_rf,42,32,83,155019,0.0535418239054568
optimized_rf,42,33,47,155019,0.0303188641392345
optimized_rf,42,14,23,155019,0.0148368909617531
optimized_rf,42,12,16,155019,0.0103213154516543
optimized_rf,42,27,9,155019,0.00580573994155555
optimized_rf,42,6,7,155019,0.00451557551009876
optimized_rf,42,18,6,155019,0.00387049329437037
optimized_rf,42,15,4,155019,0.00258032886291358
optimized_rf,42,23,3,155019,0.00193524664718518
optimized_rf,42,49,3,155019,0.00193524664718518
optimized_rf,42,55,3,155019,0.00193524664718518
optimized_rf,42,2,2,155019,0.00129016443145679
optimized_rf,42,11,2,155019,0.00129016443145679
optimized_rf,42,40,2,155019,0.00129016443145679
optimized_rf,42,44,2,155019,0.00129016443145679
optimized_rf,42,48,2,155019,0.00129016443145679
optimized_rf,42,50,2,155019,0.00129016443145679
optimized_rf,42,53,2,155019,0.00129016443145679
optimized_rf,42,3,1,155019,0.000645082215728395
optimized_rf,42,4,1,155019,0.000645082215728395
optimized_rf,42,5,1,155019,0.000645082215728395
optimized_rf,42,9,1,155019,0.000645082215728395
optimized_rf,42,21,1,155019,0.000645082215728395
optimized_rf,42,26,1,155019,0.000645082215728395
optimized_rf,42,28,1,155019,0.000645082215728395
optimized_rf,42,29,1,155019,0.000645082215728395
optimized_rf,42,34,1,155019,0.000645082215728395
optimized_rf,42,35,1,155019,0.000645082215728395
optimized_rf,42,36,1,155019,0.000645082215728395
optimized_rf,42,37,1,155019,0.000645082215728395
optimized_rf,42,39,1,155019,0.000645082215728395
optimized_rf,42,47,1,155019,0.000645082215728395
optimized_rf,42,52,1,155019,0.000645082215728395
optimized_rf,42,54,1,155019,0.000645082215728395
optimized_rf,43,16,415,5692,7.29093464511595
optimized_rf,43,42,200,5692,3.51370344342937
optimized_rf,43,25,136,5692,2.38931834153197
optimized_rf,43,24,85,5692,1.49332396345748
optimized_rf,43,46,82,5692,1.44061841180604
optimized_rf,43,18,73,5692,1.28250175685172
optimized_rf,43,10,41,5692,0.720309205903022
optimized_rf,43,20,37,5692,0.650035137034434
optimized_rf,43,31,13,5692,0.228390723822909
optimized_rf,43,19,4,5692,0.0702740688685875
optimized_rf,43,39,1,5692,0.0175685172171469
optimized_rf,44,30,93756,566191,16.5590763540925
optimized_rf,44,40,53291,566191,9.41219482471463
optimized_rf,44,47,47186,566191,8.33393678105092
optimized_rf,44,21,37339,566191,6.59477102249948
optimized_rf,44,49,34663,566191,6.12213899549799
optimized_rf,44,36,32188,566191,5.68500735617486
optimized_rf,44,53,22677,566191,4.00518552926486
optimized_rf,44,28,14576,566191,2.57439627263591
optimized_rf,44,26,6763,566191,1.1944732431282
optimized_rf,44,39,5852,566191,1.03357347608846
optimized_rf,44,55,4078,566191,0.720251646529175
optimized_rf,44,50,3479,566191,0.61445695887077
optimized_rf,44,10,2678,566191,0.472985264689831
optimized_rf,44,54,2582,566191,0.456029855649419
optimized_rf,44,3,2200,566191,0.388561457176112
optimized_rf,44,52,2105,566191,0.371782666979871
optimized_rf,44,46,2100,566191,0.370899572759016
optimized_rf,44,7,2018,566191,0.356416827536997
optimized_rf,44,5,1429,566191,0.252388328320302
optimized_rf,44,45,1288,566191,0.227485071292196
optimized_rf,44,33,1224,566191,0.216181465265255
optimized_rf,44,18,1063,566191,0.18774583135373
optimized_rf,44,41,614,566191,0.108443970320969
optimized_rf,44,13,613,566191,0.108267351476798
optimized_rf,44,34,509,566191,0.0898989916830186
optimized_rf,44,1,396,566191,0.0699410622917002
optimized_rf,44,31,133,566191,0.0234903062747377
optimized_rf,44,27,117,566191,0.0206644047680023
optimized_rf,44,37,65,566191,0.0114802248711124
optimized_rf,44,16,49,566191,0.00865432336437704
optimized_rf,44,20,42,566191,0.00741799145518032
optimized_rf,44,48,33,566191,0.00582842185764168
optimized_rf,44,23,26,566191,0.00459208994844496
optimized_rf,44,42,25,566191,0.004415471104274
optimized_rf,44,17,20,566191,0.0035323768834192
optimized_rf,44,24,20,566191,0.0035323768834192
optimized_rf,44,25,20,566191,0.0035323768834192
optimized_rf,44,35,19,566191,0.00335575803924824
optimized_rf,44,14,18,566191,0.00317913919507728
optimized_rf,44,6,17,566191,0.00300252035090632
optimized_rf,44,38,16,566191,0.00282590150673536
optimized_rf,44,43,16,566191,0.00282590150673536
optimized_rf,44,9,15,566191,0.0026492826625644
optimized_rf,44,12,15,566191,0.0026492826625644
optimized_rf,44,15,15,566191,0.0026492826625644
optimized_rf,44,19,15,566191,0.0026492826625644
optimized_rf,44,22,15,566191,0.0026492826625644
optimized_rf,44,4,14,566191,0.00247266381839344
optimized_rf,44,29,12,566191,0.00211942613005152
optimized_rf,44,32,11,566191,0.00194280728588056
optimized_rf,44,11,10,566191,0.0017661884417096
optimized_rf,44,2,7,566191,0.00123633190919672
optimized_rf,45,16,2997,16405,18.2688204815605
optimized_rf,45,46,1199,16405,7.30874733313014
optimized_rf,45,10,670,16405,4.08412069491009
optimized_rf,45,39,500,16405,3.04785126485828
optimized_rf,45,20,476,16405,2.90155440414508
optimized_rf,45,18,438,16405,2.66991770801585
optimized_rf,45,31,322,16405,1.96281621456873
optimized_rf,45,24,290,16405,1.7677537336178
optimized_rf,45,29,173,16405,1.05455653764096
optimized_rf,45,13,141,16405,0.859494056690034
optimized_rf,45,30,141,16405,0.859494056690034
optimized_rf,45,47,107,16405,0.652240170679671
optimized_rf,45,1,87,16405,0.53032612008534
optimized_rf,45,5,49,16405,0.298689423956111
optimized_rf,45,49,35,16405,0.213349588540079
optimized_rf,45,25,29,16405,0.17677537336178
optimized_rf,45,34,21,16405,0.128009753124048
optimized_rf,45,40,19,16405,0.115818348064614
optimized_rf,45,44,16,16405,0.0975312404754648
optimized_rf,45,22,5,16405,0.0304785126485828
optimized_rf,45,23,4,16405,0.0243828101188662
optimized_rf,45,33,4,16405,0.0243828101188662
optimized_rf,45,28,3,16405,0.0182871075891497
optimized_rf,45,48,3,16405,0.0182871075891497
optimized_rf,45,53,3,16405,0.0182871075891497
optimized_rf,45,55,3,16405,0.0182871075891497
optimized_rf,45,4,2,16405,0.0121914050594331
optimized_rf,45,35,2,16405,0.0121914050594331
optimized_rf,45,2,1,16405,0.00609570252971655
optimized_rf,45,11,1,16405,0.00609570252971655
optimized_rf,45,14,1,16405,0.00609570252971655
optimized_rf,45,19,1,16405,0.00609570252971655
optimized_rf,45,21,1,16405,0.00609570252971655
optimized_rf,45,37,1,16405,0.00609570252971655
optimized_rf,45,38,1,16405,0.00609570252971655
optimized_rf,45,41,1,16405,0.00609570252971655
optimized_rf,45,50,1,16405,0.00609570252971655
optimized_rf,46,16,13604,136482,9.9676147770402
optimized_rf,46,10,12890,136482,9.44446886768951
optimized_rf,46,18,6815,136482,4.99333245409651
optimized_rf,46,39,5320,136482,3.89794991280902
optimized_rf,46,45,3460,136482,2.53513283802992
optimized_rf,46,20,2643,136482,1.93651910141997
optimized_rf,46,47,1954,136482,1.43169062587008
optimized_rf,46,49,1387,136482,1.01625122726806
optimized_rf,46,30,1043,136482,0.764203338169136
optimized_rf,46,44,830,136482,0.608138802186369
optimized_rf,46,36,744,136482,0.545126829911637
optimized_rf,46,34,724,136482,0.530472882871001
optimized_rf,46,40,561,136482,0.411043214489823
optimized_rf,46,1,440,136482,0.322386834893979
optimized_rf,46,5,387,136482,0.283553875236295
optimized_rf,46,13,382,136482,0.279890388476136
optimized_rf,46,28,298,136482,0.218343810905467
optimized_rf,46,26,241,136482,0.176580061839657
optimized_rf,46,43,117,136482,0.0857255901877171
optimized_rf,46,3,107,136482,0.0783986166673994
optimized_rf,46,50,93,136482,0.0681408537389546
optimized_rf,46,7,57,136482,0.0417637490658109
optimized_rf,46,2,42,136482,0.0307732887853343
optimized_rf,46,37,36,136482,0.0263771046731437
optimized_rf,46,31,26,136482,0.019050131152826
optimized_rf,46,38,14,136482,0.0102577629284448
optimized_rf,46,33,13,136482,0.00952506557641301
optimized_rf,46,14,11,136482,0.00805967087234947
optimized_rf,46,22,11,136482,0.00805967087234947
optimized_rf,46,48,10,136482,0.0073269735203177
optimized_rf,46,21,9,136482,0.00659427616828593
optimized_rf,46,25,8,136482,0.00586157881625416
optimized_rf,46,35,8,136482,0.00586157881625416
optimized_rf,46,24,7,136482,0.00512888146422239
optimized_rf,46,29,7,136482,0.00512888146422239
optimized_rf,46,42,7,136482,0.00512888146422239
optimized_rf,46,23,6,136482,0.00439618411219062
optimized_rf,46,6,5,136482,0.00366348676015885
optimized_rf,46,9,5,136482,0.00366348676015885
optimized_rf,46,12,5,136482,0.00366348676015885
optimized_rf,46,52,5,136482,0.00366348676015885
optimized_rf,46,53,5,136482,0.00366348676015885
optimized_rf,46,54,5,136482,0.00366348676015885
optimized_rf,46,11,4,136482,0.00293078940812708
optimized_rf,46,27,4,136482,0.00293078940812708
optimized_rf,46,4,3,136482,0.00219809205609531
optimized_rf,46,17,3,136482,0.00219809205609531
optimized_rf,46,41,3,136482,0.00219809205609531
optimized_rf,46,15,2,136482,0.00146539470406354
optimized_rf,46,32,2,136482,0.00146539470406354
optimized_rf,46,55,2,136482,0.00146539470406354
optimized_rf,46,19,1,136482,0.00073269735203177
optimized_rf,47,40,28770,354447,8.11686937680387
optimized_rf,47,44,22445,354447,6.33239948426704
optimized_rf,47,30,16244,354447,4.58291366551276
optimized_rf,47,28,15884,354447,4.48134699969248
optimized_rf,47,36,12192,354447,3.43972441578007
optimized_rf,47,49,10197,354447,2.87687580935937
optimized_rf,47,21,9505,354447,2.68164210728261
optimized_rf,47,27,6421,354447,1.81155433675557
optimized_rf,47,52,3209,354447,0.905353973936865
optimized_rf,47,10,2447,354447,0.69037119795061
optimized_rf,47,46,2425,354447,0.684164346150482
optimized_rf,47,5,2293,354447,0.646923235349714
optimized_rf,47,3,1582,354447,0.446329070354665
optimized_rf,47,26,1518,354447,0.428272774208838
optimized_rf,47,41,1377,354447,0.388492496762563
optimized_rf,47,50,1346,354447,0.379746478316928
optimized_rf,47,39,1084,354447,0.305828515969948
optimized_rf,47,7,976,354447,0.275358516223864
optimized_rf,47,33,777,354447,0.219214720395433
optimized_rf,47,48,690,354447,0.194669442822199
optimized_rf,47,53,457,354447,0.128933239666297
optimized_rf,47,34,302,354447,0.0852031474381219
optimized_rf,47,55,149,354447,0.0420373144645039
optimized_rf,47,37,85,354447,0.0239810183186767
optimized_rf,47,1,67,354447,0.0189026850276628
optimized_rf,47,45,31,354447,0.00874601844563503
optimized_rf,47,6,29,354447,0.00818175919107793
optimized_rf,47,18,22,354447,0.00620685180012809
optimized_rf,47,11,19,354447,0.00536046291829244
optimized_rf,47,20,19,354447,0.00536046291829244
optimized_rf,47,9,17,354447,0.00479620366373534
optimized_rf,47,2,15,354447,0.00423194440917824
optimized_rf,47,4,14,354447,0.00394981478189969
optimized_rf,47,13,13,354447,0.00366768515462114
optimized_rf,47,16,13,354447,0.00366768515462114
optimized_rf,47,24,13,354447,0.00366768515462114
optimized_rf,47,15,12,354447,0.00338555552734259
optimized_rf,47,19,11,354447,0.00310342590006404
optimized_rf,47,22,11,354447,0.00310342590006404
optimized_rf,47,38,11,354447,0.00310342590006404
optimized_rf,47,25,10,354447,0.00282129627278549
optimized_rf,47,31,10,354447,0.00282129627278549
optimized_rf,47,32,10,354447,0.00282129627278549
optimized_rf,47,42,10,354447,0.00282129627278549
optimized_rf,47,14,9,354447,0.00253916664550694
optimized_rf,47,23,8,354447,0.0022570370182284
optimized_rf,47,35,8,354447,0.0022570370182284
optimized_rf,47,29,7,354447,0.00197490739094985
optimized_rf,47,12,6,354447,0.0016927777636713
optimized_rf,47,17,6,354447,0.0016927777636713
optimized_rf,47,54,2,354447,0.000564259254557099
optimized_rf,47,43,1,354447,0.000282129627278549
optimized_rf,48,21,93,1624,5.72660098522168
optimized_rf,48,30,87,1624,5.35714285714286
optimized_rf,48,40,77,1624,4.74137931034483
optimized_rf,48,53,34,1624,2.0935960591133
optimized_rf,48,49,29,1624,1.78571428571429
optimized_rf,48,26,23,1624,1.41625615763547
optimized_rf,48,36,10,1624,0.61576354679803
optimized_rf,48,27,8,1624,0.492610837438424
optimized_rf,48,43,7,1624,0.431034482758621
optimized_rf,48,47,5,1624,0.307881773399015
optimized_rf,48,16,2,1624,0.123152709359606
optimized_rf,48,3,1,1624,0.061576354679803
optimized_rf,48,4,1,1624,0.061576354679803
optimized_rf,48,11,1,1624,0.061576354679803
optimized_rf,48,22,1,1624,0.061576354679803
optimized_rf,48,25,1,1624,0.061576354679803
optimized_rf,48,29,1,1624,0.061576354679803
optimized_rf,48,38,1,1624,0.061576354679803
optimized_rf,48,41,1,1624,0.061576354679803
optimized_rf,48,55,1,1624,0.061576354679803
optimized_rf,49,30,21684,157753,13.7455389120968
optimized_rf,49,40,11208,157753,7.10477772213524
optimized_rf,49,44,8651,157753,5.48388937135902
optimized_rf,49,10,7128,157753,4.5184560673965
optimized_rf,49,47,5483,157753,3.47568667473836
optimized_rf,49,36,4060,157753,2.57364360741159
optimized_rf,49,21,3832,157753,2.42911386788207
optimized_rf,49,26,2208,157753,1.39965642491743
optimized_rf,49,53,1804,157753,1.14355986890899
optimized_rf,49,52,1646,157753,1.0434032950245
optimized_rf,49,46,1468,157753,0.930568673812859
optimized_rf,49,39,1286,157753,0.815198443135788
optimized_rf,49,28,837,157753,0.530576280641256
optimized_rf,49,34,742,157753,0.47035555583729
optimized_rf,49,55,341,157753,0.216160706927919
optimized_rf,49,50,275,157753,0.174323150748322
optimized_rf,49,5,180,157753,0.114102425944356
optimized_rf,49,45,83,157753,0.0526138964076753
optimized_rf,49,54,44,157753,0.0278917041197315
optimized_rf,49,3,29,157753,0.0183831686243685
optimized_rf,49,20,22,157753,0.0139458520598657
optimized_rf,49,37,16,157753,0.0101424378617205
optimized_rf,49,1,14,157753,0.00887463312900547
optimized_rf,49,7,14,157753,0.00887463312900547
optimized_rf,49,4,12,157753,0.0076068283962904
optimized_rf,49,11,12,157753,0.0076068283962904
optimized_rf,49,41,12,157753,0.0076068283962904
optimized_rf,49,14,10,157753,0.00633902366357534
optimized_rf,49,32,10,157753,0.00633902366357534
optimized_rf,49,6,9,157753,0.0057051212972178
optimized_rf,49,31,9,157753,0.0057051212972178
optimized_rf,49,22,8,157753,0.00507121893086027
optimized_rf,49,24,8,157753,0.00507121893086027
optimized_rf,49,25,7,157753,0.00443731656450274
optimized_rf,49,2,6,157753,0.0038034141981452
optimized_rf,49,18,6,157753,0.0038034141981452
optimized_rf,49,19,6,157753,0.0038034141981452
optimized_rf,49,35,6,157753,0.0038034141981452
optimized_rf,49,12,5,157753,0.00316951183178767
optimized_rf,49,23,5,157753,0.00316951183178767
optimized_rf,49,27,5,157753,0.00316951183178767
optimized_rf,49,29,5,157753,0.00316951183178767
optimized_rf,49,42,5,157753,0.00316951183178767
optimized_rf,49,13,4,157753,0.00253560946543013
optimized_rf,49,15,4,157753,0.00253560946543013
optimized_rf,49,17,4,157753,0.00253560946543013
optimized_rf,49,38,4,157753,0.00253560946543013
optimized_rf,49,9,3,157753,0.0019017070990726
optimized_rf,49,33,3,157753,0.0019017070990726
optimized_rf,49,43,3,157753,0.0019017070990726
optimized_rf,49,16,2,157753,0.00126780473271507
optimized_rf,49,48,2,157753,0.00126780473271507
optimized_rf,50,39,109,2292,4.75567190226876
optimized_rf,50,53,90,2292,3.92670157068063
optimized_rf,50,44,76,2292,3.31588132635253
optimized_rf,50,40,64,2292,2.79232111692845
optimized_rf,50,30,59,2292,2.57417102966841
optimized_rf,50,47,32,2292,1.39616055846422
optimized_rf,50,46,26,2292,1.13438045375218
optimized_rf,50,10,21,2292,0.916230366492147
optimized_rf,50,28,20,2292,0.87260034904014
optimized_rf,50,14,3,2292,0.130890052356021
optimized_rf,50,15,3,2292,0.130890052356021
optimized_rf,50,34,3,2292,0.130890052356021
optimized_rf,50,2,1,2292,0.043630017452007
optimized_rf,50,6,1,2292,0.043630017452007
optimized_rf,50,9,1,2292,0.043630017452007
optimized_rf,50,11,1,2292,0.043630017452007
optimized_rf,50,18,1,2292,0.043630017452007
optimized_rf,50,21,1,2292,0.043630017452007
optimized_rf,50,33,1,2292,0.043630017452007
optimized_rf,50,37,1,2292,0.043630017452007
optimized_rf,50,43,1,2292,0.043630017452007
optimized_rf,50,45,1,2292,0.043630017452007
optimized_rf,50,49,1,2292,0.043630017452007
optimized_rf,50,54,1,2292,0.043630017452007
optimized_rf,52,49,1362,23635,5.76264015231648
optimized_rf,52,53,1308,23635,5.53416543262111
optimized_rf,52,40,334,23635,1.41315845144912
optimized_rf,52,55,305,23635,1.29045906494605
optimized_rf,52,44,275,23635,1.1635286651153
optimized_rf,52,21,65,23635,0.275015866299979
optimized_rf,52,47,17,23635,0.0719272265707637
optimized_rf,52,10,16,23635,0.0676962132430717
optimized_rf,52,26,15,23635,0.0634651999153797
optimized_rf,52,32,13,23635,0.0550031732599958
optimized_rf,52,23,11,23635,0.0465411466046118
optimized_rf,52,38,11,23635,0.0465411466046118
optimized_rf,52,45,11,23635,0.0465411466046118
optimized_rf,52,16,10,23635,0.0423101332769198
optimized_rf,52,27,10,23635,0.0423101332769198
optimized_rf,52,1,9,23635,0.0380791199492278
optimized_rf,52,4,9,23635,0.0380791199492278
optimized_rf,52,7,9,23635,0.0380791199492278
optimized_rf,52,17,9,23635,0.0380791199492278
optimized_rf,52,31,9,23635,0.0380791199492278
optimized_rf,52,13,8,23635,0.0338481066215359
optimized_rf,52,33,8,23635,0.0338481066215359
optimized_rf,52,46,8,23635,0.0338481066215359
optimized_rf,52,9,7,23635,0.0296170932938439
optimized_rf,52,19,7,23635,0.0296170932938439
optimized_rf,52,43,7,23635,0.0296170932938439
optimized_rf,52,6,6,23635,0.0253860799661519
optimized_rf,52,11,6,23635,0.0253860799661519
optimized_rf,52,14,6,23635,0.0253860799661519
optimized_rf,52,18,6,23635,0.0253860799661519
optimized_rf,52,20,6,23635,0.0253860799661519
optimized_rf,52,29,6,23635,0.0253860799661519
optimized_rf,52,35,6,23635,0.0253860799661519
optimized_rf,52,2,5,23635,0.0211550666384599
optimized_rf,52,5,5,23635,0.0211550666384599
optimized_rf,52,22,5,23635,0.0211550666384599
optimized_rf,52,37,5,23635,0.0211550666384599
optimized_rf,52,39,5,23635,0.0211550666384599
optimized_rf,52,42,5,23635,0.0211550666384599
optimized_rf,52,3,4,23635,0.0169240533107679
optimized_rf,52,15,4,23635,0.0169240533107679
optimized_rf,52,28,4,23635,0.0169240533107679
optimized_rf,52,12,3,23635,0.0126930399830759
optimized_rf,52,24,3,23635,0.0126930399830759
optimized_rf,52,25,3,23635,0.0126930399830759
optimized_rf,52,41,3,23635,0.0126930399830759
optimized_rf,52,50,3,23635,0.0126930399830759
optimized_rf,52,54,3,23635,0.0126930399830759
optimized_rf,52,30,1,23635,0.00423101332769198
optimized_rf,52,34,1,23635,0.00423101332769198
optimized_rf,52,36,1,23635,0.00423101332769198
optimized_rf,52,48,1,23635,0.00423101332769198
optimized_rf,53,44,3960,64489,6.14058211477927
optimized_rf,53,49,1637,64489,2.5384174045186
optimized_rf,53,21,945,64489,1.46536618648142
optimized_rf,53,55,834,64489,1.29324380902169
optimized_rf,53,40,704,64489,1.09165904262742
optimized_rf,53,52,304,64489,0.471398222952752
optimized_rf,53,30,230,64489,0.356649971312937
optimized_rf,53,26,163,64489,0.252756284017429
optimized_rf,53,34,111,64489,0.172122377459722
optimized_rf,53,50,98,64489,0.151963900820295
optimized_rf,53,28,83,64489,0.128704120082495
optimized_rf,53,54,45,64489,0.0697793422134007
optimized_rf,53,39,43,64489,0.0666780381150274
optimized_rf,53,36,35,64489,0.0542728217215339
optimized_rf,53,10,33,64489,0.0511715176231605
optimized_rf,53,46,30,64489,0.0465195614756005
optimized_rf,53,47,29,64489,0.0449689094264138
optimized_rf,53,20,27,64489,0.0418676053280404
optimized_rf,53,41,24,64489,0.0372156491804804
optimized_rf,53,11,23,64489,0.0356649971312937
optimized_rf,53,23,23,64489,0.0356649971312937
optimized_rf,53,18,22,64489,0.034114345082107
optimized_rf,53,42,21,64489,0.0325636930329203
optimized_rf,53,14,20,64489,0.0310130409837337
optimized_rf,53,17,20,64489,0.0310130409837337
optimized_rf,53,38,20,64489,0.0310130409837337
optimized_rf,53,5,19,64489,0.029462388934547
optimized_rf,53,6,19,64489,0.029462388934547
optimized_rf,53,22,19,64489,0.029462388934547
optimized_rf,53,25,19,64489,0.029462388934547
optimized_rf,53,13,18,64489,0.0279117368853603
optimized_rf,53,43,18,64489,0.0279117368853603
optimized_rf,53,3,17,64489,0.0263610848361736
optimized_rf,53,32,17,64489,0.0263610848361736
optimized_rf,53,37,17,64489,0.0263610848361736
optimized_rf,53,16,16,64489,0.0248104327869869
optimized_rf,53,24,16,64489,0.0248104327869869
optimized_rf,53,29,16,64489,0.0248104327869869
optimized_rf,53,9,15,64489,0.0232597807378002
optimized_rf,53,19,15,64489,0.0232597807378002
optimized_rf,53,31,15,64489,0.0232597807378002
optimized_rf,53,35,14,64489,0.0217091286886136
optimized_rf,53,1,12,64489,0.0186078245902402
optimized_rf,53,15,12,64489,0.0186078245902402
optimized_rf,53,2,11,64489,0.0170571725410535
optimized_rf,53,33,11,64489,0.0170571725410535
optimized_rf,53,45,11,64489,0.0170571725410535
optimized_rf,53,4,10,64489,0.0155065204918668
optimized_rf,53,7,10,64489,0.0155065204918668
optimized_rf,53,12,10,64489,0.0155065204918668
optimized_rf,53,27,10,64489,0.0155065204918668
optimized_rf,53,48,6,64489,0.0093039122951201
optimized_rf,54,44,417,11548,3.611014894354
optimized_rf,54,53,312,11548,2.70176653966055
optimized_rf,54,21,148,11548,1.28160720471077
optimized_rf,54,34,20,11548,0.173190162798753
optimized_rf,54,49,15,11548,0.129892622099065
optimized_rf,54,50,15,11548,0.129892622099065
optimized_rf,54,36,12,11548,0.103914097679252
optimized_rf,54,29,7,11548,0.0606165569795636
optimized_rf,54,18,6,11548,0.0519570488396259
optimized_rf,54,20,6,11548,0.0519570488396259
optimized_rf,54,40,6,11548,0.0519570488396259
optimized_rf,54,1,5,11548,0.0432975406996883
optimized_rf,54,3,5,11548,0.0432975406996883
optimized_rf,54,4,5,11548,0.0432975406996883
optimized_rf,54,10,5,11548,0.0432975406996883
optimized_rf,54,11,5,11548,0.0432975406996883
optimized_rf,54,25,5,11548,0.0432975406996883
optimized_rf,54,31,5,11548,0.0432975406996883
optimized_rf,54,38,5,11548,0.0432975406996883
optimized_rf,54,12,4,11548,0.0346380325597506
optimized_rf,54,13,4,11548,0.0346380325597506
optimized_rf,54,14,4,11548,0.0346380325597506
optimized_rf,54,15,4,11548,0.0346380325597506
optimized_rf,54,16,4,11548,0.0346380325597506
optimized_rf,54,24,4,11548,0.0346380325597506
optimized_rf,54,28,4,11548,0.0346380325597506
optimized_rf,54,45,4,11548,0.0346380325597506
optimized_rf,54,55,4,11548,0.0346380325597506
optimized_rf,54,2,3,11548,0.025978524419813
optimized_rf,54,7,3,11548,0.025978524419813
optimized_rf,54,9,3,11548,0.025978524419813
optimized_rf,54,19,3,11548,0.025978524419813
optimized_rf,54,22,3,11548,0.025978524419813
optimized_rf,54,30,3,11548,0.025978524419813
optimized_rf,54,33,3,11548,0.025978524419813
optimized_rf,54,35,3,11548,0.025978524419813
optimized_rf,54,37,3,11548,0.025978524419813
optimized_rf,54,46,3,11548,0.025978524419813
optimized_rf,54,52,3,11548,0.025978524419813
optimized_rf,54,5,2,11548,0.0173190162798753
optimized_rf,54,6,2,11548,0.0173190162798753
optimized_rf,54,17,2,11548,0.0173190162798753
optimized_rf,54,23,2,11548,0.0173190162798753
optimized_rf,54,39,2,11548,0.0173190162798753
optimized_rf,54,41,2,11548,0.0173190162798753
optimized_rf,54,47,2,11548,0.0173190162798753
optimized_rf,54,32,1,11548,0.00865950813993765
optimized_rf,54,43,1,11548,0.00865950813993765
optimized_rf,55,44,277,6383,4.33965220115933
optimized_rf,55,53,184,6383,2.88265705780981
optimized_rf,55,40,152,6383,2.38132539558201
optimized_rf,55,52,85,6383,1.33166222779257
optimized_rf,55,28,47,6383,0.73633087889707
optimized_rf,55,50,40,6383,0.626664577784741
optimized_rf,55,21,20,6383,0.31333228889237
optimized_rf,55,49,18,6383,0.281999060003133
optimized_rf,55,36,6,6383,0.0939996866677111
optimized_rf,55,37,1,6383,0.0156666144446185
optimized_rf,55,48,1,6383,0.0156666144446185
plain_mf,1,3,470,15263,3.07934220009173
plain_mf,1,39,413,15263,2.70589006093166
plain_mf,1,10,334,15263,2.18829849963965
plain_mf,1,2,327,15263,2.14243595623403
plain_mf,1,45,243,15263,1.59208543536657
plain_mf,1,13,231,15263,1.51346393238551
plain_mf,1,18,202,15263,1.32346196684793
plain_mf,1,25,194,15263,1.27104763152722
plain_mf,1,4,172,15263,1.12690820939527
plain_mf,1,5,146,15263,0.956561619602961
plain_mf,1,31,133,15263,0.871388324706807
plain_mf,1,50,108,15263,0.707593526829588
plain_mf,1,21,102,15263,0.668282775339055
plain_mf,1,33,87,15263,0.570005896612724
plain_mf,1,7,75,15263,0.491384393631658
plain_mf,1,46,68,15263,0.445521850226037
plain_mf,1,47,51,15263,0.334141387669528
plain_mf,1,17,50,15263,0.327589595754439
plain_mf,1,16,44,15263,0.288278844263906
plain_mf,1,42,33,15263,0.21620913319793
plain_mf,1,28,31,15263,0.203105549367752
plain_mf,1,40,28,15263,0.183450173622486
plain_mf,1,6,19,15263,0.124484046386687
plain_mf,1,20,18,15263,0.117932254471598
plain_mf,1,44,18,15263,0.117932254471598
plain_mf,1,12,8,15263,0.0524143353207102
plain_mf,1,11,4,15263,0.0262071676603551
plain_mf,1,30,4,15263,0.0262071676603551
plain_mf,1,48,4,15263,0.0262071676603551
plain_mf,1,52,4,15263,0.0262071676603551
plain_mf,1,14,3,15263,0.0196553757452663
plain_mf,1,24,3,15263,0.0196553757452663
plain_mf,1,32,3,15263,0.0196553757452663
plain_mf,1,35,3,15263,0.0196553757452663
plain_mf,1,38,3,15263,0.0196553757452663
plain_mf,1,15,2,15263,0.0131035838301776
plain_mf,1,19,2,15263,0.0131035838301776
plain_mf,1,26,2,15263,0.0131035838301776
plain_mf,1,29,2,15263,0.0131035838301776
plain_mf,1,37,2,15263,0.0131035838301776
plain_mf,1,43,2,15263,0.0131035838301776
plain_mf,1,9,1,15263,0.00655179191508878
plain_mf,1,27,1,15263,0.00655179191508878
plain_mf,1,34,1,15263,0.00655179191508878
plain_mf,1,36,1,15263,0.00655179191508878
plain_mf,1,41,1,15263,0.00655179191508878
plain_mf,1,49,1,15263,0.00655179191508878
plain_mf,1,53,1,15263,0.00655179191508878
plain_mf,1,54,1,15263,0.00655179191508878
plain_mf,1,55,1,15263,0.00655179191508878
plain_mf,2,3,20359,284043,7.16757674014146
plain_mf,2,4,14440,284043,5.08373732146189
plain_mf,2,5,14172,284043,4.98938540995554
plain_mf,2,6,10862,284043,3.82406889097777
plain_mf,2,9,8920,284043,3.14036959192798
plain_mf,2,18,4887,284043,1.72051414750584
plain_mf,2,16,4784,284043,1.68425203226272
plain_mf,2,11,4774,284043,1.6807314385498
plain_mf,2,13,3998,284043,1.40753336642691
plain_mf,2,7,2950,284043,1.03857514531251
plain_mf,2,1,2110,284043,0.742845273426911
plain_mf,2,12,1971,284043,0.693909020817271
plain_mf,2,27,1755,284043,0.617864196618118
plain_mf,2,10,914,284043,0.321782265361231
plain_mf,2,25,862,284043,0.303475178054027
plain_mf,2,53,515,284043,0.181310576215573
plain_mf,2,17,416,284043,0.146456698457628
plain_mf,2,14,335,284043,0.117939889382946
plain_mf,2,20,309,284043,0.108786345729344
plain_mf,2,31,298,284043,0.104913692645128
plain_mf,2,44,268,284043,0.0943519115063564
plain_mf,2,22,262,284043,0.0922395552786022
plain_mf,2,28,225,284043,0.0792133585407843
plain_mf,2,55,215,284043,0.0756927648278606
plain_mf,2,41,171,284043,0.0602021524909961
plain_mf,2,30,140,284043,0.0492883119809325
plain_mf,2,24,138,284043,0.0485841932383477
plain_mf,2,34,137,284043,0.0482321338670553
plain_mf,2,37,101,284043,0.0355579965005298
plain_mf,2,50,96,284043,0.033797699644068
plain_mf,2,40,95,284043,0.0334456402727756
plain_mf,2,46,90,284043,0.0316853434163137
plain_mf,2,32,85,284043,0.0299250465598519
plain_mf,2,33,84,284043,0.0295729871885595
plain_mf,2,36,83,284043,0.0292209278172671
plain_mf,2,42,68,284043,0.0239400372478815
plain_mf,2,39,57,284043,0.0200673841636654
plain_mf,2,52,43,284043,0.0151385529655721
plain_mf,2,26,25,284043,0.00880148428230937
plain_mf,2,45,19,284043,0.00668912805455512
plain_mf,2,49,16,284043,0.005632949940678
plain_mf,2,48,14,284043,0.00492883119809325
plain_mf,2,21,13,284043,0.00457677182680087
plain_mf,2,29,13,284043,0.00457677182680087
plain_mf,2,54,12,284043,0.0042247124555085
plain_mf,2,23,11,284043,0.00387265308421612
plain_mf,2,38,11,284043,0.00387265308421612
plain_mf,2,35,10,284043,0.00352059371292375
plain_mf,2,15,9,284043,0.00316853434163137
plain_mf,2,19,9,284043,0.00316853434163137
plain_mf,2,47,7,284043,0.00246441559904662
plain_mf,2,43,4,284043,0.0014082374851695
plain_mf,3,7,42197,552373,7.63922204742086
plain_mf,3,9,27308,552373,4.94376082828089
plain_mf,3,5,22401,552373,4.05541183222207
plain_mf,3,27,20591,552373,3.7277347010082
plain_mf,3,2,20424,552373,3.69750150713377
plain_mf,3,41,19177,552373,3.47174825706543
plain_mf,3,6,18767,552373,3.39752305054737
plain_mf,3,12,18381,552373,3.32764273416695
plain_mf,3,37,11205,552373,2.02852058301184
plain_mf,3,33,10933,552373,1.97927849478523
plain_mf,3,28,7741,552373,1.40140810647877
plain_mf,3,11,7406,552373,1.34076068164085
plain_mf,3,4,5824,552373,1.05436000673458
plain_mf,3,1,4836,552373,0.875495362734964
plain_mf,3,36,3961,552373,0.717087909800081
plain_mf,3,13,3803,552373,0.688484049727268
plain_mf,3,10,3184,552373,0.576422091593905
plain_mf,3,15,2149,552373,0.389048704408072
plain_mf,3,47,2113,552373,0.382531369201608
plain_mf,3,18,1562,552373,0.282779933124899
plain_mf,3,24,1445,552373,0.261598593703892
plain_mf,3,14,1266,552373,0.229192954760642
plain_mf,3,39,1048,552373,0.189726869343722
plain_mf,3,44,948,552373,0.171623160436879
plain_mf,3,22,674,552373,0.122018998032127
plain_mf,3,30,645,552373,0.116768922449142
plain_mf,3,46,615,552373,0.111337809777089
plain_mf,3,34,546,552373,0.0988462506313668
plain_mf,3,26,363,552373,0.0657164633318428
plain_mf,3,32,355,552373,0.0642681666192953
plain_mf,3,21,292,552373,0.0528628300079837
plain_mf,3,40,273,552373,0.0494231253156834
plain_mf,3,25,265,552373,0.0479748286031359
plain_mf,3,23,172,552373,0.0311383793197712
plain_mf,3,49,120,552373,0.0217244506882125
plain_mf,3,16,45,552373,0.00814666900807969
plain_mf,3,29,38,552373,0.00687940938460062
plain_mf,3,42,24,552373,0.0043448901376425
plain_mf,3,45,24,552373,0.0043448901376425
plain_mf,3,19,21,552373,0.00380177887043719
plain_mf,3,17,18,552373,0.00325866760323187
plain_mf,3,52,18,552373,0.00325866760323187
plain_mf,3,38,16,552373,0.002896593425095
plain_mf,3,35,15,552373,0.00271555633602656
plain_mf,3,54,14,552373,0.00253451924695812
plain_mf,3,48,12,552373,0.00217244506882125
plain_mf,3,53,12,552373,0.00217244506882125
plain_mf,3,31,11,552373,0.00199140797975281
plain_mf,3,43,10,552373,0.00181037089068437
plain_mf,3,50,10,552373,0.00181037089068437
plain_mf,3,55,10,552373,0.00181037089068437
plain_mf,3,20,9,552373,0.00162933380161594
plain_mf,4,2,13947,91405,15.2584650730266
plain_mf,4,13,6633,91405,7.25671462173842
plain_mf,4,11,6197,91405,6.77971664569772
plain_mf,4,12,3821,91405,4.18029648268694
plain_mf,4,3,3659,91405,4.00306328975439
plain_mf,4,5,2904,91405,3.17706908812428
plain_mf,4,6,1984,91405,2.1705595973962
plain_mf,4,14,1857,91405,2.03161752639352
plain_mf,4,27,1431,91405,1.56555987090422
plain_mf,4,15,1277,91405,1.39707893441278
plain_mf,4,1,1084,91405,1.18593074777091
plain_mf,4,7,849,91405,0.928833214813194
plain_mf,4,16,746,91405,0.816147913133855
plain_mf,4,17,325,91405,0.355560417920245
plain_mf,4,22,311,91405,0.340243969148296
plain_mf,4,9,302,91405,0.330397680652043
plain_mf,4,48,206,91405,0.225370603358678
plain_mf,4,25,205,91405,0.224276571303539
plain_mf,4,20,168,91405,0.183797385263388
plain_mf,4,21,152,91405,0.166292872381161
plain_mf,4,18,146,91405,0.159728680050325
plain_mf,4,23,140,91405,0.15316448771949
plain_mf,4,33,111,91405,0.121437558120453
plain_mf,4,30,106,91405,0.115967397844757
plain_mf,4,39,71,91405,0.0776762759148843
plain_mf,4,50,44,91405,0.0481374104261255
plain_mf,4,26,39,91405,0.0426672501504294
plain_mf,4,35,14,91405,0.015316448771949
plain_mf,4,19,13,91405,0.0142224167168098
plain_mf,4,31,13,91405,0.0142224167168098
plain_mf,4,10,9,91405,0.00984628849625294
plain_mf,4,24,8,91405,0.00875225644111373
plain_mf,4,34,8,91405,0.00875225644111373
plain_mf,4,53,8,91405,0.00875225644111373
plain_mf,4,32,7,91405,0.00765822438597451
plain_mf,4,38,7,91405,0.00765822438597451
plain_mf,4,47,7,91405,0.00765822438597451
plain_mf,4,42,6,91405,0.00656419233083529
plain_mf,4,43,6,91405,0.00656419233083529
plain_mf,4,46,6,91405,0.00656419233083529
plain_mf,4,49,6,91405,0.00656419233083529
plain_mf,4,55,6,91405,0.00656419233083529
plain_mf,4,28,5,91405,0.00547016027569608
plain_mf,4,36,5,91405,0.00547016027569608
plain_mf,4,41,5,91405,0.00547016027569608
plain_mf,4,45,5,91405,0.00547016027569608
plain_mf,4,40,4,91405,0.00437612822055686
plain_mf,4,44,4,91405,0.00437612822055686
plain_mf,4,52,4,91405,0.00437612822055686
plain_mf,4,54,4,91405,0.00437612822055686
plain_mf,4,29,3,91405,0.00328209616541765
plain_mf,4,37,3,91405,0.00328209616541765
plain_mf,5,3,16952,190463,8.9004163538325
plain_mf,5,2,14800,190463,7.7705381097641
plain_mf,5,12,12790,190463,6.71521502864073
plain_mf,5,11,9891,190463,5.19313462457275
plain_mf,5,13,7136,190463,3.74665945616734
plain_mf,5,6,4341,190463,2.27918283341121
plain_mf,5,7,4333,190463,2.27498254254107
plain_mf,5,4,4252,190463,2.23245459748088
plain_mf,5,10,3853,190463,2.02296509033251
plain_mf,5,16,3293,190463,1.72894472942251
plain_mf,5,27,3088,190463,1.6213122758751
plain_mf,5,46,2594,190463,1.36194431464379
plain_mf,5,33,2575,190463,1.3519686238272
plain_mf,5,1,2444,190463,1.28318886082861
plain_mf,5,14,2392,190463,1.25588697017268
plain_mf,5,39,2155,190463,1.13145335314471
plain_mf,5,41,2140,190463,1.12357780776319
plain_mf,5,15,1880,190463,0.987068354483548
plain_mf,5,47,1676,190463,0.879960937294908
plain_mf,5,44,1521,190463,0.798580301685892
plain_mf,5,36,1342,190463,0.704598793466448
plain_mf,5,21,1333,190463,0.699873466237537
plain_mf,5,26,1176,190463,0.617442757910985
plain_mf,5,25,1171,190463,0.614817576117146
plain_mf,5,24,1002,190463,0.52608643148538
plain_mf,5,49,832,190463,0.436830250494847
plain_mf,5,40,759,190463,0.398502596304794
plain_mf,5,22,742,190463,0.389576978205741
plain_mf,5,20,715,190463,0.375400996519009
plain_mf,5,18,655,190463,0.343898814992938
plain_mf,5,9,531,190463,0.278794306505726
plain_mf,5,17,462,190463,0.242566797750744
plain_mf,5,37,459,190463,0.240991688674441
plain_mf,5,34,406,190463,0.213164761659745
plain_mf,5,28,391,190463,0.205289216278227
plain_mf,5,45,362,190463,0.19006316187396
plain_mf,5,30,353,190463,0.185337834645049
plain_mf,5,42,218,190463,0.11445792621139
plain_mf,5,35,113,190463,0.0593291085407665
plain_mf,5,23,109,190463,0.0572289631056951
plain_mf,5,32,82,190463,0.0430529814189633
plain_mf,5,29,69,190463,0.0362275087549813
plain_mf,5,31,64,190463,0.0336023269611421
plain_mf,5,50,29,190463,0.0152260544042675
plain_mf,5,48,21,190463,0.0110257635341247
plain_mf,5,38,16,190463,0.00840058174028551
plain_mf,5,53,10,190463,0.00525036358767845
plain_mf,5,43,9,190463,0.0047253272289106
plain_mf,5,55,9,190463,0.0047253272289106
plain_mf,5,19,8,190463,0.00420029087014276
plain_mf,5,54,6,190463,0.00315021815260707
plain_mf,5,52,4,190463,0.00210014543507138
plain_mf,6,2,11985,90294,13.2733071964915
plain_mf,6,12,4807,90294,5.32372029149224
plain_mf,6,3,4364,90294,4.8331007597404
plain_mf,6,4,2925,90294,3.2394179015217
plain_mf,6,11,2790,90294,3.08990630606685
plain_mf,6,27,2185,90294,2.4198728597692
plain_mf,6,21,1626,90294,1.80078410525616
plain_mf,6,15,1287,90294,1.42534387666955
plain_mf,6,5,1216,90294,1.34671185239329
plain_mf,6,25,923,90294,1.02221631559129
plain_mf,6,24,907,90294,1.00449642279664
plain_mf,6,7,467,90294,0.517199370943806
plain_mf,6,30,327,90294,0.362150308990631
plain_mf,6,23,269,90294,0.297915697610029
plain_mf,6,9,258,90294,0.285733271313709
plain_mf,6,37,250,90294,0.276873324916384
plain_mf,6,47,239,90294,0.264690898620063
plain_mf,6,31,195,90294,0.21596119343478
plain_mf,6,13,182,90294,0.201563780539128
plain_mf,6,1,177,90294,0.1960263140408
plain_mf,6,33,161,90294,0.178306421246151
plain_mf,6,49,147,90294,0.162801515050834
plain_mf,6,22,137,90294,0.151726582054179
plain_mf,6,10,117,90294,0.129576716060868
plain_mf,6,42,93,90294,0.102996876868895
plain_mf,6,18,79,90294,0.0874919706735774
plain_mf,6,43,75,90294,0.0830619974749153
plain_mf,6,36,64,90294,0.0708795711785944
plain_mf,6,29,57,90294,0.0631271180809356
plain_mf,6,16,51,90294,0.0564821582829424
plain_mf,6,14,47,90294,0.0520521850842802
plain_mf,6,26,29,90294,0.0321173056903006
plain_mf,6,19,26,90294,0.028794825791304
plain_mf,6,40,21,90294,0.0232573592929763
plain_mf,6,54,20,90294,0.0221498659933107
plain_mf,6,20,19,90294,0.0210423726936452
plain_mf,6,45,19,90294,0.0210423726936452
plain_mf,6,34,18,90294,0.0199348793939797
plain_mf,6,38,15,90294,0.0166123994949831
plain_mf,6,39,15,90294,0.0166123994949831
plain_mf,6,44,15,90294,0.0166123994949831
plain_mf,6,48,15,90294,0.0166123994949831
plain_mf,6,35,14,90294,0.0155049061953175
plain_mf,6,41,14,90294,0.0155049061953175
plain_mf,6,32,13,90294,0.014397412895652
plain_mf,6,50,11,90294,0.0121824262963209
plain_mf,6,52,11,90294,0.0121824262963209
plain_mf,6,53,11,90294,0.0121824262963209
plain_mf,6,28,10,90294,0.0110749329966554
plain_mf,6,55,10,90294,0.0110749329966554
plain_mf,6,17,9,90294,0.00996743969698983
plain_mf,6,46,8,90294,0.0088599463973243
plain_mf,7,3,21983,220966,9.94858937574107
plain_mf,7,41,19151,220966,8.66694423576478
plain_mf,7,33,14632,220966,6.62183322321081
plain_mf,7,13,8133,220966,3.68065675262258
plain_mf,7,12,6831,220966,3.09142583021822
plain_mf,7,27,5784,220966,2.61759727740919
plain_mf,7,11,4471,220966,2.02338821357132
plain_mf,7,14,4246,220966,1.92156259334015
plain_mf,7,25,3964,220966,1.79394114931709
plain_mf,7,15,3515,220966,1.59074246716689
plain_mf,7,2,3236,220966,1.46447869808025
plain_mf,7,36,3043,220966,1.37713494383751
plain_mf,7,24,2806,220966,1.26987862386068
plain_mf,7,9,2768,220966,1.25268140799942
plain_mf,7,5,2518,220966,1.13954182996479
plain_mf,7,37,2493,220966,1.12822787216133
plain_mf,7,28,2471,220966,1.11827158929428
plain_mf,7,4,2460,220966,1.11329344786076
plain_mf,7,23,2072,220966,0.937700822751012
plain_mf,7,49,1314,220966,0.594661622150014
plain_mf,7,6,1310,220966,0.59285138890146
plain_mf,7,39,1307,220966,0.591493713965044
plain_mf,7,44,1246,220966,0.563887656924595
plain_mf,7,18,1124,220966,0.508675542843695
plain_mf,7,10,1028,220966,0.465229944878398
plain_mf,7,32,889,220966,0.402324339491143
plain_mf,7,1,849,220966,0.384222007005603
plain_mf,7,40,840,220966,0.380148982196356
plain_mf,7,21,796,220966,0.360236416462261
plain_mf,7,47,686,220966,0.310455002127024
plain_mf,7,26,610,220966,0.276060570404497
plain_mf,7,46,468,220966,0.211797290080827
plain_mf,7,31,458,220966,0.207271706959442
plain_mf,7,34,448,220966,0.202746123838057
plain_mf,7,19,374,220966,0.169256808739806
plain_mf,7,35,371,220966,0.167899133803391
plain_mf,7,42,326,220966,0.147534009757157
plain_mf,7,16,235,220966,0.106351203352552
plain_mf,7,30,199,220966,0.0900591041155653
plain_mf,7,20,187,220966,0.0846284043699031
plain_mf,7,29,145,220966,0.0656209552600853
plain_mf,7,50,121,220966,0.0547595557687608
plain_mf,7,45,64,220966,0.0289637319768652
plain_mf,7,22,23,220966,0.0104088411791859
plain_mf,7,38,11,220966,0.00497814143352371
plain_mf,7,55,9,220966,0.00407302480924667
plain_mf,7,43,6,220966,0.00271534987283111
plain_mf,7,54,6,220966,0.00271534987283111
plain_mf,7,53,4,220966,0.00181023324855408
plain_mf,7,17,3,220966,0.00135767493641556
plain_mf,7,48,3,220966,0.00135767493641556
plain_mf,7,52,3,220966,0.00135767493641556
plain_mf,9,3,3813,30500,12.5016393442623
plain_mf,9,2,534,30500,1.75081967213115
plain_mf,9,11,243,30500,0.79672131147541
plain_mf,9,12,235,30500,0.770491803278689
plain_mf,9,7,113,30500,0.370491803278689
plain_mf,9,14,46,30500,0.150819672131148
plain_mf,9,5,35,30500,0.114754098360656
plain_mf,9,13,29,30500,0.0950819672131147
plain_mf,9,4,28,30500,0.0918032786885246
plain_mf,9,27,22,30500,0.0721311475409836
plain_mf,9,10,10,30500,0.0327868852459016
plain_mf,9,36,10,30500,0.0327868852459016
plain_mf,9,6,8,30500,0.0262295081967213
plain_mf,9,45,5,30500,0.0163934426229508
plain_mf,9,15,3,30500,0.00983606557377049
plain_mf,9,21,3,30500,0.00983606557377049
plain_mf,9,24,3,30500,0.00983606557377049
plain_mf,9,25,3,30500,0.00983606557377049
plain_mf,9,38,3,30500,0.00983606557377049
plain_mf,9,16,2,30500,0.00655737704918033
plain_mf,9,19,2,30500,0.00655737704918033
plain_mf,9,29,2,30500,0.00655737704918033
plain_mf,9,31,2,30500,0.00655737704918033
plain_mf,9,40,2,30500,0.00655737704918033
plain_mf,9,42,2,30500,0.00655737704918033
plain_mf,9,43,2,30500,0.00655737704918033
plain_mf,9,1,1,30500,0.00327868852459016
plain_mf,9,17,1,30500,0.00327868852459016
plain_mf,9,18,1,30500,0.00327868852459016
plain_mf,9,20,1,30500,0.00327868852459016
plain_mf,9,23,1,30500,0.00327868852459016
plain_mf,9,26,1,30500,0.00327868852459016
plain_mf,9,33,1,30500,0.00327868852459016
plain_mf,9,34,1,30500,0.00327868852459016
plain_mf,9,35,1,30500,0.00327868852459016
plain_mf,9,37,1,30500,0.00327868852459016
plain_mf,9,48,1,30500,0.00327868852459016
plain_mf,9,52,1,30500,0.00327868852459016
plain_mf,9,54,1,30500,0.00327868852459016
plain_mf,9,55,1,30500,0.00327868852459016
plain_mf,10,46,24816,146264,16.9665809768638
plain_mf,10,39,13436,146264,9.1861291910518
plain_mf,10,49,6210,146264,4.24574741563201
plain_mf,10,18,6057,146264,4.14114204452223
plain_mf,10,34,4644,146264,3.17508067603785
plain_mf,10,16,2185,146264,1.49387409068534
plain_mf,10,20,1851,146264,1.26551988185746
plain_mf,10,36,1678,146264,1.14724060602746
plain_mf,10,1,1431,146264,0.978367882732593
plain_mf,10,28,864,146264,0.590712683914019
plain_mf,10,45,848,146264,0.579773560137833
plain_mf,10,3,727,146264,0.49704643658043
plain_mf,10,47,703,146264,0.480637750916152
plain_mf,10,30,682,146264,0.466280150959908
plain_mf,10,40,549,146264,0.375348684570366
plain_mf,10,5,470,146264,0.32133676092545
plain_mf,10,50,298,146264,0.203741180331455
plain_mf,10,44,294,146264,0.201006399387409
plain_mf,10,9,217,146264,0.148361866214516
plain_mf,10,43,214,146264,0.146310780506481
plain_mf,10,26,170,146264,0.116228190121971
plain_mf,10,33,165,146264,0.112809713941913
plain_mf,10,7,101,146264,0.0690532188371711
plain_mf,10,13,57,146264,0.0389706284526609
plain_mf,10,21,33,146264,0.0225619427883826
plain_mf,10,12,32,146264,0.0218782475523711
plain_mf,10,37,31,146264,0.0211945523163595
plain_mf,10,53,31,146264,0.0211945523163595
plain_mf,10,15,29,146264,0.0198271618443363
plain_mf,10,52,26,146264,0.0177760761363015
plain_mf,10,31,25,146264,0.0170923809002899
plain_mf,10,4,22,146264,0.0150412951922551
plain_mf,10,11,21,146264,0.0143575999562435
plain_mf,10,22,19,146264,0.0129902094842203
plain_mf,10,41,19,146264,0.0129902094842203
plain_mf,10,29,18,146264,0.0123065142482087
plain_mf,10,38,17,146264,0.0116228190121971
plain_mf,10,48,17,146264,0.0116228190121971
plain_mf,10,35,15,146264,0.0102554285401739
plain_mf,10,23,14,146264,0.00957173330416234
plain_mf,10,54,13,146264,0.00888803806815074
plain_mf,10,32,12,146264,0.00820434283213915
plain_mf,10,24,11,146264,0.00752064759612755
plain_mf,10,27,11,146264,0.00752064759612755
plain_mf,10,6,10,146264,0.00683695236011596
plain_mf,10,17,9,146264,0.00615325712410436
plain_mf,10,25,9,146264,0.00615325712410436
plain_mf,10,55,9,146264,0.00615325712410436
plain_mf,10,2,8,146264,0.00546956188809276
plain_mf,10,14,7,146264,0.00478586665208117
plain_mf,10,42,7,146264,0.00478586665208117
plain_mf,10,19,4,146264,0.00273478094404638
plain_mf,11,13,12600,147057,8.56810624451743
plain_mf,11,5,7519,147057,5.11298340099417
plain_mf,11,12,6805,147057,4.62745738047152
plain_mf,11,4,4820,147057,3.27764064274397
plain_mf,11,27,4772,147057,3.24500023800295
plain_mf,11,7,4357,147057,2.96279673867956
plain_mf,11,14,3162,147057,2.15018666231461
plain_mf,11,33,2726,147057,1.85370298591703
plain_mf,11,6,1879,147057,1.27773584392446
plain_mf,11,3,1836,147057,1.24849548134397
plain_mf,11,2,1613,147057,1.09685360098465
plain_mf,11,25,1484,147057,1.00913251324316
plain_mf,11,15,1233,147057,0.83845039678492
plain_mf,11,41,573,147057,0.389644831595912
plain_mf,11,16,566,147057,0.38488477257118
plain_mf,11,24,409,147057,0.278123448730764
plain_mf,11,20,338,147057,0.229842850051341
plain_mf,11,18,188,147057,0.127841585235657
plain_mf,11,37,129,147057,0.087721087741488
plain_mf,11,22,128,147057,0.0870410793093834
plain_mf,11,31,99,147057,0.0673208347783513
plain_mf,11,46,91,147057,0.0618807673215148
plain_mf,11,9,40,147057,0.0272003372841823
plain_mf,11,10,31,147057,0.0210802613952413
plain_mf,11,34,30,147057,0.0204002529631367
plain_mf,11,23,27,147057,0.0183602276668231
plain_mf,11,32,23,147057,0.0156401939384048
plain_mf,11,28,21,147057,0.0142801770741957
plain_mf,11,45,19,147057,0.0129201602099866
plain_mf,11,42,16,147057,0.0108801349136729
plain_mf,11,44,13,147057,0.00884010961735926
plain_mf,11,1,10,147057,0.00680008432104558
plain_mf,11,47,10,147057,0.00680008432104558
plain_mf,11,30,9,147057,0.00612007588894102
plain_mf,11,21,8,147057,0.00544006745683647
plain_mf,11,53,8,147057,0.00544006745683647
plain_mf,11,17,6,147057,0.00408005059262735
plain_mf,11,36,6,147057,0.00408005059262735
plain_mf,11,39,6,147057,0.00408005059262735
plain_mf,11,49,6,147057,0.00408005059262735
plain_mf,11,52,6,147057,0.00408005059262735
plain_mf,11,26,5,147057,0.00340004216052279
plain_mf,11,29,5,147057,0.00340004216052279
plain_mf,11,50,5,147057,0.00340004216052279
plain_mf,11,54,5,147057,0.00340004216052279
plain_mf,11,19,4,147057,0.00272003372841823
plain_mf,11,38,4,147057,0.00272003372841823
plain_mf,11,40,4,147057,0.00272003372841823
plain_mf,11,48,4,147057,0.00272003372841823
plain_mf,11,55,4,147057,0.00272003372841823
plain_mf,11,35,3,147057,0.00204002529631367
plain_mf,11,43,3,147057,0.00204002529631367
plain_mf,12,3,22608,374213,6.04147905070107
plain_mf,12,13,19508,374213,5.21307383762723
plain_mf,12,7,11945,374213,3.19203234521516
plain_mf,12,27,11037,374213,2.94938978603095
plain_mf,12,11,10885,374213,2.90877120784152
plain_mf,12,5,9174,374213,2.45154497572238
plain_mf,12,6,8053,374213,2.15198296157536
plain_mf,12,4,7416,374213,1.98175905166309
plain_mf,12,15,7214,374213,1.92777909906925
plain_mf,12,14,5775,374213,1.54323874371013
plain_mf,12,9,5570,374213,1.48845710865202
plain_mf,12,33,5254,374213,1.40401322241611
plain_mf,12,24,2961,374213,0.791260592229559
plain_mf,12,41,2589,374213,0.691851966660699
plain_mf,12,25,2562,374213,0.684636824482314
plain_mf,12,2,1632,374213,0.436115260560162
plain_mf,12,22,1445,374213,0.386143720287644
plain_mf,12,23,873,374213,0.233289597101116
plain_mf,12,1,348,374213,0.0929951658547405
plain_mf,12,26,247,374213,0.0660051895578187
plain_mf,12,19,83,374213,0.0221798815113318
plain_mf,12,29,58,374213,0.0154991943091234
plain_mf,12,32,31,374213,0.00828405213073838
plain_mf,12,45,31,374213,0.00828405213073838
plain_mf,12,37,29,374213,0.00774959715456171
plain_mf,12,34,25,374213,0.00668068720220837
plain_mf,12,46,20,374213,0.0053445497617667
plain_mf,12,28,18,374213,0.00481009478559003
plain_mf,12,55,18,374213,0.00481009478559003
plain_mf,12,42,15,374213,0.00400841232132502
plain_mf,12,54,15,374213,0.00400841232132502
plain_mf,12,17,14,374213,0.00374118483323669
plain_mf,12,53,14,374213,0.00374118483323669
plain_mf,12,31,13,374213,0.00347395734514835
plain_mf,12,36,13,374213,0.00347395734514835
plain_mf,12,10,12,374213,0.00320672985706002
plain_mf,12,16,12,374213,0.00320672985706002
plain_mf,12,49,11,374213,0.00293950236897168
plain_mf,12,35,9,374213,0.00240504739279501
plain_mf,12,38,9,374213,0.00240504739279501
plain_mf,12,48,9,374213,0.00240504739279501
plain_mf,12,18,7,374213,0.00187059241661834
plain_mf,12,20,7,374213,0.00187059241661834
plain_mf,12,21,7,374213,0.00187059241661834
plain_mf,12,47,7,374213,0.00187059241661834
plain_mf,12,50,7,374213,0.00187059241661834
plain_mf,12,30,6,374213,0.00160336492853001
plain_mf,12,44,6,374213,0.00160336492853001
plain_mf,12,39,5,374213,0.00133613744044167
plain_mf,12,40,5,374213,0.00133613744044167
plain_mf,12,43,3,374213,0.000801682464265004
plain_mf,12,52,3,374213,0.000801682464265004
plain_mf,13,25,35051,618971,5.66278549398922
plain_mf,13,12,34472,618971,5.56924314709413
plain_mf,13,33,29715,618971,4.80070956474536
plain_mf,13,11,26144,618971,4.22378431299689
plain_mf,13,15,16412,618971,2.65149740456338
plain_mf,13,14,15738,618971,2.54260700420537
plain_mf,13,7,13169,618971,2.12756332687638
plain_mf,13,4,10960,618971,1.770680694249
plain_mf,13,5,9777,618971,1.57955703902121
plain_mf,13,24,8144,618971,1.31573207791641
plain_mf,13,16,7291,618971,1.1779227136651
plain_mf,13,18,6510,618971,1.05174555835411
plain_mf,13,31,4252,618971,0.686946561309011
plain_mf,13,32,4240,618971,0.685007859818958
plain_mf,13,1,2795,618971,0.451555888724997
plain_mf,13,27,2423,618971,0.391456142533334
plain_mf,13,22,2394,618971,0.386770947265704
plain_mf,13,3,1901,618971,0.307122627716
plain_mf,13,2,1713,618971,0.276749637705159
plain_mf,13,20,1667,618971,0.269317948659953
plain_mf,13,35,1243,618971,0.200817162678058
plain_mf,13,41,1081,618971,0.174644692562333
plain_mf,13,42,706,618971,0.114060270998157
plain_mf,13,6,626,618971,0.101135594397799
plain_mf,13,37,304,618971,0.0491137710813592
plain_mf,13,19,251,618971,0.0405511728336223
plain_mf,13,23,191,618971,0.030857665383354
plain_mf,13,29,117,618971,0.0189023395280231
plain_mf,13,28,103,618971,0.0166405211229605
plain_mf,13,17,88,618971,0.0142171442603935
plain_mf,13,9,74,618971,0.0119553258553309
plain_mf,13,46,62,618971,0.0100166243652772
plain_mf,13,30,61,618971,0.00985506590777274
plain_mf,13,10,34,618971,0.00549298755515202
plain_mf,13,21,22,618971,0.00355428606509837
plain_mf,13,26,17,618971,0.00274649377757601
plain_mf,13,55,17,618971,0.00274649377757601
plain_mf,13,43,16,618971,0.00258493532007154
plain_mf,13,54,15,618971,0.00242337686256707
plain_mf,13,47,12,618971,0.00193870149005365
plain_mf,13,52,12,618971,0.00193870149005365
plain_mf,13,39,11,618971,0.00177714303254918
plain_mf,13,44,11,618971,0.00177714303254918
plain_mf,13,48,11,618971,0.00177714303254918
plain_mf,13,49,11,618971,0.00177714303254918
plain_mf,13,50,11,618971,0.00177714303254918
plain_mf,13,34,10,618971,0.00161558457504471
plain_mf,13,38,10,618971,0.00161558457504471
plain_mf,13,40,10,618971,0.00161558457504471
plain_mf,13,45,10,618971,0.00161558457504471
plain_mf,13,53,10,618971,0.00161558457504471
plain_mf,13,36,7,618971,0.0011309092025313
plain_mf,14,11,800,32665,2.44910454615031
plain_mf,14,23,693,32665,2.12153681310271
plain_mf,14,13,682,32665,2.08786162559314
plain_mf,14,27,615,32665,1.88274911985305
plain_mf,14,15,557,32665,1.70518904025716
plain_mf,14,19,496,32665,1.51844481861319
plain_mf,14,24,492,32665,1.50619929588244
plain_mf,14,12,453,32665,1.38680544925762
plain_mf,14,7,394,32665,1.20618398897903
plain_mf,14,4,318,32665,0.97351905709475
plain_mf,14,33,183,32665,0.560232664931884
plain_mf,14,5,112,32665,0.342874636461044
plain_mf,14,2,36,32665,0.110209704576764
plain_mf,14,25,30,32665,0.0918414204806368
plain_mf,14,3,27,32665,0.0826572784325731
plain_mf,14,37,6,32665,0.0183682840961274
plain_mf,14,1,2,32665,0.00612276136537578
plain_mf,14,32,2,32665,0.00612276136537578
plain_mf,15,13,16910,235591,7.17769354516938
plain_mf,15,23,13098,235591,5.55963513037425
plain_mf,15,27,10682,235591,4.5341290626552
plain_mf,15,12,7150,235591,3.03492068882088
plain_mf,15,19,6622,235591,2.81080346872334
plain_mf,15,14,6456,235591,2.74034237301085
plain_mf,15,24,5494,235591,2.33200758942404
plain_mf,15,11,5321,235591,2.25857524268754
plain_mf,15,25,4694,235591,1.99243604382171
plain_mf,15,32,4101,235591,1.74072863564398
plain_mf,15,33,3915,235591,1.66177825129143
plain_mf,15,29,3070,235591,1.30310580624897
plain_mf,15,4,2507,235591,1.06413233103132
plain_mf,15,5,1929,235591,0.818791889333633
plain_mf,15,6,1764,235591,0.748755258053151
plain_mf,15,38,1382,235591,0.586609845028036
plain_mf,15,7,1287,235591,0.546285723987758
plain_mf,15,3,520,235591,0.220721504641519
plain_mf,15,42,483,235591,0.205016320657411
plain_mf,15,31,291,235591,0.12351914971285
plain_mf,15,35,286,235591,0.121396827552835
plain_mf,15,37,260,235591,0.110360752320759
plain_mf,15,9,187,235591,0.0793748487845461
plain_mf,15,16,186,235591,0.0789503843525432
plain_mf,15,20,168,235591,0.0713100245764906
plain_mf,15,41,149,235591,0.0632452003684351
plain_mf,15,43,141,235591,0.0598494849124118
plain_mf,15,2,133,235591,0.0564537694563884
plain_mf,15,28,125,235591,0.053058054000365
plain_mf,15,30,124,235591,0.0526335895683621
plain_mf,15,18,117,235591,0.0496623385443417
plain_mf,15,39,105,235591,0.0445687653603066
plain_mf,15,49,105,235591,0.0445687653603066
plain_mf,15,10,104,235591,0.0441443009283037
plain_mf,15,55,103,235591,0.0437198364963008
plain_mf,15,21,102,235591,0.0432953720642979
plain_mf,15,36,99,235591,0.0420219787682891
plain_mf,15,40,99,235591,0.0420219787682891
plain_mf,15,44,98,235591,0.0415975143362862
plain_mf,15,34,93,235591,0.0394751921762716
plain_mf,15,46,90,235591,0.0382017988802628
plain_mf,15,54,90,235591,0.0382017988802628
plain_mf,15,53,89,235591,0.0377773344482599
plain_mf,15,45,86,235591,0.0365039411522511
plain_mf,15,50,86,235591,0.0365039411522511
plain_mf,15,22,84,235591,0.0356550122882453
plain_mf,15,47,83,235591,0.0352305478562424
plain_mf,15,48,82,235591,0.0348060834242395
plain_mf,15,52,82,235591,0.0348060834242395
plain_mf,15,17,81,235591,0.0343816189922365
plain_mf,15,26,79,235591,0.0335326901282307
plain_mf,15,1,64,235591,0.0271657236481869
plain_mf,16,20,76543,911178,8.40044426006774
plain_mf,16,18,65086,911178,7.14306096064655
plain_mf,16,31,61815,911178,6.78407512033873
plain_mf,16,46,45466,911178,4.98980440704231
plain_mf,16,22,25148,911178,2.75994372120486
plain_mf,16,45,24243,911178,2.66062174459875
plain_mf,16,43,13748,911178,1.50881606008925
plain_mf,16,10,12562,911178,1.37865488411704
plain_mf,16,42,6960,911178,0.763846361523215
plain_mf,16,5,5439,911178,0.596919592000685
plain_mf,16,13,4882,911178,0.535789933470738
plain_mf,16,1,3709,911178,0.407055482024369
plain_mf,16,39,3253,911178,0.357010375579744
plain_mf,16,17,3243,911178,0.355912895175257
plain_mf,16,25,2891,911178,0.317281584937301
plain_mf,16,2,2307,911178,0.253188729315238
plain_mf,16,4,1492,911178,0.163744076349517
plain_mf,16,32,630,911178,0.0691412654827048
plain_mf,16,15,534,911178,0.058605453599626
plain_mf,16,28,534,911178,0.058605453599626
plain_mf,16,24,459,911178,0.0503743505659706
plain_mf,16,36,427,911178,0.046862413271611
plain_mf,16,34,426,911178,0.0467526652311623
plain_mf,16,19,362,911178,0.0397287906424431
plain_mf,16,33,355,911178,0.0389605543593019
plain_mf,16,7,287,911178,0.0314976876087877
plain_mf,16,49,203,911178,0.0222788522110938
plain_mf,16,6,162,911178,0.0177791825526955
plain_mf,16,23,144,911178,0.0158037178246182
plain_mf,16,11,124,911178,0.0136087570156435
plain_mf,16,50,114,911178,0.0125112766111561
plain_mf,16,44,71,911178,0.00779211087186038
plain_mf,16,40,70,911178,0.00768236283141165
plain_mf,16,3,67,911178,0.00735311871006543
plain_mf,16,30,58,911178,0.00636538634602679
plain_mf,16,47,46,911178,0.00504840986064194
plain_mf,16,26,30,911178,0.00329244121346213
plain_mf,16,37,23,911178,0.00252420493032097
plain_mf,16,48,16,911178,0.0017559686471798
plain_mf,16,27,12,911178,0.00131697648538485
plain_mf,16,29,12,911178,0.00131697648538485
plain_mf,16,35,12,911178,0.00131697648538485
plain_mf,16,54,11,911178,0.00120722844493612
plain_mf,16,14,10,911178,0.00109748040448738
plain_mf,16,41,9,911178,0.00098773236403864
plain_mf,16,55,8,911178,0.000877984323589902
plain_mf,16,38,6,911178,0.000658488242692427
plain_mf,16,53,6,911178,0.000658488242692427
plain_mf,16,9,5,911178,0.000548740202243689
plain_mf,16,12,5,911178,0.000548740202243689
plain_mf,16,21,5,911178,0.000548740202243689
plain_mf,16,52,5,911178,0.000548740202243689
plain_mf,17,2,49,1641,2.98598415600244
plain_mf,17,5,17,1641,1.03595368677636
plain_mf,17,4,11,1641,0.670322973796466
plain_mf,17,38,5,1641,0.304692260816575
plain_mf,17,40,4,1641,0.24375380865326
plain_mf,17,22,3,1641,0.182815356489945
plain_mf,17,33,3,1641,0.182815356489945
plain_mf,17,45,3,1641,0.182815356489945
plain_mf,17,52,3,1641,0.182815356489945
plain_mf,17,53,3,1641,0.182815356489945
plain_mf,17,12,2,1641,0.12187690432663
plain_mf,17,21,2,1641,0.12187690432663
plain_mf,17,23,2,1641,0.12187690432663
plain_mf,17,34,2,1641,0.12187690432663
plain_mf,17,35,2,1641,0.12187690432663
plain_mf,17,41,2,1641,0.12187690432663
plain_mf,17,42,2,1641,0.12187690432663
plain_mf,17,47,2,1641,0.12187690432663
plain_mf,17,14,1,1641,0.0609384521633151
plain_mf,17,15,1,1641,0.0609384521633151
plain_mf,17,16,1,1641,0.0609384521633151
plain_mf,17,18,1,1641,0.0609384521633151
plain_mf,17,19,1,1641,0.0609384521633151
plain_mf,17,24,1,1641,0.0609384521633151
plain_mf,17,25,1,1641,0.0609384521633151
plain_mf,17,26,1,1641,0.0609384521633151
plain_mf,17,28,1,1641,0.0609384521633151
plain_mf,17,31,1,1641,0.0609384521633151
plain_mf,17,32,1,1641,0.0609384521633151
plain_mf,17,37,1,1641,0.0609384521633151
plain_mf,17,46,1,1641,0.0609384521633151
plain_mf,17,48,1,1641,0.0609384521633151
plain_mf,17,50,1,1641,0.0609384521633151
plain_mf,17,54,1,1641,0.0609384521633151
plain_mf,18,16,24000,112964,21.2457065967919
plain_mf,18,46,10396,112964,9.20293190751036
plain_mf,18,10,6710,112964,5.93994546935307
plain_mf,18,39,5526,112964,4.89182394391133
plain_mf,18,31,2856,112964,2.52823908501824
plain_mf,18,13,2821,112964,2.49725576289791
plain_mf,18,45,2377,112964,2.10421019085726
plain_mf,18,1,1976,112964,1.74922984313587
plain_mf,18,25,1527,112964,1.35175808222088
plain_mf,18,20,1341,112964,1.18710385609575
plain_mf,18,42,1279,112964,1.13221911405404
plain_mf,18,5,990,112964,0.876385397117666
plain_mf,18,2,828,112964,0.732976877589321
plain_mf,18,43,733,112964,0.648879288977019
plain_mf,18,22,601,112964,0.532027902694664
plain_mf,18,36,531,112964,0.470061258454021
plain_mf,18,28,449,112964,0.397471760914982
plain_mf,18,34,433,112964,0.383307956517121
plain_mf,18,44,272,112964,0.240784674763642
plain_mf,18,33,246,112964,0.217768492617117
plain_mf,18,24,225,112964,0.199178499344924
plain_mf,18,11,221,112964,0.195637548245459
plain_mf,18,50,180,112964,0.159342799475939
plain_mf,18,7,159,112964,0.140752806203746
plain_mf,18,3,126,112964,0.111539959633157
plain_mf,18,17,117,112964,0.103572819659361
plain_mf,18,4,110,112964,0.0973761552352962
plain_mf,18,49,52,112964,0.0460323642930491
plain_mf,18,26,42,112964,0.0371799865443858
plain_mf,18,23,27,112964,0.0239014199213909
plain_mf,18,32,27,112964,0.0239014199213909
plain_mf,18,37,14,112964,0.0123933288481286
plain_mf,18,30,10,112964,0.00885237774866329
plain_mf,18,47,9,112964,0.00796713997379696
plain_mf,18,19,5,112964,0.00442618887433165
plain_mf,18,41,3,112964,0.00265571332459899
plain_mf,18,14,1,112964,0.000885237774866329
plain_mf,18,21,1,112964,0.000885237774866329
plain_mf,18,52,1,112964,0.000885237774866329
plain_mf,19,20,39589,691356,5.72628284125689
plain_mf,19,23,35031,691356,5.06699876763925
plain_mf,19,24,18676,691356,2.7013579111196
plain_mf,19,15,18128,691356,2.62209339327351
plain_mf,19,38,13267,691356,1.91898240559133
plain_mf,19,31,6104,691356,0.882902585643287
plain_mf,19,22,4099,691356,0.592892807757508
plain_mf,19,14,3992,691356,0.577415976718218
plain_mf,19,16,3593,691356,0.519703307702544
plain_mf,19,29,3394,691356,0.490919294835078
plain_mf,19,42,3069,691356,0.443910228594241
plain_mf,19,32,2848,691356,0.411944063550472
plain_mf,19,45,1119,691356,0.16185583114922
plain_mf,19,25,851,691356,0.123091431910622
plain_mf,19,27,770,691356,0.111375326170598
plain_mf,19,46,604,691356,0.087364541567586
plain_mf,19,43,515,691356,0.0744912895816338
plain_mf,19,18,454,691356,0.0656680494564306
plain_mf,19,10,435,691356,0.0629198271223509
plain_mf,19,13,354,691356,0.0512037213823269
plain_mf,19,28,129,691356,0.0186589832155937
plain_mf,19,7,128,691356,0.0185143399348527
plain_mf,19,33,126,691356,0.0182250533733706
plain_mf,19,35,119,691356,0.0172125504081833
plain_mf,19,1,64,691356,0.00925716996742633
plain_mf,19,12,58,691356,0.00838931028298011
plain_mf,19,37,54,691356,0.00781073716001597
plain_mf,19,6,47,691356,0.00679823419482871
plain_mf,19,5,40,691356,0.00578573122964146
plain_mf,19,4,36,691356,0.00520715810667731
plain_mf,19,3,31,691356,0.00448394170297213
plain_mf,19,17,28,691356,0.00405001186074902
plain_mf,19,34,27,691356,0.00390536858000798
plain_mf,19,9,26,691356,0.00376072529926695
plain_mf,19,21,25,691356,0.00361608201852591
plain_mf,19,36,25,691356,0.00361608201852591
plain_mf,19,54,25,691356,0.00361608201852591
plain_mf,19,48,23,691356,0.00332679545704384
plain_mf,19,53,23,691356,0.00332679545704384
plain_mf,19,41,21,691356,0.00303750889556177
plain_mf,19,11,20,691356,0.00289286561482073
plain_mf,19,49,20,691356,0.00289286561482073
plain_mf,19,26,19,691356,0.00274822233407969
plain_mf,19,40,19,691356,0.00274822233407969
plain_mf,19,50,19,691356,0.00274822233407969
plain_mf,19,55,18,691356,0.00260357905333866
plain_mf,19,47,16,691356,0.00231429249185658
plain_mf,19,39,15,691356,0.00216964921111555
plain_mf,19,2,14,691356,0.00202500593037451
plain_mf,19,44,14,691356,0.00202500593037451
plain_mf,19,30,11,691356,0.0015910760881514
plain_mf,19,52,10,691356,0.00144643280741036
plain_mf,20,16,53049,379965,13.9615490900478
plain_mf,20,42,35452,379965,9.33033305699209
plain_mf,20,31,29653,379965,7.80413985498664
plain_mf,20,22,11701,379965,3.07949416393615
plain_mf,20,46,9559,379965,2.5157580303449
plain_mf,20,45,6484,379965,1.70647296461516
plain_mf,20,10,2680,379965,0.705328122327057
plain_mf,20,18,2650,379965,0.697432658271157
plain_mf,20,25,1170,379965,0.307923098180096
plain_mf,20,24,630,379965,0.165804745173898
plain_mf,20,13,541,379965,0.142381535141395
plain_mf,20,17,488,379965,0.128432881975971
plain_mf,20,19,437,379965,0.115010593080942
plain_mf,20,1,307,379965,0.0807969155053755
plain_mf,20,5,244,379965,0.0642164409879857
plain_mf,20,39,201,379965,0.0528996091745292
plain_mf,20,43,179,379965,0.0471096022002027
plain_mf,20,28,172,379965,0.045267327253826
plain_mf,20,34,156,379965,0.0410564130906794
plain_mf,20,44,89,379965,0.023423210032503
plain_mf,20,2,82,379965,0.0215809350861264
plain_mf,20,15,54,379965,0.0142118353006198
plain_mf,20,33,52,379965,0.0136854710302265
plain_mf,20,4,49,379965,0.0128959246246365
plain_mf,20,41,45,379965,0.0118431960838498
plain_mf,20,36,44,379965,0.0115800139486532
plain_mf,20,38,44,379965,0.0115800139486532
plain_mf,20,48,44,379965,0.0115800139486532
plain_mf,20,3,43,379965,0.0113168318134565
plain_mf,20,55,43,379965,0.0113168318134565
plain_mf,20,40,42,379965,0.0110536496782598
plain_mf,20,54,42,379965,0.0110536496782598
plain_mf,20,7,39,379965,0.0102641032726698
plain_mf,20,6,37,379965,0.00973773900227653
plain_mf,20,11,37,379965,0.00973773900227653
plain_mf,20,35,36,379965,0.00947455686707986
plain_mf,20,50,36,379965,0.00947455686707986
plain_mf,20,53,36,379965,0.00947455686707986
plain_mf,20,21,35,379965,0.0092113747318832
plain_mf,20,14,34,379965,0.00894819259668654
plain_mf,20,29,34,379965,0.00894819259668654
plain_mf,20,23,33,379965,0.00868501046148987
plain_mf,20,37,32,379965,0.00842182832629321
plain_mf,20,52,31,379965,0.00815864619109655
plain_mf,20,32,29,379965,0.00763228192070322
plain_mf,20,12,28,379965,0.00736909978550656
plain_mf,20,26,23,379965,0.00605318910952325
plain_mf,20,30,23,379965,0.00605318910952325
plain_mf,20,9,18,379965,0.00473727843353993
plain_mf,20,47,18,379965,0.00473727843353993
plain_mf,20,49,17,379965,0.00447409629834327
plain_mf,20,27,14,379965,0.00368454989275328
plain_mf,21,30,60655,599210,10.1224946179136
plain_mf,21,40,40128,599210,6.69681747634385
plain_mf,21,44,34952,599210,5.83301346773251
plain_mf,21,49,13646,599210,2.27733182022997
plain_mf,21,36,13105,599210,2.18704627759884
plain_mf,21,26,12733,599210,2.12496453663991
plain_mf,21,53,10700,599210,1.78568448457135
plain_mf,21,47,9052,599210,1.51065569666728
plain_mf,21,48,6313,599210,1.0535538458971
plain_mf,21,28,2746,599210,0.458270055573171
plain_mf,21,52,2025,599210,0.337944960865139
plain_mf,21,55,1431,599210,0.238814439011365
plain_mf,21,50,1181,599210,0.197092838904558
plain_mf,21,5,702,599210,0.117154253099915
plain_mf,21,34,657,599210,0.10964436508069
plain_mf,21,54,538,599210,0.0897848834298493
plain_mf,21,39,514,599210,0.0857796098195958
plain_mf,21,41,415,599210,0.0692578561773001
plain_mf,21,37,378,599210,0.0630830593614926
plain_mf,21,3,335,599210,0.0559069441431218
plain_mf,21,7,233,599210,0.0388845312995444
plain_mf,21,1,177,599210,0.0295388928756196
plain_mf,21,9,144,599210,0.024031641661521
plain_mf,21,4,137,599210,0.0228634368585304
plain_mf,21,10,127,599210,0.0211945728542581
plain_mf,21,46,110,599210,0.0183575040469952
plain_mf,21,6,91,599210,0.0151866624388779
plain_mf,21,2,89,599210,0.0148528896380234
plain_mf,21,45,38,599210,0.00634168321623471
plain_mf,21,24,36,599210,0.00600791041538025
plain_mf,21,15,34,599210,0.00567413761452579
plain_mf,21,42,33,599210,0.00550725121409856
plain_mf,21,38,31,599210,0.0051734784132441
plain_mf,21,43,31,599210,0.0051734784132441
plain_mf,21,17,30,599210,0.00500659201281688
plain_mf,21,18,28,599210,0.00467281921196242
plain_mf,21,13,26,599210,0.00433904641110796
plain_mf,21,23,26,599210,0.00433904641110796
plain_mf,21,12,25,599210,0.00417216001068073
plain_mf,21,14,25,599210,0.00417216001068073
plain_mf,21,25,24,599210,0.0040052736102535
plain_mf,21,19,23,599210,0.00383838720982627
plain_mf,21,29,23,599210,0.00383838720982627
plain_mf,21,33,22,599210,0.00367150080939904
plain_mf,21,22,20,599210,0.00333772800854458
plain_mf,21,31,20,599210,0.00333772800854458
plain_mf,21,32,20,599210,0.00333772800854458
plain_mf,21,35,20,599210,0.00333772800854458
plain_mf,21,20,19,599210,0.00317084160811735
plain_mf,21,11,17,599210,0.0028370688072629
plain_mf,21,16,14,599210,0.00233640960598121
plain_mf,21,27,11,599210,0.00183575040469952
plain_mf,22,16,3353,41980,7.98713673177704
plain_mf,22,20,2084,41980,4.96426869938066
plain_mf,22,31,1755,41980,4.18056217246308
plain_mf,22,42,1729,41980,4.11862791805622
plain_mf,22,5,509,41980,1.21248213434969
plain_mf,22,19,501,41980,1.19342544068604
plain_mf,22,3,418,41980,0.995712243925679
plain_mf,22,12,391,41980,0.931395902810862
plain_mf,22,25,268,41980,0.638399237732254
plain_mf,22,27,243,41980,0.578847070033349
plain_mf,22,24,189,41980,0.450214387803716
plain_mf,22,18,103,41980,0.245354930919485
plain_mf,22,13,101,41980,0.240590757503573
plain_mf,22,17,40,41980,0.0952834683182468
plain_mf,22,32,33,41980,0.0786088613625536
plain_mf,22,45,33,41980,0.0786088613625536
plain_mf,22,2,31,41980,0.0738446879466413
plain_mf,22,6,29,41980,0.0690805145307289
plain_mf,22,55,25,41980,0.0595521676989042
plain_mf,22,4,16,41980,0.0381133873272987
plain_mf,22,43,8,41980,0.0190566936636494
plain_mf,22,28,4,41980,0.00952834683182468
plain_mf,22,23,3,41980,0.00714626012386851
plain_mf,22,41,2,41980,0.00476417341591234
plain_mf,22,46,2,41980,0.00476417341591234
plain_mf,22,47,2,41980,0.00476417341591234
plain_mf,22,50,2,41980,0.00476417341591234
plain_mf,22,1,1,41980,0.00238208670795617
plain_mf,22,7,1,41980,0.00238208670795617
plain_mf,22,9,1,41980,0.00238208670795617
plain_mf,22,10,1,41980,0.00238208670795617
plain_mf,22,26,1,41980,0.00238208670795617
plain_mf,22,29,1,41980,0.00238208670795617
plain_mf,22,34,1,41980,0.00238208670795617
plain_mf,22,38,1,41980,0.00238208670795617
plain_mf,22,39,1,41980,0.00238208670795617
plain_mf,22,48,1,41980,0.00238208670795617
plain_mf,22,54,1,41980,0.00238208670795617
plain_mf,23,24,46484,326806,14.2237290625019
plain_mf,23,19,20445,326806,6.25600509170578
plain_mf,23,15,16759,326806,5.12811882278783
plain_mf,23,29,12567,326806,3.84540063523926
plain_mf,23,35,10077,326806,3.08348071944824
plain_mf,23,32,6850,326806,2.09604474826044
plain_mf,23,14,6349,326806,1.94274278930007
plain_mf,23,38,3535,326806,1.08168148687601
plain_mf,23,25,1752,326806,0.536097868460187
plain_mf,23,33,1739,326806,0.532119973317503
plain_mf,23,18,1336,326806,0.408805223894298
plain_mf,23,31,1302,326806,0.398401498136509
plain_mf,23,13,1181,326806,0.361376474116142
plain_mf,23,7,728,326806,0.222762127990306
plain_mf,23,27,572,326806,0.175027386278098
plain_mf,23,42,531,326806,0.16248171698194
plain_mf,23,20,389,326806,0.119030862346469
plain_mf,23,28,242,326806,0.0740500480407336
plain_mf,23,16,136,326806,0.0416149030311561
plain_mf,23,22,115,326806,0.0351890724160511
plain_mf,23,4,97,326806,0.029681217603104
plain_mf,23,12,76,326806,0.023255386987999
plain_mf,23,40,58,326806,0.0177475321750519
plain_mf,23,6,49,326806,0.0149936047685783
plain_mf,23,43,45,326806,0.0137696370323678
plain_mf,23,17,16,326806,0.00489587094484189
plain_mf,23,49,16,326806,0.00489587094484189
plain_mf,23,45,14,326806,0.00428388707673666
plain_mf,23,41,13,326806,0.00397789514268404
plain_mf,23,26,6,326806,0.00183595160431571
plain_mf,23,50,6,326806,0.00183595160431571
plain_mf,23,5,5,326806,0.00152995967026309
plain_mf,23,44,5,326806,0.00152995967026309
plain_mf,23,52,4,326806,0.00122396773621047
plain_mf,23,55,4,326806,0.00122396773621047
plain_mf,23,39,3,326806,0.000917975802157855
plain_mf,23,1,2,326806,0.000611983868105237
plain_mf,23,2,2,326806,0.000611983868105237
plain_mf,23,21,2,326806,0.000611983868105237
plain_mf,23,30,2,326806,0.000611983868105237
plain_mf,23,34,2,326806,0.000611983868105237
plain_mf,23,47,2,326806,0.000611983868105237
plain_mf,23,48,2,326806,0.000611983868105237
plain_mf,23,54,2,326806,0.000611983868105237
plain_mf,23,9,1,326806,0.000305991934052618
plain_mf,23,11,1,326806,0.000305991934052618
plain_mf,23,53,1,326806,0.000305991934052618
plain_mf,24,23,60712,845397,7.18147805114047
plain_mf,24,25,52396,845397,6.19779819422118
plain_mf,24,29,46203,845397,5.46524295685932
plain_mf,24,32,32585,845397,3.85440213296238
plain_mf,24,35,27056,845397,3.20038987599909
plain_mf,24,19,12567,845397,1.48652053413958
plain_mf,24,42,12517,845397,1.48060615308547
plain_mf,24,33,12402,845397,1.46700307666102
plain_mf,24,15,11370,845397,1.34493025170423
plain_mf,24,13,10977,845397,1.29844321661894
plain_mf,24,38,4972,845397,0.58812605202053
plain_mf,24,31,4655,845397,0.550628876137483
plain_mf,24,27,2275,845397,0.269104337961928
plain_mf,24,12,1889,845397,0.223445316224212
plain_mf,24,20,1768,845397,0.20913251407327
plain_mf,24,18,1290,845397,0.152591031195994
plain_mf,24,14,1197,845397,0.141590282435353
plain_mf,24,43,966,845397,0.114265841965372
plain_mf,24,22,887,845397,0.104921119899881
plain_mf,24,7,886,845397,0.104802832278799
plain_mf,24,16,669,845397,0.0791344185039691
plain_mf,24,5,557,845397,0.0658862049427665
plain_mf,24,11,226,845397,0.0267330023645695
plain_mf,24,6,131,845397,0.0154956783617638
plain_mf,24,45,116,845397,0.0137213640455313
plain_mf,24,4,106,845397,0.0125384878347096
plain_mf,24,3,88,845397,0.0104093106552306
plain_mf,24,1,67,845397,0.00792527061250513
plain_mf,24,2,34,845397,0.00402177911679365
plain_mf,24,10,13,845397,0.00153773907406816
plain_mf,24,26,10,845397,0.00118287621082166
plain_mf,24,28,10,845397,0.00118287621082166
plain_mf,24,9,9,845397,0.0010645885897395
plain_mf,24,44,9,845397,0.0010645885897395
plain_mf,24,53,9,845397,0.0010645885897395
plain_mf,24,49,8,845397,0.000946300968657329
plain_mf,24,48,7,845397,0.000828013347575163
plain_mf,24,50,7,845397,0.000828013347575163
plain_mf,24,52,7,845397,0.000828013347575163
plain_mf,24,30,6,845397,0.000709725726492997
plain_mf,24,39,6,845397,0.000709725726492997
plain_mf,24,41,6,845397,0.000709725726492997
plain_mf,24,46,6,845397,0.000709725726492997
plain_mf,24,54,6,845397,0.000709725726492997
plain_mf,24,34,5,845397,0.000591438105410831
plain_mf,24,36,5,845397,0.000591438105410831
plain_mf,24,47,5,845397,0.000591438105410831
plain_mf,24,55,5,845397,0.000591438105410831
plain_mf,24,17,4,845397,0.000473150484328665
plain_mf,24,21,4,845397,0.000473150484328665
plain_mf,24,37,3,845397,0.000354862863246498
plain_mf,24,40,3,845397,0.000354862863246498
plain_mf,25,13,19533,237357,8.22937600323563
plain_mf,25,24,15963,237357,6.72531250394975
plain_mf,25,31,8621,237357,3.63208163230914
plain_mf,25,32,6211,237357,2.61673344371558
plain_mf,25,42,5398,237357,2.27421141992863
plain_mf,25,33,3714,237357,1.56473160682011
plain_mf,25,15,3363,237357,1.41685309470544
plain_mf,25,35,3032,237357,1.2774007086372
plain_mf,25,16,2695,237357,1.13542048475503
plain_mf,25,20,2443,237357,1.02925129657015
plain_mf,25,29,1653,237357,0.696419317736574
plain_mf,25,23,1634,237357,0.688414497992476
plain_mf,25,12,1268,237357,0.534216391342998
plain_mf,25,18,1172,237357,0.493770986320184
plain_mf,25,5,1062,237357,0.447427293064877
plain_mf,25,7,959,237357,0.404032743925816
plain_mf,25,11,923,237357,0.388865717042261
plain_mf,25,1,597,237357,0.251519862485623
plain_mf,25,22,504,237357,0.212338376369772
plain_mf,25,27,435,237357,0.183268241509625
plain_mf,25,43,303,237357,0.127655809603256
plain_mf,25,4,189,237357,0.0796268911386645
plain_mf,25,45,113,237357,0.0476076121622703
plain_mf,25,14,102,237357,0.0429732428367396
plain_mf,25,2,84,237357,0.035389729394962
plain_mf,25,19,62,237357,0.0261209907439005
plain_mf,25,37,27,237357,0.0113752701626664
plain_mf,25,39,11,237357,0.00463436932553074
plain_mf,25,6,8,237357,0.00337045041856781
plain_mf,25,17,8,237357,0.00337045041856781
plain_mf,25,28,6,237357,0.00252783781392586
plain_mf,25,10,5,237357,0.00210653151160488
plain_mf,25,30,5,237357,0.00210653151160488
plain_mf,25,46,5,237357,0.00210653151160488
plain_mf,25,52,5,237357,0.00210653151160488
plain_mf,25,9,4,237357,0.00168522520928391
plain_mf,25,44,4,237357,0.00168522520928391
plain_mf,25,50,4,237357,0.00168522520928391
plain_mf,25,55,4,237357,0.00168522520928391
plain_mf,25,21,3,237357,0.00126391890696293
plain_mf,25,26,3,237357,0.00126391890696293
plain_mf,25,34,3,237357,0.00126391890696293
plain_mf,25,36,3,237357,0.00126391890696293
plain_mf,25,38,3,237357,0.00126391890696293
plain_mf,25,40,3,237357,0.00126391890696293
plain_mf,25,48,3,237357,0.00126391890696293
plain_mf,25,54,3,237357,0.00126391890696293
plain_mf,25,47,2,237357,0.000842612604641953
plain_mf,25,53,2,237357,0.000842612604641953
plain_mf,25,3,1,237357,0.000421306302320976
plain_mf,25,41,1,237357,0.000421306302320976
plain_mf,25,49,1,237357,0.000421306302320976
plain_mf,26,30,5282,40896,12.9156885758998
plain_mf,26,49,2381,40896,5.82208528951487
plain_mf,26,36,2277,40896,5.56778169014085
plain_mf,26,21,1611,40896,3.93926056338028
plain_mf,26,34,1116,40896,2.72887323943662
plain_mf,26,40,757,40896,1.85103677621283
plain_mf,26,10,664,40896,1.62363067292645
plain_mf,26,39,396,40896,0.96830985915493
plain_mf,26,44,391,40896,0.95608372456964
plain_mf,26,53,357,40896,0.872946009389671
plain_mf,26,28,325,40896,0.794698748043818
plain_mf,26,52,323,40896,0.789808294209703
plain_mf,26,47,287,40896,0.701780125195618
plain_mf,26,5,260,40896,0.635758998435055
plain_mf,26,7,136,40896,0.332550860719875
plain_mf,26,46,118,40896,0.288536776212833
plain_mf,26,3,88,40896,0.215179968701095
plain_mf,26,23,86,40896,0.21028951486698
plain_mf,26,41,46,40896,0.112480438184664
plain_mf,26,1,16,40896,0.0391236306729265
plain_mf,26,50,13,40896,0.0317879499217527
plain_mf,26,27,10,40896,0.024452269170579
plain_mf,26,12,9,40896,0.0220070422535211
plain_mf,26,33,9,40896,0.0220070422535211
plain_mf,26,48,9,40896,0.0220070422535211
plain_mf,26,15,5,40896,0.0122261345852895
plain_mf,26,38,4,40896,0.00978090766823161
plain_mf,26,2,2,40896,0.00489045383411581
plain_mf,26,4,2,40896,0.00489045383411581
plain_mf,26,24,2,40896,0.00489045383411581
plain_mf,26,14,1,40896,0.0024452269170579
plain_mf,26,19,1,40896,0.0024452269170579
plain_mf,26,22,1,40896,0.0024452269170579
plain_mf,26,32,1,40896,0.0024452269170579
plain_mf,26,43,1,40896,0.0024452269170579
plain_mf,26,55,1,40896,0.0024452269170579
plain_mf,27,3,34758,859115,4.0457913084977
plain_mf,27,37,29172,859115,3.39558731950903
plain_mf,27,7,26759,859115,3.11471688889148
plain_mf,27,15,21123,859115,2.45869295728744
plain_mf,27,41,17592,859115,2.04768860979031
plain_mf,27,33,16376,859115,1.90614760538461
plain_mf,27,11,14507,859115,1.68859815042224
plain_mf,27,47,9643,859115,1.12243413279945
plain_mf,27,14,6621,859115,0.770676801126741
plain_mf,27,12,5680,859115,0.661145481105556
plain_mf,27,28,5290,859115,0.615749928705703
plain_mf,27,5,4726,859115,0.550100976004377
plain_mf,27,23,4377,859115,0.509477776549123
plain_mf,27,24,4287,859115,0.499001879841465
plain_mf,27,6,4054,859115,0.47188094725386
plain_mf,27,4,3885,859115,0.452209541213924
plain_mf,27,13,3605,859115,0.419617862567875
plain_mf,27,32,2262,859115,0.263294203919149
plain_mf,27,38,1796,859115,0.20905233874394
plain_mf,27,36,1752,859115,0.203930789242418
plain_mf,27,19,1749,859115,0.203581592685496
plain_mf,27,2,1585,859115,0.184492180907096
plain_mf,27,9,712,859115,0.0828759828428092
plain_mf,27,44,494,859115,0.0575010330398142
plain_mf,27,26,379,859115,0.0441151650244729
plain_mf,27,25,378,859115,0.0439987661721655
plain_mf,27,40,269,859115,0.0313112912706681
plain_mf,27,46,194,859115,0.0225813773476194
plain_mf,27,39,132,859115,0.0153646485045657
plain_mf,27,10,107,859115,0.0124546771968828
plain_mf,27,30,89,859115,0.0103594978553511
plain_mf,27,49,62,859115,0.00721672884305361
plain_mf,27,34,61,859115,0.00710032999074629
plain_mf,27,35,55,859115,0.00640193687690239
plain_mf,27,21,54,859115,0.00628553802459508
plain_mf,27,18,51,859115,0.00593634146767313
plain_mf,27,16,44,859115,0.00512154950152192
plain_mf,27,1,43,859115,0.0050051506492146
plain_mf,27,29,43,859115,0.0050051506492146
plain_mf,27,31,43,859115,0.0050051506492146
plain_mf,27,48,36,859115,0.00419035868306339
plain_mf,27,45,31,859115,0.0036083644215268
plain_mf,27,17,30,859115,0.00349196556921949
plain_mf,27,43,30,859115,0.00349196556921949
plain_mf,27,42,29,859115,0.00337556671691217
plain_mf,27,20,28,859115,0.00325916786460486
plain_mf,27,50,28,859115,0.00325916786460486
plain_mf,27,22,27,859115,0.00314276901229754
plain_mf,27,52,26,859115,0.00302637015999022
plain_mf,27,55,26,859115,0.00302637015999022
plain_mf,27,53,19,859115,0.00221157819383901
plain_mf,27,54,17,859115,0.00197878048922438
plain_mf,28,44,3427,46042,7.44320403110204
plain_mf,28,36,2792,46042,6.0640284957213
plain_mf,28,47,2705,46042,5.87507058772425
plain_mf,28,30,1694,46042,3.67924938099996
plain_mf,28,10,1257,46042,2.73011598106077
plain_mf,28,39,1196,46042,2.59762825246514
plain_mf,28,3,1177,46042,2.55636158290257
plain_mf,28,27,1172,46042,2.54550193301768
plain_mf,28,40,960,46042,2.08505277789844
plain_mf,28,26,798,46042,1.73320012162808
plain_mf,28,18,741,46042,1.60940011294036
plain_mf,28,46,735,46042,1.59636853307849
plain_mf,28,1,653,46042,1.41827027496634
plain_mf,28,21,650,46042,1.4117544850354
plain_mf,28,50,515,46042,1.11854393814343
plain_mf,28,7,513,46042,1.11420007818948
plain_mf,28,49,409,46042,0.888319360583815
plain_mf,28,33,396,46042,0.860084270883107
plain_mf,28,55,334,46042,0.725424612310499
plain_mf,28,41,244,46042,0.52995091438252
plain_mf,28,5,234,46042,0.508231614612745
plain_mf,28,34,217,46042,0.471308805004127
plain_mf,28,45,195,46042,0.423526345510621
plain_mf,28,23,108,46042,0.234568437513575
plain_mf,28,2,70,46042,0.152035098388428
plain_mf,28,15,68,46042,0.147691238434473
plain_mf,28,16,45,46042,0.0977368489639894
plain_mf,28,20,32,46042,0.0695017592632814
plain_mf,28,13,26,46042,0.0564701794014161
plain_mf,28,24,23,46042,0.0499543894704835
plain_mf,28,25,23,46042,0.0499543894704835
plain_mf,28,53,15,46042,0.0325789496546631
plain_mf,28,19,9,46042,0.0195473697927979
plain_mf,28,31,7,46042,0.0152035098388428
plain_mf,28,37,3,46042,0.00651578993093263
plain_mf,29,24,14875,164338,9.05146709829741
plain_mf,29,23,6852,164338,4.16945563411992
plain_mf,29,15,3708,164338,2.25632537818399
plain_mf,29,19,1873,164338,1.13972422689822
plain_mf,29,35,1583,164338,0.963258649855785
plain_mf,29,33,1534,164338,0.933442052355511
plain_mf,29,32,1458,164338,0.887195901130597
plain_mf,29,38,1224,164338,0.744806435517044
plain_mf,29,25,682,164338,0.414998357044628
plain_mf,29,7,670,164338,0.40769633316701
plain_mf,29,12,52,164338,0.0316421034696783
plain_mf,29,13,52,164338,0.0316421034696783
plain_mf,29,20,31,164338,0.0188635616838467
plain_mf,29,27,20,164338,0.0121700397960301
plain_mf,29,40,15,164338,0.0091275298470226
plain_mf,29,5,8,164338,0.00486801591841205
plain_mf,29,49,8,164338,0.00486801591841205
plain_mf,29,14,7,164338,0.00425951392861055
plain_mf,29,22,7,164338,0.00425951392861055
plain_mf,29,31,7,164338,0.00425951392861055
plain_mf,29,9,6,164338,0.00365101193880904
plain_mf,29,17,6,164338,0.00365101193880904
plain_mf,29,50,5,164338,0.00304250994900753
plain_mf,29,3,4,164338,0.00243400795920603
plain_mf,29,4,4,164338,0.00243400795920603
plain_mf,29,21,4,164338,0.00243400795920603
plain_mf,29,39,4,164338,0.00243400795920603
plain_mf,29,45,4,164338,0.00243400795920603
plain_mf,29,52,4,164338,0.00243400795920603
plain_mf,29,16,3,164338,0.00182550596940452
plain_mf,29,30,3,164338,0.00182550596940452
plain_mf,29,41,3,164338,0.00182550596940452
plain_mf,29,48,3,164338,0.00182550596940452
plain_mf,29,54,3,164338,0.00182550596940452
plain_mf,29,2,2,164338,0.00121700397960301
plain_mf,29,18,2,164338,0.00121700397960301
plain_mf,29,26,2,164338,0.00121700397960301
plain_mf,29,36,2,164338,0.00121700397960301
plain_mf,29,42,2,164338,0.00121700397960301
plain_mf,29,43,2,164338,0.00121700397960301
plain_mf,29,44,2,164338,0.00121700397960301
plain_mf,29,46,2,164338,0.00121700397960301
plain_mf,29,47,2,164338,0.00121700397960301
plain_mf,29,6,1,164338,0.000608501989801507
plain_mf,29,10,1,164338,0.000608501989801507
plain_mf,29,28,1,164338,0.000608501989801507
plain_mf,29,34,1,164338,0.000608501989801507
plain_mf,29,53,1,164338,0.000608501989801507
plain_mf,29,55,1,164338,0.000608501989801507
plain_mf,30,21,55329,576557,9.59644926694152
plain_mf,30,40,49541,576557,8.59255893172748
plain_mf,30,44,48424,576557,8.39882266627584
plain_mf,30,47,42781,576557,7.42008162245884
plain_mf,30,26,33523,576557,5.81434272760542
plain_mf,30,49,28666,576557,4.97192818749924
plain_mf,30,36,20599,576557,3.5727603688794
plain_mf,30,28,10316,576557,1.78924200035729
plain_mf,30,39,8161,576557,1.41547149718068
plain_mf,30,3,5704,576557,0.989321090542652
plain_mf,30,10,3771,576557,0.654055019711841
plain_mf,30,5,3017,576557,0.523278704447262
plain_mf,30,53,2833,576557,0.49136512088137
plain_mf,30,46,2604,576557,0.45164658481295
plain_mf,30,7,2392,576557,0.414876586356596
plain_mf,30,50,2020,576557,0.350355645669032
plain_mf,30,41,1957,576557,0.339428712165493
plain_mf,30,34,1520,576557,0.263633951196499
plain_mf,30,54,924,576557,0.16026169138524
plain_mf,30,48,690,576557,0.119675938372095
plain_mf,30,55,593,576557,0.102851929644424
plain_mf,30,27,548,576557,0.0950469771418958
plain_mf,30,33,463,576557,0.0803042890815652
plain_mf,30,37,386,576557,0.0669491481327952
plain_mf,30,45,298,576557,0.0516861299056295
plain_mf,30,1,215,576557,0.037290328623189
plain_mf,30,52,175,576557,0.0303525930653864
plain_mf,30,4,150,576557,0.0260165083417598
plain_mf,30,18,48,576557,0.00832528266936313
plain_mf,30,11,29,576557,0.00502985827940689
plain_mf,30,42,13,576557,0.00225476405628585
plain_mf,30,19,11,576557,0.00190787727839572
plain_mf,30,20,11,576557,0.00190787727839572
plain_mf,30,24,11,576557,0.00190787727839572
plain_mf,30,15,9,576557,0.00156099050050559
plain_mf,30,22,9,576557,0.00156099050050559
plain_mf,30,38,9,576557,0.00156099050050559
plain_mf,30,43,9,576557,0.00156099050050559
plain_mf,30,16,8,576557,0.00138754711156052
plain_mf,30,25,8,576557,0.00138754711156052
plain_mf,30,32,8,576557,0.00138754711156052
plain_mf,30,17,7,576557,0.00121410372261546
plain_mf,30,31,7,576557,0.00121410372261546
plain_mf,30,2,6,576557,0.00104066033367039
plain_mf,30,9,6,576557,0.00104066033367039
plain_mf,30,13,6,576557,0.00104066033367039
plain_mf,30,23,6,576557,0.00104066033367039
plain_mf,30,6,5,576557,0.000867216944725326
plain_mf,30,12,5,576557,0.000867216944725326
plain_mf,30,14,5,576557,0.000867216944725326
plain_mf,30,29,5,576557,0.000867216944725326
plain_mf,30,35,5,576557,0.000867216944725326
plain_mf,31,42,64876,841378,7.71068413959005
plain_mf,31,16,49123,841378,5.83839843685002
plain_mf,31,20,44821,841378,5.32709436186827
plain_mf,31,25,24415,841378,2.9017873060622
plain_mf,31,22,22481,841378,2.67192629234423
plain_mf,31,18,10313,841378,1.22572731875566
plain_mf,31,13,9141,841378,1.08643201985315
plain_mf,31,45,4907,841378,0.583209924671194
plain_mf,31,1,4430,841378,0.526517213428447
plain_mf,31,24,4081,841378,0.485037640632391
plain_mf,31,33,2022,841378,0.240320046400072
plain_mf,31,19,1708,841378,0.203000316148033
plain_mf,31,32,1265,841378,0.150348594805189
plain_mf,31,7,1080,841378,0.128360855643956
plain_mf,31,43,878,841378,0.104352621532771
plain_mf,31,39,438,841378,0.0520574581222709
plain_mf,31,50,379,841378,0.0450451521194992
plain_mf,31,23,361,841378,0.0429058045254333
plain_mf,31,6,306,841378,0.0363689090991207
plain_mf,31,15,259,841378,0.0307828348257264
plain_mf,31,35,163,841378,0.0193729809907081
plain_mf,31,2,103,841378,0.0122418223438217
plain_mf,31,46,90,841378,0.0106967379703296
plain_mf,31,10,61,841378,0.00725001129100119
plain_mf,31,36,50,841378,0.00594263220573868
plain_mf,31,14,49,841378,0.00582377956162391
plain_mf,31,4,31,841378,0.00368443196755798
plain_mf,31,5,28,841378,0.00332787403521366
plain_mf,31,29,23,841378,0.00273361081463979
plain_mf,31,11,17,841378,0.00202049494995115
plain_mf,31,3,15,841378,0.0017827896617216
plain_mf,31,30,14,841378,0.00166393701760683
plain_mf,31,27,13,841378,0.00154508437349206
plain_mf,31,44,7,841378,0.000831968508803415
plain_mf,31,48,6,841378,0.000713115864688642
plain_mf,31,12,2,841378,0.000237705288229547
plain_mf,31,21,2,841378,0.000237705288229547
plain_mf,31,34,2,841378,0.000237705288229547
plain_mf,31,37,2,841378,0.000237705288229547
plain_mf,31,40,2,841378,0.000237705288229547
plain_mf,31,47,2,841378,0.000237705288229547
plain_mf,31,28,1,841378,0.000118852644114774
plain_mf,31,38,1,841378,0.000118852644114774
plain_mf,31,41,1,841378,0.000118852644114774
plain_mf,31,49,1,841378,0.000118852644114774
plain_mf,31,52,1,841378,0.000118852644114774
plain_mf,32,24,5205,60484,8.60558164142583
plain_mf,32,25,2933,60484,4.84921632167185
plain_mf,32,23,2508,60484,4.1465511540242
plain_mf,32,33,2115,60484,3.49679254017591
plain_mf,32,13,1609,60484,2.66020765822366
plain_mf,32,15,1555,60484,2.57092784868726
plain_mf,32,7,920,60484,1.52106342173137
plain_mf,32,29,815,60484,1.34746379207724
plain_mf,32,35,644,60484,1.06474439521196
plain_mf,32,19,558,60484,0.922558031876199
plain_mf,32,42,436,60484,0.72085179551617
plain_mf,32,31,308,60484,0.509225580318762
plain_mf,32,14,266,60484,0.439785728457113
plain_mf,32,38,212,60484,0.350505918920706
plain_mf,32,27,126,60484,0.208319555584948
plain_mf,32,18,106,60484,0.175252959460353
plain_mf,32,20,95,60484,0.157066331591826
plain_mf,32,16,21,60484,0.0347199259308247
plain_mf,32,12,6,60484,0.00991997883737848
plain_mf,32,6,1,60484,0.00165332980622975
plain_mf,32,22,1,60484,0.00165332980622975
plain_mf,33,41,26052,389751,6.68426764780591
plain_mf,33,7,23462,389751,6.01974080887541
plain_mf,33,13,23018,389751,5.90582192220161
plain_mf,33,24,9561,389751,2.45310467452297
plain_mf,33,25,6270,389751,1.60871941316379
plain_mf,33,3,6198,389751,1.59024608018966
plain_mf,33,32,4555,389751,1.16869488468278
plain_mf,33,15,4387,389751,1.12559044107648
plain_mf,33,27,3626,389751,0.930337574502695
plain_mf,33,23,3236,389751,0.830273687559493
plain_mf,33,11,3002,389751,0.770235355393572
plain_mf,33,37,3000,389751,0.769722207255402
plain_mf,33,29,2828,389751,0.725591467372759
plain_mf,33,12,2755,389751,0.706861560329544
plain_mf,33,5,2517,389751,0.645796931887282
plain_mf,33,1,1376,389751,0.353045919061144
plain_mf,33,44,1276,389751,0.327388512152631
plain_mf,33,35,862,389751,0.221166847551385
plain_mf,33,18,703,389751,0.180371570566849
plain_mf,33,14,641,389751,0.164463978283571
plain_mf,33,45,615,389751,0.157793052487357
plain_mf,33,28,470,389751,0.120589812470013
plain_mf,33,10,407,389751,0.104425646117649
plain_mf,33,20,395,389751,0.101346757288628
plain_mf,33,16,392,389751,0.100577035081372
plain_mf,33,2,209,389751,0.053623980438793
plain_mf,33,47,206,389751,0.0528542582315376
plain_mf,33,36,136,389751,0.0348940733955782
plain_mf,33,40,104,389751,0.0266837031848539
plain_mf,33,31,63,389751,0.0161641663523634
plain_mf,33,46,43,389751,0.0110326849706608
plain_mf,33,39,41,389751,0.0105195368324905
plain_mf,33,49,41,389751,0.0105195368324905
plain_mf,33,52,41,389751,0.0105195368324905
plain_mf,33,26,39,389751,0.0100063886943202
plain_mf,33,30,30,389751,0.00769722207255402
plain_mf,33,19,25,389751,0.00641435172712835
plain_mf,33,34,19,389751,0.00487490731261754
plain_mf,33,4,2,389751,0.000513148138170268
plain_mf,33,21,1,389751,0.000256574069085134
plain_mf,34,10,390,5159,7.55960457452995
plain_mf,34,39,259,5159,5.02035278154681
plain_mf,34,49,137,5159,2.65555340182206
plain_mf,34,46,99,5159,1.91897654584222
plain_mf,34,36,97,5159,1.88020934289591
plain_mf,34,3,47,5159,0.911029269238225
plain_mf,34,40,24,5159,0.465206435355689
plain_mf,34,26,23,5159,0.445822833882535
plain_mf,34,27,23,5159,0.445822833882535
plain_mf,34,50,21,5159,0.407055630936228
plain_mf,34,30,17,5159,0.329521225043613
plain_mf,34,7,7,5159,0.135685210312076
plain_mf,34,18,5,5159,0.0969180073657686
plain_mf,34,28,5,5159,0.0969180073657686
plain_mf,34,44,5,5159,0.0969180073657686
plain_mf,34,33,4,5159,0.0775344058926148
plain_mf,34,14,3,5159,0.0581508044194611
plain_mf,34,19,3,5159,0.0581508044194611
plain_mf,34,11,2,5159,0.0387672029463074
plain_mf,34,15,2,5159,0.0387672029463074
plain_mf,34,17,2,5159,0.0387672029463074
plain_mf,34,22,2,5159,0.0387672029463074
plain_mf,34,23,2,5159,0.0387672029463074
plain_mf,34,25,2,5159,0.0387672029463074
plain_mf,34,35,2,5159,0.0387672029463074
plain_mf,34,38,2,5159,0.0387672029463074
plain_mf,34,1,1,5159,0.0193836014731537
plain_mf,34,2,1,5159,0.0193836014731537
plain_mf,34,12,1,5159,0.0193836014731537
plain_mf,34,16,1,5159,0.0193836014731537
plain_mf,34,20,1,5159,0.0193836014731537
plain_mf,34,24,1,5159,0.0193836014731537
plain_mf,34,29,1,5159,0.0193836014731537
plain_mf,34,31,1,5159,0.0193836014731537
plain_mf,34,32,1,5159,0.0193836014731537
plain_mf,34,37,1,5159,0.0193836014731537
plain_mf,34,41,1,5159,0.0193836014731537
plain_mf,34,42,1,5159,0.0193836014731537
plain_mf,34,47,1,5159,0.0193836014731537
plain_mf,34,53,1,5159,0.0193836014731537
plain_mf,34,55,1,5159,0.0193836014731537
plain_mf,35,24,2202,32864,6.70034079844206
plain_mf,35,25,723,32864,2.19997565725414
plain_mf,35,23,646,32864,1.96567672833496
plain_mf,35,29,495,32864,1.50620740019474
plain_mf,35,32,268,32864,0.815481986368062
plain_mf,35,33,261,32864,0.794182083739046
plain_mf,35,13,144,32864,0.438169425511198
plain_mf,35,14,68,32864,0.206913339824732
plain_mf,35,15,45,32864,0.136927945472249
plain_mf,35,16,33,32864,0.100413826679649
plain_mf,35,19,30,32864,0.0912852969814995
plain_mf,35,38,9,32864,0.0273855890944499
plain_mf,35,18,4,32864,0.0121713729308666
plain_mf,35,27,4,32864,0.0121713729308666
plain_mf,36,28,1062,22575,4.70431893687708
plain_mf,36,44,1016,22575,4.50055370985604
plain_mf,36,30,901,22575,3.99114064230343
plain_mf,36,26,514,22575,2.27685492801772
plain_mf,36,34,359,22575,1.59025470653378
plain_mf,36,40,339,22575,1.50166112956811
plain_mf,36,10,329,22575,1.45736434108527
plain_mf,36,47,320,22575,1.41749723145072
plain_mf,36,21,313,22575,1.38648947951274
plain_mf,36,49,239,22575,1.05869324473976
plain_mf,36,3,223,22575,0.98781838316722
plain_mf,36,39,170,22575,0.753045404208195
plain_mf,36,41,161,22575,0.713178294573643
plain_mf,36,46,114,22575,0.504983388704319
plain_mf,36,7,72,22575,0.318936877076412
plain_mf,36,12,56,22575,0.248062015503876
plain_mf,36,53,46,22575,0.203765227021041
plain_mf,36,50,37,22575,0.16389811738649
plain_mf,36,55,30,22575,0.132890365448505
plain_mf,36,9,23,22575,0.10188261351052
plain_mf,36,33,17,22575,0.0753045404208195
plain_mf,36,13,12,22575,0.053156146179402
plain_mf,36,5,11,22575,0.0487264673311185
plain_mf,36,48,11,22575,0.0487264673311185
plain_mf,36,18,7,22575,0.0310077519379845
plain_mf,36,25,1,22575,0.0044296788482835
plain_mf,37,3,11881,191906,6.19105186914427
plain_mf,37,27,11397,191906,5.93884505956041
plain_mf,37,41,8067,191906,4.2036205225475
plain_mf,37,7,7219,191906,3.76173751732619
plain_mf,37,33,4469,191906,2.32874428105427
plain_mf,37,13,1567,191906,0.81654560045022
plain_mf,37,21,823,191906,0.428855793982471
plain_mf,37,10,701,191906,0.365283003136952
plain_mf,37,30,611,191906,0.318385042677144
plain_mf,37,47,568,191906,0.295978239346347
plain_mf,37,14,561,191906,0.292330620199473
plain_mf,37,25,523,191906,0.272529259116442
plain_mf,37,5,419,191906,0.218336060362886
plain_mf,37,12,367,191906,0.191239460986108
plain_mf,37,39,328,191906,0.170917011453524
plain_mf,37,11,304,191906,0.158410888664242
plain_mf,37,1,263,191906,0.137046262232551
plain_mf,37,28,241,191906,0.125582316342376
plain_mf,37,18,201,191906,0.104738778360239
plain_mf,37,6,165,191906,0.0859795941763155
plain_mf,37,46,139,191906,0.0724312944879264
plain_mf,37,34,111,191906,0.0578408179004304
plain_mf,37,9,101,191906,0.0526299334048962
plain_mf,37,2,95,191906,0.0495034027075756
plain_mf,37,15,67,191906,0.0349129261200796
plain_mf,37,26,48,191906,0.0250122455785645
plain_mf,37,40,46,191906,0.0239700686794577
plain_mf,37,44,38,191906,0.0198013610830302
plain_mf,37,36,24,191906,0.0125061227892823
plain_mf,37,49,19,191906,0.00990068054151512
plain_mf,37,42,15,191906,0.00781632674330141
plain_mf,37,16,10,191906,0.00521088449553427
plain_mf,37,29,9,191906,0.00468979604598084
plain_mf,37,4,8,191906,0.00416870759642742
plain_mf,37,38,8,191906,0.00416870759642742
plain_mf,37,45,7,191906,0.00364761914687399
plain_mf,37,17,6,191906,0.00312653069732056
plain_mf,37,31,6,191906,0.00312653069732056
plain_mf,37,32,5,191906,0.00260544224776714
plain_mf,37,43,5,191906,0.00260544224776714
plain_mf,37,50,5,191906,0.00260544224776714
plain_mf,37,19,4,191906,0.00208435379821371
plain_mf,37,20,3,191906,0.00156326534866028
plain_mf,37,22,3,191906,0.00156326534866028
plain_mf,37,24,3,191906,0.00156326534866028
plain_mf,37,35,2,191906,0.00104217689910685
plain_mf,37,52,2,191906,0.00104217689910685
plain_mf,37,53,2,191906,0.00104217689910685
plain_mf,37,55,2,191906,0.00104217689910685
plain_mf,37,23,1,191906,0.000521088449553427
plain_mf,37,48,1,191906,0.000521088449553427
plain_mf,38,23,640,30032,2.13106020245072
plain_mf,38,19,485,30032,1.61494405966969
plain_mf,38,27,414,30032,1.37852956846031
plain_mf,38,24,331,30032,1.10215769845498
plain_mf,38,15,209,30032,0.695924347362813
plain_mf,38,29,70,30032,0.233084709643047
plain_mf,38,32,45,30032,0.149840170484816
plain_mf,38,13,42,30032,0.139850825785828
plain_mf,38,25,33,30032,0.109882791688865
plain_mf,38,41,1,30032,0.00332978156632925
plain_mf,39,10,3949,21943,17.9966276261222
plain_mf,39,46,2685,21943,12.2362484619241
plain_mf,39,34,631,21943,2.87563232010208
plain_mf,39,30,291,21943,1.32616324112473
plain_mf,39,18,222,21943,1.01171216333227
plain_mf,39,50,146,21943,0.665360251560862
plain_mf,39,16,88,21943,0.401039055735314
plain_mf,39,23,80,21943,0.364580959759377
plain_mf,39,45,77,21943,0.3509091737684
plain_mf,39,40,71,21943,0.323565601786447
plain_mf,39,36,70,21943,0.319008339789455
plain_mf,39,47,70,21943,0.319008339789455
plain_mf,39,44,61,21943,0.277992981816525
plain_mf,39,49,60,21943,0.273435719819532
plain_mf,39,5,56,21943,0.255206671831564
plain_mf,39,1,43,21943,0.195962265870665
plain_mf,39,7,28,21943,0.127603335915782
plain_mf,39,28,20,21943,0.0911452399398441
plain_mf,39,26,7,21943,0.0319008339789455
plain_mf,39,20,5,21943,0.022786309984961
plain_mf,39,13,2,21943,0.00911452399398441
plain_mf,39,24,2,21943,0.00911452399398441
plain_mf,40,30,33622,339661,9.89869310871722
plain_mf,40,44,30725,339661,9.04578388452015
plain_mf,40,47,30045,339661,8.84558427373175
plain_mf,40,21,27419,339661,8.07246048265771
plain_mf,40,49,26250,339661,7.72829379881706
plain_mf,40,36,15392,339661,4.53157707243399
plain_mf,40,26,7994,339661,2.35352307153309
plain_mf,40,53,7205,339661,2.12123264078007
plain_mf,40,28,6877,339661,2.0246657696939
plain_mf,40,52,4116,339661,1.21179646765451
plain_mf,40,10,3492,339661,1.02808388363692
plain_mf,40,55,2751,339661,0.809925190116027
plain_mf,40,46,2679,339661,0.788727584267844
plain_mf,40,39,2509,339661,0.738677681570743
plain_mf,40,5,2242,339661,0.660069893217061
plain_mf,40,50,1559,339661,0.458987048851649
plain_mf,40,7,1346,339661,0.396277464884105
plain_mf,40,54,1207,339661,0.355354309149417
plain_mf,40,41,1042,339661,0.306776462413995
plain_mf,40,34,893,339661,0.262909194755948
plain_mf,40,3,886,339661,0.260848316409597
plain_mf,40,48,484,339661,0.14249501709057
plain_mf,40,1,162,339661,0.0476946131584138
plain_mf,40,45,143,339661,0.042100800504032
plain_mf,40,31,110,339661,0.0323852311569477
plain_mf,40,27,74,339661,0.0217864282328557
plain_mf,40,25,35,339661,0.0103043917317561
plain_mf,40,33,35,339661,0.0103043917317561
plain_mf,40,4,23,339661,0.00677145742372542
plain_mf,40,20,22,339661,0.00647704623138953
plain_mf,40,37,15,339661,0.00441616788503832
plain_mf,40,15,13,339661,0.00382734550036654
plain_mf,40,18,12,339661,0.00353293430803065
plain_mf,40,32,12,339661,0.00353293430803065
plain_mf,40,42,11,339661,0.00323852311569477
plain_mf,40,13,10,339661,0.00294411192335888
plain_mf,40,29,10,339661,0.00294411192335888
plain_mf,40,9,9,339661,0.00264970073102299
plain_mf,40,14,9,339661,0.00264970073102299
plain_mf,40,17,9,339661,0.00264970073102299
plain_mf,40,24,9,339661,0.00264970073102299
plain_mf,40,11,8,339661,0.0023552895386871
plain_mf,40,19,8,339661,0.0023552895386871
plain_mf,40,43,8,339661,0.0023552895386871
plain_mf,40,2,7,339661,0.00206087834635122
plain_mf,40,6,7,339661,0.00206087834635122
plain_mf,40,12,7,339661,0.00206087834635122
plain_mf,40,22,7,339661,0.00206087834635122
plain_mf,40,23,7,339661,0.00206087834635122
plain_mf,40,35,7,339661,0.00206087834635122
plain_mf,40,16,3,339661,0.000883233577007664
plain_mf,40,38,3,339661,0.000883233577007664
plain_mf,41,33,11543,91243,12.6508334885964
plain_mf,41,7,9212,91243,10.0961169623971
plain_mf,41,37,5403,91243,5.92155014631259
plain_mf,41,27,3612,91243,3.95865984239887
plain_mf,41,3,3480,91243,3.81399121028462
plain_mf,41,36,2066,91243,2.26428328748507
plain_mf,41,30,1947,91243,2.1338623236851
plain_mf,41,47,1748,91243,1.91576340102802
plain_mf,41,28,1585,91243,1.73711955985665
plain_mf,41,13,527,91243,0.577578553971264
plain_mf,41,26,477,91243,0.522779829685565
plain_mf,41,21,379,91243,0.415374330085596
plain_mf,41,12,298,91243,0.326600396742764
plain_mf,41,44,219,91243,0.24001841237136
plain_mf,41,40,208,91243,0.227962693028506
plain_mf,41,5,153,91243,0.167684096314238
plain_mf,41,10,122,91243,0.133708887257105
plain_mf,41,49,72,91243,0.078910162971406
plain_mf,41,15,32,91243,0.0350711835428471
plain_mf,41,2,28,91243,0.0306872855999912
plain_mf,41,18,21,91243,0.0230154641999934
plain_mf,41,46,20,91243,0.0219194897142795
plain_mf,41,6,18,91243,0.0197275407428515
plain_mf,41,34,9,91243,0.00986377037142575
plain_mf,41,11,5,91243,0.00547987242856986
plain_mf,41,32,3,91243,0.00328792345714192
plain_mf,41,45,3,91243,0.00328792345714192
plain_mf,41,31,2,91243,0.00219194897142795
plain_mf,41,53,2,91243,0.00219194897142795
plain_mf,41,1,1,91243,0.00109597448571397
plain_mf,41,4,1,91243,0.00109597448571397
plain_mf,41,17,1,91243,0.00109597448571397
plain_mf,41,19,1,91243,0.00109597448571397
plain_mf,41,25,1,91243,0.00109597448571397
plain_mf,41,29,1,91243,0.00109597448571397
plain_mf,41,38,1,91243,0.00109597448571397
plain_mf,41,43,1,91243,0.00109597448571397
plain_mf,41,55,1,91243,0.00109597448571397
plain_mf,42,31,15215,155019,9.81492591230752
plain_mf,42,20,11581,155019,7.47069714035054
plain_mf,42,24,1601,155019,1.03277662738116
plain_mf,42,43,1581,155019,1.01987498306659
plain_mf,42,25,1580,155019,1.01922990085086
plain_mf,42,22,1264,155019,0.815383920680691
plain_mf,42,19,654,155019,0.42188376908637
plain_mf,42,13,432,155019,0.278675517194666
plain_mf,42,16,389,155019,0.250936981918346
plain_mf,42,32,163,155019,0.105148401163728
plain_mf,42,7,89,155019,0.0574123171998271
plain_mf,42,18,41,155019,0.0264483708448642
plain_mf,42,23,36,155019,0.0232229597662222
plain_mf,42,33,34,155019,0.0219327953347654
plain_mf,42,15,8,155019,0.00516065772582716
plain_mf,42,4,5,155019,0.00322541107864197
plain_mf,42,21,5,155019,0.00322541107864197
plain_mf,42,49,5,155019,0.00322541107864197
plain_mf,42,54,5,155019,0.00322541107864197
plain_mf,42,41,4,155019,0.00258032886291358
plain_mf,42,1,3,155019,0.00193524664718518
plain_mf,42,52,3,155019,0.00193524664718518
plain_mf,42,2,2,155019,0.00129016443145679
plain_mf,42,5,2,155019,0.00129016443145679
plain_mf,42,12,2,155019,0.00129016443145679
plain_mf,42,26,2,155019,0.00129016443145679
plain_mf,42,36,2,155019,0.00129016443145679
plain_mf,42,38,2,155019,0.00129016443145679
plain_mf,42,47,2,155019,0.00129016443145679
plain_mf,42,55,2,155019,0.00129016443145679
plain_mf,42,3,1,155019,0.000645082215728395
plain_mf,42,10,1,155019,0.000645082215728395
plain_mf,42,11,1,155019,0.000645082215728395
plain_mf,42,14,1,155019,0.000645082215728395
plain_mf,42,30,1,155019,0.000645082215728395
plain_mf,42,34,1,155019,0.000645082215728395
plain_mf,42,35,1,155019,0.000645082215728395
plain_mf,42,37,1,155019,0.000645082215728395
plain_mf,42,39,1,155019,0.000645082215728395
plain_mf,42,40,1,155019,0.000645082215728395
plain_mf,42,44,1,155019,0.000645082215728395
plain_mf,42,45,1,155019,0.000645082215728395
plain_mf,42,48,1,155019,0.000645082215728395
plain_mf,42,50,1,155019,0.000645082215728395
plain_mf,42,53,1,155019,0.000645082215728395
plain_mf,43,16,331,5692,5.81517919887562
plain_mf,43,42,161,5692,2.82853127196065
plain_mf,43,46,128,5692,2.2487702037948
plain_mf,43,25,47,5692,0.825720309205903
plain_mf,43,20,42,5692,0.737877723120169
plain_mf,43,24,42,5692,0.737877723120169
plain_mf,43,18,17,5692,0.298664792691497
plain_mf,43,19,8,5692,0.140548137737175
plain_mf,43,10,5,5692,0.0878425860857344
plain_mf,43,31,5,5692,0.0878425860857344
plain_mf,43,39,5,5692,0.0878425860857344
plain_mf,44,30,66781,566191,11.7947830325809
plain_mf,44,40,53873,566191,9.51498699202213
plain_mf,44,47,41881,566191,7.39697381272397
plain_mf,44,36,36180,566191,6.39006978210533
plain_mf,44,21,31966,566191,5.64579797276891
plain_mf,44,49,27291,566191,4.82010487626967
plain_mf,44,28,24060,566191,4.2494493907533
plain_mf,44,53,22317,566191,3.94160274536331
plain_mf,44,26,13842,566191,2.44475804101443
plain_mf,44,54,8589,566191,1.51697925258438
plain_mf,44,55,7797,566191,1.37709712800098
plain_mf,44,39,6757,566191,1.19341353006318
plain_mf,44,52,4775,566191,0.843354980916334
plain_mf,44,50,4735,566191,0.836290227149496
plain_mf,44,7,2708,566191,0.47828383001496
plain_mf,44,3,2617,566191,0.462211515195402
plain_mf,44,5,2256,566191,0.398452112449686
plain_mf,44,10,2243,566191,0.396156067475463
plain_mf,44,33,2056,566191,0.363128343615494
plain_mf,44,46,1560,566191,0.275525396906698
plain_mf,44,41,1342,566191,0.237022488877428
plain_mf,44,45,1249,566191,0.220596936369529
plain_mf,44,34,1046,566191,0.184743311002824
plain_mf,44,18,1019,566191,0.179974602210208
plain_mf,44,1,608,566191,0.107384257255944
plain_mf,44,13,498,566191,0.0879561843971381
plain_mf,44,16,148,566191,0.0261395889373021
plain_mf,44,27,116,566191,0.0204877859238314
plain_mf,44,20,67,566191,0.0118334625594543
plain_mf,44,37,64,566191,0.0113036060269414
plain_mf,44,48,63,566191,0.0111269871827705
plain_mf,44,19,41,566191,0.00724137261100936
plain_mf,44,31,40,566191,0.0070647537668384
plain_mf,44,2,36,566191,0.00635827839015456
plain_mf,44,24,33,566191,0.00582842185764168
plain_mf,44,4,27,566191,0.00476870879261592
plain_mf,44,15,22,566191,0.00388561457176112
plain_mf,44,22,20,566191,0.0035323768834192
plain_mf,44,14,19,566191,0.00335575803924824
plain_mf,44,35,19,566191,0.00335575803924824
plain_mf,44,6,18,566191,0.00317913919507728
plain_mf,44,9,18,566191,0.00317913919507728
plain_mf,44,23,16,566191,0.00282590150673536
plain_mf,44,17,14,566191,0.00247266381839344
plain_mf,44,32,14,566191,0.00247266381839344
plain_mf,44,42,13,566191,0.00229604497422248
plain_mf,44,11,12,566191,0.00211942613005152
plain_mf,44,12,12,566191,0.00211942613005152
plain_mf,44,38,12,566191,0.00211942613005152
plain_mf,44,25,11,566191,0.00194280728588056
plain_mf,44,29,10,566191,0.0017661884417096
plain_mf,44,43,9,566191,0.00158956959753864
plain_mf,45,46,1188,16405,7.24169460530326
plain_mf,45,16,979,16405,5.9676927765925
plain_mf,45,39,602,16405,3.66961292288936
plain_mf,45,24,340,16405,2.07253886010363
plain_mf,45,20,289,16405,1.76165803108808
plain_mf,45,10,159,16405,0.969216702224931
plain_mf,45,13,144,16405,0.877781164279183
plain_mf,45,31,143,16405,0.871685461749467
plain_mf,45,1,128,16405,0.780249923803718
plain_mf,45,5,115,16405,0.701005790917403
plain_mf,45,29,103,16405,0.627857360560805
plain_mf,45,30,102,16405,0.621761658031088
plain_mf,45,18,81,16405,0.493751904907041
plain_mf,45,44,64,16405,0.390124961901859
plain_mf,45,34,63,16405,0.384029259372143
plain_mf,45,25,42,16405,0.256019506248095
plain_mf,45,40,40,16405,0.243828101188662
plain_mf,45,49,29,16405,0.17677537336178
plain_mf,45,28,13,16405,0.0792441328863151
plain_mf,45,47,12,16405,0.0731484303565986
plain_mf,45,33,6,16405,0.0365742151782993
plain_mf,45,42,4,16405,0.0243828101188662
plain_mf,45,50,3,16405,0.0182871075891497
plain_mf,45,4,2,16405,0.0121914050594331
plain_mf,45,6,2,16405,0.0121914050594331
plain_mf,45,11,2,16405,0.0121914050594331
plain_mf,45,21,2,16405,0.0121914050594331
plain_mf,45,55,2,16405,0.0121914050594331
plain_mf,45,3,1,16405,0.00609570252971655
plain_mf,45,7,1,16405,0.00609570252971655
plain_mf,45,14,1,16405,0.00609570252971655
plain_mf,45,22,1,16405,0.00609570252971655
plain_mf,45,26,1,16405,0.00609570252971655
plain_mf,45,27,1,16405,0.00609570252971655
plain_mf,45,35,1,16405,0.00609570252971655
plain_mf,45,37,1,16405,0.00609570252971655
plain_mf,45,38,1,16405,0.00609570252971655
plain_mf,45,41,1,16405,0.00609570252971655
plain_mf,45,48,1,16405,0.00609570252971655
plain_mf,45,53,1,16405,0.00609570252971655
plain_mf,46,10,23372,136482,17.1246025116865
plain_mf,46,39,10188,136482,7.46472062249967
plain_mf,46,16,8954,136482,6.56057209009247
plain_mf,46,45,8523,136482,6.24477953136677
plain_mf,46,18,8268,136482,6.05794170659867
plain_mf,46,49,1849,136482,1.35475740390674
plain_mf,46,34,1766,136482,1.29394352368811
plain_mf,46,20,1731,136482,1.26829911636699
plain_mf,46,47,1191,136482,0.872642546269838
plain_mf,46,40,981,136482,0.718776102343166
plain_mf,46,36,784,136482,0.574434723992908
plain_mf,46,44,663,136482,0.485778344397063
plain_mf,46,1,636,136482,0.465995515892206
plain_mf,46,30,558,136482,0.408845122433728
plain_mf,46,28,306,136482,0.224205389721722
plain_mf,46,26,292,136482,0.213947626793277
plain_mf,46,13,238,136482,0.174381969783561
plain_mf,46,5,232,136482,0.169985785671371
plain_mf,46,50,228,136482,0.167054996263244
plain_mf,46,43,174,136482,0.127489339253528
plain_mf,46,7,171,136482,0.125291247197433
plain_mf,46,3,100,136482,0.073269735203177
plain_mf,46,2,56,136482,0.0410310517137791
plain_mf,46,33,42,136482,0.0307732887853343
plain_mf,46,31,25,136482,0.0183174338007942
plain_mf,46,25,23,136482,0.0168520390967307
plain_mf,46,22,22,136482,0.0161193417446989
plain_mf,46,21,21,136482,0.0153866443926672
plain_mf,46,37,12,136482,0.00879236822438124
plain_mf,46,11,9,136482,0.00659427616828593
plain_mf,46,12,8,136482,0.00586157881625416
plain_mf,46,23,8,136482,0.00586157881625416
plain_mf,46,32,8,136482,0.00586157881625416
plain_mf,46,24,7,136482,0.00512888146422239
plain_mf,46,38,7,136482,0.00512888146422239
plain_mf,46,41,7,136482,0.00512888146422239
plain_mf,46,54,7,136482,0.00512888146422239
plain_mf,46,4,6,136482,0.00439618411219062
plain_mf,46,14,6,136482,0.00439618411219062
plain_mf,46,48,6,136482,0.00439618411219062
plain_mf,46,27,5,136482,0.00366348676015885
plain_mf,46,29,5,136482,0.00366348676015885
plain_mf,46,42,4,136482,0.00293078940812708
plain_mf,46,52,4,136482,0.00293078940812708
plain_mf,46,6,3,136482,0.00219809205609531
plain_mf,46,9,3,136482,0.00219809205609531
plain_mf,46,19,3,136482,0.00219809205609531
plain_mf,46,35,3,136482,0.00219809205609531
plain_mf,46,53,3,136482,0.00219809205609531
plain_mf,46,55,3,136482,0.00219809205609531
plain_mf,46,15,2,136482,0.00146539470406354
plain_mf,46,17,2,136482,0.00146539470406354
plain_mf,47,40,35680,354447,10.0663851012986
plain_mf,47,44,32276,354447,9.10601585004246
plain_mf,47,30,15661,354447,4.41843209280936
plain_mf,47,28,14534,354447,4.10047200286644
plain_mf,47,49,12785,354447,3.60702728475625
plain_mf,47,36,9194,354447,2.59389979319898
plain_mf,47,21,8562,354447,2.41559386875894
plain_mf,47,52,3737,354447,1.05431841713994
plain_mf,47,10,2789,354447,0.786859530479874
plain_mf,47,5,2762,354447,0.779242030543354
plain_mf,47,3,2255,354447,0.636202309513129
plain_mf,47,50,2232,354447,0.629713328085722
plain_mf,47,46,2050,354447,0.578365735921026
plain_mf,47,27,2047,354447,0.577519347039191
plain_mf,47,26,1798,354447,0.507269069846832
plain_mf,47,7,1746,354447,0.492598329228347
plain_mf,47,39,1454,354447,0.410216478063011
plain_mf,47,33,813,354447,0.229371386977461
plain_mf,47,41,697,354447,0.196644350213149
plain_mf,47,34,554,354447,0.156299813512316
plain_mf,47,48,420,354447,0.118494443456991
plain_mf,47,55,213,354447,0.060093610610331
plain_mf,47,37,141,354447,0.0397802774462755
plain_mf,47,1,126,354447,0.0355483330370972
plain_mf,47,6,66,354447,0.0186205554003843
plain_mf,47,45,64,354447,0.0180562961458272
plain_mf,47,4,50,354447,0.0141064813639275
plain_mf,47,11,45,354447,0.0126958332275347
plain_mf,47,18,29,354447,0.00818175919107793
plain_mf,47,2,27,354447,0.00761749993652083
plain_mf,47,15,21,354447,0.00592472217284954
plain_mf,47,35,21,354447,0.00592472217284954
plain_mf,47,9,18,354447,0.00507833329101389
plain_mf,47,17,18,354447,0.00507833329101389
plain_mf,47,19,18,354447,0.00507833329101389
plain_mf,47,22,18,354447,0.00507833329101389
plain_mf,47,31,18,354447,0.00507833329101389
plain_mf,47,16,16,354447,0.00451407403645679
plain_mf,47,29,16,354447,0.00451407403645679
plain_mf,47,38,16,354447,0.00451407403645679
plain_mf,47,20,15,354447,0.00423194440917824
plain_mf,47,43,15,354447,0.00423194440917824
plain_mf,47,53,15,354447,0.00423194440917824
plain_mf,47,24,13,354447,0.00366768515462114
plain_mf,47,32,13,354447,0.00366768515462114
plain_mf,47,54,12,354447,0.00338555552734259
plain_mf,47,14,11,354447,0.00310342590006404
plain_mf,47,23,11,354447,0.00310342590006404
plain_mf,47,13,10,354447,0.00282129627278549
plain_mf,47,25,10,354447,0.00282129627278549
plain_mf,47,42,9,354447,0.00253916664550694
plain_mf,47,12,8,354447,0.0022570370182284
plain_mf,48,21,42,1624,2.58620689655172
plain_mf,48,49,27,1624,1.66256157635468
plain_mf,48,53,22,1624,1.35467980295567
plain_mf,48,30,16,1624,0.985221674876847
plain_mf,48,43,10,1624,0.61576354679803
plain_mf,48,4,8,1624,0.492610837438424
plain_mf,48,27,8,1624,0.492610837438424
plain_mf,48,40,7,1624,0.431034482758621
plain_mf,48,26,6,1624,0.369458128078818
plain_mf,48,47,5,1624,0.307881773399015
plain_mf,48,28,3,1624,0.184729064039409
plain_mf,48,9,1,1624,0.061576354679803
plain_mf,48,12,1,1624,0.061576354679803
plain_mf,48,14,1,1624,0.061576354679803
plain_mf,48,36,1,1624,0.061576354679803
plain_mf,48,41,1,1624,0.061576354679803
plain_mf,49,30,20051,157753,12.7103763478349
plain_mf,49,40,11489,157753,7.2829042870817
plain_mf,49,52,9629,157753,6.10384588565669
plain_mf,49,26,8786,157753,5.56946619081729
plain_mf,49,10,7899,157753,5.00719479185816
plain_mf,49,44,7744,157753,4.90893992507274
plain_mf,49,36,5066,157753,3.21134938796727
plain_mf,49,21,3633,157753,2.30296729697692
plain_mf,49,47,2881,157753,1.82627271747605
plain_mf,49,34,2720,157753,1.72421443649249
plain_mf,49,28,1586,157753,1.00536915304305
plain_mf,49,53,1407,157753,0.89190062946505
plain_mf,49,39,1384,157753,0.877320875038827
plain_mf,49,46,1215,157753,0.770191375124403
plain_mf,49,50,438,157753,0.2776492364646
plain_mf,49,5,399,157753,0.252927044176656
plain_mf,49,55,391,157753,0.247855825245796
plain_mf,49,7,103,157753,0.065291943734826
plain_mf,49,45,99,157753,0.0627563342693958
plain_mf,49,3,90,157753,0.057051212972178
plain_mf,49,1,83,157753,0.0526138964076753
plain_mf,49,48,40,157753,0.0253560946543013
plain_mf,49,54,37,157753,0.0234543875552287
plain_mf,49,4,23,157753,0.0145797544262233
plain_mf,49,20,21,157753,0.0133119496935082
plain_mf,49,41,16,157753,0.0101424378617205
plain_mf,49,24,14,157753,0.00887463312900547
plain_mf,49,25,12,157753,0.0076068283962904
plain_mf,49,22,11,157753,0.00697292602993287
plain_mf,49,37,11,157753,0.00697292602993287
plain_mf,49,15,9,157753,0.0057051212972178
plain_mf,49,42,9,157753,0.0057051212972178
plain_mf,49,14,8,157753,0.00507121893086027
plain_mf,49,31,8,157753,0.00507121893086027
plain_mf,49,35,7,157753,0.00443731656450274
plain_mf,49,16,6,157753,0.0038034141981452
plain_mf,49,17,6,157753,0.0038034141981452
plain_mf,49,19,6,157753,0.0038034141981452
plain_mf,49,23,6,157753,0.0038034141981452
plain_mf,49,29,6,157753,0.0038034141981452
plain_mf,49,32,6,157753,0.0038034141981452
plain_mf,49,33,6,157753,0.0038034141981452
plain_mf,49,9,5,157753,0.00316951183178767
plain_mf,49,13,5,157753,0.00316951183178767
plain_mf,49,27,4,157753,0.00253560946543013
plain_mf,49,38,4,157753,0.00253560946543013
plain_mf,49,6,3,157753,0.0019017070990726
plain_mf,49,12,3,157753,0.0019017070990726
plain_mf,49,18,3,157753,0.0019017070990726
plain_mf,49,43,3,157753,0.0019017070990726
plain_mf,49,2,2,157753,0.00126780473271507
plain_mf,49,11,2,157753,0.00126780473271507
plain_mf,50,39,70,2292,3.05410122164049
plain_mf,50,53,52,2292,2.26876090750436
plain_mf,50,40,33,2292,1.43979057591623
plain_mf,50,44,31,2292,1.35253054101222
plain_mf,50,10,25,2292,1.09075043630017
plain_mf,50,28,23,2292,1.00349040139616
plain_mf,50,46,17,2292,0.741710296684119
plain_mf,50,47,13,2292,0.567190226876091
plain_mf,50,21,12,2292,0.523560209424084
plain_mf,50,30,5,2292,0.218150087260035
plain_mf,50,2,4,2292,0.174520069808028
plain_mf,50,34,4,2292,0.174520069808028
plain_mf,50,55,4,2292,0.174520069808028
plain_mf,50,49,3,2292,0.130890052356021
plain_mf,50,54,3,2292,0.130890052356021
plain_mf,50,18,2,2292,0.087260034904014
plain_mf,50,38,2,2292,0.087260034904014
plain_mf,50,48,2,2292,0.087260034904014
plain_mf,50,1,1,2292,0.043630017452007
plain_mf,50,4,1,2292,0.043630017452007
plain_mf,50,5,1,2292,0.043630017452007
plain_mf,50,12,1,2292,0.043630017452007
plain_mf,50,14,1,2292,0.043630017452007
plain_mf,50,19,1,2292,0.043630017452007
plain_mf,50,23,1,2292,0.043630017452007
plain_mf,50,24,1,2292,0.043630017452007
plain_mf,50,26,1,2292,0.043630017452007
plain_mf,50,33,1,2292,0.043630017452007
plain_mf,50,35,1,2292,0.043630017452007
plain_mf,50,41,1,2292,0.043630017452007
plain_mf,50,42,1,2292,0.043630017452007
plain_mf,52,49,1180,23635,4.99259572667654
plain_mf,52,53,797,23635,3.37211762217051
plain_mf,52,55,391,23635,1.65432621112757
plain_mf,52,40,335,23635,1.41738946477681
plain_mf,52,44,200,23635,0.846202665538396
plain_mf,52,47,59,23635,0.249629786333827
plain_mf,52,26,32,23635,0.135392426486143
plain_mf,52,21,22,23635,0.0930822932092236
plain_mf,52,28,18,23635,0.0761582398984557
plain_mf,52,32,14,23635,0.0592341865876878
plain_mf,52,2,12,23635,0.0507721599323038
plain_mf,52,13,12,23635,0.0507721599323038
plain_mf,52,15,12,23635,0.0507721599323038
plain_mf,52,7,10,23635,0.0423101332769198
plain_mf,52,10,10,23635,0.0423101332769198
plain_mf,52,39,10,23635,0.0423101332769198
plain_mf,52,46,10,23635,0.0423101332769198
plain_mf,52,12,9,23635,0.0380791199492278
plain_mf,52,19,9,23635,0.0380791199492278
plain_mf,52,25,9,23635,0.0380791199492278
plain_mf,52,36,9,23635,0.0380791199492278
plain_mf,52,1,8,23635,0.0338481066215359
plain_mf,52,4,8,23635,0.0338481066215359
plain_mf,52,17,8,23635,0.0338481066215359
plain_mf,52,27,8,23635,0.0338481066215359
plain_mf,52,31,8,23635,0.0338481066215359
plain_mf,52,43,8,23635,0.0338481066215359
plain_mf,52,3,7,23635,0.0296170932938439
plain_mf,52,22,7,23635,0.0296170932938439
plain_mf,52,23,7,23635,0.0296170932938439
plain_mf,52,37,7,23635,0.0296170932938439
plain_mf,52,38,7,23635,0.0296170932938439
plain_mf,52,42,7,23635,0.0296170932938439
plain_mf,52,6,6,23635,0.0253860799661519
plain_mf,52,14,6,23635,0.0253860799661519
plain_mf,52,16,6,23635,0.0253860799661519
plain_mf,52,18,6,23635,0.0253860799661519
plain_mf,52,20,6,23635,0.0253860799661519
plain_mf,52,11,5,23635,0.0211550666384599
plain_mf,52,54,5,23635,0.0211550666384599
plain_mf,52,9,4,23635,0.0169240533107679
plain_mf,52,24,4,23635,0.0169240533107679
plain_mf,52,29,4,23635,0.0169240533107679
plain_mf,52,41,4,23635,0.0169240533107679
plain_mf,52,45,4,23635,0.0169240533107679
plain_mf,52,5,3,23635,0.0126930399830759
plain_mf,52,35,3,23635,0.0126930399830759
plain_mf,52,30,2,23635,0.00846202665538397
plain_mf,52,33,1,23635,0.00423101332769198
plain_mf,52,50,1,23635,0.00423101332769198
plain_mf,53,44,2260,64489,3.5044736311619
plain_mf,53,21,2145,64489,3.32614864550544
plain_mf,53,52,1837,64489,2.84854781435594
plain_mf,53,55,1819,64489,2.82063607747058
plain_mf,53,54,1627,64489,2.52291088402673
plain_mf,53,49,1164,64489,1.8049589852533
plain_mf,53,40,1053,64489,1.63283660779358
plain_mf,53,50,491,64489,0.761370156150661
plain_mf,53,30,436,64489,0.676084293445394
plain_mf,53,26,427,64489,0.662128425002714
plain_mf,53,34,233,64489,0.361301927460497
plain_mf,53,2,81,64489,0.125602815984121
plain_mf,53,28,79,64489,0.122501511885748
plain_mf,53,39,44,64489,0.0682286901642141
plain_mf,53,48,39,64489,0.0604754299182806
plain_mf,53,47,36,64489,0.0558234737707206
plain_mf,53,36,34,64489,0.0527221696723472
plain_mf,53,46,32,64489,0.0496208655739739
plain_mf,53,24,29,64489,0.0449689094264138
plain_mf,53,29,26,64489,0.0403169532788538
plain_mf,53,32,25,64489,0.0387663012296671
plain_mf,53,31,24,64489,0.0372156491804804
plain_mf,53,42,23,64489,0.0356649971312937
plain_mf,53,15,22,64489,0.034114345082107
plain_mf,53,23,22,64489,0.034114345082107
plain_mf,53,14,21,64489,0.0325636930329203
plain_mf,53,17,21,64489,0.0325636930329203
plain_mf,53,35,21,64489,0.0325636930329203
plain_mf,53,7,20,64489,0.0310130409837337
plain_mf,53,10,20,64489,0.0310130409837337
plain_mf,53,19,19,64489,0.029462388934547
plain_mf,53,25,19,64489,0.029462388934547
plain_mf,53,38,19,64489,0.029462388934547
plain_mf,53,5,18,64489,0.0279117368853603
plain_mf,53,43,17,64489,0.0263610848361736
plain_mf,53,9,16,64489,0.0248104327869869
plain_mf,53,13,16,64489,0.0248104327869869
plain_mf,53,1,15,64489,0.0232597807378002
plain_mf,53,3,15,64489,0.0232597807378002
plain_mf,53,11,15,64489,0.0232597807378002
plain_mf,53,12,15,64489,0.0232597807378002
plain_mf,53,33,15,64489,0.0232597807378002
plain_mf,53,45,15,64489,0.0232597807378002
plain_mf,53,4,14,64489,0.0217091286886136
plain_mf,53,20,14,64489,0.0217091286886136
plain_mf,53,16,13,64489,0.0201584766394269
plain_mf,53,22,13,64489,0.0201584766394269
plain_mf,53,41,12,64489,0.0186078245902402
plain_mf,53,18,11,64489,0.0170571725410535
plain_mf,53,6,7,64489,0.0108545643443068
plain_mf,53,37,7,64489,0.0108545643443068
plain_mf,53,27,3,64489,0.00465195614756005
plain_mf,54,44,210,11548,1.81849670938691
plain_mf,54,53,177,11548,1.53273294076896
plain_mf,54,21,174,11548,1.50675441634915
plain_mf,54,40,27,11548,0.233806719778317
plain_mf,54,36,23,11548,0.199168687218566
plain_mf,54,50,22,11548,0.190509179078628
plain_mf,54,49,18,11548,0.155871146518878
plain_mf,54,34,10,11548,0.0865950813993765
plain_mf,54,39,9,11548,0.0779355732594389
plain_mf,54,7,7,11548,0.0606165569795636
plain_mf,54,14,7,11548,0.0606165569795636
plain_mf,54,28,7,11548,0.0606165569795636
plain_mf,54,31,7,11548,0.0606165569795636
plain_mf,54,19,6,11548,0.0519570488396259
plain_mf,54,30,6,11548,0.0519570488396259
plain_mf,54,42,6,11548,0.0519570488396259
plain_mf,54,12,5,11548,0.0432975406996883
plain_mf,54,17,5,11548,0.0432975406996883
plain_mf,54,18,5,11548,0.0432975406996883
plain_mf,54,23,5,11548,0.0432975406996883
plain_mf,54,2,4,11548,0.0346380325597506
plain_mf,54,9,4,11548,0.0346380325597506
plain_mf,54,24,4,11548,0.0346380325597506
plain_mf,54,25,4,11548,0.0346380325597506
plain_mf,54,43,4,11548,0.0346380325597506
plain_mf,54,47,4,11548,0.0346380325597506
plain_mf,54,52,4,11548,0.0346380325597506
plain_mf,54,4,3,11548,0.025978524419813
plain_mf,54,11,3,11548,0.025978524419813
plain_mf,54,20,3,11548,0.025978524419813
plain_mf,54,22,3,11548,0.025978524419813
plain_mf,54,33,3,11548,0.025978524419813
plain_mf,54,38,3,11548,0.025978524419813
plain_mf,54,41,3,11548,0.025978524419813
plain_mf,54,45,3,11548,0.025978524419813
plain_mf,54,46,3,11548,0.025978524419813
plain_mf,54,55,3,11548,0.025978524419813
plain_mf,54,3,2,11548,0.0173190162798753
plain_mf,54,5,2,11548,0.0173190162798753
plain_mf,54,10,2,11548,0.0173190162798753
plain_mf,54,13,2,11548,0.0173190162798753
plain_mf,54,16,2,11548,0.0173190162798753
plain_mf,54,35,2,11548,0.0173190162798753
plain_mf,54,37,2,11548,0.0173190162798753
plain_mf,54,1,1,11548,0.00865950813993765
plain_mf,54,6,1,11548,0.00865950813993765
plain_mf,54,32,1,11548,0.00865950813993765
plain_mf,54,48,1,11548,0.00865950813993765
plain_mf,55,52,418,6383,6.54864483785054
plain_mf,55,53,189,6383,2.9609901300329
plain_mf,55,44,137,6383,2.14632617891274
plain_mf,55,40,129,6383,2.02099326335579
plain_mf,55,28,38,6383,0.595331348895504
plain_mf,55,50,32,6383,0.501331662227793
plain_mf,55,21,8,6383,0.125332915556948
plain_mf,55,49,8,6383,0.125332915556948
plain_mf,55,36,5,6383,0.0783330722230926
plain_mf,55,24,1,6383,0.0156666144446185
plain_mf,55,25,1,6383,0.0156666144446185
plain_rf,1,3,459,15263,3.00727248902575
plain_rf,1,39,402,15263,2.63382034986569
plain_rf,1,2,357,15263,2.33898971368669
plain_rf,1,10,337,15263,2.20795387538492
plain_rf,1,45,248,15263,1.62484439494202
plain_rf,1,13,233,15263,1.52656751621569
plain_rf,1,18,193,15263,1.26449583961213
plain_rf,1,25,190,15263,1.24484046386687
plain_rf,1,4,178,15263,1.1662189608858
plain_rf,1,31,153,15263,1.00242416300858
plain_rf,1,5,134,15263,0.877940116621896
plain_rf,1,50,114,15263,0.746904278320121
plain_rf,1,21,97,15263,0.635523815763611
plain_rf,1,33,90,15263,0.58966127235799
plain_rf,1,7,69,15263,0.452073642141126
plain_rf,1,46,65,15263,0.425866474480771
plain_rf,1,17,50,15263,0.327589595754439
plain_rf,1,47,47,15263,0.307934220009173
plain_rf,1,16,41,15263,0.26862346851864
plain_rf,1,28,38,15263,0.248968092773374
plain_rf,1,40,28,15263,0.183450173622486
plain_rf,1,6,22,15263,0.144139422131953
plain_rf,1,20,18,15263,0.117932254471598
plain_rf,1,44,17,15263,0.111380462556509
plain_rf,1,42,14,15263,0.0917250868112429
plain_rf,1,11,12,15263,0.0786215029810653
plain_rf,1,55,9,15263,0.058966127235799
plain_rf,1,30,7,15263,0.0458625434056214
plain_rf,1,12,5,15263,0.0327589595754439
plain_rf,1,24,5,15263,0.0327589595754439
plain_rf,1,32,5,15263,0.0327589595754439
plain_rf,1,43,5,15263,0.0327589595754439
plain_rf,1,48,5,15263,0.0327589595754439
plain_rf,1,29,4,15263,0.0262071676603551
plain_rf,1,15,3,15263,0.0196553757452663
plain_rf,1,22,3,15263,0.0196553757452663
plain_rf,1,54,3,15263,0.0196553757452663
plain_rf,1,14,2,15263,0.0131035838301776
plain_rf,1,19,2,15263,0.0131035838301776
plain_rf,1,26,2,15263,0.0131035838301776
plain_rf,1,9,1,15263,0.00655179191508878
plain_rf,1,27,1,15263,0.00655179191508878
plain_rf,1,34,1,15263,0.00655179191508878
plain_rf,1,37,1,15263,0.00655179191508878
plain_rf,1,41,1,15263,0.00655179191508878
plain_rf,1,53,1,15263,0.00655179191508878
plain_rf,2,3,20250,284043,7.12920226867059
plain_rf,2,4,14800,284043,5.21047869512715
plain_rf,2,5,14252,284043,5.01755015965893
plain_rf,2,6,11474,284043,4.03952922620871
plain_rf,2,9,9125,284043,3.21254176304292
plain_rf,2,18,4896,284043,1.72368268184747
plain_rf,2,11,4672,284043,1.64482138267797
plain_rf,2,16,4471,284043,1.57405744904821
plain_rf,2,13,4161,284043,1.46491904394757
plain_rf,2,7,2932,284043,1.03223807662924
plain_rf,2,1,2009,284043,0.707287276926381
plain_rf,2,12,1994,284043,0.702006386356995
plain_rf,2,27,1748,284043,0.615399781019071
plain_rf,2,25,904,284043,0.318261671648307
plain_rf,2,10,888,284043,0.312628721707629
plain_rf,2,53,532,284043,0.187295585527543
plain_rf,2,17,404,284043,0.142231986002119
plain_rf,2,14,320,284043,0.11265899881356
plain_rf,2,20,320,284043,0.11265899881356
plain_rf,2,31,315,284043,0.110898701957098
plain_rf,2,22,255,284043,0.0897751396795556
plain_rf,2,44,250,284043,0.0880148428230937
plain_rf,2,28,235,284043,0.0827339522537081
plain_rf,2,55,232,284043,0.0816777741398309
plain_rf,2,41,169,284043,0.0594980337484113
plain_rf,2,34,146,284043,0.0514006682086867
plain_rf,2,30,142,284043,0.0499924307235172
plain_rf,2,24,138,284043,0.0485841932383477
plain_rf,2,40,110,284043,0.0387265308421612
plain_rf,2,37,101,284043,0.0355579965005298
plain_rf,2,50,101,284043,0.0355579965005298
plain_rf,2,32,100,284043,0.0352059371292375
plain_rf,2,33,84,284043,0.0295729871885595
plain_rf,2,46,79,284043,0.0278126903320976
plain_rf,2,36,78,284043,0.0274606309608052
plain_rf,2,39,59,284043,0.0207715029062501
plain_rf,2,42,35,284043,0.0123220779952331
plain_rf,2,26,29,284043,0.0102097217674789
plain_rf,2,45,27,284043,0.00950560302489412
plain_rf,2,52,27,284043,0.00950560302489412
plain_rf,2,48,19,284043,0.00668912805455512
plain_rf,2,38,15,284043,0.00528089056938562
plain_rf,2,49,15,284043,0.00528089056938562
plain_rf,2,21,14,284043,0.00492883119809325
plain_rf,2,29,13,284043,0.00457677182680087
plain_rf,2,15,11,284043,0.00387265308421612
plain_rf,2,19,11,284043,0.00387265308421612
plain_rf,2,23,11,284043,0.00387265308421612
plain_rf,2,35,9,284043,0.00316853434163137
plain_rf,2,54,9,284043,0.00316853434163137
plain_rf,2,43,2,284043,0.000704118742584749
plain_rf,2,47,2,284043,0.000704118742584749
plain_rf,3,7,41884,552373,7.58255743854243
plain_rf,3,9,26824,552373,4.85613887717177
plain_rf,3,5,21968,552373,3.97702277265543
plain_rf,3,27,20661,552373,3.74040729724299
plain_rf,3,2,20489,552373,3.70926891792322
plain_rf,3,41,19147,552373,3.46631714439337
plain_rf,3,12,18928,552373,3.42667002188738
plain_rf,3,6,18881,552373,3.41816127870117
plain_rf,3,37,11280,552373,2.04209836469197
plain_rf,3,33,10914,552373,1.97583879009293
plain_rf,3,28,7787,552373,1.40973581257592
plain_rf,3,11,7423,552373,1.34383831215501
plain_rf,3,4,5755,552373,1.04186844758886
plain_rf,3,1,4810,552373,0.870788398419184
plain_rf,3,36,3878,552373,0.7020618314074
plain_rf,3,13,3719,552373,0.673276934245519
plain_rf,3,10,3140,552373,0.568456459674894
plain_rf,3,47,2133,552373,0.386152110982977
plain_rf,3,15,2131,552373,0.38579003680484
plain_rf,3,18,1585,552373,0.286943786173473
plain_rf,3,24,1460,552373,0.264314150039919
plain_rf,3,14,1289,552373,0.233356807809216
plain_rf,3,39,1049,552373,0.189907906432791
plain_rf,3,44,936,552373,0.169450715368057
plain_rf,3,30,654,552373,0.118398256250758
plain_rf,3,22,637,552373,0.115320625736595
plain_rf,3,46,618,552373,0.111880921044294
plain_rf,3,34,582,552373,0.105363585837831
plain_rf,3,26,354,552373,0.0640871295302269
plain_rf,3,32,332,552373,0.0601043135707212
plain_rf,3,21,254,552373,0.0459834206233831
plain_rf,3,25,252,552373,0.0456213464452462
plain_rf,3,40,247,552373,0.0447161609999041
plain_rf,3,23,173,552373,0.0313194164088397
plain_rf,3,49,125,552373,0.0226296361335547
plain_rf,3,45,50,552373,0.00905185445342187
plain_rf,3,16,46,552373,0.00832770609714812
plain_rf,3,19,29,552373,0.00525007558298469
plain_rf,3,29,29,552373,0.00525007558298469
plain_rf,3,17,19,552373,0.00343970469230031
plain_rf,3,48,19,552373,0.00343970469230031
plain_rf,3,31,18,552373,0.00325866760323187
plain_rf,3,38,13,552373,0.00235348215788969
plain_rf,3,55,13,552373,0.00235348215788969
plain_rf,3,20,12,552373,0.00217244506882125
plain_rf,3,35,11,552373,0.00199140797975281
plain_rf,3,50,11,552373,0.00199140797975281
plain_rf,3,52,11,552373,0.00199140797975281
plain_rf,3,42,10,552373,0.00181037089068437
plain_rf,3,43,7,552373,0.00126725962347906
plain_rf,3,53,7,552373,0.00126725962347906
plain_rf,3,54,6,552373,0.00108622253441062
plain_rf,4,2,13856,91405,15.158908156009
plain_rf,4,13,6158,91405,6.73704939554729
plain_rf,4,11,6108,91405,6.68234779279033
plain_rf,4,12,3880,91405,4.24484437394016
plain_rf,4,3,3763,91405,4.11684262348887
plain_rf,4,5,2836,91405,3.10267490837482
plain_rf,4,6,2023,91405,2.21322684754663
plain_rf,4,14,1883,91405,2.06006235982714
plain_rf,4,15,1507,91405,1.6487063070948
plain_rf,4,27,1409,91405,1.54149116569115
plain_rf,4,1,1053,91405,1.15201575406159
plain_rf,4,7,954,91405,1.04370658060281
plain_rf,4,16,729,91405,0.797549368196488
plain_rf,4,17,330,91405,0.361030578195941
plain_rf,4,22,326,91405,0.356654449975384
plain_rf,4,9,300,91405,0.328209616541765
plain_rf,4,21,200,91405,0.218806411027843
plain_rf,4,48,179,91405,0.19583173786992
plain_rf,4,25,176,91405,0.192549641704502
plain_rf,4,20,172,91405,0.188173513483945
plain_rf,4,23,155,91405,0.169574968546578
plain_rf,4,18,145,91405,0.158634647995186
plain_rf,4,33,117,91405,0.128001750451288
plain_rf,4,30,104,91405,0.113779333734478
plain_rf,4,39,72,91405,0.0787703079700235
plain_rf,4,50,45,91405,0.0492314424812647
plain_rf,4,26,33,91405,0.0361030578195941
plain_rf,4,19,29,91405,0.0317269295990373
plain_rf,4,32,19,91405,0.0207866090476451
plain_rf,4,35,12,91405,0.0131283846616706
plain_rf,4,46,11,91405,0.0120343526065314
plain_rf,4,10,9,91405,0.00984628849625294
plain_rf,4,24,9,91405,0.00984628849625294
plain_rf,4,31,9,91405,0.00984628849625294
plain_rf,4,34,9,91405,0.00984628849625294
plain_rf,4,38,9,91405,0.00984628849625294
plain_rf,4,52,9,91405,0.00984628849625294
plain_rf,4,28,8,91405,0.00875225644111373
plain_rf,4,40,7,91405,0.00765822438597451
plain_rf,4,44,6,91405,0.00656419233083529
plain_rf,4,45,6,91405,0.00656419233083529
plain_rf,4,55,6,91405,0.00656419233083529
plain_rf,4,36,5,91405,0.00547016027569608
plain_rf,4,37,5,91405,0.00547016027569608
plain_rf,4,43,5,91405,0.00547016027569608
plain_rf,4,53,5,91405,0.00547016027569608
plain_rf,4,29,4,91405,0.00437612822055686
plain_rf,4,47,4,91405,0.00437612822055686
plain_rf,4,49,4,91405,0.00437612822055686
plain_rf,4,54,4,91405,0.00437612822055686
plain_rf,4,41,3,91405,0.00328209616541765
plain_rf,4,42,3,91405,0.00328209616541765
plain_rf,5,3,17310,190463,9.08837937027139
plain_rf,5,2,14676,190463,7.70543360127689
plain_rf,5,12,12643,190463,6.63803468390186
plain_rf,5,11,9761,190463,5.12487989793293
plain_rf,5,13,7010,190463,3.68050487496259
plain_rf,5,6,4345,190463,2.28128297884629
plain_rf,5,4,4305,190463,2.26028152449557
plain_rf,5,7,4278,190463,2.24610554280884
plain_rf,5,10,3930,190463,2.06339288995763
plain_rf,5,16,3410,190463,1.79037398339835
plain_rf,5,27,3033,190463,1.59243527614287
plain_rf,5,46,2539,190463,1.33306731491156
plain_rf,5,33,2519,190463,1.3225665877362
plain_rf,5,14,2516,190463,1.3209914786599
plain_rf,5,1,2355,190463,1.23646062489827
plain_rf,5,41,2155,190463,1.13145335314471
plain_rf,5,39,2115,190463,1.11045189879399
plain_rf,5,15,1927,190463,1.01174506334564
plain_rf,5,47,1681,190463,0.882586119088747
plain_rf,5,44,1527,190463,0.801730519838499
plain_rf,5,36,1369,190463,0.718774775153179
plain_rf,5,21,1289,190463,0.676771866451752
plain_rf,5,26,1207,190463,0.633718885032789
plain_rf,5,25,1138,190463,0.597491376277807
plain_rf,5,24,1032,190463,0.541837522248416
plain_rf,5,49,837,190463,0.439455432288686
plain_rf,5,40,784,190463,0.41162850527399
plain_rf,5,22,733,190463,0.38485165097683
plain_rf,5,20,705,190463,0.370150632931331
plain_rf,5,18,642,190463,0.337073342328956
plain_rf,5,9,505,190463,0.265143361177762
plain_rf,5,17,476,190463,0.249917306773494
plain_rf,5,37,463,190463,0.243091834109512
plain_rf,5,28,424,190463,0.222615416117566
plain_rf,5,45,377,190463,0.197938707255477
plain_rf,5,34,354,190463,0.185862871003817
plain_rf,5,30,340,190463,0.178512361981067
plain_rf,5,42,205,190463,0.107632453547408
plain_rf,5,35,119,190463,0.0624793266933735
plain_rf,5,23,109,190463,0.0572289631056951
plain_rf,5,32,81,190463,0.0425279450601954
plain_rf,5,29,72,190463,0.0378026178312848
plain_rf,5,31,64,190463,0.0336023269611421
plain_rf,5,50,37,190463,0.0194263452744103
plain_rf,5,48,15,190463,0.00787554538151767
plain_rf,5,38,10,190463,0.00525036358767845
plain_rf,5,43,10,190463,0.00525036358767845
plain_rf,5,52,8,190463,0.00420029087014276
plain_rf,5,53,7,190463,0.00367525451137491
plain_rf,5,19,5,190463,0.00262518179383922
plain_rf,5,54,5,190463,0.00262518179383922
plain_rf,5,55,1,190463,0.000525036358767845
plain_rf,6,2,11738,90294,12.9997563514741
plain_rf,6,12,4699,90294,5.20411101512836
plain_rf,6,3,4259,90294,4.71681396327552
plain_rf,6,11,2791,90294,3.09101379936651
plain_rf,6,4,2699,90294,2.98912441579728
plain_rf,6,27,2201,90294,2.43759275256385
plain_rf,6,21,1623,90294,1.79746162535717
plain_rf,6,5,1237,90294,1.36996921168627
plain_rf,6,15,1218,90294,1.34892683899262
plain_rf,6,25,951,90294,1.05322612798193
plain_rf,6,24,883,90294,0.977916583604669
plain_rf,6,7,454,90294,0.502801958048154
plain_rf,6,30,358,90294,0.396482601280262
plain_rf,6,23,295,90294,0.326710523401333
plain_rf,6,9,272,90294,0.301238177509026
plain_rf,6,37,251,90294,0.27798081821605
plain_rf,6,47,235,90294,0.260260925421401
plain_rf,6,13,205,90294,0.227036126431435
plain_rf,6,31,197,90294,0.218176180034111
plain_rf,6,1,175,90294,0.193811327441469
plain_rf,6,22,149,90294,0.165016501650165
plain_rf,6,33,147,90294,0.162801515050834
plain_rf,6,10,118,90294,0.130684209360533
plain_rf,6,49,116,90294,0.128469222761202
plain_rf,6,42,83,90294,0.0919219438722396
plain_rf,6,18,78,90294,0.0863844773739119
plain_rf,6,43,67,90294,0.074202051077591
plain_rf,6,29,65,90294,0.0719870644782599
plain_rf,6,36,60,90294,0.0664495979799322
plain_rf,6,14,57,90294,0.0631271180809356
plain_rf,6,16,45,90294,0.0498371984849492
plain_rf,6,50,29,90294,0.0321173056903006
plain_rf,6,19,26,90294,0.028794825791304
plain_rf,6,26,24,90294,0.0265798391919729
plain_rf,6,44,22,90294,0.0243648525926418
plain_rf,6,35,20,90294,0.0221498659933107
plain_rf,6,20,18,90294,0.0199348793939797
plain_rf,6,46,18,90294,0.0199348793939797
plain_rf,6,34,17,90294,0.0188273860943141
plain_rf,6,39,17,90294,0.0188273860943141
plain_rf,6,55,17,90294,0.0188273860943141
plain_rf,6,40,16,90294,0.0177198927946486
plain_rf,6,48,16,90294,0.0177198927946486
plain_rf,6,53,16,90294,0.0177198927946486
plain_rf,6,52,14,90294,0.0155049061953175
plain_rf,6,17,13,90294,0.014397412895652
plain_rf,6,28,12,90294,0.0132899195959864
plain_rf,6,41,12,90294,0.0132899195959864
plain_rf,6,45,12,90294,0.0132899195959864
plain_rf,6,32,11,90294,0.0121824262963209
plain_rf,6,54,11,90294,0.0121824262963209
plain_rf,6,38,8,90294,0.0088599463973243
plain_rf,7,3,21972,220966,9.94361123430754
plain_rf,7,41,19305,220966,8.73663821583411
plain_rf,7,33,14616,220966,6.6145922902166
plain_rf,7,13,7872,220966,3.56253903315442
plain_rf,7,12,6929,220966,3.1357765448078
plain_rf,7,27,5914,220966,2.6764298579872
plain_rf,7,11,4549,220966,2.05868776191812
plain_rf,7,14,4273,220966,1.93378166776789
plain_rf,7,25,3927,220966,1.77719649176796
plain_rf,7,15,3492,220966,1.58033362598771
plain_rf,7,2,3285,220966,1.48665405537504
plain_rf,7,36,2971,220966,1.34455074536354
plain_rf,7,24,2820,220966,1.27621444023062
plain_rf,7,9,2725,220966,1.23322140057746
plain_rf,7,37,2526,220966,1.1431622964619
plain_rf,7,28,2502,220966,1.13230089697057
plain_rf,7,4,2465,220966,1.11555623942145
plain_rf,7,5,2458,220966,1.11238833123648
plain_rf,7,23,2055,220966,0.930007331444657
plain_rf,7,6,1315,220966,0.595114180462153
plain_rf,7,39,1313,220966,0.594209063837876
plain_rf,7,49,1276,220966,0.57746440628875
plain_rf,7,44,1203,220966,0.544427649502639
plain_rf,7,18,1123,220966,0.508222984531557
plain_rf,7,10,1040,220966,0.47066064462406
plain_rf,7,32,913,220966,0.413185738982468
plain_rf,7,1,805,220966,0.364309441271508
plain_rf,7,21,802,220966,0.362951766335092
plain_rf,7,40,786,220966,0.355710833340876
plain_rf,7,47,732,220966,0.331272684485396
plain_rf,7,26,640,220966,0.289637319768652
plain_rf,7,46,458,220966,0.207271706959442
plain_rf,7,31,424,220966,0.191884724346732
plain_rf,7,34,416,220966,0.188264257849624
plain_rf,7,19,391,220966,0.176950300046161
plain_rf,7,35,348,220966,0.157490292624205
plain_rf,7,42,279,220966,0.126263769086647
plain_rf,7,16,243,220966,0.10997166984966
plain_rf,7,20,223,220966,0.10092050360689
plain_rf,7,30,202,220966,0.0914167790519808
plain_rf,7,29,163,220966,0.0737670048785786
plain_rf,7,50,116,220966,0.0524967642080682
plain_rf,7,45,61,220966,0.0276060570404497
plain_rf,7,22,27,220966,0.01221907442774
plain_rf,7,38,11,220966,0.00497814143352371
plain_rf,7,55,9,220966,0.00407302480924667
plain_rf,7,43,6,220966,0.00271534987283111
plain_rf,7,17,4,220966,0.00181023324855408
plain_rf,7,52,3,220966,0.00135767493641556
plain_rf,7,53,3,220966,0.00135767493641556
plain_rf,7,48,1,220966,0.000452558312138519
plain_rf,7,54,1,220966,0.000452558312138519
plain_rf,9,3,3746,30500,12.2819672131148
plain_rf,9,2,547,30500,1.79344262295082
plain_rf,9,11,243,30500,0.79672131147541
plain_rf,9,12,231,30500,0.757377049180328
plain_rf,9,7,133,30500,0.436065573770492
plain_rf,9,14,48,30500,0.157377049180328
plain_rf,9,5,34,30500,0.111475409836066
plain_rf,9,13,30,30500,0.0983606557377049
plain_rf,9,4,25,30500,0.0819672131147541
plain_rf,9,27,20,30500,0.0655737704918033
plain_rf,9,36,10,30500,0.0327868852459016
plain_rf,9,6,9,30500,0.0295081967213115
plain_rf,9,10,9,30500,0.0295081967213115
plain_rf,9,29,4,30500,0.0131147540983607
plain_rf,9,45,4,30500,0.0131147540983607
plain_rf,9,18,3,30500,0.00983606557377049
plain_rf,9,21,3,30500,0.00983606557377049
plain_rf,9,26,3,30500,0.00983606557377049
plain_rf,9,48,3,30500,0.00983606557377049
plain_rf,9,22,2,30500,0.00655737704918033
plain_rf,9,23,2,30500,0.00655737704918033
plain_rf,9,24,2,30500,0.00655737704918033
plain_rf,9,25,2,30500,0.00655737704918033
plain_rf,9,28,2,30500,0.00655737704918033
plain_rf,9,33,2,30500,0.00655737704918033
plain_rf,9,34,2,30500,0.00655737704918033
plain_rf,9,35,2,30500,0.00655737704918033
plain_rf,9,38,2,30500,0.00655737704918033
plain_rf,9,55,2,30500,0.00655737704918033
plain_rf,9,15,1,30500,0.00327868852459016
plain_rf,9,16,1,30500,0.00327868852459016
plain_rf,9,19,1,30500,0.00327868852459016
plain_rf,9,30,1,30500,0.00327868852459016
plain_rf,9,32,1,30500,0.00327868852459016
plain_rf,9,41,1,30500,0.00327868852459016
plain_rf,9,42,1,30500,0.00327868852459016
plain_rf,9,43,1,30500,0.00327868852459016
plain_rf,9,53,1,30500,0.00327868852459016
plain_rf,9,54,1,30500,0.00327868852459016
plain_rf,10,46,24961,146264,17.0657167860854
plain_rf,10,39,13380,146264,9.14784225783515
plain_rf,10,18,6391,146264,4.36949625335011
plain_rf,10,49,6150,146264,4.20472570147131
plain_rf,10,34,4574,146264,3.12722200951704
plain_rf,10,16,2074,146264,1.41798391948805
plain_rf,10,20,1879,146264,1.28466334846579
plain_rf,10,36,1724,146264,1.17869058688399
plain_rf,10,1,1415,146264,0.967428758956408
plain_rf,10,45,858,146264,0.586610512497949
plain_rf,10,28,847,146264,0.579089864901821
plain_rf,10,3,700,146264,0.478586665208117
plain_rf,10,30,699,146264,0.477902969972105
plain_rf,10,47,678,146264,0.463545370015862
plain_rf,10,40,568,146264,0.388338894054586
plain_rf,10,5,476,146264,0.325438932341519
plain_rf,10,44,285,146264,0.194853142263305
plain_rf,10,50,285,146264,0.194853142263305
plain_rf,10,9,222,146264,0.151780342394574
plain_rf,10,43,220,146264,0.150412951922551
plain_rf,10,26,162,146264,0.110758628233878
plain_rf,10,33,159,146264,0.108707542525844
plain_rf,10,7,93,146264,0.0635836569490784
plain_rf,10,13,53,146264,0.0362358475086146
plain_rf,10,21,38,146264,0.0259804189684406
plain_rf,10,12,32,146264,0.0218782475523711
plain_rf,10,37,32,146264,0.0218782475523711
plain_rf,10,15,30,146264,0.0205108570803479
plain_rf,10,52,29,146264,0.0198271618443363
plain_rf,10,31,24,146264,0.0164086856642783
plain_rf,10,53,22,146264,0.0150412951922551
plain_rf,10,54,21,146264,0.0143575999562435
plain_rf,10,11,20,146264,0.0136739047202319
plain_rf,10,38,19,146264,0.0129902094842203
plain_rf,10,23,16,146264,0.0109391237761855
plain_rf,10,24,16,146264,0.0109391237761855
plain_rf,10,41,16,146264,0.0109391237761855
plain_rf,10,42,15,146264,0.0102554285401739
plain_rf,10,35,14,146264,0.00957173330416234
plain_rf,10,4,13,146264,0.00888803806815074
plain_rf,10,29,13,146264,0.00888803806815074
plain_rf,10,27,12,146264,0.00820434283213915
plain_rf,10,25,11,146264,0.00752064759612755
plain_rf,10,32,11,146264,0.00752064759612755
plain_rf,10,2,10,146264,0.00683695236011596
plain_rf,10,17,10,146264,0.00683695236011596
plain_rf,10,48,10,146264,0.00683695236011596
plain_rf,10,55,10,146264,0.00683695236011596
plain_rf,10,6,9,146264,0.00615325712410436
plain_rf,10,14,9,146264,0.00615325712410436
plain_rf,10,22,9,146264,0.00615325712410436
plain_rf,10,19,8,146264,0.00546956188809276
plain_rf,11,13,12112,147057,8.23626212965041
plain_rf,11,5,7758,147057,5.27550541626716
plain_rf,11,12,6687,147057,4.54721638548318
plain_rf,11,27,4873,147057,3.31368108964551
plain_rf,11,4,4844,147057,3.29396084511448
plain_rf,11,7,4409,147057,2.998157177149
plain_rf,11,14,3255,147057,2.21342744650034
plain_rf,11,33,2766,147057,1.88090332320121
plain_rf,11,6,1961,147057,1.33349653535704
plain_rf,11,3,1795,147057,1.22061513562768
plain_rf,11,2,1569,147057,1.06693322997205
plain_rf,11,25,1558,147057,1.0594531372189
plain_rf,11,15,1297,147057,0.881970936439612
plain_rf,11,41,561,147057,0.381484730410657
plain_rf,11,16,539,147057,0.366524544904357
plain_rf,11,24,395,147057,0.2686033306813
plain_rf,11,20,341,147057,0.231882875347654
plain_rf,11,18,196,147057,0.133281652692493
plain_rf,11,22,134,147057,0.0911211299020108
plain_rf,11,37,130,147057,0.0884010961735926
plain_rf,11,31,100,147057,0.0680008432104558
plain_rf,11,46,46,147057,0.0312803878768097
plain_rf,11,34,41,147057,0.0278803457162869
plain_rf,11,9,40,147057,0.0272003372841823
plain_rf,11,10,37,147057,0.0251603119878687
plain_rf,11,28,31,147057,0.0210802613952413
plain_rf,11,32,31,147057,0.0210802613952413
plain_rf,11,23,30,147057,0.0204002529631367
plain_rf,11,45,23,147057,0.0156401939384048
plain_rf,11,39,15,147057,0.0102001264815684
plain_rf,11,42,15,147057,0.0102001264815684
plain_rf,11,47,11,147057,0.00748009275315014
plain_rf,11,1,10,147057,0.00680008432104558
plain_rf,11,35,10,147057,0.00680008432104558
plain_rf,11,17,8,147057,0.00544006745683647
plain_rf,11,26,8,147057,0.00544006745683647
plain_rf,11,40,8,147057,0.00544006745683647
plain_rf,11,44,8,147057,0.00544006745683647
plain_rf,11,43,7,147057,0.00476005902473191
plain_rf,11,53,7,147057,0.00476005902473191
plain_rf,11,54,7,147057,0.00476005902473191
plain_rf,11,30,6,147057,0.00408005059262735
plain_rf,11,48,6,147057,0.00408005059262735
plain_rf,11,29,5,147057,0.00340004216052279
plain_rf,11,49,5,147057,0.00340004216052279
plain_rf,11,36,4,147057,0.00272003372841823
plain_rf,11,19,3,147057,0.00204002529631367
plain_rf,11,55,3,147057,0.00204002529631367
plain_rf,11,50,2,147057,0.00136001686420912
plain_rf,11,52,2,147057,0.00136001686420912
plain_rf,11,21,1,147057,0.000680008432104558
plain_rf,11,38,1,147057,0.000680008432104558
plain_rf,12,3,22294,374213,5.95756961944133
plain_rf,12,13,18676,374213,4.99074056753774
plain_rf,12,7,12204,374213,3.26124426463004
plain_rf,12,11,11003,374213,2.94030405143595
plain_rf,12,27,10887,374213,2.9093056628177
plain_rf,12,5,9472,374213,2.53117876717271
plain_rf,12,6,8009,374213,2.14022495209947
plain_rf,12,4,7671,374213,2.04990206112562
plain_rf,12,15,7203,374213,1.92483959670028
plain_rf,12,14,6050,374213,1.61672630293443
plain_rf,12,9,5547,374213,1.48231087642599
plain_rf,12,33,5221,374213,1.3951947153092
plain_rf,12,24,3032,374213,0.810233743883831
plain_rf,12,25,2584,374213,0.690515829220257
plain_rf,12,41,2541,374213,0.679025047232459
plain_rf,12,2,1655,374213,0.442261492786194
plain_rf,12,22,1456,374213,0.389083222656615
plain_rf,12,23,824,374213,0.220195450184788
plain_rf,12,1,321,374213,0.0857800236763555
plain_rf,12,26,240,374213,0.0641345971412003
plain_rf,12,19,102,374213,0.0272572037850101
plain_rf,12,29,73,374213,0.0195076066304484
plain_rf,12,32,63,374213,0.0168353317495651
plain_rf,12,37,52,374213,0.0138958293805934
plain_rf,12,45,33,374213,0.00881850710691505
plain_rf,12,28,29,374213,0.00774959715456171
plain_rf,12,34,27,374213,0.00721514217838504
plain_rf,12,50,22,374213,0.00587900473794336
plain_rf,12,38,18,374213,0.00481009478559003
plain_rf,12,48,16,374213,0.00427563980941336
plain_rf,12,49,15,374213,0.00400841232132502
plain_rf,12,31,12,374213,0.00320672985706002
plain_rf,12,18,11,374213,0.00293950236897168
plain_rf,12,35,10,374213,0.00267227488088335
plain_rf,12,52,10,374213,0.00267227488088335
plain_rf,12,55,10,374213,0.00267227488088335
plain_rf,12,10,9,374213,0.00240504739279501
plain_rf,12,16,9,374213,0.00240504739279501
plain_rf,12,39,9,374213,0.00240504739279501
plain_rf,12,42,9,374213,0.00240504739279501
plain_rf,12,53,9,374213,0.00240504739279501
plain_rf,12,54,9,374213,0.00240504739279501
plain_rf,12,20,7,374213,0.00187059241661834
plain_rf,12,21,6,374213,0.00160336492853001
plain_rf,12,36,6,374213,0.00160336492853001
plain_rf,12,43,6,374213,0.00160336492853001
plain_rf,12,30,5,374213,0.00133613744044167
plain_rf,12,40,5,374213,0.00133613744044167
plain_rf,12,44,5,374213,0.00133613744044167
plain_rf,12,46,5,374213,0.00133613744044167
plain_rf,12,17,4,374213,0.00106890995235334
plain_rf,12,47,2,374213,0.000534454976176669
plain_rf,13,12,35434,618971,5.72466238321343
plain_rf,13,25,35163,618971,5.68088004122972
plain_rf,13,33,29956,618971,4.83964515300394
plain_rf,13,11,26447,618971,4.27273652562075
plain_rf,13,15,18520,618971,2.99206263298281
plain_rf,13,14,15933,618971,2.57411090341874
plain_rf,13,7,13532,618971,2.1862090469505
plain_rf,13,4,11077,618971,1.78958303377703
plain_rf,13,5,9812,618971,1.58521158503387
plain_rf,13,24,8390,618971,1.35547545846251
plain_rf,13,16,7284,618971,1.17679180446257
plain_rf,13,18,6538,618971,1.05626919516423
plain_rf,13,31,4402,618971,0.711180329934682
plain_rf,13,32,4201,618971,0.678707079976283
plain_rf,13,1,2799,618971,0.452202122555015
plain_rf,13,27,2603,618971,0.420536664884138
plain_rf,13,22,2337,618971,0.377562115187949
plain_rf,13,3,1884,618971,0.304376133938424
plain_rf,13,2,1708,618971,0.275941845417637
plain_rf,13,20,1585,618971,0.256070155144587
plain_rf,13,35,1179,618971,0.190477421397771
plain_rf,13,41,1067,618971,0.172382874157271
plain_rf,13,42,700,618971,0.11309092025313
plain_rf,13,6,609,618971,0.0983891006202229
plain_rf,13,37,317,618971,0.0512140310289174
plain_rf,13,19,278,618971,0.044913251186243
plain_rf,13,23,193,618971,0.0311807822983629
plain_rf,13,29,105,618971,0.0169636380379695
plain_rf,13,28,98,618971,0.0158327288354382
plain_rf,13,17,89,618971,0.0143787027178979
plain_rf,13,9,66,618971,0.0106628581952951
plain_rf,13,46,61,618971,0.00985506590777274
plain_rf,13,30,52,618971,0.0084010397902325
plain_rf,13,10,28,618971,0.00452363681012519
plain_rf,13,34,20,618971,0.00323116915008942
plain_rf,13,48,20,618971,0.00323116915008942
plain_rf,13,43,17,618971,0.00274649377757601
plain_rf,13,39,16,618971,0.00258493532007154
plain_rf,13,21,15,618971,0.00242337686256707
plain_rf,13,36,15,618971,0.00242337686256707
plain_rf,13,53,15,618971,0.00242337686256707
plain_rf,13,54,15,618971,0.00242337686256707
plain_rf,13,40,12,618971,0.00193870149005365
plain_rf,13,45,12,618971,0.00193870149005365
plain_rf,13,50,12,618971,0.00193870149005365
plain_rf,13,55,12,618971,0.00193870149005365
plain_rf,13,26,11,618971,0.00177714303254918
plain_rf,13,52,10,618971,0.00161558457504471
plain_rf,13,47,9,618971,0.00145402611754024
plain_rf,13,49,8,618971,0.00129246766003577
plain_rf,13,38,7,618971,0.0011309092025313
plain_rf,13,44,7,618971,0.0011309092025313
plain_rf,14,23,755,32665,2.31134241542936
plain_rf,14,11,754,32665,2.30828103474667
plain_rf,14,13,718,32665,2.19807133016991
plain_rf,14,27,602,32665,1.84295117097811
plain_rf,14,15,597,32665,1.82764426756467
plain_rf,14,24,499,32665,1.52762896066126
plain_rf,14,19,477,32665,1.46027858564212
plain_rf,14,12,460,32665,1.40823511403643
plain_rf,14,7,416,32665,1.27353436399816
plain_rf,14,4,294,32665,0.90004592071024
plain_rf,14,33,181,32665,0.554109903566508
plain_rf,14,5,128,32665,0.39185672738405
plain_rf,14,2,36,32665,0.110209704576764
plain_rf,14,25,29,32665,0.0887800397979489
plain_rf,14,3,28,32665,0.085718659115261
plain_rf,14,32,10,32665,0.0306138068268789
plain_rf,14,37,6,32665,0.0183682840961274
plain_rf,14,1,2,32665,0.00612276136537578
plain_rf,14,29,2,32665,0.00612276136537578
plain_rf,15,13,16303,235591,6.92004363494361
plain_rf,15,23,13234,235591,5.61736229312665
plain_rf,15,27,10557,235591,4.48107100865483
plain_rf,15,12,7201,235591,3.05656837485303
plain_rf,15,19,6355,235591,2.69747146537856
plain_rf,15,14,6344,235591,2.69280235662653
plain_rf,15,24,5568,235591,2.36341795739226
plain_rf,15,11,5375,235591,2.2814963220157
plain_rf,15,25,4618,235591,1.96017674698949
plain_rf,15,32,4188,235591,1.77765704122823
plain_rf,15,33,3878,235591,1.64607306730733
plain_rf,15,29,3052,235591,1.29546544647291
plain_rf,15,4,2507,235591,1.06413233103132
plain_rf,15,5,1982,235591,0.841288504229788
plain_rf,15,6,1841,235591,0.781439019317376
plain_rf,15,38,1350,235591,0.573026983203942
plain_rf,15,7,1327,235591,0.563264301267875
plain_rf,15,3,519,235591,0.220297040209516
plain_rf,15,42,475,235591,0.201620605201387
plain_rf,15,37,293,235591,0.124368078576856
plain_rf,15,31,280,235591,0.118850040960818
plain_rf,15,35,260,235591,0.110360752320759
plain_rf,15,20,188,235591,0.079799313216549
plain_rf,15,9,186,235591,0.0789503843525432
plain_rf,15,16,165,235591,0.0700366312804819
plain_rf,15,43,161,235591,0.0683387735524702
plain_rf,15,46,161,235591,0.0683387735524702
plain_rf,15,41,158,235591,0.0670653802564614
plain_rf,15,28,134,235591,0.0568782338883913
plain_rf,15,10,126,235591,0.053482518432368
plain_rf,15,18,122,235591,0.0517846607043563
plain_rf,15,2,118,235591,0.0500868029763446
plain_rf,15,30,109,235591,0.0462666230883183
plain_rf,15,55,103,235591,0.0437198364963008
plain_rf,15,36,101,235591,0.042870907632295
plain_rf,15,21,100,235591,0.042446443200292
plain_rf,15,17,93,235591,0.0394751921762716
plain_rf,15,34,92,235591,0.0390507277442687
plain_rf,15,39,90,235591,0.0382017988802628
plain_rf,15,40,90,235591,0.0382017988802628
plain_rf,15,44,89,235591,0.0377773344482599
plain_rf,15,22,86,235591,0.0365039411522511
plain_rf,15,45,83,235591,0.0352305478562424
plain_rf,15,52,83,235591,0.0352305478562424
plain_rf,15,53,82,235591,0.0348060834242395
plain_rf,15,26,81,235591,0.0343816189922365
plain_rf,15,49,78,235591,0.0331082256962278
plain_rf,15,1,77,235591,0.0326837612642249
plain_rf,15,47,77,235591,0.0326837612642249
plain_rf,15,54,76,235591,0.0322592968322219
plain_rf,15,48,72,235591,0.0305614391042103
plain_rf,15,50,72,235591,0.0305614391042103
plain_rf,16,20,79123,911178,8.68359420442548
plain_rf,16,18,65727,911178,7.21340945457419
plain_rf,16,31,60884,911178,6.68189969468095
plain_rf,16,46,45898,911178,5.03721556051617
plain_rf,16,45,24169,911178,2.65250038960554
plain_rf,16,22,23878,911178,2.62056370983496
plain_rf,16,43,13666,911178,1.49981672077245
plain_rf,16,10,12487,911178,1.37042378108339
plain_rf,16,42,6733,911178,0.738933556341352
plain_rf,16,5,5524,911178,0.606248175438828
plain_rf,16,13,4777,911178,0.52426638922362
plain_rf,16,1,3671,911178,0.402885056487316
plain_rf,16,17,3344,911178,0.366997447260579
plain_rf,16,39,3210,911178,0.352291209840448
plain_rf,16,25,3165,911178,0.347352548020255
plain_rf,16,2,2261,911178,0.248140319454596
plain_rf,16,4,1477,911178,0.162097855742786
plain_rf,16,32,675,911178,0.074079927302898
plain_rf,16,15,656,911178,0.071994714534372
plain_rf,16,28,520,911178,0.0570689810333437
plain_rf,16,24,478,911178,0.0524595633344967
plain_rf,16,36,441,911178,0.0483988858378934
plain_rf,16,34,404,911178,0.0443382083412901
plain_rf,16,19,372,911178,0.0408262710469305
plain_rf,16,33,344,911178,0.0377533259143658
plain_rf,16,7,295,911178,0.0323756719323777
plain_rf,16,49,206,911178,0.02260809633244
plain_rf,16,6,166,911178,0.0182181747144905
plain_rf,16,23,163,911178,0.0178889305931443
plain_rf,16,11,146,911178,0.0160232139055157
plain_rf,16,50,130,911178,0.0142672452583359
plain_rf,16,40,80,911178,0.00877984323589902
plain_rf,16,44,74,911178,0.0081213549932066
plain_rf,16,3,66,911178,0.00724337066961669
plain_rf,16,30,47,911178,0.00515815790109068
plain_rf,16,47,45,911178,0.0049386618201932
plain_rf,16,26,43,911178,0.00471916573929572
plain_rf,16,29,30,911178,0.00329244121346213
plain_rf,16,37,20,911178,0.00219496080897476
plain_rf,16,48,20,911178,0.00219496080897476
plain_rf,16,12,13,911178,0.00142672452583359
plain_rf,16,27,10,911178,0.00109748040448738
plain_rf,16,9,9,911178,0.00098773236403864
plain_rf,16,35,9,911178,0.00098773236403864
plain_rf,16,55,9,911178,0.00098773236403864
plain_rf,16,38,8,911178,0.000877984323589902
plain_rf,16,52,8,911178,0.000877984323589902
plain_rf,16,53,8,911178,0.000877984323589902
plain_rf,16,21,6,911178,0.000658488242692427
plain_rf,16,54,6,911178,0.000658488242692427
plain_rf,16,14,5,911178,0.000548740202243689
plain_rf,16,41,2,911178,0.000219496080897476
plain_rf,17,2,42,1641,2.55941499085923
plain_rf,17,5,18,1641,1.09689213893967
plain_rf,17,4,15,1641,0.914076782449726
plain_rf,17,50,7,1641,0.426569165143205
plain_rf,17,24,5,1641,0.304692260816575
plain_rf,17,38,4,1641,0.24375380865326
plain_rf,17,40,4,1641,0.24375380865326
plain_rf,17,23,3,1641,0.182815356489945
plain_rf,17,44,3,1641,0.182815356489945
plain_rf,17,9,2,1641,0.12187690432663
plain_rf,17,16,2,1641,0.12187690432663
plain_rf,17,21,2,1641,0.12187690432663
plain_rf,17,25,2,1641,0.12187690432663
plain_rf,17,28,2,1641,0.12187690432663
plain_rf,17,29,2,1641,0.12187690432663
plain_rf,17,42,2,1641,0.12187690432663
plain_rf,17,55,2,1641,0.12187690432663
plain_rf,17,13,1,1641,0.0609384521633151
plain_rf,17,14,1,1641,0.0609384521633151
plain_rf,17,19,1,1641,0.0609384521633151
plain_rf,17,20,1,1641,0.0609384521633151
plain_rf,17,26,1,1641,0.0609384521633151
plain_rf,17,31,1,1641,0.0609384521633151
plain_rf,17,32,1,1641,0.0609384521633151
plain_rf,17,35,1,1641,0.0609384521633151
plain_rf,17,37,1,1641,0.0609384521633151
plain_rf,17,39,1,1641,0.0609384521633151
plain_rf,17,41,1,1641,0.0609384521633151
plain_rf,17,43,1,1641,0.0609384521633151
plain_rf,17,47,1,1641,0.0609384521633151
plain_rf,17,53,1,1641,0.0609384521633151
plain_rf,17,54,1,1641,0.0609384521633151
plain_rf,18,16,23657,112964,20.9420700400127
plain_rf,18,46,10533,112964,9.32420948266704
plain_rf,18,10,6726,112964,5.95410927375093
plain_rf,18,39,5478,112964,4.84933253071775
plain_rf,18,31,2911,112964,2.57692716263588
plain_rf,18,13,2830,112964,2.50522290287171
plain_rf,18,45,2357,112964,2.08650543535994
plain_rf,18,1,1913,112964,1.69345986331929
plain_rf,18,20,1539,112964,1.36238093551928
plain_rf,18,25,1518,112964,1.34379094224709
plain_rf,18,42,1261,112964,1.11628483410644
plain_rf,18,5,999,112964,0.884352537091463
plain_rf,18,43,788,112964,0.697567366594667
plain_rf,18,2,782,112964,0.692255939945469
plain_rf,18,36,527,112964,0.466520307354555
plain_rf,18,22,507,112964,0.448815551857229
plain_rf,18,34,463,112964,0.40986508976311
plain_rf,18,28,436,112964,0.38596366984172
plain_rf,18,44,261,112964,0.231047059240112
plain_rf,18,24,232,112964,0.205375163768988
plain_rf,18,33,220,112964,0.194752310470592
plain_rf,18,11,211,112964,0.186785170496795
plain_rf,18,7,206,112964,0.182358981622464
plain_rf,18,50,171,112964,0.151375659502142
plain_rf,18,3,139,112964,0.12304805070642
plain_rf,18,17,117,112964,0.103572819659361
plain_rf,18,4,113,112964,0.100031868559895
plain_rf,18,26,53,112964,0.0469176020679154
plain_rf,18,49,43,112964,0.0380652243192522
plain_rf,18,32,36,112964,0.0318685598951878
plain_rf,18,23,22,112964,0.0194752310470592
plain_rf,18,30,14,112964,0.0123933288481286
plain_rf,18,37,10,112964,0.00885237774866329
plain_rf,18,47,9,112964,0.00796713997379696
plain_rf,18,15,5,112964,0.00442618887433165
plain_rf,18,19,5,112964,0.00442618887433165
plain_rf,18,41,5,112964,0.00442618887433165
plain_rf,18,12,1,112964,0.000885237774866329
plain_rf,19,20,39859,691356,5.76533652705697
plain_rf,19,23,35736,691356,5.16897228056168
plain_rf,19,24,18386,691356,2.6594113597047
plain_rf,19,15,18217,691356,2.63496664525946
plain_rf,19,38,12992,691356,1.87920550338755
plain_rf,19,31,6092,691356,0.881166866274394
plain_rf,19,14,4056,691356,0.586673146685644
plain_rf,19,22,4017,691356,0.581032058736744
plain_rf,19,16,3537,691356,0.511603283981046
plain_rf,19,29,3440,691356,0.497572885749165
plain_rf,19,42,2916,691356,0.421779806640862
plain_rf,19,32,2869,691356,0.414981572446034
plain_rf,19,45,1107,691356,0.160120111780327
plain_rf,19,25,855,691356,0.123670005033586
plain_rf,19,27,779,691356,0.112677115697267
plain_rf,19,46,619,691356,0.0895341907787016
plain_rf,19,18,508,691356,0.0734787866164465
plain_rf,19,43,502,691356,0.0726109269320003
plain_rf,19,10,424,691356,0.0613287510341995
plain_rf,19,13,306,691356,0.0442608439067572
plain_rf,19,7,168,691356,0.0243000711644941
plain_rf,19,28,128,691356,0.0185143399348527
plain_rf,19,33,123,691356,0.0177911235311475
plain_rf,19,35,104,691356,0.0150429011970678
plain_rf,19,3,97,691356,0.0140303982318805
plain_rf,19,37,72,691356,0.0104143162133546
plain_rf,19,12,65,691356,0.00940181324816737
plain_rf,19,1,64,691356,0.00925716996742633
plain_rf,19,6,63,691356,0.0091125266866853
plain_rf,19,36,31,691356,0.00448394170297213
plain_rf,19,50,30,691356,0.00433929842223109
plain_rf,19,52,28,691356,0.00405001186074902
plain_rf,19,53,27,691356,0.00390536858000798
plain_rf,19,11,26,691356,0.00376072529926695
plain_rf,19,4,24,691356,0.00347143873778487
plain_rf,19,34,24,691356,0.00347143873778487
plain_rf,19,17,23,691356,0.00332679545704384
plain_rf,19,41,23,691356,0.00332679545704384
plain_rf,19,44,23,691356,0.00332679545704384
plain_rf,19,48,23,691356,0.00332679545704384
plain_rf,19,5,22,691356,0.0031821521763028
plain_rf,19,30,21,691356,0.00303750889556177
plain_rf,19,26,19,691356,0.00274822233407969
plain_rf,19,54,19,691356,0.00274822233407969
plain_rf,19,49,17,691356,0.00245893577259762
plain_rf,19,47,16,691356,0.00231429249185658
plain_rf,19,40,15,691356,0.00216964921111555
plain_rf,19,55,15,691356,0.00216964921111555
plain_rf,19,2,14,691356,0.00202500593037451
plain_rf,19,21,14,691356,0.00202500593037451
plain_rf,19,9,13,691356,0.00188036264963347
plain_rf,19,39,9,691356,0.00130178952666933
plain_rf,20,16,52416,379965,13.7949547984683
plain_rf,20,42,35096,379965,9.23664021686208
plain_rf,20,31,28956,379965,7.62070190675457
plain_rf,20,22,11644,379965,3.06449278222994
plain_rf,20,46,9567,379965,2.51786348742647
plain_rf,20,45,6490,379965,1.70805205742634
plain_rf,20,10,2728,379965,0.717960864816496
plain_rf,20,18,2671,379965,0.702959483110286
plain_rf,20,25,1219,379965,0.320819022804732
plain_rf,20,24,629,379965,0.165541563038701
plain_rf,20,17,518,379965,0.136328346031871
plain_rf,20,13,480,379965,0.126327424894398
plain_rf,20,19,457,379965,0.120274235784875
plain_rf,20,1,317,379965,0.0834287368573421
plain_rf,20,5,232,379965,0.0610582553656258
plain_rf,20,39,215,379965,0.0565841590672825
plain_rf,20,43,191,379965,0.0502677878225626
plain_rf,20,3,95,379965,0.025002302843683
plain_rf,20,34,95,379965,0.025002302843683
plain_rf,20,2,85,379965,0.0223704814917163
plain_rf,20,28,74,379965,0.0194754780045531
plain_rf,20,44,74,379965,0.0194754780045531
plain_rf,20,15,70,379965,0.0184227494637664
plain_rf,20,48,54,379965,0.0142118353006198
plain_rf,20,23,50,379965,0.0131591067598331
plain_rf,20,4,49,379965,0.0128959246246365
plain_rf,20,50,46,379965,0.0121063782190465
plain_rf,20,7,45,379965,0.0118431960838498
plain_rf,20,32,44,379965,0.0115800139486532
plain_rf,20,21,42,379965,0.0110536496782598
plain_rf,20,33,42,379965,0.0110536496782598
plain_rf,20,54,41,379965,0.0107904675430632
plain_rf,20,40,40,379965,0.0105272854078665
plain_rf,20,11,38,379965,0.0100009211374732
plain_rf,20,38,38,379965,0.0100009211374732
plain_rf,20,12,37,379965,0.00973773900227653
plain_rf,20,14,37,379965,0.00973773900227653
plain_rf,20,29,37,379965,0.00973773900227653
plain_rf,20,52,36,379965,0.00947455686707986
plain_rf,20,36,35,379965,0.0092113747318832
plain_rf,20,6,32,379965,0.00842182832629321
plain_rf,20,37,31,379965,0.00815864619109655
plain_rf,20,35,30,379965,0.00789546405589989
plain_rf,20,53,29,379965,0.00763228192070322
plain_rf,20,9,26,379965,0.00684273551511323
plain_rf,20,41,24,379965,0.00631637124471991
plain_rf,20,55,24,379965,0.00631637124471991
plain_rf,20,30,20,379965,0.00526364270393326
plain_rf,20,49,19,379965,0.00500046056873659
plain_rf,20,47,18,379965,0.00473727843353993
plain_rf,20,26,16,379965,0.00421091416314661
plain_rf,20,27,15,379965,0.00394773202794994
plain_rf,21,30,61077,599210,10.1929206788939
plain_rf,21,40,39512,599210,6.59401545368068
plain_rf,21,44,34542,599210,5.76459004355735
plain_rf,21,49,13382,599210,2.23327381051718
plain_rf,21,36,13325,599210,2.22376128569283
plain_rf,21,26,12685,599210,2.1169539894194
plain_rf,21,53,10337,599210,1.72510472121627
plain_rf,21,47,9542,599210,1.59243003287662
plain_rf,21,48,5617,599210,0.937400911199746
plain_rf,21,28,2750,599210,0.45893760117488
plain_rf,21,52,2009,599210,0.335274778458303
plain_rf,21,55,1478,599210,0.246658099831445
plain_rf,21,50,1153,599210,0.192420019692595
plain_rf,21,5,707,599210,0.117988685102051
plain_rf,21,34,688,599210,0.114817843493934
plain_rf,21,54,567,599210,0.0946245890422389
plain_rf,21,39,499,599210,0.0832763138131874
plain_rf,21,41,415,599210,0.0692578561773001
plain_rf,21,37,369,599210,0.0615810817576476
plain_rf,21,3,351,599210,0.0585771265499574
plain_rf,21,7,244,599210,0.0407202817042439
plain_rf,21,1,167,599210,0.0278700288713473
plain_rf,21,10,155,599210,0.0258673920662205
plain_rf,21,46,116,599210,0.0193588224495586
plain_rf,21,4,114,599210,0.0190250496487041
plain_rf,21,9,108,599210,0.0180237312461408
plain_rf,21,2,88,599210,0.0146860032375962
plain_rf,21,45,43,599210,0.00717611521837086
plain_rf,21,20,38,599210,0.00634168321623471
plain_rf,21,35,32,599210,0.00534036481367133
plain_rf,21,11,31,599210,0.0051734784132441
plain_rf,21,13,30,599210,0.00500659201281688
plain_rf,21,25,30,599210,0.00500659201281688
plain_rf,21,14,28,599210,0.00467281921196242
plain_rf,21,42,28,599210,0.00467281921196242
plain_rf,21,6,27,599210,0.00450593281153519
plain_rf,21,24,27,599210,0.00450593281153519
plain_rf,21,12,26,599210,0.00433904641110796
plain_rf,21,22,25,599210,0.00417216001068073
plain_rf,21,33,24,599210,0.0040052736102535
plain_rf,21,18,23,599210,0.00383838720982627
plain_rf,21,23,23,599210,0.00383838720982627
plain_rf,21,29,23,599210,0.00383838720982627
plain_rf,21,15,22,599210,0.00367150080939904
plain_rf,21,32,22,599210,0.00367150080939904
plain_rf,21,17,21,599210,0.00350461440897181
plain_rf,21,19,20,599210,0.00333772800854458
plain_rf,21,43,20,599210,0.00333772800854458
plain_rf,21,16,17,599210,0.0028370688072629
plain_rf,21,31,17,599210,0.0028370688072629
plain_rf,21,38,17,599210,0.0028370688072629
plain_rf,21,27,16,599210,0.00267018240683567
plain_rf,22,16,3361,41980,8.00619342544069
plain_rf,22,20,2159,41980,5.14292520247737
plain_rf,22,31,1748,41980,4.16388756550739
plain_rf,22,42,1599,41980,3.80895664602192
plain_rf,22,19,518,41980,1.2339209147213
plain_rf,22,5,510,41980,1.21486422105765
plain_rf,22,12,419,41980,0.998094330633635
plain_rf,22,3,416,41980,0.990948070509767
plain_rf,22,25,327,41980,0.778942353501667
plain_rf,22,27,243,41980,0.578847070033349
plain_rf,22,24,188,41980,0.44783230109576
plain_rf,22,18,99,41980,0.235826584087661
plain_rf,22,13,90,41980,0.214387803716055
plain_rf,22,17,41,41980,0.097665555026203
plain_rf,22,2,35,41980,0.0833730347784659
plain_rf,22,32,33,41980,0.0786088613625536
plain_rf,22,6,32,41980,0.0762267746545974
plain_rf,22,45,30,41980,0.0714626012386851
plain_rf,22,55,25,41980,0.0595521676989042
plain_rf,22,4,17,41980,0.0404954740352549
plain_rf,22,43,7,41980,0.0166746069556932
plain_rf,22,40,3,41980,0.00714626012386851
plain_rf,22,9,2,41980,0.00476417341591234
plain_rf,22,11,2,41980,0.00476417341591234
plain_rf,22,15,2,41980,0.00476417341591234
plain_rf,22,52,2,41980,0.00476417341591234
plain_rf,22,1,1,41980,0.00238208670795617
plain_rf,22,10,1,41980,0.00238208670795617
plain_rf,22,14,1,41980,0.00238208670795617
plain_rf,22,21,1,41980,0.00238208670795617
plain_rf,22,29,1,41980,0.00238208670795617
plain_rf,22,30,1,41980,0.00238208670795617
plain_rf,22,33,1,41980,0.00238208670795617
plain_rf,22,34,1,41980,0.00238208670795617
plain_rf,22,35,1,41980,0.00238208670795617
plain_rf,22,36,1,41980,0.00238208670795617
plain_rf,22,41,1,41980,0.00238208670795617
plain_rf,22,46,1,41980,0.00238208670795617
plain_rf,22,48,1,41980,0.00238208670795617
plain_rf,22,49,1,41980,0.00238208670795617
plain_rf,22,53,1,41980,0.00238208670795617
plain_rf,22,54,1,41980,0.00238208670795617
plain_rf,23,24,45781,326806,14.0086167328629
plain_rf,23,19,20693,326806,6.33189109135083
plain_rf,23,15,16905,326806,5.17279364515951
plain_rf,23,29,12449,326806,3.80929358702105
plain_rf,23,35,9845,326806,3.01249059074803
plain_rf,23,32,6953,326806,2.12756191746786
plain_rf,23,14,6319,326806,1.9335630312785
plain_rf,23,38,3457,326806,1.0578141160199
plain_rf,23,33,1751,326806,0.535791876526135
plain_rf,23,25,1689,326806,0.516820376614873
plain_rf,23,18,1349,326806,0.412783119036982
plain_rf,23,31,1284,326806,0.392893643323562
plain_rf,23,13,1139,326806,0.348524812885932
plain_rf,23,7,793,326806,0.242651603703726
plain_rf,23,27,572,326806,0.175027386278098
plain_rf,23,42,490,326806,0.149936047685783
plain_rf,23,20,433,326806,0.132494507444784
plain_rf,23,28,242,326806,0.0740500480407336
plain_rf,23,16,128,326806,0.0391669675587352
plain_rf,23,22,127,326806,0.0388609756246825
plain_rf,23,12,94,326806,0.0287632418009461
plain_rf,23,4,93,326806,0.0284572498668935
plain_rf,23,40,55,326806,0.016829556372894
plain_rf,23,43,46,326806,0.0140756289664204
plain_rf,23,6,40,326806,0.0122396773621047
plain_rf,23,49,17,326806,0.00520186287889451
plain_rf,23,17,16,326806,0.00489587094484189
plain_rf,23,41,16,326806,0.00489587094484189
plain_rf,23,45,12,326806,0.00367190320863142
plain_rf,23,44,11,326806,0.0033659112745788
plain_rf,23,52,5,326806,0.00152995967026309
plain_rf,23,21,4,326806,0.00122396773621047
plain_rf,23,26,4,326806,0.00122396773621047
plain_rf,23,47,3,326806,0.000917975802157855
plain_rf,23,48,3,326806,0.000917975802157855
plain_rf,23,5,2,326806,0.000611983868105237
plain_rf,23,30,2,326806,0.000611983868105237
plain_rf,23,34,2,326806,0.000611983868105237
plain_rf,23,50,2,326806,0.000611983868105237
plain_rf,23,54,2,326806,0.000611983868105237
plain_rf,23,1,1,326806,0.000305991934052618
plain_rf,23,2,1,326806,0.000305991934052618
plain_rf,23,3,1,326806,0.000305991934052618
plain_rf,23,9,1,326806,0.000305991934052618
plain_rf,23,10,1,326806,0.000305991934052618
plain_rf,23,37,1,326806,0.000305991934052618
plain_rf,23,46,1,326806,0.000305991934052618
plain_rf,23,53,1,326806,0.000305991934052618
plain_rf,24,23,62384,845397,7.37925495358985
plain_rf,24,25,52517,845397,6.21211099637212
plain_rf,24,29,46332,845397,5.48050205997892
plain_rf,24,32,32760,845397,3.87510246665176
plain_rf,24,35,27264,845397,3.22499370118418
plain_rf,24,19,12492,845397,1.47764896255842
plain_rf,24,33,12379,845397,1.46428246137613
plain_rf,24,15,11666,845397,1.37994338754455
plain_rf,24,42,11268,845397,1.33286491435385
plain_rf,24,13,10807,845397,1.27833432103497
plain_rf,24,38,4904,845397,0.580082493786943
plain_rf,24,31,4627,845397,0.547316822747183
plain_rf,24,27,2332,845397,0.275846732363611
plain_rf,24,20,1952,845397,0.230897436352388
plain_rf,24,12,1673,845397,0.197895190070464
plain_rf,24,18,1319,845397,0.156021372207377
plain_rf,24,14,1193,845397,0.141117131951024
plain_rf,24,43,963,845397,0.113910979102126
plain_rf,24,7,919,845397,0.108706323774511
plain_rf,24,22,834,845397,0.0986518759825266
plain_rf,24,16,674,845397,0.07972585660938
plain_rf,24,5,590,845397,0.069789696438478
plain_rf,24,11,211,845397,0.0249586880483371
plain_rf,24,6,139,845397,0.0164419793304211
plain_rf,24,4,110,845397,0.0130116383190383
plain_rf,24,45,108,845397,0.0127750630768739
plain_rf,24,3,107,845397,0.0126567754557918
plain_rf,24,1,65,845397,0.0076886953703408
plain_rf,24,2,32,845397,0.00378520387462932
plain_rf,24,10,11,845397,0.00130116383190383
plain_rf,24,48,11,845397,0.00130116383190383
plain_rf,24,9,10,845397,0.00118287621082166
plain_rf,24,44,10,845397,0.00118287621082166
plain_rf,24,53,10,845397,0.00118287621082166
plain_rf,24,28,9,845397,0.0010645885897395
plain_rf,24,39,9,845397,0.0010645885897395
plain_rf,24,21,8,845397,0.000946300968657329
plain_rf,24,52,8,845397,0.000946300968657329
plain_rf,24,55,7,845397,0.000828013347575163
plain_rf,24,30,6,845397,0.000709725726492997
plain_rf,24,49,6,845397,0.000709725726492997
plain_rf,24,54,6,845397,0.000709725726492997
plain_rf,24,40,5,845397,0.000591438105410831
plain_rf,24,41,5,845397,0.000591438105410831
plain_rf,24,47,5,845397,0.000591438105410831
plain_rf,24,34,4,845397,0.000473150484328665
plain_rf,24,37,4,845397,0.000473150484328665
plain_rf,24,17,3,845397,0.000354862863246498
plain_rf,24,36,3,845397,0.000354862863246498
plain_rf,24,46,3,845397,0.000354862863246498
plain_rf,24,50,3,845397,0.000354862863246498
plain_rf,25,13,19195,237357,8.08697447305114
plain_rf,25,24,16054,237357,6.76365137746096
plain_rf,25,31,8812,237357,3.71255113605244
plain_rf,25,32,6535,237357,2.75323668566758
plain_rf,25,42,5004,237357,2.10821673681417
plain_rf,25,33,3683,237357,1.55167111144816
plain_rf,25,15,3457,237357,1.45645588712362
plain_rf,25,35,3015,237357,1.27023850149774
plain_rf,25,16,2667,237357,1.12362390829004
plain_rf,25,20,2476,237357,1.04315440454674
plain_rf,25,29,1608,237357,0.67746053413213
plain_rf,25,23,1584,237357,0.667349182876427
plain_rf,25,12,1267,237357,0.533795085040677
plain_rf,25,18,1165,237357,0.490821842203938
plain_rf,25,5,1036,237357,0.436473329204532
plain_rf,25,7,960,237357,0.404454050228137
plain_rf,25,11,943,237357,0.397291843088681
plain_rf,25,1,635,237357,0.26752950197382
plain_rf,25,27,558,237357,0.235088916695105
plain_rf,25,22,526,237357,0.221607115020834
plain_rf,25,43,308,237357,0.129762341114861
plain_rf,25,4,193,237357,0.0813121163479485
plain_rf,25,45,103,237357,0.0433945491390606
plain_rf,25,14,99,237357,0.0417093239297767
plain_rf,25,2,88,237357,0.0370749546042459
plain_rf,25,19,67,237357,0.0282275222555054
plain_rf,25,37,28,237357,0.0117965764649873
plain_rf,25,39,19,237357,0.00800481974409855
plain_rf,25,3,8,237357,0.00337045041856781
plain_rf,25,36,5,237357,0.00210653151160488
plain_rf,25,44,5,237357,0.00210653151160488
plain_rf,25,53,5,237357,0.00210653151160488
plain_rf,25,54,5,237357,0.00210653151160488
plain_rf,25,6,4,237357,0.00168522520928391
plain_rf,25,9,4,237357,0.00168522520928391
plain_rf,25,40,4,237357,0.00168522520928391
plain_rf,25,41,4,237357,0.00168522520928391
plain_rf,25,46,4,237357,0.00168522520928391
plain_rf,25,10,3,237357,0.00126391890696293
plain_rf,25,26,3,237357,0.00126391890696293
plain_rf,25,28,3,237357,0.00126391890696293
plain_rf,25,34,3,237357,0.00126391890696293
plain_rf,25,38,3,237357,0.00126391890696293
plain_rf,25,47,3,237357,0.00126391890696293
plain_rf,25,48,3,237357,0.00126391890696293
plain_rf,25,17,2,237357,0.000842612604641953
plain_rf,25,21,2,237357,0.000842612604641953
plain_rf,25,30,2,237357,0.000842612604641953
plain_rf,25,49,2,237357,0.000842612604641953
plain_rf,25,50,2,237357,0.000842612604641953
plain_rf,25,52,2,237357,0.000842612604641953
plain_rf,25,55,1,237357,0.000421306302320976
plain_rf,26,30,5237,40896,12.8056533646322
plain_rf,26,49,2477,40896,6.05682707355243
plain_rf,26,36,2283,40896,5.58245305164319
plain_rf,26,21,1631,40896,3.98816510172144
plain_rf,26,34,1074,40896,2.62617370892019
plain_rf,26,40,761,40896,1.86081768388106
plain_rf,26,10,679,40896,1.66030907668232
plain_rf,26,44,421,40896,1.02944053208138
plain_rf,26,39,402,40896,0.982981220657277
plain_rf,26,53,350,40896,0.855829420970266
plain_rf,26,52,344,40896,0.841158059467919
plain_rf,26,28,330,40896,0.806924882629108
plain_rf,26,47,288,40896,0.704225352112676
plain_rf,26,5,236,40896,0.577073552425665
plain_rf,26,46,129,40896,0.31543427230047
plain_rf,26,7,125,40896,0.305653364632238
plain_rf,26,23,85,40896,0.207844287949922
plain_rf,26,3,79,40896,0.193172926447574
plain_rf,26,1,46,40896,0.112480438184664
plain_rf,26,41,39,40896,0.0953638497652582
plain_rf,26,50,15,40896,0.0366784037558685
plain_rf,26,2,10,40896,0.024452269170579
plain_rf,26,12,10,40896,0.024452269170579
plain_rf,26,27,9,40896,0.0220070422535211
plain_rf,26,33,9,40896,0.0220070422535211
plain_rf,26,48,6,40896,0.0146713615023474
plain_rf,26,15,5,40896,0.0122261345852895
plain_rf,26,4,4,40896,0.00978090766823161
plain_rf,26,24,2,40896,0.00489045383411581
plain_rf,26,55,2,40896,0.00489045383411581
plain_rf,26,6,1,40896,0.0024452269170579
plain_rf,26,11,1,40896,0.0024452269170579
plain_rf,26,17,1,40896,0.0024452269170579
plain_rf,26,29,1,40896,0.0024452269170579
plain_rf,26,31,1,40896,0.0024452269170579
plain_rf,26,32,1,40896,0.0024452269170579
plain_rf,27,3,34849,859115,4.05638360405766
plain_rf,27,37,29961,859115,3.4874260139795
plain_rf,27,7,26368,859115,3.06920493763931
plain_rf,27,15,20956,859115,2.43925434895212
plain_rf,27,41,17761,859115,2.06736001583024
plain_rf,27,33,16442,859115,1.91382992963689
plain_rf,27,11,12851,859115,1.49584165100132
plain_rf,27,47,9560,859115,1.11277302805794
plain_rf,27,14,6559,859115,0.763460072283687
plain_rf,27,12,5591,859115,0.650785983250205
plain_rf,27,28,5357,859115,0.623548651810293
plain_rf,27,23,4462,859115,0.519371678995245
plain_rf,27,5,4390,859115,0.510990961629118
plain_rf,27,24,4299,859115,0.500398666069153
plain_rf,27,6,4124,859115,0.480028866915372
plain_rf,27,4,3509,859115,0.408443572746373
plain_rf,27,13,3465,859115,0.403322023244851
plain_rf,27,32,2238,859115,0.260500631463774
plain_rf,27,38,1897,859115,0.220808622826979
plain_rf,27,36,1703,859115,0.19822724547936
plain_rf,27,19,1675,859115,0.194968077614755
plain_rf,27,2,1533,859115,0.178439440587116
plain_rf,27,9,687,859115,0.0799660115351263
plain_rf,27,44,482,859115,0.0561042468121264
plain_rf,27,26,396,859115,0.0460939455136972
plain_rf,27,25,353,859115,0.0410887948644826
plain_rf,27,40,270,859115,0.0314276901229754
plain_rf,27,10,201,859115,0.0233961693137706
plain_rf,27,39,147,859115,0.0171106312891755
plain_rf,27,30,85,859115,0.00989390244612188
plain_rf,27,49,70,859115,0.00814791966151214
plain_rf,27,34,57,859115,0.00663473458151703
plain_rf,27,21,55,859115,0.00640193687690239
plain_rf,27,46,53,859115,0.00616913917228776
plain_rf,27,1,43,859115,0.0050051506492146
plain_rf,27,53,36,859115,0.00419035868306339
plain_rf,27,29,35,859115,0.00407395983075607
plain_rf,27,35,35,859115,0.00407395983075607
plain_rf,27,52,34,859115,0.00395756097844875
plain_rf,27,31,33,859115,0.00384116212614144
plain_rf,27,18,32,859115,0.00372476327383412
plain_rf,27,20,32,859115,0.00372476327383412
plain_rf,27,17,30,859115,0.00349196556921949
plain_rf,27,45,29,859115,0.00337556671691217
plain_rf,27,22,27,859115,0.00314276901229754
plain_rf,27,50,27,859115,0.00314276901229754
plain_rf,27,16,25,859115,0.00290997130768291
plain_rf,27,43,24,859115,0.00279357245537559
plain_rf,27,48,24,859115,0.00279357245537559
plain_rf,27,42,23,859115,0.00267717360306827
plain_rf,27,55,20,859115,0.00232797704614633
plain_rf,27,54,15,859115,0.00174598278460974
plain_rf,28,44,3417,46042,7.42148473133226
plain_rf,28,36,2875,46042,6.24429868381043
plain_rf,28,47,2770,46042,6.01624603622779
plain_rf,28,30,1716,46042,3.72703184049346
plain_rf,28,10,1211,46042,2.6302072021198
plain_rf,28,39,1198,46042,2.6019721124191
plain_rf,28,3,1143,46042,2.48251596368533
plain_rf,28,27,1140,46042,2.4760001737544
plain_rf,28,40,991,46042,2.15238260718474
plain_rf,28,26,827,46042,1.79618609096043
plain_rf,28,46,778,46042,1.68976152208853
plain_rf,28,18,763,46042,1.65718257243386
plain_rf,28,21,667,46042,1.44867729464402
plain_rf,28,1,627,46042,1.36180009556492
plain_rf,28,50,499,46042,1.08379305851179
plain_rf,28,7,493,46042,1.07076147864993
plain_rf,28,33,405,46042,0.879631640675905
plain_rf,28,49,355,46042,0.771035141827028
plain_rf,28,55,327,46042,0.710221102471656
plain_rf,28,5,263,46042,0.571217583945094
plain_rf,28,41,254,46042,0.551670214152296
plain_rf,28,45,203,46042,0.440901785326441
plain_rf,28,34,192,46042,0.417010555579688
plain_rf,28,23,109,46042,0.236740367490552
plain_rf,28,15,63,46042,0.136831588549585
plain_rf,28,2,62,46042,0.134659658572608
plain_rf,28,16,37,46042,0.0803614091481691
plain_rf,28,20,31,46042,0.0673298292863038
plain_rf,28,25,29,46042,0.0629859693323487
plain_rf,28,13,27,46042,0.0586421093783936
plain_rf,28,24,20,46042,0.0434385995395508
plain_rf,28,53,10,46042,0.0217192997697754
plain_rf,28,19,9,46042,0.0195473697927979
plain_rf,28,31,7,46042,0.0152035098388428
plain_rf,28,37,3,46042,0.00651578993093263
plain_rf,29,24,14822,164338,9.01921649283793
plain_rf,29,23,7155,164338,4.35383173702978
plain_rf,29,15,3716,164338,2.2611933941024
plain_rf,29,19,1878,164338,1.14276673684723
plain_rf,29,33,1652,164338,1.00524528715209
plain_rf,29,35,1592,164338,0.968735167763999
plain_rf,29,32,1368,164338,0.832430722048461
plain_rf,29,38,1171,164338,0.712555830057564
plain_rf,29,25,671,164338,0.408304835156811
plain_rf,29,7,660,164338,0.401611313268994
plain_rf,29,13,53,164338,0.0322506054594799
plain_rf,29,12,50,164338,0.0304250994900753
plain_rf,29,20,30,164338,0.0182550596940452
plain_rf,29,27,16,164338,0.00973603183682411
plain_rf,29,40,13,164338,0.00791052586741959
plain_rf,29,49,9,164338,0.00547651790821356
plain_rf,29,22,8,164338,0.00486801591841205
plain_rf,29,31,7,164338,0.00425951392861055
plain_rf,29,21,6,164338,0.00365101193880904
plain_rf,29,55,6,164338,0.00365101193880904
plain_rf,29,17,5,164338,0.00304250994900753
plain_rf,29,34,5,164338,0.00304250994900753
plain_rf,29,36,5,164338,0.00304250994900753
plain_rf,29,44,5,164338,0.00304250994900753
plain_rf,29,48,5,164338,0.00304250994900753
plain_rf,29,4,4,164338,0.00243400795920603
plain_rf,29,14,4,164338,0.00243400795920603
plain_rf,29,47,4,164338,0.00243400795920603
plain_rf,29,54,4,164338,0.00243400795920603
plain_rf,29,5,3,164338,0.00182550596940452
plain_rf,29,10,3,164338,0.00182550596940452
plain_rf,29,16,3,164338,0.00182550596940452
plain_rf,29,30,3,164338,0.00182550596940452
plain_rf,29,39,3,164338,0.00182550596940452
plain_rf,29,41,3,164338,0.00182550596940452
plain_rf,29,1,2,164338,0.00121700397960301
plain_rf,29,2,2,164338,0.00121700397960301
plain_rf,29,3,2,164338,0.00121700397960301
plain_rf,29,9,2,164338,0.00121700397960301
plain_rf,29,18,2,164338,0.00121700397960301
plain_rf,29,26,2,164338,0.00121700397960301
plain_rf,29,28,2,164338,0.00121700397960301
plain_rf,29,46,2,164338,0.00121700397960301
plain_rf,29,53,2,164338,0.00121700397960301
plain_rf,29,6,1,164338,0.000608501989801507
plain_rf,29,11,1,164338,0.000608501989801507
plain_rf,29,42,1,164338,0.000608501989801507
plain_rf,29,43,1,164338,0.000608501989801507
plain_rf,29,45,1,164338,0.000608501989801507
plain_rf,29,50,1,164338,0.000608501989801507
plain_rf,29,52,1,164338,0.000608501989801507
plain_rf,30,21,55499,576557,9.62593464306218
plain_rf,30,40,49562,576557,8.59620124289533
plain_rf,30,44,48251,576557,8.36881695998834
plain_rf,30,47,43037,576557,7.46448313002877
plain_rf,30,26,33483,576557,5.80740499204762
plain_rf,30,49,29140,576557,5.0541403538592
plain_rf,30,36,20869,576557,3.61959008389457
plain_rf,30,28,10544,576557,1.82878709303677
plain_rf,30,39,8126,576557,1.4094009785676
plain_rf,30,3,5714,576557,0.991055524432103
plain_rf,30,10,3776,576557,0.654922236656566
plain_rf,30,5,2937,576557,0.509403233331657
plain_rf,30,53,2904,576557,0.50367960149647
plain_rf,30,46,2610,576557,0.45268724514662
plain_rf,30,7,2302,576557,0.39926668135154
plain_rf,30,41,2014,576557,0.349314985335361
plain_rf,30,50,2012,576557,0.348968098557471
plain_rf,30,34,1502,576557,0.260511970195488
plain_rf,30,54,901,576557,0.156272493439504
plain_rf,30,48,657,576557,0.113952306536908
plain_rf,30,55,549,576557,0.0952204205308408
plain_rf,30,27,521,576557,0.090364005640379
plain_rf,30,33,454,576557,0.0787432985810596
plain_rf,30,37,401,576557,0.0695507989669712
plain_rf,30,45,289,576557,0.0501251394051239
plain_rf,30,1,243,576557,0.0421467435136509
plain_rf,30,52,184,576557,0.031913583565892
plain_rf,30,4,147,576557,0.0254961781749246
plain_rf,30,18,48,576557,0.00832528266936313
plain_rf,30,11,30,576557,0.00520330166835196
plain_rf,30,31,13,576557,0.00225476405628585
plain_rf,30,42,13,576557,0.00225476405628585
plain_rf,30,19,12,576557,0.00208132066734078
plain_rf,30,43,11,576557,0.00190787727839572
plain_rf,30,22,10,576557,0.00173443388945065
plain_rf,30,29,9,576557,0.00156099050050559
plain_rf,30,16,8,576557,0.00138754711156052
plain_rf,30,20,8,576557,0.00138754711156052
plain_rf,30,32,8,576557,0.00138754711156052
plain_rf,30,38,8,576557,0.00138754711156052
plain_rf,30,2,7,576557,0.00121410372261546
plain_rf,30,12,7,576557,0.00121410372261546
plain_rf,30,13,7,576557,0.00121410372261546
plain_rf,30,15,7,576557,0.00121410372261546
plain_rf,30,35,7,576557,0.00121410372261546
plain_rf,30,6,6,576557,0.00104066033367039
plain_rf,30,17,6,576557,0.00104066033367039
plain_rf,30,23,6,576557,0.00104066033367039
plain_rf,30,25,6,576557,0.00104066033367039
plain_rf,30,9,5,576557,0.000867216944725326
plain_rf,30,24,5,576557,0.000867216944725326
plain_rf,30,14,4,576557,0.000693773555780261
plain_rf,31,42,63858,841378,7.58969214788121
plain_rf,31,16,49145,841378,5.84101319502055
plain_rf,31,20,45583,841378,5.41766007668373
plain_rf,31,25,25121,841378,2.98569727280723
plain_rf,31,22,22915,841378,2.72350833989004
plain_rf,31,18,10322,841378,1.22679699255269
plain_rf,31,13,8382,841378,0.996222862970033
plain_rf,31,45,4789,841378,0.569185312665651
plain_rf,31,1,4359,841378,0.518078675696298
plain_rf,31,24,4272,841378,0.507738495658313
plain_rf,31,33,2029,841378,0.241152014908876
plain_rf,31,19,1711,841378,0.203356874080378
plain_rf,31,32,1387,841378,0.164848617387191
plain_rf,31,7,1327,841378,0.157717458740305
plain_rf,31,43,863,841378,0.10256983187105
plain_rf,31,39,405,841378,0.0481353208664833
plain_rf,31,23,399,841378,0.0474222050017947
plain_rf,31,50,388,841378,0.0461148259165322
plain_rf,31,6,310,841378,0.0368443196755798
plain_rf,31,15,281,841378,0.0333975929962514
plain_rf,31,35,162,841378,0.0192541283465933
plain_rf,31,2,124,841378,0.0147377278702319
plain_rf,31,10,85,841378,0.0101024747497558
plain_rf,31,46,75,841378,0.00891394830860802
plain_rf,31,3,66,841378,0.00784427451157506
plain_rf,31,14,54,841378,0.00641804278219778
plain_rf,31,36,50,841378,0.00594263220573868
plain_rf,31,29,34,841378,0.0040409898999023
plain_rf,31,27,25,841378,0.00297131610286934
plain_rf,31,5,22,841378,0.00261475817052502
plain_rf,31,4,19,841378,0.0022582002381807
plain_rf,31,37,15,841378,0.0017827896617216
plain_rf,31,11,10,841378,0.00118852644114774
plain_rf,31,30,10,841378,0.00118852644114774
plain_rf,31,40,8,841378,0.000950821152918189
plain_rf,31,48,5,841378,0.000594263220573868
plain_rf,31,28,4,841378,0.000475410576459095
plain_rf,31,41,4,841378,0.000475410576459095
plain_rf,31,44,3,841378,0.000356557932344321
plain_rf,31,47,2,841378,0.000237705288229547
plain_rf,31,49,2,841378,0.000237705288229547
plain_rf,31,55,2,841378,0.000237705288229547
plain_rf,31,17,1,841378,0.000118852644114774
plain_rf,31,26,1,841378,0.000118852644114774
plain_rf,31,34,1,841378,0.000118852644114774
plain_rf,31,38,1,841378,0.000118852644114774
plain_rf,31,52,1,841378,0.000118852644114774
plain_rf,31,53,1,841378,0.000118852644114774
plain_rf,31,54,1,841378,0.000118852644114774
plain_rf,32,24,5293,60484,8.75107466437405
plain_rf,32,25,3015,60484,4.98478936578269
plain_rf,32,23,2662,60484,4.40116394418359
plain_rf,32,33,2158,60484,3.56788572184379
plain_rf,32,15,1605,60484,2.65359433899874
plain_rf,32,13,1585,60484,2.62052774287415
plain_rf,32,7,935,60484,1.54586336882481
plain_rf,32,29,853,60484,1.41029032471397
plain_rf,32,35,575,60484,0.950664638582104
plain_rf,32,19,545,60484,0.901064744395212
plain_rf,32,42,332,60484,0.548905495668276
plain_rf,32,31,314,60484,0.519145559156141
plain_rf,32,14,241,60484,0.398452483301369
plain_rf,32,38,210,60484,0.347199259308247
plain_rf,32,27,123,60484,0.203359566166259
plain_rf,32,20,110,60484,0.181866278685272
plain_rf,32,18,104,60484,0.171946299847894
plain_rf,32,16,23,60484,0.0380265855432842
plain_rf,32,12,8,60484,0.013226638449838
plain_rf,32,2,1,60484,0.00165332980622975
plain_rf,32,6,1,60484,0.00165332980622975
plain_rf,32,50,1,60484,0.00165332980622975
plain_rf,33,41,25617,389751,6.57265792775387
plain_rf,33,7,23823,389751,6.11236404781514
plain_rf,33,13,22794,389751,5.84834933072654
plain_rf,33,24,9701,389751,2.48902504419488
plain_rf,33,25,6221,389751,1.59614728377862
plain_rf,33,3,6058,389751,1.55432571051774
plain_rf,33,32,4611,389751,1.18306303255155
plain_rf,33,15,4403,389751,1.12969562618184
plain_rf,33,27,3482,389751,0.893390908554436
plain_rf,33,23,3244,389751,0.832326280112174
plain_rf,33,37,3135,389751,0.804359706581895
plain_rf,33,11,3072,389751,0.788195540229531
plain_rf,33,12,2938,389751,0.753814614972123
plain_rf,33,29,2760,389751,0.708144430674969
plain_rf,33,5,2581,389751,0.66221767230873
plain_rf,33,1,1430,389751,0.366900918791741
plain_rf,33,44,1286,389751,0.329954252843482
plain_rf,33,35,771,389751,0.197818607264638
plain_rf,33,18,727,389751,0.186529348224892
plain_rf,33,14,624,389751,0.160102219109124
plain_rf,33,45,611,389751,0.156766756211017
plain_rf,33,28,510,389751,0.130852775233418
plain_rf,33,20,407,389751,0.104425646117649
plain_rf,33,10,391,389751,0.100320461012287
plain_rf,33,16,376,389751,0.0964718499760103
plain_rf,33,47,213,389751,0.0546502767151335
plain_rf,33,2,210,389751,0.0538805545078781
plain_rf,33,36,146,389751,0.0374598140864295
plain_rf,33,40,82,389751,0.021039073664981
plain_rf,33,31,58,389751,0.0148812960069378
plain_rf,33,39,55,389751,0.0141115737996824
plain_rf,33,49,48,389751,0.0123155553160864
plain_rf,33,52,41,389751,0.0105195368324905
plain_rf,33,26,30,389751,0.00769722207255402
plain_rf,33,30,30,389751,0.00769722207255402
plain_rf,33,46,26,389751,0.00667092579621348
plain_rf,33,19,25,389751,0.00641435172712835
plain_rf,33,4,13,389751,0.00333546289810674
plain_rf,33,34,9,389751,0.0023091666217662
plain_rf,33,6,6,389751,0.0015394444145108
plain_rf,33,21,1,389751,0.000256574069085134
plain_rf,34,10,389,5159,7.54022097305679
plain_rf,34,39,256,5159,4.96220197712735
plain_rf,34,49,136,5159,2.6361698003489
plain_rf,34,46,131,5159,2.53925179298314
plain_rf,34,36,110,5159,2.13219616204691
plain_rf,34,3,47,5159,0.911029269238225
plain_rf,34,26,25,5159,0.484590036828843
plain_rf,34,27,23,5159,0.445822833882535
plain_rf,34,30,22,5159,0.426439232409382
plain_rf,34,40,22,5159,0.426439232409382
plain_rf,34,50,14,5159,0.271370420624152
plain_rf,34,7,8,5159,0.15506881178523
plain_rf,34,18,7,5159,0.135685210312076
plain_rf,34,13,3,5159,0.0581508044194611
plain_rf,34,17,3,5159,0.0581508044194611
plain_rf,34,23,3,5159,0.0581508044194611
plain_rf,34,33,3,5159,0.0581508044194611
plain_rf,34,35,3,5159,0.0581508044194611
plain_rf,34,44,3,5159,0.0581508044194611
plain_rf,34,20,2,5159,0.0387672029463074
plain_rf,34,21,2,5159,0.0387672029463074
plain_rf,34,22,2,5159,0.0387672029463074
plain_rf,34,28,2,5159,0.0387672029463074
plain_rf,34,45,2,5159,0.0387672029463074
plain_rf,34,1,1,5159,0.0193836014731537
plain_rf,34,11,1,5159,0.0193836014731537
plain_rf,34,12,1,5159,0.0193836014731537
plain_rf,34,14,1,5159,0.0193836014731537
plain_rf,34,19,1,5159,0.0193836014731537
plain_rf,34,24,1,5159,0.0193836014731537
plain_rf,34,25,1,5159,0.0193836014731537
plain_rf,34,29,1,5159,0.0193836014731537
plain_rf,34,32,1,5159,0.0193836014731537
plain_rf,34,37,1,5159,0.0193836014731537
plain_rf,34,38,1,5159,0.0193836014731537
plain_rf,34,47,1,5159,0.0193836014731537
plain_rf,34,48,1,5159,0.0193836014731537
plain_rf,34,52,1,5159,0.0193836014731537
plain_rf,34,53,1,5159,0.0193836014731537
plain_rf,34,54,1,5159,0.0193836014731537
plain_rf,35,24,2291,32864,6.97115384615385
plain_rf,35,25,760,32864,2.31256085686465
plain_rf,35,23,686,32864,2.08739045764362
plain_rf,35,29,476,32864,1.44839337877313
plain_rf,35,32,276,32864,0.839824732229796
plain_rf,35,33,263,32864,0.800267770204479
plain_rf,35,13,131,32864,0.398612463485881
plain_rf,35,14,66,32864,0.200827653359299
plain_rf,35,15,50,32864,0.152142161635833
plain_rf,35,19,35,32864,0.106499513145083
plain_rf,35,16,32,32864,0.0973709834469328
plain_rf,35,38,8,32864,0.0243427458617332
plain_rf,35,18,5,32864,0.0152142161635833
plain_rf,35,27,2,32864,0.0060856864654333
plain_rf,36,28,1039,22575,4.60243632336656
plain_rf,36,44,1012,22575,4.4828349944629
plain_rf,36,30,890,22575,3.94241417497231
plain_rf,36,26,511,22575,2.26356589147287
plain_rf,36,34,356,22575,1.57696566998893
plain_rf,36,10,347,22575,1.53709856035437
plain_rf,36,40,344,22575,1.52380952380952
plain_rf,36,47,335,22575,1.48394241417497
plain_rf,36,21,309,22575,1.3687707641196
plain_rf,36,49,245,22575,1.08527131782946
plain_rf,36,3,243,22575,1.07641196013289
plain_rf,36,41,174,22575,0.770764119601329
plain_rf,36,39,160,22575,0.70874861572536
plain_rf,36,46,113,22575,0.500553709856035
plain_rf,36,7,79,22575,0.349944629014396
plain_rf,36,12,53,22575,0.234772978959025
plain_rf,36,53,46,22575,0.203765227021041
plain_rf,36,50,36,22575,0.159468438538206
plain_rf,36,55,24,22575,0.106312292358804
plain_rf,36,9,23,22575,0.10188261351052
plain_rf,36,33,15,22575,0.0664451827242525
plain_rf,36,48,13,22575,0.0575858250276855
plain_rf,36,5,11,22575,0.0487264673311185
plain_rf,36,13,9,22575,0.0398671096345515
plain_rf,36,18,6,22575,0.026578073089701
plain_rf,36,1,2,22575,0.008859357696567
plain_rf,36,16,1,22575,0.0044296788482835
plain_rf,36,25,1,22575,0.0044296788482835
plain_rf,37,3,11862,191906,6.18115118860275
plain_rf,37,27,11165,191906,5.81795253926402
plain_rf,37,41,8114,191906,4.22811167967651
plain_rf,37,7,7207,191906,3.75548445593155
plain_rf,37,33,4490,191906,2.33968713849489
plain_rf,37,13,1533,191906,0.798828593165404
plain_rf,37,21,824,191906,0.429376882432024
plain_rf,37,10,788,191906,0.410617698248101
plain_rf,37,30,604,191906,0.31473742353027
plain_rf,37,47,567,191906,0.295457150896793
plain_rf,37,14,560,191906,0.291809531749919
plain_rf,37,25,537,191906,0.27982449741019
plain_rf,37,5,486,191906,0.253248986482966
plain_rf,37,12,389,191906,0.202703406876283
plain_rf,37,39,312,191906,0.162579596260669
plain_rf,37,11,310,191906,0.161537419361562
plain_rf,37,28,246,191906,0.128187758590143
plain_rf,37,1,227,191906,0.118287078048628
plain_rf,37,18,186,191906,0.0969224516169374
plain_rf,37,6,143,191906,0.0745156482861401
plain_rf,37,46,107,191906,0.0557564641022167
plain_rf,37,34,101,191906,0.0526299334048962
plain_rf,37,9,99,191906,0.0515877565057893
plain_rf,37,2,89,191906,0.046376872010255
plain_rf,37,26,61,191906,0.0317863954227591
plain_rf,37,15,38,191906,0.0198013610830302
plain_rf,37,44,37,191906,0.0192802726334768
plain_rf,37,40,36,191906,0.0187591841839234
plain_rf,37,16,21,191906,0.010942857440622
plain_rf,37,49,21,191906,0.010942857440622
plain_rf,37,36,20,191906,0.0104217689910685
plain_rf,37,4,8,191906,0.00416870759642742
plain_rf,37,20,8,191906,0.00416870759642742
plain_rf,37,23,7,191906,0.00364761914687399
plain_rf,37,52,7,191906,0.00364761914687399
plain_rf,37,19,6,191906,0.00312653069732056
plain_rf,37,29,6,191906,0.00312653069732056
plain_rf,37,31,6,191906,0.00312653069732056
plain_rf,37,32,6,191906,0.00312653069732056
plain_rf,37,35,6,191906,0.00312653069732056
plain_rf,37,53,5,191906,0.00260544224776714
plain_rf,37,22,4,191906,0.00208435379821371
plain_rf,37,24,4,191906,0.00208435379821371
plain_rf,37,48,4,191906,0.00208435379821371
plain_rf,37,17,3,191906,0.00156326534866028
plain_rf,37,50,3,191906,0.00156326534866028
plain_rf,37,38,2,191906,0.00104217689910685
plain_rf,37,43,2,191906,0.00104217689910685
plain_rf,37,45,2,191906,0.00104217689910685
plain_rf,37,55,2,191906,0.00104217689910685
plain_rf,37,54,1,191906,0.000521088449553427
plain_rf,38,23,678,30032,2.25759190197123
plain_rf,38,19,457,30032,1.52171017581247
plain_rf,38,27,413,30032,1.37519978689398
plain_rf,38,24,357,30032,1.18873201917954
plain_rf,38,15,226,30032,0.75253063399041
plain_rf,38,29,73,30032,0.243074054342035
plain_rf,38,32,46,30032,0.153169952051145
plain_rf,38,13,41,30032,0.136521044219499
plain_rf,38,25,31,30032,0.103223228556207
plain_rf,38,14,1,30032,0.00332978156632925
plain_rf,39,10,3984,21943,18.156131796017
plain_rf,39,46,2688,21943,12.2499202479151
plain_rf,39,34,583,21943,2.65688374424646
plain_rf,39,30,297,21943,1.35350681310669
plain_rf,39,18,265,21943,1.20767442920294
plain_rf,39,50,129,21943,0.587886797611995
plain_rf,39,16,84,21943,0.382810007747345
plain_rf,39,36,82,21943,0.373695483753361
plain_rf,39,23,80,21943,0.364580959759377
plain_rf,39,44,75,21943,0.341794649774416
plain_rf,39,45,67,21943,0.305336553798478
plain_rf,39,47,66,21943,0.300779291801486
plain_rf,39,40,62,21943,0.282550243813517
plain_rf,39,49,59,21943,0.26887845782254
plain_rf,39,5,50,21943,0.22786309984961
plain_rf,39,1,43,21943,0.195962265870665
plain_rf,39,7,27,21943,0.12304607391879
plain_rf,39,28,24,21943,0.109374287927813
plain_rf,39,20,12,21943,0.0546871439639065
plain_rf,39,26,7,21943,0.0319008339789455
plain_rf,39,13,2,21943,0.00911452399398441
plain_rf,39,24,2,21943,0.00911452399398441
plain_rf,40,30,33518,339661,9.86807434471429
plain_rf,40,44,30520,339661,8.9854295900913
plain_rf,40,47,30219,339661,8.8968118211982
plain_rf,40,21,27865,339661,8.20376787443952
plain_rf,40,49,26572,339661,7.82309420274921
plain_rf,40,36,15416,339661,4.53864294105005
plain_rf,40,26,7694,339661,2.26519971383232
plain_rf,40,53,7293,339661,2.14714082570563
plain_rf,40,28,7010,339661,2.06382245827457
plain_rf,40,52,4075,339661,1.19972560876874
plain_rf,40,10,3432,339661,1.01041921209677
plain_rf,40,55,2762,339661,0.813163713231722
plain_rf,40,46,2644,339661,0.778423192536088
plain_rf,40,39,2474,339661,0.728373289838987
plain_rf,40,5,2301,339661,0.677440153564878
plain_rf,40,50,1471,339661,0.433078863926091
plain_rf,40,7,1358,339661,0.399810399192136
plain_rf,40,54,1226,339661,0.360948121803798
plain_rf,40,41,1087,339661,0.32002496606911
plain_rf,40,3,1000,339661,0.294411192335888
plain_rf,40,34,886,339661,0.260848316409597
plain_rf,40,48,452,339661,0.133073858935821
plain_rf,40,1,156,339661,0.0459281460043985
plain_rf,40,45,119,339661,0.0350349318879707
plain_rf,40,31,110,339661,0.0323852311569477
plain_rf,40,27,68,339661,0.0200199610788404
plain_rf,40,33,32,339661,0.00942115815474841
plain_rf,40,20,26,339661,0.00765469100073308
plain_rf,40,25,25,339661,0.0073602798083972
plain_rf,40,37,19,339661,0.00559381265438187
plain_rf,40,18,18,339661,0.00529940146204598
plain_rf,40,11,15,339661,0.00441616788503832
plain_rf,40,23,12,339661,0.00353293430803065
plain_rf,40,4,11,339661,0.00323852311569477
plain_rf,40,6,11,339661,0.00323852311569477
plain_rf,40,13,11,339661,0.00323852311569477
plain_rf,40,14,10,339661,0.00294411192335888
plain_rf,40,16,9,339661,0.00264970073102299
plain_rf,40,42,9,339661,0.00264970073102299
plain_rf,40,43,8,339661,0.0023552895386871
plain_rf,40,17,7,339661,0.00206087834635122
plain_rf,40,22,7,339661,0.00206087834635122
plain_rf,40,24,7,339661,0.00206087834635122
plain_rf,40,32,7,339661,0.00206087834635122
plain_rf,40,35,7,339661,0.00206087834635122
plain_rf,40,38,7,339661,0.00206087834635122
plain_rf,40,2,6,339661,0.00176646715401533
plain_rf,40,9,6,339661,0.00176646715401533
plain_rf,40,12,6,339661,0.00176646715401533
plain_rf,40,19,5,339661,0.00147205596167944
plain_rf,40,15,3,339661,0.000883233577007664
plain_rf,40,29,1,339661,0.000294411192335888
plain_rf,41,33,11652,91243,12.7702947075392
plain_rf,41,7,9193,91243,10.0752934471686
plain_rf,41,37,5553,91243,6.08594631916969
plain_rf,41,27,3568,91243,3.91043696502745
plain_rf,41,3,3544,91243,3.88413357737032
plain_rf,41,36,2014,91243,2.20729261422794
plain_rf,41,30,1848,91243,2.02536084959942
plain_rf,41,47,1737,91243,1.90370768168517
plain_rf,41,28,1607,91243,1.76123099854235
plain_rf,41,13,525,91243,0.575386604999836
plain_rf,41,26,489,91243,0.535931523514133
plain_rf,41,21,446,91243,0.488804620628432
plain_rf,41,12,301,91243,0.329888320199906
plain_rf,41,44,229,91243,0.2509781572285
plain_rf,41,40,217,91243,0.237826463399932
plain_rf,41,5,142,91243,0.155628376971384
plain_rf,41,10,118,91243,0.129324989314249
plain_rf,41,49,80,91243,0.0876779588571178
plain_rf,41,15,39,91243,0.0427430049428449
plain_rf,41,2,20,91243,0.0219194897142795
plain_rf,41,18,20,91243,0.0219194897142795
plain_rf,41,46,17,91243,0.0186315662571375
plain_rf,41,6,16,91243,0.0175355917714236
plain_rf,41,11,14,91243,0.0153436427999956
plain_rf,41,16,7,91243,0.00767182139999781
plain_rf,41,34,5,91243,0.00547987242856986
plain_rf,41,45,4,91243,0.00438389794285589
plain_rf,41,29,2,91243,0.00219194897142795
plain_rf,41,32,2,91243,0.00219194897142795
plain_rf,41,1,1,91243,0.00109597448571397
plain_rf,41,4,1,91243,0.00109597448571397
plain_rf,41,19,1,91243,0.00109597448571397
plain_rf,41,24,1,91243,0.00109597448571397
plain_rf,41,25,1,91243,0.00109597448571397
plain_rf,41,35,1,91243,0.00109597448571397
plain_rf,41,43,1,91243,0.00109597448571397
plain_rf,41,54,1,91243,0.00109597448571397
plain_rf,42,31,15121,155019,9.75428818402905
plain_rf,42,20,11795,155019,7.60874473451642
plain_rf,42,25,2124,155019,1.37015462620711
plain_rf,42,24,1879,155019,1.21210948335365
plain_rf,42,43,1590,155019,1.02568072300815
plain_rf,42,22,1278,155019,0.824415071700888
plain_rf,42,19,656,155019,0.423173933517827
plain_rf,42,16,372,155019,0.239970584250963
plain_rf,42,7,227,155019,0.146433662970346
plain_rf,42,32,213,155019,0.137402511950148
plain_rf,42,15,109,155019,0.070313961514395
plain_rf,42,13,76,155019,0.049026248395358
plain_rf,42,23,54,155019,0.0348344396493333
plain_rf,42,18,38,155019,0.024513124197679
plain_rf,42,33,29,155019,0.0187073842561234
plain_rf,42,48,24,155019,0.0154819731774815
plain_rf,42,14,9,155019,0.00580573994155555
plain_rf,42,36,5,155019,0.00322541107864197
plain_rf,42,27,4,155019,0.00258032886291358
plain_rf,42,53,4,155019,0.00258032886291358
plain_rf,42,55,4,155019,0.00258032886291358
plain_rf,42,2,3,155019,0.00193524664718518
plain_rf,42,44,3,155019,0.00193524664718518
plain_rf,42,3,2,155019,0.00129016443145679
plain_rf,42,4,2,155019,0.00129016443145679
plain_rf,42,21,2,155019,0.00129016443145679
plain_rf,42,26,2,155019,0.00129016443145679
plain_rf,42,30,2,155019,0.00129016443145679
plain_rf,42,37,2,155019,0.00129016443145679
plain_rf,42,40,2,155019,0.00129016443145679
plain_rf,42,46,2,155019,0.00129016443145679
plain_rf,42,49,2,155019,0.00129016443145679
plain_rf,42,54,2,155019,0.00129016443145679
plain_rf,42,1,1,155019,0.000645082215728395
plain_rf,42,10,1,155019,0.000645082215728395
plain_rf,42,17,1,155019,0.000645082215728395
plain_rf,42,28,1,155019,0.000645082215728395
plain_rf,42,29,1,155019,0.000645082215728395
plain_rf,42,35,1,155019,0.000645082215728395
plain_rf,42,38,1,155019,0.000645082215728395
plain_rf,42,41,1,155019,0.000645082215728395
plain_rf,42,45,1,155019,0.000645082215728395
plain_rf,42,50,1,155019,0.000645082215728395
plain_rf,43,16,348,5692,6.11384399156711
plain_rf,43,46,132,5692,2.31904427266339
plain_rf,43,42,128,5692,2.2487702037948
plain_rf,43,25,73,5692,1.28250175685172
plain_rf,43,20,45,5692,0.790583274771609
plain_rf,43,24,45,5692,0.790583274771609
plain_rf,43,18,14,5692,0.245959241040056
plain_rf,43,19,8,5692,0.140548137737175
plain_rf,43,10,6,5692,0.105411103302881
plain_rf,43,31,5,5692,0.0878425860857344
plain_rf,44,30,66852,566191,11.807322970517
plain_rf,44,40,54010,566191,9.53918377367355
plain_rf,44,47,42026,566191,7.42258354512876
plain_rf,44,36,36042,566191,6.36569638160974
plain_rf,44,21,32059,566191,5.66222352527681
plain_rf,44,49,27572,566191,4.86973477148171
plain_rf,44,28,24229,566191,4.27929797541819
plain_rf,44,53,22405,566191,3.95714520365036
plain_rf,44,26,13718,566191,2.42285730433723
plain_rf,44,54,8537,566191,1.50779507268749
plain_rf,44,55,7906,566191,1.39634858201561
plain_rf,44,39,6767,566191,1.19517971850489
plain_rf,44,52,4631,566191,0.817921867355716
plain_rf,44,50,4525,566191,0.799200269873594
plain_rf,44,3,2708,566191,0.47828383001496
plain_rf,44,7,2695,566191,0.475987785040737
plain_rf,44,5,2292,566191,0.40481039083984
plain_rf,44,10,2246,566191,0.396685924007976
plain_rf,44,33,2043,566191,0.360832298641271
plain_rf,44,46,1500,566191,0.26492826625644
plain_rf,44,41,1422,566191,0.251151996411105
plain_rf,44,45,1224,566191,0.216181465265255
plain_rf,44,34,1044,566191,0.184390073314482
plain_rf,44,18,1037,566191,0.183153741405286
plain_rf,44,1,605,566191,0.106854400723431
plain_rf,44,13,467,566191,0.0824810002278383
plain_rf,44,16,139,566191,0.0245500193397634
plain_rf,44,27,108,566191,0.0190748351704637
plain_rf,44,19,90,566191,0.0158956959753864
plain_rf,44,20,69,566191,0.0121867002477962
plain_rf,44,48,67,566191,0.0118334625594543
plain_rf,44,37,58,566191,0.0102438929619157
plain_rf,44,31,40,566191,0.0070647537668384
plain_rf,44,24,30,566191,0.0052985653251288
plain_rf,44,2,23,566191,0.00406223341593208
plain_rf,44,17,23,566191,0.00406223341593208
plain_rf,44,4,22,566191,0.00388561457176112
plain_rf,44,35,22,566191,0.00388561457176112
plain_rf,44,23,19,566191,0.00335575803924824
plain_rf,44,42,18,566191,0.00317913919507728
plain_rf,44,11,17,566191,0.00300252035090632
plain_rf,44,14,16,566191,0.00282590150673536
plain_rf,44,6,15,566191,0.0026492826625644
plain_rf,44,29,15,566191,0.0026492826625644
plain_rf,44,38,15,566191,0.0026492826625644
plain_rf,44,43,15,566191,0.0026492826625644
plain_rf,44,12,14,566191,0.00247266381839344
plain_rf,44,15,14,566191,0.00247266381839344
plain_rf,44,22,14,566191,0.00247266381839344
plain_rf,44,9,9,566191,0.00158956959753864
plain_rf,44,32,9,566191,0.00158956959753864
plain_rf,44,25,8,566191,0.00141295075336768
plain_rf,45,46,1191,16405,7.25998171289241
plain_rf,45,16,1012,16405,6.16885096007315
plain_rf,45,39,584,16405,3.55989027735447
plain_rf,45,24,315,16405,1.92014629686071
plain_rf,45,20,287,16405,1.74946662602865
plain_rf,45,10,161,16405,0.981408107284365
plain_rf,45,13,139,16405,0.847302651630601
plain_rf,45,31,139,16405,0.847302651630601
plain_rf,45,1,132,16405,0.804632733922585
plain_rf,45,29,128,16405,0.780249923803718
plain_rf,45,5,115,16405,0.701005790917403
plain_rf,45,30,102,16405,0.621761658031088
plain_rf,45,18,69,16405,0.420603474550442
plain_rf,45,44,65,16405,0.396220664431576
plain_rf,45,34,59,16405,0.359646449253276
plain_rf,45,25,45,16405,0.274306613837245
plain_rf,45,40,40,16405,0.243828101188662
plain_rf,45,49,32,16405,0.19506248095093
plain_rf,45,28,15,16405,0.0914355379457482
plain_rf,45,47,10,16405,0.0609570252971655
plain_rf,45,33,9,16405,0.054861322767449
plain_rf,45,7,6,16405,0.0365742151782993
plain_rf,45,21,3,16405,0.0182871075891497
plain_rf,45,50,3,16405,0.0182871075891497
plain_rf,45,4,2,16405,0.0121914050594331
plain_rf,45,27,2,16405,0.0121914050594331
plain_rf,45,35,2,16405,0.0121914050594331
plain_rf,45,52,2,16405,0.0121914050594331
plain_rf,45,11,1,16405,0.00609570252971655
plain_rf,45,12,1,16405,0.00609570252971655
plain_rf,45,14,1,16405,0.00609570252971655
plain_rf,45,36,1,16405,0.00609570252971655
plain_rf,45,42,1,16405,0.00609570252971655
plain_rf,45,48,1,16405,0.00609570252971655
plain_rf,46,10,23383,136482,17.1326621825589
plain_rf,46,39,10018,136482,7.34016207265427
plain_rf,46,16,8677,136482,6.35761492357967
plain_rf,46,45,8584,136482,6.28947406984071
plain_rf,46,18,8551,136482,6.26529505722366
plain_rf,46,49,1890,136482,1.38479799534005
plain_rf,46,20,1787,136482,1.30933016808077
plain_rf,46,34,1700,136482,1.24558549845401
plain_rf,46,47,1140,136482,0.835274981316218
plain_rf,46,40,928,136482,0.679943142685482
plain_rf,46,36,779,136482,0.570771237232749
plain_rf,46,44,705,136482,0.516551633182398
plain_rf,46,1,627,136482,0.45940123972392
plain_rf,46,30,623,136482,0.456470450315793
plain_rf,46,28,295,136482,0.216145718849372
plain_rf,46,26,293,136482,0.214680324145309
plain_rf,46,5,240,136482,0.175847364487625
plain_rf,46,13,225,136482,0.164856904207148
plain_rf,46,50,212,136482,0.155331838630735
plain_rf,46,43,178,136482,0.130420128661655
plain_rf,46,7,168,136482,0.123093155141337
plain_rf,46,3,93,136482,0.0681408537389546
plain_rf,46,2,52,136482,0.038100262305652
plain_rf,46,33,49,136482,0.0359021702495567
plain_rf,46,25,31,136482,0.0227136179129849
plain_rf,46,21,22,136482,0.0161193417446989
plain_rf,46,22,18,136482,0.0131885523365719
plain_rf,46,31,18,136482,0.0131885523365719
plain_rf,46,37,13,136482,0.00952506557641301
plain_rf,46,41,9,136482,0.00659427616828593
plain_rf,46,42,9,136482,0.00659427616828593
plain_rf,46,55,8,136482,0.00586157881625416
plain_rf,46,19,7,136482,0.00512888146422239
plain_rf,46,38,7,136482,0.00512888146422239
plain_rf,46,48,7,136482,0.00512888146422239
plain_rf,46,4,6,136482,0.00439618411219062
plain_rf,46,23,6,136482,0.00439618411219062
plain_rf,46,24,6,136482,0.00439618411219062
plain_rf,46,29,6,136482,0.00439618411219062
plain_rf,46,54,6,136482,0.00439618411219062
plain_rf,46,6,5,136482,0.00366348676015885
plain_rf,46,12,5,136482,0.00366348676015885
plain_rf,46,17,5,136482,0.00366348676015885
plain_rf,46,32,5,136482,0.00366348676015885
plain_rf,46,9,3,136482,0.00219809205609531
plain_rf,46,11,3,136482,0.00219809205609531
plain_rf,46,14,3,136482,0.00219809205609531
plain_rf,46,15,3,136482,0.00219809205609531
plain_rf,46,27,3,136482,0.00219809205609531
plain_rf,46,52,3,136482,0.00219809205609531
plain_rf,46,53,3,136482,0.00219809205609531
plain_rf,46,35,1,136482,0.00073269735203177
plain_rf,47,40,36443,354447,10.2816500069122
plain_rf,47,44,32029,354447,9.03632983210466
plain_rf,47,30,16099,354447,4.54200486955737
plain_rf,47,28,14557,354447,4.10696098429384
plain_rf,47,49,12666,354447,3.57345385911011
plain_rf,47,36,9361,354447,2.6410154409545
plain_rf,47,21,8464,354447,2.38794516528564
plain_rf,47,52,3740,354447,1.05516480602177
plain_rf,47,5,2799,354447,0.78968082675266
plain_rf,47,10,2781,354447,0.784602493461646
plain_rf,47,3,2308,354447,0.651155179758892
plain_rf,47,50,2166,354447,0.611092772685338
plain_rf,47,27,2045,354447,0.576955087784634
plain_rf,47,46,1940,354447,0.547331476920386
plain_rf,47,26,1884,354447,0.531532217792787
plain_rf,47,7,1797,354447,0.506986940219553
plain_rf,47,39,1419,354447,0.400341941108262
plain_rf,47,33,791,354447,0.223164535177333
plain_rf,47,41,768,354447,0.216675553749926
plain_rf,47,34,592,354447,0.167020739348901
plain_rf,47,48,406,354447,0.114544628675091
plain_rf,47,55,191,354447,0.0538867588102029
plain_rf,47,37,156,354447,0.0440122218554537
plain_rf,47,1,131,354447,0.03695898117349
plain_rf,47,45,72,354447,0.0203133331640556
plain_rf,47,6,68,354447,0.0191848146549414
plain_rf,47,4,50,354447,0.0141064813639275
plain_rf,47,11,42,354447,0.0118494443456991
plain_rf,47,22,24,354447,0.00677111105468519
plain_rf,47,18,23,354447,0.00648898142740664
plain_rf,47,2,19,354447,0.00536046291829244
plain_rf,47,9,19,354447,0.00536046291829244
plain_rf,47,20,19,354447,0.00536046291829244
plain_rf,47,13,18,354447,0.00507833329101389
plain_rf,47,35,18,354447,0.00507833329101389
plain_rf,47,23,17,354447,0.00479620366373534
plain_rf,47,32,17,354447,0.00479620366373534
plain_rf,47,31,16,354447,0.00451407403645679
plain_rf,47,19,15,354447,0.00423194440917824
plain_rf,47,42,15,354447,0.00423194440917824
plain_rf,47,14,13,354447,0.00366768515462114
plain_rf,47,15,13,354447,0.00366768515462114
plain_rf,47,17,13,354447,0.00366768515462114
plain_rf,47,24,13,354447,0.00366768515462114
plain_rf,47,38,13,354447,0.00366768515462114
plain_rf,47,53,13,354447,0.00366768515462114
plain_rf,47,25,12,354447,0.00338555552734259
plain_rf,47,43,12,354447,0.00338555552734259
plain_rf,47,29,11,354447,0.00310342590006404
plain_rf,47,12,10,354447,0.00282129627278549
plain_rf,47,54,10,354447,0.00282129627278549
plain_rf,47,16,8,354447,0.0022570370182284
plain_rf,48,21,51,1624,3.14039408866995
plain_rf,48,49,27,1624,1.66256157635468
plain_rf,48,53,24,1624,1.47783251231527
plain_rf,48,30,22,1624,1.35467980295567
plain_rf,48,43,9,1624,0.554187192118227
plain_rf,48,27,8,1624,0.492610837438424
plain_rf,48,4,7,1624,0.431034482758621
plain_rf,48,40,7,1624,0.431034482758621
plain_rf,48,26,6,1624,0.369458128078818
plain_rf,48,47,5,1624,0.307881773399015
plain_rf,48,28,2,1624,0.123152709359606
plain_rf,48,2,1,1624,0.061576354679803
plain_rf,48,7,1,1624,0.061576354679803
plain_rf,48,9,1,1624,0.061576354679803
plain_rf,48,10,1,1624,0.061576354679803
plain_rf,48,16,1,1624,0.061576354679803
plain_rf,48,29,1,1624,0.061576354679803
plain_rf,48,32,1,1624,0.061576354679803
plain_rf,48,34,1,1624,0.061576354679803
plain_rf,49,30,19999,157753,12.6774134247843
plain_rf,49,40,11270,157753,7.1440796688494
plain_rf,49,52,9346,157753,5.92445151597751
plain_rf,49,26,8768,157753,5.55805594822285
plain_rf,49,10,7899,157753,5.00719479185816
plain_rf,49,44,7574,157753,4.80117652279196
plain_rf,49,36,5215,157753,3.30580084055454
plain_rf,49,21,3768,157753,2.38854411643519
plain_rf,49,47,2973,157753,1.88459173518095
plain_rf,49,34,2786,157753,1.76605199267209
plain_rf,49,28,1693,157753,1.0731967062433
plain_rf,49,53,1450,157753,0.919158431218424
plain_rf,49,39,1389,157753,0.880490386870614
plain_rf,49,46,1202,157753,0.761950644361756
plain_rf,49,50,408,157753,0.258632165473874
plain_rf,49,5,406,157753,0.257364360741159
plain_rf,49,55,390,157753,0.247221922879438
plain_rf,49,1,99,157753,0.0627563342693958
plain_rf,49,7,97,157753,0.0614885295366808
plain_rf,49,45,94,157753,0.0595868224376082
plain_rf,49,3,83,157753,0.0526138964076753
plain_rf,49,48,37,157753,0.0234543875552287
plain_rf,49,54,36,157753,0.0228204851888712
plain_rf,49,20,25,157753,0.0158475591589383
plain_rf,49,4,23,157753,0.0145797544262233
plain_rf,49,37,17,157753,0.0107763402280781
plain_rf,49,41,14,157753,0.00887463312900547
plain_rf,49,18,10,157753,0.00633902366357534
plain_rf,49,29,10,157753,0.00633902366357534
plain_rf,49,2,9,157753,0.0057051212972178
plain_rf,49,14,8,157753,0.00507121893086027
plain_rf,49,16,8,157753,0.00507121893086027
plain_rf,49,19,7,157753,0.00443731656450274
plain_rf,49,22,7,157753,0.00443731656450274
plain_rf,49,43,7,157753,0.00443731656450274
plain_rf,49,12,6,157753,0.0038034141981452
plain_rf,49,15,6,157753,0.0038034141981452
plain_rf,49,23,6,157753,0.0038034141981452
plain_rf,49,24,6,157753,0.0038034141981452
plain_rf,49,25,6,157753,0.0038034141981452
plain_rf,49,27,6,157753,0.0038034141981452
plain_rf,49,31,6,157753,0.0038034141981452
plain_rf,49,35,6,157753,0.0038034141981452
plain_rf,49,42,6,157753,0.0038034141981452
plain_rf,49,32,5,157753,0.00316951183178767
plain_rf,49,33,5,157753,0.00316951183178767
plain_rf,49,17,4,157753,0.00253560946543013
plain_rf,49,38,4,157753,0.00253560946543013
plain_rf,49,11,3,157753,0.0019017070990726
plain_rf,49,13,3,157753,0.0019017070990726
plain_rf,49,6,2,157753,0.00126780473271507
plain_rf,49,9,2,157753,0.00126780473271507
plain_rf,50,39,67,2292,2.92321116928447
plain_rf,50,53,50,2292,2.18150087260035
plain_rf,50,40,35,2292,1.52705061082024
plain_rf,50,44,31,2292,1.35253054101222
plain_rf,50,10,26,2292,1.13438045375218
plain_rf,50,28,21,2292,0.916230366492147
plain_rf,50,46,18,2292,0.785340314136126
plain_rf,50,47,14,2292,0.610820244328098
plain_rf,50,21,11,2292,0.479930191972077
plain_rf,50,55,6,2292,0.261780104712042
plain_rf,50,30,5,2292,0.218150087260035
plain_rf,50,34,4,2292,0.174520069808028
plain_rf,50,2,3,2292,0.130890052356021
plain_rf,50,35,2,2292,0.087260034904014
plain_rf,50,49,2,2292,0.087260034904014
plain_rf,50,54,2,2292,0.087260034904014
plain_rf,50,13,1,2292,0.043630017452007
plain_rf,50,14,1,2292,0.043630017452007
plain_rf,50,15,1,2292,0.043630017452007
plain_rf,50,16,1,2292,0.043630017452007
plain_rf,50,18,1,2292,0.043630017452007
plain_rf,50,19,1,2292,0.043630017452007
plain_rf,50,20,1,2292,0.043630017452007
plain_rf,50,25,1,2292,0.043630017452007
plain_rf,50,26,1,2292,0.043630017452007
plain_rf,50,31,1,2292,0.043630017452007
plain_rf,50,37,1,2292,0.043630017452007
plain_rf,50,41,1,2292,0.043630017452007
plain_rf,50,43,1,2292,0.043630017452007
plain_rf,50,45,1,2292,0.043630017452007
plain_rf,50,48,1,2292,0.043630017452007
plain_rf,52,49,1186,23635,5.01798180664269
plain_rf,52,53,778,23635,3.29172836894436
plain_rf,52,55,411,23635,1.7389464776814
plain_rf,52,40,336,23635,1.42162047810451
plain_rf,52,44,200,23635,0.846202665538396
plain_rf,52,47,46,23635,0.194626613073831
plain_rf,52,26,27,23635,0.114237359847684
plain_rf,52,21,25,23635,0.1057753331923
plain_rf,52,28,25,23635,0.1057753331923
plain_rf,52,20,13,23635,0.0550031732599958
plain_rf,52,12,12,23635,0.0507721599323038
plain_rf,52,15,12,23635,0.0507721599323038
plain_rf,52,33,11,23635,0.0465411466046118
plain_rf,52,17,10,23635,0.0423101332769198
plain_rf,52,35,10,23635,0.0423101332769198
plain_rf,52,38,10,23635,0.0423101332769198
plain_rf,52,25,9,23635,0.0380791199492278
plain_rf,52,31,9,23635,0.0380791199492278
plain_rf,52,41,9,23635,0.0380791199492278
plain_rf,52,46,9,23635,0.0380791199492278
plain_rf,52,6,8,23635,0.0338481066215359
plain_rf,52,10,8,23635,0.0338481066215359
plain_rf,52,13,8,23635,0.0338481066215359
plain_rf,52,54,8,23635,0.0338481066215359
plain_rf,52,2,7,23635,0.0296170932938439
plain_rf,52,9,7,23635,0.0296170932938439
plain_rf,52,14,7,23635,0.0296170932938439
plain_rf,52,3,6,23635,0.0253860799661519
plain_rf,52,5,6,23635,0.0253860799661519
plain_rf,52,7,6,23635,0.0253860799661519
plain_rf,52,11,6,23635,0.0253860799661519
plain_rf,52,16,6,23635,0.0253860799661519
plain_rf,52,19,6,23635,0.0253860799661519
plain_rf,52,24,6,23635,0.0253860799661519
plain_rf,52,29,6,23635,0.0253860799661519
plain_rf,52,37,6,23635,0.0253860799661519
plain_rf,52,42,6,23635,0.0253860799661519
plain_rf,52,18,5,23635,0.0211550666384599
plain_rf,52,22,5,23635,0.0211550666384599
plain_rf,52,32,5,23635,0.0211550666384599
plain_rf,52,45,5,23635,0.0211550666384599
plain_rf,52,50,5,23635,0.0211550666384599
plain_rf,52,1,4,23635,0.0169240533107679
plain_rf,52,4,4,23635,0.0169240533107679
plain_rf,52,27,4,23635,0.0169240533107679
plain_rf,52,43,4,23635,0.0169240533107679
plain_rf,52,23,3,23635,0.0126930399830759
plain_rf,52,39,3,23635,0.0126930399830759
plain_rf,52,48,3,23635,0.0126930399830759
plain_rf,52,34,2,23635,0.00846202665538397
plain_rf,52,36,2,23635,0.00846202665538397
plain_rf,52,30,1,23635,0.00423101332769198
plain_rf,53,44,2236,64489,3.46725798198142
plain_rf,53,21,2223,64489,3.447099505342
plain_rf,53,55,1787,64489,2.7710152118966
plain_rf,53,52,1780,64489,2.7601606475523
plain_rf,53,54,1622,64489,2.5151576237808
plain_rf,53,49,1146,64489,1.77704724836794
plain_rf,53,40,1039,64489,1.61112747910496
plain_rf,53,30,444,64489,0.688489509838887
plain_rf,53,50,435,64489,0.674533641396207
plain_rf,53,26,402,64489,0.623362123773047
plain_rf,53,34,230,64489,0.356649971312937
plain_rf,53,2,87,64489,0.134906728279241
plain_rf,53,28,71,64489,0.110096295492255
plain_rf,53,46,45,64489,0.0697793422134007
plain_rf,53,47,42,64489,0.0651273860658407
plain_rf,53,36,33,64489,0.0511715176231605
plain_rf,53,48,32,64489,0.0496208655739739
plain_rf,53,35,29,64489,0.0449689094264138
plain_rf,53,39,27,64489,0.0418676053280404
plain_rf,53,42,26,64489,0.0403169532788538
plain_rf,53,11,24,64489,0.0372156491804804
plain_rf,53,4,23,64489,0.0356649971312937
plain_rf,53,14,22,64489,0.034114345082107
plain_rf,53,25,22,64489,0.034114345082107
plain_rf,53,41,22,64489,0.034114345082107
plain_rf,53,43,22,64489,0.034114345082107
plain_rf,53,1,21,64489,0.0325636930329203
plain_rf,53,10,21,64489,0.0325636930329203
plain_rf,53,15,21,64489,0.0325636930329203
plain_rf,53,38,20,64489,0.0310130409837337
plain_rf,53,3,18,64489,0.0279117368853603
plain_rf,53,19,17,64489,0.0263610848361736
plain_rf,53,6,16,64489,0.0248104327869869
plain_rf,53,7,16,64489,0.0248104327869869
plain_rf,53,13,16,64489,0.0248104327869869
plain_rf,53,16,16,64489,0.0248104327869869
plain_rf,53,20,16,64489,0.0248104327869869
plain_rf,53,24,16,64489,0.0248104327869869
plain_rf,53,29,16,64489,0.0248104327869869
plain_rf,53,45,16,64489,0.0248104327869869
plain_rf,53,17,15,64489,0.0232597807378002
plain_rf,53,31,15,64489,0.0232597807378002
plain_rf,53,5,14,64489,0.0217091286886136
plain_rf,53,9,14,64489,0.0217091286886136
plain_rf,53,12,14,64489,0.0217091286886136
plain_rf,53,18,14,64489,0.0217091286886136
plain_rf,53,22,14,64489,0.0217091286886136
plain_rf,53,32,14,64489,0.0217091286886136
plain_rf,53,33,13,64489,0.0201584766394269
plain_rf,53,23,12,64489,0.0186078245902402
plain_rf,53,37,12,64489,0.0186078245902402
plain_rf,53,27,7,64489,0.0108545643443068
plain_rf,54,44,210,11548,1.81849670938691
plain_rf,54,53,174,11548,1.50675441634915
plain_rf,54,21,170,11548,1.4721163837894
plain_rf,54,40,32,11548,0.277104260478005
plain_rf,54,36,29,11548,0.251125736058192
plain_rf,54,50,24,11548,0.207828195358504
plain_rf,54,49,15,11548,0.129892622099065
plain_rf,54,4,7,11548,0.0606165569795636
plain_rf,54,17,7,11548,0.0606165569795636
plain_rf,54,22,6,11548,0.0519570488396259
plain_rf,54,32,6,11548,0.0519570488396259
plain_rf,54,41,6,11548,0.0519570488396259
plain_rf,54,52,6,11548,0.0519570488396259
plain_rf,54,13,5,11548,0.0432975406996883
plain_rf,54,15,5,11548,0.0432975406996883
plain_rf,54,18,5,11548,0.0432975406996883
plain_rf,54,20,5,11548,0.0432975406996883
plain_rf,54,28,5,11548,0.0432975406996883
plain_rf,54,30,5,11548,0.0432975406996883
plain_rf,54,7,4,11548,0.0346380325597506
plain_rf,54,10,4,11548,0.0346380325597506
plain_rf,54,23,4,11548,0.0346380325597506
plain_rf,54,25,4,11548,0.0346380325597506
plain_rf,54,26,4,11548,0.0346380325597506
plain_rf,54,33,4,11548,0.0346380325597506
plain_rf,54,37,4,11548,0.0346380325597506
plain_rf,54,9,3,11548,0.025978524419813
plain_rf,54,12,3,11548,0.025978524419813
plain_rf,54,14,3,11548,0.025978524419813
plain_rf,54,19,3,11548,0.025978524419813
plain_rf,54,24,3,11548,0.025978524419813
plain_rf,54,29,3,11548,0.025978524419813
plain_rf,54,31,3,11548,0.025978524419813
plain_rf,54,34,3,11548,0.025978524419813
plain_rf,54,35,3,11548,0.025978524419813
plain_rf,54,38,3,11548,0.025978524419813
plain_rf,54,39,3,11548,0.025978524419813
plain_rf,54,46,3,11548,0.025978524419813
plain_rf,54,55,3,11548,0.025978524419813
plain_rf,54,3,2,11548,0.0173190162798753
plain_rf,54,5,2,11548,0.0173190162798753
plain_rf,54,11,2,11548,0.0173190162798753
plain_rf,54,16,2,11548,0.0173190162798753
plain_rf,54,1,1,11548,0.00865950813993765
plain_rf,54,2,1,11548,0.00865950813993765
plain_rf,54,6,1,11548,0.00865950813993765
plain_rf,54,27,1,11548,0.00865950813993765
plain_rf,54,42,1,11548,0.00865950813993765
plain_rf,54,45,1,11548,0.00865950813993765
plain_rf,54,47,1,11548,0.00865950813993765
plain_rf,54,48,1,11548,0.00865950813993765
plain_rf,55,52,338,6383,5.29531568228106
plain_rf,55,53,218,6383,3.41532194892684
plain_rf,55,40,138,6383,2.16199279335736
plain_rf,55,44,114,6383,1.78599404668651
plain_rf,55,28,54,6383,0.8459971800094
plain_rf,55,50,21,6383,0.328998903336989
plain_rf,55,21,8,6383,0.125332915556948
plain_rf,55,36,7,6383,0.10966630111233
plain_rf,55,49,4,6383,0.0626664577784741
plain_rf,55,23,1,6383,0.0156666144446185
plain_rf,55,38,1,6383,0.0156666144446185
