source_zone,PopulationID,Species,Zone,Population,reference_abundance,zone_name,COLOR,projected,method,method_label,scenario,period,ssp,common_valid_pixels,common_valid_area_km2,rank_cutoff,rank_label,pixel_count,area_km2,pixel_share,area_share
2,lariGme-Zone2,lariGme,Zone2,53291,53291,Needleleaf forests in cold-temperate zone and on mountains in temperate zone,#005A32,TRUE,rf_var,Plain RF,2011-2040SSP245,2011-2040,SSP245,12393866,8501128.01140083,1,Top-1,113862,63115.6414976784,0.00918696393845149,0.00742438431853211
2,lariGme-Zone2,lariGme,Zone2,53291,53291,Needleleaf forests in cold-temperate zone and on mountains in temperate zone,#005A32,TRUE,rf_var,Plain RF,2011-2040SSP245,2011-2040,SSP245,12393866,8501128.01140083,3,Top-3,493824,285752.007313622,0.0398442261680092,0.0336134224693948
2,lariGme-Zone2,lariGme,Zone2,53291,53291,Needleleaf forests in cold-temperate zone and on mountains in temperate zone,#005A32,TRUE,rf_var,Plain RF,2011-2040SSP245,2011-2040,SSP245,12393866,8501128.01140083,5,Top-5,650248,380108.557169295,0.0524653082419965,0.0447127200836799
2,lariGme-Zone2,lariGme,Zone2,53291,53291,Needleleaf forests in cold-temperate zone and on mountains in temperate zone,#005A32,TRUE,rf_var,Plain RF,2041-2070SSP245,2041-2070,SSP245,12393866,8501128.01140083,1,Top-1,38730,23676.0911868362,0.00312493293053193,0.00278505289593149
2,lariGme-Zone2,lariGme,Zone2,53291,53291,Needleleaf forests in cold-temperate zone and on mountains in temperate zone,#005A32,TRUE,rf_var,Plain RF,2041-2070SSP245,2041-2070,SSP245,12393866,8501128.01140083,3,Top-3,387044,226688.801754575,0.0312286739262793,0.0266657320593882
2,lariGme-Zone2,lariGme,Zone2,53291,53291,Needleleaf forests in cold-temperate zone and on mountains in temperate zone,#005A32,TRUE,rf_var,Plain RF,2041-2070SSP245,2041-2070,SSP245,12393866,8501128.01140083,5,Top-5,497283,291878.721182389,0.0401233158402713,0.0343341166949787
2,lariGme-Zone2,lariGme,Zone2,53291,53291,Needleleaf forests in cold-temperate zone and on mountains in temperate zone,#005A32,TRUE,rf_var,Plain RF,2071-2100SSP245,2071-2100,SSP245,12393866,8501128.01140083,1,Top-1,43744,26316.4258046956,0.00352948789344665,0.00309563928097574
2,lariGme-Zone2,lariGme,Zone2,53291,53291,Needleleaf forests in cold-temperate zone and on mountains in temperate zone,#005A32,TRUE,rf_var,Plain RF,2071-2100SSP245,2071-2100,SSP245,12393866,8501128.01140083,3,Top-3,341541,199098.228814527,0.0275572609870076,0.0234202130055585
2,lariGme-Zone2,lariGme,Zone2,53291,53291,Needleleaf forests in cold-temperate zone and on mountains in temperate zone,#005A32,TRUE,rf_var,Plain RF,2071-2100SSP245,2071-2100,SSP245,12393866,8501128.01140083,5,Top-5,382293,224938.370942081,0.0308453391379252,0.0264598263477996
2,lariGme-Zone2,lariGme,Zone2,53291,53291,Needleleaf forests in cold-temperate zone and on mountains in temperate zone,#005A32,TRUE,rf_var,Plain RF,2011-2040SSP585,2011-2040,SSP585,12393866,8501128.01140083,1,Top-1,96817,54192.5465880227,0.00781168684573482,0.00637474774116391
2,lariGme-Zone2,lariGme,Zone2,53291,53291,Needleleaf forests in cold-temperate zone and on mountains in temperate zone,#005A32,TRUE,rf_var,Plain RF,2011-2040SSP585,2011-2040,SSP585,12393866,8501128.01140083,3,Top-3,496688,287547.593022366,0.0400753082210184,0.0338246398168263
2,lariGme-Zone2,lariGme,Zone2,53291,53291,Needleleaf forests in cold-temperate zone and on mountains in temperate zone,#005A32,TRUE,rf_var,Plain RF,2011-2040SSP585,2011-2040,SSP585,12393866,8501128.01140083,5,Top-5,643402,376278.545023051,0.0519129382228273,0.0442621902079847
2,lariGme-Zone2,lariGme,Zone2,53291,53291,Needleleaf forests in cold-temperate zone and on mountains in temperate zone,#005A32,TRUE,rf_var,Plain RF,2041-2070SSP585,2041-2070,SSP585,12393866,8501128.01140083,1,Top-1,38213,23315.0244226312,0.00308321874708021,0.00274258008953206
2,lariGme-Zone2,lariGme,Zone2,53291,53291,Needleleaf forests in cold-temperate zone and on mountains in temperate zone,#005A32,TRUE,rf_var,Plain RF,2041-2070SSP585,2041-2070,SSP585,12393866,8501128.01140083,3,Top-3,315337,185151.578679431,0.0254429892980931,0.0217796483515041
2,lariGme-Zone2,lariGme,Zone2,53291,53291,Needleleaf forests in cold-temperate zone and on mountains in temperate zone,#005A32,TRUE,rf_var,Plain RF,2041-2070SSP585,2041-2070,SSP585,12393866,8501128.01140083,5,Top-5,366477,216859.151886366,0.029569224001615,0.0255094561092995
2,lariGme-Zone2,lariGme,Zone2,53291,53291,Needleleaf forests in cold-temperate zone and on mountains in temperate zone,#005A32,TRUE,rf_var,Plain RF,2071-2100SSP585,2071-2100,SSP585,12393866,8501128.01140083,1,Top-1,26755,16124.7291848338,0.00215872916489496,0.00189677524714473
2,lariGme-Zone2,lariGme,Zone2,53291,53291,Needleleaf forests in cold-temperate zone and on mountains in temperate zone,#005A32,TRUE,rf_var,Plain RF,2071-2100SSP585,2071-2100,SSP585,12393866,8501128.01140083,3,Top-3,104819,63509.7357208403,0.00845732881088112,0.00747074219276167
2,lariGme-Zone2,lariGme,Zone2,53291,53291,Needleleaf forests in cold-temperate zone and on mountains in temperate zone,#005A32,TRUE,rf_var,Plain RF,2071-2100SSP585,2071-2100,SSP585,12393866,8501128.01140083,5,Top-5,122046,74813.6405131281,0.00984729058713399,0.0088004368847047
2,lariGme-Zone2,lariGme,Zone2,53291,53291,Needleleaf forests in cold-temperate zone and on mountains in temperate zone,#005A32,TRUE,mf_var,Plain MF RF,2011-2040SSP245,2011-2040,SSP245,12393866,8501128.01140083,1,Top-1,110512,61461.4985784107,0.00891666893929626,0.00722980509127552
2,lariGme-Zone2,lariGme,Zone2,53291,53291,Needleleaf forests in cold-temperate zone and on mountains in temperate zone,#005A32,TRUE,mf_var,Plain MF RF,2011-2040SSP245,2011-2040,SSP245,12393866,8501128.01140083,3,Top-3,490686,284236.127936271,0.0395910364046215,0.0334351073828183
2,lariGme-Zone2,lariGme,Zone2,53291,53291,Needleleaf forests in cold-temperate zone and on mountains in temperate zone,#005A32,TRUE,mf_var,Plain MF RF,2011-2040SSP245,2011-2040,SSP245,12393866,8501128.01140083,5,Top-5,641817,375972.696348069,0.0517850523799434,0.0442262127853919
2,lariGme-Zone2,lariGme,Zone2,53291,53291,Needleleaf forests in cold-temperate zone and on mountains in temperate zone,#005A32,TRUE,mf_var,Plain MF RF,2041-2070SSP245,2041-2070,SSP245,12393866,8501128.01140083,1,Top-1,36531,22371.1264894172,0.00294750645198197,0.00263154800861901
2,lariGme-Zone2,lariGme,Zone2,53291,53291,Needleleaf forests in cold-temperate zone and on mountains in temperate zone,#005A32,TRUE,mf_var,Plain MF RF,2041-2070SSP245,2041-2070,SSP245,12393866,8501128.01140083,3,Top-3,359224,210977.421588429,0.0289840151571753,0.0248175796559572
2,lariGme-Zone2,lariGme,Zone2,53291,53291,Needleleaf forests in cold-temperate zone and on mountains in temperate zone,#005A32,TRUE,mf_var,Plain MF RF,2041-2070SSP245,2041-2070,SSP245,12393866,8501128.01140083,5,Top-5,461304,272208.695026289,0.0372203475493442,0.0320203030305191
2,lariGme-Zone2,lariGme,Zone2,53291,53291,Needleleaf forests in cold-temperate zone and on mountains in temperate zone,#005A32,TRUE,mf_var,Plain MF RF,2071-2100SSP245,2071-2100,SSP245,12393866,8501128.01140083,1,Top-1,38824,23385.8038996029,0.00313251732752315,0.00275090598191678
2,lariGme-Zone2,lariGme,Zone2,53291,53291,Needleleaf forests in cold-temperate zone and on mountains in temperate zone,#005A32,TRUE,mf_var,Plain MF RF,2071-2100SSP245,2071-2100,SSP245,12393866,8501128.01140083,3,Top-3,312919,182586.530710382,0.0252478927882551,0.0214779180439956
2,lariGme-Zone2,lariGme,Zone2,53291,53291,Needleleaf forests in cold-temperate zone and on mountains in temperate zone,#005A32,TRUE,mf_var,Plain MF RF,2071-2100SSP245,2071-2100,SSP245,12393866,8501128.01140083,5,Top-5,356218,210488.463686652,0.028741475823605,0.0247600628298229
2,lariGme-Zone2,lariGme,Zone2,53291,53291,Needleleaf forests in cold-temperate zone and on mountains in temperate zone,#005A32,TRUE,mf_var,Plain MF RF,2011-2040SSP585,2011-2040,SSP585,12393866,8501128.01140083,1,Top-1,92684,52123.1014923388,0.0074782154333442,0.00613131591742139
2,lariGme-Zone2,lariGme,Zone2,53291,53291,Needleleaf forests in cold-temperate zone and on mountains in temperate zone,#005A32,TRUE,mf_var,Plain MF RF,2011-2040SSP585,2011-2040,SSP585,12393866,8501128.01140083,3,Top-3,489769,283930.138866846,0.0395170481914199,0.0333991134454238
2,lariGme-Zone2,lariGme,Zone2,53291,53291,Needleleaf forests in cold-temperate zone and on mountains in temperate zone,#005A32,TRUE,mf_var,Plain MF RF,2011-2040SSP585,2011-2040,SSP585,12393866,8501128.01140083,5,Top-5,632925,371073.553121276,0.0510676006986036,0.0436499194722901
2,lariGme-Zone2,lariGme,Zone2,53291,53291,Needleleaf forests in cold-temperate zone and on mountains in temperate zone,#005A32,TRUE,mf_var,Plain MF RF,2041-2070SSP585,2041-2070,SSP585,12393866,8501128.01140083,1,Top-1,38568,23346.5401417594,0.00311186194848323,0.00274628732921672
2,lariGme-Zone2,lariGme,Zone2,53291,53291,Needleleaf forests in cold-temperate zone and on mountains in temperate zone,#005A32,TRUE,mf_var,Plain MF RF,2041-2070SSP585,2041-2070,SSP585,12393866,8501128.01140083,3,Top-3,296106,174053.447975417,0.0238913346327934,0.0204741591635833
2,lariGme-Zone2,lariGme,Zone2,53291,53291,Needleleaf forests in cold-temperate zone and on mountains in temperate zone,#005A32,TRUE,mf_var,Plain MF RF,2041-2070SSP585,2041-2070,SSP585,12393866,8501128.01140083,5,Top-5,343439,204151.487409263,0.0277104012581708,0.0240146351325938
2,lariGme-Zone2,lariGme,Zone2,53291,53291,Needleleaf forests in cold-temperate zone and on mountains in temperate zone,#005A32,TRUE,mf_var,Plain MF RF,2071-2100SSP585,2071-2100,SSP585,12393866,8501128.01140083,1,Top-1,22045,13373.2068532624,0.00177870246459014,0.00157310969030553
2,lariGme-Zone2,lariGme,Zone2,53291,53291,Needleleaf forests in cold-temperate zone and on mountains in temperate zone,#005A32,TRUE,mf_var,Plain MF RF,2071-2100SSP585,2071-2100,SSP585,12393866,8501128.01140083,3,Top-3,100253,60767.0300775225,0.00808892076128627,0.00714811375573078
2,lariGme-Zone2,lariGme,Zone2,53291,53291,Needleleaf forests in cold-temperate zone and on mountains in temperate zone,#005A32,TRUE,mf_var,Plain MF RF,2071-2100SSP585,2071-2100,SSP585,12393866,8501128.01140083,5,Top-5,117634,72570.5040804989,0.00949130803899284,0.0085365734974435
3,lariGme-Zone3,lariGme,Zone3,354,354,Broadleaf deciduous forests in temperate zone,#33A02C,TRUE,rf_var,Plain RF,2011-2040SSP245,2011-2040,SSP245,12393866,8501128.01140083,1,Top-1,464597,285110.19273948,0.03748604349926,0.0335379248915108
3,lariGme-Zone3,lariGme,Zone3,354,354,Broadleaf deciduous forests in temperate zone,#33A02C,TRUE,rf_var,Plain RF,2011-2040SSP245,2011-2040,SSP245,12393866,8501128.01140083,3,Top-3,1043841,650362.609125005,0.0842223887203557,0.076503095618935
3,lariGme-Zone3,lariGme,Zone3,354,354,Broadleaf deciduous forests in temperate zone,#33A02C,TRUE,rf_var,Plain RF,2011-2040SSP245,2011-2040,SSP245,12393866,8501128.01140083,5,Top-5,1364973,854196.977497454,0.11013294802445,0.100480427579951
3,lariGme-Zone3,lariGme,Zone3,354,354,Broadleaf deciduous forests in temperate zone,#33A02C,TRUE,rf_var,Plain RF,2041-2070SSP245,2041-2070,SSP245,12393866,8501128.01140083,1,Top-1,452763,271632.094911422,0.0365312163291099,0.0319524767239285
3,lariGme-Zone3,lariGme,Zone3,354,354,Broadleaf deciduous forests in temperate zone,#33A02C,TRUE,rf_var,Plain RF,2041-2070SSP245,2041-2070,SSP245,12393866,8501128.01140083,3,Top-3,978384,598883.210999804,0.0789409858070113,0.0704474994608531
3,lariGme-Zone3,lariGme,Zone3,354,354,Broadleaf deciduous forests in temperate zone,#33A02C,TRUE,rf_var,Plain RF,2041-2070SSP245,2041-2070,SSP245,12393866,8501128.01140083,5,Top-5,1197848,746828.28150673,0.0966484549695793,0.0878504923705609
3,lariGme-Zone3,lariGme,Zone3,354,354,Broadleaf deciduous forests in temperate zone,#33A02C,TRUE,rf_var,Plain RF,2071-2100SSP245,2071-2100,SSP245,12393866,8501128.01140083,1,Top-1,461225,277213.485590234,0.0372139734284686,0.0326090237928971
3,lariGme-Zone3,lariGme,Zone3,354,354,Broadleaf deciduous forests in temperate zone,#33A02C,TRUE,rf_var,Plain RF,2071-2100SSP245,2071-2100,SSP245,12393866,8501128.01140083,3,Top-3,949287,582518.101763601,0.0765932921979308,0.0685224479601281
3,lariGme-Zone3,lariGme,Zone3,354,354,Broadleaf deciduous forests in temperate zone,#33A02C,TRUE,rf_var,Plain RF,2071-2100SSP245,2071-2100,SSP245,12393866,8501128.01140083,5,Top-5,1118256,697025.602387899,0.0902265685299486,0.081992131097558
3,lariGme-Zone3,lariGme,Zone3,354,354,Broadleaf deciduous forests in temperate zone,#33A02C,TRUE,rf_var,Plain RF,2011-2040SSP585,2011-2040,SSP585,12393866,8501128.01140083,1,Top-1,461589,282806.507289548,0.037243342795541,0.0332669390356524
3,lariGme-Zone3,lariGme,Zone3,354,354,Broadleaf deciduous forests in temperate zone,#33A02C,TRUE,rf_var,Plain RF,2011-2040SSP585,2011-2040,SSP585,12393866,8501128.01140083,3,Top-3,1034716,643166.983597266,0.0834861374166866,0.0756566637668221
3,lariGme-Zone3,lariGme,Zone3,354,354,Broadleaf deciduous forests in temperate zone,#33A02C,TRUE,rf_var,Plain RF,2011-2040SSP585,2011-2040,SSP585,12393866,8501128.01140083,5,Top-5,1350011,844345.577223345,0.108925737941656,0.0993215930981154
3,lariGme-Zone3,lariGme,Zone3,354,354,Broadleaf deciduous forests in temperate zone,#33A02C,TRUE,rf_var,Plain RF,2041-2070SSP585,2041-2070,SSP585,12393866,8501128.01140083,1,Top-1,429988,258855.543342417,0.0346936137602262,0.0304495524588345
3,lariGme-Zone3,lariGme,Zone3,354,354,Broadleaf deciduous forests in temperate zone,#33A02C,TRUE,rf_var,Plain RF,2041-2070SSP585,2041-2070,SSP585,12393866,8501128.01140083,3,Top-3,899058,552576.954113135,0.0725405615971643,0.06500042739882
3,lariGme-Zone3,lariGme,Zone3,354,354,Broadleaf deciduous forests in temperate zone,#33A02C,TRUE,rf_var,Plain RF,2041-2070SSP585,2041-2070,SSP585,12393866,8501128.01140083,5,Top-5,1079812,674943.002182181,0.0871247115306879,0.0793945228535575
3,lariGme-Zone3,lariGme,Zone3,354,354,Broadleaf deciduous forests in temperate zone,#33A02C,TRUE,rf_var,Plain RF,2071-2100SSP585,2071-2100,SSP585,12393866,8501128.01140083,1,Top-1,358944,221810.404449178,0.0289614233363504,0.0260918791190662
3,lariGme-Zone3,lariGme,Zone3,354,354,Broadleaf deciduous forests in temperate zone,#33A02C,TRUE,rf_var,Plain RF,2071-2100SSP585,2071-2100,SSP585,12393866,8501128.01140083,3,Top-3,694514,438270.028335231,0.0560369137442667,0.0515543381710602
3,lariGme-Zone3,lariGme,Zone3,354,354,Broadleaf deciduous forests in temperate zone,#33A02C,TRUE,rf_var,Plain RF,2071-2100SSP585,2071-2100,SSP585,12393866,8501128.01140083,5,Top-5,784614,499382.838647492,0.0633066389454267,0.0587431265565901
3,lariGme-Zone3,lariGme,Zone3,354,354,Broadleaf deciduous forests in temperate zone,#33A02C,TRUE,mf_var,Plain MF RF,2011-2040SSP245,2011-2040,SSP245,12393866,8501128.01140083,1,Top-1,461865,283631.433829458,0.0372656118760684,0.033363976339267
3,lariGme-Zone3,lariGme,Zone3,354,354,Broadleaf deciduous forests in temperate zone,#33A02C,TRUE,mf_var,Plain MF RF,2011-2040SSP245,2011-2040,SSP245,12393866,8501128.01140083,3,Top-3,1048317,653280.233499131,0.0845835351132568,0.0768462999996024
3,lariGme-Zone3,lariGme,Zone3,354,354,Broadleaf deciduous forests in temperate zone,#33A02C,TRUE,mf_var,Plain MF RF,2011-2040SSP245,2011-2040,SSP245,12393866,8501128.01140083,5,Top-5,1370809,857697.855499619,0.110603826118501,0.100892240929599
3,lariGme-Zone3,lariGme,Zone3,354,354,Broadleaf deciduous forests in temperate zone,#33A02C,TRUE,mf_var,Plain MF RF,2041-2070SSP245,2041-2070,SSP245,12393866,8501128.01140083,1,Top-1,440869,265453.674592307,0.0355715480544973,0.0312257001937046
3,lariGme-Zone3,lariGme,Zone3,354,354,Broadleaf deciduous forests in temperate zone,#33A02C,TRUE,mf_var,Plain MF RF,2041-2070SSP245,2041-2070,SSP245,12393866,8501128.01140083,3,Top-3,990499,605985.493476436,0.0799184854830607,0.0712829512346774
3,lariGme-Zone3,lariGme,Zone3,354,354,Broadleaf deciduous forests in temperate zone,#33A02C,TRUE,mf_var,Plain MF RF,2041-2070SSP245,2041-2070,SSP245,12393866,8501128.01140083,5,Top-5,1205946,751507.261395186,0.0973018427018656,0.0884008875513158
3,lariGme-Zone3,lariGme,Zone3,354,354,Broadleaf deciduous forests in temperate zone,#33A02C,TRUE,mf_var,Plain MF RF,2071-2100SSP245,2071-2100,SSP245,12393866,8501128.01140083,1,Top-1,469512,282414.815500005,0.0378826106398117,0.0332208637631688
3,lariGme-Zone3,lariGme,Zone3,354,354,Broadleaf deciduous forests in temperate zone,#33A02C,TRUE,mf_var,Plain MF RF,2071-2100SSP245,2071-2100,SSP245,12393866,8501128.01140083,3,Top-3,956489,586027.999714912,0.0771743861035774,0.068935322339458
3,lariGme-Zone3,lariGme,Zone3,354,354,Broadleaf deciduous forests in temperate zone,#33A02C,TRUE,mf_var,Plain MF RF,2071-2100SSP245,2071-2100,SSP245,12393866,8501128.01140083,5,Top-5,1121721,698311.205460189,0.0905061423126569,0.0821433584488654
3,lariGme-Zone3,lariGme,Zone3,354,354,Broadleaf deciduous forests in temperate zone,#33A02C,TRUE,mf_var,Plain MF RF,2011-2040SSP585,2011-2040,SSP585,12393866,8501128.01140083,1,Top-1,462022,283092.671954753,0.0372782794327452,0.0333006009996671
3,lariGme-Zone3,lariGme,Zone3,354,354,Broadleaf deciduous forests in temperate zone,#33A02C,TRUE,mf_var,Plain MF RF,2011-2040SSP585,2011-2040,SSP585,12393866,8501128.01140083,3,Top-3,1042368,648030.649922601,0.0841035396058018,0.076228783880625
3,lariGme-Zone3,lariGme,Zone3,354,354,Broadleaf deciduous forests in temperate zone,#33A02C,TRUE,mf_var,Plain MF RF,2011-2040SSP585,2011-2040,SSP585,12393866,8501128.01140083,5,Top-5,1358536,849716.610984574,0.1096135782007,0.0999533955782129
3,lariGme-Zone3,lariGme,Zone3,354,354,Broadleaf deciduous forests in temperate zone,#33A02C,TRUE,mf_var,Plain MF RF,2041-2070SSP585,2041-2070,SSP585,12393866,8501128.01140083,1,Top-1,421656,254872.376314642,0.0340213457205363,0.0299810067526137
3,lariGme-Zone3,lariGme,Zone3,354,354,Broadleaf deciduous forests in temperate zone,#33A02C,TRUE,mf_var,Plain MF RF,2041-2070SSP585,2041-2070,SSP585,12393866,8501128.01140083,3,Top-3,906143,556414.72174868,0.073112215349109,0.0654518695639536
3,lariGme-Zone3,lariGme,Zone3,354,354,Broadleaf deciduous forests in temperate zone,#33A02C,TRUE,mf_var,Plain MF RF,2041-2070SSP585,2041-2070,SSP585,12393866,8501128.01140083,5,Top-5,1080800,674944.395809317,0.08720442838417,0.0793946867879359
3,lariGme-Zone3,lariGme,Zone3,354,354,Broadleaf deciduous forests in temperate zone,#33A02C,TRUE,mf_var,Plain MF RF,2071-2100SSP585,2071-2100,SSP585,12393866,8501128.01140083,1,Top-1,369042,227732.563541856,0.0297761812173861,0.0267885112700861
3,lariGme-Zone3,lariGme,Zone3,354,354,Broadleaf deciduous forests in temperate zone,#33A02C,TRUE,mf_var,Plain MF RF,2071-2100SSP585,2071-2100,SSP585,12393866,8501128.01140083,3,Top-3,680596,428831.164466811,0.0549139388791197,0.0504440309440943
3,lariGme-Zone3,lariGme,Zone3,354,354,Broadleaf deciduous forests in temperate zone,#33A02C,TRUE,mf_var,Plain MF RF,2071-2100SSP585,2071-2100,SSP585,12393866,8501128.01140083,5,Top-5,765012,486243.864003226,0.061725050117534,0.0571975699402627
4,lariGme-Zone4,lariGme,Zone4,439,439,"Grass, Carex and forb swamp meadows",#00B4D8,TRUE,rf_var,Plain RF,2011-2040SSP245,2011-2040,SSP245,12393866,8501128.01140083,1,Top-1,65632,37177.7531842518,0.00529552280135996,0.00437327295088286
4,lariGme-Zone4,lariGme,Zone4,439,439,"Grass, Carex and forb swamp meadows",#00B4D8,TRUE,rf_var,Plain RF,2011-2040SSP245,2011-2040,SSP245,12393866,8501128.01140083,3,Top-3,252304,144721.32227932,0.020357167005033,0.0170237787368023
4,lariGme-Zone4,lariGme,Zone4,439,439,"Grass, Carex and forb swamp meadows",#00B4D8,TRUE,rf_var,Plain RF,2011-2040SSP245,2011-2040,SSP245,12393866,8501128.01140083,5,Top-5,418070,241658.456045332,0.0337320090438286,0.0284266341738701
4,lariGme-Zone4,lariGme,Zone4,439,439,"Grass, Carex and forb swamp meadows",#00B4D8,TRUE,rf_var,Plain RF,2041-2070SSP245,2041-2070,SSP245,12393866,8501128.01140083,1,Top-1,8599,5251.31849749265,0.000693810954548,0.000617720200242854
4,lariGme-Zone4,lariGme,Zone4,439,439,"Grass, Carex and forb swamp meadows",#00B4D8,TRUE,rf_var,Plain RF,2041-2070SSP245,2041-2070,SSP245,12393866,8501128.01140083,3,Top-3,175230,100225.769951592,0.0141384455826778,0.0117897024744457
4,lariGme-Zone4,lariGme,Zone4,439,439,"Grass, Carex and forb swamp meadows",#00B4D8,TRUE,rf_var,Plain RF,2041-2070SSP245,2041-2070,SSP245,12393866,8501128.01140083,5,Top-5,268092,153980.358889567,0.0216310229592607,0.0181129326229489
4,lariGme-Zone4,lariGme,Zone4,439,439,"Grass, Carex and forb swamp meadows",#00B4D8,TRUE,rf_var,Plain RF,2071-2100SSP245,2071-2100,SSP245,12393866,8501128.01140083,1,Top-1,6253,3889.01851483387,0.000504523770064966,0.000457470880290042
4,lariGme-Zone4,lariGme,Zone4,439,439,"Grass, Carex and forb swamp meadows",#00B4D8,TRUE,rf_var,Plain RF,2071-2100SSP245,2071-2100,SSP245,12393866,8501128.01140083,3,Top-3,80746,46769.3544275478,0.0065149970154591,0.00550154689646192
4,lariGme-Zone4,lariGme,Zone4,439,439,"Grass, Carex and forb swamp meadows",#00B4D8,TRUE,rf_var,Plain RF,2071-2100SSP245,2071-2100,SSP245,12393866,8501128.01140083,5,Top-5,127655,73974.0414949497,0.0102998531693017,0.00870167363622138
4,lariGme-Zone4,lariGme,Zone4,439,439,"Grass, Carex and forb swamp meadows",#00B4D8,TRUE,rf_var,Plain RF,2011-2040SSP585,2011-2040,SSP585,12393866,8501128.01140083,1,Top-1,56298,31976.4729970187,0.00454240831714656,0.00376143882954535
4,lariGme-Zone4,lariGme,Zone4,439,439,"Grass, Carex and forb swamp meadows",#00B4D8,TRUE,rf_var,Plain RF,2011-2040SSP585,2011-2040,SSP585,12393866,8501128.01140083,3,Top-3,236253,136121.994292479,0.0190620908762447,0.0160122273314702
4,lariGme-Zone4,lariGme,Zone4,439,439,"Grass, Carex and forb swamp meadows",#00B4D8,TRUE,rf_var,Plain RF,2011-2040SSP585,2011-2040,SSP585,12393866,8501128.01140083,5,Top-5,396528,229449.241891703,0.0319938911716489,0.0269904466306106
4,lariGme-Zone4,lariGme,Zone4,439,439,"Grass, Carex and forb swamp meadows",#00B4D8,TRUE,rf_var,Plain RF,2041-2070SSP585,2041-2070,SSP585,12393866,8501128.01140083,1,Top-1,6793,4178.59208596777,0.000548093710227301,0.000491533838846313
4,lariGme-Zone4,lariGme,Zone4,439,439,"Grass, Carex and forb swamp meadows",#00B4D8,TRUE,rf_var,Plain RF,2041-2070SSP585,2041-2070,SSP585,12393866,8501128.01140083,3,Top-3,91137,52428.8181153646,0.00735339562328655,0.00616727780655137
4,lariGme-Zone4,lariGme,Zone4,439,439,"Grass, Carex and forb swamp meadows",#00B4D8,TRUE,rf_var,Plain RF,2041-2070SSP585,2041-2070,SSP585,12393866,8501128.01140083,5,Top-5,136247,78725.140723462,0.010993099328329,0.0092605523193962
4,lariGme-Zone4,lariGme,Zone4,439,439,"Grass, Carex and forb swamp meadows",#00B4D8,TRUE,rf_var,Plain RF,2071-2100SSP585,2071-2100,SSP585,12393866,8501128.01140083,1,Top-1,3427,2125.88048093526,0.000276507749882079,0.000250070399843909
4,lariGme-Zone4,lariGme,Zone4,439,439,"Grass, Carex and forb swamp meadows",#00B4D8,TRUE,rf_var,Plain RF,2071-2100SSP585,2071-2100,SSP585,12393866,8501128.01140083,3,Top-3,19341,11960.6214788579,0.00156053002348097,0.00140694522689431
4,lariGme-Zone4,lariGme,Zone4,439,439,"Grass, Carex and forb swamp meadows",#00B4D8,TRUE,rf_var,Plain RF,2071-2100SSP585,2071-2100,SSP585,12393866,8501128.01140083,5,Top-5,25090,15505.0760854148,0.00202438851606109,0.00182388455562849
4,lariGme-Zone4,lariGme,Zone4,439,439,"Grass, Carex and forb swamp meadows",#00B4D8,TRUE,mf_var,Plain MF RF,2011-2040SSP245,2011-2040,SSP245,12393866,8501128.01140083,1,Top-1,67316,38177.1187926119,0.00543139646660695,0.00449082977475609
4,lariGme-Zone4,lariGme,Zone4,439,439,"Grass, Carex and forb swamp meadows",#00B4D8,TRUE,mf_var,Plain MF RF,2011-2040SSP245,2011-2040,SSP245,12393866,8501128.01140083,3,Top-3,249955,143202.227464319,0.0201676377653268,0.0168450854136382
4,lariGme-Zone4,lariGme,Zone4,439,439,"Grass, Carex and forb swamp meadows",#00B4D8,TRUE,mf_var,Plain MF RF,2011-2040SSP245,2011-2040,SSP245,12393866,8501128.01140083,5,Top-5,413624,238878.203933948,0.0333732832031587,0.0280995890914228
4,lariGme-Zone4,lariGme,Zone4,439,439,"Grass, Carex and forb swamp meadows",#00B4D8,TRUE,mf_var,Plain MF RF,2041-2070SSP245,2041-2070,SSP245,12393866,8501128.01140083,1,Top-1,7622,4657.75815216243,0.000614981636883923,0.000547898837179716
4,lariGme-Zone4,lariGme,Zone4,439,439,"Grass, Carex and forb swamp meadows",#00B4D8,TRUE,mf_var,Plain MF RF,2041-2070SSP245,2041-2070,SSP245,12393866,8501128.01140083,3,Top-3,141029,80225.9748609728,0.0113789353539888,0.00943709761262058
4,lariGme-Zone4,lariGme,Zone4,439,439,"Grass, Carex and forb swamp meadows",#00B4D8,TRUE,mf_var,Plain MF RF,2041-2070SSP245,2041-2070,SSP245,12393866,8501128.01140083,5,Top-5,225232,128544.670962969,0.0181728606715612,0.0151208958141293
4,lariGme-Zone4,lariGme,Zone4,439,439,"Grass, Carex and forb swamp meadows",#00B4D8,TRUE,mf_var,Plain MF RF,2071-2100SSP245,2071-2100,SSP245,12393866,8501128.01140083,1,Top-1,4813,3071.96728394031,0.000388337262965406,0.000361359960680571
4,lariGme-Zone4,lariGme,Zone4,439,439,"Grass, Carex and forb swamp meadows",#00B4D8,TRUE,mf_var,Plain MF RF,2071-2100SSP245,2071-2100,SSP245,12393866,8501128.01140083,3,Top-3,47160,27808.8086546948,0.0038051081075106,0.0032711904370103
4,lariGme-Zone4,lariGme,Zone4,439,439,"Grass, Carex and forb swamp meadows",#00B4D8,TRUE,mf_var,Plain MF RF,2071-2100SSP245,2071-2100,SSP245,12393866,8501128.01140083,5,Top-5,96842,56413.5159806456,0.00781370397259419,0.00663600358740507
4,lariGme-Zone4,lariGme,Zone4,439,439,"Grass, Carex and forb swamp meadows",#00B4D8,TRUE,mf_var,Plain MF RF,2011-2040SSP585,2011-2040,SSP585,12393866,8501128.01140083,1,Top-1,58247,33088.2979242776,0.00469966352710284,0.0038922244059733
4,lariGme-Zone4,lariGme,Zone4,439,439,"Grass, Carex and forb swamp meadows",#00B4D8,TRUE,mf_var,Plain MF RF,2011-2040SSP585,2011-2040,SSP585,12393866,8501128.01140083,3,Top-3,231607,133306.779125962,0.0186872280206999,0.0156810694942113
4,lariGme-Zone4,lariGme,Zone4,439,439,"Grass, Carex and forb swamp meadows",#00B4D8,TRUE,mf_var,Plain MF RF,2011-2040SSP585,2011-2040,SSP585,12393866,8501128.01140083,5,Top-5,391858,226490.373164092,0.0316170918743191,0.0266423906169095
4,lariGme-Zone4,lariGme,Zone4,439,439,"Grass, Carex and forb swamp meadows",#00B4D8,TRUE,mf_var,Plain MF RF,2041-2070SSP585,2041-2070,SSP585,12393866,8501128.01140083,1,Top-1,5664,3527.81638142902,0.000457000261258271,0.000414982150215581
4,lariGme-Zone4,lariGme,Zone4,439,439,"Grass, Carex and forb swamp meadows",#00B4D8,TRUE,mf_var,Plain MF RF,2041-2070SSP585,2041-2070,SSP585,12393866,8501128.01140083,3,Top-3,61982,35919.0618078598,0.00500102227989233,0.00422521126133954
4,lariGme-Zone4,lariGme,Zone4,439,439,"Grass, Carex and forb swamp meadows",#00B4D8,TRUE,mf_var,Plain MF RF,2041-2070SSP585,2041-2070,SSP585,12393866,8501128.01140083,5,Top-5,104412,60589.3219687111,0.00842448998561063,0.00712720969352008
4,lariGme-Zone4,lariGme,Zone4,439,439,"Grass, Carex and forb swamp meadows",#00B4D8,TRUE,mf_var,Plain MF RF,2071-2100SSP585,2071-2100,SSP585,12393866,8501128.01140083,1,Top-1,2420,1568.9959253589,0.000195257879986761,0.000184563263046354
4,lariGme-Zone4,lariGme,Zone4,439,439,"Grass, Carex and forb swamp meadows",#00B4D8,TRUE,mf_var,Plain MF RF,2071-2100SSP585,2071-2100,SSP585,12393866,8501128.01140083,3,Top-3,18532,11496.0619563984,0.00149525579831184,0.00135229841745485
4,lariGme-Zone4,lariGme,Zone4,439,439,"Grass, Carex and forb swamp meadows",#00B4D8,TRUE,mf_var,Plain MF RF,2071-2100SSP585,2071-2100,SSP585,12393866,8501128.01140083,5,Top-5,24619,15239.5009656874,0.00198638584603061,0.00179264456966767
5,lariGme-Zone5,lariGme,Zone5,313,313,Grass and forb meadows,#B8DE29,TRUE,rf_var,Plain RF,2011-2040SSP245,2011-2040,SSP245,12393866,8501128.01140083,1,Top-1,192571,111820.237882714,0.0155376054574093,0.0131535765292267
5,lariGme-Zone5,lariGme,Zone5,313,313,Grass and forb meadows,#B8DE29,TRUE,rf_var,Plain RF,2011-2040SSP245,2011-2040,SSP245,12393866,8501128.01140083,3,Top-3,806433,466964.681165826,0.0650671065832082,0.0549297317414326
5,lariGme-Zone5,lariGme,Zone5,313,313,Grass and forb meadows,#B8DE29,TRUE,rf_var,Plain RF,2011-2040SSP245,2011-2040,SSP245,12393866,8501128.01140083,5,Top-5,1019518,606476.471288213,0.08225988565634,0.0713407056657504
5,lariGme-Zone5,lariGme,Zone5,313,313,Grass and forb meadows,#B8DE29,TRUE,rf_var,Plain RF,2041-2070SSP245,2041-2070,SSP245,12393866,8501128.01140083,1,Top-1,227955,127970.031004655,0.0183925661290835,0.015053300083593
5,lariGme-Zone5,lariGme,Zone5,313,313,Grass and forb meadows,#B8DE29,TRUE,rf_var,Plain RF,2041-2070SSP245,2041-2070,SSP245,12393866,8501128.01140083,3,Top-3,638201,366431.60241107,0.0514932951510045,0.0431038800874013
5,lariGme-Zone5,lariGme,Zone5,313,313,Grass and forb meadows,#B8DE29,TRUE,rf_var,Plain RF,2041-2070SSP245,2041-2070,SSP245,12393866,8501128.01140083,5,Top-5,800748,476169.083396189,0.064608411935388,0.0560124589063476
5,lariGme-Zone5,lariGme,Zone5,313,313,Grass and forb meadows,#B8DE29,TRUE,rf_var,Plain RF,2071-2100SSP245,2071-2100,SSP245,12393866,8501128.01140083,1,Top-1,172250,95682.0726016032,0.0138980040610412,0.0112552207746177
5,lariGme-Zone5,lariGme,Zone5,313,313,Grass and forb meadows,#B8DE29,TRUE,rf_var,Plain RF,2071-2100SSP245,2071-2100,SSP245,12393866,8501128.01140083,3,Top-3,511638,292759.717778982,0.0412815500829201,0.0344377496005663
5,lariGme-Zone5,lariGme,Zone5,313,313,Grass and forb meadows,#B8DE29,TRUE,rf_var,Plain RF,2071-2100SSP245,2071-2100,SSP245,12393866,8501128.01140083,5,Top-5,651437,387425.043186765,0.052561242795428,0.0455733689302397
5,lariGme-Zone5,lariGme,Zone5,313,313,Grass and forb meadows,#B8DE29,TRUE,rf_var,Plain RF,2011-2040SSP585,2011-2040,SSP585,12393866,8501128.01140083,1,Top-1,208087,119839.304135999,0.0167895150714071,0.0140968709064589
5,lariGme-Zone5,lariGme,Zone5,313,313,Grass and forb meadows,#B8DE29,TRUE,rf_var,Plain RF,2011-2040SSP585,2011-2040,SSP585,12393866,8501128.01140083,3,Top-3,814865,471112.826952934,0.0657474431303356,0.0554176841380492
5,lariGme-Zone5,lariGme,Zone5,313,313,Grass and forb meadows,#B8DE29,TRUE,rf_var,Plain RF,2011-2040SSP585,2011-2040,SSP585,12393866,8501128.01140083,5,Top-5,1012533,601437.75111855,0.0816963004118328,0.0707479937147122
5,lariGme-Zone5,lariGme,Zone5,313,313,Grass and forb meadows,#B8DE29,TRUE,rf_var,Plain RF,2041-2070SSP585,2041-2070,SSP585,12393866,8501128.01140083,1,Top-1,196402,109258.629485258,0.0158467099773388,0.0128522508235062
5,lariGme-Zone5,lariGme,Zone5,313,313,Grass and forb meadows,#B8DE29,TRUE,rf_var,Plain RF,2041-2070SSP585,2041-2070,SSP585,12393866,8501128.01140083,3,Top-3,553380,317132.838423457,0.0446495064574686,0.0373047950810941
5,lariGme-Zone5,lariGme,Zone5,313,313,Grass and forb meadows,#B8DE29,TRUE,rf_var,Plain RF,2041-2070SSP585,2041-2070,SSP585,12393866,8501128.01140083,5,Top-5,691516,411647.373251573,0.0557950198912914,0.0484226766964942
5,lariGme-Zone5,lariGme,Zone5,313,313,Grass and forb meadows,#B8DE29,TRUE,rf_var,Plain RF,2071-2100SSP585,2071-2100,SSP585,12393866,8501128.01140083,1,Top-1,66919,38191.0515690112,0.0053993644920802,0.00449246870742252
5,lariGme-Zone5,lariGme,Zone5,313,313,Grass and forb meadows,#B8DE29,TRUE,rf_var,Plain RF,2071-2100SSP585,2071-2100,SSP585,12393866,8501128.01140083,3,Top-3,209543,123159.699216353,0.0169069925396967,0.0144874537886247
5,lariGme-Zone5,lariGme,Zone5,313,313,Grass and forb meadows,#B8DE29,TRUE,rf_var,Plain RF,2071-2100SSP585,2071-2100,SSP585,12393866,8501128.01140083,5,Top-5,272442,167535.529559103,0.0219820030327906,0.0197074469804973
5,lariGme-Zone5,lariGme,Zone5,313,313,Grass and forb meadows,#B8DE29,TRUE,mf_var,Plain MF RF,2011-2040SSP245,2011-2040,SSP245,12393866,8501128.01140083,1,Top-1,207669,119921.266773665,0.0167557887103185,0.0141065122902324
5,lariGme-Zone5,lariGme,Zone5,313,313,Grass and forb meadows,#B8DE29,TRUE,mf_var,Plain MF RF,2011-2040SSP245,2011-2040,SSP245,12393866,8501128.01140083,3,Top-3,819806,474804.276929825,0.066146108082821,0.0558519147450863
5,lariGme-Zone5,lariGme,Zone5,313,313,Grass and forb meadows,#B8DE29,TRUE,mf_var,Plain MF RF,2011-2040SSP245,2011-2040,SSP245,12393866,8501128.01140083,5,Top-5,1028285,611560.368558657,0.082967251703383,0.0719387318645826
5,lariGme-Zone5,lariGme,Zone5,313,313,Grass and forb meadows,#B8DE29,TRUE,mf_var,Plain MF RF,2041-2070SSP245,2041-2070,SSP245,12393866,8501128.01140083,1,Top-1,245101,136930.790344893,0.0197759924143121,0.0161073671824792
5,lariGme-Zone5,lariGme,Zone5,313,313,Grass and forb meadows,#B8DE29,TRUE,mf_var,Plain MF RF,2041-2070SSP245,2041-2070,SSP245,12393866,8501128.01140083,3,Top-3,649572,372762.190378776,0.0524107651317192,0.0438485563185105
5,lariGme-Zone5,lariGme,Zone5,313,313,Grass and forb meadows,#B8DE29,TRUE,mf_var,Plain MF RF,2041-2070SSP245,2041-2070,SSP245,12393866,8501128.01140083,5,Top-5,791439,469600.744035557,0.063857314578034,0.0552398156345579
5,lariGme-Zone5,lariGme,Zone5,313,313,Grass and forb meadows,#B8DE29,TRUE,mf_var,Plain MF RF,2071-2100SSP245,2071-2100,SSP245,12393866,8501128.01140083,1,Top-1,176872,97937.4651125191,0.014270930474801,0.011520525862118
5,lariGme-Zone5,lariGme,Zone5,313,313,Grass and forb meadows,#B8DE29,TRUE,mf_var,Plain MF RF,2071-2100SSP245,2071-2100,SSP245,12393866,8501128.01140083,3,Top-3,483010,275417.810669791,0.0389716977737213,0.0323977959513643
5,lariGme-Zone5,lariGme,Zone5,313,313,Grass and forb meadows,#B8DE29,TRUE,mf_var,Plain MF RF,2071-2100SSP245,2071-2100,SSP245,12393866,8501128.01140083,5,Top-5,601493,356685.133882237,0.0485315074408582,0.0419573888787333
5,lariGme-Zone5,lariGme,Zone5,313,313,Grass and forb meadows,#B8DE29,TRUE,mf_var,Plain MF RF,2011-2040SSP585,2011-2040,SSP585,12393866,8501128.01140083,1,Top-1,220122,126244.18682849,0.0177605599415065,0.0148502865336441
5,lariGme-Zone5,lariGme,Zone5,313,313,Grass and forb meadows,#B8DE29,TRUE,mf_var,Plain MF RF,2011-2040SSP585,2011-2040,SSP585,12393866,8501128.01140083,3,Top-3,832234,481138.401157786,0.0671488621871497,0.0565970069516108
5,lariGme-Zone5,lariGme,Zone5,313,313,Grass and forb meadows,#B8DE29,TRUE,mf_var,Plain MF RF,2011-2040SSP585,2011-2040,SSP585,12393866,8501128.01140083,5,Top-5,1020417,605843.159344729,0.0823324215382029,0.071266208264625
5,lariGme-Zone5,lariGme,Zone5,313,313,Grass and forb meadows,#B8DE29,TRUE,mf_var,Plain MF RF,2041-2070SSP585,2041-2070,SSP585,12393866,8501128.01140083,1,Top-1,208165,115278.240993944,0.0167958085072083,0.0135603464433596
5,lariGme-Zone5,lariGme,Zone5,313,313,Grass and forb meadows,#B8DE29,TRUE,mf_var,Plain MF RF,2041-2070SSP585,2041-2070,SSP585,12393866,8501128.01140083,3,Top-3,526129,300544.172905001,0.0424507574956838,0.0353534463311153
5,lariGme-Zone5,lariGme,Zone5,313,313,Grass and forb meadows,#B8DE29,TRUE,mf_var,Plain MF RF,2041-2070SSP585,2041-2070,SSP585,12393866,8501128.01140083,5,Top-5,649212,385524.994889254,0.0523817185049443,0.0453498634972004
5,lariGme-Zone5,lariGme,Zone5,313,313,Grass and forb meadows,#B8DE29,TRUE,mf_var,Plain MF RF,2071-2100SSP585,2071-2100,SSP585,12393866,8501128.01140083,1,Top-1,55389,31869.9289029414,0.00446906558453997,0.00374890589345329
5,lariGme-Zone5,lariGme,Zone5,313,313,Grass and forb meadows,#B8DE29,TRUE,mf_var,Plain MF RF,2071-2100SSP585,2071-2100,SSP585,12393866,8501128.01140083,3,Top-3,180405,106486.562631454,0.0145559908425668,0.0125261685847625
5,lariGme-Zone5,lariGme,Zone5,313,313,Grass and forb meadows,#B8DE29,TRUE,mf_var,Plain MF RF,2071-2100SSP585,2071-2100,SSP585,12393866,8501128.01140083,5,Top-5,236567,146871.376872377,0.0190874259895984,0.017276692772466
6,lariGme-Zone6,lariGme,Zone6,446,446,Cold-temperate and temperate marshes,#0077B6,TRUE,rf_var,Plain RF,2011-2040SSP245,2011-2040,SSP245,12393866,8501128.01140083,1,Top-1,83810,45958.6280405297,0.00676221608334316,0.00540617997739768
6,lariGme-Zone6,lariGme,Zone6,446,446,Cold-temperate and temperate marshes,#0077B6,TRUE,rf_var,Plain RF,2011-2040SSP245,2011-2040,SSP245,12393866,8501128.01140083,3,Top-3,210579,117846.472232246,0.0169905822767488,0.0138624512034406
6,lariGme-Zone6,lariGme,Zone6,446,446,Cold-temperate and temperate marshes,#0077B6,TRUE,rf_var,Plain RF,2011-2040SSP245,2011-2040,SSP245,12393866,8501128.01140083,5,Top-5,295205,164557.11121201,0.0238186373807818,0.0193570913167433
6,lariGme-Zone6,lariGme,Zone6,446,446,Cold-temperate and temperate marshes,#0077B6,TRUE,rf_var,Plain RF,2041-2070SSP245,2041-2070,SSP245,12393866,8501128.01140083,1,Top-1,7265,4128.01602103883,0.000586177065332157,0.000485584503080387
6,lariGme-Zone6,lariGme,Zone6,446,446,Cold-temperate and temperate marshes,#0077B6,TRUE,rf_var,Plain RF,2041-2070SSP245,2041-2070,SSP245,12393866,8501128.01140083,3,Top-3,82084,45192.856609081,0.00662295364497244,0.00531610117486445
6,lariGme-Zone6,lariGme,Zone6,446,446,Cold-temperate and temperate marshes,#0077B6,TRUE,rf_var,Plain RF,2041-2070SSP245,2041-2070,SSP245,12393866,8501128.01140083,5,Top-5,109471,60192.9739655276,0.0088326757768722,0.00708058670388247
6,lariGme-Zone6,lariGme,Zone6,446,446,Cold-temperate and temperate marshes,#0077B6,TRUE,rf_var,Plain RF,2071-2100SSP245,2071-2100,SSP245,12393866,8501128.01140083,1,Top-1,1065,652.185999672047,8.59296042090499e-05,7.67175836897648e-05
6,lariGme-Zone6,lariGme,Zone6,446,446,Cold-temperate and temperate marshes,#0077B6,TRUE,rf_var,Plain RF,2071-2100SSP245,2071-2100,SSP245,12393866,8501128.01140083,3,Top-3,21691,11960.6074568283,0.0017501399482615,0.00140694357746266
6,lariGme-Zone6,lariGme,Zone6,446,446,Cold-temperate and temperate marshes,#0077B6,TRUE,rf_var,Plain RF,2071-2100SSP245,2071-2100,SSP245,12393866,8501128.01140083,5,Top-5,27354,15084.6555508009,0.0022070595244454,0.00177442987925496
6,lariGme-Zone6,lariGme,Zone6,446,446,Cold-temperate and temperate marshes,#0077B6,TRUE,rf_var,Plain RF,2011-2040SSP585,2011-2040,SSP585,12393866,8501128.01140083,1,Top-1,77266,42203.4513895537,0.00623421295663516,0.00496445310939382
6,lariGme-Zone6,lariGme,Zone6,446,446,Cold-temperate and temperate marshes,#0077B6,TRUE,rf_var,Plain RF,2011-2040SSP585,2011-2040,SSP585,12393866,8501128.01140083,3,Top-3,183440,101961.745352724,0.014800870043294,0.0119939077750604
6,lariGme-Zone6,lariGme,Zone6,446,446,Cold-temperate and temperate marshes,#0077B6,TRUE,rf_var,Plain RF,2011-2040SSP585,2011-2040,SSP585,12393866,8501128.01140083,5,Top-5,258776,143482.87021631,0.020879360806386,0.0168780978270043
6,lariGme-Zone6,lariGme,Zone6,446,446,Cold-temperate and temperate marshes,#0077B6,TRUE,rf_var,Plain RF,2041-2070SSP585,2041-2070,SSP585,12393866,8501128.01140083,1,Top-1,1446,894.695640019663,0.000116670617545809,0.000105244343905866
6,lariGme-Zone6,lariGme,Zone6,446,446,Cold-temperate and temperate marshes,#0077B6,TRUE,rf_var,Plain RF,2041-2070SSP585,2041-2070,SSP585,12393866,8501128.01140083,3,Top-3,43568,23893.4470626267,0.0035152873203567,0.00281062078239303
6,lariGme-Zone6,lariGme,Zone6,446,446,Cold-temperate and temperate marshes,#0077B6,TRUE,rf_var,Plain RF,2041-2070SSP585,2041-2070,SSP585,12393866,8501128.01140083,5,Top-5,53560,29347.6158399557,0.00432149258350865,0.00345220255483716
6,lariGme-Zone6,lariGme,Zone6,446,446,Cold-temperate and temperate marshes,#0077B6,TRUE,rf_var,Plain RF,2071-2100SSP585,2071-2100,SSP585,12393866,8501128.01140083,1,Top-1,4,2.37716040060234,3.22740297498779e-07,2.79628820718185e-07
6,lariGme-Zone6,lariGme,Zone6,446,446,Cold-temperate and temperate marshes,#0077B6,TRUE,rf_var,Plain RF,2071-2100SSP585,2071-2100,SSP585,12393866,8501128.01140083,3,Top-3,444,246.328750923595,3.58241730223644e-05,2.89760077242979e-05
6,lariGme-Zone6,lariGme,Zone6,446,446,Cold-temperate and temperate marshes,#0077B6,TRUE,rf_var,Plain RF,2071-2100SSP585,2071-2100,SSP585,12393866,8501128.01140083,5,Top-5,468,259.519884135707,3.77606148073571e-05,3.05276998285011e-05
6,lariGme-Zone6,lariGme,Zone6,446,446,Cold-temperate and temperate marshes,#0077B6,TRUE,mf_var,Plain MF RF,2011-2040SSP245,2011-2040,SSP245,12393866,8501128.01140083,1,Top-1,79650,43620.0248936934,0.00642656617394443,0.00513108670228172
6,lariGme-Zone6,lariGme,Zone6,446,446,Cold-temperate and temperate marshes,#0077B6,TRUE,mf_var,Plain MF RF,2011-2040SSP245,2011-2040,SSP245,12393866,8501128.01140083,3,Top-3,199134,111091.510859933,0.0160671416005305,0.0130678553141358
6,lariGme-Zone6,lariGme,Zone6,446,446,Cold-temperate and temperate marshes,#0077B6,TRUE,mf_var,Plain MF RF,2011-2040SSP245,2011-2040,SSP245,12393866,8501128.01140083,5,Top-5,285278,158638.975094523,0.0230176766474642,0.0186609323941214
6,lariGme-Zone6,lariGme,Zone6,446,446,Cold-temperate and temperate marshes,#0077B6,TRUE,mf_var,Plain MF RF,2041-2070SSP245,2041-2070,SSP245,12393866,8501128.01140083,1,Top-1,5249,2936.05228376262,0.000423515955392773,0.00034537208236661
6,lariGme-Zone6,lariGme,Zone6,446,446,Cold-temperate and temperate marshes,#0077B6,TRUE,mf_var,Plain MF RF,2041-2070SSP245,2041-2070,SSP245,12393866,8501128.01140083,3,Top-3,82849,45373.5940329587,0.00668467772686908,0.00533736157979369
6,lariGme-Zone6,lariGme,Zone6,446,446,Cold-temperate and temperate marshes,#0077B6,TRUE,mf_var,Plain MF RF,2041-2070SSP245,2041-2070,SSP245,12393866,8501128.01140083,5,Top-5,109380,59928.1216232927,0.00882533343510411,0.00704943173928487
6,lariGme-Zone6,lariGme,Zone6,446,446,Cold-temperate and temperate marshes,#0077B6,TRUE,mf_var,Plain MF RF,2071-2100SSP245,2071-2100,SSP245,12393866,8501128.01140083,1,Top-1,250,150.370315239409,2.01712685936737e-05,1.76882779600246e-05
6,lariGme-Zone6,lariGme,Zone6,446,446,Cold-temperate and temperate marshes,#0077B6,TRUE,mf_var,Plain MF RF,2071-2100SSP245,2071-2100,SSP245,12393866,8501128.01140083,3,Top-3,19007,10393.2901490195,0.00153358120863982,0.00122257777262983
6,lariGme-Zone6,lariGme,Zone6,446,446,Cold-temperate and temperate marshes,#0077B6,TRUE,mf_var,Plain MF RF,2071-2100SSP245,2071-2100,SSP245,12393866,8501128.01140083,5,Top-5,23700,12971.1609382168,0.00191223626268026,0.0015258164470434
6,lariGme-Zone6,lariGme,Zone6,446,446,Cold-temperate and temperate marshes,#0077B6,TRUE,mf_var,Plain MF RF,2011-2040SSP585,2011-2040,SSP585,12393866,8501128.01140083,1,Top-1,74613,40684.3745469823,0.0060201554543191,0.0047857619003526
6,lariGme-Zone6,lariGme,Zone6,446,446,Cold-temperate and temperate marshes,#0077B6,TRUE,mf_var,Plain MF RF,2011-2040SSP585,2011-2040,SSP585,12393866,8501128.01140083,3,Top-3,179008,99257.9779609721,0.0144432737936654,0.0116758597009547
6,lariGme-Zone6,lariGme,Zone6,446,446,Cold-temperate and temperate marshes,#0077B6,TRUE,mf_var,Plain MF RF,2011-2040SSP585,2011-2040,SSP585,12393866,8501128.01140083,5,Top-5,257031,142226.295946978,0.0207385653516022,0.0167302851758307
6,lariGme-Zone6,lariGme,Zone6,446,446,Cold-temperate and temperate marshes,#0077B6,TRUE,mf_var,Plain MF RF,2041-2070SSP585,2041-2070,SSP585,12393866,8501128.01140083,1,Top-1,289,181.903420306444,2.33179864942868e-05,2.13975627778447e-05
6,lariGme-Zone6,lariGme,Zone6,446,446,Cold-temperate and temperate marshes,#0077B6,TRUE,mf_var,Plain MF RF,2041-2070SSP585,2041-2070,SSP585,12393866,8501128.01140083,3,Top-3,41751,22759.4634200312,0.00336868254021788,0.00267722864418799
6,lariGme-Zone6,lariGme,Zone6,446,446,Cold-temperate and temperate marshes,#0077B6,TRUE,mf_var,Plain MF RF,2041-2070SSP585,2041-2070,SSP585,12393866,8501128.01140083,5,Top-5,49179,26838.6555283815,0.00396801127267311,0.0031570699197081
6,lariGme-Zone6,lariGme,Zone6,446,446,Cold-temperate and temperate marshes,#0077B6,TRUE,mf_var,Plain MF RF,2071-2100SSP585,2071-2100,SSP585,12393866,8501128.01140083,1,Top-1,1,0.614512479340077,8.06850743746947e-08,7.22859929312859e-08
6,lariGme-Zone6,lariGme,Zone6,446,446,Cold-temperate and temperate marshes,#0077B6,TRUE,mf_var,Plain MF RF,2071-2100SSP585,2071-2100,SSP585,12393866,8501128.01140083,3,Top-3,472,263.133718590936,3.80833551048559e-05,3.09528004093161e-05
6,lariGme-Zone6,lariGme,Zone6,446,446,Cold-temperate and temperate marshes,#0077B6,TRUE,mf_var,Plain MF RF,2071-2100SSP585,2071-2100,SSP585,12393866,8501128.01140083,5,Top-5,541,301.540241169651,4.36506252367098e-05,3.54706152836725e-05
7,lariGme-Zone7,lariGme,Zone7,47,47,Deciduous scrubs in temperate zone,#C77DFF,TRUE,rf_var,Plain RF,2011-2040SSP245,2011-2040,SSP245,12393866,8501128.01140083,1,Top-1,234864,154116.874344455,0.0189500193079383,0.0181289911336201
7,lariGme-Zone7,lariGme,Zone7,47,47,Deciduous scrubs in temperate zone,#C77DFF,TRUE,rf_var,Plain RF,2011-2040SSP245,2011-2040,SSP245,12393866,8501128.01140083,3,Top-3,862636,567368.89404171,0.0696018498182891,0.0667404247154982
7,lariGme-Zone7,lariGme,Zone7,47,47,Deciduous scrubs in temperate zone,#C77DFF,TRUE,rf_var,Plain RF,2011-2040SSP245,2011-2040,SSP245,12393866,8501128.01140083,5,Top-5,1177402,777119.376502312,0.0949987679389143,0.0914136777448969
7,lariGme-Zone7,lariGme,Zone7,47,47,Deciduous scrubs in temperate zone,#C77DFF,TRUE,rf_var,Plain RF,2041-2070SSP245,2041-2070,SSP245,12393866,8501128.01140083,1,Top-1,256030,167241.286045414,0.0206577995921531,0.0196728346898349
7,lariGme-Zone7,lariGme,Zone7,47,47,Deciduous scrubs in temperate zone,#C77DFF,TRUE,rf_var,Plain RF,2041-2070SSP245,2041-2070,SSP245,12393866,8501128.01140083,3,Top-3,769095,506122.995540601,0.0620544872762058,0.0595359809735651
7,lariGme-Zone7,lariGme,Zone7,47,47,Deciduous scrubs in temperate zone,#C77DFF,TRUE,rf_var,Plain RF,2041-2070SSP245,2041-2070,SSP245,12393866,8501128.01140083,5,Top-5,1033666,683642.38542879,0.0834014180885932,0.0804178439040043
7,lariGme-Zone7,lariGme,Zone7,47,47,Deciduous scrubs in temperate zone,#C77DFF,TRUE,rf_var,Plain RF,2071-2100SSP245,2071-2100,SSP245,12393866,8501128.01140083,1,Top-1,233951,153007.368365041,0.0188763538350342,0.0179984783383856
7,lariGme-Zone7,lariGme,Zone7,47,47,Deciduous scrubs in temperate zone,#C77DFF,TRUE,rf_var,Plain RF,2071-2100SSP245,2071-2100,SSP245,12393866,8501128.01140083,3,Top-3,658468,433778.595233472,0.0531285395533565,0.0510260043904448
7,lariGme-Zone7,lariGme,Zone7,47,47,Deciduous scrubs in temperate zone,#C77DFF,TRUE,rf_var,Plain RF,2071-2100SSP245,2071-2100,SSP245,12393866,8501128.01140083,5,Top-5,868919,575059.378191839,0.0701087941405854,0.067645067504057
7,lariGme-Zone7,lariGme,Zone7,47,47,Deciduous scrubs in temperate zone,#C77DFF,TRUE,rf_var,Plain RF,2011-2040SSP585,2011-2040,SSP585,12393866,8501128.01140083,1,Top-1,240658,157720.188303856,0.0194175086288653,0.0185528541732742
7,lariGme-Zone7,lariGme,Zone7,47,47,Deciduous scrubs in temperate zone,#C77DFF,TRUE,rf_var,Plain RF,2011-2040SSP585,2011-2040,SSP585,12393866,8501128.01140083,3,Top-3,856764,563657.92196866,0.0691280670615609,0.0663038976960163
7,lariGme-Zone7,lariGme,Zone7,47,47,Deciduous scrubs in temperate zone,#C77DFF,TRUE,rf_var,Plain RF,2011-2040SSP585,2011-2040,SSP585,12393866,8501128.01140083,5,Top-5,1168645,771616.086702585,0.0942922087426151,0.0907663177954471
7,lariGme-Zone7,lariGme,Zone7,47,47,Deciduous scrubs in temperate zone,#C77DFF,TRUE,rf_var,Plain RF,2041-2070SSP585,2041-2070,SSP585,12393866,8501128.01140083,1,Top-1,237919,155616.32284032,0.019196512210153,0.0183053734318108
7,lariGme-Zone7,lariGme,Zone7,47,47,Deciduous scrubs in temperate zone,#C77DFF,TRUE,rf_var,Plain RF,2041-2070SSP585,2041-2070,SSP585,12393866,8501128.01140083,3,Top-3,662013,436124.591625067,0.0534145681420148,0.0513019673436493
7,lariGme-Zone7,lariGme,Zone7,47,47,Deciduous scrubs in temperate zone,#C77DFF,TRUE,rf_var,Plain RF,2041-2070SSP585,2041-2070,SSP585,12393866,8501128.01140083,5,Top-5,872437,577776.516437604,0.0703926442322355,0.067964688411085
7,lariGme-Zone7,lariGme,Zone7,47,47,Deciduous scrubs in temperate zone,#C77DFF,TRUE,rf_var,Plain RF,2071-2100SSP585,2071-2100,SSP585,12393866,8501128.01140083,1,Top-1,151761,99669.9941668286,0.012244847572178,0.0117243257639647
7,lariGme-Zone7,lariGme,Zone7,47,47,Deciduous scrubs in temperate zone,#C77DFF,TRUE,rf_var,Plain RF,2071-2100SSP585,2071-2100,SSP585,12393866,8501128.01140083,3,Top-3,448104,297373.18000512,0.0361553045675982,0.0349804378438149
7,lariGme-Zone7,lariGme,Zone7,47,47,Deciduous scrubs in temperate zone,#C77DFF,TRUE,rf_var,Plain RF,2071-2100SSP585,2071-2100,SSP585,12393866,8501128.01140083,5,Top-5,528045,351612.474602465,0.0426053500981857,0.0413606846210196
7,lariGme-Zone7,lariGme,Zone7,47,47,Deciduous scrubs in temperate zone,#C77DFF,TRUE,mf_var,Plain MF RF,2011-2040SSP245,2011-2040,SSP245,12393866,8501128.01140083,1,Top-1,235290,154347.65893979,0.0189843911496219,0.0181561386598102
7,lariGme-Zone7,lariGme,Zone7,47,47,Deciduous scrubs in temperate zone,#C77DFF,TRUE,mf_var,Plain MF RF,2011-2040SSP245,2011-2040,SSP245,12393866,8501128.01140083,3,Top-3,853077,560942.04522725,0.0688305811923414,0.0659844251815727
7,lariGme-Zone7,lariGme,Zone7,47,47,Deciduous scrubs in temperate zone,#C77DFF,TRUE,mf_var,Plain MF RF,2011-2040SSP245,2011-2040,SSP245,12393866,8501128.01140083,5,Top-5,1166582,769516.215322718,0.0941257554341801,0.0905193068838303
7,lariGme-Zone7,lariGme,Zone7,47,47,Deciduous scrubs in temperate zone,#C77DFF,TRUE,mf_var,Plain MF RF,2041-2070SSP245,2041-2070,SSP245,12393866,8501128.01140083,1,Top-1,251714,164370.193234042,0.0203095628111519,0.0193351038842852
7,lariGme-Zone7,lariGme,Zone7,47,47,Deciduous scrubs in temperate zone,#C77DFF,TRUE,mf_var,Plain MF RF,2041-2070SSP245,2041-2070,SSP245,12393866,8501128.01140083,3,Top-3,751861,495024.158691097,0.0606639607044323,0.0582304087207277
7,lariGme-Zone7,lariGme,Zone7,47,47,Deciduous scrubs in temperate zone,#C77DFF,TRUE,mf_var,Plain MF RF,2041-2070SSP245,2041-2070,SSP245,12393866,8501128.01140083,5,Top-5,1016788,672709.972505567,0.0820396154032971,0.0791318483386438
7,lariGme-Zone7,lariGme,Zone7,47,47,Deciduous scrubs in temperate zone,#C77DFF,TRUE,mf_var,Plain MF RF,2071-2100SSP245,2071-2100,SSP245,12393866,8501128.01140083,1,Top-1,226293,148150.991301697,0.0182584675354728,0.0174272156710277
7,lariGme-Zone7,lariGme,Zone7,47,47,Deciduous scrubs in temperate zone,#C77DFF,TRUE,mf_var,Plain MF RF,2071-2100SSP245,2071-2100,SSP245,12393866,8501128.01140083,3,Top-3,638513,421537.816718558,0.0515184688942094,0.0495861038856532
7,lariGme-Zone7,lariGme,Zone7,47,47,Deciduous scrubs in temperate zone,#C77DFF,TRUE,mf_var,Plain MF RF,2071-2100SSP245,2071-2100,SSP245,12393866,8501128.01140083,5,Top-5,833918,553170.190577253,0.0672847358523967,0.0650702106632672
7,lariGme-Zone7,lariGme,Zone7,47,47,Deciduous scrubs in temperate zone,#C77DFF,TRUE,mf_var,Plain MF RF,2011-2040SSP585,2011-2040,SSP585,12393866,8501128.01140083,1,Top-1,243025,159210.972768288,0.0196084901999102,0.0187282173088996
7,lariGme-Zone7,lariGme,Zone7,47,47,Deciduous scrubs in temperate zone,#C77DFF,TRUE,mf_var,Plain MF RF,2011-2040SSP585,2011-2040,SSP585,12393866,8501128.01140083,3,Top-3,846707,556889.36439538,0.0683166172685746,0.0655077024659008
7,lariGme-Zone7,lariGme,Zone7,47,47,Deciduous scrubs in temperate zone,#C77DFF,TRUE,mf_var,Plain MF RF,2011-2040SSP585,2011-2040,SSP585,12393866,8501128.01140083,5,Top-5,1157323,763731.049524265,0.0933786923305448,0.0898387894524148
7,lariGme-Zone7,lariGme,Zone7,47,47,Deciduous scrubs in temperate zone,#C77DFF,TRUE,mf_var,Plain MF RF,2041-2070SSP585,2041-2070,SSP585,12393866,8501128.01140083,1,Top-1,229088,150009.579498458,0.0184839823183501,0.0176458440923699
7,lariGme-Zone7,lariGme,Zone7,47,47,Deciduous scrubs in temperate zone,#C77DFF,TRUE,mf_var,Plain MF RF,2041-2070SSP585,2041-2070,SSP585,12393866,8501128.01140083,3,Top-3,637513,420751.18406835,0.0514377838198348,0.0494935711477444
7,lariGme-Zone7,lariGme,Zone7,47,47,Deciduous scrubs in temperate zone,#C77DFF,TRUE,mf_var,Plain MF RF,2041-2070SSP585,2041-2070,SSP585,12393866,8501128.01140083,5,Top-5,842125,558559.300896576,0.0679469182577898,0.0657041395150731
7,lariGme-Zone7,lariGme,Zone7,47,47,Deciduous scrubs in temperate zone,#C77DFF,TRUE,mf_var,Plain MF RF,2071-2100SSP585,2071-2100,SSP585,12393866,8501128.01140083,1,Top-1,133856,88396.8844666906,0.0108001813154991,0.0103982535433112
7,lariGme-Zone7,lariGme,Zone7,47,47,Deciduous scrubs in temperate zone,#C77DFF,TRUE,mf_var,Plain MF RF,2071-2100SSP585,2071-2100,SSP585,12393866,8501128.01140083,3,Top-3,430168,286756.610770881,0.0347081370736137,0.0337315954290199
7,lariGme-Zone7,lariGme,Zone7,47,47,Deciduous scrubs in temperate zone,#C77DFF,TRUE,mf_var,Plain MF RF,2071-2100SSP585,2071-2100,SSP585,12393866,8501128.01140083,5,Top-5,507953,339654.956338963,0.0409842255838493,0.0399541044298419
9,lariGme-Zone9,lariGme,Zone9,10,10,Needleleaf and deciduous broadleaf mixed forests in temperate zone,#2CA25F,TRUE,rf_var,Plain RF,2011-2040SSP245,2011-2040,SSP245,12393866,8501128.01140083,1,Top-1,8771,5486.11543343142,0.000707688787340447,0.000645339703869182
9,lariGme-Zone9,lariGme,Zone9,10,10,Needleleaf and deciduous broadleaf mixed forests in temperate zone,#2CA25F,TRUE,rf_var,Plain RF,2011-2040SSP245,2011-2040,SSP245,12393866,8501128.01140083,3,Top-3,70694,41662.2383334456,0.00570395064784467,0.00490078943377544
9,lariGme-Zone9,lariGme,Zone9,10,10,Needleleaf and deciduous broadleaf mixed forests in temperate zone,#2CA25F,TRUE,rf_var,Plain RF,2011-2040SSP245,2011-2040,SSP245,12393866,8501128.01140083,5,Top-5,87723,51502.0423857973,0.00707793677937134,0.00605825983525105
9,lariGme-Zone9,lariGme,Zone9,10,10,Needleleaf and deciduous broadleaf mixed forests in temperate zone,#2CA25F,TRUE,rf_var,Plain RF,2041-2070SSP245,2041-2070,SSP245,12393866,8501128.01140083,1,Top-1,3475,2194.28747818057,0.000280380633452064,0.000258117214002403
9,lariGme-Zone9,lariGme,Zone9,10,10,Needleleaf and deciduous broadleaf mixed forests in temperate zone,#2CA25F,TRUE,rf_var,Plain RF,2041-2070SSP245,2041-2070,SSP245,12393866,8501128.01140083,3,Top-3,20388,11906.5705641896,0.00164500729635128,0.00140058713952098
9,lariGme-Zone9,lariGme,Zone9,10,10,Needleleaf and deciduous broadleaf mixed forests in temperate zone,#2CA25F,TRUE,rf_var,Plain RF,2041-2070SSP245,2041-2070,SSP245,12393866,8501128.01140083,5,Top-5,27211,15713.9221447039,0.00219552155880982,0.00184845142005038
9,lariGme-Zone9,lariGme,Zone9,10,10,Needleleaf and deciduous broadleaf mixed forests in temperate zone,#2CA25F,TRUE,rf_var,Plain RF,2071-2100SSP245,2071-2100,SSP245,12393866,8501128.01140083,1,Top-1,2063,1308.12434066884,0.000166453308434995,0.000153876560724002
9,lariGme-Zone9,lariGme,Zone9,10,10,Needleleaf and deciduous broadleaf mixed forests in temperate zone,#2CA25F,TRUE,rf_var,Plain RF,2071-2100SSP245,2071-2100,SSP245,12393866,8501128.01140083,3,Top-3,13131,7543.40333433377,0.00105947571161412,0.000887341459182516
9,lariGme-Zone9,lariGme,Zone9,10,10,Needleleaf and deciduous broadleaf mixed forests in temperate zone,#2CA25F,TRUE,rf_var,Plain RF,2071-2100SSP245,2071-2100,SSP245,12393866,8501128.01140083,5,Top-5,21666,12166.6174221226,0.00174812282140214,0.00143117682804047
9,lariGme-Zone9,lariGme,Zone9,10,10,Needleleaf and deciduous broadleaf mixed forests in temperate zone,#2CA25F,TRUE,rf_var,Plain RF,2011-2040SSP585,2011-2040,SSP585,12393866,8501128.01140083,1,Top-1,7812,4907.58046686841,0.000630311801015115,0.000577285797871397
9,lariGme-Zone9,lariGme,Zone9,10,10,Needleleaf and deciduous broadleaf mixed forests in temperate zone,#2CA25F,TRUE,rf_var,Plain RF,2011-2040SSP585,2011-2040,SSP585,12393866,8501128.01140083,3,Top-3,62622,36932.5360559334,0.00505266072749213,0.00434442770493555
9,lariGme-Zone9,lariGme,Zone9,10,10,Needleleaf and deciduous broadleaf mixed forests in temperate zone,#2CA25F,TRUE,rf_var,Plain RF,2011-2040SSP585,2011-2040,SSP585,12393866,8501128.01140083,5,Top-5,75690,44516.3905214336,0.00610705327942064,0.00523652748926176
9,lariGme-Zone9,lariGme,Zone9,10,10,Needleleaf and deciduous broadleaf mixed forests in temperate zone,#2CA25F,TRUE,rf_var,Plain RF,2041-2070SSP585,2041-2070,SSP585,12393866,8501128.01140083,1,Top-1,2106,1345.69776093171,0.000169922766633107,0.00015829637656638
9,lariGme-Zone9,lariGme,Zone9,10,10,Needleleaf and deciduous broadleaf mixed forests in temperate zone,#2CA25F,TRUE,rf_var,Plain RF,2041-2070SSP585,2041-2070,SSP585,12393866,8501128.01140083,3,Top-3,7972,4759.85846000675,0.000643221412915066,0.000559909044261341
9,lariGme-Zone9,lariGme,Zone9,10,10,Needleleaf and deciduous broadleaf mixed forests in temperate zone,#2CA25F,TRUE,rf_var,Plain RF,2041-2070SSP585,2041-2070,SSP585,12393866,8501128.01140083,5,Top-5,13276,7673.77950503062,0.00107117504739845,0.000902677796962867
9,lariGme-Zone9,lariGme,Zone9,10,10,Needleleaf and deciduous broadleaf mixed forests in temperate zone,#2CA25F,TRUE,rf_var,Plain RF,2071-2100SSP585,2071-2100,SSP585,12393866,8501128.01140083,1,Top-1,179,114.378432382948,1.44426283130704e-05,1.34545006532728e-05
9,lariGme-Zone9,lariGme,Zone9,10,10,Needleleaf and deciduous broadleaf mixed forests in temperate zone,#2CA25F,TRUE,rf_var,Plain RF,2071-2100SSP585,2071-2100,SSP585,12393866,8501128.01140083,3,Top-3,8692,4756.87184091738,0.000701314666464846,0.000559557723932396
9,lariGme-Zone9,lariGme,Zone9,10,10,Needleleaf and deciduous broadleaf mixed forests in temperate zone,#2CA25F,TRUE,rf_var,Plain RF,2071-2100SSP585,2071-2100,SSP585,12393866,8501128.01140083,5,Top-5,9862,5427.78657208173,0.000795716203483239,0.000638478395432059
9,lariGme-Zone9,lariGme,Zone9,10,10,Needleleaf and deciduous broadleaf mixed forests in temperate zone,#2CA25F,TRUE,mf_var,Plain MF RF,2011-2040SSP245,2011-2040,SSP245,12393866,8501128.01140083,1,Top-1,8757,5479.64169217306,0.000706559196299202,0.000644578188309168
9,lariGme-Zone9,lariGme,Zone9,10,10,Needleleaf and deciduous broadleaf mixed forests in temperate zone,#2CA25F,TRUE,mf_var,Plain MF RF,2011-2040SSP245,2011-2040,SSP245,12393866,8501128.01140083,3,Top-3,65170,38484.6026579217,0.00525824629699885,0.00452699954715541
9,lariGme-Zone9,lariGme,Zone9,10,10,Needleleaf and deciduous broadleaf mixed forests in temperate zone,#2CA25F,TRUE,mf_var,Plain MF RF,2011-2040SSP245,2011-2040,SSP245,12393866,8501128.01140083,5,Top-5,77949,45943.6323790937,0.00628932086243308,0.00540441601602504
9,lariGme-Zone9,lariGme,Zone9,10,10,Needleleaf and deciduous broadleaf mixed forests in temperate zone,#2CA25F,TRUE,mf_var,Plain MF RF,2041-2070SSP245,2041-2070,SSP245,12393866,8501128.01140083,1,Top-1,3538,2236.69370248832,0.00028546379313767,0.000263105519583836
9,lariGme-Zone9,lariGme,Zone9,10,10,Needleleaf and deciduous broadleaf mixed forests in temperate zone,#2CA25F,TRUE,mf_var,Plain MF RF,2041-2070SSP245,2041-2070,SSP245,12393866,8501128.01140083,3,Top-3,16962,9963.78167010631,0.00136858023154357,0.00117205406820647
9,lariGme-Zone9,lariGme,Zone9,10,10,Needleleaf and deciduous broadleaf mixed forests in temperate zone,#2CA25F,TRUE,mf_var,Plain MF RF,2041-2070SSP245,2041-2070,SSP245,12393866,8501128.01140083,5,Top-5,24289,14047.9938379614,0.00195975977148696,0.00165248586059658
9,lariGme-Zone9,lariGme,Zone9,10,10,Needleleaf and deciduous broadleaf mixed forests in temperate zone,#2CA25F,TRUE,mf_var,Plain MF RF,2071-2100SSP245,2071-2100,SSP245,12393866,8501128.01140083,1,Top-1,2148,1360.60155385866,0.000173311539756844,0.000160049531313252
9,lariGme-Zone9,lariGme,Zone9,10,10,Needleleaf and deciduous broadleaf mixed forests in temperate zone,#2CA25F,TRUE,mf_var,Plain MF RF,2071-2100SSP245,2071-2100,SSP245,12393866,8501128.01140083,3,Top-3,11867,6851.94552194593,0.000957489777604502,0.000806004275286387
9,lariGme-Zone9,lariGme,Zone9,10,10,Needleleaf and deciduous broadleaf mixed forests in temperate zone,#2CA25F,TRUE,mf_var,Plain MF RF,2071-2100SSP245,2071-2100,SSP245,12393866,8501128.01140083,5,Top-5,20145,11342.9473866801,0.00162540082327822,0.00133428732886602
9,lariGme-Zone9,lariGme,Zone9,10,10,Needleleaf and deciduous broadleaf mixed forests in temperate zone,#2CA25F,TRUE,mf_var,Plain MF RF,2011-2040SSP585,2011-2040,SSP585,12393866,8501128.01140083,1,Top-1,7778,4888.79115160122,0.000627568508486375,0.000575075583504316
9,lariGme-Zone9,lariGme,Zone9,10,10,Needleleaf and deciduous broadleaf mixed forests in temperate zone,#2CA25F,TRUE,mf_var,Plain MF RF,2011-2040SSP585,2011-2040,SSP585,12393866,8501128.01140083,3,Top-3,55874,33064.5859851883,0.00450819784561169,0.00388943513623668
9,lariGme-Zone9,lariGme,Zone9,10,10,Needleleaf and deciduous broadleaf mixed forests in temperate zone,#2CA25F,TRUE,mf_var,Plain MF RF,2011-2040SSP585,2011-2040,SSP585,12393866,8501128.01140083,5,Top-5,65981,38992.0226353971,0.00532368189231673,0.00458668809399235
9,lariGme-Zone9,lariGme,Zone9,10,10,Needleleaf and deciduous broadleaf mixed forests in temperate zone,#2CA25F,TRUE,mf_var,Plain MF RF,2041-2070SSP585,2041-2070,SSP585,12393866,8501128.01140083,1,Top-1,2214,1414.77219047075,0.000178636754665574,0.000166421701752215
9,lariGme-Zone9,lariGme,Zone9,10,10,Needleleaf and deciduous broadleaf mixed forests in temperate zone,#2CA25F,TRUE,mf_var,Plain MF RF,2041-2070SSP585,2041-2070,SSP585,12393866,8501128.01140083,3,Top-3,7452,4477.47097672549,0.000601265174240225,0.000526691395626648
9,lariGme-Zone9,lariGme,Zone9,10,10,Needleleaf and deciduous broadleaf mixed forests in temperate zone,#2CA25F,TRUE,mf_var,Plain MF RF,2041-2070SSP585,2041-2070,SSP585,12393866,8501128.01140083,5,Top-5,12268,7137.64804220526,0.000989844492428755,0.000839611876521914
9,lariGme-Zone9,lariGme,Zone9,10,10,Needleleaf and deciduous broadleaf mixed forests in temperate zone,#2CA25F,TRUE,mf_var,Plain MF RF,2071-2100SSP585,2071-2100,SSP585,12393866,8501128.01140083,1,Top-1,190,121.411541275805,1.5330164131192e-05,1.42818154382548e-05
9,lariGme-Zone9,lariGme,Zone9,10,10,Needleleaf and deciduous broadleaf mixed forests in temperate zone,#2CA25F,TRUE,mf_var,Plain MF RF,2071-2100SSP585,2071-2100,SSP585,12393866,8501128.01140083,3,Top-3,3991,2247.29853370004,0.000322014131829407,0.000264352981238043
9,lariGme-Zone9,lariGme,Zone9,10,10,Needleleaf and deciduous broadleaf mixed forests in temperate zone,#2CA25F,TRUE,mf_var,Plain MF RF,2071-2100SSP585,2071-2100,SSP585,12393866,8501128.01140083,5,Top-5,5242,2971.73117548553,0.00042295115987215,0.000349569042073022
12,lariGme-Zone12,lariGme,Zone12,27,27,One year one ripe grain fields and cold-tolerant economic crop fields,#F8961E,TRUE,rf_var,Plain RF,2011-2040SSP245,2011-2040,SSP245,12393866,8501128.01140083,1,Top-1,409162,248607.492213051,0.0330132664012988,0.0292440593624334
12,lariGme-Zone12,lariGme,Zone12,27,27,One year one ripe grain fields and cold-tolerant economic crop fields,#F8961E,TRUE,rf_var,Plain RF,2011-2040SSP245,2011-2040,SSP245,12393866,8501128.01140083,3,Top-3,869376,530213.853259477,0.0701456672195746,0.0623698234573587
12,lariGme-Zone12,lariGme,Zone12,27,27,One year one ripe grain fields and cold-tolerant economic crop fields,#F8961E,TRUE,rf_var,Plain RF,2011-2040SSP245,2011-2040,SSP245,12393866,8501128.01140083,5,Top-5,992840,606292.684859484,0.0801073692421719,0.0713190866019647
12,lariGme-Zone12,lariGme,Zone12,27,27,One year one ripe grain fields and cold-tolerant economic crop fields,#F8961E,TRUE,rf_var,Plain RF,2041-2070SSP245,2041-2070,SSP245,12393866,8501128.01140083,1,Top-1,477125,289552.167969255,0.0384968661110262,0.0340604408710159
12,lariGme-Zone12,lariGme,Zone12,27,27,One year one ripe grain fields and cold-tolerant economic crop fields,#F8961E,TRUE,rf_var,Plain RF,2041-2070SSP245,2041-2070,SSP245,12393866,8501128.01140083,3,Top-3,863752,523886.941853303,0.0696918943612913,0.0616255797055073
12,lariGme-Zone12,lariGme,Zone12,27,27,One year one ripe grain fields and cold-tolerant economic crop fields,#F8961E,TRUE,rf_var,Plain RF,2041-2070SSP245,2041-2070,SSP245,12393866,8501128.01140083,5,Top-5,942039,572151.21801267,0.076008486778863,0.0673029764103493
12,lariGme-Zone12,lariGme,Zone12,27,27,One year one ripe grain fields and cold-tolerant economic crop fields,#F8961E,TRUE,rf_var,Plain RF,2071-2100SSP245,2071-2100,SSP245,12393866,8501128.01140083,1,Top-1,513822,309918.008388993,0.0414577662853544,0.0364561041750416
12,lariGme-Zone12,lariGme,Zone12,27,27,One year one ripe grain fields and cold-tolerant economic crop fields,#F8961E,TRUE,rf_var,Plain RF,2071-2100SSP245,2071-2100,SSP245,12393866,8501128.01140083,3,Top-3,873094,525081.471847639,0.0704456543260997,0.0617660939987557
12,lariGme-Zone12,lariGme,Zone12,27,27,One year one ripe grain fields and cold-tolerant economic crop fields,#F8961E,TRUE,rf_var,Plain RF,2071-2100SSP245,2071-2100,SSP245,12393866,8501128.01140083,5,Top-5,930090,559803.647312931,0.0750443808251598,0.0658505137861917
12,lariGme-Zone12,lariGme,Zone12,27,27,One year one ripe grain fields and cold-tolerant economic crop fields,#F8961E,TRUE,rf_var,Plain RF,2011-2040SSP585,2011-2040,SSP585,12393866,8501128.01140083,1,Top-1,418411,254016.760227865,0.0337595226541904,0.029880359393154
12,lariGme-Zone12,lariGme,Zone12,27,27,One year one ripe grain fields and cold-tolerant economic crop fields,#F8961E,TRUE,rf_var,Plain RF,2011-2040SSP585,2011-2040,SSP585,12393866,8501128.01140083,3,Top-3,872415,531709.781946287,0.0703908691605993,0.0625457917153127
12,lariGme-Zone12,lariGme,Zone12,27,27,One year one ripe grain fields and cold-tolerant economic crop fields,#F8961E,TRUE,rf_var,Plain RF,2011-2040SSP585,2011-2040,SSP585,12393866,8501128.01140083,5,Top-5,987284,602834.085166259,0.0796590829689461,0.0709122465110278
12,lariGme-Zone12,lariGme,Zone12,27,27,One year one ripe grain fields and cold-tolerant economic crop fields,#F8961E,TRUE,rf_var,Plain RF,2041-2070SSP585,2041-2070,SSP585,12393866,8501128.01140083,1,Top-1,514639,311011.647450512,0.0415236859911185,0.0365847505217444
12,lariGme-Zone12,lariGme,Zone12,27,27,One year one ripe grain fields and cold-tolerant economic crop fields,#F8961E,TRUE,rf_var,Plain RF,2041-2070SSP585,2041-2070,SSP585,12393866,8501128.01140083,3,Top-3,859536,518277.786404263,0.0693517260877276,0.0609657666264057
12,lariGme-Zone12,lariGme,Zone12,27,27,One year one ripe grain fields and cold-tolerant economic crop fields,#F8961E,TRUE,rf_var,Plain RF,2041-2070SSP585,2041-2070,SSP585,12393866,8501128.01140083,5,Top-5,923790,557361.636909757,0.0745360648565992,0.06556325656575
12,lariGme-Zone12,lariGme,Zone12,27,27,One year one ripe grain fields and cold-tolerant economic crop fields,#F8961E,TRUE,rf_var,Plain RF,2071-2100SSP585,2071-2100,SSP585,12393866,8501128.01140083,1,Top-1,604715,356773.906970003,0.0487914747504935,0.0419678313856156
12,lariGme-Zone12,lariGme,Zone12,27,27,One year one ripe grain fields and cold-tolerant economic crop fields,#F8961E,TRUE,rf_var,Plain RF,2071-2100SSP585,2071-2100,SSP585,12393866,8501128.01140083,3,Top-3,844039,499711.295799688,0.0681013494901429,0.058781763447101
12,lariGme-Zone12,lariGme,Zone12,27,27,One year one ripe grain fields and cold-tolerant economic crop fields,#F8961E,TRUE,rf_var,Plain RF,2071-2100SSP585,2071-2100,SSP585,12393866,8501128.01140083,5,Top-5,858322,508737.154355752,0.0692537744074367,0.0598434882610268
12,lariGme-Zone12,lariGme,Zone12,27,27,One year one ripe grain fields and cold-tolerant economic crop fields,#F8961E,TRUE,mf_var,Plain MF RF,2011-2040SSP245,2011-2040,SSP245,12393866,8501128.01140083,1,Top-1,397584,241499.730724712,0.0320790946101886,0.0284079630845269
12,lariGme-Zone12,lariGme,Zone12,27,27,One year one ripe grain fields and cold-tolerant economic crop fields,#F8961E,TRUE,mf_var,Plain MF RF,2011-2040SSP245,2011-2040,SSP245,12393866,8501128.01140083,3,Top-3,873752,532863.492264001,0.0704987451050382,0.0626815043308818
12,lariGme-Zone12,lariGme,Zone12,27,27,One year one ripe grain fields and cold-tolerant economic crop fields,#F8961E,TRUE,mf_var,Plain MF RF,2011-2040SSP245,2011-2040,SSP245,12393866,8501128.01140083,5,Top-5,1001486,611891.57524867,0.0808049723952155,0.0719776921872091
12,lariGme-Zone12,lariGme,Zone12,27,27,One year one ripe grain fields and cold-tolerant economic crop fields,#F8961E,TRUE,mf_var,Plain MF RF,2041-2070SSP245,2041-2070,SSP245,12393866,8501128.01140083,1,Top-1,464256,281448.525281329,0.0374585298888983,0.0331071976452866
12,lariGme-Zone12,lariGme,Zone12,27,27,One year one ripe grain fields and cold-tolerant economic crop fields,#F8961E,TRUE,mf_var,Plain MF RF,2041-2070SSP245,2041-2070,SSP245,12393866,8501128.01140083,3,Top-3,883747,535966.159370132,0.0713051924234133,0.0630464755561085
12,lariGme-Zone12,lariGme,Zone12,27,27,One year one ripe grain fields and cold-tolerant economic crop fields,#F8961E,TRUE,mf_var,Plain MF RF,2041-2070SSP245,2041-2070,SSP245,12393866,8501128.01140083,5,Top-5,975935,592419.020264499,0.0787433880598677,0.0696871073426971
12,lariGme-Zone12,lariGme,Zone12,27,27,One year one ripe grain fields and cold-tolerant economic crop fields,#F8961E,TRUE,mf_var,Plain MF RF,2071-2100SSP245,2071-2100,SSP245,12393866,8501128.01140083,1,Top-1,507375,305603.126470484,0.0409375896108607,0.0359485383658076
12,lariGme-Zone12,lariGme,Zone12,27,27,One year one ripe grain fields and cold-tolerant economic crop fields,#F8961E,TRUE,mf_var,Plain MF RF,2071-2100SSP245,2071-2100,SSP245,12393866,8501128.01140083,3,Top-3,916917,550211.386195168,0.073981516340422,0.0647221622186234
12,lariGme-Zone12,lariGme,Zone12,27,27,One year one ripe grain fields and cold-tolerant economic crop fields,#F8961E,TRUE,mf_var,Plain MF RF,2071-2100SSP245,2071-2100,SSP245,12393866,8501128.01140083,5,Top-5,969712,582875.169838651,0.078241284842034,0.068564450394931
12,lariGme-Zone12,lariGme,Zone12,27,27,One year one ripe grain fields and cold-tolerant economic crop fields,#F8961E,TRUE,mf_var,Plain MF RF,2011-2040SSP585,2011-2040,SSP585,12393866,8501128.01140083,1,Top-1,404848,245719.299830637,0.0326651909904464,0.0289043171095769
12,lariGme-Zone12,lariGme,Zone12,27,27,One year one ripe grain fields and cold-tolerant economic crop fields,#F8961E,TRUE,mf_var,Plain MF RF,2011-2040SSP585,2011-2040,SSP585,12393866,8501128.01140083,3,Top-3,877310,534633.749241562,0.0707858225996634,0.0628897422229811
12,lariGme-Zone12,lariGme,Zone12,27,27,One year one ripe grain fields and cold-tolerant economic crop fields,#F8961E,TRUE,mf_var,Plain MF RF,2011-2040SSP585,2011-2040,SSP585,12393866,8501128.01140083,5,Top-5,997702,609408.422270231,0.0804996600737817,0.0716855953060529
12,lariGme-Zone12,lariGme,Zone12,27,27,One year one ripe grain fields and cold-tolerant economic crop fields,#F8961E,TRUE,mf_var,Plain MF RF,2041-2070SSP585,2041-2070,SSP585,12393866,8501128.01140083,1,Top-1,510276,307936.208517772,0.0411716570116217,0.0362229821859875
12,lariGme-Zone12,lariGme,Zone12,27,27,One year one ripe grain fields and cold-tolerant economic crop fields,#F8961E,TRUE,mf_var,Plain MF RF,2041-2070SSP585,2041-2070,SSP585,12393866,8501128.01140083,3,Top-3,890590,536275.470199754,0.0718573203873594,0.0630828602369658
12,lariGme-Zone12,lariGme,Zone12,27,27,One year one ripe grain fields and cold-tolerant economic crop fields,#F8961E,TRUE,mf_var,Plain MF RF,2041-2070SSP585,2041-2070,SSP585,12393866,8501128.01140083,5,Top-5,956578,576660.952912654,0.0771815670751967,0.0678334630579961
12,lariGme-Zone12,lariGme,Zone12,27,27,One year one ripe grain fields and cold-tolerant economic crop fields,#F8961E,TRUE,mf_var,Plain MF RF,2071-2100SSP585,2071-2100,SSP585,12393866,8501128.01140083,1,Top-1,651444,384237.810739815,0.0525618075909486,0.045198450161498
12,lariGme-Zone12,lariGme,Zone12,27,27,One year one ripe grain fields and cold-tolerant economic crop fields,#F8961E,TRUE,mf_var,Plain MF RF,2071-2100SSP585,2071-2100,SSP585,12393866,8501128.01140083,3,Top-3,878847,520710.820324258,0.0709098355589773,0.0612519679301306
12,lariGme-Zone12,lariGme,Zone12,27,27,One year one ripe grain fields and cold-tolerant economic crop fields,#F8961E,TRUE,mf_var,Plain MF RF,2071-2100SSP585,2071-2100,SSP585,12393866,8501128.01140083,5,Top-5,888972,527115.996361478,0.0717267719370211,0.062005418063881
2,lariOlg-Zone2,lariOlg,Zone2,6784,6784,Needleleaf forests in cold-temperate zone and on mountains in temperate zone,#005A32,TRUE,rf_var,Plain RF,2011-2040SSP245,2011-2040,SSP245,12393866,8501128.01140083,1,Top-1,113862,63115.6414976784,0.00918696393845149,0.00742438431853211
2,lariOlg-Zone2,lariOlg,Zone2,6784,6784,Needleleaf forests in cold-temperate zone and on mountains in temperate zone,#005A32,TRUE,rf_var,Plain RF,2011-2040SSP245,2011-2040,SSP245,12393866,8501128.01140083,3,Top-3,493824,285752.007313622,0.0398442261680092,0.0336134224693948
2,lariOlg-Zone2,lariOlg,Zone2,6784,6784,Needleleaf forests in cold-temperate zone and on mountains in temperate zone,#005A32,TRUE,rf_var,Plain RF,2011-2040SSP245,2011-2040,SSP245,12393866,8501128.01140083,5,Top-5,650248,380108.557169295,0.0524653082419965,0.0447127200836799
2,lariOlg-Zone2,lariOlg,Zone2,6784,6784,Needleleaf forests in cold-temperate zone and on mountains in temperate zone,#005A32,TRUE,rf_var,Plain RF,2041-2070SSP245,2041-2070,SSP245,12393866,8501128.01140083,1,Top-1,38730,23676.0911868362,0.00312493293053193,0.00278505289593149
2,lariOlg-Zone2,lariOlg,Zone2,6784,6784,Needleleaf forests in cold-temperate zone and on mountains in temperate zone,#005A32,TRUE,rf_var,Plain RF,2041-2070SSP245,2041-2070,SSP245,12393866,8501128.01140083,3,Top-3,387044,226688.801754575,0.0312286739262793,0.0266657320593882
2,lariOlg-Zone2,lariOlg,Zone2,6784,6784,Needleleaf forests in cold-temperate zone and on mountains in temperate zone,#005A32,TRUE,rf_var,Plain RF,2041-2070SSP245,2041-2070,SSP245,12393866,8501128.01140083,5,Top-5,497283,291878.721182389,0.0401233158402713,0.0343341166949787
2,lariOlg-Zone2,lariOlg,Zone2,6784,6784,Needleleaf forests in cold-temperate zone and on mountains in temperate zone,#005A32,TRUE,rf_var,Plain RF,2071-2100SSP245,2071-2100,SSP245,12393866,8501128.01140083,1,Top-1,43744,26316.4258046956,0.00352948789344665,0.00309563928097574
2,lariOlg-Zone2,lariOlg,Zone2,6784,6784,Needleleaf forests in cold-temperate zone and on mountains in temperate zone,#005A32,TRUE,rf_var,Plain RF,2071-2100SSP245,2071-2100,SSP245,12393866,8501128.01140083,3,Top-3,341541,199098.228814527,0.0275572609870076,0.0234202130055585
2,lariOlg-Zone2,lariOlg,Zone2,6784,6784,Needleleaf forests in cold-temperate zone and on mountains in temperate zone,#005A32,TRUE,rf_var,Plain RF,2071-2100SSP245,2071-2100,SSP245,12393866,8501128.01140083,5,Top-5,382293,224938.370942081,0.0308453391379252,0.0264598263477996
2,lariOlg-Zone2,lariOlg,Zone2,6784,6784,Needleleaf forests in cold-temperate zone and on mountains in temperate zone,#005A32,TRUE,rf_var,Plain RF,2011-2040SSP585,2011-2040,SSP585,12393866,8501128.01140083,1,Top-1,96817,54192.5465880227,0.00781168684573482,0.00637474774116391
2,lariOlg-Zone2,lariOlg,Zone2,6784,6784,Needleleaf forests in cold-temperate zone and on mountains in temperate zone,#005A32,TRUE,rf_var,Plain RF,2011-2040SSP585,2011-2040,SSP585,12393866,8501128.01140083,3,Top-3,496688,287547.593022366,0.0400753082210184,0.0338246398168263
2,lariOlg-Zone2,lariOlg,Zone2,6784,6784,Needleleaf forests in cold-temperate zone and on mountains in temperate zone,#005A32,TRUE,rf_var,Plain RF,2011-2040SSP585,2011-2040,SSP585,12393866,8501128.01140083,5,Top-5,643402,376278.545023051,0.0519129382228273,0.0442621902079847
2,lariOlg-Zone2,lariOlg,Zone2,6784,6784,Needleleaf forests in cold-temperate zone and on mountains in temperate zone,#005A32,TRUE,rf_var,Plain RF,2041-2070SSP585,2041-2070,SSP585,12393866,8501128.01140083,1,Top-1,38213,23315.0244226312,0.00308321874708021,0.00274258008953206
2,lariOlg-Zone2,lariOlg,Zone2,6784,6784,Needleleaf forests in cold-temperate zone and on mountains in temperate zone,#005A32,TRUE,rf_var,Plain RF,2041-2070SSP585,2041-2070,SSP585,12393866,8501128.01140083,3,Top-3,315337,185151.578679431,0.0254429892980931,0.0217796483515041
2,lariOlg-Zone2,lariOlg,Zone2,6784,6784,Needleleaf forests in cold-temperate zone and on mountains in temperate zone,#005A32,TRUE,rf_var,Plain RF,2041-2070SSP585,2041-2070,SSP585,12393866,8501128.01140083,5,Top-5,366477,216859.151886366,0.029569224001615,0.0255094561092995
2,lariOlg-Zone2,lariOlg,Zone2,6784,6784,Needleleaf forests in cold-temperate zone and on mountains in temperate zone,#005A32,TRUE,rf_var,Plain RF,2071-2100SSP585,2071-2100,SSP585,12393866,8501128.01140083,1,Top-1,26755,16124.7291848338,0.00215872916489496,0.00189677524714473
2,lariOlg-Zone2,lariOlg,Zone2,6784,6784,Needleleaf forests in cold-temperate zone and on mountains in temperate zone,#005A32,TRUE,rf_var,Plain RF,2071-2100SSP585,2071-2100,SSP585,12393866,8501128.01140083,3,Top-3,104819,63509.7357208403,0.00845732881088112,0.00747074219276167
2,lariOlg-Zone2,lariOlg,Zone2,6784,6784,Needleleaf forests in cold-temperate zone and on mountains in temperate zone,#005A32,TRUE,rf_var,Plain RF,2071-2100SSP585,2071-2100,SSP585,12393866,8501128.01140083,5,Top-5,122046,74813.6405131281,0.00984729058713399,0.0088004368847047
2,lariOlg-Zone2,lariOlg,Zone2,6784,6784,Needleleaf forests in cold-temperate zone and on mountains in temperate zone,#005A32,TRUE,mf_var,Plain MF RF,2011-2040SSP245,2011-2040,SSP245,12393866,8501128.01140083,1,Top-1,110512,61461.4985784107,0.00891666893929626,0.00722980509127552
2,lariOlg-Zone2,lariOlg,Zone2,6784,6784,Needleleaf forests in cold-temperate zone and on mountains in temperate zone,#005A32,TRUE,mf_var,Plain MF RF,2011-2040SSP245,2011-2040,SSP245,12393866,8501128.01140083,3,Top-3,490686,284236.127936271,0.0395910364046215,0.0334351073828183
2,lariOlg-Zone2,lariOlg,Zone2,6784,6784,Needleleaf forests in cold-temperate zone and on mountains in temperate zone,#005A32,TRUE,mf_var,Plain MF RF,2011-2040SSP245,2011-2040,SSP245,12393866,8501128.01140083,5,Top-5,641817,375972.696348069,0.0517850523799434,0.0442262127853919
2,lariOlg-Zone2,lariOlg,Zone2,6784,6784,Needleleaf forests in cold-temperate zone and on mountains in temperate zone,#005A32,TRUE,mf_var,Plain MF RF,2041-2070SSP245,2041-2070,SSP245,12393866,8501128.01140083,1,Top-1,36531,22371.1264894172,0.00294750645198197,0.00263154800861901
2,lariOlg-Zone2,lariOlg,Zone2,6784,6784,Needleleaf forests in cold-temperate zone and on mountains in temperate zone,#005A32,TRUE,mf_var,Plain MF RF,2041-2070SSP245,2041-2070,SSP245,12393866,8501128.01140083,3,Top-3,359224,210977.421588429,0.0289840151571753,0.0248175796559572
2,lariOlg-Zone2,lariOlg,Zone2,6784,6784,Needleleaf forests in cold-temperate zone and on mountains in temperate zone,#005A32,TRUE,mf_var,Plain MF RF,2041-2070SSP245,2041-2070,SSP245,12393866,8501128.01140083,5,Top-5,461304,272208.695026289,0.0372203475493442,0.0320203030305191
2,lariOlg-Zone2,lariOlg,Zone2,6784,6784,Needleleaf forests in cold-temperate zone and on mountains in temperate zone,#005A32,TRUE,mf_var,Plain MF RF,2071-2100SSP245,2071-2100,SSP245,12393866,8501128.01140083,1,Top-1,38824,23385.8038996029,0.00313251732752315,0.00275090598191678
2,lariOlg-Zone2,lariOlg,Zone2,6784,6784,Needleleaf forests in cold-temperate zone and on mountains in temperate zone,#005A32,TRUE,mf_var,Plain MF RF,2071-2100SSP245,2071-2100,SSP245,12393866,8501128.01140083,3,Top-3,312919,182586.530710382,0.0252478927882551,0.0214779180439956
2,lariOlg-Zone2,lariOlg,Zone2,6784,6784,Needleleaf forests in cold-temperate zone and on mountains in temperate zone,#005A32,TRUE,mf_var,Plain MF RF,2071-2100SSP245,2071-2100,SSP245,12393866,8501128.01140083,5,Top-5,356218,210488.463686652,0.028741475823605,0.0247600628298229
2,lariOlg-Zone2,lariOlg,Zone2,6784,6784,Needleleaf forests in cold-temperate zone and on mountains in temperate zone,#005A32,TRUE,mf_var,Plain MF RF,2011-2040SSP585,2011-2040,SSP585,12393866,8501128.01140083,1,Top-1,92684,52123.1014923388,0.0074782154333442,0.00613131591742139
2,lariOlg-Zone2,lariOlg,Zone2,6784,6784,Needleleaf forests in cold-temperate zone and on mountains in temperate zone,#005A32,TRUE,mf_var,Plain MF RF,2011-2040SSP585,2011-2040,SSP585,12393866,8501128.01140083,3,Top-3,489769,283930.138866846,0.0395170481914199,0.0333991134454238
2,lariOlg-Zone2,lariOlg,Zone2,6784,6784,Needleleaf forests in cold-temperate zone and on mountains in temperate zone,#005A32,TRUE,mf_var,Plain MF RF,2011-2040SSP585,2011-2040,SSP585,12393866,8501128.01140083,5,Top-5,632925,371073.553121276,0.0510676006986036,0.0436499194722901
2,lariOlg-Zone2,lariOlg,Zone2,6784,6784,Needleleaf forests in cold-temperate zone and on mountains in temperate zone,#005A32,TRUE,mf_var,Plain MF RF,2041-2070SSP585,2041-2070,SSP585,12393866,8501128.01140083,1,Top-1,38568,23346.5401417594,0.00311186194848323,0.00274628732921672
2,lariOlg-Zone2,lariOlg,Zone2,6784,6784,Needleleaf forests in cold-temperate zone and on mountains in temperate zone,#005A32,TRUE,mf_var,Plain MF RF,2041-2070SSP585,2041-2070,SSP585,12393866,8501128.01140083,3,Top-3,296106,174053.447975417,0.0238913346327934,0.0204741591635833
2,lariOlg-Zone2,lariOlg,Zone2,6784,6784,Needleleaf forests in cold-temperate zone and on mountains in temperate zone,#005A32,TRUE,mf_var,Plain MF RF,2041-2070SSP585,2041-2070,SSP585,12393866,8501128.01140083,5,Top-5,343439,204151.487409263,0.0277104012581708,0.0240146351325938
2,lariOlg-Zone2,lariOlg,Zone2,6784,6784,Needleleaf forests in cold-temperate zone and on mountains in temperate zone,#005A32,TRUE,mf_var,Plain MF RF,2071-2100SSP585,2071-2100,SSP585,12393866,8501128.01140083,1,Top-1,22045,13373.2068532624,0.00177870246459014,0.00157310969030553
2,lariOlg-Zone2,lariOlg,Zone2,6784,6784,Needleleaf forests in cold-temperate zone and on mountains in temperate zone,#005A32,TRUE,mf_var,Plain MF RF,2071-2100SSP585,2071-2100,SSP585,12393866,8501128.01140083,3,Top-3,100253,60767.0300775225,0.00808892076128627,0.00714811375573078
2,lariOlg-Zone2,lariOlg,Zone2,6784,6784,Needleleaf forests in cold-temperate zone and on mountains in temperate zone,#005A32,TRUE,mf_var,Plain MF RF,2071-2100SSP585,2071-2100,SSP585,12393866,8501128.01140083,5,Top-5,117634,72570.5040804989,0.00949130803899284,0.0085365734974435
3,lariOlg-Zone3,lariOlg,Zone3,135,135,Broadleaf deciduous forests in temperate zone,#33A02C,TRUE,rf_var,Plain RF,2011-2040SSP245,2011-2040,SSP245,12393866,8501128.01140083,1,Top-1,464597,285110.19273948,0.03748604349926,0.0335379248915108
3,lariOlg-Zone3,lariOlg,Zone3,135,135,Broadleaf deciduous forests in temperate zone,#33A02C,TRUE,rf_var,Plain RF,2011-2040SSP245,2011-2040,SSP245,12393866,8501128.01140083,3,Top-3,1043841,650362.609125005,0.0842223887203557,0.076503095618935
3,lariOlg-Zone3,lariOlg,Zone3,135,135,Broadleaf deciduous forests in temperate zone,#33A02C,TRUE,rf_var,Plain RF,2011-2040SSP245,2011-2040,SSP245,12393866,8501128.01140083,5,Top-5,1364973,854196.977497454,0.11013294802445,0.100480427579951
3,lariOlg-Zone3,lariOlg,Zone3,135,135,Broadleaf deciduous forests in temperate zone,#33A02C,TRUE,rf_var,Plain RF,2041-2070SSP245,2041-2070,SSP245,12393866,8501128.01140083,1,Top-1,452763,271632.094911422,0.0365312163291099,0.0319524767239285
3,lariOlg-Zone3,lariOlg,Zone3,135,135,Broadleaf deciduous forests in temperate zone,#33A02C,TRUE,rf_var,Plain RF,2041-2070SSP245,2041-2070,SSP245,12393866,8501128.01140083,3,Top-3,978384,598883.210999804,0.0789409858070113,0.0704474994608531
3,lariOlg-Zone3,lariOlg,Zone3,135,135,Broadleaf deciduous forests in temperate zone,#33A02C,TRUE,rf_var,Plain RF,2041-2070SSP245,2041-2070,SSP245,12393866,8501128.01140083,5,Top-5,1197848,746828.28150673,0.0966484549695793,0.0878504923705609
3,lariOlg-Zone3,lariOlg,Zone3,135,135,Broadleaf deciduous forests in temperate zone,#33A02C,TRUE,rf_var,Plain RF,2071-2100SSP245,2071-2100,SSP245,12393866,8501128.01140083,1,Top-1,461225,277213.485590234,0.0372139734284686,0.0326090237928971
3,lariOlg-Zone3,lariOlg,Zone3,135,135,Broadleaf deciduous forests in temperate zone,#33A02C,TRUE,rf_var,Plain RF,2071-2100SSP245,2071-2100,SSP245,12393866,8501128.01140083,3,Top-3,949287,582518.101763601,0.0765932921979308,0.0685224479601281
3,lariOlg-Zone3,lariOlg,Zone3,135,135,Broadleaf deciduous forests in temperate zone,#33A02C,TRUE,rf_var,Plain RF,2071-2100SSP245,2071-2100,SSP245,12393866,8501128.01140083,5,Top-5,1118256,697025.602387899,0.0902265685299486,0.081992131097558
3,lariOlg-Zone3,lariOlg,Zone3,135,135,Broadleaf deciduous forests in temperate zone,#33A02C,TRUE,rf_var,Plain RF,2011-2040SSP585,2011-2040,SSP585,12393866,8501128.01140083,1,Top-1,461589,282806.507289548,0.037243342795541,0.0332669390356524
3,lariOlg-Zone3,lariOlg,Zone3,135,135,Broadleaf deciduous forests in temperate zone,#33A02C,TRUE,rf_var,Plain RF,2011-2040SSP585,2011-2040,SSP585,12393866,8501128.01140083,3,Top-3,1034716,643166.983597266,0.0834861374166866,0.0756566637668221
3,lariOlg-Zone3,lariOlg,Zone3,135,135,Broadleaf deciduous forests in temperate zone,#33A02C,TRUE,rf_var,Plain RF,2011-2040SSP585,2011-2040,SSP585,12393866,8501128.01140083,5,Top-5,1350011,844345.577223345,0.108925737941656,0.0993215930981154
3,lariOlg-Zone3,lariOlg,Zone3,135,135,Broadleaf deciduous forests in temperate zone,#33A02C,TRUE,rf_var,Plain RF,2041-2070SSP585,2041-2070,SSP585,12393866,8501128.01140083,1,Top-1,429988,258855.543342417,0.0346936137602262,0.0304495524588345
3,lariOlg-Zone3,lariOlg,Zone3,135,135,Broadleaf deciduous forests in temperate zone,#33A02C,TRUE,rf_var,Plain RF,2041-2070SSP585,2041-2070,SSP585,12393866,8501128.01140083,3,Top-3,899058,552576.954113135,0.0725405615971643,0.06500042739882
3,lariOlg-Zone3,lariOlg,Zone3,135,135,Broadleaf deciduous forests in temperate zone,#33A02C,TRUE,rf_var,Plain RF,2041-2070SSP585,2041-2070,SSP585,12393866,8501128.01140083,5,Top-5,1079812,674943.002182181,0.0871247115306879,0.0793945228535575
3,lariOlg-Zone3,lariOlg,Zone3,135,135,Broadleaf deciduous forests in temperate zone,#33A02C,TRUE,rf_var,Plain RF,2071-2100SSP585,2071-2100,SSP585,12393866,8501128.01140083,1,Top-1,358944,221810.404449178,0.0289614233363504,0.0260918791190662
3,lariOlg-Zone3,lariOlg,Zone3,135,135,Broadleaf deciduous forests in temperate zone,#33A02C,TRUE,rf_var,Plain RF,2071-2100SSP585,2071-2100,SSP585,12393866,8501128.01140083,3,Top-3,694514,438270.028335231,0.0560369137442667,0.0515543381710602
3,lariOlg-Zone3,lariOlg,Zone3,135,135,Broadleaf deciduous forests in temperate zone,#33A02C,TRUE,rf_var,Plain RF,2071-2100SSP585,2071-2100,SSP585,12393866,8501128.01140083,5,Top-5,784614,499382.838647492,0.0633066389454267,0.0587431265565901
3,lariOlg-Zone3,lariOlg,Zone3,135,135,Broadleaf deciduous forests in temperate zone,#33A02C,TRUE,mf_var,Plain MF RF,2011-2040SSP245,2011-2040,SSP245,12393866,8501128.01140083,1,Top-1,461865,283631.433829458,0.0372656118760684,0.033363976339267
3,lariOlg-Zone3,lariOlg,Zone3,135,135,Broadleaf deciduous forests in temperate zone,#33A02C,TRUE,mf_var,Plain MF RF,2011-2040SSP245,2011-2040,SSP245,12393866,8501128.01140083,3,Top-3,1048317,653280.233499131,0.0845835351132568,0.0768462999996024
3,lariOlg-Zone3,lariOlg,Zone3,135,135,Broadleaf deciduous forests in temperate zone,#33A02C,TRUE,mf_var,Plain MF RF,2011-2040SSP245,2011-2040,SSP245,12393866,8501128.01140083,5,Top-5,1370809,857697.855499619,0.110603826118501,0.100892240929599
3,lariOlg-Zone3,lariOlg,Zone3,135,135,Broadleaf deciduous forests in temperate zone,#33A02C,TRUE,mf_var,Plain MF RF,2041-2070SSP245,2041-2070,SSP245,12393866,8501128.01140083,1,Top-1,440869,265453.674592307,0.0355715480544973,0.0312257001937046
3,lariOlg-Zone3,lariOlg,Zone3,135,135,Broadleaf deciduous forests in temperate zone,#33A02C,TRUE,mf_var,Plain MF RF,2041-2070SSP245,2041-2070,SSP245,12393866,8501128.01140083,3,Top-3,990499,605985.493476436,0.0799184854830607,0.0712829512346774
3,lariOlg-Zone3,lariOlg,Zone3,135,135,Broadleaf deciduous forests in temperate zone,#33A02C,TRUE,mf_var,Plain MF RF,2041-2070SSP245,2041-2070,SSP245,12393866,8501128.01140083,5,Top-5,1205946,751507.261395186,0.0973018427018656,0.0884008875513158
3,lariOlg-Zone3,lariOlg,Zone3,135,135,Broadleaf deciduous forests in temperate zone,#33A02C,TRUE,mf_var,Plain MF RF,2071-2100SSP245,2071-2100,SSP245,12393866,8501128.01140083,1,Top-1,469512,282414.815500005,0.0378826106398117,0.0332208637631688
3,lariOlg-Zone3,lariOlg,Zone3,135,135,Broadleaf deciduous forests in temperate zone,#33A02C,TRUE,mf_var,Plain MF RF,2071-2100SSP245,2071-2100,SSP245,12393866,8501128.01140083,3,Top-3,956489,586027.999714912,0.0771743861035774,0.068935322339458
3,lariOlg-Zone3,lariOlg,Zone3,135,135,Broadleaf deciduous forests in temperate zone,#33A02C,TRUE,mf_var,Plain MF RF,2071-2100SSP245,2071-2100,SSP245,12393866,8501128.01140083,5,Top-5,1121721,698311.205460189,0.0905061423126569,0.0821433584488654
3,lariOlg-Zone3,lariOlg,Zone3,135,135,Broadleaf deciduous forests in temperate zone,#33A02C,TRUE,mf_var,Plain MF RF,2011-2040SSP585,2011-2040,SSP585,12393866,8501128.01140083,1,Top-1,462022,283092.671954753,0.0372782794327452,0.0333006009996671
3,lariOlg-Zone3,lariOlg,Zone3,135,135,Broadleaf deciduous forests in temperate zone,#33A02C,TRUE,mf_var,Plain MF RF,2011-2040SSP585,2011-2040,SSP585,12393866,8501128.01140083,3,Top-3,1042368,648030.649922601,0.0841035396058018,0.076228783880625
3,lariOlg-Zone3,lariOlg,Zone3,135,135,Broadleaf deciduous forests in temperate zone,#33A02C,TRUE,mf_var,Plain MF RF,2011-2040SSP585,2011-2040,SSP585,12393866,8501128.01140083,5,Top-5,1358536,849716.610984574,0.1096135782007,0.0999533955782129
3,lariOlg-Zone3,lariOlg,Zone3,135,135,Broadleaf deciduous forests in temperate zone,#33A02C,TRUE,mf_var,Plain MF RF,2041-2070SSP585,2041-2070,SSP585,12393866,8501128.01140083,1,Top-1,421656,254872.376314642,0.0340213457205363,0.0299810067526137
3,lariOlg-Zone3,lariOlg,Zone3,135,135,Broadleaf deciduous forests in temperate zone,#33A02C,TRUE,mf_var,Plain MF RF,2041-2070SSP585,2041-2070,SSP585,12393866,8501128.01140083,3,Top-3,906143,556414.72174868,0.073112215349109,0.0654518695639536
3,lariOlg-Zone3,lariOlg,Zone3,135,135,Broadleaf deciduous forests in temperate zone,#33A02C,TRUE,mf_var,Plain MF RF,2041-2070SSP585,2041-2070,SSP585,12393866,8501128.01140083,5,Top-5,1080800,674944.395809317,0.08720442838417,0.0793946867879359
3,lariOlg-Zone3,lariOlg,Zone3,135,135,Broadleaf deciduous forests in temperate zone,#33A02C,TRUE,mf_var,Plain MF RF,2071-2100SSP585,2071-2100,SSP585,12393866,8501128.01140083,1,Top-1,369042,227732.563541856,0.0297761812173861,0.0267885112700861
3,lariOlg-Zone3,lariOlg,Zone3,135,135,Broadleaf deciduous forests in temperate zone,#33A02C,TRUE,mf_var,Plain MF RF,2071-2100SSP585,2071-2100,SSP585,12393866,8501128.01140083,3,Top-3,680596,428831.164466811,0.0549139388791197,0.0504440309440943
3,lariOlg-Zone3,lariOlg,Zone3,135,135,Broadleaf deciduous forests in temperate zone,#33A02C,TRUE,mf_var,Plain MF RF,2071-2100SSP585,2071-2100,SSP585,12393866,8501128.01140083,5,Top-5,765012,486243.864003226,0.061725050117534,0.0571975699402627
6,lariOlg-Zone6,lariOlg,Zone6,108,108,Cold-temperate and temperate marshes,#0077B6,TRUE,rf_var,Plain RF,2011-2040SSP245,2011-2040,SSP245,12393866,8501128.01140083,1,Top-1,83810,45958.6280405297,0.00676221608334316,0.00540617997739768
6,lariOlg-Zone6,lariOlg,Zone6,108,108,Cold-temperate and temperate marshes,#0077B6,TRUE,rf_var,Plain RF,2011-2040SSP245,2011-2040,SSP245,12393866,8501128.01140083,3,Top-3,210579,117846.472232246,0.0169905822767488,0.0138624512034406
6,lariOlg-Zone6,lariOlg,Zone6,108,108,Cold-temperate and temperate marshes,#0077B6,TRUE,rf_var,Plain RF,2011-2040SSP245,2011-2040,SSP245,12393866,8501128.01140083,5,Top-5,295205,164557.11121201,0.0238186373807818,0.0193570913167433
6,lariOlg-Zone6,lariOlg,Zone6,108,108,Cold-temperate and temperate marshes,#0077B6,TRUE,rf_var,Plain RF,2041-2070SSP245,2041-2070,SSP245,12393866,8501128.01140083,1,Top-1,7265,4128.01602103883,0.000586177065332157,0.000485584503080387
6,lariOlg-Zone6,lariOlg,Zone6,108,108,Cold-temperate and temperate marshes,#0077B6,TRUE,rf_var,Plain RF,2041-2070SSP245,2041-2070,SSP245,12393866,8501128.01140083,3,Top-3,82084,45192.856609081,0.00662295364497244,0.00531610117486445
6,lariOlg-Zone6,lariOlg,Zone6,108,108,Cold-temperate and temperate marshes,#0077B6,TRUE,rf_var,Plain RF,2041-2070SSP245,2041-2070,SSP245,12393866,8501128.01140083,5,Top-5,109471,60192.9739655276,0.0088326757768722,0.00708058670388247
6,lariOlg-Zone6,lariOlg,Zone6,108,108,Cold-temperate and temperate marshes,#0077B6,TRUE,rf_var,Plain RF,2071-2100SSP245,2071-2100,SSP245,12393866,8501128.01140083,1,Top-1,1065,652.185999672047,8.59296042090499e-05,7.67175836897648e-05
6,lariOlg-Zone6,lariOlg,Zone6,108,108,Cold-temperate and temperate marshes,#0077B6,TRUE,rf_var,Plain RF,2071-2100SSP245,2071-2100,SSP245,12393866,8501128.01140083,3,Top-3,21691,11960.6074568283,0.0017501399482615,0.00140694357746266
6,lariOlg-Zone6,lariOlg,Zone6,108,108,Cold-temperate and temperate marshes,#0077B6,TRUE,rf_var,Plain RF,2071-2100SSP245,2071-2100,SSP245,12393866,8501128.01140083,5,Top-5,27354,15084.6555508009,0.0022070595244454,0.00177442987925496
6,lariOlg-Zone6,lariOlg,Zone6,108,108,Cold-temperate and temperate marshes,#0077B6,TRUE,rf_var,Plain RF,2011-2040SSP585,2011-2040,SSP585,12393866,8501128.01140083,1,Top-1,77266,42203.4513895537,0.00623421295663516,0.00496445310939382
6,lariOlg-Zone6,lariOlg,Zone6,108,108,Cold-temperate and temperate marshes,#0077B6,TRUE,rf_var,Plain RF,2011-2040SSP585,2011-2040,SSP585,12393866,8501128.01140083,3,Top-3,183440,101961.745352724,0.014800870043294,0.0119939077750604
6,lariOlg-Zone6,lariOlg,Zone6,108,108,Cold-temperate and temperate marshes,#0077B6,TRUE,rf_var,Plain RF,2011-2040SSP585,2011-2040,SSP585,12393866,8501128.01140083,5,Top-5,258776,143482.87021631,0.020879360806386,0.0168780978270043
6,lariOlg-Zone6,lariOlg,Zone6,108,108,Cold-temperate and temperate marshes,#0077B6,TRUE,rf_var,Plain RF,2041-2070SSP585,2041-2070,SSP585,12393866,8501128.01140083,1,Top-1,1446,894.695640019663,0.000116670617545809,0.000105244343905866
6,lariOlg-Zone6,lariOlg,Zone6,108,108,Cold-temperate and temperate marshes,#0077B6,TRUE,rf_var,Plain RF,2041-2070SSP585,2041-2070,SSP585,12393866,8501128.01140083,3,Top-3,43568,23893.4470626267,0.0035152873203567,0.00281062078239303
6,lariOlg-Zone6,lariOlg,Zone6,108,108,Cold-temperate and temperate marshes,#0077B6,TRUE,rf_var,Plain RF,2041-2070SSP585,2041-2070,SSP585,12393866,8501128.01140083,5,Top-5,53560,29347.6158399557,0.00432149258350865,0.00345220255483716
6,lariOlg-Zone6,lariOlg,Zone6,108,108,Cold-temperate and temperate marshes,#0077B6,TRUE,rf_var,Plain RF,2071-2100SSP585,2071-2100,SSP585,12393866,8501128.01140083,1,Top-1,4,2.37716040060234,3.22740297498779e-07,2.79628820718185e-07
6,lariOlg-Zone6,lariOlg,Zone6,108,108,Cold-temperate and temperate marshes,#0077B6,TRUE,rf_var,Plain RF,2071-2100SSP585,2071-2100,SSP585,12393866,8501128.01140083,3,Top-3,444,246.328750923595,3.58241730223644e-05,2.89760077242979e-05
6,lariOlg-Zone6,lariOlg,Zone6,108,108,Cold-temperate and temperate marshes,#0077B6,TRUE,rf_var,Plain RF,2071-2100SSP585,2071-2100,SSP585,12393866,8501128.01140083,5,Top-5,468,259.519884135707,3.77606148073571e-05,3.05276998285011e-05
6,lariOlg-Zone6,lariOlg,Zone6,108,108,Cold-temperate and temperate marshes,#0077B6,TRUE,mf_var,Plain MF RF,2011-2040SSP245,2011-2040,SSP245,12393866,8501128.01140083,1,Top-1,79650,43620.0248936934,0.00642656617394443,0.00513108670228172
6,lariOlg-Zone6,lariOlg,Zone6,108,108,Cold-temperate and temperate marshes,#0077B6,TRUE,mf_var,Plain MF RF,2011-2040SSP245,2011-2040,SSP245,12393866,8501128.01140083,3,Top-3,199134,111091.510859933,0.0160671416005305,0.0130678553141358
6,lariOlg-Zone6,lariOlg,Zone6,108,108,Cold-temperate and temperate marshes,#0077B6,TRUE,mf_var,Plain MF RF,2011-2040SSP245,2011-2040,SSP245,12393866,8501128.01140083,5,Top-5,285278,158638.975094523,0.0230176766474642,0.0186609323941214
6,lariOlg-Zone6,lariOlg,Zone6,108,108,Cold-temperate and temperate marshes,#0077B6,TRUE,mf_var,Plain MF RF,2041-2070SSP245,2041-2070,SSP245,12393866,8501128.01140083,1,Top-1,5249,2936.05228376262,0.000423515955392773,0.00034537208236661
6,lariOlg-Zone6,lariOlg,Zone6,108,108,Cold-temperate and temperate marshes,#0077B6,TRUE,mf_var,Plain MF RF,2041-2070SSP245,2041-2070,SSP245,12393866,8501128.01140083,3,Top-3,82849,45373.5940329587,0.00668467772686908,0.00533736157979369
6,lariOlg-Zone6,lariOlg,Zone6,108,108,Cold-temperate and temperate marshes,#0077B6,TRUE,mf_var,Plain MF RF,2041-2070SSP245,2041-2070,SSP245,12393866,8501128.01140083,5,Top-5,109380,59928.1216232927,0.00882533343510411,0.00704943173928487
6,lariOlg-Zone6,lariOlg,Zone6,108,108,Cold-temperate and temperate marshes,#0077B6,TRUE,mf_var,Plain MF RF,2071-2100SSP245,2071-2100,SSP245,12393866,8501128.01140083,1,Top-1,250,150.370315239409,2.01712685936737e-05,1.76882779600246e-05
6,lariOlg-Zone6,lariOlg,Zone6,108,108,Cold-temperate and temperate marshes,#0077B6,TRUE,mf_var,Plain MF RF,2071-2100SSP245,2071-2100,SSP245,12393866,8501128.01140083,3,Top-3,19007,10393.2901490195,0.00153358120863982,0.00122257777262983
6,lariOlg-Zone6,lariOlg,Zone6,108,108,Cold-temperate and temperate marshes,#0077B6,TRUE,mf_var,Plain MF RF,2071-2100SSP245,2071-2100,SSP245,12393866,8501128.01140083,5,Top-5,23700,12971.1609382168,0.00191223626268026,0.0015258164470434
6,lariOlg-Zone6,lariOlg,Zone6,108,108,Cold-temperate and temperate marshes,#0077B6,TRUE,mf_var,Plain MF RF,2011-2040SSP585,2011-2040,SSP585,12393866,8501128.01140083,1,Top-1,74613,40684.3745469823,0.0060201554543191,0.0047857619003526
6,lariOlg-Zone6,lariOlg,Zone6,108,108,Cold-temperate and temperate marshes,#0077B6,TRUE,mf_var,Plain MF RF,2011-2040SSP585,2011-2040,SSP585,12393866,8501128.01140083,3,Top-3,179008,99257.9779609721,0.0144432737936654,0.0116758597009547
6,lariOlg-Zone6,lariOlg,Zone6,108,108,Cold-temperate and temperate marshes,#0077B6,TRUE,mf_var,Plain MF RF,2011-2040SSP585,2011-2040,SSP585,12393866,8501128.01140083,5,Top-5,257031,142226.295946978,0.0207385653516022,0.0167302851758307
6,lariOlg-Zone6,lariOlg,Zone6,108,108,Cold-temperate and temperate marshes,#0077B6,TRUE,mf_var,Plain MF RF,2041-2070SSP585,2041-2070,SSP585,12393866,8501128.01140083,1,Top-1,289,181.903420306444,2.33179864942868e-05,2.13975627778447e-05
6,lariOlg-Zone6,lariOlg,Zone6,108,108,Cold-temperate and temperate marshes,#0077B6,TRUE,mf_var,Plain MF RF,2041-2070SSP585,2041-2070,SSP585,12393866,8501128.01140083,3,Top-3,41751,22759.4634200312,0.00336868254021788,0.00267722864418799
6,lariOlg-Zone6,lariOlg,Zone6,108,108,Cold-temperate and temperate marshes,#0077B6,TRUE,mf_var,Plain MF RF,2041-2070SSP585,2041-2070,SSP585,12393866,8501128.01140083,5,Top-5,49179,26838.6555283815,0.00396801127267311,0.0031570699197081
6,lariOlg-Zone6,lariOlg,Zone6,108,108,Cold-temperate and temperate marshes,#0077B6,TRUE,mf_var,Plain MF RF,2071-2100SSP585,2071-2100,SSP585,12393866,8501128.01140083,1,Top-1,1,0.614512479340077,8.06850743746947e-08,7.22859929312859e-08
6,lariOlg-Zone6,lariOlg,Zone6,108,108,Cold-temperate and temperate marshes,#0077B6,TRUE,mf_var,Plain MF RF,2071-2100SSP585,2071-2100,SSP585,12393866,8501128.01140083,3,Top-3,472,263.133718590936,3.80833551048559e-05,3.09528004093161e-05
6,lariOlg-Zone6,lariOlg,Zone6,108,108,Cold-temperate and temperate marshes,#0077B6,TRUE,mf_var,Plain MF RF,2071-2100SSP585,2071-2100,SSP585,12393866,8501128.01140083,5,Top-5,541,301.540241169651,4.36506252367098e-05,3.54706152836725e-05
7,lariOlg-Zone7,lariOlg,Zone7,39,39,Deciduous scrubs in temperate zone,#C77DFF,TRUE,rf_var,Plain RF,2011-2040SSP245,2011-2040,SSP245,12393866,8501128.01140083,1,Top-1,234864,154116.874344455,0.0189500193079383,0.0181289911336201
7,lariOlg-Zone7,lariOlg,Zone7,39,39,Deciduous scrubs in temperate zone,#C77DFF,TRUE,rf_var,Plain RF,2011-2040SSP245,2011-2040,SSP245,12393866,8501128.01140083,3,Top-3,862636,567368.89404171,0.0696018498182891,0.0667404247154982
7,lariOlg-Zone7,lariOlg,Zone7,39,39,Deciduous scrubs in temperate zone,#C77DFF,TRUE,rf_var,Plain RF,2011-2040SSP245,2011-2040,SSP245,12393866,8501128.01140083,5,Top-5,1177402,777119.376502312,0.0949987679389143,0.0914136777448969
7,lariOlg-Zone7,lariOlg,Zone7,39,39,Deciduous scrubs in temperate zone,#C77DFF,TRUE,rf_var,Plain RF,2041-2070SSP245,2041-2070,SSP245,12393866,8501128.01140083,1,Top-1,256030,167241.286045414,0.0206577995921531,0.0196728346898349
7,lariOlg-Zone7,lariOlg,Zone7,39,39,Deciduous scrubs in temperate zone,#C77DFF,TRUE,rf_var,Plain RF,2041-2070SSP245,2041-2070,SSP245,12393866,8501128.01140083,3,Top-3,769095,506122.995540601,0.0620544872762058,0.0595359809735651
7,lariOlg-Zone7,lariOlg,Zone7,39,39,Deciduous scrubs in temperate zone,#C77DFF,TRUE,rf_var,Plain RF,2041-2070SSP245,2041-2070,SSP245,12393866,8501128.01140083,5,Top-5,1033666,683642.38542879,0.0834014180885932,0.0804178439040043
7,lariOlg-Zone7,lariOlg,Zone7,39,39,Deciduous scrubs in temperate zone,#C77DFF,TRUE,rf_var,Plain RF,2071-2100SSP245,2071-2100,SSP245,12393866,8501128.01140083,1,Top-1,233951,153007.368365041,0.0188763538350342,0.0179984783383856
7,lariOlg-Zone7,lariOlg,Zone7,39,39,Deciduous scrubs in temperate zone,#C77DFF,TRUE,rf_var,Plain RF,2071-2100SSP245,2071-2100,SSP245,12393866,8501128.01140083,3,Top-3,658468,433778.595233472,0.0531285395533565,0.0510260043904448
7,lariOlg-Zone7,lariOlg,Zone7,39,39,Deciduous scrubs in temperate zone,#C77DFF,TRUE,rf_var,Plain RF,2071-2100SSP245,2071-2100,SSP245,12393866,8501128.01140083,5,Top-5,868919,575059.378191839,0.0701087941405854,0.067645067504057
7,lariOlg-Zone7,lariOlg,Zone7,39,39,Deciduous scrubs in temperate zone,#C77DFF,TRUE,rf_var,Plain RF,2011-2040SSP585,2011-2040,SSP585,12393866,8501128.01140083,1,Top-1,240658,157720.188303856,0.0194175086288653,0.0185528541732742
7,lariOlg-Zone7,lariOlg,Zone7,39,39,Deciduous scrubs in temperate zone,#C77DFF,TRUE,rf_var,Plain RF,2011-2040SSP585,2011-2040,SSP585,12393866,8501128.01140083,3,Top-3,856764,563657.92196866,0.0691280670615609,0.0663038976960163
7,lariOlg-Zone7,lariOlg,Zone7,39,39,Deciduous scrubs in temperate zone,#C77DFF,TRUE,rf_var,Plain RF,2011-2040SSP585,2011-2040,SSP585,12393866,8501128.01140083,5,Top-5,1168645,771616.086702585,0.0942922087426151,0.0907663177954471
7,lariOlg-Zone7,lariOlg,Zone7,39,39,Deciduous scrubs in temperate zone,#C77DFF,TRUE,rf_var,Plain RF,2041-2070SSP585,2041-2070,SSP585,12393866,8501128.01140083,1,Top-1,237919,155616.32284032,0.019196512210153,0.0183053734318108
7,lariOlg-Zone7,lariOlg,Zone7,39,39,Deciduous scrubs in temperate zone,#C77DFF,TRUE,rf_var,Plain RF,2041-2070SSP585,2041-2070,SSP585,12393866,8501128.01140083,3,Top-3,662013,436124.591625067,0.0534145681420148,0.0513019673436493
7,lariOlg-Zone7,lariOlg,Zone7,39,39,Deciduous scrubs in temperate zone,#C77DFF,TRUE,rf_var,Plain RF,2041-2070SSP585,2041-2070,SSP585,12393866,8501128.01140083,5,Top-5,872437,577776.516437604,0.0703926442322355,0.067964688411085
7,lariOlg-Zone7,lariOlg,Zone7,39,39,Deciduous scrubs in temperate zone,#C77DFF,TRUE,rf_var,Plain RF,2071-2100SSP585,2071-2100,SSP585,12393866,8501128.01140083,1,Top-1,151761,99669.9941668286,0.012244847572178,0.0117243257639647
7,lariOlg-Zone7,lariOlg,Zone7,39,39,Deciduous scrubs in temperate zone,#C77DFF,TRUE,rf_var,Plain RF,2071-2100SSP585,2071-2100,SSP585,12393866,8501128.01140083,3,Top-3,448104,297373.18000512,0.0361553045675982,0.0349804378438149
7,lariOlg-Zone7,lariOlg,Zone7,39,39,Deciduous scrubs in temperate zone,#C77DFF,TRUE,rf_var,Plain RF,2071-2100SSP585,2071-2100,SSP585,12393866,8501128.01140083,5,Top-5,528045,351612.474602465,0.0426053500981857,0.0413606846210196
7,lariOlg-Zone7,lariOlg,Zone7,39,39,Deciduous scrubs in temperate zone,#C77DFF,TRUE,mf_var,Plain MF RF,2011-2040SSP245,2011-2040,SSP245,12393866,8501128.01140083,1,Top-1,235290,154347.65893979,0.0189843911496219,0.0181561386598102
7,lariOlg-Zone7,lariOlg,Zone7,39,39,Deciduous scrubs in temperate zone,#C77DFF,TRUE,mf_var,Plain MF RF,2011-2040SSP245,2011-2040,SSP245,12393866,8501128.01140083,3,Top-3,853077,560942.04522725,0.0688305811923414,0.0659844251815727
7,lariOlg-Zone7,lariOlg,Zone7,39,39,Deciduous scrubs in temperate zone,#C77DFF,TRUE,mf_var,Plain MF RF,2011-2040SSP245,2011-2040,SSP245,12393866,8501128.01140083,5,Top-5,1166582,769516.215322718,0.0941257554341801,0.0905193068838303
7,lariOlg-Zone7,lariOlg,Zone7,39,39,Deciduous scrubs in temperate zone,#C77DFF,TRUE,mf_var,Plain MF RF,2041-2070SSP245,2041-2070,SSP245,12393866,8501128.01140083,1,Top-1,251714,164370.193234042,0.0203095628111519,0.0193351038842852
7,lariOlg-Zone7,lariOlg,Zone7,39,39,Deciduous scrubs in temperate zone,#C77DFF,TRUE,mf_var,Plain MF RF,2041-2070SSP245,2041-2070,SSP245,12393866,8501128.01140083,3,Top-3,751861,495024.158691097,0.0606639607044323,0.0582304087207277
7,lariOlg-Zone7,lariOlg,Zone7,39,39,Deciduous scrubs in temperate zone,#C77DFF,TRUE,mf_var,Plain MF RF,2041-2070SSP245,2041-2070,SSP245,12393866,8501128.01140083,5,Top-5,1016788,672709.972505567,0.0820396154032971,0.0791318483386438
7,lariOlg-Zone7,lariOlg,Zone7,39,39,Deciduous scrubs in temperate zone,#C77DFF,TRUE,mf_var,Plain MF RF,2071-2100SSP245,2071-2100,SSP245,12393866,8501128.01140083,1,Top-1,226293,148150.991301697,0.0182584675354728,0.0174272156710277
7,lariOlg-Zone7,lariOlg,Zone7,39,39,Deciduous scrubs in temperate zone,#C77DFF,TRUE,mf_var,Plain MF RF,2071-2100SSP245,2071-2100,SSP245,12393866,8501128.01140083,3,Top-3,638513,421537.816718558,0.0515184688942094,0.0495861038856532
7,lariOlg-Zone7,lariOlg,Zone7,39,39,Deciduous scrubs in temperate zone,#C77DFF,TRUE,mf_var,Plain MF RF,2071-2100SSP245,2071-2100,SSP245,12393866,8501128.01140083,5,Top-5,833918,553170.190577253,0.0672847358523967,0.0650702106632672
7,lariOlg-Zone7,lariOlg,Zone7,39,39,Deciduous scrubs in temperate zone,#C77DFF,TRUE,mf_var,Plain MF RF,2011-2040SSP585,2011-2040,SSP585,12393866,8501128.01140083,1,Top-1,243025,159210.972768288,0.0196084901999102,0.0187282173088996
7,lariOlg-Zone7,lariOlg,Zone7,39,39,Deciduous scrubs in temperate zone,#C77DFF,TRUE,mf_var,Plain MF RF,2011-2040SSP585,2011-2040,SSP585,12393866,8501128.01140083,3,Top-3,846707,556889.36439538,0.0683166172685746,0.0655077024659008
7,lariOlg-Zone7,lariOlg,Zone7,39,39,Deciduous scrubs in temperate zone,#C77DFF,TRUE,mf_var,Plain MF RF,2011-2040SSP585,2011-2040,SSP585,12393866,8501128.01140083,5,Top-5,1157323,763731.049524265,0.0933786923305448,0.0898387894524148
7,lariOlg-Zone7,lariOlg,Zone7,39,39,Deciduous scrubs in temperate zone,#C77DFF,TRUE,mf_var,Plain MF RF,2041-2070SSP585,2041-2070,SSP585,12393866,8501128.01140083,1,Top-1,229088,150009.579498458,0.0184839823183501,0.0176458440923699
7,lariOlg-Zone7,lariOlg,Zone7,39,39,Deciduous scrubs in temperate zone,#C77DFF,TRUE,mf_var,Plain MF RF,2041-2070SSP585,2041-2070,SSP585,12393866,8501128.01140083,3,Top-3,637513,420751.18406835,0.0514377838198348,0.0494935711477444
7,lariOlg-Zone7,lariOlg,Zone7,39,39,Deciduous scrubs in temperate zone,#C77DFF,TRUE,mf_var,Plain MF RF,2041-2070SSP585,2041-2070,SSP585,12393866,8501128.01140083,5,Top-5,842125,558559.300896576,0.0679469182577898,0.0657041395150731
7,lariOlg-Zone7,lariOlg,Zone7,39,39,Deciduous scrubs in temperate zone,#C77DFF,TRUE,mf_var,Plain MF RF,2071-2100SSP585,2071-2100,SSP585,12393866,8501128.01140083,1,Top-1,133856,88396.8844666906,0.0108001813154991,0.0103982535433112
7,lariOlg-Zone7,lariOlg,Zone7,39,39,Deciduous scrubs in temperate zone,#C77DFF,TRUE,mf_var,Plain MF RF,2071-2100SSP585,2071-2100,SSP585,12393866,8501128.01140083,3,Top-3,430168,286756.610770881,0.0347081370736137,0.0337315954290199
7,lariOlg-Zone7,lariOlg,Zone7,39,39,Deciduous scrubs in temperate zone,#C77DFF,TRUE,mf_var,Plain MF RF,2071-2100SSP585,2071-2100,SSP585,12393866,8501128.01140083,5,Top-5,507953,339654.956338963,0.0409842255838493,0.0399541044298419
9,lariOlg-Zone9,lariOlg,Zone9,28,28,Needleleaf and deciduous broadleaf mixed forests in temperate zone,#2CA25F,TRUE,rf_var,Plain RF,2011-2040SSP245,2011-2040,SSP245,12393866,8501128.01140083,1,Top-1,8771,5486.11543343142,0.000707688787340447,0.000645339703869182
9,lariOlg-Zone9,lariOlg,Zone9,28,28,Needleleaf and deciduous broadleaf mixed forests in temperate zone,#2CA25F,TRUE,rf_var,Plain RF,2011-2040SSP245,2011-2040,SSP245,12393866,8501128.01140083,3,Top-3,70694,41662.2383334456,0.00570395064784467,0.00490078943377544
9,lariOlg-Zone9,lariOlg,Zone9,28,28,Needleleaf and deciduous broadleaf mixed forests in temperate zone,#2CA25F,TRUE,rf_var,Plain RF,2011-2040SSP245,2011-2040,SSP245,12393866,8501128.01140083,5,Top-5,87723,51502.0423857973,0.00707793677937134,0.00605825983525105
9,lariOlg-Zone9,lariOlg,Zone9,28,28,Needleleaf and deciduous broadleaf mixed forests in temperate zone,#2CA25F,TRUE,rf_var,Plain RF,2041-2070SSP245,2041-2070,SSP245,12393866,8501128.01140083,1,Top-1,3475,2194.28747818057,0.000280380633452064,0.000258117214002403
9,lariOlg-Zone9,lariOlg,Zone9,28,28,Needleleaf and deciduous broadleaf mixed forests in temperate zone,#2CA25F,TRUE,rf_var,Plain RF,2041-2070SSP245,2041-2070,SSP245,12393866,8501128.01140083,3,Top-3,20388,11906.5705641896,0.00164500729635128,0.00140058713952098
9,lariOlg-Zone9,lariOlg,Zone9,28,28,Needleleaf and deciduous broadleaf mixed forests in temperate zone,#2CA25F,TRUE,rf_var,Plain RF,2041-2070SSP245,2041-2070,SSP245,12393866,8501128.01140083,5,Top-5,27211,15713.9221447039,0.00219552155880982,0.00184845142005038
9,lariOlg-Zone9,lariOlg,Zone9,28,28,Needleleaf and deciduous broadleaf mixed forests in temperate zone,#2CA25F,TRUE,rf_var,Plain RF,2071-2100SSP245,2071-2100,SSP245,12393866,8501128.01140083,1,Top-1,2063,1308.12434066884,0.000166453308434995,0.000153876560724002
9,lariOlg-Zone9,lariOlg,Zone9,28,28,Needleleaf and deciduous broadleaf mixed forests in temperate zone,#2CA25F,TRUE,rf_var,Plain RF,2071-2100SSP245,2071-2100,SSP245,12393866,8501128.01140083,3,Top-3,13131,7543.40333433377,0.00105947571161412,0.000887341459182516
9,lariOlg-Zone9,lariOlg,Zone9,28,28,Needleleaf and deciduous broadleaf mixed forests in temperate zone,#2CA25F,TRUE,rf_var,Plain RF,2071-2100SSP245,2071-2100,SSP245,12393866,8501128.01140083,5,Top-5,21666,12166.6174221226,0.00174812282140214,0.00143117682804047
9,lariOlg-Zone9,lariOlg,Zone9,28,28,Needleleaf and deciduous broadleaf mixed forests in temperate zone,#2CA25F,TRUE,rf_var,Plain RF,2011-2040SSP585,2011-2040,SSP585,12393866,8501128.01140083,1,Top-1,7812,4907.58046686841,0.000630311801015115,0.000577285797871397
9,lariOlg-Zone9,lariOlg,Zone9,28,28,Needleleaf and deciduous broadleaf mixed forests in temperate zone,#2CA25F,TRUE,rf_var,Plain RF,2011-2040SSP585,2011-2040,SSP585,12393866,8501128.01140083,3,Top-3,62622,36932.5360559334,0.00505266072749213,0.00434442770493555
9,lariOlg-Zone9,lariOlg,Zone9,28,28,Needleleaf and deciduous broadleaf mixed forests in temperate zone,#2CA25F,TRUE,rf_var,Plain RF,2011-2040SSP585,2011-2040,SSP585,12393866,8501128.01140083,5,Top-5,75690,44516.3905214336,0.00610705327942064,0.00523652748926176
9,lariOlg-Zone9,lariOlg,Zone9,28,28,Needleleaf and deciduous broadleaf mixed forests in temperate zone,#2CA25F,TRUE,rf_var,Plain RF,2041-2070SSP585,2041-2070,SSP585,12393866,8501128.01140083,1,Top-1,2106,1345.69776093171,0.000169922766633107,0.00015829637656638
9,lariOlg-Zone9,lariOlg,Zone9,28,28,Needleleaf and deciduous broadleaf mixed forests in temperate zone,#2CA25F,TRUE,rf_var,Plain RF,2041-2070SSP585,2041-2070,SSP585,12393866,8501128.01140083,3,Top-3,7972,4759.85846000675,0.000643221412915066,0.000559909044261341
9,lariOlg-Zone9,lariOlg,Zone9,28,28,Needleleaf and deciduous broadleaf mixed forests in temperate zone,#2CA25F,TRUE,rf_var,Plain RF,2041-2070SSP585,2041-2070,SSP585,12393866,8501128.01140083,5,Top-5,13276,7673.77950503062,0.00107117504739845,0.000902677796962867
9,lariOlg-Zone9,lariOlg,Zone9,28,28,Needleleaf and deciduous broadleaf mixed forests in temperate zone,#2CA25F,TRUE,rf_var,Plain RF,2071-2100SSP585,2071-2100,SSP585,12393866,8501128.01140083,1,Top-1,179,114.378432382948,1.44426283130704e-05,1.34545006532728e-05
9,lariOlg-Zone9,lariOlg,Zone9,28,28,Needleleaf and deciduous broadleaf mixed forests in temperate zone,#2CA25F,TRUE,rf_var,Plain RF,2071-2100SSP585,2071-2100,SSP585,12393866,8501128.01140083,3,Top-3,8692,4756.87184091738,0.000701314666464846,0.000559557723932396
9,lariOlg-Zone9,lariOlg,Zone9,28,28,Needleleaf and deciduous broadleaf mixed forests in temperate zone,#2CA25F,TRUE,rf_var,Plain RF,2071-2100SSP585,2071-2100,SSP585,12393866,8501128.01140083,5,Top-5,9862,5427.78657208173,0.000795716203483239,0.000638478395432059
9,lariOlg-Zone9,lariOlg,Zone9,28,28,Needleleaf and deciduous broadleaf mixed forests in temperate zone,#2CA25F,TRUE,mf_var,Plain MF RF,2011-2040SSP245,2011-2040,SSP245,12393866,8501128.01140083,1,Top-1,8757,5479.64169217306,0.000706559196299202,0.000644578188309168
9,lariOlg-Zone9,lariOlg,Zone9,28,28,Needleleaf and deciduous broadleaf mixed forests in temperate zone,#2CA25F,TRUE,mf_var,Plain MF RF,2011-2040SSP245,2011-2040,SSP245,12393866,8501128.01140083,3,Top-3,65170,38484.6026579217,0.00525824629699885,0.00452699954715541
9,lariOlg-Zone9,lariOlg,Zone9,28,28,Needleleaf and deciduous broadleaf mixed forests in temperate zone,#2CA25F,TRUE,mf_var,Plain MF RF,2011-2040SSP245,2011-2040,SSP245,12393866,8501128.01140083,5,Top-5,77949,45943.6323790937,0.00628932086243308,0.00540441601602504
9,lariOlg-Zone9,lariOlg,Zone9,28,28,Needleleaf and deciduous broadleaf mixed forests in temperate zone,#2CA25F,TRUE,mf_var,Plain MF RF,2041-2070SSP245,2041-2070,SSP245,12393866,8501128.01140083,1,Top-1,3538,2236.69370248832,0.00028546379313767,0.000263105519583836
9,lariOlg-Zone9,lariOlg,Zone9,28,28,Needleleaf and deciduous broadleaf mixed forests in temperate zone,#2CA25F,TRUE,mf_var,Plain MF RF,2041-2070SSP245,2041-2070,SSP245,12393866,8501128.01140083,3,Top-3,16962,9963.78167010631,0.00136858023154357,0.00117205406820647
9,lariOlg-Zone9,lariOlg,Zone9,28,28,Needleleaf and deciduous broadleaf mixed forests in temperate zone,#2CA25F,TRUE,mf_var,Plain MF RF,2041-2070SSP245,2041-2070,SSP245,12393866,8501128.01140083,5,Top-5,24289,14047.9938379614,0.00195975977148696,0.00165248586059658
9,lariOlg-Zone9,lariOlg,Zone9,28,28,Needleleaf and deciduous broadleaf mixed forests in temperate zone,#2CA25F,TRUE,mf_var,Plain MF RF,2071-2100SSP245,2071-2100,SSP245,12393866,8501128.01140083,1,Top-1,2148,1360.60155385866,0.000173311539756844,0.000160049531313252
9,lariOlg-Zone9,lariOlg,Zone9,28,28,Needleleaf and deciduous broadleaf mixed forests in temperate zone,#2CA25F,TRUE,mf_var,Plain MF RF,2071-2100SSP245,2071-2100,SSP245,12393866,8501128.01140083,3,Top-3,11867,6851.94552194593,0.000957489777604502,0.000806004275286387
9,lariOlg-Zone9,lariOlg,Zone9,28,28,Needleleaf and deciduous broadleaf mixed forests in temperate zone,#2CA25F,TRUE,mf_var,Plain MF RF,2071-2100SSP245,2071-2100,SSP245,12393866,8501128.01140083,5,Top-5,20145,11342.9473866801,0.00162540082327822,0.00133428732886602
9,lariOlg-Zone9,lariOlg,Zone9,28,28,Needleleaf and deciduous broadleaf mixed forests in temperate zone,#2CA25F,TRUE,mf_var,Plain MF RF,2011-2040SSP585,2011-2040,SSP585,12393866,8501128.01140083,1,Top-1,7778,4888.79115160122,0.000627568508486375,0.000575075583504316
9,lariOlg-Zone9,lariOlg,Zone9,28,28,Needleleaf and deciduous broadleaf mixed forests in temperate zone,#2CA25F,TRUE,mf_var,Plain MF RF,2011-2040SSP585,2011-2040,SSP585,12393866,8501128.01140083,3,Top-3,55874,33064.5859851883,0.00450819784561169,0.00388943513623668
9,lariOlg-Zone9,lariOlg,Zone9,28,28,Needleleaf and deciduous broadleaf mixed forests in temperate zone,#2CA25F,TRUE,mf_var,Plain MF RF,2011-2040SSP585,2011-2040,SSP585,12393866,8501128.01140083,5,Top-5,65981,38992.0226353971,0.00532368189231673,0.00458668809399235
9,lariOlg-Zone9,lariOlg,Zone9,28,28,Needleleaf and deciduous broadleaf mixed forests in temperate zone,#2CA25F,TRUE,mf_var,Plain MF RF,2041-2070SSP585,2041-2070,SSP585,12393866,8501128.01140083,1,Top-1,2214,1414.77219047075,0.000178636754665574,0.000166421701752215
9,lariOlg-Zone9,lariOlg,Zone9,28,28,Needleleaf and deciduous broadleaf mixed forests in temperate zone,#2CA25F,TRUE,mf_var,Plain MF RF,2041-2070SSP585,2041-2070,SSP585,12393866,8501128.01140083,3,Top-3,7452,4477.47097672549,0.000601265174240225,0.000526691395626648
9,lariOlg-Zone9,lariOlg,Zone9,28,28,Needleleaf and deciduous broadleaf mixed forests in temperate zone,#2CA25F,TRUE,mf_var,Plain MF RF,2041-2070SSP585,2041-2070,SSP585,12393866,8501128.01140083,5,Top-5,12268,7137.64804220526,0.000989844492428755,0.000839611876521914
9,lariOlg-Zone9,lariOlg,Zone9,28,28,Needleleaf and deciduous broadleaf mixed forests in temperate zone,#2CA25F,TRUE,mf_var,Plain MF RF,2071-2100SSP585,2071-2100,SSP585,12393866,8501128.01140083,1,Top-1,190,121.411541275805,1.5330164131192e-05,1.42818154382548e-05
9,lariOlg-Zone9,lariOlg,Zone9,28,28,Needleleaf and deciduous broadleaf mixed forests in temperate zone,#2CA25F,TRUE,mf_var,Plain MF RF,2071-2100SSP585,2071-2100,SSP585,12393866,8501128.01140083,3,Top-3,3991,2247.29853370004,0.000322014131829407,0.000264352981238043
9,lariOlg-Zone9,lariOlg,Zone9,28,28,Needleleaf and deciduous broadleaf mixed forests in temperate zone,#2CA25F,TRUE,mf_var,Plain MF RF,2071-2100SSP585,2071-2100,SSP585,12393866,8501128.01140083,5,Top-5,5242,2971.73117548553,0.00042295115987215,0.000349569042073022
12,lariOlg-Zone12,lariOlg,Zone12,54,54,One year one ripe grain fields and cold-tolerant economic crop fields,#F8961E,TRUE,rf_var,Plain RF,2011-2040SSP245,2011-2040,SSP245,12393866,8501128.01140083,1,Top-1,409162,248607.492213051,0.0330132664012988,0.0292440593624334
12,lariOlg-Zone12,lariOlg,Zone12,54,54,One year one ripe grain fields and cold-tolerant economic crop fields,#F8961E,TRUE,rf_var,Plain RF,2011-2040SSP245,2011-2040,SSP245,12393866,8501128.01140083,3,Top-3,869376,530213.853259477,0.0701456672195746,0.0623698234573587
12,lariOlg-Zone12,lariOlg,Zone12,54,54,One year one ripe grain fields and cold-tolerant economic crop fields,#F8961E,TRUE,rf_var,Plain RF,2011-2040SSP245,2011-2040,SSP245,12393866,8501128.01140083,5,Top-5,992840,606292.684859484,0.0801073692421719,0.0713190866019647
12,lariOlg-Zone12,lariOlg,Zone12,54,54,One year one ripe grain fields and cold-tolerant economic crop fields,#F8961E,TRUE,rf_var,Plain RF,2041-2070SSP245,2041-2070,SSP245,12393866,8501128.01140083,1,Top-1,477125,289552.167969255,0.0384968661110262,0.0340604408710159
12,lariOlg-Zone12,lariOlg,Zone12,54,54,One year one ripe grain fields and cold-tolerant economic crop fields,#F8961E,TRUE,rf_var,Plain RF,2041-2070SSP245,2041-2070,SSP245,12393866,8501128.01140083,3,Top-3,863752,523886.941853303,0.0696918943612913,0.0616255797055073
12,lariOlg-Zone12,lariOlg,Zone12,54,54,One year one ripe grain fields and cold-tolerant economic crop fields,#F8961E,TRUE,rf_var,Plain RF,2041-2070SSP245,2041-2070,SSP245,12393866,8501128.01140083,5,Top-5,942039,572151.21801267,0.076008486778863,0.0673029764103493
12,lariOlg-Zone12,lariOlg,Zone12,54,54,One year one ripe grain fields and cold-tolerant economic crop fields,#F8961E,TRUE,rf_var,Plain RF,2071-2100SSP245,2071-2100,SSP245,12393866,8501128.01140083,1,Top-1,513822,309918.008388993,0.0414577662853544,0.0364561041750416
12,lariOlg-Zone12,lariOlg,Zone12,54,54,One year one ripe grain fields and cold-tolerant economic crop fields,#F8961E,TRUE,rf_var,Plain RF,2071-2100SSP245,2071-2100,SSP245,12393866,8501128.01140083,3,Top-3,873094,525081.471847639,0.0704456543260997,0.0617660939987557
12,lariOlg-Zone12,lariOlg,Zone12,54,54,One year one ripe grain fields and cold-tolerant economic crop fields,#F8961E,TRUE,rf_var,Plain RF,2071-2100SSP245,2071-2100,SSP245,12393866,8501128.01140083,5,Top-5,930090,559803.647312931,0.0750443808251598,0.0658505137861917
12,lariOlg-Zone12,lariOlg,Zone12,54,54,One year one ripe grain fields and cold-tolerant economic crop fields,#F8961E,TRUE,rf_var,Plain RF,2011-2040SSP585,2011-2040,SSP585,12393866,8501128.01140083,1,Top-1,418411,254016.760227865,0.0337595226541904,0.029880359393154
12,lariOlg-Zone12,lariOlg,Zone12,54,54,One year one ripe grain fields and cold-tolerant economic crop fields,#F8961E,TRUE,rf_var,Plain RF,2011-2040SSP585,2011-2040,SSP585,12393866,8501128.01140083,3,Top-3,872415,531709.781946287,0.0703908691605993,0.0625457917153127
12,lariOlg-Zone12,lariOlg,Zone12,54,54,One year one ripe grain fields and cold-tolerant economic crop fields,#F8961E,TRUE,rf_var,Plain RF,2011-2040SSP585,2011-2040,SSP585,12393866,8501128.01140083,5,Top-5,987284,602834.085166259,0.0796590829689461,0.0709122465110278
12,lariOlg-Zone12,lariOlg,Zone12,54,54,One year one ripe grain fields and cold-tolerant economic crop fields,#F8961E,TRUE,rf_var,Plain RF,2041-2070SSP585,2041-2070,SSP585,12393866,8501128.01140083,1,Top-1,514639,311011.647450512,0.0415236859911185,0.0365847505217444
12,lariOlg-Zone12,lariOlg,Zone12,54,54,One year one ripe grain fields and cold-tolerant economic crop fields,#F8961E,TRUE,rf_var,Plain RF,2041-2070SSP585,2041-2070,SSP585,12393866,8501128.01140083,3,Top-3,859536,518277.786404263,0.0693517260877276,0.0609657666264057
12,lariOlg-Zone12,lariOlg,Zone12,54,54,One year one ripe grain fields and cold-tolerant economic crop fields,#F8961E,TRUE,rf_var,Plain RF,2041-2070SSP585,2041-2070,SSP585,12393866,8501128.01140083,5,Top-5,923790,557361.636909757,0.0745360648565992,0.06556325656575
12,lariOlg-Zone12,lariOlg,Zone12,54,54,One year one ripe grain fields and cold-tolerant economic crop fields,#F8961E,TRUE,rf_var,Plain RF,2071-2100SSP585,2071-2100,SSP585,12393866,8501128.01140083,1,Top-1,604715,356773.906970003,0.0487914747504935,0.0419678313856156
12,lariOlg-Zone12,lariOlg,Zone12,54,54,One year one ripe grain fields and cold-tolerant economic crop fields,#F8961E,TRUE,rf_var,Plain RF,2071-2100SSP585,2071-2100,SSP585,12393866,8501128.01140083,3,Top-3,844039,499711.295799688,0.0681013494901429,0.058781763447101
12,lariOlg-Zone12,lariOlg,Zone12,54,54,One year one ripe grain fields and cold-tolerant economic crop fields,#F8961E,TRUE,rf_var,Plain RF,2071-2100SSP585,2071-2100,SSP585,12393866,8501128.01140083,5,Top-5,858322,508737.154355752,0.0692537744074367,0.0598434882610268
12,lariOlg-Zone12,lariOlg,Zone12,54,54,One year one ripe grain fields and cold-tolerant economic crop fields,#F8961E,TRUE,mf_var,Plain MF RF,2011-2040SSP245,2011-2040,SSP245,12393866,8501128.01140083,1,Top-1,397584,241499.730724712,0.0320790946101886,0.0284079630845269
12,lariOlg-Zone12,lariOlg,Zone12,54,54,One year one ripe grain fields and cold-tolerant economic crop fields,#F8961E,TRUE,mf_var,Plain MF RF,2011-2040SSP245,2011-2040,SSP245,12393866,8501128.01140083,3,Top-3,873752,532863.492264001,0.0704987451050382,0.0626815043308818
12,lariOlg-Zone12,lariOlg,Zone12,54,54,One year one ripe grain fields and cold-tolerant economic crop fields,#F8961E,TRUE,mf_var,Plain MF RF,2011-2040SSP245,2011-2040,SSP245,12393866,8501128.01140083,5,Top-5,1001486,611891.57524867,0.0808049723952155,0.0719776921872091
12,lariOlg-Zone12,lariOlg,Zone12,54,54,One year one ripe grain fields and cold-tolerant economic crop fields,#F8961E,TRUE,mf_var,Plain MF RF,2041-2070SSP245,2041-2070,SSP245,12393866,8501128.01140083,1,Top-1,464256,281448.525281329,0.0374585298888983,0.0331071976452866
12,lariOlg-Zone12,lariOlg,Zone12,54,54,One year one ripe grain fields and cold-tolerant economic crop fields,#F8961E,TRUE,mf_var,Plain MF RF,2041-2070SSP245,2041-2070,SSP245,12393866,8501128.01140083,3,Top-3,883747,535966.159370132,0.0713051924234133,0.0630464755561085
12,lariOlg-Zone12,lariOlg,Zone12,54,54,One year one ripe grain fields and cold-tolerant economic crop fields,#F8961E,TRUE,mf_var,Plain MF RF,2041-2070SSP245,2041-2070,SSP245,12393866,8501128.01140083,5,Top-5,975935,592419.020264499,0.0787433880598677,0.0696871073426971
12,lariOlg-Zone12,lariOlg,Zone12,54,54,One year one ripe grain fields and cold-tolerant economic crop fields,#F8961E,TRUE,mf_var,Plain MF RF,2071-2100SSP245,2071-2100,SSP245,12393866,8501128.01140083,1,Top-1,507375,305603.126470484,0.0409375896108607,0.0359485383658076
12,lariOlg-Zone12,lariOlg,Zone12,54,54,One year one ripe grain fields and cold-tolerant economic crop fields,#F8961E,TRUE,mf_var,Plain MF RF,2071-2100SSP245,2071-2100,SSP245,12393866,8501128.01140083,3,Top-3,916917,550211.386195168,0.073981516340422,0.0647221622186234
12,lariOlg-Zone12,lariOlg,Zone12,54,54,One year one ripe grain fields and cold-tolerant economic crop fields,#F8961E,TRUE,mf_var,Plain MF RF,2071-2100SSP245,2071-2100,SSP245,12393866,8501128.01140083,5,Top-5,969712,582875.169838651,0.078241284842034,0.068564450394931
12,lariOlg-Zone12,lariOlg,Zone12,54,54,One year one ripe grain fields and cold-tolerant economic crop fields,#F8961E,TRUE,mf_var,Plain MF RF,2011-2040SSP585,2011-2040,SSP585,12393866,8501128.01140083,1,Top-1,404848,245719.299830637,0.0326651909904464,0.0289043171095769
12,lariOlg-Zone12,lariOlg,Zone12,54,54,One year one ripe grain fields and cold-tolerant economic crop fields,#F8961E,TRUE,mf_var,Plain MF RF,2011-2040SSP585,2011-2040,SSP585,12393866,8501128.01140083,3,Top-3,877310,534633.749241562,0.0707858225996634,0.0628897422229811
12,lariOlg-Zone12,lariOlg,Zone12,54,54,One year one ripe grain fields and cold-tolerant economic crop fields,#F8961E,TRUE,mf_var,Plain MF RF,2011-2040SSP585,2011-2040,SSP585,12393866,8501128.01140083,5,Top-5,997702,609408.422270231,0.0804996600737817,0.0716855953060529
12,lariOlg-Zone12,lariOlg,Zone12,54,54,One year one ripe grain fields and cold-tolerant economic crop fields,#F8961E,TRUE,mf_var,Plain MF RF,2041-2070SSP585,2041-2070,SSP585,12393866,8501128.01140083,1,Top-1,510276,307936.208517772,0.0411716570116217,0.0362229821859875
12,lariOlg-Zone12,lariOlg,Zone12,54,54,One year one ripe grain fields and cold-tolerant economic crop fields,#F8961E,TRUE,mf_var,Plain MF RF,2041-2070SSP585,2041-2070,SSP585,12393866,8501128.01140083,3,Top-3,890590,536275.470199754,0.0718573203873594,0.0630828602369658
12,lariOlg-Zone12,lariOlg,Zone12,54,54,One year one ripe grain fields and cold-tolerant economic crop fields,#F8961E,TRUE,mf_var,Plain MF RF,2041-2070SSP585,2041-2070,SSP585,12393866,8501128.01140083,5,Top-5,956578,576660.952912654,0.0771815670751967,0.0678334630579961
12,lariOlg-Zone12,lariOlg,Zone12,54,54,One year one ripe grain fields and cold-tolerant economic crop fields,#F8961E,TRUE,mf_var,Plain MF RF,2071-2100SSP585,2071-2100,SSP585,12393866,8501128.01140083,1,Top-1,651444,384237.810739815,0.0525618075909486,0.045198450161498
12,lariOlg-Zone12,lariOlg,Zone12,54,54,One year one ripe grain fields and cold-tolerant economic crop fields,#F8961E,TRUE,mf_var,Plain MF RF,2071-2100SSP585,2071-2100,SSP585,12393866,8501128.01140083,3,Top-3,878847,520710.820324258,0.0709098355589773,0.0612519679301306
12,lariOlg-Zone12,lariOlg,Zone12,54,54,One year one ripe grain fields and cold-tolerant economic crop fields,#F8961E,TRUE,mf_var,Plain MF RF,2071-2100SSP585,2071-2100,SSP585,12393866,8501128.01140083,5,Top-5,888972,527115.996361478,0.0717267719370211,0.062005418063881
27,lariOlg-Zone27,lariOlg,Zone27,135,135,Two years three ripes or one year two ripes grain fields and deciduous orchards,#FFB703,TRUE,rf_var,Plain RF,2011-2040SSP245,2011-2040,SSP245,12393866,8501128.01140083,1,Top-1,957439,634751.89905656,0.0772510369242333,0.074666785184895
27,lariOlg-Zone27,lariOlg,Zone27,135,135,Two years three ripes or one year two ripes grain fields and deciduous orchards,#FFB703,TRUE,rf_var,Plain RF,2011-2040SSP245,2011-2040,SSP245,12393866,8501128.01140083,3,Top-3,1418531,938567.865793755,0.11445427923781,0.110405097362967
27,lariOlg-Zone27,lariOlg,Zone27,135,135,Two years three ripes or one year two ripes grain fields and deciduous orchards,#FFB703,TRUE,rf_var,Plain RF,2011-2040SSP245,2011-2040,SSP245,12393866,8501128.01140083,5,Top-5,1546652,1023244.44377055,0.12479173165177,0.120365725865824
27,lariOlg-Zone27,lariOlg,Zone27,135,135,Two years three ripes or one year two ripes grain fields and deciduous orchards,#FFB703,TRUE,rf_var,Plain RF,2041-2070SSP245,2041-2070,SSP245,12393866,8501128.01140083,1,Top-1,1039668,678891.625593275,0.0838856899049901,0.0798590051441192
27,lariOlg-Zone27,lariOlg,Zone27,135,135,Two years three ripes or one year two ripes grain fields and deciduous orchards,#FFB703,TRUE,rf_var,Plain RF,2041-2070SSP245,2041-2070,SSP245,12393866,8501128.01140083,3,Top-3,1526997,997000.99969489,0.123205866514936,0.117278671531333
27,lariOlg-Zone27,lariOlg,Zone27,135,135,Two years three ripes or one year two ripes grain fields and deciduous orchards,#FFB703,TRUE,rf_var,Plain RF,2041-2070SSP245,2041-2070,SSP245,12393866,8501128.01140083,5,Top-5,1635338,1068313.31027773,0.131947368157765,0.125667241905429
27,lariOlg-Zone27,lariOlg,Zone27,135,135,Two years three ripes or one year two ripes grain fields and deciduous orchards,#FFB703,TRUE,rf_var,Plain RF,2071-2100SSP245,2071-2100,SSP245,12393866,8501128.01140083,1,Top-1,1075509,696630.966219965,0.0867775236556535,0.0819457094735799
27,lariOlg-Zone27,lariOlg,Zone27,135,135,Two years three ripes or one year two ripes grain fields and deciduous orchards,#FFB703,TRUE,rf_var,Plain RF,2071-2100SSP245,2071-2100,SSP245,12393866,8501128.01140083,3,Top-3,1576411,1022545.84105474,0.127192838780087,0.12028354821659
27,lariOlg-Zone27,lariOlg,Zone27,135,135,Two years three ripes or one year two ripes grain fields and deciduous orchards,#FFB703,TRUE,rf_var,Plain RF,2071-2100SSP245,2071-2100,SSP245,12393866,8501128.01140083,5,Top-5,1668302,1082749.59325721,0.134607070949452,0.127365402780094
27,lariOlg-Zone27,lariOlg,Zone27,135,135,Two years three ripes or one year two ripes grain fields and deciduous orchards,#FFB703,TRUE,rf_var,Plain RF,2011-2040SSP585,2011-2040,SSP585,12393866,8501128.01140083,1,Top-1,962359,637243.795733766,0.0776480074901568,0.0749599106000004
27,lariOlg-Zone27,lariOlg,Zone27,135,135,Two years three ripes or one year two ripes grain fields and deciduous orchards,#FFB703,TRUE,rf_var,Plain RF,2011-2040SSP585,2011-2040,SSP585,12393866,8501128.01140083,3,Top-3,1426648,942597.106711101,0.115109199986509,0.110879062807546
27,lariOlg-Zone27,lariOlg,Zone27,135,135,Two years three ripes or one year two ripes grain fields and deciduous orchards,#FFB703,TRUE,rf_var,Plain RF,2011-2040SSP585,2011-2040,SSP585,12393866,8501128.01140083,5,Top-5,1551501,1025254.04276079,0.125182973577413,0.12060211790551
27,lariOlg-Zone27,lariOlg,Zone27,135,135,Two years three ripes or one year two ripes grain fields and deciduous orchards,#FFB703,TRUE,rf_var,Plain RF,2041-2070SSP585,2041-2070,SSP585,12393866,8501128.01140083,1,Top-1,1073744,697411.079387026,0.0866351144993822,0.0820374753152442
27,lariOlg-Zone27,lariOlg,Zone27,135,135,Two years three ripes or one year two ripes grain fields and deciduous orchards,#FFB703,TRUE,rf_var,Plain RF,2041-2070SSP585,2041-2070,SSP585,12393866,8501128.01140083,3,Top-3,1581519,1028169.83570571,0.127604978139993,0.120945106852507
27,lariOlg-Zone27,lariOlg,Zone27,135,135,Two years three ripes or one year two ripes grain fields and deciduous orchards,#FFB703,TRUE,rf_var,Plain RF,2041-2070SSP585,2041-2070,SSP585,12393866,8501128.01140083,5,Top-5,1677391,1091006.08041397,0.135340417590444,0.128336625322054
27,lariOlg-Zone27,lariOlg,Zone27,135,135,Two years three ripes or one year two ripes grain fields and deciduous orchards,#FFB703,TRUE,rf_var,Plain RF,2071-2100SSP585,2071-2100,SSP585,12393866,8501128.01140083,1,Top-1,1293381,835485.499991021,0.104356542179817,0.0982793693813991
27,lariOlg-Zone27,lariOlg,Zone27,135,135,Two years three ripes or one year two ripes grain fields and deciduous orchards,#FFB703,TRUE,rf_var,Plain RF,2071-2100SSP585,2071-2100,SSP585,12393866,8501128.01140083,3,Top-3,1699054,1095375.89795155,0.137088298356623,0.128850653287722
27,lariOlg-Zone27,lariOlg,Zone27,135,135,Two years three ripes or one year two ripes grain fields and deciduous orchards,#FFB703,TRUE,rf_var,Plain RF,2071-2100SSP585,2071-2100,SSP585,12393866,8501128.01140083,5,Top-5,1747919,1127489.12652265,0.141030974515942,0.132628178873507
27,lariOlg-Zone27,lariOlg,Zone27,135,135,Two years three ripes or one year two ripes grain fields and deciduous orchards,#FFB703,TRUE,mf_var,Plain MF RF,2011-2040SSP245,2011-2040,SSP245,12393866,8501128.01140083,1,Top-1,948539,628351.853190772,0.0765329397622985,0.0739139385206401
27,lariOlg-Zone27,lariOlg,Zone27,135,135,Two years three ripes or one year two ripes grain fields and deciduous orchards,#FFB703,TRUE,mf_var,Plain MF RF,2011-2040SSP245,2011-2040,SSP245,12393866,8501128.01140083,3,Top-3,1393398,922591.477319677,0.112426421263551,0.108525771648468
27,lariOlg-Zone27,lariOlg,Zone27,135,135,Two years three ripes or one year two ripes grain fields and deciduous orchards,#FFB703,TRUE,mf_var,Plain MF RF,2011-2040SSP245,2011-2040,SSP245,12393866,8501128.01140083,5,Top-5,1513792,1002729.86399537,0.122140420107818,0.117952566136001
27,lariOlg-Zone27,lariOlg,Zone27,135,135,Two years three ripes or one year two ripes grain fields and deciduous orchards,#FFB703,TRUE,mf_var,Plain MF RF,2041-2070SSP245,2041-2070,SSP245,12393866,8501128.01140083,1,Top-1,1026573,670476.114148739,0.0828291188560535,0.0788690763448764
27,lariOlg-Zone27,lariOlg,Zone27,135,135,Two years three ripes or one year two ripes grain fields and deciduous orchards,#FFB703,TRUE,mf_var,Plain MF RF,2041-2070SSP245,2041-2070,SSP245,12393866,8501128.01140083,3,Top-3,1520948,994163.895550802,0.122717802500043,0.116944938861941
27,lariOlg-Zone27,lariOlg,Zone27,135,135,Two years three ripes or one year two ripes grain fields and deciduous orchards,#FFB703,TRUE,mf_var,Plain MF RF,2041-2070SSP245,2041-2070,SSP245,12393866,8501128.01140083,5,Top-5,1624863,1062743.34430299,0.13110219200369,0.125012038740946
27,lariOlg-Zone27,lariOlg,Zone27,135,135,Two years three ripes or one year two ripes grain fields and deciduous orchards,#FFB703,TRUE,mf_var,Plain MF RF,2071-2100SSP245,2071-2100,SSP245,12393866,8501128.01140083,1,Top-1,1063384,689885.434155145,0.0857992171288604,0.0811522227673718
27,lariOlg-Zone27,lariOlg,Zone27,135,135,Two years three ripes or one year two ripes grain fields and deciduous orchards,#FFB703,TRUE,mf_var,Plain MF RF,2071-2100SSP245,2071-2100,SSP245,12393866,8501128.01140083,3,Top-3,1590504,1032487.09794714,0.128329933533249,0.121452952662573
27,lariOlg-Zone27,lariOlg,Zone27,135,135,Two years three ripes or one year two ripes grain fields and deciduous orchards,#FFB703,TRUE,mf_var,Plain MF RF,2071-2100SSP245,2071-2100,SSP245,12393866,8501128.01140083,5,Top-5,1688029,1096354.78977148,0.136198745411642,0.128965801750211
27,lariOlg-Zone27,lariOlg,Zone27,135,135,Two years three ripes or one year two ripes grain fields and deciduous orchards,#FFB703,TRUE,mf_var,Plain MF RF,2011-2040SSP585,2011-2040,SSP585,12393866,8501128.01140083,1,Top-1,947239,627103.253056806,0.0764280491656114,0.0737670638785582
27,lariOlg-Zone27,lariOlg,Zone27,135,135,Two years three ripes or one year two ripes grain fields and deciduous orchards,#FFB703,TRUE,mf_var,Plain MF RF,2011-2040SSP585,2011-2040,SSP585,12393866,8501128.01140083,3,Top-3,1404599,928636.292151518,0.113330174781622,0.109236831971725
27,lariOlg-Zone27,lariOlg,Zone27,135,135,Two years three ripes or one year two ripes grain fields and deciduous orchards,#FFB703,TRUE,mf_var,Plain MF RF,2011-2040SSP585,2011-2040,SSP585,12393866,8501128.01140083,5,Top-5,1521544,1006509.41305581,0.12276589080437,0.118397159965828
27,lariOlg-Zone27,lariOlg,Zone27,135,135,Two years three ripes or one year two ripes grain fields and deciduous orchards,#FFB703,TRUE,mf_var,Plain MF RF,2041-2070SSP585,2041-2070,SSP585,12393866,8501128.01140083,1,Top-1,1060734,689631.712698968,0.0855854016817674,0.0811223771450218
27,lariOlg-Zone27,lariOlg,Zone27,135,135,Two years three ripes or one year two ripes grain fields and deciduous orchards,#FFB703,TRUE,mf_var,Plain MF RF,2041-2070SSP585,2041-2070,SSP585,12393866,8501128.01140083,3,Top-3,1595903,1037905.50790029,0.128765552249798,0.122090328072741
27,lariOlg-Zone27,lariOlg,Zone27,135,135,Two years three ripes or one year two ripes grain fields and deciduous orchards,#FFB703,TRUE,mf_var,Plain MF RF,2041-2070SSP585,2041-2070,SSP585,12393866,8501128.01140083,5,Top-5,1692098,1101151.94520594,0.136527052979272,0.129530098091593
27,lariOlg-Zone27,lariOlg,Zone27,135,135,Two years three ripes or one year two ripes grain fields and deciduous orchards,#FFB703,TRUE,mf_var,Plain MF RF,2071-2100SSP585,2071-2100,SSP585,12393866,8501128.01140083,1,Top-1,1279402,828650.001850736,0.103228645525133,0.0974752998354379
27,lariOlg-Zone27,lariOlg,Zone27,135,135,Two years three ripes or one year two ripes grain fields and deciduous orchards,#FFB703,TRUE,mf_var,Plain MF RF,2071-2100SSP585,2071-2100,SSP585,12393866,8501128.01140083,3,Top-3,1695201,1093426.09710434,0.136777418765057,0.128621295390206
27,lariOlg-Zone27,lariOlg,Zone27,135,135,Two years three ripes or one year two ripes grain fields and deciduous orchards,#FFB703,TRUE,mf_var,Plain MF RF,2071-2100SSP585,2071-2100,SSP585,12393866,8501128.01140083,5,Top-5,1749268,1128840.86497047,0.141139818681273,0.13278718582482
2,pinuSyl-Zone2,pinuSyl,Zone2,1696,1696,Needleleaf forests in cold-temperate zone and on mountains in temperate zone,#005A32,TRUE,rf_var,Plain RF,2011-2040SSP245,2011-2040,SSP245,12393866,8501128.01140083,1,Top-1,113862,63115.6414976784,0.00918696393845149,0.00742438431853211
2,pinuSyl-Zone2,pinuSyl,Zone2,1696,1696,Needleleaf forests in cold-temperate zone and on mountains in temperate zone,#005A32,TRUE,rf_var,Plain RF,2011-2040SSP245,2011-2040,SSP245,12393866,8501128.01140083,3,Top-3,493824,285752.007313622,0.0398442261680092,0.0336134224693948
2,pinuSyl-Zone2,pinuSyl,Zone2,1696,1696,Needleleaf forests in cold-temperate zone and on mountains in temperate zone,#005A32,TRUE,rf_var,Plain RF,2011-2040SSP245,2011-2040,SSP245,12393866,8501128.01140083,5,Top-5,650248,380108.557169295,0.0524653082419965,0.0447127200836799
2,pinuSyl-Zone2,pinuSyl,Zone2,1696,1696,Needleleaf forests in cold-temperate zone and on mountains in temperate zone,#005A32,TRUE,rf_var,Plain RF,2041-2070SSP245,2041-2070,SSP245,12393866,8501128.01140083,1,Top-1,38730,23676.0911868362,0.00312493293053193,0.00278505289593149
2,pinuSyl-Zone2,pinuSyl,Zone2,1696,1696,Needleleaf forests in cold-temperate zone and on mountains in temperate zone,#005A32,TRUE,rf_var,Plain RF,2041-2070SSP245,2041-2070,SSP245,12393866,8501128.01140083,3,Top-3,387044,226688.801754575,0.0312286739262793,0.0266657320593882
2,pinuSyl-Zone2,pinuSyl,Zone2,1696,1696,Needleleaf forests in cold-temperate zone and on mountains in temperate zone,#005A32,TRUE,rf_var,Plain RF,2041-2070SSP245,2041-2070,SSP245,12393866,8501128.01140083,5,Top-5,497283,291878.721182389,0.0401233158402713,0.0343341166949787
2,pinuSyl-Zone2,pinuSyl,Zone2,1696,1696,Needleleaf forests in cold-temperate zone and on mountains in temperate zone,#005A32,TRUE,rf_var,Plain RF,2071-2100SSP245,2071-2100,SSP245,12393866,8501128.01140083,1,Top-1,43744,26316.4258046956,0.00352948789344665,0.00309563928097574
2,pinuSyl-Zone2,pinuSyl,Zone2,1696,1696,Needleleaf forests in cold-temperate zone and on mountains in temperate zone,#005A32,TRUE,rf_var,Plain RF,2071-2100SSP245,2071-2100,SSP245,12393866,8501128.01140083,3,Top-3,341541,199098.228814527,0.0275572609870076,0.0234202130055585
2,pinuSyl-Zone2,pinuSyl,Zone2,1696,1696,Needleleaf forests in cold-temperate zone and on mountains in temperate zone,#005A32,TRUE,rf_var,Plain RF,2071-2100SSP245,2071-2100,SSP245,12393866,8501128.01140083,5,Top-5,382293,224938.370942081,0.0308453391379252,0.0264598263477996
2,pinuSyl-Zone2,pinuSyl,Zone2,1696,1696,Needleleaf forests in cold-temperate zone and on mountains in temperate zone,#005A32,TRUE,rf_var,Plain RF,2011-2040SSP585,2011-2040,SSP585,12393866,8501128.01140083,1,Top-1,96817,54192.5465880227,0.00781168684573482,0.00637474774116391
2,pinuSyl-Zone2,pinuSyl,Zone2,1696,1696,Needleleaf forests in cold-temperate zone and on mountains in temperate zone,#005A32,TRUE,rf_var,Plain RF,2011-2040SSP585,2011-2040,SSP585,12393866,8501128.01140083,3,Top-3,496688,287547.593022366,0.0400753082210184,0.0338246398168263
2,pinuSyl-Zone2,pinuSyl,Zone2,1696,1696,Needleleaf forests in cold-temperate zone and on mountains in temperate zone,#005A32,TRUE,rf_var,Plain RF,2011-2040SSP585,2011-2040,SSP585,12393866,8501128.01140083,5,Top-5,643402,376278.545023051,0.0519129382228273,0.0442621902079847
2,pinuSyl-Zone2,pinuSyl,Zone2,1696,1696,Needleleaf forests in cold-temperate zone and on mountains in temperate zone,#005A32,TRUE,rf_var,Plain RF,2041-2070SSP585,2041-2070,SSP585,12393866,8501128.01140083,1,Top-1,38213,23315.0244226312,0.00308321874708021,0.00274258008953206
2,pinuSyl-Zone2,pinuSyl,Zone2,1696,1696,Needleleaf forests in cold-temperate zone and on mountains in temperate zone,#005A32,TRUE,rf_var,Plain RF,2041-2070SSP585,2041-2070,SSP585,12393866,8501128.01140083,3,Top-3,315337,185151.578679431,0.0254429892980931,0.0217796483515041
2,pinuSyl-Zone2,pinuSyl,Zone2,1696,1696,Needleleaf forests in cold-temperate zone and on mountains in temperate zone,#005A32,TRUE,rf_var,Plain RF,2041-2070SSP585,2041-2070,SSP585,12393866,8501128.01140083,5,Top-5,366477,216859.151886366,0.029569224001615,0.0255094561092995
2,pinuSyl-Zone2,pinuSyl,Zone2,1696,1696,Needleleaf forests in cold-temperate zone and on mountains in temperate zone,#005A32,TRUE,rf_var,Plain RF,2071-2100SSP585,2071-2100,SSP585,12393866,8501128.01140083,1,Top-1,26755,16124.7291848338,0.00215872916489496,0.00189677524714473
2,pinuSyl-Zone2,pinuSyl,Zone2,1696,1696,Needleleaf forests in cold-temperate zone and on mountains in temperate zone,#005A32,TRUE,rf_var,Plain RF,2071-2100SSP585,2071-2100,SSP585,12393866,8501128.01140083,3,Top-3,104819,63509.7357208403,0.00845732881088112,0.00747074219276167
2,pinuSyl-Zone2,pinuSyl,Zone2,1696,1696,Needleleaf forests in cold-temperate zone and on mountains in temperate zone,#005A32,TRUE,rf_var,Plain RF,2071-2100SSP585,2071-2100,SSP585,12393866,8501128.01140083,5,Top-5,122046,74813.6405131281,0.00984729058713399,0.0088004368847047
2,pinuSyl-Zone2,pinuSyl,Zone2,1696,1696,Needleleaf forests in cold-temperate zone and on mountains in temperate zone,#005A32,TRUE,mf_var,Plain MF RF,2011-2040SSP245,2011-2040,SSP245,12393866,8501128.01140083,1,Top-1,110512,61461.4985784107,0.00891666893929626,0.00722980509127552
2,pinuSyl-Zone2,pinuSyl,Zone2,1696,1696,Needleleaf forests in cold-temperate zone and on mountains in temperate zone,#005A32,TRUE,mf_var,Plain MF RF,2011-2040SSP245,2011-2040,SSP245,12393866,8501128.01140083,3,Top-3,490686,284236.127936271,0.0395910364046215,0.0334351073828183
2,pinuSyl-Zone2,pinuSyl,Zone2,1696,1696,Needleleaf forests in cold-temperate zone and on mountains in temperate zone,#005A32,TRUE,mf_var,Plain MF RF,2011-2040SSP245,2011-2040,SSP245,12393866,8501128.01140083,5,Top-5,641817,375972.696348069,0.0517850523799434,0.0442262127853919
2,pinuSyl-Zone2,pinuSyl,Zone2,1696,1696,Needleleaf forests in cold-temperate zone and on mountains in temperate zone,#005A32,TRUE,mf_var,Plain MF RF,2041-2070SSP245,2041-2070,SSP245,12393866,8501128.01140083,1,Top-1,36531,22371.1264894172,0.00294750645198197,0.00263154800861901
2,pinuSyl-Zone2,pinuSyl,Zone2,1696,1696,Needleleaf forests in cold-temperate zone and on mountains in temperate zone,#005A32,TRUE,mf_var,Plain MF RF,2041-2070SSP245,2041-2070,SSP245,12393866,8501128.01140083,3,Top-3,359224,210977.421588429,0.0289840151571753,0.0248175796559572
2,pinuSyl-Zone2,pinuSyl,Zone2,1696,1696,Needleleaf forests in cold-temperate zone and on mountains in temperate zone,#005A32,TRUE,mf_var,Plain MF RF,2041-2070SSP245,2041-2070,SSP245,12393866,8501128.01140083,5,Top-5,461304,272208.695026289,0.0372203475493442,0.0320203030305191
2,pinuSyl-Zone2,pinuSyl,Zone2,1696,1696,Needleleaf forests in cold-temperate zone and on mountains in temperate zone,#005A32,TRUE,mf_var,Plain MF RF,2071-2100SSP245,2071-2100,SSP245,12393866,8501128.01140083,1,Top-1,38824,23385.8038996029,0.00313251732752315,0.00275090598191678
2,pinuSyl-Zone2,pinuSyl,Zone2,1696,1696,Needleleaf forests in cold-temperate zone and on mountains in temperate zone,#005A32,TRUE,mf_var,Plain MF RF,2071-2100SSP245,2071-2100,SSP245,12393866,8501128.01140083,3,Top-3,312919,182586.530710382,0.0252478927882551,0.0214779180439956
2,pinuSyl-Zone2,pinuSyl,Zone2,1696,1696,Needleleaf forests in cold-temperate zone and on mountains in temperate zone,#005A32,TRUE,mf_var,Plain MF RF,2071-2100SSP245,2071-2100,SSP245,12393866,8501128.01140083,5,Top-5,356218,210488.463686652,0.028741475823605,0.0247600628298229
2,pinuSyl-Zone2,pinuSyl,Zone2,1696,1696,Needleleaf forests in cold-temperate zone and on mountains in temperate zone,#005A32,TRUE,mf_var,Plain MF RF,2011-2040SSP585,2011-2040,SSP585,12393866,8501128.01140083,1,Top-1,92684,52123.1014923388,0.0074782154333442,0.00613131591742139
2,pinuSyl-Zone2,pinuSyl,Zone2,1696,1696,Needleleaf forests in cold-temperate zone and on mountains in temperate zone,#005A32,TRUE,mf_var,Plain MF RF,2011-2040SSP585,2011-2040,SSP585,12393866,8501128.01140083,3,Top-3,489769,283930.138866846,0.0395170481914199,0.0333991134454238
2,pinuSyl-Zone2,pinuSyl,Zone2,1696,1696,Needleleaf forests in cold-temperate zone and on mountains in temperate zone,#005A32,TRUE,mf_var,Plain MF RF,2011-2040SSP585,2011-2040,SSP585,12393866,8501128.01140083,5,Top-5,632925,371073.553121276,0.0510676006986036,0.0436499194722901
2,pinuSyl-Zone2,pinuSyl,Zone2,1696,1696,Needleleaf forests in cold-temperate zone and on mountains in temperate zone,#005A32,TRUE,mf_var,Plain MF RF,2041-2070SSP585,2041-2070,SSP585,12393866,8501128.01140083,1,Top-1,38568,23346.5401417594,0.00311186194848323,0.00274628732921672
2,pinuSyl-Zone2,pinuSyl,Zone2,1696,1696,Needleleaf forests in cold-temperate zone and on mountains in temperate zone,#005A32,TRUE,mf_var,Plain MF RF,2041-2070SSP585,2041-2070,SSP585,12393866,8501128.01140083,3,Top-3,296106,174053.447975417,0.0238913346327934,0.0204741591635833
2,pinuSyl-Zone2,pinuSyl,Zone2,1696,1696,Needleleaf forests in cold-temperate zone and on mountains in temperate zone,#005A32,TRUE,mf_var,Plain MF RF,2041-2070SSP585,2041-2070,SSP585,12393866,8501128.01140083,5,Top-5,343439,204151.487409263,0.0277104012581708,0.0240146351325938
2,pinuSyl-Zone2,pinuSyl,Zone2,1696,1696,Needleleaf forests in cold-temperate zone and on mountains in temperate zone,#005A32,TRUE,mf_var,Plain MF RF,2071-2100SSP585,2071-2100,SSP585,12393866,8501128.01140083,1,Top-1,22045,13373.2068532624,0.00177870246459014,0.00157310969030553
2,pinuSyl-Zone2,pinuSyl,Zone2,1696,1696,Needleleaf forests in cold-temperate zone and on mountains in temperate zone,#005A32,TRUE,mf_var,Plain MF RF,2071-2100SSP585,2071-2100,SSP585,12393866,8501128.01140083,3,Top-3,100253,60767.0300775225,0.00808892076128627,0.00714811375573078
2,pinuSyl-Zone2,pinuSyl,Zone2,1696,1696,Needleleaf forests in cold-temperate zone and on mountains in temperate zone,#005A32,TRUE,mf_var,Plain MF RF,2071-2100SSP585,2071-2100,SSP585,12393866,8501128.01140083,5,Top-5,117634,72570.5040804989,0.00949130803899284,0.0085365734974435
3,pinuSyl-Zone3,pinuSyl,Zone3,33,33,Broadleaf deciduous forests in temperate zone,#33A02C,TRUE,rf_var,Plain RF,2011-2040SSP245,2011-2040,SSP245,12393866,8501128.01140083,1,Top-1,464597,285110.19273948,0.03748604349926,0.0335379248915108
3,pinuSyl-Zone3,pinuSyl,Zone3,33,33,Broadleaf deciduous forests in temperate zone,#33A02C,TRUE,rf_var,Plain RF,2011-2040SSP245,2011-2040,SSP245,12393866,8501128.01140083,3,Top-3,1043841,650362.609125005,0.0842223887203557,0.076503095618935
3,pinuSyl-Zone3,pinuSyl,Zone3,33,33,Broadleaf deciduous forests in temperate zone,#33A02C,TRUE,rf_var,Plain RF,2011-2040SSP245,2011-2040,SSP245,12393866,8501128.01140083,5,Top-5,1364973,854196.977497454,0.11013294802445,0.100480427579951
3,pinuSyl-Zone3,pinuSyl,Zone3,33,33,Broadleaf deciduous forests in temperate zone,#33A02C,TRUE,rf_var,Plain RF,2041-2070SSP245,2041-2070,SSP245,12393866,8501128.01140083,1,Top-1,452763,271632.094911422,0.0365312163291099,0.0319524767239285
3,pinuSyl-Zone3,pinuSyl,Zone3,33,33,Broadleaf deciduous forests in temperate zone,#33A02C,TRUE,rf_var,Plain RF,2041-2070SSP245,2041-2070,SSP245,12393866,8501128.01140083,3,Top-3,978384,598883.210999804,0.0789409858070113,0.0704474994608531
3,pinuSyl-Zone3,pinuSyl,Zone3,33,33,Broadleaf deciduous forests in temperate zone,#33A02C,TRUE,rf_var,Plain RF,2041-2070SSP245,2041-2070,SSP245,12393866,8501128.01140083,5,Top-5,1197848,746828.28150673,0.0966484549695793,0.0878504923705609
3,pinuSyl-Zone3,pinuSyl,Zone3,33,33,Broadleaf deciduous forests in temperate zone,#33A02C,TRUE,rf_var,Plain RF,2071-2100SSP245,2071-2100,SSP245,12393866,8501128.01140083,1,Top-1,461225,277213.485590234,0.0372139734284686,0.0326090237928971
3,pinuSyl-Zone3,pinuSyl,Zone3,33,33,Broadleaf deciduous forests in temperate zone,#33A02C,TRUE,rf_var,Plain RF,2071-2100SSP245,2071-2100,SSP245,12393866,8501128.01140083,3,Top-3,949287,582518.101763601,0.0765932921979308,0.0685224479601281
3,pinuSyl-Zone3,pinuSyl,Zone3,33,33,Broadleaf deciduous forests in temperate zone,#33A02C,TRUE,rf_var,Plain RF,2071-2100SSP245,2071-2100,SSP245,12393866,8501128.01140083,5,Top-5,1118256,697025.602387899,0.0902265685299486,0.081992131097558
3,pinuSyl-Zone3,pinuSyl,Zone3,33,33,Broadleaf deciduous forests in temperate zone,#33A02C,TRUE,rf_var,Plain RF,2011-2040SSP585,2011-2040,SSP585,12393866,8501128.01140083,1,Top-1,461589,282806.507289548,0.037243342795541,0.0332669390356524
3,pinuSyl-Zone3,pinuSyl,Zone3,33,33,Broadleaf deciduous forests in temperate zone,#33A02C,TRUE,rf_var,Plain RF,2011-2040SSP585,2011-2040,SSP585,12393866,8501128.01140083,3,Top-3,1034716,643166.983597266,0.0834861374166866,0.0756566637668221
3,pinuSyl-Zone3,pinuSyl,Zone3,33,33,Broadleaf deciduous forests in temperate zone,#33A02C,TRUE,rf_var,Plain RF,2011-2040SSP585,2011-2040,SSP585,12393866,8501128.01140083,5,Top-5,1350011,844345.577223345,0.108925737941656,0.0993215930981154
3,pinuSyl-Zone3,pinuSyl,Zone3,33,33,Broadleaf deciduous forests in temperate zone,#33A02C,TRUE,rf_var,Plain RF,2041-2070SSP585,2041-2070,SSP585,12393866,8501128.01140083,1,Top-1,429988,258855.543342417,0.0346936137602262,0.0304495524588345
3,pinuSyl-Zone3,pinuSyl,Zone3,33,33,Broadleaf deciduous forests in temperate zone,#33A02C,TRUE,rf_var,Plain RF,2041-2070SSP585,2041-2070,SSP585,12393866,8501128.01140083,3,Top-3,899058,552576.954113135,0.0725405615971643,0.06500042739882
3,pinuSyl-Zone3,pinuSyl,Zone3,33,33,Broadleaf deciduous forests in temperate zone,#33A02C,TRUE,rf_var,Plain RF,2041-2070SSP585,2041-2070,SSP585,12393866,8501128.01140083,5,Top-5,1079812,674943.002182181,0.0871247115306879,0.0793945228535575
3,pinuSyl-Zone3,pinuSyl,Zone3,33,33,Broadleaf deciduous forests in temperate zone,#33A02C,TRUE,rf_var,Plain RF,2071-2100SSP585,2071-2100,SSP585,12393866,8501128.01140083,1,Top-1,358944,221810.404449178,0.0289614233363504,0.0260918791190662
3,pinuSyl-Zone3,pinuSyl,Zone3,33,33,Broadleaf deciduous forests in temperate zone,#33A02C,TRUE,rf_var,Plain RF,2071-2100SSP585,2071-2100,SSP585,12393866,8501128.01140083,3,Top-3,694514,438270.028335231,0.0560369137442667,0.0515543381710602
3,pinuSyl-Zone3,pinuSyl,Zone3,33,33,Broadleaf deciduous forests in temperate zone,#33A02C,TRUE,rf_var,Plain RF,2071-2100SSP585,2071-2100,SSP585,12393866,8501128.01140083,5,Top-5,784614,499382.838647492,0.0633066389454267,0.0587431265565901
3,pinuSyl-Zone3,pinuSyl,Zone3,33,33,Broadleaf deciduous forests in temperate zone,#33A02C,TRUE,mf_var,Plain MF RF,2011-2040SSP245,2011-2040,SSP245,12393866,8501128.01140083,1,Top-1,461865,283631.433829458,0.0372656118760684,0.033363976339267
3,pinuSyl-Zone3,pinuSyl,Zone3,33,33,Broadleaf deciduous forests in temperate zone,#33A02C,TRUE,mf_var,Plain MF RF,2011-2040SSP245,2011-2040,SSP245,12393866,8501128.01140083,3,Top-3,1048317,653280.233499131,0.0845835351132568,0.0768462999996024
3,pinuSyl-Zone3,pinuSyl,Zone3,33,33,Broadleaf deciduous forests in temperate zone,#33A02C,TRUE,mf_var,Plain MF RF,2011-2040SSP245,2011-2040,SSP245,12393866,8501128.01140083,5,Top-5,1370809,857697.855499619,0.110603826118501,0.100892240929599
3,pinuSyl-Zone3,pinuSyl,Zone3,33,33,Broadleaf deciduous forests in temperate zone,#33A02C,TRUE,mf_var,Plain MF RF,2041-2070SSP245,2041-2070,SSP245,12393866,8501128.01140083,1,Top-1,440869,265453.674592307,0.0355715480544973,0.0312257001937046
3,pinuSyl-Zone3,pinuSyl,Zone3,33,33,Broadleaf deciduous forests in temperate zone,#33A02C,TRUE,mf_var,Plain MF RF,2041-2070SSP245,2041-2070,SSP245,12393866,8501128.01140083,3,Top-3,990499,605985.493476436,0.0799184854830607,0.0712829512346774
3,pinuSyl-Zone3,pinuSyl,Zone3,33,33,Broadleaf deciduous forests in temperate zone,#33A02C,TRUE,mf_var,Plain MF RF,2041-2070SSP245,2041-2070,SSP245,12393866,8501128.01140083,5,Top-5,1205946,751507.261395186,0.0973018427018656,0.0884008875513158
3,pinuSyl-Zone3,pinuSyl,Zone3,33,33,Broadleaf deciduous forests in temperate zone,#33A02C,TRUE,mf_var,Plain MF RF,2071-2100SSP245,2071-2100,SSP245,12393866,8501128.01140083,1,Top-1,469512,282414.815500005,0.0378826106398117,0.0332208637631688
3,pinuSyl-Zone3,pinuSyl,Zone3,33,33,Broadleaf deciduous forests in temperate zone,#33A02C,TRUE,mf_var,Plain MF RF,2071-2100SSP245,2071-2100,SSP245,12393866,8501128.01140083,3,Top-3,956489,586027.999714912,0.0771743861035774,0.068935322339458
3,pinuSyl-Zone3,pinuSyl,Zone3,33,33,Broadleaf deciduous forests in temperate zone,#33A02C,TRUE,mf_var,Plain MF RF,2071-2100SSP245,2071-2100,SSP245,12393866,8501128.01140083,5,Top-5,1121721,698311.205460189,0.0905061423126569,0.0821433584488654
3,pinuSyl-Zone3,pinuSyl,Zone3,33,33,Broadleaf deciduous forests in temperate zone,#33A02C,TRUE,mf_var,Plain MF RF,2011-2040SSP585,2011-2040,SSP585,12393866,8501128.01140083,1,Top-1,462022,283092.671954753,0.0372782794327452,0.0333006009996671
3,pinuSyl-Zone3,pinuSyl,Zone3,33,33,Broadleaf deciduous forests in temperate zone,#33A02C,TRUE,mf_var,Plain MF RF,2011-2040SSP585,2011-2040,SSP585,12393866,8501128.01140083,3,Top-3,1042368,648030.649922601,0.0841035396058018,0.076228783880625
3,pinuSyl-Zone3,pinuSyl,Zone3,33,33,Broadleaf deciduous forests in temperate zone,#33A02C,TRUE,mf_var,Plain MF RF,2011-2040SSP585,2011-2040,SSP585,12393866,8501128.01140083,5,Top-5,1358536,849716.610984574,0.1096135782007,0.0999533955782129
3,pinuSyl-Zone3,pinuSyl,Zone3,33,33,Broadleaf deciduous forests in temperate zone,#33A02C,TRUE,mf_var,Plain MF RF,2041-2070SSP585,2041-2070,SSP585,12393866,8501128.01140083,1,Top-1,421656,254872.376314642,0.0340213457205363,0.0299810067526137
3,pinuSyl-Zone3,pinuSyl,Zone3,33,33,Broadleaf deciduous forests in temperate zone,#33A02C,TRUE,mf_var,Plain MF RF,2041-2070SSP585,2041-2070,SSP585,12393866,8501128.01140083,3,Top-3,906143,556414.72174868,0.073112215349109,0.0654518695639536
3,pinuSyl-Zone3,pinuSyl,Zone3,33,33,Broadleaf deciduous forests in temperate zone,#33A02C,TRUE,mf_var,Plain MF RF,2041-2070SSP585,2041-2070,SSP585,12393866,8501128.01140083,5,Top-5,1080800,674944.395809317,0.08720442838417,0.0793946867879359
3,pinuSyl-Zone3,pinuSyl,Zone3,33,33,Broadleaf deciduous forests in temperate zone,#33A02C,TRUE,mf_var,Plain MF RF,2071-2100SSP585,2071-2100,SSP585,12393866,8501128.01140083,1,Top-1,369042,227732.563541856,0.0297761812173861,0.0267885112700861
3,pinuSyl-Zone3,pinuSyl,Zone3,33,33,Broadleaf deciduous forests in temperate zone,#33A02C,TRUE,mf_var,Plain MF RF,2071-2100SSP585,2071-2100,SSP585,12393866,8501128.01140083,3,Top-3,680596,428831.164466811,0.0549139388791197,0.0504440309440943
3,pinuSyl-Zone3,pinuSyl,Zone3,33,33,Broadleaf deciduous forests in temperate zone,#33A02C,TRUE,mf_var,Plain MF RF,2071-2100SSP585,2071-2100,SSP585,12393866,8501128.01140083,5,Top-5,765012,486243.864003226,0.061725050117534,0.0571975699402627
5,pinuSyl-Zone5,pinuSyl,Zone5,10,10,Grass and forb meadows,#B8DE29,TRUE,rf_var,Plain RF,2011-2040SSP245,2011-2040,SSP245,12393866,8501128.01140083,1,Top-1,192571,111820.237882714,0.0155376054574093,0.0131535765292267
5,pinuSyl-Zone5,pinuSyl,Zone5,10,10,Grass and forb meadows,#B8DE29,TRUE,rf_var,Plain RF,2011-2040SSP245,2011-2040,SSP245,12393866,8501128.01140083,3,Top-3,806433,466964.681165826,0.0650671065832082,0.0549297317414326
5,pinuSyl-Zone5,pinuSyl,Zone5,10,10,Grass and forb meadows,#B8DE29,TRUE,rf_var,Plain RF,2011-2040SSP245,2011-2040,SSP245,12393866,8501128.01140083,5,Top-5,1019518,606476.471288213,0.08225988565634,0.0713407056657504
5,pinuSyl-Zone5,pinuSyl,Zone5,10,10,Grass and forb meadows,#B8DE29,TRUE,rf_var,Plain RF,2041-2070SSP245,2041-2070,SSP245,12393866,8501128.01140083,1,Top-1,227955,127970.031004655,0.0183925661290835,0.015053300083593
5,pinuSyl-Zone5,pinuSyl,Zone5,10,10,Grass and forb meadows,#B8DE29,TRUE,rf_var,Plain RF,2041-2070SSP245,2041-2070,SSP245,12393866,8501128.01140083,3,Top-3,638201,366431.60241107,0.0514932951510045,0.0431038800874013
5,pinuSyl-Zone5,pinuSyl,Zone5,10,10,Grass and forb meadows,#B8DE29,TRUE,rf_var,Plain RF,2041-2070SSP245,2041-2070,SSP245,12393866,8501128.01140083,5,Top-5,800748,476169.083396189,0.064608411935388,0.0560124589063476
5,pinuSyl-Zone5,pinuSyl,Zone5,10,10,Grass and forb meadows,#B8DE29,TRUE,rf_var,Plain RF,2071-2100SSP245,2071-2100,SSP245,12393866,8501128.01140083,1,Top-1,172250,95682.0726016032,0.0138980040610412,0.0112552207746177
5,pinuSyl-Zone5,pinuSyl,Zone5,10,10,Grass and forb meadows,#B8DE29,TRUE,rf_var,Plain RF,2071-2100SSP245,2071-2100,SSP245,12393866,8501128.01140083,3,Top-3,511638,292759.717778982,0.0412815500829201,0.0344377496005663
5,pinuSyl-Zone5,pinuSyl,Zone5,10,10,Grass and forb meadows,#B8DE29,TRUE,rf_var,Plain RF,2071-2100SSP245,2071-2100,SSP245,12393866,8501128.01140083,5,Top-5,651437,387425.043186765,0.052561242795428,0.0455733689302397
5,pinuSyl-Zone5,pinuSyl,Zone5,10,10,Grass and forb meadows,#B8DE29,TRUE,rf_var,Plain RF,2011-2040SSP585,2011-2040,SSP585,12393866,8501128.01140083,1,Top-1,208087,119839.304135999,0.0167895150714071,0.0140968709064589
5,pinuSyl-Zone5,pinuSyl,Zone5,10,10,Grass and forb meadows,#B8DE29,TRUE,rf_var,Plain RF,2011-2040SSP585,2011-2040,SSP585,12393866,8501128.01140083,3,Top-3,814865,471112.826952934,0.0657474431303356,0.0554176841380492
5,pinuSyl-Zone5,pinuSyl,Zone5,10,10,Grass and forb meadows,#B8DE29,TRUE,rf_var,Plain RF,2011-2040SSP585,2011-2040,SSP585,12393866,8501128.01140083,5,Top-5,1012533,601437.75111855,0.0816963004118328,0.0707479937147122
5,pinuSyl-Zone5,pinuSyl,Zone5,10,10,Grass and forb meadows,#B8DE29,TRUE,rf_var,Plain RF,2041-2070SSP585,2041-2070,SSP585,12393866,8501128.01140083,1,Top-1,196402,109258.629485258,0.0158467099773388,0.0128522508235062
5,pinuSyl-Zone5,pinuSyl,Zone5,10,10,Grass and forb meadows,#B8DE29,TRUE,rf_var,Plain RF,2041-2070SSP585,2041-2070,SSP585,12393866,8501128.01140083,3,Top-3,553380,317132.838423457,0.0446495064574686,0.0373047950810941
5,pinuSyl-Zone5,pinuSyl,Zone5,10,10,Grass and forb meadows,#B8DE29,TRUE,rf_var,Plain RF,2041-2070SSP585,2041-2070,SSP585,12393866,8501128.01140083,5,Top-5,691516,411647.373251573,0.0557950198912914,0.0484226766964942
5,pinuSyl-Zone5,pinuSyl,Zone5,10,10,Grass and forb meadows,#B8DE29,TRUE,rf_var,Plain RF,2071-2100SSP585,2071-2100,SSP585,12393866,8501128.01140083,1,Top-1,66919,38191.0515690112,0.0053993644920802,0.00449246870742252
5,pinuSyl-Zone5,pinuSyl,Zone5,10,10,Grass and forb meadows,#B8DE29,TRUE,rf_var,Plain RF,2071-2100SSP585,2071-2100,SSP585,12393866,8501128.01140083,3,Top-3,209543,123159.699216353,0.0169069925396967,0.0144874537886247
5,pinuSyl-Zone5,pinuSyl,Zone5,10,10,Grass and forb meadows,#B8DE29,TRUE,rf_var,Plain RF,2071-2100SSP585,2071-2100,SSP585,12393866,8501128.01140083,5,Top-5,272442,167535.529559103,0.0219820030327906,0.0197074469804973
5,pinuSyl-Zone5,pinuSyl,Zone5,10,10,Grass and forb meadows,#B8DE29,TRUE,mf_var,Plain MF RF,2011-2040SSP245,2011-2040,SSP245,12393866,8501128.01140083,1,Top-1,207669,119921.266773665,0.0167557887103185,0.0141065122902324
5,pinuSyl-Zone5,pinuSyl,Zone5,10,10,Grass and forb meadows,#B8DE29,TRUE,mf_var,Plain MF RF,2011-2040SSP245,2011-2040,SSP245,12393866,8501128.01140083,3,Top-3,819806,474804.276929825,0.066146108082821,0.0558519147450863
5,pinuSyl-Zone5,pinuSyl,Zone5,10,10,Grass and forb meadows,#B8DE29,TRUE,mf_var,Plain MF RF,2011-2040SSP245,2011-2040,SSP245,12393866,8501128.01140083,5,Top-5,1028285,611560.368558657,0.082967251703383,0.0719387318645826
5,pinuSyl-Zone5,pinuSyl,Zone5,10,10,Grass and forb meadows,#B8DE29,TRUE,mf_var,Plain MF RF,2041-2070SSP245,2041-2070,SSP245,12393866,8501128.01140083,1,Top-1,245101,136930.790344893,0.0197759924143121,0.0161073671824792
5,pinuSyl-Zone5,pinuSyl,Zone5,10,10,Grass and forb meadows,#B8DE29,TRUE,mf_var,Plain MF RF,2041-2070SSP245,2041-2070,SSP245,12393866,8501128.01140083,3,Top-3,649572,372762.190378776,0.0524107651317192,0.0438485563185105
5,pinuSyl-Zone5,pinuSyl,Zone5,10,10,Grass and forb meadows,#B8DE29,TRUE,mf_var,Plain MF RF,2041-2070SSP245,2041-2070,SSP245,12393866,8501128.01140083,5,Top-5,791439,469600.744035557,0.063857314578034,0.0552398156345579
5,pinuSyl-Zone5,pinuSyl,Zone5,10,10,Grass and forb meadows,#B8DE29,TRUE,mf_var,Plain MF RF,2071-2100SSP245,2071-2100,SSP245,12393866,8501128.01140083,1,Top-1,176872,97937.4651125191,0.014270930474801,0.011520525862118
5,pinuSyl-Zone5,pinuSyl,Zone5,10,10,Grass and forb meadows,#B8DE29,TRUE,mf_var,Plain MF RF,2071-2100SSP245,2071-2100,SSP245,12393866,8501128.01140083,3,Top-3,483010,275417.810669791,0.0389716977737213,0.0323977959513643
5,pinuSyl-Zone5,pinuSyl,Zone5,10,10,Grass and forb meadows,#B8DE29,TRUE,mf_var,Plain MF RF,2071-2100SSP245,2071-2100,SSP245,12393866,8501128.01140083,5,Top-5,601493,356685.133882237,0.0485315074408582,0.0419573888787333
5,pinuSyl-Zone5,pinuSyl,Zone5,10,10,Grass and forb meadows,#B8DE29,TRUE,mf_var,Plain MF RF,2011-2040SSP585,2011-2040,SSP585,12393866,8501128.01140083,1,Top-1,220122,126244.18682849,0.0177605599415065,0.0148502865336441
5,pinuSyl-Zone5,pinuSyl,Zone5,10,10,Grass and forb meadows,#B8DE29,TRUE,mf_var,Plain MF RF,2011-2040SSP585,2011-2040,SSP585,12393866,8501128.01140083,3,Top-3,832234,481138.401157786,0.0671488621871497,0.0565970069516108
5,pinuSyl-Zone5,pinuSyl,Zone5,10,10,Grass and forb meadows,#B8DE29,TRUE,mf_var,Plain MF RF,2011-2040SSP585,2011-2040,SSP585,12393866,8501128.01140083,5,Top-5,1020417,605843.159344729,0.0823324215382029,0.071266208264625
5,pinuSyl-Zone5,pinuSyl,Zone5,10,10,Grass and forb meadows,#B8DE29,TRUE,mf_var,Plain MF RF,2041-2070SSP585,2041-2070,SSP585,12393866,8501128.01140083,1,Top-1,208165,115278.240993944,0.0167958085072083,0.0135603464433596
5,pinuSyl-Zone5,pinuSyl,Zone5,10,10,Grass and forb meadows,#B8DE29,TRUE,mf_var,Plain MF RF,2041-2070SSP585,2041-2070,SSP585,12393866,8501128.01140083,3,Top-3,526129,300544.172905001,0.0424507574956838,0.0353534463311153
5,pinuSyl-Zone5,pinuSyl,Zone5,10,10,Grass and forb meadows,#B8DE29,TRUE,mf_var,Plain MF RF,2041-2070SSP585,2041-2070,SSP585,12393866,8501128.01140083,5,Top-5,649212,385524.994889254,0.0523817185049443,0.0453498634972004
5,pinuSyl-Zone5,pinuSyl,Zone5,10,10,Grass and forb meadows,#B8DE29,TRUE,mf_var,Plain MF RF,2071-2100SSP585,2071-2100,SSP585,12393866,8501128.01140083,1,Top-1,55389,31869.9289029414,0.00446906558453997,0.00374890589345329
5,pinuSyl-Zone5,pinuSyl,Zone5,10,10,Grass and forb meadows,#B8DE29,TRUE,mf_var,Plain MF RF,2071-2100SSP585,2071-2100,SSP585,12393866,8501128.01140083,3,Top-3,180405,106486.562631454,0.0145559908425668,0.0125261685847625
5,pinuSyl-Zone5,pinuSyl,Zone5,10,10,Grass and forb meadows,#B8DE29,TRUE,mf_var,Plain MF RF,2071-2100SSP585,2071-2100,SSP585,12393866,8501128.01140083,5,Top-5,236567,146871.376872377,0.0190874259895984,0.017276692772466
27,pinuSyl-Zone27,pinuSyl,Zone27,10,10,Two years three ripes or one year two ripes grain fields and deciduous orchards,#FFB703,TRUE,rf_var,Plain RF,2011-2040SSP245,2011-2040,SSP245,12393866,8501128.01140083,1,Top-1,957439,634751.89905656,0.0772510369242333,0.074666785184895
27,pinuSyl-Zone27,pinuSyl,Zone27,10,10,Two years three ripes or one year two ripes grain fields and deciduous orchards,#FFB703,TRUE,rf_var,Plain RF,2011-2040SSP245,2011-2040,SSP245,12393866,8501128.01140083,3,Top-3,1418531,938567.865793755,0.11445427923781,0.110405097362967
27,pinuSyl-Zone27,pinuSyl,Zone27,10,10,Two years three ripes or one year two ripes grain fields and deciduous orchards,#FFB703,TRUE,rf_var,Plain RF,2011-2040SSP245,2011-2040,SSP245,12393866,8501128.01140083,5,Top-5,1546652,1023244.44377055,0.12479173165177,0.120365725865824
27,pinuSyl-Zone27,pinuSyl,Zone27,10,10,Two years three ripes or one year two ripes grain fields and deciduous orchards,#FFB703,TRUE,rf_var,Plain RF,2041-2070SSP245,2041-2070,SSP245,12393866,8501128.01140083,1,Top-1,1039668,678891.625593275,0.0838856899049901,0.0798590051441192
27,pinuSyl-Zone27,pinuSyl,Zone27,10,10,Two years three ripes or one year two ripes grain fields and deciduous orchards,#FFB703,TRUE,rf_var,Plain RF,2041-2070SSP245,2041-2070,SSP245,12393866,8501128.01140083,3,Top-3,1526997,997000.99969489,0.123205866514936,0.117278671531333
27,pinuSyl-Zone27,pinuSyl,Zone27,10,10,Two years three ripes or one year two ripes grain fields and deciduous orchards,#FFB703,TRUE,rf_var,Plain RF,2041-2070SSP245,2041-2070,SSP245,12393866,8501128.01140083,5,Top-5,1635338,1068313.31027773,0.131947368157765,0.125667241905429
27,pinuSyl-Zone27,pinuSyl,Zone27,10,10,Two years three ripes or one year two ripes grain fields and deciduous orchards,#FFB703,TRUE,rf_var,Plain RF,2071-2100SSP245,2071-2100,SSP245,12393866,8501128.01140083,1,Top-1,1075509,696630.966219965,0.0867775236556535,0.0819457094735799
27,pinuSyl-Zone27,pinuSyl,Zone27,10,10,Two years three ripes or one year two ripes grain fields and deciduous orchards,#FFB703,TRUE,rf_var,Plain RF,2071-2100SSP245,2071-2100,SSP245,12393866,8501128.01140083,3,Top-3,1576411,1022545.84105474,0.127192838780087,0.12028354821659
27,pinuSyl-Zone27,pinuSyl,Zone27,10,10,Two years three ripes or one year two ripes grain fields and deciduous orchards,#FFB703,TRUE,rf_var,Plain RF,2071-2100SSP245,2071-2100,SSP245,12393866,8501128.01140083,5,Top-5,1668302,1082749.59325721,0.134607070949452,0.127365402780094
27,pinuSyl-Zone27,pinuSyl,Zone27,10,10,Two years three ripes or one year two ripes grain fields and deciduous orchards,#FFB703,TRUE,rf_var,Plain RF,2011-2040SSP585,2011-2040,SSP585,12393866,8501128.01140083,1,Top-1,962359,637243.795733766,0.0776480074901568,0.0749599106000004
27,pinuSyl-Zone27,pinuSyl,Zone27,10,10,Two years three ripes or one year two ripes grain fields and deciduous orchards,#FFB703,TRUE,rf_var,Plain RF,2011-2040SSP585,2011-2040,SSP585,12393866,8501128.01140083,3,Top-3,1426648,942597.106711101,0.115109199986509,0.110879062807546
27,pinuSyl-Zone27,pinuSyl,Zone27,10,10,Two years three ripes or one year two ripes grain fields and deciduous orchards,#FFB703,TRUE,rf_var,Plain RF,2011-2040SSP585,2011-2040,SSP585,12393866,8501128.01140083,5,Top-5,1551501,1025254.04276079,0.125182973577413,0.12060211790551
27,pinuSyl-Zone27,pinuSyl,Zone27,10,10,Two years three ripes or one year two ripes grain fields and deciduous orchards,#FFB703,TRUE,rf_var,Plain RF,2041-2070SSP585,2041-2070,SSP585,12393866,8501128.01140083,1,Top-1,1073744,697411.079387026,0.0866351144993822,0.0820374753152442
27,pinuSyl-Zone27,pinuSyl,Zone27,10,10,Two years three ripes or one year two ripes grain fields and deciduous orchards,#FFB703,TRUE,rf_var,Plain RF,2041-2070SSP585,2041-2070,SSP585,12393866,8501128.01140083,3,Top-3,1581519,1028169.83570571,0.127604978139993,0.120945106852507
27,pinuSyl-Zone27,pinuSyl,Zone27,10,10,Two years three ripes or one year two ripes grain fields and deciduous orchards,#FFB703,TRUE,rf_var,Plain RF,2041-2070SSP585,2041-2070,SSP585,12393866,8501128.01140083,5,Top-5,1677391,1091006.08041397,0.135340417590444,0.128336625322054
27,pinuSyl-Zone27,pinuSyl,Zone27,10,10,Two years three ripes or one year two ripes grain fields and deciduous orchards,#FFB703,TRUE,rf_var,Plain RF,2071-2100SSP585,2071-2100,SSP585,12393866,8501128.01140083,1,Top-1,1293381,835485.499991021,0.104356542179817,0.0982793693813991
27,pinuSyl-Zone27,pinuSyl,Zone27,10,10,Two years three ripes or one year two ripes grain fields and deciduous orchards,#FFB703,TRUE,rf_var,Plain RF,2071-2100SSP585,2071-2100,SSP585,12393866,8501128.01140083,3,Top-3,1699054,1095375.89795155,0.137088298356623,0.128850653287722
27,pinuSyl-Zone27,pinuSyl,Zone27,10,10,Two years three ripes or one year two ripes grain fields and deciduous orchards,#FFB703,TRUE,rf_var,Plain RF,2071-2100SSP585,2071-2100,SSP585,12393866,8501128.01140083,5,Top-5,1747919,1127489.12652265,0.141030974515942,0.132628178873507
27,pinuSyl-Zone27,pinuSyl,Zone27,10,10,Two years three ripes or one year two ripes grain fields and deciduous orchards,#FFB703,TRUE,mf_var,Plain MF RF,2011-2040SSP245,2011-2040,SSP245,12393866,8501128.01140083,1,Top-1,948539,628351.853190772,0.0765329397622985,0.0739139385206401
27,pinuSyl-Zone27,pinuSyl,Zone27,10,10,Two years three ripes or one year two ripes grain fields and deciduous orchards,#FFB703,TRUE,mf_var,Plain MF RF,2011-2040SSP245,2011-2040,SSP245,12393866,8501128.01140083,3,Top-3,1393398,922591.477319677,0.112426421263551,0.108525771648468
27,pinuSyl-Zone27,pinuSyl,Zone27,10,10,Two years three ripes or one year two ripes grain fields and deciduous orchards,#FFB703,TRUE,mf_var,Plain MF RF,2011-2040SSP245,2011-2040,SSP245,12393866,8501128.01140083,5,Top-5,1513792,1002729.86399537,0.122140420107818,0.117952566136001
27,pinuSyl-Zone27,pinuSyl,Zone27,10,10,Two years three ripes or one year two ripes grain fields and deciduous orchards,#FFB703,TRUE,mf_var,Plain MF RF,2041-2070SSP245,2041-2070,SSP245,12393866,8501128.01140083,1,Top-1,1026573,670476.114148739,0.0828291188560535,0.0788690763448764
27,pinuSyl-Zone27,pinuSyl,Zone27,10,10,Two years three ripes or one year two ripes grain fields and deciduous orchards,#FFB703,TRUE,mf_var,Plain MF RF,2041-2070SSP245,2041-2070,SSP245,12393866,8501128.01140083,3,Top-3,1520948,994163.895550802,0.122717802500043,0.116944938861941
27,pinuSyl-Zone27,pinuSyl,Zone27,10,10,Two years three ripes or one year two ripes grain fields and deciduous orchards,#FFB703,TRUE,mf_var,Plain MF RF,2041-2070SSP245,2041-2070,SSP245,12393866,8501128.01140083,5,Top-5,1624863,1062743.34430299,0.13110219200369,0.125012038740946
27,pinuSyl-Zone27,pinuSyl,Zone27,10,10,Two years three ripes or one year two ripes grain fields and deciduous orchards,#FFB703,TRUE,mf_var,Plain MF RF,2071-2100SSP245,2071-2100,SSP245,12393866,8501128.01140083,1,Top-1,1063384,689885.434155145,0.0857992171288604,0.0811522227673718
27,pinuSyl-Zone27,pinuSyl,Zone27,10,10,Two years three ripes or one year two ripes grain fields and deciduous orchards,#FFB703,TRUE,mf_var,Plain MF RF,2071-2100SSP245,2071-2100,SSP245,12393866,8501128.01140083,3,Top-3,1590504,1032487.09794714,0.128329933533249,0.121452952662573
27,pinuSyl-Zone27,pinuSyl,Zone27,10,10,Two years three ripes or one year two ripes grain fields and deciduous orchards,#FFB703,TRUE,mf_var,Plain MF RF,2071-2100SSP245,2071-2100,SSP245,12393866,8501128.01140083,5,Top-5,1688029,1096354.78977148,0.136198745411642,0.128965801750211
27,pinuSyl-Zone27,pinuSyl,Zone27,10,10,Two years three ripes or one year two ripes grain fields and deciduous orchards,#FFB703,TRUE,mf_var,Plain MF RF,2011-2040SSP585,2011-2040,SSP585,12393866,8501128.01140083,1,Top-1,947239,627103.253056806,0.0764280491656114,0.0737670638785582
27,pinuSyl-Zone27,pinuSyl,Zone27,10,10,Two years three ripes or one year two ripes grain fields and deciduous orchards,#FFB703,TRUE,mf_var,Plain MF RF,2011-2040SSP585,2011-2040,SSP585,12393866,8501128.01140083,3,Top-3,1404599,928636.292151518,0.113330174781622,0.109236831971725
27,pinuSyl-Zone27,pinuSyl,Zone27,10,10,Two years three ripes or one year two ripes grain fields and deciduous orchards,#FFB703,TRUE,mf_var,Plain MF RF,2011-2040SSP585,2011-2040,SSP585,12393866,8501128.01140083,5,Top-5,1521544,1006509.41305581,0.12276589080437,0.118397159965828
27,pinuSyl-Zone27,pinuSyl,Zone27,10,10,Two years three ripes or one year two ripes grain fields and deciduous orchards,#FFB703,TRUE,mf_var,Plain MF RF,2041-2070SSP585,2041-2070,SSP585,12393866,8501128.01140083,1,Top-1,1060734,689631.712698968,0.0855854016817674,0.0811223771450218
27,pinuSyl-Zone27,pinuSyl,Zone27,10,10,Two years three ripes or one year two ripes grain fields and deciduous orchards,#FFB703,TRUE,mf_var,Plain MF RF,2041-2070SSP585,2041-2070,SSP585,12393866,8501128.01140083,3,Top-3,1595903,1037905.50790029,0.128765552249798,0.122090328072741
27,pinuSyl-Zone27,pinuSyl,Zone27,10,10,Two years three ripes or one year two ripes grain fields and deciduous orchards,#FFB703,TRUE,mf_var,Plain MF RF,2041-2070SSP585,2041-2070,SSP585,12393866,8501128.01140083,5,Top-5,1692098,1101151.94520594,0.136527052979272,0.129530098091593
27,pinuSyl-Zone27,pinuSyl,Zone27,10,10,Two years three ripes or one year two ripes grain fields and deciduous orchards,#FFB703,TRUE,mf_var,Plain MF RF,2071-2100SSP585,2071-2100,SSP585,12393866,8501128.01140083,1,Top-1,1279402,828650.001850736,0.103228645525133,0.0974752998354379
27,pinuSyl-Zone27,pinuSyl,Zone27,10,10,Two years three ripes or one year two ripes grain fields and deciduous orchards,#FFB703,TRUE,mf_var,Plain MF RF,2071-2100SSP585,2071-2100,SSP585,12393866,8501128.01140083,3,Top-3,1695201,1093426.09710434,0.136777418765057,0.128621295390206
27,pinuSyl-Zone27,pinuSyl,Zone27,10,10,Two years three ripes or one year two ripes grain fields and deciduous orchards,#FFB703,TRUE,mf_var,Plain MF RF,2071-2100SSP585,2071-2100,SSP585,12393866,8501128.01140083,5,Top-5,1749268,1128840.86497047,0.141139818681273,0.13278718582482
3,querVar-Zone3,querVar,Zone3,20658,20658,Broadleaf deciduous forests in temperate zone,#33A02C,TRUE,rf_var,Plain RF,2011-2040SSP245,2011-2040,SSP245,12393866,8501128.01140083,1,Top-1,464597,285110.19273948,0.03748604349926,0.0335379248915108
3,querVar-Zone3,querVar,Zone3,20658,20658,Broadleaf deciduous forests in temperate zone,#33A02C,TRUE,rf_var,Plain RF,2011-2040SSP245,2011-2040,SSP245,12393866,8501128.01140083,3,Top-3,1043841,650362.609125005,0.0842223887203557,0.076503095618935
3,querVar-Zone3,querVar,Zone3,20658,20658,Broadleaf deciduous forests in temperate zone,#33A02C,TRUE,rf_var,Plain RF,2011-2040SSP245,2011-2040,SSP245,12393866,8501128.01140083,5,Top-5,1364973,854196.977497454,0.11013294802445,0.100480427579951
3,querVar-Zone3,querVar,Zone3,20658,20658,Broadleaf deciduous forests in temperate zone,#33A02C,TRUE,rf_var,Plain RF,2041-2070SSP245,2041-2070,SSP245,12393866,8501128.01140083,1,Top-1,452763,271632.094911422,0.0365312163291099,0.0319524767239285
3,querVar-Zone3,querVar,Zone3,20658,20658,Broadleaf deciduous forests in temperate zone,#33A02C,TRUE,rf_var,Plain RF,2041-2070SSP245,2041-2070,SSP245,12393866,8501128.01140083,3,Top-3,978384,598883.210999804,0.0789409858070113,0.0704474994608531
3,querVar-Zone3,querVar,Zone3,20658,20658,Broadleaf deciduous forests in temperate zone,#33A02C,TRUE,rf_var,Plain RF,2041-2070SSP245,2041-2070,SSP245,12393866,8501128.01140083,5,Top-5,1197848,746828.28150673,0.0966484549695793,0.0878504923705609
3,querVar-Zone3,querVar,Zone3,20658,20658,Broadleaf deciduous forests in temperate zone,#33A02C,TRUE,rf_var,Plain RF,2071-2100SSP245,2071-2100,SSP245,12393866,8501128.01140083,1,Top-1,461225,277213.485590234,0.0372139734284686,0.0326090237928971
3,querVar-Zone3,querVar,Zone3,20658,20658,Broadleaf deciduous forests in temperate zone,#33A02C,TRUE,rf_var,Plain RF,2071-2100SSP245,2071-2100,SSP245,12393866,8501128.01140083,3,Top-3,949287,582518.101763601,0.0765932921979308,0.0685224479601281
3,querVar-Zone3,querVar,Zone3,20658,20658,Broadleaf deciduous forests in temperate zone,#33A02C,TRUE,rf_var,Plain RF,2071-2100SSP245,2071-2100,SSP245,12393866,8501128.01140083,5,Top-5,1118256,697025.602387899,0.0902265685299486,0.081992131097558
3,querVar-Zone3,querVar,Zone3,20658,20658,Broadleaf deciduous forests in temperate zone,#33A02C,TRUE,rf_var,Plain RF,2011-2040SSP585,2011-2040,SSP585,12393866,8501128.01140083,1,Top-1,461589,282806.507289548,0.037243342795541,0.0332669390356524
3,querVar-Zone3,querVar,Zone3,20658,20658,Broadleaf deciduous forests in temperate zone,#33A02C,TRUE,rf_var,Plain RF,2011-2040SSP585,2011-2040,SSP585,12393866,8501128.01140083,3,Top-3,1034716,643166.983597266,0.0834861374166866,0.0756566637668221
3,querVar-Zone3,querVar,Zone3,20658,20658,Broadleaf deciduous forests in temperate zone,#33A02C,TRUE,rf_var,Plain RF,2011-2040SSP585,2011-2040,SSP585,12393866,8501128.01140083,5,Top-5,1350011,844345.577223345,0.108925737941656,0.0993215930981154
3,querVar-Zone3,querVar,Zone3,20658,20658,Broadleaf deciduous forests in temperate zone,#33A02C,TRUE,rf_var,Plain RF,2041-2070SSP585,2041-2070,SSP585,12393866,8501128.01140083,1,Top-1,429988,258855.543342417,0.0346936137602262,0.0304495524588345
3,querVar-Zone3,querVar,Zone3,20658,20658,Broadleaf deciduous forests in temperate zone,#33A02C,TRUE,rf_var,Plain RF,2041-2070SSP585,2041-2070,SSP585,12393866,8501128.01140083,3,Top-3,899058,552576.954113135,0.0725405615971643,0.06500042739882
3,querVar-Zone3,querVar,Zone3,20658,20658,Broadleaf deciduous forests in temperate zone,#33A02C,TRUE,rf_var,Plain RF,2041-2070SSP585,2041-2070,SSP585,12393866,8501128.01140083,5,Top-5,1079812,674943.002182181,0.0871247115306879,0.0793945228535575
3,querVar-Zone3,querVar,Zone3,20658,20658,Broadleaf deciduous forests in temperate zone,#33A02C,TRUE,rf_var,Plain RF,2071-2100SSP585,2071-2100,SSP585,12393866,8501128.01140083,1,Top-1,358944,221810.404449178,0.0289614233363504,0.0260918791190662
3,querVar-Zone3,querVar,Zone3,20658,20658,Broadleaf deciduous forests in temperate zone,#33A02C,TRUE,rf_var,Plain RF,2071-2100SSP585,2071-2100,SSP585,12393866,8501128.01140083,3,Top-3,694514,438270.028335231,0.0560369137442667,0.0515543381710602
3,querVar-Zone3,querVar,Zone3,20658,20658,Broadleaf deciduous forests in temperate zone,#33A02C,TRUE,rf_var,Plain RF,2071-2100SSP585,2071-2100,SSP585,12393866,8501128.01140083,5,Top-5,784614,499382.838647492,0.0633066389454267,0.0587431265565901
3,querVar-Zone3,querVar,Zone3,20658,20658,Broadleaf deciduous forests in temperate zone,#33A02C,TRUE,mf_var,Plain MF RF,2011-2040SSP245,2011-2040,SSP245,12393866,8501128.01140083,1,Top-1,461865,283631.433829458,0.0372656118760684,0.033363976339267
3,querVar-Zone3,querVar,Zone3,20658,20658,Broadleaf deciduous forests in temperate zone,#33A02C,TRUE,mf_var,Plain MF RF,2011-2040SSP245,2011-2040,SSP245,12393866,8501128.01140083,3,Top-3,1048317,653280.233499131,0.0845835351132568,0.0768462999996024
3,querVar-Zone3,querVar,Zone3,20658,20658,Broadleaf deciduous forests in temperate zone,#33A02C,TRUE,mf_var,Plain MF RF,2011-2040SSP245,2011-2040,SSP245,12393866,8501128.01140083,5,Top-5,1370809,857697.855499619,0.110603826118501,0.100892240929599
3,querVar-Zone3,querVar,Zone3,20658,20658,Broadleaf deciduous forests in temperate zone,#33A02C,TRUE,mf_var,Plain MF RF,2041-2070SSP245,2041-2070,SSP245,12393866,8501128.01140083,1,Top-1,440869,265453.674592307,0.0355715480544973,0.0312257001937046
3,querVar-Zone3,querVar,Zone3,20658,20658,Broadleaf deciduous forests in temperate zone,#33A02C,TRUE,mf_var,Plain MF RF,2041-2070SSP245,2041-2070,SSP245,12393866,8501128.01140083,3,Top-3,990499,605985.493476436,0.0799184854830607,0.0712829512346774
3,querVar-Zone3,querVar,Zone3,20658,20658,Broadleaf deciduous forests in temperate zone,#33A02C,TRUE,mf_var,Plain MF RF,2041-2070SSP245,2041-2070,SSP245,12393866,8501128.01140083,5,Top-5,1205946,751507.261395186,0.0973018427018656,0.0884008875513158
3,querVar-Zone3,querVar,Zone3,20658,20658,Broadleaf deciduous forests in temperate zone,#33A02C,TRUE,mf_var,Plain MF RF,2071-2100SSP245,2071-2100,SSP245,12393866,8501128.01140083,1,Top-1,469512,282414.815500005,0.0378826106398117,0.0332208637631688
3,querVar-Zone3,querVar,Zone3,20658,20658,Broadleaf deciduous forests in temperate zone,#33A02C,TRUE,mf_var,Plain MF RF,2071-2100SSP245,2071-2100,SSP245,12393866,8501128.01140083,3,Top-3,956489,586027.999714912,0.0771743861035774,0.068935322339458
3,querVar-Zone3,querVar,Zone3,20658,20658,Broadleaf deciduous forests in temperate zone,#33A02C,TRUE,mf_var,Plain MF RF,2071-2100SSP245,2071-2100,SSP245,12393866,8501128.01140083,5,Top-5,1121721,698311.205460189,0.0905061423126569,0.0821433584488654
3,querVar-Zone3,querVar,Zone3,20658,20658,Broadleaf deciduous forests in temperate zone,#33A02C,TRUE,mf_var,Plain MF RF,2011-2040SSP585,2011-2040,SSP585,12393866,8501128.01140083,1,Top-1,462022,283092.671954753,0.0372782794327452,0.0333006009996671
3,querVar-Zone3,querVar,Zone3,20658,20658,Broadleaf deciduous forests in temperate zone,#33A02C,TRUE,mf_var,Plain MF RF,2011-2040SSP585,2011-2040,SSP585,12393866,8501128.01140083,3,Top-3,1042368,648030.649922601,0.0841035396058018,0.076228783880625
3,querVar-Zone3,querVar,Zone3,20658,20658,Broadleaf deciduous forests in temperate zone,#33A02C,TRUE,mf_var,Plain MF RF,2011-2040SSP585,2011-2040,SSP585,12393866,8501128.01140083,5,Top-5,1358536,849716.610984574,0.1096135782007,0.0999533955782129
3,querVar-Zone3,querVar,Zone3,20658,20658,Broadleaf deciduous forests in temperate zone,#33A02C,TRUE,mf_var,Plain MF RF,2041-2070SSP585,2041-2070,SSP585,12393866,8501128.01140083,1,Top-1,421656,254872.376314642,0.0340213457205363,0.0299810067526137
3,querVar-Zone3,querVar,Zone3,20658,20658,Broadleaf deciduous forests in temperate zone,#33A02C,TRUE,mf_var,Plain MF RF,2041-2070SSP585,2041-2070,SSP585,12393866,8501128.01140083,3,Top-3,906143,556414.72174868,0.073112215349109,0.0654518695639536
3,querVar-Zone3,querVar,Zone3,20658,20658,Broadleaf deciduous forests in temperate zone,#33A02C,TRUE,mf_var,Plain MF RF,2041-2070SSP585,2041-2070,SSP585,12393866,8501128.01140083,5,Top-5,1080800,674944.395809317,0.08720442838417,0.0793946867879359
3,querVar-Zone3,querVar,Zone3,20658,20658,Broadleaf deciduous forests in temperate zone,#33A02C,TRUE,mf_var,Plain MF RF,2071-2100SSP585,2071-2100,SSP585,12393866,8501128.01140083,1,Top-1,369042,227732.563541856,0.0297761812173861,0.0267885112700861
3,querVar-Zone3,querVar,Zone3,20658,20658,Broadleaf deciduous forests in temperate zone,#33A02C,TRUE,mf_var,Plain MF RF,2071-2100SSP585,2071-2100,SSP585,12393866,8501128.01140083,3,Top-3,680596,428831.164466811,0.0549139388791197,0.0504440309440943
3,querVar-Zone3,querVar,Zone3,20658,20658,Broadleaf deciduous forests in temperate zone,#33A02C,TRUE,mf_var,Plain MF RF,2071-2100SSP585,2071-2100,SSP585,12393866,8501128.01140083,5,Top-5,765012,486243.864003226,0.061725050117534,0.0571975699402627
5,querVar-Zone5,querVar,Zone5,26,26,Grass and forb meadows,#B8DE29,TRUE,rf_var,Plain RF,2011-2040SSP245,2011-2040,SSP245,12393866,8501128.01140083,1,Top-1,192571,111820.237882714,0.0155376054574093,0.0131535765292267
5,querVar-Zone5,querVar,Zone5,26,26,Grass and forb meadows,#B8DE29,TRUE,rf_var,Plain RF,2011-2040SSP245,2011-2040,SSP245,12393866,8501128.01140083,3,Top-3,806433,466964.681165826,0.0650671065832082,0.0549297317414326
5,querVar-Zone5,querVar,Zone5,26,26,Grass and forb meadows,#B8DE29,TRUE,rf_var,Plain RF,2011-2040SSP245,2011-2040,SSP245,12393866,8501128.01140083,5,Top-5,1019518,606476.471288213,0.08225988565634,0.0713407056657504
5,querVar-Zone5,querVar,Zone5,26,26,Grass and forb meadows,#B8DE29,TRUE,rf_var,Plain RF,2041-2070SSP245,2041-2070,SSP245,12393866,8501128.01140083,1,Top-1,227955,127970.031004655,0.0183925661290835,0.015053300083593
5,querVar-Zone5,querVar,Zone5,26,26,Grass and forb meadows,#B8DE29,TRUE,rf_var,Plain RF,2041-2070SSP245,2041-2070,SSP245,12393866,8501128.01140083,3,Top-3,638201,366431.60241107,0.0514932951510045,0.0431038800874013
5,querVar-Zone5,querVar,Zone5,26,26,Grass and forb meadows,#B8DE29,TRUE,rf_var,Plain RF,2041-2070SSP245,2041-2070,SSP245,12393866,8501128.01140083,5,Top-5,800748,476169.083396189,0.064608411935388,0.0560124589063476
5,querVar-Zone5,querVar,Zone5,26,26,Grass and forb meadows,#B8DE29,TRUE,rf_var,Plain RF,2071-2100SSP245,2071-2100,SSP245,12393866,8501128.01140083,1,Top-1,172250,95682.0726016032,0.0138980040610412,0.0112552207746177
5,querVar-Zone5,querVar,Zone5,26,26,Grass and forb meadows,#B8DE29,TRUE,rf_var,Plain RF,2071-2100SSP245,2071-2100,SSP245,12393866,8501128.01140083,3,Top-3,511638,292759.717778982,0.0412815500829201,0.0344377496005663
5,querVar-Zone5,querVar,Zone5,26,26,Grass and forb meadows,#B8DE29,TRUE,rf_var,Plain RF,2071-2100SSP245,2071-2100,SSP245,12393866,8501128.01140083,5,Top-5,651437,387425.043186765,0.052561242795428,0.0455733689302397
5,querVar-Zone5,querVar,Zone5,26,26,Grass and forb meadows,#B8DE29,TRUE,rf_var,Plain RF,2011-2040SSP585,2011-2040,SSP585,12393866,8501128.01140083,1,Top-1,208087,119839.304135999,0.0167895150714071,0.0140968709064589
5,querVar-Zone5,querVar,Zone5,26,26,Grass and forb meadows,#B8DE29,TRUE,rf_var,Plain RF,2011-2040SSP585,2011-2040,SSP585,12393866,8501128.01140083,3,Top-3,814865,471112.826952934,0.0657474431303356,0.0554176841380492
5,querVar-Zone5,querVar,Zone5,26,26,Grass and forb meadows,#B8DE29,TRUE,rf_var,Plain RF,2011-2040SSP585,2011-2040,SSP585,12393866,8501128.01140083,5,Top-5,1012533,601437.75111855,0.0816963004118328,0.0707479937147122
5,querVar-Zone5,querVar,Zone5,26,26,Grass and forb meadows,#B8DE29,TRUE,rf_var,Plain RF,2041-2070SSP585,2041-2070,SSP585,12393866,8501128.01140083,1,Top-1,196402,109258.629485258,0.0158467099773388,0.0128522508235062
5,querVar-Zone5,querVar,Zone5,26,26,Grass and forb meadows,#B8DE29,TRUE,rf_var,Plain RF,2041-2070SSP585,2041-2070,SSP585,12393866,8501128.01140083,3,Top-3,553380,317132.838423457,0.0446495064574686,0.0373047950810941
5,querVar-Zone5,querVar,Zone5,26,26,Grass and forb meadows,#B8DE29,TRUE,rf_var,Plain RF,2041-2070SSP585,2041-2070,SSP585,12393866,8501128.01140083,5,Top-5,691516,411647.373251573,0.0557950198912914,0.0484226766964942
5,querVar-Zone5,querVar,Zone5,26,26,Grass and forb meadows,#B8DE29,TRUE,rf_var,Plain RF,2071-2100SSP585,2071-2100,SSP585,12393866,8501128.01140083,1,Top-1,66919,38191.0515690112,0.0053993644920802,0.00449246870742252
5,querVar-Zone5,querVar,Zone5,26,26,Grass and forb meadows,#B8DE29,TRUE,rf_var,Plain RF,2071-2100SSP585,2071-2100,SSP585,12393866,8501128.01140083,3,Top-3,209543,123159.699216353,0.0169069925396967,0.0144874537886247
5,querVar-Zone5,querVar,Zone5,26,26,Grass and forb meadows,#B8DE29,TRUE,rf_var,Plain RF,2071-2100SSP585,2071-2100,SSP585,12393866,8501128.01140083,5,Top-5,272442,167535.529559103,0.0219820030327906,0.0197074469804973
5,querVar-Zone5,querVar,Zone5,26,26,Grass and forb meadows,#B8DE29,TRUE,mf_var,Plain MF RF,2011-2040SSP245,2011-2040,SSP245,12393866,8501128.01140083,1,Top-1,207669,119921.266773665,0.0167557887103185,0.0141065122902324
5,querVar-Zone5,querVar,Zone5,26,26,Grass and forb meadows,#B8DE29,TRUE,mf_var,Plain MF RF,2011-2040SSP245,2011-2040,SSP245,12393866,8501128.01140083,3,Top-3,819806,474804.276929825,0.066146108082821,0.0558519147450863
5,querVar-Zone5,querVar,Zone5,26,26,Grass and forb meadows,#B8DE29,TRUE,mf_var,Plain MF RF,2011-2040SSP245,2011-2040,SSP245,12393866,8501128.01140083,5,Top-5,1028285,611560.368558657,0.082967251703383,0.0719387318645826
5,querVar-Zone5,querVar,Zone5,26,26,Grass and forb meadows,#B8DE29,TRUE,mf_var,Plain MF RF,2041-2070SSP245,2041-2070,SSP245,12393866,8501128.01140083,1,Top-1,245101,136930.790344893,0.0197759924143121,0.0161073671824792
5,querVar-Zone5,querVar,Zone5,26,26,Grass and forb meadows,#B8DE29,TRUE,mf_var,Plain MF RF,2041-2070SSP245,2041-2070,SSP245,12393866,8501128.01140083,3,Top-3,649572,372762.190378776,0.0524107651317192,0.0438485563185105
5,querVar-Zone5,querVar,Zone5,26,26,Grass and forb meadows,#B8DE29,TRUE,mf_var,Plain MF RF,2041-2070SSP245,2041-2070,SSP245,12393866,8501128.01140083,5,Top-5,791439,469600.744035557,0.063857314578034,0.0552398156345579
5,querVar-Zone5,querVar,Zone5,26,26,Grass and forb meadows,#B8DE29,TRUE,mf_var,Plain MF RF,2071-2100SSP245,2071-2100,SSP245,12393866,8501128.01140083,1,Top-1,176872,97937.4651125191,0.014270930474801,0.011520525862118
5,querVar-Zone5,querVar,Zone5,26,26,Grass and forb meadows,#B8DE29,TRUE,mf_var,Plain MF RF,2071-2100SSP245,2071-2100,SSP245,12393866,8501128.01140083,3,Top-3,483010,275417.810669791,0.0389716977737213,0.0323977959513643
5,querVar-Zone5,querVar,Zone5,26,26,Grass and forb meadows,#B8DE29,TRUE,mf_var,Plain MF RF,2071-2100SSP245,2071-2100,SSP245,12393866,8501128.01140083,5,Top-5,601493,356685.133882237,0.0485315074408582,0.0419573888787333
5,querVar-Zone5,querVar,Zone5,26,26,Grass and forb meadows,#B8DE29,TRUE,mf_var,Plain MF RF,2011-2040SSP585,2011-2040,SSP585,12393866,8501128.01140083,1,Top-1,220122,126244.18682849,0.0177605599415065,0.0148502865336441
5,querVar-Zone5,querVar,Zone5,26,26,Grass and forb meadows,#B8DE29,TRUE,mf_var,Plain MF RF,2011-2040SSP585,2011-2040,SSP585,12393866,8501128.01140083,3,Top-3,832234,481138.401157786,0.0671488621871497,0.0565970069516108
5,querVar-Zone5,querVar,Zone5,26,26,Grass and forb meadows,#B8DE29,TRUE,mf_var,Plain MF RF,2011-2040SSP585,2011-2040,SSP585,12393866,8501128.01140083,5,Top-5,1020417,605843.159344729,0.0823324215382029,0.071266208264625
5,querVar-Zone5,querVar,Zone5,26,26,Grass and forb meadows,#B8DE29,TRUE,mf_var,Plain MF RF,2041-2070SSP585,2041-2070,SSP585,12393866,8501128.01140083,1,Top-1,208165,115278.240993944,0.0167958085072083,0.0135603464433596
5,querVar-Zone5,querVar,Zone5,26,26,Grass and forb meadows,#B8DE29,TRUE,mf_var,Plain MF RF,2041-2070SSP585,2041-2070,SSP585,12393866,8501128.01140083,3,Top-3,526129,300544.172905001,0.0424507574956838,0.0353534463311153
5,querVar-Zone5,querVar,Zone5,26,26,Grass and forb meadows,#B8DE29,TRUE,mf_var,Plain MF RF,2041-2070SSP585,2041-2070,SSP585,12393866,8501128.01140083,5,Top-5,649212,385524.994889254,0.0523817185049443,0.0453498634972004
5,querVar-Zone5,querVar,Zone5,26,26,Grass and forb meadows,#B8DE29,TRUE,mf_var,Plain MF RF,2071-2100SSP585,2071-2100,SSP585,12393866,8501128.01140083,1,Top-1,55389,31869.9289029414,0.00446906558453997,0.00374890589345329
5,querVar-Zone5,querVar,Zone5,26,26,Grass and forb meadows,#B8DE29,TRUE,mf_var,Plain MF RF,2071-2100SSP585,2071-2100,SSP585,12393866,8501128.01140083,3,Top-3,180405,106486.562631454,0.0145559908425668,0.0125261685847625
5,querVar-Zone5,querVar,Zone5,26,26,Grass and forb meadows,#B8DE29,TRUE,mf_var,Plain MF RF,2071-2100SSP585,2071-2100,SSP585,12393866,8501128.01140083,5,Top-5,236567,146871.376872377,0.0190874259895984,0.017276692772466
7,querVar-Zone7,querVar,Zone7,368,368,Deciduous scrubs in temperate zone,#C77DFF,TRUE,rf_var,Plain RF,2011-2040SSP245,2011-2040,SSP245,12393866,8501128.01140083,1,Top-1,234864,154116.874344455,0.0189500193079383,0.0181289911336201
7,querVar-Zone7,querVar,Zone7,368,368,Deciduous scrubs in temperate zone,#C77DFF,TRUE,rf_var,Plain RF,2011-2040SSP245,2011-2040,SSP245,12393866,8501128.01140083,3,Top-3,862636,567368.89404171,0.0696018498182891,0.0667404247154982
7,querVar-Zone7,querVar,Zone7,368,368,Deciduous scrubs in temperate zone,#C77DFF,TRUE,rf_var,Plain RF,2011-2040SSP245,2011-2040,SSP245,12393866,8501128.01140083,5,Top-5,1177402,777119.376502312,0.0949987679389143,0.0914136777448969
7,querVar-Zone7,querVar,Zone7,368,368,Deciduous scrubs in temperate zone,#C77DFF,TRUE,rf_var,Plain RF,2041-2070SSP245,2041-2070,SSP245,12393866,8501128.01140083,1,Top-1,256030,167241.286045414,0.0206577995921531,0.0196728346898349
7,querVar-Zone7,querVar,Zone7,368,368,Deciduous scrubs in temperate zone,#C77DFF,TRUE,rf_var,Plain RF,2041-2070SSP245,2041-2070,SSP245,12393866,8501128.01140083,3,Top-3,769095,506122.995540601,0.0620544872762058,0.0595359809735651
7,querVar-Zone7,querVar,Zone7,368,368,Deciduous scrubs in temperate zone,#C77DFF,TRUE,rf_var,Plain RF,2041-2070SSP245,2041-2070,SSP245,12393866,8501128.01140083,5,Top-5,1033666,683642.38542879,0.0834014180885932,0.0804178439040043
7,querVar-Zone7,querVar,Zone7,368,368,Deciduous scrubs in temperate zone,#C77DFF,TRUE,rf_var,Plain RF,2071-2100SSP245,2071-2100,SSP245,12393866,8501128.01140083,1,Top-1,233951,153007.368365041,0.0188763538350342,0.0179984783383856
7,querVar-Zone7,querVar,Zone7,368,368,Deciduous scrubs in temperate zone,#C77DFF,TRUE,rf_var,Plain RF,2071-2100SSP245,2071-2100,SSP245,12393866,8501128.01140083,3,Top-3,658468,433778.595233472,0.0531285395533565,0.0510260043904448
7,querVar-Zone7,querVar,Zone7,368,368,Deciduous scrubs in temperate zone,#C77DFF,TRUE,rf_var,Plain RF,2071-2100SSP245,2071-2100,SSP245,12393866,8501128.01140083,5,Top-5,868919,575059.378191839,0.0701087941405854,0.067645067504057
7,querVar-Zone7,querVar,Zone7,368,368,Deciduous scrubs in temperate zone,#C77DFF,TRUE,rf_var,Plain RF,2011-2040SSP585,2011-2040,SSP585,12393866,8501128.01140083,1,Top-1,240658,157720.188303856,0.0194175086288653,0.0185528541732742
7,querVar-Zone7,querVar,Zone7,368,368,Deciduous scrubs in temperate zone,#C77DFF,TRUE,rf_var,Plain RF,2011-2040SSP585,2011-2040,SSP585,12393866,8501128.01140083,3,Top-3,856764,563657.92196866,0.0691280670615609,0.0663038976960163
7,querVar-Zone7,querVar,Zone7,368,368,Deciduous scrubs in temperate zone,#C77DFF,TRUE,rf_var,Plain RF,2011-2040SSP585,2011-2040,SSP585,12393866,8501128.01140083,5,Top-5,1168645,771616.086702585,0.0942922087426151,0.0907663177954471
7,querVar-Zone7,querVar,Zone7,368,368,Deciduous scrubs in temperate zone,#C77DFF,TRUE,rf_var,Plain RF,2041-2070SSP585,2041-2070,SSP585,12393866,8501128.01140083,1,Top-1,237919,155616.32284032,0.019196512210153,0.0183053734318108
7,querVar-Zone7,querVar,Zone7,368,368,Deciduous scrubs in temperate zone,#C77DFF,TRUE,rf_var,Plain RF,2041-2070SSP585,2041-2070,SSP585,12393866,8501128.01140083,3,Top-3,662013,436124.591625067,0.0534145681420148,0.0513019673436493
7,querVar-Zone7,querVar,Zone7,368,368,Deciduous scrubs in temperate zone,#C77DFF,TRUE,rf_var,Plain RF,2041-2070SSP585,2041-2070,SSP585,12393866,8501128.01140083,5,Top-5,872437,577776.516437604,0.0703926442322355,0.067964688411085
7,querVar-Zone7,querVar,Zone7,368,368,Deciduous scrubs in temperate zone,#C77DFF,TRUE,rf_var,Plain RF,2071-2100SSP585,2071-2100,SSP585,12393866,8501128.01140083,1,Top-1,151761,99669.9941668286,0.012244847572178,0.0117243257639647
7,querVar-Zone7,querVar,Zone7,368,368,Deciduous scrubs in temperate zone,#C77DFF,TRUE,rf_var,Plain RF,2071-2100SSP585,2071-2100,SSP585,12393866,8501128.01140083,3,Top-3,448104,297373.18000512,0.0361553045675982,0.0349804378438149
7,querVar-Zone7,querVar,Zone7,368,368,Deciduous scrubs in temperate zone,#C77DFF,TRUE,rf_var,Plain RF,2071-2100SSP585,2071-2100,SSP585,12393866,8501128.01140083,5,Top-5,528045,351612.474602465,0.0426053500981857,0.0413606846210196
7,querVar-Zone7,querVar,Zone7,368,368,Deciduous scrubs in temperate zone,#C77DFF,TRUE,mf_var,Plain MF RF,2011-2040SSP245,2011-2040,SSP245,12393866,8501128.01140083,1,Top-1,235290,154347.65893979,0.0189843911496219,0.0181561386598102
7,querVar-Zone7,querVar,Zone7,368,368,Deciduous scrubs in temperate zone,#C77DFF,TRUE,mf_var,Plain MF RF,2011-2040SSP245,2011-2040,SSP245,12393866,8501128.01140083,3,Top-3,853077,560942.04522725,0.0688305811923414,0.0659844251815727
7,querVar-Zone7,querVar,Zone7,368,368,Deciduous scrubs in temperate zone,#C77DFF,TRUE,mf_var,Plain MF RF,2011-2040SSP245,2011-2040,SSP245,12393866,8501128.01140083,5,Top-5,1166582,769516.215322718,0.0941257554341801,0.0905193068838303
7,querVar-Zone7,querVar,Zone7,368,368,Deciduous scrubs in temperate zone,#C77DFF,TRUE,mf_var,Plain MF RF,2041-2070SSP245,2041-2070,SSP245,12393866,8501128.01140083,1,Top-1,251714,164370.193234042,0.0203095628111519,0.0193351038842852
7,querVar-Zone7,querVar,Zone7,368,368,Deciduous scrubs in temperate zone,#C77DFF,TRUE,mf_var,Plain MF RF,2041-2070SSP245,2041-2070,SSP245,12393866,8501128.01140083,3,Top-3,751861,495024.158691097,0.0606639607044323,0.0582304087207277
7,querVar-Zone7,querVar,Zone7,368,368,Deciduous scrubs in temperate zone,#C77DFF,TRUE,mf_var,Plain MF RF,2041-2070SSP245,2041-2070,SSP245,12393866,8501128.01140083,5,Top-5,1016788,672709.972505567,0.0820396154032971,0.0791318483386438
7,querVar-Zone7,querVar,Zone7,368,368,Deciduous scrubs in temperate zone,#C77DFF,TRUE,mf_var,Plain MF RF,2071-2100SSP245,2071-2100,SSP245,12393866,8501128.01140083,1,Top-1,226293,148150.991301697,0.0182584675354728,0.0174272156710277
7,querVar-Zone7,querVar,Zone7,368,368,Deciduous scrubs in temperate zone,#C77DFF,TRUE,mf_var,Plain MF RF,2071-2100SSP245,2071-2100,SSP245,12393866,8501128.01140083,3,Top-3,638513,421537.816718558,0.0515184688942094,0.0495861038856532
7,querVar-Zone7,querVar,Zone7,368,368,Deciduous scrubs in temperate zone,#C77DFF,TRUE,mf_var,Plain MF RF,2071-2100SSP245,2071-2100,SSP245,12393866,8501128.01140083,5,Top-5,833918,553170.190577253,0.0672847358523967,0.0650702106632672
7,querVar-Zone7,querVar,Zone7,368,368,Deciduous scrubs in temperate zone,#C77DFF,TRUE,mf_var,Plain MF RF,2011-2040SSP585,2011-2040,SSP585,12393866,8501128.01140083,1,Top-1,243025,159210.972768288,0.0196084901999102,0.0187282173088996
7,querVar-Zone7,querVar,Zone7,368,368,Deciduous scrubs in temperate zone,#C77DFF,TRUE,mf_var,Plain MF RF,2011-2040SSP585,2011-2040,SSP585,12393866,8501128.01140083,3,Top-3,846707,556889.36439538,0.0683166172685746,0.0655077024659008
7,querVar-Zone7,querVar,Zone7,368,368,Deciduous scrubs in temperate zone,#C77DFF,TRUE,mf_var,Plain MF RF,2011-2040SSP585,2011-2040,SSP585,12393866,8501128.01140083,5,Top-5,1157323,763731.049524265,0.0933786923305448,0.0898387894524148
7,querVar-Zone7,querVar,Zone7,368,368,Deciduous scrubs in temperate zone,#C77DFF,TRUE,mf_var,Plain MF RF,2041-2070SSP585,2041-2070,SSP585,12393866,8501128.01140083,1,Top-1,229088,150009.579498458,0.0184839823183501,0.0176458440923699
7,querVar-Zone7,querVar,Zone7,368,368,Deciduous scrubs in temperate zone,#C77DFF,TRUE,mf_var,Plain MF RF,2041-2070SSP585,2041-2070,SSP585,12393866,8501128.01140083,3,Top-3,637513,420751.18406835,0.0514377838198348,0.0494935711477444
7,querVar-Zone7,querVar,Zone7,368,368,Deciduous scrubs in temperate zone,#C77DFF,TRUE,mf_var,Plain MF RF,2041-2070SSP585,2041-2070,SSP585,12393866,8501128.01140083,5,Top-5,842125,558559.300896576,0.0679469182577898,0.0657041395150731
7,querVar-Zone7,querVar,Zone7,368,368,Deciduous scrubs in temperate zone,#C77DFF,TRUE,mf_var,Plain MF RF,2071-2100SSP585,2071-2100,SSP585,12393866,8501128.01140083,1,Top-1,133856,88396.8844666906,0.0108001813154991,0.0103982535433112
7,querVar-Zone7,querVar,Zone7,368,368,Deciduous scrubs in temperate zone,#C77DFF,TRUE,mf_var,Plain MF RF,2071-2100SSP585,2071-2100,SSP585,12393866,8501128.01140083,3,Top-3,430168,286756.610770881,0.0347081370736137,0.0337315954290199
7,querVar-Zone7,querVar,Zone7,368,368,Deciduous scrubs in temperate zone,#C77DFF,TRUE,mf_var,Plain MF RF,2071-2100SSP585,2071-2100,SSP585,12393866,8501128.01140083,5,Top-5,507953,339654.956338963,0.0409842255838493,0.0399541044298419
10,querVar-Zone10,querVar,Zone10,22,22,Needleleaf forests on mountains in subtropical and tropical zones,#006D77,TRUE,rf_var,Plain RF,2011-2040SSP245,2011-2040,SSP245,12393866,8501128.01140083,1,Top-1,181852,135166.533597872,0.014672742145187,0.0158998351061884
10,querVar-Zone10,querVar,Zone10,22,22,Needleleaf forests on mountains in subtropical and tropical zones,#006D77,TRUE,rf_var,Plain RF,2011-2040SSP245,2011-2040,SSP245,12393866,8501128.01140083,3,Top-3,377949,280629.965374406,0.0304948431748415,0.0330109092579307
10,querVar-Zone10,querVar,Zone10,22,22,Needleleaf forests on mountains in subtropical and tropical zones,#006D77,TRUE,rf_var,Plain RF,2011-2040SSP245,2011-2040,SSP245,12393866,8501128.01140083,5,Top-5,481229,356301.914231678,0.03882799765626,0.0419123101962284
10,querVar-Zone10,querVar,Zone10,22,22,Needleleaf forests on mountains in subtropical and tropical zones,#006D77,TRUE,rf_var,Plain RF,2041-2070SSP245,2041-2070,SSP245,12393866,8501128.01140083,1,Top-1,206025,152756.621912314,0.0166231424480465,0.0179689826700001
10,querVar-Zone10,querVar,Zone10,22,22,Needleleaf forests on mountains in subtropical and tropical zones,#006D77,TRUE,rf_var,Plain RF,2041-2070SSP245,2041-2070,SSP245,12393866,8501128.01140083,3,Top-3,398220,295086.54068641,0.0321304103174909,0.0347114571490596
10,querVar-Zone10,querVar,Zone10,22,22,Needleleaf forests on mountains in subtropical and tropical zones,#006D77,TRUE,rf_var,Plain RF,2041-2070SSP245,2041-2070,SSP245,12393866,8501128.01140083,5,Top-5,479956,354946.680798945,0.038725285556581,0.0417528921247777
10,querVar-Zone10,querVar,Zone10,22,22,Needleleaf forests on mountains in subtropical and tropical zones,#006D77,TRUE,rf_var,Plain RF,2071-2100SSP245,2071-2100,SSP245,12393866,8501128.01140083,1,Top-1,226021,167526.472077699,0.0182365211952429,0.019706381535842
10,querVar-Zone10,querVar,Zone10,22,22,Needleleaf forests on mountains in subtropical and tropical zones,#006D77,TRUE,rf_var,Plain RF,2071-2100SSP245,2071-2100,SSP245,12393866,8501128.01140083,3,Top-3,427219,315930.976375202,0.0344701967892827,0.0371634183077244
10,querVar-Zone10,querVar,Zone10,22,22,Needleleaf forests on mountains in subtropical and tropical zones,#006D77,TRUE,rf_var,Plain RF,2071-2100SSP245,2071-2100,SSP245,12393866,8501128.01140083,5,Top-5,485317,358431.011217762,0.0391578382403037,0.0421627589582313
10,querVar-Zone10,querVar,Zone10,22,22,Needleleaf forests on mountains in subtropical and tropical zones,#006D77,TRUE,rf_var,Plain RF,2011-2040SSP585,2011-2040,SSP585,12393866,8501128.01140083,1,Top-1,179962,133869.00877467,0.0145202473546188,0.015747205382055
10,querVar-Zone10,querVar,Zone10,22,22,Needleleaf forests on mountains in subtropical and tropical zones,#006D77,TRUE,rf_var,Plain RF,2011-2040SSP585,2011-2040,SSP585,12393866,8501128.01140083,3,Top-3,374136,277885.97291038,0.0301871909862508,0.0326881294503163
10,querVar-Zone10,querVar,Zone10,22,22,Needleleaf forests on mountains in subtropical and tropical zones,#006D77,TRUE,rf_var,Plain RF,2011-2040SSP585,2011-2040,SSP585,12393866,8501128.01140083,5,Top-5,478618,354419.454876108,0.0386173289270676,0.0416908737759033
10,querVar-Zone10,querVar,Zone10,22,22,Needleleaf forests on mountains in subtropical and tropical zones,#006D77,TRUE,rf_var,Plain RF,2041-2070SSP585,2041-2070,SSP585,12393866,8501128.01140083,1,Top-1,222145,164618.877605268,0.0179237858469666,0.0193643569870373
10,querVar-Zone10,querVar,Zone10,22,22,Needleleaf forests on mountains in subtropical and tropical zones,#006D77,TRUE,rf_var,Plain RF,2041-2070SSP585,2041-2070,SSP585,12393866,8501128.01140083,3,Top-3,422631,312672.177193712,0.0341000136680516,0.03678008104035
10,querVar-Zone10,querVar,Zone10,22,22,Needleleaf forests on mountains in subtropical and tropical zones,#006D77,TRUE,rf_var,Plain RF,2041-2070SSP585,2041-2070,SSP585,12393866,8501128.01140083,5,Top-5,481139,355496.956061093,0.0388207359995662,0.0418176218008172
10,querVar-Zone10,querVar,Zone10,22,22,Needleleaf forests on mountains in subtropical and tropical zones,#006D77,TRUE,rf_var,Plain RF,2071-2100SSP585,2071-2100,SSP585,12393866,8501128.01140083,1,Top-1,275814,203649.949984204,0.022254073103582,0.0239556385589171
10,querVar-Zone10,querVar,Zone10,22,22,Needleleaf forests on mountains in subtropical and tropical zones,#006D77,TRUE,rf_var,Plain RF,2071-2100SSP585,2071-2100,SSP585,12393866,8501128.01140083,3,Top-3,432735,319283.244806107,0.0349152556595335,0.0375577504982772
10,querVar-Zone10,querVar,Zone10,22,22,Needleleaf forests on mountains in subtropical and tropical zones,#006D77,TRUE,rf_var,Plain RF,2071-2100SSP585,2071-2100,SSP585,12393866,8501128.01140083,5,Top-5,455575,335883.03823131,0.0367581027582515,0.0395104082400428
10,querVar-Zone10,querVar,Zone10,22,22,Needleleaf forests on mountains in subtropical and tropical zones,#006D77,TRUE,mf_var,Plain MF RF,2011-2040SSP245,2011-2040,SSP245,12393866,8501128.01140083,1,Top-1,180470,134140.912724759,0.0145612353724012,0.0157791898374972
10,querVar-Zone10,querVar,Zone10,22,22,Needleleaf forests on mountains in subtropical and tropical zones,#006D77,TRUE,mf_var,Plain MF RF,2011-2040SSP245,2011-2040,SSP245,12393866,8501128.01140083,3,Top-3,378631,281155.23495191,0.030549870395565,0.0330726974790703
10,querVar-Zone10,querVar,Zone10,22,22,Needleleaf forests on mountains in subtropical and tropical zones,#006D77,TRUE,mf_var,Plain MF RF,2011-2040SSP245,2011-2040,SSP245,12393866,8501128.01140083,5,Top-5,481517,356524.400541089,0.0388512349576799,0.041938481583027
10,querVar-Zone10,querVar,Zone10,22,22,Needleleaf forests on mountains in subtropical and tropical zones,#006D77,TRUE,mf_var,Plain MF RF,2041-2070SSP245,2041-2070,SSP245,12393866,8501128.01140083,1,Top-1,206040,152765.772015656,0.0166243527241621,0.0179700590099082
10,querVar-Zone10,querVar,Zone10,22,22,Needleleaf forests on mountains in subtropical and tropical zones,#006D77,TRUE,mf_var,Plain MF RF,2041-2070SSP245,2041-2070,SSP245,12393866,8501128.01140083,3,Top-3,399039,295701.789042199,0.0321964913934038,0.0347838297042033
10,querVar-Zone10,querVar,Zone10,22,22,Needleleaf forests on mountains in subtropical and tropical zones,#006D77,TRUE,mf_var,Plain MF RF,2041-2070SSP245,2041-2070,SSP245,12393866,8501128.01140083,5,Top-5,480904,355639.637819416,0.0388017750070882,0.0418344056626919
10,querVar-Zone10,querVar,Zone10,22,22,Needleleaf forests on mountains in subtropical and tropical zones,#006D77,TRUE,mf_var,Plain MF RF,2071-2100SSP245,2071-2100,SSP245,12393866,8501128.01140083,1,Top-1,228735,169461.224634375,0.0184555004870958,0.0199339692811485
10,querVar-Zone10,querVar,Zone10,22,22,Needleleaf forests on mountains in subtropical and tropical zones,#006D77,TRUE,mf_var,Plain MF RF,2071-2100SSP245,2071-2100,SSP245,12393866,8501128.01140083,3,Top-3,427882,316430.92206463,0.0345236909935931,0.0372222276432334
10,querVar-Zone10,querVar,Zone10,22,22,Needleleaf forests on mountains in subtropical and tropical zones,#006D77,TRUE,mf_var,Plain MF RF,2071-2100SSP245,2071-2100,SSP245,12393866,8501128.01140083,5,Top-5,487015,359689.674244283,0.0392948414965919,0.0423108173129383
10,querVar-Zone10,querVar,Zone10,22,22,Needleleaf forests on mountains in subtropical and tropical zones,#006D77,TRUE,mf_var,Plain MF RF,2011-2040SSP585,2011-2040,SSP585,12393866,8501128.01140083,1,Top-1,178861,133060.507099395,0.0144314130877323,0.0156521001590551
10,querVar-Zone10,querVar,Zone10,22,22,Needleleaf forests on mountains in subtropical and tropical zones,#006D77,TRUE,mf_var,Plain MF RF,2011-2040SSP585,2011-2040,SSP585,12393866,8501128.01140083,3,Top-3,373892,277735.601329962,0.0301675038281034,0.0326704410235314
10,querVar-Zone10,querVar,Zone10,22,22,Needleleaf forests on mountains in subtropical and tropical zones,#006D77,TRUE,mf_var,Plain MF RF,2011-2040SSP585,2011-2040,SSP585,12393866,8501128.01140083,5,Top-5,478976,354692.951579155,0.0386462141836938,0.0417230455891827
10,querVar-Zone10,querVar,Zone10,22,22,Needleleaf forests on mountains in subtropical and tropical zones,#006D77,TRUE,mf_var,Plain MF RF,2041-2070SSP585,2041-2070,SSP585,12393866,8501128.01140083,1,Top-1,225087,166744.341216616,0.0181611613357769,0.0196143783499078
10,querVar-Zone10,querVar,Zone10,22,22,Needleleaf forests on mountains in subtropical and tropical zones,#006D77,TRUE,mf_var,Plain MF RF,2041-2070SSP585,2041-2070,SSP585,12393866,8501128.01140083,3,Top-3,423536,313357.082308609,0.0341730336603607,0.0368606474209501
10,querVar-Zone10,querVar,Zone10,22,22,Needleleaf forests on mountains in subtropical and tropical zones,#006D77,TRUE,mf_var,Plain MF RF,2041-2070SSP585,2041-2070,SSP585,12393866,8501128.01140083,5,Top-5,482471,356499.042227741,0.0389282085186333,0.041935498647902
10,querVar-Zone10,querVar,Zone10,22,22,Needleleaf forests on mountains in subtropical and tropical zones,#006D77,TRUE,mf_var,Plain MF RF,2071-2100SSP585,2071-2100,SSP585,12393866,8501128.01140083,1,Top-1,267742,197777.804511774,0.0216027831832295,0.0232648895824807
10,querVar-Zone10,querVar,Zone10,22,22,Needleleaf forests on mountains in subtropical and tropical zones,#006D77,TRUE,mf_var,Plain MF RF,2071-2100SSP585,2071-2100,SSP585,12393866,8501128.01140083,3,Top-3,435248,321202.69091257,0.0351180172514371,0.0377835377236769
10,querVar-Zone10,querVar,Zone10,22,22,Needleleaf forests on mountains in subtropical and tropical zones,#006D77,TRUE,mf_var,Plain MF RF,2071-2100SSP585,2071-2100,SSP585,12393866,8501128.01140083,5,Top-5,459128,338566.403961505,0.0370447768275048,0.0398260564371522
21,querVar-Zone21,querVar,Zone21,274,274,One year two ripes or three ripes grain fields; evergreen orchards and subtropical economic tree plantations,#F3722C,TRUE,rf_var,Plain RF,2011-2040SSP245,2011-2040,SSP245,12393866,8501128.01140083,1,Top-1,879415,662329.284365043,0.0709556646812222,0.0779107529585245
21,querVar-Zone21,querVar,Zone21,274,274,One year two ripes or three ripes grain fields; evergreen orchards and subtropical economic tree plantations,#F3722C,TRUE,rf_var,Plain RF,2011-2040SSP245,2011-2040,SSP245,12393866,8501128.01140083,3,Top-3,1415339,1072429.06279155,0.114196732480406,0.126151383834394
21,querVar-Zone21,querVar,Zone21,274,274,One year two ripes or three ripes grain fields; evergreen orchards and subtropical economic tree plantations,#F3722C,TRUE,rf_var,Plain RF,2011-2040SSP245,2011-2040,SSP245,12393866,8501128.01140083,5,Top-5,1770822,1346573.32601556,0.142878904774346,0.158399370555257
21,querVar-Zone21,querVar,Zone21,274,274,One year two ripes or three ripes grain fields; evergreen orchards and subtropical economic tree plantations,#F3722C,TRUE,rf_var,Plain RF,2041-2070SSP245,2041-2070,SSP245,12393866,8501128.01140083,1,Top-1,1253138,940049.851563539,0.101109532731756,0.110579425495398
21,querVar-Zone21,querVar,Zone21,274,274,One year two ripes or three ripes grain fields; evergreen orchards and subtropical economic tree plantations,#F3722C,TRUE,rf_var,Plain RF,2041-2070SSP245,2041-2070,SSP245,12393866,8501128.01140083,3,Top-3,1706967,1289866.40460994,0.137726759350149,0.15172885326278
21,querVar-Zone21,querVar,Zone21,274,274,One year two ripes or three ripes grain fields; evergreen orchards and subtropical economic tree plantations,#F3722C,TRUE,rf_var,Plain RF,2041-2070SSP245,2041-2070,SSP245,12393866,8501128.01140083,5,Top-5,2024923,1535302.60476131,0.16338106285803,0.180599868947076
21,querVar-Zone21,querVar,Zone21,274,274,One year two ripes or three ripes grain fields; evergreen orchards and subtropical economic tree plantations,#F3722C,TRUE,rf_var,Plain RF,2071-2100SSP245,2071-2100,SSP245,12393866,8501128.01140083,1,Top-1,1464124,1096111.63403611,0.118132953833776,0.128937198988901
21,querVar-Zone21,querVar,Zone21,274,274,One year two ripes or three ripes grain fields; evergreen orchards and subtropical economic tree plantations,#F3722C,TRUE,rf_var,Plain RF,2071-2100SSP245,2071-2100,SSP245,12393866,8501128.01140083,3,Top-3,1899296,1432625.59530247,0.15324483901956,0.16852182361931
21,querVar-Zone21,querVar,Zone21,274,274,One year two ripes or three ripes grain fields; evergreen orchards and subtropical economic tree plantations,#F3722C,TRUE,rf_var,Plain RF,2071-2100SSP245,2071-2100,SSP245,12393866,8501128.01140083,5,Top-5,2177526,1647715.32050114,0.175693847262831,0.19382313950471
21,querVar-Zone21,querVar,Zone21,274,274,One year two ripes or three ripes grain fields; evergreen orchards and subtropical economic tree plantations,#F3722C,TRUE,rf_var,Plain RF,2011-2040SSP585,2011-2040,SSP585,12393866,8501128.01140083,1,Top-1,915021,688895.536746079,0.0738285374394075,0.0810357797014942
21,querVar-Zone21,querVar,Zone21,274,274,One year two ripes or three ripes grain fields; evergreen orchards and subtropical economic tree plantations,#F3722C,TRUE,rf_var,Plain RF,2011-2040SSP585,2011-2040,SSP585,12393866,8501128.01140083,3,Top-3,1446700,1095926.72141995,0.116727097097871,0.128915447450056
21,querVar-Zone21,querVar,Zone21,274,274,One year two ripes or three ripes grain fields; evergreen orchards and subtropical economic tree plantations,#F3722C,TRUE,rf_var,Plain RF,2011-2040SSP585,2011-2040,SSP585,12393866,8501128.01140083,5,Top-5,1797822,1366659.32718374,0.145057401782462,0.160762115962837
21,querVar-Zone21,querVar,Zone21,274,274,One year two ripes or three ripes grain fields; evergreen orchards and subtropical economic tree plantations,#F3722C,TRUE,rf_var,Plain RF,2041-2070SSP585,2041-2070,SSP585,12393866,8501128.01140083,1,Top-1,1445539,1083057.71877469,0.116633421726522,0.127401648030968
21,querVar-Zone21,querVar,Zone21,274,274,One year two ripes or three ripes grain fields; evergreen orchards and subtropical economic tree plantations,#F3722C,TRUE,rf_var,Plain RF,2041-2070SSP585,2041-2070,SSP585,12393866,8501128.01140083,3,Top-3,1892355,1428675.97397715,0.152684803918325,0.168057223942653
21,querVar-Zone21,querVar,Zone21,274,274,One year two ripes or three ripes grain fields; evergreen orchards and subtropical economic tree plantations,#F3722C,TRUE,rf_var,Plain RF,2041-2070SSP585,2041-2070,SSP585,12393866,8501128.01140083,5,Top-5,2181361,1651914.71143534,0.176003274523058,0.194317119942196
21,querVar-Zone21,querVar,Zone21,274,274,One year two ripes or three ripes grain fields; evergreen orchards and subtropical economic tree plantations,#F3722C,TRUE,rf_var,Plain RF,2071-2100SSP585,2071-2100,SSP585,12393866,8501128.01140083,1,Top-1,1782405,1332707.37714144,0.143813479990828,0.15676829890741
21,querVar-Zone21,querVar,Zone21,274,274,One year two ripes or three ripes grain fields; evergreen orchards and subtropical economic tree plantations,#F3722C,TRUE,rf_var,Plain RF,2071-2100SSP585,2071-2100,SSP585,12393866,8501128.01140083,3,Top-3,2130135,1601715.20115018,0.17187010090314,0.188412078844375
21,querVar-Zone21,querVar,Zone21,274,274,One year two ripes or three ripes grain fields; evergreen orchards and subtropical economic tree plantations,#F3722C,TRUE,rf_var,Plain RF,2071-2100SSP585,2071-2100,SSP585,12393866,8501128.01140083,5,Top-5,2315767,1745404.37957947,0.186847832629464,0.205314445005264
21,querVar-Zone21,querVar,Zone21,274,274,One year two ripes or three ripes grain fields; evergreen orchards and subtropical economic tree plantations,#F3722C,TRUE,mf_var,Plain MF RF,2011-2040SSP245,2011-2040,SSP245,12393866,8501128.01140083,1,Top-1,890497,670730.13356508,0.0718498166754425,0.078898957016712
21,querVar-Zone21,querVar,Zone21,274,274,One year two ripes or three ripes grain fields; evergreen orchards and subtropical economic tree plantations,#F3722C,TRUE,mf_var,Plain MF RF,2011-2040SSP245,2011-2040,SSP245,12393866,8501128.01140083,3,Top-3,1405635,1065397.36725346,0.113413764518674,0.125324235304381
21,querVar-Zone21,querVar,Zone21,274,274,One year two ripes or three ripes grain fields; evergreen orchards and subtropical economic tree plantations,#F3722C,TRUE,mf_var,Plain MF RF,2011-2040SSP245,2011-2040,SSP245,12393866,8501128.01140083,5,Top-5,1760039,1338672.13296649,0.142008877617363,0.157469941773751
21,querVar-Zone21,querVar,Zone21,274,274,One year two ripes or three ripes grain fields; evergreen orchards and subtropical economic tree plantations,#F3722C,TRUE,mf_var,Plain MF RF,2041-2070SSP245,2041-2070,SSP245,12393866,8501128.01140083,1,Top-1,1237877,928888.390099548,0.099878197811724,0.10926648661846
21,querVar-Zone21,querVar,Zone21,274,274,One year two ripes or three ripes grain fields; evergreen orchards and subtropical economic tree plantations,#F3722C,TRUE,mf_var,Plain MF RF,2041-2070SSP245,2041-2070,SSP245,12393866,8501128.01140083,3,Top-3,1686504,1274414.49390713,0.13607570067322,0.149911222628105
21,querVar-Zone21,querVar,Zone21,274,274,One year two ripes or three ripes grain fields; evergreen orchards and subtropical economic tree plantations,#F3722C,TRUE,mf_var,Plain MF RF,2041-2070SSP245,2041-2070,SSP245,12393866,8501128.01140083,5,Top-5,2011356,1525393.64966965,0.162286408453988,0.179434264208696
21,querVar-Zone21,querVar,Zone21,274,274,One year two ripes or three ripes grain fields; evergreen orchards and subtropical economic tree plantations,#F3722C,TRUE,mf_var,Plain MF RF,2071-2100SSP245,2071-2100,SSP245,12393866,8501128.01140083,1,Top-1,1462484,1095010.65936885,0.118000630311801,0.128807689744271
21,querVar-Zone21,querVar,Zone21,274,274,One year two ripes or three ripes grain fields; evergreen orchards and subtropical economic tree plantations,#F3722C,TRUE,mf_var,Plain MF RF,2071-2100SSP245,2071-2100,SSP245,12393866,8501128.01140083,3,Top-3,1876227,1414876.44692055,0.15138351503881,0.166433965589398
21,querVar-Zone21,querVar,Zone21,274,274,One year two ripes or three ripes grain fields; evergreen orchards and subtropical economic tree plantations,#F3722C,TRUE,mf_var,Plain MF RF,2071-2100SSP245,2071-2100,SSP245,12393866,8501128.01140083,5,Top-5,2170123,1642524.2754681,0.175096535657236,0.193212509359384
21,querVar-Zone21,querVar,Zone21,274,274,One year two ripes or three ripes grain fields; evergreen orchards and subtropical economic tree plantations,#F3722C,TRUE,mf_var,Plain MF RF,2011-2040SSP585,2011-2040,SSP585,12393866,8501128.01140083,1,Top-1,919367,692111.759853764,0.07417919477264,0.0814141086836447
21,querVar-Zone21,querVar,Zone21,274,274,One year two ripes or three ripes grain fields; evergreen orchards and subtropical economic tree plantations,#F3722C,TRUE,mf_var,Plain MF RF,2011-2040SSP585,2011-2040,SSP585,12393866,8501128.01140083,3,Top-3,1436538,1088517.40972622,0.115907175372075,0.128043879384761
21,querVar-Zone21,querVar,Zone21,274,274,One year two ripes or three ripes grain fields; evergreen orchards and subtropical economic tree plantations,#F3722C,TRUE,mf_var,Plain MF RF,2011-2040SSP585,2011-2040,SSP585,12393866,8501128.01140083,5,Top-5,1785387,1357513.40025219,0.144054082882613,0.15968626733201
21,querVar-Zone21,querVar,Zone21,274,274,One year two ripes or three ripes grain fields; evergreen orchards and subtropical economic tree plantations,#F3722C,TRUE,mf_var,Plain MF RF,2041-2070SSP585,2041-2070,SSP585,12393866,8501128.01140083,1,Top-1,1441420,1080251.13052305,0.116301079905172,0.1270715049902
21,querVar-Zone21,querVar,Zone21,274,274,One year two ripes or three ripes grain fields; evergreen orchards and subtropical economic tree plantations,#F3722C,TRUE,mf_var,Plain MF RF,2041-2070SSP585,2041-2070,SSP585,12393866,8501128.01140083,3,Top-3,1865631,1408192.93067365,0.150528575990736,0.165647773893668
21,querVar-Zone21,querVar,Zone21,274,274,One year two ripes or three ripes grain fields; evergreen orchards and subtropical economic tree plantations,#F3722C,TRUE,mf_var,Plain MF RF,2041-2070SSP585,2041-2070,SSP585,12393866,8501128.01140083,5,Top-5,2169967,1643676.99994459,0.175083948785633,0.193348106009021
21,querVar-Zone21,querVar,Zone21,274,274,One year two ripes or three ripes grain fields; evergreen orchards and subtropical economic tree plantations,#F3722C,TRUE,mf_var,Plain MF RF,2071-2100SSP585,2071-2100,SSP585,12393866,8501128.01140083,1,Top-1,1749913,1307904.83942878,0.141191860554245,0.153850740475235
21,querVar-Zone21,querVar,Zone21,274,274,One year two ripes or three ripes grain fields; evergreen orchards and subtropical economic tree plantations,#F3722C,TRUE,mf_var,Plain MF RF,2071-2100SSP585,2071-2100,SSP585,12393866,8501128.01140083,3,Top-3,2108597,1585282.68415228,0.170132305771258,0.186479098071017
21,querVar-Zone21,querVar,Zone21,274,274,One year two ripes or three ripes grain fields; evergreen orchards and subtropical economic tree plantations,#F3722C,TRUE,mf_var,Plain MF RF,2071-2100SSP585,2071-2100,SSP585,12393866,8501128.01140083,5,Top-5,2301543,1734751.72205213,0.185700168131558,0.204061357472286
26,querVar-Zone26,querVar,Zone26,38,38,Bamboo forests and scrubs in subtropical and tropical zones,#00A878,TRUE,rf_var,Plain RF,2011-2040SSP245,2011-2040,SSP245,12393866,8501128.01140083,1,Top-1,37300,28104.4961312256,0.00300955327417611,0.00330597258311306
26,querVar-Zone26,querVar,Zone26,38,38,Bamboo forests and scrubs in subtropical and tropical zones,#00A878,TRUE,rf_var,Plain RF,2011-2040SSP245,2011-2040,SSP245,12393866,8501128.01140083,3,Top-3,199642,151675.47403647,0.0161081296183128,0.0178418056795591
26,querVar-Zone26,querVar,Zone26,38,38,Bamboo forests and scrubs in subtropical and tropical zones,#00A878,TRUE,rf_var,Plain RF,2011-2040SSP245,2011-2040,SSP245,12393866,8501128.01140083,5,Top-5,365938,278119.65747155,0.029525734746527,0.0327156181036875
26,querVar-Zone26,querVar,Zone26,38,38,Bamboo forests and scrubs in subtropical and tropical zones,#00A878,TRUE,rf_var,Plain RF,2041-2070SSP245,2041-2070,SSP245,12393866,8501128.01140083,1,Top-1,17691,13314.5371423852,0.00142739965076272,0.00156620828724484
26,querVar-Zone26,querVar,Zone26,38,38,Bamboo forests and scrubs in subtropical and tropical zones,#00A878,TRUE,rf_var,Plain RF,2041-2070SSP245,2041-2070,SSP245,12393866,8501128.01140083,3,Top-3,102229,77772.6180294878,0.00824835446825067,0.00914850569538386
26,querVar-Zone26,querVar,Zone26,38,38,Bamboo forests and scrubs in subtropical and tropical zones,#00A878,TRUE,rf_var,Plain RF,2041-2070SSP245,2041-2070,SSP245,12393866,8501128.01140083,5,Top-5,220398,167834.987483477,0.017782829022034,0.0197426726498406
26,querVar-Zone26,querVar,Zone26,38,38,Bamboo forests and scrubs in subtropical and tropical zones,#00A878,TRUE,rf_var,Plain RF,2071-2100SSP245,2071-2100,SSP245,12393866,8501128.01140083,1,Top-1,7761,5866.07046661917,0.000626196862222006,0.000690034364704567
26,querVar-Zone26,querVar,Zone26,38,38,Bamboo forests and scrubs in subtropical and tropical zones,#00A878,TRUE,rf_var,Plain RF,2071-2100SSP245,2071-2100,SSP245,12393866,8501128.01140083,3,Top-3,51186,39192.5112916524,0.00412994621694312,0.0046102718649915
26,querVar-Zone26,querVar,Zone26,38,38,Bamboo forests and scrubs in subtropical and tropical zones,#00A878,TRUE,rf_var,Plain RF,2071-2100SSP245,2071-2100,SSP245,12393866,8501128.01140083,5,Top-5,128827,98550.8146225573,0.0103944160764688,0.011592675053286
26,querVar-Zone26,querVar,Zone26,38,38,Bamboo forests and scrubs in subtropical and tropical zones,#00A878,TRUE,rf_var,Plain RF,2011-2040SSP585,2011-2040,SSP585,12393866,8501128.01140083,1,Top-1,33400,25171.0867205506,0.0026948814841148,0.00296091138573537
26,querVar-Zone26,querVar,Zone26,38,38,Bamboo forests and scrubs in subtropical and tropical zones,#00A878,TRUE,rf_var,Plain RF,2011-2040SSP585,2011-2040,SSP585,12393866,8501128.01140083,3,Top-3,173996,132169.578205062,0.0140388802008994,0.0155472989028997
26,querVar-Zone26,querVar,Zone26,38,38,Bamboo forests and scrubs in subtropical and tropical zones,#00A878,TRUE,rf_var,Plain RF,2011-2040SSP585,2011-2040,SSP585,12393866,8501128.01140083,5,Top-5,326924,248467.931236627,0.0263778872548727,0.0292276426026532
26,querVar-Zone26,querVar,Zone26,38,38,Bamboo forests and scrubs in subtropical and tropical zones,#00A878,TRUE,rf_var,Plain RF,2041-2070SSP585,2041-2070,SSP585,12393866,8501128.01140083,1,Top-1,10443,7861.91765705297,0.000842594231694937,0.000924808760262095
26,querVar-Zone26,querVar,Zone26,38,38,Bamboo forests and scrubs in subtropical and tropical zones,#00A878,TRUE,rf_var,Plain RF,2041-2070SSP585,2041-2070,SSP585,12393866,8501128.01140083,3,Top-3,68475,52204.7987466075,0.00552491046780722,0.00614092608376158
26,querVar-Zone26,querVar,Zone26,38,38,Bamboo forests and scrubs in subtropical and tropical zones,#00A878,TRUE,rf_var,Plain RF,2041-2070SSP585,2041-2070,SSP585,12393866,8501128.01140083,5,Top-5,150728,115013.731304318,0.012161499890349,0.0135292317854847
26,querVar-Zone26,querVar,Zone26,38,38,Bamboo forests and scrubs in subtropical and tropical zones,#00A878,TRUE,rf_var,Plain RF,2071-2100SSP585,2071-2100,SSP585,12393866,8501128.01140083,1,Top-1,2204,1687.04022376968,0.000177829903921827,0.000198448984829683
26,querVar-Zone26,querVar,Zone26,38,38,Bamboo forests and scrubs in subtropical and tropical zones,#00A878,TRUE,rf_var,Plain RF,2071-2100SSP585,2071-2100,SSP585,12393866,8501128.01140083,3,Top-3,26034,20058.5513603892,0.0021005552262708,0.00235951644693372
26,querVar-Zone26,querVar,Zone26,38,38,Bamboo forests and scrubs in subtropical and tropical zones,#00A878,TRUE,rf_var,Plain RF,2071-2100SSP585,2071-2100,SSP585,12393866,8501128.01140083,5,Top-5,51856,40055.9140636029,0.00418400521677417,0.00471183518350554
26,querVar-Zone26,querVar,Zone26,38,38,Bamboo forests and scrubs in subtropical and tropical zones,#00A878,TRUE,mf_var,Plain MF RF,2011-2040SSP245,2011-2040,SSP245,12393866,8501128.01140083,1,Top-1,36871,27758.6292678647,0.00297493937726937,0.00326528776306364
26,querVar-Zone26,querVar,Zone26,38,38,Bamboo forests and scrubs in subtropical and tropical zones,#00A878,TRUE,mf_var,Plain MF RF,2011-2040SSP245,2011-2040,SSP245,12393866,8501128.01140083,3,Top-3,194686,147850.582307625,0.0157082543897118,0.0173918781259784
26,querVar-Zone26,querVar,Zone26,38,38,Bamboo forests and scrubs in subtropical and tropical zones,#00A878,TRUE,mf_var,Plain MF RF,2011-2040SSP245,2011-2040,SSP245,12393866,8501128.01140083,5,Top-5,355442,270028.63422652,0.0286788642058902,0.0317638593213025
26,querVar-Zone26,querVar,Zone26,38,38,Bamboo forests and scrubs in subtropical and tropical zones,#00A878,TRUE,mf_var,Plain MF RF,2041-2070SSP245,2041-2070,SSP245,12393866,8501128.01140083,1,Top-1,18376,13817.9201640729,0.00148266892670939,0.00162542196112584
26,querVar-Zone26,querVar,Zone26,38,38,Bamboo forests and scrubs in subtropical and tropical zones,#00A878,TRUE,mf_var,Plain MF RF,2041-2070SSP245,2041-2070,SSP245,12393866,8501128.01140083,3,Top-3,95790,72836.4386871411,0.00772882327435201,0.00856785577037076
26,querVar-Zone26,querVar,Zone26,38,38,Bamboo forests and scrubs in subtropical and tropical zones,#00A878,TRUE,mf_var,Plain MF RF,2041-2070SSP245,2041-2070,SSP245,12393866,8501128.01140083,5,Top-5,203070,154612.500798746,0.0163847180532693,0.0181872923912446
26,querVar-Zone26,querVar,Zone26,38,38,Bamboo forests and scrubs in subtropical and tropical zones,#00A878,TRUE,mf_var,Plain MF RF,2071-2100SSP245,2071-2100,SSP245,12393866,8501128.01140083,1,Top-1,7561,5691.49655534795,0.000610059847347067,0.000669498982689721
26,querVar-Zone26,querVar,Zone26,38,38,Bamboo forests and scrubs in subtropical and tropical zones,#00A878,TRUE,mf_var,Plain MF RF,2071-2100SSP245,2071-2100,SSP245,12393866,8501128.01140083,3,Top-3,48204,36887.120620591,0.00388934332515778,0.00433908542150192
26,querVar-Zone26,querVar,Zone26,38,38,Bamboo forests and scrubs in subtropical and tropical zones,#00A878,TRUE,mf_var,Plain MF RF,2071-2100SSP245,2071-2100,SSP245,12393866,8501128.01140083,5,Top-5,119477,91414.2451884663,0.0096400106310654,0.0107531900549987
26,querVar-Zone26,querVar,Zone26,38,38,Bamboo forests and scrubs in subtropical and tropical zones,#00A878,TRUE,mf_var,Plain MF RF,2011-2040SSP585,2011-2040,SSP585,12393866,8501128.01140083,1,Top-1,32832,24727.6292836183,0.00264905236186998,0.00290874684517822
26,querVar-Zone26,querVar,Zone26,38,38,Bamboo forests and scrubs in subtropical and tropical zones,#00A878,TRUE,mf_var,Plain MF RF,2011-2040SSP585,2011-2040,SSP585,12393866,8501128.01140083,3,Top-3,165933,126012.626949885,0.0133883164462162,0.0148230478097601
26,querVar-Zone26,querVar,Zone26,38,38,Bamboo forests and scrubs in subtropical and tropical zones,#00A878,TRUE,mf_var,Plain MF RF,2011-2040SSP585,2011-2040,SSP585,12393866,8501128.01140083,5,Top-5,313539,238215.417424342,0.0252979175343674,0.0280216245543971
26,querVar-Zone26,querVar,Zone26,38,38,Bamboo forests and scrubs in subtropical and tropical zones,#00A878,TRUE,mf_var,Plain MF RF,2041-2070SSP585,2041-2070,SSP585,12393866,8501128.01140083,1,Top-1,10203,7663.22017023754,0.00082322981384501,0.000901435687118277
26,querVar-Zone26,querVar,Zone26,38,38,Bamboo forests and scrubs in subtropical and tropical zones,#00A878,TRUE,mf_var,Plain MF RF,2041-2070SSP585,2041-2070,SSP585,12393866,8501128.01140083,3,Top-3,61305,46733.9635053517,0.00494639848454066,0.00549738381102802
26,querVar-Zone26,querVar,Zone26,38,38,Bamboo forests and scrubs in subtropical and tropical zones,#00A878,TRUE,mf_var,Plain MF RF,2041-2070SSP585,2041-2070,SSP585,12393866,8501128.01140083,5,Top-5,137339,104798.687473859,0.0110812074295462,0.0123276213854578
26,querVar-Zone26,querVar,Zone26,38,38,Bamboo forests and scrubs in subtropical and tropical zones,#00A878,TRUE,mf_var,Plain MF RF,2071-2100SSP585,2071-2100,SSP585,12393866,8501128.01140083,1,Top-1,2215,1687.54681673551,0.000178717439739949,0.000198508576093942
26,querVar-Zone26,querVar,Zone26,38,38,Bamboo forests and scrubs in subtropical and tropical zones,#00A878,TRUE,mf_var,Plain MF RF,2071-2100SSP585,2071-2100,SSP585,12393866,8501128.01140083,3,Top-3,23279,17952.0917664416,0.00187826784636852,0.00211173055415307
26,querVar-Zone26,querVar,Zone26,38,38,Bamboo forests and scrubs in subtropical and tropical zones,#00A878,TRUE,mf_var,Plain MF RF,2071-2100SSP585,2071-2100,SSP585,12393866,8501128.01140083,5,Top-5,45883,35434.1292471897,0.00370207326753412,0.00416816794190949
27,querVar-Zone27,querVar,Zone27,339,339,Two years three ripes or one year two ripes grain fields and deciduous orchards,#FFB703,TRUE,rf_var,Plain RF,2011-2040SSP245,2011-2040,SSP245,12393866,8501128.01140083,1,Top-1,957439,634751.89905656,0.0772510369242333,0.074666785184895
27,querVar-Zone27,querVar,Zone27,339,339,Two years three ripes or one year two ripes grain fields and deciduous orchards,#FFB703,TRUE,rf_var,Plain RF,2011-2040SSP245,2011-2040,SSP245,12393866,8501128.01140083,3,Top-3,1418531,938567.865793755,0.11445427923781,0.110405097362967
27,querVar-Zone27,querVar,Zone27,339,339,Two years three ripes or one year two ripes grain fields and deciduous orchards,#FFB703,TRUE,rf_var,Plain RF,2011-2040SSP245,2011-2040,SSP245,12393866,8501128.01140083,5,Top-5,1546652,1023244.44377055,0.12479173165177,0.120365725865824
27,querVar-Zone27,querVar,Zone27,339,339,Two years three ripes or one year two ripes grain fields and deciduous orchards,#FFB703,TRUE,rf_var,Plain RF,2041-2070SSP245,2041-2070,SSP245,12393866,8501128.01140083,1,Top-1,1039668,678891.625593275,0.0838856899049901,0.0798590051441192
27,querVar-Zone27,querVar,Zone27,339,339,Two years three ripes or one year two ripes grain fields and deciduous orchards,#FFB703,TRUE,rf_var,Plain RF,2041-2070SSP245,2041-2070,SSP245,12393866,8501128.01140083,3,Top-3,1526997,997000.99969489,0.123205866514936,0.117278671531333
27,querVar-Zone27,querVar,Zone27,339,339,Two years three ripes or one year two ripes grain fields and deciduous orchards,#FFB703,TRUE,rf_var,Plain RF,2041-2070SSP245,2041-2070,SSP245,12393866,8501128.01140083,5,Top-5,1635338,1068313.31027773,0.131947368157765,0.125667241905429
27,querVar-Zone27,querVar,Zone27,339,339,Two years three ripes or one year two ripes grain fields and deciduous orchards,#FFB703,TRUE,rf_var,Plain RF,2071-2100SSP245,2071-2100,SSP245,12393866,8501128.01140083,1,Top-1,1075509,696630.966219965,0.0867775236556535,0.0819457094735799
27,querVar-Zone27,querVar,Zone27,339,339,Two years three ripes or one year two ripes grain fields and deciduous orchards,#FFB703,TRUE,rf_var,Plain RF,2071-2100SSP245,2071-2100,SSP245,12393866,8501128.01140083,3,Top-3,1576411,1022545.84105474,0.127192838780087,0.12028354821659
27,querVar-Zone27,querVar,Zone27,339,339,Two years three ripes or one year two ripes grain fields and deciduous orchards,#FFB703,TRUE,rf_var,Plain RF,2071-2100SSP245,2071-2100,SSP245,12393866,8501128.01140083,5,Top-5,1668302,1082749.59325721,0.134607070949452,0.127365402780094
27,querVar-Zone27,querVar,Zone27,339,339,Two years three ripes or one year two ripes grain fields and deciduous orchards,#FFB703,TRUE,rf_var,Plain RF,2011-2040SSP585,2011-2040,SSP585,12393866,8501128.01140083,1,Top-1,962359,637243.795733766,0.0776480074901568,0.0749599106000004
27,querVar-Zone27,querVar,Zone27,339,339,Two years three ripes or one year two ripes grain fields and deciduous orchards,#FFB703,TRUE,rf_var,Plain RF,2011-2040SSP585,2011-2040,SSP585,12393866,8501128.01140083,3,Top-3,1426648,942597.106711101,0.115109199986509,0.110879062807546
27,querVar-Zone27,querVar,Zone27,339,339,Two years three ripes or one year two ripes grain fields and deciduous orchards,#FFB703,TRUE,rf_var,Plain RF,2011-2040SSP585,2011-2040,SSP585,12393866,8501128.01140083,5,Top-5,1551501,1025254.04276079,0.125182973577413,0.12060211790551
27,querVar-Zone27,querVar,Zone27,339,339,Two years three ripes or one year two ripes grain fields and deciduous orchards,#FFB703,TRUE,rf_var,Plain RF,2041-2070SSP585,2041-2070,SSP585,12393866,8501128.01140083,1,Top-1,1073744,697411.079387026,0.0866351144993822,0.0820374753152442
27,querVar-Zone27,querVar,Zone27,339,339,Two years three ripes or one year two ripes grain fields and deciduous orchards,#FFB703,TRUE,rf_var,Plain RF,2041-2070SSP585,2041-2070,SSP585,12393866,8501128.01140083,3,Top-3,1581519,1028169.83570571,0.127604978139993,0.120945106852507
27,querVar-Zone27,querVar,Zone27,339,339,Two years three ripes or one year two ripes grain fields and deciduous orchards,#FFB703,TRUE,rf_var,Plain RF,2041-2070SSP585,2041-2070,SSP585,12393866,8501128.01140083,5,Top-5,1677391,1091006.08041397,0.135340417590444,0.128336625322054
27,querVar-Zone27,querVar,Zone27,339,339,Two years three ripes or one year two ripes grain fields and deciduous orchards,#FFB703,TRUE,rf_var,Plain RF,2071-2100SSP585,2071-2100,SSP585,12393866,8501128.01140083,1,Top-1,1293381,835485.499991021,0.104356542179817,0.0982793693813991
27,querVar-Zone27,querVar,Zone27,339,339,Two years three ripes or one year two ripes grain fields and deciduous orchards,#FFB703,TRUE,rf_var,Plain RF,2071-2100SSP585,2071-2100,SSP585,12393866,8501128.01140083,3,Top-3,1699054,1095375.89795155,0.137088298356623,0.128850653287722
27,querVar-Zone27,querVar,Zone27,339,339,Two years three ripes or one year two ripes grain fields and deciduous orchards,#FFB703,TRUE,rf_var,Plain RF,2071-2100SSP585,2071-2100,SSP585,12393866,8501128.01140083,5,Top-5,1747919,1127489.12652265,0.141030974515942,0.132628178873507
27,querVar-Zone27,querVar,Zone27,339,339,Two years three ripes or one year two ripes grain fields and deciduous orchards,#FFB703,TRUE,mf_var,Plain MF RF,2011-2040SSP245,2011-2040,SSP245,12393866,8501128.01140083,1,Top-1,948539,628351.853190772,0.0765329397622985,0.0739139385206401
27,querVar-Zone27,querVar,Zone27,339,339,Two years three ripes or one year two ripes grain fields and deciduous orchards,#FFB703,TRUE,mf_var,Plain MF RF,2011-2040SSP245,2011-2040,SSP245,12393866,8501128.01140083,3,Top-3,1393398,922591.477319677,0.112426421263551,0.108525771648468
27,querVar-Zone27,querVar,Zone27,339,339,Two years three ripes or one year two ripes grain fields and deciduous orchards,#FFB703,TRUE,mf_var,Plain MF RF,2011-2040SSP245,2011-2040,SSP245,12393866,8501128.01140083,5,Top-5,1513792,1002729.86399537,0.122140420107818,0.117952566136001
27,querVar-Zone27,querVar,Zone27,339,339,Two years three ripes or one year two ripes grain fields and deciduous orchards,#FFB703,TRUE,mf_var,Plain MF RF,2041-2070SSP245,2041-2070,SSP245,12393866,8501128.01140083,1,Top-1,1026573,670476.114148739,0.0828291188560535,0.0788690763448764
27,querVar-Zone27,querVar,Zone27,339,339,Two years three ripes or one year two ripes grain fields and deciduous orchards,#FFB703,TRUE,mf_var,Plain MF RF,2041-2070SSP245,2041-2070,SSP245,12393866,8501128.01140083,3,Top-3,1520948,994163.895550802,0.122717802500043,0.116944938861941
27,querVar-Zone27,querVar,Zone27,339,339,Two years three ripes or one year two ripes grain fields and deciduous orchards,#FFB703,TRUE,mf_var,Plain MF RF,2041-2070SSP245,2041-2070,SSP245,12393866,8501128.01140083,5,Top-5,1624863,1062743.34430299,0.13110219200369,0.125012038740946
27,querVar-Zone27,querVar,Zone27,339,339,Two years three ripes or one year two ripes grain fields and deciduous orchards,#FFB703,TRUE,mf_var,Plain MF RF,2071-2100SSP245,2071-2100,SSP245,12393866,8501128.01140083,1,Top-1,1063384,689885.434155145,0.0857992171288604,0.0811522227673718
27,querVar-Zone27,querVar,Zone27,339,339,Two years three ripes or one year two ripes grain fields and deciduous orchards,#FFB703,TRUE,mf_var,Plain MF RF,2071-2100SSP245,2071-2100,SSP245,12393866,8501128.01140083,3,Top-3,1590504,1032487.09794714,0.128329933533249,0.121452952662573
27,querVar-Zone27,querVar,Zone27,339,339,Two years three ripes or one year two ripes grain fields and deciduous orchards,#FFB703,TRUE,mf_var,Plain MF RF,2071-2100SSP245,2071-2100,SSP245,12393866,8501128.01140083,5,Top-5,1688029,1096354.78977148,0.136198745411642,0.128965801750211
27,querVar-Zone27,querVar,Zone27,339,339,Two years three ripes or one year two ripes grain fields and deciduous orchards,#FFB703,TRUE,mf_var,Plain MF RF,2011-2040SSP585,2011-2040,SSP585,12393866,8501128.01140083,1,Top-1,947239,627103.253056806,0.0764280491656114,0.0737670638785582
27,querVar-Zone27,querVar,Zone27,339,339,Two years three ripes or one year two ripes grain fields and deciduous orchards,#FFB703,TRUE,mf_var,Plain MF RF,2011-2040SSP585,2011-2040,SSP585,12393866,8501128.01140083,3,Top-3,1404599,928636.292151518,0.113330174781622,0.109236831971725
27,querVar-Zone27,querVar,Zone27,339,339,Two years three ripes or one year two ripes grain fields and deciduous orchards,#FFB703,TRUE,mf_var,Plain MF RF,2011-2040SSP585,2011-2040,SSP585,12393866,8501128.01140083,5,Top-5,1521544,1006509.41305581,0.12276589080437,0.118397159965828
27,querVar-Zone27,querVar,Zone27,339,339,Two years three ripes or one year two ripes grain fields and deciduous orchards,#FFB703,TRUE,mf_var,Plain MF RF,2041-2070SSP585,2041-2070,SSP585,12393866,8501128.01140083,1,Top-1,1060734,689631.712698968,0.0855854016817674,0.0811223771450218
27,querVar-Zone27,querVar,Zone27,339,339,Two years three ripes or one year two ripes grain fields and deciduous orchards,#FFB703,TRUE,mf_var,Plain MF RF,2041-2070SSP585,2041-2070,SSP585,12393866,8501128.01140083,3,Top-3,1595903,1037905.50790029,0.128765552249798,0.122090328072741
27,querVar-Zone27,querVar,Zone27,339,339,Two years three ripes or one year two ripes grain fields and deciduous orchards,#FFB703,TRUE,mf_var,Plain MF RF,2041-2070SSP585,2041-2070,SSP585,12393866,8501128.01140083,5,Top-5,1692098,1101151.94520594,0.136527052979272,0.129530098091593
27,querVar-Zone27,querVar,Zone27,339,339,Two years three ripes or one year two ripes grain fields and deciduous orchards,#FFB703,TRUE,mf_var,Plain MF RF,2071-2100SSP585,2071-2100,SSP585,12393866,8501128.01140083,1,Top-1,1279402,828650.001850736,0.103228645525133,0.0974752998354379
27,querVar-Zone27,querVar,Zone27,339,339,Two years three ripes or one year two ripes grain fields and deciduous orchards,#FFB703,TRUE,mf_var,Plain MF RF,2071-2100SSP585,2071-2100,SSP585,12393866,8501128.01140083,3,Top-3,1695201,1093426.09710434,0.136777418765057,0.128621295390206
27,querVar-Zone27,querVar,Zone27,339,339,Two years three ripes or one year two ripes grain fields and deciduous orchards,#FFB703,TRUE,mf_var,Plain MF RF,2071-2100SSP585,2071-2100,SSP585,12393866,8501128.01140083,5,Top-5,1749268,1128840.86497047,0.141139818681273,0.13278718582482
28,querVar-Zone28,querVar,Zone28,17394,17394,Broadleaf deciduous forests in subtropical zone,#52B788,TRUE,rf_var,Plain RF,2011-2040SSP245,2011-2040,SSP245,12393866,8501128.01140083,1,Top-1,82059,60364.6992315857,0.00662093651811307,0.00710078699563527
28,querVar-Zone28,querVar,Zone28,17394,17394,Broadleaf deciduous forests in subtropical zone,#52B788,TRUE,rf_var,Plain RF,2011-2040SSP245,2011-2040,SSP245,12393866,8501128.01140083,3,Top-3,298740,220629.208744042,0.0241038591186963,0.0259529333575681
28,querVar-Zone28,querVar,Zone28,17394,17394,Broadleaf deciduous forests in subtropical zone,#52B788,TRUE,rf_var,Plain RF,2011-2040SSP245,2011-2040,SSP245,12393866,8501128.01140083,5,Top-5,523156,387703.169076858,0.0422108807695678,0.0456060852814957
28,querVar-Zone28,querVar,Zone28,17394,17394,Broadleaf deciduous forests in subtropical zone,#52B788,TRUE,rf_var,Plain RF,2041-2070SSP245,2041-2070,SSP245,12393866,8501128.01140083,1,Top-1,67414,49002.2224662336,0.00543930360389567,0.00576420239767204
28,querVar-Zone28,querVar,Zone28,17394,17394,Broadleaf deciduous forests in subtropical zone,#52B788,TRUE,rf_var,Plain RF,2041-2070SSP245,2041-2070,SSP245,12393866,8501128.01140083,3,Top-3,254015,186328.744343816,0.0204952191672881,0.0219181200534718
28,querVar-Zone28,querVar,Zone28,17394,17394,Broadleaf deciduous forests in subtropical zone,#52B788,TRUE,rf_var,Plain RF,2041-2070SSP245,2041-2070,SSP245,12393866,8501128.01140083,5,Top-5,424688,313066.626362312,0.0342659828660403,0.0368264806673254
28,querVar-Zone28,querVar,Zone28,17394,17394,Broadleaf deciduous forests in subtropical zone,#52B788,TRUE,rf_var,Plain RF,2071-2100SSP245,2071-2100,SSP245,12393866,8501128.01140083,1,Top-1,62766,45251.6708432316,0.00506427937820209,0.0053230195784071
28,querVar-Zone28,querVar,Zone28,17394,17394,Broadleaf deciduous forests in subtropical zone,#52B788,TRUE,rf_var,Plain RF,2071-2100SSP245,2071-2100,SSP245,12393866,8501128.01140083,3,Top-3,217672,158750.24432686,0.0175628815092885,0.0186740211550703
28,querVar-Zone28,querVar,Zone28,17394,17394,Broadleaf deciduous forests in subtropical zone,#52B788,TRUE,rf_var,Plain RF,2071-2100SSP245,2071-2100,SSP245,12393866,8501128.01140083,5,Top-5,361741,265425.563647641,0.0291870994893764,0.0312223934625711
28,querVar-Zone28,querVar,Zone28,17394,17394,Broadleaf deciduous forests in subtropical zone,#52B788,TRUE,rf_var,Plain RF,2011-2040SSP585,2011-2040,SSP585,12393866,8501128.01140083,1,Top-1,84923,62317.6902774835,0.0068520185711222,0.00733052016084329
28,querVar-Zone28,querVar,Zone28,17394,17394,Broadleaf deciduous forests in subtropical zone,#52B788,TRUE,rf_var,Plain RF,2011-2040SSP585,2011-2040,SSP585,12393866,8501128.01140083,3,Top-3,300085,221307.667014267,0.0242123805437303,0.0260327413864927
28,querVar-Zone28,querVar,Zone28,17394,17394,Broadleaf deciduous forests in subtropical zone,#52B788,TRUE,rf_var,Plain RF,2011-2040SSP585,2011-2040,SSP585,12393866,8501128.01140083,5,Top-5,522058,386512.148956142,0.0421222885579044,0.0454659838597645
28,querVar-Zone28,querVar,Zone28,17394,17394,Broadleaf deciduous forests in subtropical zone,#52B788,TRUE,rf_var,Plain RF,2041-2070SSP585,2041-2070,SSP585,12393866,8501128.01140083,1,Top-1,63031,45538.8205571088,0.00508566092291138,0.00535679741512383
28,querVar-Zone28,querVar,Zone28,17394,17394,Broadleaf deciduous forests in subtropical zone,#52B788,TRUE,rf_var,Plain RF,2041-2070SSP585,2041-2070,SSP585,12393866,8501128.01140083,3,Top-3,220259,160836.774285831,0.0177716137966959,0.0189194626960249
28,querVar-Zone28,querVar,Zone28,17394,17394,Broadleaf deciduous forests in subtropical zone,#52B788,TRUE,rf_var,Plain RF,2041-2070SSP585,2041-2070,SSP585,12393866,8501128.01140083,5,Top-5,367005,269670.280445256,0.0296118257208848,0.0317217056470156
28,querVar-Zone28,querVar,Zone28,17394,17394,Broadleaf deciduous forests in subtropical zone,#52B788,TRUE,rf_var,Plain RF,2071-2100SSP585,2071-2100,SSP585,12393866,8501128.01140083,1,Top-1,46629,33411.5396720174,0.00376226433301764,0.00393024780090469
28,querVar-Zone28,querVar,Zone28,17394,17394,Broadleaf deciduous forests in subtropical zone,#52B788,TRUE,rf_var,Plain RF,2071-2100SSP585,2071-2100,SSP585,12393866,8501128.01140083,3,Top-3,145617,105245.685708274,0.0117491184752199,0.0123802024351509
28,querVar-Zone28,querVar,Zone28,17394,17394,Broadleaf deciduous forests in subtropical zone,#52B788,TRUE,rf_var,Plain RF,2071-2100SSP585,2071-2100,SSP585,12393866,8501128.01140083,5,Top-5,236457,172219.956049944,0.0190785506314172,0.0202584828529791
28,querVar-Zone28,querVar,Zone28,17394,17394,Broadleaf deciduous forests in subtropical zone,#52B788,TRUE,mf_var,Plain MF RF,2011-2040SSP245,2011-2040,SSP245,12393866,8501128.01140083,1,Top-1,83992,61804.6799389898,0.00677690076687936,0.00727017401174336
28,querVar-Zone28,querVar,Zone28,17394,17394,Broadleaf deciduous forests in subtropical zone,#52B788,TRUE,mf_var,Plain MF RF,2011-2040SSP245,2011-2040,SSP245,12393866,8501128.01140083,3,Top-3,306936,226754.221904635,0.0247651539882713,0.0266734275263866
28,querVar-Zone28,querVar,Zone28,17394,17394,Broadleaf deciduous forests in subtropical zone,#52B788,TRUE,mf_var,Plain MF RF,2011-2040SSP245,2011-2040,SSP245,12393866,8501128.01140083,5,Top-5,527665,391044.81555889,0.0425746897699233,0.0459991679968189
28,querVar-Zone28,querVar,Zone28,17394,17394,Broadleaf deciduous forests in subtropical zone,#52B788,TRUE,mf_var,Plain MF RF,2041-2070SSP245,2041-2070,SSP245,12393866,8501128.01140083,1,Top-1,70900,51602.9379170373,0.00572057177316586,0.00607012832271586
28,querVar-Zone28,querVar,Zone28,17394,17394,Broadleaf deciduous forests in subtropical zone,#52B788,TRUE,mf_var,Plain MF RF,2041-2070SSP245,2041-2070,SSP245,12393866,8501128.01140083,3,Top-3,261701,192009.289489606,0.021115364648932,0.0225863308059946
28,querVar-Zone28,querVar,Zone28,17394,17394,Broadleaf deciduous forests in subtropical zone,#52B788,TRUE,mf_var,Plain MF RF,2041-2070SSP245,2041-2070,SSP245,12393866,8501128.01140083,5,Top-5,435562,321155.453904499,0.0351433523647908,0.037777981166005
28,querVar-Zone28,querVar,Zone28,17394,17394,Broadleaf deciduous forests in subtropical zone,#52B788,TRUE,mf_var,Plain MF RF,2071-2100SSP245,2071-2100,SSP245,12393866,8501128.01140083,1,Top-1,65764,47438.6074319107,0.00530617323117742,0.00558027209663128
28,querVar-Zone28,querVar,Zone28,17394,17394,Broadleaf deciduous forests in subtropical zone,#52B788,TRUE,mf_var,Plain MF RF,2071-2100SSP245,2071-2100,SSP245,12393866,8501128.01140083,3,Top-3,222395,162220.202469097,0.0179439571155602,0.0190821973568148
28,querVar-Zone28,querVar,Zone28,17394,17394,Broadleaf deciduous forests in subtropical zone,#52B788,TRUE,mf_var,Plain MF RF,2071-2100SSP245,2071-2100,SSP245,12393866,8501128.01140083,5,Top-5,371849,272959.877626078,0.0300026642211559,0.0321086657276555
28,querVar-Zone28,querVar,Zone28,17394,17394,Broadleaf deciduous forests in subtropical zone,#52B788,TRUE,mf_var,Plain MF RF,2011-2040SSP585,2011-2040,SSP585,12393866,8501128.01140083,1,Top-1,88394,64889.8665803372,0.00713207646427676,0.00763308898458107
28,querVar-Zone28,querVar,Zone28,17394,17394,Broadleaf deciduous forests in subtropical zone,#52B788,TRUE,mf_var,Plain MF RF,2011-2040SSP585,2011-2040,SSP585,12393866,8501128.01140083,3,Top-3,308745,227771.090238826,0.0249111132878151,0.0267930432212482
28,querVar-Zone28,querVar,Zone28,17394,17394,Broadleaf deciduous forests in subtropical zone,#52B788,TRUE,mf_var,Plain MF RF,2011-2040SSP585,2011-2040,SSP585,12393866,8501128.01140083,5,Top-5,530053,392487.850346924,0.0427673657275301,0.0461689142688547
28,querVar-Zone28,querVar,Zone28,17394,17394,Broadleaf deciduous forests in subtropical zone,#52B788,TRUE,mf_var,Plain MF RF,2041-2070SSP585,2041-2070,SSP585,12393866,8501128.01140083,1,Top-1,66028,47754.2953775889,0.00532747409081234,0.00561740692688615
28,querVar-Zone28,querVar,Zone28,17394,17394,Broadleaf deciduous forests in subtropical zone,#52B788,TRUE,mf_var,Plain MF RF,2041-2070SSP585,2041-2070,SSP585,12393866,8501128.01140083,3,Top-3,227843,166498.423836818,0.0183835294007536,0.0195854507323649
28,querVar-Zone28,querVar,Zone28,17394,17394,Broadleaf deciduous forests in subtropical zone,#52B788,TRUE,mf_var,Plain MF RF,2041-2070SSP585,2041-2070,SSP585,12393866,8501128.01140083,5,Top-5,376244,276580.245825477,0.0303572751230326,0.0325345348822599
28,querVar-Zone28,querVar,Zone28,17394,17394,Broadleaf deciduous forests in subtropical zone,#52B788,TRUE,mf_var,Plain MF RF,2071-2100SSP585,2071-2100,SSP585,12393866,8501128.01140083,1,Top-1,50178,35959.7140133711,0.00404861566197343,0.00422999323914964
28,querVar-Zone28,querVar,Zone28,17394,17394,Broadleaf deciduous forests in subtropical zone,#52B788,TRUE,mf_var,Plain MF RF,2071-2100SSP585,2071-2100,SSP585,12393866,8501128.01140083,3,Top-3,156680,113424.174263926,0.0126417374530272,0.0133422498886987
28,querVar-Zone28,querVar,Zone28,17394,17394,Broadleaf deciduous forests in subtropical zone,#52B788,TRUE,mf_var,Plain MF RF,2071-2100SSP585,2071-2100,SSP585,12393866,8501128.01140083,5,Top-5,255500,186386.547635423,0.0206150365027345,0.021924919538379
30,querVar-Zone30,querVar,Zone30,1037,1037,Needleleaf forests in subtropical zone,#1B9AAA,TRUE,rf_var,Plain RF,2011-2040SSP245,2011-2040,SSP245,12393866,8501128.01140083,1,Top-1,329585,251602.215291725,0.0265925902377838,0.0295963329753771
30,querVar-Zone30,querVar,Zone30,1037,1037,Needleleaf forests in subtropical zone,#1B9AAA,TRUE,rf_var,Plain RF,2011-2040SSP245,2011-2040,SSP245,12393866,8501128.01140083,3,Top-3,1096082,832162.420398588,0.0884374576907641,0.0978884707161894
30,querVar-Zone30,querVar,Zone30,1037,1037,Needleleaf forests in subtropical zone,#1B9AAA,TRUE,rf_var,Plain RF,2011-2040SSP245,2011-2040,SSP245,12393866,8501128.01140083,5,Top-5,1547685,1176946.56512753,0.124875079333599,0.138445929004848
30,querVar-Zone30,querVar,Zone30,1037,1037,Needleleaf forests in subtropical zone,#1B9AAA,TRUE,rf_var,Plain RF,2041-2070SSP245,2041-2070,SSP245,12393866,8501128.01140083,1,Top-1,215651,164845.396169835,0.0173998169739773,0.0193910026938498
30,querVar-Zone30,querVar,Zone30,1037,1037,Needleleaf forests in subtropical zone,#1B9AAA,TRUE,rf_var,Plain RF,2041-2070SSP245,2041-2070,SSP245,12393866,8501128.01140083,3,Top-3,963281,729774.312412677,0.0777223991287303,0.0858444092870945
30,querVar-Zone30,querVar,Zone30,1037,1037,Needleleaf forests in subtropical zone,#1B9AAA,TRUE,rf_var,Plain RF,2041-2070SSP245,2041-2070,SSP245,12393866,8501128.01140083,5,Top-5,1350546,1024799.35937329,0.108968904456446,0.120548632840128
30,querVar-Zone30,querVar,Zone30,1037,1037,Needleleaf forests in subtropical zone,#1B9AAA,TRUE,rf_var,Plain RF,2071-2100SSP245,2071-2100,SSP245,12393866,8501128.01140083,1,Top-1,156353,119289.458741245,0.0126153534337066,0.0140321917963435
30,querVar-Zone30,querVar,Zone30,1037,1037,Needleleaf forests in subtropical zone,#1B9AAA,TRUE,rf_var,Plain RF,2071-2100SSP245,2071-2100,SSP245,12393866,8501128.01140083,3,Top-3,854322,645123.759217333,0.0689310341099379,0.0758868421169708
30,querVar-Zone30,querVar,Zone30,1037,1037,Needleleaf forests in subtropical zone,#1B9AAA,TRUE,rf_var,Plain RF,2071-2100SSP245,2071-2100,SSP245,12393866,8501128.01140083,5,Top-5,1221431,924276.528347196,0.0985512510785577,0.108723986641261
30,querVar-Zone30,querVar,Zone30,1037,1037,Needleleaf forests in subtropical zone,#1B9AAA,TRUE,rf_var,Plain RF,2011-2040SSP585,2011-2040,SSP585,12393866,8501128.01140083,1,Top-1,306451,234008.502745697,0.0247260217271996,0.027526759087955
30,querVar-Zone30,querVar,Zone30,1037,1037,Needleleaf forests in subtropical zone,#1B9AAA,TRUE,rf_var,Plain RF,2011-2040SSP585,2011-2040,SSP585,12393866,8501128.01140083,3,Top-3,1101922,835830.551384755,0.0889086585251124,0.0983199582765753
30,querVar-Zone30,querVar,Zone30,1037,1037,Needleleaf forests in subtropical zone,#1B9AAA,TRUE,rf_var,Plain RF,2011-2040SSP585,2011-2040,SSP585,12393866,8501128.01140083,5,Top-5,1564125,1188457.84092475,0.126201541956319,0.139800017048434
30,querVar-Zone30,querVar,Zone30,1037,1037,Needleleaf forests in subtropical zone,#1B9AAA,TRUE,rf_var,Plain RF,2041-2070SSP585,2041-2070,SSP585,12393866,8501128.01140083,1,Top-1,166738,127276.06726588,0.0134532679310878,0.0149716681239467
30,querVar-Zone30,querVar,Zone30,1037,1037,Needleleaf forests in subtropical zone,#1B9AAA,TRUE,rf_var,Plain RF,2041-2070SSP585,2041-2070,SSP585,12393866,8501128.01140083,3,Top-3,881100,666234.106272262,0.0710916190315435,0.0783700828147485
30,querVar-Zone30,querVar,Zone30,1037,1037,Needleleaf forests in subtropical zone,#1B9AAA,TRUE,rf_var,Plain RF,2041-2070SSP585,2041-2070,SSP585,12393866,8501128.01140083,5,Top-5,1245880,943776.042301697,0.100523920461945,0.111017742708497
30,querVar-Zone30,querVar,Zone30,1037,1037,Needleleaf forests in subtropical zone,#1B9AAA,TRUE,rf_var,Plain RF,2071-2100SSP585,2071-2100,SSP585,12393866,8501128.01140083,1,Top-1,69611,52668.1763232232,0.00561656871229687,0.00619543385919964
30,querVar-Zone30,querVar,Zone30,1037,1037,Needleleaf forests in subtropical zone,#1B9AAA,TRUE,rf_var,Plain RF,2071-2100SSP585,2071-2100,SSP585,12393866,8501128.01140083,3,Top-3,463581,347958.814268473,0.0374040674636953,0.0409308992644066
30,querVar-Zone30,querVar,Zone30,1037,1037,Needleleaf forests in subtropical zone,#1B9AAA,TRUE,rf_var,Plain RF,2071-2100SSP585,2071-2100,SSP585,12393866,8501128.01140083,5,Top-5,750210,566420.166556105,0.0605307496466397,0.0666288245273428
30,querVar-Zone30,querVar,Zone30,1037,1037,Needleleaf forests in subtropical zone,#1B9AAA,TRUE,mf_var,Plain MF RF,2011-2040SSP245,2011-2040,SSP245,12393866,8501128.01140083,1,Top-1,325778,248736.155729959,0.0262854221596393,0.0292591942382681
30,querVar-Zone30,querVar,Zone30,1037,1037,Needleleaf forests in subtropical zone,#1B9AAA,TRUE,mf_var,Plain MF RF,2011-2040SSP245,2011-2040,SSP245,12393866,8501128.01140083,3,Top-3,1100430,835644.257506178,0.0887882763941453,0.0982980442578325
30,querVar-Zone30,querVar,Zone30,1037,1037,Needleleaf forests in subtropical zone,#1B9AAA,TRUE,mf_var,Plain MF RF,2011-2040SSP245,2011-2040,SSP245,12393866,8501128.01140083,5,Top-5,1552496,1180716.8989127,0.125263255226416,0.138889438828499
30,querVar-Zone30,querVar,Zone30,1037,1037,Needleleaf forests in subtropical zone,#1B9AAA,TRUE,mf_var,Plain MF RF,2041-2070SSP245,2041-2070,SSP245,12393866,8501128.01140083,1,Top-1,211139,161423.023683792,0.0170357659183987,0.0189884240617608
30,querVar-Zone30,querVar,Zone30,1037,1037,Needleleaf forests in subtropical zone,#1B9AAA,TRUE,mf_var,Plain MF RF,2041-2070SSP245,2041-2070,SSP245,12393866,8501128.01140083,3,Top-3,968155,733837.336951684,0.0781156581812326,0.0863223487480177
30,querVar-Zone30,querVar,Zone30,1037,1037,Needleleaf forests in subtropical zone,#1B9AAA,TRUE,mf_var,Plain MF RF,2041-2070SSP245,2041-2070,SSP245,12393866,8501128.01140083,5,Top-5,1361609,1033362.10289441,0.109861523434254,0.121555880761773
30,querVar-Zone30,querVar,Zone30,1037,1037,Needleleaf forests in subtropical zone,#1B9AAA,TRUE,mf_var,Plain MF RF,2071-2100SSP245,2071-2100,SSP245,12393866,8501128.01140083,1,Top-1,150416,114839.36143228,0.0121363261471441,0.0135087204049003
30,querVar-Zone30,querVar,Zone30,1037,1037,Needleleaf forests in subtropical zone,#1B9AAA,TRUE,mf_var,Plain MF RF,2071-2100SSP245,2071-2100,SSP245,12393866,8501128.01140083,3,Top-3,877445,662847.525863426,0.070796715084704,0.0779717144565384
30,querVar-Zone30,querVar,Zone30,1037,1037,Needleleaf forests in subtropical zone,#1B9AAA,TRUE,mf_var,Plain MF RF,2071-2100SSP245,2071-2100,SSP245,12393866,8501128.01140083,5,Top-5,1253129,948109.889429058,0.101108806566087,0.111527539422716
30,querVar-Zone30,querVar,Zone30,1037,1037,Needleleaf forests in subtropical zone,#1B9AAA,TRUE,mf_var,Plain MF RF,2011-2040SSP585,2011-2040,SSP585,12393866,8501128.01140083,1,Top-1,301993,230640.822896456,0.0243663276656372,0.0271306140299434
30,querVar-Zone30,querVar,Zone30,1037,1037,Needleleaf forests in subtropical zone,#1B9AAA,TRUE,mf_var,Plain MF RF,2011-2040SSP585,2011-2040,SSP585,12393866,8501128.01140083,3,Top-3,1102590,836594.583426411,0.0889625561547946,0.098409832472168
30,querVar-Zone30,querVar,Zone30,1037,1037,Needleleaf forests in subtropical zone,#1B9AAA,TRUE,mf_var,Plain MF RF,2011-2040SSP585,2011-2040,SSP585,12393866,8501128.01140083,5,Top-5,1572730,1195167.55923907,0.126895837021314,0.140589290931301
30,querVar-Zone30,querVar,Zone30,1037,1037,Needleleaf forests in subtropical zone,#1B9AAA,TRUE,mf_var,Plain MF RF,2041-2070SSP585,2041-2070,SSP585,12393866,8501128.01140083,1,Top-1,161995,123706.573549129,0.0130705786233287,0.0145517834084167
30,querVar-Zone30,querVar,Zone30,1037,1037,Needleleaf forests in subtropical zone,#1B9AAA,TRUE,mf_var,Plain MF RF,2041-2070SSP585,2041-2070,SSP585,12393866,8501128.01140083,3,Top-3,898162,679394.385773055,0.0724682677705246,0.0799181455522046
30,querVar-Zone30,querVar,Zone30,1037,1037,Needleleaf forests in subtropical zone,#1B9AAA,TRUE,mf_var,Plain MF RF,2041-2070SSP585,2041-2070,SSP585,12393866,8501128.01140083,5,Top-5,1263754,957251.277907977,0.101966085481318,0.112602854188787
30,querVar-Zone30,querVar,Zone30,1037,1037,Needleleaf forests in subtropical zone,#1B9AAA,TRUE,mf_var,Plain MF RF,2071-2100SSP585,2071-2100,SSP585,12393866,8501128.01140083,1,Top-1,65037,49262.1912728352,0.00524751518210702,0.00579478290490037
30,querVar-Zone30,querVar,Zone30,1037,1037,Needleleaf forests in subtropical zone,#1B9AAA,TRUE,mf_var,Plain MF RF,2071-2100SSP585,2071-2100,SSP585,12393866,8501128.01140083,3,Top-3,495039,371221.949587397,0.0399422585333745,0.0436673755635197
30,querVar-Zone30,querVar,Zone30,1037,1037,Needleleaf forests in subtropical zone,#1B9AAA,TRUE,mf_var,Plain MF RF,2071-2100SSP585,2071-2100,SSP585,12393866,8501128.01140083,5,Top-5,819688,618124.694685938,0.0661365872440448,0.072710903053921
33,querVar-Zone33,querVar,Zone33,58,58,One year one ripe grain fields and cold-tolerant economic crop fields; deciduous orchards,#FDB833,TRUE,rf_var,Plain RF,2011-2040SSP245,2011-2040,SSP245,12393866,8501128.01140083,1,Top-1,482094,327839.49572942,0.0388977902455941,0.0385642346862388
33,querVar-Zone33,querVar,Zone33,58,58,One year one ripe grain fields and cold-tolerant economic crop fields; deciduous orchards,#FDB833,TRUE,rf_var,Plain RF,2011-2040SSP245,2011-2040,SSP245,12393866,8501128.01140083,3,Top-3,864314,582779.649615205,0.0697372393730899,0.068553214212707
33,querVar-Zone33,querVar,Zone33,58,58,One year one ripe grain fields and cold-tolerant economic crop fields; deciduous orchards,#FDB833,TRUE,rf_var,Plain RF,2011-2040SSP245,2011-2040,SSP245,12393866,8501128.01140083,5,Top-5,999192,672039.053099553,0.0806198808346,0.0790529271172348
33,querVar-Zone33,querVar,Zone33,58,58,One year one ripe grain fields and cold-tolerant economic crop fields; deciduous orchards,#FDB833,TRUE,rf_var,Plain RF,2041-2070SSP245,2041-2070,SSP245,12393866,8501128.01140083,1,Top-1,508808,345045.514816102,0.0410532113224397,0.0405882036305491
33,querVar-Zone33,querVar,Zone33,58,58,One year one ripe grain fields and cold-tolerant economic crop fields; deciduous orchards,#FDB833,TRUE,rf_var,Plain RF,2041-2070SSP245,2041-2070,SSP245,12393866,8501128.01140083,3,Top-3,839411,565021.848910344,0.0677279389659369,0.0664643383975157
33,querVar-Zone33,querVar,Zone33,58,58,One year one ripe grain fields and cold-tolerant economic crop fields; deciduous orchards,#FDB833,TRUE,rf_var,Plain RF,2041-2070SSP245,2041-2070,SSP245,12393866,8501128.01140083,5,Top-5,940777,632230.786196299,0.0759066622150022,0.0743702230278636
33,querVar-Zone33,querVar,Zone33,58,58,One year one ripe grain fields and cold-tolerant economic crop fields; deciduous orchards,#FDB833,TRUE,rf_var,Plain RF,2071-2100SSP245,2071-2100,SSP245,12393866,8501128.01140083,1,Top-1,479631,324112.452543335,0.0386990629074092,0.0381258171984551
33,querVar-Zone33,querVar,Zone33,58,58,One year one ripe grain fields and cold-tolerant economic crop fields; deciduous orchards,#FDB833,TRUE,rf_var,Plain RF,2071-2100SSP245,2071-2100,SSP245,12393866,8501128.01140083,3,Top-3,785659,528368.070894241,0.0633909548481483,0.0621527014045252
33,querVar-Zone33,querVar,Zone33,58,58,One year one ripe grain fields and cold-tolerant economic crop fields; deciduous orchards,#FDB833,TRUE,rf_var,Plain RF,2071-2100SSP245,2071-2100,SSP245,12393866,8501128.01140083,5,Top-5,860607,578197.74067688,0.0694381398023829,0.068014237628402
33,querVar-Zone33,querVar,Zone33,58,58,One year one ripe grain fields and cold-tolerant economic crop fields; deciduous orchards,#FDB833,TRUE,rf_var,Plain RF,2011-2040SSP585,2011-2040,SSP585,12393866,8501128.01140083,1,Top-1,479625,326071.934942971,0.038698578796963,0.0383563139510047
33,querVar-Zone33,querVar,Zone33,58,58,One year one ripe grain fields and cold-tolerant economic crop fields; deciduous orchards,#FDB833,TRUE,rf_var,Plain RF,2011-2040SSP585,2011-2040,SSP585,12393866,8501128.01140083,3,Top-3,853011,575242.920718306,0.0688252559774327,0.0676666578772664
33,querVar-Zone33,querVar,Zone33,58,58,One year one ripe grain fields and cold-tolerant economic crop fields; deciduous orchards,#FDB833,TRUE,rf_var,Plain RF,2011-2040SSP585,2011-2040,SSP585,12393866,8501128.01140083,5,Top-5,989763,665799.3939007,0.079859101268321,0.0783189469688962
33,querVar-Zone33,querVar,Zone33,58,58,One year one ripe grain fields and cold-tolerant economic crop fields; deciduous orchards,#FDB833,TRUE,rf_var,Plain RF,2041-2070SSP585,2041-2070,SSP585,12393866,8501128.01140083,1,Top-1,485325,328284.582624474,0.0391584837208987,0.0386165909023146
33,querVar-Zone33,querVar,Zone33,58,58,One year one ripe grain fields and cold-tolerant economic crop fields; deciduous orchards,#FDB833,TRUE,rf_var,Plain RF,2041-2070SSP585,2041-2070,SSP585,12393866,8501128.01140083,3,Top-3,800786,538957.204885256,0.0646114779682143,0.0633983165719258
33,querVar-Zone33,querVar,Zone33,58,58,One year one ripe grain fields and cold-tolerant economic crop fields; deciduous orchards,#FDB833,TRUE,rf_var,Plain RF,2041-2070SSP585,2041-2070,SSP585,12393866,8501128.01140083,5,Top-5,882393,593098.341373744,0.07119594483271,0.0697670168686252
33,querVar-Zone33,querVar,Zone33,58,58,One year one ripe grain fields and cold-tolerant economic crop fields; deciduous orchards,#FDB833,TRUE,rf_var,Plain RF,2071-2100SSP585,2071-2100,SSP585,12393866,8501128.01140083,1,Top-1,282463,190427.240647638,0.0227905481630994,0.0224002321094632
33,querVar-Zone33,querVar,Zone33,58,58,One year one ripe grain fields and cold-tolerant economic crop fields; deciduous orchards,#FDB833,TRUE,rf_var,Plain RF,2071-2100SSP585,2071-2100,SSP585,12393866,8501128.01140083,3,Top-3,507274,340894.214767996,0.0409294404183489,0.040099880193643
33,querVar-Zone33,querVar,Zone33,58,58,One year one ripe grain fields and cold-tolerant economic crop fields; deciduous orchards,#FDB833,TRUE,rf_var,Plain RF,2071-2100SSP585,2071-2100,SSP585,12393866,8501128.01140083,5,Top-5,535791,360097.997057318,0.0432303366842921,0.0423588489168016
33,querVar-Zone33,querVar,Zone33,58,58,One year one ripe grain fields and cold-tolerant economic crop fields; deciduous orchards,#FDB833,TRUE,mf_var,Plain MF RF,2011-2040SSP245,2011-2040,SSP245,12393866,8501128.01140083,1,Top-1,481860,327858.999313396,0.0388789099381904,0.0385665289210685
33,querVar-Zone33,querVar,Zone33,58,58,One year one ripe grain fields and cold-tolerant economic crop fields; deciduous orchards,#FDB833,TRUE,mf_var,Plain MF RF,2011-2040SSP245,2011-2040,SSP245,12393866,8501128.01140083,3,Top-3,857715,578691.437732948,0.0692047985672913,0.0680723119281191
33,querVar-Zone33,querVar,Zone33,58,58,One year one ripe grain fields and cold-tolerant economic crop fields; deciduous orchards,#FDB833,TRUE,mf_var,Plain MF RF,2011-2040SSP245,2011-2040,SSP245,12393866,8501128.01140083,5,Top-5,991503,667349.432729403,0.0799994932977329,0.0785012802812077
33,querVar-Zone33,querVar,Zone33,58,58,One year one ripe grain fields and cold-tolerant economic crop fields; deciduous orchards,#FDB833,TRUE,mf_var,Plain MF RF,2041-2070SSP245,2041-2070,SSP245,12393866,8501128.01140083,1,Top-1,506201,343699.085570978,0.0408428653335448,0.0404298212084377
33,querVar-Zone33,querVar,Zone33,58,58,One year one ripe grain fields and cold-tolerant economic crop fields; deciduous orchards,#FDB833,TRUE,mf_var,Plain MF RF,2041-2070SSP245,2041-2070,SSP245,12393866,8501128.01140083,3,Top-3,841098,566131.97642642,0.067864054686407,0.0665949243050079
33,querVar-Zone33,querVar,Zone33,58,58,One year one ripe grain fields and cold-tolerant economic crop fields; deciduous orchards,#FDB833,TRUE,mf_var,Plain MF RF,2041-2070SSP245,2041-2070,SSP245,12393866,8501128.01140083,5,Top-5,943304,633908.725701219,0.076110553397947,0.0745676014819547
33,querVar-Zone33,querVar,Zone33,58,58,One year one ripe grain fields and cold-tolerant economic crop fields; deciduous orchards,#FDB833,TRUE,mf_var,Plain MF RF,2071-2100SSP245,2071-2100,SSP245,12393866,8501128.01140083,1,Top-1,480204,324583.464976189,0.0387452954550259,0.03818122307309
33,querVar-Zone33,querVar,Zone33,58,58,One year one ripe grain fields and cold-tolerant economic crop fields; deciduous orchards,#FDB833,TRUE,mf_var,Plain MF RF,2071-2100SSP245,2071-2100,SSP245,12393866,8501128.01140083,3,Top-3,782354,526415.837845646,0.0631242906773399,0.0619230574036377
33,querVar-Zone33,querVar,Zone33,58,58,One year one ripe grain fields and cold-tolerant economic crop fields; deciduous orchards,#FDB833,TRUE,mf_var,Plain MF RF,2071-2100SSP245,2071-2100,SSP245,12393866,8501128.01140083,5,Top-5,856807,575953.010363169,0.0691315365197591,0.0677501867506007
33,querVar-Zone33,querVar,Zone33,58,58,One year one ripe grain fields and cold-tolerant economic crop fields; deciduous orchards,#FDB833,TRUE,mf_var,Plain MF RF,2011-2040SSP585,2011-2040,SSP585,12393866,8501128.01140083,1,Top-1,477189,324716.587180768,0.0385020299557862,0.0381968824308129
33,querVar-Zone33,querVar,Zone33,58,58,One year one ripe grain fields and cold-tolerant economic crop fields; deciduous orchards,#FDB833,TRUE,mf_var,Plain MF RF,2011-2040SSP585,2011-2040,SSP585,12393866,8501128.01140083,3,Top-3,849977,573442.315434024,0.0685804574617799,0.0674548500698946
33,querVar-Zone33,querVar,Zone33,58,58,One year one ripe grain fields and cold-tolerant economic crop fields; deciduous orchards,#FDB833,TRUE,mf_var,Plain MF RF,2011-2040SSP585,2011-2040,SSP585,12393866,8501128.01140083,5,Top-5,985158,663050.211262076,0.0794875465008255,0.0779955566335269
33,querVar-Zone33,querVar,Zone33,58,58,One year one ripe grain fields and cold-tolerant economic crop fields; deciduous orchards,#FDB833,TRUE,mf_var,Plain MF RF,2041-2070SSP585,2041-2070,SSP585,12393866,8501128.01140083,1,Top-1,487225,329724.568947151,0.0393117853622106,0.0387859785789555
33,querVar-Zone33,querVar,Zone33,58,58,One year one ripe grain fields and cold-tolerant economic crop fields; deciduous orchards,#FDB833,TRUE,mf_var,Plain MF RF,2041-2070SSP585,2041-2070,SSP585,12393866,8501128.01140083,3,Top-3,803541,540842.631721722,0.0648337653481166,0.0636201020613265
33,querVar-Zone33,querVar,Zone33,58,58,One year one ripe grain fields and cold-tolerant economic crop fields; deciduous orchards,#FDB833,TRUE,mf_var,Plain MF RF,2041-2070SSP585,2041-2070,SSP585,12393866,8501128.01140083,5,Top-5,880759,592210.617813376,0.0710641054211817,0.0696625926605462
33,querVar-Zone33,querVar,Zone33,58,58,One year one ripe grain fields and cold-tolerant economic crop fields; deciduous orchards,#FDB833,TRUE,mf_var,Plain MF RF,2071-2100SSP585,2071-2100,SSP585,12393866,8501128.01140083,1,Top-1,272398,183611.408385856,0.0219784528895181,0.0215984758892721
33,querVar-Zone33,querVar,Zone33,58,58,One year one ripe grain fields and cold-tolerant economic crop fields; deciduous orchards,#FDB833,TRUE,mf_var,Plain MF RF,2071-2100SSP585,2071-2100,SSP585,12393866,8501128.01140083,3,Top-3,503263,338139.511617241,0.040605812585032,0.0397758404724366
33,querVar-Zone33,querVar,Zone33,58,58,One year one ripe grain fields and cold-tolerant economic crop fields; deciduous orchards,#FDB833,TRUE,mf_var,Plain MF RF,2071-2100SSP585,2071-2100,SSP585,12393866,8501128.01140083,5,Top-5,533179,358275.141134025,0.0430195872700253,0.0421444237345377
36,querVar-Zone36,querVar,Zone36,975,975,Broadleaf evergreen and deciduous mixed forests in subtropical zone,#40916C,TRUE,rf_var,Plain RF,2011-2040SSP245,2011-2040,SSP245,12393866,8501128.01140083,1,Top-1,72761,53400.800103395,0.00587072669657716,0.00628161345550607
36,querVar-Zone36,querVar,Zone36,975,975,Broadleaf evergreen and deciduous mixed forests in subtropical zone,#40916C,TRUE,rf_var,Plain RF,2011-2040SSP245,2011-2040,SSP245,12393866,8501128.01140083,3,Top-3,192269,141561.305160844,0.0155132385649482,0.0166520613465644
36,querVar-Zone36,querVar,Zone36,975,975,Broadleaf evergreen and deciduous mixed forests in subtropical zone,#40916C,TRUE,rf_var,Plain RF,2011-2040SSP245,2011-2040,SSP245,12393866,8501128.01140083,5,Top-5,329288,243878.97303644,0.0265686267706945,0.028687836803466
36,querVar-Zone36,querVar,Zone36,975,975,Broadleaf evergreen and deciduous mixed forests in subtropical zone,#40916C,TRUE,rf_var,Plain RF,2041-2070SSP245,2041-2070,SSP245,12393866,8501128.01140083,1,Top-1,66232,48337.0683932698,0.00534393384598478,0.00568595936073956
36,querVar-Zone36,querVar,Zone36,975,975,Broadleaf evergreen and deciduous mixed forests in subtropical zone,#40916C,TRUE,rf_var,Plain RF,2041-2070SSP245,2041-2070,SSP245,12393866,8501128.01140083,3,Top-3,164875,120611.16117154,0.0133029516375278,0.0141876655674152
36,querVar-Zone36,querVar,Zone36,975,975,Broadleaf evergreen and deciduous mixed forests in subtropical zone,#40916C,TRUE,rf_var,Plain RF,2041-2070SSP245,2041-2070,SSP245,12393866,8501128.01140083,5,Top-5,244391,179477.898694263,0.019718706011506,0.021112245157768
36,querVar-Zone36,querVar,Zone36,975,975,Broadleaf evergreen and deciduous mixed forests in subtropical zone,#40916C,TRUE,rf_var,Plain RF,2071-2100SSP245,2071-2100,SSP245,12393866,8501128.01140083,1,Top-1,53338,38784.8172928951,0.00430358049699747,0.00456231422946236
36,querVar-Zone36,querVar,Zone36,975,975,Broadleaf evergreen and deciduous mixed forests in subtropical zone,#40916C,TRUE,rf_var,Plain RF,2071-2100SSP245,2071-2100,SSP245,12393866,8501128.01140083,3,Top-3,148919,108548.766238465,0.0120155405908052,0.0127687485817048
36,querVar-Zone36,querVar,Zone36,975,975,Broadleaf evergreen and deciduous mixed forests in subtropical zone,#40916C,TRUE,rf_var,Plain RF,2071-2100SSP245,2071-2100,SSP245,12393866,8501128.01140083,5,Top-5,213566,156142.610538862,0.017231588593906,0.0183672814160027
36,querVar-Zone36,querVar,Zone36,975,975,Broadleaf evergreen and deciduous mixed forests in subtropical zone,#40916C,TRUE,rf_var,Plain RF,2011-2040SSP585,2011-2040,SSP585,12393866,8501128.01140083,1,Top-1,76421,56053.133960322,0.00616603406878854,0.00659361132842011
36,querVar-Zone36,querVar,Zone36,975,975,Broadleaf evergreen and deciduous mixed forests in subtropical zone,#40916C,TRUE,rf_var,Plain RF,2011-2040SSP585,2011-2040,SSP585,12393866,8501128.01140083,3,Top-3,199448,146780.054616966,0.0160924767138841,0.0172659504033017
36,querVar-Zone36,querVar,Zone36,975,975,Broadleaf evergreen and deciduous mixed forests in subtropical zone,#40916C,TRUE,rf_var,Plain RF,2011-2040SSP585,2011-2040,SSP585,12393866,8501128.01140083,5,Top-5,326411,241536.202042793,0.0263364958117185,0.0284122532584935
36,querVar-Zone36,querVar,Zone36,975,975,Broadleaf evergreen and deciduous mixed forests in subtropical zone,#40916C,TRUE,rf_var,Plain RF,2041-2070SSP585,2041-2070,SSP585,12393866,8501128.01140083,1,Top-1,53581,39028.0319162872,0.00432318697007052,0.004590923917855
36,querVar-Zone36,querVar,Zone36,975,975,Broadleaf evergreen and deciduous mixed forests in subtropical zone,#40916C,TRUE,rf_var,Plain RF,2041-2070SSP585,2041-2070,SSP585,12393866,8501128.01140083,3,Top-3,144294,105314.224342439,0.0116423721218222,0.0123882647339509
36,querVar-Zone36,querVar,Zone36,975,975,Broadleaf evergreen and deciduous mixed forests in subtropical zone,#40916C,TRUE,rf_var,Plain RF,2041-2070SSP585,2041-2070,SSP585,12393866,8501128.01140083,5,Top-5,210090,153927.66175876,0.0169511272753796,0.0181067337831319
36,querVar-Zone36,querVar,Zone36,975,975,Broadleaf evergreen and deciduous mixed forests in subtropical zone,#40916C,TRUE,rf_var,Plain RF,2071-2100SSP585,2071-2100,SSP585,12393866,8501128.01140083,1,Top-1,25677,18569.436717784,0.00207175065471904,0.00218434973486819
36,querVar-Zone36,querVar,Zone36,975,975,Broadleaf evergreen and deciduous mixed forests in subtropical zone,#40916C,TRUE,rf_var,Plain RF,2071-2100SSP585,2071-2100,SSP585,12393866,8501128.01140083,3,Top-3,79995,58075.8367291591,0.0064544025246037,0.00683154478455963
36,querVar-Zone36,querVar,Zone36,975,975,Broadleaf evergreen and deciduous mixed forests in subtropical zone,#40916C,TRUE,rf_var,Plain RF,2071-2100SSP585,2071-2100,SSP585,12393866,8501128.01140083,5,Top-5,108217,78570.1076061222,0.00873149669360634,0.00924231554927206
36,querVar-Zone36,querVar,Zone36,975,975,Broadleaf evergreen and deciduous mixed forests in subtropical zone,#40916C,TRUE,mf_var,Plain MF RF,2011-2040SSP245,2011-2040,SSP245,12393866,8501128.01140083,1,Top-1,71903,52776.4011160465,0.00580149890276367,0.00620816449831931
36,querVar-Zone36,querVar,Zone36,975,975,Broadleaf evergreen and deciduous mixed forests in subtropical zone,#40916C,TRUE,mf_var,Plain MF RF,2011-2040SSP245,2011-2040,SSP245,12393866,8501128.01140083,3,Top-3,193017,142169.16223716,0.0155735910005805,0.0167235644547991
36,querVar-Zone36,querVar,Zone36,975,975,Broadleaf evergreen and deciduous mixed forests in subtropical zone,#40916C,TRUE,mf_var,Plain MF RF,2011-2040SSP245,2011-2040,SSP245,12393866,8501128.01140083,5,Top-5,330923,245090.999344734,0.0267005468672971,0.0288304092134648
36,querVar-Zone36,querVar,Zone36,975,975,Broadleaf evergreen and deciduous mixed forests in subtropical zone,#40916C,TRUE,mf_var,Plain MF RF,2041-2070SSP245,2041-2070,SSP245,12393866,8501128.01140083,1,Top-1,65757,47991.298360782,0.0053056084356568,0.00564528593104598
36,querVar-Zone36,querVar,Zone36,975,975,Broadleaf evergreen and deciduous mixed forests in subtropical zone,#40916C,TRUE,mf_var,Plain MF RF,2041-2070SSP245,2041-2070,SSP245,12393866,8501128.01140083,3,Top-3,165282,120918.978986059,0.0133357904627983,0.0142238746227435
36,querVar-Zone36,querVar,Zone36,975,975,Broadleaf evergreen and deciduous mixed forests in subtropical zone,#40916C,TRUE,mf_var,Plain MF RF,2041-2070SSP245,2041-2070,SSP245,12393866,8501128.01140083,5,Top-5,244823,179788.893971968,0.0197535619636359,0.0211488279826929
36,querVar-Zone36,querVar,Zone36,975,975,Broadleaf evergreen and deciduous mixed forests in subtropical zone,#40916C,TRUE,mf_var,Plain MF RF,2071-2100SSP245,2071-2100,SSP245,12393866,8501128.01140083,1,Top-1,52817,38413.5091314153,0.00426154357324825,0.00451863671266909
36,querVar-Zone36,querVar,Zone36,975,975,Broadleaf evergreen and deciduous mixed forests in subtropical zone,#40916C,TRUE,mf_var,Plain MF RF,2071-2100SSP245,2071-2100,SSP245,12393866,8501128.01140083,3,Top-3,146349,106634.541162233,0.0118081799496622,0.0125435755136525
36,querVar-Zone36,querVar,Zone36,975,975,Broadleaf evergreen and deciduous mixed forests in subtropical zone,#40916C,TRUE,mf_var,Plain MF RF,2071-2100SSP245,2071-2100,SSP245,12393866,8501128.01140083,5,Top-5,212940,155634.720560695,0.0171810797373475,0.0183075375823037
36,querVar-Zone36,querVar,Zone36,975,975,Broadleaf evergreen and deciduous mixed forests in subtropical zone,#40916C,TRUE,mf_var,Plain MF RF,2011-2040SSP585,2011-2040,SSP585,12393866,8501128.01140083,1,Top-1,75236,55198.8616634668,0.00607042225565453,0.00649312204091503
36,querVar-Zone36,querVar,Zone36,975,975,Broadleaf evergreen and deciduous mixed forests in subtropical zone,#40916C,TRUE,mf_var,Plain MF RF,2011-2040SSP585,2011-2040,SSP585,12393866,8501128.01140083,3,Top-3,199819,147093.984365487,0.0161224108764771,0.0173028784142787
36,querVar-Zone36,querVar,Zone36,975,975,Broadleaf evergreen and deciduous mixed forests in subtropical zone,#40916C,TRUE,mf_var,Plain MF RF,2011-2040SSP585,2011-2040,SSP585,12393866,8501128.01140083,5,Top-5,330300,244430.40037928,0.0266502800659617,0.0287527020004258
36,querVar-Zone36,querVar,Zone36,975,975,Broadleaf evergreen and deciduous mixed forests in subtropical zone,#40916C,TRUE,mf_var,Plain MF RF,2041-2070SSP585,2041-2070,SSP585,12393866,8501128.01140083,1,Top-1,53232,38770.4449486274,0.00429502787911375,0.00456062358979097
36,querVar-Zone36,querVar,Zone36,975,975,Broadleaf evergreen and deciduous mixed forests in subtropical zone,#40916C,TRUE,mf_var,Plain MF RF,2041-2070SSP585,2041-2070,SSP585,12393866,8501128.01140083,3,Top-3,142539,103998.808053627,0.0115007698162946,0.012233530410806
36,querVar-Zone36,querVar,Zone36,975,975,Broadleaf evergreen and deciduous mixed forests in subtropical zone,#40916C,TRUE,mf_var,Plain MF RF,2041-2070SSP585,2041-2070,SSP585,12393866,8501128.01140083,5,Top-5,209308,153312.826614499,0.0168880315472186,0.0180344098346586
36,querVar-Zone36,querVar,Zone36,975,975,Broadleaf evergreen and deciduous mixed forests in subtropical zone,#40916C,TRUE,mf_var,Plain MF RF,2071-2100SSP585,2071-2100,SSP585,12393866,8501128.01140083,1,Top-1,23894,17289.4920224279,0.00192788916710896,0.00203378798663436
36,querVar-Zone36,querVar,Zone36,975,975,Broadleaf evergreen and deciduous mixed forests in subtropical zone,#40916C,TRUE,mf_var,Plain MF RF,2071-2100SSP585,2071-2100,SSP585,12393866,8501128.01140083,3,Top-3,80272,58291.8252116112,0.00647675229020549,0.0068569518225624
36,querVar-Zone36,querVar,Zone36,975,975,Broadleaf evergreen and deciduous mixed forests in subtropical zone,#40916C,TRUE,mf_var,Plain MF RF,2071-2100SSP585,2071-2100,SSP585,12393866,8501128.01140083,5,Top-5,108336,78662.9523764415,0.00874109821745693,0.00925323701407001
37,querVar-Zone37,querVar,Zone37,58,58,Needleleaf forests in temperate zone,#0B3D2E,TRUE,rf_var,Plain RF,2011-2040SSP245,2011-2040,SSP245,12393866,8501128.01140083,1,Top-1,113088,78497.3854853803,0.00912451369088548,0.00923376114088716
37,querVar-Zone37,querVar,Zone37,58,58,Needleleaf forests in temperate zone,#0B3D2E,TRUE,rf_var,Plain RF,2011-2040SSP245,2011-2040,SSP245,12393866,8501128.01140083,3,Top-3,242511,165419.734453915,0.0195670180716816,0.0194585629380091
37,querVar-Zone37,querVar,Zone37,58,58,Needleleaf forests in temperate zone,#0B3D2E,TRUE,rf_var,Plain RF,2011-2040SSP245,2011-2040,SSP245,12393866,8501128.01140083,5,Top-5,441127,299319.317301522,0.035592364803686,0.0352093647925435
37,querVar-Zone37,querVar,Zone37,58,58,Needleleaf forests in temperate zone,#0B3D2E,TRUE,rf_var,Plain RF,2041-2070SSP245,2041-2070,SSP245,12393866,8501128.01140083,1,Top-1,67217,45524.375124387,0.00542340864424385,0.00535509817795173
37,querVar-Zone37,querVar,Zone37,58,58,Needleleaf forests in temperate zone,#0B3D2E,TRUE,rf_var,Plain RF,2041-2070SSP245,2041-2070,SSP245,12393866,8501128.01140083,3,Top-3,195087,130307.545903337,0.0157406091045361,0.0153282653465025
37,querVar-Zone37,querVar,Zone37,58,58,Needleleaf forests in temperate zone,#0B3D2E,TRUE,rf_var,Plain RF,2041-2070SSP245,2041-2070,SSP245,12393866,8501128.01140083,5,Top-5,378187,252787.391124699,0.0305140462225427,0.0297357469250771
37,querVar-Zone37,querVar,Zone37,58,58,Needleleaf forests in temperate zone,#0B3D2E,TRUE,rf_var,Plain RF,2071-2100SSP245,2071-2100,SSP245,12393866,8501128.01140083,1,Top-1,55214,37064.582113691,0.00445494569652439,0.00435996047394932
37,querVar-Zone37,querVar,Zone37,58,58,Needleleaf forests in temperate zone,#0B3D2E,TRUE,rf_var,Plain RF,2071-2100SSP245,2071-2100,SSP245,12393866,8501128.01140083,3,Top-3,176192,116705.771224685,0.0142160646242262,0.013728268891866
37,querVar-Zone37,querVar,Zone37,58,58,Needleleaf forests in temperate zone,#0B3D2E,TRUE,rf_var,Plain RF,2071-2100SSP245,2071-2100,SSP245,12393866,8501128.01140083,5,Top-5,320660,212818.607364225,0.0258724759489896,0.0250341610053177
37,querVar-Zone37,querVar,Zone37,58,58,Needleleaf forests in temperate zone,#0B3D2E,TRUE,rf_var,Plain RF,2011-2040SSP585,2011-2040,SSP585,12393866,8501128.01140083,1,Top-1,109661,75896.6468877497,0.0088480059410034,0.00892783249304856
37,querVar-Zone37,querVar,Zone37,58,58,Needleleaf forests in temperate zone,#0B3D2E,TRUE,rf_var,Plain RF,2011-2040SSP585,2011-2040,SSP585,12393866,8501128.01140083,3,Top-3,238469,162544.860269968,0.0192408890010591,0.0191203873241269
37,querVar-Zone37,querVar,Zone37,58,58,Needleleaf forests in temperate zone,#0B3D2E,TRUE,rf_var,Plain RF,2011-2040SSP585,2011-2040,SSP585,12393866,8501128.01140083,5,Top-5,433693,294055.411193611,0.0349925519607845,0.0345901638934567
37,querVar-Zone37,querVar,Zone37,58,58,Needleleaf forests in temperate zone,#0B3D2E,TRUE,rf_var,Plain RF,2041-2070SSP585,2041-2070,SSP585,12393866,8501128.01140083,1,Top-1,60125,40493.2319745783,0.00485119009677852,0.00476327752273263
37,querVar-Zone37,querVar,Zone37,58,58,Needleleaf forests in temperate zone,#0B3D2E,TRUE,rf_var,Plain RF,2041-2070SSP585,2041-2070,SSP585,12393866,8501128.01140083,3,Top-3,179486,119191.717963848,0.0144818412592165,0.0140206944071423
37,querVar-Zone37,querVar,Zone37,58,58,Needleleaf forests in temperate zone,#0B3D2E,TRUE,rf_var,Plain RF,2041-2070SSP585,2041-2070,SSP585,12393866,8501128.01140083,5,Top-5,324308,215493.35000084,0.0261668151003085,0.0253487948554407
37,querVar-Zone37,querVar,Zone37,58,58,Needleleaf forests in temperate zone,#0B3D2E,TRUE,rf_var,Plain RF,2071-2100SSP585,2071-2100,SSP585,12393866,8501128.01140083,1,Top-1,40220,26186.2740255718,0.00324515369135022,0.00308032933870111
37,querVar-Zone37,querVar,Zone37,58,58,Needleleaf forests in temperate zone,#0B3D2E,TRUE,rf_var,Plain RF,2071-2100SSP585,2071-2100,SSP585,12393866,8501128.01140083,3,Top-3,153480,99311.2598328426,0.0123835452150281,0.0116821273247099
37,querVar-Zone37,querVar,Zone37,58,58,Needleleaf forests in temperate zone,#0B3D2E,TRUE,rf_var,Plain RF,2071-2100SSP585,2071-2100,SSP585,12393866,8501128.01140083,5,Top-5,220214,143461.565465242,0.017767982968349,0.0168755917182809
37,querVar-Zone37,querVar,Zone37,58,58,Needleleaf forests in temperate zone,#0B3D2E,TRUE,mf_var,Plain MF RF,2011-2040SSP245,2011-2040,SSP245,12393866,8501128.01140083,1,Top-1,111651,77528.0966750771,0.00900856923900904,0.009119742294329
37,querVar-Zone37,querVar,Zone37,58,58,Needleleaf forests in temperate zone,#0B3D2E,TRUE,mf_var,Plain MF RF,2011-2040SSP245,2011-2040,SSP245,12393866,8501128.01140083,3,Top-3,245541,167530.71036206,0.0198114938470369,0.0197068800913697
37,querVar-Zone37,querVar,Zone37,58,58,Needleleaf forests in temperate zone,#0B3D2E,TRUE,mf_var,Plain MF RF,2011-2040SSP245,2011-2040,SSP245,12393866,8501128.01140083,5,Top-5,441550,299660.544494459,0.0356264945901465,0.0352495038414415
37,querVar-Zone37,querVar,Zone37,58,58,Needleleaf forests in temperate zone,#0B3D2E,TRUE,mf_var,Plain MF RF,2041-2070SSP245,2041-2070,SSP245,12393866,8501128.01140083,1,Top-1,60724,41265.418643276,0.00489952045632896,0.00485411095891453
37,querVar-Zone37,querVar,Zone37,58,58,Needleleaf forests in temperate zone,#0B3D2E,TRUE,mf_var,Plain MF RF,2041-2070SSP245,2041-2070,SSP245,12393866,8501128.01140083,3,Top-3,206510,137809.077757099,0.0166622747091182,0.0162106814027837
37,querVar-Zone37,querVar,Zone37,58,58,Needleleaf forests in temperate zone,#0B3D2E,TRUE,mf_var,Plain MF RF,2041-2070SSP245,2041-2070,SSP245,12393866,8501128.01140083,5,Top-5,387068,258691.80685051,0.0312306103680643,0.0304302918981551
37,querVar-Zone37,querVar,Zone37,58,58,Needleleaf forests in temperate zone,#0B3D2E,TRUE,mf_var,Plain MF RF,2071-2100SSP245,2071-2100,SSP245,12393866,8501128.01140083,1,Top-1,49602,33416.144544225,0.00400214105913361,0.00393078947869162
37,querVar-Zone37,querVar,Zone37,58,58,Needleleaf forests in temperate zone,#0B3D2E,TRUE,mf_var,Plain MF RF,2071-2100SSP245,2071-2100,SSP245,12393866,8501128.01140083,3,Top-3,187991,124242.948043685,0.0151680678167732,0.0146148779170321
37,querVar-Zone37,querVar,Zone37,58,58,Needleleaf forests in temperate zone,#0B3D2E,TRUE,mf_var,Plain MF RF,2071-2100SSP245,2071-2100,SSP245,12393866,8501128.01140083,5,Top-5,326178,216440.885907322,0.0263176961893892,0.025460254876418
37,querVar-Zone37,querVar,Zone37,58,58,Needleleaf forests in temperate zone,#0B3D2E,TRUE,mf_var,Plain MF RF,2011-2040SSP585,2011-2040,SSP585,12393866,8501128.01140083,1,Top-1,107528,74487.2798847637,0.00867590467736217,0.00876204661132841
37,querVar-Zone37,querVar,Zone37,58,58,Needleleaf forests in temperate zone,#0B3D2E,TRUE,mf_var,Plain MF RF,2011-2040SSP585,2011-2040,SSP585,12393866,8501128.01140083,3,Top-3,241202,164489.621446816,0.0194614013093251,0.0193491523979193
37,querVar-Zone37,querVar,Zone37,58,58,Needleleaf forests in temperate zone,#0B3D2E,TRUE,mf_var,Plain MF RF,2011-2040SSP585,2011-2040,SSP585,12393866,8501128.01140083,5,Top-5,432193,293148.167694652,0.0348715243492224,0.0344834435267311
37,querVar-Zone37,querVar,Zone37,58,58,Needleleaf forests in temperate zone,#0B3D2E,TRUE,mf_var,Plain MF RF,2041-2070SSP585,2041-2070,SSP585,12393866,8501128.01140083,1,Top-1,53468,36157.4440670754,0.00431406955666618,0.00425325251173548
37,querVar-Zone37,querVar,Zone37,58,58,Needleleaf forests in temperate zone,#0B3D2E,TRUE,mf_var,Plain MF RF,2041-2070SSP585,2041-2070,SSP585,12393866,8501128.01140083,3,Top-3,194914,129057.379612687,0.0157266505866692,0.0151812064751418
37,querVar-Zone37,querVar,Zone37,58,58,Needleleaf forests in temperate zone,#0B3D2E,TRUE,mf_var,Plain MF RF,2041-2070SSP585,2041-2070,SSP585,12393866,8501128.01140083,5,Top-5,331453,220214.588455433,0.0267433099567157,0.0259041609725326
37,querVar-Zone37,querVar,Zone37,58,58,Needleleaf forests in temperate zone,#0B3D2E,TRUE,mf_var,Plain MF RF,2071-2100SSP585,2071-2100,SSP585,12393866,8501128.01140083,1,Top-1,38055,24735.9211686181,0.00307047050532901,0.00290972223161972
37,querVar-Zone37,querVar,Zone37,58,58,Needleleaf forests in temperate zone,#0B3D2E,TRUE,mf_var,Plain MF RF,2071-2100SSP585,2071-2100,SSP585,12393866,8501128.01140083,3,Top-3,160492,103650.264427161,0.0129493089565435,0.0121925307192358
37,querVar-Zone37,querVar,Zone37,58,58,Needleleaf forests in temperate zone,#0B3D2E,TRUE,mf_var,Plain MF RF,2071-2100SSP585,2071-2100,SSP585,12393866,8501128.01140083,5,Top-5,225156,146570.981275215,0.0181667286059088,0.0172413568033147
40,querVar-Zone40,querVar,Zone40,354,354,Subtropical and tropical grasslands,#AACC00,TRUE,rf_var,Plain RF,2011-2040SSP245,2011-2040,SSP245,12393866,8501128.01140083,1,Top-1,315335,243293.812198523,0.0254428279279444,0.0286190034866247
40,querVar-Zone40,querVar,Zone40,354,354,Subtropical and tropical grasslands,#AACC00,TRUE,rf_var,Plain RF,2011-2040SSP245,2011-2040,SSP245,12393866,8501128.01140083,3,Top-3,1366156,1044769.97114186,0.110228398467435,0.122897804825516
40,querVar-Zone40,querVar,Zone40,354,354,Subtropical and tropical grasslands,#AACC00,TRUE,rf_var,Plain RF,2011-2040SSP245,2011-2040,SSP245,12393866,8501128.01140083,5,Top-5,1848130,1414373.1551025,0.149116506504105,0.166374762643933
40,querVar-Zone40,querVar,Zone40,354,354,Subtropical and tropical grasslands,#AACC00,TRUE,rf_var,Plain RF,2041-2070SSP245,2041-2070,SSP245,12393866,8501128.01140083,1,Top-1,310165,239106.821290668,0.0250256860934272,0.0281264816821959
40,querVar-Zone40,querVar,Zone40,354,354,Subtropical and tropical grasslands,#AACC00,TRUE,rf_var,Plain RF,2041-2070SSP245,2041-2070,SSP245,12393866,8501128.01140083,3,Top-3,1658497,1263406.84186507,0.133815953795208,0.148616376576229
40,querVar-Zone40,querVar,Zone40,354,354,Subtropical and tropical grasslands,#AACC00,TRUE,rf_var,Plain RF,2041-2070SSP245,2041-2070,SSP245,12393866,8501128.01140083,5,Top-5,2062238,1574021.9177699,0.166391826408322,0.185154477812707
40,querVar-Zone40,querVar,Zone40,354,354,Subtropical and tropical grasslands,#AACC00,TRUE,rf_var,Plain RF,2071-2100SSP245,2071-2100,SSP245,12393866,8501128.01140083,1,Top-1,306913,236145.410412063,0.0247632982315607,0.0277781266315916
40,querVar-Zone40,querVar,Zone40,354,354,Subtropical and tropical grasslands,#AACC00,TRUE,rf_var,Plain RF,2071-2100SSP245,2071-2100,SSP245,12393866,8501128.01140083,3,Top-3,1809726,1375845.56936797,0.146017876907819,0.161842706935224
40,querVar-Zone40,querVar,Zone40,354,354,Subtropical and tropical grasslands,#AACC00,TRUE,rf_var,Plain RF,2071-2100SSP245,2071-2100,SSP245,12393866,8501128.01140083,5,Top-5,2161661,1646963.60763777,0.174413778557877,0.1937347144319
40,querVar-Zone40,querVar,Zone40,354,354,Subtropical and tropical grasslands,#AACC00,TRUE,rf_var,Plain RF,2011-2040SSP585,2011-2040,SSP585,12393866,8501128.01140083,1,Top-1,331534,255697.236729182,0.02674984544774,0.0300780362778054
40,querVar-Zone40,querVar,Zone40,354,354,Subtropical and tropical grasslands,#AACC00,TRUE,rf_var,Plain RF,2011-2040SSP585,2011-2040,SSP585,12393866,8501128.01140083,3,Top-3,1405978,1074625.26071769,0.113441439499185,0.126409725777158
40,querVar-Zone40,querVar,Zone40,354,354,Subtropical and tropical grasslands,#AACC00,TRUE,rf_var,Plain RF,2011-2040SSP585,2011-2040,SSP585,12393866,8501128.01140083,5,Top-5,1891571,1446902.39361914,0.152621546820016,0.170201224082111
40,querVar-Zone40,querVar,Zone40,354,354,Subtropical and tropical grasslands,#AACC00,TRUE,rf_var,Plain RF,2041-2070SSP585,2041-2070,SSP585,12393866,8501128.01140083,1,Top-1,314801,242304.302739282,0.0253997420982283,0.0285026060558468
40,querVar-Zone40,querVar,Zone40,354,354,Subtropical and tropical grasslands,#AACC00,TRUE,rf_var,Plain RF,2041-2070SSP585,2041-2070,SSP585,12393866,8501128.01140083,3,Top-3,1766089,1342797.70819355,0.14249702231733,0.1579552391627
40,querVar-Zone40,querVar,Zone40,354,354,Subtropical and tropical grasslands,#AACC00,TRUE,rf_var,Plain RF,2041-2070SSP585,2041-2070,SSP585,12393866,8501128.01140083,5,Top-5,2118930,1614748.0069627,0.170966024644772,0.189945146667262
40,querVar-Zone40,querVar,Zone40,354,354,Subtropical and tropical grasslands,#AACC00,TRUE,rf_var,Plain RF,2071-2100SSP585,2071-2100,SSP585,12393866,8501128.01140083,1,Top-1,305103,234206.539220477,0.0246172582469425,0.0275500544052958
40,querVar-Zone40,querVar,Zone40,354,354,Subtropical and tropical grasslands,#AACC00,TRUE,rf_var,Plain RF,2071-2100SSP585,2071-2100,SSP585,12393866,8501128.01140083,3,Top-3,2031146,1539907.0857623,0.163883166075864,0.181141500715803
40,querVar-Zone40,querVar,Zone40,354,354,Subtropical and tropical grasslands,#AACC00,TRUE,rf_var,Plain RF,2071-2100SSP585,2071-2100,SSP585,12393866,8501128.01140083,5,Top-5,2239463,1700973.43588859,0.180691238714377,0.200087968750432
40,querVar-Zone40,querVar,Zone40,354,354,Subtropical and tropical grasslands,#AACC00,TRUE,mf_var,Plain MF RF,2011-2040SSP245,2011-2040,SSP245,12393866,8501128.01140083,1,Top-1,309306,238752.230355486,0.0249563776145393,0.0280847706369433
40,querVar-Zone40,querVar,Zone40,354,354,Subtropical and tropical grasslands,#AACC00,TRUE,mf_var,Plain MF RF,2011-2040SSP245,2011-2040,SSP245,12393866,8501128.01140083,3,Top-3,1342226,1026974.96111944,0.108297604637649,0.120804552024409
40,querVar-Zone40,querVar,Zone40,354,354,Subtropical and tropical grasslands,#AACC00,TRUE,mf_var,Plain MF RF,2011-2040SSP245,2011-2040,SSP245,12393866,8501128.01140083,5,Top-5,1834984,1404813.25264689,0.148055820516375,0.165250217472658
40,querVar-Zone40,querVar,Zone40,354,354,Subtropical and tropical grasslands,#AACC00,TRUE,mf_var,Plain MF RF,2041-2070SSP245,2041-2070,SSP245,12393866,8501128.01140083,1,Top-1,315760,243434.193287838,0.0254771190845536,0.028635516717472
40,querVar-Zone40,querVar,Zone40,354,354,Subtropical and tropical grasslands,#AACC00,TRUE,mf_var,Plain MF RF,2041-2070SSP245,2041-2070,SSP245,12393866,8501128.01140083,3,Top-3,1633114,1244493.84578462,0.131767924552355,0.14639161345596
40,querVar-Zone40,querVar,Zone40,354,354,Subtropical and tropical grasslands,#AACC00,TRUE,mf_var,Plain MF RF,2041-2070SSP245,2041-2070,SSP245,12393866,8501128.01140083,5,Top-5,2059220,1572321.57061787,0.166148318853859,0.184954463514635
40,querVar-Zone40,querVar,Zone40,354,354,Subtropical and tropical grasslands,#AACC00,TRUE,mf_var,Plain MF RF,2071-2100SSP245,2071-2100,SSP245,12393866,8501128.01140083,1,Top-1,300476,231249.275939049,0.0242439284078108,0.0272021872425543
40,querVar-Zone40,querVar,Zone40,354,354,Subtropical and tropical grasslands,#AACC00,TRUE,mf_var,Plain MF RF,2071-2100SSP245,2071-2100,SSP245,12393866,8501128.01140083,3,Top-3,1767154,1343885.84057556,0.142582951921539,0.158083237750717
40,querVar-Zone40,querVar,Zone40,354,354,Subtropical and tropical grasslands,#AACC00,TRUE,mf_var,Plain MF RF,2071-2100SSP245,2071-2100,SSP245,12393866,8501128.01140083,5,Top-5,2155333,1642856.7910971,0.173903203407234,0.193251623654398
40,querVar-Zone40,querVar,Zone40,354,354,Subtropical and tropical grasslands,#AACC00,TRUE,mf_var,Plain MF RF,2011-2040SSP585,2011-2040,SSP585,12393866,8501128.01140083,1,Top-1,331040,255330.660812847,0.0267099870209989,0.0300349154218622
40,querVar-Zone40,querVar,Zone40,354,354,Subtropical and tropical grasslands,#AACC00,TRUE,mf_var,Plain MF RF,2011-2040SSP585,2011-2040,SSP585,12393866,8501128.01140083,3,Top-3,1383029,1057580.62974986,0.11158979772736,0.124404741151002
40,querVar-Zone40,querVar,Zone40,354,354,Subtropical and tropical grasslands,#AACC00,TRUE,mf_var,Plain MF RF,2011-2040SSP585,2011-2040,SSP585,12393866,8501128.01140083,5,Top-5,1874980,1434702.59721657,0.151282900751065,0.168766144362547
40,querVar-Zone40,querVar,Zone40,354,354,Subtropical and tropical grasslands,#AACC00,TRUE,mf_var,Plain MF RF,2041-2070SSP585,2041-2070,SSP585,12393866,8501128.01140083,1,Top-1,308010,237175.333581366,0.0248518097581497,0.0278992779856145
40,querVar-Zone40,querVar,Zone40,354,354,Subtropical and tropical grasslands,#AACC00,TRUE,mf_var,Plain MF RF,2041-2070SSP585,2041-2070,SSP585,12393866,8501128.01140083,3,Top-3,1745718,1327977.35998649,0.140853386667243,0.156211900139081
40,querVar-Zone40,querVar,Zone40,354,354,Subtropical and tropical grasslands,#AACC00,TRUE,mf_var,Plain MF RF,2041-2070SSP585,2041-2070,SSP585,12393866,8501128.01140083,5,Top-5,2123621,1619158.56060038,0.171344518328664,0.190463966479382
40,querVar-Zone40,querVar,Zone40,354,354,Subtropical and tropical grasslands,#AACC00,TRUE,mf_var,Plain MF RF,2071-2100SSP585,2071-2100,SSP585,12393866,8501128.01140083,1,Top-1,296460,227343.715669387,0.023919897149122,0.0267427705316867
40,querVar-Zone40,querVar,Zone40,354,354,Subtropical and tropical grasslands,#AACC00,TRUE,mf_var,Plain MF RF,2071-2100SSP585,2071-2100,SSP585,12393866,8501128.01140083,3,Top-3,2020196,1531891.63297731,0.162999664511461,0.18019863139608
40,querVar-Zone40,querVar,Zone40,354,354,Subtropical and tropical grasslands,#AACC00,TRUE,mf_var,Plain MF RF,2071-2100SSP585,2071-2100,SSP585,12393866,8501128.01140083,5,Top-5,2247307,1707523.46792225,0.181324132437772,0.200858458504836
41,querVar-Zone41,querVar,Zone41,92,92,Temperate grasslands,#70E000,TRUE,rf_var,Plain RF,2011-2040SSP245,2011-2040,SSP245,12393866,8501128.01140083,1,Top-1,117944,79832.9670636272,0.00951632041204899,0.00939086753623325
41,querVar-Zone41,querVar,Zone41,92,92,Temperate grasslands,#70E000,TRUE,rf_var,Plain RF,2011-2040SSP245,2011-2040,SSP245,12393866,8501128.01140083,3,Top-3,494378,335538.084768089,0.0398889256992128,0.0394698308645747
41,querVar-Zone41,querVar,Zone41,92,92,Temperate grasslands,#70E000,TRUE,rf_var,Plain RF,2011-2040SSP245,2011-2040,SSP245,12393866,8501128.01140083,5,Top-5,586174,398280.644741067,0.0472954927865123,0.0468503290630296
41,querVar-Zone41,querVar,Zone41,92,92,Temperate grasslands,#70E000,TRUE,rf_var,Plain RF,2041-2070SSP245,2041-2070,SSP245,12393866,8501128.01140083,1,Top-1,96969,64857.4520818606,0.00782395097703977,0.00762927602017997
41,querVar-Zone41,querVar,Zone41,92,92,Temperate grasslands,#70E000,TRUE,rf_var,Plain RF,2041-2070SSP245,2041-2070,SSP245,12393866,8501128.01140083,3,Top-3,434721,294095.644664852,0.0350754962172417,0.0345948966149482
41,querVar-Zone41,querVar,Zone41,92,92,Temperate grasslands,#70E000,TRUE,rf_var,Plain RF,2041-2070SSP245,2041-2070,SSP245,12393866,8501128.01140083,5,Top-5,517830,351230.915795429,0.0417811520634482,0.0413158013059437
41,querVar-Zone41,querVar,Zone41,92,92,Temperate grasslands,#70E000,TRUE,rf_var,Plain RF,2071-2100SSP245,2071-2100,SSP245,12393866,8501128.01140083,1,Top-1,62390,41770.2131162562,0.0050339417902372,0.00491349066385523
41,querVar-Zone41,querVar,Zone41,92,92,Temperate grasslands,#70E000,TRUE,rf_var,Plain RF,2071-2100SSP245,2071-2100,SSP245,12393866,8501128.01140083,3,Top-3,339240,229448.305119863,0.0273716046308714,0.0269903364367824
41,querVar-Zone41,querVar,Zone41,92,92,Temperate grasslands,#70E000,TRUE,rf_var,Plain RF,2071-2100SSP245,2071-2100,SSP245,12393866,8501128.01140083,5,Top-5,428234,290769.361604203,0.034552092139773,0.0342036211211328
41,querVar-Zone41,querVar,Zone41,92,92,Temperate grasslands,#70E000,TRUE,rf_var,Plain RF,2011-2040SSP585,2011-2040,SSP585,12393866,8501128.01140083,1,Top-1,124171,83854.6370422822,0.0100187463701802,0.00986394240032912
41,querVar-Zone41,querVar,Zone41,92,92,Temperate grasslands,#70E000,TRUE,rf_var,Plain RF,2011-2040SSP585,2011-2040,SSP585,12393866,8501128.01140083,3,Top-3,498389,337958.445239875,0.0402125535325297,0.0397545413722321
41,querVar-Zone41,querVar,Zone41,92,92,Temperate grasslands,#70E000,TRUE,rf_var,Plain RF,2011-2040SSP585,2011-2040,SSP585,12393866,8501128.01140083,5,Top-5,588987,399934.518858525,0.0475224599007283,0.04704487667074
41,querVar-Zone41,querVar,Zone41,92,92,Temperate grasslands,#70E000,TRUE,rf_var,Plain RF,2041-2070SSP585,2041-2070,SSP585,12393866,8501128.01140083,1,Top-1,73047,48943.0879469879,0.00589380262784832,0.00575724631852978
41,querVar-Zone41,querVar,Zone41,92,92,Temperate grasslands,#70E000,TRUE,rf_var,Plain RF,2041-2070SSP585,2041-2070,SSP585,12393866,8501128.01140083,3,Top-3,357820,242130.868197851,0.0288707333127533,0.0284822046995564
41,querVar-Zone41,querVar,Zone41,92,92,Temperate grasslands,#70E000,TRUE,rf_var,Plain RF,2041-2070SSP585,2041-2070,SSP585,12393866,8501128.01140083,5,Top-5,439581,298364.512252481,0.0354676256787027,0.0350970496917992
41,querVar-Zone41,querVar,Zone41,92,92,Temperate grasslands,#70E000,TRUE,rf_var,Plain RF,2071-2100SSP585,2071-2100,SSP585,12393866,8501128.01140083,1,Top-1,18106,12249.2475061079,0.00146088395662822,0.0014408967244912
41,querVar-Zone41,querVar,Zone41,92,92,Temperate grasslands,#70E000,TRUE,rf_var,Plain RF,2071-2100SSP585,2071-2100,SSP585,12393866,8501128.01140083,3,Top-3,178718,121391.26080111,0.0144198751220967,0.0142794298166447
41,querVar-Zone41,querVar,Zone41,92,92,Temperate grasslands,#70E000,TRUE,rf_var,Plain RF,2071-2100SSP585,2071-2100,SSP585,12393866,8501128.01140083,5,Top-5,229940,156809.142815568,0.0185527260017173,0.0184456865730374
41,querVar-Zone41,querVar,Zone41,92,92,Temperate grasslands,#70E000,TRUE,mf_var,Plain MF RF,2011-2040SSP245,2011-2040,SSP245,12393866,8501128.01140083,1,Top-1,117516,79610.9316416284,0.00948178720021662,0.00936474918797393
41,querVar-Zone41,querVar,Zone41,92,92,Temperate grasslands,#70E000,TRUE,mf_var,Plain MF RF,2011-2040SSP245,2011-2040,SSP245,12393866,8501128.01140083,3,Top-3,489151,332057.593570328,0.0394671848154563,0.0390604156442541
41,querVar-Zone41,querVar,Zone41,92,92,Temperate grasslands,#70E000,TRUE,mf_var,Plain MF RF,2011-2040SSP245,2011-2040,SSP245,12393866,8501128.01140083,5,Top-5,582094,395519.973178202,0.0469662976830635,0.0465255872688626
41,querVar-Zone41,querVar,Zone41,92,92,Temperate grasslands,#70E000,TRUE,mf_var,Plain MF RF,2041-2070SSP245,2041-2070,SSP245,12393866,8501128.01140083,1,Top-1,97809,65592.8875316037,0.00789172643951452,0.00771578635725016
41,querVar-Zone41,querVar,Zone41,92,92,Temperate grasslands,#70E000,TRUE,mf_var,Plain MF RF,2041-2070SSP245,2041-2070,SSP245,12393866,8501128.01140083,3,Top-3,437130,295792.556560695,0.0352698665614103,0.0347945068188609
41,querVar-Zone41,querVar,Zone41,92,92,Temperate grasslands,#70E000,TRUE,mf_var,Plain MF RF,2041-2070SSP245,2041-2070,SSP245,12393866,8501128.01140083,5,Top-5,524707,355901.265784463,0.0423360233199229,0.0418651813391312
41,querVar-Zone41,querVar,Zone41,92,92,Temperate grasslands,#70E000,TRUE,mf_var,Plain MF RF,2071-2100SSP245,2071-2100,SSP245,12393866,8501128.01140083,1,Top-1,60489,40544.1890727949,0.00488055946385091,0.00476927167999602
41,querVar-Zone41,querVar,Zone41,92,92,Temperate grasslands,#70E000,TRUE,mf_var,Plain MF RF,2071-2100SSP245,2071-2100,SSP245,12393866,8501128.01140083,3,Top-3,340875,230586.824198542,0.0275035247274741,0.0271242620849025
41,querVar-Zone41,querVar,Zone41,92,92,Temperate grasslands,#70E000,TRUE,mf_var,Plain MF RF,2071-2100SSP245,2071-2100,SSP245,12393866,8501128.01140083,5,Top-5,432944,293993.285375248,0.0349321188400778,0.0345828559434671
41,querVar-Zone41,querVar,Zone41,92,92,Temperate grasslands,#70E000,TRUE,mf_var,Plain MF RF,2011-2040SSP585,2011-2040,SSP585,12393866,8501128.01140083,1,Top-1,123403,83427.2328787086,0.00995678023306045,0.00981366622956679
41,querVar-Zone41,querVar,Zone41,92,92,Temperate grasslands,#70E000,TRUE,mf_var,Plain MF RF,2011-2040SSP585,2011-2040,SSP585,12393866,8501128.01140083,3,Top-3,493380,334624.268356737,0.0398084019949869,0.0393623373166448
41,querVar-Zone41,querVar,Zone41,92,92,Temperate grasslands,#70E000,TRUE,mf_var,Plain MF RF,2011-2040SSP585,2011-2040,SSP585,12393866,8501128.01140083,5,Top-5,585273,397383.707998842,0.0472227955345007,0.0467448210950255
41,querVar-Zone41,querVar,Zone41,92,92,Temperate grasslands,#70E000,TRUE,mf_var,Plain MF RF,2041-2070SSP585,2041-2070,SSP585,12393866,8501128.01140083,1,Top-1,70677,47442.0154025808,0.0057025790015803,0.00558067298115691
41,querVar-Zone41,querVar,Zone41,92,92,Temperate grasslands,#70E000,TRUE,mf_var,Plain MF RF,2041-2070SSP585,2041-2070,SSP585,12393866,8501128.01140083,3,Top-3,359960,243693.900975428,0.0290433993719151,0.0286660665088929
41,querVar-Zone41,querVar,Zone41,92,92,Temperate grasslands,#70E000,TRUE,mf_var,Plain MF RF,2041-2070SSP585,2041-2070,SSP585,12393866,8501128.01140083,5,Top-5,446642,303226.751705111,0.0360373429888624,0.0356690019604992
41,querVar-Zone41,querVar,Zone41,92,92,Temperate grasslands,#70E000,TRUE,mf_var,Plain MF RF,2071-2100SSP585,2071-2100,SSP585,12393866,8501128.01140083,1,Top-1,18443,12473.5751924433,0.00148807482669249,0.00146728471512428
41,querVar-Zone41,querVar,Zone41,92,92,Temperate grasslands,#70E000,TRUE,mf_var,Plain MF RF,2071-2100SSP585,2071-2100,SSP585,12393866,8501128.01140083,3,Top-3,182396,123856.029839685,0.0147166348256468,0.0145693641683294
41,querVar-Zone41,querVar,Zone41,92,92,Temperate grasslands,#70E000,TRUE,mf_var,Plain MF RF,2071-2100SSP585,2071-2100,SSP585,12393866,8501128.01140083,5,Top-5,233903,159496.596308228,0.0188724809514642,0.0187618156195657
44,querVar-Zone44,querVar,Zone44,25385,25385,Broadleaf evergreen and deciduous scrubs in subtropical and tropical zones,#F72585,TRUE,rf_var,Plain RF,2011-2040SSP245,2011-2040,SSP245,12393866,8501128.01140083,1,Top-1,312918,239106.129408522,0.0252478121031807,0.028126400295097
44,querVar-Zone44,querVar,Zone44,25385,25385,Broadleaf evergreen and deciduous scrubs in subtropical and tropical zones,#F72585,TRUE,rf_var,Plain RF,2011-2040SSP245,2011-2040,SSP245,12393866,8501128.01140083,3,Top-3,1291552,988773.634298556,0.104208969178786,0.116310874624228
44,querVar-Zone44,querVar,Zone44,25385,25385,Broadleaf evergreen and deciduous scrubs in subtropical and tropical zones,#F72585,TRUE,rf_var,Plain RF,2011-2040SSP245,2011-2040,SSP245,12393866,8501128.01140083,5,Top-5,1877657,1437288.44256195,0.151498894695166,0.169070321095555
44,querVar-Zone44,querVar,Zone44,25385,25385,Broadleaf evergreen and deciduous scrubs in subtropical and tropical zones,#F72585,TRUE,rf_var,Plain RF,2041-2070SSP245,2041-2070,SSP245,12393866,8501128.01140083,1,Top-1,304644,232491.076071638,0.0245802237978045,0.0273482619906258
44,querVar-Zone44,querVar,Zone44,25385,25385,Broadleaf evergreen and deciduous scrubs in subtropical and tropical zones,#F72585,TRUE,rf_var,Plain RF,2041-2070SSP245,2041-2070,SSP245,12393866,8501128.01140083,3,Top-3,1309276,1001529.49933981,0.105639031437003,0.117811365503103
44,querVar-Zone44,querVar,Zone44,25385,25385,Broadleaf evergreen and deciduous scrubs in subtropical and tropical zones,#F72585,TRUE,rf_var,Plain RF,2041-2070SSP245,2041-2070,SSP245,12393866,8501128.01140083,5,Top-5,1839085,1407274.10399882,0.148386710006385,0.165539690981189
44,querVar-Zone44,querVar,Zone44,25385,25385,Broadleaf evergreen and deciduous scrubs in subtropical and tropical zones,#F72585,TRUE,rf_var,Plain RF,2071-2100SSP245,2071-2100,SSP245,12393866,8501128.01140083,1,Top-1,303614,231500.230969616,0.0244971181711986,0.0272317074462533
44,querVar-Zone44,querVar,Zone44,25385,25385,Broadleaf evergreen and deciduous scrubs in subtropical and tropical zones,#F72585,TRUE,rf_var,Plain RF,2071-2100SSP245,2071-2100,SSP245,12393866,8501128.01140083,3,Top-3,1378068,1053503.77458721,0.111189519073387,0.12392517477379
44,querVar-Zone44,querVar,Zone44,25385,25385,Broadleaf evergreen and deciduous scrubs in subtropical and tropical zones,#F72585,TRUE,rf_var,Plain RF,2071-2100SSP245,2071-2100,SSP245,12393866,8501128.01140083,5,Top-5,1844777,1411029.60106363,0.148845969449726,0.165981455539936
44,querVar-Zone44,querVar,Zone44,25385,25385,Broadleaf evergreen and deciduous scrubs in subtropical and tropical zones,#F72585,TRUE,rf_var,Plain RF,2011-2040SSP585,2011-2040,SSP585,12393866,8501128.01140083,1,Top-1,308096,235171.708149928,0.0248587486745459,0.0276635886243026
44,querVar-Zone44,querVar,Zone44,25385,25385,Broadleaf evergreen and deciduous scrubs in subtropical and tropical zones,#F72585,TRUE,rf_var,Plain RF,2011-2040SSP585,2011-2040,SSP585,12393866,8501128.01140083,3,Top-3,1319447,1009856.30559594,0.106459679328468,0.118790859782564
44,querVar-Zone44,querVar,Zone44,25385,25385,Broadleaf evergreen and deciduous scrubs in subtropical and tropical zones,#F72585,TRUE,rf_var,Plain RF,2011-2040SSP585,2011-2040,SSP585,12393866,8501128.01140083,5,Top-5,1911606,1462659.27852555,0.154238072285113,0.172054729274042
44,querVar-Zone44,querVar,Zone44,25385,25385,Broadleaf evergreen and deciduous scrubs in subtropical and tropical zones,#F72585,TRUE,rf_var,Plain RF,2041-2070SSP585,2041-2070,SSP585,12393866,8501128.01140083,1,Top-1,286630,218761.486514543,0.0231267628680187,0.0257332304867263
44,querVar-Zone44,querVar,Zone44,25385,25385,Broadleaf evergreen and deciduous scrubs in subtropical and tropical zones,#F72585,TRUE,rf_var,Plain RF,2041-2070SSP585,2041-2070,SSP585,12393866,8501128.01140083,3,Top-3,1351597,1034291.00733337,0.109053704469614,0.121665149136242
44,querVar-Zone44,querVar,Zone44,25385,25385,Broadleaf evergreen and deciduous scrubs in subtropical and tropical zones,#F72585,TRUE,rf_var,Plain RF,2041-2070SSP585,2041-2070,SSP585,12393866,8501128.01140083,5,Top-5,1828271,1399546.43351664,0.147514181612097,0.164630673910535
44,querVar-Zone44,querVar,Zone44,25385,25385,Broadleaf evergreen and deciduous scrubs in subtropical and tropical zones,#F72585,TRUE,rf_var,Plain RF,2071-2100SSP585,2071-2100,SSP585,12393866,8501128.01140083,1,Top-1,213885,164052.802041439,0.0172573271326316,0.0192977686986278
44,querVar-Zone44,querVar,Zone44,25385,25385,Broadleaf evergreen and deciduous scrubs in subtropical and tropical zones,#F72585,TRUE,rf_var,Plain RF,2071-2100SSP585,2071-2100,SSP585,12393866,8501128.01140083,3,Top-3,1417640,1084563.09539831,0.114382388836542,0.127578727663412
44,querVar-Zone44,querVar,Zone44,25385,25385,Broadleaf evergreen and deciduous scrubs in subtropical and tropical zones,#F72585,TRUE,rf_var,Plain RF,2071-2100SSP585,2071-2100,SSP585,12393866,8501128.01140083,5,Top-5,1745964,1336328.48999877,0.140873235195539,0.157194255657205
44,querVar-Zone44,querVar,Zone44,25385,25385,Broadleaf evergreen and deciduous scrubs in subtropical and tropical zones,#F72585,TRUE,mf_var,Plain MF RF,2011-2040SSP245,2011-2040,SSP245,12393866,8501128.01140083,1,Top-1,309473,236554.401820592,0.0249698520219599,0.0278262368833112
44,querVar-Zone44,querVar,Zone44,25385,25385,Broadleaf evergreen and deciduous scrubs in subtropical and tropical zones,#F72585,TRUE,mf_var,Plain MF RF,2011-2040SSP245,2011-2040,SSP245,12393866,8501128.01140083,3,Top-3,1293941,990402.384153457,0.104401725821467,0.116502466828547
44,querVar-Zone44,querVar,Zone44,25385,25385,Broadleaf evergreen and deciduous scrubs in subtropical and tropical zones,#F72585,TRUE,mf_var,Plain MF RF,2011-2040SSP245,2011-2040,SSP245,12393866,8501128.01140083,5,Top-5,1885271,1442990.30861066,0.152113230851455,0.169741039856766
44,querVar-Zone44,querVar,Zone44,25385,25385,Broadleaf evergreen and deciduous scrubs in subtropical and tropical zones,#F72585,TRUE,mf_var,Plain MF RF,2041-2070SSP245,2041-2070,SSP245,12393866,8501128.01140083,1,Top-1,306925,234330.152966844,0.0247642664524532,0.0275645952693083
44,querVar-Zone44,querVar,Zone44,25385,25385,Broadleaf evergreen and deciduous scrubs in subtropical and tropical zones,#F72585,TRUE,mf_var,Plain MF RF,2041-2070SSP245,2041-2070,SSP245,12393866,8501128.01140083,3,Top-3,1366027,1043957.4302483,0.110217990092841,0.122802224463419
44,querVar-Zone44,querVar,Zone44,25385,25385,Broadleaf evergreen and deciduous scrubs in subtropical and tropical zones,#F72585,TRUE,mf_var,Plain MF RF,2041-2070SSP245,2041-2070,SSP245,12393866,8501128.01140083,5,Top-5,1901330,1453757.40320594,0.153408952460838,0.171007588787784
44,querVar-Zone44,querVar,Zone44,25385,25385,Broadleaf evergreen and deciduous scrubs in subtropical and tropical zones,#F72585,TRUE,mf_var,Plain MF RF,2071-2100SSP245,2071-2100,SSP245,12393866,8501128.01140083,1,Top-1,308991,235802.458305994,0.0249309618161113,0.0277377846786638
44,querVar-Zone44,querVar,Zone44,25385,25385,Broadleaf evergreen and deciduous scrubs in subtropical and tropical zones,#F72585,TRUE,mf_var,Plain MF RF,2071-2100SSP245,2071-2100,SSP245,12393866,8501128.01140083,3,Top-3,1468303,1121013.49932847,0.118470136759587,0.13186644146813
44,querVar-Zone44,querVar,Zone44,25385,25385,Broadleaf evergreen and deciduous scrubs in subtropical and tropical zones,#F72585,TRUE,mf_var,Plain MF RF,2071-2100SSP245,2071-2100,SSP245,12393866,8501128.01140083,5,Top-5,1934480,1477734.67569566,0.156083662676359,0.173828070076568
44,querVar-Zone44,querVar,Zone44,25385,25385,Broadleaf evergreen and deciduous scrubs in subtropical and tropical zones,#F72585,TRUE,mf_var,Plain MF RF,2011-2040SSP585,2011-2040,SSP585,12393866,8501128.01140083,1,Top-1,305530,233336.373547504,0.0246517107737005,0.0274476955569399
44,querVar-Zone44,querVar,Zone44,25385,25385,Broadleaf evergreen and deciduous scrubs in subtropical and tropical zones,#F72585,TRUE,mf_var,Plain MF RF,2011-2040SSP585,2011-2040,SSP585,12393866,8501128.01140083,3,Top-3,1324289,1013216.67673236,0.10685035645859,0.119186145106102
44,querVar-Zone44,querVar,Zone44,25385,25385,Broadleaf evergreen and deciduous scrubs in subtropical and tropical zones,#F72585,TRUE,mf_var,Plain MF RF,2011-2040SSP585,2011-2040,SSP585,12393866,8501128.01140083,5,Top-5,1922038,1470385.47171929,0.155079778980989,0.172963572569118
44,querVar-Zone44,querVar,Zone44,25385,25385,Broadleaf evergreen and deciduous scrubs in subtropical and tropical zones,#F72585,TRUE,mf_var,Plain MF RF,2041-2070SSP585,2041-2070,SSP585,12393866,8501128.01140083,1,Top-1,292037,223031.570215941,0.0235630270651627,0.0262355266168012
44,querVar-Zone44,querVar,Zone44,25385,25385,Broadleaf evergreen and deciduous scrubs in subtropical and tropical zones,#F72585,TRUE,mf_var,Plain MF RF,2041-2070SSP585,2041-2070,SSP585,12393866,8501128.01140083,3,Top-3,1412334,1079215.85470949,0.11395427383191,0.126949723996881
44,querVar-Zone44,querVar,Zone44,25385,25385,Broadleaf evergreen and deciduous scrubs in subtropical and tropical zones,#F72585,TRUE,mf_var,Plain MF RF,2041-2070SSP585,2041-2070,SSP585,12393866,8501128.01140083,5,Top-5,1900899,1453388.8669737,0.153374177193783,0.170964237337041
44,querVar-Zone44,querVar,Zone44,25385,25385,Broadleaf evergreen and deciduous scrubs in subtropical and tropical zones,#F72585,TRUE,mf_var,Plain MF RF,2071-2100SSP585,2071-2100,SSP585,12393866,8501128.01140083,1,Top-1,260922,200618.177234636,0.0210525109759941,0.0235990067395277
44,querVar-Zone44,querVar,Zone44,25385,25385,Broadleaf evergreen and deciduous scrubs in subtropical and tropical zones,#F72585,TRUE,mf_var,Plain MF RF,2071-2100SSP585,2071-2100,SSP585,12393866,8501128.01140083,3,Top-3,1606358,1226399.48841208,0.129609114702386,0.144263147992521
44,querVar-Zone44,querVar,Zone44,25385,25385,Broadleaf evergreen and deciduous scrubs in subtropical and tropical zones,#F72585,TRUE,mf_var,Plain MF RF,2071-2100SSP585,2071-2100,SSP585,12393866,8501128.01140083,5,Top-5,1944314,1484816.05092442,0.15687711969776,0.174661062500546
47,querVar-Zone47,querVar,Zone47,455,455,One year two ripes grain fields; evergreen and deciduous orchards; economic tree plantations,#FF6D00,TRUE,rf_var,Plain RF,2011-2040SSP245,2011-2040,SSP245,12393866,8501128.01140083,1,Top-1,403797,301309.735152502,0.0325803909772786,0.0354435005270379
47,querVar-Zone47,querVar,Zone47,455,455,One year two ripes grain fields; evergreen and deciduous orchards; economic tree plantations,#FF6D00,TRUE,rf_var,Plain RF,2011-2040SSP245,2011-2040,SSP245,12393866,8501128.01140083,3,Top-3,881437,663463.586707004,0.0711188099016078,0.0780441825857974
47,querVar-Zone47,querVar,Zone47,455,455,One year two ripes grain fields; evergreen and deciduous orchards; economic tree plantations,#FF6D00,TRUE,rf_var,Plain RF,2011-2040SSP245,2011-2040,SSP245,12393866,8501128.01140083,5,Top-5,1070360,806518.387589247,0.0863620762076982,0.094871925997071
47,querVar-Zone47,querVar,Zone47,455,455,One year two ripes grain fields; evergreen and deciduous orchards; economic tree plantations,#FF6D00,TRUE,rf_var,Plain RF,2041-2070SSP245,2041-2070,SSP245,12393866,8501128.01140083,1,Top-1,219565,163928.84206769,0.0177156183550798,0.0192831871073869
47,querVar-Zone47,querVar,Zone47,455,455,One year two ripes grain fields; evergreen and deciduous orchards; economic tree plantations,#FF6D00,TRUE,rf_var,Plain RF,2041-2070SSP245,2041-2070,SSP245,12393866,8501128.01140083,3,Top-3,664835,500669.23695142,0.0536422614219002,0.0588944474521469
47,querVar-Zone47,querVar,Zone47,455,455,One year two ripes grain fields; evergreen and deciduous orchards; economic tree plantations,#FF6D00,TRUE,rf_var,Plain RF,2041-2070SSP245,2041-2070,SSP245,12393866,8501128.01140083,5,Top-5,845995,638304.55300201,0.0682591694956199,0.0750846890137382
47,querVar-Zone47,querVar,Zone47,455,455,One year two ripes grain fields; evergreen and deciduous orchards; economic tree plantations,#FF6D00,TRUE,rf_var,Plain RF,2071-2100SSP245,2071-2100,SSP245,12393866,8501128.01140083,1,Top-1,107606,80677.5863744406,0.0086821981131634,0.00949022132901001
47,querVar-Zone47,querVar,Zone47,455,455,One year two ripes grain fields; evergreen and deciduous orchards; economic tree plantations,#FF6D00,TRUE,rf_var,Plain RF,2071-2100SSP245,2071-2100,SSP245,12393866,8501128.01140083,3,Top-3,469275,355399.341493846,0.0378634882771849,0.0418061392578986
47,querVar-Zone47,querVar,Zone47,455,455,One year two ripes grain fields; evergreen and deciduous orchards; economic tree plantations,#FF6D00,TRUE,rf_var,Plain RF,2071-2100SSP245,2071-2100,SSP245,12393866,8501128.01140083,5,Top-5,628660,476832.701620604,0.0507234788563956,0.0560905212791909
47,querVar-Zone47,querVar,Zone47,455,455,One year two ripes grain fields; evergreen and deciduous orchards; economic tree plantations,#FF6D00,TRUE,rf_var,Plain RF,2011-2040SSP585,2011-2040,SSP585,12393866,8501128.01140083,1,Top-1,393210,293551.332031056,0.0317261780948737,0.0345308683315173
47,querVar-Zone47,querVar,Zone47,455,455,One year two ripes grain fields; evergreen and deciduous orchards; economic tree plantations,#FF6D00,TRUE,rf_var,Plain RF,2011-2040SSP585,2011-2040,SSP585,12393866,8501128.01140083,3,Top-3,874879,658508.437012601,0.0705896771838585,0.0774613011507976
47,querVar-Zone47,querVar,Zone47,455,455,One year two ripes grain fields; evergreen and deciduous orchards; economic tree plantations,#FF6D00,TRUE,rf_var,Plain RF,2011-2040SSP585,2011-2040,SSP585,12393866,8501128.01140083,5,Top-5,1066026,803106.741734181,0.0860123870953583,0.0944706091541191
47,querVar-Zone47,querVar,Zone47,455,455,One year two ripes grain fields; evergreen and deciduous orchards; economic tree plantations,#FF6D00,TRUE,rf_var,Plain RF,2041-2070SSP585,2041-2070,SSP585,12393866,8501128.01140083,1,Top-1,123767,92887.3840978504,0.00998614960013284,0.0109264775184281
47,querVar-Zone47,querVar,Zone47,455,455,One year two ripes grain fields; evergreen and deciduous orchards; economic tree plantations,#FF6D00,TRUE,rf_var,Plain RF,2041-2070SSP585,2041-2070,SSP585,12393866,8501128.01140083,3,Top-3,501054,379319.868618222,0.0404275792557383,0.0446199455071747
47,querVar-Zone47,querVar,Zone47,455,455,One year two ripes grain fields; evergreen and deciduous orchards; economic tree plantations,#FF6D00,TRUE,rf_var,Plain RF,2041-2070SSP585,2041-2070,SSP585,12393866,8501128.01140083,5,Top-5,669276,507439.952586345,0.0540005838371982,0.0596908965381793
47,querVar-Zone47,querVar,Zone47,455,455,One year two ripes grain fields; evergreen and deciduous orchards; economic tree plantations,#FF6D00,TRUE,rf_var,Plain RF,2071-2100SSP585,2071-2100,SSP585,12393866,8501128.01140083,1,Top-1,45904,33824.5921557803,0.00370376765409599,0.00397883576278563
47,querVar-Zone47,querVar,Zone47,455,455,One year two ripes grain fields; evergreen and deciduous orchards; economic tree plantations,#FF6D00,TRUE,rf_var,Plain RF,2071-2100SSP585,2071-2100,SSP585,12393866,8501128.01140083,3,Top-3,284605,216662.709541201,0.02296337559241,0.0254863483117341
47,querVar-Zone47,querVar,Zone47,455,455,One year two ripes grain fields; evergreen and deciduous orchards; economic tree plantations,#FF6D00,TRUE,rf_var,Plain RF,2071-2100SSP585,2071-2100,SSP585,12393866,8501128.01140083,5,Top-5,380789,290318.244635911,0.0307239887860656,0.0341505555788086
47,querVar-Zone47,querVar,Zone47,455,455,One year two ripes grain fields; evergreen and deciduous orchards; economic tree plantations,#FF6D00,TRUE,mf_var,Plain MF RF,2011-2040SSP245,2011-2040,SSP245,12393866,8501128.01140083,1,Top-1,404273,301621.238346814,0.032618797072681,0.0354801430989289
47,querVar-Zone47,querVar,Zone47,455,455,One year two ripes grain fields; evergreen and deciduous orchards; economic tree plantations,#FF6D00,TRUE,mf_var,Plain MF RF,2011-2040SSP245,2011-2040,SSP245,12393866,8501128.01140083,3,Top-3,875249,658964.246716603,0.0706195306613772,0.0775149187064197
47,querVar-Zone47,querVar,Zone47,455,455,One year two ripes grain fields; evergreen and deciduous orchards; economic tree plantations,#FF6D00,TRUE,mf_var,Plain MF RF,2011-2040SSP245,2011-2040,SSP245,12393866,8501128.01140083,5,Top-5,1062157,800559.616463699,0.0857002165426026,0.0941709871196001
47,querVar-Zone47,querVar,Zone47,455,455,One year two ripes grain fields; evergreen and deciduous orchards; economic tree plantations,#FF6D00,TRUE,mf_var,Plain MF RF,2041-2070SSP245,2041-2070,SSP245,12393866,8501128.01140083,1,Top-1,234883,174898.021112777,0.0189515523243514,0.0205735075249099
47,querVar-Zone47,querVar,Zone47,455,455,One year two ripes grain fields; evergreen and deciduous orchards; economic tree plantations,#FF6D00,TRUE,mf_var,Plain MF RF,2041-2070SSP245,2041-2070,SSP245,12393866,8501128.01140083,3,Top-3,694344,522112.631237139,0.056023197281623,0.0614168649780283
47,querVar-Zone47,querVar,Zone47,455,455,One year two ripes grain fields; evergreen and deciduous orchards; economic tree plantations,#FF6D00,TRUE,mf_var,Plain MF RF,2041-2070SSP245,2041-2070,SSP245,12393866,8501128.01140083,5,Top-5,870663,656092.008113996,0.0702495089102948,0.0771770531197876
47,querVar-Zone47,querVar,Zone47,455,455,One year two ripes grain fields; evergreen and deciduous orchards; economic tree plantations,#FF6D00,TRUE,mf_var,Plain MF RF,2071-2100SSP245,2071-2100,SSP245,12393866,8501128.01140083,1,Top-1,121030,90406.8481373846,0.0097653145515693,0.0106346884808863
47,querVar-Zone47,querVar,Zone47,455,455,One year two ripes grain fields; evergreen and deciduous orchards; economic tree plantations,#FF6D00,TRUE,mf_var,Plain MF RF,2071-2100SSP245,2071-2100,SSP245,12393866,8501128.01140083,3,Top-3,506810,382256.372718087,0.040892002543839,0.0449653707373239
47,querVar-Zone47,querVar,Zone47,455,455,One year two ripes grain fields; evergreen and deciduous orchards; economic tree plantations,#FF6D00,TRUE,mf_var,Plain MF RF,2071-2100SSP245,2071-2100,SSP245,12393866,8501128.01140083,5,Top-5,662097,500616.434329849,0.0534213456882622,0.0588882362032985
47,querVar-Zone47,querVar,Zone47,455,455,One year two ripes grain fields; evergreen and deciduous orchards; economic tree plantations,#FF6D00,TRUE,mf_var,Plain MF RF,2011-2040SSP585,2011-2040,SSP585,12393866,8501128.01140083,1,Top-1,393224,293534.596520154,0.031727307685915,0.0345288997091322
47,querVar-Zone47,querVar,Zone47,455,455,One year two ripes grain fields; evergreen and deciduous orchards; economic tree plantations,#FF6D00,TRUE,mf_var,Plain MF RF,2011-2040SSP585,2011-2040,SSP585,12393866,8501128.01140083,3,Top-3,871707,656233.083428153,0.070333744127942,0.0771936480133085
47,querVar-Zone47,querVar,Zone47,455,455,One year two ripes grain fields; evergreen and deciduous orchards; economic tree plantations,#FF6D00,TRUE,mf_var,Plain MF RF,2011-2040SSP585,2011-2040,SSP585,12393866,8501128.01140083,5,Top-5,1060004,798758.571031385,0.0855265015774739,0.0939591275369777
47,querVar-Zone47,querVar,Zone47,455,455,One year two ripes grain fields; evergreen and deciduous orchards; economic tree plantations,#FF6D00,TRUE,mf_var,Plain MF RF,2041-2070SSP585,2041-2070,SSP585,12393866,8501128.01140083,1,Top-1,138025,103164.601797118,0.0111365573905672,0.0121354015206881
47,querVar-Zone47,querVar,Zone47,455,455,One year two ripes grain fields; evergreen and deciduous orchards; economic tree plantations,#FF6D00,TRUE,mf_var,Plain MF RF,2041-2070SSP585,2041-2070,SSP585,12393866,8501128.01140083,3,Top-3,535263,403836.252564449,0.0431877349650222,0.0475038432573731
47,querVar-Zone47,querVar,Zone47,455,455,One year two ripes grain fields; evergreen and deciduous orchards; economic tree plantations,#FF6D00,TRUE,mf_var,Plain MF RF,2041-2070SSP585,2041-2070,SSP585,12393866,8501128.01140083,5,Top-5,701882,530738.715888813,0.0566314013722595,0.0624315638085959
47,querVar-Zone47,querVar,Zone47,455,455,One year two ripes grain fields; evergreen and deciduous orchards; economic tree plantations,#FF6D00,TRUE,mf_var,Plain MF RF,2071-2100SSP585,2071-2100,SSP585,12393866,8501128.01140083,1,Top-1,46883,34506.3171949133,0.00378275834190881,0.00405902806646801
47,querVar-Zone47,querVar,Zone47,455,455,One year two ripes grain fields; evergreen and deciduous orchards; economic tree plantations,#FF6D00,TRUE,mf_var,Plain MF RF,2071-2100SSP585,2071-2100,SSP585,12393866,8501128.01140083,3,Top-3,287565,218831.374302337,0.0232022034125591,0.0257414514884217
47,querVar-Zone47,querVar,Zone47,455,455,One year two ripes grain fields; evergreen and deciduous orchards; economic tree plantations,#FF6D00,TRUE,mf_var,Plain MF RF,2071-2100SSP585,2071-2100,SSP585,12393866,8501128.01140083,5,Top-5,377273,287497.942216467,0.0304403000645642,0.0338187993206201
49,querVar-Zone49,querVar,Zone49,176,176,Broadleaf evergreen forests in subtropical zone,#006400,TRUE,rf_var,Plain RF,2011-2040SSP245,2011-2040,SSP245,12393866,8501128.01140083,1,Top-1,160802,123299.244527156,0.0129743213295997,0.0145038687056353
49,querVar-Zone49,querVar,Zone49,176,176,Broadleaf evergreen forests in subtropical zone,#006400,TRUE,rf_var,Plain RF,2011-2040SSP245,2011-2040,SSP245,12393866,8501128.01140083,3,Top-3,564358,432222.659246506,0.045535267203954,0.0508429773868661
49,querVar-Zone49,querVar,Zone49,176,176,Broadleaf evergreen forests in subtropical zone,#006400,TRUE,rf_var,Plain RF,2011-2040SSP245,2011-2040,SSP245,12393866,8501128.01140083,5,Top-5,926943,710480.614431934,0.0747904648961026,0.083574863650931
49,querVar-Zone49,querVar,Zone49,176,176,Broadleaf evergreen forests in subtropical zone,#006400,TRUE,rf_var,Plain RF,2041-2070SSP245,2041-2070,SSP245,12393866,8501128.01140083,1,Top-1,178779,136730.239554994,0.0144247969116335,0.0160837761026097
49,querVar-Zone49,querVar,Zone49,176,176,Broadleaf evergreen forests in subtropical zone,#006400,TRUE,rf_var,Plain RF,2041-2070SSP245,2041-2070,SSP245,12393866,8501128.01140083,3,Top-3,506912,387650.670347862,0.0409002324214252,0.045599909779971
49,querVar-Zone49,querVar,Zone49,176,176,Broadleaf evergreen forests in subtropical zone,#006400,TRUE,rf_var,Plain RF,2041-2070SSP245,2041-2070,SSP245,12393866,8501128.01140083,5,Top-5,818970,627444.190280525,0.0660786553606437,0.0738071688179571
49,querVar-Zone49,querVar,Zone49,176,176,Broadleaf evergreen forests in subtropical zone,#006400,TRUE,rf_var,Plain RF,2071-2100SSP245,2071-2100,SSP245,12393866,8501128.01140083,1,Top-1,192367,146788.053476868,0.0155211457022369,0.0172668913207767
49,querVar-Zone49,querVar,Zone49,176,176,Broadleaf evergreen forests in subtropical zone,#006400,TRUE,rf_var,Plain RF,2071-2100SSP245,2071-2100,SSP245,12393866,8501128.01140083,3,Top-3,478178,365237.105375602,0.0385818274943428,0.0429633696711523
49,querVar-Zone49,querVar,Zone49,176,176,Broadleaf evergreen forests in subtropical zone,#006400,TRUE,rf_var,Plain RF,2071-2100SSP245,2071-2100,SSP245,12393866,8501128.01140083,5,Top-5,764367,585173.836847675,0.0616730082445623,0.0688348459243174
49,querVar-Zone49,querVar,Zone49,176,176,Broadleaf evergreen forests in subtropical zone,#006400,TRUE,rf_var,Plain RF,2011-2040SSP585,2011-2040,SSP585,12393866,8501128.01140083,1,Top-1,166195,127341.065062184,0.0134094559357024,0.014979313908861
49,querVar-Zone49,querVar,Zone49,176,176,Broadleaf evergreen forests in subtropical zone,#006400,TRUE,rf_var,Plain RF,2011-2040SSP585,2011-2040,SSP585,12393866,8501128.01140083,3,Top-3,561371,429710.687570496,0.0452942608867967,0.0505474905205771
49,querVar-Zone49,querVar,Zone49,176,176,Broadleaf evergreen forests in subtropical zone,#006400,TRUE,rf_var,Plain RF,2011-2040SSP585,2011-2040,SSP585,12393866,8501128.01140083,5,Top-5,926377,709872.870132848,0.0747447971440066,0.0835033738088452
49,querVar-Zone49,querVar,Zone49,176,176,Broadleaf evergreen forests in subtropical zone,#006400,TRUE,rf_var,Plain RF,2041-2070SSP585,2041-2070,SSP585,12393866,8501128.01140083,1,Top-1,179325,136923.784063579,0.0144688509622421,0.0161065430234612
49,querVar-Zone49,querVar,Zone49,176,176,Broadleaf evergreen forests in subtropical zone,#006400,TRUE,rf_var,Plain RF,2041-2070SSP585,2041-2070,SSP585,12393866,8501128.01140083,3,Top-3,457803,349742.133581518,0.0369378691039584,0.0411406736979469
49,querVar-Zone49,querVar,Zone49,176,176,Broadleaf evergreen forests in subtropical zone,#006400,TRUE,rf_var,Plain RF,2041-2070SSP585,2041-2070,SSP585,12393866,8501128.01140083,5,Top-5,741930,568222.187711475,0.0598626772308172,0.0668407988856813
49,querVar-Zone49,querVar,Zone49,176,176,Broadleaf evergreen forests in subtropical zone,#006400,TRUE,rf_var,Plain RF,2071-2100SSP585,2071-2100,SSP585,12393866,8501128.01140083,1,Top-1,196489,149552.646190541,0.0158537295788094,0.017592094365592
49,querVar-Zone49,querVar,Zone49,176,176,Broadleaf evergreen forests in subtropical zone,#006400,TRUE,rf_var,Plain RF,2071-2100SSP585,2071-2100,SSP585,12393866,8501128.01140083,3,Top-3,380884,290483.390256093,0.0307316538681312,0.0341699818972879
49,querVar-Zone49,querVar,Zone49,176,176,Broadleaf evergreen forests in subtropical zone,#006400,TRUE,rf_var,Plain RF,2071-2100SSP585,2071-2100,SSP585,12393866,8501128.01140083,5,Top-5,552163,421937.361505733,0.0445513127219546,0.0496331029176215
49,querVar-Zone49,querVar,Zone49,176,176,Broadleaf evergreen forests in subtropical zone,#006400,TRUE,mf_var,Plain MF RF,2011-2040SSP245,2011-2040,SSP245,12393866,8501128.01140083,1,Top-1,163299,125212.920032862,0.0131757919603133,0.0147289771269106
49,querVar-Zone49,querVar,Zone49,176,176,Broadleaf evergreen forests in subtropical zone,#006400,TRUE,mf_var,Plain MF RF,2011-2040SSP245,2011-2040,SSP245,12393866,8501128.01140083,3,Top-3,567719,434757.695087279,0.0458064497389273,0.0511411773242594
49,querVar-Zone49,querVar,Zone49,176,176,Broadleaf evergreen forests in subtropical zone,#006400,TRUE,mf_var,Plain MF RF,2011-2040SSP245,2011-2040,SSP245,12393866,8501128.01140083,5,Top-5,936256,717501.952438608,0.0755418849937542,0.0844007938095237
49,querVar-Zone49,querVar,Zone49,176,176,Broadleaf evergreen forests in subtropical zone,#006400,TRUE,mf_var,Plain MF RF,2041-2070SSP245,2041-2070,SSP245,12393866,8501128.01140083,1,Top-1,177483,135727.053176907,0.0143202290552439,0.0159657698360599
49,querVar-Zone49,querVar,Zone49,176,176,Broadleaf evergreen forests in subtropical zone,#006400,TRUE,mf_var,Plain MF RF,2041-2070SSP245,2041-2070,SSP245,12393866,8501128.01140083,3,Top-3,505164,386242.723434194,0.0407591949114183,0.0454342909454139
49,querVar-Zone49,querVar,Zone49,176,176,Broadleaf evergreen forests in subtropical zone,#006400,TRUE,mf_var,Plain MF RF,2041-2070SSP245,2041-2070,SSP245,12393866,8501128.01140083,5,Top-5,833208,638283.415041991,0.0672274494495906,0.0750822025248875
49,querVar-Zone49,querVar,Zone49,176,176,Broadleaf evergreen forests in subtropical zone,#006400,TRUE,mf_var,Plain MF RF,2071-2100SSP245,2071-2100,SSP245,12393866,8501128.01140083,1,Top-1,189650,144734.075599949,0.0153019243551609,0.0170252789283783
49,querVar-Zone49,querVar,Zone49,176,176,Broadleaf evergreen forests in subtropical zone,#006400,TRUE,mf_var,Plain MF RF,2071-2100SSP245,2071-2100,SSP245,12393866,8501128.01140083,3,Top-3,476318,363749.339336609,0.0384317532560058,0.0427883615972829
49,querVar-Zone49,querVar,Zone49,176,176,Broadleaf evergreen forests in subtropical zone,#006400,TRUE,mf_var,Plain MF RF,2071-2100SSP245,2071-2100,SSP245,12393866,8501128.01140083,5,Top-5,773936,592402.545463094,0.0624450837212537,0.0696851693879477
49,querVar-Zone49,querVar,Zone49,176,176,Broadleaf evergreen forests in subtropical zone,#006400,TRUE,mf_var,Plain MF RF,2011-2040SSP585,2011-2040,SSP585,12393866,8501128.01140083,1,Top-1,169295,129709.720068583,0.0136595796662639,0.0152579422277408
49,querVar-Zone49,querVar,Zone49,176,176,Broadleaf evergreen forests in subtropical zone,#006400,TRUE,mf_var,Plain MF RF,2011-2040SSP585,2011-2040,SSP585,12393866,8501128.01140083,3,Top-3,565835,433077.598578888,0.0456544390588054,0.0509435451387262
49,querVar-Zone49,querVar,Zone49,176,176,Broadleaf evergreen forests in subtropical zone,#006400,TRUE,mf_var,Plain MF RF,2011-2040SSP585,2011-2040,SSP585,12393866,8501128.01140083,5,Top-5,936822,717757.011565273,0.0755875527458503,0.0844307967839905
49,querVar-Zone49,querVar,Zone49,176,176,Broadleaf evergreen forests in subtropical zone,#006400,TRUE,mf_var,Plain MF RF,2041-2070SSP585,2041-2070,SSP585,12393866,8501128.01140083,1,Top-1,177817,135794.622109808,0.0143471778700851,0.0159737180674958
49,querVar-Zone49,querVar,Zone49,176,176,Broadleaf evergreen forests in subtropical zone,#006400,TRUE,mf_var,Plain MF RF,2041-2070SSP585,2041-2070,SSP585,12393866,8501128.01140083,3,Top-3,457591,349523.268762536,0.0369207638681909,0.0411149283123124
49,querVar-Zone49,querVar,Zone49,176,176,Broadleaf evergreen forests in subtropical zone,#006400,TRUE,mf_var,Plain MF RF,2041-2070SSP585,2041-2070,SSP585,12393866,8501128.01140083,5,Top-5,753314,576871.34222216,0.0607811961174988,0.0678582114571761
49,querVar-Zone49,querVar,Zone49,176,176,Broadleaf evergreen forests in subtropical zone,#006400,TRUE,mf_var,Plain MF RF,2071-2100SSP585,2071-2100,SSP585,12393866,8501128.01140083,1,Top-1,193250,147063.914909236,0.0155923906229098,0.0172993413005909
49,querVar-Zone49,querVar,Zone49,176,176,Broadleaf evergreen forests in subtropical zone,#006400,TRUE,mf_var,Plain MF RF,2071-2100SSP585,2071-2100,SSP585,12393866,8501128.01140083,3,Top-3,375320,286167.833644784,0.0302827221143104,0.0336623367229626
49,querVar-Zone49,querVar,Zone49,176,176,Broadleaf evergreen forests in subtropical zone,#006400,TRUE,mf_var,Plain MF RF,2071-2100SSP585,2071-2100,SSP585,12393866,8501128.01140083,5,Top-5,546487,417467.107525016,0.0440933442398038,0.0491072604676877
3,robiPse-Zone3,robiPse,Zone3,11620,11620,Broadleaf deciduous forests in temperate zone,#33A02C,TRUE,rf_var,Plain RF,2011-2040SSP245,2011-2040,SSP245,12393866,8501128.01140083,1,Top-1,464597,285110.19273948,0.03748604349926,0.0335379248915108
3,robiPse-Zone3,robiPse,Zone3,11620,11620,Broadleaf deciduous forests in temperate zone,#33A02C,TRUE,rf_var,Plain RF,2011-2040SSP245,2011-2040,SSP245,12393866,8501128.01140083,3,Top-3,1043841,650362.609125005,0.0842223887203557,0.076503095618935
3,robiPse-Zone3,robiPse,Zone3,11620,11620,Broadleaf deciduous forests in temperate zone,#33A02C,TRUE,rf_var,Plain RF,2011-2040SSP245,2011-2040,SSP245,12393866,8501128.01140083,5,Top-5,1364973,854196.977497454,0.11013294802445,0.100480427579951
3,robiPse-Zone3,robiPse,Zone3,11620,11620,Broadleaf deciduous forests in temperate zone,#33A02C,TRUE,rf_var,Plain RF,2041-2070SSP245,2041-2070,SSP245,12393866,8501128.01140083,1,Top-1,452763,271632.094911422,0.0365312163291099,0.0319524767239285
3,robiPse-Zone3,robiPse,Zone3,11620,11620,Broadleaf deciduous forests in temperate zone,#33A02C,TRUE,rf_var,Plain RF,2041-2070SSP245,2041-2070,SSP245,12393866,8501128.01140083,3,Top-3,978384,598883.210999804,0.0789409858070113,0.0704474994608531
3,robiPse-Zone3,robiPse,Zone3,11620,11620,Broadleaf deciduous forests in temperate zone,#33A02C,TRUE,rf_var,Plain RF,2041-2070SSP245,2041-2070,SSP245,12393866,8501128.01140083,5,Top-5,1197848,746828.28150673,0.0966484549695793,0.0878504923705609
3,robiPse-Zone3,robiPse,Zone3,11620,11620,Broadleaf deciduous forests in temperate zone,#33A02C,TRUE,rf_var,Plain RF,2071-2100SSP245,2071-2100,SSP245,12393866,8501128.01140083,1,Top-1,461225,277213.485590234,0.0372139734284686,0.0326090237928971
3,robiPse-Zone3,robiPse,Zone3,11620,11620,Broadleaf deciduous forests in temperate zone,#33A02C,TRUE,rf_var,Plain RF,2071-2100SSP245,2071-2100,SSP245,12393866,8501128.01140083,3,Top-3,949287,582518.101763601,0.0765932921979308,0.0685224479601281
3,robiPse-Zone3,robiPse,Zone3,11620,11620,Broadleaf deciduous forests in temperate zone,#33A02C,TRUE,rf_var,Plain RF,2071-2100SSP245,2071-2100,SSP245,12393866,8501128.01140083,5,Top-5,1118256,697025.602387899,0.0902265685299486,0.081992131097558
3,robiPse-Zone3,robiPse,Zone3,11620,11620,Broadleaf deciduous forests in temperate zone,#33A02C,TRUE,rf_var,Plain RF,2011-2040SSP585,2011-2040,SSP585,12393866,8501128.01140083,1,Top-1,461589,282806.507289548,0.037243342795541,0.0332669390356524
3,robiPse-Zone3,robiPse,Zone3,11620,11620,Broadleaf deciduous forests in temperate zone,#33A02C,TRUE,rf_var,Plain RF,2011-2040SSP585,2011-2040,SSP585,12393866,8501128.01140083,3,Top-3,1034716,643166.983597266,0.0834861374166866,0.0756566637668221
3,robiPse-Zone3,robiPse,Zone3,11620,11620,Broadleaf deciduous forests in temperate zone,#33A02C,TRUE,rf_var,Plain RF,2011-2040SSP585,2011-2040,SSP585,12393866,8501128.01140083,5,Top-5,1350011,844345.577223345,0.108925737941656,0.0993215930981154
3,robiPse-Zone3,robiPse,Zone3,11620,11620,Broadleaf deciduous forests in temperate zone,#33A02C,TRUE,rf_var,Plain RF,2041-2070SSP585,2041-2070,SSP585,12393866,8501128.01140083,1,Top-1,429988,258855.543342417,0.0346936137602262,0.0304495524588345
3,robiPse-Zone3,robiPse,Zone3,11620,11620,Broadleaf deciduous forests in temperate zone,#33A02C,TRUE,rf_var,Plain RF,2041-2070SSP585,2041-2070,SSP585,12393866,8501128.01140083,3,Top-3,899058,552576.954113135,0.0725405615971643,0.06500042739882
3,robiPse-Zone3,robiPse,Zone3,11620,11620,Broadleaf deciduous forests in temperate zone,#33A02C,TRUE,rf_var,Plain RF,2041-2070SSP585,2041-2070,SSP585,12393866,8501128.01140083,5,Top-5,1079812,674943.002182181,0.0871247115306879,0.0793945228535575
3,robiPse-Zone3,robiPse,Zone3,11620,11620,Broadleaf deciduous forests in temperate zone,#33A02C,TRUE,rf_var,Plain RF,2071-2100SSP585,2071-2100,SSP585,12393866,8501128.01140083,1,Top-1,358944,221810.404449178,0.0289614233363504,0.0260918791190662
3,robiPse-Zone3,robiPse,Zone3,11620,11620,Broadleaf deciduous forests in temperate zone,#33A02C,TRUE,rf_var,Plain RF,2071-2100SSP585,2071-2100,SSP585,12393866,8501128.01140083,3,Top-3,694514,438270.028335231,0.0560369137442667,0.0515543381710602
3,robiPse-Zone3,robiPse,Zone3,11620,11620,Broadleaf deciduous forests in temperate zone,#33A02C,TRUE,rf_var,Plain RF,2071-2100SSP585,2071-2100,SSP585,12393866,8501128.01140083,5,Top-5,784614,499382.838647492,0.0633066389454267,0.0587431265565901
3,robiPse-Zone3,robiPse,Zone3,11620,11620,Broadleaf deciduous forests in temperate zone,#33A02C,TRUE,mf_var,Plain MF RF,2011-2040SSP245,2011-2040,SSP245,12393866,8501128.01140083,1,Top-1,461865,283631.433829458,0.0372656118760684,0.033363976339267
3,robiPse-Zone3,robiPse,Zone3,11620,11620,Broadleaf deciduous forests in temperate zone,#33A02C,TRUE,mf_var,Plain MF RF,2011-2040SSP245,2011-2040,SSP245,12393866,8501128.01140083,3,Top-3,1048317,653280.233499131,0.0845835351132568,0.0768462999996024
3,robiPse-Zone3,robiPse,Zone3,11620,11620,Broadleaf deciduous forests in temperate zone,#33A02C,TRUE,mf_var,Plain MF RF,2011-2040SSP245,2011-2040,SSP245,12393866,8501128.01140083,5,Top-5,1370809,857697.855499619,0.110603826118501,0.100892240929599
3,robiPse-Zone3,robiPse,Zone3,11620,11620,Broadleaf deciduous forests in temperate zone,#33A02C,TRUE,mf_var,Plain MF RF,2041-2070SSP245,2041-2070,SSP245,12393866,8501128.01140083,1,Top-1,440869,265453.674592307,0.0355715480544973,0.0312257001937046
3,robiPse-Zone3,robiPse,Zone3,11620,11620,Broadleaf deciduous forests in temperate zone,#33A02C,TRUE,mf_var,Plain MF RF,2041-2070SSP245,2041-2070,SSP245,12393866,8501128.01140083,3,Top-3,990499,605985.493476436,0.0799184854830607,0.0712829512346774
3,robiPse-Zone3,robiPse,Zone3,11620,11620,Broadleaf deciduous forests in temperate zone,#33A02C,TRUE,mf_var,Plain MF RF,2041-2070SSP245,2041-2070,SSP245,12393866,8501128.01140083,5,Top-5,1205946,751507.261395186,0.0973018427018656,0.0884008875513158
3,robiPse-Zone3,robiPse,Zone3,11620,11620,Broadleaf deciduous forests in temperate zone,#33A02C,TRUE,mf_var,Plain MF RF,2071-2100SSP245,2071-2100,SSP245,12393866,8501128.01140083,1,Top-1,469512,282414.815500005,0.0378826106398117,0.0332208637631688
3,robiPse-Zone3,robiPse,Zone3,11620,11620,Broadleaf deciduous forests in temperate zone,#33A02C,TRUE,mf_var,Plain MF RF,2071-2100SSP245,2071-2100,SSP245,12393866,8501128.01140083,3,Top-3,956489,586027.999714912,0.0771743861035774,0.068935322339458
3,robiPse-Zone3,robiPse,Zone3,11620,11620,Broadleaf deciduous forests in temperate zone,#33A02C,TRUE,mf_var,Plain MF RF,2071-2100SSP245,2071-2100,SSP245,12393866,8501128.01140083,5,Top-5,1121721,698311.205460189,0.0905061423126569,0.0821433584488654
3,robiPse-Zone3,robiPse,Zone3,11620,11620,Broadleaf deciduous forests in temperate zone,#33A02C,TRUE,mf_var,Plain MF RF,2011-2040SSP585,2011-2040,SSP585,12393866,8501128.01140083,1,Top-1,462022,283092.671954753,0.0372782794327452,0.0333006009996671
3,robiPse-Zone3,robiPse,Zone3,11620,11620,Broadleaf deciduous forests in temperate zone,#33A02C,TRUE,mf_var,Plain MF RF,2011-2040SSP585,2011-2040,SSP585,12393866,8501128.01140083,3,Top-3,1042368,648030.649922601,0.0841035396058018,0.076228783880625
3,robiPse-Zone3,robiPse,Zone3,11620,11620,Broadleaf deciduous forests in temperate zone,#33A02C,TRUE,mf_var,Plain MF RF,2011-2040SSP585,2011-2040,SSP585,12393866,8501128.01140083,5,Top-5,1358536,849716.610984574,0.1096135782007,0.0999533955782129
3,robiPse-Zone3,robiPse,Zone3,11620,11620,Broadleaf deciduous forests in temperate zone,#33A02C,TRUE,mf_var,Plain MF RF,2041-2070SSP585,2041-2070,SSP585,12393866,8501128.01140083,1,Top-1,421656,254872.376314642,0.0340213457205363,0.0299810067526137
3,robiPse-Zone3,robiPse,Zone3,11620,11620,Broadleaf deciduous forests in temperate zone,#33A02C,TRUE,mf_var,Plain MF RF,2041-2070SSP585,2041-2070,SSP585,12393866,8501128.01140083,3,Top-3,906143,556414.72174868,0.073112215349109,0.0654518695639536
3,robiPse-Zone3,robiPse,Zone3,11620,11620,Broadleaf deciduous forests in temperate zone,#33A02C,TRUE,mf_var,Plain MF RF,2041-2070SSP585,2041-2070,SSP585,12393866,8501128.01140083,5,Top-5,1080800,674944.395809317,0.08720442838417,0.0793946867879359
3,robiPse-Zone3,robiPse,Zone3,11620,11620,Broadleaf deciduous forests in temperate zone,#33A02C,TRUE,mf_var,Plain MF RF,2071-2100SSP585,2071-2100,SSP585,12393866,8501128.01140083,1,Top-1,369042,227732.563541856,0.0297761812173861,0.0267885112700861
3,robiPse-Zone3,robiPse,Zone3,11620,11620,Broadleaf deciduous forests in temperate zone,#33A02C,TRUE,mf_var,Plain MF RF,2071-2100SSP585,2071-2100,SSP585,12393866,8501128.01140083,3,Top-3,680596,428831.164466811,0.0549139388791197,0.0504440309440943
3,robiPse-Zone3,robiPse,Zone3,11620,11620,Broadleaf deciduous forests in temperate zone,#33A02C,TRUE,mf_var,Plain MF RF,2071-2100SSP585,2071-2100,SSP585,12393866,8501128.01140083,5,Top-5,765012,486243.864003226,0.061725050117534,0.0571975699402627
7,robiPse-Zone7,robiPse,Zone7,51,51,Deciduous scrubs in temperate zone,#C77DFF,TRUE,rf_var,Plain RF,2011-2040SSP245,2011-2040,SSP245,12393866,8501128.01140083,1,Top-1,234864,154116.874344455,0.0189500193079383,0.0181289911336201
7,robiPse-Zone7,robiPse,Zone7,51,51,Deciduous scrubs in temperate zone,#C77DFF,TRUE,rf_var,Plain RF,2011-2040SSP245,2011-2040,SSP245,12393866,8501128.01140083,3,Top-3,862636,567368.89404171,0.0696018498182891,0.0667404247154982
7,robiPse-Zone7,robiPse,Zone7,51,51,Deciduous scrubs in temperate zone,#C77DFF,TRUE,rf_var,Plain RF,2011-2040SSP245,2011-2040,SSP245,12393866,8501128.01140083,5,Top-5,1177402,777119.376502312,0.0949987679389143,0.0914136777448969
7,robiPse-Zone7,robiPse,Zone7,51,51,Deciduous scrubs in temperate zone,#C77DFF,TRUE,rf_var,Plain RF,2041-2070SSP245,2041-2070,SSP245,12393866,8501128.01140083,1,Top-1,256030,167241.286045414,0.0206577995921531,0.0196728346898349
7,robiPse-Zone7,robiPse,Zone7,51,51,Deciduous scrubs in temperate zone,#C77DFF,TRUE,rf_var,Plain RF,2041-2070SSP245,2041-2070,SSP245,12393866,8501128.01140083,3,Top-3,769095,506122.995540601,0.0620544872762058,0.0595359809735651
7,robiPse-Zone7,robiPse,Zone7,51,51,Deciduous scrubs in temperate zone,#C77DFF,TRUE,rf_var,Plain RF,2041-2070SSP245,2041-2070,SSP245,12393866,8501128.01140083,5,Top-5,1033666,683642.38542879,0.0834014180885932,0.0804178439040043
7,robiPse-Zone7,robiPse,Zone7,51,51,Deciduous scrubs in temperate zone,#C77DFF,TRUE,rf_var,Plain RF,2071-2100SSP245,2071-2100,SSP245,12393866,8501128.01140083,1,Top-1,233951,153007.368365041,0.0188763538350342,0.0179984783383856
7,robiPse-Zone7,robiPse,Zone7,51,51,Deciduous scrubs in temperate zone,#C77DFF,TRUE,rf_var,Plain RF,2071-2100SSP245,2071-2100,SSP245,12393866,8501128.01140083,3,Top-3,658468,433778.595233472,0.0531285395533565,0.0510260043904448
7,robiPse-Zone7,robiPse,Zone7,51,51,Deciduous scrubs in temperate zone,#C77DFF,TRUE,rf_var,Plain RF,2071-2100SSP245,2071-2100,SSP245,12393866,8501128.01140083,5,Top-5,868919,575059.378191839,0.0701087941405854,0.067645067504057
7,robiPse-Zone7,robiPse,Zone7,51,51,Deciduous scrubs in temperate zone,#C77DFF,TRUE,rf_var,Plain RF,2011-2040SSP585,2011-2040,SSP585,12393866,8501128.01140083,1,Top-1,240658,157720.188303856,0.0194175086288653,0.0185528541732742
7,robiPse-Zone7,robiPse,Zone7,51,51,Deciduous scrubs in temperate zone,#C77DFF,TRUE,rf_var,Plain RF,2011-2040SSP585,2011-2040,SSP585,12393866,8501128.01140083,3,Top-3,856764,563657.92196866,0.0691280670615609,0.0663038976960163
7,robiPse-Zone7,robiPse,Zone7,51,51,Deciduous scrubs in temperate zone,#C77DFF,TRUE,rf_var,Plain RF,2011-2040SSP585,2011-2040,SSP585,12393866,8501128.01140083,5,Top-5,1168645,771616.086702585,0.0942922087426151,0.0907663177954471
7,robiPse-Zone7,robiPse,Zone7,51,51,Deciduous scrubs in temperate zone,#C77DFF,TRUE,rf_var,Plain RF,2041-2070SSP585,2041-2070,SSP585,12393866,8501128.01140083,1,Top-1,237919,155616.32284032,0.019196512210153,0.0183053734318108
7,robiPse-Zone7,robiPse,Zone7,51,51,Deciduous scrubs in temperate zone,#C77DFF,TRUE,rf_var,Plain RF,2041-2070SSP585,2041-2070,SSP585,12393866,8501128.01140083,3,Top-3,662013,436124.591625067,0.0534145681420148,0.0513019673436493
7,robiPse-Zone7,robiPse,Zone7,51,51,Deciduous scrubs in temperate zone,#C77DFF,TRUE,rf_var,Plain RF,2041-2070SSP585,2041-2070,SSP585,12393866,8501128.01140083,5,Top-5,872437,577776.516437604,0.0703926442322355,0.067964688411085
7,robiPse-Zone7,robiPse,Zone7,51,51,Deciduous scrubs in temperate zone,#C77DFF,TRUE,rf_var,Plain RF,2071-2100SSP585,2071-2100,SSP585,12393866,8501128.01140083,1,Top-1,151761,99669.9941668286,0.012244847572178,0.0117243257639647
7,robiPse-Zone7,robiPse,Zone7,51,51,Deciduous scrubs in temperate zone,#C77DFF,TRUE,rf_var,Plain RF,2071-2100SSP585,2071-2100,SSP585,12393866,8501128.01140083,3,Top-3,448104,297373.18000512,0.0361553045675982,0.0349804378438149
7,robiPse-Zone7,robiPse,Zone7,51,51,Deciduous scrubs in temperate zone,#C77DFF,TRUE,rf_var,Plain RF,2071-2100SSP585,2071-2100,SSP585,12393866,8501128.01140083,5,Top-5,528045,351612.474602465,0.0426053500981857,0.0413606846210196
7,robiPse-Zone7,robiPse,Zone7,51,51,Deciduous scrubs in temperate zone,#C77DFF,TRUE,mf_var,Plain MF RF,2011-2040SSP245,2011-2040,SSP245,12393866,8501128.01140083,1,Top-1,235290,154347.65893979,0.0189843911496219,0.0181561386598102
7,robiPse-Zone7,robiPse,Zone7,51,51,Deciduous scrubs in temperate zone,#C77DFF,TRUE,mf_var,Plain MF RF,2011-2040SSP245,2011-2040,SSP245,12393866,8501128.01140083,3,Top-3,853077,560942.04522725,0.0688305811923414,0.0659844251815727
7,robiPse-Zone7,robiPse,Zone7,51,51,Deciduous scrubs in temperate zone,#C77DFF,TRUE,mf_var,Plain MF RF,2011-2040SSP245,2011-2040,SSP245,12393866,8501128.01140083,5,Top-5,1166582,769516.215322718,0.0941257554341801,0.0905193068838303
7,robiPse-Zone7,robiPse,Zone7,51,51,Deciduous scrubs in temperate zone,#C77DFF,TRUE,mf_var,Plain MF RF,2041-2070SSP245,2041-2070,SSP245,12393866,8501128.01140083,1,Top-1,251714,164370.193234042,0.0203095628111519,0.0193351038842852
7,robiPse-Zone7,robiPse,Zone7,51,51,Deciduous scrubs in temperate zone,#C77DFF,TRUE,mf_var,Plain MF RF,2041-2070SSP245,2041-2070,SSP245,12393866,8501128.01140083,3,Top-3,751861,495024.158691097,0.0606639607044323,0.0582304087207277
7,robiPse-Zone7,robiPse,Zone7,51,51,Deciduous scrubs in temperate zone,#C77DFF,TRUE,mf_var,Plain MF RF,2041-2070SSP245,2041-2070,SSP245,12393866,8501128.01140083,5,Top-5,1016788,672709.972505567,0.0820396154032971,0.0791318483386438
7,robiPse-Zone7,robiPse,Zone7,51,51,Deciduous scrubs in temperate zone,#C77DFF,TRUE,mf_var,Plain MF RF,2071-2100SSP245,2071-2100,SSP245,12393866,8501128.01140083,1,Top-1,226293,148150.991301697,0.0182584675354728,0.0174272156710277
7,robiPse-Zone7,robiPse,Zone7,51,51,Deciduous scrubs in temperate zone,#C77DFF,TRUE,mf_var,Plain MF RF,2071-2100SSP245,2071-2100,SSP245,12393866,8501128.01140083,3,Top-3,638513,421537.816718558,0.0515184688942094,0.0495861038856532
7,robiPse-Zone7,robiPse,Zone7,51,51,Deciduous scrubs in temperate zone,#C77DFF,TRUE,mf_var,Plain MF RF,2071-2100SSP245,2071-2100,SSP245,12393866,8501128.01140083,5,Top-5,833918,553170.190577253,0.0672847358523967,0.0650702106632672
7,robiPse-Zone7,robiPse,Zone7,51,51,Deciduous scrubs in temperate zone,#C77DFF,TRUE,mf_var,Plain MF RF,2011-2040SSP585,2011-2040,SSP585,12393866,8501128.01140083,1,Top-1,243025,159210.972768288,0.0196084901999102,0.0187282173088996
7,robiPse-Zone7,robiPse,Zone7,51,51,Deciduous scrubs in temperate zone,#C77DFF,TRUE,mf_var,Plain MF RF,2011-2040SSP585,2011-2040,SSP585,12393866,8501128.01140083,3,Top-3,846707,556889.36439538,0.0683166172685746,0.0655077024659008
7,robiPse-Zone7,robiPse,Zone7,51,51,Deciduous scrubs in temperate zone,#C77DFF,TRUE,mf_var,Plain MF RF,2011-2040SSP585,2011-2040,SSP585,12393866,8501128.01140083,5,Top-5,1157323,763731.049524265,0.0933786923305448,0.0898387894524148
7,robiPse-Zone7,robiPse,Zone7,51,51,Deciduous scrubs in temperate zone,#C77DFF,TRUE,mf_var,Plain MF RF,2041-2070SSP585,2041-2070,SSP585,12393866,8501128.01140083,1,Top-1,229088,150009.579498458,0.0184839823183501,0.0176458440923699
7,robiPse-Zone7,robiPse,Zone7,51,51,Deciduous scrubs in temperate zone,#C77DFF,TRUE,mf_var,Plain MF RF,2041-2070SSP585,2041-2070,SSP585,12393866,8501128.01140083,3,Top-3,637513,420751.18406835,0.0514377838198348,0.0494935711477444
7,robiPse-Zone7,robiPse,Zone7,51,51,Deciduous scrubs in temperate zone,#C77DFF,TRUE,mf_var,Plain MF RF,2041-2070SSP585,2041-2070,SSP585,12393866,8501128.01140083,5,Top-5,842125,558559.300896576,0.0679469182577898,0.0657041395150731
7,robiPse-Zone7,robiPse,Zone7,51,51,Deciduous scrubs in temperate zone,#C77DFF,TRUE,mf_var,Plain MF RF,2071-2100SSP585,2071-2100,SSP585,12393866,8501128.01140083,1,Top-1,133856,88396.8844666906,0.0108001813154991,0.0103982535433112
7,robiPse-Zone7,robiPse,Zone7,51,51,Deciduous scrubs in temperate zone,#C77DFF,TRUE,mf_var,Plain MF RF,2071-2100SSP585,2071-2100,SSP585,12393866,8501128.01140083,3,Top-3,430168,286756.610770881,0.0347081370736137,0.0337315954290199
7,robiPse-Zone7,robiPse,Zone7,51,51,Deciduous scrubs in temperate zone,#C77DFF,TRUE,mf_var,Plain MF RF,2071-2100SSP585,2071-2100,SSP585,12393866,8501128.01140083,5,Top-5,507953,339654.956338963,0.0409842255838493,0.0399541044298419
12,robiPse-Zone12,robiPse,Zone12,13,13,One year one ripe grain fields and cold-tolerant economic crop fields,#F8961E,TRUE,rf_var,Plain RF,2011-2040SSP245,2011-2040,SSP245,12393866,8501128.01140083,1,Top-1,409162,248607.492213051,0.0330132664012988,0.0292440593624334
12,robiPse-Zone12,robiPse,Zone12,13,13,One year one ripe grain fields and cold-tolerant economic crop fields,#F8961E,TRUE,rf_var,Plain RF,2011-2040SSP245,2011-2040,SSP245,12393866,8501128.01140083,3,Top-3,869376,530213.853259477,0.0701456672195746,0.0623698234573587
12,robiPse-Zone12,robiPse,Zone12,13,13,One year one ripe grain fields and cold-tolerant economic crop fields,#F8961E,TRUE,rf_var,Plain RF,2011-2040SSP245,2011-2040,SSP245,12393866,8501128.01140083,5,Top-5,992840,606292.684859484,0.0801073692421719,0.0713190866019647
12,robiPse-Zone12,robiPse,Zone12,13,13,One year one ripe grain fields and cold-tolerant economic crop fields,#F8961E,TRUE,rf_var,Plain RF,2041-2070SSP245,2041-2070,SSP245,12393866,8501128.01140083,1,Top-1,477125,289552.167969255,0.0384968661110262,0.0340604408710159
12,robiPse-Zone12,robiPse,Zone12,13,13,One year one ripe grain fields and cold-tolerant economic crop fields,#F8961E,TRUE,rf_var,Plain RF,2041-2070SSP245,2041-2070,SSP245,12393866,8501128.01140083,3,Top-3,863752,523886.941853303,0.0696918943612913,0.0616255797055073
12,robiPse-Zone12,robiPse,Zone12,13,13,One year one ripe grain fields and cold-tolerant economic crop fields,#F8961E,TRUE,rf_var,Plain RF,2041-2070SSP245,2041-2070,SSP245,12393866,8501128.01140083,5,Top-5,942039,572151.21801267,0.076008486778863,0.0673029764103493
12,robiPse-Zone12,robiPse,Zone12,13,13,One year one ripe grain fields and cold-tolerant economic crop fields,#F8961E,TRUE,rf_var,Plain RF,2071-2100SSP245,2071-2100,SSP245,12393866,8501128.01140083,1,Top-1,513822,309918.008388993,0.0414577662853544,0.0364561041750416
12,robiPse-Zone12,robiPse,Zone12,13,13,One year one ripe grain fields and cold-tolerant economic crop fields,#F8961E,TRUE,rf_var,Plain RF,2071-2100SSP245,2071-2100,SSP245,12393866,8501128.01140083,3,Top-3,873094,525081.471847639,0.0704456543260997,0.0617660939987557
12,robiPse-Zone12,robiPse,Zone12,13,13,One year one ripe grain fields and cold-tolerant economic crop fields,#F8961E,TRUE,rf_var,Plain RF,2071-2100SSP245,2071-2100,SSP245,12393866,8501128.01140083,5,Top-5,930090,559803.647312931,0.0750443808251598,0.0658505137861917
12,robiPse-Zone12,robiPse,Zone12,13,13,One year one ripe grain fields and cold-tolerant economic crop fields,#F8961E,TRUE,rf_var,Plain RF,2011-2040SSP585,2011-2040,SSP585,12393866,8501128.01140083,1,Top-1,418411,254016.760227865,0.0337595226541904,0.029880359393154
12,robiPse-Zone12,robiPse,Zone12,13,13,One year one ripe grain fields and cold-tolerant economic crop fields,#F8961E,TRUE,rf_var,Plain RF,2011-2040SSP585,2011-2040,SSP585,12393866,8501128.01140083,3,Top-3,872415,531709.781946287,0.0703908691605993,0.0625457917153127
12,robiPse-Zone12,robiPse,Zone12,13,13,One year one ripe grain fields and cold-tolerant economic crop fields,#F8961E,TRUE,rf_var,Plain RF,2011-2040SSP585,2011-2040,SSP585,12393866,8501128.01140083,5,Top-5,987284,602834.085166259,0.0796590829689461,0.0709122465110278
12,robiPse-Zone12,robiPse,Zone12,13,13,One year one ripe grain fields and cold-tolerant economic crop fields,#F8961E,TRUE,rf_var,Plain RF,2041-2070SSP585,2041-2070,SSP585,12393866,8501128.01140083,1,Top-1,514639,311011.647450512,0.0415236859911185,0.0365847505217444
12,robiPse-Zone12,robiPse,Zone12,13,13,One year one ripe grain fields and cold-tolerant economic crop fields,#F8961E,TRUE,rf_var,Plain RF,2041-2070SSP585,2041-2070,SSP585,12393866,8501128.01140083,3,Top-3,859536,518277.786404263,0.0693517260877276,0.0609657666264057
12,robiPse-Zone12,robiPse,Zone12,13,13,One year one ripe grain fields and cold-tolerant economic crop fields,#F8961E,TRUE,rf_var,Plain RF,2041-2070SSP585,2041-2070,SSP585,12393866,8501128.01140083,5,Top-5,923790,557361.636909757,0.0745360648565992,0.06556325656575
12,robiPse-Zone12,robiPse,Zone12,13,13,One year one ripe grain fields and cold-tolerant economic crop fields,#F8961E,TRUE,rf_var,Plain RF,2071-2100SSP585,2071-2100,SSP585,12393866,8501128.01140083,1,Top-1,604715,356773.906970003,0.0487914747504935,0.0419678313856156
12,robiPse-Zone12,robiPse,Zone12,13,13,One year one ripe grain fields and cold-tolerant economic crop fields,#F8961E,TRUE,rf_var,Plain RF,2071-2100SSP585,2071-2100,SSP585,12393866,8501128.01140083,3,Top-3,844039,499711.295799688,0.0681013494901429,0.058781763447101
12,robiPse-Zone12,robiPse,Zone12,13,13,One year one ripe grain fields and cold-tolerant economic crop fields,#F8961E,TRUE,rf_var,Plain RF,2071-2100SSP585,2071-2100,SSP585,12393866,8501128.01140083,5,Top-5,858322,508737.154355752,0.0692537744074367,0.0598434882610268
12,robiPse-Zone12,robiPse,Zone12,13,13,One year one ripe grain fields and cold-tolerant economic crop fields,#F8961E,TRUE,mf_var,Plain MF RF,2011-2040SSP245,2011-2040,SSP245,12393866,8501128.01140083,1,Top-1,397584,241499.730724712,0.0320790946101886,0.0284079630845269
12,robiPse-Zone12,robiPse,Zone12,13,13,One year one ripe grain fields and cold-tolerant economic crop fields,#F8961E,TRUE,mf_var,Plain MF RF,2011-2040SSP245,2011-2040,SSP245,12393866,8501128.01140083,3,Top-3,873752,532863.492264001,0.0704987451050382,0.0626815043308818
12,robiPse-Zone12,robiPse,Zone12,13,13,One year one ripe grain fields and cold-tolerant economic crop fields,#F8961E,TRUE,mf_var,Plain MF RF,2011-2040SSP245,2011-2040,SSP245,12393866,8501128.01140083,5,Top-5,1001486,611891.57524867,0.0808049723952155,0.0719776921872091
12,robiPse-Zone12,robiPse,Zone12,13,13,One year one ripe grain fields and cold-tolerant economic crop fields,#F8961E,TRUE,mf_var,Plain MF RF,2041-2070SSP245,2041-2070,SSP245,12393866,8501128.01140083,1,Top-1,464256,281448.525281329,0.0374585298888983,0.0331071976452866
12,robiPse-Zone12,robiPse,Zone12,13,13,One year one ripe grain fields and cold-tolerant economic crop fields,#F8961E,TRUE,mf_var,Plain MF RF,2041-2070SSP245,2041-2070,SSP245,12393866,8501128.01140083,3,Top-3,883747,535966.159370132,0.0713051924234133,0.0630464755561085
12,robiPse-Zone12,robiPse,Zone12,13,13,One year one ripe grain fields and cold-tolerant economic crop fields,#F8961E,TRUE,mf_var,Plain MF RF,2041-2070SSP245,2041-2070,SSP245,12393866,8501128.01140083,5,Top-5,975935,592419.020264499,0.0787433880598677,0.0696871073426971
12,robiPse-Zone12,robiPse,Zone12,13,13,One year one ripe grain fields and cold-tolerant economic crop fields,#F8961E,TRUE,mf_var,Plain MF RF,2071-2100SSP245,2071-2100,SSP245,12393866,8501128.01140083,1,Top-1,507375,305603.126470484,0.0409375896108607,0.0359485383658076
12,robiPse-Zone12,robiPse,Zone12,13,13,One year one ripe grain fields and cold-tolerant economic crop fields,#F8961E,TRUE,mf_var,Plain MF RF,2071-2100SSP245,2071-2100,SSP245,12393866,8501128.01140083,3,Top-3,916917,550211.386195168,0.073981516340422,0.0647221622186234
12,robiPse-Zone12,robiPse,Zone12,13,13,One year one ripe grain fields and cold-tolerant economic crop fields,#F8961E,TRUE,mf_var,Plain MF RF,2071-2100SSP245,2071-2100,SSP245,12393866,8501128.01140083,5,Top-5,969712,582875.169838651,0.078241284842034,0.068564450394931
12,robiPse-Zone12,robiPse,Zone12,13,13,One year one ripe grain fields and cold-tolerant economic crop fields,#F8961E,TRUE,mf_var,Plain MF RF,2011-2040SSP585,2011-2040,SSP585,12393866,8501128.01140083,1,Top-1,404848,245719.299830637,0.0326651909904464,0.0289043171095769
12,robiPse-Zone12,robiPse,Zone12,13,13,One year one ripe grain fields and cold-tolerant economic crop fields,#F8961E,TRUE,mf_var,Plain MF RF,2011-2040SSP585,2011-2040,SSP585,12393866,8501128.01140083,3,Top-3,877310,534633.749241562,0.0707858225996634,0.0628897422229811
12,robiPse-Zone12,robiPse,Zone12,13,13,One year one ripe grain fields and cold-tolerant economic crop fields,#F8961E,TRUE,mf_var,Plain MF RF,2011-2040SSP585,2011-2040,SSP585,12393866,8501128.01140083,5,Top-5,997702,609408.422270231,0.0804996600737817,0.0716855953060529
12,robiPse-Zone12,robiPse,Zone12,13,13,One year one ripe grain fields and cold-tolerant economic crop fields,#F8961E,TRUE,mf_var,Plain MF RF,2041-2070SSP585,2041-2070,SSP585,12393866,8501128.01140083,1,Top-1,510276,307936.208517772,0.0411716570116217,0.0362229821859875
12,robiPse-Zone12,robiPse,Zone12,13,13,One year one ripe grain fields and cold-tolerant economic crop fields,#F8961E,TRUE,mf_var,Plain MF RF,2041-2070SSP585,2041-2070,SSP585,12393866,8501128.01140083,3,Top-3,890590,536275.470199754,0.0718573203873594,0.0630828602369658
12,robiPse-Zone12,robiPse,Zone12,13,13,One year one ripe grain fields and cold-tolerant economic crop fields,#F8961E,TRUE,mf_var,Plain MF RF,2041-2070SSP585,2041-2070,SSP585,12393866,8501128.01140083,5,Top-5,956578,576660.952912654,0.0771815670751967,0.0678334630579961
12,robiPse-Zone12,robiPse,Zone12,13,13,One year one ripe grain fields and cold-tolerant economic crop fields,#F8961E,TRUE,mf_var,Plain MF RF,2071-2100SSP585,2071-2100,SSP585,12393866,8501128.01140083,1,Top-1,651444,384237.810739815,0.0525618075909486,0.045198450161498
12,robiPse-Zone12,robiPse,Zone12,13,13,One year one ripe grain fields and cold-tolerant economic crop fields,#F8961E,TRUE,mf_var,Plain MF RF,2071-2100SSP585,2071-2100,SSP585,12393866,8501128.01140083,3,Top-3,878847,520710.820324258,0.0709098355589773,0.0612519679301306
12,robiPse-Zone12,robiPse,Zone12,13,13,One year one ripe grain fields and cold-tolerant economic crop fields,#F8961E,TRUE,mf_var,Plain MF RF,2071-2100SSP585,2071-2100,SSP585,12393866,8501128.01140083,5,Top-5,888972,527115.996361478,0.0717267719370211,0.062005418063881
27,robiPse-Zone27,robiPse,Zone27,493,493,Two years three ripes or one year two ripes grain fields and deciduous orchards,#FFB703,TRUE,rf_var,Plain RF,2011-2040SSP245,2011-2040,SSP245,12393866,8501128.01140083,1,Top-1,957439,634751.89905656,0.0772510369242333,0.074666785184895
27,robiPse-Zone27,robiPse,Zone27,493,493,Two years three ripes or one year two ripes grain fields and deciduous orchards,#FFB703,TRUE,rf_var,Plain RF,2011-2040SSP245,2011-2040,SSP245,12393866,8501128.01140083,3,Top-3,1418531,938567.865793755,0.11445427923781,0.110405097362967
27,robiPse-Zone27,robiPse,Zone27,493,493,Two years three ripes or one year two ripes grain fields and deciduous orchards,#FFB703,TRUE,rf_var,Plain RF,2011-2040SSP245,2011-2040,SSP245,12393866,8501128.01140083,5,Top-5,1546652,1023244.44377055,0.12479173165177,0.120365725865824
27,robiPse-Zone27,robiPse,Zone27,493,493,Two years three ripes or one year two ripes grain fields and deciduous orchards,#FFB703,TRUE,rf_var,Plain RF,2041-2070SSP245,2041-2070,SSP245,12393866,8501128.01140083,1,Top-1,1039668,678891.625593275,0.0838856899049901,0.0798590051441192
27,robiPse-Zone27,robiPse,Zone27,493,493,Two years three ripes or one year two ripes grain fields and deciduous orchards,#FFB703,TRUE,rf_var,Plain RF,2041-2070SSP245,2041-2070,SSP245,12393866,8501128.01140083,3,Top-3,1526997,997000.99969489,0.123205866514936,0.117278671531333
27,robiPse-Zone27,robiPse,Zone27,493,493,Two years three ripes or one year two ripes grain fields and deciduous orchards,#FFB703,TRUE,rf_var,Plain RF,2041-2070SSP245,2041-2070,SSP245,12393866,8501128.01140083,5,Top-5,1635338,1068313.31027773,0.131947368157765,0.125667241905429
27,robiPse-Zone27,robiPse,Zone27,493,493,Two years three ripes or one year two ripes grain fields and deciduous orchards,#FFB703,TRUE,rf_var,Plain RF,2071-2100SSP245,2071-2100,SSP245,12393866,8501128.01140083,1,Top-1,1075509,696630.966219965,0.0867775236556535,0.0819457094735799
27,robiPse-Zone27,robiPse,Zone27,493,493,Two years three ripes or one year two ripes grain fields and deciduous orchards,#FFB703,TRUE,rf_var,Plain RF,2071-2100SSP245,2071-2100,SSP245,12393866,8501128.01140083,3,Top-3,1576411,1022545.84105474,0.127192838780087,0.12028354821659
27,robiPse-Zone27,robiPse,Zone27,493,493,Two years three ripes or one year two ripes grain fields and deciduous orchards,#FFB703,TRUE,rf_var,Plain RF,2071-2100SSP245,2071-2100,SSP245,12393866,8501128.01140083,5,Top-5,1668302,1082749.59325721,0.134607070949452,0.127365402780094
27,robiPse-Zone27,robiPse,Zone27,493,493,Two years three ripes or one year two ripes grain fields and deciduous orchards,#FFB703,TRUE,rf_var,Plain RF,2011-2040SSP585,2011-2040,SSP585,12393866,8501128.01140083,1,Top-1,962359,637243.795733766,0.0776480074901568,0.0749599106000004
27,robiPse-Zone27,robiPse,Zone27,493,493,Two years three ripes or one year two ripes grain fields and deciduous orchards,#FFB703,TRUE,rf_var,Plain RF,2011-2040SSP585,2011-2040,SSP585,12393866,8501128.01140083,3,Top-3,1426648,942597.106711101,0.115109199986509,0.110879062807546
27,robiPse-Zone27,robiPse,Zone27,493,493,Two years three ripes or one year two ripes grain fields and deciduous orchards,#FFB703,TRUE,rf_var,Plain RF,2011-2040SSP585,2011-2040,SSP585,12393866,8501128.01140083,5,Top-5,1551501,1025254.04276079,0.125182973577413,0.12060211790551
27,robiPse-Zone27,robiPse,Zone27,493,493,Two years three ripes or one year two ripes grain fields and deciduous orchards,#FFB703,TRUE,rf_var,Plain RF,2041-2070SSP585,2041-2070,SSP585,12393866,8501128.01140083,1,Top-1,1073744,697411.079387026,0.0866351144993822,0.0820374753152442
27,robiPse-Zone27,robiPse,Zone27,493,493,Two years three ripes or one year two ripes grain fields and deciduous orchards,#FFB703,TRUE,rf_var,Plain RF,2041-2070SSP585,2041-2070,SSP585,12393866,8501128.01140083,3,Top-3,1581519,1028169.83570571,0.127604978139993,0.120945106852507
27,robiPse-Zone27,robiPse,Zone27,493,493,Two years three ripes or one year two ripes grain fields and deciduous orchards,#FFB703,TRUE,rf_var,Plain RF,2041-2070SSP585,2041-2070,SSP585,12393866,8501128.01140083,5,Top-5,1677391,1091006.08041397,0.135340417590444,0.128336625322054
27,robiPse-Zone27,robiPse,Zone27,493,493,Two years three ripes or one year two ripes grain fields and deciduous orchards,#FFB703,TRUE,rf_var,Plain RF,2071-2100SSP585,2071-2100,SSP585,12393866,8501128.01140083,1,Top-1,1293381,835485.499991021,0.104356542179817,0.0982793693813991
27,robiPse-Zone27,robiPse,Zone27,493,493,Two years three ripes or one year two ripes grain fields and deciduous orchards,#FFB703,TRUE,rf_var,Plain RF,2071-2100SSP585,2071-2100,SSP585,12393866,8501128.01140083,3,Top-3,1699054,1095375.89795155,0.137088298356623,0.128850653287722
27,robiPse-Zone27,robiPse,Zone27,493,493,Two years three ripes or one year two ripes grain fields and deciduous orchards,#FFB703,TRUE,rf_var,Plain RF,2071-2100SSP585,2071-2100,SSP585,12393866,8501128.01140083,5,Top-5,1747919,1127489.12652265,0.141030974515942,0.132628178873507
27,robiPse-Zone27,robiPse,Zone27,493,493,Two years three ripes or one year two ripes grain fields and deciduous orchards,#FFB703,TRUE,mf_var,Plain MF RF,2011-2040SSP245,2011-2040,SSP245,12393866,8501128.01140083,1,Top-1,948539,628351.853190772,0.0765329397622985,0.0739139385206401
27,robiPse-Zone27,robiPse,Zone27,493,493,Two years three ripes or one year two ripes grain fields and deciduous orchards,#FFB703,TRUE,mf_var,Plain MF RF,2011-2040SSP245,2011-2040,SSP245,12393866,8501128.01140083,3,Top-3,1393398,922591.477319677,0.112426421263551,0.108525771648468
27,robiPse-Zone27,robiPse,Zone27,493,493,Two years three ripes or one year two ripes grain fields and deciduous orchards,#FFB703,TRUE,mf_var,Plain MF RF,2011-2040SSP245,2011-2040,SSP245,12393866,8501128.01140083,5,Top-5,1513792,1002729.86399537,0.122140420107818,0.117952566136001
27,robiPse-Zone27,robiPse,Zone27,493,493,Two years three ripes or one year two ripes grain fields and deciduous orchards,#FFB703,TRUE,mf_var,Plain MF RF,2041-2070SSP245,2041-2070,SSP245,12393866,8501128.01140083,1,Top-1,1026573,670476.114148739,0.0828291188560535,0.0788690763448764
27,robiPse-Zone27,robiPse,Zone27,493,493,Two years three ripes or one year two ripes grain fields and deciduous orchards,#FFB703,TRUE,mf_var,Plain MF RF,2041-2070SSP245,2041-2070,SSP245,12393866,8501128.01140083,3,Top-3,1520948,994163.895550802,0.122717802500043,0.116944938861941
27,robiPse-Zone27,robiPse,Zone27,493,493,Two years three ripes or one year two ripes grain fields and deciduous orchards,#FFB703,TRUE,mf_var,Plain MF RF,2041-2070SSP245,2041-2070,SSP245,12393866,8501128.01140083,5,Top-5,1624863,1062743.34430299,0.13110219200369,0.125012038740946
27,robiPse-Zone27,robiPse,Zone27,493,493,Two years three ripes or one year two ripes grain fields and deciduous orchards,#FFB703,TRUE,mf_var,Plain MF RF,2071-2100SSP245,2071-2100,SSP245,12393866,8501128.01140083,1,Top-1,1063384,689885.434155145,0.0857992171288604,0.0811522227673718
27,robiPse-Zone27,robiPse,Zone27,493,493,Two years three ripes or one year two ripes grain fields and deciduous orchards,#FFB703,TRUE,mf_var,Plain MF RF,2071-2100SSP245,2071-2100,SSP245,12393866,8501128.01140083,3,Top-3,1590504,1032487.09794714,0.128329933533249,0.121452952662573
27,robiPse-Zone27,robiPse,Zone27,493,493,Two years three ripes or one year two ripes grain fields and deciduous orchards,#FFB703,TRUE,mf_var,Plain MF RF,2071-2100SSP245,2071-2100,SSP245,12393866,8501128.01140083,5,Top-5,1688029,1096354.78977148,0.136198745411642,0.128965801750211
27,robiPse-Zone27,robiPse,Zone27,493,493,Two years three ripes or one year two ripes grain fields and deciduous orchards,#FFB703,TRUE,mf_var,Plain MF RF,2011-2040SSP585,2011-2040,SSP585,12393866,8501128.01140083,1,Top-1,947239,627103.253056806,0.0764280491656114,0.0737670638785582
27,robiPse-Zone27,robiPse,Zone27,493,493,Two years three ripes or one year two ripes grain fields and deciduous orchards,#FFB703,TRUE,mf_var,Plain MF RF,2011-2040SSP585,2011-2040,SSP585,12393866,8501128.01140083,3,Top-3,1404599,928636.292151518,0.113330174781622,0.109236831971725
27,robiPse-Zone27,robiPse,Zone27,493,493,Two years three ripes or one year two ripes grain fields and deciduous orchards,#FFB703,TRUE,mf_var,Plain MF RF,2011-2040SSP585,2011-2040,SSP585,12393866,8501128.01140083,5,Top-5,1521544,1006509.41305581,0.12276589080437,0.118397159965828
27,robiPse-Zone27,robiPse,Zone27,493,493,Two years three ripes or one year two ripes grain fields and deciduous orchards,#FFB703,TRUE,mf_var,Plain MF RF,2041-2070SSP585,2041-2070,SSP585,12393866,8501128.01140083,1,Top-1,1060734,689631.712698968,0.0855854016817674,0.0811223771450218
27,robiPse-Zone27,robiPse,Zone27,493,493,Two years three ripes or one year two ripes grain fields and deciduous orchards,#FFB703,TRUE,mf_var,Plain MF RF,2041-2070SSP585,2041-2070,SSP585,12393866,8501128.01140083,3,Top-3,1595903,1037905.50790029,0.128765552249798,0.122090328072741
27,robiPse-Zone27,robiPse,Zone27,493,493,Two years three ripes or one year two ripes grain fields and deciduous orchards,#FFB703,TRUE,mf_var,Plain MF RF,2041-2070SSP585,2041-2070,SSP585,12393866,8501128.01140083,5,Top-5,1692098,1101151.94520594,0.136527052979272,0.129530098091593
27,robiPse-Zone27,robiPse,Zone27,493,493,Two years three ripes or one year two ripes grain fields and deciduous orchards,#FFB703,TRUE,mf_var,Plain MF RF,2071-2100SSP585,2071-2100,SSP585,12393866,8501128.01140083,1,Top-1,1279402,828650.001850736,0.103228645525133,0.0974752998354379
27,robiPse-Zone27,robiPse,Zone27,493,493,Two years three ripes or one year two ripes grain fields and deciduous orchards,#FFB703,TRUE,mf_var,Plain MF RF,2071-2100SSP585,2071-2100,SSP585,12393866,8501128.01140083,3,Top-3,1695201,1093426.09710434,0.136777418765057,0.128621295390206
27,robiPse-Zone27,robiPse,Zone27,493,493,Two years three ripes or one year two ripes grain fields and deciduous orchards,#FFB703,TRUE,mf_var,Plain MF RF,2071-2100SSP585,2071-2100,SSP585,12393866,8501128.01140083,5,Top-5,1749268,1128840.86497047,0.141139818681273,0.13278718582482
33,robiPse-Zone33,robiPse,Zone33,200,200,One year one ripe grain fields and cold-tolerant economic crop fields; deciduous orchards,#FDB833,TRUE,rf_var,Plain RF,2011-2040SSP245,2011-2040,SSP245,12393866,8501128.01140083,1,Top-1,482094,327839.49572942,0.0388977902455941,0.0385642346862388
33,robiPse-Zone33,robiPse,Zone33,200,200,One year one ripe grain fields and cold-tolerant economic crop fields; deciduous orchards,#FDB833,TRUE,rf_var,Plain RF,2011-2040SSP245,2011-2040,SSP245,12393866,8501128.01140083,3,Top-3,864314,582779.649615205,0.0697372393730899,0.068553214212707
33,robiPse-Zone33,robiPse,Zone33,200,200,One year one ripe grain fields and cold-tolerant economic crop fields; deciduous orchards,#FDB833,TRUE,rf_var,Plain RF,2011-2040SSP245,2011-2040,SSP245,12393866,8501128.01140083,5,Top-5,999192,672039.053099553,0.0806198808346,0.0790529271172348
33,robiPse-Zone33,robiPse,Zone33,200,200,One year one ripe grain fields and cold-tolerant economic crop fields; deciduous orchards,#FDB833,TRUE,rf_var,Plain RF,2041-2070SSP245,2041-2070,SSP245,12393866,8501128.01140083,1,Top-1,508808,345045.514816102,0.0410532113224397,0.0405882036305491
33,robiPse-Zone33,robiPse,Zone33,200,200,One year one ripe grain fields and cold-tolerant economic crop fields; deciduous orchards,#FDB833,TRUE,rf_var,Plain RF,2041-2070SSP245,2041-2070,SSP245,12393866,8501128.01140083,3,Top-3,839411,565021.848910344,0.0677279389659369,0.0664643383975157
33,robiPse-Zone33,robiPse,Zone33,200,200,One year one ripe grain fields and cold-tolerant economic crop fields; deciduous orchards,#FDB833,TRUE,rf_var,Plain RF,2041-2070SSP245,2041-2070,SSP245,12393866,8501128.01140083,5,Top-5,940777,632230.786196299,0.0759066622150022,0.0743702230278636
33,robiPse-Zone33,robiPse,Zone33,200,200,One year one ripe grain fields and cold-tolerant economic crop fields; deciduous orchards,#FDB833,TRUE,rf_var,Plain RF,2071-2100SSP245,2071-2100,SSP245,12393866,8501128.01140083,1,Top-1,479631,324112.452543335,0.0386990629074092,0.0381258171984551
33,robiPse-Zone33,robiPse,Zone33,200,200,One year one ripe grain fields and cold-tolerant economic crop fields; deciduous orchards,#FDB833,TRUE,rf_var,Plain RF,2071-2100SSP245,2071-2100,SSP245,12393866,8501128.01140083,3,Top-3,785659,528368.070894241,0.0633909548481483,0.0621527014045252
33,robiPse-Zone33,robiPse,Zone33,200,200,One year one ripe grain fields and cold-tolerant economic crop fields; deciduous orchards,#FDB833,TRUE,rf_var,Plain RF,2071-2100SSP245,2071-2100,SSP245,12393866,8501128.01140083,5,Top-5,860607,578197.74067688,0.0694381398023829,0.068014237628402
33,robiPse-Zone33,robiPse,Zone33,200,200,One year one ripe grain fields and cold-tolerant economic crop fields; deciduous orchards,#FDB833,TRUE,rf_var,Plain RF,2011-2040SSP585,2011-2040,SSP585,12393866,8501128.01140083,1,Top-1,479625,326071.934942971,0.038698578796963,0.0383563139510047
33,robiPse-Zone33,robiPse,Zone33,200,200,One year one ripe grain fields and cold-tolerant economic crop fields; deciduous orchards,#FDB833,TRUE,rf_var,Plain RF,2011-2040SSP585,2011-2040,SSP585,12393866,8501128.01140083,3,Top-3,853011,575242.920718306,0.0688252559774327,0.0676666578772664
33,robiPse-Zone33,robiPse,Zone33,200,200,One year one ripe grain fields and cold-tolerant economic crop fields; deciduous orchards,#FDB833,TRUE,rf_var,Plain RF,2011-2040SSP585,2011-2040,SSP585,12393866,8501128.01140083,5,Top-5,989763,665799.3939007,0.079859101268321,0.0783189469688962
33,robiPse-Zone33,robiPse,Zone33,200,200,One year one ripe grain fields and cold-tolerant economic crop fields; deciduous orchards,#FDB833,TRUE,rf_var,Plain RF,2041-2070SSP585,2041-2070,SSP585,12393866,8501128.01140083,1,Top-1,485325,328284.582624474,0.0391584837208987,0.0386165909023146
33,robiPse-Zone33,robiPse,Zone33,200,200,One year one ripe grain fields and cold-tolerant economic crop fields; deciduous orchards,#FDB833,TRUE,rf_var,Plain RF,2041-2070SSP585,2041-2070,SSP585,12393866,8501128.01140083,3,Top-3,800786,538957.204885256,0.0646114779682143,0.0633983165719258
33,robiPse-Zone33,robiPse,Zone33,200,200,One year one ripe grain fields and cold-tolerant economic crop fields; deciduous orchards,#FDB833,TRUE,rf_var,Plain RF,2041-2070SSP585,2041-2070,SSP585,12393866,8501128.01140083,5,Top-5,882393,593098.341373744,0.07119594483271,0.0697670168686252
33,robiPse-Zone33,robiPse,Zone33,200,200,One year one ripe grain fields and cold-tolerant economic crop fields; deciduous orchards,#FDB833,TRUE,rf_var,Plain RF,2071-2100SSP585,2071-2100,SSP585,12393866,8501128.01140083,1,Top-1,282463,190427.240647638,0.0227905481630994,0.0224002321094632
33,robiPse-Zone33,robiPse,Zone33,200,200,One year one ripe grain fields and cold-tolerant economic crop fields; deciduous orchards,#FDB833,TRUE,rf_var,Plain RF,2071-2100SSP585,2071-2100,SSP585,12393866,8501128.01140083,3,Top-3,507274,340894.214767996,0.0409294404183489,0.040099880193643
33,robiPse-Zone33,robiPse,Zone33,200,200,One year one ripe grain fields and cold-tolerant economic crop fields; deciduous orchards,#FDB833,TRUE,rf_var,Plain RF,2071-2100SSP585,2071-2100,SSP585,12393866,8501128.01140083,5,Top-5,535791,360097.997057318,0.0432303366842921,0.0423588489168016
33,robiPse-Zone33,robiPse,Zone33,200,200,One year one ripe grain fields and cold-tolerant economic crop fields; deciduous orchards,#FDB833,TRUE,mf_var,Plain MF RF,2011-2040SSP245,2011-2040,SSP245,12393866,8501128.01140083,1,Top-1,481860,327858.999313396,0.0388789099381904,0.0385665289210685
33,robiPse-Zone33,robiPse,Zone33,200,200,One year one ripe grain fields and cold-tolerant economic crop fields; deciduous orchards,#FDB833,TRUE,mf_var,Plain MF RF,2011-2040SSP245,2011-2040,SSP245,12393866,8501128.01140083,3,Top-3,857715,578691.437732948,0.0692047985672913,0.0680723119281191
33,robiPse-Zone33,robiPse,Zone33,200,200,One year one ripe grain fields and cold-tolerant economic crop fields; deciduous orchards,#FDB833,TRUE,mf_var,Plain MF RF,2011-2040SSP245,2011-2040,SSP245,12393866,8501128.01140083,5,Top-5,991503,667349.432729403,0.0799994932977329,0.0785012802812077
33,robiPse-Zone33,robiPse,Zone33,200,200,One year one ripe grain fields and cold-tolerant economic crop fields; deciduous orchards,#FDB833,TRUE,mf_var,Plain MF RF,2041-2070SSP245,2041-2070,SSP245,12393866,8501128.01140083,1,Top-1,506201,343699.085570978,0.0408428653335448,0.0404298212084377
33,robiPse-Zone33,robiPse,Zone33,200,200,One year one ripe grain fields and cold-tolerant economic crop fields; deciduous orchards,#FDB833,TRUE,mf_var,Plain MF RF,2041-2070SSP245,2041-2070,SSP245,12393866,8501128.01140083,3,Top-3,841098,566131.97642642,0.067864054686407,0.0665949243050079
33,robiPse-Zone33,robiPse,Zone33,200,200,One year one ripe grain fields and cold-tolerant economic crop fields; deciduous orchards,#FDB833,TRUE,mf_var,Plain MF RF,2041-2070SSP245,2041-2070,SSP245,12393866,8501128.01140083,5,Top-5,943304,633908.725701219,0.076110553397947,0.0745676014819547
33,robiPse-Zone33,robiPse,Zone33,200,200,One year one ripe grain fields and cold-tolerant economic crop fields; deciduous orchards,#FDB833,TRUE,mf_var,Plain MF RF,2071-2100SSP245,2071-2100,SSP245,12393866,8501128.01140083,1,Top-1,480204,324583.464976189,0.0387452954550259,0.03818122307309
33,robiPse-Zone33,robiPse,Zone33,200,200,One year one ripe grain fields and cold-tolerant economic crop fields; deciduous orchards,#FDB833,TRUE,mf_var,Plain MF RF,2071-2100SSP245,2071-2100,SSP245,12393866,8501128.01140083,3,Top-3,782354,526415.837845646,0.0631242906773399,0.0619230574036377
33,robiPse-Zone33,robiPse,Zone33,200,200,One year one ripe grain fields and cold-tolerant economic crop fields; deciduous orchards,#FDB833,TRUE,mf_var,Plain MF RF,2071-2100SSP245,2071-2100,SSP245,12393866,8501128.01140083,5,Top-5,856807,575953.010363169,0.0691315365197591,0.0677501867506007
33,robiPse-Zone33,robiPse,Zone33,200,200,One year one ripe grain fields and cold-tolerant economic crop fields; deciduous orchards,#FDB833,TRUE,mf_var,Plain MF RF,2011-2040SSP585,2011-2040,SSP585,12393866,8501128.01140083,1,Top-1,477189,324716.587180768,0.0385020299557862,0.0381968824308129
33,robiPse-Zone33,robiPse,Zone33,200,200,One year one ripe grain fields and cold-tolerant economic crop fields; deciduous orchards,#FDB833,TRUE,mf_var,Plain MF RF,2011-2040SSP585,2011-2040,SSP585,12393866,8501128.01140083,3,Top-3,849977,573442.315434024,0.0685804574617799,0.0674548500698946
33,robiPse-Zone33,robiPse,Zone33,200,200,One year one ripe grain fields and cold-tolerant economic crop fields; deciduous orchards,#FDB833,TRUE,mf_var,Plain MF RF,2011-2040SSP585,2011-2040,SSP585,12393866,8501128.01140083,5,Top-5,985158,663050.211262076,0.0794875465008255,0.0779955566335269
33,robiPse-Zone33,robiPse,Zone33,200,200,One year one ripe grain fields and cold-tolerant economic crop fields; deciduous orchards,#FDB833,TRUE,mf_var,Plain MF RF,2041-2070SSP585,2041-2070,SSP585,12393866,8501128.01140083,1,Top-1,487225,329724.568947151,0.0393117853622106,0.0387859785789555
33,robiPse-Zone33,robiPse,Zone33,200,200,One year one ripe grain fields and cold-tolerant economic crop fields; deciduous orchards,#FDB833,TRUE,mf_var,Plain MF RF,2041-2070SSP585,2041-2070,SSP585,12393866,8501128.01140083,3,Top-3,803541,540842.631721722,0.0648337653481166,0.0636201020613265
33,robiPse-Zone33,robiPse,Zone33,200,200,One year one ripe grain fields and cold-tolerant economic crop fields; deciduous orchards,#FDB833,TRUE,mf_var,Plain MF RF,2041-2070SSP585,2041-2070,SSP585,12393866,8501128.01140083,5,Top-5,880759,592210.617813376,0.0710641054211817,0.0696625926605462
33,robiPse-Zone33,robiPse,Zone33,200,200,One year one ripe grain fields and cold-tolerant economic crop fields; deciduous orchards,#FDB833,TRUE,mf_var,Plain MF RF,2071-2100SSP585,2071-2100,SSP585,12393866,8501128.01140083,1,Top-1,272398,183611.408385856,0.0219784528895181,0.0215984758892721
33,robiPse-Zone33,robiPse,Zone33,200,200,One year one ripe grain fields and cold-tolerant economic crop fields; deciduous orchards,#FDB833,TRUE,mf_var,Plain MF RF,2071-2100SSP585,2071-2100,SSP585,12393866,8501128.01140083,3,Top-3,503263,338139.511617241,0.040605812585032,0.0397758404724366
33,robiPse-Zone33,robiPse,Zone33,200,200,One year one ripe grain fields and cold-tolerant economic crop fields; deciduous orchards,#FDB833,TRUE,mf_var,Plain MF RF,2071-2100SSP585,2071-2100,SSP585,12393866,8501128.01140083,5,Top-5,533179,358275.141134025,0.0430195872700253,0.0421444237345377
37,robiPse-Zone37,robiPse,Zone37,432,432,Needleleaf forests in temperate zone,#0B3D2E,TRUE,rf_var,Plain RF,2011-2040SSP245,2011-2040,SSP245,12393866,8501128.01140083,1,Top-1,113088,78497.3854853803,0.00912451369088548,0.00923376114088716
37,robiPse-Zone37,robiPse,Zone37,432,432,Needleleaf forests in temperate zone,#0B3D2E,TRUE,rf_var,Plain RF,2011-2040SSP245,2011-2040,SSP245,12393866,8501128.01140083,3,Top-3,242511,165419.734453915,0.0195670180716816,0.0194585629380091
37,robiPse-Zone37,robiPse,Zone37,432,432,Needleleaf forests in temperate zone,#0B3D2E,TRUE,rf_var,Plain RF,2011-2040SSP245,2011-2040,SSP245,12393866,8501128.01140083,5,Top-5,441127,299319.317301522,0.035592364803686,0.0352093647925435
37,robiPse-Zone37,robiPse,Zone37,432,432,Needleleaf forests in temperate zone,#0B3D2E,TRUE,rf_var,Plain RF,2041-2070SSP245,2041-2070,SSP245,12393866,8501128.01140083,1,Top-1,67217,45524.375124387,0.00542340864424385,0.00535509817795173
37,robiPse-Zone37,robiPse,Zone37,432,432,Needleleaf forests in temperate zone,#0B3D2E,TRUE,rf_var,Plain RF,2041-2070SSP245,2041-2070,SSP245,12393866,8501128.01140083,3,Top-3,195087,130307.545903337,0.0157406091045361,0.0153282653465025
37,robiPse-Zone37,robiPse,Zone37,432,432,Needleleaf forests in temperate zone,#0B3D2E,TRUE,rf_var,Plain RF,2041-2070SSP245,2041-2070,SSP245,12393866,8501128.01140083,5,Top-5,378187,252787.391124699,0.0305140462225427,0.0297357469250771
37,robiPse-Zone37,robiPse,Zone37,432,432,Needleleaf forests in temperate zone,#0B3D2E,TRUE,rf_var,Plain RF,2071-2100SSP245,2071-2100,SSP245,12393866,8501128.01140083,1,Top-1,55214,37064.582113691,0.00445494569652439,0.00435996047394932
37,robiPse-Zone37,robiPse,Zone37,432,432,Needleleaf forests in temperate zone,#0B3D2E,TRUE,rf_var,Plain RF,2071-2100SSP245,2071-2100,SSP245,12393866,8501128.01140083,3,Top-3,176192,116705.771224685,0.0142160646242262,0.013728268891866
37,robiPse-Zone37,robiPse,Zone37,432,432,Needleleaf forests in temperate zone,#0B3D2E,TRUE,rf_var,Plain RF,2071-2100SSP245,2071-2100,SSP245,12393866,8501128.01140083,5,Top-5,320660,212818.607364225,0.0258724759489896,0.0250341610053177
37,robiPse-Zone37,robiPse,Zone37,432,432,Needleleaf forests in temperate zone,#0B3D2E,TRUE,rf_var,Plain RF,2011-2040SSP585,2011-2040,SSP585,12393866,8501128.01140083,1,Top-1,109661,75896.6468877497,0.0088480059410034,0.00892783249304856
37,robiPse-Zone37,robiPse,Zone37,432,432,Needleleaf forests in temperate zone,#0B3D2E,TRUE,rf_var,Plain RF,2011-2040SSP585,2011-2040,SSP585,12393866,8501128.01140083,3,Top-3,238469,162544.860269968,0.0192408890010591,0.0191203873241269
37,robiPse-Zone37,robiPse,Zone37,432,432,Needleleaf forests in temperate zone,#0B3D2E,TRUE,rf_var,Plain RF,2011-2040SSP585,2011-2040,SSP585,12393866,8501128.01140083,5,Top-5,433693,294055.411193611,0.0349925519607845,0.0345901638934567
37,robiPse-Zone37,robiPse,Zone37,432,432,Needleleaf forests in temperate zone,#0B3D2E,TRUE,rf_var,Plain RF,2041-2070SSP585,2041-2070,SSP585,12393866,8501128.01140083,1,Top-1,60125,40493.2319745783,0.00485119009677852,0.00476327752273263
37,robiPse-Zone37,robiPse,Zone37,432,432,Needleleaf forests in temperate zone,#0B3D2E,TRUE,rf_var,Plain RF,2041-2070SSP585,2041-2070,SSP585,12393866,8501128.01140083,3,Top-3,179486,119191.717963848,0.0144818412592165,0.0140206944071423
37,robiPse-Zone37,robiPse,Zone37,432,432,Needleleaf forests in temperate zone,#0B3D2E,TRUE,rf_var,Plain RF,2041-2070SSP585,2041-2070,SSP585,12393866,8501128.01140083,5,Top-5,324308,215493.35000084,0.0261668151003085,0.0253487948554407
37,robiPse-Zone37,robiPse,Zone37,432,432,Needleleaf forests in temperate zone,#0B3D2E,TRUE,rf_var,Plain RF,2071-2100SSP585,2071-2100,SSP585,12393866,8501128.01140083,1,Top-1,40220,26186.2740255718,0.00324515369135022,0.00308032933870111
37,robiPse-Zone37,robiPse,Zone37,432,432,Needleleaf forests in temperate zone,#0B3D2E,TRUE,rf_var,Plain RF,2071-2100SSP585,2071-2100,SSP585,12393866,8501128.01140083,3,Top-3,153480,99311.2598328426,0.0123835452150281,0.0116821273247099
37,robiPse-Zone37,robiPse,Zone37,432,432,Needleleaf forests in temperate zone,#0B3D2E,TRUE,rf_var,Plain RF,2071-2100SSP585,2071-2100,SSP585,12393866,8501128.01140083,5,Top-5,220214,143461.565465242,0.017767982968349,0.0168755917182809
37,robiPse-Zone37,robiPse,Zone37,432,432,Needleleaf forests in temperate zone,#0B3D2E,TRUE,mf_var,Plain MF RF,2011-2040SSP245,2011-2040,SSP245,12393866,8501128.01140083,1,Top-1,111651,77528.0966750771,0.00900856923900904,0.009119742294329
37,robiPse-Zone37,robiPse,Zone37,432,432,Needleleaf forests in temperate zone,#0B3D2E,TRUE,mf_var,Plain MF RF,2011-2040SSP245,2011-2040,SSP245,12393866,8501128.01140083,3,Top-3,245541,167530.71036206,0.0198114938470369,0.0197068800913697
37,robiPse-Zone37,robiPse,Zone37,432,432,Needleleaf forests in temperate zone,#0B3D2E,TRUE,mf_var,Plain MF RF,2011-2040SSP245,2011-2040,SSP245,12393866,8501128.01140083,5,Top-5,441550,299660.544494459,0.0356264945901465,0.0352495038414415
37,robiPse-Zone37,robiPse,Zone37,432,432,Needleleaf forests in temperate zone,#0B3D2E,TRUE,mf_var,Plain MF RF,2041-2070SSP245,2041-2070,SSP245,12393866,8501128.01140083,1,Top-1,60724,41265.418643276,0.00489952045632896,0.00485411095891453
37,robiPse-Zone37,robiPse,Zone37,432,432,Needleleaf forests in temperate zone,#0B3D2E,TRUE,mf_var,Plain MF RF,2041-2070SSP245,2041-2070,SSP245,12393866,8501128.01140083,3,Top-3,206510,137809.077757099,0.0166622747091182,0.0162106814027837
37,robiPse-Zone37,robiPse,Zone37,432,432,Needleleaf forests in temperate zone,#0B3D2E,TRUE,mf_var,Plain MF RF,2041-2070SSP245,2041-2070,SSP245,12393866,8501128.01140083,5,Top-5,387068,258691.80685051,0.0312306103680643,0.0304302918981551
37,robiPse-Zone37,robiPse,Zone37,432,432,Needleleaf forests in temperate zone,#0B3D2E,TRUE,mf_var,Plain MF RF,2071-2100SSP245,2071-2100,SSP245,12393866,8501128.01140083,1,Top-1,49602,33416.144544225,0.00400214105913361,0.00393078947869162
37,robiPse-Zone37,robiPse,Zone37,432,432,Needleleaf forests in temperate zone,#0B3D2E,TRUE,mf_var,Plain MF RF,2071-2100SSP245,2071-2100,SSP245,12393866,8501128.01140083,3,Top-3,187991,124242.948043685,0.0151680678167732,0.0146148779170321
37,robiPse-Zone37,robiPse,Zone37,432,432,Needleleaf forests in temperate zone,#0B3D2E,TRUE,mf_var,Plain MF RF,2071-2100SSP245,2071-2100,SSP245,12393866,8501128.01140083,5,Top-5,326178,216440.885907322,0.0263176961893892,0.025460254876418
37,robiPse-Zone37,robiPse,Zone37,432,432,Needleleaf forests in temperate zone,#0B3D2E,TRUE,mf_var,Plain MF RF,2011-2040SSP585,2011-2040,SSP585,12393866,8501128.01140083,1,Top-1,107528,74487.2798847637,0.00867590467736217,0.00876204661132841
37,robiPse-Zone37,robiPse,Zone37,432,432,Needleleaf forests in temperate zone,#0B3D2E,TRUE,mf_var,Plain MF RF,2011-2040SSP585,2011-2040,SSP585,12393866,8501128.01140083,3,Top-3,241202,164489.621446816,0.0194614013093251,0.0193491523979193
37,robiPse-Zone37,robiPse,Zone37,432,432,Needleleaf forests in temperate zone,#0B3D2E,TRUE,mf_var,Plain MF RF,2011-2040SSP585,2011-2040,SSP585,12393866,8501128.01140083,5,Top-5,432193,293148.167694652,0.0348715243492224,0.0344834435267311
37,robiPse-Zone37,robiPse,Zone37,432,432,Needleleaf forests in temperate zone,#0B3D2E,TRUE,mf_var,Plain MF RF,2041-2070SSP585,2041-2070,SSP585,12393866,8501128.01140083,1,Top-1,53468,36157.4440670754,0.00431406955666618,0.00425325251173548
37,robiPse-Zone37,robiPse,Zone37,432,432,Needleleaf forests in temperate zone,#0B3D2E,TRUE,mf_var,Plain MF RF,2041-2070SSP585,2041-2070,SSP585,12393866,8501128.01140083,3,Top-3,194914,129057.379612687,0.0157266505866692,0.0151812064751418
37,robiPse-Zone37,robiPse,Zone37,432,432,Needleleaf forests in temperate zone,#0B3D2E,TRUE,mf_var,Plain MF RF,2041-2070SSP585,2041-2070,SSP585,12393866,8501128.01140083,5,Top-5,331453,220214.588455433,0.0267433099567157,0.0259041609725326
37,robiPse-Zone37,robiPse,Zone37,432,432,Needleleaf forests in temperate zone,#0B3D2E,TRUE,mf_var,Plain MF RF,2071-2100SSP585,2071-2100,SSP585,12393866,8501128.01140083,1,Top-1,38055,24735.9211686181,0.00307047050532901,0.00290972223161972
37,robiPse-Zone37,robiPse,Zone37,432,432,Needleleaf forests in temperate zone,#0B3D2E,TRUE,mf_var,Plain MF RF,2071-2100SSP585,2071-2100,SSP585,12393866,8501128.01140083,3,Top-3,160492,103650.264427161,0.0129493089565435,0.0121925307192358
37,robiPse-Zone37,robiPse,Zone37,432,432,Needleleaf forests in temperate zone,#0B3D2E,TRUE,mf_var,Plain MF RF,2071-2100SSP585,2071-2100,SSP585,12393866,8501128.01140083,5,Top-5,225156,146570.981275215,0.0181667286059088,0.0172413568033147
41,robiPse-Zone41,robiPse,Zone41,66,66,Temperate grasslands,#70E000,TRUE,rf_var,Plain RF,2011-2040SSP245,2011-2040,SSP245,12393866,8501128.01140083,1,Top-1,117944,79832.9670636272,0.00951632041204899,0.00939086753623325
41,robiPse-Zone41,robiPse,Zone41,66,66,Temperate grasslands,#70E000,TRUE,rf_var,Plain RF,2011-2040SSP245,2011-2040,SSP245,12393866,8501128.01140083,3,Top-3,494378,335538.084768089,0.0398889256992128,0.0394698308645747
41,robiPse-Zone41,robiPse,Zone41,66,66,Temperate grasslands,#70E000,TRUE,rf_var,Plain RF,2011-2040SSP245,2011-2040,SSP245,12393866,8501128.01140083,5,Top-5,586174,398280.644741067,0.0472954927865123,0.0468503290630296
41,robiPse-Zone41,robiPse,Zone41,66,66,Temperate grasslands,#70E000,TRUE,rf_var,Plain RF,2041-2070SSP245,2041-2070,SSP245,12393866,8501128.01140083,1,Top-1,96969,64857.4520818606,0.00782395097703977,0.00762927602017997
41,robiPse-Zone41,robiPse,Zone41,66,66,Temperate grasslands,#70E000,TRUE,rf_var,Plain RF,2041-2070SSP245,2041-2070,SSP245,12393866,8501128.01140083,3,Top-3,434721,294095.644664852,0.0350754962172417,0.0345948966149482
41,robiPse-Zone41,robiPse,Zone41,66,66,Temperate grasslands,#70E000,TRUE,rf_var,Plain RF,2041-2070SSP245,2041-2070,SSP245,12393866,8501128.01140083,5,Top-5,517830,351230.915795429,0.0417811520634482,0.0413158013059437
41,robiPse-Zone41,robiPse,Zone41,66,66,Temperate grasslands,#70E000,TRUE,rf_var,Plain RF,2071-2100SSP245,2071-2100,SSP245,12393866,8501128.01140083,1,Top-1,62390,41770.2131162562,0.0050339417902372,0.00491349066385523
41,robiPse-Zone41,robiPse,Zone41,66,66,Temperate grasslands,#70E000,TRUE,rf_var,Plain RF,2071-2100SSP245,2071-2100,SSP245,12393866,8501128.01140083,3,Top-3,339240,229448.305119863,0.0273716046308714,0.0269903364367824
41,robiPse-Zone41,robiPse,Zone41,66,66,Temperate grasslands,#70E000,TRUE,rf_var,Plain RF,2071-2100SSP245,2071-2100,SSP245,12393866,8501128.01140083,5,Top-5,428234,290769.361604203,0.034552092139773,0.0342036211211328
41,robiPse-Zone41,robiPse,Zone41,66,66,Temperate grasslands,#70E000,TRUE,rf_var,Plain RF,2011-2040SSP585,2011-2040,SSP585,12393866,8501128.01140083,1,Top-1,124171,83854.6370422822,0.0100187463701802,0.00986394240032912
41,robiPse-Zone41,robiPse,Zone41,66,66,Temperate grasslands,#70E000,TRUE,rf_var,Plain RF,2011-2040SSP585,2011-2040,SSP585,12393866,8501128.01140083,3,Top-3,498389,337958.445239875,0.0402125535325297,0.0397545413722321
41,robiPse-Zone41,robiPse,Zone41,66,66,Temperate grasslands,#70E000,TRUE,rf_var,Plain RF,2011-2040SSP585,2011-2040,SSP585,12393866,8501128.01140083,5,Top-5,588987,399934.518858525,0.0475224599007283,0.04704487667074
41,robiPse-Zone41,robiPse,Zone41,66,66,Temperate grasslands,#70E000,TRUE,rf_var,Plain RF,2041-2070SSP585,2041-2070,SSP585,12393866,8501128.01140083,1,Top-1,73047,48943.0879469879,0.00589380262784832,0.00575724631852978
41,robiPse-Zone41,robiPse,Zone41,66,66,Temperate grasslands,#70E000,TRUE,rf_var,Plain RF,2041-2070SSP585,2041-2070,SSP585,12393866,8501128.01140083,3,Top-3,357820,242130.868197851,0.0288707333127533,0.0284822046995564
41,robiPse-Zone41,robiPse,Zone41,66,66,Temperate grasslands,#70E000,TRUE,rf_var,Plain RF,2041-2070SSP585,2041-2070,SSP585,12393866,8501128.01140083,5,Top-5,439581,298364.512252481,0.0354676256787027,0.0350970496917992
41,robiPse-Zone41,robiPse,Zone41,66,66,Temperate grasslands,#70E000,TRUE,rf_var,Plain RF,2071-2100SSP585,2071-2100,SSP585,12393866,8501128.01140083,1,Top-1,18106,12249.2475061079,0.00146088395662822,0.0014408967244912
41,robiPse-Zone41,robiPse,Zone41,66,66,Temperate grasslands,#70E000,TRUE,rf_var,Plain RF,2071-2100SSP585,2071-2100,SSP585,12393866,8501128.01140083,3,Top-3,178718,121391.26080111,0.0144198751220967,0.0142794298166447
41,robiPse-Zone41,robiPse,Zone41,66,66,Temperate grasslands,#70E000,TRUE,rf_var,Plain RF,2071-2100SSP585,2071-2100,SSP585,12393866,8501128.01140083,5,Top-5,229940,156809.142815568,0.0185527260017173,0.0184456865730374
41,robiPse-Zone41,robiPse,Zone41,66,66,Temperate grasslands,#70E000,TRUE,mf_var,Plain MF RF,2011-2040SSP245,2011-2040,SSP245,12393866,8501128.01140083,1,Top-1,117516,79610.9316416284,0.00948178720021662,0.00936474918797393
41,robiPse-Zone41,robiPse,Zone41,66,66,Temperate grasslands,#70E000,TRUE,mf_var,Plain MF RF,2011-2040SSP245,2011-2040,SSP245,12393866,8501128.01140083,3,Top-3,489151,332057.593570328,0.0394671848154563,0.0390604156442541
41,robiPse-Zone41,robiPse,Zone41,66,66,Temperate grasslands,#70E000,TRUE,mf_var,Plain MF RF,2011-2040SSP245,2011-2040,SSP245,12393866,8501128.01140083,5,Top-5,582094,395519.973178202,0.0469662976830635,0.0465255872688626
41,robiPse-Zone41,robiPse,Zone41,66,66,Temperate grasslands,#70E000,TRUE,mf_var,Plain MF RF,2041-2070SSP245,2041-2070,SSP245,12393866,8501128.01140083,1,Top-1,97809,65592.8875316037,0.00789172643951452,0.00771578635725016
41,robiPse-Zone41,robiPse,Zone41,66,66,Temperate grasslands,#70E000,TRUE,mf_var,Plain MF RF,2041-2070SSP245,2041-2070,SSP245,12393866,8501128.01140083,3,Top-3,437130,295792.556560695,0.0352698665614103,0.0347945068188609
41,robiPse-Zone41,robiPse,Zone41,66,66,Temperate grasslands,#70E000,TRUE,mf_var,Plain MF RF,2041-2070SSP245,2041-2070,SSP245,12393866,8501128.01140083,5,Top-5,524707,355901.265784463,0.0423360233199229,0.0418651813391312
41,robiPse-Zone41,robiPse,Zone41,66,66,Temperate grasslands,#70E000,TRUE,mf_var,Plain MF RF,2071-2100SSP245,2071-2100,SSP245,12393866,8501128.01140083,1,Top-1,60489,40544.1890727949,0.00488055946385091,0.00476927167999602
41,robiPse-Zone41,robiPse,Zone41,66,66,Temperate grasslands,#70E000,TRUE,mf_var,Plain MF RF,2071-2100SSP245,2071-2100,SSP245,12393866,8501128.01140083,3,Top-3,340875,230586.824198542,0.0275035247274741,0.0271242620849025
41,robiPse-Zone41,robiPse,Zone41,66,66,Temperate grasslands,#70E000,TRUE,mf_var,Plain MF RF,2071-2100SSP245,2071-2100,SSP245,12393866,8501128.01140083,5,Top-5,432944,293993.285375248,0.0349321188400778,0.0345828559434671
41,robiPse-Zone41,robiPse,Zone41,66,66,Temperate grasslands,#70E000,TRUE,mf_var,Plain MF RF,2011-2040SSP585,2011-2040,SSP585,12393866,8501128.01140083,1,Top-1,123403,83427.2328787086,0.00995678023306045,0.00981366622956679
41,robiPse-Zone41,robiPse,Zone41,66,66,Temperate grasslands,#70E000,TRUE,mf_var,Plain MF RF,2011-2040SSP585,2011-2040,SSP585,12393866,8501128.01140083,3,Top-3,493380,334624.268356737,0.0398084019949869,0.0393623373166448
41,robiPse-Zone41,robiPse,Zone41,66,66,Temperate grasslands,#70E000,TRUE,mf_var,Plain MF RF,2011-2040SSP585,2011-2040,SSP585,12393866,8501128.01140083,5,Top-5,585273,397383.707998842,0.0472227955345007,0.0467448210950255
41,robiPse-Zone41,robiPse,Zone41,66,66,Temperate grasslands,#70E000,TRUE,mf_var,Plain MF RF,2041-2070SSP585,2041-2070,SSP585,12393866,8501128.01140083,1,Top-1,70677,47442.0154025808,0.0057025790015803,0.00558067298115691
41,robiPse-Zone41,robiPse,Zone41,66,66,Temperate grasslands,#70E000,TRUE,mf_var,Plain MF RF,2041-2070SSP585,2041-2070,SSP585,12393866,8501128.01140083,3,Top-3,359960,243693.900975428,0.0290433993719151,0.0286660665088929
41,robiPse-Zone41,robiPse,Zone41,66,66,Temperate grasslands,#70E000,TRUE,mf_var,Plain MF RF,2041-2070SSP585,2041-2070,SSP585,12393866,8501128.01140083,5,Top-5,446642,303226.751705111,0.0360373429888624,0.0356690019604992
41,robiPse-Zone41,robiPse,Zone41,66,66,Temperate grasslands,#70E000,TRUE,mf_var,Plain MF RF,2071-2100SSP585,2071-2100,SSP585,12393866,8501128.01140083,1,Top-1,18443,12473.5751924433,0.00148807482669249,0.00146728471512428
41,robiPse-Zone41,robiPse,Zone41,66,66,Temperate grasslands,#70E000,TRUE,mf_var,Plain MF RF,2071-2100SSP585,2071-2100,SSP585,12393866,8501128.01140083,3,Top-3,182396,123856.029839685,0.0147166348256468,0.0145693641683294
41,robiPse-Zone41,robiPse,Zone41,66,66,Temperate grasslands,#70E000,TRUE,mf_var,Plain MF RF,2071-2100SSP585,2071-2100,SSP585,12393866,8501128.01140083,5,Top-5,233903,159496.596308228,0.0188724809514642,0.0187618156195657
3,saliMat-Zone3,saliMat,Zone3,3066,3066,Broadleaf deciduous forests in temperate zone,#33A02C,TRUE,rf_var,Plain RF,2011-2040SSP245,2011-2040,SSP245,12393866,8501128.01140083,1,Top-1,464597,285110.19273948,0.03748604349926,0.0335379248915108
3,saliMat-Zone3,saliMat,Zone3,3066,3066,Broadleaf deciduous forests in temperate zone,#33A02C,TRUE,rf_var,Plain RF,2011-2040SSP245,2011-2040,SSP245,12393866,8501128.01140083,3,Top-3,1043841,650362.609125005,0.0842223887203557,0.076503095618935
3,saliMat-Zone3,saliMat,Zone3,3066,3066,Broadleaf deciduous forests in temperate zone,#33A02C,TRUE,rf_var,Plain RF,2011-2040SSP245,2011-2040,SSP245,12393866,8501128.01140083,5,Top-5,1364973,854196.977497454,0.11013294802445,0.100480427579951
3,saliMat-Zone3,saliMat,Zone3,3066,3066,Broadleaf deciduous forests in temperate zone,#33A02C,TRUE,rf_var,Plain RF,2041-2070SSP245,2041-2070,SSP245,12393866,8501128.01140083,1,Top-1,452763,271632.094911422,0.0365312163291099,0.0319524767239285
3,saliMat-Zone3,saliMat,Zone3,3066,3066,Broadleaf deciduous forests in temperate zone,#33A02C,TRUE,rf_var,Plain RF,2041-2070SSP245,2041-2070,SSP245,12393866,8501128.01140083,3,Top-3,978384,598883.210999804,0.0789409858070113,0.0704474994608531
3,saliMat-Zone3,saliMat,Zone3,3066,3066,Broadleaf deciduous forests in temperate zone,#33A02C,TRUE,rf_var,Plain RF,2041-2070SSP245,2041-2070,SSP245,12393866,8501128.01140083,5,Top-5,1197848,746828.28150673,0.0966484549695793,0.0878504923705609
3,saliMat-Zone3,saliMat,Zone3,3066,3066,Broadleaf deciduous forests in temperate zone,#33A02C,TRUE,rf_var,Plain RF,2071-2100SSP245,2071-2100,SSP245,12393866,8501128.01140083,1,Top-1,461225,277213.485590234,0.0372139734284686,0.0326090237928971
3,saliMat-Zone3,saliMat,Zone3,3066,3066,Broadleaf deciduous forests in temperate zone,#33A02C,TRUE,rf_var,Plain RF,2071-2100SSP245,2071-2100,SSP245,12393866,8501128.01140083,3,Top-3,949287,582518.101763601,0.0765932921979308,0.0685224479601281
3,saliMat-Zone3,saliMat,Zone3,3066,3066,Broadleaf deciduous forests in temperate zone,#33A02C,TRUE,rf_var,Plain RF,2071-2100SSP245,2071-2100,SSP245,12393866,8501128.01140083,5,Top-5,1118256,697025.602387899,0.0902265685299486,0.081992131097558
3,saliMat-Zone3,saliMat,Zone3,3066,3066,Broadleaf deciduous forests in temperate zone,#33A02C,TRUE,rf_var,Plain RF,2011-2040SSP585,2011-2040,SSP585,12393866,8501128.01140083,1,Top-1,461589,282806.507289548,0.037243342795541,0.0332669390356524
3,saliMat-Zone3,saliMat,Zone3,3066,3066,Broadleaf deciduous forests in temperate zone,#33A02C,TRUE,rf_var,Plain RF,2011-2040SSP585,2011-2040,SSP585,12393866,8501128.01140083,3,Top-3,1034716,643166.983597266,0.0834861374166866,0.0756566637668221
3,saliMat-Zone3,saliMat,Zone3,3066,3066,Broadleaf deciduous forests in temperate zone,#33A02C,TRUE,rf_var,Plain RF,2011-2040SSP585,2011-2040,SSP585,12393866,8501128.01140083,5,Top-5,1350011,844345.577223345,0.108925737941656,0.0993215930981154
3,saliMat-Zone3,saliMat,Zone3,3066,3066,Broadleaf deciduous forests in temperate zone,#33A02C,TRUE,rf_var,Plain RF,2041-2070SSP585,2041-2070,SSP585,12393866,8501128.01140083,1,Top-1,429988,258855.543342417,0.0346936137602262,0.0304495524588345
3,saliMat-Zone3,saliMat,Zone3,3066,3066,Broadleaf deciduous forests in temperate zone,#33A02C,TRUE,rf_var,Plain RF,2041-2070SSP585,2041-2070,SSP585,12393866,8501128.01140083,3,Top-3,899058,552576.954113135,0.0725405615971643,0.06500042739882
3,saliMat-Zone3,saliMat,Zone3,3066,3066,Broadleaf deciduous forests in temperate zone,#33A02C,TRUE,rf_var,Plain RF,2041-2070SSP585,2041-2070,SSP585,12393866,8501128.01140083,5,Top-5,1079812,674943.002182181,0.0871247115306879,0.0793945228535575
3,saliMat-Zone3,saliMat,Zone3,3066,3066,Broadleaf deciduous forests in temperate zone,#33A02C,TRUE,rf_var,Plain RF,2071-2100SSP585,2071-2100,SSP585,12393866,8501128.01140083,1,Top-1,358944,221810.404449178,0.0289614233363504,0.0260918791190662
3,saliMat-Zone3,saliMat,Zone3,3066,3066,Broadleaf deciduous forests in temperate zone,#33A02C,TRUE,rf_var,Plain RF,2071-2100SSP585,2071-2100,SSP585,12393866,8501128.01140083,3,Top-3,694514,438270.028335231,0.0560369137442667,0.0515543381710602
3,saliMat-Zone3,saliMat,Zone3,3066,3066,Broadleaf deciduous forests in temperate zone,#33A02C,TRUE,rf_var,Plain RF,2071-2100SSP585,2071-2100,SSP585,12393866,8501128.01140083,5,Top-5,784614,499382.838647492,0.0633066389454267,0.0587431265565901
3,saliMat-Zone3,saliMat,Zone3,3066,3066,Broadleaf deciduous forests in temperate zone,#33A02C,TRUE,mf_var,Plain MF RF,2011-2040SSP245,2011-2040,SSP245,12393866,8501128.01140083,1,Top-1,461865,283631.433829458,0.0372656118760684,0.033363976339267
3,saliMat-Zone3,saliMat,Zone3,3066,3066,Broadleaf deciduous forests in temperate zone,#33A02C,TRUE,mf_var,Plain MF RF,2011-2040SSP245,2011-2040,SSP245,12393866,8501128.01140083,3,Top-3,1048317,653280.233499131,0.0845835351132568,0.0768462999996024
3,saliMat-Zone3,saliMat,Zone3,3066,3066,Broadleaf deciduous forests in temperate zone,#33A02C,TRUE,mf_var,Plain MF RF,2011-2040SSP245,2011-2040,SSP245,12393866,8501128.01140083,5,Top-5,1370809,857697.855499619,0.110603826118501,0.100892240929599
3,saliMat-Zone3,saliMat,Zone3,3066,3066,Broadleaf deciduous forests in temperate zone,#33A02C,TRUE,mf_var,Plain MF RF,2041-2070SSP245,2041-2070,SSP245,12393866,8501128.01140083,1,Top-1,440869,265453.674592307,0.0355715480544973,0.0312257001937046
3,saliMat-Zone3,saliMat,Zone3,3066,3066,Broadleaf deciduous forests in temperate zone,#33A02C,TRUE,mf_var,Plain MF RF,2041-2070SSP245,2041-2070,SSP245,12393866,8501128.01140083,3,Top-3,990499,605985.493476436,0.0799184854830607,0.0712829512346774
3,saliMat-Zone3,saliMat,Zone3,3066,3066,Broadleaf deciduous forests in temperate zone,#33A02C,TRUE,mf_var,Plain MF RF,2041-2070SSP245,2041-2070,SSP245,12393866,8501128.01140083,5,Top-5,1205946,751507.261395186,0.0973018427018656,0.0884008875513158
3,saliMat-Zone3,saliMat,Zone3,3066,3066,Broadleaf deciduous forests in temperate zone,#33A02C,TRUE,mf_var,Plain MF RF,2071-2100SSP245,2071-2100,SSP245,12393866,8501128.01140083,1,Top-1,469512,282414.815500005,0.0378826106398117,0.0332208637631688
3,saliMat-Zone3,saliMat,Zone3,3066,3066,Broadleaf deciduous forests in temperate zone,#33A02C,TRUE,mf_var,Plain MF RF,2071-2100SSP245,2071-2100,SSP245,12393866,8501128.01140083,3,Top-3,956489,586027.999714912,0.0771743861035774,0.068935322339458
3,saliMat-Zone3,saliMat,Zone3,3066,3066,Broadleaf deciduous forests in temperate zone,#33A02C,TRUE,mf_var,Plain MF RF,2071-2100SSP245,2071-2100,SSP245,12393866,8501128.01140083,5,Top-5,1121721,698311.205460189,0.0905061423126569,0.0821433584488654
3,saliMat-Zone3,saliMat,Zone3,3066,3066,Broadleaf deciduous forests in temperate zone,#33A02C,TRUE,mf_var,Plain MF RF,2011-2040SSP585,2011-2040,SSP585,12393866,8501128.01140083,1,Top-1,462022,283092.671954753,0.0372782794327452,0.0333006009996671
3,saliMat-Zone3,saliMat,Zone3,3066,3066,Broadleaf deciduous forests in temperate zone,#33A02C,TRUE,mf_var,Plain MF RF,2011-2040SSP585,2011-2040,SSP585,12393866,8501128.01140083,3,Top-3,1042368,648030.649922601,0.0841035396058018,0.076228783880625
3,saliMat-Zone3,saliMat,Zone3,3066,3066,Broadleaf deciduous forests in temperate zone,#33A02C,TRUE,mf_var,Plain MF RF,2011-2040SSP585,2011-2040,SSP585,12393866,8501128.01140083,5,Top-5,1358536,849716.610984574,0.1096135782007,0.0999533955782129
3,saliMat-Zone3,saliMat,Zone3,3066,3066,Broadleaf deciduous forests in temperate zone,#33A02C,TRUE,mf_var,Plain MF RF,2041-2070SSP585,2041-2070,SSP585,12393866,8501128.01140083,1,Top-1,421656,254872.376314642,0.0340213457205363,0.0299810067526137
3,saliMat-Zone3,saliMat,Zone3,3066,3066,Broadleaf deciduous forests in temperate zone,#33A02C,TRUE,mf_var,Plain MF RF,2041-2070SSP585,2041-2070,SSP585,12393866,8501128.01140083,3,Top-3,906143,556414.72174868,0.073112215349109,0.0654518695639536
3,saliMat-Zone3,saliMat,Zone3,3066,3066,Broadleaf deciduous forests in temperate zone,#33A02C,TRUE,mf_var,Plain MF RF,2041-2070SSP585,2041-2070,SSP585,12393866,8501128.01140083,5,Top-5,1080800,674944.395809317,0.08720442838417,0.0793946867879359
3,saliMat-Zone3,saliMat,Zone3,3066,3066,Broadleaf deciduous forests in temperate zone,#33A02C,TRUE,mf_var,Plain MF RF,2071-2100SSP585,2071-2100,SSP585,12393866,8501128.01140083,1,Top-1,369042,227732.563541856,0.0297761812173861,0.0267885112700861
3,saliMat-Zone3,saliMat,Zone3,3066,3066,Broadleaf deciduous forests in temperate zone,#33A02C,TRUE,mf_var,Plain MF RF,2071-2100SSP585,2071-2100,SSP585,12393866,8501128.01140083,3,Top-3,680596,428831.164466811,0.0549139388791197,0.0504440309440943
3,saliMat-Zone3,saliMat,Zone3,3066,3066,Broadleaf deciduous forests in temperate zone,#33A02C,TRUE,mf_var,Plain MF RF,2071-2100SSP585,2071-2100,SSP585,12393866,8501128.01140083,5,Top-5,765012,486243.864003226,0.061725050117534,0.0571975699402627
27,saliMat-Zone27,saliMat,Zone27,203,203,Two years three ripes or one year two ripes grain fields and deciduous orchards,#FFB703,TRUE,rf_var,Plain RF,2011-2040SSP245,2011-2040,SSP245,12393866,8501128.01140083,1,Top-1,957439,634751.89905656,0.0772510369242333,0.074666785184895
27,saliMat-Zone27,saliMat,Zone27,203,203,Two years three ripes or one year two ripes grain fields and deciduous orchards,#FFB703,TRUE,rf_var,Plain RF,2011-2040SSP245,2011-2040,SSP245,12393866,8501128.01140083,3,Top-3,1418531,938567.865793755,0.11445427923781,0.110405097362967
27,saliMat-Zone27,saliMat,Zone27,203,203,Two years three ripes or one year two ripes grain fields and deciduous orchards,#FFB703,TRUE,rf_var,Plain RF,2011-2040SSP245,2011-2040,SSP245,12393866,8501128.01140083,5,Top-5,1546652,1023244.44377055,0.12479173165177,0.120365725865824
27,saliMat-Zone27,saliMat,Zone27,203,203,Two years three ripes or one year two ripes grain fields and deciduous orchards,#FFB703,TRUE,rf_var,Plain RF,2041-2070SSP245,2041-2070,SSP245,12393866,8501128.01140083,1,Top-1,1039668,678891.625593275,0.0838856899049901,0.0798590051441192
27,saliMat-Zone27,saliMat,Zone27,203,203,Two years three ripes or one year two ripes grain fields and deciduous orchards,#FFB703,TRUE,rf_var,Plain RF,2041-2070SSP245,2041-2070,SSP245,12393866,8501128.01140083,3,Top-3,1526997,997000.99969489,0.123205866514936,0.117278671531333
27,saliMat-Zone27,saliMat,Zone27,203,203,Two years three ripes or one year two ripes grain fields and deciduous orchards,#FFB703,TRUE,rf_var,Plain RF,2041-2070SSP245,2041-2070,SSP245,12393866,8501128.01140083,5,Top-5,1635338,1068313.31027773,0.131947368157765,0.125667241905429
27,saliMat-Zone27,saliMat,Zone27,203,203,Two years three ripes or one year two ripes grain fields and deciduous orchards,#FFB703,TRUE,rf_var,Plain RF,2071-2100SSP245,2071-2100,SSP245,12393866,8501128.01140083,1,Top-1,1075509,696630.966219965,0.0867775236556535,0.0819457094735799
27,saliMat-Zone27,saliMat,Zone27,203,203,Two years three ripes or one year two ripes grain fields and deciduous orchards,#FFB703,TRUE,rf_var,Plain RF,2071-2100SSP245,2071-2100,SSP245,12393866,8501128.01140083,3,Top-3,1576411,1022545.84105474,0.127192838780087,0.12028354821659
27,saliMat-Zone27,saliMat,Zone27,203,203,Two years three ripes or one year two ripes grain fields and deciduous orchards,#FFB703,TRUE,rf_var,Plain RF,2071-2100SSP245,2071-2100,SSP245,12393866,8501128.01140083,5,Top-5,1668302,1082749.59325721,0.134607070949452,0.127365402780094
27,saliMat-Zone27,saliMat,Zone27,203,203,Two years three ripes or one year two ripes grain fields and deciduous orchards,#FFB703,TRUE,rf_var,Plain RF,2011-2040SSP585,2011-2040,SSP585,12393866,8501128.01140083,1,Top-1,962359,637243.795733766,0.0776480074901568,0.0749599106000004
27,saliMat-Zone27,saliMat,Zone27,203,203,Two years three ripes or one year two ripes grain fields and deciduous orchards,#FFB703,TRUE,rf_var,Plain RF,2011-2040SSP585,2011-2040,SSP585,12393866,8501128.01140083,3,Top-3,1426648,942597.106711101,0.115109199986509,0.110879062807546
27,saliMat-Zone27,saliMat,Zone27,203,203,Two years three ripes or one year two ripes grain fields and deciduous orchards,#FFB703,TRUE,rf_var,Plain RF,2011-2040SSP585,2011-2040,SSP585,12393866,8501128.01140083,5,Top-5,1551501,1025254.04276079,0.125182973577413,0.12060211790551
27,saliMat-Zone27,saliMat,Zone27,203,203,Two years three ripes or one year two ripes grain fields and deciduous orchards,#FFB703,TRUE,rf_var,Plain RF,2041-2070SSP585,2041-2070,SSP585,12393866,8501128.01140083,1,Top-1,1073744,697411.079387026,0.0866351144993822,0.0820374753152442
27,saliMat-Zone27,saliMat,Zone27,203,203,Two years three ripes or one year two ripes grain fields and deciduous orchards,#FFB703,TRUE,rf_var,Plain RF,2041-2070SSP585,2041-2070,SSP585,12393866,8501128.01140083,3,Top-3,1581519,1028169.83570571,0.127604978139993,0.120945106852507
27,saliMat-Zone27,saliMat,Zone27,203,203,Two years three ripes or one year two ripes grain fields and deciduous orchards,#FFB703,TRUE,rf_var,Plain RF,2041-2070SSP585,2041-2070,SSP585,12393866,8501128.01140083,5,Top-5,1677391,1091006.08041397,0.135340417590444,0.128336625322054
27,saliMat-Zone27,saliMat,Zone27,203,203,Two years three ripes or one year two ripes grain fields and deciduous orchards,#FFB703,TRUE,rf_var,Plain RF,2071-2100SSP585,2071-2100,SSP585,12393866,8501128.01140083,1,Top-1,1293381,835485.499991021,0.104356542179817,0.0982793693813991
27,saliMat-Zone27,saliMat,Zone27,203,203,Two years three ripes or one year two ripes grain fields and deciduous orchards,#FFB703,TRUE,rf_var,Plain RF,2071-2100SSP585,2071-2100,SSP585,12393866,8501128.01140083,3,Top-3,1699054,1095375.89795155,0.137088298356623,0.128850653287722
27,saliMat-Zone27,saliMat,Zone27,203,203,Two years three ripes or one year two ripes grain fields and deciduous orchards,#FFB703,TRUE,rf_var,Plain RF,2071-2100SSP585,2071-2100,SSP585,12393866,8501128.01140083,5,Top-5,1747919,1127489.12652265,0.141030974515942,0.132628178873507
27,saliMat-Zone27,saliMat,Zone27,203,203,Two years three ripes or one year two ripes grain fields and deciduous orchards,#FFB703,TRUE,mf_var,Plain MF RF,2011-2040SSP245,2011-2040,SSP245,12393866,8501128.01140083,1,Top-1,948539,628351.853190772,0.0765329397622985,0.0739139385206401
27,saliMat-Zone27,saliMat,Zone27,203,203,Two years three ripes or one year two ripes grain fields and deciduous orchards,#FFB703,TRUE,mf_var,Plain MF RF,2011-2040SSP245,2011-2040,SSP245,12393866,8501128.01140083,3,Top-3,1393398,922591.477319677,0.112426421263551,0.108525771648468
27,saliMat-Zone27,saliMat,Zone27,203,203,Two years three ripes or one year two ripes grain fields and deciduous orchards,#FFB703,TRUE,mf_var,Plain MF RF,2011-2040SSP245,2011-2040,SSP245,12393866,8501128.01140083,5,Top-5,1513792,1002729.86399537,0.122140420107818,0.117952566136001
27,saliMat-Zone27,saliMat,Zone27,203,203,Two years three ripes or one year two ripes grain fields and deciduous orchards,#FFB703,TRUE,mf_var,Plain MF RF,2041-2070SSP245,2041-2070,SSP245,12393866,8501128.01140083,1,Top-1,1026573,670476.114148739,0.0828291188560535,0.0788690763448764
27,saliMat-Zone27,saliMat,Zone27,203,203,Two years three ripes or one year two ripes grain fields and deciduous orchards,#FFB703,TRUE,mf_var,Plain MF RF,2041-2070SSP245,2041-2070,SSP245,12393866,8501128.01140083,3,Top-3,1520948,994163.895550802,0.122717802500043,0.116944938861941
27,saliMat-Zone27,saliMat,Zone27,203,203,Two years three ripes or one year two ripes grain fields and deciduous orchards,#FFB703,TRUE,mf_var,Plain MF RF,2041-2070SSP245,2041-2070,SSP245,12393866,8501128.01140083,5,Top-5,1624863,1062743.34430299,0.13110219200369,0.125012038740946
27,saliMat-Zone27,saliMat,Zone27,203,203,Two years three ripes or one year two ripes grain fields and deciduous orchards,#FFB703,TRUE,mf_var,Plain MF RF,2071-2100SSP245,2071-2100,SSP245,12393866,8501128.01140083,1,Top-1,1063384,689885.434155145,0.0857992171288604,0.0811522227673718
27,saliMat-Zone27,saliMat,Zone27,203,203,Two years three ripes or one year two ripes grain fields and deciduous orchards,#FFB703,TRUE,mf_var,Plain MF RF,2071-2100SSP245,2071-2100,SSP245,12393866,8501128.01140083,3,Top-3,1590504,1032487.09794714,0.128329933533249,0.121452952662573
27,saliMat-Zone27,saliMat,Zone27,203,203,Two years three ripes or one year two ripes grain fields and deciduous orchards,#FFB703,TRUE,mf_var,Plain MF RF,2071-2100SSP245,2071-2100,SSP245,12393866,8501128.01140083,5,Top-5,1688029,1096354.78977148,0.136198745411642,0.128965801750211
27,saliMat-Zone27,saliMat,Zone27,203,203,Two years three ripes or one year two ripes grain fields and deciduous orchards,#FFB703,TRUE,mf_var,Plain MF RF,2011-2040SSP585,2011-2040,SSP585,12393866,8501128.01140083,1,Top-1,947239,627103.253056806,0.0764280491656114,0.0737670638785582
27,saliMat-Zone27,saliMat,Zone27,203,203,Two years three ripes or one year two ripes grain fields and deciduous orchards,#FFB703,TRUE,mf_var,Plain MF RF,2011-2040SSP585,2011-2040,SSP585,12393866,8501128.01140083,3,Top-3,1404599,928636.292151518,0.113330174781622,0.109236831971725
27,saliMat-Zone27,saliMat,Zone27,203,203,Two years three ripes or one year two ripes grain fields and deciduous orchards,#FFB703,TRUE,mf_var,Plain MF RF,2011-2040SSP585,2011-2040,SSP585,12393866,8501128.01140083,5,Top-5,1521544,1006509.41305581,0.12276589080437,0.118397159965828
27,saliMat-Zone27,saliMat,Zone27,203,203,Two years three ripes or one year two ripes grain fields and deciduous orchards,#FFB703,TRUE,mf_var,Plain MF RF,2041-2070SSP585,2041-2070,SSP585,12393866,8501128.01140083,1,Top-1,1060734,689631.712698968,0.0855854016817674,0.0811223771450218
27,saliMat-Zone27,saliMat,Zone27,203,203,Two years three ripes or one year two ripes grain fields and deciduous orchards,#FFB703,TRUE,mf_var,Plain MF RF,2041-2070SSP585,2041-2070,SSP585,12393866,8501128.01140083,3,Top-3,1595903,1037905.50790029,0.128765552249798,0.122090328072741
27,saliMat-Zone27,saliMat,Zone27,203,203,Two years three ripes or one year two ripes grain fields and deciduous orchards,#FFB703,TRUE,mf_var,Plain MF RF,2041-2070SSP585,2041-2070,SSP585,12393866,8501128.01140083,5,Top-5,1692098,1101151.94520594,0.136527052979272,0.129530098091593
27,saliMat-Zone27,saliMat,Zone27,203,203,Two years three ripes or one year two ripes grain fields and deciduous orchards,#FFB703,TRUE,mf_var,Plain MF RF,2071-2100SSP585,2071-2100,SSP585,12393866,8501128.01140083,1,Top-1,1279402,828650.001850736,0.103228645525133,0.0974752998354379
27,saliMat-Zone27,saliMat,Zone27,203,203,Two years three ripes or one year two ripes grain fields and deciduous orchards,#FFB703,TRUE,mf_var,Plain MF RF,2071-2100SSP585,2071-2100,SSP585,12393866,8501128.01140083,3,Top-3,1695201,1093426.09710434,0.136777418765057,0.128621295390206
27,saliMat-Zone27,saliMat,Zone27,203,203,Two years three ripes or one year two ripes grain fields and deciduous orchards,#FFB703,TRUE,mf_var,Plain MF RF,2071-2100SSP585,2071-2100,SSP585,12393866,8501128.01140083,5,Top-5,1749268,1128840.86497047,0.141139818681273,0.13278718582482
37,saliMat-Zone37,saliMat,Zone37,159,159,Needleleaf forests in temperate zone,#0B3D2E,TRUE,rf_var,Plain RF,2011-2040SSP245,2011-2040,SSP245,12393866,8501128.01140083,1,Top-1,113088,78497.3854853803,0.00912451369088548,0.00923376114088716
37,saliMat-Zone37,saliMat,Zone37,159,159,Needleleaf forests in temperate zone,#0B3D2E,TRUE,rf_var,Plain RF,2011-2040SSP245,2011-2040,SSP245,12393866,8501128.01140083,3,Top-3,242511,165419.734453915,0.0195670180716816,0.0194585629380091
37,saliMat-Zone37,saliMat,Zone37,159,159,Needleleaf forests in temperate zone,#0B3D2E,TRUE,rf_var,Plain RF,2011-2040SSP245,2011-2040,SSP245,12393866,8501128.01140083,5,Top-5,441127,299319.317301522,0.035592364803686,0.0352093647925435
37,saliMat-Zone37,saliMat,Zone37,159,159,Needleleaf forests in temperate zone,#0B3D2E,TRUE,rf_var,Plain RF,2041-2070SSP245,2041-2070,SSP245,12393866,8501128.01140083,1,Top-1,67217,45524.375124387,0.00542340864424385,0.00535509817795173
37,saliMat-Zone37,saliMat,Zone37,159,159,Needleleaf forests in temperate zone,#0B3D2E,TRUE,rf_var,Plain RF,2041-2070SSP245,2041-2070,SSP245,12393866,8501128.01140083,3,Top-3,195087,130307.545903337,0.0157406091045361,0.0153282653465025
37,saliMat-Zone37,saliMat,Zone37,159,159,Needleleaf forests in temperate zone,#0B3D2E,TRUE,rf_var,Plain RF,2041-2070SSP245,2041-2070,SSP245,12393866,8501128.01140083,5,Top-5,378187,252787.391124699,0.0305140462225427,0.0297357469250771
37,saliMat-Zone37,saliMat,Zone37,159,159,Needleleaf forests in temperate zone,#0B3D2E,TRUE,rf_var,Plain RF,2071-2100SSP245,2071-2100,SSP245,12393866,8501128.01140083,1,Top-1,55214,37064.582113691,0.00445494569652439,0.00435996047394932
37,saliMat-Zone37,saliMat,Zone37,159,159,Needleleaf forests in temperate zone,#0B3D2E,TRUE,rf_var,Plain RF,2071-2100SSP245,2071-2100,SSP245,12393866,8501128.01140083,3,Top-3,176192,116705.771224685,0.0142160646242262,0.013728268891866
37,saliMat-Zone37,saliMat,Zone37,159,159,Needleleaf forests in temperate zone,#0B3D2E,TRUE,rf_var,Plain RF,2071-2100SSP245,2071-2100,SSP245,12393866,8501128.01140083,5,Top-5,320660,212818.607364225,0.0258724759489896,0.0250341610053177
37,saliMat-Zone37,saliMat,Zone37,159,159,Needleleaf forests in temperate zone,#0B3D2E,TRUE,rf_var,Plain RF,2011-2040SSP585,2011-2040,SSP585,12393866,8501128.01140083,1,Top-1,109661,75896.6468877497,0.0088480059410034,0.00892783249304856
37,saliMat-Zone37,saliMat,Zone37,159,159,Needleleaf forests in temperate zone,#0B3D2E,TRUE,rf_var,Plain RF,2011-2040SSP585,2011-2040,SSP585,12393866,8501128.01140083,3,Top-3,238469,162544.860269968,0.0192408890010591,0.0191203873241269
37,saliMat-Zone37,saliMat,Zone37,159,159,Needleleaf forests in temperate zone,#0B3D2E,TRUE,rf_var,Plain RF,2011-2040SSP585,2011-2040,SSP585,12393866,8501128.01140083,5,Top-5,433693,294055.411193611,0.0349925519607845,0.0345901638934567
37,saliMat-Zone37,saliMat,Zone37,159,159,Needleleaf forests in temperate zone,#0B3D2E,TRUE,rf_var,Plain RF,2041-2070SSP585,2041-2070,SSP585,12393866,8501128.01140083,1,Top-1,60125,40493.2319745783,0.00485119009677852,0.00476327752273263
37,saliMat-Zone37,saliMat,Zone37,159,159,Needleleaf forests in temperate zone,#0B3D2E,TRUE,rf_var,Plain RF,2041-2070SSP585,2041-2070,SSP585,12393866,8501128.01140083,3,Top-3,179486,119191.717963848,0.0144818412592165,0.0140206944071423
37,saliMat-Zone37,saliMat,Zone37,159,159,Needleleaf forests in temperate zone,#0B3D2E,TRUE,rf_var,Plain RF,2041-2070SSP585,2041-2070,SSP585,12393866,8501128.01140083,5,Top-5,324308,215493.35000084,0.0261668151003085,0.0253487948554407
37,saliMat-Zone37,saliMat,Zone37,159,159,Needleleaf forests in temperate zone,#0B3D2E,TRUE,rf_var,Plain RF,2071-2100SSP585,2071-2100,SSP585,12393866,8501128.01140083,1,Top-1,40220,26186.2740255718,0.00324515369135022,0.00308032933870111
37,saliMat-Zone37,saliMat,Zone37,159,159,Needleleaf forests in temperate zone,#0B3D2E,TRUE,rf_var,Plain RF,2071-2100SSP585,2071-2100,SSP585,12393866,8501128.01140083,3,Top-3,153480,99311.2598328426,0.0123835452150281,0.0116821273247099
37,saliMat-Zone37,saliMat,Zone37,159,159,Needleleaf forests in temperate zone,#0B3D2E,TRUE,rf_var,Plain RF,2071-2100SSP585,2071-2100,SSP585,12393866,8501128.01140083,5,Top-5,220214,143461.565465242,0.017767982968349,0.0168755917182809
37,saliMat-Zone37,saliMat,Zone37,159,159,Needleleaf forests in temperate zone,#0B3D2E,TRUE,mf_var,Plain MF RF,2011-2040SSP245,2011-2040,SSP245,12393866,8501128.01140083,1,Top-1,111651,77528.0966750771,0.00900856923900904,0.009119742294329
37,saliMat-Zone37,saliMat,Zone37,159,159,Needleleaf forests in temperate zone,#0B3D2E,TRUE,mf_var,Plain MF RF,2011-2040SSP245,2011-2040,SSP245,12393866,8501128.01140083,3,Top-3,245541,167530.71036206,0.0198114938470369,0.0197068800913697
37,saliMat-Zone37,saliMat,Zone37,159,159,Needleleaf forests in temperate zone,#0B3D2E,TRUE,mf_var,Plain MF RF,2011-2040SSP245,2011-2040,SSP245,12393866,8501128.01140083,5,Top-5,441550,299660.544494459,0.0356264945901465,0.0352495038414415
37,saliMat-Zone37,saliMat,Zone37,159,159,Needleleaf forests in temperate zone,#0B3D2E,TRUE,mf_var,Plain MF RF,2041-2070SSP245,2041-2070,SSP245,12393866,8501128.01140083,1,Top-1,60724,41265.418643276,0.00489952045632896,0.00485411095891453
37,saliMat-Zone37,saliMat,Zone37,159,159,Needleleaf forests in temperate zone,#0B3D2E,TRUE,mf_var,Plain MF RF,2041-2070SSP245,2041-2070,SSP245,12393866,8501128.01140083,3,Top-3,206510,137809.077757099,0.0166622747091182,0.0162106814027837
37,saliMat-Zone37,saliMat,Zone37,159,159,Needleleaf forests in temperate zone,#0B3D2E,TRUE,mf_var,Plain MF RF,2041-2070SSP245,2041-2070,SSP245,12393866,8501128.01140083,5,Top-5,387068,258691.80685051,0.0312306103680643,0.0304302918981551
37,saliMat-Zone37,saliMat,Zone37,159,159,Needleleaf forests in temperate zone,#0B3D2E,TRUE,mf_var,Plain MF RF,2071-2100SSP245,2071-2100,SSP245,12393866,8501128.01140083,1,Top-1,49602,33416.144544225,0.00400214105913361,0.00393078947869162
37,saliMat-Zone37,saliMat,Zone37,159,159,Needleleaf forests in temperate zone,#0B3D2E,TRUE,mf_var,Plain MF RF,2071-2100SSP245,2071-2100,SSP245,12393866,8501128.01140083,3,Top-3,187991,124242.948043685,0.0151680678167732,0.0146148779170321
37,saliMat-Zone37,saliMat,Zone37,159,159,Needleleaf forests in temperate zone,#0B3D2E,TRUE,mf_var,Plain MF RF,2071-2100SSP245,2071-2100,SSP245,12393866,8501128.01140083,5,Top-5,326178,216440.885907322,0.0263176961893892,0.025460254876418
37,saliMat-Zone37,saliMat,Zone37,159,159,Needleleaf forests in temperate zone,#0B3D2E,TRUE,mf_var,Plain MF RF,2011-2040SSP585,2011-2040,SSP585,12393866,8501128.01140083,1,Top-1,107528,74487.2798847637,0.00867590467736217,0.00876204661132841
37,saliMat-Zone37,saliMat,Zone37,159,159,Needleleaf forests in temperate zone,#0B3D2E,TRUE,mf_var,Plain MF RF,2011-2040SSP585,2011-2040,SSP585,12393866,8501128.01140083,3,Top-3,241202,164489.621446816,0.0194614013093251,0.0193491523979193
37,saliMat-Zone37,saliMat,Zone37,159,159,Needleleaf forests in temperate zone,#0B3D2E,TRUE,mf_var,Plain MF RF,2011-2040SSP585,2011-2040,SSP585,12393866,8501128.01140083,5,Top-5,432193,293148.167694652,0.0348715243492224,0.0344834435267311
37,saliMat-Zone37,saliMat,Zone37,159,159,Needleleaf forests in temperate zone,#0B3D2E,TRUE,mf_var,Plain MF RF,2041-2070SSP585,2041-2070,SSP585,12393866,8501128.01140083,1,Top-1,53468,36157.4440670754,0.00431406955666618,0.00425325251173548
37,saliMat-Zone37,saliMat,Zone37,159,159,Needleleaf forests in temperate zone,#0B3D2E,TRUE,mf_var,Plain MF RF,2041-2070SSP585,2041-2070,SSP585,12393866,8501128.01140083,3,Top-3,194914,129057.379612687,0.0157266505866692,0.0151812064751418
37,saliMat-Zone37,saliMat,Zone37,159,159,Needleleaf forests in temperate zone,#0B3D2E,TRUE,mf_var,Plain MF RF,2041-2070SSP585,2041-2070,SSP585,12393866,8501128.01140083,5,Top-5,331453,220214.588455433,0.0267433099567157,0.0259041609725326
37,saliMat-Zone37,saliMat,Zone37,159,159,Needleleaf forests in temperate zone,#0B3D2E,TRUE,mf_var,Plain MF RF,2071-2100SSP585,2071-2100,SSP585,12393866,8501128.01140083,1,Top-1,38055,24735.9211686181,0.00307047050532901,0.00290972223161972
37,saliMat-Zone37,saliMat,Zone37,159,159,Needleleaf forests in temperate zone,#0B3D2E,TRUE,mf_var,Plain MF RF,2071-2100SSP585,2071-2100,SSP585,12393866,8501128.01140083,3,Top-3,160492,103650.264427161,0.0129493089565435,0.0121925307192358
37,saliMat-Zone37,saliMat,Zone37,159,159,Needleleaf forests in temperate zone,#0B3D2E,TRUE,mf_var,Plain MF RF,2071-2100SSP585,2071-2100,SSP585,12393866,8501128.01140083,5,Top-5,225156,146570.981275215,0.0181667286059088,0.0172413568033147
21,phylPub-Zone21,phylPub,Zone21,274,274,One year two ripes or three ripes grain fields; evergreen orchards and subtropical economic tree plantations,#F3722C,TRUE,rf_var,Plain RF,2011-2040SSP245,2011-2040,SSP245,12393866,8501128.01140083,1,Top-1,879415,662329.284365043,0.0709556646812222,0.0779107529585245
21,phylPub-Zone21,phylPub,Zone21,274,274,One year two ripes or three ripes grain fields; evergreen orchards and subtropical economic tree plantations,#F3722C,TRUE,rf_var,Plain RF,2011-2040SSP245,2011-2040,SSP245,12393866,8501128.01140083,3,Top-3,1415339,1072429.06279155,0.114196732480406,0.126151383834394
21,phylPub-Zone21,phylPub,Zone21,274,274,One year two ripes or three ripes grain fields; evergreen orchards and subtropical economic tree plantations,#F3722C,TRUE,rf_var,Plain RF,2011-2040SSP245,2011-2040,SSP245,12393866,8501128.01140083,5,Top-5,1770822,1346573.32601556,0.142878904774346,0.158399370555257
21,phylPub-Zone21,phylPub,Zone21,274,274,One year two ripes or three ripes grain fields; evergreen orchards and subtropical economic tree plantations,#F3722C,TRUE,rf_var,Plain RF,2041-2070SSP245,2041-2070,SSP245,12393866,8501128.01140083,1,Top-1,1253138,940049.851563539,0.101109532731756,0.110579425495398
21,phylPub-Zone21,phylPub,Zone21,274,274,One year two ripes or three ripes grain fields; evergreen orchards and subtropical economic tree plantations,#F3722C,TRUE,rf_var,Plain RF,2041-2070SSP245,2041-2070,SSP245,12393866,8501128.01140083,3,Top-3,1706967,1289866.40460994,0.137726759350149,0.15172885326278
21,phylPub-Zone21,phylPub,Zone21,274,274,One year two ripes or three ripes grain fields; evergreen orchards and subtropical economic tree plantations,#F3722C,TRUE,rf_var,Plain RF,2041-2070SSP245,2041-2070,SSP245,12393866,8501128.01140083,5,Top-5,2024923,1535302.60476131,0.16338106285803,0.180599868947076
21,phylPub-Zone21,phylPub,Zone21,274,274,One year two ripes or three ripes grain fields; evergreen orchards and subtropical economic tree plantations,#F3722C,TRUE,rf_var,Plain RF,2071-2100SSP245,2071-2100,SSP245,12393866,8501128.01140083,1,Top-1,1464124,1096111.63403611,0.118132953833776,0.128937198988901
21,phylPub-Zone21,phylPub,Zone21,274,274,One year two ripes or three ripes grain fields; evergreen orchards and subtropical economic tree plantations,#F3722C,TRUE,rf_var,Plain RF,2071-2100SSP245,2071-2100,SSP245,12393866,8501128.01140083,3,Top-3,1899296,1432625.59530247,0.15324483901956,0.16852182361931
21,phylPub-Zone21,phylPub,Zone21,274,274,One year two ripes or three ripes grain fields; evergreen orchards and subtropical economic tree plantations,#F3722C,TRUE,rf_var,Plain RF,2071-2100SSP245,2071-2100,SSP245,12393866,8501128.01140083,5,Top-5,2177526,1647715.32050114,0.175693847262831,0.19382313950471
21,phylPub-Zone21,phylPub,Zone21,274,274,One year two ripes or three ripes grain fields; evergreen orchards and subtropical economic tree plantations,#F3722C,TRUE,rf_var,Plain RF,2011-2040SSP585,2011-2040,SSP585,12393866,8501128.01140083,1,Top-1,915021,688895.536746079,0.0738285374394075,0.0810357797014942
21,phylPub-Zone21,phylPub,Zone21,274,274,One year two ripes or three ripes grain fields; evergreen orchards and subtropical economic tree plantations,#F3722C,TRUE,rf_var,Plain RF,2011-2040SSP585,2011-2040,SSP585,12393866,8501128.01140083,3,Top-3,1446700,1095926.72141995,0.116727097097871,0.128915447450056
21,phylPub-Zone21,phylPub,Zone21,274,274,One year two ripes or three ripes grain fields; evergreen orchards and subtropical economic tree plantations,#F3722C,TRUE,rf_var,Plain RF,2011-2040SSP585,2011-2040,SSP585,12393866,8501128.01140083,5,Top-5,1797822,1366659.32718374,0.145057401782462,0.160762115962837
21,phylPub-Zone21,phylPub,Zone21,274,274,One year two ripes or three ripes grain fields; evergreen orchards and subtropical economic tree plantations,#F3722C,TRUE,rf_var,Plain RF,2041-2070SSP585,2041-2070,SSP585,12393866,8501128.01140083,1,Top-1,1445539,1083057.71877469,0.116633421726522,0.127401648030968
21,phylPub-Zone21,phylPub,Zone21,274,274,One year two ripes or three ripes grain fields; evergreen orchards and subtropical economic tree plantations,#F3722C,TRUE,rf_var,Plain RF,2041-2070SSP585,2041-2070,SSP585,12393866,8501128.01140083,3,Top-3,1892355,1428675.97397715,0.152684803918325,0.168057223942653
21,phylPub-Zone21,phylPub,Zone21,274,274,One year two ripes or three ripes grain fields; evergreen orchards and subtropical economic tree plantations,#F3722C,TRUE,rf_var,Plain RF,2041-2070SSP585,2041-2070,SSP585,12393866,8501128.01140083,5,Top-5,2181361,1651914.71143534,0.176003274523058,0.194317119942196
21,phylPub-Zone21,phylPub,Zone21,274,274,One year two ripes or three ripes grain fields; evergreen orchards and subtropical economic tree plantations,#F3722C,TRUE,rf_var,Plain RF,2071-2100SSP585,2071-2100,SSP585,12393866,8501128.01140083,1,Top-1,1782405,1332707.37714144,0.143813479990828,0.15676829890741
21,phylPub-Zone21,phylPub,Zone21,274,274,One year two ripes or three ripes grain fields; evergreen orchards and subtropical economic tree plantations,#F3722C,TRUE,rf_var,Plain RF,2071-2100SSP585,2071-2100,SSP585,12393866,8501128.01140083,3,Top-3,2130135,1601715.20115018,0.17187010090314,0.188412078844375
21,phylPub-Zone21,phylPub,Zone21,274,274,One year two ripes or three ripes grain fields; evergreen orchards and subtropical economic tree plantations,#F3722C,TRUE,rf_var,Plain RF,2071-2100SSP585,2071-2100,SSP585,12393866,8501128.01140083,5,Top-5,2315767,1745404.37957947,0.186847832629464,0.205314445005264
21,phylPub-Zone21,phylPub,Zone21,274,274,One year two ripes or three ripes grain fields; evergreen orchards and subtropical economic tree plantations,#F3722C,TRUE,mf_var,Plain MF RF,2011-2040SSP245,2011-2040,SSP245,12393866,8501128.01140083,1,Top-1,890497,670730.13356508,0.0718498166754425,0.078898957016712
21,phylPub-Zone21,phylPub,Zone21,274,274,One year two ripes or three ripes grain fields; evergreen orchards and subtropical economic tree plantations,#F3722C,TRUE,mf_var,Plain MF RF,2011-2040SSP245,2011-2040,SSP245,12393866,8501128.01140083,3,Top-3,1405635,1065397.36725346,0.113413764518674,0.125324235304381
21,phylPub-Zone21,phylPub,Zone21,274,274,One year two ripes or three ripes grain fields; evergreen orchards and subtropical economic tree plantations,#F3722C,TRUE,mf_var,Plain MF RF,2011-2040SSP245,2011-2040,SSP245,12393866,8501128.01140083,5,Top-5,1760039,1338672.13296649,0.142008877617363,0.157469941773751
21,phylPub-Zone21,phylPub,Zone21,274,274,One year two ripes or three ripes grain fields; evergreen orchards and subtropical economic tree plantations,#F3722C,TRUE,mf_var,Plain MF RF,2041-2070SSP245,2041-2070,SSP245,12393866,8501128.01140083,1,Top-1,1237877,928888.390099548,0.099878197811724,0.10926648661846
21,phylPub-Zone21,phylPub,Zone21,274,274,One year two ripes or three ripes grain fields; evergreen orchards and subtropical economic tree plantations,#F3722C,TRUE,mf_var,Plain MF RF,2041-2070SSP245,2041-2070,SSP245,12393866,8501128.01140083,3,Top-3,1686504,1274414.49390713,0.13607570067322,0.149911222628105
21,phylPub-Zone21,phylPub,Zone21,274,274,One year two ripes or three ripes grain fields; evergreen orchards and subtropical economic tree plantations,#F3722C,TRUE,mf_var,Plain MF RF,2041-2070SSP245,2041-2070,SSP245,12393866,8501128.01140083,5,Top-5,2011356,1525393.64966965,0.162286408453988,0.179434264208696
21,phylPub-Zone21,phylPub,Zone21,274,274,One year two ripes or three ripes grain fields; evergreen orchards and subtropical economic tree plantations,#F3722C,TRUE,mf_var,Plain MF RF,2071-2100SSP245,2071-2100,SSP245,12393866,8501128.01140083,1,Top-1,1462484,1095010.65936885,0.118000630311801,0.128807689744271
21,phylPub-Zone21,phylPub,Zone21,274,274,One year two ripes or three ripes grain fields; evergreen orchards and subtropical economic tree plantations,#F3722C,TRUE,mf_var,Plain MF RF,2071-2100SSP245,2071-2100,SSP245,12393866,8501128.01140083,3,Top-3,1876227,1414876.44692055,0.15138351503881,0.166433965589398
21,phylPub-Zone21,phylPub,Zone21,274,274,One year two ripes or three ripes grain fields; evergreen orchards and subtropical economic tree plantations,#F3722C,TRUE,mf_var,Plain MF RF,2071-2100SSP245,2071-2100,SSP245,12393866,8501128.01140083,5,Top-5,2170123,1642524.2754681,0.175096535657236,0.193212509359384
21,phylPub-Zone21,phylPub,Zone21,274,274,One year two ripes or three ripes grain fields; evergreen orchards and subtropical economic tree plantations,#F3722C,TRUE,mf_var,Plain MF RF,2011-2040SSP585,2011-2040,SSP585,12393866,8501128.01140083,1,Top-1,919367,692111.759853764,0.07417919477264,0.0814141086836447
21,phylPub-Zone21,phylPub,Zone21,274,274,One year two ripes or three ripes grain fields; evergreen orchards and subtropical economic tree plantations,#F3722C,TRUE,mf_var,Plain MF RF,2011-2040SSP585,2011-2040,SSP585,12393866,8501128.01140083,3,Top-3,1436538,1088517.40972622,0.115907175372075,0.128043879384761
21,phylPub-Zone21,phylPub,Zone21,274,274,One year two ripes or three ripes grain fields; evergreen orchards and subtropical economic tree plantations,#F3722C,TRUE,mf_var,Plain MF RF,2011-2040SSP585,2011-2040,SSP585,12393866,8501128.01140083,5,Top-5,1785387,1357513.40025219,0.144054082882613,0.15968626733201
21,phylPub-Zone21,phylPub,Zone21,274,274,One year two ripes or three ripes grain fields; evergreen orchards and subtropical economic tree plantations,#F3722C,TRUE,mf_var,Plain MF RF,2041-2070SSP585,2041-2070,SSP585,12393866,8501128.01140083,1,Top-1,1441420,1080251.13052305,0.116301079905172,0.1270715049902
21,phylPub-Zone21,phylPub,Zone21,274,274,One year two ripes or three ripes grain fields; evergreen orchards and subtropical economic tree plantations,#F3722C,TRUE,mf_var,Plain MF RF,2041-2070SSP585,2041-2070,SSP585,12393866,8501128.01140083,3,Top-3,1865631,1408192.93067365,0.150528575990736,0.165647773893668
21,phylPub-Zone21,phylPub,Zone21,274,274,One year two ripes or three ripes grain fields; evergreen orchards and subtropical economic tree plantations,#F3722C,TRUE,mf_var,Plain MF RF,2041-2070SSP585,2041-2070,SSP585,12393866,8501128.01140083,5,Top-5,2169967,1643676.99994459,0.175083948785633,0.193348106009021
21,phylPub-Zone21,phylPub,Zone21,274,274,One year two ripes or three ripes grain fields; evergreen orchards and subtropical economic tree plantations,#F3722C,TRUE,mf_var,Plain MF RF,2071-2100SSP585,2071-2100,SSP585,12393866,8501128.01140083,1,Top-1,1749913,1307904.83942878,0.141191860554245,0.153850740475235
21,phylPub-Zone21,phylPub,Zone21,274,274,One year two ripes or three ripes grain fields; evergreen orchards and subtropical economic tree plantations,#F3722C,TRUE,mf_var,Plain MF RF,2071-2100SSP585,2071-2100,SSP585,12393866,8501128.01140083,3,Top-3,2108597,1585282.68415228,0.170132305771258,0.186479098071017
21,phylPub-Zone21,phylPub,Zone21,274,274,One year two ripes or three ripes grain fields; evergreen orchards and subtropical economic tree plantations,#F3722C,TRUE,mf_var,Plain MF RF,2071-2100SSP585,2071-2100,SSP585,12393866,8501128.01140083,5,Top-5,2301543,1734751.72205213,0.185700168131558,0.204061357472286
26,phylPub-Zone26,phylPub,Zone26,18383,18383,Bamboo forests and scrubs in subtropical and tropical zones,#00A878,TRUE,rf_var,Plain RF,2011-2040SSP245,2011-2040,SSP245,12393866,8501128.01140083,1,Top-1,37300,28104.4961312256,0.00300955327417611,0.00330597258311306
26,phylPub-Zone26,phylPub,Zone26,18383,18383,Bamboo forests and scrubs in subtropical and tropical zones,#00A878,TRUE,rf_var,Plain RF,2011-2040SSP245,2011-2040,SSP245,12393866,8501128.01140083,3,Top-3,199642,151675.47403647,0.0161081296183128,0.0178418056795591
26,phylPub-Zone26,phylPub,Zone26,18383,18383,Bamboo forests and scrubs in subtropical and tropical zones,#00A878,TRUE,rf_var,Plain RF,2011-2040SSP245,2011-2040,SSP245,12393866,8501128.01140083,5,Top-5,365938,278119.65747155,0.029525734746527,0.0327156181036875
26,phylPub-Zone26,phylPub,Zone26,18383,18383,Bamboo forests and scrubs in subtropical and tropical zones,#00A878,TRUE,rf_var,Plain RF,2041-2070SSP245,2041-2070,SSP245,12393866,8501128.01140083,1,Top-1,17691,13314.5371423852,0.00142739965076272,0.00156620828724484
26,phylPub-Zone26,phylPub,Zone26,18383,18383,Bamboo forests and scrubs in subtropical and tropical zones,#00A878,TRUE,rf_var,Plain RF,2041-2070SSP245,2041-2070,SSP245,12393866,8501128.01140083,3,Top-3,102229,77772.6180294878,0.00824835446825067,0.00914850569538386
26,phylPub-Zone26,phylPub,Zone26,18383,18383,Bamboo forests and scrubs in subtropical and tropical zones,#00A878,TRUE,rf_var,Plain RF,2041-2070SSP245,2041-2070,SSP245,12393866,8501128.01140083,5,Top-5,220398,167834.987483477,0.017782829022034,0.0197426726498406
26,phylPub-Zone26,phylPub,Zone26,18383,18383,Bamboo forests and scrubs in subtropical and tropical zones,#00A878,TRUE,rf_var,Plain RF,2071-2100SSP245,2071-2100,SSP245,12393866,8501128.01140083,1,Top-1,7761,5866.07046661917,0.000626196862222006,0.000690034364704567
26,phylPub-Zone26,phylPub,Zone26,18383,18383,Bamboo forests and scrubs in subtropical and tropical zones,#00A878,TRUE,rf_var,Plain RF,2071-2100SSP245,2071-2100,SSP245,12393866,8501128.01140083,3,Top-3,51186,39192.5112916524,0.00412994621694312,0.0046102718649915
26,phylPub-Zone26,phylPub,Zone26,18383,18383,Bamboo forests and scrubs in subtropical and tropical zones,#00A878,TRUE,rf_var,Plain RF,2071-2100SSP245,2071-2100,SSP245,12393866,8501128.01140083,5,Top-5,128827,98550.8146225573,0.0103944160764688,0.011592675053286
26,phylPub-Zone26,phylPub,Zone26,18383,18383,Bamboo forests and scrubs in subtropical and tropical zones,#00A878,TRUE,rf_var,Plain RF,2011-2040SSP585,2011-2040,SSP585,12393866,8501128.01140083,1,Top-1,33400,25171.0867205506,0.0026948814841148,0.00296091138573537
26,phylPub-Zone26,phylPub,Zone26,18383,18383,Bamboo forests and scrubs in subtropical and tropical zones,#00A878,TRUE,rf_var,Plain RF,2011-2040SSP585,2011-2040,SSP585,12393866,8501128.01140083,3,Top-3,173996,132169.578205062,0.0140388802008994,0.0155472989028997
26,phylPub-Zone26,phylPub,Zone26,18383,18383,Bamboo forests and scrubs in subtropical and tropical zones,#00A878,TRUE,rf_var,Plain RF,2011-2040SSP585,2011-2040,SSP585,12393866,8501128.01140083,5,Top-5,326924,248467.931236627,0.0263778872548727,0.0292276426026532
26,phylPub-Zone26,phylPub,Zone26,18383,18383,Bamboo forests and scrubs in subtropical and tropical zones,#00A878,TRUE,rf_var,Plain RF,2041-2070SSP585,2041-2070,SSP585,12393866,8501128.01140083,1,Top-1,10443,7861.91765705297,0.000842594231694937,0.000924808760262095
26,phylPub-Zone26,phylPub,Zone26,18383,18383,Bamboo forests and scrubs in subtropical and tropical zones,#00A878,TRUE,rf_var,Plain RF,2041-2070SSP585,2041-2070,SSP585,12393866,8501128.01140083,3,Top-3,68475,52204.7987466075,0.00552491046780722,0.00614092608376158
26,phylPub-Zone26,phylPub,Zone26,18383,18383,Bamboo forests and scrubs in subtropical and tropical zones,#00A878,TRUE,rf_var,Plain RF,2041-2070SSP585,2041-2070,SSP585,12393866,8501128.01140083,5,Top-5,150728,115013.731304318,0.012161499890349,0.0135292317854847
26,phylPub-Zone26,phylPub,Zone26,18383,18383,Bamboo forests and scrubs in subtropical and tropical zones,#00A878,TRUE,rf_var,Plain RF,2071-2100SSP585,2071-2100,SSP585,12393866,8501128.01140083,1,Top-1,2204,1687.04022376968,0.000177829903921827,0.000198448984829683
26,phylPub-Zone26,phylPub,Zone26,18383,18383,Bamboo forests and scrubs in subtropical and tropical zones,#00A878,TRUE,rf_var,Plain RF,2071-2100SSP585,2071-2100,SSP585,12393866,8501128.01140083,3,Top-3,26034,20058.5513603892,0.0021005552262708,0.00235951644693372
26,phylPub-Zone26,phylPub,Zone26,18383,18383,Bamboo forests and scrubs in subtropical and tropical zones,#00A878,TRUE,rf_var,Plain RF,2071-2100SSP585,2071-2100,SSP585,12393866,8501128.01140083,5,Top-5,51856,40055.9140636029,0.00418400521677417,0.00471183518350554
26,phylPub-Zone26,phylPub,Zone26,18383,18383,Bamboo forests and scrubs in subtropical and tropical zones,#00A878,TRUE,mf_var,Plain MF RF,2011-2040SSP245,2011-2040,SSP245,12393866,8501128.01140083,1,Top-1,36871,27758.6292678647,0.00297493937726937,0.00326528776306364
26,phylPub-Zone26,phylPub,Zone26,18383,18383,Bamboo forests and scrubs in subtropical and tropical zones,#00A878,TRUE,mf_var,Plain MF RF,2011-2040SSP245,2011-2040,SSP245,12393866,8501128.01140083,3,Top-3,194686,147850.582307625,0.0157082543897118,0.0173918781259784
26,phylPub-Zone26,phylPub,Zone26,18383,18383,Bamboo forests and scrubs in subtropical and tropical zones,#00A878,TRUE,mf_var,Plain MF RF,2011-2040SSP245,2011-2040,SSP245,12393866,8501128.01140083,5,Top-5,355442,270028.63422652,0.0286788642058902,0.0317638593213025
26,phylPub-Zone26,phylPub,Zone26,18383,18383,Bamboo forests and scrubs in subtropical and tropical zones,#00A878,TRUE,mf_var,Plain MF RF,2041-2070SSP245,2041-2070,SSP245,12393866,8501128.01140083,1,Top-1,18376,13817.9201640729,0.00148266892670939,0.00162542196112584
26,phylPub-Zone26,phylPub,Zone26,18383,18383,Bamboo forests and scrubs in subtropical and tropical zones,#00A878,TRUE,mf_var,Plain MF RF,2041-2070SSP245,2041-2070,SSP245,12393866,8501128.01140083,3,Top-3,95790,72836.4386871411,0.00772882327435201,0.00856785577037076
26,phylPub-Zone26,phylPub,Zone26,18383,18383,Bamboo forests and scrubs in subtropical and tropical zones,#00A878,TRUE,mf_var,Plain MF RF,2041-2070SSP245,2041-2070,SSP245,12393866,8501128.01140083,5,Top-5,203070,154612.500798746,0.0163847180532693,0.0181872923912446
26,phylPub-Zone26,phylPub,Zone26,18383,18383,Bamboo forests and scrubs in subtropical and tropical zones,#00A878,TRUE,mf_var,Plain MF RF,2071-2100SSP245,2071-2100,SSP245,12393866,8501128.01140083,1,Top-1,7561,5691.49655534795,0.000610059847347067,0.000669498982689721
26,phylPub-Zone26,phylPub,Zone26,18383,18383,Bamboo forests and scrubs in subtropical and tropical zones,#00A878,TRUE,mf_var,Plain MF RF,2071-2100SSP245,2071-2100,SSP245,12393866,8501128.01140083,3,Top-3,48204,36887.120620591,0.00388934332515778,0.00433908542150192
26,phylPub-Zone26,phylPub,Zone26,18383,18383,Bamboo forests and scrubs in subtropical and tropical zones,#00A878,TRUE,mf_var,Plain MF RF,2071-2100SSP245,2071-2100,SSP245,12393866,8501128.01140083,5,Top-5,119477,91414.2451884663,0.0096400106310654,0.0107531900549987
26,phylPub-Zone26,phylPub,Zone26,18383,18383,Bamboo forests and scrubs in subtropical and tropical zones,#00A878,TRUE,mf_var,Plain MF RF,2011-2040SSP585,2011-2040,SSP585,12393866,8501128.01140083,1,Top-1,32832,24727.6292836183,0.00264905236186998,0.00290874684517822
26,phylPub-Zone26,phylPub,Zone26,18383,18383,Bamboo forests and scrubs in subtropical and tropical zones,#00A878,TRUE,mf_var,Plain MF RF,2011-2040SSP585,2011-2040,SSP585,12393866,8501128.01140083,3,Top-3,165933,126012.626949885,0.0133883164462162,0.0148230478097601
26,phylPub-Zone26,phylPub,Zone26,18383,18383,Bamboo forests and scrubs in subtropical and tropical zones,#00A878,TRUE,mf_var,Plain MF RF,2011-2040SSP585,2011-2040,SSP585,12393866,8501128.01140083,5,Top-5,313539,238215.417424342,0.0252979175343674,0.0280216245543971
26,phylPub-Zone26,phylPub,Zone26,18383,18383,Bamboo forests and scrubs in subtropical and tropical zones,#00A878,TRUE,mf_var,Plain MF RF,2041-2070SSP585,2041-2070,SSP585,12393866,8501128.01140083,1,Top-1,10203,7663.22017023754,0.00082322981384501,0.000901435687118277
26,phylPub-Zone26,phylPub,Zone26,18383,18383,Bamboo forests and scrubs in subtropical and tropical zones,#00A878,TRUE,mf_var,Plain MF RF,2041-2070SSP585,2041-2070,SSP585,12393866,8501128.01140083,3,Top-3,61305,46733.9635053517,0.00494639848454066,0.00549738381102802
26,phylPub-Zone26,phylPub,Zone26,18383,18383,Bamboo forests and scrubs in subtropical and tropical zones,#00A878,TRUE,mf_var,Plain MF RF,2041-2070SSP585,2041-2070,SSP585,12393866,8501128.01140083,5,Top-5,137339,104798.687473859,0.0110812074295462,0.0123276213854578
26,phylPub-Zone26,phylPub,Zone26,18383,18383,Bamboo forests and scrubs in subtropical and tropical zones,#00A878,TRUE,mf_var,Plain MF RF,2071-2100SSP585,2071-2100,SSP585,12393866,8501128.01140083,1,Top-1,2215,1687.54681673551,0.000178717439739949,0.000198508576093942
26,phylPub-Zone26,phylPub,Zone26,18383,18383,Bamboo forests and scrubs in subtropical and tropical zones,#00A878,TRUE,mf_var,Plain MF RF,2071-2100SSP585,2071-2100,SSP585,12393866,8501128.01140083,3,Top-3,23279,17952.0917664416,0.00187826784636852,0.00211173055415307
26,phylPub-Zone26,phylPub,Zone26,18383,18383,Bamboo forests and scrubs in subtropical and tropical zones,#00A878,TRUE,mf_var,Plain MF RF,2071-2100SSP585,2071-2100,SSP585,12393866,8501128.01140083,5,Top-5,45883,35434.1292471897,0.00370207326753412,0.00416816794190949
28,phylPub-Zone28,phylPub,Zone28,17,17,Broadleaf deciduous forests in subtropical zone,#52B788,TRUE,rf_var,Plain RF,2011-2040SSP245,2011-2040,SSP245,12393866,8501128.01140083,1,Top-1,82059,60364.6992315857,0.00662093651811307,0.00710078699563527
28,phylPub-Zone28,phylPub,Zone28,17,17,Broadleaf deciduous forests in subtropical zone,#52B788,TRUE,rf_var,Plain RF,2011-2040SSP245,2011-2040,SSP245,12393866,8501128.01140083,3,Top-3,298740,220629.208744042,0.0241038591186963,0.0259529333575681
28,phylPub-Zone28,phylPub,Zone28,17,17,Broadleaf deciduous forests in subtropical zone,#52B788,TRUE,rf_var,Plain RF,2011-2040SSP245,2011-2040,SSP245,12393866,8501128.01140083,5,Top-5,523156,387703.169076858,0.0422108807695678,0.0456060852814957
28,phylPub-Zone28,phylPub,Zone28,17,17,Broadleaf deciduous forests in subtropical zone,#52B788,TRUE,rf_var,Plain RF,2041-2070SSP245,2041-2070,SSP245,12393866,8501128.01140083,1,Top-1,67414,49002.2224662336,0.00543930360389567,0.00576420239767204
28,phylPub-Zone28,phylPub,Zone28,17,17,Broadleaf deciduous forests in subtropical zone,#52B788,TRUE,rf_var,Plain RF,2041-2070SSP245,2041-2070,SSP245,12393866,8501128.01140083,3,Top-3,254015,186328.744343816,0.0204952191672881,0.0219181200534718
28,phylPub-Zone28,phylPub,Zone28,17,17,Broadleaf deciduous forests in subtropical zone,#52B788,TRUE,rf_var,Plain RF,2041-2070SSP245,2041-2070,SSP245,12393866,8501128.01140083,5,Top-5,424688,313066.626362312,0.0342659828660403,0.0368264806673254
28,phylPub-Zone28,phylPub,Zone28,17,17,Broadleaf deciduous forests in subtropical zone,#52B788,TRUE,rf_var,Plain RF,2071-2100SSP245,2071-2100,SSP245,12393866,8501128.01140083,1,Top-1,62766,45251.6708432316,0.00506427937820209,0.0053230195784071
28,phylPub-Zone28,phylPub,Zone28,17,17,Broadleaf deciduous forests in subtropical zone,#52B788,TRUE,rf_var,Plain RF,2071-2100SSP245,2071-2100,SSP245,12393866,8501128.01140083,3,Top-3,217672,158750.24432686,0.0175628815092885,0.0186740211550703
28,phylPub-Zone28,phylPub,Zone28,17,17,Broadleaf deciduous forests in subtropical zone,#52B788,TRUE,rf_var,Plain RF,2071-2100SSP245,2071-2100,SSP245,12393866,8501128.01140083,5,Top-5,361741,265425.563647641,0.0291870994893764,0.0312223934625711
28,phylPub-Zone28,phylPub,Zone28,17,17,Broadleaf deciduous forests in subtropical zone,#52B788,TRUE,rf_var,Plain RF,2011-2040SSP585,2011-2040,SSP585,12393866,8501128.01140083,1,Top-1,84923,62317.6902774835,0.0068520185711222,0.00733052016084329
28,phylPub-Zone28,phylPub,Zone28,17,17,Broadleaf deciduous forests in subtropical zone,#52B788,TRUE,rf_var,Plain RF,2011-2040SSP585,2011-2040,SSP585,12393866,8501128.01140083,3,Top-3,300085,221307.667014267,0.0242123805437303,0.0260327413864927
28,phylPub-Zone28,phylPub,Zone28,17,17,Broadleaf deciduous forests in subtropical zone,#52B788,TRUE,rf_var,Plain RF,2011-2040SSP585,2011-2040,SSP585,12393866,8501128.01140083,5,Top-5,522058,386512.148956142,0.0421222885579044,0.0454659838597645
28,phylPub-Zone28,phylPub,Zone28,17,17,Broadleaf deciduous forests in subtropical zone,#52B788,TRUE,rf_var,Plain RF,2041-2070SSP585,2041-2070,SSP585,12393866,8501128.01140083,1,Top-1,63031,45538.8205571088,0.00508566092291138,0.00535679741512383
28,phylPub-Zone28,phylPub,Zone28,17,17,Broadleaf deciduous forests in subtropical zone,#52B788,TRUE,rf_var,Plain RF,2041-2070SSP585,2041-2070,SSP585,12393866,8501128.01140083,3,Top-3,220259,160836.774285831,0.0177716137966959,0.0189194626960249
28,phylPub-Zone28,phylPub,Zone28,17,17,Broadleaf deciduous forests in subtropical zone,#52B788,TRUE,rf_var,Plain RF,2041-2070SSP585,2041-2070,SSP585,12393866,8501128.01140083,5,Top-5,367005,269670.280445256,0.0296118257208848,0.0317217056470156
28,phylPub-Zone28,phylPub,Zone28,17,17,Broadleaf deciduous forests in subtropical zone,#52B788,TRUE,rf_var,Plain RF,2071-2100SSP585,2071-2100,SSP585,12393866,8501128.01140083,1,Top-1,46629,33411.5396720174,0.00376226433301764,0.00393024780090469
28,phylPub-Zone28,phylPub,Zone28,17,17,Broadleaf deciduous forests in subtropical zone,#52B788,TRUE,rf_var,Plain RF,2071-2100SSP585,2071-2100,SSP585,12393866,8501128.01140083,3,Top-3,145617,105245.685708274,0.0117491184752199,0.0123802024351509
28,phylPub-Zone28,phylPub,Zone28,17,17,Broadleaf deciduous forests in subtropical zone,#52B788,TRUE,rf_var,Plain RF,2071-2100SSP585,2071-2100,SSP585,12393866,8501128.01140083,5,Top-5,236457,172219.956049944,0.0190785506314172,0.0202584828529791
28,phylPub-Zone28,phylPub,Zone28,17,17,Broadleaf deciduous forests in subtropical zone,#52B788,TRUE,mf_var,Plain MF RF,2011-2040SSP245,2011-2040,SSP245,12393866,8501128.01140083,1,Top-1,83992,61804.6799389898,0.00677690076687936,0.00727017401174336
28,phylPub-Zone28,phylPub,Zone28,17,17,Broadleaf deciduous forests in subtropical zone,#52B788,TRUE,mf_var,Plain MF RF,2011-2040SSP245,2011-2040,SSP245,12393866,8501128.01140083,3,Top-3,306936,226754.221904635,0.0247651539882713,0.0266734275263866
28,phylPub-Zone28,phylPub,Zone28,17,17,Broadleaf deciduous forests in subtropical zone,#52B788,TRUE,mf_var,Plain MF RF,2011-2040SSP245,2011-2040,SSP245,12393866,8501128.01140083,5,Top-5,527665,391044.81555889,0.0425746897699233,0.0459991679968189
28,phylPub-Zone28,phylPub,Zone28,17,17,Broadleaf deciduous forests in subtropical zone,#52B788,TRUE,mf_var,Plain MF RF,2041-2070SSP245,2041-2070,SSP245,12393866,8501128.01140083,1,Top-1,70900,51602.9379170373,0.00572057177316586,0.00607012832271586
28,phylPub-Zone28,phylPub,Zone28,17,17,Broadleaf deciduous forests in subtropical zone,#52B788,TRUE,mf_var,Plain MF RF,2041-2070SSP245,2041-2070,SSP245,12393866,8501128.01140083,3,Top-3,261701,192009.289489606,0.021115364648932,0.0225863308059946
28,phylPub-Zone28,phylPub,Zone28,17,17,Broadleaf deciduous forests in subtropical zone,#52B788,TRUE,mf_var,Plain MF RF,2041-2070SSP245,2041-2070,SSP245,12393866,8501128.01140083,5,Top-5,435562,321155.453904499,0.0351433523647908,0.037777981166005
28,phylPub-Zone28,phylPub,Zone28,17,17,Broadleaf deciduous forests in subtropical zone,#52B788,TRUE,mf_var,Plain MF RF,2071-2100SSP245,2071-2100,SSP245,12393866,8501128.01140083,1,Top-1,65764,47438.6074319107,0.00530617323117742,0.00558027209663128
28,phylPub-Zone28,phylPub,Zone28,17,17,Broadleaf deciduous forests in subtropical zone,#52B788,TRUE,mf_var,Plain MF RF,2071-2100SSP245,2071-2100,SSP245,12393866,8501128.01140083,3,Top-3,222395,162220.202469097,0.0179439571155602,0.0190821973568148
28,phylPub-Zone28,phylPub,Zone28,17,17,Broadleaf deciduous forests in subtropical zone,#52B788,TRUE,mf_var,Plain MF RF,2071-2100SSP245,2071-2100,SSP245,12393866,8501128.01140083,5,Top-5,371849,272959.877626078,0.0300026642211559,0.0321086657276555
28,phylPub-Zone28,phylPub,Zone28,17,17,Broadleaf deciduous forests in subtropical zone,#52B788,TRUE,mf_var,Plain MF RF,2011-2040SSP585,2011-2040,SSP585,12393866,8501128.01140083,1,Top-1,88394,64889.8665803372,0.00713207646427676,0.00763308898458107
28,phylPub-Zone28,phylPub,Zone28,17,17,Broadleaf deciduous forests in subtropical zone,#52B788,TRUE,mf_var,Plain MF RF,2011-2040SSP585,2011-2040,SSP585,12393866,8501128.01140083,3,Top-3,308745,227771.090238826,0.0249111132878151,0.0267930432212482
28,phylPub-Zone28,phylPub,Zone28,17,17,Broadleaf deciduous forests in subtropical zone,#52B788,TRUE,mf_var,Plain MF RF,2011-2040SSP585,2011-2040,SSP585,12393866,8501128.01140083,5,Top-5,530053,392487.850346924,0.0427673657275301,0.0461689142688547
28,phylPub-Zone28,phylPub,Zone28,17,17,Broadleaf deciduous forests in subtropical zone,#52B788,TRUE,mf_var,Plain MF RF,2041-2070SSP585,2041-2070,SSP585,12393866,8501128.01140083,1,Top-1,66028,47754.2953775889,0.00532747409081234,0.00561740692688615
28,phylPub-Zone28,phylPub,Zone28,17,17,Broadleaf deciduous forests in subtropical zone,#52B788,TRUE,mf_var,Plain MF RF,2041-2070SSP585,2041-2070,SSP585,12393866,8501128.01140083,3,Top-3,227843,166498.423836818,0.0183835294007536,0.0195854507323649
28,phylPub-Zone28,phylPub,Zone28,17,17,Broadleaf deciduous forests in subtropical zone,#52B788,TRUE,mf_var,Plain MF RF,2041-2070SSP585,2041-2070,SSP585,12393866,8501128.01140083,5,Top-5,376244,276580.245825477,0.0303572751230326,0.0325345348822599
28,phylPub-Zone28,phylPub,Zone28,17,17,Broadleaf deciduous forests in subtropical zone,#52B788,TRUE,mf_var,Plain MF RF,2071-2100SSP585,2071-2100,SSP585,12393866,8501128.01140083,1,Top-1,50178,35959.7140133711,0.00404861566197343,0.00422999323914964
28,phylPub-Zone28,phylPub,Zone28,17,17,Broadleaf deciduous forests in subtropical zone,#52B788,TRUE,mf_var,Plain MF RF,2071-2100SSP585,2071-2100,SSP585,12393866,8501128.01140083,3,Top-3,156680,113424.174263926,0.0126417374530272,0.0133422498886987
28,phylPub-Zone28,phylPub,Zone28,17,17,Broadleaf deciduous forests in subtropical zone,#52B788,TRUE,mf_var,Plain MF RF,2071-2100SSP585,2071-2100,SSP585,12393866,8501128.01140083,5,Top-5,255500,186386.547635423,0.0206150365027345,0.021924919538379
30,phylPub-Zone30,phylPub,Zone30,759,759,Needleleaf forests in subtropical zone,#1B9AAA,TRUE,rf_var,Plain RF,2011-2040SSP245,2011-2040,SSP245,12393866,8501128.01140083,1,Top-1,329585,251602.215291725,0.0265925902377838,0.0295963329753771
30,phylPub-Zone30,phylPub,Zone30,759,759,Needleleaf forests in subtropical zone,#1B9AAA,TRUE,rf_var,Plain RF,2011-2040SSP245,2011-2040,SSP245,12393866,8501128.01140083,3,Top-3,1096082,832162.420398588,0.0884374576907641,0.0978884707161894
30,phylPub-Zone30,phylPub,Zone30,759,759,Needleleaf forests in subtropical zone,#1B9AAA,TRUE,rf_var,Plain RF,2011-2040SSP245,2011-2040,SSP245,12393866,8501128.01140083,5,Top-5,1547685,1176946.56512753,0.124875079333599,0.138445929004848
30,phylPub-Zone30,phylPub,Zone30,759,759,Needleleaf forests in subtropical zone,#1B9AAA,TRUE,rf_var,Plain RF,2041-2070SSP245,2041-2070,SSP245,12393866,8501128.01140083,1,Top-1,215651,164845.396169835,0.0173998169739773,0.0193910026938498
30,phylPub-Zone30,phylPub,Zone30,759,759,Needleleaf forests in subtropical zone,#1B9AAA,TRUE,rf_var,Plain RF,2041-2070SSP245,2041-2070,SSP245,12393866,8501128.01140083,3,Top-3,963281,729774.312412677,0.0777223991287303,0.0858444092870945
30,phylPub-Zone30,phylPub,Zone30,759,759,Needleleaf forests in subtropical zone,#1B9AAA,TRUE,rf_var,Plain RF,2041-2070SSP245,2041-2070,SSP245,12393866,8501128.01140083,5,Top-5,1350546,1024799.35937329,0.108968904456446,0.120548632840128
30,phylPub-Zone30,phylPub,Zone30,759,759,Needleleaf forests in subtropical zone,#1B9AAA,TRUE,rf_var,Plain RF,2071-2100SSP245,2071-2100,SSP245,12393866,8501128.01140083,1,Top-1,156353,119289.458741245,0.0126153534337066,0.0140321917963435
30,phylPub-Zone30,phylPub,Zone30,759,759,Needleleaf forests in subtropical zone,#1B9AAA,TRUE,rf_var,Plain RF,2071-2100SSP245,2071-2100,SSP245,12393866,8501128.01140083,3,Top-3,854322,645123.759217333,0.0689310341099379,0.0758868421169708
30,phylPub-Zone30,phylPub,Zone30,759,759,Needleleaf forests in subtropical zone,#1B9AAA,TRUE,rf_var,Plain RF,2071-2100SSP245,2071-2100,SSP245,12393866,8501128.01140083,5,Top-5,1221431,924276.528347196,0.0985512510785577,0.108723986641261
30,phylPub-Zone30,phylPub,Zone30,759,759,Needleleaf forests in subtropical zone,#1B9AAA,TRUE,rf_var,Plain RF,2011-2040SSP585,2011-2040,SSP585,12393866,8501128.01140083,1,Top-1,306451,234008.502745697,0.0247260217271996,0.027526759087955
30,phylPub-Zone30,phylPub,Zone30,759,759,Needleleaf forests in subtropical zone,#1B9AAA,TRUE,rf_var,Plain RF,2011-2040SSP585,2011-2040,SSP585,12393866,8501128.01140083,3,Top-3,1101922,835830.551384755,0.0889086585251124,0.0983199582765753
30,phylPub-Zone30,phylPub,Zone30,759,759,Needleleaf forests in subtropical zone,#1B9AAA,TRUE,rf_var,Plain RF,2011-2040SSP585,2011-2040,SSP585,12393866,8501128.01140083,5,Top-5,1564125,1188457.84092475,0.126201541956319,0.139800017048434
30,phylPub-Zone30,phylPub,Zone30,759,759,Needleleaf forests in subtropical zone,#1B9AAA,TRUE,rf_var,Plain RF,2041-2070SSP585,2041-2070,SSP585,12393866,8501128.01140083,1,Top-1,166738,127276.06726588,0.0134532679310878,0.0149716681239467
30,phylPub-Zone30,phylPub,Zone30,759,759,Needleleaf forests in subtropical zone,#1B9AAA,TRUE,rf_var,Plain RF,2041-2070SSP585,2041-2070,SSP585,12393866,8501128.01140083,3,Top-3,881100,666234.106272262,0.0710916190315435,0.0783700828147485
30,phylPub-Zone30,phylPub,Zone30,759,759,Needleleaf forests in subtropical zone,#1B9AAA,TRUE,rf_var,Plain RF,2041-2070SSP585,2041-2070,SSP585,12393866,8501128.01140083,5,Top-5,1245880,943776.042301697,0.100523920461945,0.111017742708497
30,phylPub-Zone30,phylPub,Zone30,759,759,Needleleaf forests in subtropical zone,#1B9AAA,TRUE,rf_var,Plain RF,2071-2100SSP585,2071-2100,SSP585,12393866,8501128.01140083,1,Top-1,69611,52668.1763232232,0.00561656871229687,0.00619543385919964
30,phylPub-Zone30,phylPub,Zone30,759,759,Needleleaf forests in subtropical zone,#1B9AAA,TRUE,rf_var,Plain RF,2071-2100SSP585,2071-2100,SSP585,12393866,8501128.01140083,3,Top-3,463581,347958.814268473,0.0374040674636953,0.0409308992644066
30,phylPub-Zone30,phylPub,Zone30,759,759,Needleleaf forests in subtropical zone,#1B9AAA,TRUE,rf_var,Plain RF,2071-2100SSP585,2071-2100,SSP585,12393866,8501128.01140083,5,Top-5,750210,566420.166556105,0.0605307496466397,0.0666288245273428
30,phylPub-Zone30,phylPub,Zone30,759,759,Needleleaf forests in subtropical zone,#1B9AAA,TRUE,mf_var,Plain MF RF,2011-2040SSP245,2011-2040,SSP245,12393866,8501128.01140083,1,Top-1,325778,248736.155729959,0.0262854221596393,0.0292591942382681
30,phylPub-Zone30,phylPub,Zone30,759,759,Needleleaf forests in subtropical zone,#1B9AAA,TRUE,mf_var,Plain MF RF,2011-2040SSP245,2011-2040,SSP245,12393866,8501128.01140083,3,Top-3,1100430,835644.257506178,0.0887882763941453,0.0982980442578325
30,phylPub-Zone30,phylPub,Zone30,759,759,Needleleaf forests in subtropical zone,#1B9AAA,TRUE,mf_var,Plain MF RF,2011-2040SSP245,2011-2040,SSP245,12393866,8501128.01140083,5,Top-5,1552496,1180716.8989127,0.125263255226416,0.138889438828499
30,phylPub-Zone30,phylPub,Zone30,759,759,Needleleaf forests in subtropical zone,#1B9AAA,TRUE,mf_var,Plain MF RF,2041-2070SSP245,2041-2070,SSP245,12393866,8501128.01140083,1,Top-1,211139,161423.023683792,0.0170357659183987,0.0189884240617608
30,phylPub-Zone30,phylPub,Zone30,759,759,Needleleaf forests in subtropical zone,#1B9AAA,TRUE,mf_var,Plain MF RF,2041-2070SSP245,2041-2070,SSP245,12393866,8501128.01140083,3,Top-3,968155,733837.336951684,0.0781156581812326,0.0863223487480177
30,phylPub-Zone30,phylPub,Zone30,759,759,Needleleaf forests in subtropical zone,#1B9AAA,TRUE,mf_var,Plain MF RF,2041-2070SSP245,2041-2070,SSP245,12393866,8501128.01140083,5,Top-5,1361609,1033362.10289441,0.109861523434254,0.121555880761773
30,phylPub-Zone30,phylPub,Zone30,759,759,Needleleaf forests in subtropical zone,#1B9AAA,TRUE,mf_var,Plain MF RF,2071-2100SSP245,2071-2100,SSP245,12393866,8501128.01140083,1,Top-1,150416,114839.36143228,0.0121363261471441,0.0135087204049003
30,phylPub-Zone30,phylPub,Zone30,759,759,Needleleaf forests in subtropical zone,#1B9AAA,TRUE,mf_var,Plain MF RF,2071-2100SSP245,2071-2100,SSP245,12393866,8501128.01140083,3,Top-3,877445,662847.525863426,0.070796715084704,0.0779717144565384
30,phylPub-Zone30,phylPub,Zone30,759,759,Needleleaf forests in subtropical zone,#1B9AAA,TRUE,mf_var,Plain MF RF,2071-2100SSP245,2071-2100,SSP245,12393866,8501128.01140083,5,Top-5,1253129,948109.889429058,0.101108806566087,0.111527539422716
30,phylPub-Zone30,phylPub,Zone30,759,759,Needleleaf forests in subtropical zone,#1B9AAA,TRUE,mf_var,Plain MF RF,2011-2040SSP585,2011-2040,SSP585,12393866,8501128.01140083,1,Top-1,301993,230640.822896456,0.0243663276656372,0.0271306140299434
30,phylPub-Zone30,phylPub,Zone30,759,759,Needleleaf forests in subtropical zone,#1B9AAA,TRUE,mf_var,Plain MF RF,2011-2040SSP585,2011-2040,SSP585,12393866,8501128.01140083,3,Top-3,1102590,836594.583426411,0.0889625561547946,0.098409832472168
30,phylPub-Zone30,phylPub,Zone30,759,759,Needleleaf forests in subtropical zone,#1B9AAA,TRUE,mf_var,Plain MF RF,2011-2040SSP585,2011-2040,SSP585,12393866,8501128.01140083,5,Top-5,1572730,1195167.55923907,0.126895837021314,0.140589290931301
30,phylPub-Zone30,phylPub,Zone30,759,759,Needleleaf forests in subtropical zone,#1B9AAA,TRUE,mf_var,Plain MF RF,2041-2070SSP585,2041-2070,SSP585,12393866,8501128.01140083,1,Top-1,161995,123706.573549129,0.0130705786233287,0.0145517834084167
30,phylPub-Zone30,phylPub,Zone30,759,759,Needleleaf forests in subtropical zone,#1B9AAA,TRUE,mf_var,Plain MF RF,2041-2070SSP585,2041-2070,SSP585,12393866,8501128.01140083,3,Top-3,898162,679394.385773055,0.0724682677705246,0.0799181455522046
30,phylPub-Zone30,phylPub,Zone30,759,759,Needleleaf forests in subtropical zone,#1B9AAA,TRUE,mf_var,Plain MF RF,2041-2070SSP585,2041-2070,SSP585,12393866,8501128.01140083,5,Top-5,1263754,957251.277907977,0.101966085481318,0.112602854188787
30,phylPub-Zone30,phylPub,Zone30,759,759,Needleleaf forests in subtropical zone,#1B9AAA,TRUE,mf_var,Plain MF RF,2071-2100SSP585,2071-2100,SSP585,12393866,8501128.01140083,1,Top-1,65037,49262.1912728352,0.00524751518210702,0.00579478290490037
30,phylPub-Zone30,phylPub,Zone30,759,759,Needleleaf forests in subtropical zone,#1B9AAA,TRUE,mf_var,Plain MF RF,2071-2100SSP585,2071-2100,SSP585,12393866,8501128.01140083,3,Top-3,495039,371221.949587397,0.0399422585333745,0.0436673755635197
30,phylPub-Zone30,phylPub,Zone30,759,759,Needleleaf forests in subtropical zone,#1B9AAA,TRUE,mf_var,Plain MF RF,2071-2100SSP585,2071-2100,SSP585,12393866,8501128.01140083,5,Top-5,819688,618124.694685938,0.0661365872440448,0.072710903053921
40,phylPub-Zone40,phylPub,Zone40,136,136,Subtropical and tropical grasslands,#AACC00,TRUE,rf_var,Plain RF,2011-2040SSP245,2011-2040,SSP245,12393866,8501128.01140083,1,Top-1,315335,243293.812198523,0.0254428279279444,0.0286190034866247
40,phylPub-Zone40,phylPub,Zone40,136,136,Subtropical and tropical grasslands,#AACC00,TRUE,rf_var,Plain RF,2011-2040SSP245,2011-2040,SSP245,12393866,8501128.01140083,3,Top-3,1366156,1044769.97114186,0.110228398467435,0.122897804825516
40,phylPub-Zone40,phylPub,Zone40,136,136,Subtropical and tropical grasslands,#AACC00,TRUE,rf_var,Plain RF,2011-2040SSP245,2011-2040,SSP245,12393866,8501128.01140083,5,Top-5,1848130,1414373.1551025,0.149116506504105,0.166374762643933
40,phylPub-Zone40,phylPub,Zone40,136,136,Subtropical and tropical grasslands,#AACC00,TRUE,rf_var,Plain RF,2041-2070SSP245,2041-2070,SSP245,12393866,8501128.01140083,1,Top-1,310165,239106.821290668,0.0250256860934272,0.0281264816821959
40,phylPub-Zone40,phylPub,Zone40,136,136,Subtropical and tropical grasslands,#AACC00,TRUE,rf_var,Plain RF,2041-2070SSP245,2041-2070,SSP245,12393866,8501128.01140083,3,Top-3,1658497,1263406.84186507,0.133815953795208,0.148616376576229
40,phylPub-Zone40,phylPub,Zone40,136,136,Subtropical and tropical grasslands,#AACC00,TRUE,rf_var,Plain RF,2041-2070SSP245,2041-2070,SSP245,12393866,8501128.01140083,5,Top-5,2062238,1574021.9177699,0.166391826408322,0.185154477812707
40,phylPub-Zone40,phylPub,Zone40,136,136,Subtropical and tropical grasslands,#AACC00,TRUE,rf_var,Plain RF,2071-2100SSP245,2071-2100,SSP245,12393866,8501128.01140083,1,Top-1,306913,236145.410412063,0.0247632982315607,0.0277781266315916
40,phylPub-Zone40,phylPub,Zone40,136,136,Subtropical and tropical grasslands,#AACC00,TRUE,rf_var,Plain RF,2071-2100SSP245,2071-2100,SSP245,12393866,8501128.01140083,3,Top-3,1809726,1375845.56936797,0.146017876907819,0.161842706935224
40,phylPub-Zone40,phylPub,Zone40,136,136,Subtropical and tropical grasslands,#AACC00,TRUE,rf_var,Plain RF,2071-2100SSP245,2071-2100,SSP245,12393866,8501128.01140083,5,Top-5,2161661,1646963.60763777,0.174413778557877,0.1937347144319
40,phylPub-Zone40,phylPub,Zone40,136,136,Subtropical and tropical grasslands,#AACC00,TRUE,rf_var,Plain RF,2011-2040SSP585,2011-2040,SSP585,12393866,8501128.01140083,1,Top-1,331534,255697.236729182,0.02674984544774,0.0300780362778054
40,phylPub-Zone40,phylPub,Zone40,136,136,Subtropical and tropical grasslands,#AACC00,TRUE,rf_var,Plain RF,2011-2040SSP585,2011-2040,SSP585,12393866,8501128.01140083,3,Top-3,1405978,1074625.26071769,0.113441439499185,0.126409725777158
40,phylPub-Zone40,phylPub,Zone40,136,136,Subtropical and tropical grasslands,#AACC00,TRUE,rf_var,Plain RF,2011-2040SSP585,2011-2040,SSP585,12393866,8501128.01140083,5,Top-5,1891571,1446902.39361914,0.152621546820016,0.170201224082111
40,phylPub-Zone40,phylPub,Zone40,136,136,Subtropical and tropical grasslands,#AACC00,TRUE,rf_var,Plain RF,2041-2070SSP585,2041-2070,SSP585,12393866,8501128.01140083,1,Top-1,314801,242304.302739282,0.0253997420982283,0.0285026060558468
40,phylPub-Zone40,phylPub,Zone40,136,136,Subtropical and tropical grasslands,#AACC00,TRUE,rf_var,Plain RF,2041-2070SSP585,2041-2070,SSP585,12393866,8501128.01140083,3,Top-3,1766089,1342797.70819355,0.14249702231733,0.1579552391627
40,phylPub-Zone40,phylPub,Zone40,136,136,Subtropical and tropical grasslands,#AACC00,TRUE,rf_var,Plain RF,2041-2070SSP585,2041-2070,SSP585,12393866,8501128.01140083,5,Top-5,2118930,1614748.0069627,0.170966024644772,0.189945146667262
40,phylPub-Zone40,phylPub,Zone40,136,136,Subtropical and tropical grasslands,#AACC00,TRUE,rf_var,Plain RF,2071-2100SSP585,2071-2100,SSP585,12393866,8501128.01140083,1,Top-1,305103,234206.539220477,0.0246172582469425,0.0275500544052958
40,phylPub-Zone40,phylPub,Zone40,136,136,Subtropical and tropical grasslands,#AACC00,TRUE,rf_var,Plain RF,2071-2100SSP585,2071-2100,SSP585,12393866,8501128.01140083,3,Top-3,2031146,1539907.0857623,0.163883166075864,0.181141500715803
40,phylPub-Zone40,phylPub,Zone40,136,136,Subtropical and tropical grasslands,#AACC00,TRUE,rf_var,Plain RF,2071-2100SSP585,2071-2100,SSP585,12393866,8501128.01140083,5,Top-5,2239463,1700973.43588859,0.180691238714377,0.200087968750432
40,phylPub-Zone40,phylPub,Zone40,136,136,Subtropical and tropical grasslands,#AACC00,TRUE,mf_var,Plain MF RF,2011-2040SSP245,2011-2040,SSP245,12393866,8501128.01140083,1,Top-1,309306,238752.230355486,0.0249563776145393,0.0280847706369433
40,phylPub-Zone40,phylPub,Zone40,136,136,Subtropical and tropical grasslands,#AACC00,TRUE,mf_var,Plain MF RF,2011-2040SSP245,2011-2040,SSP245,12393866,8501128.01140083,3,Top-3,1342226,1026974.96111944,0.108297604637649,0.120804552024409
40,phylPub-Zone40,phylPub,Zone40,136,136,Subtropical and tropical grasslands,#AACC00,TRUE,mf_var,Plain MF RF,2011-2040SSP245,2011-2040,SSP245,12393866,8501128.01140083,5,Top-5,1834984,1404813.25264689,0.148055820516375,0.165250217472658
40,phylPub-Zone40,phylPub,Zone40,136,136,Subtropical and tropical grasslands,#AACC00,TRUE,mf_var,Plain MF RF,2041-2070SSP245,2041-2070,SSP245,12393866,8501128.01140083,1,Top-1,315760,243434.193287838,0.0254771190845536,0.028635516717472
40,phylPub-Zone40,phylPub,Zone40,136,136,Subtropical and tropical grasslands,#AACC00,TRUE,mf_var,Plain MF RF,2041-2070SSP245,2041-2070,SSP245,12393866,8501128.01140083,3,Top-3,1633114,1244493.84578462,0.131767924552355,0.14639161345596
40,phylPub-Zone40,phylPub,Zone40,136,136,Subtropical and tropical grasslands,#AACC00,TRUE,mf_var,Plain MF RF,2041-2070SSP245,2041-2070,SSP245,12393866,8501128.01140083,5,Top-5,2059220,1572321.57061787,0.166148318853859,0.184954463514635
40,phylPub-Zone40,phylPub,Zone40,136,136,Subtropical and tropical grasslands,#AACC00,TRUE,mf_var,Plain MF RF,2071-2100SSP245,2071-2100,SSP245,12393866,8501128.01140083,1,Top-1,300476,231249.275939049,0.0242439284078108,0.0272021872425543
40,phylPub-Zone40,phylPub,Zone40,136,136,Subtropical and tropical grasslands,#AACC00,TRUE,mf_var,Plain MF RF,2071-2100SSP245,2071-2100,SSP245,12393866,8501128.01140083,3,Top-3,1767154,1343885.84057556,0.142582951921539,0.158083237750717
40,phylPub-Zone40,phylPub,Zone40,136,136,Subtropical and tropical grasslands,#AACC00,TRUE,mf_var,Plain MF RF,2071-2100SSP245,2071-2100,SSP245,12393866,8501128.01140083,5,Top-5,2155333,1642856.7910971,0.173903203407234,0.193251623654398
40,phylPub-Zone40,phylPub,Zone40,136,136,Subtropical and tropical grasslands,#AACC00,TRUE,mf_var,Plain MF RF,2011-2040SSP585,2011-2040,SSP585,12393866,8501128.01140083,1,Top-1,331040,255330.660812847,0.0267099870209989,0.0300349154218622
40,phylPub-Zone40,phylPub,Zone40,136,136,Subtropical and tropical grasslands,#AACC00,TRUE,mf_var,Plain MF RF,2011-2040SSP585,2011-2040,SSP585,12393866,8501128.01140083,3,Top-3,1383029,1057580.62974986,0.11158979772736,0.124404741151002
40,phylPub-Zone40,phylPub,Zone40,136,136,Subtropical and tropical grasslands,#AACC00,TRUE,mf_var,Plain MF RF,2011-2040SSP585,2011-2040,SSP585,12393866,8501128.01140083,5,Top-5,1874980,1434702.59721657,0.151282900751065,0.168766144362547
40,phylPub-Zone40,phylPub,Zone40,136,136,Subtropical and tropical grasslands,#AACC00,TRUE,mf_var,Plain MF RF,2041-2070SSP585,2041-2070,SSP585,12393866,8501128.01140083,1,Top-1,308010,237175.333581366,0.0248518097581497,0.0278992779856145
40,phylPub-Zone40,phylPub,Zone40,136,136,Subtropical and tropical grasslands,#AACC00,TRUE,mf_var,Plain MF RF,2041-2070SSP585,2041-2070,SSP585,12393866,8501128.01140083,3,Top-3,1745718,1327977.35998649,0.140853386667243,0.156211900139081
40,phylPub-Zone40,phylPub,Zone40,136,136,Subtropical and tropical grasslands,#AACC00,TRUE,mf_var,Plain MF RF,2041-2070SSP585,2041-2070,SSP585,12393866,8501128.01140083,5,Top-5,2123621,1619158.56060038,0.171344518328664,0.190463966479382
40,phylPub-Zone40,phylPub,Zone40,136,136,Subtropical and tropical grasslands,#AACC00,TRUE,mf_var,Plain MF RF,2071-2100SSP585,2071-2100,SSP585,12393866,8501128.01140083,1,Top-1,296460,227343.715669387,0.023919897149122,0.0267427705316867
40,phylPub-Zone40,phylPub,Zone40,136,136,Subtropical and tropical grasslands,#AACC00,TRUE,mf_var,Plain MF RF,2071-2100SSP585,2071-2100,SSP585,12393866,8501128.01140083,3,Top-3,2020196,1531891.63297731,0.162999664511461,0.18019863139608
40,phylPub-Zone40,phylPub,Zone40,136,136,Subtropical and tropical grasslands,#AACC00,TRUE,mf_var,Plain MF RF,2071-2100SSP585,2071-2100,SSP585,12393866,8501128.01140083,5,Top-5,2247307,1707523.46792225,0.181324132437772,0.200858458504836
44,phylPub-Zone44,phylPub,Zone44,221,221,Broadleaf evergreen and deciduous scrubs in subtropical and tropical zones,#F72585,TRUE,rf_var,Plain RF,2011-2040SSP245,2011-2040,SSP245,12393866,8501128.01140083,1,Top-1,312918,239106.129408522,0.0252478121031807,0.028126400295097
44,phylPub-Zone44,phylPub,Zone44,221,221,Broadleaf evergreen and deciduous scrubs in subtropical and tropical zones,#F72585,TRUE,rf_var,Plain RF,2011-2040SSP245,2011-2040,SSP245,12393866,8501128.01140083,3,Top-3,1291552,988773.634298556,0.104208969178786,0.116310874624228
44,phylPub-Zone44,phylPub,Zone44,221,221,Broadleaf evergreen and deciduous scrubs in subtropical and tropical zones,#F72585,TRUE,rf_var,Plain RF,2011-2040SSP245,2011-2040,SSP245,12393866,8501128.01140083,5,Top-5,1877657,1437288.44256195,0.151498894695166,0.169070321095555
44,phylPub-Zone44,phylPub,Zone44,221,221,Broadleaf evergreen and deciduous scrubs in subtropical and tropical zones,#F72585,TRUE,rf_var,Plain RF,2041-2070SSP245,2041-2070,SSP245,12393866,8501128.01140083,1,Top-1,304644,232491.076071638,0.0245802237978045,0.0273482619906258
44,phylPub-Zone44,phylPub,Zone44,221,221,Broadleaf evergreen and deciduous scrubs in subtropical and tropical zones,#F72585,TRUE,rf_var,Plain RF,2041-2070SSP245,2041-2070,SSP245,12393866,8501128.01140083,3,Top-3,1309276,1001529.49933981,0.105639031437003,0.117811365503103
44,phylPub-Zone44,phylPub,Zone44,221,221,Broadleaf evergreen and deciduous scrubs in subtropical and tropical zones,#F72585,TRUE,rf_var,Plain RF,2041-2070SSP245,2041-2070,SSP245,12393866,8501128.01140083,5,Top-5,1839085,1407274.10399882,0.148386710006385,0.165539690981189
44,phylPub-Zone44,phylPub,Zone44,221,221,Broadleaf evergreen and deciduous scrubs in subtropical and tropical zones,#F72585,TRUE,rf_var,Plain RF,2071-2100SSP245,2071-2100,SSP245,12393866,8501128.01140083,1,Top-1,303614,231500.230969616,0.0244971181711986,0.0272317074462533
44,phylPub-Zone44,phylPub,Zone44,221,221,Broadleaf evergreen and deciduous scrubs in subtropical and tropical zones,#F72585,TRUE,rf_var,Plain RF,2071-2100SSP245,2071-2100,SSP245,12393866,8501128.01140083,3,Top-3,1378068,1053503.77458721,0.111189519073387,0.12392517477379
44,phylPub-Zone44,phylPub,Zone44,221,221,Broadleaf evergreen and deciduous scrubs in subtropical and tropical zones,#F72585,TRUE,rf_var,Plain RF,2071-2100SSP245,2071-2100,SSP245,12393866,8501128.01140083,5,Top-5,1844777,1411029.60106363,0.148845969449726,0.165981455539936
44,phylPub-Zone44,phylPub,Zone44,221,221,Broadleaf evergreen and deciduous scrubs in subtropical and tropical zones,#F72585,TRUE,rf_var,Plain RF,2011-2040SSP585,2011-2040,SSP585,12393866,8501128.01140083,1,Top-1,308096,235171.708149928,0.0248587486745459,0.0276635886243026
44,phylPub-Zone44,phylPub,Zone44,221,221,Broadleaf evergreen and deciduous scrubs in subtropical and tropical zones,#F72585,TRUE,rf_var,Plain RF,2011-2040SSP585,2011-2040,SSP585,12393866,8501128.01140083,3,Top-3,1319447,1009856.30559594,0.106459679328468,0.118790859782564
44,phylPub-Zone44,phylPub,Zone44,221,221,Broadleaf evergreen and deciduous scrubs in subtropical and tropical zones,#F72585,TRUE,rf_var,Plain RF,2011-2040SSP585,2011-2040,SSP585,12393866,8501128.01140083,5,Top-5,1911606,1462659.27852555,0.154238072285113,0.172054729274042
44,phylPub-Zone44,phylPub,Zone44,221,221,Broadleaf evergreen and deciduous scrubs in subtropical and tropical zones,#F72585,TRUE,rf_var,Plain RF,2041-2070SSP585,2041-2070,SSP585,12393866,8501128.01140083,1,Top-1,286630,218761.486514543,0.0231267628680187,0.0257332304867263
44,phylPub-Zone44,phylPub,Zone44,221,221,Broadleaf evergreen and deciduous scrubs in subtropical and tropical zones,#F72585,TRUE,rf_var,Plain RF,2041-2070SSP585,2041-2070,SSP585,12393866,8501128.01140083,3,Top-3,1351597,1034291.00733337,0.109053704469614,0.121665149136242
44,phylPub-Zone44,phylPub,Zone44,221,221,Broadleaf evergreen and deciduous scrubs in subtropical and tropical zones,#F72585,TRUE,rf_var,Plain RF,2041-2070SSP585,2041-2070,SSP585,12393866,8501128.01140083,5,Top-5,1828271,1399546.43351664,0.147514181612097,0.164630673910535
44,phylPub-Zone44,phylPub,Zone44,221,221,Broadleaf evergreen and deciduous scrubs in subtropical and tropical zones,#F72585,TRUE,rf_var,Plain RF,2071-2100SSP585,2071-2100,SSP585,12393866,8501128.01140083,1,Top-1,213885,164052.802041439,0.0172573271326316,0.0192977686986278
44,phylPub-Zone44,phylPub,Zone44,221,221,Broadleaf evergreen and deciduous scrubs in subtropical and tropical zones,#F72585,TRUE,rf_var,Plain RF,2071-2100SSP585,2071-2100,SSP585,12393866,8501128.01140083,3,Top-3,1417640,1084563.09539831,0.114382388836542,0.127578727663412
44,phylPub-Zone44,phylPub,Zone44,221,221,Broadleaf evergreen and deciduous scrubs in subtropical and tropical zones,#F72585,TRUE,rf_var,Plain RF,2071-2100SSP585,2071-2100,SSP585,12393866,8501128.01140083,5,Top-5,1745964,1336328.48999877,0.140873235195539,0.157194255657205
44,phylPub-Zone44,phylPub,Zone44,221,221,Broadleaf evergreen and deciduous scrubs in subtropical and tropical zones,#F72585,TRUE,mf_var,Plain MF RF,2011-2040SSP245,2011-2040,SSP245,12393866,8501128.01140083,1,Top-1,309473,236554.401820592,0.0249698520219599,0.0278262368833112
44,phylPub-Zone44,phylPub,Zone44,221,221,Broadleaf evergreen and deciduous scrubs in subtropical and tropical zones,#F72585,TRUE,mf_var,Plain MF RF,2011-2040SSP245,2011-2040,SSP245,12393866,8501128.01140083,3,Top-3,1293941,990402.384153457,0.104401725821467,0.116502466828547
44,phylPub-Zone44,phylPub,Zone44,221,221,Broadleaf evergreen and deciduous scrubs in subtropical and tropical zones,#F72585,TRUE,mf_var,Plain MF RF,2011-2040SSP245,2011-2040,SSP245,12393866,8501128.01140083,5,Top-5,1885271,1442990.30861066,0.152113230851455,0.169741039856766
44,phylPub-Zone44,phylPub,Zone44,221,221,Broadleaf evergreen and deciduous scrubs in subtropical and tropical zones,#F72585,TRUE,mf_var,Plain MF RF,2041-2070SSP245,2041-2070,SSP245,12393866,8501128.01140083,1,Top-1,306925,234330.152966844,0.0247642664524532,0.0275645952693083
44,phylPub-Zone44,phylPub,Zone44,221,221,Broadleaf evergreen and deciduous scrubs in subtropical and tropical zones,#F72585,TRUE,mf_var,Plain MF RF,2041-2070SSP245,2041-2070,SSP245,12393866,8501128.01140083,3,Top-3,1366027,1043957.4302483,0.110217990092841,0.122802224463419
44,phylPub-Zone44,phylPub,Zone44,221,221,Broadleaf evergreen and deciduous scrubs in subtropical and tropical zones,#F72585,TRUE,mf_var,Plain MF RF,2041-2070SSP245,2041-2070,SSP245,12393866,8501128.01140083,5,Top-5,1901330,1453757.40320594,0.153408952460838,0.171007588787784
44,phylPub-Zone44,phylPub,Zone44,221,221,Broadleaf evergreen and deciduous scrubs in subtropical and tropical zones,#F72585,TRUE,mf_var,Plain MF RF,2071-2100SSP245,2071-2100,SSP245,12393866,8501128.01140083,1,Top-1,308991,235802.458305994,0.0249309618161113,0.0277377846786638
44,phylPub-Zone44,phylPub,Zone44,221,221,Broadleaf evergreen and deciduous scrubs in subtropical and tropical zones,#F72585,TRUE,mf_var,Plain MF RF,2071-2100SSP245,2071-2100,SSP245,12393866,8501128.01140083,3,Top-3,1468303,1121013.49932847,0.118470136759587,0.13186644146813
44,phylPub-Zone44,phylPub,Zone44,221,221,Broadleaf evergreen and deciduous scrubs in subtropical and tropical zones,#F72585,TRUE,mf_var,Plain MF RF,2071-2100SSP245,2071-2100,SSP245,12393866,8501128.01140083,5,Top-5,1934480,1477734.67569566,0.156083662676359,0.173828070076568
44,phylPub-Zone44,phylPub,Zone44,221,221,Broadleaf evergreen and deciduous scrubs in subtropical and tropical zones,#F72585,TRUE,mf_var,Plain MF RF,2011-2040SSP585,2011-2040,SSP585,12393866,8501128.01140083,1,Top-1,305530,233336.373547504,0.0246517107737005,0.0274476955569399
44,phylPub-Zone44,phylPub,Zone44,221,221,Broadleaf evergreen and deciduous scrubs in subtropical and tropical zones,#F72585,TRUE,mf_var,Plain MF RF,2011-2040SSP585,2011-2040,SSP585,12393866,8501128.01140083,3,Top-3,1324289,1013216.67673236,0.10685035645859,0.119186145106102
44,phylPub-Zone44,phylPub,Zone44,221,221,Broadleaf evergreen and deciduous scrubs in subtropical and tropical zones,#F72585,TRUE,mf_var,Plain MF RF,2011-2040SSP585,2011-2040,SSP585,12393866,8501128.01140083,5,Top-5,1922038,1470385.47171929,0.155079778980989,0.172963572569118
44,phylPub-Zone44,phylPub,Zone44,221,221,Broadleaf evergreen and deciduous scrubs in subtropical and tropical zones,#F72585,TRUE,mf_var,Plain MF RF,2041-2070SSP585,2041-2070,SSP585,12393866,8501128.01140083,1,Top-1,292037,223031.570215941,0.0235630270651627,0.0262355266168012
44,phylPub-Zone44,phylPub,Zone44,221,221,Broadleaf evergreen and deciduous scrubs in subtropical and tropical zones,#F72585,TRUE,mf_var,Plain MF RF,2041-2070SSP585,2041-2070,SSP585,12393866,8501128.01140083,3,Top-3,1412334,1079215.85470949,0.11395427383191,0.126949723996881
44,phylPub-Zone44,phylPub,Zone44,221,221,Broadleaf evergreen and deciduous scrubs in subtropical and tropical zones,#F72585,TRUE,mf_var,Plain MF RF,2041-2070SSP585,2041-2070,SSP585,12393866,8501128.01140083,5,Top-5,1900899,1453388.8669737,0.153374177193783,0.170964237337041
44,phylPub-Zone44,phylPub,Zone44,221,221,Broadleaf evergreen and deciduous scrubs in subtropical and tropical zones,#F72585,TRUE,mf_var,Plain MF RF,2071-2100SSP585,2071-2100,SSP585,12393866,8501128.01140083,1,Top-1,260922,200618.177234636,0.0210525109759941,0.0235990067395277
44,phylPub-Zone44,phylPub,Zone44,221,221,Broadleaf evergreen and deciduous scrubs in subtropical and tropical zones,#F72585,TRUE,mf_var,Plain MF RF,2071-2100SSP585,2071-2100,SSP585,12393866,8501128.01140083,3,Top-3,1606358,1226399.48841208,0.129609114702386,0.144263147992521
44,phylPub-Zone44,phylPub,Zone44,221,221,Broadleaf evergreen and deciduous scrubs in subtropical and tropical zones,#F72585,TRUE,mf_var,Plain MF RF,2071-2100SSP585,2071-2100,SSP585,12393866,8501128.01140083,5,Top-5,1944314,1484816.05092442,0.15687711969776,0.174661062500546
47,phylPub-Zone47,phylPub,Zone47,25,25,One year two ripes grain fields; evergreen and deciduous orchards; economic tree plantations,#FF6D00,TRUE,rf_var,Plain RF,2011-2040SSP245,2011-2040,SSP245,12393866,8501128.01140083,1,Top-1,403797,301309.735152502,0.0325803909772786,0.0354435005270379
47,phylPub-Zone47,phylPub,Zone47,25,25,One year two ripes grain fields; evergreen and deciduous orchards; economic tree plantations,#FF6D00,TRUE,rf_var,Plain RF,2011-2040SSP245,2011-2040,SSP245,12393866,8501128.01140083,3,Top-3,881437,663463.586707004,0.0711188099016078,0.0780441825857974
47,phylPub-Zone47,phylPub,Zone47,25,25,One year two ripes grain fields; evergreen and deciduous orchards; economic tree plantations,#FF6D00,TRUE,rf_var,Plain RF,2011-2040SSP245,2011-2040,SSP245,12393866,8501128.01140083,5,Top-5,1070360,806518.387589247,0.0863620762076982,0.094871925997071
47,phylPub-Zone47,phylPub,Zone47,25,25,One year two ripes grain fields; evergreen and deciduous orchards; economic tree plantations,#FF6D00,TRUE,rf_var,Plain RF,2041-2070SSP245,2041-2070,SSP245,12393866,8501128.01140083,1,Top-1,219565,163928.84206769,0.0177156183550798,0.0192831871073869
47,phylPub-Zone47,phylPub,Zone47,25,25,One year two ripes grain fields; evergreen and deciduous orchards; economic tree plantations,#FF6D00,TRUE,rf_var,Plain RF,2041-2070SSP245,2041-2070,SSP245,12393866,8501128.01140083,3,Top-3,664835,500669.23695142,0.0536422614219002,0.0588944474521469
47,phylPub-Zone47,phylPub,Zone47,25,25,One year two ripes grain fields; evergreen and deciduous orchards; economic tree plantations,#FF6D00,TRUE,rf_var,Plain RF,2041-2070SSP245,2041-2070,SSP245,12393866,8501128.01140083,5,Top-5,845995,638304.55300201,0.0682591694956199,0.0750846890137382
47,phylPub-Zone47,phylPub,Zone47,25,25,One year two ripes grain fields; evergreen and deciduous orchards; economic tree plantations,#FF6D00,TRUE,rf_var,Plain RF,2071-2100SSP245,2071-2100,SSP245,12393866,8501128.01140083,1,Top-1,107606,80677.5863744406,0.0086821981131634,0.00949022132901001
47,phylPub-Zone47,phylPub,Zone47,25,25,One year two ripes grain fields; evergreen and deciduous orchards; economic tree plantations,#FF6D00,TRUE,rf_var,Plain RF,2071-2100SSP245,2071-2100,SSP245,12393866,8501128.01140083,3,Top-3,469275,355399.341493846,0.0378634882771849,0.0418061392578986
47,phylPub-Zone47,phylPub,Zone47,25,25,One year two ripes grain fields; evergreen and deciduous orchards; economic tree plantations,#FF6D00,TRUE,rf_var,Plain RF,2071-2100SSP245,2071-2100,SSP245,12393866,8501128.01140083,5,Top-5,628660,476832.701620604,0.0507234788563956,0.0560905212791909
47,phylPub-Zone47,phylPub,Zone47,25,25,One year two ripes grain fields; evergreen and deciduous orchards; economic tree plantations,#FF6D00,TRUE,rf_var,Plain RF,2011-2040SSP585,2011-2040,SSP585,12393866,8501128.01140083,1,Top-1,393210,293551.332031056,0.0317261780948737,0.0345308683315173
47,phylPub-Zone47,phylPub,Zone47,25,25,One year two ripes grain fields; evergreen and deciduous orchards; economic tree plantations,#FF6D00,TRUE,rf_var,Plain RF,2011-2040SSP585,2011-2040,SSP585,12393866,8501128.01140083,3,Top-3,874879,658508.437012601,0.0705896771838585,0.0774613011507976
47,phylPub-Zone47,phylPub,Zone47,25,25,One year two ripes grain fields; evergreen and deciduous orchards; economic tree plantations,#FF6D00,TRUE,rf_var,Plain RF,2011-2040SSP585,2011-2040,SSP585,12393866,8501128.01140083,5,Top-5,1066026,803106.741734181,0.0860123870953583,0.0944706091541191
47,phylPub-Zone47,phylPub,Zone47,25,25,One year two ripes grain fields; evergreen and deciduous orchards; economic tree plantations,#FF6D00,TRUE,rf_var,Plain RF,2041-2070SSP585,2041-2070,SSP585,12393866,8501128.01140083,1,Top-1,123767,92887.3840978504,0.00998614960013284,0.0109264775184281
47,phylPub-Zone47,phylPub,Zone47,25,25,One year two ripes grain fields; evergreen and deciduous orchards; economic tree plantations,#FF6D00,TRUE,rf_var,Plain RF,2041-2070SSP585,2041-2070,SSP585,12393866,8501128.01140083,3,Top-3,501054,379319.868618222,0.0404275792557383,0.0446199455071747
47,phylPub-Zone47,phylPub,Zone47,25,25,One year two ripes grain fields; evergreen and deciduous orchards; economic tree plantations,#FF6D00,TRUE,rf_var,Plain RF,2041-2070SSP585,2041-2070,SSP585,12393866,8501128.01140083,5,Top-5,669276,507439.952586345,0.0540005838371982,0.0596908965381793
47,phylPub-Zone47,phylPub,Zone47,25,25,One year two ripes grain fields; evergreen and deciduous orchards; economic tree plantations,#FF6D00,TRUE,rf_var,Plain RF,2071-2100SSP585,2071-2100,SSP585,12393866,8501128.01140083,1,Top-1,45904,33824.5921557803,0.00370376765409599,0.00397883576278563
47,phylPub-Zone47,phylPub,Zone47,25,25,One year two ripes grain fields; evergreen and deciduous orchards; economic tree plantations,#FF6D00,TRUE,rf_var,Plain RF,2071-2100SSP585,2071-2100,SSP585,12393866,8501128.01140083,3,Top-3,284605,216662.709541201,0.02296337559241,0.0254863483117341
47,phylPub-Zone47,phylPub,Zone47,25,25,One year two ripes grain fields; evergreen and deciduous orchards; economic tree plantations,#FF6D00,TRUE,rf_var,Plain RF,2071-2100SSP585,2071-2100,SSP585,12393866,8501128.01140083,5,Top-5,380789,290318.244635911,0.0307239887860656,0.0341505555788086
47,phylPub-Zone47,phylPub,Zone47,25,25,One year two ripes grain fields; evergreen and deciduous orchards; economic tree plantations,#FF6D00,TRUE,mf_var,Plain MF RF,2011-2040SSP245,2011-2040,SSP245,12393866,8501128.01140083,1,Top-1,404273,301621.238346814,0.032618797072681,0.0354801430989289
47,phylPub-Zone47,phylPub,Zone47,25,25,One year two ripes grain fields; evergreen and deciduous orchards; economic tree plantations,#FF6D00,TRUE,mf_var,Plain MF RF,2011-2040SSP245,2011-2040,SSP245,12393866,8501128.01140083,3,Top-3,875249,658964.246716603,0.0706195306613772,0.0775149187064197
47,phylPub-Zone47,phylPub,Zone47,25,25,One year two ripes grain fields; evergreen and deciduous orchards; economic tree plantations,#FF6D00,TRUE,mf_var,Plain MF RF,2011-2040SSP245,2011-2040,SSP245,12393866,8501128.01140083,5,Top-5,1062157,800559.616463699,0.0857002165426026,0.0941709871196001
47,phylPub-Zone47,phylPub,Zone47,25,25,One year two ripes grain fields; evergreen and deciduous orchards; economic tree plantations,#FF6D00,TRUE,mf_var,Plain MF RF,2041-2070SSP245,2041-2070,SSP245,12393866,8501128.01140083,1,Top-1,234883,174898.021112777,0.0189515523243514,0.0205735075249099
47,phylPub-Zone47,phylPub,Zone47,25,25,One year two ripes grain fields; evergreen and deciduous orchards; economic tree plantations,#FF6D00,TRUE,mf_var,Plain MF RF,2041-2070SSP245,2041-2070,SSP245,12393866,8501128.01140083,3,Top-3,694344,522112.631237139,0.056023197281623,0.0614168649780283
47,phylPub-Zone47,phylPub,Zone47,25,25,One year two ripes grain fields; evergreen and deciduous orchards; economic tree plantations,#FF6D00,TRUE,mf_var,Plain MF RF,2041-2070SSP245,2041-2070,SSP245,12393866,8501128.01140083,5,Top-5,870663,656092.008113996,0.0702495089102948,0.0771770531197876
47,phylPub-Zone47,phylPub,Zone47,25,25,One year two ripes grain fields; evergreen and deciduous orchards; economic tree plantations,#FF6D00,TRUE,mf_var,Plain MF RF,2071-2100SSP245,2071-2100,SSP245,12393866,8501128.01140083,1,Top-1,121030,90406.8481373846,0.0097653145515693,0.0106346884808863
47,phylPub-Zone47,phylPub,Zone47,25,25,One year two ripes grain fields; evergreen and deciduous orchards; economic tree plantations,#FF6D00,TRUE,mf_var,Plain MF RF,2071-2100SSP245,2071-2100,SSP245,12393866,8501128.01140083,3,Top-3,506810,382256.372718087,0.040892002543839,0.0449653707373239
47,phylPub-Zone47,phylPub,Zone47,25,25,One year two ripes grain fields; evergreen and deciduous orchards; economic tree plantations,#FF6D00,TRUE,mf_var,Plain MF RF,2071-2100SSP245,2071-2100,SSP245,12393866,8501128.01140083,5,Top-5,662097,500616.434329849,0.0534213456882622,0.0588882362032985
47,phylPub-Zone47,phylPub,Zone47,25,25,One year two ripes grain fields; evergreen and deciduous orchards; economic tree plantations,#FF6D00,TRUE,mf_var,Plain MF RF,2011-2040SSP585,2011-2040,SSP585,12393866,8501128.01140083,1,Top-1,393224,293534.596520154,0.031727307685915,0.0345288997091322
47,phylPub-Zone47,phylPub,Zone47,25,25,One year two ripes grain fields; evergreen and deciduous orchards; economic tree plantations,#FF6D00,TRUE,mf_var,Plain MF RF,2011-2040SSP585,2011-2040,SSP585,12393866,8501128.01140083,3,Top-3,871707,656233.083428153,0.070333744127942,0.0771936480133085
47,phylPub-Zone47,phylPub,Zone47,25,25,One year two ripes grain fields; evergreen and deciduous orchards; economic tree plantations,#FF6D00,TRUE,mf_var,Plain MF RF,2011-2040SSP585,2011-2040,SSP585,12393866,8501128.01140083,5,Top-5,1060004,798758.571031385,0.0855265015774739,0.0939591275369777
47,phylPub-Zone47,phylPub,Zone47,25,25,One year two ripes grain fields; evergreen and deciduous orchards; economic tree plantations,#FF6D00,TRUE,mf_var,Plain MF RF,2041-2070SSP585,2041-2070,SSP585,12393866,8501128.01140083,1,Top-1,138025,103164.601797118,0.0111365573905672,0.0121354015206881
47,phylPub-Zone47,phylPub,Zone47,25,25,One year two ripes grain fields; evergreen and deciduous orchards; economic tree plantations,#FF6D00,TRUE,mf_var,Plain MF RF,2041-2070SSP585,2041-2070,SSP585,12393866,8501128.01140083,3,Top-3,535263,403836.252564449,0.0431877349650222,0.0475038432573731
47,phylPub-Zone47,phylPub,Zone47,25,25,One year two ripes grain fields; evergreen and deciduous orchards; economic tree plantations,#FF6D00,TRUE,mf_var,Plain MF RF,2041-2070SSP585,2041-2070,SSP585,12393866,8501128.01140083,5,Top-5,701882,530738.715888813,0.0566314013722595,0.0624315638085959
47,phylPub-Zone47,phylPub,Zone47,25,25,One year two ripes grain fields; evergreen and deciduous orchards; economic tree plantations,#FF6D00,TRUE,mf_var,Plain MF RF,2071-2100SSP585,2071-2100,SSP585,12393866,8501128.01140083,1,Top-1,46883,34506.3171949133,0.00378275834190881,0.00405902806646801
47,phylPub-Zone47,phylPub,Zone47,25,25,One year two ripes grain fields; evergreen and deciduous orchards; economic tree plantations,#FF6D00,TRUE,mf_var,Plain MF RF,2071-2100SSP585,2071-2100,SSP585,12393866,8501128.01140083,3,Top-3,287565,218831.374302337,0.0232022034125591,0.0257414514884217
47,phylPub-Zone47,phylPub,Zone47,25,25,One year two ripes grain fields; evergreen and deciduous orchards; economic tree plantations,#FF6D00,TRUE,mf_var,Plain MF RF,2071-2100SSP585,2071-2100,SSP585,12393866,8501128.01140083,5,Top-5,377273,287497.942216467,0.0304403000645642,0.0338187993206201
49,phylPub-Zone49,phylPub,Zone49,204,204,Broadleaf evergreen forests in subtropical zone,#006400,TRUE,rf_var,Plain RF,2011-2040SSP245,2011-2040,SSP245,12393866,8501128.01140083,1,Top-1,160802,123299.244527156,0.0129743213295997,0.0145038687056353
49,phylPub-Zone49,phylPub,Zone49,204,204,Broadleaf evergreen forests in subtropical zone,#006400,TRUE,rf_var,Plain RF,2011-2040SSP245,2011-2040,SSP245,12393866,8501128.01140083,3,Top-3,564358,432222.659246506,0.045535267203954,0.0508429773868661
49,phylPub-Zone49,phylPub,Zone49,204,204,Broadleaf evergreen forests in subtropical zone,#006400,TRUE,rf_var,Plain RF,2011-2040SSP245,2011-2040,SSP245,12393866,8501128.01140083,5,Top-5,926943,710480.614431934,0.0747904648961026,0.083574863650931
49,phylPub-Zone49,phylPub,Zone49,204,204,Broadleaf evergreen forests in subtropical zone,#006400,TRUE,rf_var,Plain RF,2041-2070SSP245,2041-2070,SSP245,12393866,8501128.01140083,1,Top-1,178779,136730.239554994,0.0144247969116335,0.0160837761026097
49,phylPub-Zone49,phylPub,Zone49,204,204,Broadleaf evergreen forests in subtropical zone,#006400,TRUE,rf_var,Plain RF,2041-2070SSP245,2041-2070,SSP245,12393866,8501128.01140083,3,Top-3,506912,387650.670347862,0.0409002324214252,0.045599909779971
49,phylPub-Zone49,phylPub,Zone49,204,204,Broadleaf evergreen forests in subtropical zone,#006400,TRUE,rf_var,Plain RF,2041-2070SSP245,2041-2070,SSP245,12393866,8501128.01140083,5,Top-5,818970,627444.190280525,0.0660786553606437,0.0738071688179571
49,phylPub-Zone49,phylPub,Zone49,204,204,Broadleaf evergreen forests in subtropical zone,#006400,TRUE,rf_var,Plain RF,2071-2100SSP245,2071-2100,SSP245,12393866,8501128.01140083,1,Top-1,192367,146788.053476868,0.0155211457022369,0.0172668913207767
49,phylPub-Zone49,phylPub,Zone49,204,204,Broadleaf evergreen forests in subtropical zone,#006400,TRUE,rf_var,Plain RF,2071-2100SSP245,2071-2100,SSP245,12393866,8501128.01140083,3,Top-3,478178,365237.105375602,0.0385818274943428,0.0429633696711523
49,phylPub-Zone49,phylPub,Zone49,204,204,Broadleaf evergreen forests in subtropical zone,#006400,TRUE,rf_var,Plain RF,2071-2100SSP245,2071-2100,SSP245,12393866,8501128.01140083,5,Top-5,764367,585173.836847675,0.0616730082445623,0.0688348459243174
49,phylPub-Zone49,phylPub,Zone49,204,204,Broadleaf evergreen forests in subtropical zone,#006400,TRUE,rf_var,Plain RF,2011-2040SSP585,2011-2040,SSP585,12393866,8501128.01140083,1,Top-1,166195,127341.065062184,0.0134094559357024,0.014979313908861
49,phylPub-Zone49,phylPub,Zone49,204,204,Broadleaf evergreen forests in subtropical zone,#006400,TRUE,rf_var,Plain RF,2011-2040SSP585,2011-2040,SSP585,12393866,8501128.01140083,3,Top-3,561371,429710.687570496,0.0452942608867967,0.0505474905205771
49,phylPub-Zone49,phylPub,Zone49,204,204,Broadleaf evergreen forests in subtropical zone,#006400,TRUE,rf_var,Plain RF,2011-2040SSP585,2011-2040,SSP585,12393866,8501128.01140083,5,Top-5,926377,709872.870132848,0.0747447971440066,0.0835033738088452
49,phylPub-Zone49,phylPub,Zone49,204,204,Broadleaf evergreen forests in subtropical zone,#006400,TRUE,rf_var,Plain RF,2041-2070SSP585,2041-2070,SSP585,12393866,8501128.01140083,1,Top-1,179325,136923.784063579,0.0144688509622421,0.0161065430234612
49,phylPub-Zone49,phylPub,Zone49,204,204,Broadleaf evergreen forests in subtropical zone,#006400,TRUE,rf_var,Plain RF,2041-2070SSP585,2041-2070,SSP585,12393866,8501128.01140083,3,Top-3,457803,349742.133581518,0.0369378691039584,0.0411406736979469
49,phylPub-Zone49,phylPub,Zone49,204,204,Broadleaf evergreen forests in subtropical zone,#006400,TRUE,rf_var,Plain RF,2041-2070SSP585,2041-2070,SSP585,12393866,8501128.01140083,5,Top-5,741930,568222.187711475,0.0598626772308172,0.0668407988856813
49,phylPub-Zone49,phylPub,Zone49,204,204,Broadleaf evergreen forests in subtropical zone,#006400,TRUE,rf_var,Plain RF,2071-2100SSP585,2071-2100,SSP585,12393866,8501128.01140083,1,Top-1,196489,149552.646190541,0.0158537295788094,0.017592094365592
49,phylPub-Zone49,phylPub,Zone49,204,204,Broadleaf evergreen forests in subtropical zone,#006400,TRUE,rf_var,Plain RF,2071-2100SSP585,2071-2100,SSP585,12393866,8501128.01140083,3,Top-3,380884,290483.390256093,0.0307316538681312,0.0341699818972879
49,phylPub-Zone49,phylPub,Zone49,204,204,Broadleaf evergreen forests in subtropical zone,#006400,TRUE,rf_var,Plain RF,2071-2100SSP585,2071-2100,SSP585,12393866,8501128.01140083,5,Top-5,552163,421937.361505733,0.0445513127219546,0.0496331029176215
49,phylPub-Zone49,phylPub,Zone49,204,204,Broadleaf evergreen forests in subtropical zone,#006400,TRUE,mf_var,Plain MF RF,2011-2040SSP245,2011-2040,SSP245,12393866,8501128.01140083,1,Top-1,163299,125212.920032862,0.0131757919603133,0.0147289771269106
49,phylPub-Zone49,phylPub,Zone49,204,204,Broadleaf evergreen forests in subtropical zone,#006400,TRUE,mf_var,Plain MF RF,2011-2040SSP245,2011-2040,SSP245,12393866,8501128.01140083,3,Top-3,567719,434757.695087279,0.0458064497389273,0.0511411773242594
49,phylPub-Zone49,phylPub,Zone49,204,204,Broadleaf evergreen forests in subtropical zone,#006400,TRUE,mf_var,Plain MF RF,2011-2040SSP245,2011-2040,SSP245,12393866,8501128.01140083,5,Top-5,936256,717501.952438608,0.0755418849937542,0.0844007938095237
49,phylPub-Zone49,phylPub,Zone49,204,204,Broadleaf evergreen forests in subtropical zone,#006400,TRUE,mf_var,Plain MF RF,2041-2070SSP245,2041-2070,SSP245,12393866,8501128.01140083,1,Top-1,177483,135727.053176907,0.0143202290552439,0.0159657698360599
49,phylPub-Zone49,phylPub,Zone49,204,204,Broadleaf evergreen forests in subtropical zone,#006400,TRUE,mf_var,Plain MF RF,2041-2070SSP245,2041-2070,SSP245,12393866,8501128.01140083,3,Top-3,505164,386242.723434194,0.0407591949114183,0.0454342909454139
49,phylPub-Zone49,phylPub,Zone49,204,204,Broadleaf evergreen forests in subtropical zone,#006400,TRUE,mf_var,Plain MF RF,2041-2070SSP245,2041-2070,SSP245,12393866,8501128.01140083,5,Top-5,833208,638283.415041991,0.0672274494495906,0.0750822025248875
49,phylPub-Zone49,phylPub,Zone49,204,204,Broadleaf evergreen forests in subtropical zone,#006400,TRUE,mf_var,Plain MF RF,2071-2100SSP245,2071-2100,SSP245,12393866,8501128.01140083,1,Top-1,189650,144734.075599949,0.0153019243551609,0.0170252789283783
49,phylPub-Zone49,phylPub,Zone49,204,204,Broadleaf evergreen forests in subtropical zone,#006400,TRUE,mf_var,Plain MF RF,2071-2100SSP245,2071-2100,SSP245,12393866,8501128.01140083,3,Top-3,476318,363749.339336609,0.0384317532560058,0.0427883615972829
49,phylPub-Zone49,phylPub,Zone49,204,204,Broadleaf evergreen forests in subtropical zone,#006400,TRUE,mf_var,Plain MF RF,2071-2100SSP245,2071-2100,SSP245,12393866,8501128.01140083,5,Top-5,773936,592402.545463094,0.0624450837212537,0.0696851693879477
49,phylPub-Zone49,phylPub,Zone49,204,204,Broadleaf evergreen forests in subtropical zone,#006400,TRUE,mf_var,Plain MF RF,2011-2040SSP585,2011-2040,SSP585,12393866,8501128.01140083,1,Top-1,169295,129709.720068583,0.0136595796662639,0.0152579422277408
49,phylPub-Zone49,phylPub,Zone49,204,204,Broadleaf evergreen forests in subtropical zone,#006400,TRUE,mf_var,Plain MF RF,2011-2040SSP585,2011-2040,SSP585,12393866,8501128.01140083,3,Top-3,565835,433077.598578888,0.0456544390588054,0.0509435451387262
49,phylPub-Zone49,phylPub,Zone49,204,204,Broadleaf evergreen forests in subtropical zone,#006400,TRUE,mf_var,Plain MF RF,2011-2040SSP585,2011-2040,SSP585,12393866,8501128.01140083,5,Top-5,936822,717757.011565273,0.0755875527458503,0.0844307967839905
49,phylPub-Zone49,phylPub,Zone49,204,204,Broadleaf evergreen forests in subtropical zone,#006400,TRUE,mf_var,Plain MF RF,2041-2070SSP585,2041-2070,SSP585,12393866,8501128.01140083,1,Top-1,177817,135794.622109808,0.0143471778700851,0.0159737180674958
49,phylPub-Zone49,phylPub,Zone49,204,204,Broadleaf evergreen forests in subtropical zone,#006400,TRUE,mf_var,Plain MF RF,2041-2070SSP585,2041-2070,SSP585,12393866,8501128.01140083,3,Top-3,457591,349523.268762536,0.0369207638681909,0.0411149283123124
49,phylPub-Zone49,phylPub,Zone49,204,204,Broadleaf evergreen forests in subtropical zone,#006400,TRUE,mf_var,Plain MF RF,2041-2070SSP585,2041-2070,SSP585,12393866,8501128.01140083,5,Top-5,753314,576871.34222216,0.0607811961174988,0.0678582114571761
49,phylPub-Zone49,phylPub,Zone49,204,204,Broadleaf evergreen forests in subtropical zone,#006400,TRUE,mf_var,Plain MF RF,2071-2100SSP585,2071-2100,SSP585,12393866,8501128.01140083,1,Top-1,193250,147063.914909236,0.0155923906229098,0.0172993413005909
49,phylPub-Zone49,phylPub,Zone49,204,204,Broadleaf evergreen forests in subtropical zone,#006400,TRUE,mf_var,Plain MF RF,2071-2100SSP585,2071-2100,SSP585,12393866,8501128.01140083,3,Top-3,375320,286167.833644784,0.0302827221143104,0.0336623367229626
49,phylPub-Zone49,phylPub,Zone49,204,204,Broadleaf evergreen forests in subtropical zone,#006400,TRUE,mf_var,Plain MF RF,2071-2100SSP585,2071-2100,SSP585,12393866,8501128.01140083,5,Top-5,546487,417467.107525016,0.0440933442398038,0.0491072604676877
5,pinuYun-Zone5,pinuYun,Zone5,186,186,Grass and forb meadows,#B8DE29,TRUE,rf_var,Plain RF,2011-2040SSP245,2011-2040,SSP245,12393866,8501128.01140083,1,Top-1,192571,111820.237882714,0.0155376054574093,0.0131535765292267
5,pinuYun-Zone5,pinuYun,Zone5,186,186,Grass and forb meadows,#B8DE29,TRUE,rf_var,Plain RF,2011-2040SSP245,2011-2040,SSP245,12393866,8501128.01140083,3,Top-3,806433,466964.681165826,0.0650671065832082,0.0549297317414326
5,pinuYun-Zone5,pinuYun,Zone5,186,186,Grass and forb meadows,#B8DE29,TRUE,rf_var,Plain RF,2011-2040SSP245,2011-2040,SSP245,12393866,8501128.01140083,5,Top-5,1019518,606476.471288213,0.08225988565634,0.0713407056657504
5,pinuYun-Zone5,pinuYun,Zone5,186,186,Grass and forb meadows,#B8DE29,TRUE,rf_var,Plain RF,2041-2070SSP245,2041-2070,SSP245,12393866,8501128.01140083,1,Top-1,227955,127970.031004655,0.0183925661290835,0.015053300083593
5,pinuYun-Zone5,pinuYun,Zone5,186,186,Grass and forb meadows,#B8DE29,TRUE,rf_var,Plain RF,2041-2070SSP245,2041-2070,SSP245,12393866,8501128.01140083,3,Top-3,638201,366431.60241107,0.0514932951510045,0.0431038800874013
5,pinuYun-Zone5,pinuYun,Zone5,186,186,Grass and forb meadows,#B8DE29,TRUE,rf_var,Plain RF,2041-2070SSP245,2041-2070,SSP245,12393866,8501128.01140083,5,Top-5,800748,476169.083396189,0.064608411935388,0.0560124589063476
5,pinuYun-Zone5,pinuYun,Zone5,186,186,Grass and forb meadows,#B8DE29,TRUE,rf_var,Plain RF,2071-2100SSP245,2071-2100,SSP245,12393866,8501128.01140083,1,Top-1,172250,95682.0726016032,0.0138980040610412,0.0112552207746177
5,pinuYun-Zone5,pinuYun,Zone5,186,186,Grass and forb meadows,#B8DE29,TRUE,rf_var,Plain RF,2071-2100SSP245,2071-2100,SSP245,12393866,8501128.01140083,3,Top-3,511638,292759.717778982,0.0412815500829201,0.0344377496005663
5,pinuYun-Zone5,pinuYun,Zone5,186,186,Grass and forb meadows,#B8DE29,TRUE,rf_var,Plain RF,2071-2100SSP245,2071-2100,SSP245,12393866,8501128.01140083,5,Top-5,651437,387425.043186765,0.052561242795428,0.0455733689302397
5,pinuYun-Zone5,pinuYun,Zone5,186,186,Grass and forb meadows,#B8DE29,TRUE,rf_var,Plain RF,2011-2040SSP585,2011-2040,SSP585,12393866,8501128.01140083,1,Top-1,208087,119839.304135999,0.0167895150714071,0.0140968709064589
5,pinuYun-Zone5,pinuYun,Zone5,186,186,Grass and forb meadows,#B8DE29,TRUE,rf_var,Plain RF,2011-2040SSP585,2011-2040,SSP585,12393866,8501128.01140083,3,Top-3,814865,471112.826952934,0.0657474431303356,0.0554176841380492
5,pinuYun-Zone5,pinuYun,Zone5,186,186,Grass and forb meadows,#B8DE29,TRUE,rf_var,Plain RF,2011-2040SSP585,2011-2040,SSP585,12393866,8501128.01140083,5,Top-5,1012533,601437.75111855,0.0816963004118328,0.0707479937147122
5,pinuYun-Zone5,pinuYun,Zone5,186,186,Grass and forb meadows,#B8DE29,TRUE,rf_var,Plain RF,2041-2070SSP585,2041-2070,SSP585,12393866,8501128.01140083,1,Top-1,196402,109258.629485258,0.0158467099773388,0.0128522508235062
5,pinuYun-Zone5,pinuYun,Zone5,186,186,Grass and forb meadows,#B8DE29,TRUE,rf_var,Plain RF,2041-2070SSP585,2041-2070,SSP585,12393866,8501128.01140083,3,Top-3,553380,317132.838423457,0.0446495064574686,0.0373047950810941
5,pinuYun-Zone5,pinuYun,Zone5,186,186,Grass and forb meadows,#B8DE29,TRUE,rf_var,Plain RF,2041-2070SSP585,2041-2070,SSP585,12393866,8501128.01140083,5,Top-5,691516,411647.373251573,0.0557950198912914,0.0484226766964942
5,pinuYun-Zone5,pinuYun,Zone5,186,186,Grass and forb meadows,#B8DE29,TRUE,rf_var,Plain RF,2071-2100SSP585,2071-2100,SSP585,12393866,8501128.01140083,1,Top-1,66919,38191.0515690112,0.0053993644920802,0.00449246870742252
5,pinuYun-Zone5,pinuYun,Zone5,186,186,Grass and forb meadows,#B8DE29,TRUE,rf_var,Plain RF,2071-2100SSP585,2071-2100,SSP585,12393866,8501128.01140083,3,Top-3,209543,123159.699216353,0.0169069925396967,0.0144874537886247
5,pinuYun-Zone5,pinuYun,Zone5,186,186,Grass and forb meadows,#B8DE29,TRUE,rf_var,Plain RF,2071-2100SSP585,2071-2100,SSP585,12393866,8501128.01140083,5,Top-5,272442,167535.529559103,0.0219820030327906,0.0197074469804973
5,pinuYun-Zone5,pinuYun,Zone5,186,186,Grass and forb meadows,#B8DE29,TRUE,mf_var,Plain MF RF,2011-2040SSP245,2011-2040,SSP245,12393866,8501128.01140083,1,Top-1,207669,119921.266773665,0.0167557887103185,0.0141065122902324
5,pinuYun-Zone5,pinuYun,Zone5,186,186,Grass and forb meadows,#B8DE29,TRUE,mf_var,Plain MF RF,2011-2040SSP245,2011-2040,SSP245,12393866,8501128.01140083,3,Top-3,819806,474804.276929825,0.066146108082821,0.0558519147450863
5,pinuYun-Zone5,pinuYun,Zone5,186,186,Grass and forb meadows,#B8DE29,TRUE,mf_var,Plain MF RF,2011-2040SSP245,2011-2040,SSP245,12393866,8501128.01140083,5,Top-5,1028285,611560.368558657,0.082967251703383,0.0719387318645826
5,pinuYun-Zone5,pinuYun,Zone5,186,186,Grass and forb meadows,#B8DE29,TRUE,mf_var,Plain MF RF,2041-2070SSP245,2041-2070,SSP245,12393866,8501128.01140083,1,Top-1,245101,136930.790344893,0.0197759924143121,0.0161073671824792
5,pinuYun-Zone5,pinuYun,Zone5,186,186,Grass and forb meadows,#B8DE29,TRUE,mf_var,Plain MF RF,2041-2070SSP245,2041-2070,SSP245,12393866,8501128.01140083,3,Top-3,649572,372762.190378776,0.0524107651317192,0.0438485563185105
5,pinuYun-Zone5,pinuYun,Zone5,186,186,Grass and forb meadows,#B8DE29,TRUE,mf_var,Plain MF RF,2041-2070SSP245,2041-2070,SSP245,12393866,8501128.01140083,5,Top-5,791439,469600.744035557,0.063857314578034,0.0552398156345579
5,pinuYun-Zone5,pinuYun,Zone5,186,186,Grass and forb meadows,#B8DE29,TRUE,mf_var,Plain MF RF,2071-2100SSP245,2071-2100,SSP245,12393866,8501128.01140083,1,Top-1,176872,97937.4651125191,0.014270930474801,0.011520525862118
5,pinuYun-Zone5,pinuYun,Zone5,186,186,Grass and forb meadows,#B8DE29,TRUE,mf_var,Plain MF RF,2071-2100SSP245,2071-2100,SSP245,12393866,8501128.01140083,3,Top-3,483010,275417.810669791,0.0389716977737213,0.0323977959513643
5,pinuYun-Zone5,pinuYun,Zone5,186,186,Grass and forb meadows,#B8DE29,TRUE,mf_var,Plain MF RF,2071-2100SSP245,2071-2100,SSP245,12393866,8501128.01140083,5,Top-5,601493,356685.133882237,0.0485315074408582,0.0419573888787333
5,pinuYun-Zone5,pinuYun,Zone5,186,186,Grass and forb meadows,#B8DE29,TRUE,mf_var,Plain MF RF,2011-2040SSP585,2011-2040,SSP585,12393866,8501128.01140083,1,Top-1,220122,126244.18682849,0.0177605599415065,0.0148502865336441
5,pinuYun-Zone5,pinuYun,Zone5,186,186,Grass and forb meadows,#B8DE29,TRUE,mf_var,Plain MF RF,2011-2040SSP585,2011-2040,SSP585,12393866,8501128.01140083,3,Top-3,832234,481138.401157786,0.0671488621871497,0.0565970069516108
5,pinuYun-Zone5,pinuYun,Zone5,186,186,Grass and forb meadows,#B8DE29,TRUE,mf_var,Plain MF RF,2011-2040SSP585,2011-2040,SSP585,12393866,8501128.01140083,5,Top-5,1020417,605843.159344729,0.0823324215382029,0.071266208264625
5,pinuYun-Zone5,pinuYun,Zone5,186,186,Grass and forb meadows,#B8DE29,TRUE,mf_var,Plain MF RF,2041-2070SSP585,2041-2070,SSP585,12393866,8501128.01140083,1,Top-1,208165,115278.240993944,0.0167958085072083,0.0135603464433596
5,pinuYun-Zone5,pinuYun,Zone5,186,186,Grass and forb meadows,#B8DE29,TRUE,mf_var,Plain MF RF,2041-2070SSP585,2041-2070,SSP585,12393866,8501128.01140083,3,Top-3,526129,300544.172905001,0.0424507574956838,0.0353534463311153
5,pinuYun-Zone5,pinuYun,Zone5,186,186,Grass and forb meadows,#B8DE29,TRUE,mf_var,Plain MF RF,2041-2070SSP585,2041-2070,SSP585,12393866,8501128.01140083,5,Top-5,649212,385524.994889254,0.0523817185049443,0.0453498634972004
5,pinuYun-Zone5,pinuYun,Zone5,186,186,Grass and forb meadows,#B8DE29,TRUE,mf_var,Plain MF RF,2071-2100SSP585,2071-2100,SSP585,12393866,8501128.01140083,1,Top-1,55389,31869.9289029414,0.00446906558453997,0.00374890589345329
5,pinuYun-Zone5,pinuYun,Zone5,186,186,Grass and forb meadows,#B8DE29,TRUE,mf_var,Plain MF RF,2071-2100SSP585,2071-2100,SSP585,12393866,8501128.01140083,3,Top-3,180405,106486.562631454,0.0145559908425668,0.0125261685847625
5,pinuYun-Zone5,pinuYun,Zone5,186,186,Grass and forb meadows,#B8DE29,TRUE,mf_var,Plain MF RF,2071-2100SSP585,2071-2100,SSP585,12393866,8501128.01140083,5,Top-5,236567,146871.376872377,0.0190874259895984,0.017276692772466
7,pinuYun-Zone7,pinuYun,Zone7,19,19,Deciduous scrubs in temperate zone,#C77DFF,TRUE,rf_var,Plain RF,2011-2040SSP245,2011-2040,SSP245,12393866,8501128.01140083,1,Top-1,234864,154116.874344455,0.0189500193079383,0.0181289911336201
7,pinuYun-Zone7,pinuYun,Zone7,19,19,Deciduous scrubs in temperate zone,#C77DFF,TRUE,rf_var,Plain RF,2011-2040SSP245,2011-2040,SSP245,12393866,8501128.01140083,3,Top-3,862636,567368.89404171,0.0696018498182891,0.0667404247154982
7,pinuYun-Zone7,pinuYun,Zone7,19,19,Deciduous scrubs in temperate zone,#C77DFF,TRUE,rf_var,Plain RF,2011-2040SSP245,2011-2040,SSP245,12393866,8501128.01140083,5,Top-5,1177402,777119.376502312,0.0949987679389143,0.0914136777448969
7,pinuYun-Zone7,pinuYun,Zone7,19,19,Deciduous scrubs in temperate zone,#C77DFF,TRUE,rf_var,Plain RF,2041-2070SSP245,2041-2070,SSP245,12393866,8501128.01140083,1,Top-1,256030,167241.286045414,0.0206577995921531,0.0196728346898349
7,pinuYun-Zone7,pinuYun,Zone7,19,19,Deciduous scrubs in temperate zone,#C77DFF,TRUE,rf_var,Plain RF,2041-2070SSP245,2041-2070,SSP245,12393866,8501128.01140083,3,Top-3,769095,506122.995540601,0.0620544872762058,0.0595359809735651
7,pinuYun-Zone7,pinuYun,Zone7,19,19,Deciduous scrubs in temperate zone,#C77DFF,TRUE,rf_var,Plain RF,2041-2070SSP245,2041-2070,SSP245,12393866,8501128.01140083,5,Top-5,1033666,683642.38542879,0.0834014180885932,0.0804178439040043
7,pinuYun-Zone7,pinuYun,Zone7,19,19,Deciduous scrubs in temperate zone,#C77DFF,TRUE,rf_var,Plain RF,2071-2100SSP245,2071-2100,SSP245,12393866,8501128.01140083,1,Top-1,233951,153007.368365041,0.0188763538350342,0.0179984783383856
7,pinuYun-Zone7,pinuYun,Zone7,19,19,Deciduous scrubs in temperate zone,#C77DFF,TRUE,rf_var,Plain RF,2071-2100SSP245,2071-2100,SSP245,12393866,8501128.01140083,3,Top-3,658468,433778.595233472,0.0531285395533565,0.0510260043904448
7,pinuYun-Zone7,pinuYun,Zone7,19,19,Deciduous scrubs in temperate zone,#C77DFF,TRUE,rf_var,Plain RF,2071-2100SSP245,2071-2100,SSP245,12393866,8501128.01140083,5,Top-5,868919,575059.378191839,0.0701087941405854,0.067645067504057
7,pinuYun-Zone7,pinuYun,Zone7,19,19,Deciduous scrubs in temperate zone,#C77DFF,TRUE,rf_var,Plain RF,2011-2040SSP585,2011-2040,SSP585,12393866,8501128.01140083,1,Top-1,240658,157720.188303856,0.0194175086288653,0.0185528541732742
7,pinuYun-Zone7,pinuYun,Zone7,19,19,Deciduous scrubs in temperate zone,#C77DFF,TRUE,rf_var,Plain RF,2011-2040SSP585,2011-2040,SSP585,12393866,8501128.01140083,3,Top-3,856764,563657.92196866,0.0691280670615609,0.0663038976960163
7,pinuYun-Zone7,pinuYun,Zone7,19,19,Deciduous scrubs in temperate zone,#C77DFF,TRUE,rf_var,Plain RF,2011-2040SSP585,2011-2040,SSP585,12393866,8501128.01140083,5,Top-5,1168645,771616.086702585,0.0942922087426151,0.0907663177954471
7,pinuYun-Zone7,pinuYun,Zone7,19,19,Deciduous scrubs in temperate zone,#C77DFF,TRUE,rf_var,Plain RF,2041-2070SSP585,2041-2070,SSP585,12393866,8501128.01140083,1,Top-1,237919,155616.32284032,0.019196512210153,0.0183053734318108
7,pinuYun-Zone7,pinuYun,Zone7,19,19,Deciduous scrubs in temperate zone,#C77DFF,TRUE,rf_var,Plain RF,2041-2070SSP585,2041-2070,SSP585,12393866,8501128.01140083,3,Top-3,662013,436124.591625067,0.0534145681420148,0.0513019673436493
7,pinuYun-Zone7,pinuYun,Zone7,19,19,Deciduous scrubs in temperate zone,#C77DFF,TRUE,rf_var,Plain RF,2041-2070SSP585,2041-2070,SSP585,12393866,8501128.01140083,5,Top-5,872437,577776.516437604,0.0703926442322355,0.067964688411085
7,pinuYun-Zone7,pinuYun,Zone7,19,19,Deciduous scrubs in temperate zone,#C77DFF,TRUE,rf_var,Plain RF,2071-2100SSP585,2071-2100,SSP585,12393866,8501128.01140083,1,Top-1,151761,99669.9941668286,0.012244847572178,0.0117243257639647
7,pinuYun-Zone7,pinuYun,Zone7,19,19,Deciduous scrubs in temperate zone,#C77DFF,TRUE,rf_var,Plain RF,2071-2100SSP585,2071-2100,SSP585,12393866,8501128.01140083,3,Top-3,448104,297373.18000512,0.0361553045675982,0.0349804378438149
7,pinuYun-Zone7,pinuYun,Zone7,19,19,Deciduous scrubs in temperate zone,#C77DFF,TRUE,rf_var,Plain RF,2071-2100SSP585,2071-2100,SSP585,12393866,8501128.01140083,5,Top-5,528045,351612.474602465,0.0426053500981857,0.0413606846210196
7,pinuYun-Zone7,pinuYun,Zone7,19,19,Deciduous scrubs in temperate zone,#C77DFF,TRUE,mf_var,Plain MF RF,2011-2040SSP245,2011-2040,SSP245,12393866,8501128.01140083,1,Top-1,235290,154347.65893979,0.0189843911496219,0.0181561386598102
7,pinuYun-Zone7,pinuYun,Zone7,19,19,Deciduous scrubs in temperate zone,#C77DFF,TRUE,mf_var,Plain MF RF,2011-2040SSP245,2011-2040,SSP245,12393866,8501128.01140083,3,Top-3,853077,560942.04522725,0.0688305811923414,0.0659844251815727
7,pinuYun-Zone7,pinuYun,Zone7,19,19,Deciduous scrubs in temperate zone,#C77DFF,TRUE,mf_var,Plain MF RF,2011-2040SSP245,2011-2040,SSP245,12393866,8501128.01140083,5,Top-5,1166582,769516.215322718,0.0941257554341801,0.0905193068838303
7,pinuYun-Zone7,pinuYun,Zone7,19,19,Deciduous scrubs in temperate zone,#C77DFF,TRUE,mf_var,Plain MF RF,2041-2070SSP245,2041-2070,SSP245,12393866,8501128.01140083,1,Top-1,251714,164370.193234042,0.0203095628111519,0.0193351038842852
7,pinuYun-Zone7,pinuYun,Zone7,19,19,Deciduous scrubs in temperate zone,#C77DFF,TRUE,mf_var,Plain MF RF,2041-2070SSP245,2041-2070,SSP245,12393866,8501128.01140083,3,Top-3,751861,495024.158691097,0.0606639607044323,0.0582304087207277
7,pinuYun-Zone7,pinuYun,Zone7,19,19,Deciduous scrubs in temperate zone,#C77DFF,TRUE,mf_var,Plain MF RF,2041-2070SSP245,2041-2070,SSP245,12393866,8501128.01140083,5,Top-5,1016788,672709.972505567,0.0820396154032971,0.0791318483386438
7,pinuYun-Zone7,pinuYun,Zone7,19,19,Deciduous scrubs in temperate zone,#C77DFF,TRUE,mf_var,Plain MF RF,2071-2100SSP245,2071-2100,SSP245,12393866,8501128.01140083,1,Top-1,226293,148150.991301697,0.0182584675354728,0.0174272156710277
7,pinuYun-Zone7,pinuYun,Zone7,19,19,Deciduous scrubs in temperate zone,#C77DFF,TRUE,mf_var,Plain MF RF,2071-2100SSP245,2071-2100,SSP245,12393866,8501128.01140083,3,Top-3,638513,421537.816718558,0.0515184688942094,0.0495861038856532
7,pinuYun-Zone7,pinuYun,Zone7,19,19,Deciduous scrubs in temperate zone,#C77DFF,TRUE,mf_var,Plain MF RF,2071-2100SSP245,2071-2100,SSP245,12393866,8501128.01140083,5,Top-5,833918,553170.190577253,0.0672847358523967,0.0650702106632672
7,pinuYun-Zone7,pinuYun,Zone7,19,19,Deciduous scrubs in temperate zone,#C77DFF,TRUE,mf_var,Plain MF RF,2011-2040SSP585,2011-2040,SSP585,12393866,8501128.01140083,1,Top-1,243025,159210.972768288,0.0196084901999102,0.0187282173088996
7,pinuYun-Zone7,pinuYun,Zone7,19,19,Deciduous scrubs in temperate zone,#C77DFF,TRUE,mf_var,Plain MF RF,2011-2040SSP585,2011-2040,SSP585,12393866,8501128.01140083,3,Top-3,846707,556889.36439538,0.0683166172685746,0.0655077024659008
7,pinuYun-Zone7,pinuYun,Zone7,19,19,Deciduous scrubs in temperate zone,#C77DFF,TRUE,mf_var,Plain MF RF,2011-2040SSP585,2011-2040,SSP585,12393866,8501128.01140083,5,Top-5,1157323,763731.049524265,0.0933786923305448,0.0898387894524148
7,pinuYun-Zone7,pinuYun,Zone7,19,19,Deciduous scrubs in temperate zone,#C77DFF,TRUE,mf_var,Plain MF RF,2041-2070SSP585,2041-2070,SSP585,12393866,8501128.01140083,1,Top-1,229088,150009.579498458,0.0184839823183501,0.0176458440923699
7,pinuYun-Zone7,pinuYun,Zone7,19,19,Deciduous scrubs in temperate zone,#C77DFF,TRUE,mf_var,Plain MF RF,2041-2070SSP585,2041-2070,SSP585,12393866,8501128.01140083,3,Top-3,637513,420751.18406835,0.0514377838198348,0.0494935711477444
7,pinuYun-Zone7,pinuYun,Zone7,19,19,Deciduous scrubs in temperate zone,#C77DFF,TRUE,mf_var,Plain MF RF,2041-2070SSP585,2041-2070,SSP585,12393866,8501128.01140083,5,Top-5,842125,558559.300896576,0.0679469182577898,0.0657041395150731
7,pinuYun-Zone7,pinuYun,Zone7,19,19,Deciduous scrubs in temperate zone,#C77DFF,TRUE,mf_var,Plain MF RF,2071-2100SSP585,2071-2100,SSP585,12393866,8501128.01140083,1,Top-1,133856,88396.8844666906,0.0108001813154991,0.0103982535433112
7,pinuYun-Zone7,pinuYun,Zone7,19,19,Deciduous scrubs in temperate zone,#C77DFF,TRUE,mf_var,Plain MF RF,2071-2100SSP585,2071-2100,SSP585,12393866,8501128.01140083,3,Top-3,430168,286756.610770881,0.0347081370736137,0.0337315954290199
7,pinuYun-Zone7,pinuYun,Zone7,19,19,Deciduous scrubs in temperate zone,#C77DFF,TRUE,mf_var,Plain MF RF,2071-2100SSP585,2071-2100,SSP585,12393866,8501128.01140083,5,Top-5,507953,339654.956338963,0.0409842255838493,0.0399541044298419
10,pinuYun-Zone10,pinuYun,Zone10,138,138,Needleleaf forests on mountains in subtropical and tropical zones,#006D77,TRUE,rf_var,Plain RF,2011-2040SSP245,2011-2040,SSP245,12393866,8501128.01140083,1,Top-1,181852,135166.533597872,0.014672742145187,0.0158998351061884
10,pinuYun-Zone10,pinuYun,Zone10,138,138,Needleleaf forests on mountains in subtropical and tropical zones,#006D77,TRUE,rf_var,Plain RF,2011-2040SSP245,2011-2040,SSP245,12393866,8501128.01140083,3,Top-3,377949,280629.965374406,0.0304948431748415,0.0330109092579307
10,pinuYun-Zone10,pinuYun,Zone10,138,138,Needleleaf forests on mountains in subtropical and tropical zones,#006D77,TRUE,rf_var,Plain RF,2011-2040SSP245,2011-2040,SSP245,12393866,8501128.01140083,5,Top-5,481229,356301.914231678,0.03882799765626,0.0419123101962284
10,pinuYun-Zone10,pinuYun,Zone10,138,138,Needleleaf forests on mountains in subtropical and tropical zones,#006D77,TRUE,rf_var,Plain RF,2041-2070SSP245,2041-2070,SSP245,12393866,8501128.01140083,1,Top-1,206025,152756.621912314,0.0166231424480465,0.0179689826700001
10,pinuYun-Zone10,pinuYun,Zone10,138,138,Needleleaf forests on mountains in subtropical and tropical zones,#006D77,TRUE,rf_var,Plain RF,2041-2070SSP245,2041-2070,SSP245,12393866,8501128.01140083,3,Top-3,398220,295086.54068641,0.0321304103174909,0.0347114571490596
10,pinuYun-Zone10,pinuYun,Zone10,138,138,Needleleaf forests on mountains in subtropical and tropical zones,#006D77,TRUE,rf_var,Plain RF,2041-2070SSP245,2041-2070,SSP245,12393866,8501128.01140083,5,Top-5,479956,354946.680798945,0.038725285556581,0.0417528921247777
10,pinuYun-Zone10,pinuYun,Zone10,138,138,Needleleaf forests on mountains in subtropical and tropical zones,#006D77,TRUE,rf_var,Plain RF,2071-2100SSP245,2071-2100,SSP245,12393866,8501128.01140083,1,Top-1,226021,167526.472077699,0.0182365211952429,0.019706381535842
10,pinuYun-Zone10,pinuYun,Zone10,138,138,Needleleaf forests on mountains in subtropical and tropical zones,#006D77,TRUE,rf_var,Plain RF,2071-2100SSP245,2071-2100,SSP245,12393866,8501128.01140083,3,Top-3,427219,315930.976375202,0.0344701967892827,0.0371634183077244
10,pinuYun-Zone10,pinuYun,Zone10,138,138,Needleleaf forests on mountains in subtropical and tropical zones,#006D77,TRUE,rf_var,Plain RF,2071-2100SSP245,2071-2100,SSP245,12393866,8501128.01140083,5,Top-5,485317,358431.011217762,0.0391578382403037,0.0421627589582313
10,pinuYun-Zone10,pinuYun,Zone10,138,138,Needleleaf forests on mountains in subtropical and tropical zones,#006D77,TRUE,rf_var,Plain RF,2011-2040SSP585,2011-2040,SSP585,12393866,8501128.01140083,1,Top-1,179962,133869.00877467,0.0145202473546188,0.015747205382055
10,pinuYun-Zone10,pinuYun,Zone10,138,138,Needleleaf forests on mountains in subtropical and tropical zones,#006D77,TRUE,rf_var,Plain RF,2011-2040SSP585,2011-2040,SSP585,12393866,8501128.01140083,3,Top-3,374136,277885.97291038,0.0301871909862508,0.0326881294503163
10,pinuYun-Zone10,pinuYun,Zone10,138,138,Needleleaf forests on mountains in subtropical and tropical zones,#006D77,TRUE,rf_var,Plain RF,2011-2040SSP585,2011-2040,SSP585,12393866,8501128.01140083,5,Top-5,478618,354419.454876108,0.0386173289270676,0.0416908737759033
10,pinuYun-Zone10,pinuYun,Zone10,138,138,Needleleaf forests on mountains in subtropical and tropical zones,#006D77,TRUE,rf_var,Plain RF,2041-2070SSP585,2041-2070,SSP585,12393866,8501128.01140083,1,Top-1,222145,164618.877605268,0.0179237858469666,0.0193643569870373
10,pinuYun-Zone10,pinuYun,Zone10,138,138,Needleleaf forests on mountains in subtropical and tropical zones,#006D77,TRUE,rf_var,Plain RF,2041-2070SSP585,2041-2070,SSP585,12393866,8501128.01140083,3,Top-3,422631,312672.177193712,0.0341000136680516,0.03678008104035
10,pinuYun-Zone10,pinuYun,Zone10,138,138,Needleleaf forests on mountains in subtropical and tropical zones,#006D77,TRUE,rf_var,Plain RF,2041-2070SSP585,2041-2070,SSP585,12393866,8501128.01140083,5,Top-5,481139,355496.956061093,0.0388207359995662,0.0418176218008172
10,pinuYun-Zone10,pinuYun,Zone10,138,138,Needleleaf forests on mountains in subtropical and tropical zones,#006D77,TRUE,rf_var,Plain RF,2071-2100SSP585,2071-2100,SSP585,12393866,8501128.01140083,1,Top-1,275814,203649.949984204,0.022254073103582,0.0239556385589171
10,pinuYun-Zone10,pinuYun,Zone10,138,138,Needleleaf forests on mountains in subtropical and tropical zones,#006D77,TRUE,rf_var,Plain RF,2071-2100SSP585,2071-2100,SSP585,12393866,8501128.01140083,3,Top-3,432735,319283.244806107,0.0349152556595335,0.0375577504982772
10,pinuYun-Zone10,pinuYun,Zone10,138,138,Needleleaf forests on mountains in subtropical and tropical zones,#006D77,TRUE,rf_var,Plain RF,2071-2100SSP585,2071-2100,SSP585,12393866,8501128.01140083,5,Top-5,455575,335883.03823131,0.0367581027582515,0.0395104082400428
10,pinuYun-Zone10,pinuYun,Zone10,138,138,Needleleaf forests on mountains in subtropical and tropical zones,#006D77,TRUE,mf_var,Plain MF RF,2011-2040SSP245,2011-2040,SSP245,12393866,8501128.01140083,1,Top-1,180470,134140.912724759,0.0145612353724012,0.0157791898374972
10,pinuYun-Zone10,pinuYun,Zone10,138,138,Needleleaf forests on mountains in subtropical and tropical zones,#006D77,TRUE,mf_var,Plain MF RF,2011-2040SSP245,2011-2040,SSP245,12393866,8501128.01140083,3,Top-3,378631,281155.23495191,0.030549870395565,0.0330726974790703
10,pinuYun-Zone10,pinuYun,Zone10,138,138,Needleleaf forests on mountains in subtropical and tropical zones,#006D77,TRUE,mf_var,Plain MF RF,2011-2040SSP245,2011-2040,SSP245,12393866,8501128.01140083,5,Top-5,481517,356524.400541089,0.0388512349576799,0.041938481583027
10,pinuYun-Zone10,pinuYun,Zone10,138,138,Needleleaf forests on mountains in subtropical and tropical zones,#006D77,TRUE,mf_var,Plain MF RF,2041-2070SSP245,2041-2070,SSP245,12393866,8501128.01140083,1,Top-1,206040,152765.772015656,0.0166243527241621,0.0179700590099082
10,pinuYun-Zone10,pinuYun,Zone10,138,138,Needleleaf forests on mountains in subtropical and tropical zones,#006D77,TRUE,mf_var,Plain MF RF,2041-2070SSP245,2041-2070,SSP245,12393866,8501128.01140083,3,Top-3,399039,295701.789042199,0.0321964913934038,0.0347838297042033
10,pinuYun-Zone10,pinuYun,Zone10,138,138,Needleleaf forests on mountains in subtropical and tropical zones,#006D77,TRUE,mf_var,Plain MF RF,2041-2070SSP245,2041-2070,SSP245,12393866,8501128.01140083,5,Top-5,480904,355639.637819416,0.0388017750070882,0.0418344056626919
10,pinuYun-Zone10,pinuYun,Zone10,138,138,Needleleaf forests on mountains in subtropical and tropical zones,#006D77,TRUE,mf_var,Plain MF RF,2071-2100SSP245,2071-2100,SSP245,12393866,8501128.01140083,1,Top-1,228735,169461.224634375,0.0184555004870958,0.0199339692811485
10,pinuYun-Zone10,pinuYun,Zone10,138,138,Needleleaf forests on mountains in subtropical and tropical zones,#006D77,TRUE,mf_var,Plain MF RF,2071-2100SSP245,2071-2100,SSP245,12393866,8501128.01140083,3,Top-3,427882,316430.92206463,0.0345236909935931,0.0372222276432334
10,pinuYun-Zone10,pinuYun,Zone10,138,138,Needleleaf forests on mountains in subtropical and tropical zones,#006D77,TRUE,mf_var,Plain MF RF,2071-2100SSP245,2071-2100,SSP245,12393866,8501128.01140083,5,Top-5,487015,359689.674244283,0.0392948414965919,0.0423108173129383
10,pinuYun-Zone10,pinuYun,Zone10,138,138,Needleleaf forests on mountains in subtropical and tropical zones,#006D77,TRUE,mf_var,Plain MF RF,2011-2040SSP585,2011-2040,SSP585,12393866,8501128.01140083,1,Top-1,178861,133060.507099395,0.0144314130877323,0.0156521001590551
10,pinuYun-Zone10,pinuYun,Zone10,138,138,Needleleaf forests on mountains in subtropical and tropical zones,#006D77,TRUE,mf_var,Plain MF RF,2011-2040SSP585,2011-2040,SSP585,12393866,8501128.01140083,3,Top-3,373892,277735.601329962,0.0301675038281034,0.0326704410235314
10,pinuYun-Zone10,pinuYun,Zone10,138,138,Needleleaf forests on mountains in subtropical and tropical zones,#006D77,TRUE,mf_var,Plain MF RF,2011-2040SSP585,2011-2040,SSP585,12393866,8501128.01140083,5,Top-5,478976,354692.951579155,0.0386462141836938,0.0417230455891827
10,pinuYun-Zone10,pinuYun,Zone10,138,138,Needleleaf forests on mountains in subtropical and tropical zones,#006D77,TRUE,mf_var,Plain MF RF,2041-2070SSP585,2041-2070,SSP585,12393866,8501128.01140083,1,Top-1,225087,166744.341216616,0.0181611613357769,0.0196143783499078
10,pinuYun-Zone10,pinuYun,Zone10,138,138,Needleleaf forests on mountains in subtropical and tropical zones,#006D77,TRUE,mf_var,Plain MF RF,2041-2070SSP585,2041-2070,SSP585,12393866,8501128.01140083,3,Top-3,423536,313357.082308609,0.0341730336603607,0.0368606474209501
10,pinuYun-Zone10,pinuYun,Zone10,138,138,Needleleaf forests on mountains in subtropical and tropical zones,#006D77,TRUE,mf_var,Plain MF RF,2041-2070SSP585,2041-2070,SSP585,12393866,8501128.01140083,5,Top-5,482471,356499.042227741,0.0389282085186333,0.041935498647902
10,pinuYun-Zone10,pinuYun,Zone10,138,138,Needleleaf forests on mountains in subtropical and tropical zones,#006D77,TRUE,mf_var,Plain MF RF,2071-2100SSP585,2071-2100,SSP585,12393866,8501128.01140083,1,Top-1,267742,197777.804511774,0.0216027831832295,0.0232648895824807
10,pinuYun-Zone10,pinuYun,Zone10,138,138,Needleleaf forests on mountains in subtropical and tropical zones,#006D77,TRUE,mf_var,Plain MF RF,2071-2100SSP585,2071-2100,SSP585,12393866,8501128.01140083,3,Top-3,435248,321202.69091257,0.0351180172514371,0.0377835377236769
10,pinuYun-Zone10,pinuYun,Zone10,138,138,Needleleaf forests on mountains in subtropical and tropical zones,#006D77,TRUE,mf_var,Plain MF RF,2071-2100SSP585,2071-2100,SSP585,12393866,8501128.01140083,5,Top-5,459128,338566.403961505,0.0370447768275048,0.0398260564371522
18,pinuYun-Zone18,pinuYun,Zone18,10,10,Subalpine broadleaf deciduous scrubs,#9D4EDD,TRUE,rf_var,Plain RF,2011-2040SSP245,2011-2040,SSP245,12393866,8501128.01140083,1,Top-1,201169,141821.970500442,0.016231335726883,0.0166827237879779
18,pinuYun-Zone18,pinuYun,Zone18,10,10,Subalpine broadleaf deciduous scrubs,#9D4EDD,TRUE,rf_var,Plain RF,2011-2040SSP245,2011-2040,SSP245,12393866,8501128.01140083,3,Top-3,885493,628872.086621095,0.0714460685632716,0.0739751343324929
18,pinuYun-Zone18,pinuYun,Zone18,10,10,Subalpine broadleaf deciduous scrubs,#9D4EDD,TRUE,rf_var,Plain RF,2011-2040SSP245,2011-2040,SSP245,12393866,8501128.01140083,5,Top-5,1193092,846661.475568561,0.0962647167558533,0.0995940155745339
18,pinuYun-Zone18,pinuYun,Zone18,10,10,Subalpine broadleaf deciduous scrubs,#9D4EDD,TRUE,rf_var,Plain RF,2041-2070SSP245,2041-2070,SSP245,12393866,8501128.01140083,1,Top-1,243632,171528.327390671,0.0196574660400556,0.0201771255721164
18,pinuYun-Zone18,pinuYun,Zone18,10,10,Subalpine broadleaf deciduous scrubs,#9D4EDD,TRUE,rf_var,Plain RF,2041-2070SSP245,2041-2070,SSP245,12393866,8501128.01140083,3,Top-3,1030558,731170.117994375,0.0831506488774366,0.0860085999191878
18,pinuYun-Zone18,pinuYun,Zone18,10,10,Subalpine broadleaf deciduous scrubs,#9D4EDD,TRUE,rf_var,Plain RF,2041-2070SSP245,2041-2070,SSP245,12393866,8501128.01140083,5,Top-5,1356141,963005.356239943,0.109420337447573,0.113279714756496
18,pinuYun-Zone18,pinuYun,Zone18,10,10,Subalpine broadleaf deciduous scrubs,#9D4EDD,TRUE,rf_var,Plain RF,2071-2100SSP245,2071-2100,SSP245,12393866,8501128.01140083,1,Top-1,344526,242492.439423637,0.0277981059340161,0.0285247368465021
18,pinuYun-Zone18,pinuYun,Zone18,10,10,Subalpine broadleaf deciduous scrubs,#9D4EDD,TRUE,rf_var,Plain RF,2071-2100SSP245,2071-2100,SSP245,12393866,8501128.01140083,3,Top-3,1160010,822804.006809669,0.0935954931253896,0.0967876269721159
18,pinuYun-Zone18,pinuYun,Zone18,10,10,Subalpine broadleaf deciduous scrubs,#9D4EDD,TRUE,rf_var,Plain RF,2071-2100SSP245,2071-2100,SSP245,12393866,8501128.01140083,5,Top-5,1461614,1038661.51289387,0.117930434297095,0.122179258035042
18,pinuYun-Zone18,pinuYun,Zone18,10,10,Subalpine broadleaf deciduous scrubs,#9D4EDD,TRUE,rf_var,Plain RF,2011-2040SSP585,2011-2040,SSP585,12393866,8501128.01140083,1,Top-1,199610,140679.018018258,0.0161055476959328,0.0165482766321827
18,pinuYun-Zone18,pinuYun,Zone18,10,10,Subalpine broadleaf deciduous scrubs,#9D4EDD,TRUE,rf_var,Plain RF,2011-2040SSP585,2011-2040,SSP585,12393866,8501128.01140083,3,Top-3,886847,629702.199504286,0.0715553161539749,0.0740727817131791
18,pinuYun-Zone18,pinuYun,Zone18,10,10,Subalpine broadleaf deciduous scrubs,#9D4EDD,TRUE,rf_var,Plain RF,2011-2040SSP585,2011-2040,SSP585,12393866,8501128.01140083,5,Top-5,1194354,847480.203744359,0.0963665413197141,0.0996903237556012
18,pinuYun-Zone18,pinuYun,Zone18,10,10,Subalpine broadleaf deciduous scrubs,#9D4EDD,TRUE,rf_var,Plain RF,2041-2070SSP585,2041-2070,SSP585,12393866,8501128.01140083,1,Top-1,332533,233762.672133384,0.0268304498370404,0.027497841676997
18,pinuYun-Zone18,pinuYun,Zone18,10,10,Subalpine broadleaf deciduous scrubs,#9D4EDD,TRUE,rf_var,Plain RF,2041-2070SSP585,2041-2070,SSP585,12393866,8501128.01140083,3,Top-3,1129744,800787.886341361,0.0911534786643651,0.0941978388359083
18,pinuYun-Zone18,pinuYun,Zone18,10,10,Subalpine broadleaf deciduous scrubs,#9D4EDD,TRUE,rf_var,Plain RF,2041-2070SSP585,2041-2070,SSP585,12393866,8501128.01140083,5,Top-5,1442460,1024629.45928679,0.116384992382522,0.12052864724689
18,pinuYun-Zone18,pinuYun,Zone18,10,10,Subalpine broadleaf deciduous scrubs,#9D4EDD,TRUE,rf_var,Plain RF,2071-2100SSP585,2071-2100,SSP585,12393866,8501128.01140083,1,Top-1,618440,437377.46146596,0.0498988773962862,0.0514493442375405
18,pinuYun-Zone18,pinuYun,Zone18,10,10,Subalpine broadleaf deciduous scrubs,#9D4EDD,TRUE,rf_var,Plain RF,2071-2100SSP585,2071-2100,SSP585,12393866,8501128.01140083,3,Top-3,1444942,1030725.26530273,0.11658525273712,0.121245705736983
18,pinuYun-Zone18,pinuYun,Zone18,10,10,Subalpine broadleaf deciduous scrubs,#9D4EDD,TRUE,rf_var,Plain RF,2071-2100SSP585,2071-2100,SSP585,12393866,8501128.01140083,5,Top-5,1690493,1208760.32514991,0.136397553434901,0.142188227671533
18,pinuYun-Zone18,pinuYun,Zone18,10,10,Subalpine broadleaf deciduous scrubs,#9D4EDD,TRUE,mf_var,Plain MF RF,2011-2040SSP245,2011-2040,SSP245,12393866,8501128.01140083,1,Top-1,200612,141515.62689301,0.0161863941404563,0.0166466881457642
18,pinuYun-Zone18,pinuYun,Zone18,10,10,Subalpine broadleaf deciduous scrubs,#9D4EDD,TRUE,mf_var,Plain MF RF,2011-2040SSP245,2011-2040,SSP245,12393866,8501128.01140083,3,Top-3,895327,636050.627919755,0.0722395255846723,0.0748195565419966
18,pinuYun-Zone18,pinuYun,Zone18,10,10,Subalpine broadleaf deciduous scrubs,#9D4EDD,TRUE,mf_var,Plain MF RF,2011-2040SSP245,2011-2040,SSP245,12393866,8501128.01140083,5,Top-5,1205145,855443.10390419,0.0972372139572915,0.100627011233916
18,pinuYun-Zone18,pinuYun,Zone18,10,10,Subalpine broadleaf deciduous scrubs,#9D4EDD,TRUE,mf_var,Plain MF RF,2041-2070SSP245,2041-2070,SSP245,12393866,8501128.01140083,1,Top-1,239468,168641.270446478,0.0193214933903594,0.0198375168825024
18,pinuYun-Zone18,pinuYun,Zone18,10,10,Subalpine broadleaf deciduous scrubs,#9D4EDD,TRUE,mf_var,Plain MF RF,2041-2070SSP245,2041-2070,SSP245,12393866,8501128.01140083,3,Top-3,1045270,741517.686385093,0.0843376876916371,0.0872257993751708
18,pinuYun-Zone18,pinuYun,Zone18,10,10,Subalpine broadleaf deciduous scrubs,#9D4EDD,TRUE,mf_var,Plain MF RF,2041-2070SSP245,2041-2070,SSP245,12393866,8501128.01140083,5,Top-5,1377275,977997.457383601,0.111125535809408,0.115043257326794
18,pinuYun-Zone18,pinuYun,Zone18,10,10,Subalpine broadleaf deciduous scrubs,#9D4EDD,TRUE,mf_var,Plain MF RF,2071-2100SSP245,2071-2100,SSP245,12393866,8501128.01140083,1,Top-1,333992,235058.736896864,0.026948169360553,0.0276502996521906
18,pinuYun-Zone18,pinuYun,Zone18,10,10,Subalpine broadleaf deciduous scrubs,#9D4EDD,TRUE,mf_var,Plain MF RF,2071-2100SSP245,2071-2100,SSP245,12393866,8501128.01140083,3,Top-3,1180410,837357.631256454,0.0952414686426334,0.0984995908935234
18,pinuYun-Zone18,pinuYun,Zone18,10,10,Subalpine broadleaf deciduous scrubs,#9D4EDD,TRUE,mf_var,Plain MF RF,2071-2100SSP245,2071-2100,SSP245,12393866,8501128.01140083,5,Top-5,1491609,1059681.45364608,0.120350583102964,0.124651864108497
18,pinuYun-Zone18,pinuYun,Zone18,10,10,Subalpine broadleaf deciduous scrubs,#9D4EDD,TRUE,mf_var,Plain MF RF,2011-2040SSP585,2011-2040,SSP585,12393866,8501128.01140083,1,Top-1,198050,139695.600333467,0.0159796789799083,0.016432595785656
18,pinuYun-Zone18,pinuYun,Zone18,10,10,Subalpine broadleaf deciduous scrubs,#9D4EDD,TRUE,mf_var,Plain MF RF,2011-2040SSP585,2011-2040,SSP585,12393866,8501128.01140083,3,Top-3,895760,636204.184499571,0.0722744622218765,0.0748376196248733
18,pinuYun-Zone18,pinuYun,Zone18,10,10,Subalpine broadleaf deciduous scrubs,#9D4EDD,TRUE,mf_var,Plain MF RF,2011-2040SSP585,2011-2040,SSP585,12393866,8501128.01140083,5,Top-5,1204779,855094.947435676,0.0972076832200703,0.100586057084296
18,pinuYun-Zone18,pinuYun,Zone18,10,10,Subalpine broadleaf deciduous scrubs,#9D4EDD,TRUE,mf_var,Plain MF RF,2041-2070SSP585,2041-2070,SSP585,12393866,8501128.01140083,1,Top-1,323712,227545.332690436,0.0261187267959812,0.0267664870338707
18,pinuYun-Zone18,pinuYun,Zone18,10,10,Subalpine broadleaf deciduous scrubs,#9D4EDD,TRUE,mf_var,Plain MF RF,2041-2070SSP585,2041-2070,SSP585,12393866,8501128.01140083,3,Top-3,1148296,814051.26308255,0.0926503481641644,0.0957580290510658
18,pinuYun-Zone18,pinuYun,Zone18,10,10,Subalpine broadleaf deciduous scrubs,#9D4EDD,TRUE,mf_var,Plain MF RF,2041-2070SSP585,2041-2070,SSP585,12393866,8501128.01140083,5,Top-5,1470152,1044133.17970505,0.118619323462106,0.122822898126551
18,pinuYun-Zone18,pinuYun,Zone18,10,10,Subalpine broadleaf deciduous scrubs,#9D4EDD,TRUE,mf_var,Plain MF RF,2071-2100SSP585,2071-2100,SSP585,12393866,8501128.01140083,1,Top-1,616665,436257.122968034,0.0497556613892711,0.0513175571974651
18,pinuYun-Zone18,pinuYun,Zone18,10,10,Subalpine broadleaf deciduous scrubs,#9D4EDD,TRUE,mf_var,Plain MF RF,2071-2100SSP585,2071-2100,SSP585,12393866,8501128.01140083,3,Top-3,1488823,1061970.19583202,0.120125794485756,0.124921092166571
18,pinuYun-Zone18,pinuYun,Zone18,10,10,Subalpine broadleaf deciduous scrubs,#9D4EDD,TRUE,mf_var,Plain MF RF,2071-2100SSP585,2071-2100,SSP585,12393866,8501128.01140083,5,Top-5,1738062,1242557.39347482,0.140235661737831,0.146163825766232
21,pinuYun-Zone21,pinuYun,Zone21,271,271,One year two ripes or three ripes grain fields; evergreen orchards and subtropical economic tree plantations,#F3722C,TRUE,rf_var,Plain RF,2011-2040SSP245,2011-2040,SSP245,12393866,8501128.01140083,1,Top-1,879415,662329.284365043,0.0709556646812222,0.0779107529585245
21,pinuYun-Zone21,pinuYun,Zone21,271,271,One year two ripes or three ripes grain fields; evergreen orchards and subtropical economic tree plantations,#F3722C,TRUE,rf_var,Plain RF,2011-2040SSP245,2011-2040,SSP245,12393866,8501128.01140083,3,Top-3,1415339,1072429.06279155,0.114196732480406,0.126151383834394
21,pinuYun-Zone21,pinuYun,Zone21,271,271,One year two ripes or three ripes grain fields; evergreen orchards and subtropical economic tree plantations,#F3722C,TRUE,rf_var,Plain RF,2011-2040SSP245,2011-2040,SSP245,12393866,8501128.01140083,5,Top-5,1770822,1346573.32601556,0.142878904774346,0.158399370555257
21,pinuYun-Zone21,pinuYun,Zone21,271,271,One year two ripes or three ripes grain fields; evergreen orchards and subtropical economic tree plantations,#F3722C,TRUE,rf_var,Plain RF,2041-2070SSP245,2041-2070,SSP245,12393866,8501128.01140083,1,Top-1,1253138,940049.851563539,0.101109532731756,0.110579425495398
21,pinuYun-Zone21,pinuYun,Zone21,271,271,One year two ripes or three ripes grain fields; evergreen orchards and subtropical economic tree plantations,#F3722C,TRUE,rf_var,Plain RF,2041-2070SSP245,2041-2070,SSP245,12393866,8501128.01140083,3,Top-3,1706967,1289866.40460994,0.137726759350149,0.15172885326278
21,pinuYun-Zone21,pinuYun,Zone21,271,271,One year two ripes or three ripes grain fields; evergreen orchards and subtropical economic tree plantations,#F3722C,TRUE,rf_var,Plain RF,2041-2070SSP245,2041-2070,SSP245,12393866,8501128.01140083,5,Top-5,2024923,1535302.60476131,0.16338106285803,0.180599868947076
21,pinuYun-Zone21,pinuYun,Zone21,271,271,One year two ripes or three ripes grain fields; evergreen orchards and subtropical economic tree plantations,#F3722C,TRUE,rf_var,Plain RF,2071-2100SSP245,2071-2100,SSP245,12393866,8501128.01140083,1,Top-1,1464124,1096111.63403611,0.118132953833776,0.128937198988901
21,pinuYun-Zone21,pinuYun,Zone21,271,271,One year two ripes or three ripes grain fields; evergreen orchards and subtropical economic tree plantations,#F3722C,TRUE,rf_var,Plain RF,2071-2100SSP245,2071-2100,SSP245,12393866,8501128.01140083,3,Top-3,1899296,1432625.59530247,0.15324483901956,0.16852182361931
21,pinuYun-Zone21,pinuYun,Zone21,271,271,One year two ripes or three ripes grain fields; evergreen orchards and subtropical economic tree plantations,#F3722C,TRUE,rf_var,Plain RF,2071-2100SSP245,2071-2100,SSP245,12393866,8501128.01140083,5,Top-5,2177526,1647715.32050114,0.175693847262831,0.19382313950471
21,pinuYun-Zone21,pinuYun,Zone21,271,271,One year two ripes or three ripes grain fields; evergreen orchards and subtropical economic tree plantations,#F3722C,TRUE,rf_var,Plain RF,2011-2040SSP585,2011-2040,SSP585,12393866,8501128.01140083,1,Top-1,915021,688895.536746079,0.0738285374394075,0.0810357797014942
21,pinuYun-Zone21,pinuYun,Zone21,271,271,One year two ripes or three ripes grain fields; evergreen orchards and subtropical economic tree plantations,#F3722C,TRUE,rf_var,Plain RF,2011-2040SSP585,2011-2040,SSP585,12393866,8501128.01140083,3,Top-3,1446700,1095926.72141995,0.116727097097871,0.128915447450056
21,pinuYun-Zone21,pinuYun,Zone21,271,271,One year two ripes or three ripes grain fields; evergreen orchards and subtropical economic tree plantations,#F3722C,TRUE,rf_var,Plain RF,2011-2040SSP585,2011-2040,SSP585,12393866,8501128.01140083,5,Top-5,1797822,1366659.32718374,0.145057401782462,0.160762115962837
21,pinuYun-Zone21,pinuYun,Zone21,271,271,One year two ripes or three ripes grain fields; evergreen orchards and subtropical economic tree plantations,#F3722C,TRUE,rf_var,Plain RF,2041-2070SSP585,2041-2070,SSP585,12393866,8501128.01140083,1,Top-1,1445539,1083057.71877469,0.116633421726522,0.127401648030968
21,pinuYun-Zone21,pinuYun,Zone21,271,271,One year two ripes or three ripes grain fields; evergreen orchards and subtropical economic tree plantations,#F3722C,TRUE,rf_var,Plain RF,2041-2070SSP585,2041-2070,SSP585,12393866,8501128.01140083,3,Top-3,1892355,1428675.97397715,0.152684803918325,0.168057223942653
21,pinuYun-Zone21,pinuYun,Zone21,271,271,One year two ripes or three ripes grain fields; evergreen orchards and subtropical economic tree plantations,#F3722C,TRUE,rf_var,Plain RF,2041-2070SSP585,2041-2070,SSP585,12393866,8501128.01140083,5,Top-5,2181361,1651914.71143534,0.176003274523058,0.194317119942196
21,pinuYun-Zone21,pinuYun,Zone21,271,271,One year two ripes or three ripes grain fields; evergreen orchards and subtropical economic tree plantations,#F3722C,TRUE,rf_var,Plain RF,2071-2100SSP585,2071-2100,SSP585,12393866,8501128.01140083,1,Top-1,1782405,1332707.37714144,0.143813479990828,0.15676829890741
21,pinuYun-Zone21,pinuYun,Zone21,271,271,One year two ripes or three ripes grain fields; evergreen orchards and subtropical economic tree plantations,#F3722C,TRUE,rf_var,Plain RF,2071-2100SSP585,2071-2100,SSP585,12393866,8501128.01140083,3,Top-3,2130135,1601715.20115018,0.17187010090314,0.188412078844375
21,pinuYun-Zone21,pinuYun,Zone21,271,271,One year two ripes or three ripes grain fields; evergreen orchards and subtropical economic tree plantations,#F3722C,TRUE,rf_var,Plain RF,2071-2100SSP585,2071-2100,SSP585,12393866,8501128.01140083,5,Top-5,2315767,1745404.37957947,0.186847832629464,0.205314445005264
21,pinuYun-Zone21,pinuYun,Zone21,271,271,One year two ripes or three ripes grain fields; evergreen orchards and subtropical economic tree plantations,#F3722C,TRUE,mf_var,Plain MF RF,2011-2040SSP245,2011-2040,SSP245,12393866,8501128.01140083,1,Top-1,890497,670730.13356508,0.0718498166754425,0.078898957016712
21,pinuYun-Zone21,pinuYun,Zone21,271,271,One year two ripes or three ripes grain fields; evergreen orchards and subtropical economic tree plantations,#F3722C,TRUE,mf_var,Plain MF RF,2011-2040SSP245,2011-2040,SSP245,12393866,8501128.01140083,3,Top-3,1405635,1065397.36725346,0.113413764518674,0.125324235304381
21,pinuYun-Zone21,pinuYun,Zone21,271,271,One year two ripes or three ripes grain fields; evergreen orchards and subtropical economic tree plantations,#F3722C,TRUE,mf_var,Plain MF RF,2011-2040SSP245,2011-2040,SSP245,12393866,8501128.01140083,5,Top-5,1760039,1338672.13296649,0.142008877617363,0.157469941773751
21,pinuYun-Zone21,pinuYun,Zone21,271,271,One year two ripes or three ripes grain fields; evergreen orchards and subtropical economic tree plantations,#F3722C,TRUE,mf_var,Plain MF RF,2041-2070SSP245,2041-2070,SSP245,12393866,8501128.01140083,1,Top-1,1237877,928888.390099548,0.099878197811724,0.10926648661846
21,pinuYun-Zone21,pinuYun,Zone21,271,271,One year two ripes or three ripes grain fields; evergreen orchards and subtropical economic tree plantations,#F3722C,TRUE,mf_var,Plain MF RF,2041-2070SSP245,2041-2070,SSP245,12393866,8501128.01140083,3,Top-3,1686504,1274414.49390713,0.13607570067322,0.149911222628105
21,pinuYun-Zone21,pinuYun,Zone21,271,271,One year two ripes or three ripes grain fields; evergreen orchards and subtropical economic tree plantations,#F3722C,TRUE,mf_var,Plain MF RF,2041-2070SSP245,2041-2070,SSP245,12393866,8501128.01140083,5,Top-5,2011356,1525393.64966965,0.162286408453988,0.179434264208696
21,pinuYun-Zone21,pinuYun,Zone21,271,271,One year two ripes or three ripes grain fields; evergreen orchards and subtropical economic tree plantations,#F3722C,TRUE,mf_var,Plain MF RF,2071-2100SSP245,2071-2100,SSP245,12393866,8501128.01140083,1,Top-1,1462484,1095010.65936885,0.118000630311801,0.128807689744271
21,pinuYun-Zone21,pinuYun,Zone21,271,271,One year two ripes or three ripes grain fields; evergreen orchards and subtropical economic tree plantations,#F3722C,TRUE,mf_var,Plain MF RF,2071-2100SSP245,2071-2100,SSP245,12393866,8501128.01140083,3,Top-3,1876227,1414876.44692055,0.15138351503881,0.166433965589398
21,pinuYun-Zone21,pinuYun,Zone21,271,271,One year two ripes or three ripes grain fields; evergreen orchards and subtropical economic tree plantations,#F3722C,TRUE,mf_var,Plain MF RF,2071-2100SSP245,2071-2100,SSP245,12393866,8501128.01140083,5,Top-5,2170123,1642524.2754681,0.175096535657236,0.193212509359384
21,pinuYun-Zone21,pinuYun,Zone21,271,271,One year two ripes or three ripes grain fields; evergreen orchards and subtropical economic tree plantations,#F3722C,TRUE,mf_var,Plain MF RF,2011-2040SSP585,2011-2040,SSP585,12393866,8501128.01140083,1,Top-1,919367,692111.759853764,0.07417919477264,0.0814141086836447
21,pinuYun-Zone21,pinuYun,Zone21,271,271,One year two ripes or three ripes grain fields; evergreen orchards and subtropical economic tree plantations,#F3722C,TRUE,mf_var,Plain MF RF,2011-2040SSP585,2011-2040,SSP585,12393866,8501128.01140083,3,Top-3,1436538,1088517.40972622,0.115907175372075,0.128043879384761
21,pinuYun-Zone21,pinuYun,Zone21,271,271,One year two ripes or three ripes grain fields; evergreen orchards and subtropical economic tree plantations,#F3722C,TRUE,mf_var,Plain MF RF,2011-2040SSP585,2011-2040,SSP585,12393866,8501128.01140083,5,Top-5,1785387,1357513.40025219,0.144054082882613,0.15968626733201
21,pinuYun-Zone21,pinuYun,Zone21,271,271,One year two ripes or three ripes grain fields; evergreen orchards and subtropical economic tree plantations,#F3722C,TRUE,mf_var,Plain MF RF,2041-2070SSP585,2041-2070,SSP585,12393866,8501128.01140083,1,Top-1,1441420,1080251.13052305,0.116301079905172,0.1270715049902
21,pinuYun-Zone21,pinuYun,Zone21,271,271,One year two ripes or three ripes grain fields; evergreen orchards and subtropical economic tree plantations,#F3722C,TRUE,mf_var,Plain MF RF,2041-2070SSP585,2041-2070,SSP585,12393866,8501128.01140083,3,Top-3,1865631,1408192.93067365,0.150528575990736,0.165647773893668
21,pinuYun-Zone21,pinuYun,Zone21,271,271,One year two ripes or three ripes grain fields; evergreen orchards and subtropical economic tree plantations,#F3722C,TRUE,mf_var,Plain MF RF,2041-2070SSP585,2041-2070,SSP585,12393866,8501128.01140083,5,Top-5,2169967,1643676.99994459,0.175083948785633,0.193348106009021
21,pinuYun-Zone21,pinuYun,Zone21,271,271,One year two ripes or three ripes grain fields; evergreen orchards and subtropical economic tree plantations,#F3722C,TRUE,mf_var,Plain MF RF,2071-2100SSP585,2071-2100,SSP585,12393866,8501128.01140083,1,Top-1,1749913,1307904.83942878,0.141191860554245,0.153850740475235
21,pinuYun-Zone21,pinuYun,Zone21,271,271,One year two ripes or three ripes grain fields; evergreen orchards and subtropical economic tree plantations,#F3722C,TRUE,mf_var,Plain MF RF,2071-2100SSP585,2071-2100,SSP585,12393866,8501128.01140083,3,Top-3,2108597,1585282.68415228,0.170132305771258,0.186479098071017
21,pinuYun-Zone21,pinuYun,Zone21,271,271,One year two ripes or three ripes grain fields; evergreen orchards and subtropical economic tree plantations,#F3722C,TRUE,mf_var,Plain MF RF,2071-2100SSP585,2071-2100,SSP585,12393866,8501128.01140083,5,Top-5,2301543,1734751.72205213,0.185700168131558,0.204061357472286
28,pinuYun-Zone28,pinuYun,Zone28,33,33,Broadleaf deciduous forests in subtropical zone,#52B788,TRUE,rf_var,Plain RF,2011-2040SSP245,2011-2040,SSP245,12393866,8501128.01140083,1,Top-1,82059,60364.6992315857,0.00662093651811307,0.00710078699563527
28,pinuYun-Zone28,pinuYun,Zone28,33,33,Broadleaf deciduous forests in subtropical zone,#52B788,TRUE,rf_var,Plain RF,2011-2040SSP245,2011-2040,SSP245,12393866,8501128.01140083,3,Top-3,298740,220629.208744042,0.0241038591186963,0.0259529333575681
28,pinuYun-Zone28,pinuYun,Zone28,33,33,Broadleaf deciduous forests in subtropical zone,#52B788,TRUE,rf_var,Plain RF,2011-2040SSP245,2011-2040,SSP245,12393866,8501128.01140083,5,Top-5,523156,387703.169076858,0.0422108807695678,0.0456060852814957
28,pinuYun-Zone28,pinuYun,Zone28,33,33,Broadleaf deciduous forests in subtropical zone,#52B788,TRUE,rf_var,Plain RF,2041-2070SSP245,2041-2070,SSP245,12393866,8501128.01140083,1,Top-1,67414,49002.2224662336,0.00543930360389567,0.00576420239767204
28,pinuYun-Zone28,pinuYun,Zone28,33,33,Broadleaf deciduous forests in subtropical zone,#52B788,TRUE,rf_var,Plain RF,2041-2070SSP245,2041-2070,SSP245,12393866,8501128.01140083,3,Top-3,254015,186328.744343816,0.0204952191672881,0.0219181200534718
28,pinuYun-Zone28,pinuYun,Zone28,33,33,Broadleaf deciduous forests in subtropical zone,#52B788,TRUE,rf_var,Plain RF,2041-2070SSP245,2041-2070,SSP245,12393866,8501128.01140083,5,Top-5,424688,313066.626362312,0.0342659828660403,0.0368264806673254
28,pinuYun-Zone28,pinuYun,Zone28,33,33,Broadleaf deciduous forests in subtropical zone,#52B788,TRUE,rf_var,Plain RF,2071-2100SSP245,2071-2100,SSP245,12393866,8501128.01140083,1,Top-1,62766,45251.6708432316,0.00506427937820209,0.0053230195784071
28,pinuYun-Zone28,pinuYun,Zone28,33,33,Broadleaf deciduous forests in subtropical zone,#52B788,TRUE,rf_var,Plain RF,2071-2100SSP245,2071-2100,SSP245,12393866,8501128.01140083,3,Top-3,217672,158750.24432686,0.0175628815092885,0.0186740211550703
28,pinuYun-Zone28,pinuYun,Zone28,33,33,Broadleaf deciduous forests in subtropical zone,#52B788,TRUE,rf_var,Plain RF,2071-2100SSP245,2071-2100,SSP245,12393866,8501128.01140083,5,Top-5,361741,265425.563647641,0.0291870994893764,0.0312223934625711
28,pinuYun-Zone28,pinuYun,Zone28,33,33,Broadleaf deciduous forests in subtropical zone,#52B788,TRUE,rf_var,Plain RF,2011-2040SSP585,2011-2040,SSP585,12393866,8501128.01140083,1,Top-1,84923,62317.6902774835,0.0068520185711222,0.00733052016084329
28,pinuYun-Zone28,pinuYun,Zone28,33,33,Broadleaf deciduous forests in subtropical zone,#52B788,TRUE,rf_var,Plain RF,2011-2040SSP585,2011-2040,SSP585,12393866,8501128.01140083,3,Top-3,300085,221307.667014267,0.0242123805437303,0.0260327413864927
28,pinuYun-Zone28,pinuYun,Zone28,33,33,Broadleaf deciduous forests in subtropical zone,#52B788,TRUE,rf_var,Plain RF,2011-2040SSP585,2011-2040,SSP585,12393866,8501128.01140083,5,Top-5,522058,386512.148956142,0.0421222885579044,0.0454659838597645
28,pinuYun-Zone28,pinuYun,Zone28,33,33,Broadleaf deciduous forests in subtropical zone,#52B788,TRUE,rf_var,Plain RF,2041-2070SSP585,2041-2070,SSP585,12393866,8501128.01140083,1,Top-1,63031,45538.8205571088,0.00508566092291138,0.00535679741512383
28,pinuYun-Zone28,pinuYun,Zone28,33,33,Broadleaf deciduous forests in subtropical zone,#52B788,TRUE,rf_var,Plain RF,2041-2070SSP585,2041-2070,SSP585,12393866,8501128.01140083,3,Top-3,220259,160836.774285831,0.0177716137966959,0.0189194626960249
28,pinuYun-Zone28,pinuYun,Zone28,33,33,Broadleaf deciduous forests in subtropical zone,#52B788,TRUE,rf_var,Plain RF,2041-2070SSP585,2041-2070,SSP585,12393866,8501128.01140083,5,Top-5,367005,269670.280445256,0.0296118257208848,0.0317217056470156
28,pinuYun-Zone28,pinuYun,Zone28,33,33,Broadleaf deciduous forests in subtropical zone,#52B788,TRUE,rf_var,Plain RF,2071-2100SSP585,2071-2100,SSP585,12393866,8501128.01140083,1,Top-1,46629,33411.5396720174,0.00376226433301764,0.00393024780090469
28,pinuYun-Zone28,pinuYun,Zone28,33,33,Broadleaf deciduous forests in subtropical zone,#52B788,TRUE,rf_var,Plain RF,2071-2100SSP585,2071-2100,SSP585,12393866,8501128.01140083,3,Top-3,145617,105245.685708274,0.0117491184752199,0.0123802024351509
28,pinuYun-Zone28,pinuYun,Zone28,33,33,Broadleaf deciduous forests in subtropical zone,#52B788,TRUE,rf_var,Plain RF,2071-2100SSP585,2071-2100,SSP585,12393866,8501128.01140083,5,Top-5,236457,172219.956049944,0.0190785506314172,0.0202584828529791
28,pinuYun-Zone28,pinuYun,Zone28,33,33,Broadleaf deciduous forests in subtropical zone,#52B788,TRUE,mf_var,Plain MF RF,2011-2040SSP245,2011-2040,SSP245,12393866,8501128.01140083,1,Top-1,83992,61804.6799389898,0.00677690076687936,0.00727017401174336
28,pinuYun-Zone28,pinuYun,Zone28,33,33,Broadleaf deciduous forests in subtropical zone,#52B788,TRUE,mf_var,Plain MF RF,2011-2040SSP245,2011-2040,SSP245,12393866,8501128.01140083,3,Top-3,306936,226754.221904635,0.0247651539882713,0.0266734275263866
28,pinuYun-Zone28,pinuYun,Zone28,33,33,Broadleaf deciduous forests in subtropical zone,#52B788,TRUE,mf_var,Plain MF RF,2011-2040SSP245,2011-2040,SSP245,12393866,8501128.01140083,5,Top-5,527665,391044.81555889,0.0425746897699233,0.0459991679968189
28,pinuYun-Zone28,pinuYun,Zone28,33,33,Broadleaf deciduous forests in subtropical zone,#52B788,TRUE,mf_var,Plain MF RF,2041-2070SSP245,2041-2070,SSP245,12393866,8501128.01140083,1,Top-1,70900,51602.9379170373,0.00572057177316586,0.00607012832271586
28,pinuYun-Zone28,pinuYun,Zone28,33,33,Broadleaf deciduous forests in subtropical zone,#52B788,TRUE,mf_var,Plain MF RF,2041-2070SSP245,2041-2070,SSP245,12393866,8501128.01140083,3,Top-3,261701,192009.289489606,0.021115364648932,0.0225863308059946
28,pinuYun-Zone28,pinuYun,Zone28,33,33,Broadleaf deciduous forests in subtropical zone,#52B788,TRUE,mf_var,Plain MF RF,2041-2070SSP245,2041-2070,SSP245,12393866,8501128.01140083,5,Top-5,435562,321155.453904499,0.0351433523647908,0.037777981166005
28,pinuYun-Zone28,pinuYun,Zone28,33,33,Broadleaf deciduous forests in subtropical zone,#52B788,TRUE,mf_var,Plain MF RF,2071-2100SSP245,2071-2100,SSP245,12393866,8501128.01140083,1,Top-1,65764,47438.6074319107,0.00530617323117742,0.00558027209663128
28,pinuYun-Zone28,pinuYun,Zone28,33,33,Broadleaf deciduous forests in subtropical zone,#52B788,TRUE,mf_var,Plain MF RF,2071-2100SSP245,2071-2100,SSP245,12393866,8501128.01140083,3,Top-3,222395,162220.202469097,0.0179439571155602,0.0190821973568148
28,pinuYun-Zone28,pinuYun,Zone28,33,33,Broadleaf deciduous forests in subtropical zone,#52B788,TRUE,mf_var,Plain MF RF,2071-2100SSP245,2071-2100,SSP245,12393866,8501128.01140083,5,Top-5,371849,272959.877626078,0.0300026642211559,0.0321086657276555
28,pinuYun-Zone28,pinuYun,Zone28,33,33,Broadleaf deciduous forests in subtropical zone,#52B788,TRUE,mf_var,Plain MF RF,2011-2040SSP585,2011-2040,SSP585,12393866,8501128.01140083,1,Top-1,88394,64889.8665803372,0.00713207646427676,0.00763308898458107
28,pinuYun-Zone28,pinuYun,Zone28,33,33,Broadleaf deciduous forests in subtropical zone,#52B788,TRUE,mf_var,Plain MF RF,2011-2040SSP585,2011-2040,SSP585,12393866,8501128.01140083,3,Top-3,308745,227771.090238826,0.0249111132878151,0.0267930432212482
28,pinuYun-Zone28,pinuYun,Zone28,33,33,Broadleaf deciduous forests in subtropical zone,#52B788,TRUE,mf_var,Plain MF RF,2011-2040SSP585,2011-2040,SSP585,12393866,8501128.01140083,5,Top-5,530053,392487.850346924,0.0427673657275301,0.0461689142688547
28,pinuYun-Zone28,pinuYun,Zone28,33,33,Broadleaf deciduous forests in subtropical zone,#52B788,TRUE,mf_var,Plain MF RF,2041-2070SSP585,2041-2070,SSP585,12393866,8501128.01140083,1,Top-1,66028,47754.2953775889,0.00532747409081234,0.00561740692688615
28,pinuYun-Zone28,pinuYun,Zone28,33,33,Broadleaf deciduous forests in subtropical zone,#52B788,TRUE,mf_var,Plain MF RF,2041-2070SSP585,2041-2070,SSP585,12393866,8501128.01140083,3,Top-3,227843,166498.423836818,0.0183835294007536,0.0195854507323649
28,pinuYun-Zone28,pinuYun,Zone28,33,33,Broadleaf deciduous forests in subtropical zone,#52B788,TRUE,mf_var,Plain MF RF,2041-2070SSP585,2041-2070,SSP585,12393866,8501128.01140083,5,Top-5,376244,276580.245825477,0.0303572751230326,0.0325345348822599
28,pinuYun-Zone28,pinuYun,Zone28,33,33,Broadleaf deciduous forests in subtropical zone,#52B788,TRUE,mf_var,Plain MF RF,2071-2100SSP585,2071-2100,SSP585,12393866,8501128.01140083,1,Top-1,50178,35959.7140133711,0.00404861566197343,0.00422999323914964
28,pinuYun-Zone28,pinuYun,Zone28,33,33,Broadleaf deciduous forests in subtropical zone,#52B788,TRUE,mf_var,Plain MF RF,2071-2100SSP585,2071-2100,SSP585,12393866,8501128.01140083,3,Top-3,156680,113424.174263926,0.0126417374530272,0.0133422498886987
28,pinuYun-Zone28,pinuYun,Zone28,33,33,Broadleaf deciduous forests in subtropical zone,#52B788,TRUE,mf_var,Plain MF RF,2071-2100SSP585,2071-2100,SSP585,12393866,8501128.01140083,5,Top-5,255500,186386.547635423,0.0206150365027345,0.021924919538379
30,pinuYun-Zone30,pinuYun,Zone30,59235,59235,Needleleaf forests in subtropical zone,#1B9AAA,TRUE,rf_var,Plain RF,2011-2040SSP245,2011-2040,SSP245,12393866,8501128.01140083,1,Top-1,329585,251602.215291725,0.0265925902377838,0.0295963329753771
30,pinuYun-Zone30,pinuYun,Zone30,59235,59235,Needleleaf forests in subtropical zone,#1B9AAA,TRUE,rf_var,Plain RF,2011-2040SSP245,2011-2040,SSP245,12393866,8501128.01140083,3,Top-3,1096082,832162.420398588,0.0884374576907641,0.0978884707161894
30,pinuYun-Zone30,pinuYun,Zone30,59235,59235,Needleleaf forests in subtropical zone,#1B9AAA,TRUE,rf_var,Plain RF,2011-2040SSP245,2011-2040,SSP245,12393866,8501128.01140083,5,Top-5,1547685,1176946.56512753,0.124875079333599,0.138445929004848
30,pinuYun-Zone30,pinuYun,Zone30,59235,59235,Needleleaf forests in subtropical zone,#1B9AAA,TRUE,rf_var,Plain RF,2041-2070SSP245,2041-2070,SSP245,12393866,8501128.01140083,1,Top-1,215651,164845.396169835,0.0173998169739773,0.0193910026938498
30,pinuYun-Zone30,pinuYun,Zone30,59235,59235,Needleleaf forests in subtropical zone,#1B9AAA,TRUE,rf_var,Plain RF,2041-2070SSP245,2041-2070,SSP245,12393866,8501128.01140083,3,Top-3,963281,729774.312412677,0.0777223991287303,0.0858444092870945
30,pinuYun-Zone30,pinuYun,Zone30,59235,59235,Needleleaf forests in subtropical zone,#1B9AAA,TRUE,rf_var,Plain RF,2041-2070SSP245,2041-2070,SSP245,12393866,8501128.01140083,5,Top-5,1350546,1024799.35937329,0.108968904456446,0.120548632840128
30,pinuYun-Zone30,pinuYun,Zone30,59235,59235,Needleleaf forests in subtropical zone,#1B9AAA,TRUE,rf_var,Plain RF,2071-2100SSP245,2071-2100,SSP245,12393866,8501128.01140083,1,Top-1,156353,119289.458741245,0.0126153534337066,0.0140321917963435
30,pinuYun-Zone30,pinuYun,Zone30,59235,59235,Needleleaf forests in subtropical zone,#1B9AAA,TRUE,rf_var,Plain RF,2071-2100SSP245,2071-2100,SSP245,12393866,8501128.01140083,3,Top-3,854322,645123.759217333,0.0689310341099379,0.0758868421169708
30,pinuYun-Zone30,pinuYun,Zone30,59235,59235,Needleleaf forests in subtropical zone,#1B9AAA,TRUE,rf_var,Plain RF,2071-2100SSP245,2071-2100,SSP245,12393866,8501128.01140083,5,Top-5,1221431,924276.528347196,0.0985512510785577,0.108723986641261
30,pinuYun-Zone30,pinuYun,Zone30,59235,59235,Needleleaf forests in subtropical zone,#1B9AAA,TRUE,rf_var,Plain RF,2011-2040SSP585,2011-2040,SSP585,12393866,8501128.01140083,1,Top-1,306451,234008.502745697,0.0247260217271996,0.027526759087955
30,pinuYun-Zone30,pinuYun,Zone30,59235,59235,Needleleaf forests in subtropical zone,#1B9AAA,TRUE,rf_var,Plain RF,2011-2040SSP585,2011-2040,SSP585,12393866,8501128.01140083,3,Top-3,1101922,835830.551384755,0.0889086585251124,0.0983199582765753
30,pinuYun-Zone30,pinuYun,Zone30,59235,59235,Needleleaf forests in subtropical zone,#1B9AAA,TRUE,rf_var,Plain RF,2011-2040SSP585,2011-2040,SSP585,12393866,8501128.01140083,5,Top-5,1564125,1188457.84092475,0.126201541956319,0.139800017048434
30,pinuYun-Zone30,pinuYun,Zone30,59235,59235,Needleleaf forests in subtropical zone,#1B9AAA,TRUE,rf_var,Plain RF,2041-2070SSP585,2041-2070,SSP585,12393866,8501128.01140083,1,Top-1,166738,127276.06726588,0.0134532679310878,0.0149716681239467
30,pinuYun-Zone30,pinuYun,Zone30,59235,59235,Needleleaf forests in subtropical zone,#1B9AAA,TRUE,rf_var,Plain RF,2041-2070SSP585,2041-2070,SSP585,12393866,8501128.01140083,3,Top-3,881100,666234.106272262,0.0710916190315435,0.0783700828147485
30,pinuYun-Zone30,pinuYun,Zone30,59235,59235,Needleleaf forests in subtropical zone,#1B9AAA,TRUE,rf_var,Plain RF,2041-2070SSP585,2041-2070,SSP585,12393866,8501128.01140083,5,Top-5,1245880,943776.042301697,0.100523920461945,0.111017742708497
30,pinuYun-Zone30,pinuYun,Zone30,59235,59235,Needleleaf forests in subtropical zone,#1B9AAA,TRUE,rf_var,Plain RF,2071-2100SSP585,2071-2100,SSP585,12393866,8501128.01140083,1,Top-1,69611,52668.1763232232,0.00561656871229687,0.00619543385919964
30,pinuYun-Zone30,pinuYun,Zone30,59235,59235,Needleleaf forests in subtropical zone,#1B9AAA,TRUE,rf_var,Plain RF,2071-2100SSP585,2071-2100,SSP585,12393866,8501128.01140083,3,Top-3,463581,347958.814268473,0.0374040674636953,0.0409308992644066
30,pinuYun-Zone30,pinuYun,Zone30,59235,59235,Needleleaf forests in subtropical zone,#1B9AAA,TRUE,rf_var,Plain RF,2071-2100SSP585,2071-2100,SSP585,12393866,8501128.01140083,5,Top-5,750210,566420.166556105,0.0605307496466397,0.0666288245273428
30,pinuYun-Zone30,pinuYun,Zone30,59235,59235,Needleleaf forests in subtropical zone,#1B9AAA,TRUE,mf_var,Plain MF RF,2011-2040SSP245,2011-2040,SSP245,12393866,8501128.01140083,1,Top-1,325778,248736.155729959,0.0262854221596393,0.0292591942382681
30,pinuYun-Zone30,pinuYun,Zone30,59235,59235,Needleleaf forests in subtropical zone,#1B9AAA,TRUE,mf_var,Plain MF RF,2011-2040SSP245,2011-2040,SSP245,12393866,8501128.01140083,3,Top-3,1100430,835644.257506178,0.0887882763941453,0.0982980442578325
30,pinuYun-Zone30,pinuYun,Zone30,59235,59235,Needleleaf forests in subtropical zone,#1B9AAA,TRUE,mf_var,Plain MF RF,2011-2040SSP245,2011-2040,SSP245,12393866,8501128.01140083,5,Top-5,1552496,1180716.8989127,0.125263255226416,0.138889438828499
30,pinuYun-Zone30,pinuYun,Zone30,59235,59235,Needleleaf forests in subtropical zone,#1B9AAA,TRUE,mf_var,Plain MF RF,2041-2070SSP245,2041-2070,SSP245,12393866,8501128.01140083,1,Top-1,211139,161423.023683792,0.0170357659183987,0.0189884240617608
30,pinuYun-Zone30,pinuYun,Zone30,59235,59235,Needleleaf forests in subtropical zone,#1B9AAA,TRUE,mf_var,Plain MF RF,2041-2070SSP245,2041-2070,SSP245,12393866,8501128.01140083,3,Top-3,968155,733837.336951684,0.0781156581812326,0.0863223487480177
30,pinuYun-Zone30,pinuYun,Zone30,59235,59235,Needleleaf forests in subtropical zone,#1B9AAA,TRUE,mf_var,Plain MF RF,2041-2070SSP245,2041-2070,SSP245,12393866,8501128.01140083,5,Top-5,1361609,1033362.10289441,0.109861523434254,0.121555880761773
30,pinuYun-Zone30,pinuYun,Zone30,59235,59235,Needleleaf forests in subtropical zone,#1B9AAA,TRUE,mf_var,Plain MF RF,2071-2100SSP245,2071-2100,SSP245,12393866,8501128.01140083,1,Top-1,150416,114839.36143228,0.0121363261471441,0.0135087204049003
30,pinuYun-Zone30,pinuYun,Zone30,59235,59235,Needleleaf forests in subtropical zone,#1B9AAA,TRUE,mf_var,Plain MF RF,2071-2100SSP245,2071-2100,SSP245,12393866,8501128.01140083,3,Top-3,877445,662847.525863426,0.070796715084704,0.0779717144565384
30,pinuYun-Zone30,pinuYun,Zone30,59235,59235,Needleleaf forests in subtropical zone,#1B9AAA,TRUE,mf_var,Plain MF RF,2071-2100SSP245,2071-2100,SSP245,12393866,8501128.01140083,5,Top-5,1253129,948109.889429058,0.101108806566087,0.111527539422716
30,pinuYun-Zone30,pinuYun,Zone30,59235,59235,Needleleaf forests in subtropical zone,#1B9AAA,TRUE,mf_var,Plain MF RF,2011-2040SSP585,2011-2040,SSP585,12393866,8501128.01140083,1,Top-1,301993,230640.822896456,0.0243663276656372,0.0271306140299434
30,pinuYun-Zone30,pinuYun,Zone30,59235,59235,Needleleaf forests in subtropical zone,#1B9AAA,TRUE,mf_var,Plain MF RF,2011-2040SSP585,2011-2040,SSP585,12393866,8501128.01140083,3,Top-3,1102590,836594.583426411,0.0889625561547946,0.098409832472168
30,pinuYun-Zone30,pinuYun,Zone30,59235,59235,Needleleaf forests in subtropical zone,#1B9AAA,TRUE,mf_var,Plain MF RF,2011-2040SSP585,2011-2040,SSP585,12393866,8501128.01140083,5,Top-5,1572730,1195167.55923907,0.126895837021314,0.140589290931301
30,pinuYun-Zone30,pinuYun,Zone30,59235,59235,Needleleaf forests in subtropical zone,#1B9AAA,TRUE,mf_var,Plain MF RF,2041-2070SSP585,2041-2070,SSP585,12393866,8501128.01140083,1,Top-1,161995,123706.573549129,0.0130705786233287,0.0145517834084167
30,pinuYun-Zone30,pinuYun,Zone30,59235,59235,Needleleaf forests in subtropical zone,#1B9AAA,TRUE,mf_var,Plain MF RF,2041-2070SSP585,2041-2070,SSP585,12393866,8501128.01140083,3,Top-3,898162,679394.385773055,0.0724682677705246,0.0799181455522046
30,pinuYun-Zone30,pinuYun,Zone30,59235,59235,Needleleaf forests in subtropical zone,#1B9AAA,TRUE,mf_var,Plain MF RF,2041-2070SSP585,2041-2070,SSP585,12393866,8501128.01140083,5,Top-5,1263754,957251.277907977,0.101966085481318,0.112602854188787
30,pinuYun-Zone30,pinuYun,Zone30,59235,59235,Needleleaf forests in subtropical zone,#1B9AAA,TRUE,mf_var,Plain MF RF,2071-2100SSP585,2071-2100,SSP585,12393866,8501128.01140083,1,Top-1,65037,49262.1912728352,0.00524751518210702,0.00579478290490037
30,pinuYun-Zone30,pinuYun,Zone30,59235,59235,Needleleaf forests in subtropical zone,#1B9AAA,TRUE,mf_var,Plain MF RF,2071-2100SSP585,2071-2100,SSP585,12393866,8501128.01140083,3,Top-3,495039,371221.949587397,0.0399422585333745,0.0436673755635197
30,pinuYun-Zone30,pinuYun,Zone30,59235,59235,Needleleaf forests in subtropical zone,#1B9AAA,TRUE,mf_var,Plain MF RF,2071-2100SSP585,2071-2100,SSP585,12393866,8501128.01140083,5,Top-5,819688,618124.694685938,0.0661365872440448,0.072710903053921
39,pinuYun-Zone39,pinuYun,Zone39,138,138,Sclerophyllous broadleaf evergreen forests in subtropical zone,#118AB2,TRUE,rf_var,Plain RF,2011-2040SSP245,2011-2040,SSP245,12393866,8501128.01140083,1,Top-1,78518,58586.5644107509,0.00633523066975228,0.00689162242142228
39,pinuYun-Zone39,pinuYun,Zone39,138,138,Sclerophyllous broadleaf evergreen forests in subtropical zone,#118AB2,TRUE,rf_var,Plain RF,2011-2040SSP245,2011-2040,SSP245,12393866,8501128.01140083,3,Top-3,222993,166238.239637743,0.0179922067900363,0.019554844888208
39,pinuYun-Zone39,pinuYun,Zone39,138,138,Sclerophyllous broadleaf evergreen forests in subtropical zone,#118AB2,TRUE,rf_var,Plain RF,2011-2040SSP245,2011-2040,SSP245,12393866,8501128.01140083,5,Top-5,322461,239901.294912729,0.0260177897679384,0.0282199367649797
39,pinuYun-Zone39,pinuYun,Zone39,138,138,Sclerophyllous broadleaf evergreen forests in subtropical zone,#118AB2,TRUE,rf_var,Plain RF,2041-2070SSP245,2041-2070,SSP245,12393866,8501128.01140083,1,Top-1,70283,52260.9493682925,0.00567078908227667,0.00614753116271224
39,pinuYun-Zone39,pinuYun,Zone39,138,138,Sclerophyllous broadleaf evergreen forests in subtropical zone,#118AB2,TRUE,rf_var,Plain RF,2041-2070SSP245,2041-2070,SSP245,12393866,8501128.01140083,3,Top-3,234720,174476.571339223,0.0189384006572283,0.0205239317776691
39,pinuYun-Zone39,pinuYun,Zone39,138,138,Sclerophyllous broadleaf evergreen forests in subtropical zone,#118AB2,TRUE,rf_var,Plain RF,2041-2070SSP245,2041-2070,SSP245,12393866,8501128.01140083,5,Top-5,339859,251817.647277787,0.0274215486919094,0.0296216745519037
39,pinuYun-Zone39,pinuYun,Zone39,138,138,Sclerophyllous broadleaf evergreen forests in subtropical zone,#118AB2,TRUE,rf_var,Plain RF,2071-2100SSP245,2071-2100,SSP245,12393866,8501128.01140083,1,Top-1,67176,49656.4228626288,0.00542010055619449,0.00584115693776576
39,pinuYun-Zone39,pinuYun,Zone39,138,138,Sclerophyllous broadleaf evergreen forests in subtropical zone,#118AB2,TRUE,rf_var,Plain RF,2071-2100SSP245,2071-2100,SSP245,12393866,8501128.01140083,3,Top-3,252672,187191.43167989,0.0203868591124029,0.0220195992142276
39,pinuYun-Zone39,pinuYun,Zone39,138,138,Sclerophyllous broadleaf evergreen forests in subtropical zone,#118AB2,TRUE,rf_var,Plain RF,2071-2100SSP245,2071-2100,SSP245,12393866,8501128.01140083,5,Top-5,356552,263466.3230774,0.0287684246384461,0.0309919251567635
39,pinuYun-Zone39,pinuYun,Zone39,138,138,Sclerophyllous broadleaf evergreen forests in subtropical zone,#118AB2,TRUE,rf_var,Plain RF,2011-2040SSP585,2011-2040,SSP585,12393866,8501128.01140083,1,Top-1,76645,57174.769397383,0.00618410752544848,0.00672555092932445
39,pinuYun-Zone39,pinuYun,Zone39,138,138,Sclerophyllous broadleaf evergreen forests in subtropical zone,#118AB2,TRUE,rf_var,Plain RF,2011-2040SSP585,2011-2040,SSP585,12393866,8501128.01140083,3,Top-3,220333,164248.963445598,0.0177775844921996,0.0193208434486958
39,pinuYun-Zone39,pinuYun,Zone39,138,138,Sclerophyllous broadleaf evergreen forests in subtropical zone,#118AB2,TRUE,rf_var,Plain RF,2011-2040SSP585,2011-2040,SSP585,12393866,8501128.01140083,5,Top-5,318907,237262.072666949,0.0257310350136108,0.0279094812298742
39,pinuYun-Zone39,pinuYun,Zone39,138,138,Sclerophyllous broadleaf evergreen forests in subtropical zone,#118AB2,TRUE,rf_var,Plain RF,2041-2070SSP585,2041-2070,SSP585,12393866,8501128.01140083,1,Top-1,68922,51013.6588819326,0.00556097669605271,0.00600081057637509
39,pinuYun-Zone39,pinuYun,Zone39,138,138,Sclerophyllous broadleaf evergreen forests in subtropical zone,#118AB2,TRUE,rf_var,Plain RF,2041-2070SSP585,2041-2070,SSP585,12393866,8501128.01140083,3,Top-3,250113,185403.087740366,0.020180386007078,0.0218092337265976
39,pinuYun-Zone39,pinuYun,Zone39,138,138,Sclerophyllous broadleaf evergreen forests in subtropical zone,#118AB2,TRUE,rf_var,Plain RF,2041-2070SSP585,2041-2070,SSP585,12393866,8501128.01140083,5,Top-5,355035,262464.005101244,0.0286460253806197,0.0308740210415906
39,pinuYun-Zone39,pinuYun,Zone39,138,138,Sclerophyllous broadleaf evergreen forests in subtropical zone,#118AB2,TRUE,rf_var,Plain RF,2071-2100SSP585,2071-2100,SSP585,12393866,8501128.01140083,1,Top-1,63902,46770.0834577961,0.00515593762269174,0.00550163265334588
39,pinuYun-Zone39,pinuYun,Zone39,138,138,Sclerophyllous broadleaf evergreen forests in subtropical zone,#118AB2,TRUE,rf_var,Plain RF,2071-2100SSP585,2071-2100,SSP585,12393866,8501128.01140083,3,Top-3,266297,196215.373371387,0.0214861932507581,0.0230810985445982
39,pinuYun-Zone39,pinuYun,Zone39,138,138,Sclerophyllous broadleaf evergreen forests in subtropical zone,#118AB2,TRUE,rf_var,Plain RF,2071-2100SSP585,2071-2100,SSP585,12393866,8501128.01140083,5,Top-5,364227,268144.745189817,0.0293876825842719,0.0315422547255151
39,pinuYun-Zone39,pinuYun,Zone39,138,138,Sclerophyllous broadleaf evergreen forests in subtropical zone,#118AB2,TRUE,mf_var,Plain MF RF,2011-2040SSP245,2011-2040,SSP245,12393866,8501128.01140083,1,Top-1,79018,58960.7099020866,0.00637557320693963,0.00693563369743575
39,pinuYun-Zone39,pinuYun,Zone39,138,138,Sclerophyllous broadleaf evergreen forests in subtropical zone,#118AB2,TRUE,mf_var,Plain MF RF,2011-2040SSP245,2011-2040,SSP245,12393866,8501128.01140083,3,Top-3,222642,165987.158258684,0.0179638863289308,0.019525309821953
39,pinuYun-Zone39,pinuYun,Zone39,138,138,Sclerophyllous broadleaf evergreen forests in subtropical zone,#118AB2,TRUE,mf_var,Plain MF RF,2011-2040SSP245,2011-2040,SSP245,12393866,8501128.01140083,5,Top-5,322005,239578.635191889,0.0259809973740236,0.0281819818347154
39,pinuYun-Zone39,pinuYun,Zone39,138,138,Sclerophyllous broadleaf evergreen forests in subtropical zone,#118AB2,TRUE,mf_var,Plain MF RF,2041-2070SSP245,2041-2070,SSP245,12393866,8501128.01140083,1,Top-1,70481,52402.8338958159,0.00568676472700286,0.00616422124517343
39,pinuYun-Zone39,pinuYun,Zone39,138,138,Sclerophyllous broadleaf evergreen forests in subtropical zone,#118AB2,TRUE,mf_var,Plain MF RF,2041-2070SSP245,2041-2070,SSP245,12393866,8501128.01140083,3,Top-3,234324,174185.235731063,0.018906449367776,0.0204896615481456
39,pinuYun-Zone39,pinuYun,Zone39,138,138,Sclerophyllous broadleaf evergreen forests in subtropical zone,#118AB2,TRUE,mf_var,Plain MF RF,2041-2070SSP245,2041-2070,SSP245,12393866,8501128.01140083,5,Top-5,338926,251132.258181616,0.0273462695175178,0.0295410512398853
39,pinuYun-Zone39,pinuYun,Zone39,138,138,Sclerophyllous broadleaf evergreen forests in subtropical zone,#118AB2,TRUE,mf_var,Plain MF RF,2071-2100SSP245,2071-2100,SSP245,12393866,8501128.01140083,1,Top-1,68015,50294.3303113532,0.00548779533359486,0.00591619491482821
39,pinuYun-Zone39,pinuYun,Zone39,138,138,Sclerophyllous broadleaf evergreen forests in subtropical zone,#118AB2,TRUE,mf_var,Plain MF RF,2071-2100SSP245,2071-2100,SSP245,12393866,8501128.01140083,3,Top-3,253270,187625.505147271,0.0204351087868789,0.0220706599048558
39,pinuYun-Zone39,pinuYun,Zone39,138,138,Sclerophyllous broadleaf evergreen forests in subtropical zone,#118AB2,TRUE,mf_var,Plain MF RF,2071-2100SSP245,2071-2100,SSP245,12393866,8501128.01140083,5,Top-5,355396,262631.171956876,0.028675152692469,0.0308936851209231
39,pinuYun-Zone39,pinuYun,Zone39,138,138,Sclerophyllous broadleaf evergreen forests in subtropical zone,#118AB2,TRUE,mf_var,Plain MF RF,2011-2040SSP585,2011-2040,SSP585,12393866,8501128.01140083,1,Top-1,77162,57560.3113765753,0.00622582170890019,0.00677090279070982
39,pinuYun-Zone39,pinuYun,Zone39,138,138,Sclerophyllous broadleaf evergreen forests in subtropical zone,#118AB2,TRUE,mf_var,Plain MF RF,2011-2040SSP585,2011-2040,SSP585,12393866,8501128.01140083,3,Top-3,219613,163724.825855849,0.0177194912386498,0.0192591883849153
39,pinuYun-Zone39,pinuYun,Zone39,138,138,Sclerophyllous broadleaf evergreen forests in subtropical zone,#118AB2,TRUE,mf_var,Plain MF RF,2011-2040SSP585,2011-2040,SSP585,12393866,8501128.01140083,5,Top-5,317987,236589.529710005,0.0256568047451861,0.0278303690278179
39,pinuYun-Zone39,pinuYun,Zone39,138,138,Sclerophyllous broadleaf evergreen forests in subtropical zone,#118AB2,TRUE,mf_var,Plain MF RF,2041-2070SSP585,2041-2070,SSP585,12393866,8501128.01140083,1,Top-1,70101,51896.4869118584,0.00565610439874047,0.00610465891611798
39,pinuYun-Zone39,pinuYun,Zone39,138,138,Sclerophyllous broadleaf evergreen forests in subtropical zone,#118AB2,TRUE,mf_var,Plain MF RF,2041-2070SSP585,2041-2070,SSP585,12393866,8501128.01140083,3,Top-3,250636,185786.395077294,0.020222584300976,0.0218543227237769
39,pinuYun-Zone39,pinuYun,Zone39,138,138,Sclerophyllous broadleaf evergreen forests in subtropical zone,#118AB2,TRUE,mf_var,Plain MF RF,2041-2070SSP585,2041-2070,SSP585,12393866,8501128.01140083,5,Top-5,353657,261447.949472136,0.0285348413481314,0.0307545009464049
39,pinuYun-Zone39,pinuYun,Zone39,138,138,Sclerophyllous broadleaf evergreen forests in subtropical zone,#118AB2,TRUE,mf_var,Plain MF RF,2071-2100SSP585,2071-2100,SSP585,12393866,8501128.01140083,1,Top-1,65635,48038.4880088605,0.00529576485658309,0.00565083691769331
39,pinuYun-Zone39,pinuYun,Zone39,138,138,Sclerophyllous broadleaf evergreen forests in subtropical zone,#118AB2,TRUE,mf_var,Plain MF RF,2071-2100SSP585,2071-2100,SSP585,12393866,8501128.01140083,3,Top-3,266844,196648.436706919,0.021530327986441,0.0231320404119541
39,pinuYun-Zone39,pinuYun,Zone39,138,138,Sclerophyllous broadleaf evergreen forests in subtropical zone,#118AB2,TRUE,mf_var,Plain MF RF,2071-2100SSP585,2071-2100,SSP585,12393866,8501128.01140083,5,Top-5,365143,268824.89111222,0.0294615901123992,0.0316222612754095
40,pinuYun-Zone40,pinuYun,Zone40,940,940,Subtropical and tropical grasslands,#AACC00,TRUE,rf_var,Plain RF,2011-2040SSP245,2011-2040,SSP245,12393866,8501128.01140083,1,Top-1,315335,243293.812198523,0.0254428279279444,0.0286190034866247
40,pinuYun-Zone40,pinuYun,Zone40,940,940,Subtropical and tropical grasslands,#AACC00,TRUE,rf_var,Plain RF,2011-2040SSP245,2011-2040,SSP245,12393866,8501128.01140083,3,Top-3,1366156,1044769.97114186,0.110228398467435,0.122897804825516
40,pinuYun-Zone40,pinuYun,Zone40,940,940,Subtropical and tropical grasslands,#AACC00,TRUE,rf_var,Plain RF,2011-2040SSP245,2011-2040,SSP245,12393866,8501128.01140083,5,Top-5,1848130,1414373.1551025,0.149116506504105,0.166374762643933
40,pinuYun-Zone40,pinuYun,Zone40,940,940,Subtropical and tropical grasslands,#AACC00,TRUE,rf_var,Plain RF,2041-2070SSP245,2041-2070,SSP245,12393866,8501128.01140083,1,Top-1,310165,239106.821290668,0.0250256860934272,0.0281264816821959
40,pinuYun-Zone40,pinuYun,Zone40,940,940,Subtropical and tropical grasslands,#AACC00,TRUE,rf_var,Plain RF,2041-2070SSP245,2041-2070,SSP245,12393866,8501128.01140083,3,Top-3,1658497,1263406.84186507,0.133815953795208,0.148616376576229
40,pinuYun-Zone40,pinuYun,Zone40,940,940,Subtropical and tropical grasslands,#AACC00,TRUE,rf_var,Plain RF,2041-2070SSP245,2041-2070,SSP245,12393866,8501128.01140083,5,Top-5,2062238,1574021.9177699,0.166391826408322,0.185154477812707
40,pinuYun-Zone40,pinuYun,Zone40,940,940,Subtropical and tropical grasslands,#AACC00,TRUE,rf_var,Plain RF,2071-2100SSP245,2071-2100,SSP245,12393866,8501128.01140083,1,Top-1,306913,236145.410412063,0.0247632982315607,0.0277781266315916
40,pinuYun-Zone40,pinuYun,Zone40,940,940,Subtropical and tropical grasslands,#AACC00,TRUE,rf_var,Plain RF,2071-2100SSP245,2071-2100,SSP245,12393866,8501128.01140083,3,Top-3,1809726,1375845.56936797,0.146017876907819,0.161842706935224
40,pinuYun-Zone40,pinuYun,Zone40,940,940,Subtropical and tropical grasslands,#AACC00,TRUE,rf_var,Plain RF,2071-2100SSP245,2071-2100,SSP245,12393866,8501128.01140083,5,Top-5,2161661,1646963.60763777,0.174413778557877,0.1937347144319
40,pinuYun-Zone40,pinuYun,Zone40,940,940,Subtropical and tropical grasslands,#AACC00,TRUE,rf_var,Plain RF,2011-2040SSP585,2011-2040,SSP585,12393866,8501128.01140083,1,Top-1,331534,255697.236729182,0.02674984544774,0.0300780362778054
40,pinuYun-Zone40,pinuYun,Zone40,940,940,Subtropical and tropical grasslands,#AACC00,TRUE,rf_var,Plain RF,2011-2040SSP585,2011-2040,SSP585,12393866,8501128.01140083,3,Top-3,1405978,1074625.26071769,0.113441439499185,0.126409725777158
40,pinuYun-Zone40,pinuYun,Zone40,940,940,Subtropical and tropical grasslands,#AACC00,TRUE,rf_var,Plain RF,2011-2040SSP585,2011-2040,SSP585,12393866,8501128.01140083,5,Top-5,1891571,1446902.39361914,0.152621546820016,0.170201224082111
40,pinuYun-Zone40,pinuYun,Zone40,940,940,Subtropical and tropical grasslands,#AACC00,TRUE,rf_var,Plain RF,2041-2070SSP585,2041-2070,SSP585,12393866,8501128.01140083,1,Top-1,314801,242304.302739282,0.0253997420982283,0.0285026060558468
40,pinuYun-Zone40,pinuYun,Zone40,940,940,Subtropical and tropical grasslands,#AACC00,TRUE,rf_var,Plain RF,2041-2070SSP585,2041-2070,SSP585,12393866,8501128.01140083,3,Top-3,1766089,1342797.70819355,0.14249702231733,0.1579552391627
40,pinuYun-Zone40,pinuYun,Zone40,940,940,Subtropical and tropical grasslands,#AACC00,TRUE,rf_var,Plain RF,2041-2070SSP585,2041-2070,SSP585,12393866,8501128.01140083,5,Top-5,2118930,1614748.0069627,0.170966024644772,0.189945146667262
40,pinuYun-Zone40,pinuYun,Zone40,940,940,Subtropical and tropical grasslands,#AACC00,TRUE,rf_var,Plain RF,2071-2100SSP585,2071-2100,SSP585,12393866,8501128.01140083,1,Top-1,305103,234206.539220477,0.0246172582469425,0.0275500544052958
40,pinuYun-Zone40,pinuYun,Zone40,940,940,Subtropical and tropical grasslands,#AACC00,TRUE,rf_var,Plain RF,2071-2100SSP585,2071-2100,SSP585,12393866,8501128.01140083,3,Top-3,2031146,1539907.0857623,0.163883166075864,0.181141500715803
40,pinuYun-Zone40,pinuYun,Zone40,940,940,Subtropical and tropical grasslands,#AACC00,TRUE,rf_var,Plain RF,2071-2100SSP585,2071-2100,SSP585,12393866,8501128.01140083,5,Top-5,2239463,1700973.43588859,0.180691238714377,0.200087968750432
40,pinuYun-Zone40,pinuYun,Zone40,940,940,Subtropical and tropical grasslands,#AACC00,TRUE,mf_var,Plain MF RF,2011-2040SSP245,2011-2040,SSP245,12393866,8501128.01140083,1,Top-1,309306,238752.230355486,0.0249563776145393,0.0280847706369433
40,pinuYun-Zone40,pinuYun,Zone40,940,940,Subtropical and tropical grasslands,#AACC00,TRUE,mf_var,Plain MF RF,2011-2040SSP245,2011-2040,SSP245,12393866,8501128.01140083,3,Top-3,1342226,1026974.96111944,0.108297604637649,0.120804552024409
40,pinuYun-Zone40,pinuYun,Zone40,940,940,Subtropical and tropical grasslands,#AACC00,TRUE,mf_var,Plain MF RF,2011-2040SSP245,2011-2040,SSP245,12393866,8501128.01140083,5,Top-5,1834984,1404813.25264689,0.148055820516375,0.165250217472658
40,pinuYun-Zone40,pinuYun,Zone40,940,940,Subtropical and tropical grasslands,#AACC00,TRUE,mf_var,Plain MF RF,2041-2070SSP245,2041-2070,SSP245,12393866,8501128.01140083,1,Top-1,315760,243434.193287838,0.0254771190845536,0.028635516717472
40,pinuYun-Zone40,pinuYun,Zone40,940,940,Subtropical and tropical grasslands,#AACC00,TRUE,mf_var,Plain MF RF,2041-2070SSP245,2041-2070,SSP245,12393866,8501128.01140083,3,Top-3,1633114,1244493.84578462,0.131767924552355,0.14639161345596
40,pinuYun-Zone40,pinuYun,Zone40,940,940,Subtropical and tropical grasslands,#AACC00,TRUE,mf_var,Plain MF RF,2041-2070SSP245,2041-2070,SSP245,12393866,8501128.01140083,5,Top-5,2059220,1572321.57061787,0.166148318853859,0.184954463514635
40,pinuYun-Zone40,pinuYun,Zone40,940,940,Subtropical and tropical grasslands,#AACC00,TRUE,mf_var,Plain MF RF,2071-2100SSP245,2071-2100,SSP245,12393866,8501128.01140083,1,Top-1,300476,231249.275939049,0.0242439284078108,0.0272021872425543
40,pinuYun-Zone40,pinuYun,Zone40,940,940,Subtropical and tropical grasslands,#AACC00,TRUE,mf_var,Plain MF RF,2071-2100SSP245,2071-2100,SSP245,12393866,8501128.01140083,3,Top-3,1767154,1343885.84057556,0.142582951921539,0.158083237750717
40,pinuYun-Zone40,pinuYun,Zone40,940,940,Subtropical and tropical grasslands,#AACC00,TRUE,mf_var,Plain MF RF,2071-2100SSP245,2071-2100,SSP245,12393866,8501128.01140083,5,Top-5,2155333,1642856.7910971,0.173903203407234,0.193251623654398
40,pinuYun-Zone40,pinuYun,Zone40,940,940,Subtropical and tropical grasslands,#AACC00,TRUE,mf_var,Plain MF RF,2011-2040SSP585,2011-2040,SSP585,12393866,8501128.01140083,1,Top-1,331040,255330.660812847,0.0267099870209989,0.0300349154218622
40,pinuYun-Zone40,pinuYun,Zone40,940,940,Subtropical and tropical grasslands,#AACC00,TRUE,mf_var,Plain MF RF,2011-2040SSP585,2011-2040,SSP585,12393866,8501128.01140083,3,Top-3,1383029,1057580.62974986,0.11158979772736,0.124404741151002
40,pinuYun-Zone40,pinuYun,Zone40,940,940,Subtropical and tropical grasslands,#AACC00,TRUE,mf_var,Plain MF RF,2011-2040SSP585,2011-2040,SSP585,12393866,8501128.01140083,5,Top-5,1874980,1434702.59721657,0.151282900751065,0.168766144362547
40,pinuYun-Zone40,pinuYun,Zone40,940,940,Subtropical and tropical grasslands,#AACC00,TRUE,mf_var,Plain MF RF,2041-2070SSP585,2041-2070,SSP585,12393866,8501128.01140083,1,Top-1,308010,237175.333581366,0.0248518097581497,0.0278992779856145
40,pinuYun-Zone40,pinuYun,Zone40,940,940,Subtropical and tropical grasslands,#AACC00,TRUE,mf_var,Plain MF RF,2041-2070SSP585,2041-2070,SSP585,12393866,8501128.01140083,3,Top-3,1745718,1327977.35998649,0.140853386667243,0.156211900139081
40,pinuYun-Zone40,pinuYun,Zone40,940,940,Subtropical and tropical grasslands,#AACC00,TRUE,mf_var,Plain MF RF,2041-2070SSP585,2041-2070,SSP585,12393866,8501128.01140083,5,Top-5,2123621,1619158.56060038,0.171344518328664,0.190463966479382
40,pinuYun-Zone40,pinuYun,Zone40,940,940,Subtropical and tropical grasslands,#AACC00,TRUE,mf_var,Plain MF RF,2071-2100SSP585,2071-2100,SSP585,12393866,8501128.01140083,1,Top-1,296460,227343.715669387,0.023919897149122,0.0267427705316867
40,pinuYun-Zone40,pinuYun,Zone40,940,940,Subtropical and tropical grasslands,#AACC00,TRUE,mf_var,Plain MF RF,2071-2100SSP585,2071-2100,SSP585,12393866,8501128.01140083,3,Top-3,2020196,1531891.63297731,0.162999664511461,0.18019863139608
40,pinuYun-Zone40,pinuYun,Zone40,940,940,Subtropical and tropical grasslands,#AACC00,TRUE,mf_var,Plain MF RF,2071-2100SSP585,2071-2100,SSP585,12393866,8501128.01140083,5,Top-5,2247307,1707523.46792225,0.181324132437772,0.200858458504836
44,pinuYun-Zone44,pinuYun,Zone44,781,781,Broadleaf evergreen and deciduous scrubs in subtropical and tropical zones,#F72585,TRUE,rf_var,Plain RF,2011-2040SSP245,2011-2040,SSP245,12393866,8501128.01140083,1,Top-1,312918,239106.129408522,0.0252478121031807,0.028126400295097
44,pinuYun-Zone44,pinuYun,Zone44,781,781,Broadleaf evergreen and deciduous scrubs in subtropical and tropical zones,#F72585,TRUE,rf_var,Plain RF,2011-2040SSP245,2011-2040,SSP245,12393866,8501128.01140083,3,Top-3,1291552,988773.634298556,0.104208969178786,0.116310874624228
44,pinuYun-Zone44,pinuYun,Zone44,781,781,Broadleaf evergreen and deciduous scrubs in subtropical and tropical zones,#F72585,TRUE,rf_var,Plain RF,2011-2040SSP245,2011-2040,SSP245,12393866,8501128.01140083,5,Top-5,1877657,1437288.44256195,0.151498894695166,0.169070321095555
44,pinuYun-Zone44,pinuYun,Zone44,781,781,Broadleaf evergreen and deciduous scrubs in subtropical and tropical zones,#F72585,TRUE,rf_var,Plain RF,2041-2070SSP245,2041-2070,SSP245,12393866,8501128.01140083,1,Top-1,304644,232491.076071638,0.0245802237978045,0.0273482619906258
44,pinuYun-Zone44,pinuYun,Zone44,781,781,Broadleaf evergreen and deciduous scrubs in subtropical and tropical zones,#F72585,TRUE,rf_var,Plain RF,2041-2070SSP245,2041-2070,SSP245,12393866,8501128.01140083,3,Top-3,1309276,1001529.49933981,0.105639031437003,0.117811365503103
44,pinuYun-Zone44,pinuYun,Zone44,781,781,Broadleaf evergreen and deciduous scrubs in subtropical and tropical zones,#F72585,TRUE,rf_var,Plain RF,2041-2070SSP245,2041-2070,SSP245,12393866,8501128.01140083,5,Top-5,1839085,1407274.10399882,0.148386710006385,0.165539690981189
44,pinuYun-Zone44,pinuYun,Zone44,781,781,Broadleaf evergreen and deciduous scrubs in subtropical and tropical zones,#F72585,TRUE,rf_var,Plain RF,2071-2100SSP245,2071-2100,SSP245,12393866,8501128.01140083,1,Top-1,303614,231500.230969616,0.0244971181711986,0.0272317074462533
44,pinuYun-Zone44,pinuYun,Zone44,781,781,Broadleaf evergreen and deciduous scrubs in subtropical and tropical zones,#F72585,TRUE,rf_var,Plain RF,2071-2100SSP245,2071-2100,SSP245,12393866,8501128.01140083,3,Top-3,1378068,1053503.77458721,0.111189519073387,0.12392517477379
44,pinuYun-Zone44,pinuYun,Zone44,781,781,Broadleaf evergreen and deciduous scrubs in subtropical and tropical zones,#F72585,TRUE,rf_var,Plain RF,2071-2100SSP245,2071-2100,SSP245,12393866,8501128.01140083,5,Top-5,1844777,1411029.60106363,0.148845969449726,0.165981455539936
44,pinuYun-Zone44,pinuYun,Zone44,781,781,Broadleaf evergreen and deciduous scrubs in subtropical and tropical zones,#F72585,TRUE,rf_var,Plain RF,2011-2040SSP585,2011-2040,SSP585,12393866,8501128.01140083,1,Top-1,308096,235171.708149928,0.0248587486745459,0.0276635886243026
44,pinuYun-Zone44,pinuYun,Zone44,781,781,Broadleaf evergreen and deciduous scrubs in subtropical and tropical zones,#F72585,TRUE,rf_var,Plain RF,2011-2040SSP585,2011-2040,SSP585,12393866,8501128.01140083,3,Top-3,1319447,1009856.30559594,0.106459679328468,0.118790859782564
44,pinuYun-Zone44,pinuYun,Zone44,781,781,Broadleaf evergreen and deciduous scrubs in subtropical and tropical zones,#F72585,TRUE,rf_var,Plain RF,2011-2040SSP585,2011-2040,SSP585,12393866,8501128.01140083,5,Top-5,1911606,1462659.27852555,0.154238072285113,0.172054729274042
44,pinuYun-Zone44,pinuYun,Zone44,781,781,Broadleaf evergreen and deciduous scrubs in subtropical and tropical zones,#F72585,TRUE,rf_var,Plain RF,2041-2070SSP585,2041-2070,SSP585,12393866,8501128.01140083,1,Top-1,286630,218761.486514543,0.0231267628680187,0.0257332304867263
44,pinuYun-Zone44,pinuYun,Zone44,781,781,Broadleaf evergreen and deciduous scrubs in subtropical and tropical zones,#F72585,TRUE,rf_var,Plain RF,2041-2070SSP585,2041-2070,SSP585,12393866,8501128.01140083,3,Top-3,1351597,1034291.00733337,0.109053704469614,0.121665149136242
44,pinuYun-Zone44,pinuYun,Zone44,781,781,Broadleaf evergreen and deciduous scrubs in subtropical and tropical zones,#F72585,TRUE,rf_var,Plain RF,2041-2070SSP585,2041-2070,SSP585,12393866,8501128.01140083,5,Top-5,1828271,1399546.43351664,0.147514181612097,0.164630673910535
44,pinuYun-Zone44,pinuYun,Zone44,781,781,Broadleaf evergreen and deciduous scrubs in subtropical and tropical zones,#F72585,TRUE,rf_var,Plain RF,2071-2100SSP585,2071-2100,SSP585,12393866,8501128.01140083,1,Top-1,213885,164052.802041439,0.0172573271326316,0.0192977686986278
44,pinuYun-Zone44,pinuYun,Zone44,781,781,Broadleaf evergreen and deciduous scrubs in subtropical and tropical zones,#F72585,TRUE,rf_var,Plain RF,2071-2100SSP585,2071-2100,SSP585,12393866,8501128.01140083,3,Top-3,1417640,1084563.09539831,0.114382388836542,0.127578727663412
44,pinuYun-Zone44,pinuYun,Zone44,781,781,Broadleaf evergreen and deciduous scrubs in subtropical and tropical zones,#F72585,TRUE,rf_var,Plain RF,2071-2100SSP585,2071-2100,SSP585,12393866,8501128.01140083,5,Top-5,1745964,1336328.48999877,0.140873235195539,0.157194255657205
44,pinuYun-Zone44,pinuYun,Zone44,781,781,Broadleaf evergreen and deciduous scrubs in subtropical and tropical zones,#F72585,TRUE,mf_var,Plain MF RF,2011-2040SSP245,2011-2040,SSP245,12393866,8501128.01140083,1,Top-1,309473,236554.401820592,0.0249698520219599,0.0278262368833112
44,pinuYun-Zone44,pinuYun,Zone44,781,781,Broadleaf evergreen and deciduous scrubs in subtropical and tropical zones,#F72585,TRUE,mf_var,Plain MF RF,2011-2040SSP245,2011-2040,SSP245,12393866,8501128.01140083,3,Top-3,1293941,990402.384153457,0.104401725821467,0.116502466828547
44,pinuYun-Zone44,pinuYun,Zone44,781,781,Broadleaf evergreen and deciduous scrubs in subtropical and tropical zones,#F72585,TRUE,mf_var,Plain MF RF,2011-2040SSP245,2011-2040,SSP245,12393866,8501128.01140083,5,Top-5,1885271,1442990.30861066,0.152113230851455,0.169741039856766
44,pinuYun-Zone44,pinuYun,Zone44,781,781,Broadleaf evergreen and deciduous scrubs in subtropical and tropical zones,#F72585,TRUE,mf_var,Plain MF RF,2041-2070SSP245,2041-2070,SSP245,12393866,8501128.01140083,1,Top-1,306925,234330.152966844,0.0247642664524532,0.0275645952693083
44,pinuYun-Zone44,pinuYun,Zone44,781,781,Broadleaf evergreen and deciduous scrubs in subtropical and tropical zones,#F72585,TRUE,mf_var,Plain MF RF,2041-2070SSP245,2041-2070,SSP245,12393866,8501128.01140083,3,Top-3,1366027,1043957.4302483,0.110217990092841,0.122802224463419
44,pinuYun-Zone44,pinuYun,Zone44,781,781,Broadleaf evergreen and deciduous scrubs in subtropical and tropical zones,#F72585,TRUE,mf_var,Plain MF RF,2041-2070SSP245,2041-2070,SSP245,12393866,8501128.01140083,5,Top-5,1901330,1453757.40320594,0.153408952460838,0.171007588787784
44,pinuYun-Zone44,pinuYun,Zone44,781,781,Broadleaf evergreen and deciduous scrubs in subtropical and tropical zones,#F72585,TRUE,mf_var,Plain MF RF,2071-2100SSP245,2071-2100,SSP245,12393866,8501128.01140083,1,Top-1,308991,235802.458305994,0.0249309618161113,0.0277377846786638
44,pinuYun-Zone44,pinuYun,Zone44,781,781,Broadleaf evergreen and deciduous scrubs in subtropical and tropical zones,#F72585,TRUE,mf_var,Plain MF RF,2071-2100SSP245,2071-2100,SSP245,12393866,8501128.01140083,3,Top-3,1468303,1121013.49932847,0.118470136759587,0.13186644146813
44,pinuYun-Zone44,pinuYun,Zone44,781,781,Broadleaf evergreen and deciduous scrubs in subtropical and tropical zones,#F72585,TRUE,mf_var,Plain MF RF,2071-2100SSP245,2071-2100,SSP245,12393866,8501128.01140083,5,Top-5,1934480,1477734.67569566,0.156083662676359,0.173828070076568
44,pinuYun-Zone44,pinuYun,Zone44,781,781,Broadleaf evergreen and deciduous scrubs in subtropical and tropical zones,#F72585,TRUE,mf_var,Plain MF RF,2011-2040SSP585,2011-2040,SSP585,12393866,8501128.01140083,1,Top-1,305530,233336.373547504,0.0246517107737005,0.0274476955569399
44,pinuYun-Zone44,pinuYun,Zone44,781,781,Broadleaf evergreen and deciduous scrubs in subtropical and tropical zones,#F72585,TRUE,mf_var,Plain MF RF,2011-2040SSP585,2011-2040,SSP585,12393866,8501128.01140083,3,Top-3,1324289,1013216.67673236,0.10685035645859,0.119186145106102
44,pinuYun-Zone44,pinuYun,Zone44,781,781,Broadleaf evergreen and deciduous scrubs in subtropical and tropical zones,#F72585,TRUE,mf_var,Plain MF RF,2011-2040SSP585,2011-2040,SSP585,12393866,8501128.01140083,5,Top-5,1922038,1470385.47171929,0.155079778980989,0.172963572569118
44,pinuYun-Zone44,pinuYun,Zone44,781,781,Broadleaf evergreen and deciduous scrubs in subtropical and tropical zones,#F72585,TRUE,mf_var,Plain MF RF,2041-2070SSP585,2041-2070,SSP585,12393866,8501128.01140083,1,Top-1,292037,223031.570215941,0.0235630270651627,0.0262355266168012
44,pinuYun-Zone44,pinuYun,Zone44,781,781,Broadleaf evergreen and deciduous scrubs in subtropical and tropical zones,#F72585,TRUE,mf_var,Plain MF RF,2041-2070SSP585,2041-2070,SSP585,12393866,8501128.01140083,3,Top-3,1412334,1079215.85470949,0.11395427383191,0.126949723996881
44,pinuYun-Zone44,pinuYun,Zone44,781,781,Broadleaf evergreen and deciduous scrubs in subtropical and tropical zones,#F72585,TRUE,mf_var,Plain MF RF,2041-2070SSP585,2041-2070,SSP585,12393866,8501128.01140083,5,Top-5,1900899,1453388.8669737,0.153374177193783,0.170964237337041
44,pinuYun-Zone44,pinuYun,Zone44,781,781,Broadleaf evergreen and deciduous scrubs in subtropical and tropical zones,#F72585,TRUE,mf_var,Plain MF RF,2071-2100SSP585,2071-2100,SSP585,12393866,8501128.01140083,1,Top-1,260922,200618.177234636,0.0210525109759941,0.0235990067395277
44,pinuYun-Zone44,pinuYun,Zone44,781,781,Broadleaf evergreen and deciduous scrubs in subtropical and tropical zones,#F72585,TRUE,mf_var,Plain MF RF,2071-2100SSP585,2071-2100,SSP585,12393866,8501128.01140083,3,Top-3,1606358,1226399.48841208,0.129609114702386,0.144263147992521
44,pinuYun-Zone44,pinuYun,Zone44,781,781,Broadleaf evergreen and deciduous scrubs in subtropical and tropical zones,#F72585,TRUE,mf_var,Plain MF RF,2071-2100SSP585,2071-2100,SSP585,12393866,8501128.01140083,5,Top-5,1944314,1484816.05092442,0.15687711969776,0.174661062500546
45,pinuYun-Zone45,pinuYun,Zone45,16,16,Subalpine needleleaf evergreen scrubs,#7209B7,TRUE,rf_var,Plain RF,2011-2040SSP245,2011-2040,SSP245,12393866,8501128.01140083,1,Top-1,94341,69896.3751679295,0.00761191060158307,0.00822201184056889
45,pinuYun-Zone45,pinuYun,Zone45,16,16,Subalpine needleleaf evergreen scrubs,#7209B7,TRUE,rf_var,Plain RF,2011-2040SSP245,2011-2040,SSP245,12393866,8501128.01140083,3,Top-3,319622,236292.913490992,0.0257887248417887,0.0277954776323918
45,pinuYun-Zone45,pinuYun,Zone45,16,16,Subalpine needleleaf evergreen scrubs,#7209B7,TRUE,rf_var,Plain RF,2011-2040SSP245,2011-2040,SSP245,12393866,8501128.01140083,5,Top-5,454936,335685.927930678,0.0367065449957261,0.0394872218699084
45,pinuYun-Zone45,pinuYun,Zone45,16,16,Subalpine needleleaf evergreen scrubs,#7209B7,TRUE,rf_var,Plain RF,2041-2070SSP245,2041-2070,SSP245,12393866,8501128.01140083,1,Top-1,124536,92016.5331168196,0.010048196422327,0.0108240380562928
45,pinuYun-Zone45,pinuYun,Zone45,16,16,Subalpine needleleaf evergreen scrubs,#7209B7,TRUE,rf_var,Plain RF,2041-2070SSP245,2041-2070,SSP245,12393866,8501128.01140083,3,Top-3,372990,275338.932224043,0.0300947258910174,0.0323885173655527
45,pinuYun-Zone45,pinuYun,Zone45,16,16,Subalpine needleleaf evergreen scrubs,#7209B7,TRUE,rf_var,Plain RF,2041-2070SSP245,2041-2070,SSP245,12393866,8501128.01140083,5,Top-5,520872,383914.431742664,0.042026596059696,0.0451604106217196
45,pinuYun-Zone45,pinuYun,Zone45,16,16,Subalpine needleleaf evergreen scrubs,#7209B7,TRUE,rf_var,Plain RF,2071-2100SSP245,2071-2100,SSP245,12393866,8501128.01140083,1,Top-1,115822,85519.1050930902,0.00934510668422589,0.0100597361877625
45,pinuYun-Zone45,pinuYun,Zone45,16,16,Subalpine needleleaf evergreen scrubs,#7209B7,TRUE,rf_var,Plain RF,2071-2100SSP245,2071-2100,SSP245,12393866,8501128.01140083,3,Top-3,353709,260779.899899888,0.0285390369719989,0.0306759173076981
45,pinuYun-Zone45,pinuYun,Zone45,16,16,Subalpine needleleaf evergreen scrubs,#7209B7,TRUE,rf_var,Plain RF,2071-2100SSP245,2071-2100,SSP245,12393866,8501128.01140083,5,Top-5,506775,372845.940907228,0.0408891785662359,0.0438584080144665
45,pinuYun-Zone45,pinuYun,Zone45,16,16,Subalpine needleleaf evergreen scrubs,#7209B7,TRUE,rf_var,Plain RF,2011-2040SSP585,2011-2040,SSP585,12393866,8501128.01140083,1,Top-1,101522,75138.1747623861,0.00819131012066776,0.00883861231846158
45,pinuYun-Zone45,pinuYun,Zone45,16,16,Subalpine needleleaf evergreen scrubs,#7209B7,TRUE,rf_var,Plain RF,2011-2040SSP585,2011-2040,SSP585,12393866,8501128.01140083,3,Top-3,327659,242179.251728396,0.0264371907845381,0.0284878961243272
45,pinuYun-Zone45,pinuYun,Zone45,16,16,Subalpine needleleaf evergreen scrubs,#7209B7,TRUE,rf_var,Plain RF,2011-2040SSP585,2011-2040,SSP585,12393866,8501128.01140083,5,Top-5,457928,337949.41491707,0.0369479547382552,0.0397534791222821
45,pinuYun-Zone45,pinuYun,Zone45,16,16,Subalpine needleleaf evergreen scrubs,#7209B7,TRUE,rf_var,Plain RF,2041-2070SSP585,2041-2070,SSP585,12393866,8501128.01140083,1,Top-1,124998,91982.6770702167,0.0100854729266881,0.0108200555204979
45,pinuYun-Zone45,pinuYun,Zone45,16,16,Subalpine needleleaf evergreen scrubs,#7209B7,TRUE,rf_var,Plain RF,2041-2070SSP585,2041-2070,SSP585,12393866,8501128.01140083,3,Top-3,370674,272586.431899582,0.0299078592587656,0.0320647367659936
45,pinuYun-Zone45,pinuYun,Zone45,16,16,Subalpine needleleaf evergreen scrubs,#7209B7,TRUE,rf_var,Plain RF,2041-2070SSP585,2041-2070,SSP585,12393866,8501128.01140083,5,Top-5,533228,391657.801847697,0.0430235408386697,0.0460712744617474
45,pinuYun-Zone45,pinuYun,Zone45,16,16,Subalpine needleleaf evergreen scrubs,#7209B7,TRUE,rf_var,Plain RF,2071-2100SSP585,2071-2100,SSP585,12393866,8501128.01140083,1,Top-1,58191,42767.1899278291,0.00469514516293786,0.00503076649010275
45,pinuYun-Zone45,pinuYun,Zone45,16,16,Subalpine needleleaf evergreen scrubs,#7209B7,TRUE,rf_var,Plain RF,2071-2100SSP585,2071-2100,SSP585,12393866,8501128.01140083,3,Top-3,277167,202059.720879791,0.022363240009211,0.023768577606267
45,pinuYun-Zone45,pinuYun,Zone45,16,16,Subalpine needleleaf evergreen scrubs,#7209B7,TRUE,rf_var,Plain RF,2071-2100SSP585,2071-2100,SSP585,12393866,8501128.01140083,5,Top-5,403664,293910.573222569,0.0325696598623868,0.034573126393157
45,pinuYun-Zone45,pinuYun,Zone45,16,16,Subalpine needleleaf evergreen scrubs,#7209B7,TRUE,mf_var,Plain MF RF,2011-2040SSP245,2011-2040,SSP245,12393866,8501128.01140083,1,Top-1,96720,71659.0238485334,0.00780386039352047,0.00842935475767825
45,pinuYun-Zone45,pinuYun,Zone45,16,16,Subalpine needleleaf evergreen scrubs,#7209B7,TRUE,mf_var,Plain MF RF,2011-2040SSP245,2011-2040,SSP245,12393866,8501128.01140083,3,Top-3,320047,236619.57329894,0.0258230159983979,0.0278339030986959
45,pinuYun-Zone45,pinuYun,Zone45,16,16,Subalpine needleleaf evergreen scrubs,#7209B7,TRUE,mf_var,Plain MF RF,2011-2040SSP245,2011-2040,SSP245,12393866,8501128.01140083,5,Top-5,454585,335423.649414227,0.0366782245346206,0.0394563696681654
45,pinuYun-Zone45,pinuYun,Zone45,16,16,Subalpine needleleaf evergreen scrubs,#7209B7,TRUE,mf_var,Plain MF RF,2041-2070SSP245,2041-2070,SSP245,12393866,8501128.01140083,1,Top-1,125430,92701.2603325578,0.010120328878818,0.0109045835103573
45,pinuYun-Zone45,pinuYun,Zone45,16,16,Subalpine needleleaf evergreen scrubs,#7209B7,TRUE,mf_var,Plain MF RF,2041-2070SSP245,2041-2070,SSP245,12393866,8501128.01140083,3,Top-3,377746,278901.500923496,0.0304784641047434,0.0328075874812686
45,pinuYun-Zone45,pinuYun,Zone45,16,16,Subalpine needleleaf evergreen scrubs,#7209B7,TRUE,mf_var,Plain MF RF,2041-2070SSP245,2041-2070,SSP245,12393866,8501128.01140083,5,Top-5,526457,388018.395815738,0.0424772222000787,0.0456431658593269
45,pinuYun-Zone45,pinuYun,Zone45,16,16,Subalpine needleleaf evergreen scrubs,#7209B7,TRUE,mf_var,Plain MF RF,2071-2100SSP245,2071-2100,SSP245,12393866,8501128.01140083,1,Top-1,114081,84297.6054878371,0.00920463396973955,0.00991604942012236
45,pinuYun-Zone45,pinuYun,Zone45,16,16,Subalpine needleleaf evergreen scrubs,#7209B7,TRUE,mf_var,Plain MF RF,2071-2100SSP245,2071-2100,SSP245,12393866,8501128.01140083,3,Top-3,359026,264744.59538728,0.0289680395124491,0.0311422901798716
45,pinuYun-Zone45,pinuYun,Zone45,16,16,Subalpine needleleaf evergreen scrubs,#7209B7,TRUE,mf_var,Plain MF RF,2071-2100SSP245,2071-2100,SSP245,12393866,8501128.01140083,5,Top-5,515864,379526.887675508,0.0416225252072275,0.044644297458705
45,pinuYun-Zone45,pinuYun,Zone45,16,16,Subalpine needleleaf evergreen scrubs,#7209B7,TRUE,mf_var,Plain MF RF,2011-2040SSP585,2011-2040,SSP585,12393866,8501128.01140083,1,Top-1,104241,77163.7065788667,0.00841069283789255,0.00907687855957265
45,pinuYun-Zone45,pinuYun,Zone45,16,16,Subalpine needleleaf evergreen scrubs,#7209B7,TRUE,mf_var,Plain MF RF,2011-2040SSP585,2011-2040,SSP585,12393866,8501128.01140083,3,Top-3,328831,243064.359967007,0.0265317536917052,0.0285920126883202
45,pinuYun-Zone45,pinuYun,Zone45,16,16,Subalpine needleleaf evergreen scrubs,#7209B7,TRUE,mf_var,Plain MF RF,2011-2040SSP585,2011-2040,SSP585,12393866,8501128.01140083,5,Top-5,458132,338099.751714962,0.0369644144934276,0.0397711634575479
45,pinuYun-Zone45,pinuYun,Zone45,16,16,Subalpine needleleaf evergreen scrubs,#7209B7,TRUE,mf_var,Plain MF RF,2041-2070SSP585,2041-2070,SSP585,12393866,8501128.01140083,1,Top-1,125454,92368.5455287499,0.010122265320603,0.0108654457861209
45,pinuYun-Zone45,pinuYun,Zone45,16,16,Subalpine needleleaf evergreen scrubs,#7209B7,TRUE,mf_var,Plain MF RF,2041-2070SSP585,2041-2070,SSP585,12393866,8501128.01140083,3,Top-3,377410,277596.624185943,0.0304513539197535,0.0326540929408026
45,pinuYun-Zone45,pinuYun,Zone45,16,16,Subalpine needleleaf evergreen scrubs,#7209B7,TRUE,mf_var,Plain MF RF,2041-2070SSP585,2041-2070,SSP585,12393866,8501128.01140083,5,Top-5,543291,399073.49598815,0.0438354747421023,0.0469435933034951
45,pinuYun-Zone45,pinuYun,Zone45,16,16,Subalpine needleleaf evergreen scrubs,#7209B7,TRUE,mf_var,Plain MF RF,2071-2100SSP585,2071-2100,SSP585,12393866,8501128.01140083,1,Top-1,56795,41737.7783281579,0.00458250879911079,0.00490967531275656
45,pinuYun-Zone45,pinuYun,Zone45,16,16,Subalpine needleleaf evergreen scrubs,#7209B7,TRUE,mf_var,Plain MF RF,2071-2100SSP585,2071-2100,SSP585,12393866,8501128.01140083,3,Top-3,274809,200443.266001053,0.0221729846038355,0.0235784316778007
45,pinuYun-Zone45,pinuYun,Zone45,16,16,Subalpine needleleaf evergreen scrubs,#7209B7,TRUE,mf_var,Plain MF RF,2071-2100SSP585,2071-2100,SSP585,12393866,8501128.01140083,5,Top-5,400855,291987.192591632,0.0323430154884682,0.0343468763439451
46,pinuYun-Zone46,pinuYun,Zone46,160,160,Subalpine sclerophyllous broadleaf evergreen scrubs,#B5179E,TRUE,rf_var,Plain RF,2011-2040SSP245,2011-2040,SSP245,12393866,8501128.01140083,1,Top-1,207773,153314.820150821,0.0167641799580534,0.0180346443372234
46,pinuYun-Zone46,pinuYun,Zone46,160,160,Subalpine sclerophyllous broadleaf evergreen scrubs,#B5179E,TRUE,rf_var,Plain RF,2011-2040SSP245,2011-2040,SSP245,12393866,8501128.01140083,3,Top-3,698231,512523.944836461,0.0563368201657175,0.0602889339096079
46,pinuYun-Zone46,pinuYun,Zone46,160,160,Subalpine sclerophyllous broadleaf evergreen scrubs,#B5179E,TRUE,rf_var,Plain RF,2011-2040SSP245,2011-2040,SSP245,12393866,8501128.01140083,5,Top-5,868113,636701.585703096,0.0700437619706394,0.0748961296488205
46,pinuYun-Zone46,pinuYun,Zone46,160,160,Subalpine sclerophyllous broadleaf evergreen scrubs,#B5179E,TRUE,rf_var,Plain RF,2041-2070SSP245,2041-2070,SSP245,12393866,8501128.01140083,1,Top-1,257322,189217.57951402,0.0207620447082452,0.0222579379183869
46,pinuYun-Zone46,pinuYun,Zone46,160,160,Subalpine sclerophyllous broadleaf evergreen scrubs,#B5179E,TRUE,rf_var,Plain RF,2041-2070SSP245,2041-2070,SSP245,12393866,8501128.01140083,3,Top-3,785748,575254.254528925,0.0633981358197676,0.067667991089824
46,pinuYun-Zone46,pinuYun,Zone46,160,160,Subalpine sclerophyllous broadleaf evergreen scrubs,#B5179E,TRUE,rf_var,Plain RF,2041-2070SSP245,2041-2070,SSP245,12393866,8501128.01140083,5,Top-5,944929,691332.794569758,0.0762416666438059,0.0813224778691268
46,pinuYun-Zone46,pinuYun,Zone46,160,160,Subalpine sclerophyllous broadleaf evergreen scrubs,#B5179E,TRUE,rf_var,Plain RF,2071-2100SSP245,2071-2100,SSP245,12393866,8501128.01140083,1,Top-1,299892,219995.912204717,0.0241968083243759,0.0258784377684563
46,pinuYun-Zone46,pinuYun,Zone46,160,160,Subalpine sclerophyllous broadleaf evergreen scrubs,#B5179E,TRUE,rf_var,Plain RF,2071-2100SSP245,2071-2100,SSP245,12393866,8501128.01140083,3,Top-3,875087,638736.998447757,0.0706064596793285,0.0751355581978238
46,pinuYun-Zone46,pinuYun,Zone46,160,160,Subalpine sclerophyllous broadleaf evergreen scrubs,#B5179E,TRUE,rf_var,Plain RF,2071-2100SSP245,2071-2100,SSP245,12393866,8501128.01140083,5,Top-5,1038173,757274.148515978,0.0837650657187999,0.0890792548354055
46,pinuYun-Zone46,pinuYun,Zone46,160,160,Subalpine sclerophyllous broadleaf evergreen scrubs,#B5179E,TRUE,rf_var,Plain RF,2011-2040SSP585,2011-2040,SSP585,12393866,8501128.01140083,1,Top-1,208393,153687.262784315,0.0168142047041658,0.0180784553036027
46,pinuYun-Zone46,pinuYun,Zone46,160,160,Subalpine sclerophyllous broadleaf evergreen scrubs,#B5179E,TRUE,rf_var,Plain RF,2011-2040SSP585,2011-2040,SSP585,12393866,8501128.01140083,3,Top-3,693144,508798.976600201,0.0559263751923734,0.0598507605011773
46,pinuYun-Zone46,pinuYun,Zone46,160,160,Subalpine sclerophyllous broadleaf evergreen scrubs,#B5179E,TRUE,rf_var,Plain RF,2011-2040SSP585,2011-2040,SSP585,12393866,8501128.01140083,5,Top-5,862870,632868.315315047,0.0696207301256928,0.074445216501423
46,pinuYun-Zone46,pinuYun,Zone46,160,160,Subalpine sclerophyllous broadleaf evergreen scrubs,#B5179E,TRUE,rf_var,Plain RF,2041-2070SSP585,2041-2070,SSP585,12393866,8501128.01140083,1,Top-1,304644,223577.265699855,0.0245802237978045,0.0262997175668942
46,pinuYun-Zone46,pinuYun,Zone46,160,160,Subalpine sclerophyllous broadleaf evergreen scrubs,#B5179E,TRUE,rf_var,Plain RF,2041-2070SSP585,2041-2070,SSP585,12393866,8501128.01140083,3,Top-3,888371,648636.688383326,0.0716782802073219,0.0763000730624738
46,pinuYun-Zone46,pinuYun,Zone46,160,160,Subalpine sclerophyllous broadleaf evergreen scrubs,#B5179E,TRUE,rf_var,Plain RF,2041-2070SSP585,2041-2070,SSP585,12393866,8501128.01140083,5,Top-5,1052691,767908.487452118,0.0849364516285717,0.0903301875259705
46,pinuYun-Zone46,pinuYun,Zone46,160,160,Subalpine sclerophyllous broadleaf evergreen scrubs,#B5179E,TRUE,rf_var,Plain RF,2071-2100SSP585,2071-2100,SSP585,12393866,8501128.01140083,1,Top-1,418938,307132.611031729,0.0338020436883859,0.0361284538498696
46,pinuYun-Zone46,pinuYun,Zone46,160,160,Subalpine sclerophyllous broadleaf evergreen scrubs,#B5179E,TRUE,rf_var,Plain RF,2071-2100SSP585,2071-2100,SSP585,12393866,8501128.01140083,3,Top-3,1073164,781090.976774942,0.0865883171562449,0.091880862836958
46,pinuYun-Zone46,pinuYun,Zone46,160,160,Subalpine sclerophyllous broadleaf evergreen scrubs,#B5179E,TRUE,rf_var,Plain RF,2071-2100SSP585,2071-2100,SSP585,12393866,8501128.01140083,5,Top-5,1221677,889265.297078004,0.0985710996068539,0.104605564800979
46,pinuYun-Zone46,pinuYun,Zone46,160,160,Subalpine sclerophyllous broadleaf evergreen scrubs,#B5179E,TRUE,mf_var,Plain MF RF,2011-2040SSP245,2011-2040,SSP245,12393866,8501128.01140083,1,Top-1,208845,154120.48890706,0.0168506743577831,0.0181294163198542
46,pinuYun-Zone46,pinuYun,Zone46,160,160,Subalpine sclerophyllous broadleaf evergreen scrubs,#B5179E,TRUE,mf_var,Plain MF RF,2011-2040SSP245,2011-2040,SSP245,12393866,8501128.01140083,3,Top-3,695603,510576.915769027,0.0561247797902608,0.0600599020605612
46,pinuYun-Zone46,pinuYun,Zone46,160,160,Subalpine sclerophyllous broadleaf evergreen scrubs,#B5179E,TRUE,mf_var,Plain MF RF,2011-2040SSP245,2011-2040,SSP245,12393866,8501128.01140083,5,Top-5,870247,638232.800348286,0.0702159439193549,0.0750762486451626
46,pinuYun-Zone46,pinuYun,Zone46,160,160,Subalpine sclerophyllous broadleaf evergreen scrubs,#B5179E,TRUE,mf_var,Plain MF RF,2041-2070SSP245,2041-2070,SSP245,12393866,8501128.01140083,1,Top-1,262107,192696.886541336,0.0211481227891281,0.0226672138430231
46,pinuYun-Zone46,pinuYun,Zone46,160,160,Subalpine sclerophyllous broadleaf evergreen scrubs,#B5179E,TRUE,mf_var,Plain MF RF,2041-2070SSP245,2041-2070,SSP245,12393866,8501128.01140083,3,Top-3,787696,576653.520862483,0.0635553103446495,0.0678325888151707
46,pinuYun-Zone46,pinuYun,Zone46,160,160,Subalpine sclerophyllous broadleaf evergreen scrubs,#B5179E,TRUE,mf_var,Plain MF RF,2041-2070SSP245,2041-2070,SSP245,12393866,8501128.01140083,5,Top-5,950613,695380.280706658,0.0767002806065517,0.081798589525306
46,pinuYun-Zone46,pinuYun,Zone46,160,160,Subalpine sclerophyllous broadleaf evergreen scrubs,#B5179E,TRUE,mf_var,Plain MF RF,2071-2100SSP245,2071-2100,SSP245,12393866,8501128.01140083,1,Top-1,303391,222537.19054821,0.024479125399613,0.0261773720204856
46,pinuYun-Zone46,pinuYun,Zone46,160,160,Subalpine sclerophyllous broadleaf evergreen scrubs,#B5179E,TRUE,mf_var,Plain MF RF,2071-2100SSP245,2071-2100,SSP245,12393866,8501128.01140083,3,Top-3,880825,642837.752605459,0.0710694306360905,0.075617935848437
46,pinuYun-Zone46,pinuYun,Zone46,160,160,Subalpine sclerophyllous broadleaf evergreen scrubs,#B5179E,TRUE,mf_var,Plain MF RF,2071-2100SSP245,2071-2100,SSP245,12393866,8501128.01140083,5,Top-5,1045216,762253.945744278,0.0843333306976209,0.0896650355955141
46,pinuYun-Zone46,pinuYun,Zone46,160,160,Subalpine sclerophyllous broadleaf evergreen scrubs,#B5179E,TRUE,mf_var,Plain MF RF,2011-2040SSP585,2011-2040,SSP585,12393866,8501128.01140083,1,Top-1,208457,153742.947139204,0.0168193685489257,0.0180850055349149
46,pinuYun-Zone46,pinuYun,Zone46,160,160,Subalpine sclerophyllous broadleaf evergreen scrubs,#B5179E,TRUE,mf_var,Plain MF RF,2011-2040SSP585,2011-2040,SSP585,12393866,8501128.01140083,3,Top-3,690496,506846.320639462,0.0557127211154292,0.0596210667525218
46,pinuYun-Zone46,pinuYun,Zone46,160,160,Subalpine sclerophyllous broadleaf evergreen scrubs,#B5179E,TRUE,mf_var,Plain MF RF,2011-2040SSP585,2011-2040,SSP585,12393866,8501128.01140083,5,Top-5,865071,634476.746204869,0.0697983179743915,0.0746344185564521
46,pinuYun-Zone46,pinuYun,Zone46,160,160,Subalpine sclerophyllous broadleaf evergreen scrubs,#B5179E,TRUE,mf_var,Plain MF RF,2041-2070SSP585,2041-2070,SSP585,12393866,8501128.01140083,1,Top-1,307182,225411.17216291,0.0247850025165675,0.0265154426401546
46,pinuYun-Zone46,pinuYun,Zone46,160,160,Subalpine sclerophyllous broadleaf evergreen scrubs,#B5179E,TRUE,mf_var,Plain MF RF,2041-2070SSP585,2041-2070,SSP585,12393866,8501128.01140083,3,Top-3,892334,651494.821180725,0.0719980351570688,0.0766362793628102
46,pinuYun-Zone46,pinuYun,Zone46,160,160,Subalpine sclerophyllous broadleaf evergreen scrubs,#B5179E,TRUE,mf_var,Plain MF RF,2041-2070SSP585,2041-2070,SSP585,12393866,8501128.01140083,5,Top-5,1058108,771764.266117521,0.0853735226764595,0.0907837483546314
46,pinuYun-Zone46,pinuYun,Zone46,160,160,Subalpine sclerophyllous broadleaf evergreen scrubs,#B5179E,TRUE,mf_var,Plain MF RF,2071-2100SSP585,2071-2100,SSP585,12393866,8501128.01140083,1,Top-1,430525,315520.763056742,0.0347369416451654,0.0371151643209699
46,pinuYun-Zone46,pinuYun,Zone46,160,160,Subalpine sclerophyllous broadleaf evergreen scrubs,#B5179E,TRUE,mf_var,Plain MF RF,2071-2100SSP585,2071-2100,SSP585,12393866,8501128.01140083,3,Top-3,1086311,790834.390302012,0.087649083829049,0.0930269946813443
46,pinuYun-Zone46,pinuYun,Zone46,160,160,Subalpine sclerophyllous broadleaf evergreen scrubs,#B5179E,TRUE,mf_var,Plain MF RF,2071-2100SSP585,2071-2100,SSP585,12393866,8501128.01140083,5,Top-5,1225694,892353.405998096,0.098895211550617,0.104968823525697
47,pinuYun-Zone47,pinuYun,Zone47,1222,1222,One year two ripes grain fields; evergreen and deciduous orchards; economic tree plantations,#FF6D00,TRUE,rf_var,Plain RF,2011-2040SSP245,2011-2040,SSP245,12393866,8501128.01140083,1,Top-1,403797,301309.735152502,0.0325803909772786,0.0354435005270379
47,pinuYun-Zone47,pinuYun,Zone47,1222,1222,One year two ripes grain fields; evergreen and deciduous orchards; economic tree plantations,#FF6D00,TRUE,rf_var,Plain RF,2011-2040SSP245,2011-2040,SSP245,12393866,8501128.01140083,3,Top-3,881437,663463.586707004,0.0711188099016078,0.0780441825857974
47,pinuYun-Zone47,pinuYun,Zone47,1222,1222,One year two ripes grain fields; evergreen and deciduous orchards; economic tree plantations,#FF6D00,TRUE,rf_var,Plain RF,2011-2040SSP245,2011-2040,SSP245,12393866,8501128.01140083,5,Top-5,1070360,806518.387589247,0.0863620762076982,0.094871925997071
47,pinuYun-Zone47,pinuYun,Zone47,1222,1222,One year two ripes grain fields; evergreen and deciduous orchards; economic tree plantations,#FF6D00,TRUE,rf_var,Plain RF,2041-2070SSP245,2041-2070,SSP245,12393866,8501128.01140083,1,Top-1,219565,163928.84206769,0.0177156183550798,0.0192831871073869
47,pinuYun-Zone47,pinuYun,Zone47,1222,1222,One year two ripes grain fields; evergreen and deciduous orchards; economic tree plantations,#FF6D00,TRUE,rf_var,Plain RF,2041-2070SSP245,2041-2070,SSP245,12393866,8501128.01140083,3,Top-3,664835,500669.23695142,0.0536422614219002,0.0588944474521469
47,pinuYun-Zone47,pinuYun,Zone47,1222,1222,One year two ripes grain fields; evergreen and deciduous orchards; economic tree plantations,#FF6D00,TRUE,rf_var,Plain RF,2041-2070SSP245,2041-2070,SSP245,12393866,8501128.01140083,5,Top-5,845995,638304.55300201,0.0682591694956199,0.0750846890137382
47,pinuYun-Zone47,pinuYun,Zone47,1222,1222,One year two ripes grain fields; evergreen and deciduous orchards; economic tree plantations,#FF6D00,TRUE,rf_var,Plain RF,2071-2100SSP245,2071-2100,SSP245,12393866,8501128.01140083,1,Top-1,107606,80677.5863744406,0.0086821981131634,0.00949022132901001
47,pinuYun-Zone47,pinuYun,Zone47,1222,1222,One year two ripes grain fields; evergreen and deciduous orchards; economic tree plantations,#FF6D00,TRUE,rf_var,Plain RF,2071-2100SSP245,2071-2100,SSP245,12393866,8501128.01140083,3,Top-3,469275,355399.341493846,0.0378634882771849,0.0418061392578986
47,pinuYun-Zone47,pinuYun,Zone47,1222,1222,One year two ripes grain fields; evergreen and deciduous orchards; economic tree plantations,#FF6D00,TRUE,rf_var,Plain RF,2071-2100SSP245,2071-2100,SSP245,12393866,8501128.01140083,5,Top-5,628660,476832.701620604,0.0507234788563956,0.0560905212791909
47,pinuYun-Zone47,pinuYun,Zone47,1222,1222,One year two ripes grain fields; evergreen and deciduous orchards; economic tree plantations,#FF6D00,TRUE,rf_var,Plain RF,2011-2040SSP585,2011-2040,SSP585,12393866,8501128.01140083,1,Top-1,393210,293551.332031056,0.0317261780948737,0.0345308683315173
47,pinuYun-Zone47,pinuYun,Zone47,1222,1222,One year two ripes grain fields; evergreen and deciduous orchards; economic tree plantations,#FF6D00,TRUE,rf_var,Plain RF,2011-2040SSP585,2011-2040,SSP585,12393866,8501128.01140083,3,Top-3,874879,658508.437012601,0.0705896771838585,0.0774613011507976
47,pinuYun-Zone47,pinuYun,Zone47,1222,1222,One year two ripes grain fields; evergreen and deciduous orchards; economic tree plantations,#FF6D00,TRUE,rf_var,Plain RF,2011-2040SSP585,2011-2040,SSP585,12393866,8501128.01140083,5,Top-5,1066026,803106.741734181,0.0860123870953583,0.0944706091541191
47,pinuYun-Zone47,pinuYun,Zone47,1222,1222,One year two ripes grain fields; evergreen and deciduous orchards; economic tree plantations,#FF6D00,TRUE,rf_var,Plain RF,2041-2070SSP585,2041-2070,SSP585,12393866,8501128.01140083,1,Top-1,123767,92887.3840978504,0.00998614960013284,0.0109264775184281
47,pinuYun-Zone47,pinuYun,Zone47,1222,1222,One year two ripes grain fields; evergreen and deciduous orchards; economic tree plantations,#FF6D00,TRUE,rf_var,Plain RF,2041-2070SSP585,2041-2070,SSP585,12393866,8501128.01140083,3,Top-3,501054,379319.868618222,0.0404275792557383,0.0446199455071747
47,pinuYun-Zone47,pinuYun,Zone47,1222,1222,One year two ripes grain fields; evergreen and deciduous orchards; economic tree plantations,#FF6D00,TRUE,rf_var,Plain RF,2041-2070SSP585,2041-2070,SSP585,12393866,8501128.01140083,5,Top-5,669276,507439.952586345,0.0540005838371982,0.0596908965381793
47,pinuYun-Zone47,pinuYun,Zone47,1222,1222,One year two ripes grain fields; evergreen and deciduous orchards; economic tree plantations,#FF6D00,TRUE,rf_var,Plain RF,2071-2100SSP585,2071-2100,SSP585,12393866,8501128.01140083,1,Top-1,45904,33824.5921557803,0.00370376765409599,0.00397883576278563
47,pinuYun-Zone47,pinuYun,Zone47,1222,1222,One year two ripes grain fields; evergreen and deciduous orchards; economic tree plantations,#FF6D00,TRUE,rf_var,Plain RF,2071-2100SSP585,2071-2100,SSP585,12393866,8501128.01140083,3,Top-3,284605,216662.709541201,0.02296337559241,0.0254863483117341
47,pinuYun-Zone47,pinuYun,Zone47,1222,1222,One year two ripes grain fields; evergreen and deciduous orchards; economic tree plantations,#FF6D00,TRUE,rf_var,Plain RF,2071-2100SSP585,2071-2100,SSP585,12393866,8501128.01140083,5,Top-5,380789,290318.244635911,0.0307239887860656,0.0341505555788086
47,pinuYun-Zone47,pinuYun,Zone47,1222,1222,One year two ripes grain fields; evergreen and deciduous orchards; economic tree plantations,#FF6D00,TRUE,mf_var,Plain MF RF,2011-2040SSP245,2011-2040,SSP245,12393866,8501128.01140083,1,Top-1,404273,301621.238346814,0.032618797072681,0.0354801430989289
47,pinuYun-Zone47,pinuYun,Zone47,1222,1222,One year two ripes grain fields; evergreen and deciduous orchards; economic tree plantations,#FF6D00,TRUE,mf_var,Plain MF RF,2011-2040SSP245,2011-2040,SSP245,12393866,8501128.01140083,3,Top-3,875249,658964.246716603,0.0706195306613772,0.0775149187064197
47,pinuYun-Zone47,pinuYun,Zone47,1222,1222,One year two ripes grain fields; evergreen and deciduous orchards; economic tree plantations,#FF6D00,TRUE,mf_var,Plain MF RF,2011-2040SSP245,2011-2040,SSP245,12393866,8501128.01140083,5,Top-5,1062157,800559.616463699,0.0857002165426026,0.0941709871196001
47,pinuYun-Zone47,pinuYun,Zone47,1222,1222,One year two ripes grain fields; evergreen and deciduous orchards; economic tree plantations,#FF6D00,TRUE,mf_var,Plain MF RF,2041-2070SSP245,2041-2070,SSP245,12393866,8501128.01140083,1,Top-1,234883,174898.021112777,0.0189515523243514,0.0205735075249099
47,pinuYun-Zone47,pinuYun,Zone47,1222,1222,One year two ripes grain fields; evergreen and deciduous orchards; economic tree plantations,#FF6D00,TRUE,mf_var,Plain MF RF,2041-2070SSP245,2041-2070,SSP245,12393866,8501128.01140083,3,Top-3,694344,522112.631237139,0.056023197281623,0.0614168649780283
47,pinuYun-Zone47,pinuYun,Zone47,1222,1222,One year two ripes grain fields; evergreen and deciduous orchards; economic tree plantations,#FF6D00,TRUE,mf_var,Plain MF RF,2041-2070SSP245,2041-2070,SSP245,12393866,8501128.01140083,5,Top-5,870663,656092.008113996,0.0702495089102948,0.0771770531197876
47,pinuYun-Zone47,pinuYun,Zone47,1222,1222,One year two ripes grain fields; evergreen and deciduous orchards; economic tree plantations,#FF6D00,TRUE,mf_var,Plain MF RF,2071-2100SSP245,2071-2100,SSP245,12393866,8501128.01140083,1,Top-1,121030,90406.8481373846,0.0097653145515693,0.0106346884808863
47,pinuYun-Zone47,pinuYun,Zone47,1222,1222,One year two ripes grain fields; evergreen and deciduous orchards; economic tree plantations,#FF6D00,TRUE,mf_var,Plain MF RF,2071-2100SSP245,2071-2100,SSP245,12393866,8501128.01140083,3,Top-3,506810,382256.372718087,0.040892002543839,0.0449653707373239
47,pinuYun-Zone47,pinuYun,Zone47,1222,1222,One year two ripes grain fields; evergreen and deciduous orchards; economic tree plantations,#FF6D00,TRUE,mf_var,Plain MF RF,2071-2100SSP245,2071-2100,SSP245,12393866,8501128.01140083,5,Top-5,662097,500616.434329849,0.0534213456882622,0.0588882362032985
47,pinuYun-Zone47,pinuYun,Zone47,1222,1222,One year two ripes grain fields; evergreen and deciduous orchards; economic tree plantations,#FF6D00,TRUE,mf_var,Plain MF RF,2011-2040SSP585,2011-2040,SSP585,12393866,8501128.01140083,1,Top-1,393224,293534.596520154,0.031727307685915,0.0345288997091322
47,pinuYun-Zone47,pinuYun,Zone47,1222,1222,One year two ripes grain fields; evergreen and deciduous orchards; economic tree plantations,#FF6D00,TRUE,mf_var,Plain MF RF,2011-2040SSP585,2011-2040,SSP585,12393866,8501128.01140083,3,Top-3,871707,656233.083428153,0.070333744127942,0.0771936480133085
47,pinuYun-Zone47,pinuYun,Zone47,1222,1222,One year two ripes grain fields; evergreen and deciduous orchards; economic tree plantations,#FF6D00,TRUE,mf_var,Plain MF RF,2011-2040SSP585,2011-2040,SSP585,12393866,8501128.01140083,5,Top-5,1060004,798758.571031385,0.0855265015774739,0.0939591275369777
47,pinuYun-Zone47,pinuYun,Zone47,1222,1222,One year two ripes grain fields; evergreen and deciduous orchards; economic tree plantations,#FF6D00,TRUE,mf_var,Plain MF RF,2041-2070SSP585,2041-2070,SSP585,12393866,8501128.01140083,1,Top-1,138025,103164.601797118,0.0111365573905672,0.0121354015206881
47,pinuYun-Zone47,pinuYun,Zone47,1222,1222,One year two ripes grain fields; evergreen and deciduous orchards; economic tree plantations,#FF6D00,TRUE,mf_var,Plain MF RF,2041-2070SSP585,2041-2070,SSP585,12393866,8501128.01140083,3,Top-3,535263,403836.252564449,0.0431877349650222,0.0475038432573731
47,pinuYun-Zone47,pinuYun,Zone47,1222,1222,One year two ripes grain fields; evergreen and deciduous orchards; economic tree plantations,#FF6D00,TRUE,mf_var,Plain MF RF,2041-2070SSP585,2041-2070,SSP585,12393866,8501128.01140083,5,Top-5,701882,530738.715888813,0.0566314013722595,0.0624315638085959
47,pinuYun-Zone47,pinuYun,Zone47,1222,1222,One year two ripes grain fields; evergreen and deciduous orchards; economic tree plantations,#FF6D00,TRUE,mf_var,Plain MF RF,2071-2100SSP585,2071-2100,SSP585,12393866,8501128.01140083,1,Top-1,46883,34506.3171949133,0.00378275834190881,0.00405902806646801
47,pinuYun-Zone47,pinuYun,Zone47,1222,1222,One year two ripes grain fields; evergreen and deciduous orchards; economic tree plantations,#FF6D00,TRUE,mf_var,Plain MF RF,2071-2100SSP585,2071-2100,SSP585,12393866,8501128.01140083,3,Top-3,287565,218831.374302337,0.0232022034125591,0.0257414514884217
47,pinuYun-Zone47,pinuYun,Zone47,1222,1222,One year two ripes grain fields; evergreen and deciduous orchards; economic tree plantations,#FF6D00,TRUE,mf_var,Plain MF RF,2071-2100SSP585,2071-2100,SSP585,12393866,8501128.01140083,5,Top-5,377273,287497.942216467,0.0304403000645642,0.0338187993206201
49,pinuYun-Zone49,pinuYun,Zone49,113,113,Broadleaf evergreen forests in subtropical zone,#006400,TRUE,rf_var,Plain RF,2011-2040SSP245,2011-2040,SSP245,12393866,8501128.01140083,1,Top-1,160802,123299.244527156,0.0129743213295997,0.0145038687056353
49,pinuYun-Zone49,pinuYun,Zone49,113,113,Broadleaf evergreen forests in subtropical zone,#006400,TRUE,rf_var,Plain RF,2011-2040SSP245,2011-2040,SSP245,12393866,8501128.01140083,3,Top-3,564358,432222.659246506,0.045535267203954,0.0508429773868661
49,pinuYun-Zone49,pinuYun,Zone49,113,113,Broadleaf evergreen forests in subtropical zone,#006400,TRUE,rf_var,Plain RF,2011-2040SSP245,2011-2040,SSP245,12393866,8501128.01140083,5,Top-5,926943,710480.614431934,0.0747904648961026,0.083574863650931
49,pinuYun-Zone49,pinuYun,Zone49,113,113,Broadleaf evergreen forests in subtropical zone,#006400,TRUE,rf_var,Plain RF,2041-2070SSP245,2041-2070,SSP245,12393866,8501128.01140083,1,Top-1,178779,136730.239554994,0.0144247969116335,0.0160837761026097
49,pinuYun-Zone49,pinuYun,Zone49,113,113,Broadleaf evergreen forests in subtropical zone,#006400,TRUE,rf_var,Plain RF,2041-2070SSP245,2041-2070,SSP245,12393866,8501128.01140083,3,Top-3,506912,387650.670347862,0.0409002324214252,0.045599909779971
49,pinuYun-Zone49,pinuYun,Zone49,113,113,Broadleaf evergreen forests in subtropical zone,#006400,TRUE,rf_var,Plain RF,2041-2070SSP245,2041-2070,SSP245,12393866,8501128.01140083,5,Top-5,818970,627444.190280525,0.0660786553606437,0.0738071688179571
49,pinuYun-Zone49,pinuYun,Zone49,113,113,Broadleaf evergreen forests in subtropical zone,#006400,TRUE,rf_var,Plain RF,2071-2100SSP245,2071-2100,SSP245,12393866,8501128.01140083,1,Top-1,192367,146788.053476868,0.0155211457022369,0.0172668913207767
49,pinuYun-Zone49,pinuYun,Zone49,113,113,Broadleaf evergreen forests in subtropical zone,#006400,TRUE,rf_var,Plain RF,2071-2100SSP245,2071-2100,SSP245,12393866,8501128.01140083,3,Top-3,478178,365237.105375602,0.0385818274943428,0.0429633696711523
49,pinuYun-Zone49,pinuYun,Zone49,113,113,Broadleaf evergreen forests in subtropical zone,#006400,TRUE,rf_var,Plain RF,2071-2100SSP245,2071-2100,SSP245,12393866,8501128.01140083,5,Top-5,764367,585173.836847675,0.0616730082445623,0.0688348459243174
49,pinuYun-Zone49,pinuYun,Zone49,113,113,Broadleaf evergreen forests in subtropical zone,#006400,TRUE,rf_var,Plain RF,2011-2040SSP585,2011-2040,SSP585,12393866,8501128.01140083,1,Top-1,166195,127341.065062184,0.0134094559357024,0.014979313908861
49,pinuYun-Zone49,pinuYun,Zone49,113,113,Broadleaf evergreen forests in subtropical zone,#006400,TRUE,rf_var,Plain RF,2011-2040SSP585,2011-2040,SSP585,12393866,8501128.01140083,3,Top-3,561371,429710.687570496,0.0452942608867967,0.0505474905205771
49,pinuYun-Zone49,pinuYun,Zone49,113,113,Broadleaf evergreen forests in subtropical zone,#006400,TRUE,rf_var,Plain RF,2011-2040SSP585,2011-2040,SSP585,12393866,8501128.01140083,5,Top-5,926377,709872.870132848,0.0747447971440066,0.0835033738088452
49,pinuYun-Zone49,pinuYun,Zone49,113,113,Broadleaf evergreen forests in subtropical zone,#006400,TRUE,rf_var,Plain RF,2041-2070SSP585,2041-2070,SSP585,12393866,8501128.01140083,1,Top-1,179325,136923.784063579,0.0144688509622421,0.0161065430234612
49,pinuYun-Zone49,pinuYun,Zone49,113,113,Broadleaf evergreen forests in subtropical zone,#006400,TRUE,rf_var,Plain RF,2041-2070SSP585,2041-2070,SSP585,12393866,8501128.01140083,3,Top-3,457803,349742.133581518,0.0369378691039584,0.0411406736979469
49,pinuYun-Zone49,pinuYun,Zone49,113,113,Broadleaf evergreen forests in subtropical zone,#006400,TRUE,rf_var,Plain RF,2041-2070SSP585,2041-2070,SSP585,12393866,8501128.01140083,5,Top-5,741930,568222.187711475,0.0598626772308172,0.0668407988856813
49,pinuYun-Zone49,pinuYun,Zone49,113,113,Broadleaf evergreen forests in subtropical zone,#006400,TRUE,rf_var,Plain RF,2071-2100SSP585,2071-2100,SSP585,12393866,8501128.01140083,1,Top-1,196489,149552.646190541,0.0158537295788094,0.017592094365592
49,pinuYun-Zone49,pinuYun,Zone49,113,113,Broadleaf evergreen forests in subtropical zone,#006400,TRUE,rf_var,Plain RF,2071-2100SSP585,2071-2100,SSP585,12393866,8501128.01140083,3,Top-3,380884,290483.390256093,0.0307316538681312,0.0341699818972879
49,pinuYun-Zone49,pinuYun,Zone49,113,113,Broadleaf evergreen forests in subtropical zone,#006400,TRUE,rf_var,Plain RF,2071-2100SSP585,2071-2100,SSP585,12393866,8501128.01140083,5,Top-5,552163,421937.361505733,0.0445513127219546,0.0496331029176215
49,pinuYun-Zone49,pinuYun,Zone49,113,113,Broadleaf evergreen forests in subtropical zone,#006400,TRUE,mf_var,Plain MF RF,2011-2040SSP245,2011-2040,SSP245,12393866,8501128.01140083,1,Top-1,163299,125212.920032862,0.0131757919603133,0.0147289771269106
49,pinuYun-Zone49,pinuYun,Zone49,113,113,Broadleaf evergreen forests in subtropical zone,#006400,TRUE,mf_var,Plain MF RF,2011-2040SSP245,2011-2040,SSP245,12393866,8501128.01140083,3,Top-3,567719,434757.695087279,0.0458064497389273,0.0511411773242594
49,pinuYun-Zone49,pinuYun,Zone49,113,113,Broadleaf evergreen forests in subtropical zone,#006400,TRUE,mf_var,Plain MF RF,2011-2040SSP245,2011-2040,SSP245,12393866,8501128.01140083,5,Top-5,936256,717501.952438608,0.0755418849937542,0.0844007938095237
49,pinuYun-Zone49,pinuYun,Zone49,113,113,Broadleaf evergreen forests in subtropical zone,#006400,TRUE,mf_var,Plain MF RF,2041-2070SSP245,2041-2070,SSP245,12393866,8501128.01140083,1,Top-1,177483,135727.053176907,0.0143202290552439,0.0159657698360599
49,pinuYun-Zone49,pinuYun,Zone49,113,113,Broadleaf evergreen forests in subtropical zone,#006400,TRUE,mf_var,Plain MF RF,2041-2070SSP245,2041-2070,SSP245,12393866,8501128.01140083,3,Top-3,505164,386242.723434194,0.0407591949114183,0.0454342909454139
49,pinuYun-Zone49,pinuYun,Zone49,113,113,Broadleaf evergreen forests in subtropical zone,#006400,TRUE,mf_var,Plain MF RF,2041-2070SSP245,2041-2070,SSP245,12393866,8501128.01140083,5,Top-5,833208,638283.415041991,0.0672274494495906,0.0750822025248875
49,pinuYun-Zone49,pinuYun,Zone49,113,113,Broadleaf evergreen forests in subtropical zone,#006400,TRUE,mf_var,Plain MF RF,2071-2100SSP245,2071-2100,SSP245,12393866,8501128.01140083,1,Top-1,189650,144734.075599949,0.0153019243551609,0.0170252789283783
49,pinuYun-Zone49,pinuYun,Zone49,113,113,Broadleaf evergreen forests in subtropical zone,#006400,TRUE,mf_var,Plain MF RF,2071-2100SSP245,2071-2100,SSP245,12393866,8501128.01140083,3,Top-3,476318,363749.339336609,0.0384317532560058,0.0427883615972829
49,pinuYun-Zone49,pinuYun,Zone49,113,113,Broadleaf evergreen forests in subtropical zone,#006400,TRUE,mf_var,Plain MF RF,2071-2100SSP245,2071-2100,SSP245,12393866,8501128.01140083,5,Top-5,773936,592402.545463094,0.0624450837212537,0.0696851693879477
49,pinuYun-Zone49,pinuYun,Zone49,113,113,Broadleaf evergreen forests in subtropical zone,#006400,TRUE,mf_var,Plain MF RF,2011-2040SSP585,2011-2040,SSP585,12393866,8501128.01140083,1,Top-1,169295,129709.720068583,0.0136595796662639,0.0152579422277408
49,pinuYun-Zone49,pinuYun,Zone49,113,113,Broadleaf evergreen forests in subtropical zone,#006400,TRUE,mf_var,Plain MF RF,2011-2040SSP585,2011-2040,SSP585,12393866,8501128.01140083,3,Top-3,565835,433077.598578888,0.0456544390588054,0.0509435451387262
49,pinuYun-Zone49,pinuYun,Zone49,113,113,Broadleaf evergreen forests in subtropical zone,#006400,TRUE,mf_var,Plain MF RF,2011-2040SSP585,2011-2040,SSP585,12393866,8501128.01140083,5,Top-5,936822,717757.011565273,0.0755875527458503,0.0844307967839905
49,pinuYun-Zone49,pinuYun,Zone49,113,113,Broadleaf evergreen forests in subtropical zone,#006400,TRUE,mf_var,Plain MF RF,2041-2070SSP585,2041-2070,SSP585,12393866,8501128.01140083,1,Top-1,177817,135794.622109808,0.0143471778700851,0.0159737180674958
49,pinuYun-Zone49,pinuYun,Zone49,113,113,Broadleaf evergreen forests in subtropical zone,#006400,TRUE,mf_var,Plain MF RF,2041-2070SSP585,2041-2070,SSP585,12393866,8501128.01140083,3,Top-3,457591,349523.268762536,0.0369207638681909,0.0411149283123124
49,pinuYun-Zone49,pinuYun,Zone49,113,113,Broadleaf evergreen forests in subtropical zone,#006400,TRUE,mf_var,Plain MF RF,2041-2070SSP585,2041-2070,SSP585,12393866,8501128.01140083,5,Top-5,753314,576871.34222216,0.0607811961174988,0.0678582114571761
49,pinuYun-Zone49,pinuYun,Zone49,113,113,Broadleaf evergreen forests in subtropical zone,#006400,TRUE,mf_var,Plain MF RF,2071-2100SSP585,2071-2100,SSP585,12393866,8501128.01140083,1,Top-1,193250,147063.914909236,0.0155923906229098,0.0172993413005909
49,pinuYun-Zone49,pinuYun,Zone49,113,113,Broadleaf evergreen forests in subtropical zone,#006400,TRUE,mf_var,Plain MF RF,2071-2100SSP585,2071-2100,SSP585,12393866,8501128.01140083,3,Top-3,375320,286167.833644784,0.0302827221143104,0.0336623367229626
49,pinuYun-Zone49,pinuYun,Zone49,113,113,Broadleaf evergreen forests in subtropical zone,#006400,TRUE,mf_var,Plain MF RF,2071-2100SSP585,2071-2100,SSP585,12393866,8501128.01140083,5,Top-5,546487,417467.107525016,0.0440933442398038,0.0491072604676877
50,pinuYun-Zone50,pinuYun,Zone50,14,14,Evergreen xeromorphic succulent thorny scrubs in subtropical and tropical zones,#FF006E,TRUE,rf_var,Plain RF,2011-2040SSP245,2011-2040,SSP245,12393866,8501128.01140083,1,Top-1,19375,15026.041429612,0.00156327331600971,0.00176753501528981
50,pinuYun-Zone50,pinuYun,Zone50,14,14,Evergreen xeromorphic succulent thorny scrubs in subtropical and tropical zones,#FF006E,TRUE,rf_var,Plain RF,2011-2040SSP245,2011-2040,SSP245,12393866,8501128.01140083,3,Top-3,70510,54872.2173010376,0.00568910459415972,0.00645469839148977
50,pinuYun-Zone50,pinuYun,Zone50,14,14,Evergreen xeromorphic succulent thorny scrubs in subtropical and tropical zones,#FF006E,TRUE,rf_var,Plain RF,2011-2040SSP245,2011-2040,SSP245,12393866,8501128.01140083,5,Top-5,105708,82230.5381726272,0.00852905784200023,0.00967289729814068
50,pinuYun-Zone50,pinuYun,Zone50,14,14,Evergreen xeromorphic succulent thorny scrubs in subtropical and tropical zones,#FF006E,TRUE,rf_var,Plain RF,2041-2070SSP245,2041-2070,SSP245,12393866,8501128.01140083,1,Top-1,22635,17582.9581157906,0.00182630665847121,0.00206830882821788
50,pinuYun-Zone50,pinuYun,Zone50,14,14,Evergreen xeromorphic succulent thorny scrubs in subtropical and tropical zones,#FF006E,TRUE,rf_var,Plain RF,2041-2070SSP245,2041-2070,SSP245,12393866,8501128.01140083,3,Top-3,73023,56746.4963972668,0.00589186618606333,0.0066751725560613
50,pinuYun-Zone50,pinuYun,Zone50,14,14,Evergreen xeromorphic succulent thorny scrubs in subtropical and tropical zones,#FF006E,TRUE,rf_var,Plain RF,2041-2070SSP245,2041-2070,SSP245,12393866,8501128.01140083,5,Top-5,108799,84494.78697043,0.00877845540689241,0.00993924416349388
50,pinuYun-Zone50,pinuYun,Zone50,14,14,Evergreen xeromorphic succulent thorny scrubs in subtropical and tropical zones,#FF006E,TRUE,rf_var,Plain RF,2071-2100SSP245,2071-2100,SSP245,12393866,8501128.01140083,1,Top-1,22669,17534.9944176096,0.00182904995099995,0.00206266678893595
50,pinuYun-Zone50,pinuYun,Zone50,14,14,Evergreen xeromorphic succulent thorny scrubs in subtropical and tropical zones,#FF006E,TRUE,rf_var,Plain RF,2071-2100SSP245,2071-2100,SSP245,12393866,8501128.01140083,3,Top-3,74238,57585.5255790959,0.00598989855142859,0.00677386877386956
50,pinuYun-Zone50,pinuYun,Zone50,14,14,Evergreen xeromorphic succulent thorny scrubs in subtropical and tropical zones,#FF006E,TRUE,rf_var,Plain RF,2071-2100SSP245,2071-2100,SSP245,12393866,8501128.01140083,5,Top-5,106633,82637.7826058789,0.00860369153579682,0.0097208020506283
50,pinuYun-Zone50,pinuYun,Zone50,14,14,Evergreen xeromorphic succulent thorny scrubs in subtropical and tropical zones,#FF006E,TRUE,rf_var,Plain RF,2011-2040SSP585,2011-2040,SSP585,12393866,8501128.01140083,1,Top-1,18961,14703.8235072317,0.00152986969521859,0.00172963205441824
50,pinuYun-Zone50,pinuYun,Zone50,14,14,Evergreen xeromorphic succulent thorny scrubs in subtropical and tropical zones,#FF006E,TRUE,rf_var,Plain RF,2011-2040SSP585,2011-2040,SSP585,12393866,8501128.01140083,3,Top-3,69467,54067.06531988,0.00560495006158692,0.00635998719786019
50,pinuYun-Zone50,pinuYun,Zone50,14,14,Evergreen xeromorphic succulent thorny scrubs in subtropical and tropical zones,#FF006E,TRUE,rf_var,Plain RF,2011-2040SSP585,2011-2040,SSP585,12393866,8501128.01140083,5,Top-5,104918,81619.4410815568,0.00846531663324422,0.009601013062278
50,pinuYun-Zone50,pinuYun,Zone50,14,14,Evergreen xeromorphic succulent thorny scrubs in subtropical and tropical zones,#FF006E,TRUE,rf_var,Plain RF,2041-2070SSP585,2041-2070,SSP585,12393866,8501128.01140083,1,Top-1,23945,18523.6875769802,0.00193200410590207,0.00217896819717785
50,pinuYun-Zone50,pinuYun,Zone50,14,14,Evergreen xeromorphic succulent thorny scrubs in subtropical and tropical zones,#FF006E,TRUE,rf_var,Plain RF,2041-2070SSP585,2041-2070,SSP585,12393866,8501128.01140083,3,Top-3,80871,62720.4953089208,0.00652508264975594,0.00737790270006599
50,pinuYun-Zone50,pinuYun,Zone50,14,14,Evergreen xeromorphic succulent thorny scrubs in subtropical and tropical zones,#FF006E,TRUE,rf_var,Plain RF,2041-2070SSP585,2041-2070,SSP585,12393866,8501128.01140083,5,Top-5,116546,90343.1257052205,0.00940352267807317,0.0106271927189029
50,pinuYun-Zone50,pinuYun,Zone50,14,14,Evergreen xeromorphic succulent thorny scrubs in subtropical and tropical zones,#FF006E,TRUE,rf_var,Plain RF,2071-2100SSP585,2071-2100,SSP585,12393866,8501128.01140083,1,Top-1,31433,24060.8219230979,0.00253617394281978,0.00283030932963602
50,pinuYun-Zone50,pinuYun,Zone50,14,14,Evergreen xeromorphic succulent thorny scrubs in subtropical and tropical zones,#FF006E,TRUE,rf_var,Plain RF,2071-2100SSP585,2071-2100,SSP585,12393866,8501128.01140083,3,Top-3,91775,70985.0349126453,0.00740487270073761,0.00835007246302462
50,pinuYun-Zone50,pinuYun,Zone50,14,14,Evergreen xeromorphic succulent thorny scrubs in subtropical and tropical zones,#FF006E,TRUE,rf_var,Plain RF,2071-2100SSP585,2071-2100,SSP585,12393866,8501128.01140083,5,Top-5,120939,93578.8797427523,0.0097579722098012,0.0110078191526176
50,pinuYun-Zone50,pinuYun,Zone50,14,14,Evergreen xeromorphic succulent thorny scrubs in subtropical and tropical zones,#FF006E,TRUE,mf_var,Plain MF RF,2011-2040SSP245,2011-2040,SSP245,12393866,8501128.01140083,1,Top-1,18761,14557.0630189423,0.00151373268034365,0.0017123684056304
50,pinuYun-Zone50,pinuYun,Zone50,14,14,Evergreen xeromorphic succulent thorny scrubs in subtropical and tropical zones,#FF006E,TRUE,mf_var,Plain MF RF,2011-2040SSP245,2011-2040,SSP245,12393866,8501128.01140083,3,Top-3,69038,53710.3086300074,0.00557033616468017,0.00631802139174669
50,pinuYun-Zone50,pinuYun,Zone50,14,14,Evergreen xeromorphic succulent thorny scrubs in subtropical and tropical zones,#FF006E,TRUE,mf_var,Plain MF RF,2011-2040SSP245,2011-2040,SSP245,12393866,8501128.01140083,5,Top-5,104657,81408.025447919,0.00844425782883243,0.00957614393510402
50,pinuYun-Zone50,pinuYun,Zone50,14,14,Evergreen xeromorphic succulent thorny scrubs in subtropical and tropical zones,#FF006E,TRUE,mf_var,Plain MF RF,2041-2070SSP245,2041-2070,SSP245,12393866,8501128.01140083,1,Top-1,20496,15913.7564972078,0.00165372128438374,0.00187195822435162
50,pinuYun-Zone50,pinuYun,Zone50,14,14,Evergreen xeromorphic succulent thorny scrubs in subtropical and tropical zones,#FF006E,TRUE,mf_var,Plain MF RF,2041-2070SSP245,2041-2070,SSP245,12393866,8501128.01140083,3,Top-3,70659,54878.9299044685,0.00570112667024155,0.00645548800475308
50,pinuYun-Zone50,pinuYun,Zone50,14,14,Evergreen xeromorphic succulent thorny scrubs in subtropical and tropical zones,#FF006E,TRUE,mf_var,Plain MF RF,2041-2070SSP245,2041-2070,SSP245,12393866,8501128.01140083,5,Top-5,105580,81947.9446520293,0.00851873015248027,0.00963965541303804
50,pinuYun-Zone50,pinuYun,Zone50,14,14,Evergreen xeromorphic succulent thorny scrubs in subtropical and tropical zones,#FF006E,TRUE,mf_var,Plain MF RF,2071-2100SSP245,2071-2100,SSP245,12393866,8501128.01140083,1,Top-1,17378,13384.8429303159,0.00140214522248344,0.00157447845890164
50,pinuYun-Zone50,pinuYun,Zone50,14,14,Evergreen xeromorphic succulent thorny scrubs in subtropical and tropical zones,#FF006E,TRUE,mf_var,Plain MF RF,2071-2100SSP245,2071-2100,SSP245,12393866,8501128.01140083,3,Top-3,73228,56751.1177658618,0.00590840662631014,0.00667571617434217
50,pinuYun-Zone50,pinuYun,Zone50,14,14,Evergreen xeromorphic succulent thorny scrubs in subtropical and tropical zones,#FF006E,TRUE,mf_var,Plain MF RF,2071-2100SSP245,2071-2100,SSP245,12393866,8501128.01140083,5,Top-5,105653,81825.5280594428,0.00852462016290962,0.0096252553719585
50,pinuYun-Zone50,pinuYun,Zone50,14,14,Evergreen xeromorphic succulent thorny scrubs in subtropical and tropical zones,#FF006E,TRUE,mf_var,Plain MF RF,2011-2040SSP585,2011-2040,SSP585,12393866,8501128.01140083,1,Top-1,17831,13827.0170092939,0.00143869556117518,0.00162649203620397
50,pinuYun-Zone50,pinuYun,Zone50,14,14,Evergreen xeromorphic succulent thorny scrubs in subtropical and tropical zones,#FF006E,TRUE,mf_var,Plain MF RF,2011-2040SSP585,2011-2040,SSP585,12393866,8501128.01140083,3,Top-3,68527,53321.5320943835,0.0055291060916747,0.00627228904480372
50,pinuYun-Zone50,pinuYun,Zone50,14,14,Evergreen xeromorphic succulent thorny scrubs in subtropical and tropical zones,#FF006E,TRUE,mf_var,Plain MF RF,2011-2040SSP585,2011-2040,SSP585,12393866,8501128.01140083,5,Top-5,104089,80969.3328853192,0.0083984287065876,0.00952453989361548
50,pinuYun-Zone50,pinuYun,Zone50,14,14,Evergreen xeromorphic succulent thorny scrubs in subtropical and tropical zones,#FF006E,TRUE,mf_var,Plain MF RF,2041-2070SSP585,2041-2070,SSP585,12393866,8501128.01140083,1,Top-1,20268,15666.3766659041,0.00163532508742631,0.00184285857651997
50,pinuYun-Zone50,pinuYun,Zone50,14,14,Evergreen xeromorphic succulent thorny scrubs in subtropical and tropical zones,#FF006E,TRUE,mf_var,Plain MF RF,2041-2070SSP585,2041-2070,SSP585,12393866,8501128.01140083,3,Top-3,79056,61260.5949664688,0.00637863923976587,0.00720617250843799
50,pinuYun-Zone50,pinuYun,Zone50,14,14,Evergreen xeromorphic succulent thorny scrubs in subtropical and tropical zones,#FF006E,TRUE,mf_var,Plain MF RF,2041-2070SSP585,2041-2070,SSP585,12393866,8501128.01140083,5,Top-5,114631,88799.7288756882,0.00924901076064563,0.0104456407145733
50,pinuYun-Zone50,pinuYun,Zone50,14,14,Evergreen xeromorphic succulent thorny scrubs in subtropical and tropical zones,#FF006E,TRUE,mf_var,Plain MF RF,2071-2100SSP585,2071-2100,SSP585,12393866,8501128.01140083,1,Top-1,27306,20837.0715669807,0.00220318664087541,0.00245109490635081
50,pinuYun-Zone50,pinuYun,Zone50,14,14,Evergreen xeromorphic succulent thorny scrubs in subtropical and tropical zones,#FF006E,TRUE,mf_var,Plain MF RF,2071-2100SSP585,2071-2100,SSP585,12393866,8501128.01140083,3,Top-3,88012,68013.0231440569,0.00710125476586563,0.00800047041437853
50,pinuYun-Zone50,pinuYun,Zone50,14,14,Evergreen xeromorphic succulent thorny scrubs in subtropical and tropical zones,#FF006E,TRUE,mf_var,Plain MF RF,2071-2100SSP585,2071-2100,SSP585,12393866,8501128.01140083,5,Top-5,118189,91391.2054427379,0.00953608825527079,0.0107504798563407
10,chamFor-Zone10,chamFor,Zone10,27,27,Needleleaf forests on mountains in subtropical and tropical zones,#006D77,TRUE,rf_var,Plain RF,2011-2040SSP245,2011-2040,SSP245,12393866,8501128.01140083,1,Top-1,181852,135166.533597872,0.014672742145187,0.0158998351061884
10,chamFor-Zone10,chamFor,Zone10,27,27,Needleleaf forests on mountains in subtropical and tropical zones,#006D77,TRUE,rf_var,Plain RF,2011-2040SSP245,2011-2040,SSP245,12393866,8501128.01140083,3,Top-3,377949,280629.965374406,0.0304948431748415,0.0330109092579307
10,chamFor-Zone10,chamFor,Zone10,27,27,Needleleaf forests on mountains in subtropical and tropical zones,#006D77,TRUE,rf_var,Plain RF,2011-2040SSP245,2011-2040,SSP245,12393866,8501128.01140083,5,Top-5,481229,356301.914231678,0.03882799765626,0.0419123101962284
10,chamFor-Zone10,chamFor,Zone10,27,27,Needleleaf forests on mountains in subtropical and tropical zones,#006D77,TRUE,rf_var,Plain RF,2041-2070SSP245,2041-2070,SSP245,12393866,8501128.01140083,1,Top-1,206025,152756.621912314,0.0166231424480465,0.0179689826700001
10,chamFor-Zone10,chamFor,Zone10,27,27,Needleleaf forests on mountains in subtropical and tropical zones,#006D77,TRUE,rf_var,Plain RF,2041-2070SSP245,2041-2070,SSP245,12393866,8501128.01140083,3,Top-3,398220,295086.54068641,0.0321304103174909,0.0347114571490596
10,chamFor-Zone10,chamFor,Zone10,27,27,Needleleaf forests on mountains in subtropical and tropical zones,#006D77,TRUE,rf_var,Plain RF,2041-2070SSP245,2041-2070,SSP245,12393866,8501128.01140083,5,Top-5,479956,354946.680798945,0.038725285556581,0.0417528921247777
10,chamFor-Zone10,chamFor,Zone10,27,27,Needleleaf forests on mountains in subtropical and tropical zones,#006D77,TRUE,rf_var,Plain RF,2071-2100SSP245,2071-2100,SSP245,12393866,8501128.01140083,1,Top-1,226021,167526.472077699,0.0182365211952429,0.019706381535842
10,chamFor-Zone10,chamFor,Zone10,27,27,Needleleaf forests on mountains in subtropical and tropical zones,#006D77,TRUE,rf_var,Plain RF,2071-2100SSP245,2071-2100,SSP245,12393866,8501128.01140083,3,Top-3,427219,315930.976375202,0.0344701967892827,0.0371634183077244
10,chamFor-Zone10,chamFor,Zone10,27,27,Needleleaf forests on mountains in subtropical and tropical zones,#006D77,TRUE,rf_var,Plain RF,2071-2100SSP245,2071-2100,SSP245,12393866,8501128.01140083,5,Top-5,485317,358431.011217762,0.0391578382403037,0.0421627589582313
10,chamFor-Zone10,chamFor,Zone10,27,27,Needleleaf forests on mountains in subtropical and tropical zones,#006D77,TRUE,rf_var,Plain RF,2011-2040SSP585,2011-2040,SSP585,12393866,8501128.01140083,1,Top-1,179962,133869.00877467,0.0145202473546188,0.015747205382055
10,chamFor-Zone10,chamFor,Zone10,27,27,Needleleaf forests on mountains in subtropical and tropical zones,#006D77,TRUE,rf_var,Plain RF,2011-2040SSP585,2011-2040,SSP585,12393866,8501128.01140083,3,Top-3,374136,277885.97291038,0.0301871909862508,0.0326881294503163
10,chamFor-Zone10,chamFor,Zone10,27,27,Needleleaf forests on mountains in subtropical and tropical zones,#006D77,TRUE,rf_var,Plain RF,2011-2040SSP585,2011-2040,SSP585,12393866,8501128.01140083,5,Top-5,478618,354419.454876108,0.0386173289270676,0.0416908737759033
10,chamFor-Zone10,chamFor,Zone10,27,27,Needleleaf forests on mountains in subtropical and tropical zones,#006D77,TRUE,rf_var,Plain RF,2041-2070SSP585,2041-2070,SSP585,12393866,8501128.01140083,1,Top-1,222145,164618.877605268,0.0179237858469666,0.0193643569870373
10,chamFor-Zone10,chamFor,Zone10,27,27,Needleleaf forests on mountains in subtropical and tropical zones,#006D77,TRUE,rf_var,Plain RF,2041-2070SSP585,2041-2070,SSP585,12393866,8501128.01140083,3,Top-3,422631,312672.177193712,0.0341000136680516,0.03678008104035
10,chamFor-Zone10,chamFor,Zone10,27,27,Needleleaf forests on mountains in subtropical and tropical zones,#006D77,TRUE,rf_var,Plain RF,2041-2070SSP585,2041-2070,SSP585,12393866,8501128.01140083,5,Top-5,481139,355496.956061093,0.0388207359995662,0.0418176218008172
10,chamFor-Zone10,chamFor,Zone10,27,27,Needleleaf forests on mountains in subtropical and tropical zones,#006D77,TRUE,rf_var,Plain RF,2071-2100SSP585,2071-2100,SSP585,12393866,8501128.01140083,1,Top-1,275814,203649.949984204,0.022254073103582,0.0239556385589171
10,chamFor-Zone10,chamFor,Zone10,27,27,Needleleaf forests on mountains in subtropical and tropical zones,#006D77,TRUE,rf_var,Plain RF,2071-2100SSP585,2071-2100,SSP585,12393866,8501128.01140083,3,Top-3,432735,319283.244806107,0.0349152556595335,0.0375577504982772
10,chamFor-Zone10,chamFor,Zone10,27,27,Needleleaf forests on mountains in subtropical and tropical zones,#006D77,TRUE,rf_var,Plain RF,2071-2100SSP585,2071-2100,SSP585,12393866,8501128.01140083,5,Top-5,455575,335883.03823131,0.0367581027582515,0.0395104082400428
10,chamFor-Zone10,chamFor,Zone10,27,27,Needleleaf forests on mountains in subtropical and tropical zones,#006D77,TRUE,mf_var,Plain MF RF,2011-2040SSP245,2011-2040,SSP245,12393866,8501128.01140083,1,Top-1,180470,134140.912724759,0.0145612353724012,0.0157791898374972
10,chamFor-Zone10,chamFor,Zone10,27,27,Needleleaf forests on mountains in subtropical and tropical zones,#006D77,TRUE,mf_var,Plain MF RF,2011-2040SSP245,2011-2040,SSP245,12393866,8501128.01140083,3,Top-3,378631,281155.23495191,0.030549870395565,0.0330726974790703
10,chamFor-Zone10,chamFor,Zone10,27,27,Needleleaf forests on mountains in subtropical and tropical zones,#006D77,TRUE,mf_var,Plain MF RF,2011-2040SSP245,2011-2040,SSP245,12393866,8501128.01140083,5,Top-5,481517,356524.400541089,0.0388512349576799,0.041938481583027
10,chamFor-Zone10,chamFor,Zone10,27,27,Needleleaf forests on mountains in subtropical and tropical zones,#006D77,TRUE,mf_var,Plain MF RF,2041-2070SSP245,2041-2070,SSP245,12393866,8501128.01140083,1,Top-1,206040,152765.772015656,0.0166243527241621,0.0179700590099082
10,chamFor-Zone10,chamFor,Zone10,27,27,Needleleaf forests on mountains in subtropical and tropical zones,#006D77,TRUE,mf_var,Plain MF RF,2041-2070SSP245,2041-2070,SSP245,12393866,8501128.01140083,3,Top-3,399039,295701.789042199,0.0321964913934038,0.0347838297042033
10,chamFor-Zone10,chamFor,Zone10,27,27,Needleleaf forests on mountains in subtropical and tropical zones,#006D77,TRUE,mf_var,Plain MF RF,2041-2070SSP245,2041-2070,SSP245,12393866,8501128.01140083,5,Top-5,480904,355639.637819416,0.0388017750070882,0.0418344056626919
10,chamFor-Zone10,chamFor,Zone10,27,27,Needleleaf forests on mountains in subtropical and tropical zones,#006D77,TRUE,mf_var,Plain MF RF,2071-2100SSP245,2071-2100,SSP245,12393866,8501128.01140083,1,Top-1,228735,169461.224634375,0.0184555004870958,0.0199339692811485
10,chamFor-Zone10,chamFor,Zone10,27,27,Needleleaf forests on mountains in subtropical and tropical zones,#006D77,TRUE,mf_var,Plain MF RF,2071-2100SSP245,2071-2100,SSP245,12393866,8501128.01140083,3,Top-3,427882,316430.92206463,0.0345236909935931,0.0372222276432334
10,chamFor-Zone10,chamFor,Zone10,27,27,Needleleaf forests on mountains in subtropical and tropical zones,#006D77,TRUE,mf_var,Plain MF RF,2071-2100SSP245,2071-2100,SSP245,12393866,8501128.01140083,5,Top-5,487015,359689.674244283,0.0392948414965919,0.0423108173129383
10,chamFor-Zone10,chamFor,Zone10,27,27,Needleleaf forests on mountains in subtropical and tropical zones,#006D77,TRUE,mf_var,Plain MF RF,2011-2040SSP585,2011-2040,SSP585,12393866,8501128.01140083,1,Top-1,178861,133060.507099395,0.0144314130877323,0.0156521001590551
10,chamFor-Zone10,chamFor,Zone10,27,27,Needleleaf forests on mountains in subtropical and tropical zones,#006D77,TRUE,mf_var,Plain MF RF,2011-2040SSP585,2011-2040,SSP585,12393866,8501128.01140083,3,Top-3,373892,277735.601329962,0.0301675038281034,0.0326704410235314
10,chamFor-Zone10,chamFor,Zone10,27,27,Needleleaf forests on mountains in subtropical and tropical zones,#006D77,TRUE,mf_var,Plain MF RF,2011-2040SSP585,2011-2040,SSP585,12393866,8501128.01140083,5,Top-5,478976,354692.951579155,0.0386462141836938,0.0417230455891827
10,chamFor-Zone10,chamFor,Zone10,27,27,Needleleaf forests on mountains in subtropical and tropical zones,#006D77,TRUE,mf_var,Plain MF RF,2041-2070SSP585,2041-2070,SSP585,12393866,8501128.01140083,1,Top-1,225087,166744.341216616,0.0181611613357769,0.0196143783499078
10,chamFor-Zone10,chamFor,Zone10,27,27,Needleleaf forests on mountains in subtropical and tropical zones,#006D77,TRUE,mf_var,Plain MF RF,2041-2070SSP585,2041-2070,SSP585,12393866,8501128.01140083,3,Top-3,423536,313357.082308609,0.0341730336603607,0.0368606474209501
10,chamFor-Zone10,chamFor,Zone10,27,27,Needleleaf forests on mountains in subtropical and tropical zones,#006D77,TRUE,mf_var,Plain MF RF,2041-2070SSP585,2041-2070,SSP585,12393866,8501128.01140083,5,Top-5,482471,356499.042227741,0.0389282085186333,0.041935498647902
10,chamFor-Zone10,chamFor,Zone10,27,27,Needleleaf forests on mountains in subtropical and tropical zones,#006D77,TRUE,mf_var,Plain MF RF,2071-2100SSP585,2071-2100,SSP585,12393866,8501128.01140083,1,Top-1,267742,197777.804511774,0.0216027831832295,0.0232648895824807
10,chamFor-Zone10,chamFor,Zone10,27,27,Needleleaf forests on mountains in subtropical and tropical zones,#006D77,TRUE,mf_var,Plain MF RF,2071-2100SSP585,2071-2100,SSP585,12393866,8501128.01140083,3,Top-3,435248,321202.69091257,0.0351180172514371,0.0377835377236769
10,chamFor-Zone10,chamFor,Zone10,27,27,Needleleaf forests on mountains in subtropical and tropical zones,#006D77,TRUE,mf_var,Plain MF RF,2071-2100SSP585,2071-2100,SSP585,12393866,8501128.01140083,5,Top-5,459128,338566.403961505,0.0370447768275048,0.0398260564371522
21,chamFor-Zone21,chamFor,Zone21,36,36,One year two ripes or three ripes grain fields; evergreen orchards and subtropical economic tree plantations,#F3722C,TRUE,rf_var,Plain RF,2011-2040SSP245,2011-2040,SSP245,12393866,8501128.01140083,1,Top-1,879415,662329.284365043,0.0709556646812222,0.0779107529585245
21,chamFor-Zone21,chamFor,Zone21,36,36,One year two ripes or three ripes grain fields; evergreen orchards and subtropical economic tree plantations,#F3722C,TRUE,rf_var,Plain RF,2011-2040SSP245,2011-2040,SSP245,12393866,8501128.01140083,3,Top-3,1415339,1072429.06279155,0.114196732480406,0.126151383834394
21,chamFor-Zone21,chamFor,Zone21,36,36,One year two ripes or three ripes grain fields; evergreen orchards and subtropical economic tree plantations,#F3722C,TRUE,rf_var,Plain RF,2011-2040SSP245,2011-2040,SSP245,12393866,8501128.01140083,5,Top-5,1770822,1346573.32601556,0.142878904774346,0.158399370555257
21,chamFor-Zone21,chamFor,Zone21,36,36,One year two ripes or three ripes grain fields; evergreen orchards and subtropical economic tree plantations,#F3722C,TRUE,rf_var,Plain RF,2041-2070SSP245,2041-2070,SSP245,12393866,8501128.01140083,1,Top-1,1253138,940049.851563539,0.101109532731756,0.110579425495398
21,chamFor-Zone21,chamFor,Zone21,36,36,One year two ripes or three ripes grain fields; evergreen orchards and subtropical economic tree plantations,#F3722C,TRUE,rf_var,Plain RF,2041-2070SSP245,2041-2070,SSP245,12393866,8501128.01140083,3,Top-3,1706967,1289866.40460994,0.137726759350149,0.15172885326278
21,chamFor-Zone21,chamFor,Zone21,36,36,One year two ripes or three ripes grain fields; evergreen orchards and subtropical economic tree plantations,#F3722C,TRUE,rf_var,Plain RF,2041-2070SSP245,2041-2070,SSP245,12393866,8501128.01140083,5,Top-5,2024923,1535302.60476131,0.16338106285803,0.180599868947076
21,chamFor-Zone21,chamFor,Zone21,36,36,One year two ripes or three ripes grain fields; evergreen orchards and subtropical economic tree plantations,#F3722C,TRUE,rf_var,Plain RF,2071-2100SSP245,2071-2100,SSP245,12393866,8501128.01140083,1,Top-1,1464124,1096111.63403611,0.118132953833776,0.128937198988901
21,chamFor-Zone21,chamFor,Zone21,36,36,One year two ripes or three ripes grain fields; evergreen orchards and subtropical economic tree plantations,#F3722C,TRUE,rf_var,Plain RF,2071-2100SSP245,2071-2100,SSP245,12393866,8501128.01140083,3,Top-3,1899296,1432625.59530247,0.15324483901956,0.16852182361931
21,chamFor-Zone21,chamFor,Zone21,36,36,One year two ripes or three ripes grain fields; evergreen orchards and subtropical economic tree plantations,#F3722C,TRUE,rf_var,Plain RF,2071-2100SSP245,2071-2100,SSP245,12393866,8501128.01140083,5,Top-5,2177526,1647715.32050114,0.175693847262831,0.19382313950471
21,chamFor-Zone21,chamFor,Zone21,36,36,One year two ripes or three ripes grain fields; evergreen orchards and subtropical economic tree plantations,#F3722C,TRUE,rf_var,Plain RF,2011-2040SSP585,2011-2040,SSP585,12393866,8501128.01140083,1,Top-1,915021,688895.536746079,0.0738285374394075,0.0810357797014942
21,chamFor-Zone21,chamFor,Zone21,36,36,One year two ripes or three ripes grain fields; evergreen orchards and subtropical economic tree plantations,#F3722C,TRUE,rf_var,Plain RF,2011-2040SSP585,2011-2040,SSP585,12393866,8501128.01140083,3,Top-3,1446700,1095926.72141995,0.116727097097871,0.128915447450056
21,chamFor-Zone21,chamFor,Zone21,36,36,One year two ripes or three ripes grain fields; evergreen orchards and subtropical economic tree plantations,#F3722C,TRUE,rf_var,Plain RF,2011-2040SSP585,2011-2040,SSP585,12393866,8501128.01140083,5,Top-5,1797822,1366659.32718374,0.145057401782462,0.160762115962837
21,chamFor-Zone21,chamFor,Zone21,36,36,One year two ripes or three ripes grain fields; evergreen orchards and subtropical economic tree plantations,#F3722C,TRUE,rf_var,Plain RF,2041-2070SSP585,2041-2070,SSP585,12393866,8501128.01140083,1,Top-1,1445539,1083057.71877469,0.116633421726522,0.127401648030968
21,chamFor-Zone21,chamFor,Zone21,36,36,One year two ripes or three ripes grain fields; evergreen orchards and subtropical economic tree plantations,#F3722C,TRUE,rf_var,Plain RF,2041-2070SSP585,2041-2070,SSP585,12393866,8501128.01140083,3,Top-3,1892355,1428675.97397715,0.152684803918325,0.168057223942653
21,chamFor-Zone21,chamFor,Zone21,36,36,One year two ripes or three ripes grain fields; evergreen orchards and subtropical economic tree plantations,#F3722C,TRUE,rf_var,Plain RF,2041-2070SSP585,2041-2070,SSP585,12393866,8501128.01140083,5,Top-5,2181361,1651914.71143534,0.176003274523058,0.194317119942196
21,chamFor-Zone21,chamFor,Zone21,36,36,One year two ripes or three ripes grain fields; evergreen orchards and subtropical economic tree plantations,#F3722C,TRUE,rf_var,Plain RF,2071-2100SSP585,2071-2100,SSP585,12393866,8501128.01140083,1,Top-1,1782405,1332707.37714144,0.143813479990828,0.15676829890741
21,chamFor-Zone21,chamFor,Zone21,36,36,One year two ripes or three ripes grain fields; evergreen orchards and subtropical economic tree plantations,#F3722C,TRUE,rf_var,Plain RF,2071-2100SSP585,2071-2100,SSP585,12393866,8501128.01140083,3,Top-3,2130135,1601715.20115018,0.17187010090314,0.188412078844375
21,chamFor-Zone21,chamFor,Zone21,36,36,One year two ripes or three ripes grain fields; evergreen orchards and subtropical economic tree plantations,#F3722C,TRUE,rf_var,Plain RF,2071-2100SSP585,2071-2100,SSP585,12393866,8501128.01140083,5,Top-5,2315767,1745404.37957947,0.186847832629464,0.205314445005264
21,chamFor-Zone21,chamFor,Zone21,36,36,One year two ripes or three ripes grain fields; evergreen orchards and subtropical economic tree plantations,#F3722C,TRUE,mf_var,Plain MF RF,2011-2040SSP245,2011-2040,SSP245,12393866,8501128.01140083,1,Top-1,890497,670730.13356508,0.0718498166754425,0.078898957016712
21,chamFor-Zone21,chamFor,Zone21,36,36,One year two ripes or three ripes grain fields; evergreen orchards and subtropical economic tree plantations,#F3722C,TRUE,mf_var,Plain MF RF,2011-2040SSP245,2011-2040,SSP245,12393866,8501128.01140083,3,Top-3,1405635,1065397.36725346,0.113413764518674,0.125324235304381
21,chamFor-Zone21,chamFor,Zone21,36,36,One year two ripes or three ripes grain fields; evergreen orchards and subtropical economic tree plantations,#F3722C,TRUE,mf_var,Plain MF RF,2011-2040SSP245,2011-2040,SSP245,12393866,8501128.01140083,5,Top-5,1760039,1338672.13296649,0.142008877617363,0.157469941773751
21,chamFor-Zone21,chamFor,Zone21,36,36,One year two ripes or three ripes grain fields; evergreen orchards and subtropical economic tree plantations,#F3722C,TRUE,mf_var,Plain MF RF,2041-2070SSP245,2041-2070,SSP245,12393866,8501128.01140083,1,Top-1,1237877,928888.390099548,0.099878197811724,0.10926648661846
21,chamFor-Zone21,chamFor,Zone21,36,36,One year two ripes or three ripes grain fields; evergreen orchards and subtropical economic tree plantations,#F3722C,TRUE,mf_var,Plain MF RF,2041-2070SSP245,2041-2070,SSP245,12393866,8501128.01140083,3,Top-3,1686504,1274414.49390713,0.13607570067322,0.149911222628105
21,chamFor-Zone21,chamFor,Zone21,36,36,One year two ripes or three ripes grain fields; evergreen orchards and subtropical economic tree plantations,#F3722C,TRUE,mf_var,Plain MF RF,2041-2070SSP245,2041-2070,SSP245,12393866,8501128.01140083,5,Top-5,2011356,1525393.64966965,0.162286408453988,0.179434264208696
21,chamFor-Zone21,chamFor,Zone21,36,36,One year two ripes or three ripes grain fields; evergreen orchards and subtropical economic tree plantations,#F3722C,TRUE,mf_var,Plain MF RF,2071-2100SSP245,2071-2100,SSP245,12393866,8501128.01140083,1,Top-1,1462484,1095010.65936885,0.118000630311801,0.128807689744271
21,chamFor-Zone21,chamFor,Zone21,36,36,One year two ripes or three ripes grain fields; evergreen orchards and subtropical economic tree plantations,#F3722C,TRUE,mf_var,Plain MF RF,2071-2100SSP245,2071-2100,SSP245,12393866,8501128.01140083,3,Top-3,1876227,1414876.44692055,0.15138351503881,0.166433965589398
21,chamFor-Zone21,chamFor,Zone21,36,36,One year two ripes or three ripes grain fields; evergreen orchards and subtropical economic tree plantations,#F3722C,TRUE,mf_var,Plain MF RF,2071-2100SSP245,2071-2100,SSP245,12393866,8501128.01140083,5,Top-5,2170123,1642524.2754681,0.175096535657236,0.193212509359384
21,chamFor-Zone21,chamFor,Zone21,36,36,One year two ripes or three ripes grain fields; evergreen orchards and subtropical economic tree plantations,#F3722C,TRUE,mf_var,Plain MF RF,2011-2040SSP585,2011-2040,SSP585,12393866,8501128.01140083,1,Top-1,919367,692111.759853764,0.07417919477264,0.0814141086836447
21,chamFor-Zone21,chamFor,Zone21,36,36,One year two ripes or three ripes grain fields; evergreen orchards and subtropical economic tree plantations,#F3722C,TRUE,mf_var,Plain MF RF,2011-2040SSP585,2011-2040,SSP585,12393866,8501128.01140083,3,Top-3,1436538,1088517.40972622,0.115907175372075,0.128043879384761
21,chamFor-Zone21,chamFor,Zone21,36,36,One year two ripes or three ripes grain fields; evergreen orchards and subtropical economic tree plantations,#F3722C,TRUE,mf_var,Plain MF RF,2011-2040SSP585,2011-2040,SSP585,12393866,8501128.01140083,5,Top-5,1785387,1357513.40025219,0.144054082882613,0.15968626733201
21,chamFor-Zone21,chamFor,Zone21,36,36,One year two ripes or three ripes grain fields; evergreen orchards and subtropical economic tree plantations,#F3722C,TRUE,mf_var,Plain MF RF,2041-2070SSP585,2041-2070,SSP585,12393866,8501128.01140083,1,Top-1,1441420,1080251.13052305,0.116301079905172,0.1270715049902
21,chamFor-Zone21,chamFor,Zone21,36,36,One year two ripes or three ripes grain fields; evergreen orchards and subtropical economic tree plantations,#F3722C,TRUE,mf_var,Plain MF RF,2041-2070SSP585,2041-2070,SSP585,12393866,8501128.01140083,3,Top-3,1865631,1408192.93067365,0.150528575990736,0.165647773893668
21,chamFor-Zone21,chamFor,Zone21,36,36,One year two ripes or three ripes grain fields; evergreen orchards and subtropical economic tree plantations,#F3722C,TRUE,mf_var,Plain MF RF,2041-2070SSP585,2041-2070,SSP585,12393866,8501128.01140083,5,Top-5,2169967,1643676.99994459,0.175083948785633,0.193348106009021
21,chamFor-Zone21,chamFor,Zone21,36,36,One year two ripes or three ripes grain fields; evergreen orchards and subtropical economic tree plantations,#F3722C,TRUE,mf_var,Plain MF RF,2071-2100SSP585,2071-2100,SSP585,12393866,8501128.01140083,1,Top-1,1749913,1307904.83942878,0.141191860554245,0.153850740475235
21,chamFor-Zone21,chamFor,Zone21,36,36,One year two ripes or three ripes grain fields; evergreen orchards and subtropical economic tree plantations,#F3722C,TRUE,mf_var,Plain MF RF,2071-2100SSP585,2071-2100,SSP585,12393866,8501128.01140083,3,Top-3,2108597,1585282.68415228,0.170132305771258,0.186479098071017
21,chamFor-Zone21,chamFor,Zone21,36,36,One year two ripes or three ripes grain fields; evergreen orchards and subtropical economic tree plantations,#F3722C,TRUE,mf_var,Plain MF RF,2071-2100SSP585,2071-2100,SSP585,12393866,8501128.01140083,5,Top-5,2301543,1734751.72205213,0.185700168131558,0.204061357472286
26,chamFor-Zone26,chamFor,Zone26,10,10,Bamboo forests and scrubs in subtropical and tropical zones,#00A878,TRUE,rf_var,Plain RF,2011-2040SSP245,2011-2040,SSP245,12393866,8501128.01140083,1,Top-1,37300,28104.4961312256,0.00300955327417611,0.00330597258311306
26,chamFor-Zone26,chamFor,Zone26,10,10,Bamboo forests and scrubs in subtropical and tropical zones,#00A878,TRUE,rf_var,Plain RF,2011-2040SSP245,2011-2040,SSP245,12393866,8501128.01140083,3,Top-3,199642,151675.47403647,0.0161081296183128,0.0178418056795591
26,chamFor-Zone26,chamFor,Zone26,10,10,Bamboo forests and scrubs in subtropical and tropical zones,#00A878,TRUE,rf_var,Plain RF,2011-2040SSP245,2011-2040,SSP245,12393866,8501128.01140083,5,Top-5,365938,278119.65747155,0.029525734746527,0.0327156181036875
26,chamFor-Zone26,chamFor,Zone26,10,10,Bamboo forests and scrubs in subtropical and tropical zones,#00A878,TRUE,rf_var,Plain RF,2041-2070SSP245,2041-2070,SSP245,12393866,8501128.01140083,1,Top-1,17691,13314.5371423852,0.00142739965076272,0.00156620828724484
26,chamFor-Zone26,chamFor,Zone26,10,10,Bamboo forests and scrubs in subtropical and tropical zones,#00A878,TRUE,rf_var,Plain RF,2041-2070SSP245,2041-2070,SSP245,12393866,8501128.01140083,3,Top-3,102229,77772.6180294878,0.00824835446825067,0.00914850569538386
26,chamFor-Zone26,chamFor,Zone26,10,10,Bamboo forests and scrubs in subtropical and tropical zones,#00A878,TRUE,rf_var,Plain RF,2041-2070SSP245,2041-2070,SSP245,12393866,8501128.01140083,5,Top-5,220398,167834.987483477,0.017782829022034,0.0197426726498406
26,chamFor-Zone26,chamFor,Zone26,10,10,Bamboo forests and scrubs in subtropical and tropical zones,#00A878,TRUE,rf_var,Plain RF,2071-2100SSP245,2071-2100,SSP245,12393866,8501128.01140083,1,Top-1,7761,5866.07046661917,0.000626196862222006,0.000690034364704567
26,chamFor-Zone26,chamFor,Zone26,10,10,Bamboo forests and scrubs in subtropical and tropical zones,#00A878,TRUE,rf_var,Plain RF,2071-2100SSP245,2071-2100,SSP245,12393866,8501128.01140083,3,Top-3,51186,39192.5112916524,0.00412994621694312,0.0046102718649915
26,chamFor-Zone26,chamFor,Zone26,10,10,Bamboo forests and scrubs in subtropical and tropical zones,#00A878,TRUE,rf_var,Plain RF,2071-2100SSP245,2071-2100,SSP245,12393866,8501128.01140083,5,Top-5,128827,98550.8146225573,0.0103944160764688,0.011592675053286
26,chamFor-Zone26,chamFor,Zone26,10,10,Bamboo forests and scrubs in subtropical and tropical zones,#00A878,TRUE,rf_var,Plain RF,2011-2040SSP585,2011-2040,SSP585,12393866,8501128.01140083,1,Top-1,33400,25171.0867205506,0.0026948814841148,0.00296091138573537
26,chamFor-Zone26,chamFor,Zone26,10,10,Bamboo forests and scrubs in subtropical and tropical zones,#00A878,TRUE,rf_var,Plain RF,2011-2040SSP585,2011-2040,SSP585,12393866,8501128.01140083,3,Top-3,173996,132169.578205062,0.0140388802008994,0.0155472989028997
26,chamFor-Zone26,chamFor,Zone26,10,10,Bamboo forests and scrubs in subtropical and tropical zones,#00A878,TRUE,rf_var,Plain RF,2011-2040SSP585,2011-2040,SSP585,12393866,8501128.01140083,5,Top-5,326924,248467.931236627,0.0263778872548727,0.0292276426026532
26,chamFor-Zone26,chamFor,Zone26,10,10,Bamboo forests and scrubs in subtropical and tropical zones,#00A878,TRUE,rf_var,Plain RF,2041-2070SSP585,2041-2070,SSP585,12393866,8501128.01140083,1,Top-1,10443,7861.91765705297,0.000842594231694937,0.000924808760262095
26,chamFor-Zone26,chamFor,Zone26,10,10,Bamboo forests and scrubs in subtropical and tropical zones,#00A878,TRUE,rf_var,Plain RF,2041-2070SSP585,2041-2070,SSP585,12393866,8501128.01140083,3,Top-3,68475,52204.7987466075,0.00552491046780722,0.00614092608376158
26,chamFor-Zone26,chamFor,Zone26,10,10,Bamboo forests and scrubs in subtropical and tropical zones,#00A878,TRUE,rf_var,Plain RF,2041-2070SSP585,2041-2070,SSP585,12393866,8501128.01140083,5,Top-5,150728,115013.731304318,0.012161499890349,0.0135292317854847
26,chamFor-Zone26,chamFor,Zone26,10,10,Bamboo forests and scrubs in subtropical and tropical zones,#00A878,TRUE,rf_var,Plain RF,2071-2100SSP585,2071-2100,SSP585,12393866,8501128.01140083,1,Top-1,2204,1687.04022376968,0.000177829903921827,0.000198448984829683
26,chamFor-Zone26,chamFor,Zone26,10,10,Bamboo forests and scrubs in subtropical and tropical zones,#00A878,TRUE,rf_var,Plain RF,2071-2100SSP585,2071-2100,SSP585,12393866,8501128.01140083,3,Top-3,26034,20058.5513603892,0.0021005552262708,0.00235951644693372
26,chamFor-Zone26,chamFor,Zone26,10,10,Bamboo forests and scrubs in subtropical and tropical zones,#00A878,TRUE,rf_var,Plain RF,2071-2100SSP585,2071-2100,SSP585,12393866,8501128.01140083,5,Top-5,51856,40055.9140636029,0.00418400521677417,0.00471183518350554
26,chamFor-Zone26,chamFor,Zone26,10,10,Bamboo forests and scrubs in subtropical and tropical zones,#00A878,TRUE,mf_var,Plain MF RF,2011-2040SSP245,2011-2040,SSP245,12393866,8501128.01140083,1,Top-1,36871,27758.6292678647,0.00297493937726937,0.00326528776306364
26,chamFor-Zone26,chamFor,Zone26,10,10,Bamboo forests and scrubs in subtropical and tropical zones,#00A878,TRUE,mf_var,Plain MF RF,2011-2040SSP245,2011-2040,SSP245,12393866,8501128.01140083,3,Top-3,194686,147850.582307625,0.0157082543897118,0.0173918781259784
26,chamFor-Zone26,chamFor,Zone26,10,10,Bamboo forests and scrubs in subtropical and tropical zones,#00A878,TRUE,mf_var,Plain MF RF,2011-2040SSP245,2011-2040,SSP245,12393866,8501128.01140083,5,Top-5,355442,270028.63422652,0.0286788642058902,0.0317638593213025
26,chamFor-Zone26,chamFor,Zone26,10,10,Bamboo forests and scrubs in subtropical and tropical zones,#00A878,TRUE,mf_var,Plain MF RF,2041-2070SSP245,2041-2070,SSP245,12393866,8501128.01140083,1,Top-1,18376,13817.9201640729,0.00148266892670939,0.00162542196112584
26,chamFor-Zone26,chamFor,Zone26,10,10,Bamboo forests and scrubs in subtropical and tropical zones,#00A878,TRUE,mf_var,Plain MF RF,2041-2070SSP245,2041-2070,SSP245,12393866,8501128.01140083,3,Top-3,95790,72836.4386871411,0.00772882327435201,0.00856785577037076
26,chamFor-Zone26,chamFor,Zone26,10,10,Bamboo forests and scrubs in subtropical and tropical zones,#00A878,TRUE,mf_var,Plain MF RF,2041-2070SSP245,2041-2070,SSP245,12393866,8501128.01140083,5,Top-5,203070,154612.500798746,0.0163847180532693,0.0181872923912446
26,chamFor-Zone26,chamFor,Zone26,10,10,Bamboo forests and scrubs in subtropical and tropical zones,#00A878,TRUE,mf_var,Plain MF RF,2071-2100SSP245,2071-2100,SSP245,12393866,8501128.01140083,1,Top-1,7561,5691.49655534795,0.000610059847347067,0.000669498982689721
26,chamFor-Zone26,chamFor,Zone26,10,10,Bamboo forests and scrubs in subtropical and tropical zones,#00A878,TRUE,mf_var,Plain MF RF,2071-2100SSP245,2071-2100,SSP245,12393866,8501128.01140083,3,Top-3,48204,36887.120620591,0.00388934332515778,0.00433908542150192
26,chamFor-Zone26,chamFor,Zone26,10,10,Bamboo forests and scrubs in subtropical and tropical zones,#00A878,TRUE,mf_var,Plain MF RF,2071-2100SSP245,2071-2100,SSP245,12393866,8501128.01140083,5,Top-5,119477,91414.2451884663,0.0096400106310654,0.0107531900549987
26,chamFor-Zone26,chamFor,Zone26,10,10,Bamboo forests and scrubs in subtropical and tropical zones,#00A878,TRUE,mf_var,Plain MF RF,2011-2040SSP585,2011-2040,SSP585,12393866,8501128.01140083,1,Top-1,32832,24727.6292836183,0.00264905236186998,0.00290874684517822
26,chamFor-Zone26,chamFor,Zone26,10,10,Bamboo forests and scrubs in subtropical and tropical zones,#00A878,TRUE,mf_var,Plain MF RF,2011-2040SSP585,2011-2040,SSP585,12393866,8501128.01140083,3,Top-3,165933,126012.626949885,0.0133883164462162,0.0148230478097601
26,chamFor-Zone26,chamFor,Zone26,10,10,Bamboo forests and scrubs in subtropical and tropical zones,#00A878,TRUE,mf_var,Plain MF RF,2011-2040SSP585,2011-2040,SSP585,12393866,8501128.01140083,5,Top-5,313539,238215.417424342,0.0252979175343674,0.0280216245543971
26,chamFor-Zone26,chamFor,Zone26,10,10,Bamboo forests and scrubs in subtropical and tropical zones,#00A878,TRUE,mf_var,Plain MF RF,2041-2070SSP585,2041-2070,SSP585,12393866,8501128.01140083,1,Top-1,10203,7663.22017023754,0.00082322981384501,0.000901435687118277
26,chamFor-Zone26,chamFor,Zone26,10,10,Bamboo forests and scrubs in subtropical and tropical zones,#00A878,TRUE,mf_var,Plain MF RF,2041-2070SSP585,2041-2070,SSP585,12393866,8501128.01140083,3,Top-3,61305,46733.9635053517,0.00494639848454066,0.00549738381102802
26,chamFor-Zone26,chamFor,Zone26,10,10,Bamboo forests and scrubs in subtropical and tropical zones,#00A878,TRUE,mf_var,Plain MF RF,2041-2070SSP585,2041-2070,SSP585,12393866,8501128.01140083,5,Top-5,137339,104798.687473859,0.0110812074295462,0.0123276213854578
26,chamFor-Zone26,chamFor,Zone26,10,10,Bamboo forests and scrubs in subtropical and tropical zones,#00A878,TRUE,mf_var,Plain MF RF,2071-2100SSP585,2071-2100,SSP585,12393866,8501128.01140083,1,Top-1,2215,1687.54681673551,0.000178717439739949,0.000198508576093942
26,chamFor-Zone26,chamFor,Zone26,10,10,Bamboo forests and scrubs in subtropical and tropical zones,#00A878,TRUE,mf_var,Plain MF RF,2071-2100SSP585,2071-2100,SSP585,12393866,8501128.01140083,3,Top-3,23279,17952.0917664416,0.00187826784636852,0.00211173055415307
26,chamFor-Zone26,chamFor,Zone26,10,10,Bamboo forests and scrubs in subtropical and tropical zones,#00A878,TRUE,mf_var,Plain MF RF,2071-2100SSP585,2071-2100,SSP585,12393866,8501128.01140083,5,Top-5,45883,35434.1292471897,0.00370207326753412,0.00416816794190949
30,chamFor-Zone30,chamFor,Zone30,10,10,Needleleaf forests in subtropical zone,#1B9AAA,TRUE,rf_var,Plain RF,2011-2040SSP245,2011-2040,SSP245,12393866,8501128.01140083,1,Top-1,329585,251602.215291725,0.0265925902377838,0.0295963329753771
30,chamFor-Zone30,chamFor,Zone30,10,10,Needleleaf forests in subtropical zone,#1B9AAA,TRUE,rf_var,Plain RF,2011-2040SSP245,2011-2040,SSP245,12393866,8501128.01140083,3,Top-3,1096082,832162.420398588,0.0884374576907641,0.0978884707161894
30,chamFor-Zone30,chamFor,Zone30,10,10,Needleleaf forests in subtropical zone,#1B9AAA,TRUE,rf_var,Plain RF,2011-2040SSP245,2011-2040,SSP245,12393866,8501128.01140083,5,Top-5,1547685,1176946.56512753,0.124875079333599,0.138445929004848
30,chamFor-Zone30,chamFor,Zone30,10,10,Needleleaf forests in subtropical zone,#1B9AAA,TRUE,rf_var,Plain RF,2041-2070SSP245,2041-2070,SSP245,12393866,8501128.01140083,1,Top-1,215651,164845.396169835,0.0173998169739773,0.0193910026938498
30,chamFor-Zone30,chamFor,Zone30,10,10,Needleleaf forests in subtropical zone,#1B9AAA,TRUE,rf_var,Plain RF,2041-2070SSP245,2041-2070,SSP245,12393866,8501128.01140083,3,Top-3,963281,729774.312412677,0.0777223991287303,0.0858444092870945
30,chamFor-Zone30,chamFor,Zone30,10,10,Needleleaf forests in subtropical zone,#1B9AAA,TRUE,rf_var,Plain RF,2041-2070SSP245,2041-2070,SSP245,12393866,8501128.01140083,5,Top-5,1350546,1024799.35937329,0.108968904456446,0.120548632840128
30,chamFor-Zone30,chamFor,Zone30,10,10,Needleleaf forests in subtropical zone,#1B9AAA,TRUE,rf_var,Plain RF,2071-2100SSP245,2071-2100,SSP245,12393866,8501128.01140083,1,Top-1,156353,119289.458741245,0.0126153534337066,0.0140321917963435
30,chamFor-Zone30,chamFor,Zone30,10,10,Needleleaf forests in subtropical zone,#1B9AAA,TRUE,rf_var,Plain RF,2071-2100SSP245,2071-2100,SSP245,12393866,8501128.01140083,3,Top-3,854322,645123.759217333,0.0689310341099379,0.0758868421169708
30,chamFor-Zone30,chamFor,Zone30,10,10,Needleleaf forests in subtropical zone,#1B9AAA,TRUE,rf_var,Plain RF,2071-2100SSP245,2071-2100,SSP245,12393866,8501128.01140083,5,Top-5,1221431,924276.528347196,0.0985512510785577,0.108723986641261
30,chamFor-Zone30,chamFor,Zone30,10,10,Needleleaf forests in subtropical zone,#1B9AAA,TRUE,rf_var,Plain RF,2011-2040SSP585,2011-2040,SSP585,12393866,8501128.01140083,1,Top-1,306451,234008.502745697,0.0247260217271996,0.027526759087955
30,chamFor-Zone30,chamFor,Zone30,10,10,Needleleaf forests in subtropical zone,#1B9AAA,TRUE,rf_var,Plain RF,2011-2040SSP585,2011-2040,SSP585,12393866,8501128.01140083,3,Top-3,1101922,835830.551384755,0.0889086585251124,0.0983199582765753
30,chamFor-Zone30,chamFor,Zone30,10,10,Needleleaf forests in subtropical zone,#1B9AAA,TRUE,rf_var,Plain RF,2011-2040SSP585,2011-2040,SSP585,12393866,8501128.01140083,5,Top-5,1564125,1188457.84092475,0.126201541956319,0.139800017048434
30,chamFor-Zone30,chamFor,Zone30,10,10,Needleleaf forests in subtropical zone,#1B9AAA,TRUE,rf_var,Plain RF,2041-2070SSP585,2041-2070,SSP585,12393866,8501128.01140083,1,Top-1,166738,127276.06726588,0.0134532679310878,0.0149716681239467
30,chamFor-Zone30,chamFor,Zone30,10,10,Needleleaf forests in subtropical zone,#1B9AAA,TRUE,rf_var,Plain RF,2041-2070SSP585,2041-2070,SSP585,12393866,8501128.01140083,3,Top-3,881100,666234.106272262,0.0710916190315435,0.0783700828147485
30,chamFor-Zone30,chamFor,Zone30,10,10,Needleleaf forests in subtropical zone,#1B9AAA,TRUE,rf_var,Plain RF,2041-2070SSP585,2041-2070,SSP585,12393866,8501128.01140083,5,Top-5,1245880,943776.042301697,0.100523920461945,0.111017742708497
30,chamFor-Zone30,chamFor,Zone30,10,10,Needleleaf forests in subtropical zone,#1B9AAA,TRUE,rf_var,Plain RF,2071-2100SSP585,2071-2100,SSP585,12393866,8501128.01140083,1,Top-1,69611,52668.1763232232,0.00561656871229687,0.00619543385919964
30,chamFor-Zone30,chamFor,Zone30,10,10,Needleleaf forests in subtropical zone,#1B9AAA,TRUE,rf_var,Plain RF,2071-2100SSP585,2071-2100,SSP585,12393866,8501128.01140083,3,Top-3,463581,347958.814268473,0.0374040674636953,0.0409308992644066
30,chamFor-Zone30,chamFor,Zone30,10,10,Needleleaf forests in subtropical zone,#1B9AAA,TRUE,rf_var,Plain RF,2071-2100SSP585,2071-2100,SSP585,12393866,8501128.01140083,5,Top-5,750210,566420.166556105,0.0605307496466397,0.0666288245273428
30,chamFor-Zone30,chamFor,Zone30,10,10,Needleleaf forests in subtropical zone,#1B9AAA,TRUE,mf_var,Plain MF RF,2011-2040SSP245,2011-2040,SSP245,12393866,8501128.01140083,1,Top-1,325778,248736.155729959,0.0262854221596393,0.0292591942382681
30,chamFor-Zone30,chamFor,Zone30,10,10,Needleleaf forests in subtropical zone,#1B9AAA,TRUE,mf_var,Plain MF RF,2011-2040SSP245,2011-2040,SSP245,12393866,8501128.01140083,3,Top-3,1100430,835644.257506178,0.0887882763941453,0.0982980442578325
30,chamFor-Zone30,chamFor,Zone30,10,10,Needleleaf forests in subtropical zone,#1B9AAA,TRUE,mf_var,Plain MF RF,2011-2040SSP245,2011-2040,SSP245,12393866,8501128.01140083,5,Top-5,1552496,1180716.8989127,0.125263255226416,0.138889438828499
30,chamFor-Zone30,chamFor,Zone30,10,10,Needleleaf forests in subtropical zone,#1B9AAA,TRUE,mf_var,Plain MF RF,2041-2070SSP245,2041-2070,SSP245,12393866,8501128.01140083,1,Top-1,211139,161423.023683792,0.0170357659183987,0.0189884240617608
30,chamFor-Zone30,chamFor,Zone30,10,10,Needleleaf forests in subtropical zone,#1B9AAA,TRUE,mf_var,Plain MF RF,2041-2070SSP245,2041-2070,SSP245,12393866,8501128.01140083,3,Top-3,968155,733837.336951684,0.0781156581812326,0.0863223487480177
30,chamFor-Zone30,chamFor,Zone30,10,10,Needleleaf forests in subtropical zone,#1B9AAA,TRUE,mf_var,Plain MF RF,2041-2070SSP245,2041-2070,SSP245,12393866,8501128.01140083,5,Top-5,1361609,1033362.10289441,0.109861523434254,0.121555880761773
30,chamFor-Zone30,chamFor,Zone30,10,10,Needleleaf forests in subtropical zone,#1B9AAA,TRUE,mf_var,Plain MF RF,2071-2100SSP245,2071-2100,SSP245,12393866,8501128.01140083,1,Top-1,150416,114839.36143228,0.0121363261471441,0.0135087204049003
30,chamFor-Zone30,chamFor,Zone30,10,10,Needleleaf forests in subtropical zone,#1B9AAA,TRUE,mf_var,Plain MF RF,2071-2100SSP245,2071-2100,SSP245,12393866,8501128.01140083,3,Top-3,877445,662847.525863426,0.070796715084704,0.0779717144565384
30,chamFor-Zone30,chamFor,Zone30,10,10,Needleleaf forests in subtropical zone,#1B9AAA,TRUE,mf_var,Plain MF RF,2071-2100SSP245,2071-2100,SSP245,12393866,8501128.01140083,5,Top-5,1253129,948109.889429058,0.101108806566087,0.111527539422716
30,chamFor-Zone30,chamFor,Zone30,10,10,Needleleaf forests in subtropical zone,#1B9AAA,TRUE,mf_var,Plain MF RF,2011-2040SSP585,2011-2040,SSP585,12393866,8501128.01140083,1,Top-1,301993,230640.822896456,0.0243663276656372,0.0271306140299434
30,chamFor-Zone30,chamFor,Zone30,10,10,Needleleaf forests in subtropical zone,#1B9AAA,TRUE,mf_var,Plain MF RF,2011-2040SSP585,2011-2040,SSP585,12393866,8501128.01140083,3,Top-3,1102590,836594.583426411,0.0889625561547946,0.098409832472168
30,chamFor-Zone30,chamFor,Zone30,10,10,Needleleaf forests in subtropical zone,#1B9AAA,TRUE,mf_var,Plain MF RF,2011-2040SSP585,2011-2040,SSP585,12393866,8501128.01140083,5,Top-5,1572730,1195167.55923907,0.126895837021314,0.140589290931301
30,chamFor-Zone30,chamFor,Zone30,10,10,Needleleaf forests in subtropical zone,#1B9AAA,TRUE,mf_var,Plain MF RF,2041-2070SSP585,2041-2070,SSP585,12393866,8501128.01140083,1,Top-1,161995,123706.573549129,0.0130705786233287,0.0145517834084167
30,chamFor-Zone30,chamFor,Zone30,10,10,Needleleaf forests in subtropical zone,#1B9AAA,TRUE,mf_var,Plain MF RF,2041-2070SSP585,2041-2070,SSP585,12393866,8501128.01140083,3,Top-3,898162,679394.385773055,0.0724682677705246,0.0799181455522046
30,chamFor-Zone30,chamFor,Zone30,10,10,Needleleaf forests in subtropical zone,#1B9AAA,TRUE,mf_var,Plain MF RF,2041-2070SSP585,2041-2070,SSP585,12393866,8501128.01140083,5,Top-5,1263754,957251.277907977,0.101966085481318,0.112602854188787
30,chamFor-Zone30,chamFor,Zone30,10,10,Needleleaf forests in subtropical zone,#1B9AAA,TRUE,mf_var,Plain MF RF,2071-2100SSP585,2071-2100,SSP585,12393866,8501128.01140083,1,Top-1,65037,49262.1912728352,0.00524751518210702,0.00579478290490037
30,chamFor-Zone30,chamFor,Zone30,10,10,Needleleaf forests in subtropical zone,#1B9AAA,TRUE,mf_var,Plain MF RF,2071-2100SSP585,2071-2100,SSP585,12393866,8501128.01140083,3,Top-3,495039,371221.949587397,0.0399422585333745,0.0436673755635197
30,chamFor-Zone30,chamFor,Zone30,10,10,Needleleaf forests in subtropical zone,#1B9AAA,TRUE,mf_var,Plain MF RF,2071-2100SSP585,2071-2100,SSP585,12393866,8501128.01140083,5,Top-5,819688,618124.694685938,0.0661365872440448,0.072710903053921
34,chamFor-Zone34,chamFor,Zone34,32,32,"Needleleaf, evergreen and deciduous broadleaf mixed forests on mountains in subtropical zone",#2A9D8F,TRUE,rf_var,Plain RF,2011-2040SSP245,2011-2040,SSP245,12393866,8501128.01140083,1,Top-1,18578,14021.4105389599,0.00149896731173308,0.00164935882863496
34,chamFor-Zone34,chamFor,Zone34,32,32,"Needleleaf, evergreen and deciduous broadleaf mixed forests on mountains in subtropical zone",#2A9D8F,TRUE,rf_var,Plain RF,2011-2040SSP245,2011-2040,SSP245,12393866,8501128.01140083,3,Top-3,77718,58166.6190463032,0.00627068261025252,0.00684222364000355
34,chamFor-Zone34,chamFor,Zone34,32,32,"Needleleaf, evergreen and deciduous broadleaf mixed forests on mountains in subtropical zone",#2A9D8F,TRUE,rf_var,Plain RF,2011-2040SSP245,2011-2040,SSP245,12393866,8501128.01140083,5,Top-5,157498,117580.27200364,0.0127077378438657,0.013831137685017
34,chamFor-Zone34,chamFor,Zone34,32,32,"Needleleaf, evergreen and deciduous broadleaf mixed forests on mountains in subtropical zone",#2A9D8F,TRUE,rf_var,Plain RF,2041-2070SSP245,2041-2070,SSP245,12393866,8501128.01140083,1,Top-1,15851,11950.0615833797,0.00127893911391329,0.00140570305109551
34,chamFor-Zone34,chamFor,Zone34,32,32,"Needleleaf, evergreen and deciduous broadleaf mixed forests on mountains in subtropical zone",#2A9D8F,TRUE,rf_var,Plain RF,2041-2070SSP245,2041-2070,SSP245,12393866,8501128.01140083,3,Top-3,70781,52851.6560438007,0.00571097024931527,0.00621701684446129
34,chamFor-Zone34,chamFor,Zone34,32,32,"Needleleaf, evergreen and deciduous broadleaf mixed forests on mountains in subtropical zone",#2A9D8F,TRUE,rf_var,Plain RF,2041-2070SSP245,2041-2070,SSP245,12393866,8501128.01140083,5,Top-5,152237,113476.437024385,0.0122832536675804,0.0133483976329026
34,chamFor-Zone34,chamFor,Zone34,32,32,"Needleleaf, evergreen and deciduous broadleaf mixed forests on mountains in subtropical zone",#2A9D8F,TRUE,rf_var,Plain RF,2071-2100SSP245,2071-2100,SSP245,12393866,8501128.01140083,1,Top-1,15689,11757.811428254,0.00126586813186459,0.00138308838691591
34,chamFor-Zone34,chamFor,Zone34,32,32,"Needleleaf, evergreen and deciduous broadleaf mixed forests on mountains in subtropical zone",#2A9D8F,TRUE,rf_var,Plain RF,2071-2100SSP245,2071-2100,SSP245,12393866,8501128.01140083,3,Top-3,71815,53456.843397912,0.0057943986162187,0.00628820590940652
34,chamFor-Zone34,chamFor,Zone34,32,32,"Needleleaf, evergreen and deciduous broadleaf mixed forests on mountains in subtropical zone",#2A9D8F,TRUE,rf_var,Plain RF,2071-2100SSP245,2071-2100,SSP245,12393866,8501128.01140083,5,Top-5,151450,112762.207439497,0.0122197545140475,0.0132643817724273
34,chamFor-Zone34,chamFor,Zone34,32,32,"Needleleaf, evergreen and deciduous broadleaf mixed forests on mountains in subtropical zone",#2A9D8F,TRUE,rf_var,Plain RF,2011-2040SSP585,2011-2040,SSP585,12393866,8501128.01140083,1,Top-1,18259,13794.052717392,0.00147322877300755,0.001622614398806
34,chamFor-Zone34,chamFor,Zone34,32,32,"Needleleaf, evergreen and deciduous broadleaf mixed forests on mountains in subtropical zone",#2A9D8F,TRUE,rf_var,Plain RF,2011-2040SSP585,2011-2040,SSP585,12393866,8501128.01140083,3,Top-3,77764,58227.0867618659,0.00627439412367376,0.00684933654495942
34,chamFor-Zone34,chamFor,Zone34,32,32,"Needleleaf, evergreen and deciduous broadleaf mixed forests on mountains in subtropical zone",#2A9D8F,TRUE,rf_var,Plain RF,2011-2040SSP585,2011-2040,SSP585,12393866,8501128.01140083,5,Top-5,158169,118140.430427116,0.0127618775287711,0.0138970299316371
34,chamFor-Zone34,chamFor,Zone34,32,32,"Needleleaf, evergreen and deciduous broadleaf mixed forests on mountains in subtropical zone",#2A9D8F,TRUE,rf_var,Plain RF,2041-2070SSP585,2041-2070,SSP585,12393866,8501128.01140083,1,Top-1,15264,11466.7381808067,0.00123157697525534,0.00134884901926293
34,chamFor-Zone34,chamFor,Zone34,32,32,"Needleleaf, evergreen and deciduous broadleaf mixed forests on mountains in subtropical zone",#2A9D8F,TRUE,rf_var,Plain RF,2041-2070SSP585,2041-2070,SSP585,12393866,8501128.01140083,3,Top-3,68960,51385.7270411352,0.00556404272887895,0.00604457749280119
34,chamFor-Zone34,chamFor,Zone34,32,32,"Needleleaf, evergreen and deciduous broadleaf mixed forests on mountains in subtropical zone",#2A9D8F,TRUE,rf_var,Plain RF,2041-2070SSP585,2041-2070,SSP585,12393866,8501128.01140083,5,Top-5,148414,110508.292899835,0.0119747946282459,0.0129992505408262
34,chamFor-Zone34,chamFor,Zone34,32,32,"Needleleaf, evergreen and deciduous broadleaf mixed forests on mountains in subtropical zone",#2A9D8F,TRUE,rf_var,Plain RF,2071-2100SSP585,2071-2100,SSP585,12393866,8501128.01140083,1,Top-1,13599,10119.6343901199,0.00109723632642147,0.00119038724938014
34,chamFor-Zone34,chamFor,Zone34,32,32,"Needleleaf, evergreen and deciduous broadleaf mixed forests on mountains in subtropical zone",#2A9D8F,TRUE,rf_var,Plain RF,2071-2100SSP585,2071-2100,SSP585,12393866,8501128.01140083,3,Top-3,69401,51549.4059476056,0.00559962484667819,0.0060638312796223
34,chamFor-Zone34,chamFor,Zone34,32,32,"Needleleaf, evergreen and deciduous broadleaf mixed forests on mountains in subtropical zone",#2A9D8F,TRUE,rf_var,Plain RF,2071-2100SSP585,2071-2100,SSP585,12393866,8501128.01140083,5,Top-5,141229,105022.87399125,0.0113950723688638,0.0123539927701835
34,chamFor-Zone34,chamFor,Zone34,32,32,"Needleleaf, evergreen and deciduous broadleaf mixed forests on mountains in subtropical zone",#2A9D8F,TRUE,mf_var,Plain MF RF,2011-2040SSP245,2011-2040,SSP245,12393866,8501128.01140083,1,Top-1,18279,13812.0331699738,0.00147484247449504,0.00162472946548394
34,chamFor-Zone34,chamFor,Zone34,32,32,"Needleleaf, evergreen and deciduous broadleaf mixed forests on mountains in subtropical zone",#2A9D8F,TRUE,mf_var,Plain MF RF,2011-2040SSP245,2011-2040,SSP245,12393866,8501128.01140083,3,Top-3,76414,57197.7787286439,0.00616546927326792,0.00672825755028464
34,chamFor-Zone34,chamFor,Zone34,32,32,"Needleleaf, evergreen and deciduous broadleaf mixed forests on mountains in subtropical zone",#2A9D8F,TRUE,mf_var,Plain MF RF,2011-2040SSP245,2011-2040,SSP245,12393866,8501128.01140083,5,Top-5,153367,114511.376609814,0.0123744278016238,0.0134701390752196
34,chamFor-Zone34,chamFor,Zone34,32,32,"Needleleaf, evergreen and deciduous broadleaf mixed forests on mountains in subtropical zone",#2A9D8F,TRUE,mf_var,Plain MF RF,2041-2070SSP245,2041-2070,SSP245,12393866,8501128.01140083,1,Top-1,15905,12010.0316881222,0.00128329610792952,0.00141275742136992
34,chamFor-Zone34,chamFor,Zone34,32,32,"Needleleaf, evergreen and deciduous broadleaf mixed forests on mountains in subtropical zone",#2A9D8F,TRUE,mf_var,Plain MF RF,2041-2070SSP245,2041-2070,SSP245,12393866,8501128.01140083,3,Top-3,69941,52208.7398233926,0.00564319478684052,0.00614138967833159
34,chamFor-Zone34,chamFor,Zone34,32,32,"Needleleaf, evergreen and deciduous broadleaf mixed forests on mountains in subtropical zone",#2A9D8F,TRUE,mf_var,Plain MF RF,2041-2070SSP245,2041-2070,SSP245,12393866,8501128.01140083,5,Top-5,147922,110234.57357043,0.0119350975716536,0.0129670525396859
34,chamFor-Zone34,chamFor,Zone34,32,32,"Needleleaf, evergreen and deciduous broadleaf mixed forests on mountains in subtropical zone",#2A9D8F,TRUE,mf_var,Plain MF RF,2071-2100SSP245,2071-2100,SSP245,12393866,8501128.01140083,1,Top-1,15722,11795.0633422587,0.00126853073931895,0.00138747038351151
34,chamFor-Zone34,chamFor,Zone34,32,32,"Needleleaf, evergreen and deciduous broadleaf mixed forests on mountains in subtropical zone",#2A9D8F,TRUE,mf_var,Plain MF RF,2071-2100SSP245,2071-2100,SSP245,12393866,8501128.01140083,3,Top-3,70810,52668.1722314619,0.00571331011647213,0.00619543337787983
34,chamFor-Zone34,chamFor,Zone34,32,32,"Needleleaf, evergreen and deciduous broadleaf mixed forests on mountains in subtropical zone",#2A9D8F,TRUE,mf_var,Plain MF RF,2071-2100SSP245,2071-2100,SSP245,12393866,8501128.01140083,5,Top-5,146918,109341.666126609,0.0118540897569814,0.0128620185438887
34,chamFor-Zone34,chamFor,Zone34,32,32,"Needleleaf, evergreen and deciduous broadleaf mixed forests on mountains in subtropical zone",#2A9D8F,TRUE,mf_var,Plain MF RF,2011-2040SSP585,2011-2040,SSP585,12393866,8501128.01140083,1,Top-1,18246,13793.9014934143,0.00147217986704068,0.00162259661011049
34,chamFor-Zone34,chamFor,Zone34,32,32,"Needleleaf, evergreen and deciduous broadleaf mixed forests on mountains in subtropical zone",#2A9D8F,TRUE,mf_var,Plain MF RF,2011-2040SSP585,2011-2040,SSP585,12393866,8501128.01140083,3,Top-3,76599,57359.4043690258,0.00618039601202724,0.00674726980844204
34,chamFor-Zone34,chamFor,Zone34,32,32,"Needleleaf, evergreen and deciduous broadleaf mixed forests on mountains in subtropical zone",#2A9D8F,TRUE,mf_var,Plain MF RF,2011-2040SSP585,2011-2040,SSP585,12393866,8501128.01140083,5,Top-5,154086,115085.116476151,0.0124324403700992,0.0135376289266331
34,chamFor-Zone34,chamFor,Zone34,32,32,"Needleleaf, evergreen and deciduous broadleaf mixed forests on mountains in subtropical zone",#2A9D8F,TRUE,mf_var,Plain MF RF,2041-2070SSP585,2041-2070,SSP585,12393866,8501128.01140083,1,Top-1,15233,11458.7883097688,0.00122907573794972,0.00134791386441911
34,chamFor-Zone34,chamFor,Zone34,32,32,"Needleleaf, evergreen and deciduous broadleaf mixed forests on mountains in subtropical zone",#2A9D8F,TRUE,mf_var,Plain MF RF,2041-2070SSP585,2041-2070,SSP585,12393866,8501128.01140083,3,Top-3,68143,50744.6175270126,0.00549812302311482,0.00596916285214847
34,chamFor-Zone34,chamFor,Zone34,32,32,"Needleleaf, evergreen and deciduous broadleaf mixed forests on mountains in subtropical zone",#2A9D8F,TRUE,mf_var,Plain MF RF,2041-2070SSP585,2041-2070,SSP585,12393866,8501128.01140083,5,Top-5,144581,107618.270747227,0.0116655287381677,0.0126592930494518
34,chamFor-Zone34,chamFor,Zone34,32,32,"Needleleaf, evergreen and deciduous broadleaf mixed forests on mountains in subtropical zone",#2A9D8F,TRUE,mf_var,Plain MF RF,2071-2100SSP585,2071-2100,SSP585,12393866,8501128.01140083,1,Top-1,13787,10265.8421705091,0.00111240512040392,0.00120758588233722
34,chamFor-Zone34,chamFor,Zone34,32,32,"Needleleaf, evergreen and deciduous broadleaf mixed forests on mountains in subtropical zone",#2A9D8F,TRUE,mf_var,Plain MF RF,2071-2100SSP585,2071-2100,SSP585,12393866,8501128.01140083,3,Top-3,67998,50480.3452230553,0.00548642368733049,0.00593807611829351
34,chamFor-Zone34,chamFor,Zone34,32,32,"Needleleaf, evergreen and deciduous broadleaf mixed forests on mountains in subtropical zone",#2A9D8F,TRUE,mf_var,Plain MF RF,2071-2100SSP585,2071-2100,SSP585,12393866,8501128.01140083,5,Top-5,138152,102707.747438039,0.0111468043950128,0.0120816610807763
49,chamFor-Zone49,chamFor,Zone49,45,45,Broadleaf evergreen forests in subtropical zone,#006400,TRUE,rf_var,Plain RF,2011-2040SSP245,2011-2040,SSP245,12393866,8501128.01140083,1,Top-1,160802,123299.244527156,0.0129743213295997,0.0145038687056353
49,chamFor-Zone49,chamFor,Zone49,45,45,Broadleaf evergreen forests in subtropical zone,#006400,TRUE,rf_var,Plain RF,2011-2040SSP245,2011-2040,SSP245,12393866,8501128.01140083,3,Top-3,564358,432222.659246506,0.045535267203954,0.0508429773868661
49,chamFor-Zone49,chamFor,Zone49,45,45,Broadleaf evergreen forests in subtropical zone,#006400,TRUE,rf_var,Plain RF,2011-2040SSP245,2011-2040,SSP245,12393866,8501128.01140083,5,Top-5,926943,710480.614431934,0.0747904648961026,0.083574863650931
49,chamFor-Zone49,chamFor,Zone49,45,45,Broadleaf evergreen forests in subtropical zone,#006400,TRUE,rf_var,Plain RF,2041-2070SSP245,2041-2070,SSP245,12393866,8501128.01140083,1,Top-1,178779,136730.239554994,0.0144247969116335,0.0160837761026097
49,chamFor-Zone49,chamFor,Zone49,45,45,Broadleaf evergreen forests in subtropical zone,#006400,TRUE,rf_var,Plain RF,2041-2070SSP245,2041-2070,SSP245,12393866,8501128.01140083,3,Top-3,506912,387650.670347862,0.0409002324214252,0.045599909779971
49,chamFor-Zone49,chamFor,Zone49,45,45,Broadleaf evergreen forests in subtropical zone,#006400,TRUE,rf_var,Plain RF,2041-2070SSP245,2041-2070,SSP245,12393866,8501128.01140083,5,Top-5,818970,627444.190280525,0.0660786553606437,0.0738071688179571
49,chamFor-Zone49,chamFor,Zone49,45,45,Broadleaf evergreen forests in subtropical zone,#006400,TRUE,rf_var,Plain RF,2071-2100SSP245,2071-2100,SSP245,12393866,8501128.01140083,1,Top-1,192367,146788.053476868,0.0155211457022369,0.0172668913207767
49,chamFor-Zone49,chamFor,Zone49,45,45,Broadleaf evergreen forests in subtropical zone,#006400,TRUE,rf_var,Plain RF,2071-2100SSP245,2071-2100,SSP245,12393866,8501128.01140083,3,Top-3,478178,365237.105375602,0.0385818274943428,0.0429633696711523
49,chamFor-Zone49,chamFor,Zone49,45,45,Broadleaf evergreen forests in subtropical zone,#006400,TRUE,rf_var,Plain RF,2071-2100SSP245,2071-2100,SSP245,12393866,8501128.01140083,5,Top-5,764367,585173.836847675,0.0616730082445623,0.0688348459243174
49,chamFor-Zone49,chamFor,Zone49,45,45,Broadleaf evergreen forests in subtropical zone,#006400,TRUE,rf_var,Plain RF,2011-2040SSP585,2011-2040,SSP585,12393866,8501128.01140083,1,Top-1,166195,127341.065062184,0.0134094559357024,0.014979313908861
49,chamFor-Zone49,chamFor,Zone49,45,45,Broadleaf evergreen forests in subtropical zone,#006400,TRUE,rf_var,Plain RF,2011-2040SSP585,2011-2040,SSP585,12393866,8501128.01140083,3,Top-3,561371,429710.687570496,0.0452942608867967,0.0505474905205771
49,chamFor-Zone49,chamFor,Zone49,45,45,Broadleaf evergreen forests in subtropical zone,#006400,TRUE,rf_var,Plain RF,2011-2040SSP585,2011-2040,SSP585,12393866,8501128.01140083,5,Top-5,926377,709872.870132848,0.0747447971440066,0.0835033738088452
49,chamFor-Zone49,chamFor,Zone49,45,45,Broadleaf evergreen forests in subtropical zone,#006400,TRUE,rf_var,Plain RF,2041-2070SSP585,2041-2070,SSP585,12393866,8501128.01140083,1,Top-1,179325,136923.784063579,0.0144688509622421,0.0161065430234612
49,chamFor-Zone49,chamFor,Zone49,45,45,Broadleaf evergreen forests in subtropical zone,#006400,TRUE,rf_var,Plain RF,2041-2070SSP585,2041-2070,SSP585,12393866,8501128.01140083,3,Top-3,457803,349742.133581518,0.0369378691039584,0.0411406736979469
49,chamFor-Zone49,chamFor,Zone49,45,45,Broadleaf evergreen forests in subtropical zone,#006400,TRUE,rf_var,Plain RF,2041-2070SSP585,2041-2070,SSP585,12393866,8501128.01140083,5,Top-5,741930,568222.187711475,0.0598626772308172,0.0668407988856813
49,chamFor-Zone49,chamFor,Zone49,45,45,Broadleaf evergreen forests in subtropical zone,#006400,TRUE,rf_var,Plain RF,2071-2100SSP585,2071-2100,SSP585,12393866,8501128.01140083,1,Top-1,196489,149552.646190541,0.0158537295788094,0.017592094365592
49,chamFor-Zone49,chamFor,Zone49,45,45,Broadleaf evergreen forests in subtropical zone,#006400,TRUE,rf_var,Plain RF,2071-2100SSP585,2071-2100,SSP585,12393866,8501128.01140083,3,Top-3,380884,290483.390256093,0.0307316538681312,0.0341699818972879
49,chamFor-Zone49,chamFor,Zone49,45,45,Broadleaf evergreen forests in subtropical zone,#006400,TRUE,rf_var,Plain RF,2071-2100SSP585,2071-2100,SSP585,12393866,8501128.01140083,5,Top-5,552163,421937.361505733,0.0445513127219546,0.0496331029176215
49,chamFor-Zone49,chamFor,Zone49,45,45,Broadleaf evergreen forests in subtropical zone,#006400,TRUE,mf_var,Plain MF RF,2011-2040SSP245,2011-2040,SSP245,12393866,8501128.01140083,1,Top-1,163299,125212.920032862,0.0131757919603133,0.0147289771269106
49,chamFor-Zone49,chamFor,Zone49,45,45,Broadleaf evergreen forests in subtropical zone,#006400,TRUE,mf_var,Plain MF RF,2011-2040SSP245,2011-2040,SSP245,12393866,8501128.01140083,3,Top-3,567719,434757.695087279,0.0458064497389273,0.0511411773242594
49,chamFor-Zone49,chamFor,Zone49,45,45,Broadleaf evergreen forests in subtropical zone,#006400,TRUE,mf_var,Plain MF RF,2011-2040SSP245,2011-2040,SSP245,12393866,8501128.01140083,5,Top-5,936256,717501.952438608,0.0755418849937542,0.0844007938095237
49,chamFor-Zone49,chamFor,Zone49,45,45,Broadleaf evergreen forests in subtropical zone,#006400,TRUE,mf_var,Plain MF RF,2041-2070SSP245,2041-2070,SSP245,12393866,8501128.01140083,1,Top-1,177483,135727.053176907,0.0143202290552439,0.0159657698360599
49,chamFor-Zone49,chamFor,Zone49,45,45,Broadleaf evergreen forests in subtropical zone,#006400,TRUE,mf_var,Plain MF RF,2041-2070SSP245,2041-2070,SSP245,12393866,8501128.01140083,3,Top-3,505164,386242.723434194,0.0407591949114183,0.0454342909454139
49,chamFor-Zone49,chamFor,Zone49,45,45,Broadleaf evergreen forests in subtropical zone,#006400,TRUE,mf_var,Plain MF RF,2041-2070SSP245,2041-2070,SSP245,12393866,8501128.01140083,5,Top-5,833208,638283.415041991,0.0672274494495906,0.0750822025248875
49,chamFor-Zone49,chamFor,Zone49,45,45,Broadleaf evergreen forests in subtropical zone,#006400,TRUE,mf_var,Plain MF RF,2071-2100SSP245,2071-2100,SSP245,12393866,8501128.01140083,1,Top-1,189650,144734.075599949,0.0153019243551609,0.0170252789283783
49,chamFor-Zone49,chamFor,Zone49,45,45,Broadleaf evergreen forests in subtropical zone,#006400,TRUE,mf_var,Plain MF RF,2071-2100SSP245,2071-2100,SSP245,12393866,8501128.01140083,3,Top-3,476318,363749.339336609,0.0384317532560058,0.0427883615972829
49,chamFor-Zone49,chamFor,Zone49,45,45,Broadleaf evergreen forests in subtropical zone,#006400,TRUE,mf_var,Plain MF RF,2071-2100SSP245,2071-2100,SSP245,12393866,8501128.01140083,5,Top-5,773936,592402.545463094,0.0624450837212537,0.0696851693879477
49,chamFor-Zone49,chamFor,Zone49,45,45,Broadleaf evergreen forests in subtropical zone,#006400,TRUE,mf_var,Plain MF RF,2011-2040SSP585,2011-2040,SSP585,12393866,8501128.01140083,1,Top-1,169295,129709.720068583,0.0136595796662639,0.0152579422277408
49,chamFor-Zone49,chamFor,Zone49,45,45,Broadleaf evergreen forests in subtropical zone,#006400,TRUE,mf_var,Plain MF RF,2011-2040SSP585,2011-2040,SSP585,12393866,8501128.01140083,3,Top-3,565835,433077.598578888,0.0456544390588054,0.0509435451387262
49,chamFor-Zone49,chamFor,Zone49,45,45,Broadleaf evergreen forests in subtropical zone,#006400,TRUE,mf_var,Plain MF RF,2011-2040SSP585,2011-2040,SSP585,12393866,8501128.01140083,5,Top-5,936822,717757.011565273,0.0755875527458503,0.0844307967839905
49,chamFor-Zone49,chamFor,Zone49,45,45,Broadleaf evergreen forests in subtropical zone,#006400,TRUE,mf_var,Plain MF RF,2041-2070SSP585,2041-2070,SSP585,12393866,8501128.01140083,1,Top-1,177817,135794.622109808,0.0143471778700851,0.0159737180674958
49,chamFor-Zone49,chamFor,Zone49,45,45,Broadleaf evergreen forests in subtropical zone,#006400,TRUE,mf_var,Plain MF RF,2041-2070SSP585,2041-2070,SSP585,12393866,8501128.01140083,3,Top-3,457591,349523.268762536,0.0369207638681909,0.0411149283123124
49,chamFor-Zone49,chamFor,Zone49,45,45,Broadleaf evergreen forests in subtropical zone,#006400,TRUE,mf_var,Plain MF RF,2041-2070SSP585,2041-2070,SSP585,12393866,8501128.01140083,5,Top-5,753314,576871.34222216,0.0607811961174988,0.0678582114571761
49,chamFor-Zone49,chamFor,Zone49,45,45,Broadleaf evergreen forests in subtropical zone,#006400,TRUE,mf_var,Plain MF RF,2071-2100SSP585,2071-2100,SSP585,12393866,8501128.01140083,1,Top-1,193250,147063.914909236,0.0155923906229098,0.0172993413005909
49,chamFor-Zone49,chamFor,Zone49,45,45,Broadleaf evergreen forests in subtropical zone,#006400,TRUE,mf_var,Plain MF RF,2071-2100SSP585,2071-2100,SSP585,12393866,8501128.01140083,3,Top-3,375320,286167.833644784,0.0302827221143104,0.0336623367229626
49,chamFor-Zone49,chamFor,Zone49,45,45,Broadleaf evergreen forests in subtropical zone,#006400,TRUE,mf_var,Plain MF RF,2071-2100SSP585,2071-2100,SSP585,12393866,8501128.01140083,5,Top-5,546487,417467.107525016,0.0440933442398038,0.0491072604676877
53,chamFor-Zone53,chamFor,Zone53,17,17,One year three ripes grain fields; tropical evergreen orchards and economic tree plantations,#FF9F1C,TRUE,rf_var,Plain RF,2011-2040SSP245,2011-2040,SSP245,12393866,8501128.01140083,1,Top-1,173913,137679.815701944,0.0140321833397263,0.016195476120028
53,chamFor-Zone53,chamFor,Zone53,17,17,One year three ripes grain fields; tropical evergreen orchards and economic tree plantations,#FF9F1C,TRUE,rf_var,Plain RF,2011-2040SSP245,2011-2040,SSP245,12393866,8501128.01140083,3,Top-3,266695,210725.632423148,0.0215183059103592,0.0247879613317838
53,chamFor-Zone53,chamFor,Zone53,17,17,One year three ripes grain fields; tropical evergreen orchards and economic tree plantations,#FF9F1C,TRUE,rf_var,Plain RF,2011-2040SSP245,2011-2040,SSP245,12393866,8501128.01140083,5,Top-5,300188,237065.684903649,0.0242206911063909,0.0278863798528526
53,chamFor-Zone53,chamFor,Zone53,17,17,One year three ripes grain fields; tropical evergreen orchards and economic tree plantations,#FF9F1C,TRUE,rf_var,Plain RF,2041-2070SSP245,2041-2070,SSP245,12393866,8501128.01140083,1,Top-1,236569,187059.615087355,0.0190875873597472,0.0220040934375403
53,chamFor-Zone53,chamFor,Zone53,17,17,One year three ripes grain fields; tropical evergreen orchards and economic tree plantations,#FF9F1C,TRUE,rf_var,Plain RF,2041-2070SSP245,2041-2070,SSP245,12393866,8501128.01140083,3,Top-3,332536,262477.59996392,0.0268306918922635,0.0308756202249763
53,chamFor-Zone53,chamFor,Zone53,17,17,One year three ripes grain fields; tropical evergreen orchards and economic tree plantations,#FF9F1C,TRUE,rf_var,Plain RF,2041-2070SSP245,2041-2070,SSP245,12393866,8501128.01140083,5,Top-5,358788,283047.299734081,0.028948836464748,0.0332952637996378
53,chamFor-Zone53,chamFor,Zone53,17,17,One year three ripes grain fields; tropical evergreen orchards and economic tree plantations,#FF9F1C,TRUE,rf_var,Plain RF,2071-2100SSP245,2071-2100,SSP245,12393866,8501128.01140083,1,Top-1,279055,220451.532347448,0.0225155734296304,0.0259320330257116
53,chamFor-Zone53,chamFor,Zone53,17,17,One year three ripes grain fields; tropical evergreen orchards and economic tree plantations,#FF9F1C,TRUE,rf_var,Plain RF,2071-2100SSP245,2071-2100,SSP245,12393866,8501128.01140083,3,Top-3,370021,291853.593936516,0.0298551719051989,0.0343311609406554
53,chamFor-Zone53,chamFor,Zone53,17,17,One year three ripes grain fields; tropical evergreen orchards and economic tree plantations,#FF9F1C,TRUE,rf_var,Plain RF,2071-2100SSP245,2071-2100,SSP245,12393866,8501128.01140083,5,Top-5,390463,307829.001121799,0.0315045361955664,0.0362103712247328
53,chamFor-Zone53,chamFor,Zone53,17,17,One year three ripes grain fields; tropical evergreen orchards and economic tree plantations,#FF9F1C,TRUE,rf_var,Plain RF,2011-2040SSP585,2011-2040,SSP585,12393866,8501128.01140083,1,Top-1,177160,140237.032083522,0.0142941677762209,0.01649628518656
53,chamFor-Zone53,chamFor,Zone53,17,17,One year three ripes grain fields; tropical evergreen orchards and economic tree plantations,#FF9F1C,TRUE,rf_var,Plain RF,2011-2040SSP585,2011-2040,SSP585,12393866,8501128.01140083,3,Top-3,272093,214967.752379428,0.0219538439418338,0.0252869680460212
53,chamFor-Zone53,chamFor,Zone53,17,17,One year three ripes grain fields; tropical evergreen orchards and economic tree plantations,#FF9F1C,TRUE,rf_var,Plain RF,2011-2040SSP585,2011-2040,SSP585,12393866,8501128.01140083,5,Top-5,303377,239562.91581495,0.0244779958085718,0.02818013274164
53,chamFor-Zone53,chamFor,Zone53,17,17,One year three ripes grain fields; tropical evergreen orchards and economic tree plantations,#FF9F1C,TRUE,rf_var,Plain RF,2041-2070SSP585,2041-2070,SSP585,12393866,8501128.01140083,1,Top-1,266796,210839.569735802,0.021526455102871,0.0248013639428845
53,chamFor-Zone53,chamFor,Zone53,17,17,One year three ripes grain fields; tropical evergreen orchards and economic tree plantations,#FF9F1C,TRUE,rf_var,Plain RF,2041-2070SSP585,2041-2070,SSP585,12393866,8501128.01140083,3,Top-3,363647,286855.600152044,0.0293408852411346,0.0337432396932904
53,chamFor-Zone53,chamFor,Zone53,17,17,One year three ripes grain fields; tropical evergreen orchards and economic tree plantations,#FF9F1C,TRUE,rf_var,Plain RF,2041-2070SSP585,2041-2070,SSP585,12393866,8501128.01140083,5,Top-5,383717,302556.160805875,0.0309602346838347,0.0355901193818183
53,chamFor-Zone53,chamFor,Zone53,17,17,One year three ripes grain fields; tropical evergreen orchards and economic tree plantations,#FF9F1C,TRUE,rf_var,Plain RF,2071-2100SSP585,2071-2100,SSP585,12393866,8501128.01140083,1,Top-1,323721,255408.366954351,0.0261194529616505,0.0300440561078276
53,chamFor-Zone53,chamFor,Zone53,17,17,One year three ripes grain fields; tropical evergreen orchards and economic tree plantations,#FF9F1C,TRUE,rf_var,Plain RF,2071-2100SSP585,2071-2100,SSP585,12393866,8501128.01140083,3,Top-3,407596,321175.335629,0.0328869135748281,0.0377803198820525
53,chamFor-Zone53,chamFor,Zone53,17,17,One year three ripes grain fields; tropical evergreen orchards and economic tree plantations,#FF9F1C,TRUE,rf_var,Plain RF,2071-2100SSP585,2071-2100,SSP585,12393866,8501128.01140083,5,Top-5,422363,332688.482968557,0.0340783900681192,0.0391346280778728
53,chamFor-Zone53,chamFor,Zone53,17,17,One year three ripes grain fields; tropical evergreen orchards and economic tree plantations,#FF9F1C,TRUE,mf_var,Plain MF RF,2011-2040SSP245,2011-2040,SSP245,12393866,8501128.01140083,1,Top-1,172728,136731.44323038,0.0139365715265923,0.0160839176926885
53,chamFor-Zone53,chamFor,Zone53,17,17,One year three ripes grain fields; tropical evergreen orchards and economic tree plantations,#FF9F1C,TRUE,mf_var,Plain MF RF,2011-2040SSP245,2011-2040,SSP245,12393866,8501128.01140083,3,Top-3,268759,212348.30739559,0.0216848399038686,0.0249788389388809
53,chamFor-Zone53,chamFor,Zone53,17,17,One year three ripes grain fields; tropical evergreen orchards and economic tree plantations,#FF9F1C,TRUE,mf_var,Plain MF RF,2011-2040SSP245,2011-2040,SSP245,12393866,8501128.01140083,5,Top-5,302313,238733.112917193,0.0243921468894371,0.0280825218249895
53,chamFor-Zone53,chamFor,Zone53,17,17,One year three ripes grain fields; tropical evergreen orchards and economic tree plantations,#FF9F1C,TRUE,mf_var,Plain MF RF,2041-2070SSP245,2041-2070,SSP245,12393866,8501128.01140083,1,Top-1,237420,187703.813036591,0.01915625035804,0.0220798713752883
53,chamFor-Zone53,chamFor,Zone53,17,17,One year three ripes grain fields; tropical evergreen orchards and economic tree plantations,#FF9F1C,TRUE,mf_var,Plain MF RF,2041-2070SSP245,2041-2070,SSP245,12393866,8501128.01140083,3,Top-3,340259,268515.155732442,0.0274538227216592,0.0315858266541025
53,chamFor-Zone53,chamFor,Zone53,17,17,One year three ripes grain fields; tropical evergreen orchards and economic tree plantations,#FF9F1C,TRUE,mf_var,Plain MF RF,2041-2070SSP245,2041-2070,SSP245,12393866,8501128.01140083,5,Top-5,363910,287047.747129232,0.0293621054156952,0.0337658422204998
53,chamFor-Zone53,chamFor,Zone53,17,17,One year three ripes grain fields; tropical evergreen orchards and economic tree plantations,#FF9F1C,TRUE,mf_var,Plain MF RF,2071-2100SSP245,2071-2100,SSP245,12393866,8501128.01140083,1,Top-1,283439,223890.393859918,0.0228692967956891,0.0263365512858599
53,chamFor-Zone53,chamFor,Zone53,17,17,One year three ripes grain fields; tropical evergreen orchards and economic tree plantations,#FF9F1C,TRUE,mf_var,Plain MF RF,2071-2100SSP245,2071-2100,SSP245,12393866,8501128.01140083,3,Top-3,377565,297743.927017214,0.0304638601062816,0.0350240493517931
53,chamFor-Zone53,chamFor,Zone53,17,17,One year three ripes grain fields; tropical evergreen orchards and economic tree plantations,#FF9F1C,TRUE,mf_var,Plain MF RF,2071-2100SSP245,2071-2100,SSP245,12393866,8501128.01140083,5,Top-5,395107,311448.399814834,0.0318792376809625,0.0366361263348996
53,chamFor-Zone53,chamFor,Zone53,17,17,One year three ripes grain fields; tropical evergreen orchards and economic tree plantations,#FF9F1C,TRUE,mf_var,Plain MF RF,2011-2040SSP585,2011-2040,SSP585,12393866,8501128.01140083,1,Top-1,177394,140410.013068373,0.0143130480836246,0.0165166331903331
53,chamFor-Zone53,chamFor,Zone53,17,17,One year three ripes grain fields; tropical evergreen orchards and economic tree plantations,#FF9F1C,TRUE,mf_var,Plain MF RF,2011-2040SSP585,2011-2040,SSP585,12393866,8501128.01140083,3,Top-3,275189,217400.7375648,0.0222036449320979,0.0255731636170217
53,chamFor-Zone53,chamFor,Zone53,17,17,One year three ripes grain fields; tropical evergreen orchards and economic tree plantations,#FF9F1C,TRUE,mf_var,Plain MF RF,2011-2040SSP585,2011-2040,SSP585,12393866,8501128.01140083,5,Top-5,305577,241296.496002934,0.0246555029721961,0.0283840562898632
53,chamFor-Zone53,chamFor,Zone53,17,17,One year three ripes grain fields; tropical evergreen orchards and economic tree plantations,#FF9F1C,TRUE,mf_var,Plain MF RF,2041-2070SSP585,2041-2070,SSP585,12393866,8501128.01140083,1,Top-1,268062,211798.971177359,0.0216286024070294,0.0249142197239374
53,chamFor-Zone53,chamFor,Zone53,17,17,One year three ripes grain fields; tropical evergreen orchards and economic tree plantations,#FF9F1C,TRUE,mf_var,Plain MF RF,2041-2070SSP585,2041-2070,SSP585,12393866,8501128.01140083,3,Top-3,368582,290706.361582987,0.0297390660831737,0.0341962103373955
53,chamFor-Zone53,chamFor,Zone53,17,17,One year three ripes grain fields; tropical evergreen orchards and economic tree plantations,#FF9F1C,TRUE,mf_var,Plain MF RF,2041-2070SSP585,2041-2070,SSP585,12393866,8501128.01140083,5,Top-5,386928,305059.636581828,0.0312193144576519,0.0358846068630791
53,chamFor-Zone53,chamFor,Zone53,17,17,One year three ripes grain fields; tropical evergreen orchards and economic tree plantations,#FF9F1C,TRUE,mf_var,Plain MF RF,2071-2100SSP585,2071-2100,SSP585,12393866,8501128.01140083,1,Top-1,321616,253720.454679916,0.0259496108800918,0.0298455045424151
53,chamFor-Zone53,chamFor,Zone53,17,17,One year three ripes grain fields; tropical evergreen orchards and economic tree plantations,#FF9F1C,TRUE,mf_var,Plain MF RF,2071-2100SSP585,2071-2100,SSP585,12393866,8501128.01140083,3,Top-3,417738,329084.277845589,0.0337052215991362,0.0387106602093576
53,chamFor-Zone53,chamFor,Zone53,17,17,One year three ripes grain fields; tropical evergreen orchards and economic tree plantations,#FF9F1C,TRUE,mf_var,Plain MF RF,2071-2100SSP585,2071-2100,SSP585,12393866,8501128.01140083,5,Top-5,431828,340058.640975809,0.0348420742970757,0.0400015904383227
10,cyclLon-Zone10,cyclLon,Zone10,25,25,Needleleaf forests on mountains in subtropical and tropical zones,#006D77,TRUE,rf_var,Plain RF,2011-2040SSP245,2011-2040,SSP245,12393866,8501128.01140083,1,Top-1,181852,135166.533597872,0.014672742145187,0.0158998351061884
10,cyclLon-Zone10,cyclLon,Zone10,25,25,Needleleaf forests on mountains in subtropical and tropical zones,#006D77,TRUE,rf_var,Plain RF,2011-2040SSP245,2011-2040,SSP245,12393866,8501128.01140083,3,Top-3,377949,280629.965374406,0.0304948431748415,0.0330109092579307
10,cyclLon-Zone10,cyclLon,Zone10,25,25,Needleleaf forests on mountains in subtropical and tropical zones,#006D77,TRUE,rf_var,Plain RF,2011-2040SSP245,2011-2040,SSP245,12393866,8501128.01140083,5,Top-5,481229,356301.914231678,0.03882799765626,0.0419123101962284
10,cyclLon-Zone10,cyclLon,Zone10,25,25,Needleleaf forests on mountains in subtropical and tropical zones,#006D77,TRUE,rf_var,Plain RF,2041-2070SSP245,2041-2070,SSP245,12393866,8501128.01140083,1,Top-1,206025,152756.621912314,0.0166231424480465,0.0179689826700001
10,cyclLon-Zone10,cyclLon,Zone10,25,25,Needleleaf forests on mountains in subtropical and tropical zones,#006D77,TRUE,rf_var,Plain RF,2041-2070SSP245,2041-2070,SSP245,12393866,8501128.01140083,3,Top-3,398220,295086.54068641,0.0321304103174909,0.0347114571490596
10,cyclLon-Zone10,cyclLon,Zone10,25,25,Needleleaf forests on mountains in subtropical and tropical zones,#006D77,TRUE,rf_var,Plain RF,2041-2070SSP245,2041-2070,SSP245,12393866,8501128.01140083,5,Top-5,479956,354946.680798945,0.038725285556581,0.0417528921247777
10,cyclLon-Zone10,cyclLon,Zone10,25,25,Needleleaf forests on mountains in subtropical and tropical zones,#006D77,TRUE,rf_var,Plain RF,2071-2100SSP245,2071-2100,SSP245,12393866,8501128.01140083,1,Top-1,226021,167526.472077699,0.0182365211952429,0.019706381535842
10,cyclLon-Zone10,cyclLon,Zone10,25,25,Needleleaf forests on mountains in subtropical and tropical zones,#006D77,TRUE,rf_var,Plain RF,2071-2100SSP245,2071-2100,SSP245,12393866,8501128.01140083,3,Top-3,427219,315930.976375202,0.0344701967892827,0.0371634183077244
10,cyclLon-Zone10,cyclLon,Zone10,25,25,Needleleaf forests on mountains in subtropical and tropical zones,#006D77,TRUE,rf_var,Plain RF,2071-2100SSP245,2071-2100,SSP245,12393866,8501128.01140083,5,Top-5,485317,358431.011217762,0.0391578382403037,0.0421627589582313
10,cyclLon-Zone10,cyclLon,Zone10,25,25,Needleleaf forests on mountains in subtropical and tropical zones,#006D77,TRUE,rf_var,Plain RF,2011-2040SSP585,2011-2040,SSP585,12393866,8501128.01140083,1,Top-1,179962,133869.00877467,0.0145202473546188,0.015747205382055
10,cyclLon-Zone10,cyclLon,Zone10,25,25,Needleleaf forests on mountains in subtropical and tropical zones,#006D77,TRUE,rf_var,Plain RF,2011-2040SSP585,2011-2040,SSP585,12393866,8501128.01140083,3,Top-3,374136,277885.97291038,0.0301871909862508,0.0326881294503163
10,cyclLon-Zone10,cyclLon,Zone10,25,25,Needleleaf forests on mountains in subtropical and tropical zones,#006D77,TRUE,rf_var,Plain RF,2011-2040SSP585,2011-2040,SSP585,12393866,8501128.01140083,5,Top-5,478618,354419.454876108,0.0386173289270676,0.0416908737759033
10,cyclLon-Zone10,cyclLon,Zone10,25,25,Needleleaf forests on mountains in subtropical and tropical zones,#006D77,TRUE,rf_var,Plain RF,2041-2070SSP585,2041-2070,SSP585,12393866,8501128.01140083,1,Top-1,222145,164618.877605268,0.0179237858469666,0.0193643569870373
10,cyclLon-Zone10,cyclLon,Zone10,25,25,Needleleaf forests on mountains in subtropical and tropical zones,#006D77,TRUE,rf_var,Plain RF,2041-2070SSP585,2041-2070,SSP585,12393866,8501128.01140083,3,Top-3,422631,312672.177193712,0.0341000136680516,0.03678008104035
10,cyclLon-Zone10,cyclLon,Zone10,25,25,Needleleaf forests on mountains in subtropical and tropical zones,#006D77,TRUE,rf_var,Plain RF,2041-2070SSP585,2041-2070,SSP585,12393866,8501128.01140083,5,Top-5,481139,355496.956061093,0.0388207359995662,0.0418176218008172
10,cyclLon-Zone10,cyclLon,Zone10,25,25,Needleleaf forests on mountains in subtropical and tropical zones,#006D77,TRUE,rf_var,Plain RF,2071-2100SSP585,2071-2100,SSP585,12393866,8501128.01140083,1,Top-1,275814,203649.949984204,0.022254073103582,0.0239556385589171
10,cyclLon-Zone10,cyclLon,Zone10,25,25,Needleleaf forests on mountains in subtropical and tropical zones,#006D77,TRUE,rf_var,Plain RF,2071-2100SSP585,2071-2100,SSP585,12393866,8501128.01140083,3,Top-3,432735,319283.244806107,0.0349152556595335,0.0375577504982772
10,cyclLon-Zone10,cyclLon,Zone10,25,25,Needleleaf forests on mountains in subtropical and tropical zones,#006D77,TRUE,rf_var,Plain RF,2071-2100SSP585,2071-2100,SSP585,12393866,8501128.01140083,5,Top-5,455575,335883.03823131,0.0367581027582515,0.0395104082400428
10,cyclLon-Zone10,cyclLon,Zone10,25,25,Needleleaf forests on mountains in subtropical and tropical zones,#006D77,TRUE,mf_var,Plain MF RF,2011-2040SSP245,2011-2040,SSP245,12393866,8501128.01140083,1,Top-1,180470,134140.912724759,0.0145612353724012,0.0157791898374972
10,cyclLon-Zone10,cyclLon,Zone10,25,25,Needleleaf forests on mountains in subtropical and tropical zones,#006D77,TRUE,mf_var,Plain MF RF,2011-2040SSP245,2011-2040,SSP245,12393866,8501128.01140083,3,Top-3,378631,281155.23495191,0.030549870395565,0.0330726974790703
10,cyclLon-Zone10,cyclLon,Zone10,25,25,Needleleaf forests on mountains in subtropical and tropical zones,#006D77,TRUE,mf_var,Plain MF RF,2011-2040SSP245,2011-2040,SSP245,12393866,8501128.01140083,5,Top-5,481517,356524.400541089,0.0388512349576799,0.041938481583027
10,cyclLon-Zone10,cyclLon,Zone10,25,25,Needleleaf forests on mountains in subtropical and tropical zones,#006D77,TRUE,mf_var,Plain MF RF,2041-2070SSP245,2041-2070,SSP245,12393866,8501128.01140083,1,Top-1,206040,152765.772015656,0.0166243527241621,0.0179700590099082
10,cyclLon-Zone10,cyclLon,Zone10,25,25,Needleleaf forests on mountains in subtropical and tropical zones,#006D77,TRUE,mf_var,Plain MF RF,2041-2070SSP245,2041-2070,SSP245,12393866,8501128.01140083,3,Top-3,399039,295701.789042199,0.0321964913934038,0.0347838297042033
10,cyclLon-Zone10,cyclLon,Zone10,25,25,Needleleaf forests on mountains in subtropical and tropical zones,#006D77,TRUE,mf_var,Plain MF RF,2041-2070SSP245,2041-2070,SSP245,12393866,8501128.01140083,5,Top-5,480904,355639.637819416,0.0388017750070882,0.0418344056626919
10,cyclLon-Zone10,cyclLon,Zone10,25,25,Needleleaf forests on mountains in subtropical and tropical zones,#006D77,TRUE,mf_var,Plain MF RF,2071-2100SSP245,2071-2100,SSP245,12393866,8501128.01140083,1,Top-1,228735,169461.224634375,0.0184555004870958,0.0199339692811485
10,cyclLon-Zone10,cyclLon,Zone10,25,25,Needleleaf forests on mountains in subtropical and tropical zones,#006D77,TRUE,mf_var,Plain MF RF,2071-2100SSP245,2071-2100,SSP245,12393866,8501128.01140083,3,Top-3,427882,316430.92206463,0.0345236909935931,0.0372222276432334
10,cyclLon-Zone10,cyclLon,Zone10,25,25,Needleleaf forests on mountains in subtropical and tropical zones,#006D77,TRUE,mf_var,Plain MF RF,2071-2100SSP245,2071-2100,SSP245,12393866,8501128.01140083,5,Top-5,487015,359689.674244283,0.0392948414965919,0.0423108173129383
10,cyclLon-Zone10,cyclLon,Zone10,25,25,Needleleaf forests on mountains in subtropical and tropical zones,#006D77,TRUE,mf_var,Plain MF RF,2011-2040SSP585,2011-2040,SSP585,12393866,8501128.01140083,1,Top-1,178861,133060.507099395,0.0144314130877323,0.0156521001590551
10,cyclLon-Zone10,cyclLon,Zone10,25,25,Needleleaf forests on mountains in subtropical and tropical zones,#006D77,TRUE,mf_var,Plain MF RF,2011-2040SSP585,2011-2040,SSP585,12393866,8501128.01140083,3,Top-3,373892,277735.601329962,0.0301675038281034,0.0326704410235314
10,cyclLon-Zone10,cyclLon,Zone10,25,25,Needleleaf forests on mountains in subtropical and tropical zones,#006D77,TRUE,mf_var,Plain MF RF,2011-2040SSP585,2011-2040,SSP585,12393866,8501128.01140083,5,Top-5,478976,354692.951579155,0.0386462141836938,0.0417230455891827
10,cyclLon-Zone10,cyclLon,Zone10,25,25,Needleleaf forests on mountains in subtropical and tropical zones,#006D77,TRUE,mf_var,Plain MF RF,2041-2070SSP585,2041-2070,SSP585,12393866,8501128.01140083,1,Top-1,225087,166744.341216616,0.0181611613357769,0.0196143783499078
10,cyclLon-Zone10,cyclLon,Zone10,25,25,Needleleaf forests on mountains in subtropical and tropical zones,#006D77,TRUE,mf_var,Plain MF RF,2041-2070SSP585,2041-2070,SSP585,12393866,8501128.01140083,3,Top-3,423536,313357.082308609,0.0341730336603607,0.0368606474209501
10,cyclLon-Zone10,cyclLon,Zone10,25,25,Needleleaf forests on mountains in subtropical and tropical zones,#006D77,TRUE,mf_var,Plain MF RF,2041-2070SSP585,2041-2070,SSP585,12393866,8501128.01140083,5,Top-5,482471,356499.042227741,0.0389282085186333,0.041935498647902
10,cyclLon-Zone10,cyclLon,Zone10,25,25,Needleleaf forests on mountains in subtropical and tropical zones,#006D77,TRUE,mf_var,Plain MF RF,2071-2100SSP585,2071-2100,SSP585,12393866,8501128.01140083,1,Top-1,267742,197777.804511774,0.0216027831832295,0.0232648895824807
10,cyclLon-Zone10,cyclLon,Zone10,25,25,Needleleaf forests on mountains in subtropical and tropical zones,#006D77,TRUE,mf_var,Plain MF RF,2071-2100SSP585,2071-2100,SSP585,12393866,8501128.01140083,3,Top-3,435248,321202.69091257,0.0351180172514371,0.0377835377236769
10,cyclLon-Zone10,cyclLon,Zone10,25,25,Needleleaf forests on mountains in subtropical and tropical zones,#006D77,TRUE,mf_var,Plain MF RF,2071-2100SSP585,2071-2100,SSP585,12393866,8501128.01140083,5,Top-5,459128,338566.403961505,0.0370447768275048,0.0398260564371522
21,cyclLon-Zone21,cyclLon,Zone21,73,73,One year two ripes or three ripes grain fields; evergreen orchards and subtropical economic tree plantations,#F3722C,TRUE,rf_var,Plain RF,2011-2040SSP245,2011-2040,SSP245,12393866,8501128.01140083,1,Top-1,879415,662329.284365043,0.0709556646812222,0.0779107529585245
21,cyclLon-Zone21,cyclLon,Zone21,73,73,One year two ripes or three ripes grain fields; evergreen orchards and subtropical economic tree plantations,#F3722C,TRUE,rf_var,Plain RF,2011-2040SSP245,2011-2040,SSP245,12393866,8501128.01140083,3,Top-3,1415339,1072429.06279155,0.114196732480406,0.126151383834394
21,cyclLon-Zone21,cyclLon,Zone21,73,73,One year two ripes or three ripes grain fields; evergreen orchards and subtropical economic tree plantations,#F3722C,TRUE,rf_var,Plain RF,2011-2040SSP245,2011-2040,SSP245,12393866,8501128.01140083,5,Top-5,1770822,1346573.32601556,0.142878904774346,0.158399370555257
21,cyclLon-Zone21,cyclLon,Zone21,73,73,One year two ripes or three ripes grain fields; evergreen orchards and subtropical economic tree plantations,#F3722C,TRUE,rf_var,Plain RF,2041-2070SSP245,2041-2070,SSP245,12393866,8501128.01140083,1,Top-1,1253138,940049.851563539,0.101109532731756,0.110579425495398
21,cyclLon-Zone21,cyclLon,Zone21,73,73,One year two ripes or three ripes grain fields; evergreen orchards and subtropical economic tree plantations,#F3722C,TRUE,rf_var,Plain RF,2041-2070SSP245,2041-2070,SSP245,12393866,8501128.01140083,3,Top-3,1706967,1289866.40460994,0.137726759350149,0.15172885326278
21,cyclLon-Zone21,cyclLon,Zone21,73,73,One year two ripes or three ripes grain fields; evergreen orchards and subtropical economic tree plantations,#F3722C,TRUE,rf_var,Plain RF,2041-2070SSP245,2041-2070,SSP245,12393866,8501128.01140083,5,Top-5,2024923,1535302.60476131,0.16338106285803,0.180599868947076
21,cyclLon-Zone21,cyclLon,Zone21,73,73,One year two ripes or three ripes grain fields; evergreen orchards and subtropical economic tree plantations,#F3722C,TRUE,rf_var,Plain RF,2071-2100SSP245,2071-2100,SSP245,12393866,8501128.01140083,1,Top-1,1464124,1096111.63403611,0.118132953833776,0.128937198988901
21,cyclLon-Zone21,cyclLon,Zone21,73,73,One year two ripes or three ripes grain fields; evergreen orchards and subtropical economic tree plantations,#F3722C,TRUE,rf_var,Plain RF,2071-2100SSP245,2071-2100,SSP245,12393866,8501128.01140083,3,Top-3,1899296,1432625.59530247,0.15324483901956,0.16852182361931
21,cyclLon-Zone21,cyclLon,Zone21,73,73,One year two ripes or three ripes grain fields; evergreen orchards and subtropical economic tree plantations,#F3722C,TRUE,rf_var,Plain RF,2071-2100SSP245,2071-2100,SSP245,12393866,8501128.01140083,5,Top-5,2177526,1647715.32050114,0.175693847262831,0.19382313950471
21,cyclLon-Zone21,cyclLon,Zone21,73,73,One year two ripes or three ripes grain fields; evergreen orchards and subtropical economic tree plantations,#F3722C,TRUE,rf_var,Plain RF,2011-2040SSP585,2011-2040,SSP585,12393866,8501128.01140083,1,Top-1,915021,688895.536746079,0.0738285374394075,0.0810357797014942
21,cyclLon-Zone21,cyclLon,Zone21,73,73,One year two ripes or three ripes grain fields; evergreen orchards and subtropical economic tree plantations,#F3722C,TRUE,rf_var,Plain RF,2011-2040SSP585,2011-2040,SSP585,12393866,8501128.01140083,3,Top-3,1446700,1095926.72141995,0.116727097097871,0.128915447450056
21,cyclLon-Zone21,cyclLon,Zone21,73,73,One year two ripes or three ripes grain fields; evergreen orchards and subtropical economic tree plantations,#F3722C,TRUE,rf_var,Plain RF,2011-2040SSP585,2011-2040,SSP585,12393866,8501128.01140083,5,Top-5,1797822,1366659.32718374,0.145057401782462,0.160762115962837
21,cyclLon-Zone21,cyclLon,Zone21,73,73,One year two ripes or three ripes grain fields; evergreen orchards and subtropical economic tree plantations,#F3722C,TRUE,rf_var,Plain RF,2041-2070SSP585,2041-2070,SSP585,12393866,8501128.01140083,1,Top-1,1445539,1083057.71877469,0.116633421726522,0.127401648030968
21,cyclLon-Zone21,cyclLon,Zone21,73,73,One year two ripes or three ripes grain fields; evergreen orchards and subtropical economic tree plantations,#F3722C,TRUE,rf_var,Plain RF,2041-2070SSP585,2041-2070,SSP585,12393866,8501128.01140083,3,Top-3,1892355,1428675.97397715,0.152684803918325,0.168057223942653
21,cyclLon-Zone21,cyclLon,Zone21,73,73,One year two ripes or three ripes grain fields; evergreen orchards and subtropical economic tree plantations,#F3722C,TRUE,rf_var,Plain RF,2041-2070SSP585,2041-2070,SSP585,12393866,8501128.01140083,5,Top-5,2181361,1651914.71143534,0.176003274523058,0.194317119942196
21,cyclLon-Zone21,cyclLon,Zone21,73,73,One year two ripes or three ripes grain fields; evergreen orchards and subtropical economic tree plantations,#F3722C,TRUE,rf_var,Plain RF,2071-2100SSP585,2071-2100,SSP585,12393866,8501128.01140083,1,Top-1,1782405,1332707.37714144,0.143813479990828,0.15676829890741
21,cyclLon-Zone21,cyclLon,Zone21,73,73,One year two ripes or three ripes grain fields; evergreen orchards and subtropical economic tree plantations,#F3722C,TRUE,rf_var,Plain RF,2071-2100SSP585,2071-2100,SSP585,12393866,8501128.01140083,3,Top-3,2130135,1601715.20115018,0.17187010090314,0.188412078844375
21,cyclLon-Zone21,cyclLon,Zone21,73,73,One year two ripes or three ripes grain fields; evergreen orchards and subtropical economic tree plantations,#F3722C,TRUE,rf_var,Plain RF,2071-2100SSP585,2071-2100,SSP585,12393866,8501128.01140083,5,Top-5,2315767,1745404.37957947,0.186847832629464,0.205314445005264
21,cyclLon-Zone21,cyclLon,Zone21,73,73,One year two ripes or three ripes grain fields; evergreen orchards and subtropical economic tree plantations,#F3722C,TRUE,mf_var,Plain MF RF,2011-2040SSP245,2011-2040,SSP245,12393866,8501128.01140083,1,Top-1,890497,670730.13356508,0.0718498166754425,0.078898957016712
21,cyclLon-Zone21,cyclLon,Zone21,73,73,One year two ripes or three ripes grain fields; evergreen orchards and subtropical economic tree plantations,#F3722C,TRUE,mf_var,Plain MF RF,2011-2040SSP245,2011-2040,SSP245,12393866,8501128.01140083,3,Top-3,1405635,1065397.36725346,0.113413764518674,0.125324235304381
21,cyclLon-Zone21,cyclLon,Zone21,73,73,One year two ripes or three ripes grain fields; evergreen orchards and subtropical economic tree plantations,#F3722C,TRUE,mf_var,Plain MF RF,2011-2040SSP245,2011-2040,SSP245,12393866,8501128.01140083,5,Top-5,1760039,1338672.13296649,0.142008877617363,0.157469941773751
21,cyclLon-Zone21,cyclLon,Zone21,73,73,One year two ripes or three ripes grain fields; evergreen orchards and subtropical economic tree plantations,#F3722C,TRUE,mf_var,Plain MF RF,2041-2070SSP245,2041-2070,SSP245,12393866,8501128.01140083,1,Top-1,1237877,928888.390099548,0.099878197811724,0.10926648661846
21,cyclLon-Zone21,cyclLon,Zone21,73,73,One year two ripes or three ripes grain fields; evergreen orchards and subtropical economic tree plantations,#F3722C,TRUE,mf_var,Plain MF RF,2041-2070SSP245,2041-2070,SSP245,12393866,8501128.01140083,3,Top-3,1686504,1274414.49390713,0.13607570067322,0.149911222628105
21,cyclLon-Zone21,cyclLon,Zone21,73,73,One year two ripes or three ripes grain fields; evergreen orchards and subtropical economic tree plantations,#F3722C,TRUE,mf_var,Plain MF RF,2041-2070SSP245,2041-2070,SSP245,12393866,8501128.01140083,5,Top-5,2011356,1525393.64966965,0.162286408453988,0.179434264208696
21,cyclLon-Zone21,cyclLon,Zone21,73,73,One year two ripes or three ripes grain fields; evergreen orchards and subtropical economic tree plantations,#F3722C,TRUE,mf_var,Plain MF RF,2071-2100SSP245,2071-2100,SSP245,12393866,8501128.01140083,1,Top-1,1462484,1095010.65936885,0.118000630311801,0.128807689744271
21,cyclLon-Zone21,cyclLon,Zone21,73,73,One year two ripes or three ripes grain fields; evergreen orchards and subtropical economic tree plantations,#F3722C,TRUE,mf_var,Plain MF RF,2071-2100SSP245,2071-2100,SSP245,12393866,8501128.01140083,3,Top-3,1876227,1414876.44692055,0.15138351503881,0.166433965589398
21,cyclLon-Zone21,cyclLon,Zone21,73,73,One year two ripes or three ripes grain fields; evergreen orchards and subtropical economic tree plantations,#F3722C,TRUE,mf_var,Plain MF RF,2071-2100SSP245,2071-2100,SSP245,12393866,8501128.01140083,5,Top-5,2170123,1642524.2754681,0.175096535657236,0.193212509359384
21,cyclLon-Zone21,cyclLon,Zone21,73,73,One year two ripes or three ripes grain fields; evergreen orchards and subtropical economic tree plantations,#F3722C,TRUE,mf_var,Plain MF RF,2011-2040SSP585,2011-2040,SSP585,12393866,8501128.01140083,1,Top-1,919367,692111.759853764,0.07417919477264,0.0814141086836447
21,cyclLon-Zone21,cyclLon,Zone21,73,73,One year two ripes or three ripes grain fields; evergreen orchards and subtropical economic tree plantations,#F3722C,TRUE,mf_var,Plain MF RF,2011-2040SSP585,2011-2040,SSP585,12393866,8501128.01140083,3,Top-3,1436538,1088517.40972622,0.115907175372075,0.128043879384761
21,cyclLon-Zone21,cyclLon,Zone21,73,73,One year two ripes or three ripes grain fields; evergreen orchards and subtropical economic tree plantations,#F3722C,TRUE,mf_var,Plain MF RF,2011-2040SSP585,2011-2040,SSP585,12393866,8501128.01140083,5,Top-5,1785387,1357513.40025219,0.144054082882613,0.15968626733201
21,cyclLon-Zone21,cyclLon,Zone21,73,73,One year two ripes or three ripes grain fields; evergreen orchards and subtropical economic tree plantations,#F3722C,TRUE,mf_var,Plain MF RF,2041-2070SSP585,2041-2070,SSP585,12393866,8501128.01140083,1,Top-1,1441420,1080251.13052305,0.116301079905172,0.1270715049902
21,cyclLon-Zone21,cyclLon,Zone21,73,73,One year two ripes or three ripes grain fields; evergreen orchards and subtropical economic tree plantations,#F3722C,TRUE,mf_var,Plain MF RF,2041-2070SSP585,2041-2070,SSP585,12393866,8501128.01140083,3,Top-3,1865631,1408192.93067365,0.150528575990736,0.165647773893668
21,cyclLon-Zone21,cyclLon,Zone21,73,73,One year two ripes or three ripes grain fields; evergreen orchards and subtropical economic tree plantations,#F3722C,TRUE,mf_var,Plain MF RF,2041-2070SSP585,2041-2070,SSP585,12393866,8501128.01140083,5,Top-5,2169967,1643676.99994459,0.175083948785633,0.193348106009021
21,cyclLon-Zone21,cyclLon,Zone21,73,73,One year two ripes or three ripes grain fields; evergreen orchards and subtropical economic tree plantations,#F3722C,TRUE,mf_var,Plain MF RF,2071-2100SSP585,2071-2100,SSP585,12393866,8501128.01140083,1,Top-1,1749913,1307904.83942878,0.141191860554245,0.153850740475235
21,cyclLon-Zone21,cyclLon,Zone21,73,73,One year two ripes or three ripes grain fields; evergreen orchards and subtropical economic tree plantations,#F3722C,TRUE,mf_var,Plain MF RF,2071-2100SSP585,2071-2100,SSP585,12393866,8501128.01140083,3,Top-3,2108597,1585282.68415228,0.170132305771258,0.186479098071017
21,cyclLon-Zone21,cyclLon,Zone21,73,73,One year two ripes or three ripes grain fields; evergreen orchards and subtropical economic tree plantations,#F3722C,TRUE,mf_var,Plain MF RF,2071-2100SSP585,2071-2100,SSP585,12393866,8501128.01140083,5,Top-5,2301543,1734751.72205213,0.185700168131558,0.204061357472286
26,cyclLon-Zone26,cyclLon,Zone26,17,17,Bamboo forests and scrubs in subtropical and tropical zones,#00A878,TRUE,rf_var,Plain RF,2011-2040SSP245,2011-2040,SSP245,12393866,8501128.01140083,1,Top-1,37300,28104.4961312256,0.00300955327417611,0.00330597258311306
26,cyclLon-Zone26,cyclLon,Zone26,17,17,Bamboo forests and scrubs in subtropical and tropical zones,#00A878,TRUE,rf_var,Plain RF,2011-2040SSP245,2011-2040,SSP245,12393866,8501128.01140083,3,Top-3,199642,151675.47403647,0.0161081296183128,0.0178418056795591
26,cyclLon-Zone26,cyclLon,Zone26,17,17,Bamboo forests and scrubs in subtropical and tropical zones,#00A878,TRUE,rf_var,Plain RF,2011-2040SSP245,2011-2040,SSP245,12393866,8501128.01140083,5,Top-5,365938,278119.65747155,0.029525734746527,0.0327156181036875
26,cyclLon-Zone26,cyclLon,Zone26,17,17,Bamboo forests and scrubs in subtropical and tropical zones,#00A878,TRUE,rf_var,Plain RF,2041-2070SSP245,2041-2070,SSP245,12393866,8501128.01140083,1,Top-1,17691,13314.5371423852,0.00142739965076272,0.00156620828724484
26,cyclLon-Zone26,cyclLon,Zone26,17,17,Bamboo forests and scrubs in subtropical and tropical zones,#00A878,TRUE,rf_var,Plain RF,2041-2070SSP245,2041-2070,SSP245,12393866,8501128.01140083,3,Top-3,102229,77772.6180294878,0.00824835446825067,0.00914850569538386
26,cyclLon-Zone26,cyclLon,Zone26,17,17,Bamboo forests and scrubs in subtropical and tropical zones,#00A878,TRUE,rf_var,Plain RF,2041-2070SSP245,2041-2070,SSP245,12393866,8501128.01140083,5,Top-5,220398,167834.987483477,0.017782829022034,0.0197426726498406
26,cyclLon-Zone26,cyclLon,Zone26,17,17,Bamboo forests and scrubs in subtropical and tropical zones,#00A878,TRUE,rf_var,Plain RF,2071-2100SSP245,2071-2100,SSP245,12393866,8501128.01140083,1,Top-1,7761,5866.07046661917,0.000626196862222006,0.000690034364704567
26,cyclLon-Zone26,cyclLon,Zone26,17,17,Bamboo forests and scrubs in subtropical and tropical zones,#00A878,TRUE,rf_var,Plain RF,2071-2100SSP245,2071-2100,SSP245,12393866,8501128.01140083,3,Top-3,51186,39192.5112916524,0.00412994621694312,0.0046102718649915
26,cyclLon-Zone26,cyclLon,Zone26,17,17,Bamboo forests and scrubs in subtropical and tropical zones,#00A878,TRUE,rf_var,Plain RF,2071-2100SSP245,2071-2100,SSP245,12393866,8501128.01140083,5,Top-5,128827,98550.8146225573,0.0103944160764688,0.011592675053286
26,cyclLon-Zone26,cyclLon,Zone26,17,17,Bamboo forests and scrubs in subtropical and tropical zones,#00A878,TRUE,rf_var,Plain RF,2011-2040SSP585,2011-2040,SSP585,12393866,8501128.01140083,1,Top-1,33400,25171.0867205506,0.0026948814841148,0.00296091138573537
26,cyclLon-Zone26,cyclLon,Zone26,17,17,Bamboo forests and scrubs in subtropical and tropical zones,#00A878,TRUE,rf_var,Plain RF,2011-2040SSP585,2011-2040,SSP585,12393866,8501128.01140083,3,Top-3,173996,132169.578205062,0.0140388802008994,0.0155472989028997
26,cyclLon-Zone26,cyclLon,Zone26,17,17,Bamboo forests and scrubs in subtropical and tropical zones,#00A878,TRUE,rf_var,Plain RF,2011-2040SSP585,2011-2040,SSP585,12393866,8501128.01140083,5,Top-5,326924,248467.931236627,0.0263778872548727,0.0292276426026532
26,cyclLon-Zone26,cyclLon,Zone26,17,17,Bamboo forests and scrubs in subtropical and tropical zones,#00A878,TRUE,rf_var,Plain RF,2041-2070SSP585,2041-2070,SSP585,12393866,8501128.01140083,1,Top-1,10443,7861.91765705297,0.000842594231694937,0.000924808760262095
26,cyclLon-Zone26,cyclLon,Zone26,17,17,Bamboo forests and scrubs in subtropical and tropical zones,#00A878,TRUE,rf_var,Plain RF,2041-2070SSP585,2041-2070,SSP585,12393866,8501128.01140083,3,Top-3,68475,52204.7987466075,0.00552491046780722,0.00614092608376158
26,cyclLon-Zone26,cyclLon,Zone26,17,17,Bamboo forests and scrubs in subtropical and tropical zones,#00A878,TRUE,rf_var,Plain RF,2041-2070SSP585,2041-2070,SSP585,12393866,8501128.01140083,5,Top-5,150728,115013.731304318,0.012161499890349,0.0135292317854847
26,cyclLon-Zone26,cyclLon,Zone26,17,17,Bamboo forests and scrubs in subtropical and tropical zones,#00A878,TRUE,rf_var,Plain RF,2071-2100SSP585,2071-2100,SSP585,12393866,8501128.01140083,1,Top-1,2204,1687.04022376968,0.000177829903921827,0.000198448984829683
26,cyclLon-Zone26,cyclLon,Zone26,17,17,Bamboo forests and scrubs in subtropical and tropical zones,#00A878,TRUE,rf_var,Plain RF,2071-2100SSP585,2071-2100,SSP585,12393866,8501128.01140083,3,Top-3,26034,20058.5513603892,0.0021005552262708,0.00235951644693372
26,cyclLon-Zone26,cyclLon,Zone26,17,17,Bamboo forests and scrubs in subtropical and tropical zones,#00A878,TRUE,rf_var,Plain RF,2071-2100SSP585,2071-2100,SSP585,12393866,8501128.01140083,5,Top-5,51856,40055.9140636029,0.00418400521677417,0.00471183518350554
26,cyclLon-Zone26,cyclLon,Zone26,17,17,Bamboo forests and scrubs in subtropical and tropical zones,#00A878,TRUE,mf_var,Plain MF RF,2011-2040SSP245,2011-2040,SSP245,12393866,8501128.01140083,1,Top-1,36871,27758.6292678647,0.00297493937726937,0.00326528776306364
26,cyclLon-Zone26,cyclLon,Zone26,17,17,Bamboo forests and scrubs in subtropical and tropical zones,#00A878,TRUE,mf_var,Plain MF RF,2011-2040SSP245,2011-2040,SSP245,12393866,8501128.01140083,3,Top-3,194686,147850.582307625,0.0157082543897118,0.0173918781259784
26,cyclLon-Zone26,cyclLon,Zone26,17,17,Bamboo forests and scrubs in subtropical and tropical zones,#00A878,TRUE,mf_var,Plain MF RF,2011-2040SSP245,2011-2040,SSP245,12393866,8501128.01140083,5,Top-5,355442,270028.63422652,0.0286788642058902,0.0317638593213025
26,cyclLon-Zone26,cyclLon,Zone26,17,17,Bamboo forests and scrubs in subtropical and tropical zones,#00A878,TRUE,mf_var,Plain MF RF,2041-2070SSP245,2041-2070,SSP245,12393866,8501128.01140083,1,Top-1,18376,13817.9201640729,0.00148266892670939,0.00162542196112584
26,cyclLon-Zone26,cyclLon,Zone26,17,17,Bamboo forests and scrubs in subtropical and tropical zones,#00A878,TRUE,mf_var,Plain MF RF,2041-2070SSP245,2041-2070,SSP245,12393866,8501128.01140083,3,Top-3,95790,72836.4386871411,0.00772882327435201,0.00856785577037076
26,cyclLon-Zone26,cyclLon,Zone26,17,17,Bamboo forests and scrubs in subtropical and tropical zones,#00A878,TRUE,mf_var,Plain MF RF,2041-2070SSP245,2041-2070,SSP245,12393866,8501128.01140083,5,Top-5,203070,154612.500798746,0.0163847180532693,0.0181872923912446
26,cyclLon-Zone26,cyclLon,Zone26,17,17,Bamboo forests and scrubs in subtropical and tropical zones,#00A878,TRUE,mf_var,Plain MF RF,2071-2100SSP245,2071-2100,SSP245,12393866,8501128.01140083,1,Top-1,7561,5691.49655534795,0.000610059847347067,0.000669498982689721
26,cyclLon-Zone26,cyclLon,Zone26,17,17,Bamboo forests and scrubs in subtropical and tropical zones,#00A878,TRUE,mf_var,Plain MF RF,2071-2100SSP245,2071-2100,SSP245,12393866,8501128.01140083,3,Top-3,48204,36887.120620591,0.00388934332515778,0.00433908542150192
26,cyclLon-Zone26,cyclLon,Zone26,17,17,Bamboo forests and scrubs in subtropical and tropical zones,#00A878,TRUE,mf_var,Plain MF RF,2071-2100SSP245,2071-2100,SSP245,12393866,8501128.01140083,5,Top-5,119477,91414.2451884663,0.0096400106310654,0.0107531900549987
26,cyclLon-Zone26,cyclLon,Zone26,17,17,Bamboo forests and scrubs in subtropical and tropical zones,#00A878,TRUE,mf_var,Plain MF RF,2011-2040SSP585,2011-2040,SSP585,12393866,8501128.01140083,1,Top-1,32832,24727.6292836183,0.00264905236186998,0.00290874684517822
26,cyclLon-Zone26,cyclLon,Zone26,17,17,Bamboo forests and scrubs in subtropical and tropical zones,#00A878,TRUE,mf_var,Plain MF RF,2011-2040SSP585,2011-2040,SSP585,12393866,8501128.01140083,3,Top-3,165933,126012.626949885,0.0133883164462162,0.0148230478097601
26,cyclLon-Zone26,cyclLon,Zone26,17,17,Bamboo forests and scrubs in subtropical and tropical zones,#00A878,TRUE,mf_var,Plain MF RF,2011-2040SSP585,2011-2040,SSP585,12393866,8501128.01140083,5,Top-5,313539,238215.417424342,0.0252979175343674,0.0280216245543971
26,cyclLon-Zone26,cyclLon,Zone26,17,17,Bamboo forests and scrubs in subtropical and tropical zones,#00A878,TRUE,mf_var,Plain MF RF,2041-2070SSP585,2041-2070,SSP585,12393866,8501128.01140083,1,Top-1,10203,7663.22017023754,0.00082322981384501,0.000901435687118277
26,cyclLon-Zone26,cyclLon,Zone26,17,17,Bamboo forests and scrubs in subtropical and tropical zones,#00A878,TRUE,mf_var,Plain MF RF,2041-2070SSP585,2041-2070,SSP585,12393866,8501128.01140083,3,Top-3,61305,46733.9635053517,0.00494639848454066,0.00549738381102802
26,cyclLon-Zone26,cyclLon,Zone26,17,17,Bamboo forests and scrubs in subtropical and tropical zones,#00A878,TRUE,mf_var,Plain MF RF,2041-2070SSP585,2041-2070,SSP585,12393866,8501128.01140083,5,Top-5,137339,104798.687473859,0.0110812074295462,0.0123276213854578
26,cyclLon-Zone26,cyclLon,Zone26,17,17,Bamboo forests and scrubs in subtropical and tropical zones,#00A878,TRUE,mf_var,Plain MF RF,2071-2100SSP585,2071-2100,SSP585,12393866,8501128.01140083,1,Top-1,2215,1687.54681673551,0.000178717439739949,0.000198508576093942
26,cyclLon-Zone26,cyclLon,Zone26,17,17,Bamboo forests and scrubs in subtropical and tropical zones,#00A878,TRUE,mf_var,Plain MF RF,2071-2100SSP585,2071-2100,SSP585,12393866,8501128.01140083,3,Top-3,23279,17952.0917664416,0.00187826784636852,0.00211173055415307
26,cyclLon-Zone26,cyclLon,Zone26,17,17,Bamboo forests and scrubs in subtropical and tropical zones,#00A878,TRUE,mf_var,Plain MF RF,2071-2100SSP585,2071-2100,SSP585,12393866,8501128.01140083,5,Top-5,45883,35434.1292471897,0.00370207326753412,0.00416816794190949
34,cyclLon-Zone34,cyclLon,Zone34,26,26,"Needleleaf, evergreen and deciduous broadleaf mixed forests on mountains in subtropical zone",#2A9D8F,TRUE,rf_var,Plain RF,2011-2040SSP245,2011-2040,SSP245,12393866,8501128.01140083,1,Top-1,18578,14021.4105389599,0.00149896731173308,0.00164935882863496
34,cyclLon-Zone34,cyclLon,Zone34,26,26,"Needleleaf, evergreen and deciduous broadleaf mixed forests on mountains in subtropical zone",#2A9D8F,TRUE,rf_var,Plain RF,2011-2040SSP245,2011-2040,SSP245,12393866,8501128.01140083,3,Top-3,77718,58166.6190463032,0.00627068261025252,0.00684222364000355
34,cyclLon-Zone34,cyclLon,Zone34,26,26,"Needleleaf, evergreen and deciduous broadleaf mixed forests on mountains in subtropical zone",#2A9D8F,TRUE,rf_var,Plain RF,2011-2040SSP245,2011-2040,SSP245,12393866,8501128.01140083,5,Top-5,157498,117580.27200364,0.0127077378438657,0.013831137685017
34,cyclLon-Zone34,cyclLon,Zone34,26,26,"Needleleaf, evergreen and deciduous broadleaf mixed forests on mountains in subtropical zone",#2A9D8F,TRUE,rf_var,Plain RF,2041-2070SSP245,2041-2070,SSP245,12393866,8501128.01140083,1,Top-1,15851,11950.0615833797,0.00127893911391329,0.00140570305109551
34,cyclLon-Zone34,cyclLon,Zone34,26,26,"Needleleaf, evergreen and deciduous broadleaf mixed forests on mountains in subtropical zone",#2A9D8F,TRUE,rf_var,Plain RF,2041-2070SSP245,2041-2070,SSP245,12393866,8501128.01140083,3,Top-3,70781,52851.6560438007,0.00571097024931527,0.00621701684446129
34,cyclLon-Zone34,cyclLon,Zone34,26,26,"Needleleaf, evergreen and deciduous broadleaf mixed forests on mountains in subtropical zone",#2A9D8F,TRUE,rf_var,Plain RF,2041-2070SSP245,2041-2070,SSP245,12393866,8501128.01140083,5,Top-5,152237,113476.437024385,0.0122832536675804,0.0133483976329026
34,cyclLon-Zone34,cyclLon,Zone34,26,26,"Needleleaf, evergreen and deciduous broadleaf mixed forests on mountains in subtropical zone",#2A9D8F,TRUE,rf_var,Plain RF,2071-2100SSP245,2071-2100,SSP245,12393866,8501128.01140083,1,Top-1,15689,11757.811428254,0.00126586813186459,0.00138308838691591
34,cyclLon-Zone34,cyclLon,Zone34,26,26,"Needleleaf, evergreen and deciduous broadleaf mixed forests on mountains in subtropical zone",#2A9D8F,TRUE,rf_var,Plain RF,2071-2100SSP245,2071-2100,SSP245,12393866,8501128.01140083,3,Top-3,71815,53456.843397912,0.0057943986162187,0.00628820590940652
34,cyclLon-Zone34,cyclLon,Zone34,26,26,"Needleleaf, evergreen and deciduous broadleaf mixed forests on mountains in subtropical zone",#2A9D8F,TRUE,rf_var,Plain RF,2071-2100SSP245,2071-2100,SSP245,12393866,8501128.01140083,5,Top-5,151450,112762.207439497,0.0122197545140475,0.0132643817724273
34,cyclLon-Zone34,cyclLon,Zone34,26,26,"Needleleaf, evergreen and deciduous broadleaf mixed forests on mountains in subtropical zone",#2A9D8F,TRUE,rf_var,Plain RF,2011-2040SSP585,2011-2040,SSP585,12393866,8501128.01140083,1,Top-1,18259,13794.052717392,0.00147322877300755,0.001622614398806
34,cyclLon-Zone34,cyclLon,Zone34,26,26,"Needleleaf, evergreen and deciduous broadleaf mixed forests on mountains in subtropical zone",#2A9D8F,TRUE,rf_var,Plain RF,2011-2040SSP585,2011-2040,SSP585,12393866,8501128.01140083,3,Top-3,77764,58227.0867618659,0.00627439412367376,0.00684933654495942
34,cyclLon-Zone34,cyclLon,Zone34,26,26,"Needleleaf, evergreen and deciduous broadleaf mixed forests on mountains in subtropical zone",#2A9D8F,TRUE,rf_var,Plain RF,2011-2040SSP585,2011-2040,SSP585,12393866,8501128.01140083,5,Top-5,158169,118140.430427116,0.0127618775287711,0.0138970299316371
34,cyclLon-Zone34,cyclLon,Zone34,26,26,"Needleleaf, evergreen and deciduous broadleaf mixed forests on mountains in subtropical zone",#2A9D8F,TRUE,rf_var,Plain RF,2041-2070SSP585,2041-2070,SSP585,12393866,8501128.01140083,1,Top-1,15264,11466.7381808067,0.00123157697525534,0.00134884901926293
34,cyclLon-Zone34,cyclLon,Zone34,26,26,"Needleleaf, evergreen and deciduous broadleaf mixed forests on mountains in subtropical zone",#2A9D8F,TRUE,rf_var,Plain RF,2041-2070SSP585,2041-2070,SSP585,12393866,8501128.01140083,3,Top-3,68960,51385.7270411352,0.00556404272887895,0.00604457749280119
34,cyclLon-Zone34,cyclLon,Zone34,26,26,"Needleleaf, evergreen and deciduous broadleaf mixed forests on mountains in subtropical zone",#2A9D8F,TRUE,rf_var,Plain RF,2041-2070SSP585,2041-2070,SSP585,12393866,8501128.01140083,5,Top-5,148414,110508.292899835,0.0119747946282459,0.0129992505408262
34,cyclLon-Zone34,cyclLon,Zone34,26,26,"Needleleaf, evergreen and deciduous broadleaf mixed forests on mountains in subtropical zone",#2A9D8F,TRUE,rf_var,Plain RF,2071-2100SSP585,2071-2100,SSP585,12393866,8501128.01140083,1,Top-1,13599,10119.6343901199,0.00109723632642147,0.00119038724938014
34,cyclLon-Zone34,cyclLon,Zone34,26,26,"Needleleaf, evergreen and deciduous broadleaf mixed forests on mountains in subtropical zone",#2A9D8F,TRUE,rf_var,Plain RF,2071-2100SSP585,2071-2100,SSP585,12393866,8501128.01140083,3,Top-3,69401,51549.4059476056,0.00559962484667819,0.0060638312796223
34,cyclLon-Zone34,cyclLon,Zone34,26,26,"Needleleaf, evergreen and deciduous broadleaf mixed forests on mountains in subtropical zone",#2A9D8F,TRUE,rf_var,Plain RF,2071-2100SSP585,2071-2100,SSP585,12393866,8501128.01140083,5,Top-5,141229,105022.87399125,0.0113950723688638,0.0123539927701835
34,cyclLon-Zone34,cyclLon,Zone34,26,26,"Needleleaf, evergreen and deciduous broadleaf mixed forests on mountains in subtropical zone",#2A9D8F,TRUE,mf_var,Plain MF RF,2011-2040SSP245,2011-2040,SSP245,12393866,8501128.01140083,1,Top-1,18279,13812.0331699738,0.00147484247449504,0.00162472946548394
34,cyclLon-Zone34,cyclLon,Zone34,26,26,"Needleleaf, evergreen and deciduous broadleaf mixed forests on mountains in subtropical zone",#2A9D8F,TRUE,mf_var,Plain MF RF,2011-2040SSP245,2011-2040,SSP245,12393866,8501128.01140083,3,Top-3,76414,57197.7787286439,0.00616546927326792,0.00672825755028464
34,cyclLon-Zone34,cyclLon,Zone34,26,26,"Needleleaf, evergreen and deciduous broadleaf mixed forests on mountains in subtropical zone",#2A9D8F,TRUE,mf_var,Plain MF RF,2011-2040SSP245,2011-2040,SSP245,12393866,8501128.01140083,5,Top-5,153367,114511.376609814,0.0123744278016238,0.0134701390752196
34,cyclLon-Zone34,cyclLon,Zone34,26,26,"Needleleaf, evergreen and deciduous broadleaf mixed forests on mountains in subtropical zone",#2A9D8F,TRUE,mf_var,Plain MF RF,2041-2070SSP245,2041-2070,SSP245,12393866,8501128.01140083,1,Top-1,15905,12010.0316881222,0.00128329610792952,0.00141275742136992
34,cyclLon-Zone34,cyclLon,Zone34,26,26,"Needleleaf, evergreen and deciduous broadleaf mixed forests on mountains in subtropical zone",#2A9D8F,TRUE,mf_var,Plain MF RF,2041-2070SSP245,2041-2070,SSP245,12393866,8501128.01140083,3,Top-3,69941,52208.7398233926,0.00564319478684052,0.00614138967833159
34,cyclLon-Zone34,cyclLon,Zone34,26,26,"Needleleaf, evergreen and deciduous broadleaf mixed forests on mountains in subtropical zone",#2A9D8F,TRUE,mf_var,Plain MF RF,2041-2070SSP245,2041-2070,SSP245,12393866,8501128.01140083,5,Top-5,147922,110234.57357043,0.0119350975716536,0.0129670525396859
34,cyclLon-Zone34,cyclLon,Zone34,26,26,"Needleleaf, evergreen and deciduous broadleaf mixed forests on mountains in subtropical zone",#2A9D8F,TRUE,mf_var,Plain MF RF,2071-2100SSP245,2071-2100,SSP245,12393866,8501128.01140083,1,Top-1,15722,11795.0633422587,0.00126853073931895,0.00138747038351151
34,cyclLon-Zone34,cyclLon,Zone34,26,26,"Needleleaf, evergreen and deciduous broadleaf mixed forests on mountains in subtropical zone",#2A9D8F,TRUE,mf_var,Plain MF RF,2071-2100SSP245,2071-2100,SSP245,12393866,8501128.01140083,3,Top-3,70810,52668.1722314619,0.00571331011647213,0.00619543337787983
34,cyclLon-Zone34,cyclLon,Zone34,26,26,"Needleleaf, evergreen and deciduous broadleaf mixed forests on mountains in subtropical zone",#2A9D8F,TRUE,mf_var,Plain MF RF,2071-2100SSP245,2071-2100,SSP245,12393866,8501128.01140083,5,Top-5,146918,109341.666126609,0.0118540897569814,0.0128620185438887
34,cyclLon-Zone34,cyclLon,Zone34,26,26,"Needleleaf, evergreen and deciduous broadleaf mixed forests on mountains in subtropical zone",#2A9D8F,TRUE,mf_var,Plain MF RF,2011-2040SSP585,2011-2040,SSP585,12393866,8501128.01140083,1,Top-1,18246,13793.9014934143,0.00147217986704068,0.00162259661011049
34,cyclLon-Zone34,cyclLon,Zone34,26,26,"Needleleaf, evergreen and deciduous broadleaf mixed forests on mountains in subtropical zone",#2A9D8F,TRUE,mf_var,Plain MF RF,2011-2040SSP585,2011-2040,SSP585,12393866,8501128.01140083,3,Top-3,76599,57359.4043690258,0.00618039601202724,0.00674726980844204
34,cyclLon-Zone34,cyclLon,Zone34,26,26,"Needleleaf, evergreen and deciduous broadleaf mixed forests on mountains in subtropical zone",#2A9D8F,TRUE,mf_var,Plain MF RF,2011-2040SSP585,2011-2040,SSP585,12393866,8501128.01140083,5,Top-5,154086,115085.116476151,0.0124324403700992,0.0135376289266331
34,cyclLon-Zone34,cyclLon,Zone34,26,26,"Needleleaf, evergreen and deciduous broadleaf mixed forests on mountains in subtropical zone",#2A9D8F,TRUE,mf_var,Plain MF RF,2041-2070SSP585,2041-2070,SSP585,12393866,8501128.01140083,1,Top-1,15233,11458.7883097688,0.00122907573794972,0.00134791386441911
34,cyclLon-Zone34,cyclLon,Zone34,26,26,"Needleleaf, evergreen and deciduous broadleaf mixed forests on mountains in subtropical zone",#2A9D8F,TRUE,mf_var,Plain MF RF,2041-2070SSP585,2041-2070,SSP585,12393866,8501128.01140083,3,Top-3,68143,50744.6175270126,0.00549812302311482,0.00596916285214847
34,cyclLon-Zone34,cyclLon,Zone34,26,26,"Needleleaf, evergreen and deciduous broadleaf mixed forests on mountains in subtropical zone",#2A9D8F,TRUE,mf_var,Plain MF RF,2041-2070SSP585,2041-2070,SSP585,12393866,8501128.01140083,5,Top-5,144581,107618.270747227,0.0116655287381677,0.0126592930494518
34,cyclLon-Zone34,cyclLon,Zone34,26,26,"Needleleaf, evergreen and deciduous broadleaf mixed forests on mountains in subtropical zone",#2A9D8F,TRUE,mf_var,Plain MF RF,2071-2100SSP585,2071-2100,SSP585,12393866,8501128.01140083,1,Top-1,13787,10265.8421705091,0.00111240512040392,0.00120758588233722
34,cyclLon-Zone34,cyclLon,Zone34,26,26,"Needleleaf, evergreen and deciduous broadleaf mixed forests on mountains in subtropical zone",#2A9D8F,TRUE,mf_var,Plain MF RF,2071-2100SSP585,2071-2100,SSP585,12393866,8501128.01140083,3,Top-3,67998,50480.3452230553,0.00548642368733049,0.00593807611829351
34,cyclLon-Zone34,cyclLon,Zone34,26,26,"Needleleaf, evergreen and deciduous broadleaf mixed forests on mountains in subtropical zone",#2A9D8F,TRUE,mf_var,Plain MF RF,2071-2100SSP585,2071-2100,SSP585,12393866,8501128.01140083,5,Top-5,138152,102707.747438039,0.0111468043950128,0.0120816610807763
49,cyclLon-Zone49,cyclLon,Zone49,319,319,Broadleaf evergreen forests in subtropical zone,#006400,TRUE,rf_var,Plain RF,2011-2040SSP245,2011-2040,SSP245,12393866,8501128.01140083,1,Top-1,160802,123299.244527156,0.0129743213295997,0.0145038687056353
49,cyclLon-Zone49,cyclLon,Zone49,319,319,Broadleaf evergreen forests in subtropical zone,#006400,TRUE,rf_var,Plain RF,2011-2040SSP245,2011-2040,SSP245,12393866,8501128.01140083,3,Top-3,564358,432222.659246506,0.045535267203954,0.0508429773868661
49,cyclLon-Zone49,cyclLon,Zone49,319,319,Broadleaf evergreen forests in subtropical zone,#006400,TRUE,rf_var,Plain RF,2011-2040SSP245,2011-2040,SSP245,12393866,8501128.01140083,5,Top-5,926943,710480.614431934,0.0747904648961026,0.083574863650931
49,cyclLon-Zone49,cyclLon,Zone49,319,319,Broadleaf evergreen forests in subtropical zone,#006400,TRUE,rf_var,Plain RF,2041-2070SSP245,2041-2070,SSP245,12393866,8501128.01140083,1,Top-1,178779,136730.239554994,0.0144247969116335,0.0160837761026097
49,cyclLon-Zone49,cyclLon,Zone49,319,319,Broadleaf evergreen forests in subtropical zone,#006400,TRUE,rf_var,Plain RF,2041-2070SSP245,2041-2070,SSP245,12393866,8501128.01140083,3,Top-3,506912,387650.670347862,0.0409002324214252,0.045599909779971
49,cyclLon-Zone49,cyclLon,Zone49,319,319,Broadleaf evergreen forests in subtropical zone,#006400,TRUE,rf_var,Plain RF,2041-2070SSP245,2041-2070,SSP245,12393866,8501128.01140083,5,Top-5,818970,627444.190280525,0.0660786553606437,0.0738071688179571
49,cyclLon-Zone49,cyclLon,Zone49,319,319,Broadleaf evergreen forests in subtropical zone,#006400,TRUE,rf_var,Plain RF,2071-2100SSP245,2071-2100,SSP245,12393866,8501128.01140083,1,Top-1,192367,146788.053476868,0.0155211457022369,0.0172668913207767
49,cyclLon-Zone49,cyclLon,Zone49,319,319,Broadleaf evergreen forests in subtropical zone,#006400,TRUE,rf_var,Plain RF,2071-2100SSP245,2071-2100,SSP245,12393866,8501128.01140083,3,Top-3,478178,365237.105375602,0.0385818274943428,0.0429633696711523
49,cyclLon-Zone49,cyclLon,Zone49,319,319,Broadleaf evergreen forests in subtropical zone,#006400,TRUE,rf_var,Plain RF,2071-2100SSP245,2071-2100,SSP245,12393866,8501128.01140083,5,Top-5,764367,585173.836847675,0.0616730082445623,0.0688348459243174
49,cyclLon-Zone49,cyclLon,Zone49,319,319,Broadleaf evergreen forests in subtropical zone,#006400,TRUE,rf_var,Plain RF,2011-2040SSP585,2011-2040,SSP585,12393866,8501128.01140083,1,Top-1,166195,127341.065062184,0.0134094559357024,0.014979313908861
49,cyclLon-Zone49,cyclLon,Zone49,319,319,Broadleaf evergreen forests in subtropical zone,#006400,TRUE,rf_var,Plain RF,2011-2040SSP585,2011-2040,SSP585,12393866,8501128.01140083,3,Top-3,561371,429710.687570496,0.0452942608867967,0.0505474905205771
49,cyclLon-Zone49,cyclLon,Zone49,319,319,Broadleaf evergreen forests in subtropical zone,#006400,TRUE,rf_var,Plain RF,2011-2040SSP585,2011-2040,SSP585,12393866,8501128.01140083,5,Top-5,926377,709872.870132848,0.0747447971440066,0.0835033738088452
49,cyclLon-Zone49,cyclLon,Zone49,319,319,Broadleaf evergreen forests in subtropical zone,#006400,TRUE,rf_var,Plain RF,2041-2070SSP585,2041-2070,SSP585,12393866,8501128.01140083,1,Top-1,179325,136923.784063579,0.0144688509622421,0.0161065430234612
49,cyclLon-Zone49,cyclLon,Zone49,319,319,Broadleaf evergreen forests in subtropical zone,#006400,TRUE,rf_var,Plain RF,2041-2070SSP585,2041-2070,SSP585,12393866,8501128.01140083,3,Top-3,457803,349742.133581518,0.0369378691039584,0.0411406736979469
49,cyclLon-Zone49,cyclLon,Zone49,319,319,Broadleaf evergreen forests in subtropical zone,#006400,TRUE,rf_var,Plain RF,2041-2070SSP585,2041-2070,SSP585,12393866,8501128.01140083,5,Top-5,741930,568222.187711475,0.0598626772308172,0.0668407988856813
49,cyclLon-Zone49,cyclLon,Zone49,319,319,Broadleaf evergreen forests in subtropical zone,#006400,TRUE,rf_var,Plain RF,2071-2100SSP585,2071-2100,SSP585,12393866,8501128.01140083,1,Top-1,196489,149552.646190541,0.0158537295788094,0.017592094365592
49,cyclLon-Zone49,cyclLon,Zone49,319,319,Broadleaf evergreen forests in subtropical zone,#006400,TRUE,rf_var,Plain RF,2071-2100SSP585,2071-2100,SSP585,12393866,8501128.01140083,3,Top-3,380884,290483.390256093,0.0307316538681312,0.0341699818972879
49,cyclLon-Zone49,cyclLon,Zone49,319,319,Broadleaf evergreen forests in subtropical zone,#006400,TRUE,rf_var,Plain RF,2071-2100SSP585,2071-2100,SSP585,12393866,8501128.01140083,5,Top-5,552163,421937.361505733,0.0445513127219546,0.0496331029176215
49,cyclLon-Zone49,cyclLon,Zone49,319,319,Broadleaf evergreen forests in subtropical zone,#006400,TRUE,mf_var,Plain MF RF,2011-2040SSP245,2011-2040,SSP245,12393866,8501128.01140083,1,Top-1,163299,125212.920032862,0.0131757919603133,0.0147289771269106
49,cyclLon-Zone49,cyclLon,Zone49,319,319,Broadleaf evergreen forests in subtropical zone,#006400,TRUE,mf_var,Plain MF RF,2011-2040SSP245,2011-2040,SSP245,12393866,8501128.01140083,3,Top-3,567719,434757.695087279,0.0458064497389273,0.0511411773242594
49,cyclLon-Zone49,cyclLon,Zone49,319,319,Broadleaf evergreen forests in subtropical zone,#006400,TRUE,mf_var,Plain MF RF,2011-2040SSP245,2011-2040,SSP245,12393866,8501128.01140083,5,Top-5,936256,717501.952438608,0.0755418849937542,0.0844007938095237
49,cyclLon-Zone49,cyclLon,Zone49,319,319,Broadleaf evergreen forests in subtropical zone,#006400,TRUE,mf_var,Plain MF RF,2041-2070SSP245,2041-2070,SSP245,12393866,8501128.01140083,1,Top-1,177483,135727.053176907,0.0143202290552439,0.0159657698360599
49,cyclLon-Zone49,cyclLon,Zone49,319,319,Broadleaf evergreen forests in subtropical zone,#006400,TRUE,mf_var,Plain MF RF,2041-2070SSP245,2041-2070,SSP245,12393866,8501128.01140083,3,Top-3,505164,386242.723434194,0.0407591949114183,0.0454342909454139
49,cyclLon-Zone49,cyclLon,Zone49,319,319,Broadleaf evergreen forests in subtropical zone,#006400,TRUE,mf_var,Plain MF RF,2041-2070SSP245,2041-2070,SSP245,12393866,8501128.01140083,5,Top-5,833208,638283.415041991,0.0672274494495906,0.0750822025248875
49,cyclLon-Zone49,cyclLon,Zone49,319,319,Broadleaf evergreen forests in subtropical zone,#006400,TRUE,mf_var,Plain MF RF,2071-2100SSP245,2071-2100,SSP245,12393866,8501128.01140083,1,Top-1,189650,144734.075599949,0.0153019243551609,0.0170252789283783
49,cyclLon-Zone49,cyclLon,Zone49,319,319,Broadleaf evergreen forests in subtropical zone,#006400,TRUE,mf_var,Plain MF RF,2071-2100SSP245,2071-2100,SSP245,12393866,8501128.01140083,3,Top-3,476318,363749.339336609,0.0384317532560058,0.0427883615972829
49,cyclLon-Zone49,cyclLon,Zone49,319,319,Broadleaf evergreen forests in subtropical zone,#006400,TRUE,mf_var,Plain MF RF,2071-2100SSP245,2071-2100,SSP245,12393866,8501128.01140083,5,Top-5,773936,592402.545463094,0.0624450837212537,0.0696851693879477
49,cyclLon-Zone49,cyclLon,Zone49,319,319,Broadleaf evergreen forests in subtropical zone,#006400,TRUE,mf_var,Plain MF RF,2011-2040SSP585,2011-2040,SSP585,12393866,8501128.01140083,1,Top-1,169295,129709.720068583,0.0136595796662639,0.0152579422277408
49,cyclLon-Zone49,cyclLon,Zone49,319,319,Broadleaf evergreen forests in subtropical zone,#006400,TRUE,mf_var,Plain MF RF,2011-2040SSP585,2011-2040,SSP585,12393866,8501128.01140083,3,Top-3,565835,433077.598578888,0.0456544390588054,0.0509435451387262
49,cyclLon-Zone49,cyclLon,Zone49,319,319,Broadleaf evergreen forests in subtropical zone,#006400,TRUE,mf_var,Plain MF RF,2011-2040SSP585,2011-2040,SSP585,12393866,8501128.01140083,5,Top-5,936822,717757.011565273,0.0755875527458503,0.0844307967839905
49,cyclLon-Zone49,cyclLon,Zone49,319,319,Broadleaf evergreen forests in subtropical zone,#006400,TRUE,mf_var,Plain MF RF,2041-2070SSP585,2041-2070,SSP585,12393866,8501128.01140083,1,Top-1,177817,135794.622109808,0.0143471778700851,0.0159737180674958
49,cyclLon-Zone49,cyclLon,Zone49,319,319,Broadleaf evergreen forests in subtropical zone,#006400,TRUE,mf_var,Plain MF RF,2041-2070SSP585,2041-2070,SSP585,12393866,8501128.01140083,3,Top-3,457591,349523.268762536,0.0369207638681909,0.0411149283123124
49,cyclLon-Zone49,cyclLon,Zone49,319,319,Broadleaf evergreen forests in subtropical zone,#006400,TRUE,mf_var,Plain MF RF,2041-2070SSP585,2041-2070,SSP585,12393866,8501128.01140083,5,Top-5,753314,576871.34222216,0.0607811961174988,0.0678582114571761
49,cyclLon-Zone49,cyclLon,Zone49,319,319,Broadleaf evergreen forests in subtropical zone,#006400,TRUE,mf_var,Plain MF RF,2071-2100SSP585,2071-2100,SSP585,12393866,8501128.01140083,1,Top-1,193250,147063.914909236,0.0155923906229098,0.0172993413005909
49,cyclLon-Zone49,cyclLon,Zone49,319,319,Broadleaf evergreen forests in subtropical zone,#006400,TRUE,mf_var,Plain MF RF,2071-2100SSP585,2071-2100,SSP585,12393866,8501128.01140083,3,Top-3,375320,286167.833644784,0.0302827221143104,0.0336623367229626
49,cyclLon-Zone49,cyclLon,Zone49,319,319,Broadleaf evergreen forests in subtropical zone,#006400,TRUE,mf_var,Plain MF RF,2071-2100SSP585,2071-2100,SSP585,12393866,8501128.01140083,5,Top-5,546487,417467.107525016,0.0440933442398038,0.0491072604676877
53,cyclLon-Zone53,cyclLon,Zone53,29,29,One year three ripes grain fields; tropical evergreen orchards and economic tree plantations,#FF9F1C,TRUE,rf_var,Plain RF,2011-2040SSP245,2011-2040,SSP245,12393866,8501128.01140083,1,Top-1,173913,137679.815701944,0.0140321833397263,0.016195476120028
53,cyclLon-Zone53,cyclLon,Zone53,29,29,One year three ripes grain fields; tropical evergreen orchards and economic tree plantations,#FF9F1C,TRUE,rf_var,Plain RF,2011-2040SSP245,2011-2040,SSP245,12393866,8501128.01140083,3,Top-3,266695,210725.632423148,0.0215183059103592,0.0247879613317838
53,cyclLon-Zone53,cyclLon,Zone53,29,29,One year three ripes grain fields; tropical evergreen orchards and economic tree plantations,#FF9F1C,TRUE,rf_var,Plain RF,2011-2040SSP245,2011-2040,SSP245,12393866,8501128.01140083,5,Top-5,300188,237065.684903649,0.0242206911063909,0.0278863798528526
53,cyclLon-Zone53,cyclLon,Zone53,29,29,One year three ripes grain fields; tropical evergreen orchards and economic tree plantations,#FF9F1C,TRUE,rf_var,Plain RF,2041-2070SSP245,2041-2070,SSP245,12393866,8501128.01140083,1,Top-1,236569,187059.615087355,0.0190875873597472,0.0220040934375403
53,cyclLon-Zone53,cyclLon,Zone53,29,29,One year three ripes grain fields; tropical evergreen orchards and economic tree plantations,#FF9F1C,TRUE,rf_var,Plain RF,2041-2070SSP245,2041-2070,SSP245,12393866,8501128.01140083,3,Top-3,332536,262477.59996392,0.0268306918922635,0.0308756202249763
53,cyclLon-Zone53,cyclLon,Zone53,29,29,One year three ripes grain fields; tropical evergreen orchards and economic tree plantations,#FF9F1C,TRUE,rf_var,Plain RF,2041-2070SSP245,2041-2070,SSP245,12393866,8501128.01140083,5,Top-5,358788,283047.299734081,0.028948836464748,0.0332952637996378
53,cyclLon-Zone53,cyclLon,Zone53,29,29,One year three ripes grain fields; tropical evergreen orchards and economic tree plantations,#FF9F1C,TRUE,rf_var,Plain RF,2071-2100SSP245,2071-2100,SSP245,12393866,8501128.01140083,1,Top-1,279055,220451.532347448,0.0225155734296304,0.0259320330257116
53,cyclLon-Zone53,cyclLon,Zone53,29,29,One year three ripes grain fields; tropical evergreen orchards and economic tree plantations,#FF9F1C,TRUE,rf_var,Plain RF,2071-2100SSP245,2071-2100,SSP245,12393866,8501128.01140083,3,Top-3,370021,291853.593936516,0.0298551719051989,0.0343311609406554
53,cyclLon-Zone53,cyclLon,Zone53,29,29,One year three ripes grain fields; tropical evergreen orchards and economic tree plantations,#FF9F1C,TRUE,rf_var,Plain RF,2071-2100SSP245,2071-2100,SSP245,12393866,8501128.01140083,5,Top-5,390463,307829.001121799,0.0315045361955664,0.0362103712247328
53,cyclLon-Zone53,cyclLon,Zone53,29,29,One year three ripes grain fields; tropical evergreen orchards and economic tree plantations,#FF9F1C,TRUE,rf_var,Plain RF,2011-2040SSP585,2011-2040,SSP585,12393866,8501128.01140083,1,Top-1,177160,140237.032083522,0.0142941677762209,0.01649628518656
53,cyclLon-Zone53,cyclLon,Zone53,29,29,One year three ripes grain fields; tropical evergreen orchards and economic tree plantations,#FF9F1C,TRUE,rf_var,Plain RF,2011-2040SSP585,2011-2040,SSP585,12393866,8501128.01140083,3,Top-3,272093,214967.752379428,0.0219538439418338,0.0252869680460212
53,cyclLon-Zone53,cyclLon,Zone53,29,29,One year three ripes grain fields; tropical evergreen orchards and economic tree plantations,#FF9F1C,TRUE,rf_var,Plain RF,2011-2040SSP585,2011-2040,SSP585,12393866,8501128.01140083,5,Top-5,303377,239562.91581495,0.0244779958085718,0.02818013274164
53,cyclLon-Zone53,cyclLon,Zone53,29,29,One year three ripes grain fields; tropical evergreen orchards and economic tree plantations,#FF9F1C,TRUE,rf_var,Plain RF,2041-2070SSP585,2041-2070,SSP585,12393866,8501128.01140083,1,Top-1,266796,210839.569735802,0.021526455102871,0.0248013639428845
53,cyclLon-Zone53,cyclLon,Zone53,29,29,One year three ripes grain fields; tropical evergreen orchards and economic tree plantations,#FF9F1C,TRUE,rf_var,Plain RF,2041-2070SSP585,2041-2070,SSP585,12393866,8501128.01140083,3,Top-3,363647,286855.600152044,0.0293408852411346,0.0337432396932904
53,cyclLon-Zone53,cyclLon,Zone53,29,29,One year three ripes grain fields; tropical evergreen orchards and economic tree plantations,#FF9F1C,TRUE,rf_var,Plain RF,2041-2070SSP585,2041-2070,SSP585,12393866,8501128.01140083,5,Top-5,383717,302556.160805875,0.0309602346838347,0.0355901193818183
53,cyclLon-Zone53,cyclLon,Zone53,29,29,One year three ripes grain fields; tropical evergreen orchards and economic tree plantations,#FF9F1C,TRUE,rf_var,Plain RF,2071-2100SSP585,2071-2100,SSP585,12393866,8501128.01140083,1,Top-1,323721,255408.366954351,0.0261194529616505,0.0300440561078276
53,cyclLon-Zone53,cyclLon,Zone53,29,29,One year three ripes grain fields; tropical evergreen orchards and economic tree plantations,#FF9F1C,TRUE,rf_var,Plain RF,2071-2100SSP585,2071-2100,SSP585,12393866,8501128.01140083,3,Top-3,407596,321175.335629,0.0328869135748281,0.0377803198820525
53,cyclLon-Zone53,cyclLon,Zone53,29,29,One year three ripes grain fields; tropical evergreen orchards and economic tree plantations,#FF9F1C,TRUE,rf_var,Plain RF,2071-2100SSP585,2071-2100,SSP585,12393866,8501128.01140083,5,Top-5,422363,332688.482968557,0.0340783900681192,0.0391346280778728
53,cyclLon-Zone53,cyclLon,Zone53,29,29,One year three ripes grain fields; tropical evergreen orchards and economic tree plantations,#FF9F1C,TRUE,mf_var,Plain MF RF,2011-2040SSP245,2011-2040,SSP245,12393866,8501128.01140083,1,Top-1,172728,136731.44323038,0.0139365715265923,0.0160839176926885
53,cyclLon-Zone53,cyclLon,Zone53,29,29,One year three ripes grain fields; tropical evergreen orchards and economic tree plantations,#FF9F1C,TRUE,mf_var,Plain MF RF,2011-2040SSP245,2011-2040,SSP245,12393866,8501128.01140083,3,Top-3,268759,212348.30739559,0.0216848399038686,0.0249788389388809
53,cyclLon-Zone53,cyclLon,Zone53,29,29,One year three ripes grain fields; tropical evergreen orchards and economic tree plantations,#FF9F1C,TRUE,mf_var,Plain MF RF,2011-2040SSP245,2011-2040,SSP245,12393866,8501128.01140083,5,Top-5,302313,238733.112917193,0.0243921468894371,0.0280825218249895
53,cyclLon-Zone53,cyclLon,Zone53,29,29,One year three ripes grain fields; tropical evergreen orchards and economic tree plantations,#FF9F1C,TRUE,mf_var,Plain MF RF,2041-2070SSP245,2041-2070,SSP245,12393866,8501128.01140083,1,Top-1,237420,187703.813036591,0.01915625035804,0.0220798713752883
53,cyclLon-Zone53,cyclLon,Zone53,29,29,One year three ripes grain fields; tropical evergreen orchards and economic tree plantations,#FF9F1C,TRUE,mf_var,Plain MF RF,2041-2070SSP245,2041-2070,SSP245,12393866,8501128.01140083,3,Top-3,340259,268515.155732442,0.0274538227216592,0.0315858266541025
53,cyclLon-Zone53,cyclLon,Zone53,29,29,One year three ripes grain fields; tropical evergreen orchards and economic tree plantations,#FF9F1C,TRUE,mf_var,Plain MF RF,2041-2070SSP245,2041-2070,SSP245,12393866,8501128.01140083,5,Top-5,363910,287047.747129232,0.0293621054156952,0.0337658422204998
53,cyclLon-Zone53,cyclLon,Zone53,29,29,One year three ripes grain fields; tropical evergreen orchards and economic tree plantations,#FF9F1C,TRUE,mf_var,Plain MF RF,2071-2100SSP245,2071-2100,SSP245,12393866,8501128.01140083,1,Top-1,283439,223890.393859918,0.0228692967956891,0.0263365512858599
53,cyclLon-Zone53,cyclLon,Zone53,29,29,One year three ripes grain fields; tropical evergreen orchards and economic tree plantations,#FF9F1C,TRUE,mf_var,Plain MF RF,2071-2100SSP245,2071-2100,SSP245,12393866,8501128.01140083,3,Top-3,377565,297743.927017214,0.0304638601062816,0.0350240493517931
53,cyclLon-Zone53,cyclLon,Zone53,29,29,One year three ripes grain fields; tropical evergreen orchards and economic tree plantations,#FF9F1C,TRUE,mf_var,Plain MF RF,2071-2100SSP245,2071-2100,SSP245,12393866,8501128.01140083,5,Top-5,395107,311448.399814834,0.0318792376809625,0.0366361263348996
53,cyclLon-Zone53,cyclLon,Zone53,29,29,One year three ripes grain fields; tropical evergreen orchards and economic tree plantations,#FF9F1C,TRUE,mf_var,Plain MF RF,2011-2040SSP585,2011-2040,SSP585,12393866,8501128.01140083,1,Top-1,177394,140410.013068373,0.0143130480836246,0.0165166331903331
53,cyclLon-Zone53,cyclLon,Zone53,29,29,One year three ripes grain fields; tropical evergreen orchards and economic tree plantations,#FF9F1C,TRUE,mf_var,Plain MF RF,2011-2040SSP585,2011-2040,SSP585,12393866,8501128.01140083,3,Top-3,275189,217400.7375648,0.0222036449320979,0.0255731636170217
53,cyclLon-Zone53,cyclLon,Zone53,29,29,One year three ripes grain fields; tropical evergreen orchards and economic tree plantations,#FF9F1C,TRUE,mf_var,Plain MF RF,2011-2040SSP585,2011-2040,SSP585,12393866,8501128.01140083,5,Top-5,305577,241296.496002934,0.0246555029721961,0.0283840562898632
53,cyclLon-Zone53,cyclLon,Zone53,29,29,One year three ripes grain fields; tropical evergreen orchards and economic tree plantations,#FF9F1C,TRUE,mf_var,Plain MF RF,2041-2070SSP585,2041-2070,SSP585,12393866,8501128.01140083,1,Top-1,268062,211798.971177359,0.0216286024070294,0.0249142197239374
53,cyclLon-Zone53,cyclLon,Zone53,29,29,One year three ripes grain fields; tropical evergreen orchards and economic tree plantations,#FF9F1C,TRUE,mf_var,Plain MF RF,2041-2070SSP585,2041-2070,SSP585,12393866,8501128.01140083,3,Top-3,368582,290706.361582987,0.0297390660831737,0.0341962103373955
53,cyclLon-Zone53,cyclLon,Zone53,29,29,One year three ripes grain fields; tropical evergreen orchards and economic tree plantations,#FF9F1C,TRUE,mf_var,Plain MF RF,2041-2070SSP585,2041-2070,SSP585,12393866,8501128.01140083,5,Top-5,386928,305059.636581828,0.0312193144576519,0.0358846068630791
53,cyclLon-Zone53,cyclLon,Zone53,29,29,One year three ripes grain fields; tropical evergreen orchards and economic tree plantations,#FF9F1C,TRUE,mf_var,Plain MF RF,2071-2100SSP585,2071-2100,SSP585,12393866,8501128.01140083,1,Top-1,321616,253720.454679916,0.0259496108800918,0.0298455045424151
53,cyclLon-Zone53,cyclLon,Zone53,29,29,One year three ripes grain fields; tropical evergreen orchards and economic tree plantations,#FF9F1C,TRUE,mf_var,Plain MF RF,2071-2100SSP585,2071-2100,SSP585,12393866,8501128.01140083,3,Top-3,417738,329084.277845589,0.0337052215991362,0.0387106602093576
53,cyclLon-Zone53,cyclLon,Zone53,29,29,One year three ripes grain fields; tropical evergreen orchards and economic tree plantations,#FF9F1C,TRUE,mf_var,Plain MF RF,2071-2100SSP585,2071-2100,SSP585,12393866,8501128.01140083,5,Top-5,431828,340058.640975809,0.0348420742970757,0.0400015904383227
