Species,PopulationID,source_zone,zone_name,reference_abundance,method,scenario,dual_threshold,rank_min_suitability,suitable_area_km2,suitability_weighted_area_km2,mean_dual_suitability,max_dual_suitability,population_niche_definition,source_dual_raster,population_stack_file,layer,layer_name,COLOR,period,ssp,method_label
chamFor,chamFor-Zone10,10,Needleleaf forests on mountains in subtropical and tropical zones,27,mf_var,2011-2040SSP245,0.4,0,450367.913421521,415807.106209249,0.0417823776554996,1,source-zone dual suitability raster,H:/Jing/ecoChina2/dual suit/mf_var/2011-2040SSP245/dual_suitability_zone10.tif,,1,pop_zone10,#006D77,2011-2040,SSP245,Plain MF RF
chamFor,chamFor-Zone10,10,Needleleaf forests on mountains in subtropical and tropical zones,27,mf_var,2011-2040SSP585,0.4,0,448317.796062005,413127.198861254,0.0415219852591457,1,source-zone dual suitability raster,H:/Jing/ecoChina2/dual suit/mf_var/2011-2040SSP585/dual_suitability_zone10.tif,,1,pop_zone10,#006D77,2011-2040,SSP585,Plain MF RF
chamFor,chamFor-Zone10,10,Needleleaf forests on mountains in subtropical and tropical zones,27,mf_var,2041-2070SSP245,0.4,0,450681.696874298,422502.458907184,0.0425979404395043,1,source-zone dual suitability raster,H:/Jing/ecoChina2/dual suit/mf_var/2041-2070SSP245/dual_suitability_zone10.tif,,1,pop_zone10,#006D77,2041-2070,SSP245,Plain MF RF
chamFor,chamFor-Zone10,10,Needleleaf forests on mountains in subtropical and tropical zones,27,mf_var,2041-2070SSP585,0.4,0,452199.263423622,429569.899071774,0.0433225218901501,1,source-zone dual suitability raster,H:/Jing/ecoChina2/dual suit/mf_var/2041-2070SSP585/dual_suitability_zone10.tif,,1,pop_zone10,#006D77,2041-2070,SSP585,Plain MF RF
chamFor,chamFor-Zone10,10,Needleleaf forests on mountains in subtropical and tropical zones,27,mf_var,2071-2100SSP245,0.4,0,454654.037266167,432326.807470186,0.0436141522517113,1,source-zone dual suitability raster,H:/Jing/ecoChina2/dual suit/mf_var/2071-2100SSP245/dual_suitability_zone10.tif,,1,pop_zone10,#006D77,2071-2100,SSP245,Plain MF RF
chamFor,chamFor-Zone10,10,Needleleaf forests on mountains in subtropical and tropical zones,27,mf_var,2071-2100SSP585,0.4,0,437210.105469489,426043.058256222,0.0430045770692589,1,source-zone dual suitability raster,H:/Jing/ecoChina2/dual suit/mf_var/2071-2100SSP585/dual_suitability_zone10.tif,,1,pop_zone10,#006D77,2071-2100,SSP585,Plain MF RF
chamFor,chamFor-Zone10,10,Needleleaf forests on mountains in subtropical and tropical zones,27,rf_var,2011-2040SSP245,0.4,0,449973.316552287,415369.522489333,0.0417432238871689,1,source-zone dual suitability raster,H:/Jing/ecoChina2/dual suit/rf_var/2011-2040SSP245/dual_suitability_zone10.tif,,1,pop_zone10,#006D77,2011-2040,SSP245,Plain RF
chamFor,chamFor-Zone10,10,Needleleaf forests on mountains in subtropical and tropical zones,27,rf_var,2011-2040SSP585,0.4,0,447749.922452866,412851.956740509,0.0415012834673699,1,source-zone dual suitability raster,H:/Jing/ecoChina2/dual suit/rf_var/2011-2040SSP585/dual_suitability_zone10.tif,,1,pop_zone10,#006D77,2011-2040,SSP585,Plain RF
chamFor,chamFor-Zone10,10,Needleleaf forests on mountains in subtropical and tropical zones,27,rf_var,2041-2070SSP245,0.4,0,449617.149124752,421466.058875481,0.0425055620306445,1,source-zone dual suitability raster,H:/Jing/ecoChina2/dual suit/rf_var/2041-2070SSP245/dual_suitability_zone10.tif,,1,pop_zone10,#006D77,2041-2070,SSP245,Plain RF
chamFor,chamFor-Zone10,10,Needleleaf forests on mountains in subtropical and tropical zones,27,rf_var,2041-2070SSP585,0.4,0,450470.924407072,427960.47307937,0.0431665870369082,1,source-zone dual suitability raster,H:/Jing/ecoChina2/dual suit/rf_var/2041-2070SSP585/dual_suitability_zone10.tif,,1,pop_zone10,#006D77,2041-2070,SSP585,Plain RF
chamFor,chamFor-Zone10,10,Needleleaf forests on mountains in subtropical and tropical zones,27,rf_var,2071-2100SSP245,0.4,0,452791.24635084,430523.804846467,0.0434303931521971,1,source-zone dual suitability raster,H:/Jing/ecoChina2/dual suit/rf_var/2071-2100SSP245/dual_suitability_zone10.tif,,1,pop_zone10,#006D77,2071-2100,SSP245,Plain RF
chamFor,chamFor-Zone10,10,Needleleaf forests on mountains in subtropical and tropical zones,27,rf_var,2071-2100SSP585,0.4,0,433133.443279137,424395.940853799,0.0428221719620255,1,source-zone dual suitability raster,H:/Jing/ecoChina2/dual suit/rf_var/2071-2100SSP585/dual_suitability_zone10.tif,,1,pop_zone10,#006D77,2071-2100,SSP585,Plain RF
chamFor,chamFor-Zone21,21,One year two ripes or three ripes grain fields; evergreen orchards and subtropical economic tree plantations,36,mf_var,2011-2040SSP245,0.4,0,1530533.46254914,1199875.25433149,0.116895770268274,1,source-zone dual suitability raster,H:/Jing/ecoChina2/dual suit/mf_var/2011-2040SSP245/dual_suitability_zone21.tif,,2,pop_zone21,#F3722C,2011-2040,SSP245,Plain MF RF
chamFor,chamFor-Zone21,21,One year two ripes or three ripes grain fields; evergreen orchards and subtropical economic tree plantations,36,mf_var,2011-2040SSP585,0.4,0,1551059.6807626,1201537.26610723,0.117092041448097,0.999445676803589,source-zone dual suitability raster,H:/Jing/ecoChina2/dual suit/mf_var/2011-2040SSP585/dual_suitability_zone21.tif,,2,pop_zone21,#F3722C,2011-2040,SSP585,Plain MF RF
chamFor,chamFor-Zone21,21,One year two ripes or three ripes grain fields; evergreen orchards and subtropical economic tree plantations,36,mf_var,2041-2070SSP245,0.4,0,1731499.18957856,1250850.03087577,0.122170502121106,0.996771037578583,source-zone dual suitability raster,H:/Jing/ecoChina2/dual suit/mf_var/2041-2070SSP245/dual_suitability_zone21.tif,,2,pop_zone21,#F3722C,2041-2070,SSP245,Plain MF RF
chamFor,chamFor-Zone21,21,One year two ripes or three ripes grain fields; evergreen orchards and subtropical economic tree plantations,36,mf_var,2041-2070SSP585,0.4,0,1831966.33894772,1284644.79448191,0.125630449452895,0.98999559879303,source-zone dual suitability raster,H:/Jing/ecoChina2/dual suit/mf_var/2041-2070SSP585/dual_suitability_zone21.tif,,2,pop_zone21,#F3722C,2041-2070,SSP585,Plain MF RF
chamFor,chamFor-Zone21,21,One year two ripes or three ripes grain fields; evergreen orchards and subtropical economic tree plantations,36,mf_var,2071-2100SSP245,0.4,0,1829385.60026031,1276863.99086277,0.124965561116142,0.986386716365814,source-zone dual suitability raster,H:/Jing/ecoChina2/dual suit/mf_var/2071-2100SSP245/dual_suitability_zone21.tif,,2,pop_zone21,#F3722C,2071-2100,SSP245,Plain MF RF
chamFor,chamFor-Zone21,21,One year two ripes or three ripes grain fields; evergreen orchards and subtropical economic tree plantations,36,mf_var,2071-2100SSP585,0.4,0,1865238.78048863,1269536.75920169,0.12469948064926,0.979230105876923,source-zone dual suitability raster,H:/Jing/ecoChina2/dual suit/mf_var/2071-2100SSP585/dual_suitability_zone21.tif,,2,pop_zone21,#F3722C,2071-2100,SSP585,Plain MF RF
chamFor,chamFor-Zone21,21,One year two ripes or three ripes grain fields; evergreen orchards and subtropical economic tree plantations,36,rf_var,2011-2040SSP245,0.4,0,1538441.37702342,1201072.91162484,0.11702210819736,1,source-zone dual suitability raster,H:/Jing/ecoChina2/dual suit/rf_var/2011-2040SSP245/dual_suitability_zone21.tif,,2,pop_zone21,#F3722C,2011-2040,SSP245,Plain RF
chamFor,chamFor-Zone21,21,One year two ripes or three ripes grain fields; evergreen orchards and subtropical economic tree plantations,36,rf_var,2011-2040SSP585,0.4,0,1560595.49867235,1203105.24246789,0.11725418651389,0.999948859214783,source-zone dual suitability raster,H:/Jing/ecoChina2/dual suit/rf_var/2011-2040SSP585/dual_suitability_zone21.tif,,2,pop_zone21,#F3722C,2011-2040,SSP585,Plain RF
chamFor,chamFor-Zone21,21,One year two ripes or three ripes grain fields; evergreen orchards and subtropical economic tree plantations,36,rf_var,2041-2070SSP245,0.4,0,1741467.93477746,1254326.63292747,0.122519497317467,0.994000017642975,source-zone dual suitability raster,H:/Jing/ecoChina2/dual suit/rf_var/2041-2070SSP245/dual_suitability_zone21.tif,,2,pop_zone21,#F3722C,2041-2070,SSP245,Plain RF
chamFor,chamFor-Zone21,21,One year two ripes or three ripes grain fields; evergreen orchards and subtropical economic tree plantations,36,rf_var,2041-2070SSP585,0.4,0,1840318.62484336,1285522.66452437,0.125721479504703,0.993647694587708,source-zone dual suitability raster,H:/Jing/ecoChina2/dual suit/rf_var/2041-2070SSP585/dual_suitability_zone21.tif,,2,pop_zone21,#F3722C,2041-2070,SSP585,Plain RF
chamFor,chamFor-Zone21,21,One year two ripes or three ripes grain fields; evergreen orchards and subtropical economic tree plantations,36,rf_var,2071-2100SSP245,0.4,0,1834085.30396971,1275836.44913597,0.12487127008775,0.994349718093872,source-zone dual suitability raster,H:/Jing/ecoChina2/dual suit/rf_var/2071-2100SSP245/dual_suitability_zone21.tif,,2,pop_zone21,#F3722C,2071-2100,SSP245,Plain RF
chamFor,chamFor-Zone21,21,One year two ripes or three ripes grain fields; evergreen orchards and subtropical economic tree plantations,36,rf_var,2071-2100SSP585,0.4,0,1876779.92352405,1269755.83754408,0.124735690133307,0.986698865890503,source-zone dual suitability raster,H:/Jing/ecoChina2/dual suit/rf_var/2071-2100SSP585/dual_suitability_zone21.tif,,2,pop_zone21,#F3722C,2071-2100,SSP585,Plain RF
chamFor,chamFor-Zone26,26,Bamboo forests and scrubs in subtropical and tropical zones,10,mf_var,2011-2040SSP245,0.4,0,355928.647581211,437521.104961676,0.0427368293353721,0.998894512653351,source-zone dual suitability raster,H:/Jing/ecoChina2/dual suit/mf_var/2011-2040SSP245/dual_suitability_zone26.tif,,3,pop_zone26,#00A878,2011-2040,SSP245,Plain MF RF
chamFor,chamFor-Zone26,26,Bamboo forests and scrubs in subtropical and tropical zones,10,mf_var,2011-2040SSP585,0.4,0,323176.569208065,429231.634427959,0.0419370686600809,0.998861074447632,source-zone dual suitability raster,H:/Jing/ecoChina2/dual suit/mf_var/2011-2040SSP585/dual_suitability_zone26.tif,,3,pop_zone26,#00A878,2011-2040,SSP585,Plain MF RF
chamFor,chamFor-Zone26,26,Bamboo forests and scrubs in subtropical and tropical zones,10,mf_var,2041-2070SSP245,0.4,0,223398.802232172,420910.396807211,0.0411787708554562,0.998852729797363,source-zone dual suitability raster,H:/Jing/ecoChina2/dual suit/mf_var/2041-2070SSP245/dual_suitability_zone26.tif,,3,pop_zone26,#00A878,2041-2070,SSP245,Plain MF RF
chamFor,chamFor-Zone26,26,Bamboo forests and scrubs in subtropical and tropical zones,10,mf_var,2041-2070SSP585,0.4,0,159840.947808166,410503.258102314,0.0401787332398967,0.999449968338013,source-zone dual suitability raster,H:/Jing/ecoChina2/dual suit/mf_var/2041-2070SSP585/dual_suitability_zone26.tif,,3,pop_zone26,#00A878,2041-2070,SSP585,Plain MF RF
chamFor,chamFor-Zone26,26,Bamboo forests and scrubs in subtropical and tropical zones,10,mf_var,2071-2100SSP245,0.4,0,144464.066505584,406886.314364577,0.0398403777934649,0.998792171478271,source-zone dual suitability raster,H:/Jing/ecoChina2/dual suit/mf_var/2071-2100SSP245/dual_suitability_zone26.tif,,3,pop_zone26,#00A878,2071-2100,SSP245,Plain MF RF
chamFor,chamFor-Zone26,26,Bamboo forests and scrubs in subtropical and tropical zones,10,mf_var,2071-2100SSP585,0.4,0,55835.4501804734,386336.353645155,0.0378611602225249,0.996465742588043,source-zone dual suitability raster,H:/Jing/ecoChina2/dual suit/mf_var/2071-2100SSP585/dual_suitability_zone26.tif,,3,pop_zone26,#00A878,2071-2100,SSP585,Plain MF RF
chamFor,chamFor-Zone26,26,Bamboo forests and scrubs in subtropical and tropical zones,10,rf_var,2011-2040SSP245,0.4,0,365235.026474446,436497.265255926,0.0426261899708837,0.999963879585266,source-zone dual suitability raster,H:/Jing/ecoChina2/dual suit/rf_var/2011-2040SSP245/dual_suitability_zone26.tif,,3,pop_zone26,#00A878,2011-2040,SSP245,Plain RF
chamFor,chamFor-Zone26,26,Bamboo forests and scrubs in subtropical and tropical zones,10,rf_var,2011-2040SSP585,0.4,0,333240.029583155,428204.560194555,0.0418282313324302,0.999933302402496,source-zone dual suitability raster,H:/Jing/ecoChina2/dual suit/rf_var/2011-2040SSP585/dual_suitability_zone26.tif,,3,pop_zone26,#00A878,2011-2040,SSP585,Plain RF
chamFor,chamFor-Zone26,26,Bamboo forests and scrubs in subtropical and tropical zones,10,rf_var,2041-2070SSP245,0.4,0,237667.47256246,422989.13471971,0.0413706483831035,0.999054074287415,source-zone dual suitability raster,H:/Jing/ecoChina2/dual suit/rf_var/2041-2070SSP245/dual_suitability_zone26.tif,,3,pop_zone26,#00A878,2041-2070,SSP245,Plain RF
chamFor,chamFor-Zone26,26,Bamboo forests and scrubs in subtropical and tropical zones,10,rf_var,2041-2070SSP585,0.4,0,170056.653142161,413703.293492483,0.0404799830805203,0.999850928783417,source-zone dual suitability raster,H:/Jing/ecoChina2/dual suit/rf_var/2041-2070SSP585/dual_suitability_zone26.tif,,3,pop_zone26,#00A878,2041-2070,SSP585,Plain RF
chamFor,chamFor-Zone26,26,Bamboo forests and scrubs in subtropical and tropical zones,10,rf_var,2071-2100SSP245,0.4,0,150482.742702866,409745.780597959,0.0401069742062583,0.999742567539215,source-zone dual suitability raster,H:/Jing/ecoChina2/dual suit/rf_var/2071-2100SSP245/dual_suitability_zone26.tif,,3,pop_zone26,#00A878,2071-2100,SSP245,Plain RF
chamFor,chamFor-Zone26,26,Bamboo forests and scrubs in subtropical and tropical zones,10,rf_var,2071-2100SSP585,0.4,0,61822.5089041159,391855.086203965,0.0383899277107952,0.996955513954163,source-zone dual suitability raster,H:/Jing/ecoChina2/dual suit/rf_var/2071-2100SSP585/dual_suitability_zone26.tif,,3,pop_zone26,#00A878,2071-2100,SSP585,Plain RF
chamFor,chamFor-Zone30,30,Needleleaf forests in subtropical zone,10,mf_var,2011-2040SSP245,0.4,0,1337047.96536245,1106879.19796073,0.107820438876551,0.998766124248505,source-zone dual suitability raster,H:/Jing/ecoChina2/dual suit/mf_var/2011-2040SSP245/dual_suitability_zone30.tif,,4,pop_zone30,#1B9AAA,2011-2040,SSP245,Plain MF RF
chamFor,chamFor-Zone30,30,Needleleaf forests in subtropical zone,10,mf_var,2011-2040SSP585,0.4,0,1353438.25968577,1097806.91280904,0.106973193972744,0.998434722423553,source-zone dual suitability raster,H:/Jing/ecoChina2/dual suit/mf_var/2011-2040SSP585/dual_suitability_zone30.tif,,4,pop_zone30,#1B9AAA,2011-2040,SSP585,Plain MF RF
chamFor,chamFor-Zone30,30,Needleleaf forests in subtropical zone,10,mf_var,2041-2070SSP245,0.4,0,1163217.31351408,988036.407931602,0.0963782271461983,0.997828722000122,source-zone dual suitability raster,H:/Jing/ecoChina2/dual suit/mf_var/2041-2070SSP245/dual_suitability_zone30.tif,,4,pop_zone30,#1B9AAA,2041-2070,SSP245,Plain MF RF
chamFor,chamFor-Zone30,30,Needleleaf forests in subtropical zone,10,mf_var,2041-2070SSP585,0.4,0,1072956.16743153,936072.806734934,0.0913893861659571,0.993289828300476,source-zone dual suitability raster,H:/Jing/ecoChina2/dual suit/mf_var/2041-2070SSP585/dual_suitability_zone30.tif,,4,pop_zone30,#1B9AAA,2041-2070,SSP585,Plain MF RF
chamFor,chamFor-Zone30,30,Needleleaf forests in subtropical zone,10,mf_var,2071-2100SSP245,0.4,0,1060009.59879559,926365.979783901,0.0904868052120297,0.996220350265503,source-zone dual suitability raster,H:/Jing/ecoChina2/dual suit/mf_var/2071-2100SSP245/dual_suitability_zone30.tif,,4,pop_zone30,#1B9AAA,2071-2100,SSP245,Plain MF RF
chamFor,chamFor-Zone30,30,Needleleaf forests in subtropical zone,10,mf_var,2071-2100SSP585,0.4,0,678526.77121876,788855.648397844,0.0772671384497844,0.977640450000763,source-zone dual suitability raster,H:/Jing/ecoChina2/dual suit/mf_var/2071-2100SSP585/dual_suitability_zone30.tif,,4,pop_zone30,#1B9AAA,2071-2100,SSP585,Plain MF RF
chamFor,chamFor-Zone30,30,Needleleaf forests in subtropical zone,10,rf_var,2011-2040SSP245,0.4,0,1330937.96836305,1106645.47481794,0.107799891312452,0.999993801116943,source-zone dual suitability raster,H:/Jing/ecoChina2/dual suit/rf_var/2011-2040SSP245/dual_suitability_zone30.tif,,4,pop_zone30,#1B9AAA,2011-2040,SSP245,Plain RF
chamFor,chamFor-Zone30,30,Needleleaf forests in subtropical zone,10,rf_var,2011-2040SSP585,0.4,0,1342725.49010955,1098023.970005,0.106998293330992,1,source-zone dual suitability raster,H:/Jing/ecoChina2/dual suit/rf_var/2011-2040SSP585/dual_suitability_zone30.tif,,4,pop_zone30,#1B9AAA,2011-2040,SSP585,Plain RF
chamFor,chamFor-Zone30,30,Needleleaf forests in subtropical zone,10,rf_var,2041-2070SSP245,0.4,0,1150606.48940731,983306.648902793,0.0959193605578842,0.999796330928802,source-zone dual suitability raster,H:/Jing/ecoChina2/dual suit/rf_var/2041-2070SSP245/dual_suitability_zone30.tif,,4,pop_zone30,#1B9AAA,2041-2070,SSP245,Plain RF
chamFor,chamFor-Zone30,30,Needleleaf forests in subtropical zone,10,rf_var,2041-2070SSP585,0.4,0,1057184.8427692,929498.388669496,0.0907511062280551,0.997333884239197,source-zone dual suitability raster,H:/Jing/ecoChina2/dual suit/rf_var/2041-2070SSP585/dual_suitability_zone30.tif,,4,pop_zone30,#1B9AAA,2041-2070,SSP585,Plain RF
chamFor,chamFor-Zone30,30,Needleleaf forests in subtropical zone,10,rf_var,2071-2100SSP245,0.4,0,1033842.62573034,917757.284093439,0.0896503451604841,0.999075710773468,source-zone dual suitability raster,H:/Jing/ecoChina2/dual suit/rf_var/2071-2100SSP245/dual_suitability_zone30.tif,,4,pop_zone30,#1B9AAA,2071-2100,SSP245,Plain RF
chamFor,chamFor-Zone30,30,Needleleaf forests in subtropical zone,10,rf_var,2071-2100SSP585,0.4,0,624494.560234146,777995.912497863,0.0762063646045088,0.9864382147789,source-zone dual suitability raster,H:/Jing/ecoChina2/dual suit/rf_var/2071-2100SSP585/dual_suitability_zone30.tif,,4,pop_zone30,#1B9AAA,2071-2100,SSP585,Plain RF
chamFor,chamFor-Zone34,34,"Needleleaf, evergreen and deciduous broadleaf mixed forests on mountains in subtropical zone",32,mf_var,2011-2040SSP245,0.4,0,146971.869263789,165056.44759436,0.0166860757250007,1,source-zone dual suitability raster,H:/Jing/ecoChina2/dual suit/mf_var/2011-2040SSP245/dual_suitability_zone34.tif,,5,pop_zone34,#2A9D8F,2011-2040,SSP245,Plain MF RF
chamFor,chamFor-Zone34,34,"Needleleaf, evergreen and deciduous broadleaf mixed forests on mountains in subtropical zone",32,mf_var,2011-2040SSP585,0.4,0,146990.155270339,165530.162773479,0.0167673023409591,1,source-zone dual suitability raster,H:/Jing/ecoChina2/dual suit/mf_var/2011-2040SSP585/dual_suitability_zone34.tif,,5,pop_zone34,#2A9D8F,2011-2040,SSP585,Plain MF RF
chamFor,chamFor-Zone34,34,"Needleleaf, evergreen and deciduous broadleaf mixed forests on mountains in subtropical zone",32,mf_var,2041-2070SSP245,0.4,0,141667.147287871,169448.080705327,0.0174375422456086,1,source-zone dual suitability raster,H:/Jing/ecoChina2/dual suit/mf_var/2041-2070SSP245/dual_suitability_zone34.tif,,5,pop_zone34,#2A9D8F,2041-2070,SSP245,Plain MF RF
chamFor,chamFor-Zone34,34,"Needleleaf, evergreen and deciduous broadleaf mixed forests on mountains in subtropical zone",32,mf_var,2041-2070SSP585,0.4,0,138917.571945781,171161.22205146,0.0177836967982417,1,source-zone dual suitability raster,H:/Jing/ecoChina2/dual suit/mf_var/2041-2070SSP585/dual_suitability_zone34.tif,,5,pop_zone34,#2A9D8F,2041-2070,SSP585,Plain MF RF
chamFor,chamFor-Zone34,34,"Needleleaf, evergreen and deciduous broadleaf mixed forests on mountains in subtropical zone",32,mf_var,2071-2100SSP245,0.4,0,141085.699764157,174342.361189199,0.0181516230950266,1,source-zone dual suitability raster,H:/Jing/ecoChina2/dual suit/mf_var/2071-2100SSP245/dual_suitability_zone34.tif,,5,pop_zone34,#2A9D8F,2071-2100,SSP245,Plain MF RF
chamFor,chamFor-Zone34,34,"Needleleaf, evergreen and deciduous broadleaf mixed forests on mountains in subtropical zone",32,mf_var,2071-2100SSP585,0.4,0,137979.084754503,178322.018784269,0.0189887968327398,1,source-zone dual suitability raster,H:/Jing/ecoChina2/dual suit/mf_var/2071-2100SSP585/dual_suitability_zone34.tif,,5,pop_zone34,#2A9D8F,2071-2100,SSP585,Plain MF RF
chamFor,chamFor-Zone34,34,"Needleleaf, evergreen and deciduous broadleaf mixed forests on mountains in subtropical zone",32,rf_var,2011-2040SSP245,0.4,0,150825.928441719,167670.861314277,0.0169704789803343,1,source-zone dual suitability raster,H:/Jing/ecoChina2/dual suit/rf_var/2011-2040SSP245/dual_suitability_zone34.tif,,5,pop_zone34,#2A9D8F,2011-2040,SSP245,Plain RF
chamFor,chamFor-Zone34,34,"Needleleaf, evergreen and deciduous broadleaf mixed forests on mountains in subtropical zone",32,rf_var,2011-2040SSP585,0.4,0,150874.244438921,168152.39973668,0.0170526738636384,1,source-zone dual suitability raster,H:/Jing/ecoChina2/dual suit/rf_var/2011-2040SSP585/dual_suitability_zone34.tif,,5,pop_zone34,#2A9D8F,2011-2040,SSP585,Plain RF
chamFor,chamFor-Zone34,34,"Needleleaf, evergreen and deciduous broadleaf mixed forests on mountains in subtropical zone",32,rf_var,2041-2070SSP245,0.4,0,145639.127418426,172550.818156047,0.0177931605963626,1,source-zone dual suitability raster,H:/Jing/ecoChina2/dual suit/rf_var/2041-2070SSP245/dual_suitability_zone34.tif,,5,pop_zone34,#2A9D8F,2041-2070,SSP245,Plain RF
chamFor,chamFor-Zone34,34,"Needleleaf, evergreen and deciduous broadleaf mixed forests on mountains in subtropical zone",32,rf_var,2041-2070SSP585,0.4,0,142256.334538086,174456.093256072,0.0181674773860306,1,source-zone dual suitability raster,H:/Jing/ecoChina2/dual suit/rf_var/2041-2070SSP585/dual_suitability_zone34.tif,,5,pop_zone34,#2A9D8F,2041-2070,SSP585,Plain RF
chamFor,chamFor-Zone34,34,"Needleleaf, evergreen and deciduous broadleaf mixed forests on mountains in subtropical zone",32,rf_var,2071-2100SSP245,0.4,0,144878.735903613,177266.712314341,0.0184972216647831,1,source-zone dual suitability raster,H:/Jing/ecoChina2/dual suit/rf_var/2071-2100SSP245/dual_suitability_zone34.tif,,5,pop_zone34,#2A9D8F,2071-2100,SSP245,Plain RF
chamFor,chamFor-Zone34,34,"Needleleaf, evergreen and deciduous broadleaf mixed forests on mountains in subtropical zone",32,rf_var,2071-2100SSP585,0.4,0,141305.169013205,181717.220003242,0.0194128470675657,1,source-zone dual suitability raster,H:/Jing/ecoChina2/dual suit/rf_var/2071-2100SSP585/dual_suitability_zone34.tif,,5,pop_zone34,#2A9D8F,2071-2100,SSP585,Plain RF
chamFor,chamFor-Zone49,49,Broadleaf evergreen forests in subtropical zone,45,mf_var,2011-2040SSP245,0.4,0,892184.774801283,816016.281860835,0.0789973336701914,1,source-zone dual suitability raster,H:/Jing/ecoChina2/dual suit/mf_var/2011-2040SSP245/dual_suitability_zone49.tif,,6,pop_zone49,#006400,2011-2040,SSP245,Plain MF RF
chamFor,chamFor-Zone49,49,Broadleaf evergreen forests in subtropical zone,45,mf_var,2011-2040SSP585,0.4,0,889791.92676693,811565.026888057,0.0785858428012938,1,source-zone dual suitability raster,H:/Jing/ecoChina2/dual suit/mf_var/2011-2040SSP585/dual_suitability_zone49.tif,,6,pop_zone49,#006400,2011-2040,SSP585,Plain MF RF
chamFor,chamFor-Zone49,49,Broadleaf evergreen forests in subtropical zone,45,mf_var,2041-2070SSP245,0.4,0,783273.701665194,760841.383292312,0.0737903638168879,1,source-zone dual suitability raster,H:/Jing/ecoChina2/dual suit/mf_var/2041-2070SSP245/dual_suitability_zone49.tif,,6,pop_zone49,#006400,2041-2070,SSP245,Plain MF RF
chamFor,chamFor-Zone49,49,Broadleaf evergreen forests in subtropical zone,45,mf_var,2041-2070SSP585,0.4,0,700946.922044315,723815.765630386,0.070288509723121,1,source-zone dual suitability raster,H:/Jing/ecoChina2/dual suit/mf_var/2041-2070SSP585/dual_suitability_zone49.tif,,6,pop_zone49,#006400,2041-2070,SSP585,Plain MF RF
chamFor,chamFor-Zone49,49,Broadleaf evergreen forests in subtropical zone,45,mf_var,2071-2100SSP245,0.4,0,713356.973863415,729211.22615262,0.0708551068732413,1,source-zone dual suitability raster,H:/Jing/ecoChina2/dual suit/mf_var/2071-2100SSP245/dual_suitability_zone49.tif,,6,pop_zone49,#006400,2071-2100,SSP245,Plain MF RF
chamFor,chamFor-Zone49,49,Broadleaf evergreen forests in subtropical zone,45,mf_var,2071-2100SSP585,0.4,0,518352.978388061,635530.781334496,0.0619671399132788,1,source-zone dual suitability raster,H:/Jing/ecoChina2/dual suit/mf_var/2071-2100SSP585/dual_suitability_zone49.tif,,6,pop_zone49,#006400,2071-2100,SSP585,Plain MF RF
chamFor,chamFor-Zone49,49,Broadleaf evergreen forests in subtropical zone,45,rf_var,2011-2040SSP245,0.4,0,886826.706732069,814131.084774843,0.0788076411253535,1,source-zone dual suitability raster,H:/Jing/ecoChina2/dual suit/rf_var/2011-2040SSP245/dual_suitability_zone49.tif,,6,pop_zone49,#006400,2011-2040,SSP245,Plain RF
chamFor,chamFor-Zone49,49,Broadleaf evergreen forests in subtropical zone,45,rf_var,2011-2040SSP585,0.4,0,882513.150461309,809007.785107667,0.0783304464704122,1,source-zone dual suitability raster,H:/Jing/ecoChina2/dual suit/rf_var/2011-2040SSP585/dual_suitability_zone49.tif,,6,pop_zone49,#006400,2011-2040,SSP585,Plain RF
chamFor,chamFor-Zone49,49,Broadleaf evergreen forests in subtropical zone,45,rf_var,2041-2070SSP245,0.4,0,772063.643368437,757013.66465749,0.0734079319140412,1,source-zone dual suitability raster,H:/Jing/ecoChina2/dual suit/rf_var/2041-2070SSP245/dual_suitability_zone49.tif,,6,pop_zone49,#006400,2041-2070,SSP245,Plain RF
chamFor,chamFor-Zone49,49,Broadleaf evergreen forests in subtropical zone,45,rf_var,2041-2070SSP585,0.4,0,689298.330264427,720257.814330221,0.0699337289440049,1,source-zone dual suitability raster,H:/Jing/ecoChina2/dual suit/rf_var/2041-2070SSP585/dual_suitability_zone49.tif,,6,pop_zone49,#006400,2041-2070,SSP585,Plain RF
chamFor,chamFor-Zone49,49,Broadleaf evergreen forests in subtropical zone,45,rf_var,2071-2100SSP245,0.4,0,701884.990467525,725527.855247929,0.0704914753458847,1,source-zone dual suitability raster,H:/Jing/ecoChina2/dual suit/rf_var/2071-2100SSP245/dual_suitability_zone49.tif,,6,pop_zone49,#006400,2071-2100,SSP245,Plain RF
chamFor,chamFor-Zone49,49,Broadleaf evergreen forests in subtropical zone,45,rf_var,2071-2100SSP585,0.4,0,522296.351391875,635029.000194987,0.0619097878486586,1,source-zone dual suitability raster,H:/Jing/ecoChina2/dual suit/rf_var/2071-2100SSP585/dual_suitability_zone49.tif,,6,pop_zone49,#006400,2071-2100,SSP585,Plain RF
chamFor,chamFor-Zone53,53,One year three ripes grain fields; tropical evergreen orchards and economic tree plantations,17,mf_var,2011-2040SSP245,0.4,0,289995.401916564,253701.435384659,0.0239104676787577,1,source-zone dual suitability raster,H:/Jing/ecoChina2/dual suit/mf_var/2011-2040SSP245/dual_suitability_zone53.tif,,7,pop_zone53,#FF9F1C,2011-2040,SSP245,Plain MF RF
chamFor,chamFor-Zone53,53,One year three ripes grain fields; tropical evergreen orchards and economic tree plantations,17,mf_var,2011-2040SSP585,0.4,0,291314.62307248,256300.311135909,0.0241669378735901,1,source-zone dual suitability raster,H:/Jing/ecoChina2/dual suit/mf_var/2011-2040SSP585/dual_suitability_zone53.tif,,7,pop_zone53,#FF9F1C,2011-2040,SSP585,Plain MF RF
chamFor,chamFor-Zone53,53,One year three ripes grain fields; tropical evergreen orchards and economic tree plantations,17,mf_var,2041-2070SSP245,0.4,0,334591.261887586,286819.071695948,0.0271148011744733,1,source-zone dual suitability raster,H:/Jing/ecoChina2/dual suit/mf_var/2041-2070SSP245/dual_suitability_zone53.tif,,7,pop_zone53,#FF9F1C,2041-2070,SSP245,Plain MF RF
chamFor,chamFor-Zone53,53,One year three ripes grain fields; tropical evergreen orchards and economic tree plantations,17,mf_var,2041-2070SSP585,0.4,0,350297.687658935,297491.867818316,0.0281290617565639,0.999994933605194,source-zone dual suitability raster,H:/Jing/ecoChina2/dual suit/mf_var/2041-2070SSP585/dual_suitability_zone53.tif,,7,pop_zone53,#FF9F1C,2041-2070,SSP585,Plain MF RF
chamFor,chamFor-Zone53,53,One year three ripes grain fields; tropical evergreen orchards and economic tree plantations,17,mf_var,2071-2100SSP245,0.4,0,357180.834448443,300012.073302809,0.0283680716610606,1,source-zone dual suitability raster,H:/Jing/ecoChina2/dual suit/mf_var/2071-2100SSP245/dual_suitability_zone53.tif,,7,pop_zone53,#FF9F1C,2071-2100,SSP245,Plain MF RF
chamFor,chamFor-Zone53,53,One year three ripes grain fields; tropical evergreen orchards and economic tree plantations,17,mf_var,2071-2100SSP585,0.4,0,386256.863445307,330834.624388543,0.0314045200344573,0.999976992607117,source-zone dual suitability raster,H:/Jing/ecoChina2/dual suit/mf_var/2071-2100SSP585/dual_suitability_zone53.tif,,7,pop_zone53,#FF9F1C,2071-2100,SSP585,Plain MF RF
chamFor,chamFor-Zone53,53,One year three ripes grain fields; tropical evergreen orchards and economic tree plantations,17,rf_var,2011-2040SSP245,0.4,0,288423.220577771,253160.239867401,0.0238615968196854,1,source-zone dual suitability raster,H:/Jing/ecoChina2/dual suit/rf_var/2011-2040SSP245/dual_suitability_zone53.tif,,7,pop_zone53,#FF9F1C,2011-2040,SSP245,Plain RF
chamFor,chamFor-Zone53,53,One year three ripes grain fields; tropical evergreen orchards and economic tree plantations,17,rf_var,2011-2040SSP585,0.4,0,289728.339900859,255758.149262855,0.0241158908385496,1,source-zone dual suitability raster,H:/Jing/ecoChina2/dual suit/rf_var/2011-2040SSP585/dual_suitability_zone53.tif,,7,pop_zone53,#FF9F1C,2011-2040,SSP585,Plain RF
chamFor,chamFor-Zone53,53,One year three ripes grain fields; tropical evergreen orchards and economic tree plantations,17,rf_var,2041-2070SSP245,0.4,0,330331.585925644,287403.162002199,0.0271663315362759,1,source-zone dual suitability raster,H:/Jing/ecoChina2/dual suit/rf_var/2041-2070SSP245/dual_suitability_zone53.tif,,7,pop_zone53,#FF9F1C,2041-2070,SSP245,Plain RF
chamFor,chamFor-Zone53,53,One year three ripes grain fields; tropical evergreen orchards and economic tree plantations,17,rf_var,2041-2070SSP585,0.4,0,347787.931880953,299243.013390293,0.0282951733611128,1,source-zone dual suitability raster,H:/Jing/ecoChina2/dual suit/rf_var/2041-2070SSP585/dual_suitability_zone53.tif,,7,pop_zone53,#FF9F1C,2041-2070,SSP585,Plain RF
chamFor,chamFor-Zone53,53,One year three ripes grain fields; tropical evergreen orchards and economic tree plantations,17,rf_var,2071-2100SSP245,0.4,0,353714.725716719,301307.712129378,0.0284899904221039,1,source-zone dual suitability raster,H:/Jing/ecoChina2/dual suit/rf_var/2071-2100SSP245/dual_suitability_zone53.tif,,7,pop_zone53,#FF9F1C,2071-2100,SSP245,Plain RF
chamFor,chamFor-Zone53,53,One year three ripes grain fields; tropical evergreen orchards and economic tree plantations,17,rf_var,2071-2100SSP585,0.4,0,378040.693688183,331815.122473123,0.0314938399266507,1,source-zone dual suitability raster,H:/Jing/ecoChina2/dual suit/rf_var/2071-2100SSP585/dual_suitability_zone53.tif,,7,pop_zone53,#FF9F1C,2071-2100,SSP585,Plain RF
cyclLon,cyclLon-Zone10,10,Needleleaf forests on mountains in subtropical and tropical zones,25,mf_var,2011-2040SSP245,0.4,0,450367.913421521,415807.106209249,0.0417823776554996,1,source-zone dual suitability raster,H:/Jing/ecoChina2/dual suit/mf_var/2011-2040SSP245/dual_suitability_zone10.tif,,1,pop_zone10,#006D77,2011-2040,SSP245,Plain MF RF
cyclLon,cyclLon-Zone10,10,Needleleaf forests on mountains in subtropical and tropical zones,25,mf_var,2011-2040SSP585,0.4,0,448317.796062005,413127.198861254,0.0415219852591457,1,source-zone dual suitability raster,H:/Jing/ecoChina2/dual suit/mf_var/2011-2040SSP585/dual_suitability_zone10.tif,,1,pop_zone10,#006D77,2011-2040,SSP585,Plain MF RF
cyclLon,cyclLon-Zone10,10,Needleleaf forests on mountains in subtropical and tropical zones,25,mf_var,2041-2070SSP245,0.4,0,450681.696874298,422502.458907184,0.0425979404395043,1,source-zone dual suitability raster,H:/Jing/ecoChina2/dual suit/mf_var/2041-2070SSP245/dual_suitability_zone10.tif,,1,pop_zone10,#006D77,2041-2070,SSP245,Plain MF RF
cyclLon,cyclLon-Zone10,10,Needleleaf forests on mountains in subtropical and tropical zones,25,mf_var,2041-2070SSP585,0.4,0,452199.263423622,429569.899071774,0.0433225218901501,1,source-zone dual suitability raster,H:/Jing/ecoChina2/dual suit/mf_var/2041-2070SSP585/dual_suitability_zone10.tif,,1,pop_zone10,#006D77,2041-2070,SSP585,Plain MF RF
cyclLon,cyclLon-Zone10,10,Needleleaf forests on mountains in subtropical and tropical zones,25,mf_var,2071-2100SSP245,0.4,0,454654.037266167,432326.807470186,0.0436141522517113,1,source-zone dual suitability raster,H:/Jing/ecoChina2/dual suit/mf_var/2071-2100SSP245/dual_suitability_zone10.tif,,1,pop_zone10,#006D77,2071-2100,SSP245,Plain MF RF
cyclLon,cyclLon-Zone10,10,Needleleaf forests on mountains in subtropical and tropical zones,25,mf_var,2071-2100SSP585,0.4,0,437210.105469489,426043.058256222,0.0430045770692589,1,source-zone dual suitability raster,H:/Jing/ecoChina2/dual suit/mf_var/2071-2100SSP585/dual_suitability_zone10.tif,,1,pop_zone10,#006D77,2071-2100,SSP585,Plain MF RF
cyclLon,cyclLon-Zone10,10,Needleleaf forests on mountains in subtropical and tropical zones,25,rf_var,2011-2040SSP245,0.4,0,449973.316552287,415369.522489333,0.0417432238871689,1,source-zone dual suitability raster,H:/Jing/ecoChina2/dual suit/rf_var/2011-2040SSP245/dual_suitability_zone10.tif,,1,pop_zone10,#006D77,2011-2040,SSP245,Plain RF
cyclLon,cyclLon-Zone10,10,Needleleaf forests on mountains in subtropical and tropical zones,25,rf_var,2011-2040SSP585,0.4,0,447749.922452866,412851.956740509,0.0415012834673699,1,source-zone dual suitability raster,H:/Jing/ecoChina2/dual suit/rf_var/2011-2040SSP585/dual_suitability_zone10.tif,,1,pop_zone10,#006D77,2011-2040,SSP585,Plain RF
cyclLon,cyclLon-Zone10,10,Needleleaf forests on mountains in subtropical and tropical zones,25,rf_var,2041-2070SSP245,0.4,0,449617.149124752,421466.058875481,0.0425055620306445,1,source-zone dual suitability raster,H:/Jing/ecoChina2/dual suit/rf_var/2041-2070SSP245/dual_suitability_zone10.tif,,1,pop_zone10,#006D77,2041-2070,SSP245,Plain RF
cyclLon,cyclLon-Zone10,10,Needleleaf forests on mountains in subtropical and tropical zones,25,rf_var,2041-2070SSP585,0.4,0,450470.924407072,427960.47307937,0.0431665870369082,1,source-zone dual suitability raster,H:/Jing/ecoChina2/dual suit/rf_var/2041-2070SSP585/dual_suitability_zone10.tif,,1,pop_zone10,#006D77,2041-2070,SSP585,Plain RF
cyclLon,cyclLon-Zone10,10,Needleleaf forests on mountains in subtropical and tropical zones,25,rf_var,2071-2100SSP245,0.4,0,452791.24635084,430523.804846467,0.0434303931521971,1,source-zone dual suitability raster,H:/Jing/ecoChina2/dual suit/rf_var/2071-2100SSP245/dual_suitability_zone10.tif,,1,pop_zone10,#006D77,2071-2100,SSP245,Plain RF
cyclLon,cyclLon-Zone10,10,Needleleaf forests on mountains in subtropical and tropical zones,25,rf_var,2071-2100SSP585,0.4,0,433133.443279137,424395.940853799,0.0428221719620255,1,source-zone dual suitability raster,H:/Jing/ecoChina2/dual suit/rf_var/2071-2100SSP585/dual_suitability_zone10.tif,,1,pop_zone10,#006D77,2071-2100,SSP585,Plain RF
cyclLon,cyclLon-Zone21,21,One year two ripes or three ripes grain fields; evergreen orchards and subtropical economic tree plantations,73,mf_var,2011-2040SSP245,0.4,0,1530533.46254914,1199875.25433149,0.116895770268274,1,source-zone dual suitability raster,H:/Jing/ecoChina2/dual suit/mf_var/2011-2040SSP245/dual_suitability_zone21.tif,,2,pop_zone21,#F3722C,2011-2040,SSP245,Plain MF RF
cyclLon,cyclLon-Zone21,21,One year two ripes or three ripes grain fields; evergreen orchards and subtropical economic tree plantations,73,mf_var,2011-2040SSP585,0.4,0,1551059.6807626,1201537.26610723,0.117092041448097,0.999445676803589,source-zone dual suitability raster,H:/Jing/ecoChina2/dual suit/mf_var/2011-2040SSP585/dual_suitability_zone21.tif,,2,pop_zone21,#F3722C,2011-2040,SSP585,Plain MF RF
cyclLon,cyclLon-Zone21,21,One year two ripes or three ripes grain fields; evergreen orchards and subtropical economic tree plantations,73,mf_var,2041-2070SSP245,0.4,0,1731499.18957856,1250850.03087577,0.122170502121106,0.996771037578583,source-zone dual suitability raster,H:/Jing/ecoChina2/dual suit/mf_var/2041-2070SSP245/dual_suitability_zone21.tif,,2,pop_zone21,#F3722C,2041-2070,SSP245,Plain MF RF
cyclLon,cyclLon-Zone21,21,One year two ripes or three ripes grain fields; evergreen orchards and subtropical economic tree plantations,73,mf_var,2041-2070SSP585,0.4,0,1831966.33894772,1284644.79448191,0.125630449452895,0.98999559879303,source-zone dual suitability raster,H:/Jing/ecoChina2/dual suit/mf_var/2041-2070SSP585/dual_suitability_zone21.tif,,2,pop_zone21,#F3722C,2041-2070,SSP585,Plain MF RF
cyclLon,cyclLon-Zone21,21,One year two ripes or three ripes grain fields; evergreen orchards and subtropical economic tree plantations,73,mf_var,2071-2100SSP245,0.4,0,1829385.60026031,1276863.99086277,0.124965561116142,0.986386716365814,source-zone dual suitability raster,H:/Jing/ecoChina2/dual suit/mf_var/2071-2100SSP245/dual_suitability_zone21.tif,,2,pop_zone21,#F3722C,2071-2100,SSP245,Plain MF RF
cyclLon,cyclLon-Zone21,21,One year two ripes or three ripes grain fields; evergreen orchards and subtropical economic tree plantations,73,mf_var,2071-2100SSP585,0.4,0,1865238.78048863,1269536.75920169,0.12469948064926,0.979230105876923,source-zone dual suitability raster,H:/Jing/ecoChina2/dual suit/mf_var/2071-2100SSP585/dual_suitability_zone21.tif,,2,pop_zone21,#F3722C,2071-2100,SSP585,Plain MF RF
cyclLon,cyclLon-Zone21,21,One year two ripes or three ripes grain fields; evergreen orchards and subtropical economic tree plantations,73,rf_var,2011-2040SSP245,0.4,0,1538441.37702342,1201072.91162484,0.11702210819736,1,source-zone dual suitability raster,H:/Jing/ecoChina2/dual suit/rf_var/2011-2040SSP245/dual_suitability_zone21.tif,,2,pop_zone21,#F3722C,2011-2040,SSP245,Plain RF
cyclLon,cyclLon-Zone21,21,One year two ripes or three ripes grain fields; evergreen orchards and subtropical economic tree plantations,73,rf_var,2011-2040SSP585,0.4,0,1560595.49867235,1203105.24246789,0.11725418651389,0.999948859214783,source-zone dual suitability raster,H:/Jing/ecoChina2/dual suit/rf_var/2011-2040SSP585/dual_suitability_zone21.tif,,2,pop_zone21,#F3722C,2011-2040,SSP585,Plain RF
cyclLon,cyclLon-Zone21,21,One year two ripes or three ripes grain fields; evergreen orchards and subtropical economic tree plantations,73,rf_var,2041-2070SSP245,0.4,0,1741467.93477746,1254326.63292747,0.122519497317467,0.994000017642975,source-zone dual suitability raster,H:/Jing/ecoChina2/dual suit/rf_var/2041-2070SSP245/dual_suitability_zone21.tif,,2,pop_zone21,#F3722C,2041-2070,SSP245,Plain RF
cyclLon,cyclLon-Zone21,21,One year two ripes or three ripes grain fields; evergreen orchards and subtropical economic tree plantations,73,rf_var,2041-2070SSP585,0.4,0,1840318.62484336,1285522.66452437,0.125721479504703,0.993647694587708,source-zone dual suitability raster,H:/Jing/ecoChina2/dual suit/rf_var/2041-2070SSP585/dual_suitability_zone21.tif,,2,pop_zone21,#F3722C,2041-2070,SSP585,Plain RF
cyclLon,cyclLon-Zone21,21,One year two ripes or three ripes grain fields; evergreen orchards and subtropical economic tree plantations,73,rf_var,2071-2100SSP245,0.4,0,1834085.30396971,1275836.44913597,0.12487127008775,0.994349718093872,source-zone dual suitability raster,H:/Jing/ecoChina2/dual suit/rf_var/2071-2100SSP245/dual_suitability_zone21.tif,,2,pop_zone21,#F3722C,2071-2100,SSP245,Plain RF
cyclLon,cyclLon-Zone21,21,One year two ripes or three ripes grain fields; evergreen orchards and subtropical economic tree plantations,73,rf_var,2071-2100SSP585,0.4,0,1876779.92352405,1269755.83754408,0.124735690133307,0.986698865890503,source-zone dual suitability raster,H:/Jing/ecoChina2/dual suit/rf_var/2071-2100SSP585/dual_suitability_zone21.tif,,2,pop_zone21,#F3722C,2071-2100,SSP585,Plain RF
cyclLon,cyclLon-Zone26,26,Bamboo forests and scrubs in subtropical and tropical zones,17,mf_var,2011-2040SSP245,0.4,0,355928.647581211,437521.104961676,0.0427368293353721,0.998894512653351,source-zone dual suitability raster,H:/Jing/ecoChina2/dual suit/mf_var/2011-2040SSP245/dual_suitability_zone26.tif,,3,pop_zone26,#00A878,2011-2040,SSP245,Plain MF RF
cyclLon,cyclLon-Zone26,26,Bamboo forests and scrubs in subtropical and tropical zones,17,mf_var,2011-2040SSP585,0.4,0,323176.569208065,429231.634427959,0.0419370686600809,0.998861074447632,source-zone dual suitability raster,H:/Jing/ecoChina2/dual suit/mf_var/2011-2040SSP585/dual_suitability_zone26.tif,,3,pop_zone26,#00A878,2011-2040,SSP585,Plain MF RF
cyclLon,cyclLon-Zone26,26,Bamboo forests and scrubs in subtropical and tropical zones,17,mf_var,2041-2070SSP245,0.4,0,223398.802232172,420910.396807211,0.0411787708554562,0.998852729797363,source-zone dual suitability raster,H:/Jing/ecoChina2/dual suit/mf_var/2041-2070SSP245/dual_suitability_zone26.tif,,3,pop_zone26,#00A878,2041-2070,SSP245,Plain MF RF
cyclLon,cyclLon-Zone26,26,Bamboo forests and scrubs in subtropical and tropical zones,17,mf_var,2041-2070SSP585,0.4,0,159840.947808166,410503.258102314,0.0401787332398967,0.999449968338013,source-zone dual suitability raster,H:/Jing/ecoChina2/dual suit/mf_var/2041-2070SSP585/dual_suitability_zone26.tif,,3,pop_zone26,#00A878,2041-2070,SSP585,Plain MF RF
cyclLon,cyclLon-Zone26,26,Bamboo forests and scrubs in subtropical and tropical zones,17,mf_var,2071-2100SSP245,0.4,0,144464.066505584,406886.314364577,0.0398403777934649,0.998792171478271,source-zone dual suitability raster,H:/Jing/ecoChina2/dual suit/mf_var/2071-2100SSP245/dual_suitability_zone26.tif,,3,pop_zone26,#00A878,2071-2100,SSP245,Plain MF RF
cyclLon,cyclLon-Zone26,26,Bamboo forests and scrubs in subtropical and tropical zones,17,mf_var,2071-2100SSP585,0.4,0,55835.4501804734,386336.353645155,0.0378611602225249,0.996465742588043,source-zone dual suitability raster,H:/Jing/ecoChina2/dual suit/mf_var/2071-2100SSP585/dual_suitability_zone26.tif,,3,pop_zone26,#00A878,2071-2100,SSP585,Plain MF RF
cyclLon,cyclLon-Zone26,26,Bamboo forests and scrubs in subtropical and tropical zones,17,rf_var,2011-2040SSP245,0.4,0,365235.026474446,436497.265255926,0.0426261899708837,0.999963879585266,source-zone dual suitability raster,H:/Jing/ecoChina2/dual suit/rf_var/2011-2040SSP245/dual_suitability_zone26.tif,,3,pop_zone26,#00A878,2011-2040,SSP245,Plain RF
cyclLon,cyclLon-Zone26,26,Bamboo forests and scrubs in subtropical and tropical zones,17,rf_var,2011-2040SSP585,0.4,0,333240.029583155,428204.560194555,0.0418282313324302,0.999933302402496,source-zone dual suitability raster,H:/Jing/ecoChina2/dual suit/rf_var/2011-2040SSP585/dual_suitability_zone26.tif,,3,pop_zone26,#00A878,2011-2040,SSP585,Plain RF
cyclLon,cyclLon-Zone26,26,Bamboo forests and scrubs in subtropical and tropical zones,17,rf_var,2041-2070SSP245,0.4,0,237667.47256246,422989.13471971,0.0413706483831035,0.999054074287415,source-zone dual suitability raster,H:/Jing/ecoChina2/dual suit/rf_var/2041-2070SSP245/dual_suitability_zone26.tif,,3,pop_zone26,#00A878,2041-2070,SSP245,Plain RF
cyclLon,cyclLon-Zone26,26,Bamboo forests and scrubs in subtropical and tropical zones,17,rf_var,2041-2070SSP585,0.4,0,170056.653142161,413703.293492483,0.0404799830805203,0.999850928783417,source-zone dual suitability raster,H:/Jing/ecoChina2/dual suit/rf_var/2041-2070SSP585/dual_suitability_zone26.tif,,3,pop_zone26,#00A878,2041-2070,SSP585,Plain RF
cyclLon,cyclLon-Zone26,26,Bamboo forests and scrubs in subtropical and tropical zones,17,rf_var,2071-2100SSP245,0.4,0,150482.742702866,409745.780597959,0.0401069742062583,0.999742567539215,source-zone dual suitability raster,H:/Jing/ecoChina2/dual suit/rf_var/2071-2100SSP245/dual_suitability_zone26.tif,,3,pop_zone26,#00A878,2071-2100,SSP245,Plain RF
cyclLon,cyclLon-Zone26,26,Bamboo forests and scrubs in subtropical and tropical zones,17,rf_var,2071-2100SSP585,0.4,0,61822.5089041159,391855.086203965,0.0383899277107952,0.996955513954163,source-zone dual suitability raster,H:/Jing/ecoChina2/dual suit/rf_var/2071-2100SSP585/dual_suitability_zone26.tif,,3,pop_zone26,#00A878,2071-2100,SSP585,Plain RF
cyclLon,cyclLon-Zone34,34,"Needleleaf, evergreen and deciduous broadleaf mixed forests on mountains in subtropical zone",26,mf_var,2011-2040SSP245,0.4,0,146971.869263789,165056.44759436,0.0166860757250007,1,source-zone dual suitability raster,H:/Jing/ecoChina2/dual suit/mf_var/2011-2040SSP245/dual_suitability_zone34.tif,,4,pop_zone34,#2A9D8F,2011-2040,SSP245,Plain MF RF
cyclLon,cyclLon-Zone34,34,"Needleleaf, evergreen and deciduous broadleaf mixed forests on mountains in subtropical zone",26,mf_var,2011-2040SSP585,0.4,0,146990.155270339,165530.162773479,0.0167673023409591,1,source-zone dual suitability raster,H:/Jing/ecoChina2/dual suit/mf_var/2011-2040SSP585/dual_suitability_zone34.tif,,4,pop_zone34,#2A9D8F,2011-2040,SSP585,Plain MF RF
cyclLon,cyclLon-Zone34,34,"Needleleaf, evergreen and deciduous broadleaf mixed forests on mountains in subtropical zone",26,mf_var,2041-2070SSP245,0.4,0,141667.147287871,169448.080705327,0.0174375422456086,1,source-zone dual suitability raster,H:/Jing/ecoChina2/dual suit/mf_var/2041-2070SSP245/dual_suitability_zone34.tif,,4,pop_zone34,#2A9D8F,2041-2070,SSP245,Plain MF RF
cyclLon,cyclLon-Zone34,34,"Needleleaf, evergreen and deciduous broadleaf mixed forests on mountains in subtropical zone",26,mf_var,2041-2070SSP585,0.4,0,138917.571945781,171161.22205146,0.0177836967982417,1,source-zone dual suitability raster,H:/Jing/ecoChina2/dual suit/mf_var/2041-2070SSP585/dual_suitability_zone34.tif,,4,pop_zone34,#2A9D8F,2041-2070,SSP585,Plain MF RF
cyclLon,cyclLon-Zone34,34,"Needleleaf, evergreen and deciduous broadleaf mixed forests on mountains in subtropical zone",26,mf_var,2071-2100SSP245,0.4,0,141085.699764157,174342.361189199,0.0181516230950266,1,source-zone dual suitability raster,H:/Jing/ecoChina2/dual suit/mf_var/2071-2100SSP245/dual_suitability_zone34.tif,,4,pop_zone34,#2A9D8F,2071-2100,SSP245,Plain MF RF
cyclLon,cyclLon-Zone34,34,"Needleleaf, evergreen and deciduous broadleaf mixed forests on mountains in subtropical zone",26,mf_var,2071-2100SSP585,0.4,0,137979.084754503,178322.018784269,0.0189887968327398,1,source-zone dual suitability raster,H:/Jing/ecoChina2/dual suit/mf_var/2071-2100SSP585/dual_suitability_zone34.tif,,4,pop_zone34,#2A9D8F,2071-2100,SSP585,Plain MF RF
cyclLon,cyclLon-Zone34,34,"Needleleaf, evergreen and deciduous broadleaf mixed forests on mountains in subtropical zone",26,rf_var,2011-2040SSP245,0.4,0,150825.928441719,167670.861314277,0.0169704789803343,1,source-zone dual suitability raster,H:/Jing/ecoChina2/dual suit/rf_var/2011-2040SSP245/dual_suitability_zone34.tif,,4,pop_zone34,#2A9D8F,2011-2040,SSP245,Plain RF
cyclLon,cyclLon-Zone34,34,"Needleleaf, evergreen and deciduous broadleaf mixed forests on mountains in subtropical zone",26,rf_var,2011-2040SSP585,0.4,0,150874.244438921,168152.39973668,0.0170526738636384,1,source-zone dual suitability raster,H:/Jing/ecoChina2/dual suit/rf_var/2011-2040SSP585/dual_suitability_zone34.tif,,4,pop_zone34,#2A9D8F,2011-2040,SSP585,Plain RF
cyclLon,cyclLon-Zone34,34,"Needleleaf, evergreen and deciduous broadleaf mixed forests on mountains in subtropical zone",26,rf_var,2041-2070SSP245,0.4,0,145639.127418426,172550.818156047,0.0177931605963626,1,source-zone dual suitability raster,H:/Jing/ecoChina2/dual suit/rf_var/2041-2070SSP245/dual_suitability_zone34.tif,,4,pop_zone34,#2A9D8F,2041-2070,SSP245,Plain RF
cyclLon,cyclLon-Zone34,34,"Needleleaf, evergreen and deciduous broadleaf mixed forests on mountains in subtropical zone",26,rf_var,2041-2070SSP585,0.4,0,142256.334538086,174456.093256072,0.0181674773860306,1,source-zone dual suitability raster,H:/Jing/ecoChina2/dual suit/rf_var/2041-2070SSP585/dual_suitability_zone34.tif,,4,pop_zone34,#2A9D8F,2041-2070,SSP585,Plain RF
cyclLon,cyclLon-Zone34,34,"Needleleaf, evergreen and deciduous broadleaf mixed forests on mountains in subtropical zone",26,rf_var,2071-2100SSP245,0.4,0,144878.735903613,177266.712314341,0.0184972216647831,1,source-zone dual suitability raster,H:/Jing/ecoChina2/dual suit/rf_var/2071-2100SSP245/dual_suitability_zone34.tif,,4,pop_zone34,#2A9D8F,2071-2100,SSP245,Plain RF
cyclLon,cyclLon-Zone34,34,"Needleleaf, evergreen and deciduous broadleaf mixed forests on mountains in subtropical zone",26,rf_var,2071-2100SSP585,0.4,0,141305.169013205,181717.220003242,0.0194128470675657,1,source-zone dual suitability raster,H:/Jing/ecoChina2/dual suit/rf_var/2071-2100SSP585/dual_suitability_zone34.tif,,4,pop_zone34,#2A9D8F,2071-2100,SSP585,Plain RF
cyclLon,cyclLon-Zone49,49,Broadleaf evergreen forests in subtropical zone,319,mf_var,2011-2040SSP245,0.4,0,892184.774801283,816016.281860835,0.0789973336701914,1,source-zone dual suitability raster,H:/Jing/ecoChina2/dual suit/mf_var/2011-2040SSP245/dual_suitability_zone49.tif,,5,pop_zone49,#006400,2011-2040,SSP245,Plain MF RF
cyclLon,cyclLon-Zone49,49,Broadleaf evergreen forests in subtropical zone,319,mf_var,2011-2040SSP585,0.4,0,889791.92676693,811565.026888057,0.0785858428012938,1,source-zone dual suitability raster,H:/Jing/ecoChina2/dual suit/mf_var/2011-2040SSP585/dual_suitability_zone49.tif,,5,pop_zone49,#006400,2011-2040,SSP585,Plain MF RF
cyclLon,cyclLon-Zone49,49,Broadleaf evergreen forests in subtropical zone,319,mf_var,2041-2070SSP245,0.4,0,783273.701665194,760841.383292312,0.0737903638168879,1,source-zone dual suitability raster,H:/Jing/ecoChina2/dual suit/mf_var/2041-2070SSP245/dual_suitability_zone49.tif,,5,pop_zone49,#006400,2041-2070,SSP245,Plain MF RF
cyclLon,cyclLon-Zone49,49,Broadleaf evergreen forests in subtropical zone,319,mf_var,2041-2070SSP585,0.4,0,700946.922044315,723815.765630386,0.070288509723121,1,source-zone dual suitability raster,H:/Jing/ecoChina2/dual suit/mf_var/2041-2070SSP585/dual_suitability_zone49.tif,,5,pop_zone49,#006400,2041-2070,SSP585,Plain MF RF
cyclLon,cyclLon-Zone49,49,Broadleaf evergreen forests in subtropical zone,319,mf_var,2071-2100SSP245,0.4,0,713356.973863415,729211.22615262,0.0708551068732413,1,source-zone dual suitability raster,H:/Jing/ecoChina2/dual suit/mf_var/2071-2100SSP245/dual_suitability_zone49.tif,,5,pop_zone49,#006400,2071-2100,SSP245,Plain MF RF
cyclLon,cyclLon-Zone49,49,Broadleaf evergreen forests in subtropical zone,319,mf_var,2071-2100SSP585,0.4,0,518352.978388061,635530.781334496,0.0619671399132788,1,source-zone dual suitability raster,H:/Jing/ecoChina2/dual suit/mf_var/2071-2100SSP585/dual_suitability_zone49.tif,,5,pop_zone49,#006400,2071-2100,SSP585,Plain MF RF
cyclLon,cyclLon-Zone49,49,Broadleaf evergreen forests in subtropical zone,319,rf_var,2011-2040SSP245,0.4,0,886826.706732069,814131.084774843,0.0788076411253535,1,source-zone dual suitability raster,H:/Jing/ecoChina2/dual suit/rf_var/2011-2040SSP245/dual_suitability_zone49.tif,,5,pop_zone49,#006400,2011-2040,SSP245,Plain RF
cyclLon,cyclLon-Zone49,49,Broadleaf evergreen forests in subtropical zone,319,rf_var,2011-2040SSP585,0.4,0,882513.150461309,809007.785107667,0.0783304464704122,1,source-zone dual suitability raster,H:/Jing/ecoChina2/dual suit/rf_var/2011-2040SSP585/dual_suitability_zone49.tif,,5,pop_zone49,#006400,2011-2040,SSP585,Plain RF
cyclLon,cyclLon-Zone49,49,Broadleaf evergreen forests in subtropical zone,319,rf_var,2041-2070SSP245,0.4,0,772063.643368437,757013.66465749,0.0734079319140412,1,source-zone dual suitability raster,H:/Jing/ecoChina2/dual suit/rf_var/2041-2070SSP245/dual_suitability_zone49.tif,,5,pop_zone49,#006400,2041-2070,SSP245,Plain RF
cyclLon,cyclLon-Zone49,49,Broadleaf evergreen forests in subtropical zone,319,rf_var,2041-2070SSP585,0.4,0,689298.330264427,720257.814330221,0.0699337289440049,1,source-zone dual suitability raster,H:/Jing/ecoChina2/dual suit/rf_var/2041-2070SSP585/dual_suitability_zone49.tif,,5,pop_zone49,#006400,2041-2070,SSP585,Plain RF
cyclLon,cyclLon-Zone49,49,Broadleaf evergreen forests in subtropical zone,319,rf_var,2071-2100SSP245,0.4,0,701884.990467525,725527.855247929,0.0704914753458847,1,source-zone dual suitability raster,H:/Jing/ecoChina2/dual suit/rf_var/2071-2100SSP245/dual_suitability_zone49.tif,,5,pop_zone49,#006400,2071-2100,SSP245,Plain RF
cyclLon,cyclLon-Zone49,49,Broadleaf evergreen forests in subtropical zone,319,rf_var,2071-2100SSP585,0.4,0,522296.351391875,635029.000194987,0.0619097878486586,1,source-zone dual suitability raster,H:/Jing/ecoChina2/dual suit/rf_var/2071-2100SSP585/dual_suitability_zone49.tif,,5,pop_zone49,#006400,2071-2100,SSP585,Plain RF
cyclLon,cyclLon-Zone53,53,One year three ripes grain fields; tropical evergreen orchards and economic tree plantations,29,mf_var,2011-2040SSP245,0.4,0,289995.401916564,253701.435384659,0.0239104676787577,1,source-zone dual suitability raster,H:/Jing/ecoChina2/dual suit/mf_var/2011-2040SSP245/dual_suitability_zone53.tif,,6,pop_zone53,#FF9F1C,2011-2040,SSP245,Plain MF RF
cyclLon,cyclLon-Zone53,53,One year three ripes grain fields; tropical evergreen orchards and economic tree plantations,29,mf_var,2011-2040SSP585,0.4,0,291314.62307248,256300.311135909,0.0241669378735901,1,source-zone dual suitability raster,H:/Jing/ecoChina2/dual suit/mf_var/2011-2040SSP585/dual_suitability_zone53.tif,,6,pop_zone53,#FF9F1C,2011-2040,SSP585,Plain MF RF
cyclLon,cyclLon-Zone53,53,One year three ripes grain fields; tropical evergreen orchards and economic tree plantations,29,mf_var,2041-2070SSP245,0.4,0,334591.261887586,286819.071695948,0.0271148011744733,1,source-zone dual suitability raster,H:/Jing/ecoChina2/dual suit/mf_var/2041-2070SSP245/dual_suitability_zone53.tif,,6,pop_zone53,#FF9F1C,2041-2070,SSP245,Plain MF RF
cyclLon,cyclLon-Zone53,53,One year three ripes grain fields; tropical evergreen orchards and economic tree plantations,29,mf_var,2041-2070SSP585,0.4,0,350297.687658935,297491.867818316,0.0281290617565639,0.999994933605194,source-zone dual suitability raster,H:/Jing/ecoChina2/dual suit/mf_var/2041-2070SSP585/dual_suitability_zone53.tif,,6,pop_zone53,#FF9F1C,2041-2070,SSP585,Plain MF RF
cyclLon,cyclLon-Zone53,53,One year three ripes grain fields; tropical evergreen orchards and economic tree plantations,29,mf_var,2071-2100SSP245,0.4,0,357180.834448443,300012.073302809,0.0283680716610606,1,source-zone dual suitability raster,H:/Jing/ecoChina2/dual suit/mf_var/2071-2100SSP245/dual_suitability_zone53.tif,,6,pop_zone53,#FF9F1C,2071-2100,SSP245,Plain MF RF
cyclLon,cyclLon-Zone53,53,One year three ripes grain fields; tropical evergreen orchards and economic tree plantations,29,mf_var,2071-2100SSP585,0.4,0,386256.863445307,330834.624388543,0.0314045200344573,0.999976992607117,source-zone dual suitability raster,H:/Jing/ecoChina2/dual suit/mf_var/2071-2100SSP585/dual_suitability_zone53.tif,,6,pop_zone53,#FF9F1C,2071-2100,SSP585,Plain MF RF
cyclLon,cyclLon-Zone53,53,One year three ripes grain fields; tropical evergreen orchards and economic tree plantations,29,rf_var,2011-2040SSP245,0.4,0,288423.220577771,253160.239867401,0.0238615968196854,1,source-zone dual suitability raster,H:/Jing/ecoChina2/dual suit/rf_var/2011-2040SSP245/dual_suitability_zone53.tif,,6,pop_zone53,#FF9F1C,2011-2040,SSP245,Plain RF
cyclLon,cyclLon-Zone53,53,One year three ripes grain fields; tropical evergreen orchards and economic tree plantations,29,rf_var,2011-2040SSP585,0.4,0,289728.339900859,255758.149262855,0.0241158908385496,1,source-zone dual suitability raster,H:/Jing/ecoChina2/dual suit/rf_var/2011-2040SSP585/dual_suitability_zone53.tif,,6,pop_zone53,#FF9F1C,2011-2040,SSP585,Plain RF
cyclLon,cyclLon-Zone53,53,One year three ripes grain fields; tropical evergreen orchards and economic tree plantations,29,rf_var,2041-2070SSP245,0.4,0,330331.585925644,287403.162002199,0.0271663315362759,1,source-zone dual suitability raster,H:/Jing/ecoChina2/dual suit/rf_var/2041-2070SSP245/dual_suitability_zone53.tif,,6,pop_zone53,#FF9F1C,2041-2070,SSP245,Plain RF
cyclLon,cyclLon-Zone53,53,One year three ripes grain fields; tropical evergreen orchards and economic tree plantations,29,rf_var,2041-2070SSP585,0.4,0,347787.931880953,299243.013390293,0.0282951733611128,1,source-zone dual suitability raster,H:/Jing/ecoChina2/dual suit/rf_var/2041-2070SSP585/dual_suitability_zone53.tif,,6,pop_zone53,#FF9F1C,2041-2070,SSP585,Plain RF
cyclLon,cyclLon-Zone53,53,One year three ripes grain fields; tropical evergreen orchards and economic tree plantations,29,rf_var,2071-2100SSP245,0.4,0,353714.725716719,301307.712129378,0.0284899904221039,1,source-zone dual suitability raster,H:/Jing/ecoChina2/dual suit/rf_var/2071-2100SSP245/dual_suitability_zone53.tif,,6,pop_zone53,#FF9F1C,2071-2100,SSP245,Plain RF
cyclLon,cyclLon-Zone53,53,One year three ripes grain fields; tropical evergreen orchards and economic tree plantations,29,rf_var,2071-2100SSP585,0.4,0,378040.693688183,331815.122473123,0.0314938399266507,1,source-zone dual suitability raster,H:/Jing/ecoChina2/dual suit/rf_var/2071-2100SSP585/dual_suitability_zone53.tif,,6,pop_zone53,#FF9F1C,2071-2100,SSP585,Plain RF
lariGme,lariGme-Zone2,2,Needleleaf forests in cold-temperate zone and on mountains in temperate zone,53291,mf_var,2011-2040SSP245,0.4,0,441868.742190835,407986.683885608,0.0506599824562428,0.999566197395325,source-zone dual suitability raster,H:/Jing/ecoChina2/dual suit/mf_var/2011-2040SSP245/dual_suitability_zone2.tif,,1,pop_zone2,#005A32,2011-2040,SSP245,Plain MF RF
lariGme,lariGme-Zone2,2,Needleleaf forests in cold-temperate zone and on mountains in temperate zone,53291,mf_var,2011-2040SSP585,0.4,0,436114.158125413,405831.255096648,0.0503364814116758,0.998945295810699,source-zone dual suitability raster,H:/Jing/ecoChina2/dual suit/mf_var/2011-2040SSP585/dual_suitability_zone2.tif,,1,pop_zone2,#005A32,2011-2040,SSP585,Plain MF RF
lariGme,lariGme-Zone2,2,Needleleaf forests in cold-temperate zone and on mountains in temperate zone,53291,mf_var,2041-2070SSP245,0.4,0,322965.37359334,360329.513350918,0.0443395904559987,0.988284826278687,source-zone dual suitability raster,H:/Jing/ecoChina2/dual suit/mf_var/2041-2070SSP245/dual_suitability_zone2.tif,,1,pop_zone2,#005A32,2041-2070,SSP245,Plain MF RF
lariGme,lariGme-Zone2,2,Needleleaf forests in cold-temperate zone and on mountains in temperate zone,53291,mf_var,2041-2070SSP585,0.4,0,238190.214695515,323651.26261464,0.0397353736527453,0.983393430709839,source-zone dual suitability raster,H:/Jing/ecoChina2/dual suit/mf_var/2041-2070SSP585/dual_suitability_zone2.tif,,1,pop_zone2,#005A32,2041-2070,SSP585,Plain MF RF
lariGme,lariGme-Zone2,2,Needleleaf forests in cold-temperate zone and on mountains in temperate zone,53291,mf_var,2071-2100SSP245,0.4,0,244686.249947008,321334.970776616,0.0394826830858126,0.984200537204742,source-zone dual suitability raster,H:/Jing/ecoChina2/dual suit/mf_var/2071-2100SSP245/dual_suitability_zone2.tif,,1,pop_zone2,#005A32,2071-2100,SSP245,Plain MF RF
lariGme,lariGme-Zone2,2,Needleleaf forests in cold-temperate zone and on mountains in temperate zone,53291,mf_var,2071-2100SSP585,0.4,0,83869.0767848334,235643.248811136,0.0288448067607971,0.924440920352936,source-zone dual suitability raster,H:/Jing/ecoChina2/dual suit/mf_var/2071-2100SSP585/dual_suitability_zone2.tif,,1,pop_zone2,#005A32,2071-2100,SSP585,Plain MF RF
lariGme,lariGme-Zone2,2,Needleleaf forests in cold-temperate zone and on mountains in temperate zone,53291,rf_var,2011-2040SSP245,0.4,0,445788.363112459,407554.448234486,0.0506741979226402,0.998979210853577,source-zone dual suitability raster,H:/Jing/ecoChina2/dual suit/rf_var/2011-2040SSP245/dual_suitability_zone2.tif,,1,pop_zone2,#005A32,2011-2040,SSP245,Plain RF
lariGme,lariGme-Zone2,2,Needleleaf forests in cold-temperate zone and on mountains in temperate zone,53291,rf_var,2011-2040SSP585,0.4,0,440985.455767389,405834.080209795,0.0504090562426134,0.998000025749207,source-zone dual suitability raster,H:/Jing/ecoChina2/dual suit/rf_var/2011-2040SSP585/dual_suitability_zone2.tif,,1,pop_zone2,#005A32,2011-2040,SSP585,Plain RF
lariGme,lariGme-Zone2,2,Needleleaf forests in cold-temperate zone and on mountains in temperate zone,53291,rf_var,2041-2070SSP245,0.4,0,342415.178873258,364226.572559096,0.0449264993101367,0.993339657783508,source-zone dual suitability raster,H:/Jing/ecoChina2/dual suit/rf_var/2041-2070SSP245/dual_suitability_zone2.tif,,1,pop_zone2,#005A32,2041-2070,SSP245,Plain RF
lariGme,lariGme-Zone2,2,Needleleaf forests in cold-temperate zone and on mountains in temperate zone,53291,rf_var,2041-2070SSP585,0.4,0,251362.02844134,328480.481044789,0.0404412618356809,0.990986883640289,source-zone dual suitability raster,H:/Jing/ecoChina2/dual suit/rf_var/2041-2070SSP585/dual_suitability_zone2.tif,,1,pop_zone2,#005A32,2041-2070,SSP585,Plain RF
lariGme,lariGme-Zone2,2,Needleleaf forests in cold-temperate zone and on mountains in temperate zone,53291,rf_var,2071-2100SSP245,0.4,0,258930.434130628,324580.564832491,0.0399991908008664,0.990415990352631,source-zone dual suitability raster,H:/Jing/ecoChina2/dual suit/rf_var/2071-2100SSP245/dual_suitability_zone2.tif,,1,pop_zone2,#005A32,2071-2100,SSP245,Plain RF
lariGme,lariGme-Zone2,2,Needleleaf forests in cold-temperate zone and on mountains in temperate zone,53291,rf_var,2071-2100SSP585,0.4,0,87292.7965722656,239664.018711762,0.0294335513283457,0.926515579223633,source-zone dual suitability raster,H:/Jing/ecoChina2/dual suit/rf_var/2071-2100SSP585/dual_suitability_zone2.tif,,1,pop_zone2,#005A32,2071-2100,SSP585,Plain RF
lariGme,lariGme-Zone3,3,Broadleaf deciduous forests in temperate zone,354,mf_var,2011-2040SSP245,0.4,0,993635.22619721,859962.785620512,0.100694845089152,0.998881220817566,source-zone dual suitability raster,H:/Jing/ecoChina2/dual suit/mf_var/2011-2040SSP245/dual_suitability_zone3.tif,,2,pop_zone3,#33A02C,2011-2040,SSP245,Plain MF RF
lariGme,lariGme-Zone3,3,Broadleaf deciduous forests in temperate zone,354,mf_var,2011-2040SSP585,0.4,0,985769.279341816,853139.63246846,0.0999161008774694,0.998743116855621,source-zone dual suitability raster,H:/Jing/ecoChina2/dual suit/mf_var/2011-2040SSP585/dual_suitability_zone3.tif,,2,pop_zone3,#33A02C,2011-2040,SSP585,Plain MF RF
lariGme,lariGme-Zone3,3,Broadleaf deciduous forests in temperate zone,354,mf_var,2041-2070SSP245,0.4,0,874342.812220739,800280.224965375,0.0939041557194049,0.997041821479797,source-zone dual suitability raster,H:/Jing/ecoChina2/dual suit/mf_var/2041-2070SSP245/dual_suitability_zone3.tif,,2,pop_zone3,#33A02C,2041-2070,SSP245,Plain MF RF
lariGme,lariGme-Zone3,3,Broadleaf deciduous forests in temperate zone,354,mf_var,2041-2070SSP585,0.4,0,785597.711089381,749696.498589789,0.0878385345561061,0.99680233001709,source-zone dual suitability raster,H:/Jing/ecoChina2/dual suit/mf_var/2041-2070SSP585/dual_suitability_zone3.tif,,2,pop_zone3,#33A02C,2041-2070,SSP585,Plain MF RF
lariGme,lariGme-Zone3,3,Broadleaf deciduous forests in temperate zone,354,mf_var,2071-2100SSP245,0.4,0,811931.633286415,759682.638879593,0.0892004556411383,0.995563089847565,source-zone dual suitability raster,H:/Jing/ecoChina2/dual suit/mf_var/2071-2100SSP245/dual_suitability_zone3.tif,,2,pop_zone3,#33A02C,2071-2100,SSP245,Plain MF RF
lariGme,lariGme-Zone3,3,Broadleaf deciduous forests in temperate zone,354,mf_var,2071-2100SSP585,0.4,0,576590.276605275,658801.562759587,0.0767344028219359,0.991776645183563,source-zone dual suitability raster,H:/Jing/ecoChina2/dual suit/mf_var/2071-2100SSP585/dual_suitability_zone3.tif,,2,pop_zone3,#33A02C,2071-2100,SSP585,Plain MF RF
lariGme,lariGme-Zone3,3,Broadleaf deciduous forests in temperate zone,354,rf_var,2011-2040SSP245,0.4,0,991722.749347063,861560.655124556,0.100902788265769,0.999992907047272,source-zone dual suitability raster,H:/Jing/ecoChina2/dual suit/rf_var/2011-2040SSP245/dual_suitability_zone3.tif,,2,pop_zone3,#33A02C,2011-2040,SSP245,Plain RF
lariGme,lariGme-Zone3,3,Broadleaf deciduous forests in temperate zone,354,rf_var,2011-2040SSP585,0.4,0,981961.397039727,854822.923468484,0.100129128272168,0.999916553497314,source-zone dual suitability raster,H:/Jing/ecoChina2/dual suit/rf_var/2011-2040SSP585/dual_suitability_zone3.tif,,2,pop_zone3,#33A02C,2011-2040,SSP585,Plain RF
lariGme,lariGme-Zone3,3,Broadleaf deciduous forests in temperate zone,354,rf_var,2041-2070SSP245,0.4,0,874247.31122507,801793.902612769,0.094090862546497,0.99936580657959,source-zone dual suitability raster,H:/Jing/ecoChina2/dual suit/rf_var/2041-2070SSP245/dual_suitability_zone3.tif,,2,pop_zone3,#33A02C,2041-2070,SSP245,Plain RF
lariGme,lariGme-Zone3,3,Broadleaf deciduous forests in temperate zone,354,rf_var,2041-2070SSP585,0.4,0,785609.683738769,750298.876439071,0.0879103325746048,0.997088074684143,source-zone dual suitability raster,H:/Jing/ecoChina2/dual suit/rf_var/2041-2070SSP585/dual_suitability_zone3.tif,,2,pop_zone3,#33A02C,2041-2070,SSP585,Plain RF
lariGme,lariGme-Zone3,3,Broadleaf deciduous forests in temperate zone,354,rf_var,2071-2100SSP245,0.4,0,811948.561559728,759729.980661084,0.0891995072155314,0.996340930461884,source-zone dual suitability raster,H:/Jing/ecoChina2/dual suit/rf_var/2071-2100SSP245/dual_suitability_zone3.tif,,2,pop_zone3,#33A02C,2071-2100,SSP245,Plain RF
lariGme,lariGme-Zone3,3,Broadleaf deciduous forests in temperate zone,354,rf_var,2071-2100SSP585,0.4,0,593181.705103553,665629.026332713,0.0775587035246543,0.995232582092285,source-zone dual suitability raster,H:/Jing/ecoChina2/dual suit/rf_var/2071-2100SSP585/dual_suitability_zone3.tif,,2,pop_zone3,#33A02C,2071-2100,SSP585,Plain RF
lariGme,lariGme-Zone4,4,"Grass, Carex and forb swamp meadows",439,mf_var,2011-2040SSP245,0.4,0,280328.436655596,369188.681860905,0.0464671224785324,0.999756097793579,source-zone dual suitability raster,H:/Jing/ecoChina2/dual suit/mf_var/2011-2040SSP245/dual_suitability_zone4.tif,,3,pop_zone4,#00B4D8,2011-2040,SSP245,Plain MF RF
lariGme,lariGme-Zone4,4,"Grass, Carex and forb swamp meadows",439,mf_var,2011-2040SSP585,0.4,0,265430.654904907,361769.46113713,0.0455068294182774,0.997207641601562,source-zone dual suitability raster,H:/Jing/ecoChina2/dual suit/mf_var/2011-2040SSP585/dual_suitability_zone4.tif,,3,pop_zone4,#00B4D8,2011-2040,SSP585,Plain MF RF
lariGme,lariGme-Zone4,4,"Grass, Carex and forb swamp meadows",439,mf_var,2041-2070SSP245,0.4,0,145272.762892694,310352.790960539,0.0390088828799139,0.993860483169556,source-zone dual suitability raster,H:/Jing/ecoChina2/dual suit/mf_var/2041-2070SSP245/dual_suitability_zone4.tif,,3,pop_zone4,#00B4D8,2041-2070,SSP245,Plain MF RF
lariGme,lariGme-Zone4,4,"Grass, Carex and forb swamp meadows",439,mf_var,2041-2070SSP585,0.4,0,67889.3849132909,274062.405964656,0.0344667603748572,0.983152508735657,source-zone dual suitability raster,H:/Jing/ecoChina2/dual suit/mf_var/2041-2070SSP585/dual_suitability_zone4.tif,,3,pop_zone4,#00B4D8,2041-2070,SSP585,Plain MF RF
lariGme,lariGme-Zone4,4,"Grass, Carex and forb swamp meadows",439,mf_var,2071-2100SSP245,0.4,0,62088.3518461884,265786.560685196,0.0334348500486871,0.981009244918823,source-zone dual suitability raster,H:/Jing/ecoChina2/dual suit/mf_var/2071-2100SSP245/dual_suitability_zone4.tif,,3,pop_zone4,#00B4D8,2071-2100,SSP245,Plain MF RF
lariGme,lariGme-Zone4,4,"Grass, Carex and forb swamp meadows",439,mf_var,2071-2100SSP585,0.4,0,16864.0096622453,184977.453416101,0.0230811215953093,0.921789467334747,source-zone dual suitability raster,H:/Jing/ecoChina2/dual suit/mf_var/2071-2100SSP585/dual_suitability_zone4.tif,,3,pop_zone4,#00B4D8,2071-2100,SSP585,Plain MF RF
lariGme,lariGme-Zone4,4,"Grass, Carex and forb swamp meadows",439,rf_var,2011-2040SSP245,0.4,0,284408.032410651,371896.307371602,0.0467962942372568,0.999957859516144,source-zone dual suitability raster,H:/Jing/ecoChina2/dual suit/rf_var/2011-2040SSP245/dual_suitability_zone4.tif,,3,pop_zone4,#00B4D8,2011-2040,SSP245,Plain RF
lariGme,lariGme-Zone4,4,"Grass, Carex and forb swamp meadows",439,rf_var,2011-2040SSP585,0.4,0,269703.568627278,364851.110311234,0.0458828061886281,0.999157905578613,source-zone dual suitability raster,H:/Jing/ecoChina2/dual suit/rf_var/2011-2040SSP585/dual_suitability_zone4.tif,,3,pop_zone4,#00B4D8,2011-2040,SSP585,Plain RF
lariGme,lariGme-Zone4,4,"Grass, Carex and forb swamp meadows",439,rf_var,2041-2070SSP245,0.4,0,174610.626710059,315060.435271577,0.0395666853164311,0.994735956192017,source-zone dual suitability raster,H:/Jing/ecoChina2/dual suit/rf_var/2041-2070SSP245/dual_suitability_zone4.tif,,3,pop_zone4,#00B4D8,2041-2070,SSP245,Plain RF
lariGme,lariGme-Zone4,4,"Grass, Carex and forb swamp meadows",439,rf_var,2041-2070SSP585,0.4,0,88323.7800595766,277877.204597064,0.0349212209471762,0.986686766147614,source-zone dual suitability raster,H:/Jing/ecoChina2/dual suit/rf_var/2041-2070SSP585/dual_suitability_zone4.tif,,3,pop_zone4,#00B4D8,2041-2070,SSP585,Plain RF
lariGme,lariGme-Zone4,4,"Grass, Carex and forb swamp meadows",439,rf_var,2071-2100SSP245,0.4,0,81825.7107854291,270384.664956394,0.0339988930575017,0.989538133144379,source-zone dual suitability raster,H:/Jing/ecoChina2/dual suit/rf_var/2071-2100SSP245/dual_suitability_zone4.tif,,3,pop_zone4,#00B4D8,2071-2100,SSP245,Plain RF
lariGme,lariGme-Zone4,4,"Grass, Carex and forb swamp meadows",439,rf_var,2071-2100SSP585,0.4,0,17377.6553174562,189125.964037661,0.0235692936108542,0.933655261993408,source-zone dual suitability raster,H:/Jing/ecoChina2/dual suit/rf_var/2071-2100SSP585/dual_suitability_zone4.tif,,3,pop_zone4,#00B4D8,2071-2100,SSP585,Plain RF
lariGme,lariGme-Zone5,5,Grass and forb meadows,313,mf_var,2011-2040SSP245,0.4,0,713499.390147536,691398.108071845,0.0833885958849166,0.99999326467514,source-zone dual suitability raster,H:/Jing/ecoChina2/dual suit/mf_var/2011-2040SSP245/dual_suitability_zone5.tif,,4,pop_zone5,#B8DE29,2011-2040,SSP245,Plain MF RF
lariGme,lariGme-Zone5,5,Grass and forb meadows,313,mf_var,2011-2040SSP585,0.4,0,707944.743190264,686685.556953339,0.0828427167560618,0.999993562698364,source-zone dual suitability raster,H:/Jing/ecoChina2/dual suit/mf_var/2011-2040SSP585/dual_suitability_zone5.tif,,4,pop_zone5,#B8DE29,2011-2040,SSP585,Plain MF RF
lariGme,lariGme-Zone5,5,Grass and forb meadows,313,mf_var,2041-2070SSP245,0.4,0,554373.440353041,660672.367844703,0.0793683897548826,0.999775767326355,source-zone dual suitability raster,H:/Jing/ecoChina2/dual suit/mf_var/2041-2070SSP245/dual_suitability_zone5.tif,,4,pop_zone5,#B8DE29,2041-2070,SSP245,Plain MF RF
lariGme,lariGme-Zone5,5,Grass and forb meadows,313,mf_var,2041-2070SSP585,0.4,0,456310.97980098,644875.127600189,0.0771990348781359,0.99856436252594,source-zone dual suitability raster,H:/Jing/ecoChina2/dual suit/mf_var/2041-2070SSP585/dual_suitability_zone5.tif,,4,pop_zone5,#B8DE29,2041-2070,SSP585,Plain MF RF
lariGme,lariGme-Zone5,5,Grass and forb meadows,313,mf_var,2071-2100SSP245,0.4,0,424123.413550007,632595.260488615,0.0757575291355498,0.998734176158905,source-zone dual suitability raster,H:/Jing/ecoChina2/dual suit/mf_var/2071-2100SSP245/dual_suitability_zone5.tif,,4,pop_zone5,#B8DE29,2071-2100,SSP245,Plain MF RF
lariGme,lariGme-Zone5,5,Grass and forb meadows,313,mf_var,2071-2100SSP585,0.4,0,190919.620358119,569420.169649736,0.0675816786282868,0.983948230743408,source-zone dual suitability raster,H:/Jing/ecoChina2/dual suit/mf_var/2071-2100SSP585/dual_suitability_zone5.tif,,4,pop_zone5,#B8DE29,2071-2100,SSP585,Plain MF RF
lariGme,lariGme-Zone5,5,Grass and forb meadows,313,rf_var,2011-2040SSP245,0.4,0,708615.524859179,695841.883073457,0.0838934496657109,1,source-zone dual suitability raster,H:/Jing/ecoChina2/dual suit/rf_var/2011-2040SSP245/dual_suitability_zone5.tif,,4,pop_zone5,#B8DE29,2011-2040,SSP245,Plain RF
lariGme,lariGme-Zone5,5,Grass and forb meadows,313,rf_var,2011-2040SSP585,0.4,0,703366.006911963,691811.837051129,0.0834327383069219,1,source-zone dual suitability raster,H:/Jing/ecoChina2/dual suit/rf_var/2011-2040SSP585/dual_suitability_zone5.tif,,4,pop_zone5,#B8DE29,2011-2040,SSP585,Plain RF
lariGme,lariGme-Zone5,5,Grass and forb meadows,313,rf_var,2041-2070SSP245,0.4,0,562838.395912328,664486.806417123,0.0797608326720658,0.999514043331146,source-zone dual suitability raster,H:/Jing/ecoChina2/dual suit/rf_var/2041-2070SSP245/dual_suitability_zone5.tif,,4,pop_zone5,#B8DE29,2041-2070,SSP245,Plain RF
lariGme,lariGme-Zone5,5,Grass and forb meadows,313,rf_var,2041-2070SSP585,0.4,0,487527.712772417,647866.607973571,0.0774849222788153,0.999575853347778,source-zone dual suitability raster,H:/Jing/ecoChina2/dual suit/rf_var/2041-2070SSP585/dual_suitability_zone5.tif,,4,pop_zone5,#B8DE29,2041-2070,SSP585,Plain RF
lariGme,lariGme-Zone5,5,Grass and forb meadows,313,rf_var,2071-2100SSP245,0.4,0,461683.864642111,636971.80889772,0.0762132175859546,0.999979615211487,source-zone dual suitability raster,H:/Jing/ecoChina2/dual suit/rf_var/2071-2100SSP245/dual_suitability_zone5.tif,,4,pop_zone5,#B8DE29,2071-2100,SSP245,Plain RF
lariGme,lariGme-Zone5,5,Grass and forb meadows,313,rf_var,2071-2100SSP585,0.4,0,221566.186078462,571284.678679562,0.0677767780332973,0.98980325460434,source-zone dual suitability raster,H:/Jing/ecoChina2/dual suit/rf_var/2071-2100SSP585/dual_suitability_zone5.tif,,4,pop_zone5,#B8DE29,2071-2100,SSP585,Plain RF
lariGme,lariGme-Zone6,6,Cold-temperate and temperate marshes,446,mf_var,2011-2040SSP245,0.4,0,183731.362561371,285745.977986672,0.0363282797215363,0.982295453548431,source-zone dual suitability raster,H:/Jing/ecoChina2/dual suit/mf_var/2011-2040SSP245/dual_suitability_zone6.tif,,5,pop_zone6,#0077B6,2011-2040,SSP245,Plain MF RF
lariGme,lariGme-Zone6,6,Cold-temperate and temperate marshes,446,mf_var,2011-2040SSP585,0.4,0,164853.866629313,280922.275671648,0.0356933031282349,0.949869513511658,source-zone dual suitability raster,H:/Jing/ecoChina2/dual suit/mf_var/2011-2040SSP585/dual_suitability_zone6.tif,,5,pop_zone6,#0077B6,2011-2040,SSP585,Plain MF RF
lariGme,lariGme-Zone6,6,Cold-temperate and temperate marshes,446,mf_var,2041-2070SSP245,0.4,0,70443.5757974285,244322.616183047,0.0306790489592563,0.857739150524139,source-zone dual suitability raster,H:/Jing/ecoChina2/dual suit/mf_var/2041-2070SSP245/dual_suitability_zone6.tif,,5,pop_zone6,#0077B6,2041-2070,SSP245,Plain MF RF
lariGme,lariGme-Zone6,6,Cold-temperate and temperate marshes,446,mf_var,2041-2070SSP585,0.4,0,30681.4579362326,238102.35499351,0.0297590825211024,0.619115591049194,source-zone dual suitability raster,H:/Jing/ecoChina2/dual suit/mf_var/2041-2070SSP585/dual_suitability_zone6.tif,,5,pop_zone6,#0077B6,2041-2070,SSP585,Plain MF RF
lariGme,lariGme-Zone6,6,Cold-temperate and temperate marshes,446,mf_var,2071-2100SSP245,0.4,0,16282.1812473039,231185.070731099,0.0288581166410638,0.618782579898834,source-zone dual suitability raster,H:/Jing/ecoChina2/dual suit/mf_var/2071-2100SSP245/dual_suitability_zone6.tif,,5,pop_zone6,#0077B6,2071-2100,SSP245,Plain MF RF
lariGme,lariGme-Zone6,6,Cold-temperate and temperate marshes,446,mf_var,2071-2100SSP585,0.4,0,610.388203227864,245010.920128478,0.030385322932758,0.45221808552742,source-zone dual suitability raster,H:/Jing/ecoChina2/dual suit/mf_var/2071-2100SSP585/dual_suitability_zone6.tif,,5,pop_zone6,#0077B6,2071-2100,SSP585,Plain MF RF
lariGme,lariGme-Zone6,6,Cold-temperate and temperate marshes,446,rf_var,2011-2040SSP245,0.4,0,189603.426427187,285736.372414113,0.0363448597316715,0.991063237190247,source-zone dual suitability raster,H:/Jing/ecoChina2/dual suit/rf_var/2011-2040SSP245/dual_suitability_zone6.tif,,5,pop_zone6,#0077B6,2011-2040,SSP245,Plain RF
lariGme,lariGme-Zone6,6,Cold-temperate and temperate marshes,446,rf_var,2011-2040SSP585,0.4,0,165610.223187434,280313.444759524,0.0356268444401221,0.969105362892151,source-zone dual suitability raster,H:/Jing/ecoChina2/dual suit/rf_var/2011-2040SSP585/dual_suitability_zone6.tif,,5,pop_zone6,#0077B6,2011-2040,SSP585,Plain RF
lariGme,lariGme-Zone6,6,Cold-temperate and temperate marshes,446,rf_var,2041-2070SSP245,0.4,0,70665.1113330956,243225.488068125,0.0305848599437144,0.870011270046234,source-zone dual suitability raster,H:/Jing/ecoChina2/dual suit/rf_var/2041-2070SSP245/dual_suitability_zone6.tif,,5,pop_zone6,#0077B6,2041-2070,SSP245,Plain RF
lariGme,lariGme-Zone6,6,Cold-temperate and temperate marshes,446,rf_var,2041-2070SSP585,0.4,0,33397.9694093966,238337.669988662,0.0298253923957024,0.64671516418457,source-zone dual suitability raster,H:/Jing/ecoChina2/dual suit/rf_var/2041-2070SSP585/dual_suitability_zone6.tif,,5,pop_zone6,#0077B6,2041-2070,SSP585,Plain RF
lariGme,lariGme-Zone6,6,Cold-temperate and temperate marshes,446,rf_var,2071-2100SSP245,0.4,0,18572.9021704573,230931.59757307,0.0288594907996159,0.638346314430237,source-zone dual suitability raster,H:/Jing/ecoChina2/dual suit/rf_var/2071-2100SSP245/dual_suitability_zone6.tif,,5,pop_zone6,#0077B6,2071-2100,SSP245,Plain RF
lariGme,lariGme-Zone6,6,Cold-temperate and temperate marshes,446,rf_var,2071-2100SSP585,0.4,0,542.087108173083,240636.390910631,0.0298724576228062,0.458286255598068,source-zone dual suitability raster,H:/Jing/ecoChina2/dual suit/rf_var/2071-2100SSP585/dual_suitability_zone6.tif,,5,pop_zone6,#0077B6,2071-2100,SSP585,Plain RF
lariGme,lariGme-Zone7,7,Deciduous scrubs in temperate zone,47,mf_var,2011-2040SSP245,0.4,0,908222.556495777,934497.083030635,0.105980623092223,0.996783018112183,source-zone dual suitability raster,H:/Jing/ecoChina2/dual suit/mf_var/2011-2040SSP245/dual_suitability_zone7.tif,,6,pop_zone7,#C77DFF,2011-2040,SSP245,Plain MF RF
lariGme,lariGme-Zone7,7,Deciduous scrubs in temperate zone,47,mf_var,2011-2040SSP585,0.4,0,901063.119536924,934465.075687479,0.105964182738458,0.996502697467804,source-zone dual suitability raster,H:/Jing/ecoChina2/dual suit/mf_var/2011-2040SSP585/dual_suitability_zone7.tif,,6,pop_zone7,#C77DFF,2011-2040,SSP585,Plain MF RF
lariGme,lariGme-Zone7,7,Deciduous scrubs in temperate zone,47,mf_var,2041-2070SSP245,0.4,0,789049.333383077,911794.572980806,0.103733252544119,0.990764439105988,source-zone dual suitability raster,H:/Jing/ecoChina2/dual suit/mf_var/2041-2070SSP245/dual_suitability_zone7.tif,,6,pop_zone7,#C77DFF,2041-2070,SSP245,Plain MF RF
lariGme,lariGme-Zone7,7,Deciduous scrubs in temperate zone,47,mf_var,2041-2070SSP585,0.4,0,658658.232643191,859045.038130618,0.0979781783470154,0.984044671058655,source-zone dual suitability raster,H:/Jing/ecoChina2/dual suit/mf_var/2041-2070SSP585/dual_suitability_zone7.tif,,6,pop_zone7,#C77DFF,2041-2070,SSP585,Plain MF RF
lariGme,lariGme-Zone7,7,Deciduous scrubs in temperate zone,47,mf_var,2071-2100SSP245,0.4,0,650896.814262179,855620.282062806,0.0976323970408807,0.980042815208435,source-zone dual suitability raster,H:/Jing/ecoChina2/dual suit/mf_var/2071-2100SSP245/dual_suitability_zone7.tif,,6,pop_zone7,#C77DFF,2071-2100,SSP245,Plain MF RF
lariGme,lariGme-Zone7,7,Deciduous scrubs in temperate zone,47,mf_var,2071-2100SSP585,0.4,0,393028.573989724,747137.85956508,0.0856138736939156,0.95249342918396,source-zone dual suitability raster,H:/Jing/ecoChina2/dual suit/mf_var/2071-2100SSP585/dual_suitability_zone7.tif,,6,pop_zone7,#C77DFF,2071-2100,SSP585,Plain MF RF
lariGme,lariGme-Zone7,7,Deciduous scrubs in temperate zone,47,rf_var,2011-2040SSP245,0.4,0,915449.876126181,937998.821926289,0.106327823450021,0.997853755950928,source-zone dual suitability raster,H:/Jing/ecoChina2/dual suit/rf_var/2011-2040SSP245/dual_suitability_zone7.tif,,6,pop_zone7,#C77DFF,2011-2040,SSP245,Plain RF
lariGme,lariGme-Zone7,7,Deciduous scrubs in temperate zone,47,rf_var,2011-2040SSP585,0.4,0,908772.259378617,937973.053041428,0.106325024393075,0.998431622982025,source-zone dual suitability raster,H:/Jing/ecoChina2/dual suit/rf_var/2011-2040SSP585/dual_suitability_zone7.tif,,6,pop_zone7,#C77DFF,2011-2040,SSP585,Plain RF
lariGme,lariGme-Zone7,7,Deciduous scrubs in temperate zone,47,rf_var,2041-2070SSP245,0.4,0,802072.949460654,916046.868555697,0.104216838089282,0.992921352386475,source-zone dual suitability raster,H:/Jing/ecoChina2/dual suit/rf_var/2041-2070SSP245/dual_suitability_zone7.tif,,6,pop_zone7,#C77DFF,2041-2070,SSP245,Plain RF
lariGme,lariGme-Zone7,7,Deciduous scrubs in temperate zone,47,rf_var,2041-2070SSP585,0.4,0,680644.522942131,865859.510441791,0.0987751379516298,0.985073983669281,source-zone dual suitability raster,H:/Jing/ecoChina2/dual suit/rf_var/2041-2070SSP585/dual_suitability_zone7.tif,,6,pop_zone7,#C77DFF,2041-2070,SSP585,Plain RF
lariGme,lariGme-Zone7,7,Deciduous scrubs in temperate zone,47,rf_var,2071-2100SSP245,0.4,0,674969.461701602,861728.674019583,0.098343549799356,0.983543455600739,source-zone dual suitability raster,H:/Jing/ecoChina2/dual suit/rf_var/2071-2100SSP245/dual_suitability_zone7.tif,,6,pop_zone7,#C77DFF,2071-2100,SSP245,Plain RF
lariGme,lariGme-Zone7,7,Deciduous scrubs in temperate zone,47,rf_var,2071-2100SSP585,0.4,0,408782.274633449,757323.165010512,0.0868908826622547,0.956230461597443,source-zone dual suitability raster,H:/Jing/ecoChina2/dual suit/rf_var/2071-2100SSP585/dual_suitability_zone7.tif,,6,pop_zone7,#C77DFF,2071-2100,SSP585,Plain RF
lariGme,lariGme-Zone9,9,Needleleaf and deciduous broadleaf mixed forests in temperate zone,10,mf_var,2011-2040SSP245,0.4,0,55320.4279589489,100334.915791326,0.0127079467213817,0.999932825565338,source-zone dual suitability raster,H:/Jing/ecoChina2/dual suit/mf_var/2011-2040SSP245/dual_suitability_zone9.tif,,7,pop_zone9,#2CA25F,2011-2040,SSP245,Plain MF RF
lariGme,lariGme-Zone9,9,Needleleaf and deciduous broadleaf mixed forests in temperate zone,10,mf_var,2011-2040SSP585,0.4,0,47177.0355178703,97988.9234986945,0.0124203498471911,0.999646008014679,source-zone dual suitability raster,H:/Jing/ecoChina2/dual suit/mf_var/2011-2040SSP585/dual_suitability_zone9.tif,,7,pop_zone9,#2CA25F,2011-2040,SSP585,Plain MF RF
lariGme,lariGme-Zone9,9,Needleleaf and deciduous broadleaf mixed forests in temperate zone,10,mf_var,2041-2070SSP245,0.4,0,16008.607217432,84073.0968336389,0.01084902916372,0.993692934513092,source-zone dual suitability raster,H:/Jing/ecoChina2/dual suit/mf_var/2041-2070SSP245/dual_suitability_zone9.tif,,7,pop_zone9,#2CA25F,2041-2070,SSP245,Plain MF RF
lariGme,lariGme-Zone9,9,Needleleaf and deciduous broadleaf mixed forests in temperate zone,10,mf_var,2041-2070SSP585,0.4,0,7746.52022501021,73656.5598007953,0.00958450123057275,0.990336179733276,source-zone dual suitability raster,H:/Jing/ecoChina2/dual suit/mf_var/2041-2070SSP585/dual_suitability_zone9.tif,,7,pop_zone9,#2CA25F,2041-2070,SSP585,Plain MF RF
lariGme,lariGme-Zone9,9,Needleleaf and deciduous broadleaf mixed forests in temperate zone,10,mf_var,2071-2100SSP245,0.4,0,12198.8772972635,78822.7735701386,0.0103027752528711,0.989929735660553,source-zone dual suitability raster,H:/Jing/ecoChina2/dual suit/mf_var/2071-2100SSP245/dual_suitability_zone9.tif,,7,pop_zone9,#2CA25F,2071-2100,SSP245,Plain MF RF
lariGme,lariGme-Zone9,9,Needleleaf and deciduous broadleaf mixed forests in temperate zone,10,mf_var,2071-2100SSP585,0.4,0,3403.46490564527,58003.2769665608,0.0076496009211478,0.795128703117371,source-zone dual suitability raster,H:/Jing/ecoChina2/dual suit/mf_var/2071-2100SSP585/dual_suitability_zone9.tif,,7,pop_zone9,#2CA25F,2071-2100,SSP585,Plain MF RF
lariGme,lariGme-Zone9,9,Needleleaf and deciduous broadleaf mixed forests in temperate zone,10,rf_var,2011-2040SSP245,0.4,0,61094.995885477,101837.981501957,0.012898076793485,0.999935507774353,source-zone dual suitability raster,H:/Jing/ecoChina2/dual suit/rf_var/2011-2040SSP245/dual_suitability_zone9.tif,,7,pop_zone9,#2CA25F,2011-2040,SSP245,Plain RF
lariGme,lariGme-Zone9,9,Needleleaf and deciduous broadleaf mixed forests in temperate zone,10,rf_var,2011-2040SSP585,0.4,0,52812.7008438896,99993.9673669055,0.0126735127691314,0.999683976173401,source-zone dual suitability raster,H:/Jing/ecoChina2/dual suit/rf_var/2011-2040SSP585/dual_suitability_zone9.tif,,7,pop_zone9,#2CA25F,2011-2040,SSP585,Plain RF
lariGme,lariGme-Zone9,9,Needleleaf and deciduous broadleaf mixed forests in temperate zone,10,rf_var,2041-2070SSP245,0.4,0,17633.0961425385,90759.0619840274,0.0117162215073509,0.996218740940094,source-zone dual suitability raster,H:/Jing/ecoChina2/dual suit/rf_var/2041-2070SSP245/dual_suitability_zone9.tif,,7,pop_zone9,#2CA25F,2041-2070,SSP245,Plain RF
lariGme,lariGme-Zone9,9,Needleleaf and deciduous broadleaf mixed forests in temperate zone,10,rf_var,2041-2070SSP585,0.4,0,8269.68243724667,81594.0984531048,0.0106218862187667,0.989831149578094,source-zone dual suitability raster,H:/Jing/ecoChina2/dual suit/rf_var/2041-2070SSP585/dual_suitability_zone9.tif,,7,pop_zone9,#2CA25F,2041-2070,SSP585,Plain RF
lariGme,lariGme-Zone9,9,Needleleaf and deciduous broadleaf mixed forests in temperate zone,10,rf_var,2071-2100SSP245,0.4,0,13078.2208190341,87193.8451331985,0.0113991979687007,0.988303601741791,source-zone dual suitability raster,H:/Jing/ecoChina2/dual suit/rf_var/2071-2100SSP245/dual_suitability_zone9.tif,,7,pop_zone9,#2CA25F,2071-2100,SSP245,Plain RF
lariGme,lariGme-Zone9,9,Needleleaf and deciduous broadleaf mixed forests in temperate zone,10,rf_var,2071-2100SSP585,0.4,0,5964.16824051986,64644.6488283702,0.00853241265500784,0.757963538169861,source-zone dual suitability raster,H:/Jing/ecoChina2/dual suit/rf_var/2071-2100SSP585/dual_suitability_zone9.tif,,7,pop_zone9,#2CA25F,2071-2100,SSP585,Plain RF
lariGme,lariGme-Zone12,12,One year one ripe grain fields and cold-tolerant economic crop fields,27,mf_var,2011-2040SSP245,0.4,0,687529.386053926,576720.463644728,0.0696010514688635,0.989748597145081,source-zone dual suitability raster,H:/Jing/ecoChina2/dual suit/mf_var/2011-2040SSP245/dual_suitability_zone12.tif,,8,pop_zone12,#F8961E,2011-2040,SSP245,Plain MF RF
lariGme,lariGme-Zone12,12,One year one ripe grain fields and cold-tolerant economic crop fields,27,mf_var,2011-2040SSP585,0.4,0,684651.002275556,574065.234252003,0.0692936643059734,0.988612294197083,source-zone dual suitability raster,H:/Jing/ecoChina2/dual suit/mf_var/2011-2040SSP585/dual_suitability_zone12.tif,,8,pop_zone12,#F8961E,2011-2040,SSP585,Plain MF RF
lariGme,lariGme-Zone12,12,One year one ripe grain fields and cold-tolerant economic crop fields,27,mf_var,2041-2070SSP245,0.4,0,672857.112385937,554526.938809595,0.0672475592591682,0.955785870552063,source-zone dual suitability raster,H:/Jing/ecoChina2/dual suit/mf_var/2041-2070SSP245/dual_suitability_zone12.tif,,8,pop_zone12,#F8961E,2041-2070,SSP245,Plain MF RF
lariGme,lariGme-Zone12,12,One year one ripe grain fields and cold-tolerant economic crop fields,27,mf_var,2041-2070SSP585,0.4,0,659333.830924221,540024.033190229,0.0657122640119853,0.925334751605988,source-zone dual suitability raster,H:/Jing/ecoChina2/dual suit/mf_var/2041-2070SSP585/dual_suitability_zone12.tif,,8,pop_zone12,#F8961E,2041-2070,SSP585,Plain MF RF
lariGme,lariGme-Zone12,12,One year one ripe grain fields and cold-tolerant economic crop fields,27,mf_var,2071-2100SSP245,0.4,0,665389.60517749,535568.447180939,0.0652492177841681,0.946377277374268,source-zone dual suitability raster,H:/Jing/ecoChina2/dual suit/mf_var/2071-2100SSP245/dual_suitability_zone12.tif,,8,pop_zone12,#F8961E,2071-2100,SSP245,Plain MF RF
lariGme,lariGme-Zone12,12,One year one ripe grain fields and cold-tolerant economic crop fields,27,mf_var,2071-2100SSP585,0.4,0,603412.868564043,484207.002280034,0.059455235097451,0.876193463802338,source-zone dual suitability raster,H:/Jing/ecoChina2/dual suit/mf_var/2071-2100SSP585/dual_suitability_zone12.tif,,8,pop_zone12,#F8961E,2071-2100,SSP585,Plain MF RF
lariGme,lariGme-Zone12,12,One year one ripe grain fields and cold-tolerant economic crop fields,27,rf_var,2011-2040SSP245,0.4,0,681856.379951879,579043.923716203,0.069902941660957,0.992185473442078,source-zone dual suitability raster,H:/Jing/ecoChina2/dual suit/rf_var/2011-2040SSP245/dual_suitability_zone12.tif,,8,pop_zone12,#F8961E,2011-2040,SSP245,Plain RF
lariGme,lariGme-Zone12,12,One year one ripe grain fields and cold-tolerant economic crop fields,27,rf_var,2011-2040SSP585,0.4,0,677938.705035558,576229.626208941,0.0695766164888863,0.987574756145477,source-zone dual suitability raster,H:/Jing/ecoChina2/dual suit/rf_var/2011-2040SSP585/dual_suitability_zone12.tif,,8,pop_zone12,#F8961E,2011-2040,SSP585,Plain RF
lariGme,lariGme-Zone12,12,One year one ripe grain fields and cold-tolerant economic crop fields,27,rf_var,2041-2070SSP245,0.4,0,651671.405817342,553949.172555006,0.0671695815402889,0.960653603076935,source-zone dual suitability raster,H:/Jing/ecoChina2/dual suit/rf_var/2041-2070SSP245/dual_suitability_zone12.tif,,8,pop_zone12,#F8961E,2041-2070,SSP245,Plain RF
lariGme,lariGme-Zone12,12,One year one ripe grain fields and cold-tolerant economic crop fields,27,rf_var,2041-2070SSP585,0.4,0,638915.722741987,535518.658799448,0.0651478382388732,0.916265666484833,source-zone dual suitability raster,H:/Jing/ecoChina2/dual suit/rf_var/2041-2070SSP585/dual_suitability_zone12.tif,,8,pop_zone12,#F8961E,2041-2070,SSP585,Plain RF
lariGme,lariGme-Zone12,12,One year one ripe grain fields and cold-tolerant economic crop fields,27,rf_var,2071-2100SSP245,0.4,0,640682.675030394,530369.633461102,0.0646029007431166,0.953819572925568,source-zone dual suitability raster,H:/Jing/ecoChina2/dual suit/rf_var/2071-2100SSP245/dual_suitability_zone12.tif,,8,pop_zone12,#F8961E,2071-2100,SSP245,Plain RF
lariGme,lariGme-Zone12,12,One year one ripe grain fields and cold-tolerant economic crop fields,27,rf_var,2071-2100SSP585,0.4,0,583635.892606511,474186.079490388,0.0582120394052559,0.876714050769806,source-zone dual suitability raster,H:/Jing/ecoChina2/dual suit/rf_var/2071-2100SSP585/dual_suitability_zone12.tif,,8,pop_zone12,#F8961E,2071-2100,SSP585,Plain RF
lariOlg,lariOlg-Zone2,2,Needleleaf forests in cold-temperate zone and on mountains in temperate zone,6784,mf_var,2011-2040SSP245,0.4,0,441868.742190835,407986.683885608,0.0506599824562428,0.999566197395325,source-zone dual suitability raster,H:/Jing/ecoChina2/dual suit/mf_var/2011-2040SSP245/dual_suitability_zone2.tif,,1,pop_zone2,#005A32,2011-2040,SSP245,Plain MF RF
lariOlg,lariOlg-Zone2,2,Needleleaf forests in cold-temperate zone and on mountains in temperate zone,6784,mf_var,2011-2040SSP585,0.4,0,436114.158125413,405831.255096648,0.0503364814116758,0.998945295810699,source-zone dual suitability raster,H:/Jing/ecoChina2/dual suit/mf_var/2011-2040SSP585/dual_suitability_zone2.tif,,1,pop_zone2,#005A32,2011-2040,SSP585,Plain MF RF
lariOlg,lariOlg-Zone2,2,Needleleaf forests in cold-temperate zone and on mountains in temperate zone,6784,mf_var,2041-2070SSP245,0.4,0,322965.37359334,360329.513350918,0.0443395904559987,0.988284826278687,source-zone dual suitability raster,H:/Jing/ecoChina2/dual suit/mf_var/2041-2070SSP245/dual_suitability_zone2.tif,,1,pop_zone2,#005A32,2041-2070,SSP245,Plain MF RF
lariOlg,lariOlg-Zone2,2,Needleleaf forests in cold-temperate zone and on mountains in temperate zone,6784,mf_var,2041-2070SSP585,0.4,0,238190.214695515,323651.26261464,0.0397353736527453,0.983393430709839,source-zone dual suitability raster,H:/Jing/ecoChina2/dual suit/mf_var/2041-2070SSP585/dual_suitability_zone2.tif,,1,pop_zone2,#005A32,2041-2070,SSP585,Plain MF RF
lariOlg,lariOlg-Zone2,2,Needleleaf forests in cold-temperate zone and on mountains in temperate zone,6784,mf_var,2071-2100SSP245,0.4,0,244686.249947008,321334.970776616,0.0394826830858126,0.984200537204742,source-zone dual suitability raster,H:/Jing/ecoChina2/dual suit/mf_var/2071-2100SSP245/dual_suitability_zone2.tif,,1,pop_zone2,#005A32,2071-2100,SSP245,Plain MF RF
lariOlg,lariOlg-Zone2,2,Needleleaf forests in cold-temperate zone and on mountains in temperate zone,6784,mf_var,2071-2100SSP585,0.4,0,83869.0767848334,235643.248811136,0.0288448067607971,0.924440920352936,source-zone dual suitability raster,H:/Jing/ecoChina2/dual suit/mf_var/2071-2100SSP585/dual_suitability_zone2.tif,,1,pop_zone2,#005A32,2071-2100,SSP585,Plain MF RF
lariOlg,lariOlg-Zone2,2,Needleleaf forests in cold-temperate zone and on mountains in temperate zone,6784,rf_var,2011-2040SSP245,0.4,0,445788.363112459,407554.448234486,0.0506741979226402,0.998979210853577,source-zone dual suitability raster,H:/Jing/ecoChina2/dual suit/rf_var/2011-2040SSP245/dual_suitability_zone2.tif,,1,pop_zone2,#005A32,2011-2040,SSP245,Plain RF
lariOlg,lariOlg-Zone2,2,Needleleaf forests in cold-temperate zone and on mountains in temperate zone,6784,rf_var,2011-2040SSP585,0.4,0,440985.455767389,405834.080209795,0.0504090562426134,0.998000025749207,source-zone dual suitability raster,H:/Jing/ecoChina2/dual suit/rf_var/2011-2040SSP585/dual_suitability_zone2.tif,,1,pop_zone2,#005A32,2011-2040,SSP585,Plain RF
lariOlg,lariOlg-Zone2,2,Needleleaf forests in cold-temperate zone and on mountains in temperate zone,6784,rf_var,2041-2070SSP245,0.4,0,342415.178873258,364226.572559096,0.0449264993101367,0.993339657783508,source-zone dual suitability raster,H:/Jing/ecoChina2/dual suit/rf_var/2041-2070SSP245/dual_suitability_zone2.tif,,1,pop_zone2,#005A32,2041-2070,SSP245,Plain RF
lariOlg,lariOlg-Zone2,2,Needleleaf forests in cold-temperate zone and on mountains in temperate zone,6784,rf_var,2041-2070SSP585,0.4,0,251362.02844134,328480.481044789,0.0404412618356809,0.990986883640289,source-zone dual suitability raster,H:/Jing/ecoChina2/dual suit/rf_var/2041-2070SSP585/dual_suitability_zone2.tif,,1,pop_zone2,#005A32,2041-2070,SSP585,Plain RF
lariOlg,lariOlg-Zone2,2,Needleleaf forests in cold-temperate zone and on mountains in temperate zone,6784,rf_var,2071-2100SSP245,0.4,0,258930.434130628,324580.564832491,0.0399991908008664,0.990415990352631,source-zone dual suitability raster,H:/Jing/ecoChina2/dual suit/rf_var/2071-2100SSP245/dual_suitability_zone2.tif,,1,pop_zone2,#005A32,2071-2100,SSP245,Plain RF
lariOlg,lariOlg-Zone2,2,Needleleaf forests in cold-temperate zone and on mountains in temperate zone,6784,rf_var,2071-2100SSP585,0.4,0,87292.7965722656,239664.018711762,0.0294335513283457,0.926515579223633,source-zone dual suitability raster,H:/Jing/ecoChina2/dual suit/rf_var/2071-2100SSP585/dual_suitability_zone2.tif,,1,pop_zone2,#005A32,2071-2100,SSP585,Plain RF
lariOlg,lariOlg-Zone3,3,Broadleaf deciduous forests in temperate zone,135,mf_var,2011-2040SSP245,0.4,0,993635.22619721,859962.785620512,0.100694845089152,0.998881220817566,source-zone dual suitability raster,H:/Jing/ecoChina2/dual suit/mf_var/2011-2040SSP245/dual_suitability_zone3.tif,,2,pop_zone3,#33A02C,2011-2040,SSP245,Plain MF RF
lariOlg,lariOlg-Zone3,3,Broadleaf deciduous forests in temperate zone,135,mf_var,2011-2040SSP585,0.4,0,985769.279341816,853139.63246846,0.0999161008774694,0.998743116855621,source-zone dual suitability raster,H:/Jing/ecoChina2/dual suit/mf_var/2011-2040SSP585/dual_suitability_zone3.tif,,2,pop_zone3,#33A02C,2011-2040,SSP585,Plain MF RF
lariOlg,lariOlg-Zone3,3,Broadleaf deciduous forests in temperate zone,135,mf_var,2041-2070SSP245,0.4,0,874342.812220739,800280.224965375,0.0939041557194049,0.997041821479797,source-zone dual suitability raster,H:/Jing/ecoChina2/dual suit/mf_var/2041-2070SSP245/dual_suitability_zone3.tif,,2,pop_zone3,#33A02C,2041-2070,SSP245,Plain MF RF
lariOlg,lariOlg-Zone3,3,Broadleaf deciduous forests in temperate zone,135,mf_var,2041-2070SSP585,0.4,0,785597.711089381,749696.498589789,0.0878385345561061,0.99680233001709,source-zone dual suitability raster,H:/Jing/ecoChina2/dual suit/mf_var/2041-2070SSP585/dual_suitability_zone3.tif,,2,pop_zone3,#33A02C,2041-2070,SSP585,Plain MF RF
lariOlg,lariOlg-Zone3,3,Broadleaf deciduous forests in temperate zone,135,mf_var,2071-2100SSP245,0.4,0,811931.633286415,759682.638879593,0.0892004556411383,0.995563089847565,source-zone dual suitability raster,H:/Jing/ecoChina2/dual suit/mf_var/2071-2100SSP245/dual_suitability_zone3.tif,,2,pop_zone3,#33A02C,2071-2100,SSP245,Plain MF RF
lariOlg,lariOlg-Zone3,3,Broadleaf deciduous forests in temperate zone,135,mf_var,2071-2100SSP585,0.4,0,576590.276605275,658801.562759587,0.0767344028219359,0.991776645183563,source-zone dual suitability raster,H:/Jing/ecoChina2/dual suit/mf_var/2071-2100SSP585/dual_suitability_zone3.tif,,2,pop_zone3,#33A02C,2071-2100,SSP585,Plain MF RF
lariOlg,lariOlg-Zone3,3,Broadleaf deciduous forests in temperate zone,135,rf_var,2011-2040SSP245,0.4,0,991722.749347063,861560.655124556,0.100902788265769,0.999992907047272,source-zone dual suitability raster,H:/Jing/ecoChina2/dual suit/rf_var/2011-2040SSP245/dual_suitability_zone3.tif,,2,pop_zone3,#33A02C,2011-2040,SSP245,Plain RF
lariOlg,lariOlg-Zone3,3,Broadleaf deciduous forests in temperate zone,135,rf_var,2011-2040SSP585,0.4,0,981961.397039727,854822.923468484,0.100129128272168,0.999916553497314,source-zone dual suitability raster,H:/Jing/ecoChina2/dual suit/rf_var/2011-2040SSP585/dual_suitability_zone3.tif,,2,pop_zone3,#33A02C,2011-2040,SSP585,Plain RF
lariOlg,lariOlg-Zone3,3,Broadleaf deciduous forests in temperate zone,135,rf_var,2041-2070SSP245,0.4,0,874247.31122507,801793.902612769,0.094090862546497,0.99936580657959,source-zone dual suitability raster,H:/Jing/ecoChina2/dual suit/rf_var/2041-2070SSP245/dual_suitability_zone3.tif,,2,pop_zone3,#33A02C,2041-2070,SSP245,Plain RF
lariOlg,lariOlg-Zone3,3,Broadleaf deciduous forests in temperate zone,135,rf_var,2041-2070SSP585,0.4,0,785609.683738769,750298.876439071,0.0879103325746048,0.997088074684143,source-zone dual suitability raster,H:/Jing/ecoChina2/dual suit/rf_var/2041-2070SSP585/dual_suitability_zone3.tif,,2,pop_zone3,#33A02C,2041-2070,SSP585,Plain RF
lariOlg,lariOlg-Zone3,3,Broadleaf deciduous forests in temperate zone,135,rf_var,2071-2100SSP245,0.4,0,811948.561559728,759729.980661084,0.0891995072155314,0.996340930461884,source-zone dual suitability raster,H:/Jing/ecoChina2/dual suit/rf_var/2071-2100SSP245/dual_suitability_zone3.tif,,2,pop_zone3,#33A02C,2071-2100,SSP245,Plain RF
lariOlg,lariOlg-Zone3,3,Broadleaf deciduous forests in temperate zone,135,rf_var,2071-2100SSP585,0.4,0,593181.705103553,665629.026332713,0.0775587035246543,0.995232582092285,source-zone dual suitability raster,H:/Jing/ecoChina2/dual suit/rf_var/2071-2100SSP585/dual_suitability_zone3.tif,,2,pop_zone3,#33A02C,2071-2100,SSP585,Plain RF
lariOlg,lariOlg-Zone6,6,Cold-temperate and temperate marshes,108,mf_var,2011-2040SSP245,0.4,0,183731.362561371,285745.977986672,0.0363282797215363,0.982295453548431,source-zone dual suitability raster,H:/Jing/ecoChina2/dual suit/mf_var/2011-2040SSP245/dual_suitability_zone6.tif,,3,pop_zone6,#0077B6,2011-2040,SSP245,Plain MF RF
lariOlg,lariOlg-Zone6,6,Cold-temperate and temperate marshes,108,mf_var,2011-2040SSP585,0.4,0,164853.866629313,280922.275671648,0.0356933031282349,0.949869513511658,source-zone dual suitability raster,H:/Jing/ecoChina2/dual suit/mf_var/2011-2040SSP585/dual_suitability_zone6.tif,,3,pop_zone6,#0077B6,2011-2040,SSP585,Plain MF RF
lariOlg,lariOlg-Zone6,6,Cold-temperate and temperate marshes,108,mf_var,2041-2070SSP245,0.4,0,70443.5757974285,244322.616183047,0.0306790489592563,0.857739150524139,source-zone dual suitability raster,H:/Jing/ecoChina2/dual suit/mf_var/2041-2070SSP245/dual_suitability_zone6.tif,,3,pop_zone6,#0077B6,2041-2070,SSP245,Plain MF RF
lariOlg,lariOlg-Zone6,6,Cold-temperate and temperate marshes,108,mf_var,2041-2070SSP585,0.4,0,30681.4579362326,238102.35499351,0.0297590825211024,0.619115591049194,source-zone dual suitability raster,H:/Jing/ecoChina2/dual suit/mf_var/2041-2070SSP585/dual_suitability_zone6.tif,,3,pop_zone6,#0077B6,2041-2070,SSP585,Plain MF RF
lariOlg,lariOlg-Zone6,6,Cold-temperate and temperate marshes,108,mf_var,2071-2100SSP245,0.4,0,16282.1812473039,231185.070731099,0.0288581166410638,0.618782579898834,source-zone dual suitability raster,H:/Jing/ecoChina2/dual suit/mf_var/2071-2100SSP245/dual_suitability_zone6.tif,,3,pop_zone6,#0077B6,2071-2100,SSP245,Plain MF RF
lariOlg,lariOlg-Zone6,6,Cold-temperate and temperate marshes,108,mf_var,2071-2100SSP585,0.4,0,610.388203227864,245010.920128478,0.030385322932758,0.45221808552742,source-zone dual suitability raster,H:/Jing/ecoChina2/dual suit/mf_var/2071-2100SSP585/dual_suitability_zone6.tif,,3,pop_zone6,#0077B6,2071-2100,SSP585,Plain MF RF
lariOlg,lariOlg-Zone6,6,Cold-temperate and temperate marshes,108,rf_var,2011-2040SSP245,0.4,0,189603.426427187,285736.372414113,0.0363448597316715,0.991063237190247,source-zone dual suitability raster,H:/Jing/ecoChina2/dual suit/rf_var/2011-2040SSP245/dual_suitability_zone6.tif,,3,pop_zone6,#0077B6,2011-2040,SSP245,Plain RF
lariOlg,lariOlg-Zone6,6,Cold-temperate and temperate marshes,108,rf_var,2011-2040SSP585,0.4,0,165610.223187434,280313.444759524,0.0356268444401221,0.969105362892151,source-zone dual suitability raster,H:/Jing/ecoChina2/dual suit/rf_var/2011-2040SSP585/dual_suitability_zone6.tif,,3,pop_zone6,#0077B6,2011-2040,SSP585,Plain RF
lariOlg,lariOlg-Zone6,6,Cold-temperate and temperate marshes,108,rf_var,2041-2070SSP245,0.4,0,70665.1113330956,243225.488068125,0.0305848599437144,0.870011270046234,source-zone dual suitability raster,H:/Jing/ecoChina2/dual suit/rf_var/2041-2070SSP245/dual_suitability_zone6.tif,,3,pop_zone6,#0077B6,2041-2070,SSP245,Plain RF
lariOlg,lariOlg-Zone6,6,Cold-temperate and temperate marshes,108,rf_var,2041-2070SSP585,0.4,0,33397.9694093966,238337.669988662,0.0298253923957024,0.64671516418457,source-zone dual suitability raster,H:/Jing/ecoChina2/dual suit/rf_var/2041-2070SSP585/dual_suitability_zone6.tif,,3,pop_zone6,#0077B6,2041-2070,SSP585,Plain RF
lariOlg,lariOlg-Zone6,6,Cold-temperate and temperate marshes,108,rf_var,2071-2100SSP245,0.4,0,18572.9021704573,230931.59757307,0.0288594907996159,0.638346314430237,source-zone dual suitability raster,H:/Jing/ecoChina2/dual suit/rf_var/2071-2100SSP245/dual_suitability_zone6.tif,,3,pop_zone6,#0077B6,2071-2100,SSP245,Plain RF
lariOlg,lariOlg-Zone6,6,Cold-temperate and temperate marshes,108,rf_var,2071-2100SSP585,0.4,0,542.087108173083,240636.390910631,0.0298724576228062,0.458286255598068,source-zone dual suitability raster,H:/Jing/ecoChina2/dual suit/rf_var/2071-2100SSP585/dual_suitability_zone6.tif,,3,pop_zone6,#0077B6,2071-2100,SSP585,Plain RF
lariOlg,lariOlg-Zone7,7,Deciduous scrubs in temperate zone,39,mf_var,2011-2040SSP245,0.4,0,908222.556495777,934497.083030635,0.105980623092223,0.996783018112183,source-zone dual suitability raster,H:/Jing/ecoChina2/dual suit/mf_var/2011-2040SSP245/dual_suitability_zone7.tif,,4,pop_zone7,#C77DFF,2011-2040,SSP245,Plain MF RF
lariOlg,lariOlg-Zone7,7,Deciduous scrubs in temperate zone,39,mf_var,2011-2040SSP585,0.4,0,901063.119536924,934465.075687479,0.105964182738458,0.996502697467804,source-zone dual suitability raster,H:/Jing/ecoChina2/dual suit/mf_var/2011-2040SSP585/dual_suitability_zone7.tif,,4,pop_zone7,#C77DFF,2011-2040,SSP585,Plain MF RF
lariOlg,lariOlg-Zone7,7,Deciduous scrubs in temperate zone,39,mf_var,2041-2070SSP245,0.4,0,789049.333383077,911794.572980806,0.103733252544119,0.990764439105988,source-zone dual suitability raster,H:/Jing/ecoChina2/dual suit/mf_var/2041-2070SSP245/dual_suitability_zone7.tif,,4,pop_zone7,#C77DFF,2041-2070,SSP245,Plain MF RF
lariOlg,lariOlg-Zone7,7,Deciduous scrubs in temperate zone,39,mf_var,2041-2070SSP585,0.4,0,658658.232643191,859045.038130618,0.0979781783470154,0.984044671058655,source-zone dual suitability raster,H:/Jing/ecoChina2/dual suit/mf_var/2041-2070SSP585/dual_suitability_zone7.tif,,4,pop_zone7,#C77DFF,2041-2070,SSP585,Plain MF RF
lariOlg,lariOlg-Zone7,7,Deciduous scrubs in temperate zone,39,mf_var,2071-2100SSP245,0.4,0,650896.814262179,855620.282062806,0.0976323970408807,0.980042815208435,source-zone dual suitability raster,H:/Jing/ecoChina2/dual suit/mf_var/2071-2100SSP245/dual_suitability_zone7.tif,,4,pop_zone7,#C77DFF,2071-2100,SSP245,Plain MF RF
lariOlg,lariOlg-Zone7,7,Deciduous scrubs in temperate zone,39,mf_var,2071-2100SSP585,0.4,0,393028.573989724,747137.85956508,0.0856138736939156,0.95249342918396,source-zone dual suitability raster,H:/Jing/ecoChina2/dual suit/mf_var/2071-2100SSP585/dual_suitability_zone7.tif,,4,pop_zone7,#C77DFF,2071-2100,SSP585,Plain MF RF
lariOlg,lariOlg-Zone7,7,Deciduous scrubs in temperate zone,39,rf_var,2011-2040SSP245,0.4,0,915449.876126181,937998.821926289,0.106327823450021,0.997853755950928,source-zone dual suitability raster,H:/Jing/ecoChina2/dual suit/rf_var/2011-2040SSP245/dual_suitability_zone7.tif,,4,pop_zone7,#C77DFF,2011-2040,SSP245,Plain RF
lariOlg,lariOlg-Zone7,7,Deciduous scrubs in temperate zone,39,rf_var,2011-2040SSP585,0.4,0,908772.259378617,937973.053041428,0.106325024393075,0.998431622982025,source-zone dual suitability raster,H:/Jing/ecoChina2/dual suit/rf_var/2011-2040SSP585/dual_suitability_zone7.tif,,4,pop_zone7,#C77DFF,2011-2040,SSP585,Plain RF
lariOlg,lariOlg-Zone7,7,Deciduous scrubs in temperate zone,39,rf_var,2041-2070SSP245,0.4,0,802072.949460654,916046.868555697,0.104216838089282,0.992921352386475,source-zone dual suitability raster,H:/Jing/ecoChina2/dual suit/rf_var/2041-2070SSP245/dual_suitability_zone7.tif,,4,pop_zone7,#C77DFF,2041-2070,SSP245,Plain RF
lariOlg,lariOlg-Zone7,7,Deciduous scrubs in temperate zone,39,rf_var,2041-2070SSP585,0.4,0,680644.522942131,865859.510441791,0.0987751379516298,0.985073983669281,source-zone dual suitability raster,H:/Jing/ecoChina2/dual suit/rf_var/2041-2070SSP585/dual_suitability_zone7.tif,,4,pop_zone7,#C77DFF,2041-2070,SSP585,Plain RF
lariOlg,lariOlg-Zone7,7,Deciduous scrubs in temperate zone,39,rf_var,2071-2100SSP245,0.4,0,674969.461701602,861728.674019583,0.098343549799356,0.983543455600739,source-zone dual suitability raster,H:/Jing/ecoChina2/dual suit/rf_var/2071-2100SSP245/dual_suitability_zone7.tif,,4,pop_zone7,#C77DFF,2071-2100,SSP245,Plain RF
lariOlg,lariOlg-Zone7,7,Deciduous scrubs in temperate zone,39,rf_var,2071-2100SSP585,0.4,0,408782.274633449,757323.165010512,0.0868908826622547,0.956230461597443,source-zone dual suitability raster,H:/Jing/ecoChina2/dual suit/rf_var/2071-2100SSP585/dual_suitability_zone7.tif,,4,pop_zone7,#C77DFF,2071-2100,SSP585,Plain RF
lariOlg,lariOlg-Zone9,9,Needleleaf and deciduous broadleaf mixed forests in temperate zone,28,mf_var,2011-2040SSP245,0.4,0,55320.4279589489,100334.915791326,0.0127079467213817,0.999932825565338,source-zone dual suitability raster,H:/Jing/ecoChina2/dual suit/mf_var/2011-2040SSP245/dual_suitability_zone9.tif,,5,pop_zone9,#2CA25F,2011-2040,SSP245,Plain MF RF
lariOlg,lariOlg-Zone9,9,Needleleaf and deciduous broadleaf mixed forests in temperate zone,28,mf_var,2011-2040SSP585,0.4,0,47177.0355178703,97988.9234986945,0.0124203498471911,0.999646008014679,source-zone dual suitability raster,H:/Jing/ecoChina2/dual suit/mf_var/2011-2040SSP585/dual_suitability_zone9.tif,,5,pop_zone9,#2CA25F,2011-2040,SSP585,Plain MF RF
lariOlg,lariOlg-Zone9,9,Needleleaf and deciduous broadleaf mixed forests in temperate zone,28,mf_var,2041-2070SSP245,0.4,0,16008.607217432,84073.0968336389,0.01084902916372,0.993692934513092,source-zone dual suitability raster,H:/Jing/ecoChina2/dual suit/mf_var/2041-2070SSP245/dual_suitability_zone9.tif,,5,pop_zone9,#2CA25F,2041-2070,SSP245,Plain MF RF
lariOlg,lariOlg-Zone9,9,Needleleaf and deciduous broadleaf mixed forests in temperate zone,28,mf_var,2041-2070SSP585,0.4,0,7746.52022501021,73656.5598007953,0.00958450123057275,0.990336179733276,source-zone dual suitability raster,H:/Jing/ecoChina2/dual suit/mf_var/2041-2070SSP585/dual_suitability_zone9.tif,,5,pop_zone9,#2CA25F,2041-2070,SSP585,Plain MF RF
lariOlg,lariOlg-Zone9,9,Needleleaf and deciduous broadleaf mixed forests in temperate zone,28,mf_var,2071-2100SSP245,0.4,0,12198.8772972635,78822.7735701386,0.0103027752528711,0.989929735660553,source-zone dual suitability raster,H:/Jing/ecoChina2/dual suit/mf_var/2071-2100SSP245/dual_suitability_zone9.tif,,5,pop_zone9,#2CA25F,2071-2100,SSP245,Plain MF RF
lariOlg,lariOlg-Zone9,9,Needleleaf and deciduous broadleaf mixed forests in temperate zone,28,mf_var,2071-2100SSP585,0.4,0,3403.46490564527,58003.2769665608,0.0076496009211478,0.795128703117371,source-zone dual suitability raster,H:/Jing/ecoChina2/dual suit/mf_var/2071-2100SSP585/dual_suitability_zone9.tif,,5,pop_zone9,#2CA25F,2071-2100,SSP585,Plain MF RF
lariOlg,lariOlg-Zone9,9,Needleleaf and deciduous broadleaf mixed forests in temperate zone,28,rf_var,2011-2040SSP245,0.4,0,61094.995885477,101837.981501957,0.012898076793485,0.999935507774353,source-zone dual suitability raster,H:/Jing/ecoChina2/dual suit/rf_var/2011-2040SSP245/dual_suitability_zone9.tif,,5,pop_zone9,#2CA25F,2011-2040,SSP245,Plain RF
lariOlg,lariOlg-Zone9,9,Needleleaf and deciduous broadleaf mixed forests in temperate zone,28,rf_var,2011-2040SSP585,0.4,0,52812.7008438896,99993.9673669055,0.0126735127691314,0.999683976173401,source-zone dual suitability raster,H:/Jing/ecoChina2/dual suit/rf_var/2011-2040SSP585/dual_suitability_zone9.tif,,5,pop_zone9,#2CA25F,2011-2040,SSP585,Plain RF
lariOlg,lariOlg-Zone9,9,Needleleaf and deciduous broadleaf mixed forests in temperate zone,28,rf_var,2041-2070SSP245,0.4,0,17633.0961425385,90759.0619840274,0.0117162215073509,0.996218740940094,source-zone dual suitability raster,H:/Jing/ecoChina2/dual suit/rf_var/2041-2070SSP245/dual_suitability_zone9.tif,,5,pop_zone9,#2CA25F,2041-2070,SSP245,Plain RF
lariOlg,lariOlg-Zone9,9,Needleleaf and deciduous broadleaf mixed forests in temperate zone,28,rf_var,2041-2070SSP585,0.4,0,8269.68243724667,81594.0984531048,0.0106218862187667,0.989831149578094,source-zone dual suitability raster,H:/Jing/ecoChina2/dual suit/rf_var/2041-2070SSP585/dual_suitability_zone9.tif,,5,pop_zone9,#2CA25F,2041-2070,SSP585,Plain RF
lariOlg,lariOlg-Zone9,9,Needleleaf and deciduous broadleaf mixed forests in temperate zone,28,rf_var,2071-2100SSP245,0.4,0,13078.2208190341,87193.8451331985,0.0113991979687007,0.988303601741791,source-zone dual suitability raster,H:/Jing/ecoChina2/dual suit/rf_var/2071-2100SSP245/dual_suitability_zone9.tif,,5,pop_zone9,#2CA25F,2071-2100,SSP245,Plain RF
lariOlg,lariOlg-Zone9,9,Needleleaf and deciduous broadleaf mixed forests in temperate zone,28,rf_var,2071-2100SSP585,0.4,0,5964.16824051986,64644.6488283702,0.00853241265500784,0.757963538169861,source-zone dual suitability raster,H:/Jing/ecoChina2/dual suit/rf_var/2071-2100SSP585/dual_suitability_zone9.tif,,5,pop_zone9,#2CA25F,2071-2100,SSP585,Plain RF
lariOlg,lariOlg-Zone12,12,One year one ripe grain fields and cold-tolerant economic crop fields,54,mf_var,2011-2040SSP245,0.4,0,687529.386053926,576720.463644728,0.0696010514688635,0.989748597145081,source-zone dual suitability raster,H:/Jing/ecoChina2/dual suit/mf_var/2011-2040SSP245/dual_suitability_zone12.tif,,6,pop_zone12,#F8961E,2011-2040,SSP245,Plain MF RF
lariOlg,lariOlg-Zone12,12,One year one ripe grain fields and cold-tolerant economic crop fields,54,mf_var,2011-2040SSP585,0.4,0,684651.002275556,574065.234252003,0.0692936643059734,0.988612294197083,source-zone dual suitability raster,H:/Jing/ecoChina2/dual suit/mf_var/2011-2040SSP585/dual_suitability_zone12.tif,,6,pop_zone12,#F8961E,2011-2040,SSP585,Plain MF RF
lariOlg,lariOlg-Zone12,12,One year one ripe grain fields and cold-tolerant economic crop fields,54,mf_var,2041-2070SSP245,0.4,0,672857.112385937,554526.938809595,0.0672475592591682,0.955785870552063,source-zone dual suitability raster,H:/Jing/ecoChina2/dual suit/mf_var/2041-2070SSP245/dual_suitability_zone12.tif,,6,pop_zone12,#F8961E,2041-2070,SSP245,Plain MF RF
lariOlg,lariOlg-Zone12,12,One year one ripe grain fields and cold-tolerant economic crop fields,54,mf_var,2041-2070SSP585,0.4,0,659333.830924221,540024.033190229,0.0657122640119853,0.925334751605988,source-zone dual suitability raster,H:/Jing/ecoChina2/dual suit/mf_var/2041-2070SSP585/dual_suitability_zone12.tif,,6,pop_zone12,#F8961E,2041-2070,SSP585,Plain MF RF
lariOlg,lariOlg-Zone12,12,One year one ripe grain fields and cold-tolerant economic crop fields,54,mf_var,2071-2100SSP245,0.4,0,665389.60517749,535568.447180939,0.0652492177841681,0.946377277374268,source-zone dual suitability raster,H:/Jing/ecoChina2/dual suit/mf_var/2071-2100SSP245/dual_suitability_zone12.tif,,6,pop_zone12,#F8961E,2071-2100,SSP245,Plain MF RF
lariOlg,lariOlg-Zone12,12,One year one ripe grain fields and cold-tolerant economic crop fields,54,mf_var,2071-2100SSP585,0.4,0,603412.868564043,484207.002280034,0.059455235097451,0.876193463802338,source-zone dual suitability raster,H:/Jing/ecoChina2/dual suit/mf_var/2071-2100SSP585/dual_suitability_zone12.tif,,6,pop_zone12,#F8961E,2071-2100,SSP585,Plain MF RF
lariOlg,lariOlg-Zone12,12,One year one ripe grain fields and cold-tolerant economic crop fields,54,rf_var,2011-2040SSP245,0.4,0,681856.379951879,579043.923716203,0.069902941660957,0.992185473442078,source-zone dual suitability raster,H:/Jing/ecoChina2/dual suit/rf_var/2011-2040SSP245/dual_suitability_zone12.tif,,6,pop_zone12,#F8961E,2011-2040,SSP245,Plain RF
lariOlg,lariOlg-Zone12,12,One year one ripe grain fields and cold-tolerant economic crop fields,54,rf_var,2011-2040SSP585,0.4,0,677938.705035558,576229.626208941,0.0695766164888863,0.987574756145477,source-zone dual suitability raster,H:/Jing/ecoChina2/dual suit/rf_var/2011-2040SSP585/dual_suitability_zone12.tif,,6,pop_zone12,#F8961E,2011-2040,SSP585,Plain RF
lariOlg,lariOlg-Zone12,12,One year one ripe grain fields and cold-tolerant economic crop fields,54,rf_var,2041-2070SSP245,0.4,0,651671.405817342,553949.172555006,0.0671695815402889,0.960653603076935,source-zone dual suitability raster,H:/Jing/ecoChina2/dual suit/rf_var/2041-2070SSP245/dual_suitability_zone12.tif,,6,pop_zone12,#F8961E,2041-2070,SSP245,Plain RF
lariOlg,lariOlg-Zone12,12,One year one ripe grain fields and cold-tolerant economic crop fields,54,rf_var,2041-2070SSP585,0.4,0,638915.722741987,535518.658799448,0.0651478382388732,0.916265666484833,source-zone dual suitability raster,H:/Jing/ecoChina2/dual suit/rf_var/2041-2070SSP585/dual_suitability_zone12.tif,,6,pop_zone12,#F8961E,2041-2070,SSP585,Plain RF
lariOlg,lariOlg-Zone12,12,One year one ripe grain fields and cold-tolerant economic crop fields,54,rf_var,2071-2100SSP245,0.4,0,640682.675030394,530369.633461102,0.0646029007431166,0.953819572925568,source-zone dual suitability raster,H:/Jing/ecoChina2/dual suit/rf_var/2071-2100SSP245/dual_suitability_zone12.tif,,6,pop_zone12,#F8961E,2071-2100,SSP245,Plain RF
lariOlg,lariOlg-Zone12,12,One year one ripe grain fields and cold-tolerant economic crop fields,54,rf_var,2071-2100SSP585,0.4,0,583635.892606511,474186.079490388,0.0582120394052559,0.876714050769806,source-zone dual suitability raster,H:/Jing/ecoChina2/dual suit/rf_var/2071-2100SSP585/dual_suitability_zone12.tif,,6,pop_zone12,#F8961E,2071-2100,SSP585,Plain RF
lariOlg,lariOlg-Zone27,27,Two years three ripes or one year two ripes grain fields and deciduous orchards,135,mf_var,2011-2040SSP245,0.4,0,1055621.11520834,849566.307421329,0.0949542049653007,0.999532103538513,source-zone dual suitability raster,H:/Jing/ecoChina2/dual suit/mf_var/2011-2040SSP245/dual_suitability_zone27.tif,,7,pop_zone27,#FFB703,2011-2040,SSP245,Plain MF RF
lariOlg,lariOlg-Zone27,27,Two years three ripes or one year two ripes grain fields and deciduous orchards,135,mf_var,2011-2040SSP585,0.4,0,1062460.50192164,844647.181409632,0.0944910271326436,1,source-zone dual suitability raster,H:/Jing/ecoChina2/dual suit/mf_var/2011-2040SSP585/dual_suitability_zone27.tif,,7,pop_zone27,#FFB703,2011-2040,SSP585,Plain MF RF
lariOlg,lariOlg-Zone27,27,Two years three ripes or one year two ripes grain fields and deciduous orchards,135,mf_var,2041-2070SSP245,0.4,0,1125093.44572935,827644.930767343,0.0932855135278178,0.998785555362701,source-zone dual suitability raster,H:/Jing/ecoChina2/dual suit/mf_var/2041-2070SSP245/dual_suitability_zone27.tif,,7,pop_zone27,#FFB703,2041-2070,SSP245,Plain MF RF
lariOlg,lariOlg-Zone27,27,Two years three ripes or one year two ripes grain fields and deciduous orchards,135,mf_var,2041-2070SSP585,0.4,0,1169560.02500945,814338.487503643,0.0921213327958877,0.99798196554184,source-zone dual suitability raster,H:/Jing/ecoChina2/dual suit/mf_var/2041-2070SSP585/dual_suitability_zone27.tif,,7,pop_zone27,#FFB703,2041-2070,SSP585,Plain MF RF
lariOlg,lariOlg-Zone27,27,Two years three ripes or one year two ripes grain fields and deciduous orchards,135,mf_var,2071-2100SSP245,0.4,0,1166773.33264505,807178.893100071,0.0914648778799905,0.995307147502899,source-zone dual suitability raster,H:/Jing/ecoChina2/dual suit/mf_var/2071-2100SSP245/dual_suitability_zone27.tif,,7,pop_zone27,#FFB703,2071-2100,SSP245,Plain MF RF
lariOlg,lariOlg-Zone27,27,Two years three ripes or one year two ripes grain fields and deciduous orchards,135,mf_var,2071-2100SSP585,0.4,0,1205620.10856251,790477.293835466,0.0900961574290023,0.979617774486542,source-zone dual suitability raster,H:/Jing/ecoChina2/dual suit/mf_var/2071-2100SSP585/dual_suitability_zone27.tif,,7,pop_zone27,#FFB703,2071-2100,SSP585,Plain MF RF
lariOlg,lariOlg-Zone27,27,Two years three ripes or one year two ripes grain fields and deciduous orchards,135,rf_var,2011-2040SSP245,0.4,0,1078492.24427231,861893.621723228,0.0964378090954231,1,source-zone dual suitability raster,H:/Jing/ecoChina2/dual suit/rf_var/2011-2040SSP245/dual_suitability_zone27.tif,,7,pop_zone27,#FFB703,2011-2040,SSP245,Plain RF
lariOlg,lariOlg-Zone27,27,Two years three ripes or one year two ripes grain fields and deciduous orchards,135,rf_var,2011-2040SSP585,0.4,0,1083168.2662333,856468.872435205,0.0959278756074807,1,source-zone dual suitability raster,H:/Jing/ecoChina2/dual suit/rf_var/2011-2040SSP585/dual_suitability_zone27.tif,,7,pop_zone27,#FFB703,2011-2040,SSP585,Plain RF
lariOlg,lariOlg-Zone27,27,Two years three ripes or one year two ripes grain fields and deciduous orchards,135,rf_var,2041-2070SSP245,0.4,0,1132354.16265365,837909.275772787,0.0945593487541712,1,source-zone dual suitability raster,H:/Jing/ecoChina2/dual suit/rf_var/2041-2070SSP245/dual_suitability_zone27.tif,,7,pop_zone27,#FFB703,2041-2070,SSP245,Plain RF
lariOlg,lariOlg-Zone27,27,Two years three ripes or one year two ripes grain fields and deciduous orchards,135,rf_var,2041-2070SSP585,0.4,0,1160210.0076393,825095.260738358,0.0934496209726132,1,source-zone dual suitability raster,H:/Jing/ecoChina2/dual suit/rf_var/2041-2070SSP585/dual_suitability_zone27.tif,,7,pop_zone27,#FFB703,2041-2070,SSP585,Plain RF
lariOlg,lariOlg-Zone27,27,Two years three ripes or one year two ripes grain fields and deciduous orchards,135,rf_var,2071-2100SSP245,0.4,0,1152219.56519409,818300.973998085,0.0928292465782224,1,source-zone dual suitability raster,H:/Jing/ecoChina2/dual suit/rf_var/2071-2100SSP245/dual_suitability_zone27.tif,,7,pop_zone27,#FFB703,2071-2100,SSP245,Plain RF
lariOlg,lariOlg-Zone27,27,Two years three ripes or one year two ripes grain fields and deciduous orchards,135,rf_var,2071-2100SSP585,0.4,0,1203609.22415394,810699.903711498,0.0925465321517807,0.986293494701385,source-zone dual suitability raster,H:/Jing/ecoChina2/dual suit/rf_var/2071-2100SSP585/dual_suitability_zone27.tif,,7,pop_zone27,#FFB703,2071-2100,SSP585,Plain RF
phylPub,phylPub-Zone21,21,One year two ripes or three ripes grain fields; evergreen orchards and subtropical economic tree plantations,274,mf_var,2011-2040SSP245,0.4,0,1530533.46254914,1199875.25433149,0.116895770268274,1,source-zone dual suitability raster,H:/Jing/ecoChina2/dual suit/mf_var/2011-2040SSP245/dual_suitability_zone21.tif,,1,pop_zone21,#F3722C,2011-2040,SSP245,Plain MF RF
phylPub,phylPub-Zone21,21,One year two ripes or three ripes grain fields; evergreen orchards and subtropical economic tree plantations,274,mf_var,2011-2040SSP585,0.4,0,1551059.6807626,1201537.26610723,0.117092041448097,0.999445676803589,source-zone dual suitability raster,H:/Jing/ecoChina2/dual suit/mf_var/2011-2040SSP585/dual_suitability_zone21.tif,,1,pop_zone21,#F3722C,2011-2040,SSP585,Plain MF RF
phylPub,phylPub-Zone21,21,One year two ripes or three ripes grain fields; evergreen orchards and subtropical economic tree plantations,274,mf_var,2041-2070SSP245,0.4,0,1731499.18957856,1250850.03087577,0.122170502121106,0.996771037578583,source-zone dual suitability raster,H:/Jing/ecoChina2/dual suit/mf_var/2041-2070SSP245/dual_suitability_zone21.tif,,1,pop_zone21,#F3722C,2041-2070,SSP245,Plain MF RF
phylPub,phylPub-Zone21,21,One year two ripes or three ripes grain fields; evergreen orchards and subtropical economic tree plantations,274,mf_var,2041-2070SSP585,0.4,0,1831966.33894772,1284644.79448191,0.125630449452895,0.98999559879303,source-zone dual suitability raster,H:/Jing/ecoChina2/dual suit/mf_var/2041-2070SSP585/dual_suitability_zone21.tif,,1,pop_zone21,#F3722C,2041-2070,SSP585,Plain MF RF
phylPub,phylPub-Zone21,21,One year two ripes or three ripes grain fields; evergreen orchards and subtropical economic tree plantations,274,mf_var,2071-2100SSP245,0.4,0,1829385.60026031,1276863.99086277,0.124965561116142,0.986386716365814,source-zone dual suitability raster,H:/Jing/ecoChina2/dual suit/mf_var/2071-2100SSP245/dual_suitability_zone21.tif,,1,pop_zone21,#F3722C,2071-2100,SSP245,Plain MF RF
phylPub,phylPub-Zone21,21,One year two ripes or three ripes grain fields; evergreen orchards and subtropical economic tree plantations,274,mf_var,2071-2100SSP585,0.4,0,1865238.78048863,1269536.75920169,0.12469948064926,0.979230105876923,source-zone dual suitability raster,H:/Jing/ecoChina2/dual suit/mf_var/2071-2100SSP585/dual_suitability_zone21.tif,,1,pop_zone21,#F3722C,2071-2100,SSP585,Plain MF RF
phylPub,phylPub-Zone21,21,One year two ripes or three ripes grain fields; evergreen orchards and subtropical economic tree plantations,274,rf_var,2011-2040SSP245,0.4,0,1538441.37702342,1201072.91162484,0.11702210819736,1,source-zone dual suitability raster,H:/Jing/ecoChina2/dual suit/rf_var/2011-2040SSP245/dual_suitability_zone21.tif,,1,pop_zone21,#F3722C,2011-2040,SSP245,Plain RF
phylPub,phylPub-Zone21,21,One year two ripes or three ripes grain fields; evergreen orchards and subtropical economic tree plantations,274,rf_var,2011-2040SSP585,0.4,0,1560595.49867235,1203105.24246789,0.11725418651389,0.999948859214783,source-zone dual suitability raster,H:/Jing/ecoChina2/dual suit/rf_var/2011-2040SSP585/dual_suitability_zone21.tif,,1,pop_zone21,#F3722C,2011-2040,SSP585,Plain RF
phylPub,phylPub-Zone21,21,One year two ripes or three ripes grain fields; evergreen orchards and subtropical economic tree plantations,274,rf_var,2041-2070SSP245,0.4,0,1741467.93477746,1254326.63292747,0.122519497317467,0.994000017642975,source-zone dual suitability raster,H:/Jing/ecoChina2/dual suit/rf_var/2041-2070SSP245/dual_suitability_zone21.tif,,1,pop_zone21,#F3722C,2041-2070,SSP245,Plain RF
phylPub,phylPub-Zone21,21,One year two ripes or three ripes grain fields; evergreen orchards and subtropical economic tree plantations,274,rf_var,2041-2070SSP585,0.4,0,1840318.62484336,1285522.66452437,0.125721479504703,0.993647694587708,source-zone dual suitability raster,H:/Jing/ecoChina2/dual suit/rf_var/2041-2070SSP585/dual_suitability_zone21.tif,,1,pop_zone21,#F3722C,2041-2070,SSP585,Plain RF
phylPub,phylPub-Zone21,21,One year two ripes or three ripes grain fields; evergreen orchards and subtropical economic tree plantations,274,rf_var,2071-2100SSP245,0.4,0,1834085.30396971,1275836.44913597,0.12487127008775,0.994349718093872,source-zone dual suitability raster,H:/Jing/ecoChina2/dual suit/rf_var/2071-2100SSP245/dual_suitability_zone21.tif,,1,pop_zone21,#F3722C,2071-2100,SSP245,Plain RF
phylPub,phylPub-Zone21,21,One year two ripes or three ripes grain fields; evergreen orchards and subtropical economic tree plantations,274,rf_var,2071-2100SSP585,0.4,0,1876779.92352405,1269755.83754408,0.124735690133307,0.986698865890503,source-zone dual suitability raster,H:/Jing/ecoChina2/dual suit/rf_var/2071-2100SSP585/dual_suitability_zone21.tif,,1,pop_zone21,#F3722C,2071-2100,SSP585,Plain RF
phylPub,phylPub-Zone26,26,Bamboo forests and scrubs in subtropical and tropical zones,18383,mf_var,2011-2040SSP245,0.4,0,355928.647581211,437521.104961676,0.0427368293353721,0.998894512653351,source-zone dual suitability raster,H:/Jing/ecoChina2/dual suit/mf_var/2011-2040SSP245/dual_suitability_zone26.tif,,2,pop_zone26,#00A878,2011-2040,SSP245,Plain MF RF
phylPub,phylPub-Zone26,26,Bamboo forests and scrubs in subtropical and tropical zones,18383,mf_var,2011-2040SSP585,0.4,0,323176.569208065,429231.634427959,0.0419370686600809,0.998861074447632,source-zone dual suitability raster,H:/Jing/ecoChina2/dual suit/mf_var/2011-2040SSP585/dual_suitability_zone26.tif,,2,pop_zone26,#00A878,2011-2040,SSP585,Plain MF RF
phylPub,phylPub-Zone26,26,Bamboo forests and scrubs in subtropical and tropical zones,18383,mf_var,2041-2070SSP245,0.4,0,223398.802232172,420910.396807211,0.0411787708554562,0.998852729797363,source-zone dual suitability raster,H:/Jing/ecoChina2/dual suit/mf_var/2041-2070SSP245/dual_suitability_zone26.tif,,2,pop_zone26,#00A878,2041-2070,SSP245,Plain MF RF
phylPub,phylPub-Zone26,26,Bamboo forests and scrubs in subtropical and tropical zones,18383,mf_var,2041-2070SSP585,0.4,0,159840.947808166,410503.258102314,0.0401787332398967,0.999449968338013,source-zone dual suitability raster,H:/Jing/ecoChina2/dual suit/mf_var/2041-2070SSP585/dual_suitability_zone26.tif,,2,pop_zone26,#00A878,2041-2070,SSP585,Plain MF RF
phylPub,phylPub-Zone26,26,Bamboo forests and scrubs in subtropical and tropical zones,18383,mf_var,2071-2100SSP245,0.4,0,144464.066505584,406886.314364577,0.0398403777934649,0.998792171478271,source-zone dual suitability raster,H:/Jing/ecoChina2/dual suit/mf_var/2071-2100SSP245/dual_suitability_zone26.tif,,2,pop_zone26,#00A878,2071-2100,SSP245,Plain MF RF
phylPub,phylPub-Zone26,26,Bamboo forests and scrubs in subtropical and tropical zones,18383,mf_var,2071-2100SSP585,0.4,0,55835.4501804734,386336.353645155,0.0378611602225249,0.996465742588043,source-zone dual suitability raster,H:/Jing/ecoChina2/dual suit/mf_var/2071-2100SSP585/dual_suitability_zone26.tif,,2,pop_zone26,#00A878,2071-2100,SSP585,Plain MF RF
phylPub,phylPub-Zone26,26,Bamboo forests and scrubs in subtropical and tropical zones,18383,rf_var,2011-2040SSP245,0.4,0,365235.026474446,436497.265255926,0.0426261899708837,0.999963879585266,source-zone dual suitability raster,H:/Jing/ecoChina2/dual suit/rf_var/2011-2040SSP245/dual_suitability_zone26.tif,,2,pop_zone26,#00A878,2011-2040,SSP245,Plain RF
phylPub,phylPub-Zone26,26,Bamboo forests and scrubs in subtropical and tropical zones,18383,rf_var,2011-2040SSP585,0.4,0,333240.029583155,428204.560194555,0.0418282313324302,0.999933302402496,source-zone dual suitability raster,H:/Jing/ecoChina2/dual suit/rf_var/2011-2040SSP585/dual_suitability_zone26.tif,,2,pop_zone26,#00A878,2011-2040,SSP585,Plain RF
phylPub,phylPub-Zone26,26,Bamboo forests and scrubs in subtropical and tropical zones,18383,rf_var,2041-2070SSP245,0.4,0,237667.47256246,422989.13471971,0.0413706483831035,0.999054074287415,source-zone dual suitability raster,H:/Jing/ecoChina2/dual suit/rf_var/2041-2070SSP245/dual_suitability_zone26.tif,,2,pop_zone26,#00A878,2041-2070,SSP245,Plain RF
phylPub,phylPub-Zone26,26,Bamboo forests and scrubs in subtropical and tropical zones,18383,rf_var,2041-2070SSP585,0.4,0,170056.653142161,413703.293492483,0.0404799830805203,0.999850928783417,source-zone dual suitability raster,H:/Jing/ecoChina2/dual suit/rf_var/2041-2070SSP585/dual_suitability_zone26.tif,,2,pop_zone26,#00A878,2041-2070,SSP585,Plain RF
phylPub,phylPub-Zone26,26,Bamboo forests and scrubs in subtropical and tropical zones,18383,rf_var,2071-2100SSP245,0.4,0,150482.742702866,409745.780597959,0.0401069742062583,0.999742567539215,source-zone dual suitability raster,H:/Jing/ecoChina2/dual suit/rf_var/2071-2100SSP245/dual_suitability_zone26.tif,,2,pop_zone26,#00A878,2071-2100,SSP245,Plain RF
phylPub,phylPub-Zone26,26,Bamboo forests and scrubs in subtropical and tropical zones,18383,rf_var,2071-2100SSP585,0.4,0,61822.5089041159,391855.086203965,0.0383899277107952,0.996955513954163,source-zone dual suitability raster,H:/Jing/ecoChina2/dual suit/rf_var/2071-2100SSP585/dual_suitability_zone26.tif,,2,pop_zone26,#00A878,2071-2100,SSP585,Plain RF
phylPub,phylPub-Zone28,28,Broadleaf deciduous forests in subtropical zone,17,mf_var,2011-2040SSP245,0.4,0,522640.016971536,497599.63309041,0.0496746175482909,1,source-zone dual suitability raster,H:/Jing/ecoChina2/dual suit/mf_var/2011-2040SSP245/dual_suitability_zone28.tif,,3,pop_zone28,#52B788,2011-2040,SSP245,Plain MF RF
phylPub,phylPub-Zone28,28,Broadleaf deciduous forests in subtropical zone,17,mf_var,2011-2040SSP585,0.4,0,518091.259630108,495663.767011983,0.0495159737251861,0.999955952167511,source-zone dual suitability raster,H:/Jing/ecoChina2/dual suit/mf_var/2011-2040SSP585/dual_suitability_zone28.tif,,3,pop_zone28,#52B788,2011-2040,SSP585,Plain MF RF
phylPub,phylPub-Zone28,28,Broadleaf deciduous forests in subtropical zone,17,mf_var,2041-2070SSP245,0.4,0,429291.13727174,441289.436307507,0.0442666893695378,0.998333752155304,source-zone dual suitability raster,H:/Jing/ecoChina2/dual suit/mf_var/2041-2070SSP245/dual_suitability_zone28.tif,,3,pop_zone28,#52B788,2041-2070,SSP245,Plain MF RF
phylPub,phylPub-Zone28,28,Broadleaf deciduous forests in subtropical zone,17,mf_var,2041-2070SSP585,0.4,0,366512.083775073,410391.577139993,0.0413400295316464,0.998130142688751,source-zone dual suitability raster,H:/Jing/ecoChina2/dual suit/mf_var/2041-2070SSP585/dual_suitability_zone28.tif,,3,pop_zone28,#52B788,2041-2070,SSP585,Plain MF RF
phylPub,phylPub-Zone28,28,Broadleaf deciduous forests in subtropical zone,17,mf_var,2071-2100SSP245,0.4,0,359955.477245817,404185.824902387,0.0407779063282301,0.997250020503998,source-zone dual suitability raster,H:/Jing/ecoChina2/dual suit/mf_var/2071-2100SSP245/dual_suitability_zone28.tif,,3,pop_zone28,#52B788,2071-2100,SSP245,Plain MF RF
phylPub,phylPub-Zone28,28,Broadleaf deciduous forests in subtropical zone,17,mf_var,2071-2100SSP585,0.4,0,243470.03953915,364806.326464996,0.037245689500023,0.981118857860565,source-zone dual suitability raster,H:/Jing/ecoChina2/dual suit/mf_var/2071-2100SSP585/dual_suitability_zone28.tif,,3,pop_zone28,#52B788,2071-2100,SSP585,Plain MF RF
phylPub,phylPub-Zone28,28,Broadleaf deciduous forests in subtropical zone,17,rf_var,2011-2040SSP245,0.4,0,522277.250491399,496180.898726432,0.0495296644981018,1,source-zone dual suitability raster,H:/Jing/ecoChina2/dual suit/rf_var/2011-2040SSP245/dual_suitability_zone28.tif,,3,pop_zone28,#52B788,2011-2040,SSP245,Plain RF
phylPub,phylPub-Zone28,28,Broadleaf deciduous forests in subtropical zone,17,rf_var,2011-2040SSP585,0.4,0,516515.934942357,493675.09561933,0.0493164296057491,1,source-zone dual suitability raster,H:/Jing/ecoChina2/dual suit/rf_var/2011-2040SSP585/dual_suitability_zone28.tif,,3,pop_zone28,#52B788,2011-2040,SSP585,Plain RF
phylPub,phylPub-Zone28,28,Broadleaf deciduous forests in subtropical zone,17,rf_var,2041-2070SSP245,0.4,0,419665.817475388,440299.399088811,0.0441782397475108,0.998000025749207,source-zone dual suitability raster,H:/Jing/ecoChina2/dual suit/rf_var/2041-2070SSP245/dual_suitability_zone28.tif,,3,pop_zone28,#52B788,2041-2070,SSP245,Plain RF
phylPub,phylPub-Zone28,28,Broadleaf deciduous forests in subtropical zone,17,rf_var,2041-2070SSP585,0.4,0,357843.350973783,409585.086331117,0.0412679736351961,0.999406814575195,source-zone dual suitability raster,H:/Jing/ecoChina2/dual suit/rf_var/2041-2070SSP585/dual_suitability_zone28.tif,,3,pop_zone28,#52B788,2041-2070,SSP585,Plain RF
phylPub,phylPub-Zone28,28,Broadleaf deciduous forests in subtropical zone,17,rf_var,2071-2100SSP245,0.4,0,352479.076453669,403954.726646998,0.0407607028540228,0.995962798595428,source-zone dual suitability raster,H:/Jing/ecoChina2/dual suit/rf_var/2071-2100SSP245/dual_suitability_zone28.tif,,3,pop_zone28,#52B788,2071-2100,SSP245,Plain RF
phylPub,phylPub-Zone28,28,Broadleaf deciduous forests in subtropical zone,17,rf_var,2071-2100SSP585,0.4,0,230593.948878096,363119.975155754,0.0370806677797168,0.980509221553802,source-zone dual suitability raster,H:/Jing/ecoChina2/dual suit/rf_var/2071-2100SSP585/dual_suitability_zone28.tif,,3,pop_zone28,#52B788,2071-2100,SSP585,Plain RF
phylPub,phylPub-Zone30,30,Needleleaf forests in subtropical zone,759,mf_var,2011-2040SSP245,0.4,0,1337047.96536245,1106879.19796073,0.107820438876551,0.998766124248505,source-zone dual suitability raster,H:/Jing/ecoChina2/dual suit/mf_var/2011-2040SSP245/dual_suitability_zone30.tif,,4,pop_zone30,#1B9AAA,2011-2040,SSP245,Plain MF RF
phylPub,phylPub-Zone30,30,Needleleaf forests in subtropical zone,759,mf_var,2011-2040SSP585,0.4,0,1353438.25968577,1097806.91280904,0.106973193972744,0.998434722423553,source-zone dual suitability raster,H:/Jing/ecoChina2/dual suit/mf_var/2011-2040SSP585/dual_suitability_zone30.tif,,4,pop_zone30,#1B9AAA,2011-2040,SSP585,Plain MF RF
phylPub,phylPub-Zone30,30,Needleleaf forests in subtropical zone,759,mf_var,2041-2070SSP245,0.4,0,1163217.31351408,988036.407931602,0.0963782271461983,0.997828722000122,source-zone dual suitability raster,H:/Jing/ecoChina2/dual suit/mf_var/2041-2070SSP245/dual_suitability_zone30.tif,,4,pop_zone30,#1B9AAA,2041-2070,SSP245,Plain MF RF
phylPub,phylPub-Zone30,30,Needleleaf forests in subtropical zone,759,mf_var,2041-2070SSP585,0.4,0,1072956.16743153,936072.806734934,0.0913893861659571,0.993289828300476,source-zone dual suitability raster,H:/Jing/ecoChina2/dual suit/mf_var/2041-2070SSP585/dual_suitability_zone30.tif,,4,pop_zone30,#1B9AAA,2041-2070,SSP585,Plain MF RF
phylPub,phylPub-Zone30,30,Needleleaf forests in subtropical zone,759,mf_var,2071-2100SSP245,0.4,0,1060009.59879559,926365.979783901,0.0904868052120297,0.996220350265503,source-zone dual suitability raster,H:/Jing/ecoChina2/dual suit/mf_var/2071-2100SSP245/dual_suitability_zone30.tif,,4,pop_zone30,#1B9AAA,2071-2100,SSP245,Plain MF RF
phylPub,phylPub-Zone30,30,Needleleaf forests in subtropical zone,759,mf_var,2071-2100SSP585,0.4,0,678526.77121876,788855.648397844,0.0772671384497844,0.977640450000763,source-zone dual suitability raster,H:/Jing/ecoChina2/dual suit/mf_var/2071-2100SSP585/dual_suitability_zone30.tif,,4,pop_zone30,#1B9AAA,2071-2100,SSP585,Plain MF RF
phylPub,phylPub-Zone30,30,Needleleaf forests in subtropical zone,759,rf_var,2011-2040SSP245,0.4,0,1330937.96836305,1106645.47481794,0.107799891312452,0.999993801116943,source-zone dual suitability raster,H:/Jing/ecoChina2/dual suit/rf_var/2011-2040SSP245/dual_suitability_zone30.tif,,4,pop_zone30,#1B9AAA,2011-2040,SSP245,Plain RF
phylPub,phylPub-Zone30,30,Needleleaf forests in subtropical zone,759,rf_var,2011-2040SSP585,0.4,0,1342725.49010955,1098023.970005,0.106998293330992,1,source-zone dual suitability raster,H:/Jing/ecoChina2/dual suit/rf_var/2011-2040SSP585/dual_suitability_zone30.tif,,4,pop_zone30,#1B9AAA,2011-2040,SSP585,Plain RF
phylPub,phylPub-Zone30,30,Needleleaf forests in subtropical zone,759,rf_var,2041-2070SSP245,0.4,0,1150606.48940731,983306.648902793,0.0959193605578842,0.999796330928802,source-zone dual suitability raster,H:/Jing/ecoChina2/dual suit/rf_var/2041-2070SSP245/dual_suitability_zone30.tif,,4,pop_zone30,#1B9AAA,2041-2070,SSP245,Plain RF
phylPub,phylPub-Zone30,30,Needleleaf forests in subtropical zone,759,rf_var,2041-2070SSP585,0.4,0,1057184.8427692,929498.388669496,0.0907511062280551,0.997333884239197,source-zone dual suitability raster,H:/Jing/ecoChina2/dual suit/rf_var/2041-2070SSP585/dual_suitability_zone30.tif,,4,pop_zone30,#1B9AAA,2041-2070,SSP585,Plain RF
phylPub,phylPub-Zone30,30,Needleleaf forests in subtropical zone,759,rf_var,2071-2100SSP245,0.4,0,1033842.62573034,917757.284093439,0.0896503451604841,0.999075710773468,source-zone dual suitability raster,H:/Jing/ecoChina2/dual suit/rf_var/2071-2100SSP245/dual_suitability_zone30.tif,,4,pop_zone30,#1B9AAA,2071-2100,SSP245,Plain RF
phylPub,phylPub-Zone30,30,Needleleaf forests in subtropical zone,759,rf_var,2071-2100SSP585,0.4,0,624494.560234146,777995.912497863,0.0762063646045088,0.9864382147789,source-zone dual suitability raster,H:/Jing/ecoChina2/dual suit/rf_var/2071-2100SSP585/dual_suitability_zone30.tif,,4,pop_zone30,#1B9AAA,2071-2100,SSP585,Plain RF
phylPub,phylPub-Zone40,40,Subtropical and tropical grasslands,136,mf_var,2011-2040SSP245,0.4,0,1570659.74786013,1193877.95635945,0.115577145875729,0.999025881290436,source-zone dual suitability raster,H:/Jing/ecoChina2/dual suit/mf_var/2011-2040SSP245/dual_suitability_zone40.tif,,5,pop_zone40,#AACC00,2011-2040,SSP245,Plain MF RF
phylPub,phylPub-Zone40,40,Subtropical and tropical grasslands,136,mf_var,2011-2040SSP585,0.4,0,1595972.85682203,1199524.22509042,0.116164868894396,0.99954354763031,source-zone dual suitability raster,H:/Jing/ecoChina2/dual suit/mf_var/2011-2040SSP585/dual_suitability_zone40.tif,,5,pop_zone40,#AACC00,2011-2040,SSP585,Plain MF RF
phylPub,phylPub-Zone40,40,Subtropical and tropical grasslands,136,mf_var,2041-2070SSP245,0.4,0,1712087.71935,1207473.83852912,0.117175312976086,0.997901499271393,source-zone dual suitability raster,H:/Jing/ecoChina2/dual suit/mf_var/2041-2070SSP245/dual_suitability_zone40.tif,,5,pop_zone40,#AACC00,2041-2070,SSP245,Plain MF RF
phylPub,phylPub-Zone40,40,Subtropical and tropical grasslands,136,mf_var,2041-2070SSP585,0.4,0,1751658.34470963,1185631.12976762,0.115172965224475,0.994830906391144,source-zone dual suitability raster,H:/Jing/ecoChina2/dual suit/mf_var/2041-2070SSP585/dual_suitability_zone40.tif,,5,pop_zone40,#AACC00,2041-2070,SSP585,Plain MF RF
phylPub,phylPub-Zone40,40,Subtropical and tropical grasslands,136,mf_var,2071-2100SSP245,0.4,0,1772946.13864317,1178914.38322939,0.114549658458981,0.996686995029449,source-zone dual suitability raster,H:/Jing/ecoChina2/dual suit/mf_var/2071-2100SSP245/dual_suitability_zone40.tif,,5,pop_zone40,#AACC00,2071-2100,SSP245,Plain MF RF
phylPub,phylPub-Zone40,40,Subtropical and tropical grasslands,136,mf_var,2071-2100SSP585,0.4,0,1815067.66030662,1090892.28999569,0.106190238387367,0.98772394657135,source-zone dual suitability raster,H:/Jing/ecoChina2/dual suit/mf_var/2071-2100SSP585/dual_suitability_zone40.tif,,5,pop_zone40,#AACC00,2071-2100,SSP585,Plain MF RF
phylPub,phylPub-Zone40,40,Subtropical and tropical grasslands,136,rf_var,2011-2040SSP245,0.4,0,1578417.9440579,1199703.2226592,0.116171953239155,0.999969780445099,source-zone dual suitability raster,H:/Jing/ecoChina2/dual suit/rf_var/2011-2040SSP245/dual_suitability_zone40.tif,,5,pop_zone40,#AACC00,2011-2040,SSP245,Plain RF
phylPub,phylPub-Zone40,40,Subtropical and tropical grasslands,136,rf_var,2011-2040SSP585,0.4,0,1607350.16360112,1205752.1756544,0.116802633178269,0.999949991703033,source-zone dual suitability raster,H:/Jing/ecoChina2/dual suit/rf_var/2011-2040SSP585/dual_suitability_zone40.tif,,5,pop_zone40,#AACC00,2011-2040,SSP585,Plain RF
phylPub,phylPub-Zone40,40,Subtropical and tropical grasslands,136,rf_var,2041-2070SSP245,0.4,0,1710851.2397096,1209979.84062364,0.117448434175386,0.999842822551727,source-zone dual suitability raster,H:/Jing/ecoChina2/dual suit/rf_var/2041-2070SSP245/dual_suitability_zone40.tif,,5,pop_zone40,#AACC00,2041-2070,SSP245,Plain RF
phylPub,phylPub-Zone40,40,Subtropical and tropical grasslands,136,rf_var,2041-2070SSP585,0.4,0,1742587.24161275,1185687.89878036,0.115203057708018,0.997291386127472,source-zone dual suitability raster,H:/Jing/ecoChina2/dual suit/rf_var/2041-2070SSP585/dual_suitability_zone40.tif,,5,pop_zone40,#AACC00,2041-2070,SSP585,Plain RF
phylPub,phylPub-Zone40,40,Subtropical and tropical grasslands,136,rf_var,2071-2100SSP245,0.4,0,1772243.16088778,1178601.57849159,0.114532043582351,0.999877095222473,source-zone dual suitability raster,H:/Jing/ecoChina2/dual suit/rf_var/2071-2100SSP245/dual_suitability_zone40.tif,,5,pop_zone40,#AACC00,2071-2100,SSP245,Plain RF
phylPub,phylPub-Zone40,40,Subtropical and tropical grasslands,136,rf_var,2071-2100SSP585,0.4,0,1803292.99860953,1086853.01257946,0.105797219777193,0.988584995269775,source-zone dual suitability raster,H:/Jing/ecoChina2/dual suit/rf_var/2071-2100SSP585/dual_suitability_zone40.tif,,5,pop_zone40,#AACC00,2071-2100,SSP585,Plain RF
phylPub,phylPub-Zone44,44,Broadleaf evergreen and deciduous scrubs in subtropical and tropical zones,221,mf_var,2011-2040SSP245,0.4,0,1620349.42481338,1230963.68195624,0.119386742831713,0.999998092651367,source-zone dual suitability raster,H:/Jing/ecoChina2/dual suit/mf_var/2011-2040SSP245/dual_suitability_zone44.tif,,6,pop_zone44,#F72585,2011-2040,SSP245,Plain MF RF
phylPub,phylPub-Zone44,44,Broadleaf evergreen and deciduous scrubs in subtropical and tropical zones,221,mf_var,2011-2040SSP585,0.4,0,1641119.23295053,1230772.48535482,0.119413701423515,1,source-zone dual suitability raster,H:/Jing/ecoChina2/dual suit/mf_var/2011-2040SSP585/dual_suitability_zone44.tif,,6,pop_zone44,#F72585,2011-2040,SSP585,Plain MF RF
phylPub,phylPub-Zone44,44,Broadleaf evergreen and deciduous scrubs in subtropical and tropical zones,221,mf_var,2041-2070SSP245,0.4,0,1592767.07724532,1171223.42918692,0.113751140962447,0.998553812503815,source-zone dual suitability raster,H:/Jing/ecoChina2/dual suit/mf_var/2041-2070SSP245/dual_suitability_zone44.tif,,6,pop_zone44,#F72585,2041-2070,SSP245,Plain MF RF
phylPub,phylPub-Zone44,44,Broadleaf evergreen and deciduous scrubs in subtropical and tropical zones,221,mf_var,2041-2070SSP585,0.4,0,1579364.49175003,1135886.36709142,0.110372104727755,0.998935461044312,source-zone dual suitability raster,H:/Jing/ecoChina2/dual suit/mf_var/2041-2070SSP585/dual_suitability_zone44.tif,,6,pop_zone44,#F72585,2041-2070,SSP585,Plain MF RF
phylPub,phylPub-Zone44,44,Broadleaf evergreen and deciduous scrubs in subtropical and tropical zones,221,mf_var,2071-2100SSP245,0.4,0,1597716.54650202,1136988.47781495,0.110508177919822,0.999000012874603,source-zone dual suitability raster,H:/Jing/ecoChina2/dual suit/mf_var/2071-2100SSP245/dual_suitability_zone44.tif,,6,pop_zone44,#F72585,2071-2100,SSP245,Plain MF RF
phylPub,phylPub-Zone44,44,Broadleaf evergreen and deciduous scrubs in subtropical and tropical zones,221,mf_var,2071-2100SSP585,0.4,0,1589555.22091023,1065733.2711301,0.103721655953066,0.993961870670319,source-zone dual suitability raster,H:/Jing/ecoChina2/dual suit/mf_var/2071-2100SSP585/dual_suitability_zone44.tif,,6,pop_zone44,#F72585,2071-2100,SSP585,Plain MF RF
phylPub,phylPub-Zone44,44,Broadleaf evergreen and deciduous scrubs in subtropical and tropical zones,221,rf_var,2011-2040SSP245,0.4,0,1613095.7366682,1231042.44779734,0.119390889766215,1,source-zone dual suitability raster,H:/Jing/ecoChina2/dual suit/rf_var/2011-2040SSP245/dual_suitability_zone44.tif,,6,pop_zone44,#F72585,2011-2040,SSP245,Plain RF
phylPub,phylPub-Zone44,44,Broadleaf evergreen and deciduous scrubs in subtropical and tropical zones,221,rf_var,2011-2040SSP585,0.4,0,1633098.41609982,1230146.1447945,0.119351558302465,0.999988675117493,source-zone dual suitability raster,H:/Jing/ecoChina2/dual suit/rf_var/2011-2040SSP585/dual_suitability_zone44.tif,,6,pop_zone44,#F72585,2011-2040,SSP585,Plain RF
phylPub,phylPub-Zone44,44,Broadleaf evergreen and deciduous scrubs in subtropical and tropical zones,221,rf_var,2041-2070SSP245,0.4,0,1547270.98930759,1161207.35910582,0.112767444246746,0.998234748840332,source-zone dual suitability raster,H:/Jing/ecoChina2/dual suit/rf_var/2041-2070SSP245/dual_suitability_zone44.tif,,6,pop_zone44,#F72585,2041-2070,SSP245,Plain RF
phylPub,phylPub-Zone44,44,Broadleaf evergreen and deciduous scrubs in subtropical and tropical zones,221,rf_var,2041-2070SSP585,0.4,0,1527145.61720892,1123133.12548854,0.109114747061683,0.997988700866699,source-zone dual suitability raster,H:/Jing/ecoChina2/dual suit/rf_var/2041-2070SSP585/dual_suitability_zone44.tif,,6,pop_zone44,#F72585,2041-2070,SSP585,Plain RF
phylPub,phylPub-Zone44,44,Broadleaf evergreen and deciduous scrubs in subtropical and tropical zones,221,rf_var,2071-2100SSP245,0.4,0,1532686.62034233,1121047.52016104,0.108941612310736,0.998000025749207,source-zone dual suitability raster,H:/Jing/ecoChina2/dual suit/rf_var/2071-2100SSP245/dual_suitability_zone44.tif,,6,pop_zone44,#F72585,2071-2100,SSP245,Plain RF
phylPub,phylPub-Zone44,44,Broadleaf evergreen and deciduous scrubs in subtropical and tropical zones,221,rf_var,2071-2100SSP585,0.4,0,1435508.289838,1042579.59352643,0.101444843212173,0.998995304107666,source-zone dual suitability raster,H:/Jing/ecoChina2/dual suit/rf_var/2071-2100SSP585/dual_suitability_zone44.tif,,6,pop_zone44,#F72585,2071-2100,SSP585,Plain RF
phylPub,phylPub-Zone47,47,One year two ripes grain fields; evergreen and deciduous orchards; economic tree plantations,25,mf_var,2011-2040SSP245,0.4,0,877324.898878433,782111.735587031,0.0768101596757888,0.99683278799057,source-zone dual suitability raster,H:/Jing/ecoChina2/dual suit/mf_var/2011-2040SSP245/dual_suitability_zone47.tif,,7,pop_zone47,#FF6D00,2011-2040,SSP245,Plain MF RF
phylPub,phylPub-Zone47,47,One year two ripes grain fields; evergreen and deciduous orchards; economic tree plantations,25,mf_var,2011-2040SSP585,0.4,0,872866.732353451,773124.480990141,0.075936067458678,0.996570110321045,source-zone dual suitability raster,H:/Jing/ecoChina2/dual suit/mf_var/2011-2040SSP585/dual_suitability_zone47.tif,,7,pop_zone47,#FF6D00,2011-2040,SSP585,Plain MF RF
phylPub,phylPub-Zone47,47,One year two ripes grain fields; evergreen and deciduous orchards; economic tree plantations,25,mf_var,2041-2070SSP245,0.4,0,721023.834955852,690590.506796082,0.0679076439084808,0.993556499481201,source-zone dual suitability raster,H:/Jing/ecoChina2/dual suit/mf_var/2041-2070SSP245/dual_suitability_zone47.tif,,7,pop_zone47,#FF6D00,2041-2070,SSP245,Plain MF RF
phylPub,phylPub-Zone47,47,One year two ripes grain fields; evergreen and deciduous orchards; economic tree plantations,25,mf_var,2041-2070SSP585,0.4,0,586237.031769869,646968.778111463,0.0636891949567939,0.988583147525787,source-zone dual suitability raster,H:/Jing/ecoChina2/dual suit/mf_var/2041-2070SSP585/dual_suitability_zone47.tif,,7,pop_zone47,#FF6D00,2041-2070,SSP585,Plain MF RF
phylPub,phylPub-Zone47,47,One year two ripes grain fields; evergreen and deciduous orchards; economic tree plantations,25,mf_var,2071-2100SSP245,0.4,0,556651.221025679,632239.267169932,0.0622655023920217,0.992366433143616,source-zone dual suitability raster,H:/Jing/ecoChina2/dual suit/mf_var/2071-2100SSP245/dual_suitability_zone47.tif,,7,pop_zone47,#FF6D00,2071-2100,SSP245,Plain MF RF
phylPub,phylPub-Zone47,47,One year two ripes grain fields; evergreen and deciduous orchards; economic tree plantations,25,mf_var,2071-2100SSP585,0.4,0,326184.090958187,546486.353137392,0.0540028683884398,0.985065042972565,source-zone dual suitability raster,H:/Jing/ecoChina2/dual suit/mf_var/2071-2100SSP585/dual_suitability_zone47.tif,,7,pop_zone47,#FF6D00,2071-2100,SSP585,Plain MF RF
phylPub,phylPub-Zone47,47,One year two ripes grain fields; evergreen and deciduous orchards; economic tree plantations,25,rf_var,2011-2040SSP245,0.4,0,885274.545688426,784663.537802511,0.0770762915543009,0.999732434749603,source-zone dual suitability raster,H:/Jing/ecoChina2/dual suit/rf_var/2011-2040SSP245/dual_suitability_zone47.tif,,7,pop_zone47,#FF6D00,2011-2040,SSP245,Plain RF
phylPub,phylPub-Zone47,47,One year two ripes grain fields; evergreen and deciduous orchards; economic tree plantations,25,rf_var,2011-2040SSP585,0.4,0,878628.103112872,774583.804634759,0.0760952911765994,0.99956476688385,source-zone dual suitability raster,H:/Jing/ecoChina2/dual suit/rf_var/2011-2040SSP585/dual_suitability_zone47.tif,,7,pop_zone47,#FF6D00,2011-2040,SSP585,Plain RF
phylPub,phylPub-Zone47,47,One year two ripes grain fields; evergreen and deciduous orchards; economic tree plantations,25,rf_var,2041-2070SSP245,0.4,0,702690.121925827,684442.772185196,0.0672842813385221,0.999873459339142,source-zone dual suitability raster,H:/Jing/ecoChina2/dual suit/rf_var/2041-2070SSP245/dual_suitability_zone47.tif,,7,pop_zone47,#FF6D00,2041-2070,SSP245,Plain RF
phylPub,phylPub-Zone47,47,One year two ripes grain fields; evergreen and deciduous orchards; economic tree plantations,25,rf_var,2041-2070SSP585,0.4,0,564255.595905523,641433.484576699,0.0631201337190977,0.99572366476059,source-zone dual suitability raster,H:/Jing/ecoChina2/dual suit/rf_var/2041-2070SSP585/dual_suitability_zone47.tif,,7,pop_zone47,#FF6D00,2041-2070,SSP585,Plain RF
phylPub,phylPub-Zone47,47,One year two ripes grain fields; evergreen and deciduous orchards; economic tree plantations,25,rf_var,2071-2100SSP245,0.4,0,532540.66997536,627631.647438639,0.0617919323084454,0.995212018489838,source-zone dual suitability raster,H:/Jing/ecoChina2/dual suit/rf_var/2071-2100SSP245/dual_suitability_zone47.tif,,7,pop_zone47,#FF6D00,2071-2100,SSP245,Plain RF
phylPub,phylPub-Zone47,47,One year two ripes grain fields; evergreen and deciduous orchards; economic tree plantations,25,rf_var,2071-2100SSP585,0.4,0,328203.431112323,543799.570987615,0.0537028396811089,0.991856276988983,source-zone dual suitability raster,H:/Jing/ecoChina2/dual suit/rf_var/2071-2100SSP585/dual_suitability_zone47.tif,,7,pop_zone47,#FF6D00,2071-2100,SSP585,Plain RF
phylPub,phylPub-Zone49,49,Broadleaf evergreen forests in subtropical zone,204,mf_var,2011-2040SSP245,0.4,0,892184.774801283,816016.281860835,0.0789973336701914,1,source-zone dual suitability raster,H:/Jing/ecoChina2/dual suit/mf_var/2011-2040SSP245/dual_suitability_zone49.tif,,8,pop_zone49,#006400,2011-2040,SSP245,Plain MF RF
phylPub,phylPub-Zone49,49,Broadleaf evergreen forests in subtropical zone,204,mf_var,2011-2040SSP585,0.4,0,889791.92676693,811565.026888057,0.0785858428012938,1,source-zone dual suitability raster,H:/Jing/ecoChina2/dual suit/mf_var/2011-2040SSP585/dual_suitability_zone49.tif,,8,pop_zone49,#006400,2011-2040,SSP585,Plain MF RF
phylPub,phylPub-Zone49,49,Broadleaf evergreen forests in subtropical zone,204,mf_var,2041-2070SSP245,0.4,0,783273.701665194,760841.383292312,0.0737903638168879,1,source-zone dual suitability raster,H:/Jing/ecoChina2/dual suit/mf_var/2041-2070SSP245/dual_suitability_zone49.tif,,8,pop_zone49,#006400,2041-2070,SSP245,Plain MF RF
phylPub,phylPub-Zone49,49,Broadleaf evergreen forests in subtropical zone,204,mf_var,2041-2070SSP585,0.4,0,700946.922044315,723815.765630386,0.070288509723121,1,source-zone dual suitability raster,H:/Jing/ecoChina2/dual suit/mf_var/2041-2070SSP585/dual_suitability_zone49.tif,,8,pop_zone49,#006400,2041-2070,SSP585,Plain MF RF
phylPub,phylPub-Zone49,49,Broadleaf evergreen forests in subtropical zone,204,mf_var,2071-2100SSP245,0.4,0,713356.973863415,729211.22615262,0.0708551068732413,1,source-zone dual suitability raster,H:/Jing/ecoChina2/dual suit/mf_var/2071-2100SSP245/dual_suitability_zone49.tif,,8,pop_zone49,#006400,2071-2100,SSP245,Plain MF RF
phylPub,phylPub-Zone49,49,Broadleaf evergreen forests in subtropical zone,204,mf_var,2071-2100SSP585,0.4,0,518352.978388061,635530.781334496,0.0619671399132788,1,source-zone dual suitability raster,H:/Jing/ecoChina2/dual suit/mf_var/2071-2100SSP585/dual_suitability_zone49.tif,,8,pop_zone49,#006400,2071-2100,SSP585,Plain MF RF
phylPub,phylPub-Zone49,49,Broadleaf evergreen forests in subtropical zone,204,rf_var,2011-2040SSP245,0.4,0,886826.706732069,814131.084774843,0.0788076411253535,1,source-zone dual suitability raster,H:/Jing/ecoChina2/dual suit/rf_var/2011-2040SSP245/dual_suitability_zone49.tif,,8,pop_zone49,#006400,2011-2040,SSP245,Plain RF
phylPub,phylPub-Zone49,49,Broadleaf evergreen forests in subtropical zone,204,rf_var,2011-2040SSP585,0.4,0,882513.150461309,809007.785107667,0.0783304464704122,1,source-zone dual suitability raster,H:/Jing/ecoChina2/dual suit/rf_var/2011-2040SSP585/dual_suitability_zone49.tif,,8,pop_zone49,#006400,2011-2040,SSP585,Plain RF
phylPub,phylPub-Zone49,49,Broadleaf evergreen forests in subtropical zone,204,rf_var,2041-2070SSP245,0.4,0,772063.643368437,757013.66465749,0.0734079319140412,1,source-zone dual suitability raster,H:/Jing/ecoChina2/dual suit/rf_var/2041-2070SSP245/dual_suitability_zone49.tif,,8,pop_zone49,#006400,2041-2070,SSP245,Plain RF
phylPub,phylPub-Zone49,49,Broadleaf evergreen forests in subtropical zone,204,rf_var,2041-2070SSP585,0.4,0,689298.330264427,720257.814330221,0.0699337289440049,1,source-zone dual suitability raster,H:/Jing/ecoChina2/dual suit/rf_var/2041-2070SSP585/dual_suitability_zone49.tif,,8,pop_zone49,#006400,2041-2070,SSP585,Plain RF
phylPub,phylPub-Zone49,49,Broadleaf evergreen forests in subtropical zone,204,rf_var,2071-2100SSP245,0.4,0,701884.990467525,725527.855247929,0.0704914753458847,1,source-zone dual suitability raster,H:/Jing/ecoChina2/dual suit/rf_var/2071-2100SSP245/dual_suitability_zone49.tif,,8,pop_zone49,#006400,2071-2100,SSP245,Plain RF
phylPub,phylPub-Zone49,49,Broadleaf evergreen forests in subtropical zone,204,rf_var,2071-2100SSP585,0.4,0,522296.351391875,635029.000194987,0.0619097878486586,1,source-zone dual suitability raster,H:/Jing/ecoChina2/dual suit/rf_var/2071-2100SSP585/dual_suitability_zone49.tif,,8,pop_zone49,#006400,2071-2100,SSP585,Plain RF
pinuSyl,pinuSyl-Zone2,2,Needleleaf forests in cold-temperate zone and on mountains in temperate zone,1696,mf_var,2011-2040SSP245,0.4,0,441868.742190835,407986.683885608,0.0506599824562428,0.999566197395325,source-zone dual suitability raster,H:/Jing/ecoChina2/dual suit/mf_var/2011-2040SSP245/dual_suitability_zone2.tif,,1,pop_zone2,#005A32,2011-2040,SSP245,Plain MF RF
pinuSyl,pinuSyl-Zone2,2,Needleleaf forests in cold-temperate zone and on mountains in temperate zone,1696,mf_var,2011-2040SSP585,0.4,0,436114.158125413,405831.255096648,0.0503364814116758,0.998945295810699,source-zone dual suitability raster,H:/Jing/ecoChina2/dual suit/mf_var/2011-2040SSP585/dual_suitability_zone2.tif,,1,pop_zone2,#005A32,2011-2040,SSP585,Plain MF RF
pinuSyl,pinuSyl-Zone2,2,Needleleaf forests in cold-temperate zone and on mountains in temperate zone,1696,mf_var,2041-2070SSP245,0.4,0,322965.37359334,360329.513350918,0.0443395904559987,0.988284826278687,source-zone dual suitability raster,H:/Jing/ecoChina2/dual suit/mf_var/2041-2070SSP245/dual_suitability_zone2.tif,,1,pop_zone2,#005A32,2041-2070,SSP245,Plain MF RF
pinuSyl,pinuSyl-Zone2,2,Needleleaf forests in cold-temperate zone and on mountains in temperate zone,1696,mf_var,2041-2070SSP585,0.4,0,238190.214695515,323651.26261464,0.0397353736527453,0.983393430709839,source-zone dual suitability raster,H:/Jing/ecoChina2/dual suit/mf_var/2041-2070SSP585/dual_suitability_zone2.tif,,1,pop_zone2,#005A32,2041-2070,SSP585,Plain MF RF
pinuSyl,pinuSyl-Zone2,2,Needleleaf forests in cold-temperate zone and on mountains in temperate zone,1696,mf_var,2071-2100SSP245,0.4,0,244686.249947008,321334.970776616,0.0394826830858126,0.984200537204742,source-zone dual suitability raster,H:/Jing/ecoChina2/dual suit/mf_var/2071-2100SSP245/dual_suitability_zone2.tif,,1,pop_zone2,#005A32,2071-2100,SSP245,Plain MF RF
pinuSyl,pinuSyl-Zone2,2,Needleleaf forests in cold-temperate zone and on mountains in temperate zone,1696,mf_var,2071-2100SSP585,0.4,0,83869.0767848334,235643.248811136,0.0288448067607971,0.924440920352936,source-zone dual suitability raster,H:/Jing/ecoChina2/dual suit/mf_var/2071-2100SSP585/dual_suitability_zone2.tif,,1,pop_zone2,#005A32,2071-2100,SSP585,Plain MF RF
pinuSyl,pinuSyl-Zone2,2,Needleleaf forests in cold-temperate zone and on mountains in temperate zone,1696,rf_var,2011-2040SSP245,0.4,0,445788.363112459,407554.448234486,0.0506741979226402,0.998979210853577,source-zone dual suitability raster,H:/Jing/ecoChina2/dual suit/rf_var/2011-2040SSP245/dual_suitability_zone2.tif,,1,pop_zone2,#005A32,2011-2040,SSP245,Plain RF
pinuSyl,pinuSyl-Zone2,2,Needleleaf forests in cold-temperate zone and on mountains in temperate zone,1696,rf_var,2011-2040SSP585,0.4,0,440985.455767389,405834.080209795,0.0504090562426134,0.998000025749207,source-zone dual suitability raster,H:/Jing/ecoChina2/dual suit/rf_var/2011-2040SSP585/dual_suitability_zone2.tif,,1,pop_zone2,#005A32,2011-2040,SSP585,Plain RF
pinuSyl,pinuSyl-Zone2,2,Needleleaf forests in cold-temperate zone and on mountains in temperate zone,1696,rf_var,2041-2070SSP245,0.4,0,342415.178873258,364226.572559096,0.0449264993101367,0.993339657783508,source-zone dual suitability raster,H:/Jing/ecoChina2/dual suit/rf_var/2041-2070SSP245/dual_suitability_zone2.tif,,1,pop_zone2,#005A32,2041-2070,SSP245,Plain RF
pinuSyl,pinuSyl-Zone2,2,Needleleaf forests in cold-temperate zone and on mountains in temperate zone,1696,rf_var,2041-2070SSP585,0.4,0,251362.02844134,328480.481044789,0.0404412618356809,0.990986883640289,source-zone dual suitability raster,H:/Jing/ecoChina2/dual suit/rf_var/2041-2070SSP585/dual_suitability_zone2.tif,,1,pop_zone2,#005A32,2041-2070,SSP585,Plain RF
pinuSyl,pinuSyl-Zone2,2,Needleleaf forests in cold-temperate zone and on mountains in temperate zone,1696,rf_var,2071-2100SSP245,0.4,0,258930.434130628,324580.564832491,0.0399991908008664,0.990415990352631,source-zone dual suitability raster,H:/Jing/ecoChina2/dual suit/rf_var/2071-2100SSP245/dual_suitability_zone2.tif,,1,pop_zone2,#005A32,2071-2100,SSP245,Plain RF
pinuSyl,pinuSyl-Zone2,2,Needleleaf forests in cold-temperate zone and on mountains in temperate zone,1696,rf_var,2071-2100SSP585,0.4,0,87292.7965722656,239664.018711762,0.0294335513283457,0.926515579223633,source-zone dual suitability raster,H:/Jing/ecoChina2/dual suit/rf_var/2071-2100SSP585/dual_suitability_zone2.tif,,1,pop_zone2,#005A32,2071-2100,SSP585,Plain RF
pinuSyl,pinuSyl-Zone3,3,Broadleaf deciduous forests in temperate zone,33,mf_var,2011-2040SSP245,0.4,0,993635.22619721,859962.785620512,0.100694845089152,0.998881220817566,source-zone dual suitability raster,H:/Jing/ecoChina2/dual suit/mf_var/2011-2040SSP245/dual_suitability_zone3.tif,,2,pop_zone3,#33A02C,2011-2040,SSP245,Plain MF RF
pinuSyl,pinuSyl-Zone3,3,Broadleaf deciduous forests in temperate zone,33,mf_var,2011-2040SSP585,0.4,0,985769.279341816,853139.63246846,0.0999161008774694,0.998743116855621,source-zone dual suitability raster,H:/Jing/ecoChina2/dual suit/mf_var/2011-2040SSP585/dual_suitability_zone3.tif,,2,pop_zone3,#33A02C,2011-2040,SSP585,Plain MF RF
pinuSyl,pinuSyl-Zone3,3,Broadleaf deciduous forests in temperate zone,33,mf_var,2041-2070SSP245,0.4,0,874342.812220739,800280.224965375,0.0939041557194049,0.997041821479797,source-zone dual suitability raster,H:/Jing/ecoChina2/dual suit/mf_var/2041-2070SSP245/dual_suitability_zone3.tif,,2,pop_zone3,#33A02C,2041-2070,SSP245,Plain MF RF
pinuSyl,pinuSyl-Zone3,3,Broadleaf deciduous forests in temperate zone,33,mf_var,2041-2070SSP585,0.4,0,785597.711089381,749696.498589789,0.0878385345561061,0.99680233001709,source-zone dual suitability raster,H:/Jing/ecoChina2/dual suit/mf_var/2041-2070SSP585/dual_suitability_zone3.tif,,2,pop_zone3,#33A02C,2041-2070,SSP585,Plain MF RF
pinuSyl,pinuSyl-Zone3,3,Broadleaf deciduous forests in temperate zone,33,mf_var,2071-2100SSP245,0.4,0,811931.633286415,759682.638879593,0.0892004556411383,0.995563089847565,source-zone dual suitability raster,H:/Jing/ecoChina2/dual suit/mf_var/2071-2100SSP245/dual_suitability_zone3.tif,,2,pop_zone3,#33A02C,2071-2100,SSP245,Plain MF RF
pinuSyl,pinuSyl-Zone3,3,Broadleaf deciduous forests in temperate zone,33,mf_var,2071-2100SSP585,0.4,0,576590.276605275,658801.562759587,0.0767344028219359,0.991776645183563,source-zone dual suitability raster,H:/Jing/ecoChina2/dual suit/mf_var/2071-2100SSP585/dual_suitability_zone3.tif,,2,pop_zone3,#33A02C,2071-2100,SSP585,Plain MF RF
pinuSyl,pinuSyl-Zone3,3,Broadleaf deciduous forests in temperate zone,33,rf_var,2011-2040SSP245,0.4,0,991722.749347063,861560.655124556,0.100902788265769,0.999992907047272,source-zone dual suitability raster,H:/Jing/ecoChina2/dual suit/rf_var/2011-2040SSP245/dual_suitability_zone3.tif,,2,pop_zone3,#33A02C,2011-2040,SSP245,Plain RF
pinuSyl,pinuSyl-Zone3,3,Broadleaf deciduous forests in temperate zone,33,rf_var,2011-2040SSP585,0.4,0,981961.397039727,854822.923468484,0.100129128272168,0.999916553497314,source-zone dual suitability raster,H:/Jing/ecoChina2/dual suit/rf_var/2011-2040SSP585/dual_suitability_zone3.tif,,2,pop_zone3,#33A02C,2011-2040,SSP585,Plain RF
pinuSyl,pinuSyl-Zone3,3,Broadleaf deciduous forests in temperate zone,33,rf_var,2041-2070SSP245,0.4,0,874247.31122507,801793.902612769,0.094090862546497,0.99936580657959,source-zone dual suitability raster,H:/Jing/ecoChina2/dual suit/rf_var/2041-2070SSP245/dual_suitability_zone3.tif,,2,pop_zone3,#33A02C,2041-2070,SSP245,Plain RF
pinuSyl,pinuSyl-Zone3,3,Broadleaf deciduous forests in temperate zone,33,rf_var,2041-2070SSP585,0.4,0,785609.683738769,750298.876439071,0.0879103325746048,0.997088074684143,source-zone dual suitability raster,H:/Jing/ecoChina2/dual suit/rf_var/2041-2070SSP585/dual_suitability_zone3.tif,,2,pop_zone3,#33A02C,2041-2070,SSP585,Plain RF
pinuSyl,pinuSyl-Zone3,3,Broadleaf deciduous forests in temperate zone,33,rf_var,2071-2100SSP245,0.4,0,811948.561559728,759729.980661084,0.0891995072155314,0.996340930461884,source-zone dual suitability raster,H:/Jing/ecoChina2/dual suit/rf_var/2071-2100SSP245/dual_suitability_zone3.tif,,2,pop_zone3,#33A02C,2071-2100,SSP245,Plain RF
pinuSyl,pinuSyl-Zone3,3,Broadleaf deciduous forests in temperate zone,33,rf_var,2071-2100SSP585,0.4,0,593181.705103553,665629.026332713,0.0775587035246543,0.995232582092285,source-zone dual suitability raster,H:/Jing/ecoChina2/dual suit/rf_var/2071-2100SSP585/dual_suitability_zone3.tif,,2,pop_zone3,#33A02C,2071-2100,SSP585,Plain RF
pinuSyl,pinuSyl-Zone5,5,Grass and forb meadows,10,mf_var,2011-2040SSP245,0.4,0,713499.390147536,691398.108071845,0.0833885958849166,0.99999326467514,source-zone dual suitability raster,H:/Jing/ecoChina2/dual suit/mf_var/2011-2040SSP245/dual_suitability_zone5.tif,,3,pop_zone5,#B8DE29,2011-2040,SSP245,Plain MF RF
pinuSyl,pinuSyl-Zone5,5,Grass and forb meadows,10,mf_var,2011-2040SSP585,0.4,0,707944.743190264,686685.556953339,0.0828427167560618,0.999993562698364,source-zone dual suitability raster,H:/Jing/ecoChina2/dual suit/mf_var/2011-2040SSP585/dual_suitability_zone5.tif,,3,pop_zone5,#B8DE29,2011-2040,SSP585,Plain MF RF
pinuSyl,pinuSyl-Zone5,5,Grass and forb meadows,10,mf_var,2041-2070SSP245,0.4,0,554373.440353041,660672.367844703,0.0793683897548826,0.999775767326355,source-zone dual suitability raster,H:/Jing/ecoChina2/dual suit/mf_var/2041-2070SSP245/dual_suitability_zone5.tif,,3,pop_zone5,#B8DE29,2041-2070,SSP245,Plain MF RF
pinuSyl,pinuSyl-Zone5,5,Grass and forb meadows,10,mf_var,2041-2070SSP585,0.4,0,456310.97980098,644875.127600189,0.0771990348781359,0.99856436252594,source-zone dual suitability raster,H:/Jing/ecoChina2/dual suit/mf_var/2041-2070SSP585/dual_suitability_zone5.tif,,3,pop_zone5,#B8DE29,2041-2070,SSP585,Plain MF RF
pinuSyl,pinuSyl-Zone5,5,Grass and forb meadows,10,mf_var,2071-2100SSP245,0.4,0,424123.413550007,632595.260488615,0.0757575291355498,0.998734176158905,source-zone dual suitability raster,H:/Jing/ecoChina2/dual suit/mf_var/2071-2100SSP245/dual_suitability_zone5.tif,,3,pop_zone5,#B8DE29,2071-2100,SSP245,Plain MF RF
pinuSyl,pinuSyl-Zone5,5,Grass and forb meadows,10,mf_var,2071-2100SSP585,0.4,0,190919.620358119,569420.169649736,0.0675816786282868,0.983948230743408,source-zone dual suitability raster,H:/Jing/ecoChina2/dual suit/mf_var/2071-2100SSP585/dual_suitability_zone5.tif,,3,pop_zone5,#B8DE29,2071-2100,SSP585,Plain MF RF
pinuSyl,pinuSyl-Zone5,5,Grass and forb meadows,10,rf_var,2011-2040SSP245,0.4,0,708615.524859179,695841.883073457,0.0838934496657109,1,source-zone dual suitability raster,H:/Jing/ecoChina2/dual suit/rf_var/2011-2040SSP245/dual_suitability_zone5.tif,,3,pop_zone5,#B8DE29,2011-2040,SSP245,Plain RF
pinuSyl,pinuSyl-Zone5,5,Grass and forb meadows,10,rf_var,2011-2040SSP585,0.4,0,703366.006911963,691811.837051129,0.0834327383069219,1,source-zone dual suitability raster,H:/Jing/ecoChina2/dual suit/rf_var/2011-2040SSP585/dual_suitability_zone5.tif,,3,pop_zone5,#B8DE29,2011-2040,SSP585,Plain RF
pinuSyl,pinuSyl-Zone5,5,Grass and forb meadows,10,rf_var,2041-2070SSP245,0.4,0,562838.395912328,664486.806417123,0.0797608326720658,0.999514043331146,source-zone dual suitability raster,H:/Jing/ecoChina2/dual suit/rf_var/2041-2070SSP245/dual_suitability_zone5.tif,,3,pop_zone5,#B8DE29,2041-2070,SSP245,Plain RF
pinuSyl,pinuSyl-Zone5,5,Grass and forb meadows,10,rf_var,2041-2070SSP585,0.4,0,487527.712772417,647866.607973571,0.0774849222788153,0.999575853347778,source-zone dual suitability raster,H:/Jing/ecoChina2/dual suit/rf_var/2041-2070SSP585/dual_suitability_zone5.tif,,3,pop_zone5,#B8DE29,2041-2070,SSP585,Plain RF
pinuSyl,pinuSyl-Zone5,5,Grass and forb meadows,10,rf_var,2071-2100SSP245,0.4,0,461683.864642111,636971.80889772,0.0762132175859546,0.999979615211487,source-zone dual suitability raster,H:/Jing/ecoChina2/dual suit/rf_var/2071-2100SSP245/dual_suitability_zone5.tif,,3,pop_zone5,#B8DE29,2071-2100,SSP245,Plain RF
pinuSyl,pinuSyl-Zone5,5,Grass and forb meadows,10,rf_var,2071-2100SSP585,0.4,0,221566.186078462,571284.678679562,0.0677767780332973,0.98980325460434,source-zone dual suitability raster,H:/Jing/ecoChina2/dual suit/rf_var/2071-2100SSP585/dual_suitability_zone5.tif,,3,pop_zone5,#B8DE29,2071-2100,SSP585,Plain RF
pinuSyl,pinuSyl-Zone27,27,Two years three ripes or one year two ripes grain fields and deciduous orchards,10,mf_var,2011-2040SSP245,0.4,0,1055621.11520834,849566.307421329,0.0949542049653007,0.999532103538513,source-zone dual suitability raster,H:/Jing/ecoChina2/dual suit/mf_var/2011-2040SSP245/dual_suitability_zone27.tif,,4,pop_zone27,#FFB703,2011-2040,SSP245,Plain MF RF
pinuSyl,pinuSyl-Zone27,27,Two years three ripes or one year two ripes grain fields and deciduous orchards,10,mf_var,2011-2040SSP585,0.4,0,1062460.50192164,844647.181409632,0.0944910271326436,1,source-zone dual suitability raster,H:/Jing/ecoChina2/dual suit/mf_var/2011-2040SSP585/dual_suitability_zone27.tif,,4,pop_zone27,#FFB703,2011-2040,SSP585,Plain MF RF
pinuSyl,pinuSyl-Zone27,27,Two years three ripes or one year two ripes grain fields and deciduous orchards,10,mf_var,2041-2070SSP245,0.4,0,1125093.44572935,827644.930767343,0.0932855135278178,0.998785555362701,source-zone dual suitability raster,H:/Jing/ecoChina2/dual suit/mf_var/2041-2070SSP245/dual_suitability_zone27.tif,,4,pop_zone27,#FFB703,2041-2070,SSP245,Plain MF RF
pinuSyl,pinuSyl-Zone27,27,Two years three ripes or one year two ripes grain fields and deciduous orchards,10,mf_var,2041-2070SSP585,0.4,0,1169560.02500945,814338.487503643,0.0921213327958877,0.99798196554184,source-zone dual suitability raster,H:/Jing/ecoChina2/dual suit/mf_var/2041-2070SSP585/dual_suitability_zone27.tif,,4,pop_zone27,#FFB703,2041-2070,SSP585,Plain MF RF
pinuSyl,pinuSyl-Zone27,27,Two years three ripes or one year two ripes grain fields and deciduous orchards,10,mf_var,2071-2100SSP245,0.4,0,1166773.33264505,807178.893100071,0.0914648778799905,0.995307147502899,source-zone dual suitability raster,H:/Jing/ecoChina2/dual suit/mf_var/2071-2100SSP245/dual_suitability_zone27.tif,,4,pop_zone27,#FFB703,2071-2100,SSP245,Plain MF RF
pinuSyl,pinuSyl-Zone27,27,Two years three ripes or one year two ripes grain fields and deciduous orchards,10,mf_var,2071-2100SSP585,0.4,0,1205620.10856251,790477.293835466,0.0900961574290023,0.979617774486542,source-zone dual suitability raster,H:/Jing/ecoChina2/dual suit/mf_var/2071-2100SSP585/dual_suitability_zone27.tif,,4,pop_zone27,#FFB703,2071-2100,SSP585,Plain MF RF
pinuSyl,pinuSyl-Zone27,27,Two years three ripes or one year two ripes grain fields and deciduous orchards,10,rf_var,2011-2040SSP245,0.4,0,1078492.24427231,861893.621723228,0.0964378090954231,1,source-zone dual suitability raster,H:/Jing/ecoChina2/dual suit/rf_var/2011-2040SSP245/dual_suitability_zone27.tif,,4,pop_zone27,#FFB703,2011-2040,SSP245,Plain RF
pinuSyl,pinuSyl-Zone27,27,Two years three ripes or one year two ripes grain fields and deciduous orchards,10,rf_var,2011-2040SSP585,0.4,0,1083168.2662333,856468.872435205,0.0959278756074807,1,source-zone dual suitability raster,H:/Jing/ecoChina2/dual suit/rf_var/2011-2040SSP585/dual_suitability_zone27.tif,,4,pop_zone27,#FFB703,2011-2040,SSP585,Plain RF
pinuSyl,pinuSyl-Zone27,27,Two years three ripes or one year two ripes grain fields and deciduous orchards,10,rf_var,2041-2070SSP245,0.4,0,1132354.16265365,837909.275772787,0.0945593487541712,1,source-zone dual suitability raster,H:/Jing/ecoChina2/dual suit/rf_var/2041-2070SSP245/dual_suitability_zone27.tif,,4,pop_zone27,#FFB703,2041-2070,SSP245,Plain RF
pinuSyl,pinuSyl-Zone27,27,Two years three ripes or one year two ripes grain fields and deciduous orchards,10,rf_var,2041-2070SSP585,0.4,0,1160210.0076393,825095.260738358,0.0934496209726132,1,source-zone dual suitability raster,H:/Jing/ecoChina2/dual suit/rf_var/2041-2070SSP585/dual_suitability_zone27.tif,,4,pop_zone27,#FFB703,2041-2070,SSP585,Plain RF
pinuSyl,pinuSyl-Zone27,27,Two years three ripes or one year two ripes grain fields and deciduous orchards,10,rf_var,2071-2100SSP245,0.4,0,1152219.56519409,818300.973998085,0.0928292465782224,1,source-zone dual suitability raster,H:/Jing/ecoChina2/dual suit/rf_var/2071-2100SSP245/dual_suitability_zone27.tif,,4,pop_zone27,#FFB703,2071-2100,SSP245,Plain RF
pinuSyl,pinuSyl-Zone27,27,Two years three ripes or one year two ripes grain fields and deciduous orchards,10,rf_var,2071-2100SSP585,0.4,0,1203609.22415394,810699.903711498,0.0925465321517807,0.986293494701385,source-zone dual suitability raster,H:/Jing/ecoChina2/dual suit/rf_var/2071-2100SSP585/dual_suitability_zone27.tif,,4,pop_zone27,#FFB703,2071-2100,SSP585,Plain RF
pinuYun,pinuYun-Zone5,5,Grass and forb meadows,186,mf_var,2011-2040SSP245,0.4,0,713499.390147536,691398.108071845,0.0833885958849166,0.99999326467514,source-zone dual suitability raster,H:/Jing/ecoChina2/dual suit/mf_var/2011-2040SSP245/dual_suitability_zone5.tif,,1,pop_zone5,#B8DE29,2011-2040,SSP245,Plain MF RF
pinuYun,pinuYun-Zone5,5,Grass and forb meadows,186,mf_var,2011-2040SSP585,0.4,0,707944.743190264,686685.556953339,0.0828427167560618,0.999993562698364,source-zone dual suitability raster,H:/Jing/ecoChina2/dual suit/mf_var/2011-2040SSP585/dual_suitability_zone5.tif,,1,pop_zone5,#B8DE29,2011-2040,SSP585,Plain MF RF
pinuYun,pinuYun-Zone5,5,Grass and forb meadows,186,mf_var,2041-2070SSP245,0.4,0,554373.440353041,660672.367844703,0.0793683897548826,0.999775767326355,source-zone dual suitability raster,H:/Jing/ecoChina2/dual suit/mf_var/2041-2070SSP245/dual_suitability_zone5.tif,,1,pop_zone5,#B8DE29,2041-2070,SSP245,Plain MF RF
pinuYun,pinuYun-Zone5,5,Grass and forb meadows,186,mf_var,2041-2070SSP585,0.4,0,456310.97980098,644875.127600189,0.0771990348781359,0.99856436252594,source-zone dual suitability raster,H:/Jing/ecoChina2/dual suit/mf_var/2041-2070SSP585/dual_suitability_zone5.tif,,1,pop_zone5,#B8DE29,2041-2070,SSP585,Plain MF RF
pinuYun,pinuYun-Zone5,5,Grass and forb meadows,186,mf_var,2071-2100SSP245,0.4,0,424123.413550007,632595.260488615,0.0757575291355498,0.998734176158905,source-zone dual suitability raster,H:/Jing/ecoChina2/dual suit/mf_var/2071-2100SSP245/dual_suitability_zone5.tif,,1,pop_zone5,#B8DE29,2071-2100,SSP245,Plain MF RF
pinuYun,pinuYun-Zone5,5,Grass and forb meadows,186,mf_var,2071-2100SSP585,0.4,0,190919.620358119,569420.169649736,0.0675816786282868,0.983948230743408,source-zone dual suitability raster,H:/Jing/ecoChina2/dual suit/mf_var/2071-2100SSP585/dual_suitability_zone5.tif,,1,pop_zone5,#B8DE29,2071-2100,SSP585,Plain MF RF
pinuYun,pinuYun-Zone5,5,Grass and forb meadows,186,rf_var,2011-2040SSP245,0.4,0,708615.524859179,695841.883073457,0.0838934496657109,1,source-zone dual suitability raster,H:/Jing/ecoChina2/dual suit/rf_var/2011-2040SSP245/dual_suitability_zone5.tif,,1,pop_zone5,#B8DE29,2011-2040,SSP245,Plain RF
pinuYun,pinuYun-Zone5,5,Grass and forb meadows,186,rf_var,2011-2040SSP585,0.4,0,703366.006911963,691811.837051129,0.0834327383069219,1,source-zone dual suitability raster,H:/Jing/ecoChina2/dual suit/rf_var/2011-2040SSP585/dual_suitability_zone5.tif,,1,pop_zone5,#B8DE29,2011-2040,SSP585,Plain RF
pinuYun,pinuYun-Zone5,5,Grass and forb meadows,186,rf_var,2041-2070SSP245,0.4,0,562838.395912328,664486.806417123,0.0797608326720658,0.999514043331146,source-zone dual suitability raster,H:/Jing/ecoChina2/dual suit/rf_var/2041-2070SSP245/dual_suitability_zone5.tif,,1,pop_zone5,#B8DE29,2041-2070,SSP245,Plain RF
pinuYun,pinuYun-Zone5,5,Grass and forb meadows,186,rf_var,2041-2070SSP585,0.4,0,487527.712772417,647866.607973571,0.0774849222788153,0.999575853347778,source-zone dual suitability raster,H:/Jing/ecoChina2/dual suit/rf_var/2041-2070SSP585/dual_suitability_zone5.tif,,1,pop_zone5,#B8DE29,2041-2070,SSP585,Plain RF
pinuYun,pinuYun-Zone5,5,Grass and forb meadows,186,rf_var,2071-2100SSP245,0.4,0,461683.864642111,636971.80889772,0.0762132175859546,0.999979615211487,source-zone dual suitability raster,H:/Jing/ecoChina2/dual suit/rf_var/2071-2100SSP245/dual_suitability_zone5.tif,,1,pop_zone5,#B8DE29,2071-2100,SSP245,Plain RF
pinuYun,pinuYun-Zone5,5,Grass and forb meadows,186,rf_var,2071-2100SSP585,0.4,0,221566.186078462,571284.678679562,0.0677767780332973,0.98980325460434,source-zone dual suitability raster,H:/Jing/ecoChina2/dual suit/rf_var/2071-2100SSP585/dual_suitability_zone5.tif,,1,pop_zone5,#B8DE29,2071-2100,SSP585,Plain RF
pinuYun,pinuYun-Zone7,7,Deciduous scrubs in temperate zone,19,mf_var,2011-2040SSP245,0.4,0,908222.556495777,934497.083030635,0.105980623092223,0.996783018112183,source-zone dual suitability raster,H:/Jing/ecoChina2/dual suit/mf_var/2011-2040SSP245/dual_suitability_zone7.tif,,2,pop_zone7,#C77DFF,2011-2040,SSP245,Plain MF RF
pinuYun,pinuYun-Zone7,7,Deciduous scrubs in temperate zone,19,mf_var,2011-2040SSP585,0.4,0,901063.119536924,934465.075687479,0.105964182738458,0.996502697467804,source-zone dual suitability raster,H:/Jing/ecoChina2/dual suit/mf_var/2011-2040SSP585/dual_suitability_zone7.tif,,2,pop_zone7,#C77DFF,2011-2040,SSP585,Plain MF RF
pinuYun,pinuYun-Zone7,7,Deciduous scrubs in temperate zone,19,mf_var,2041-2070SSP245,0.4,0,789049.333383077,911794.572980806,0.103733252544119,0.990764439105988,source-zone dual suitability raster,H:/Jing/ecoChina2/dual suit/mf_var/2041-2070SSP245/dual_suitability_zone7.tif,,2,pop_zone7,#C77DFF,2041-2070,SSP245,Plain MF RF
pinuYun,pinuYun-Zone7,7,Deciduous scrubs in temperate zone,19,mf_var,2041-2070SSP585,0.4,0,658658.232643191,859045.038130618,0.0979781783470154,0.984044671058655,source-zone dual suitability raster,H:/Jing/ecoChina2/dual suit/mf_var/2041-2070SSP585/dual_suitability_zone7.tif,,2,pop_zone7,#C77DFF,2041-2070,SSP585,Plain MF RF
pinuYun,pinuYun-Zone7,7,Deciduous scrubs in temperate zone,19,mf_var,2071-2100SSP245,0.4,0,650896.814262179,855620.282062806,0.0976323970408807,0.980042815208435,source-zone dual suitability raster,H:/Jing/ecoChina2/dual suit/mf_var/2071-2100SSP245/dual_suitability_zone7.tif,,2,pop_zone7,#C77DFF,2071-2100,SSP245,Plain MF RF
pinuYun,pinuYun-Zone7,7,Deciduous scrubs in temperate zone,19,mf_var,2071-2100SSP585,0.4,0,393028.573989724,747137.85956508,0.0856138736939156,0.95249342918396,source-zone dual suitability raster,H:/Jing/ecoChina2/dual suit/mf_var/2071-2100SSP585/dual_suitability_zone7.tif,,2,pop_zone7,#C77DFF,2071-2100,SSP585,Plain MF RF
pinuYun,pinuYun-Zone7,7,Deciduous scrubs in temperate zone,19,rf_var,2011-2040SSP245,0.4,0,915449.876126181,937998.821926289,0.106327823450021,0.997853755950928,source-zone dual suitability raster,H:/Jing/ecoChina2/dual suit/rf_var/2011-2040SSP245/dual_suitability_zone7.tif,,2,pop_zone7,#C77DFF,2011-2040,SSP245,Plain RF
pinuYun,pinuYun-Zone7,7,Deciduous scrubs in temperate zone,19,rf_var,2011-2040SSP585,0.4,0,908772.259378617,937973.053041428,0.106325024393075,0.998431622982025,source-zone dual suitability raster,H:/Jing/ecoChina2/dual suit/rf_var/2011-2040SSP585/dual_suitability_zone7.tif,,2,pop_zone7,#C77DFF,2011-2040,SSP585,Plain RF
pinuYun,pinuYun-Zone7,7,Deciduous scrubs in temperate zone,19,rf_var,2041-2070SSP245,0.4,0,802072.949460654,916046.868555697,0.104216838089282,0.992921352386475,source-zone dual suitability raster,H:/Jing/ecoChina2/dual suit/rf_var/2041-2070SSP245/dual_suitability_zone7.tif,,2,pop_zone7,#C77DFF,2041-2070,SSP245,Plain RF
pinuYun,pinuYun-Zone7,7,Deciduous scrubs in temperate zone,19,rf_var,2041-2070SSP585,0.4,0,680644.522942131,865859.510441791,0.0987751379516298,0.985073983669281,source-zone dual suitability raster,H:/Jing/ecoChina2/dual suit/rf_var/2041-2070SSP585/dual_suitability_zone7.tif,,2,pop_zone7,#C77DFF,2041-2070,SSP585,Plain RF
pinuYun,pinuYun-Zone7,7,Deciduous scrubs in temperate zone,19,rf_var,2071-2100SSP245,0.4,0,674969.461701602,861728.674019583,0.098343549799356,0.983543455600739,source-zone dual suitability raster,H:/Jing/ecoChina2/dual suit/rf_var/2071-2100SSP245/dual_suitability_zone7.tif,,2,pop_zone7,#C77DFF,2071-2100,SSP245,Plain RF
pinuYun,pinuYun-Zone7,7,Deciduous scrubs in temperate zone,19,rf_var,2071-2100SSP585,0.4,0,408782.274633449,757323.165010512,0.0868908826622547,0.956230461597443,source-zone dual suitability raster,H:/Jing/ecoChina2/dual suit/rf_var/2071-2100SSP585/dual_suitability_zone7.tif,,2,pop_zone7,#C77DFF,2071-2100,SSP585,Plain RF
pinuYun,pinuYun-Zone10,10,Needleleaf forests on mountains in subtropical and tropical zones,138,mf_var,2011-2040SSP245,0.4,0,450367.913421521,415807.106209249,0.0417823776554996,1,source-zone dual suitability raster,H:/Jing/ecoChina2/dual suit/mf_var/2011-2040SSP245/dual_suitability_zone10.tif,,3,pop_zone10,#006D77,2011-2040,SSP245,Plain MF RF
pinuYun,pinuYun-Zone10,10,Needleleaf forests on mountains in subtropical and tropical zones,138,mf_var,2011-2040SSP585,0.4,0,448317.796062005,413127.198861254,0.0415219852591457,1,source-zone dual suitability raster,H:/Jing/ecoChina2/dual suit/mf_var/2011-2040SSP585/dual_suitability_zone10.tif,,3,pop_zone10,#006D77,2011-2040,SSP585,Plain MF RF
pinuYun,pinuYun-Zone10,10,Needleleaf forests on mountains in subtropical and tropical zones,138,mf_var,2041-2070SSP245,0.4,0,450681.696874298,422502.458907184,0.0425979404395043,1,source-zone dual suitability raster,H:/Jing/ecoChina2/dual suit/mf_var/2041-2070SSP245/dual_suitability_zone10.tif,,3,pop_zone10,#006D77,2041-2070,SSP245,Plain MF RF
pinuYun,pinuYun-Zone10,10,Needleleaf forests on mountains in subtropical and tropical zones,138,mf_var,2041-2070SSP585,0.4,0,452199.263423622,429569.899071774,0.0433225218901501,1,source-zone dual suitability raster,H:/Jing/ecoChina2/dual suit/mf_var/2041-2070SSP585/dual_suitability_zone10.tif,,3,pop_zone10,#006D77,2041-2070,SSP585,Plain MF RF
pinuYun,pinuYun-Zone10,10,Needleleaf forests on mountains in subtropical and tropical zones,138,mf_var,2071-2100SSP245,0.4,0,454654.037266167,432326.807470186,0.0436141522517113,1,source-zone dual suitability raster,H:/Jing/ecoChina2/dual suit/mf_var/2071-2100SSP245/dual_suitability_zone10.tif,,3,pop_zone10,#006D77,2071-2100,SSP245,Plain MF RF
pinuYun,pinuYun-Zone10,10,Needleleaf forests on mountains in subtropical and tropical zones,138,mf_var,2071-2100SSP585,0.4,0,437210.105469489,426043.058256222,0.0430045770692589,1,source-zone dual suitability raster,H:/Jing/ecoChina2/dual suit/mf_var/2071-2100SSP585/dual_suitability_zone10.tif,,3,pop_zone10,#006D77,2071-2100,SSP585,Plain MF RF
pinuYun,pinuYun-Zone10,10,Needleleaf forests on mountains in subtropical and tropical zones,138,rf_var,2011-2040SSP245,0.4,0,449973.316552287,415369.522489333,0.0417432238871689,1,source-zone dual suitability raster,H:/Jing/ecoChina2/dual suit/rf_var/2011-2040SSP245/dual_suitability_zone10.tif,,3,pop_zone10,#006D77,2011-2040,SSP245,Plain RF
pinuYun,pinuYun-Zone10,10,Needleleaf forests on mountains in subtropical and tropical zones,138,rf_var,2011-2040SSP585,0.4,0,447749.922452866,412851.956740509,0.0415012834673699,1,source-zone dual suitability raster,H:/Jing/ecoChina2/dual suit/rf_var/2011-2040SSP585/dual_suitability_zone10.tif,,3,pop_zone10,#006D77,2011-2040,SSP585,Plain RF
pinuYun,pinuYun-Zone10,10,Needleleaf forests on mountains in subtropical and tropical zones,138,rf_var,2041-2070SSP245,0.4,0,449617.149124752,421466.058875481,0.0425055620306445,1,source-zone dual suitability raster,H:/Jing/ecoChina2/dual suit/rf_var/2041-2070SSP245/dual_suitability_zone10.tif,,3,pop_zone10,#006D77,2041-2070,SSP245,Plain RF
pinuYun,pinuYun-Zone10,10,Needleleaf forests on mountains in subtropical and tropical zones,138,rf_var,2041-2070SSP585,0.4,0,450470.924407072,427960.47307937,0.0431665870369082,1,source-zone dual suitability raster,H:/Jing/ecoChina2/dual suit/rf_var/2041-2070SSP585/dual_suitability_zone10.tif,,3,pop_zone10,#006D77,2041-2070,SSP585,Plain RF
pinuYun,pinuYun-Zone10,10,Needleleaf forests on mountains in subtropical and tropical zones,138,rf_var,2071-2100SSP245,0.4,0,452791.24635084,430523.804846467,0.0434303931521971,1,source-zone dual suitability raster,H:/Jing/ecoChina2/dual suit/rf_var/2071-2100SSP245/dual_suitability_zone10.tif,,3,pop_zone10,#006D77,2071-2100,SSP245,Plain RF
pinuYun,pinuYun-Zone10,10,Needleleaf forests on mountains in subtropical and tropical zones,138,rf_var,2071-2100SSP585,0.4,0,433133.443279137,424395.940853799,0.0428221719620255,1,source-zone dual suitability raster,H:/Jing/ecoChina2/dual suit/rf_var/2071-2100SSP585/dual_suitability_zone10.tif,,3,pop_zone10,#006D77,2071-2100,SSP585,Plain RF
pinuYun,pinuYun-Zone18,18,Subalpine broadleaf deciduous scrubs,10,mf_var,2011-2040SSP245,0.4,0,982190.726919402,872746.052726537,0.0910208294974504,0.999943137168884,source-zone dual suitability raster,H:/Jing/ecoChina2/dual suit/mf_var/2011-2040SSP245/dual_suitability_zone18.tif,,4,pop_zone18,#9D4EDD,2011-2040,SSP245,Plain MF RF
pinuYun,pinuYun-Zone18,18,Subalpine broadleaf deciduous scrubs,10,mf_var,2011-2040SSP585,0.4,0,982346.099198314,869980.49891077,0.0907256417760756,0.999944865703583,source-zone dual suitability raster,H:/Jing/ecoChina2/dual suit/mf_var/2011-2040SSP585/dual_suitability_zone18.tif,,4,pop_zone18,#9D4EDD,2011-2040,SSP585,Plain MF RF
pinuYun,pinuYun-Zone18,18,Subalpine broadleaf deciduous scrubs,10,mf_var,2041-2070SSP245,0.4,0,1108202.44447897,965659.795363358,0.100637014446173,0.997728586196899,source-zone dual suitability raster,H:/Jing/ecoChina2/dual suit/mf_var/2041-2070SSP245/dual_suitability_zone18.tif,,4,pop_zone18,#9D4EDD,2041-2070,SSP245,Plain MF RF
pinuYun,pinuYun-Zone18,18,Subalpine broadleaf deciduous scrubs,10,mf_var,2041-2070SSP585,0.4,0,1175688.30974684,1009840.42089651,0.105208311640963,0.99634063243866,source-zone dual suitability raster,H:/Jing/ecoChina2/dual suit/mf_var/2041-2070SSP585/dual_suitability_zone18.tif,,4,pop_zone18,#9D4EDD,2041-2070,SSP585,Plain MF RF
pinuYun,pinuYun-Zone18,18,Subalpine broadleaf deciduous scrubs,10,mf_var,2071-2100SSP245,0.4,0,1191642.49644099,1017423.41786625,0.105980158356835,0.997727930545807,source-zone dual suitability raster,H:/Jing/ecoChina2/dual suit/mf_var/2071-2100SSP245/dual_suitability_zone18.tif,,4,pop_zone18,#9D4EDD,2071-2100,SSP245,Plain MF RF
pinuYun,pinuYun-Zone18,18,Subalpine broadleaf deciduous scrubs,10,mf_var,2071-2100SSP585,0.4,0,1377363.57446165,1082852.83235389,0.112366647166444,0.991005539894104,source-zone dual suitability raster,H:/Jing/ecoChina2/dual suit/mf_var/2071-2100SSP585/dual_suitability_zone18.tif,,4,pop_zone18,#9D4EDD,2071-2100,SSP585,Plain MF RF
pinuYun,pinuYun-Zone18,18,Subalpine broadleaf deciduous scrubs,10,rf_var,2011-2040SSP245,0.4,0,971808.795230242,870262.193381584,0.0907702344159903,1,source-zone dual suitability raster,H:/Jing/ecoChina2/dual suit/rf_var/2011-2040SSP245/dual_suitability_zone18.tif,,4,pop_zone18,#9D4EDD,2011-2040,SSP245,Plain RF
pinuYun,pinuYun-Zone18,18,Subalpine broadleaf deciduous scrubs,10,rf_var,2011-2040SSP585,0.4,0,972882.87660137,867885.0103962,0.0905152721114403,0.999994277954102,source-zone dual suitability raster,H:/Jing/ecoChina2/dual suit/rf_var/2011-2040SSP585/dual_suitability_zone18.tif,,4,pop_zone18,#9D4EDD,2011-2040,SSP585,Plain RF
pinuYun,pinuYun-Zone18,18,Subalpine broadleaf deciduous scrubs,10,rf_var,2041-2070SSP245,0.4,0,1091908.34790768,960754.947095051,0.100130157693894,1,source-zone dual suitability raster,H:/Jing/ecoChina2/dual suit/rf_var/2041-2070SSP245/dual_suitability_zone18.tif,,4,pop_zone18,#9D4EDD,2041-2070,SSP245,Plain RF
pinuYun,pinuYun-Zone18,18,Subalpine broadleaf deciduous scrubs,10,rf_var,2041-2070SSP585,0.4,0,1153881.15192986,1003331.01608335,0.104534785833586,0.999522864818573,source-zone dual suitability raster,H:/Jing/ecoChina2/dual suit/rf_var/2041-2070SSP585/dual_suitability_zone18.tif,,4,pop_zone18,#9D4EDD,2041-2070,SSP585,Plain RF
pinuYun,pinuYun-Zone18,18,Subalpine broadleaf deciduous scrubs,10,rf_var,2071-2100SSP245,0.4,0,1167750.33688283,1011385.67161247,0.105352933717245,0.999943852424622,source-zone dual suitability raster,H:/Jing/ecoChina2/dual suit/rf_var/2071-2100SSP245/dual_suitability_zone18.tif,,4,pop_zone18,#9D4EDD,2071-2100,SSP245,Plain RF
pinuYun,pinuYun-Zone18,18,Subalpine broadleaf deciduous scrubs,10,rf_var,2071-2100SSP585,0.4,0,1344586.10049745,1075650.38043239,0.111602198693096,0.993957817554474,source-zone dual suitability raster,H:/Jing/ecoChina2/dual suit/rf_var/2071-2100SSP585/dual_suitability_zone18.tif,,4,pop_zone18,#9D4EDD,2071-2100,SSP585,Plain RF
pinuYun,pinuYun-Zone21,21,One year two ripes or three ripes grain fields; evergreen orchards and subtropical economic tree plantations,271,mf_var,2011-2040SSP245,0.4,0,1530533.46254914,1199875.25433149,0.116895770268274,1,source-zone dual suitability raster,H:/Jing/ecoChina2/dual suit/mf_var/2011-2040SSP245/dual_suitability_zone21.tif,,5,pop_zone21,#F3722C,2011-2040,SSP245,Plain MF RF
pinuYun,pinuYun-Zone21,21,One year two ripes or three ripes grain fields; evergreen orchards and subtropical economic tree plantations,271,mf_var,2011-2040SSP585,0.4,0,1551059.6807626,1201537.26610723,0.117092041448097,0.999445676803589,source-zone dual suitability raster,H:/Jing/ecoChina2/dual suit/mf_var/2011-2040SSP585/dual_suitability_zone21.tif,,5,pop_zone21,#F3722C,2011-2040,SSP585,Plain MF RF
pinuYun,pinuYun-Zone21,21,One year two ripes or three ripes grain fields; evergreen orchards and subtropical economic tree plantations,271,mf_var,2041-2070SSP245,0.4,0,1731499.18957856,1250850.03087577,0.122170502121106,0.996771037578583,source-zone dual suitability raster,H:/Jing/ecoChina2/dual suit/mf_var/2041-2070SSP245/dual_suitability_zone21.tif,,5,pop_zone21,#F3722C,2041-2070,SSP245,Plain MF RF
pinuYun,pinuYun-Zone21,21,One year two ripes or three ripes grain fields; evergreen orchards and subtropical economic tree plantations,271,mf_var,2041-2070SSP585,0.4,0,1831966.33894772,1284644.79448191,0.125630449452895,0.98999559879303,source-zone dual suitability raster,H:/Jing/ecoChina2/dual suit/mf_var/2041-2070SSP585/dual_suitability_zone21.tif,,5,pop_zone21,#F3722C,2041-2070,SSP585,Plain MF RF
pinuYun,pinuYun-Zone21,21,One year two ripes or three ripes grain fields; evergreen orchards and subtropical economic tree plantations,271,mf_var,2071-2100SSP245,0.4,0,1829385.60026031,1276863.99086277,0.124965561116142,0.986386716365814,source-zone dual suitability raster,H:/Jing/ecoChina2/dual suit/mf_var/2071-2100SSP245/dual_suitability_zone21.tif,,5,pop_zone21,#F3722C,2071-2100,SSP245,Plain MF RF
pinuYun,pinuYun-Zone21,21,One year two ripes or three ripes grain fields; evergreen orchards and subtropical economic tree plantations,271,mf_var,2071-2100SSP585,0.4,0,1865238.78048863,1269536.75920169,0.12469948064926,0.979230105876923,source-zone dual suitability raster,H:/Jing/ecoChina2/dual suit/mf_var/2071-2100SSP585/dual_suitability_zone21.tif,,5,pop_zone21,#F3722C,2071-2100,SSP585,Plain MF RF
pinuYun,pinuYun-Zone21,21,One year two ripes or three ripes grain fields; evergreen orchards and subtropical economic tree plantations,271,rf_var,2011-2040SSP245,0.4,0,1538441.37702342,1201072.91162484,0.11702210819736,1,source-zone dual suitability raster,H:/Jing/ecoChina2/dual suit/rf_var/2011-2040SSP245/dual_suitability_zone21.tif,,5,pop_zone21,#F3722C,2011-2040,SSP245,Plain RF
pinuYun,pinuYun-Zone21,21,One year two ripes or three ripes grain fields; evergreen orchards and subtropical economic tree plantations,271,rf_var,2011-2040SSP585,0.4,0,1560595.49867235,1203105.24246789,0.11725418651389,0.999948859214783,source-zone dual suitability raster,H:/Jing/ecoChina2/dual suit/rf_var/2011-2040SSP585/dual_suitability_zone21.tif,,5,pop_zone21,#F3722C,2011-2040,SSP585,Plain RF
pinuYun,pinuYun-Zone21,21,One year two ripes or three ripes grain fields; evergreen orchards and subtropical economic tree plantations,271,rf_var,2041-2070SSP245,0.4,0,1741467.93477746,1254326.63292747,0.122519497317467,0.994000017642975,source-zone dual suitability raster,H:/Jing/ecoChina2/dual suit/rf_var/2041-2070SSP245/dual_suitability_zone21.tif,,5,pop_zone21,#F3722C,2041-2070,SSP245,Plain RF
pinuYun,pinuYun-Zone21,21,One year two ripes or three ripes grain fields; evergreen orchards and subtropical economic tree plantations,271,rf_var,2041-2070SSP585,0.4,0,1840318.62484336,1285522.66452437,0.125721479504703,0.993647694587708,source-zone dual suitability raster,H:/Jing/ecoChina2/dual suit/rf_var/2041-2070SSP585/dual_suitability_zone21.tif,,5,pop_zone21,#F3722C,2041-2070,SSP585,Plain RF
pinuYun,pinuYun-Zone21,21,One year two ripes or three ripes grain fields; evergreen orchards and subtropical economic tree plantations,271,rf_var,2071-2100SSP245,0.4,0,1834085.30396971,1275836.44913597,0.12487127008775,0.994349718093872,source-zone dual suitability raster,H:/Jing/ecoChina2/dual suit/rf_var/2071-2100SSP245/dual_suitability_zone21.tif,,5,pop_zone21,#F3722C,2071-2100,SSP245,Plain RF
pinuYun,pinuYun-Zone21,21,One year two ripes or three ripes grain fields; evergreen orchards and subtropical economic tree plantations,271,rf_var,2071-2100SSP585,0.4,0,1876779.92352405,1269755.83754408,0.124735690133307,0.986698865890503,source-zone dual suitability raster,H:/Jing/ecoChina2/dual suit/rf_var/2071-2100SSP585/dual_suitability_zone21.tif,,5,pop_zone21,#F3722C,2071-2100,SSP585,Plain RF
pinuYun,pinuYun-Zone28,28,Broadleaf deciduous forests in subtropical zone,33,mf_var,2011-2040SSP245,0.4,0,522640.016971536,497599.63309041,0.0496746175482909,1,source-zone dual suitability raster,H:/Jing/ecoChina2/dual suit/mf_var/2011-2040SSP245/dual_suitability_zone28.tif,,6,pop_zone28,#52B788,2011-2040,SSP245,Plain MF RF
pinuYun,pinuYun-Zone28,28,Broadleaf deciduous forests in subtropical zone,33,mf_var,2011-2040SSP585,0.4,0,518091.259630108,495663.767011983,0.0495159737251861,0.999955952167511,source-zone dual suitability raster,H:/Jing/ecoChina2/dual suit/mf_var/2011-2040SSP585/dual_suitability_zone28.tif,,6,pop_zone28,#52B788,2011-2040,SSP585,Plain MF RF
pinuYun,pinuYun-Zone28,28,Broadleaf deciduous forests in subtropical zone,33,mf_var,2041-2070SSP245,0.4,0,429291.13727174,441289.436307507,0.0442666893695378,0.998333752155304,source-zone dual suitability raster,H:/Jing/ecoChina2/dual suit/mf_var/2041-2070SSP245/dual_suitability_zone28.tif,,6,pop_zone28,#52B788,2041-2070,SSP245,Plain MF RF
pinuYun,pinuYun-Zone28,28,Broadleaf deciduous forests in subtropical zone,33,mf_var,2041-2070SSP585,0.4,0,366512.083775073,410391.577139993,0.0413400295316464,0.998130142688751,source-zone dual suitability raster,H:/Jing/ecoChina2/dual suit/mf_var/2041-2070SSP585/dual_suitability_zone28.tif,,6,pop_zone28,#52B788,2041-2070,SSP585,Plain MF RF
pinuYun,pinuYun-Zone28,28,Broadleaf deciduous forests in subtropical zone,33,mf_var,2071-2100SSP245,0.4,0,359955.477245817,404185.824902387,0.0407779063282301,0.997250020503998,source-zone dual suitability raster,H:/Jing/ecoChina2/dual suit/mf_var/2071-2100SSP245/dual_suitability_zone28.tif,,6,pop_zone28,#52B788,2071-2100,SSP245,Plain MF RF
pinuYun,pinuYun-Zone28,28,Broadleaf deciduous forests in subtropical zone,33,mf_var,2071-2100SSP585,0.4,0,243470.03953915,364806.326464996,0.037245689500023,0.981118857860565,source-zone dual suitability raster,H:/Jing/ecoChina2/dual suit/mf_var/2071-2100SSP585/dual_suitability_zone28.tif,,6,pop_zone28,#52B788,2071-2100,SSP585,Plain MF RF
pinuYun,pinuYun-Zone28,28,Broadleaf deciduous forests in subtropical zone,33,rf_var,2011-2040SSP245,0.4,0,522277.250491399,496180.898726432,0.0495296644981018,1,source-zone dual suitability raster,H:/Jing/ecoChina2/dual suit/rf_var/2011-2040SSP245/dual_suitability_zone28.tif,,6,pop_zone28,#52B788,2011-2040,SSP245,Plain RF
pinuYun,pinuYun-Zone28,28,Broadleaf deciduous forests in subtropical zone,33,rf_var,2011-2040SSP585,0.4,0,516515.934942357,493675.09561933,0.0493164296057491,1,source-zone dual suitability raster,H:/Jing/ecoChina2/dual suit/rf_var/2011-2040SSP585/dual_suitability_zone28.tif,,6,pop_zone28,#52B788,2011-2040,SSP585,Plain RF
pinuYun,pinuYun-Zone28,28,Broadleaf deciduous forests in subtropical zone,33,rf_var,2041-2070SSP245,0.4,0,419665.817475388,440299.399088811,0.0441782397475108,0.998000025749207,source-zone dual suitability raster,H:/Jing/ecoChina2/dual suit/rf_var/2041-2070SSP245/dual_suitability_zone28.tif,,6,pop_zone28,#52B788,2041-2070,SSP245,Plain RF
pinuYun,pinuYun-Zone28,28,Broadleaf deciduous forests in subtropical zone,33,rf_var,2041-2070SSP585,0.4,0,357843.350973783,409585.086331117,0.0412679736351961,0.999406814575195,source-zone dual suitability raster,H:/Jing/ecoChina2/dual suit/rf_var/2041-2070SSP585/dual_suitability_zone28.tif,,6,pop_zone28,#52B788,2041-2070,SSP585,Plain RF
pinuYun,pinuYun-Zone28,28,Broadleaf deciduous forests in subtropical zone,33,rf_var,2071-2100SSP245,0.4,0,352479.076453669,403954.726646998,0.0407607028540228,0.995962798595428,source-zone dual suitability raster,H:/Jing/ecoChina2/dual suit/rf_var/2071-2100SSP245/dual_suitability_zone28.tif,,6,pop_zone28,#52B788,2071-2100,SSP245,Plain RF
pinuYun,pinuYun-Zone28,28,Broadleaf deciduous forests in subtropical zone,33,rf_var,2071-2100SSP585,0.4,0,230593.948878096,363119.975155754,0.0370806677797168,0.980509221553802,source-zone dual suitability raster,H:/Jing/ecoChina2/dual suit/rf_var/2071-2100SSP585/dual_suitability_zone28.tif,,6,pop_zone28,#52B788,2071-2100,SSP585,Plain RF
pinuYun,pinuYun-Zone30,30,Needleleaf forests in subtropical zone,59235,mf_var,2011-2040SSP245,0.4,0,1337047.96536245,1106879.19796073,0.107820438876551,0.998766124248505,source-zone dual suitability raster,H:/Jing/ecoChina2/dual suit/mf_var/2011-2040SSP245/dual_suitability_zone30.tif,,7,pop_zone30,#1B9AAA,2011-2040,SSP245,Plain MF RF
pinuYun,pinuYun-Zone30,30,Needleleaf forests in subtropical zone,59235,mf_var,2011-2040SSP585,0.4,0,1353438.25968577,1097806.91280904,0.106973193972744,0.998434722423553,source-zone dual suitability raster,H:/Jing/ecoChina2/dual suit/mf_var/2011-2040SSP585/dual_suitability_zone30.tif,,7,pop_zone30,#1B9AAA,2011-2040,SSP585,Plain MF RF
pinuYun,pinuYun-Zone30,30,Needleleaf forests in subtropical zone,59235,mf_var,2041-2070SSP245,0.4,0,1163217.31351408,988036.407931602,0.0963782271461983,0.997828722000122,source-zone dual suitability raster,H:/Jing/ecoChina2/dual suit/mf_var/2041-2070SSP245/dual_suitability_zone30.tif,,7,pop_zone30,#1B9AAA,2041-2070,SSP245,Plain MF RF
pinuYun,pinuYun-Zone30,30,Needleleaf forests in subtropical zone,59235,mf_var,2041-2070SSP585,0.4,0,1072956.16743153,936072.806734934,0.0913893861659571,0.993289828300476,source-zone dual suitability raster,H:/Jing/ecoChina2/dual suit/mf_var/2041-2070SSP585/dual_suitability_zone30.tif,,7,pop_zone30,#1B9AAA,2041-2070,SSP585,Plain MF RF
pinuYun,pinuYun-Zone30,30,Needleleaf forests in subtropical zone,59235,mf_var,2071-2100SSP245,0.4,0,1060009.59879559,926365.979783901,0.0904868052120297,0.996220350265503,source-zone dual suitability raster,H:/Jing/ecoChina2/dual suit/mf_var/2071-2100SSP245/dual_suitability_zone30.tif,,7,pop_zone30,#1B9AAA,2071-2100,SSP245,Plain MF RF
pinuYun,pinuYun-Zone30,30,Needleleaf forests in subtropical zone,59235,mf_var,2071-2100SSP585,0.4,0,678526.77121876,788855.648397844,0.0772671384497844,0.977640450000763,source-zone dual suitability raster,H:/Jing/ecoChina2/dual suit/mf_var/2071-2100SSP585/dual_suitability_zone30.tif,,7,pop_zone30,#1B9AAA,2071-2100,SSP585,Plain MF RF
pinuYun,pinuYun-Zone30,30,Needleleaf forests in subtropical zone,59235,rf_var,2011-2040SSP245,0.4,0,1330937.96836305,1106645.47481794,0.107799891312452,0.999993801116943,source-zone dual suitability raster,H:/Jing/ecoChina2/dual suit/rf_var/2011-2040SSP245/dual_suitability_zone30.tif,,7,pop_zone30,#1B9AAA,2011-2040,SSP245,Plain RF
pinuYun,pinuYun-Zone30,30,Needleleaf forests in subtropical zone,59235,rf_var,2011-2040SSP585,0.4,0,1342725.49010955,1098023.970005,0.106998293330992,1,source-zone dual suitability raster,H:/Jing/ecoChina2/dual suit/rf_var/2011-2040SSP585/dual_suitability_zone30.tif,,7,pop_zone30,#1B9AAA,2011-2040,SSP585,Plain RF
pinuYun,pinuYun-Zone30,30,Needleleaf forests in subtropical zone,59235,rf_var,2041-2070SSP245,0.4,0,1150606.48940731,983306.648902793,0.0959193605578842,0.999796330928802,source-zone dual suitability raster,H:/Jing/ecoChina2/dual suit/rf_var/2041-2070SSP245/dual_suitability_zone30.tif,,7,pop_zone30,#1B9AAA,2041-2070,SSP245,Plain RF
pinuYun,pinuYun-Zone30,30,Needleleaf forests in subtropical zone,59235,rf_var,2041-2070SSP585,0.4,0,1057184.8427692,929498.388669496,0.0907511062280551,0.997333884239197,source-zone dual suitability raster,H:/Jing/ecoChina2/dual suit/rf_var/2041-2070SSP585/dual_suitability_zone30.tif,,7,pop_zone30,#1B9AAA,2041-2070,SSP585,Plain RF
pinuYun,pinuYun-Zone30,30,Needleleaf forests in subtropical zone,59235,rf_var,2071-2100SSP245,0.4,0,1033842.62573034,917757.284093439,0.0896503451604841,0.999075710773468,source-zone dual suitability raster,H:/Jing/ecoChina2/dual suit/rf_var/2071-2100SSP245/dual_suitability_zone30.tif,,7,pop_zone30,#1B9AAA,2071-2100,SSP245,Plain RF
pinuYun,pinuYun-Zone30,30,Needleleaf forests in subtropical zone,59235,rf_var,2071-2100SSP585,0.4,0,624494.560234146,777995.912497863,0.0762063646045088,0.9864382147789,source-zone dual suitability raster,H:/Jing/ecoChina2/dual suit/rf_var/2071-2100SSP585/dual_suitability_zone30.tif,,7,pop_zone30,#1B9AAA,2071-2100,SSP585,Plain RF
pinuYun,pinuYun-Zone39,39,Sclerophyllous broadleaf evergreen forests in subtropical zone,138,mf_var,2011-2040SSP245,0.4,0,308654.066658345,290371.315386122,0.0289506802591525,1,source-zone dual suitability raster,H:/Jing/ecoChina2/dual suit/mf_var/2011-2040SSP245/dual_suitability_zone39.tif,,8,pop_zone39,#118AB2,2011-2040,SSP245,Plain MF RF
pinuYun,pinuYun-Zone39,39,Sclerophyllous broadleaf evergreen forests in subtropical zone,138,mf_var,2011-2040SSP585,0.4,0,305653.664006128,287005.174017939,0.028617589231789,1,source-zone dual suitability raster,H:/Jing/ecoChina2/dual suit/mf_var/2011-2040SSP585/dual_suitability_zone39.tif,,8,pop_zone39,#118AB2,2011-2040,SSP585,Plain MF RF
pinuYun,pinuYun-Zone39,39,Sclerophyllous broadleaf evergreen forests in subtropical zone,138,mf_var,2041-2070SSP245,0.4,0,328763.835147974,305712.247719362,0.0306044021116592,1,source-zone dual suitability raster,H:/Jing/ecoChina2/dual suit/mf_var/2041-2070SSP245/dual_suitability_zone39.tif,,8,pop_zone39,#118AB2,2041-2070,SSP245,Plain MF RF
pinuYun,pinuYun-Zone39,39,Sclerophyllous broadleaf evergreen forests in subtropical zone,138,mf_var,2041-2070SSP585,0.4,0,346503.672711227,321223.263837521,0.0322269440400933,1,source-zone dual suitability raster,H:/Jing/ecoChina2/dual suit/mf_var/2041-2070SSP585/dual_suitability_zone39.tif,,8,pop_zone39,#118AB2,2041-2070,SSP585,Plain MF RF
pinuYun,pinuYun-Zone39,39,Sclerophyllous broadleaf evergreen forests in subtropical zone,138,mf_var,2071-2100SSP245,0.4,0,346031.762364283,319783.39842495,0.032104099853507,1,source-zone dual suitability raster,H:/Jing/ecoChina2/dual suit/mf_var/2071-2100SSP245/dual_suitability_zone39.tif,,8,pop_zone39,#118AB2,2071-2100,SSP245,Plain MF RF
pinuYun,pinuYun-Zone39,39,Sclerophyllous broadleaf evergreen forests in subtropical zone,138,mf_var,2071-2100SSP585,0.4,0,353581.649194273,325245.35854028,0.0327961882717398,0.999997138977051,source-zone dual suitability raster,H:/Jing/ecoChina2/dual suit/mf_var/2071-2100SSP585/dual_suitability_zone39.tif,,8,pop_zone39,#118AB2,2071-2100,SSP585,Plain MF RF
pinuYun,pinuYun-Zone39,39,Sclerophyllous broadleaf evergreen forests in subtropical zone,138,rf_var,2011-2040SSP245,0.4,0,308819.584465078,290308.363670312,0.0289461370386923,1,source-zone dual suitability raster,H:/Jing/ecoChina2/dual suit/rf_var/2011-2040SSP245/dual_suitability_zone39.tif,,8,pop_zone39,#118AB2,2011-2040,SSP245,Plain RF
pinuYun,pinuYun-Zone39,39,Sclerophyllous broadleaf evergreen forests in subtropical zone,138,rf_var,2011-2040SSP585,0.4,0,306375.165785854,287296.083442031,0.0286489022796791,1,source-zone dual suitability raster,H:/Jing/ecoChina2/dual suit/rf_var/2011-2040SSP585/dual_suitability_zone39.tif,,8,pop_zone39,#118AB2,2011-2040,SSP585,Plain RF
pinuYun,pinuYun-Zone39,39,Sclerophyllous broadleaf evergreen forests in subtropical zone,138,rf_var,2041-2070SSP245,0.4,0,329473.136135203,305941.286961621,0.0306295632913223,1,source-zone dual suitability raster,H:/Jing/ecoChina2/dual suit/rf_var/2041-2070SSP245/dual_suitability_zone39.tif,,8,pop_zone39,#118AB2,2041-2070,SSP245,Plain RF
pinuYun,pinuYun-Zone39,39,Sclerophyllous broadleaf evergreen forests in subtropical zone,138,rf_var,2041-2070SSP585,0.4,0,348169.522791213,321099.916756172,0.032216992699955,1,source-zone dual suitability raster,H:/Jing/ecoChina2/dual suit/rf_var/2041-2070SSP585/dual_suitability_zone39.tif,,8,pop_zone39,#118AB2,2041-2070,SSP585,Plain RF
pinuYun,pinuYun-Zone39,39,Sclerophyllous broadleaf evergreen forests in subtropical zone,138,rf_var,2071-2100SSP245,0.4,0,347468.717332431,319751.887728435,0.0321023301217593,1,source-zone dual suitability raster,H:/Jing/ecoChina2/dual suit/rf_var/2071-2100SSP245/dual_suitability_zone39.tif,,8,pop_zone39,#118AB2,2071-2100,SSP245,Plain RF
pinuYun,pinuYun-Zone39,39,Sclerophyllous broadleaf evergreen forests in subtropical zone,138,rf_var,2071-2100SSP585,0.4,0,353072.829498431,324469.227809523,0.0327227098137572,1,source-zone dual suitability raster,H:/Jing/ecoChina2/dual suit/rf_var/2071-2100SSP585/dual_suitability_zone39.tif,,8,pop_zone39,#118AB2,2071-2100,SSP585,Plain RF
pinuYun,pinuYun-Zone40,40,Subtropical and tropical grasslands,940,mf_var,2011-2040SSP245,0.4,0,1570659.74786013,1193877.95635945,0.115577145875729,0.999025881290436,source-zone dual suitability raster,H:/Jing/ecoChina2/dual suit/mf_var/2011-2040SSP245/dual_suitability_zone40.tif,,9,pop_zone40,#AACC00,2011-2040,SSP245,Plain MF RF
pinuYun,pinuYun-Zone40,40,Subtropical and tropical grasslands,940,mf_var,2011-2040SSP585,0.4,0,1595972.85682203,1199524.22509042,0.116164868894396,0.99954354763031,source-zone dual suitability raster,H:/Jing/ecoChina2/dual suit/mf_var/2011-2040SSP585/dual_suitability_zone40.tif,,9,pop_zone40,#AACC00,2011-2040,SSP585,Plain MF RF
pinuYun,pinuYun-Zone40,40,Subtropical and tropical grasslands,940,mf_var,2041-2070SSP245,0.4,0,1712087.71935,1207473.83852912,0.117175312976086,0.997901499271393,source-zone dual suitability raster,H:/Jing/ecoChina2/dual suit/mf_var/2041-2070SSP245/dual_suitability_zone40.tif,,9,pop_zone40,#AACC00,2041-2070,SSP245,Plain MF RF
pinuYun,pinuYun-Zone40,40,Subtropical and tropical grasslands,940,mf_var,2041-2070SSP585,0.4,0,1751658.34470963,1185631.12976762,0.115172965224475,0.994830906391144,source-zone dual suitability raster,H:/Jing/ecoChina2/dual suit/mf_var/2041-2070SSP585/dual_suitability_zone40.tif,,9,pop_zone40,#AACC00,2041-2070,SSP585,Plain MF RF
pinuYun,pinuYun-Zone40,40,Subtropical and tropical grasslands,940,mf_var,2071-2100SSP245,0.4,0,1772946.13864317,1178914.38322939,0.114549658458981,0.996686995029449,source-zone dual suitability raster,H:/Jing/ecoChina2/dual suit/mf_var/2071-2100SSP245/dual_suitability_zone40.tif,,9,pop_zone40,#AACC00,2071-2100,SSP245,Plain MF RF
pinuYun,pinuYun-Zone40,40,Subtropical and tropical grasslands,940,mf_var,2071-2100SSP585,0.4,0,1815067.66030662,1090892.28999569,0.106190238387367,0.98772394657135,source-zone dual suitability raster,H:/Jing/ecoChina2/dual suit/mf_var/2071-2100SSP585/dual_suitability_zone40.tif,,9,pop_zone40,#AACC00,2071-2100,SSP585,Plain MF RF
pinuYun,pinuYun-Zone40,40,Subtropical and tropical grasslands,940,rf_var,2011-2040SSP245,0.4,0,1578417.9440579,1199703.2226592,0.116171953239155,0.999969780445099,source-zone dual suitability raster,H:/Jing/ecoChina2/dual suit/rf_var/2011-2040SSP245/dual_suitability_zone40.tif,,9,pop_zone40,#AACC00,2011-2040,SSP245,Plain RF
pinuYun,pinuYun-Zone40,40,Subtropical and tropical grasslands,940,rf_var,2011-2040SSP585,0.4,0,1607350.16360112,1205752.1756544,0.116802633178269,0.999949991703033,source-zone dual suitability raster,H:/Jing/ecoChina2/dual suit/rf_var/2011-2040SSP585/dual_suitability_zone40.tif,,9,pop_zone40,#AACC00,2011-2040,SSP585,Plain RF
pinuYun,pinuYun-Zone40,40,Subtropical and tropical grasslands,940,rf_var,2041-2070SSP245,0.4,0,1710851.2397096,1209979.84062364,0.117448434175386,0.999842822551727,source-zone dual suitability raster,H:/Jing/ecoChina2/dual suit/rf_var/2041-2070SSP245/dual_suitability_zone40.tif,,9,pop_zone40,#AACC00,2041-2070,SSP245,Plain RF
pinuYun,pinuYun-Zone40,40,Subtropical and tropical grasslands,940,rf_var,2041-2070SSP585,0.4,0,1742587.24161275,1185687.89878036,0.115203057708018,0.997291386127472,source-zone dual suitability raster,H:/Jing/ecoChina2/dual suit/rf_var/2041-2070SSP585/dual_suitability_zone40.tif,,9,pop_zone40,#AACC00,2041-2070,SSP585,Plain RF
pinuYun,pinuYun-Zone40,40,Subtropical and tropical grasslands,940,rf_var,2071-2100SSP245,0.4,0,1772243.16088778,1178601.57849159,0.114532043582351,0.999877095222473,source-zone dual suitability raster,H:/Jing/ecoChina2/dual suit/rf_var/2071-2100SSP245/dual_suitability_zone40.tif,,9,pop_zone40,#AACC00,2071-2100,SSP245,Plain RF
pinuYun,pinuYun-Zone40,40,Subtropical and tropical grasslands,940,rf_var,2071-2100SSP585,0.4,0,1803292.99860953,1086853.01257946,0.105797219777193,0.988584995269775,source-zone dual suitability raster,H:/Jing/ecoChina2/dual suit/rf_var/2071-2100SSP585/dual_suitability_zone40.tif,,9,pop_zone40,#AACC00,2071-2100,SSP585,Plain RF
pinuYun,pinuYun-Zone44,44,Broadleaf evergreen and deciduous scrubs in subtropical and tropical zones,781,mf_var,2011-2040SSP245,0.4,0,1620349.42481338,1230963.68195624,0.119386742831713,0.999998092651367,source-zone dual suitability raster,H:/Jing/ecoChina2/dual suit/mf_var/2011-2040SSP245/dual_suitability_zone44.tif,,10,pop_zone44,#F72585,2011-2040,SSP245,Plain MF RF
pinuYun,pinuYun-Zone44,44,Broadleaf evergreen and deciduous scrubs in subtropical and tropical zones,781,mf_var,2011-2040SSP585,0.4,0,1641119.23295053,1230772.48535482,0.119413701423515,1,source-zone dual suitability raster,H:/Jing/ecoChina2/dual suit/mf_var/2011-2040SSP585/dual_suitability_zone44.tif,,10,pop_zone44,#F72585,2011-2040,SSP585,Plain MF RF
pinuYun,pinuYun-Zone44,44,Broadleaf evergreen and deciduous scrubs in subtropical and tropical zones,781,mf_var,2041-2070SSP245,0.4,0,1592767.07724532,1171223.42918692,0.113751140962447,0.998553812503815,source-zone dual suitability raster,H:/Jing/ecoChina2/dual suit/mf_var/2041-2070SSP245/dual_suitability_zone44.tif,,10,pop_zone44,#F72585,2041-2070,SSP245,Plain MF RF
pinuYun,pinuYun-Zone44,44,Broadleaf evergreen and deciduous scrubs in subtropical and tropical zones,781,mf_var,2041-2070SSP585,0.4,0,1579364.49175003,1135886.36709142,0.110372104727755,0.998935461044312,source-zone dual suitability raster,H:/Jing/ecoChina2/dual suit/mf_var/2041-2070SSP585/dual_suitability_zone44.tif,,10,pop_zone44,#F72585,2041-2070,SSP585,Plain MF RF
pinuYun,pinuYun-Zone44,44,Broadleaf evergreen and deciduous scrubs in subtropical and tropical zones,781,mf_var,2071-2100SSP245,0.4,0,1597716.54650202,1136988.47781495,0.110508177919822,0.999000012874603,source-zone dual suitability raster,H:/Jing/ecoChina2/dual suit/mf_var/2071-2100SSP245/dual_suitability_zone44.tif,,10,pop_zone44,#F72585,2071-2100,SSP245,Plain MF RF
pinuYun,pinuYun-Zone44,44,Broadleaf evergreen and deciduous scrubs in subtropical and tropical zones,781,mf_var,2071-2100SSP585,0.4,0,1589555.22091023,1065733.2711301,0.103721655953066,0.993961870670319,source-zone dual suitability raster,H:/Jing/ecoChina2/dual suit/mf_var/2071-2100SSP585/dual_suitability_zone44.tif,,10,pop_zone44,#F72585,2071-2100,SSP585,Plain MF RF
pinuYun,pinuYun-Zone44,44,Broadleaf evergreen and deciduous scrubs in subtropical and tropical zones,781,rf_var,2011-2040SSP245,0.4,0,1613095.7366682,1231042.44779734,0.119390889766215,1,source-zone dual suitability raster,H:/Jing/ecoChina2/dual suit/rf_var/2011-2040SSP245/dual_suitability_zone44.tif,,10,pop_zone44,#F72585,2011-2040,SSP245,Plain RF
pinuYun,pinuYun-Zone44,44,Broadleaf evergreen and deciduous scrubs in subtropical and tropical zones,781,rf_var,2011-2040SSP585,0.4,0,1633098.41609982,1230146.1447945,0.119351558302465,0.999988675117493,source-zone dual suitability raster,H:/Jing/ecoChina2/dual suit/rf_var/2011-2040SSP585/dual_suitability_zone44.tif,,10,pop_zone44,#F72585,2011-2040,SSP585,Plain RF
pinuYun,pinuYun-Zone44,44,Broadleaf evergreen and deciduous scrubs in subtropical and tropical zones,781,rf_var,2041-2070SSP245,0.4,0,1547270.98930759,1161207.35910582,0.112767444246746,0.998234748840332,source-zone dual suitability raster,H:/Jing/ecoChina2/dual suit/rf_var/2041-2070SSP245/dual_suitability_zone44.tif,,10,pop_zone44,#F72585,2041-2070,SSP245,Plain RF
pinuYun,pinuYun-Zone44,44,Broadleaf evergreen and deciduous scrubs in subtropical and tropical zones,781,rf_var,2041-2070SSP585,0.4,0,1527145.61720892,1123133.12548854,0.109114747061683,0.997988700866699,source-zone dual suitability raster,H:/Jing/ecoChina2/dual suit/rf_var/2041-2070SSP585/dual_suitability_zone44.tif,,10,pop_zone44,#F72585,2041-2070,SSP585,Plain RF
pinuYun,pinuYun-Zone44,44,Broadleaf evergreen and deciduous scrubs in subtropical and tropical zones,781,rf_var,2071-2100SSP245,0.4,0,1532686.62034233,1121047.52016104,0.108941612310736,0.998000025749207,source-zone dual suitability raster,H:/Jing/ecoChina2/dual suit/rf_var/2071-2100SSP245/dual_suitability_zone44.tif,,10,pop_zone44,#F72585,2071-2100,SSP245,Plain RF
pinuYun,pinuYun-Zone44,44,Broadleaf evergreen and deciduous scrubs in subtropical and tropical zones,781,rf_var,2071-2100SSP585,0.4,0,1435508.289838,1042579.59352643,0.101444843212173,0.998995304107666,source-zone dual suitability raster,H:/Jing/ecoChina2/dual suit/rf_var/2071-2100SSP585/dual_suitability_zone44.tif,,10,pop_zone44,#F72585,2071-2100,SSP585,Plain RF
pinuYun,pinuYun-Zone45,45,Subalpine needleleaf evergreen scrubs,16,mf_var,2011-2040SSP245,0.4,0,401532.387598133,381707.339840084,0.0385346453912447,0.999993145465851,source-zone dual suitability raster,H:/Jing/ecoChina2/dual suit/mf_var/2011-2040SSP245/dual_suitability_zone45.tif,,11,pop_zone45,#7209B7,2011-2040,SSP245,Plain MF RF
pinuYun,pinuYun-Zone45,45,Subalpine needleleaf evergreen scrubs,16,mf_var,2011-2040SSP585,0.4,0,405029.972386235,386398.046431782,0.0390148529838887,0.999993145465851,source-zone dual suitability raster,H:/Jing/ecoChina2/dual suit/mf_var/2011-2040SSP585/dual_suitability_zone45.tif,,11,pop_zone45,#7209B7,2011-2040,SSP585,Plain MF RF
pinuYun,pinuYun-Zone45,45,Subalpine needleleaf evergreen scrubs,16,mf_var,2041-2070SSP245,0.4,0,454147.993466656,433270.608256406,0.0439379772511824,0.998930275440216,source-zone dual suitability raster,H:/Jing/ecoChina2/dual suit/mf_var/2041-2070SSP245/dual_suitability_zone45.tif,,11,pop_zone45,#7209B7,2041-2070,SSP245,Plain MF RF
pinuYun,pinuYun-Zone45,45,Subalpine needleleaf evergreen scrubs,16,mf_var,2041-2070SSP585,0.4,0,458669.379990527,460011.825097088,0.0468684914558035,0.998964846134186,source-zone dual suitability raster,H:/Jing/ecoChina2/dual suit/mf_var/2041-2070SSP585/dual_suitability_zone45.tif,,11,pop_zone45,#7209B7,2041-2070,SSP585,Plain MF RF
pinuYun,pinuYun-Zone45,45,Subalpine needleleaf evergreen scrubs,16,mf_var,2071-2100SSP245,0.4,0,435792.368265903,447316.021842045,0.0455657333377165,0.99797922372818,source-zone dual suitability raster,H:/Jing/ecoChina2/dual suit/mf_var/2071-2100SSP245/dual_suitability_zone45.tif,,11,pop_zone45,#7209B7,2071-2100,SSP245,Plain MF RF
pinuYun,pinuYun-Zone45,45,Subalpine needleleaf evergreen scrubs,16,mf_var,2071-2100SSP585,0.4,0,308508.490480623,449406.293643247,0.0462282460268488,0.974121570587158,source-zone dual suitability raster,H:/Jing/ecoChina2/dual suit/mf_var/2071-2100SSP585/dual_suitability_zone45.tif,,11,pop_zone45,#7209B7,2071-2100,SSP585,Plain MF RF
pinuYun,pinuYun-Zone45,45,Subalpine needleleaf evergreen scrubs,16,rf_var,2011-2040SSP245,0.4,0,401412.331432773,380285.862300713,0.0383919283353106,1,source-zone dual suitability raster,H:/Jing/ecoChina2/dual suit/rf_var/2011-2040SSP245/dual_suitability_zone45.tif,,11,pop_zone45,#7209B7,2011-2040,SSP245,Plain RF
pinuYun,pinuYun-Zone45,45,Subalpine needleleaf evergreen scrubs,16,rf_var,2011-2040SSP585,0.4,0,404479.074207308,384655.349504048,0.0388388523972185,1,source-zone dual suitability raster,H:/Jing/ecoChina2/dual suit/rf_var/2011-2040SSP585/dual_suitability_zone45.tif,,11,pop_zone45,#7209B7,2011-2040,SSP585,Plain RF
pinuYun,pinuYun-Zone45,45,Subalpine needleleaf evergreen scrubs,16,rf_var,2041-2070SSP245,0.4,0,449741.911961365,431888.903139323,0.0438009953038561,1,source-zone dual suitability raster,H:/Jing/ecoChina2/dual suit/rf_var/2041-2070SSP245/dual_suitability_zone45.tif,,11,pop_zone45,#7209B7,2041-2070,SSP245,Plain RF
pinuYun,pinuYun-Zone45,45,Subalpine needleleaf evergreen scrubs,16,rf_var,2041-2070SSP585,0.4,0,450385.909472947,458649.562632806,0.0467386595006895,0.999958634376526,source-zone dual suitability raster,H:/Jing/ecoChina2/dual suit/rf_var/2041-2070SSP585/dual_suitability_zone45.tif,,11,pop_zone45,#7209B7,2041-2070,SSP585,Plain RF
pinuYun,pinuYun-Zone45,45,Subalpine needleleaf evergreen scrubs,16,rf_var,2071-2100SSP245,0.4,0,428362.516529033,446335.879083504,0.0454742147238619,0.997119843959808,source-zone dual suitability raster,H:/Jing/ecoChina2/dual suit/rf_var/2071-2100SSP245/dual_suitability_zone45.tif,,11,pop_zone45,#7209B7,2071-2100,SSP245,Plain RF
pinuYun,pinuYun-Zone45,45,Subalpine needleleaf evergreen scrubs,16,rf_var,2071-2100SSP585,0.4,0,310849.664699962,447653.423252109,0.0460692548742488,0.965273678302765,source-zone dual suitability raster,H:/Jing/ecoChina2/dual suit/rf_var/2071-2100SSP585/dual_suitability_zone45.tif,,11,pop_zone45,#7209B7,2071-2100,SSP585,Plain RF
pinuYun,pinuYun-Zone46,46,Subalpine sclerophyllous broadleaf evergreen scrubs,160,mf_var,2011-2040SSP245,0.4,0,761185.450021304,672205.373887225,0.0678961716744062,1,source-zone dual suitability raster,H:/Jing/ecoChina2/dual suit/mf_var/2011-2040SSP245/dual_suitability_zone46.tif,,12,pop_zone46,#B5179E,2011-2040,SSP245,Plain MF RF
pinuYun,pinuYun-Zone46,46,Subalpine sclerophyllous broadleaf evergreen scrubs,160,mf_var,2011-2040SSP585,0.4,0,756092.623790099,669116.517250556,0.0675891123781875,1,source-zone dual suitability raster,H:/Jing/ecoChina2/dual suit/mf_var/2011-2040SSP585/dual_suitability_zone46.tif,,12,pop_zone46,#B5179E,2011-2040,SSP585,Plain MF RF
pinuYun,pinuYun-Zone46,46,Subalpine sclerophyllous broadleaf evergreen scrubs,160,mf_var,2041-2070SSP245,0.4,0,819937.621936477,734524.897210946,0.0744496930246476,1,source-zone dual suitability raster,H:/Jing/ecoChina2/dual suit/mf_var/2041-2070SSP245/dual_suitability_zone46.tif,,12,pop_zone46,#B5179E,2041-2070,SSP245,Plain MF RF
pinuYun,pinuYun-Zone46,46,Subalpine sclerophyllous broadleaf evergreen scrubs,160,mf_var,2041-2070SSP585,0.4,0,901175.308519691,798800.048542038,0.0811809198964989,0.999978303909302,source-zone dual suitability raster,H:/Jing/ecoChina2/dual suit/mf_var/2041-2070SSP585/dual_suitability_zone46.tif,,12,pop_zone46,#B5179E,2041-2070,SSP585,Plain MF RF
pinuYun,pinuYun-Zone46,46,Subalpine sclerophyllous broadleaf evergreen scrubs,160,mf_var,2071-2100SSP245,0.4,0,891162.353064073,789295.094470562,0.080241049647191,0.999967515468597,source-zone dual suitability raster,H:/Jing/ecoChina2/dual suit/mf_var/2071-2100SSP245/dual_suitability_zone46.tif,,12,pop_zone46,#B5179E,2071-2100,SSP245,Plain MF RF
pinuYun,pinuYun-Zone46,46,Subalpine sclerophyllous broadleaf evergreen scrubs,160,mf_var,2071-2100SSP585,0.4,0,1029676.60236443,902424.866933237,0.0919832795164052,0.999984860420227,source-zone dual suitability raster,H:/Jing/ecoChina2/dual suit/mf_var/2071-2100SSP585/dual_suitability_zone46.tif,,12,pop_zone46,#B5179E,2071-2100,SSP585,Plain MF RF
pinuYun,pinuYun-Zone46,46,Subalpine sclerophyllous broadleaf evergreen scrubs,160,rf_var,2011-2040SSP245,0.4,0,758864.444783588,670745.921955644,0.0677455327592993,1,source-zone dual suitability raster,H:/Jing/ecoChina2/dual suit/rf_var/2011-2040SSP245/dual_suitability_zone46.tif,,12,pop_zone46,#B5179E,2011-2040,SSP245,Plain RF
pinuYun,pinuYun-Zone46,46,Subalpine sclerophyllous broadleaf evergreen scrubs,160,rf_var,2011-2040SSP585,0.4,0,753666.006740818,667697.496285993,0.067441639470284,1,source-zone dual suitability raster,H:/Jing/ecoChina2/dual suit/rf_var/2011-2040SSP585/dual_suitability_zone46.tif,,12,pop_zone46,#B5179E,2011-2040,SSP585,Plain RF
pinuYun,pinuYun-Zone46,46,Subalpine sclerophyllous broadleaf evergreen scrubs,160,rf_var,2041-2070SSP245,0.4,0,815812.997415991,732291.800739982,0.0742175446450575,1,source-zone dual suitability raster,H:/Jing/ecoChina2/dual suit/rf_var/2041-2070SSP245/dual_suitability_zone46.tif,,12,pop_zone46,#B5179E,2041-2070,SSP245,Plain RF
pinuYun,pinuYun-Zone46,46,Subalpine sclerophyllous broadleaf evergreen scrubs,160,rf_var,2041-2070SSP585,0.4,0,896933.221642874,797210.415422479,0.0810193401948992,1,source-zone dual suitability raster,H:/Jing/ecoChina2/dual suit/rf_var/2041-2070SSP585/dual_suitability_zone46.tif,,12,pop_zone46,#B5179E,2041-2070,SSP585,Plain RF
pinuYun,pinuYun-Zone46,46,Subalpine sclerophyllous broadleaf evergreen scrubs,160,rf_var,2071-2100SSP245,0.4,0,885866.322813322,787480.803784612,0.0800555705188994,1,source-zone dual suitability raster,H:/Jing/ecoChina2/dual suit/rf_var/2071-2100SSP245/dual_suitability_zone46.tif,,12,pop_zone46,#B5179E,2071-2100,SSP245,Plain RF
pinuYun,pinuYun-Zone46,46,Subalpine sclerophyllous broadleaf evergreen scrubs,160,rf_var,2071-2100SSP585,0.4,0,1027139.53698454,900883.404951104,0.0918435240639656,0.999973833560944,source-zone dual suitability raster,H:/Jing/ecoChina2/dual suit/rf_var/2071-2100SSP585/dual_suitability_zone46.tif,,12,pop_zone46,#B5179E,2071-2100,SSP585,Plain RF
pinuYun,pinuYun-Zone47,47,One year two ripes grain fields; evergreen and deciduous orchards; economic tree plantations,1222,mf_var,2011-2040SSP245,0.4,0,877324.898878433,782111.735587031,0.0768101596757888,0.99683278799057,source-zone dual suitability raster,H:/Jing/ecoChina2/dual suit/mf_var/2011-2040SSP245/dual_suitability_zone47.tif,,13,pop_zone47,#FF6D00,2011-2040,SSP245,Plain MF RF
pinuYun,pinuYun-Zone47,47,One year two ripes grain fields; evergreen and deciduous orchards; economic tree plantations,1222,mf_var,2011-2040SSP585,0.4,0,872866.732353451,773124.480990141,0.075936067458678,0.996570110321045,source-zone dual suitability raster,H:/Jing/ecoChina2/dual suit/mf_var/2011-2040SSP585/dual_suitability_zone47.tif,,13,pop_zone47,#FF6D00,2011-2040,SSP585,Plain MF RF
pinuYun,pinuYun-Zone47,47,One year two ripes grain fields; evergreen and deciduous orchards; economic tree plantations,1222,mf_var,2041-2070SSP245,0.4,0,721023.834955852,690590.506796082,0.0679076439084808,0.993556499481201,source-zone dual suitability raster,H:/Jing/ecoChina2/dual suit/mf_var/2041-2070SSP245/dual_suitability_zone47.tif,,13,pop_zone47,#FF6D00,2041-2070,SSP245,Plain MF RF
pinuYun,pinuYun-Zone47,47,One year two ripes grain fields; evergreen and deciduous orchards; economic tree plantations,1222,mf_var,2041-2070SSP585,0.4,0,586237.031769869,646968.778111463,0.0636891949567939,0.988583147525787,source-zone dual suitability raster,H:/Jing/ecoChina2/dual suit/mf_var/2041-2070SSP585/dual_suitability_zone47.tif,,13,pop_zone47,#FF6D00,2041-2070,SSP585,Plain MF RF
pinuYun,pinuYun-Zone47,47,One year two ripes grain fields; evergreen and deciduous orchards; economic tree plantations,1222,mf_var,2071-2100SSP245,0.4,0,556651.221025679,632239.267169932,0.0622655023920217,0.992366433143616,source-zone dual suitability raster,H:/Jing/ecoChina2/dual suit/mf_var/2071-2100SSP245/dual_suitability_zone47.tif,,13,pop_zone47,#FF6D00,2071-2100,SSP245,Plain MF RF
pinuYun,pinuYun-Zone47,47,One year two ripes grain fields; evergreen and deciduous orchards; economic tree plantations,1222,mf_var,2071-2100SSP585,0.4,0,326184.090958187,546486.353137392,0.0540028683884398,0.985065042972565,source-zone dual suitability raster,H:/Jing/ecoChina2/dual suit/mf_var/2071-2100SSP585/dual_suitability_zone47.tif,,13,pop_zone47,#FF6D00,2071-2100,SSP585,Plain MF RF
pinuYun,pinuYun-Zone47,47,One year two ripes grain fields; evergreen and deciduous orchards; economic tree plantations,1222,rf_var,2011-2040SSP245,0.4,0,885274.545688426,784663.537802511,0.0770762915543009,0.999732434749603,source-zone dual suitability raster,H:/Jing/ecoChina2/dual suit/rf_var/2011-2040SSP245/dual_suitability_zone47.tif,,13,pop_zone47,#FF6D00,2011-2040,SSP245,Plain RF
pinuYun,pinuYun-Zone47,47,One year two ripes grain fields; evergreen and deciduous orchards; economic tree plantations,1222,rf_var,2011-2040SSP585,0.4,0,878628.103112872,774583.804634759,0.0760952911765994,0.99956476688385,source-zone dual suitability raster,H:/Jing/ecoChina2/dual suit/rf_var/2011-2040SSP585/dual_suitability_zone47.tif,,13,pop_zone47,#FF6D00,2011-2040,SSP585,Plain RF
pinuYun,pinuYun-Zone47,47,One year two ripes grain fields; evergreen and deciduous orchards; economic tree plantations,1222,rf_var,2041-2070SSP245,0.4,0,702690.121925827,684442.772185196,0.0672842813385221,0.999873459339142,source-zone dual suitability raster,H:/Jing/ecoChina2/dual suit/rf_var/2041-2070SSP245/dual_suitability_zone47.tif,,13,pop_zone47,#FF6D00,2041-2070,SSP245,Plain RF
pinuYun,pinuYun-Zone47,47,One year two ripes grain fields; evergreen and deciduous orchards; economic tree plantations,1222,rf_var,2041-2070SSP585,0.4,0,564255.595905523,641433.484576699,0.0631201337190977,0.99572366476059,source-zone dual suitability raster,H:/Jing/ecoChina2/dual suit/rf_var/2041-2070SSP585/dual_suitability_zone47.tif,,13,pop_zone47,#FF6D00,2041-2070,SSP585,Plain RF
pinuYun,pinuYun-Zone47,47,One year two ripes grain fields; evergreen and deciduous orchards; economic tree plantations,1222,rf_var,2071-2100SSP245,0.4,0,532540.66997536,627631.647438639,0.0617919323084454,0.995212018489838,source-zone dual suitability raster,H:/Jing/ecoChina2/dual suit/rf_var/2071-2100SSP245/dual_suitability_zone47.tif,,13,pop_zone47,#FF6D00,2071-2100,SSP245,Plain RF
pinuYun,pinuYun-Zone47,47,One year two ripes grain fields; evergreen and deciduous orchards; economic tree plantations,1222,rf_var,2071-2100SSP585,0.4,0,328203.431112323,543799.570987615,0.0537028396811089,0.991856276988983,source-zone dual suitability raster,H:/Jing/ecoChina2/dual suit/rf_var/2071-2100SSP585/dual_suitability_zone47.tif,,13,pop_zone47,#FF6D00,2071-2100,SSP585,Plain RF
pinuYun,pinuYun-Zone49,49,Broadleaf evergreen forests in subtropical zone,113,mf_var,2011-2040SSP245,0.4,0,892184.774801283,816016.281860835,0.0789973336701914,1,source-zone dual suitability raster,H:/Jing/ecoChina2/dual suit/mf_var/2011-2040SSP245/dual_suitability_zone49.tif,,14,pop_zone49,#006400,2011-2040,SSP245,Plain MF RF
pinuYun,pinuYun-Zone49,49,Broadleaf evergreen forests in subtropical zone,113,mf_var,2011-2040SSP585,0.4,0,889791.92676693,811565.026888057,0.0785858428012938,1,source-zone dual suitability raster,H:/Jing/ecoChina2/dual suit/mf_var/2011-2040SSP585/dual_suitability_zone49.tif,,14,pop_zone49,#006400,2011-2040,SSP585,Plain MF RF
pinuYun,pinuYun-Zone49,49,Broadleaf evergreen forests in subtropical zone,113,mf_var,2041-2070SSP245,0.4,0,783273.701665194,760841.383292312,0.0737903638168879,1,source-zone dual suitability raster,H:/Jing/ecoChina2/dual suit/mf_var/2041-2070SSP245/dual_suitability_zone49.tif,,14,pop_zone49,#006400,2041-2070,SSP245,Plain MF RF
pinuYun,pinuYun-Zone49,49,Broadleaf evergreen forests in subtropical zone,113,mf_var,2041-2070SSP585,0.4,0,700946.922044315,723815.765630386,0.070288509723121,1,source-zone dual suitability raster,H:/Jing/ecoChina2/dual suit/mf_var/2041-2070SSP585/dual_suitability_zone49.tif,,14,pop_zone49,#006400,2041-2070,SSP585,Plain MF RF
pinuYun,pinuYun-Zone49,49,Broadleaf evergreen forests in subtropical zone,113,mf_var,2071-2100SSP245,0.4,0,713356.973863415,729211.22615262,0.0708551068732413,1,source-zone dual suitability raster,H:/Jing/ecoChina2/dual suit/mf_var/2071-2100SSP245/dual_suitability_zone49.tif,,14,pop_zone49,#006400,2071-2100,SSP245,Plain MF RF
pinuYun,pinuYun-Zone49,49,Broadleaf evergreen forests in subtropical zone,113,mf_var,2071-2100SSP585,0.4,0,518352.978388061,635530.781334496,0.0619671399132788,1,source-zone dual suitability raster,H:/Jing/ecoChina2/dual suit/mf_var/2071-2100SSP585/dual_suitability_zone49.tif,,14,pop_zone49,#006400,2071-2100,SSP585,Plain MF RF
pinuYun,pinuYun-Zone49,49,Broadleaf evergreen forests in subtropical zone,113,rf_var,2011-2040SSP245,0.4,0,886826.706732069,814131.084774843,0.0788076411253535,1,source-zone dual suitability raster,H:/Jing/ecoChina2/dual suit/rf_var/2011-2040SSP245/dual_suitability_zone49.tif,,14,pop_zone49,#006400,2011-2040,SSP245,Plain RF
pinuYun,pinuYun-Zone49,49,Broadleaf evergreen forests in subtropical zone,113,rf_var,2011-2040SSP585,0.4,0,882513.150461309,809007.785107667,0.0783304464704122,1,source-zone dual suitability raster,H:/Jing/ecoChina2/dual suit/rf_var/2011-2040SSP585/dual_suitability_zone49.tif,,14,pop_zone49,#006400,2011-2040,SSP585,Plain RF
pinuYun,pinuYun-Zone49,49,Broadleaf evergreen forests in subtropical zone,113,rf_var,2041-2070SSP245,0.4,0,772063.643368437,757013.66465749,0.0734079319140412,1,source-zone dual suitability raster,H:/Jing/ecoChina2/dual suit/rf_var/2041-2070SSP245/dual_suitability_zone49.tif,,14,pop_zone49,#006400,2041-2070,SSP245,Plain RF
pinuYun,pinuYun-Zone49,49,Broadleaf evergreen forests in subtropical zone,113,rf_var,2041-2070SSP585,0.4,0,689298.330264427,720257.814330221,0.0699337289440049,1,source-zone dual suitability raster,H:/Jing/ecoChina2/dual suit/rf_var/2041-2070SSP585/dual_suitability_zone49.tif,,14,pop_zone49,#006400,2041-2070,SSP585,Plain RF
pinuYun,pinuYun-Zone49,49,Broadleaf evergreen forests in subtropical zone,113,rf_var,2071-2100SSP245,0.4,0,701884.990467525,725527.855247929,0.0704914753458847,1,source-zone dual suitability raster,H:/Jing/ecoChina2/dual suit/rf_var/2071-2100SSP245/dual_suitability_zone49.tif,,14,pop_zone49,#006400,2071-2100,SSP245,Plain RF
pinuYun,pinuYun-Zone49,49,Broadleaf evergreen forests in subtropical zone,113,rf_var,2071-2100SSP585,0.4,0,522296.351391875,635029.000194987,0.0619097878486586,1,source-zone dual suitability raster,H:/Jing/ecoChina2/dual suit/rf_var/2071-2100SSP585/dual_suitability_zone49.tif,,14,pop_zone49,#006400,2071-2100,SSP585,Plain RF
pinuYun,pinuYun-Zone50,50,Evergreen xeromorphic succulent thorny scrubs in subtropical and tropical zones,14,mf_var,2011-2040SSP245,0.4,0,116913.953617879,128146.459558048,0.0122749768933954,0.999996542930603,source-zone dual suitability raster,H:/Jing/ecoChina2/dual suit/mf_var/2011-2040SSP245/dual_suitability_zone50.tif,,15,pop_zone50,#FF006E,2011-2040,SSP245,Plain MF RF
pinuYun,pinuYun-Zone50,50,Evergreen xeromorphic succulent thorny scrubs in subtropical and tropical zones,14,mf_var,2011-2040SSP585,0.4,0,114453.429298596,126051.780658234,0.0120722442145491,0.999989628791809,source-zone dual suitability raster,H:/Jing/ecoChina2/dual suit/mf_var/2011-2040SSP585/dual_suitability_zone50.tif,,15,pop_zone50,#FF006E,2011-2040,SSP585,Plain MF RF
pinuYun,pinuYun-Zone50,50,Evergreen xeromorphic succulent thorny scrubs in subtropical and tropical zones,14,mf_var,2041-2070SSP245,0.4,0,117229.366447924,132537.6827056,0.0127377734457677,0.999986052513123,source-zone dual suitability raster,H:/Jing/ecoChina2/dual suit/mf_var/2041-2070SSP245/dual_suitability_zone50.tif,,15,pop_zone50,#FF006E,2041-2070,SSP245,Plain MF RF
pinuYun,pinuYun-Zone50,50,Evergreen xeromorphic succulent thorny scrubs in subtropical and tropical zones,14,mf_var,2041-2070SSP585,0.4,0,124070.099451732,140931.987128412,0.0135731805888783,0.998740494251251,source-zone dual suitability raster,H:/Jing/ecoChina2/dual suit/mf_var/2041-2070SSP585/dual_suitability_zone50.tif,,15,pop_zone50,#FF006E,2041-2070,SSP585,Plain MF RF
pinuYun,pinuYun-Zone50,50,Evergreen xeromorphic succulent thorny scrubs in subtropical and tropical zones,14,mf_var,2071-2100SSP245,0.4,0,116554.399515477,136441.172660403,0.013152449213378,0.998954892158508,source-zone dual suitability raster,H:/Jing/ecoChina2/dual suit/mf_var/2071-2100SSP245/dual_suitability_zone50.tif,,15,pop_zone50,#FF006E,2071-2100,SSP245,Plain MF RF
pinuYun,pinuYun-Zone50,50,Evergreen xeromorphic succulent thorny scrubs in subtropical and tropical zones,14,mf_var,2071-2100SSP585,0.4,0,120039.126098675,159634.445272168,0.0154644335576945,0.991949319839478,source-zone dual suitability raster,H:/Jing/ecoChina2/dual suit/mf_var/2071-2100SSP585/dual_suitability_zone50.tif,,15,pop_zone50,#FF006E,2071-2100,SSP585,Plain MF RF
pinuYun,pinuYun-Zone50,50,Evergreen xeromorphic succulent thorny scrubs in subtropical and tropical zones,14,rf_var,2011-2040SSP245,0.4,0,117225.287045562,128761.38894193,0.0123342971236948,1,source-zone dual suitability raster,H:/Jing/ecoChina2/dual suit/rf_var/2011-2040SSP245/dual_suitability_zone50.tif,,15,pop_zone50,#FF006E,2011-2040,SSP245,Plain RF
pinuYun,pinuYun-Zone50,50,Evergreen xeromorphic succulent thorny scrubs in subtropical and tropical zones,14,rf_var,2011-2040SSP585,0.4,0,115103.273702489,126673.493424262,0.0121321285831361,0.999904632568359,source-zone dual suitability raster,H:/Jing/ecoChina2/dual suit/rf_var/2011-2040SSP585/dual_suitability_zone50.tif,,15,pop_zone50,#FF006E,2011-2040,SSP585,Plain RF
pinuYun,pinuYun-Zone50,50,Evergreen xeromorphic succulent thorny scrubs in subtropical and tropical zones,14,rf_var,2041-2070SSP245,0.4,0,118287.347304362,133385.829697246,0.0128161268397749,0.999927043914795,source-zone dual suitability raster,H:/Jing/ecoChina2/dual suit/rf_var/2041-2070SSP245/dual_suitability_zone50.tif,,15,pop_zone50,#FF006E,2041-2070,SSP245,Plain RF
pinuYun,pinuYun-Zone50,50,Evergreen xeromorphic succulent thorny scrubs in subtropical and tropical zones,14,rf_var,2041-2070SSP585,0.4,0,124894.532843062,141874.51738528,0.0136589231408517,0.99991762638092,source-zone dual suitability raster,H:/Jing/ecoChina2/dual suit/rf_var/2041-2070SSP585/dual_suitability_zone50.tif,,15,pop_zone50,#FF006E,2041-2070,SSP585,Plain RF
pinuYun,pinuYun-Zone50,50,Evergreen xeromorphic succulent thorny scrubs in subtropical and tropical zones,14,rf_var,2071-2100SSP245,0.4,0,117016.426961657,137305.143834641,0.0132327825624686,0.999669671058655,source-zone dual suitability raster,H:/Jing/ecoChina2/dual suit/rf_var/2071-2100SSP245/dual_suitability_zone50.tif,,15,pop_zone50,#FF006E,2071-2100,SSP245,Plain RF
pinuYun,pinuYun-Zone50,50,Evergreen xeromorphic succulent thorny scrubs in subtropical and tropical zones,14,rf_var,2071-2100SSP585,0.4,0,119955.269372361,161574.818556271,0.0156423311347777,0.995564997196198,source-zone dual suitability raster,H:/Jing/ecoChina2/dual suit/rf_var/2071-2100SSP585/dual_suitability_zone50.tif,,15,pop_zone50,#FF006E,2071-2100,SSP585,Plain RF
querVar,querVar-Zone3,3,Broadleaf deciduous forests in temperate zone,20658,mf_var,2011-2040SSP245,0.4,0,993635.22619721,859962.785620512,0.100694845089152,0.998881220817566,source-zone dual suitability raster,H:/Jing/ecoChina2/dual suit/mf_var/2011-2040SSP245/dual_suitability_zone3.tif,,1,pop_zone3,#33A02C,2011-2040,SSP245,Plain MF RF
querVar,querVar-Zone3,3,Broadleaf deciduous forests in temperate zone,20658,mf_var,2011-2040SSP585,0.4,0,985769.279341816,853139.63246846,0.0999161008774694,0.998743116855621,source-zone dual suitability raster,H:/Jing/ecoChina2/dual suit/mf_var/2011-2040SSP585/dual_suitability_zone3.tif,,1,pop_zone3,#33A02C,2011-2040,SSP585,Plain MF RF
querVar,querVar-Zone3,3,Broadleaf deciduous forests in temperate zone,20658,mf_var,2041-2070SSP245,0.4,0,874342.812220739,800280.224965375,0.0939041557194049,0.997041821479797,source-zone dual suitability raster,H:/Jing/ecoChina2/dual suit/mf_var/2041-2070SSP245/dual_suitability_zone3.tif,,1,pop_zone3,#33A02C,2041-2070,SSP245,Plain MF RF
querVar,querVar-Zone3,3,Broadleaf deciduous forests in temperate zone,20658,mf_var,2041-2070SSP585,0.4,0,785597.711089381,749696.498589789,0.0878385345561061,0.99680233001709,source-zone dual suitability raster,H:/Jing/ecoChina2/dual suit/mf_var/2041-2070SSP585/dual_suitability_zone3.tif,,1,pop_zone3,#33A02C,2041-2070,SSP585,Plain MF RF
querVar,querVar-Zone3,3,Broadleaf deciduous forests in temperate zone,20658,mf_var,2071-2100SSP245,0.4,0,811931.633286415,759682.638879593,0.0892004556411383,0.995563089847565,source-zone dual suitability raster,H:/Jing/ecoChina2/dual suit/mf_var/2071-2100SSP245/dual_suitability_zone3.tif,,1,pop_zone3,#33A02C,2071-2100,SSP245,Plain MF RF
querVar,querVar-Zone3,3,Broadleaf deciduous forests in temperate zone,20658,mf_var,2071-2100SSP585,0.4,0,576590.276605275,658801.562759587,0.0767344028219359,0.991776645183563,source-zone dual suitability raster,H:/Jing/ecoChina2/dual suit/mf_var/2071-2100SSP585/dual_suitability_zone3.tif,,1,pop_zone3,#33A02C,2071-2100,SSP585,Plain MF RF
querVar,querVar-Zone3,3,Broadleaf deciduous forests in temperate zone,20658,rf_var,2011-2040SSP245,0.4,0,991722.749347063,861560.655124556,0.100902788265769,0.999992907047272,source-zone dual suitability raster,H:/Jing/ecoChina2/dual suit/rf_var/2011-2040SSP245/dual_suitability_zone3.tif,,1,pop_zone3,#33A02C,2011-2040,SSP245,Plain RF
querVar,querVar-Zone3,3,Broadleaf deciduous forests in temperate zone,20658,rf_var,2011-2040SSP585,0.4,0,981961.397039727,854822.923468484,0.100129128272168,0.999916553497314,source-zone dual suitability raster,H:/Jing/ecoChina2/dual suit/rf_var/2011-2040SSP585/dual_suitability_zone3.tif,,1,pop_zone3,#33A02C,2011-2040,SSP585,Plain RF
querVar,querVar-Zone3,3,Broadleaf deciduous forests in temperate zone,20658,rf_var,2041-2070SSP245,0.4,0,874247.31122507,801793.902612769,0.094090862546497,0.99936580657959,source-zone dual suitability raster,H:/Jing/ecoChina2/dual suit/rf_var/2041-2070SSP245/dual_suitability_zone3.tif,,1,pop_zone3,#33A02C,2041-2070,SSP245,Plain RF
querVar,querVar-Zone3,3,Broadleaf deciduous forests in temperate zone,20658,rf_var,2041-2070SSP585,0.4,0,785609.683738769,750298.876439071,0.0879103325746048,0.997088074684143,source-zone dual suitability raster,H:/Jing/ecoChina2/dual suit/rf_var/2041-2070SSP585/dual_suitability_zone3.tif,,1,pop_zone3,#33A02C,2041-2070,SSP585,Plain RF
querVar,querVar-Zone3,3,Broadleaf deciduous forests in temperate zone,20658,rf_var,2071-2100SSP245,0.4,0,811948.561559728,759729.980661084,0.0891995072155314,0.996340930461884,source-zone dual suitability raster,H:/Jing/ecoChina2/dual suit/rf_var/2071-2100SSP245/dual_suitability_zone3.tif,,1,pop_zone3,#33A02C,2071-2100,SSP245,Plain RF
querVar,querVar-Zone3,3,Broadleaf deciduous forests in temperate zone,20658,rf_var,2071-2100SSP585,0.4,0,593181.705103553,665629.026332713,0.0775587035246543,0.995232582092285,source-zone dual suitability raster,H:/Jing/ecoChina2/dual suit/rf_var/2071-2100SSP585/dual_suitability_zone3.tif,,1,pop_zone3,#33A02C,2071-2100,SSP585,Plain RF
querVar,querVar-Zone5,5,Grass and forb meadows,26,mf_var,2011-2040SSP245,0.4,0,713499.390147536,691398.108071845,0.0833885958849166,0.99999326467514,source-zone dual suitability raster,H:/Jing/ecoChina2/dual suit/mf_var/2011-2040SSP245/dual_suitability_zone5.tif,,2,pop_zone5,#B8DE29,2011-2040,SSP245,Plain MF RF
querVar,querVar-Zone5,5,Grass and forb meadows,26,mf_var,2011-2040SSP585,0.4,0,707944.743190264,686685.556953339,0.0828427167560618,0.999993562698364,source-zone dual suitability raster,H:/Jing/ecoChina2/dual suit/mf_var/2011-2040SSP585/dual_suitability_zone5.tif,,2,pop_zone5,#B8DE29,2011-2040,SSP585,Plain MF RF
querVar,querVar-Zone5,5,Grass and forb meadows,26,mf_var,2041-2070SSP245,0.4,0,554373.440353041,660672.367844703,0.0793683897548826,0.999775767326355,source-zone dual suitability raster,H:/Jing/ecoChina2/dual suit/mf_var/2041-2070SSP245/dual_suitability_zone5.tif,,2,pop_zone5,#B8DE29,2041-2070,SSP245,Plain MF RF
querVar,querVar-Zone5,5,Grass and forb meadows,26,mf_var,2041-2070SSP585,0.4,0,456310.97980098,644875.127600189,0.0771990348781359,0.99856436252594,source-zone dual suitability raster,H:/Jing/ecoChina2/dual suit/mf_var/2041-2070SSP585/dual_suitability_zone5.tif,,2,pop_zone5,#B8DE29,2041-2070,SSP585,Plain MF RF
querVar,querVar-Zone5,5,Grass and forb meadows,26,mf_var,2071-2100SSP245,0.4,0,424123.413550007,632595.260488615,0.0757575291355498,0.998734176158905,source-zone dual suitability raster,H:/Jing/ecoChina2/dual suit/mf_var/2071-2100SSP245/dual_suitability_zone5.tif,,2,pop_zone5,#B8DE29,2071-2100,SSP245,Plain MF RF
querVar,querVar-Zone5,5,Grass and forb meadows,26,mf_var,2071-2100SSP585,0.4,0,190919.620358119,569420.169649736,0.0675816786282868,0.983948230743408,source-zone dual suitability raster,H:/Jing/ecoChina2/dual suit/mf_var/2071-2100SSP585/dual_suitability_zone5.tif,,2,pop_zone5,#B8DE29,2071-2100,SSP585,Plain MF RF
querVar,querVar-Zone5,5,Grass and forb meadows,26,rf_var,2011-2040SSP245,0.4,0,708615.524859179,695841.883073457,0.0838934496657109,1,source-zone dual suitability raster,H:/Jing/ecoChina2/dual suit/rf_var/2011-2040SSP245/dual_suitability_zone5.tif,,2,pop_zone5,#B8DE29,2011-2040,SSP245,Plain RF
querVar,querVar-Zone5,5,Grass and forb meadows,26,rf_var,2011-2040SSP585,0.4,0,703366.006911963,691811.837051129,0.0834327383069219,1,source-zone dual suitability raster,H:/Jing/ecoChina2/dual suit/rf_var/2011-2040SSP585/dual_suitability_zone5.tif,,2,pop_zone5,#B8DE29,2011-2040,SSP585,Plain RF
querVar,querVar-Zone5,5,Grass and forb meadows,26,rf_var,2041-2070SSP245,0.4,0,562838.395912328,664486.806417123,0.0797608326720658,0.999514043331146,source-zone dual suitability raster,H:/Jing/ecoChina2/dual suit/rf_var/2041-2070SSP245/dual_suitability_zone5.tif,,2,pop_zone5,#B8DE29,2041-2070,SSP245,Plain RF
querVar,querVar-Zone5,5,Grass and forb meadows,26,rf_var,2041-2070SSP585,0.4,0,487527.712772417,647866.607973571,0.0774849222788153,0.999575853347778,source-zone dual suitability raster,H:/Jing/ecoChina2/dual suit/rf_var/2041-2070SSP585/dual_suitability_zone5.tif,,2,pop_zone5,#B8DE29,2041-2070,SSP585,Plain RF
querVar,querVar-Zone5,5,Grass and forb meadows,26,rf_var,2071-2100SSP245,0.4,0,461683.864642111,636971.80889772,0.0762132175859546,0.999979615211487,source-zone dual suitability raster,H:/Jing/ecoChina2/dual suit/rf_var/2071-2100SSP245/dual_suitability_zone5.tif,,2,pop_zone5,#B8DE29,2071-2100,SSP245,Plain RF
querVar,querVar-Zone5,5,Grass and forb meadows,26,rf_var,2071-2100SSP585,0.4,0,221566.186078462,571284.678679562,0.0677767780332973,0.98980325460434,source-zone dual suitability raster,H:/Jing/ecoChina2/dual suit/rf_var/2071-2100SSP585/dual_suitability_zone5.tif,,2,pop_zone5,#B8DE29,2071-2100,SSP585,Plain RF
querVar,querVar-Zone7,7,Deciduous scrubs in temperate zone,368,mf_var,2011-2040SSP245,0.4,0,908222.556495777,934497.083030635,0.105980623092223,0.996783018112183,source-zone dual suitability raster,H:/Jing/ecoChina2/dual suit/mf_var/2011-2040SSP245/dual_suitability_zone7.tif,,3,pop_zone7,#C77DFF,2011-2040,SSP245,Plain MF RF
querVar,querVar-Zone7,7,Deciduous scrubs in temperate zone,368,mf_var,2011-2040SSP585,0.4,0,901063.119536924,934465.075687479,0.105964182738458,0.996502697467804,source-zone dual suitability raster,H:/Jing/ecoChina2/dual suit/mf_var/2011-2040SSP585/dual_suitability_zone7.tif,,3,pop_zone7,#C77DFF,2011-2040,SSP585,Plain MF RF
querVar,querVar-Zone7,7,Deciduous scrubs in temperate zone,368,mf_var,2041-2070SSP245,0.4,0,789049.333383077,911794.572980806,0.103733252544119,0.990764439105988,source-zone dual suitability raster,H:/Jing/ecoChina2/dual suit/mf_var/2041-2070SSP245/dual_suitability_zone7.tif,,3,pop_zone7,#C77DFF,2041-2070,SSP245,Plain MF RF
querVar,querVar-Zone7,7,Deciduous scrubs in temperate zone,368,mf_var,2041-2070SSP585,0.4,0,658658.232643191,859045.038130618,0.0979781783470154,0.984044671058655,source-zone dual suitability raster,H:/Jing/ecoChina2/dual suit/mf_var/2041-2070SSP585/dual_suitability_zone7.tif,,3,pop_zone7,#C77DFF,2041-2070,SSP585,Plain MF RF
querVar,querVar-Zone7,7,Deciduous scrubs in temperate zone,368,mf_var,2071-2100SSP245,0.4,0,650896.814262179,855620.282062806,0.0976323970408807,0.980042815208435,source-zone dual suitability raster,H:/Jing/ecoChina2/dual suit/mf_var/2071-2100SSP245/dual_suitability_zone7.tif,,3,pop_zone7,#C77DFF,2071-2100,SSP245,Plain MF RF
querVar,querVar-Zone7,7,Deciduous scrubs in temperate zone,368,mf_var,2071-2100SSP585,0.4,0,393028.573989724,747137.85956508,0.0856138736939156,0.95249342918396,source-zone dual suitability raster,H:/Jing/ecoChina2/dual suit/mf_var/2071-2100SSP585/dual_suitability_zone7.tif,,3,pop_zone7,#C77DFF,2071-2100,SSP585,Plain MF RF
querVar,querVar-Zone7,7,Deciduous scrubs in temperate zone,368,rf_var,2011-2040SSP245,0.4,0,915449.876126181,937998.821926289,0.106327823450021,0.997853755950928,source-zone dual suitability raster,H:/Jing/ecoChina2/dual suit/rf_var/2011-2040SSP245/dual_suitability_zone7.tif,,3,pop_zone7,#C77DFF,2011-2040,SSP245,Plain RF
querVar,querVar-Zone7,7,Deciduous scrubs in temperate zone,368,rf_var,2011-2040SSP585,0.4,0,908772.259378617,937973.053041428,0.106325024393075,0.998431622982025,source-zone dual suitability raster,H:/Jing/ecoChina2/dual suit/rf_var/2011-2040SSP585/dual_suitability_zone7.tif,,3,pop_zone7,#C77DFF,2011-2040,SSP585,Plain RF
querVar,querVar-Zone7,7,Deciduous scrubs in temperate zone,368,rf_var,2041-2070SSP245,0.4,0,802072.949460654,916046.868555697,0.104216838089282,0.992921352386475,source-zone dual suitability raster,H:/Jing/ecoChina2/dual suit/rf_var/2041-2070SSP245/dual_suitability_zone7.tif,,3,pop_zone7,#C77DFF,2041-2070,SSP245,Plain RF
querVar,querVar-Zone7,7,Deciduous scrubs in temperate zone,368,rf_var,2041-2070SSP585,0.4,0,680644.522942131,865859.510441791,0.0987751379516298,0.985073983669281,source-zone dual suitability raster,H:/Jing/ecoChina2/dual suit/rf_var/2041-2070SSP585/dual_suitability_zone7.tif,,3,pop_zone7,#C77DFF,2041-2070,SSP585,Plain RF
querVar,querVar-Zone7,7,Deciduous scrubs in temperate zone,368,rf_var,2071-2100SSP245,0.4,0,674969.461701602,861728.674019583,0.098343549799356,0.983543455600739,source-zone dual suitability raster,H:/Jing/ecoChina2/dual suit/rf_var/2071-2100SSP245/dual_suitability_zone7.tif,,3,pop_zone7,#C77DFF,2071-2100,SSP245,Plain RF
querVar,querVar-Zone7,7,Deciduous scrubs in temperate zone,368,rf_var,2071-2100SSP585,0.4,0,408782.274633449,757323.165010512,0.0868908826622547,0.956230461597443,source-zone dual suitability raster,H:/Jing/ecoChina2/dual suit/rf_var/2071-2100SSP585/dual_suitability_zone7.tif,,3,pop_zone7,#C77DFF,2071-2100,SSP585,Plain RF
querVar,querVar-Zone10,10,Needleleaf forests on mountains in subtropical and tropical zones,22,mf_var,2011-2040SSP245,0.4,0,450367.913421521,415807.106209249,0.0417823776554996,1,source-zone dual suitability raster,H:/Jing/ecoChina2/dual suit/mf_var/2011-2040SSP245/dual_suitability_zone10.tif,,4,pop_zone10,#006D77,2011-2040,SSP245,Plain MF RF
querVar,querVar-Zone10,10,Needleleaf forests on mountains in subtropical and tropical zones,22,mf_var,2011-2040SSP585,0.4,0,448317.796062005,413127.198861254,0.0415219852591457,1,source-zone dual suitability raster,H:/Jing/ecoChina2/dual suit/mf_var/2011-2040SSP585/dual_suitability_zone10.tif,,4,pop_zone10,#006D77,2011-2040,SSP585,Plain MF RF
querVar,querVar-Zone10,10,Needleleaf forests on mountains in subtropical and tropical zones,22,mf_var,2041-2070SSP245,0.4,0,450681.696874298,422502.458907184,0.0425979404395043,1,source-zone dual suitability raster,H:/Jing/ecoChina2/dual suit/mf_var/2041-2070SSP245/dual_suitability_zone10.tif,,4,pop_zone10,#006D77,2041-2070,SSP245,Plain MF RF
querVar,querVar-Zone10,10,Needleleaf forests on mountains in subtropical and tropical zones,22,mf_var,2041-2070SSP585,0.4,0,452199.263423622,429569.899071774,0.0433225218901501,1,source-zone dual suitability raster,H:/Jing/ecoChina2/dual suit/mf_var/2041-2070SSP585/dual_suitability_zone10.tif,,4,pop_zone10,#006D77,2041-2070,SSP585,Plain MF RF
querVar,querVar-Zone10,10,Needleleaf forests on mountains in subtropical and tropical zones,22,mf_var,2071-2100SSP245,0.4,0,454654.037266167,432326.807470186,0.0436141522517113,1,source-zone dual suitability raster,H:/Jing/ecoChina2/dual suit/mf_var/2071-2100SSP245/dual_suitability_zone10.tif,,4,pop_zone10,#006D77,2071-2100,SSP245,Plain MF RF
querVar,querVar-Zone10,10,Needleleaf forests on mountains in subtropical and tropical zones,22,mf_var,2071-2100SSP585,0.4,0,437210.105469489,426043.058256222,0.0430045770692589,1,source-zone dual suitability raster,H:/Jing/ecoChina2/dual suit/mf_var/2071-2100SSP585/dual_suitability_zone10.tif,,4,pop_zone10,#006D77,2071-2100,SSP585,Plain MF RF
querVar,querVar-Zone10,10,Needleleaf forests on mountains in subtropical and tropical zones,22,rf_var,2011-2040SSP245,0.4,0,449973.316552287,415369.522489333,0.0417432238871689,1,source-zone dual suitability raster,H:/Jing/ecoChina2/dual suit/rf_var/2011-2040SSP245/dual_suitability_zone10.tif,,4,pop_zone10,#006D77,2011-2040,SSP245,Plain RF
querVar,querVar-Zone10,10,Needleleaf forests on mountains in subtropical and tropical zones,22,rf_var,2011-2040SSP585,0.4,0,447749.922452866,412851.956740509,0.0415012834673699,1,source-zone dual suitability raster,H:/Jing/ecoChina2/dual suit/rf_var/2011-2040SSP585/dual_suitability_zone10.tif,,4,pop_zone10,#006D77,2011-2040,SSP585,Plain RF
querVar,querVar-Zone10,10,Needleleaf forests on mountains in subtropical and tropical zones,22,rf_var,2041-2070SSP245,0.4,0,449617.149124752,421466.058875481,0.0425055620306445,1,source-zone dual suitability raster,H:/Jing/ecoChina2/dual suit/rf_var/2041-2070SSP245/dual_suitability_zone10.tif,,4,pop_zone10,#006D77,2041-2070,SSP245,Plain RF
querVar,querVar-Zone10,10,Needleleaf forests on mountains in subtropical and tropical zones,22,rf_var,2041-2070SSP585,0.4,0,450470.924407072,427960.47307937,0.0431665870369082,1,source-zone dual suitability raster,H:/Jing/ecoChina2/dual suit/rf_var/2041-2070SSP585/dual_suitability_zone10.tif,,4,pop_zone10,#006D77,2041-2070,SSP585,Plain RF
querVar,querVar-Zone10,10,Needleleaf forests on mountains in subtropical and tropical zones,22,rf_var,2071-2100SSP245,0.4,0,452791.24635084,430523.804846467,0.0434303931521971,1,source-zone dual suitability raster,H:/Jing/ecoChina2/dual suit/rf_var/2071-2100SSP245/dual_suitability_zone10.tif,,4,pop_zone10,#006D77,2071-2100,SSP245,Plain RF
querVar,querVar-Zone10,10,Needleleaf forests on mountains in subtropical and tropical zones,22,rf_var,2071-2100SSP585,0.4,0,433133.443279137,424395.940853799,0.0428221719620255,1,source-zone dual suitability raster,H:/Jing/ecoChina2/dual suit/rf_var/2071-2100SSP585/dual_suitability_zone10.tif,,4,pop_zone10,#006D77,2071-2100,SSP585,Plain RF
querVar,querVar-Zone21,21,One year two ripes or three ripes grain fields; evergreen orchards and subtropical economic tree plantations,274,mf_var,2011-2040SSP245,0.4,0,1530533.46254914,1199875.25433149,0.116895770268274,1,source-zone dual suitability raster,H:/Jing/ecoChina2/dual suit/mf_var/2011-2040SSP245/dual_suitability_zone21.tif,,5,pop_zone21,#F3722C,2011-2040,SSP245,Plain MF RF
querVar,querVar-Zone21,21,One year two ripes or three ripes grain fields; evergreen orchards and subtropical economic tree plantations,274,mf_var,2011-2040SSP585,0.4,0,1551059.6807626,1201537.26610723,0.117092041448097,0.999445676803589,source-zone dual suitability raster,H:/Jing/ecoChina2/dual suit/mf_var/2011-2040SSP585/dual_suitability_zone21.tif,,5,pop_zone21,#F3722C,2011-2040,SSP585,Plain MF RF
querVar,querVar-Zone21,21,One year two ripes or three ripes grain fields; evergreen orchards and subtropical economic tree plantations,274,mf_var,2041-2070SSP245,0.4,0,1731499.18957856,1250850.03087577,0.122170502121106,0.996771037578583,source-zone dual suitability raster,H:/Jing/ecoChina2/dual suit/mf_var/2041-2070SSP245/dual_suitability_zone21.tif,,5,pop_zone21,#F3722C,2041-2070,SSP245,Plain MF RF
querVar,querVar-Zone21,21,One year two ripes or three ripes grain fields; evergreen orchards and subtropical economic tree plantations,274,mf_var,2041-2070SSP585,0.4,0,1831966.33894772,1284644.79448191,0.125630449452895,0.98999559879303,source-zone dual suitability raster,H:/Jing/ecoChina2/dual suit/mf_var/2041-2070SSP585/dual_suitability_zone21.tif,,5,pop_zone21,#F3722C,2041-2070,SSP585,Plain MF RF
querVar,querVar-Zone21,21,One year two ripes or three ripes grain fields; evergreen orchards and subtropical economic tree plantations,274,mf_var,2071-2100SSP245,0.4,0,1829385.60026031,1276863.99086277,0.124965561116142,0.986386716365814,source-zone dual suitability raster,H:/Jing/ecoChina2/dual suit/mf_var/2071-2100SSP245/dual_suitability_zone21.tif,,5,pop_zone21,#F3722C,2071-2100,SSP245,Plain MF RF
querVar,querVar-Zone21,21,One year two ripes or three ripes grain fields; evergreen orchards and subtropical economic tree plantations,274,mf_var,2071-2100SSP585,0.4,0,1865238.78048863,1269536.75920169,0.12469948064926,0.979230105876923,source-zone dual suitability raster,H:/Jing/ecoChina2/dual suit/mf_var/2071-2100SSP585/dual_suitability_zone21.tif,,5,pop_zone21,#F3722C,2071-2100,SSP585,Plain MF RF
querVar,querVar-Zone21,21,One year two ripes or three ripes grain fields; evergreen orchards and subtropical economic tree plantations,274,rf_var,2011-2040SSP245,0.4,0,1538441.37702342,1201072.91162484,0.11702210819736,1,source-zone dual suitability raster,H:/Jing/ecoChina2/dual suit/rf_var/2011-2040SSP245/dual_suitability_zone21.tif,,5,pop_zone21,#F3722C,2011-2040,SSP245,Plain RF
querVar,querVar-Zone21,21,One year two ripes or three ripes grain fields; evergreen orchards and subtropical economic tree plantations,274,rf_var,2011-2040SSP585,0.4,0,1560595.49867235,1203105.24246789,0.11725418651389,0.999948859214783,source-zone dual suitability raster,H:/Jing/ecoChina2/dual suit/rf_var/2011-2040SSP585/dual_suitability_zone21.tif,,5,pop_zone21,#F3722C,2011-2040,SSP585,Plain RF
querVar,querVar-Zone21,21,One year two ripes or three ripes grain fields; evergreen orchards and subtropical economic tree plantations,274,rf_var,2041-2070SSP245,0.4,0,1741467.93477746,1254326.63292747,0.122519497317467,0.994000017642975,source-zone dual suitability raster,H:/Jing/ecoChina2/dual suit/rf_var/2041-2070SSP245/dual_suitability_zone21.tif,,5,pop_zone21,#F3722C,2041-2070,SSP245,Plain RF
querVar,querVar-Zone21,21,One year two ripes or three ripes grain fields; evergreen orchards and subtropical economic tree plantations,274,rf_var,2041-2070SSP585,0.4,0,1840318.62484336,1285522.66452437,0.125721479504703,0.993647694587708,source-zone dual suitability raster,H:/Jing/ecoChina2/dual suit/rf_var/2041-2070SSP585/dual_suitability_zone21.tif,,5,pop_zone21,#F3722C,2041-2070,SSP585,Plain RF
querVar,querVar-Zone21,21,One year two ripes or three ripes grain fields; evergreen orchards and subtropical economic tree plantations,274,rf_var,2071-2100SSP245,0.4,0,1834085.30396971,1275836.44913597,0.12487127008775,0.994349718093872,source-zone dual suitability raster,H:/Jing/ecoChina2/dual suit/rf_var/2071-2100SSP245/dual_suitability_zone21.tif,,5,pop_zone21,#F3722C,2071-2100,SSP245,Plain RF
querVar,querVar-Zone21,21,One year two ripes or three ripes grain fields; evergreen orchards and subtropical economic tree plantations,274,rf_var,2071-2100SSP585,0.4,0,1876779.92352405,1269755.83754408,0.124735690133307,0.986698865890503,source-zone dual suitability raster,H:/Jing/ecoChina2/dual suit/rf_var/2071-2100SSP585/dual_suitability_zone21.tif,,5,pop_zone21,#F3722C,2071-2100,SSP585,Plain RF
querVar,querVar-Zone26,26,Bamboo forests and scrubs in subtropical and tropical zones,38,mf_var,2011-2040SSP245,0.4,0,355928.647581211,437521.104961676,0.0427368293353721,0.998894512653351,source-zone dual suitability raster,H:/Jing/ecoChina2/dual suit/mf_var/2011-2040SSP245/dual_suitability_zone26.tif,,6,pop_zone26,#00A878,2011-2040,SSP245,Plain MF RF
querVar,querVar-Zone26,26,Bamboo forests and scrubs in subtropical and tropical zones,38,mf_var,2011-2040SSP585,0.4,0,323176.569208065,429231.634427959,0.0419370686600809,0.998861074447632,source-zone dual suitability raster,H:/Jing/ecoChina2/dual suit/mf_var/2011-2040SSP585/dual_suitability_zone26.tif,,6,pop_zone26,#00A878,2011-2040,SSP585,Plain MF RF
querVar,querVar-Zone26,26,Bamboo forests and scrubs in subtropical and tropical zones,38,mf_var,2041-2070SSP245,0.4,0,223398.802232172,420910.396807211,0.0411787708554562,0.998852729797363,source-zone dual suitability raster,H:/Jing/ecoChina2/dual suit/mf_var/2041-2070SSP245/dual_suitability_zone26.tif,,6,pop_zone26,#00A878,2041-2070,SSP245,Plain MF RF
querVar,querVar-Zone26,26,Bamboo forests and scrubs in subtropical and tropical zones,38,mf_var,2041-2070SSP585,0.4,0,159840.947808166,410503.258102314,0.0401787332398967,0.999449968338013,source-zone dual suitability raster,H:/Jing/ecoChina2/dual suit/mf_var/2041-2070SSP585/dual_suitability_zone26.tif,,6,pop_zone26,#00A878,2041-2070,SSP585,Plain MF RF
querVar,querVar-Zone26,26,Bamboo forests and scrubs in subtropical and tropical zones,38,mf_var,2071-2100SSP245,0.4,0,144464.066505584,406886.314364577,0.0398403777934649,0.998792171478271,source-zone dual suitability raster,H:/Jing/ecoChina2/dual suit/mf_var/2071-2100SSP245/dual_suitability_zone26.tif,,6,pop_zone26,#00A878,2071-2100,SSP245,Plain MF RF
querVar,querVar-Zone26,26,Bamboo forests and scrubs in subtropical and tropical zones,38,mf_var,2071-2100SSP585,0.4,0,55835.4501804734,386336.353645155,0.0378611602225249,0.996465742588043,source-zone dual suitability raster,H:/Jing/ecoChina2/dual suit/mf_var/2071-2100SSP585/dual_suitability_zone26.tif,,6,pop_zone26,#00A878,2071-2100,SSP585,Plain MF RF
querVar,querVar-Zone26,26,Bamboo forests and scrubs in subtropical and tropical zones,38,rf_var,2011-2040SSP245,0.4,0,365235.026474446,436497.265255926,0.0426261899708837,0.999963879585266,source-zone dual suitability raster,H:/Jing/ecoChina2/dual suit/rf_var/2011-2040SSP245/dual_suitability_zone26.tif,,6,pop_zone26,#00A878,2011-2040,SSP245,Plain RF
querVar,querVar-Zone26,26,Bamboo forests and scrubs in subtropical and tropical zones,38,rf_var,2011-2040SSP585,0.4,0,333240.029583155,428204.560194555,0.0418282313324302,0.999933302402496,source-zone dual suitability raster,H:/Jing/ecoChina2/dual suit/rf_var/2011-2040SSP585/dual_suitability_zone26.tif,,6,pop_zone26,#00A878,2011-2040,SSP585,Plain RF
querVar,querVar-Zone26,26,Bamboo forests and scrubs in subtropical and tropical zones,38,rf_var,2041-2070SSP245,0.4,0,237667.47256246,422989.13471971,0.0413706483831035,0.999054074287415,source-zone dual suitability raster,H:/Jing/ecoChina2/dual suit/rf_var/2041-2070SSP245/dual_suitability_zone26.tif,,6,pop_zone26,#00A878,2041-2070,SSP245,Plain RF
querVar,querVar-Zone26,26,Bamboo forests and scrubs in subtropical and tropical zones,38,rf_var,2041-2070SSP585,0.4,0,170056.653142161,413703.293492483,0.0404799830805203,0.999850928783417,source-zone dual suitability raster,H:/Jing/ecoChina2/dual suit/rf_var/2041-2070SSP585/dual_suitability_zone26.tif,,6,pop_zone26,#00A878,2041-2070,SSP585,Plain RF
querVar,querVar-Zone26,26,Bamboo forests and scrubs in subtropical and tropical zones,38,rf_var,2071-2100SSP245,0.4,0,150482.742702866,409745.780597959,0.0401069742062583,0.999742567539215,source-zone dual suitability raster,H:/Jing/ecoChina2/dual suit/rf_var/2071-2100SSP245/dual_suitability_zone26.tif,,6,pop_zone26,#00A878,2071-2100,SSP245,Plain RF
querVar,querVar-Zone26,26,Bamboo forests and scrubs in subtropical and tropical zones,38,rf_var,2071-2100SSP585,0.4,0,61822.5089041159,391855.086203965,0.0383899277107952,0.996955513954163,source-zone dual suitability raster,H:/Jing/ecoChina2/dual suit/rf_var/2071-2100SSP585/dual_suitability_zone26.tif,,6,pop_zone26,#00A878,2071-2100,SSP585,Plain RF
querVar,querVar-Zone27,27,Two years three ripes or one year two ripes grain fields and deciduous orchards,339,mf_var,2011-2040SSP245,0.4,0,1055621.11520834,849566.307421329,0.0949542049653007,0.999532103538513,source-zone dual suitability raster,H:/Jing/ecoChina2/dual suit/mf_var/2011-2040SSP245/dual_suitability_zone27.tif,,7,pop_zone27,#FFB703,2011-2040,SSP245,Plain MF RF
querVar,querVar-Zone27,27,Two years three ripes or one year two ripes grain fields and deciduous orchards,339,mf_var,2011-2040SSP585,0.4,0,1062460.50192164,844647.181409632,0.0944910271326436,1,source-zone dual suitability raster,H:/Jing/ecoChina2/dual suit/mf_var/2011-2040SSP585/dual_suitability_zone27.tif,,7,pop_zone27,#FFB703,2011-2040,SSP585,Plain MF RF
querVar,querVar-Zone27,27,Two years three ripes or one year two ripes grain fields and deciduous orchards,339,mf_var,2041-2070SSP245,0.4,0,1125093.44572935,827644.930767343,0.0932855135278178,0.998785555362701,source-zone dual suitability raster,H:/Jing/ecoChina2/dual suit/mf_var/2041-2070SSP245/dual_suitability_zone27.tif,,7,pop_zone27,#FFB703,2041-2070,SSP245,Plain MF RF
querVar,querVar-Zone27,27,Two years three ripes or one year two ripes grain fields and deciduous orchards,339,mf_var,2041-2070SSP585,0.4,0,1169560.02500945,814338.487503643,0.0921213327958877,0.99798196554184,source-zone dual suitability raster,H:/Jing/ecoChina2/dual suit/mf_var/2041-2070SSP585/dual_suitability_zone27.tif,,7,pop_zone27,#FFB703,2041-2070,SSP585,Plain MF RF
querVar,querVar-Zone27,27,Two years three ripes or one year two ripes grain fields and deciduous orchards,339,mf_var,2071-2100SSP245,0.4,0,1166773.33264505,807178.893100071,0.0914648778799905,0.995307147502899,source-zone dual suitability raster,H:/Jing/ecoChina2/dual suit/mf_var/2071-2100SSP245/dual_suitability_zone27.tif,,7,pop_zone27,#FFB703,2071-2100,SSP245,Plain MF RF
querVar,querVar-Zone27,27,Two years three ripes or one year two ripes grain fields and deciduous orchards,339,mf_var,2071-2100SSP585,0.4,0,1205620.10856251,790477.293835466,0.0900961574290023,0.979617774486542,source-zone dual suitability raster,H:/Jing/ecoChina2/dual suit/mf_var/2071-2100SSP585/dual_suitability_zone27.tif,,7,pop_zone27,#FFB703,2071-2100,SSP585,Plain MF RF
querVar,querVar-Zone27,27,Two years three ripes or one year two ripes grain fields and deciduous orchards,339,rf_var,2011-2040SSP245,0.4,0,1078492.24427231,861893.621723228,0.0964378090954231,1,source-zone dual suitability raster,H:/Jing/ecoChina2/dual suit/rf_var/2011-2040SSP245/dual_suitability_zone27.tif,,7,pop_zone27,#FFB703,2011-2040,SSP245,Plain RF
querVar,querVar-Zone27,27,Two years three ripes or one year two ripes grain fields and deciduous orchards,339,rf_var,2011-2040SSP585,0.4,0,1083168.2662333,856468.872435205,0.0959278756074807,1,source-zone dual suitability raster,H:/Jing/ecoChina2/dual suit/rf_var/2011-2040SSP585/dual_suitability_zone27.tif,,7,pop_zone27,#FFB703,2011-2040,SSP585,Plain RF
querVar,querVar-Zone27,27,Two years three ripes or one year two ripes grain fields and deciduous orchards,339,rf_var,2041-2070SSP245,0.4,0,1132354.16265365,837909.275772787,0.0945593487541712,1,source-zone dual suitability raster,H:/Jing/ecoChina2/dual suit/rf_var/2041-2070SSP245/dual_suitability_zone27.tif,,7,pop_zone27,#FFB703,2041-2070,SSP245,Plain RF
querVar,querVar-Zone27,27,Two years three ripes or one year two ripes grain fields and deciduous orchards,339,rf_var,2041-2070SSP585,0.4,0,1160210.0076393,825095.260738358,0.0934496209726132,1,source-zone dual suitability raster,H:/Jing/ecoChina2/dual suit/rf_var/2041-2070SSP585/dual_suitability_zone27.tif,,7,pop_zone27,#FFB703,2041-2070,SSP585,Plain RF
querVar,querVar-Zone27,27,Two years three ripes or one year two ripes grain fields and deciduous orchards,339,rf_var,2071-2100SSP245,0.4,0,1152219.56519409,818300.973998085,0.0928292465782224,1,source-zone dual suitability raster,H:/Jing/ecoChina2/dual suit/rf_var/2071-2100SSP245/dual_suitability_zone27.tif,,7,pop_zone27,#FFB703,2071-2100,SSP245,Plain RF
querVar,querVar-Zone27,27,Two years three ripes or one year two ripes grain fields and deciduous orchards,339,rf_var,2071-2100SSP585,0.4,0,1203609.22415394,810699.903711498,0.0925465321517807,0.986293494701385,source-zone dual suitability raster,H:/Jing/ecoChina2/dual suit/rf_var/2071-2100SSP585/dual_suitability_zone27.tif,,7,pop_zone27,#FFB703,2071-2100,SSP585,Plain RF
querVar,querVar-Zone28,28,Broadleaf deciduous forests in subtropical zone,17394,mf_var,2011-2040SSP245,0.4,0,522640.016971536,497599.63309041,0.0496746175482909,1,source-zone dual suitability raster,H:/Jing/ecoChina2/dual suit/mf_var/2011-2040SSP245/dual_suitability_zone28.tif,,8,pop_zone28,#52B788,2011-2040,SSP245,Plain MF RF
querVar,querVar-Zone28,28,Broadleaf deciduous forests in subtropical zone,17394,mf_var,2011-2040SSP585,0.4,0,518091.259630108,495663.767011983,0.0495159737251861,0.999955952167511,source-zone dual suitability raster,H:/Jing/ecoChina2/dual suit/mf_var/2011-2040SSP585/dual_suitability_zone28.tif,,8,pop_zone28,#52B788,2011-2040,SSP585,Plain MF RF
querVar,querVar-Zone28,28,Broadleaf deciduous forests in subtropical zone,17394,mf_var,2041-2070SSP245,0.4,0,429291.13727174,441289.436307507,0.0442666893695378,0.998333752155304,source-zone dual suitability raster,H:/Jing/ecoChina2/dual suit/mf_var/2041-2070SSP245/dual_suitability_zone28.tif,,8,pop_zone28,#52B788,2041-2070,SSP245,Plain MF RF
querVar,querVar-Zone28,28,Broadleaf deciduous forests in subtropical zone,17394,mf_var,2041-2070SSP585,0.4,0,366512.083775073,410391.577139993,0.0413400295316464,0.998130142688751,source-zone dual suitability raster,H:/Jing/ecoChina2/dual suit/mf_var/2041-2070SSP585/dual_suitability_zone28.tif,,8,pop_zone28,#52B788,2041-2070,SSP585,Plain MF RF
querVar,querVar-Zone28,28,Broadleaf deciduous forests in subtropical zone,17394,mf_var,2071-2100SSP245,0.4,0,359955.477245817,404185.824902387,0.0407779063282301,0.997250020503998,source-zone dual suitability raster,H:/Jing/ecoChina2/dual suit/mf_var/2071-2100SSP245/dual_suitability_zone28.tif,,8,pop_zone28,#52B788,2071-2100,SSP245,Plain MF RF
querVar,querVar-Zone28,28,Broadleaf deciduous forests in subtropical zone,17394,mf_var,2071-2100SSP585,0.4,0,243470.03953915,364806.326464996,0.037245689500023,0.981118857860565,source-zone dual suitability raster,H:/Jing/ecoChina2/dual suit/mf_var/2071-2100SSP585/dual_suitability_zone28.tif,,8,pop_zone28,#52B788,2071-2100,SSP585,Plain MF RF
querVar,querVar-Zone28,28,Broadleaf deciduous forests in subtropical zone,17394,rf_var,2011-2040SSP245,0.4,0,522277.250491399,496180.898726432,0.0495296644981018,1,source-zone dual suitability raster,H:/Jing/ecoChina2/dual suit/rf_var/2011-2040SSP245/dual_suitability_zone28.tif,,8,pop_zone28,#52B788,2011-2040,SSP245,Plain RF
querVar,querVar-Zone28,28,Broadleaf deciduous forests in subtropical zone,17394,rf_var,2011-2040SSP585,0.4,0,516515.934942357,493675.09561933,0.0493164296057491,1,source-zone dual suitability raster,H:/Jing/ecoChina2/dual suit/rf_var/2011-2040SSP585/dual_suitability_zone28.tif,,8,pop_zone28,#52B788,2011-2040,SSP585,Plain RF
querVar,querVar-Zone28,28,Broadleaf deciduous forests in subtropical zone,17394,rf_var,2041-2070SSP245,0.4,0,419665.817475388,440299.399088811,0.0441782397475108,0.998000025749207,source-zone dual suitability raster,H:/Jing/ecoChina2/dual suit/rf_var/2041-2070SSP245/dual_suitability_zone28.tif,,8,pop_zone28,#52B788,2041-2070,SSP245,Plain RF
querVar,querVar-Zone28,28,Broadleaf deciduous forests in subtropical zone,17394,rf_var,2041-2070SSP585,0.4,0,357843.350973783,409585.086331117,0.0412679736351961,0.999406814575195,source-zone dual suitability raster,H:/Jing/ecoChina2/dual suit/rf_var/2041-2070SSP585/dual_suitability_zone28.tif,,8,pop_zone28,#52B788,2041-2070,SSP585,Plain RF
querVar,querVar-Zone28,28,Broadleaf deciduous forests in subtropical zone,17394,rf_var,2071-2100SSP245,0.4,0,352479.076453669,403954.726646998,0.0407607028540228,0.995962798595428,source-zone dual suitability raster,H:/Jing/ecoChina2/dual suit/rf_var/2071-2100SSP245/dual_suitability_zone28.tif,,8,pop_zone28,#52B788,2071-2100,SSP245,Plain RF
querVar,querVar-Zone28,28,Broadleaf deciduous forests in subtropical zone,17394,rf_var,2071-2100SSP585,0.4,0,230593.948878096,363119.975155754,0.0370806677797168,0.980509221553802,source-zone dual suitability raster,H:/Jing/ecoChina2/dual suit/rf_var/2071-2100SSP585/dual_suitability_zone28.tif,,8,pop_zone28,#52B788,2071-2100,SSP585,Plain RF
querVar,querVar-Zone30,30,Needleleaf forests in subtropical zone,1037,mf_var,2011-2040SSP245,0.4,0,1337047.96536245,1106879.19796073,0.107820438876551,0.998766124248505,source-zone dual suitability raster,H:/Jing/ecoChina2/dual suit/mf_var/2011-2040SSP245/dual_suitability_zone30.tif,,9,pop_zone30,#1B9AAA,2011-2040,SSP245,Plain MF RF
querVar,querVar-Zone30,30,Needleleaf forests in subtropical zone,1037,mf_var,2011-2040SSP585,0.4,0,1353438.25968577,1097806.91280904,0.106973193972744,0.998434722423553,source-zone dual suitability raster,H:/Jing/ecoChina2/dual suit/mf_var/2011-2040SSP585/dual_suitability_zone30.tif,,9,pop_zone30,#1B9AAA,2011-2040,SSP585,Plain MF RF
querVar,querVar-Zone30,30,Needleleaf forests in subtropical zone,1037,mf_var,2041-2070SSP245,0.4,0,1163217.31351408,988036.407931602,0.0963782271461983,0.997828722000122,source-zone dual suitability raster,H:/Jing/ecoChina2/dual suit/mf_var/2041-2070SSP245/dual_suitability_zone30.tif,,9,pop_zone30,#1B9AAA,2041-2070,SSP245,Plain MF RF
querVar,querVar-Zone30,30,Needleleaf forests in subtropical zone,1037,mf_var,2041-2070SSP585,0.4,0,1072956.16743153,936072.806734934,0.0913893861659571,0.993289828300476,source-zone dual suitability raster,H:/Jing/ecoChina2/dual suit/mf_var/2041-2070SSP585/dual_suitability_zone30.tif,,9,pop_zone30,#1B9AAA,2041-2070,SSP585,Plain MF RF
querVar,querVar-Zone30,30,Needleleaf forests in subtropical zone,1037,mf_var,2071-2100SSP245,0.4,0,1060009.59879559,926365.979783901,0.0904868052120297,0.996220350265503,source-zone dual suitability raster,H:/Jing/ecoChina2/dual suit/mf_var/2071-2100SSP245/dual_suitability_zone30.tif,,9,pop_zone30,#1B9AAA,2071-2100,SSP245,Plain MF RF
querVar,querVar-Zone30,30,Needleleaf forests in subtropical zone,1037,mf_var,2071-2100SSP585,0.4,0,678526.77121876,788855.648397844,0.0772671384497844,0.977640450000763,source-zone dual suitability raster,H:/Jing/ecoChina2/dual suit/mf_var/2071-2100SSP585/dual_suitability_zone30.tif,,9,pop_zone30,#1B9AAA,2071-2100,SSP585,Plain MF RF
querVar,querVar-Zone30,30,Needleleaf forests in subtropical zone,1037,rf_var,2011-2040SSP245,0.4,0,1330937.96836305,1106645.47481794,0.107799891312452,0.999993801116943,source-zone dual suitability raster,H:/Jing/ecoChina2/dual suit/rf_var/2011-2040SSP245/dual_suitability_zone30.tif,,9,pop_zone30,#1B9AAA,2011-2040,SSP245,Plain RF
querVar,querVar-Zone30,30,Needleleaf forests in subtropical zone,1037,rf_var,2011-2040SSP585,0.4,0,1342725.49010955,1098023.970005,0.106998293330992,1,source-zone dual suitability raster,H:/Jing/ecoChina2/dual suit/rf_var/2011-2040SSP585/dual_suitability_zone30.tif,,9,pop_zone30,#1B9AAA,2011-2040,SSP585,Plain RF
querVar,querVar-Zone30,30,Needleleaf forests in subtropical zone,1037,rf_var,2041-2070SSP245,0.4,0,1150606.48940731,983306.648902793,0.0959193605578842,0.999796330928802,source-zone dual suitability raster,H:/Jing/ecoChina2/dual suit/rf_var/2041-2070SSP245/dual_suitability_zone30.tif,,9,pop_zone30,#1B9AAA,2041-2070,SSP245,Plain RF
querVar,querVar-Zone30,30,Needleleaf forests in subtropical zone,1037,rf_var,2041-2070SSP585,0.4,0,1057184.8427692,929498.388669496,0.0907511062280551,0.997333884239197,source-zone dual suitability raster,H:/Jing/ecoChina2/dual suit/rf_var/2041-2070SSP585/dual_suitability_zone30.tif,,9,pop_zone30,#1B9AAA,2041-2070,SSP585,Plain RF
querVar,querVar-Zone30,30,Needleleaf forests in subtropical zone,1037,rf_var,2071-2100SSP245,0.4,0,1033842.62573034,917757.284093439,0.0896503451604841,0.999075710773468,source-zone dual suitability raster,H:/Jing/ecoChina2/dual suit/rf_var/2071-2100SSP245/dual_suitability_zone30.tif,,9,pop_zone30,#1B9AAA,2071-2100,SSP245,Plain RF
querVar,querVar-Zone30,30,Needleleaf forests in subtropical zone,1037,rf_var,2071-2100SSP585,0.4,0,624494.560234146,777995.912497863,0.0762063646045088,0.9864382147789,source-zone dual suitability raster,H:/Jing/ecoChina2/dual suit/rf_var/2071-2100SSP585/dual_suitability_zone30.tif,,9,pop_zone30,#1B9AAA,2071-2100,SSP585,Plain RF
querVar,querVar-Zone33,33,One year one ripe grain fields and cold-tolerant economic crop fields; deciduous orchards,58,mf_var,2011-2040SSP245,0.4,0,715840.42693672,638768.983531228,0.0704548169077547,1,source-zone dual suitability raster,H:/Jing/ecoChina2/dual suit/mf_var/2011-2040SSP245/dual_suitability_zone33.tif,,10,pop_zone33,#FDB833,2011-2040,SSP245,Plain MF RF
querVar,querVar-Zone33,33,One year one ripe grain fields and cold-tolerant economic crop fields; deciduous orchards,58,mf_var,2011-2040SSP585,0.4,0,710232.527766904,633711.598144721,0.0699294929497193,1,source-zone dual suitability raster,H:/Jing/ecoChina2/dual suit/mf_var/2011-2040SSP585/dual_suitability_zone33.tif,,10,pop_zone33,#FDB833,2011-2040,SSP585,Plain MF RF
querVar,querVar-Zone33,33,One year one ripe grain fields and cold-tolerant economic crop fields; deciduous orchards,58,mf_var,2041-2070SSP245,0.4,0,685967.037819354,621031.420077729,0.06889083974828,1,source-zone dual suitability raster,H:/Jing/ecoChina2/dual suit/mf_var/2041-2070SSP245/dual_suitability_zone33.tif,,10,pop_zone33,#FDB833,2041-2070,SSP245,Plain MF RF
querVar,querVar-Zone33,33,One year one ripe grain fields and cold-tolerant economic crop fields; deciduous orchards,58,mf_var,2041-2070SSP585,0.4,0,642690.747822614,596354.348460202,0.0663496418593281,0.999972701072693,source-zone dual suitability raster,H:/Jing/ecoChina2/dual suit/mf_var/2041-2070SSP585/dual_suitability_zone33.tif,,10,pop_zone33,#FDB833,2041-2070,SSP585,Plain MF RF
querVar,querVar-Zone33,33,One year one ripe grain fields and cold-tolerant economic crop fields; deciduous orchards,58,mf_var,2071-2100SSP245,0.4,0,625832.484383323,590299.765769194,0.0657280200300377,0.999701619148254,source-zone dual suitability raster,H:/Jing/ecoChina2/dual suit/mf_var/2071-2100SSP245/dual_suitability_zone33.tif,,10,pop_zone33,#FDB833,2071-2100,SSP245,Plain MF RF
querVar,querVar-Zone33,33,One year one ripe grain fields and cold-tolerant economic crop fields; deciduous orchards,58,mf_var,2071-2100SSP585,0.4,0,393058.394906523,490884.013393863,0.055220558000851,0.991012513637543,source-zone dual suitability raster,H:/Jing/ecoChina2/dual suit/mf_var/2071-2100SSP585/dual_suitability_zone33.tif,,10,pop_zone33,#FDB833,2071-2100,SSP585,Plain MF RF
querVar,querVar-Zone33,33,One year one ripe grain fields and cold-tolerant economic crop fields; deciduous orchards,58,rf_var,2011-2040SSP245,0.4,0,721420.977977885,637618.373461512,0.0703202519811709,1,source-zone dual suitability raster,H:/Jing/ecoChina2/dual suit/rf_var/2011-2040SSP245/dual_suitability_zone33.tif,,10,pop_zone33,#FDB833,2011-2040,SSP245,Plain RF
querVar,querVar-Zone33,33,One year one ripe grain fields and cold-tolerant economic crop fields; deciduous orchards,58,rf_var,2011-2040SSP585,0.4,0,714888.018024274,632147.081426022,0.0697483337298126,1,source-zone dual suitability raster,H:/Jing/ecoChina2/dual suit/rf_var/2011-2040SSP585/dual_suitability_zone33.tif,,10,pop_zone33,#FDB833,2011-2040,SSP585,Plain RF
querVar,querVar-Zone33,33,One year one ripe grain fields and cold-tolerant economic crop fields; deciduous orchards,58,rf_var,2041-2070SSP245,0.4,0,685633.793600562,617568.75388111,0.0684988140801963,1,source-zone dual suitability raster,H:/Jing/ecoChina2/dual suit/rf_var/2041-2070SSP245/dual_suitability_zone33.tif,,10,pop_zone33,#FDB833,2041-2070,SSP245,Plain RF
querVar,querVar-Zone33,33,One year one ripe grain fields and cold-tolerant economic crop fields; deciduous orchards,58,rf_var,2041-2070SSP585,0.4,0,644819.3692817,593058.832832581,0.0659711172369407,1,source-zone dual suitability raster,H:/Jing/ecoChina2/dual suit/rf_var/2041-2070SSP585/dual_suitability_zone33.tif,,10,pop_zone33,#FDB833,2041-2070,SSP585,Plain RF
querVar,querVar-Zone33,33,One year one ripe grain fields and cold-tolerant economic crop fields; deciduous orchards,58,rf_var,2071-2100SSP245,0.4,0,628747.214367652,587440.771353477,0.0653999126894542,1,source-zone dual suitability raster,H:/Jing/ecoChina2/dual suit/rf_var/2071-2100SSP245/dual_suitability_zone33.tif,,10,pop_zone33,#FDB833,2071-2100,SSP245,Plain RF
querVar,querVar-Zone33,33,One year one ripe grain fields and cold-tolerant economic crop fields; deciduous orchards,58,rf_var,2071-2100SSP585,0.4,0,394755.254644547,491556.369917293,0.0552702936467295,0.995436608791351,source-zone dual suitability raster,H:/Jing/ecoChina2/dual suit/rf_var/2071-2100SSP585/dual_suitability_zone33.tif,,10,pop_zone33,#FDB833,2071-2100,SSP585,Plain RF
querVar,querVar-Zone36,36,Broadleaf evergreen and deciduous mixed forests in subtropical zone,975,mf_var,2011-2040SSP245,0.4,0,341118.430870394,429749.418181604,0.0426578741229837,1,source-zone dual suitability raster,H:/Jing/ecoChina2/dual suit/mf_var/2011-2040SSP245/dual_suitability_zone36.tif,,11,pop_zone36,#40916C,2011-2040,SSP245,Plain MF RF
querVar,querVar-Zone36,36,Broadleaf evergreen and deciduous mixed forests in subtropical zone,975,mf_var,2011-2040SSP585,0.4,0,335203.200342109,431314.589883807,0.0428471199050045,1,source-zone dual suitability raster,H:/Jing/ecoChina2/dual suit/mf_var/2011-2040SSP585/dual_suitability_zone36.tif,,11,pop_zone36,#40916C,2011-2040,SSP585,Plain MF RF
querVar,querVar-Zone36,36,Broadleaf evergreen and deciduous mixed forests in subtropical zone,975,mf_var,2041-2070SSP245,0.4,0,247577.10038982,408118.960010404,0.0406575594782167,0.998248934745789,source-zone dual suitability raster,H:/Jing/ecoChina2/dual suit/mf_var/2041-2070SSP245/dual_suitability_zone36.tif,,11,pop_zone36,#40916C,2041-2070,SSP245,Plain MF RF
querVar,querVar-Zone36,36,Broadleaf evergreen and deciduous mixed forests in subtropical zone,975,mf_var,2041-2070SSP585,0.4,0,207987.131092214,403004.988836202,0.0402115642272919,0.996377229690552,source-zone dual suitability raster,H:/Jing/ecoChina2/dual suit/mf_var/2041-2070SSP585/dual_suitability_zone36.tif,,11,pop_zone36,#40916C,2041-2070,SSP585,Plain MF RF
querVar,querVar-Zone36,36,Broadleaf evergreen and deciduous mixed forests in subtropical zone,975,mf_var,2071-2100SSP245,0.4,0,206277.86819838,408996.483450627,0.0408546045643118,0.996207237243652,source-zone dual suitability raster,H:/Jing/ecoChina2/dual suit/mf_var/2071-2100SSP245/dual_suitability_zone36.tif,,11,pop_zone36,#40916C,2071-2100,SSP245,Plain MF RF
querVar,querVar-Zone36,36,Broadleaf evergreen and deciduous mixed forests in subtropical zone,975,mf_var,2071-2100SSP585,0.4,0,113482.77691917,364172.761684153,0.0364448767752043,0.984564542770386,source-zone dual suitability raster,H:/Jing/ecoChina2/dual suit/mf_var/2071-2100SSP585/dual_suitability_zone36.tif,,11,pop_zone36,#40916C,2071-2100,SSP585,Plain MF RF
querVar,querVar-Zone36,36,Broadleaf evergreen and deciduous mixed forests in subtropical zone,975,rf_var,2011-2040SSP245,0.4,0,338961.21672691,428777.820218985,0.0425475383221036,1,source-zone dual suitability raster,H:/Jing/ecoChina2/dual suit/rf_var/2011-2040SSP245/dual_suitability_zone36.tif,,11,pop_zone36,#40916C,2011-2040,SSP245,Plain RF
querVar,querVar-Zone36,36,Broadleaf evergreen and deciduous mixed forests in subtropical zone,975,rf_var,2011-2040SSP585,0.4,0,331435.937819044,429692.489986063,0.0426719256640918,1,source-zone dual suitability raster,H:/Jing/ecoChina2/dual suit/rf_var/2011-2040SSP585/dual_suitability_zone36.tif,,11,pop_zone36,#40916C,2011-2040,SSP585,Plain RF
querVar,querVar-Zone36,36,Broadleaf evergreen and deciduous mixed forests in subtropical zone,975,rf_var,2041-2070SSP245,0.4,0,244672.497326082,404881.977604113,0.0403225008028703,0.998671174049377,source-zone dual suitability raster,H:/Jing/ecoChina2/dual suit/rf_var/2041-2070SSP245/dual_suitability_zone36.tif,,11,pop_zone36,#40916C,2041-2070,SSP245,Plain RF
querVar,querVar-Zone36,36,Broadleaf evergreen and deciduous mixed forests in subtropical zone,975,rf_var,2041-2070SSP585,0.4,0,206817.573322803,397642.008479714,0.0396689003848646,0.997893691062927,source-zone dual suitability raster,H:/Jing/ecoChina2/dual suit/rf_var/2041-2070SSP585/dual_suitability_zone36.tif,,11,pop_zone36,#40916C,2041-2070,SSP585,Plain RF
querVar,querVar-Zone36,36,Broadleaf evergreen and deciduous mixed forests in subtropical zone,975,rf_var,2071-2100SSP245,0.4,0,206414.110231951,403277.760007869,0.0402767154044737,0.995544672012329,source-zone dual suitability raster,H:/Jing/ecoChina2/dual suit/rf_var/2071-2100SSP245/dual_suitability_zone36.tif,,11,pop_zone36,#40916C,2071-2100,SSP245,Plain RF
querVar,querVar-Zone36,36,Broadleaf evergreen and deciduous mixed forests in subtropical zone,975,rf_var,2071-2100SSP585,0.4,0,112963.97982328,359901.597831703,0.0360280732496218,0.992544174194336,source-zone dual suitability raster,H:/Jing/ecoChina2/dual suit/rf_var/2071-2100SSP585/dual_suitability_zone36.tif,,11,pop_zone36,#40916C,2071-2100,SSP585,Plain RF
querVar,querVar-Zone37,37,Needleleaf forests in temperate zone,58,mf_var,2011-2040SSP245,0.4,0,330382.591223456,327864.706464878,0.0356981637182294,0.999703407287598,source-zone dual suitability raster,H:/Jing/ecoChina2/dual suit/mf_var/2011-2040SSP245/dual_suitability_zone37.tif,,12,pop_zone37,#0B3D2E,2011-2040,SSP245,Plain MF RF
querVar,querVar-Zone37,37,Needleleaf forests in temperate zone,58,mf_var,2011-2040SSP585,0.4,0,324558.1426871,327139.112025082,0.0356515525702187,0.998925089836121,source-zone dual suitability raster,H:/Jing/ecoChina2/dual suit/mf_var/2011-2040SSP585/dual_suitability_zone37.tif,,12,pop_zone37,#0B3D2E,2011-2040,SSP585,Plain MF RF
querVar,querVar-Zone37,37,Needleleaf forests in temperate zone,58,mf_var,2041-2070SSP245,0.4,0,288295.176654647,308443.962094175,0.0338916124365324,0.983945846557617,source-zone dual suitability raster,H:/Jing/ecoChina2/dual suit/mf_var/2041-2070SSP245/dual_suitability_zone37.tif,,12,pop_zone37,#0B3D2E,2041-2070,SSP245,Plain MF RF
querVar,querVar-Zone37,37,Needleleaf forests in temperate zone,58,mf_var,2041-2070SSP585,0.4,0,243880.72940946,289995.131740744,0.0319829848720951,0.969336807727814,source-zone dual suitability raster,H:/Jing/ecoChina2/dual suit/mf_var/2041-2070SSP585/dual_suitability_zone37.tif,,12,pop_zone37,#0B3D2E,2041-2070,SSP585,Plain MF RF
querVar,querVar-Zone37,37,Needleleaf forests in temperate zone,58,mf_var,2071-2100SSP245,0.4,0,240010.781245494,284687.134765801,0.0314501463985089,0.965708315372467,source-zone dual suitability raster,H:/Jing/ecoChina2/dual suit/mf_var/2071-2100SSP245/dual_suitability_zone37.tif,,12,pop_zone37,#0B3D2E,2071-2100,SSP245,Plain MF RF
querVar,querVar-Zone37,37,Needleleaf forests in temperate zone,58,mf_var,2071-2100SSP585,0.4,0,165757.714721593,250562.370648062,0.0279068004823798,0.940297245979309,source-zone dual suitability raster,H:/Jing/ecoChina2/dual suit/mf_var/2071-2100SSP585/dual_suitability_zone37.tif,,12,pop_zone37,#0B3D2E,2071-2100,SSP585,Plain MF RF
querVar,querVar-Zone37,37,Needleleaf forests in temperate zone,58,rf_var,2011-2040SSP245,0.4,0,330341.92278138,327116.599491023,0.035606592839344,0.998683333396912,source-zone dual suitability raster,H:/Jing/ecoChina2/dual suit/rf_var/2011-2040SSP245/dual_suitability_zone37.tif,,12,pop_zone37,#0B3D2E,2011-2040,SSP245,Plain RF
querVar,querVar-Zone37,37,Needleleaf forests in temperate zone,58,rf_var,2011-2040SSP585,0.4,0,325405.700783533,325762.083051257,0.0354934766392594,0.999990344047546,source-zone dual suitability raster,H:/Jing/ecoChina2/dual suit/rf_var/2011-2040SSP585/dual_suitability_zone37.tif,,12,pop_zone37,#0B3D2E,2011-2040,SSP585,Plain RF
querVar,querVar-Zone37,37,Needleleaf forests in temperate zone,58,rf_var,2041-2070SSP245,0.4,0,282877.675318952,305555.371798169,0.0335601454942441,0.98725563287735,source-zone dual suitability raster,H:/Jing/ecoChina2/dual suit/rf_var/2041-2070SSP245/dual_suitability_zone37.tif,,12,pop_zone37,#0B3D2E,2041-2070,SSP245,Plain RF
querVar,querVar-Zone37,37,Needleleaf forests in temperate zone,58,rf_var,2041-2070SSP585,0.4,0,240754.202151446,286396.571872138,0.0315757564016537,0.980852484703064,source-zone dual suitability raster,H:/Jing/ecoChina2/dual suit/rf_var/2041-2070SSP585/dual_suitability_zone37.tif,,12,pop_zone37,#0B3D2E,2041-2070,SSP585,Plain RF
querVar,querVar-Zone37,37,Needleleaf forests in temperate zone,58,rf_var,2071-2100SSP245,0.4,0,237958.329351555,280840.405245399,0.0310171792684544,0.967849016189575,source-zone dual suitability raster,H:/Jing/ecoChina2/dual suit/rf_var/2071-2100SSP245/dual_suitability_zone37.tif,,12,pop_zone37,#0B3D2E,2071-2100,SSP245,Plain RF
querVar,querVar-Zone37,37,Needleleaf forests in temperate zone,58,rf_var,2071-2100SSP585,0.4,0,162849.529143893,246833.346728672,0.0274932164431848,0.931983828544617,source-zone dual suitability raster,H:/Jing/ecoChina2/dual suit/rf_var/2071-2100SSP585/dual_suitability_zone37.tif,,12,pop_zone37,#0B3D2E,2071-2100,SSP585,Plain RF
querVar,querVar-Zone40,40,Subtropical and tropical grasslands,354,mf_var,2011-2040SSP245,0.4,0,1570659.74786013,1193877.95635945,0.115577145875729,0.999025881290436,source-zone dual suitability raster,H:/Jing/ecoChina2/dual suit/mf_var/2011-2040SSP245/dual_suitability_zone40.tif,,13,pop_zone40,#AACC00,2011-2040,SSP245,Plain MF RF
querVar,querVar-Zone40,40,Subtropical and tropical grasslands,354,mf_var,2011-2040SSP585,0.4,0,1595972.85682203,1199524.22509042,0.116164868894396,0.99954354763031,source-zone dual suitability raster,H:/Jing/ecoChina2/dual suit/mf_var/2011-2040SSP585/dual_suitability_zone40.tif,,13,pop_zone40,#AACC00,2011-2040,SSP585,Plain MF RF
querVar,querVar-Zone40,40,Subtropical and tropical grasslands,354,mf_var,2041-2070SSP245,0.4,0,1712087.71935,1207473.83852912,0.117175312976086,0.997901499271393,source-zone dual suitability raster,H:/Jing/ecoChina2/dual suit/mf_var/2041-2070SSP245/dual_suitability_zone40.tif,,13,pop_zone40,#AACC00,2041-2070,SSP245,Plain MF RF
querVar,querVar-Zone40,40,Subtropical and tropical grasslands,354,mf_var,2041-2070SSP585,0.4,0,1751658.34470963,1185631.12976762,0.115172965224475,0.994830906391144,source-zone dual suitability raster,H:/Jing/ecoChina2/dual suit/mf_var/2041-2070SSP585/dual_suitability_zone40.tif,,13,pop_zone40,#AACC00,2041-2070,SSP585,Plain MF RF
querVar,querVar-Zone40,40,Subtropical and tropical grasslands,354,mf_var,2071-2100SSP245,0.4,0,1772946.13864317,1178914.38322939,0.114549658458981,0.996686995029449,source-zone dual suitability raster,H:/Jing/ecoChina2/dual suit/mf_var/2071-2100SSP245/dual_suitability_zone40.tif,,13,pop_zone40,#AACC00,2071-2100,SSP245,Plain MF RF
querVar,querVar-Zone40,40,Subtropical and tropical grasslands,354,mf_var,2071-2100SSP585,0.4,0,1815067.66030662,1090892.28999569,0.106190238387367,0.98772394657135,source-zone dual suitability raster,H:/Jing/ecoChina2/dual suit/mf_var/2071-2100SSP585/dual_suitability_zone40.tif,,13,pop_zone40,#AACC00,2071-2100,SSP585,Plain MF RF
querVar,querVar-Zone40,40,Subtropical and tropical grasslands,354,rf_var,2011-2040SSP245,0.4,0,1578417.9440579,1199703.2226592,0.116171953239155,0.999969780445099,source-zone dual suitability raster,H:/Jing/ecoChina2/dual suit/rf_var/2011-2040SSP245/dual_suitability_zone40.tif,,13,pop_zone40,#AACC00,2011-2040,SSP245,Plain RF
querVar,querVar-Zone40,40,Subtropical and tropical grasslands,354,rf_var,2011-2040SSP585,0.4,0,1607350.16360112,1205752.1756544,0.116802633178269,0.999949991703033,source-zone dual suitability raster,H:/Jing/ecoChina2/dual suit/rf_var/2011-2040SSP585/dual_suitability_zone40.tif,,13,pop_zone40,#AACC00,2011-2040,SSP585,Plain RF
querVar,querVar-Zone40,40,Subtropical and tropical grasslands,354,rf_var,2041-2070SSP245,0.4,0,1710851.2397096,1209979.84062364,0.117448434175386,0.999842822551727,source-zone dual suitability raster,H:/Jing/ecoChina2/dual suit/rf_var/2041-2070SSP245/dual_suitability_zone40.tif,,13,pop_zone40,#AACC00,2041-2070,SSP245,Plain RF
querVar,querVar-Zone40,40,Subtropical and tropical grasslands,354,rf_var,2041-2070SSP585,0.4,0,1742587.24161275,1185687.89878036,0.115203057708018,0.997291386127472,source-zone dual suitability raster,H:/Jing/ecoChina2/dual suit/rf_var/2041-2070SSP585/dual_suitability_zone40.tif,,13,pop_zone40,#AACC00,2041-2070,SSP585,Plain RF
querVar,querVar-Zone40,40,Subtropical and tropical grasslands,354,rf_var,2071-2100SSP245,0.4,0,1772243.16088778,1178601.57849159,0.114532043582351,0.999877095222473,source-zone dual suitability raster,H:/Jing/ecoChina2/dual suit/rf_var/2071-2100SSP245/dual_suitability_zone40.tif,,13,pop_zone40,#AACC00,2071-2100,SSP245,Plain RF
querVar,querVar-Zone40,40,Subtropical and tropical grasslands,354,rf_var,2071-2100SSP585,0.4,0,1803292.99860953,1086853.01257946,0.105797219777193,0.988584995269775,source-zone dual suitability raster,H:/Jing/ecoChina2/dual suit/rf_var/2071-2100SSP585/dual_suitability_zone40.tif,,13,pop_zone40,#AACC00,2071-2100,SSP585,Plain RF
querVar,querVar-Zone41,41,Temperate grasslands,92,mf_var,2011-2040SSP245,0.4,0,419839.008013211,397525.968163787,0.0431693072475445,0.999222636222839,source-zone dual suitability raster,H:/Jing/ecoChina2/dual suit/mf_var/2011-2040SSP245/dual_suitability_zone41.tif,,14,pop_zone41,#70E000,2011-2040,SSP245,Plain MF RF
querVar,querVar-Zone41,41,Temperate grasslands,92,mf_var,2011-2040SSP585,0.4,0,422404.448379791,402234.211087674,0.0437060684927347,0.999553263187408,source-zone dual suitability raster,H:/Jing/ecoChina2/dual suit/mf_var/2011-2040SSP585/dual_suitability_zone41.tif,,14,pop_zone41,#70E000,2011-2040,SSP585,Plain MF RF
querVar,querVar-Zone41,41,Temperate grasslands,92,mf_var,2041-2070SSP245,0.4,0,380758.666391004,378707.630935856,0.0412552185398028,0.984890460968018,source-zone dual suitability raster,H:/Jing/ecoChina2/dual suit/mf_var/2041-2070SSP245/dual_suitability_zone41.tif,,14,pop_zone41,#70E000,2041-2070,SSP245,Plain MF RF
querVar,querVar-Zone41,41,Temperate grasslands,92,mf_var,2041-2070SSP585,0.4,0,322884.137334049,350700.432063609,0.0382371916616046,0.984031319618225,source-zone dual suitability raster,H:/Jing/ecoChina2/dual suit/mf_var/2041-2070SSP585/dual_suitability_zone41.tif,,14,pop_zone41,#70E000,2041-2070,SSP585,Plain MF RF
querVar,querVar-Zone41,41,Temperate grasslands,92,mf_var,2071-2100SSP245,0.4,0,313636.197114735,345686.617423275,0.0377051901179725,0.971917688846588,source-zone dual suitability raster,H:/Jing/ecoChina2/dual suit/mf_var/2071-2100SSP245/dual_suitability_zone41.tif,,14,pop_zone41,#70E000,2071-2100,SSP245,Plain MF RF
querVar,querVar-Zone41,41,Temperate grasslands,92,mf_var,2071-2100SSP585,0.4,0,170028.185091389,276523.729241021,0.0302287155984245,0.932136535644531,source-zone dual suitability raster,H:/Jing/ecoChina2/dual suit/mf_var/2071-2100SSP585/dual_suitability_zone41.tif,,14,pop_zone41,#70E000,2071-2100,SSP585,Plain MF RF
querVar,querVar-Zone41,41,Temperate grasslands,92,rf_var,2011-2040SSP245,0.4,0,422963.287358146,399210.342766765,0.0433626793986087,0.999744415283203,source-zone dual suitability raster,H:/Jing/ecoChina2/dual suit/rf_var/2011-2040SSP245/dual_suitability_zone41.tif,,14,pop_zone41,#70E000,2011-2040,SSP245,Plain RF
querVar,querVar-Zone41,41,Temperate grasslands,92,rf_var,2011-2040SSP585,0.4,0,424988.920763091,403765.877190471,0.0438825927069826,0.99994570016861,source-zone dual suitability raster,H:/Jing/ecoChina2/dual suit/rf_var/2011-2040SSP585/dual_suitability_zone41.tif,,14,pop_zone41,#70E000,2011-2040,SSP585,Plain RF
querVar,querVar-Zone41,41,Temperate grasslands,92,rf_var,2041-2070SSP245,0.4,0,375898.989815458,376979.399962061,0.041076688676879,0.992513298988342,source-zone dual suitability raster,H:/Jing/ecoChina2/dual suit/rf_var/2041-2070SSP245/dual_suitability_zone41.tif,,14,pop_zone41,#70E000,2041-2070,SSP245,Plain RF
querVar,querVar-Zone41,41,Temperate grasslands,92,rf_var,2041-2070SSP585,0.4,0,318224.056729398,347434.44963615,0.037887900644229,0.983646392822266,source-zone dual suitability raster,H:/Jing/ecoChina2/dual suit/rf_var/2041-2070SSP585/dual_suitability_zone41.tif,,14,pop_zone41,#70E000,2041-2070,SSP585,Plain RF
querVar,querVar-Zone41,41,Temperate grasslands,92,rf_var,2071-2100SSP245,0.4,0,310460.054694279,342803.333611004,0.0373995477227237,0.976503789424896,source-zone dual suitability raster,H:/Jing/ecoChina2/dual suit/rf_var/2071-2100SSP245/dual_suitability_zone41.tif,,14,pop_zone41,#70E000,2071-2100,SSP245,Plain RF
querVar,querVar-Zone41,41,Temperate grasslands,92,rf_var,2071-2100SSP585,0.4,0,167685.30130678,272300.068279535,0.0297539618608143,0.937204122543335,source-zone dual suitability raster,H:/Jing/ecoChina2/dual suit/rf_var/2071-2100SSP585/dual_suitability_zone41.tif,,14,pop_zone41,#70E000,2071-2100,SSP585,Plain RF
querVar,querVar-Zone44,44,Broadleaf evergreen and deciduous scrubs in subtropical and tropical zones,25385,mf_var,2011-2040SSP245,0.4,0,1620349.42481338,1230963.68195624,0.119386742831713,0.999998092651367,source-zone dual suitability raster,H:/Jing/ecoChina2/dual suit/mf_var/2011-2040SSP245/dual_suitability_zone44.tif,,15,pop_zone44,#F72585,2011-2040,SSP245,Plain MF RF
querVar,querVar-Zone44,44,Broadleaf evergreen and deciduous scrubs in subtropical and tropical zones,25385,mf_var,2011-2040SSP585,0.4,0,1641119.23295053,1230772.48535482,0.119413701423515,1,source-zone dual suitability raster,H:/Jing/ecoChina2/dual suit/mf_var/2011-2040SSP585/dual_suitability_zone44.tif,,15,pop_zone44,#F72585,2011-2040,SSP585,Plain MF RF
querVar,querVar-Zone44,44,Broadleaf evergreen and deciduous scrubs in subtropical and tropical zones,25385,mf_var,2041-2070SSP245,0.4,0,1592767.07724532,1171223.42918692,0.113751140962447,0.998553812503815,source-zone dual suitability raster,H:/Jing/ecoChina2/dual suit/mf_var/2041-2070SSP245/dual_suitability_zone44.tif,,15,pop_zone44,#F72585,2041-2070,SSP245,Plain MF RF
querVar,querVar-Zone44,44,Broadleaf evergreen and deciduous scrubs in subtropical and tropical zones,25385,mf_var,2041-2070SSP585,0.4,0,1579364.49175003,1135886.36709142,0.110372104727755,0.998935461044312,source-zone dual suitability raster,H:/Jing/ecoChina2/dual suit/mf_var/2041-2070SSP585/dual_suitability_zone44.tif,,15,pop_zone44,#F72585,2041-2070,SSP585,Plain MF RF
querVar,querVar-Zone44,44,Broadleaf evergreen and deciduous scrubs in subtropical and tropical zones,25385,mf_var,2071-2100SSP245,0.4,0,1597716.54650202,1136988.47781495,0.110508177919822,0.999000012874603,source-zone dual suitability raster,H:/Jing/ecoChina2/dual suit/mf_var/2071-2100SSP245/dual_suitability_zone44.tif,,15,pop_zone44,#F72585,2071-2100,SSP245,Plain MF RF
querVar,querVar-Zone44,44,Broadleaf evergreen and deciduous scrubs in subtropical and tropical zones,25385,mf_var,2071-2100SSP585,0.4,0,1589555.22091023,1065733.2711301,0.103721655953066,0.993961870670319,source-zone dual suitability raster,H:/Jing/ecoChina2/dual suit/mf_var/2071-2100SSP585/dual_suitability_zone44.tif,,15,pop_zone44,#F72585,2071-2100,SSP585,Plain MF RF
querVar,querVar-Zone44,44,Broadleaf evergreen and deciduous scrubs in subtropical and tropical zones,25385,rf_var,2011-2040SSP245,0.4,0,1613095.7366682,1231042.44779734,0.119390889766215,1,source-zone dual suitability raster,H:/Jing/ecoChina2/dual suit/rf_var/2011-2040SSP245/dual_suitability_zone44.tif,,15,pop_zone44,#F72585,2011-2040,SSP245,Plain RF
querVar,querVar-Zone44,44,Broadleaf evergreen and deciduous scrubs in subtropical and tropical zones,25385,rf_var,2011-2040SSP585,0.4,0,1633098.41609982,1230146.1447945,0.119351558302465,0.999988675117493,source-zone dual suitability raster,H:/Jing/ecoChina2/dual suit/rf_var/2011-2040SSP585/dual_suitability_zone44.tif,,15,pop_zone44,#F72585,2011-2040,SSP585,Plain RF
querVar,querVar-Zone44,44,Broadleaf evergreen and deciduous scrubs in subtropical and tropical zones,25385,rf_var,2041-2070SSP245,0.4,0,1547270.98930759,1161207.35910582,0.112767444246746,0.998234748840332,source-zone dual suitability raster,H:/Jing/ecoChina2/dual suit/rf_var/2041-2070SSP245/dual_suitability_zone44.tif,,15,pop_zone44,#F72585,2041-2070,SSP245,Plain RF
querVar,querVar-Zone44,44,Broadleaf evergreen and deciduous scrubs in subtropical and tropical zones,25385,rf_var,2041-2070SSP585,0.4,0,1527145.61720892,1123133.12548854,0.109114747061683,0.997988700866699,source-zone dual suitability raster,H:/Jing/ecoChina2/dual suit/rf_var/2041-2070SSP585/dual_suitability_zone44.tif,,15,pop_zone44,#F72585,2041-2070,SSP585,Plain RF
querVar,querVar-Zone44,44,Broadleaf evergreen and deciduous scrubs in subtropical and tropical zones,25385,rf_var,2071-2100SSP245,0.4,0,1532686.62034233,1121047.52016104,0.108941612310736,0.998000025749207,source-zone dual suitability raster,H:/Jing/ecoChina2/dual suit/rf_var/2071-2100SSP245/dual_suitability_zone44.tif,,15,pop_zone44,#F72585,2071-2100,SSP245,Plain RF
querVar,querVar-Zone44,44,Broadleaf evergreen and deciduous scrubs in subtropical and tropical zones,25385,rf_var,2071-2100SSP585,0.4,0,1435508.289838,1042579.59352643,0.101444843212173,0.998995304107666,source-zone dual suitability raster,H:/Jing/ecoChina2/dual suit/rf_var/2071-2100SSP585/dual_suitability_zone44.tif,,15,pop_zone44,#F72585,2071-2100,SSP585,Plain RF
querVar,querVar-Zone47,47,One year two ripes grain fields; evergreen and deciduous orchards; economic tree plantations,455,mf_var,2011-2040SSP245,0.4,0,877324.898878433,782111.735587031,0.0768101596757888,0.99683278799057,source-zone dual suitability raster,H:/Jing/ecoChina2/dual suit/mf_var/2011-2040SSP245/dual_suitability_zone47.tif,,16,pop_zone47,#FF6D00,2011-2040,SSP245,Plain MF RF
querVar,querVar-Zone47,47,One year two ripes grain fields; evergreen and deciduous orchards; economic tree plantations,455,mf_var,2011-2040SSP585,0.4,0,872866.732353451,773124.480990141,0.075936067458678,0.996570110321045,source-zone dual suitability raster,H:/Jing/ecoChina2/dual suit/mf_var/2011-2040SSP585/dual_suitability_zone47.tif,,16,pop_zone47,#FF6D00,2011-2040,SSP585,Plain MF RF
querVar,querVar-Zone47,47,One year two ripes grain fields; evergreen and deciduous orchards; economic tree plantations,455,mf_var,2041-2070SSP245,0.4,0,721023.834955852,690590.506796082,0.0679076439084808,0.993556499481201,source-zone dual suitability raster,H:/Jing/ecoChina2/dual suit/mf_var/2041-2070SSP245/dual_suitability_zone47.tif,,16,pop_zone47,#FF6D00,2041-2070,SSP245,Plain MF RF
querVar,querVar-Zone47,47,One year two ripes grain fields; evergreen and deciduous orchards; economic tree plantations,455,mf_var,2041-2070SSP585,0.4,0,586237.031769869,646968.778111463,0.0636891949567939,0.988583147525787,source-zone dual suitability raster,H:/Jing/ecoChina2/dual suit/mf_var/2041-2070SSP585/dual_suitability_zone47.tif,,16,pop_zone47,#FF6D00,2041-2070,SSP585,Plain MF RF
querVar,querVar-Zone47,47,One year two ripes grain fields; evergreen and deciduous orchards; economic tree plantations,455,mf_var,2071-2100SSP245,0.4,0,556651.221025679,632239.267169932,0.0622655023920217,0.992366433143616,source-zone dual suitability raster,H:/Jing/ecoChina2/dual suit/mf_var/2071-2100SSP245/dual_suitability_zone47.tif,,16,pop_zone47,#FF6D00,2071-2100,SSP245,Plain MF RF
querVar,querVar-Zone47,47,One year two ripes grain fields; evergreen and deciduous orchards; economic tree plantations,455,mf_var,2071-2100SSP585,0.4,0,326184.090958187,546486.353137392,0.0540028683884398,0.985065042972565,source-zone dual suitability raster,H:/Jing/ecoChina2/dual suit/mf_var/2071-2100SSP585/dual_suitability_zone47.tif,,16,pop_zone47,#FF6D00,2071-2100,SSP585,Plain MF RF
querVar,querVar-Zone47,47,One year two ripes grain fields; evergreen and deciduous orchards; economic tree plantations,455,rf_var,2011-2040SSP245,0.4,0,885274.545688426,784663.537802511,0.0770762915543009,0.999732434749603,source-zone dual suitability raster,H:/Jing/ecoChina2/dual suit/rf_var/2011-2040SSP245/dual_suitability_zone47.tif,,16,pop_zone47,#FF6D00,2011-2040,SSP245,Plain RF
querVar,querVar-Zone47,47,One year two ripes grain fields; evergreen and deciduous orchards; economic tree plantations,455,rf_var,2011-2040SSP585,0.4,0,878628.103112872,774583.804634759,0.0760952911765994,0.99956476688385,source-zone dual suitability raster,H:/Jing/ecoChina2/dual suit/rf_var/2011-2040SSP585/dual_suitability_zone47.tif,,16,pop_zone47,#FF6D00,2011-2040,SSP585,Plain RF
querVar,querVar-Zone47,47,One year two ripes grain fields; evergreen and deciduous orchards; economic tree plantations,455,rf_var,2041-2070SSP245,0.4,0,702690.121925827,684442.772185196,0.0672842813385221,0.999873459339142,source-zone dual suitability raster,H:/Jing/ecoChina2/dual suit/rf_var/2041-2070SSP245/dual_suitability_zone47.tif,,16,pop_zone47,#FF6D00,2041-2070,SSP245,Plain RF
querVar,querVar-Zone47,47,One year two ripes grain fields; evergreen and deciduous orchards; economic tree plantations,455,rf_var,2041-2070SSP585,0.4,0,564255.595905523,641433.484576699,0.0631201337190977,0.99572366476059,source-zone dual suitability raster,H:/Jing/ecoChina2/dual suit/rf_var/2041-2070SSP585/dual_suitability_zone47.tif,,16,pop_zone47,#FF6D00,2041-2070,SSP585,Plain RF
querVar,querVar-Zone47,47,One year two ripes grain fields; evergreen and deciduous orchards; economic tree plantations,455,rf_var,2071-2100SSP245,0.4,0,532540.66997536,627631.647438639,0.0617919323084454,0.995212018489838,source-zone dual suitability raster,H:/Jing/ecoChina2/dual suit/rf_var/2071-2100SSP245/dual_suitability_zone47.tif,,16,pop_zone47,#FF6D00,2071-2100,SSP245,Plain RF
querVar,querVar-Zone47,47,One year two ripes grain fields; evergreen and deciduous orchards; economic tree plantations,455,rf_var,2071-2100SSP585,0.4,0,328203.431112323,543799.570987615,0.0537028396811089,0.991856276988983,source-zone dual suitability raster,H:/Jing/ecoChina2/dual suit/rf_var/2071-2100SSP585/dual_suitability_zone47.tif,,16,pop_zone47,#FF6D00,2071-2100,SSP585,Plain RF
querVar,querVar-Zone49,49,Broadleaf evergreen forests in subtropical zone,176,mf_var,2011-2040SSP245,0.4,0,892184.774801283,816016.281860835,0.0789973336701914,1,source-zone dual suitability raster,H:/Jing/ecoChina2/dual suit/mf_var/2011-2040SSP245/dual_suitability_zone49.tif,,17,pop_zone49,#006400,2011-2040,SSP245,Plain MF RF
querVar,querVar-Zone49,49,Broadleaf evergreen forests in subtropical zone,176,mf_var,2011-2040SSP585,0.4,0,889791.92676693,811565.026888057,0.0785858428012938,1,source-zone dual suitability raster,H:/Jing/ecoChina2/dual suit/mf_var/2011-2040SSP585/dual_suitability_zone49.tif,,17,pop_zone49,#006400,2011-2040,SSP585,Plain MF RF
querVar,querVar-Zone49,49,Broadleaf evergreen forests in subtropical zone,176,mf_var,2041-2070SSP245,0.4,0,783273.701665194,760841.383292312,0.0737903638168879,1,source-zone dual suitability raster,H:/Jing/ecoChina2/dual suit/mf_var/2041-2070SSP245/dual_suitability_zone49.tif,,17,pop_zone49,#006400,2041-2070,SSP245,Plain MF RF
querVar,querVar-Zone49,49,Broadleaf evergreen forests in subtropical zone,176,mf_var,2041-2070SSP585,0.4,0,700946.922044315,723815.765630386,0.070288509723121,1,source-zone dual suitability raster,H:/Jing/ecoChina2/dual suit/mf_var/2041-2070SSP585/dual_suitability_zone49.tif,,17,pop_zone49,#006400,2041-2070,SSP585,Plain MF RF
querVar,querVar-Zone49,49,Broadleaf evergreen forests in subtropical zone,176,mf_var,2071-2100SSP245,0.4,0,713356.973863415,729211.22615262,0.0708551068732413,1,source-zone dual suitability raster,H:/Jing/ecoChina2/dual suit/mf_var/2071-2100SSP245/dual_suitability_zone49.tif,,17,pop_zone49,#006400,2071-2100,SSP245,Plain MF RF
querVar,querVar-Zone49,49,Broadleaf evergreen forests in subtropical zone,176,mf_var,2071-2100SSP585,0.4,0,518352.978388061,635530.781334496,0.0619671399132788,1,source-zone dual suitability raster,H:/Jing/ecoChina2/dual suit/mf_var/2071-2100SSP585/dual_suitability_zone49.tif,,17,pop_zone49,#006400,2071-2100,SSP585,Plain MF RF
querVar,querVar-Zone49,49,Broadleaf evergreen forests in subtropical zone,176,rf_var,2011-2040SSP245,0.4,0,886826.706732069,814131.084774843,0.0788076411253535,1,source-zone dual suitability raster,H:/Jing/ecoChina2/dual suit/rf_var/2011-2040SSP245/dual_suitability_zone49.tif,,17,pop_zone49,#006400,2011-2040,SSP245,Plain RF
querVar,querVar-Zone49,49,Broadleaf evergreen forests in subtropical zone,176,rf_var,2011-2040SSP585,0.4,0,882513.150461309,809007.785107667,0.0783304464704122,1,source-zone dual suitability raster,H:/Jing/ecoChina2/dual suit/rf_var/2011-2040SSP585/dual_suitability_zone49.tif,,17,pop_zone49,#006400,2011-2040,SSP585,Plain RF
querVar,querVar-Zone49,49,Broadleaf evergreen forests in subtropical zone,176,rf_var,2041-2070SSP245,0.4,0,772063.643368437,757013.66465749,0.0734079319140412,1,source-zone dual suitability raster,H:/Jing/ecoChina2/dual suit/rf_var/2041-2070SSP245/dual_suitability_zone49.tif,,17,pop_zone49,#006400,2041-2070,SSP245,Plain RF
querVar,querVar-Zone49,49,Broadleaf evergreen forests in subtropical zone,176,rf_var,2041-2070SSP585,0.4,0,689298.330264427,720257.814330221,0.0699337289440049,1,source-zone dual suitability raster,H:/Jing/ecoChina2/dual suit/rf_var/2041-2070SSP585/dual_suitability_zone49.tif,,17,pop_zone49,#006400,2041-2070,SSP585,Plain RF
querVar,querVar-Zone49,49,Broadleaf evergreen forests in subtropical zone,176,rf_var,2071-2100SSP245,0.4,0,701884.990467525,725527.855247929,0.0704914753458847,1,source-zone dual suitability raster,H:/Jing/ecoChina2/dual suit/rf_var/2071-2100SSP245/dual_suitability_zone49.tif,,17,pop_zone49,#006400,2071-2100,SSP245,Plain RF
querVar,querVar-Zone49,49,Broadleaf evergreen forests in subtropical zone,176,rf_var,2071-2100SSP585,0.4,0,522296.351391875,635029.000194987,0.0619097878486586,1,source-zone dual suitability raster,H:/Jing/ecoChina2/dual suit/rf_var/2071-2100SSP585/dual_suitability_zone49.tif,,17,pop_zone49,#006400,2071-2100,SSP585,Plain RF
robiPse,robiPse-Zone3,3,Broadleaf deciduous forests in temperate zone,11620,mf_var,2011-2040SSP245,0.4,0,993635.22619721,859962.785620512,0.100694845089152,0.998881220817566,source-zone dual suitability raster,H:/Jing/ecoChina2/dual suit/mf_var/2011-2040SSP245/dual_suitability_zone3.tif,,1,pop_zone3,#33A02C,2011-2040,SSP245,Plain MF RF
robiPse,robiPse-Zone3,3,Broadleaf deciduous forests in temperate zone,11620,mf_var,2011-2040SSP585,0.4,0,985769.279341816,853139.63246846,0.0999161008774694,0.998743116855621,source-zone dual suitability raster,H:/Jing/ecoChina2/dual suit/mf_var/2011-2040SSP585/dual_suitability_zone3.tif,,1,pop_zone3,#33A02C,2011-2040,SSP585,Plain MF RF
robiPse,robiPse-Zone3,3,Broadleaf deciduous forests in temperate zone,11620,mf_var,2041-2070SSP245,0.4,0,874342.812220739,800280.224965375,0.0939041557194049,0.997041821479797,source-zone dual suitability raster,H:/Jing/ecoChina2/dual suit/mf_var/2041-2070SSP245/dual_suitability_zone3.tif,,1,pop_zone3,#33A02C,2041-2070,SSP245,Plain MF RF
robiPse,robiPse-Zone3,3,Broadleaf deciduous forests in temperate zone,11620,mf_var,2041-2070SSP585,0.4,0,785597.711089381,749696.498589789,0.0878385345561061,0.99680233001709,source-zone dual suitability raster,H:/Jing/ecoChina2/dual suit/mf_var/2041-2070SSP585/dual_suitability_zone3.tif,,1,pop_zone3,#33A02C,2041-2070,SSP585,Plain MF RF
robiPse,robiPse-Zone3,3,Broadleaf deciduous forests in temperate zone,11620,mf_var,2071-2100SSP245,0.4,0,811931.633286415,759682.638879593,0.0892004556411383,0.995563089847565,source-zone dual suitability raster,H:/Jing/ecoChina2/dual suit/mf_var/2071-2100SSP245/dual_suitability_zone3.tif,,1,pop_zone3,#33A02C,2071-2100,SSP245,Plain MF RF
robiPse,robiPse-Zone3,3,Broadleaf deciduous forests in temperate zone,11620,mf_var,2071-2100SSP585,0.4,0,576590.276605275,658801.562759587,0.0767344028219359,0.991776645183563,source-zone dual suitability raster,H:/Jing/ecoChina2/dual suit/mf_var/2071-2100SSP585/dual_suitability_zone3.tif,,1,pop_zone3,#33A02C,2071-2100,SSP585,Plain MF RF
robiPse,robiPse-Zone3,3,Broadleaf deciduous forests in temperate zone,11620,rf_var,2011-2040SSP245,0.4,0,991722.749347063,861560.655124556,0.100902788265769,0.999992907047272,source-zone dual suitability raster,H:/Jing/ecoChina2/dual suit/rf_var/2011-2040SSP245/dual_suitability_zone3.tif,,1,pop_zone3,#33A02C,2011-2040,SSP245,Plain RF
robiPse,robiPse-Zone3,3,Broadleaf deciduous forests in temperate zone,11620,rf_var,2011-2040SSP585,0.4,0,981961.397039727,854822.923468484,0.100129128272168,0.999916553497314,source-zone dual suitability raster,H:/Jing/ecoChina2/dual suit/rf_var/2011-2040SSP585/dual_suitability_zone3.tif,,1,pop_zone3,#33A02C,2011-2040,SSP585,Plain RF
robiPse,robiPse-Zone3,3,Broadleaf deciduous forests in temperate zone,11620,rf_var,2041-2070SSP245,0.4,0,874247.31122507,801793.902612769,0.094090862546497,0.99936580657959,source-zone dual suitability raster,H:/Jing/ecoChina2/dual suit/rf_var/2041-2070SSP245/dual_suitability_zone3.tif,,1,pop_zone3,#33A02C,2041-2070,SSP245,Plain RF
robiPse,robiPse-Zone3,3,Broadleaf deciduous forests in temperate zone,11620,rf_var,2041-2070SSP585,0.4,0,785609.683738769,750298.876439071,0.0879103325746048,0.997088074684143,source-zone dual suitability raster,H:/Jing/ecoChina2/dual suit/rf_var/2041-2070SSP585/dual_suitability_zone3.tif,,1,pop_zone3,#33A02C,2041-2070,SSP585,Plain RF
robiPse,robiPse-Zone3,3,Broadleaf deciduous forests in temperate zone,11620,rf_var,2071-2100SSP245,0.4,0,811948.561559728,759729.980661084,0.0891995072155314,0.996340930461884,source-zone dual suitability raster,H:/Jing/ecoChina2/dual suit/rf_var/2071-2100SSP245/dual_suitability_zone3.tif,,1,pop_zone3,#33A02C,2071-2100,SSP245,Plain RF
robiPse,robiPse-Zone3,3,Broadleaf deciduous forests in temperate zone,11620,rf_var,2071-2100SSP585,0.4,0,593181.705103553,665629.026332713,0.0775587035246543,0.995232582092285,source-zone dual suitability raster,H:/Jing/ecoChina2/dual suit/rf_var/2071-2100SSP585/dual_suitability_zone3.tif,,1,pop_zone3,#33A02C,2071-2100,SSP585,Plain RF
robiPse,robiPse-Zone7,7,Deciduous scrubs in temperate zone,51,mf_var,2011-2040SSP245,0.4,0,908222.556495777,934497.083030635,0.105980623092223,0.996783018112183,source-zone dual suitability raster,H:/Jing/ecoChina2/dual suit/mf_var/2011-2040SSP245/dual_suitability_zone7.tif,,2,pop_zone7,#C77DFF,2011-2040,SSP245,Plain MF RF
robiPse,robiPse-Zone7,7,Deciduous scrubs in temperate zone,51,mf_var,2011-2040SSP585,0.4,0,901063.119536924,934465.075687479,0.105964182738458,0.996502697467804,source-zone dual suitability raster,H:/Jing/ecoChina2/dual suit/mf_var/2011-2040SSP585/dual_suitability_zone7.tif,,2,pop_zone7,#C77DFF,2011-2040,SSP585,Plain MF RF
robiPse,robiPse-Zone7,7,Deciduous scrubs in temperate zone,51,mf_var,2041-2070SSP245,0.4,0,789049.333383077,911794.572980806,0.103733252544119,0.990764439105988,source-zone dual suitability raster,H:/Jing/ecoChina2/dual suit/mf_var/2041-2070SSP245/dual_suitability_zone7.tif,,2,pop_zone7,#C77DFF,2041-2070,SSP245,Plain MF RF
robiPse,robiPse-Zone7,7,Deciduous scrubs in temperate zone,51,mf_var,2041-2070SSP585,0.4,0,658658.232643191,859045.038130618,0.0979781783470154,0.984044671058655,source-zone dual suitability raster,H:/Jing/ecoChina2/dual suit/mf_var/2041-2070SSP585/dual_suitability_zone7.tif,,2,pop_zone7,#C77DFF,2041-2070,SSP585,Plain MF RF
robiPse,robiPse-Zone7,7,Deciduous scrubs in temperate zone,51,mf_var,2071-2100SSP245,0.4,0,650896.814262179,855620.282062806,0.0976323970408807,0.980042815208435,source-zone dual suitability raster,H:/Jing/ecoChina2/dual suit/mf_var/2071-2100SSP245/dual_suitability_zone7.tif,,2,pop_zone7,#C77DFF,2071-2100,SSP245,Plain MF RF
robiPse,robiPse-Zone7,7,Deciduous scrubs in temperate zone,51,mf_var,2071-2100SSP585,0.4,0,393028.573989724,747137.85956508,0.0856138736939156,0.95249342918396,source-zone dual suitability raster,H:/Jing/ecoChina2/dual suit/mf_var/2071-2100SSP585/dual_suitability_zone7.tif,,2,pop_zone7,#C77DFF,2071-2100,SSP585,Plain MF RF
robiPse,robiPse-Zone7,7,Deciduous scrubs in temperate zone,51,rf_var,2011-2040SSP245,0.4,0,915449.876126181,937998.821926289,0.106327823450021,0.997853755950928,source-zone dual suitability raster,H:/Jing/ecoChina2/dual suit/rf_var/2011-2040SSP245/dual_suitability_zone7.tif,,2,pop_zone7,#C77DFF,2011-2040,SSP245,Plain RF
robiPse,robiPse-Zone7,7,Deciduous scrubs in temperate zone,51,rf_var,2011-2040SSP585,0.4,0,908772.259378617,937973.053041428,0.106325024393075,0.998431622982025,source-zone dual suitability raster,H:/Jing/ecoChina2/dual suit/rf_var/2011-2040SSP585/dual_suitability_zone7.tif,,2,pop_zone7,#C77DFF,2011-2040,SSP585,Plain RF
robiPse,robiPse-Zone7,7,Deciduous scrubs in temperate zone,51,rf_var,2041-2070SSP245,0.4,0,802072.949460654,916046.868555697,0.104216838089282,0.992921352386475,source-zone dual suitability raster,H:/Jing/ecoChina2/dual suit/rf_var/2041-2070SSP245/dual_suitability_zone7.tif,,2,pop_zone7,#C77DFF,2041-2070,SSP245,Plain RF
robiPse,robiPse-Zone7,7,Deciduous scrubs in temperate zone,51,rf_var,2041-2070SSP585,0.4,0,680644.522942131,865859.510441791,0.0987751379516298,0.985073983669281,source-zone dual suitability raster,H:/Jing/ecoChina2/dual suit/rf_var/2041-2070SSP585/dual_suitability_zone7.tif,,2,pop_zone7,#C77DFF,2041-2070,SSP585,Plain RF
robiPse,robiPse-Zone7,7,Deciduous scrubs in temperate zone,51,rf_var,2071-2100SSP245,0.4,0,674969.461701602,861728.674019583,0.098343549799356,0.983543455600739,source-zone dual suitability raster,H:/Jing/ecoChina2/dual suit/rf_var/2071-2100SSP245/dual_suitability_zone7.tif,,2,pop_zone7,#C77DFF,2071-2100,SSP245,Plain RF
robiPse,robiPse-Zone7,7,Deciduous scrubs in temperate zone,51,rf_var,2071-2100SSP585,0.4,0,408782.274633449,757323.165010512,0.0868908826622547,0.956230461597443,source-zone dual suitability raster,H:/Jing/ecoChina2/dual suit/rf_var/2071-2100SSP585/dual_suitability_zone7.tif,,2,pop_zone7,#C77DFF,2071-2100,SSP585,Plain RF
robiPse,robiPse-Zone12,12,One year one ripe grain fields and cold-tolerant economic crop fields,13,mf_var,2011-2040SSP245,0.4,0,687529.386053926,576720.463644728,0.0696010514688635,0.989748597145081,source-zone dual suitability raster,H:/Jing/ecoChina2/dual suit/mf_var/2011-2040SSP245/dual_suitability_zone12.tif,,3,pop_zone12,#F8961E,2011-2040,SSP245,Plain MF RF
robiPse,robiPse-Zone12,12,One year one ripe grain fields and cold-tolerant economic crop fields,13,mf_var,2011-2040SSP585,0.4,0,684651.002275556,574065.234252003,0.0692936643059734,0.988612294197083,source-zone dual suitability raster,H:/Jing/ecoChina2/dual suit/mf_var/2011-2040SSP585/dual_suitability_zone12.tif,,3,pop_zone12,#F8961E,2011-2040,SSP585,Plain MF RF
robiPse,robiPse-Zone12,12,One year one ripe grain fields and cold-tolerant economic crop fields,13,mf_var,2041-2070SSP245,0.4,0,672857.112385937,554526.938809595,0.0672475592591682,0.955785870552063,source-zone dual suitability raster,H:/Jing/ecoChina2/dual suit/mf_var/2041-2070SSP245/dual_suitability_zone12.tif,,3,pop_zone12,#F8961E,2041-2070,SSP245,Plain MF RF
robiPse,robiPse-Zone12,12,One year one ripe grain fields and cold-tolerant economic crop fields,13,mf_var,2041-2070SSP585,0.4,0,659333.830924221,540024.033190229,0.0657122640119853,0.925334751605988,source-zone dual suitability raster,H:/Jing/ecoChina2/dual suit/mf_var/2041-2070SSP585/dual_suitability_zone12.tif,,3,pop_zone12,#F8961E,2041-2070,SSP585,Plain MF RF
robiPse,robiPse-Zone12,12,One year one ripe grain fields and cold-tolerant economic crop fields,13,mf_var,2071-2100SSP245,0.4,0,665389.60517749,535568.447180939,0.0652492177841681,0.946377277374268,source-zone dual suitability raster,H:/Jing/ecoChina2/dual suit/mf_var/2071-2100SSP245/dual_suitability_zone12.tif,,3,pop_zone12,#F8961E,2071-2100,SSP245,Plain MF RF
robiPse,robiPse-Zone12,12,One year one ripe grain fields and cold-tolerant economic crop fields,13,mf_var,2071-2100SSP585,0.4,0,603412.868564043,484207.002280034,0.059455235097451,0.876193463802338,source-zone dual suitability raster,H:/Jing/ecoChina2/dual suit/mf_var/2071-2100SSP585/dual_suitability_zone12.tif,,3,pop_zone12,#F8961E,2071-2100,SSP585,Plain MF RF
robiPse,robiPse-Zone12,12,One year one ripe grain fields and cold-tolerant economic crop fields,13,rf_var,2011-2040SSP245,0.4,0,681856.379951879,579043.923716203,0.069902941660957,0.992185473442078,source-zone dual suitability raster,H:/Jing/ecoChina2/dual suit/rf_var/2011-2040SSP245/dual_suitability_zone12.tif,,3,pop_zone12,#F8961E,2011-2040,SSP245,Plain RF
robiPse,robiPse-Zone12,12,One year one ripe grain fields and cold-tolerant economic crop fields,13,rf_var,2011-2040SSP585,0.4,0,677938.705035558,576229.626208941,0.0695766164888863,0.987574756145477,source-zone dual suitability raster,H:/Jing/ecoChina2/dual suit/rf_var/2011-2040SSP585/dual_suitability_zone12.tif,,3,pop_zone12,#F8961E,2011-2040,SSP585,Plain RF
robiPse,robiPse-Zone12,12,One year one ripe grain fields and cold-tolerant economic crop fields,13,rf_var,2041-2070SSP245,0.4,0,651671.405817342,553949.172555006,0.0671695815402889,0.960653603076935,source-zone dual suitability raster,H:/Jing/ecoChina2/dual suit/rf_var/2041-2070SSP245/dual_suitability_zone12.tif,,3,pop_zone12,#F8961E,2041-2070,SSP245,Plain RF
robiPse,robiPse-Zone12,12,One year one ripe grain fields and cold-tolerant economic crop fields,13,rf_var,2041-2070SSP585,0.4,0,638915.722741987,535518.658799448,0.0651478382388732,0.916265666484833,source-zone dual suitability raster,H:/Jing/ecoChina2/dual suit/rf_var/2041-2070SSP585/dual_suitability_zone12.tif,,3,pop_zone12,#F8961E,2041-2070,SSP585,Plain RF
robiPse,robiPse-Zone12,12,One year one ripe grain fields and cold-tolerant economic crop fields,13,rf_var,2071-2100SSP245,0.4,0,640682.675030394,530369.633461102,0.0646029007431166,0.953819572925568,source-zone dual suitability raster,H:/Jing/ecoChina2/dual suit/rf_var/2071-2100SSP245/dual_suitability_zone12.tif,,3,pop_zone12,#F8961E,2071-2100,SSP245,Plain RF
robiPse,robiPse-Zone12,12,One year one ripe grain fields and cold-tolerant economic crop fields,13,rf_var,2071-2100SSP585,0.4,0,583635.892606511,474186.079490388,0.0582120394052559,0.876714050769806,source-zone dual suitability raster,H:/Jing/ecoChina2/dual suit/rf_var/2071-2100SSP585/dual_suitability_zone12.tif,,3,pop_zone12,#F8961E,2071-2100,SSP585,Plain RF
robiPse,robiPse-Zone27,27,Two years three ripes or one year two ripes grain fields and deciduous orchards,493,mf_var,2011-2040SSP245,0.4,0,1055621.11520834,849566.307421329,0.0949542049653007,0.999532103538513,source-zone dual suitability raster,H:/Jing/ecoChina2/dual suit/mf_var/2011-2040SSP245/dual_suitability_zone27.tif,,4,pop_zone27,#FFB703,2011-2040,SSP245,Plain MF RF
robiPse,robiPse-Zone27,27,Two years three ripes or one year two ripes grain fields and deciduous orchards,493,mf_var,2011-2040SSP585,0.4,0,1062460.50192164,844647.181409632,0.0944910271326436,1,source-zone dual suitability raster,H:/Jing/ecoChina2/dual suit/mf_var/2011-2040SSP585/dual_suitability_zone27.tif,,4,pop_zone27,#FFB703,2011-2040,SSP585,Plain MF RF
robiPse,robiPse-Zone27,27,Two years three ripes or one year two ripes grain fields and deciduous orchards,493,mf_var,2041-2070SSP245,0.4,0,1125093.44572935,827644.930767343,0.0932855135278178,0.998785555362701,source-zone dual suitability raster,H:/Jing/ecoChina2/dual suit/mf_var/2041-2070SSP245/dual_suitability_zone27.tif,,4,pop_zone27,#FFB703,2041-2070,SSP245,Plain MF RF
robiPse,robiPse-Zone27,27,Two years three ripes or one year two ripes grain fields and deciduous orchards,493,mf_var,2041-2070SSP585,0.4,0,1169560.02500945,814338.487503643,0.0921213327958877,0.99798196554184,source-zone dual suitability raster,H:/Jing/ecoChina2/dual suit/mf_var/2041-2070SSP585/dual_suitability_zone27.tif,,4,pop_zone27,#FFB703,2041-2070,SSP585,Plain MF RF
robiPse,robiPse-Zone27,27,Two years three ripes or one year two ripes grain fields and deciduous orchards,493,mf_var,2071-2100SSP245,0.4,0,1166773.33264505,807178.893100071,0.0914648778799905,0.995307147502899,source-zone dual suitability raster,H:/Jing/ecoChina2/dual suit/mf_var/2071-2100SSP245/dual_suitability_zone27.tif,,4,pop_zone27,#FFB703,2071-2100,SSP245,Plain MF RF
robiPse,robiPse-Zone27,27,Two years three ripes or one year two ripes grain fields and deciduous orchards,493,mf_var,2071-2100SSP585,0.4,0,1205620.10856251,790477.293835466,0.0900961574290023,0.979617774486542,source-zone dual suitability raster,H:/Jing/ecoChina2/dual suit/mf_var/2071-2100SSP585/dual_suitability_zone27.tif,,4,pop_zone27,#FFB703,2071-2100,SSP585,Plain MF RF
robiPse,robiPse-Zone27,27,Two years three ripes or one year two ripes grain fields and deciduous orchards,493,rf_var,2011-2040SSP245,0.4,0,1078492.24427231,861893.621723228,0.0964378090954231,1,source-zone dual suitability raster,H:/Jing/ecoChina2/dual suit/rf_var/2011-2040SSP245/dual_suitability_zone27.tif,,4,pop_zone27,#FFB703,2011-2040,SSP245,Plain RF
robiPse,robiPse-Zone27,27,Two years three ripes or one year two ripes grain fields and deciduous orchards,493,rf_var,2011-2040SSP585,0.4,0,1083168.2662333,856468.872435205,0.0959278756074807,1,source-zone dual suitability raster,H:/Jing/ecoChina2/dual suit/rf_var/2011-2040SSP585/dual_suitability_zone27.tif,,4,pop_zone27,#FFB703,2011-2040,SSP585,Plain RF
robiPse,robiPse-Zone27,27,Two years three ripes or one year two ripes grain fields and deciduous orchards,493,rf_var,2041-2070SSP245,0.4,0,1132354.16265365,837909.275772787,0.0945593487541712,1,source-zone dual suitability raster,H:/Jing/ecoChina2/dual suit/rf_var/2041-2070SSP245/dual_suitability_zone27.tif,,4,pop_zone27,#FFB703,2041-2070,SSP245,Plain RF
robiPse,robiPse-Zone27,27,Two years three ripes or one year two ripes grain fields and deciduous orchards,493,rf_var,2041-2070SSP585,0.4,0,1160210.0076393,825095.260738358,0.0934496209726132,1,source-zone dual suitability raster,H:/Jing/ecoChina2/dual suit/rf_var/2041-2070SSP585/dual_suitability_zone27.tif,,4,pop_zone27,#FFB703,2041-2070,SSP585,Plain RF
robiPse,robiPse-Zone27,27,Two years three ripes or one year two ripes grain fields and deciduous orchards,493,rf_var,2071-2100SSP245,0.4,0,1152219.56519409,818300.973998085,0.0928292465782224,1,source-zone dual suitability raster,H:/Jing/ecoChina2/dual suit/rf_var/2071-2100SSP245/dual_suitability_zone27.tif,,4,pop_zone27,#FFB703,2071-2100,SSP245,Plain RF
robiPse,robiPse-Zone27,27,Two years three ripes or one year two ripes grain fields and deciduous orchards,493,rf_var,2071-2100SSP585,0.4,0,1203609.22415394,810699.903711498,0.0925465321517807,0.986293494701385,source-zone dual suitability raster,H:/Jing/ecoChina2/dual suit/rf_var/2071-2100SSP585/dual_suitability_zone27.tif,,4,pop_zone27,#FFB703,2071-2100,SSP585,Plain RF
robiPse,robiPse-Zone33,33,One year one ripe grain fields and cold-tolerant economic crop fields; deciduous orchards,200,mf_var,2011-2040SSP245,0.4,0,715840.42693672,638768.983531228,0.0704548169077547,1,source-zone dual suitability raster,H:/Jing/ecoChina2/dual suit/mf_var/2011-2040SSP245/dual_suitability_zone33.tif,,5,pop_zone33,#FDB833,2011-2040,SSP245,Plain MF RF
robiPse,robiPse-Zone33,33,One year one ripe grain fields and cold-tolerant economic crop fields; deciduous orchards,200,mf_var,2011-2040SSP585,0.4,0,710232.527766904,633711.598144721,0.0699294929497193,1,source-zone dual suitability raster,H:/Jing/ecoChina2/dual suit/mf_var/2011-2040SSP585/dual_suitability_zone33.tif,,5,pop_zone33,#FDB833,2011-2040,SSP585,Plain MF RF
robiPse,robiPse-Zone33,33,One year one ripe grain fields and cold-tolerant economic crop fields; deciduous orchards,200,mf_var,2041-2070SSP245,0.4,0,685967.037819354,621031.420077729,0.06889083974828,1,source-zone dual suitability raster,H:/Jing/ecoChina2/dual suit/mf_var/2041-2070SSP245/dual_suitability_zone33.tif,,5,pop_zone33,#FDB833,2041-2070,SSP245,Plain MF RF
robiPse,robiPse-Zone33,33,One year one ripe grain fields and cold-tolerant economic crop fields; deciduous orchards,200,mf_var,2041-2070SSP585,0.4,0,642690.747822614,596354.348460202,0.0663496418593281,0.999972701072693,source-zone dual suitability raster,H:/Jing/ecoChina2/dual suit/mf_var/2041-2070SSP585/dual_suitability_zone33.tif,,5,pop_zone33,#FDB833,2041-2070,SSP585,Plain MF RF
robiPse,robiPse-Zone33,33,One year one ripe grain fields and cold-tolerant economic crop fields; deciduous orchards,200,mf_var,2071-2100SSP245,0.4,0,625832.484383323,590299.765769194,0.0657280200300377,0.999701619148254,source-zone dual suitability raster,H:/Jing/ecoChina2/dual suit/mf_var/2071-2100SSP245/dual_suitability_zone33.tif,,5,pop_zone33,#FDB833,2071-2100,SSP245,Plain MF RF
robiPse,robiPse-Zone33,33,One year one ripe grain fields and cold-tolerant economic crop fields; deciduous orchards,200,mf_var,2071-2100SSP585,0.4,0,393058.394906523,490884.013393863,0.055220558000851,0.991012513637543,source-zone dual suitability raster,H:/Jing/ecoChina2/dual suit/mf_var/2071-2100SSP585/dual_suitability_zone33.tif,,5,pop_zone33,#FDB833,2071-2100,SSP585,Plain MF RF
robiPse,robiPse-Zone33,33,One year one ripe grain fields and cold-tolerant economic crop fields; deciduous orchards,200,rf_var,2011-2040SSP245,0.4,0,721420.977977885,637618.373461512,0.0703202519811709,1,source-zone dual suitability raster,H:/Jing/ecoChina2/dual suit/rf_var/2011-2040SSP245/dual_suitability_zone33.tif,,5,pop_zone33,#FDB833,2011-2040,SSP245,Plain RF
robiPse,robiPse-Zone33,33,One year one ripe grain fields and cold-tolerant economic crop fields; deciduous orchards,200,rf_var,2011-2040SSP585,0.4,0,714888.018024274,632147.081426022,0.0697483337298126,1,source-zone dual suitability raster,H:/Jing/ecoChina2/dual suit/rf_var/2011-2040SSP585/dual_suitability_zone33.tif,,5,pop_zone33,#FDB833,2011-2040,SSP585,Plain RF
robiPse,robiPse-Zone33,33,One year one ripe grain fields and cold-tolerant economic crop fields; deciduous orchards,200,rf_var,2041-2070SSP245,0.4,0,685633.793600562,617568.75388111,0.0684988140801963,1,source-zone dual suitability raster,H:/Jing/ecoChina2/dual suit/rf_var/2041-2070SSP245/dual_suitability_zone33.tif,,5,pop_zone33,#FDB833,2041-2070,SSP245,Plain RF
robiPse,robiPse-Zone33,33,One year one ripe grain fields and cold-tolerant economic crop fields; deciduous orchards,200,rf_var,2041-2070SSP585,0.4,0,644819.3692817,593058.832832581,0.0659711172369407,1,source-zone dual suitability raster,H:/Jing/ecoChina2/dual suit/rf_var/2041-2070SSP585/dual_suitability_zone33.tif,,5,pop_zone33,#FDB833,2041-2070,SSP585,Plain RF
robiPse,robiPse-Zone33,33,One year one ripe grain fields and cold-tolerant economic crop fields; deciduous orchards,200,rf_var,2071-2100SSP245,0.4,0,628747.214367652,587440.771353477,0.0653999126894542,1,source-zone dual suitability raster,H:/Jing/ecoChina2/dual suit/rf_var/2071-2100SSP245/dual_suitability_zone33.tif,,5,pop_zone33,#FDB833,2071-2100,SSP245,Plain RF
robiPse,robiPse-Zone33,33,One year one ripe grain fields and cold-tolerant economic crop fields; deciduous orchards,200,rf_var,2071-2100SSP585,0.4,0,394755.254644547,491556.369917293,0.0552702936467295,0.995436608791351,source-zone dual suitability raster,H:/Jing/ecoChina2/dual suit/rf_var/2071-2100SSP585/dual_suitability_zone33.tif,,5,pop_zone33,#FDB833,2071-2100,SSP585,Plain RF
robiPse,robiPse-Zone37,37,Needleleaf forests in temperate zone,432,mf_var,2011-2040SSP245,0.4,0,330382.591223456,327864.706464878,0.0356981637182294,0.999703407287598,source-zone dual suitability raster,H:/Jing/ecoChina2/dual suit/mf_var/2011-2040SSP245/dual_suitability_zone37.tif,,6,pop_zone37,#0B3D2E,2011-2040,SSP245,Plain MF RF
robiPse,robiPse-Zone37,37,Needleleaf forests in temperate zone,432,mf_var,2011-2040SSP585,0.4,0,324558.1426871,327139.112025082,0.0356515525702187,0.998925089836121,source-zone dual suitability raster,H:/Jing/ecoChina2/dual suit/mf_var/2011-2040SSP585/dual_suitability_zone37.tif,,6,pop_zone37,#0B3D2E,2011-2040,SSP585,Plain MF RF
robiPse,robiPse-Zone37,37,Needleleaf forests in temperate zone,432,mf_var,2041-2070SSP245,0.4,0,288295.176654647,308443.962094175,0.0338916124365324,0.983945846557617,source-zone dual suitability raster,H:/Jing/ecoChina2/dual suit/mf_var/2041-2070SSP245/dual_suitability_zone37.tif,,6,pop_zone37,#0B3D2E,2041-2070,SSP245,Plain MF RF
robiPse,robiPse-Zone37,37,Needleleaf forests in temperate zone,432,mf_var,2041-2070SSP585,0.4,0,243880.72940946,289995.131740744,0.0319829848720951,0.969336807727814,source-zone dual suitability raster,H:/Jing/ecoChina2/dual suit/mf_var/2041-2070SSP585/dual_suitability_zone37.tif,,6,pop_zone37,#0B3D2E,2041-2070,SSP585,Plain MF RF
robiPse,robiPse-Zone37,37,Needleleaf forests in temperate zone,432,mf_var,2071-2100SSP245,0.4,0,240010.781245494,284687.134765801,0.0314501463985089,0.965708315372467,source-zone dual suitability raster,H:/Jing/ecoChina2/dual suit/mf_var/2071-2100SSP245/dual_suitability_zone37.tif,,6,pop_zone37,#0B3D2E,2071-2100,SSP245,Plain MF RF
robiPse,robiPse-Zone37,37,Needleleaf forests in temperate zone,432,mf_var,2071-2100SSP585,0.4,0,165757.714721593,250562.370648062,0.0279068004823798,0.940297245979309,source-zone dual suitability raster,H:/Jing/ecoChina2/dual suit/mf_var/2071-2100SSP585/dual_suitability_zone37.tif,,6,pop_zone37,#0B3D2E,2071-2100,SSP585,Plain MF RF
robiPse,robiPse-Zone37,37,Needleleaf forests in temperate zone,432,rf_var,2011-2040SSP245,0.4,0,330341.92278138,327116.599491023,0.035606592839344,0.998683333396912,source-zone dual suitability raster,H:/Jing/ecoChina2/dual suit/rf_var/2011-2040SSP245/dual_suitability_zone37.tif,,6,pop_zone37,#0B3D2E,2011-2040,SSP245,Plain RF
robiPse,robiPse-Zone37,37,Needleleaf forests in temperate zone,432,rf_var,2011-2040SSP585,0.4,0,325405.700783533,325762.083051257,0.0354934766392594,0.999990344047546,source-zone dual suitability raster,H:/Jing/ecoChina2/dual suit/rf_var/2011-2040SSP585/dual_suitability_zone37.tif,,6,pop_zone37,#0B3D2E,2011-2040,SSP585,Plain RF
robiPse,robiPse-Zone37,37,Needleleaf forests in temperate zone,432,rf_var,2041-2070SSP245,0.4,0,282877.675318952,305555.371798169,0.0335601454942441,0.98725563287735,source-zone dual suitability raster,H:/Jing/ecoChina2/dual suit/rf_var/2041-2070SSP245/dual_suitability_zone37.tif,,6,pop_zone37,#0B3D2E,2041-2070,SSP245,Plain RF
robiPse,robiPse-Zone37,37,Needleleaf forests in temperate zone,432,rf_var,2041-2070SSP585,0.4,0,240754.202151446,286396.571872138,0.0315757564016537,0.980852484703064,source-zone dual suitability raster,H:/Jing/ecoChina2/dual suit/rf_var/2041-2070SSP585/dual_suitability_zone37.tif,,6,pop_zone37,#0B3D2E,2041-2070,SSP585,Plain RF
robiPse,robiPse-Zone37,37,Needleleaf forests in temperate zone,432,rf_var,2071-2100SSP245,0.4,0,237958.329351555,280840.405245399,0.0310171792684544,0.967849016189575,source-zone dual suitability raster,H:/Jing/ecoChina2/dual suit/rf_var/2071-2100SSP245/dual_suitability_zone37.tif,,6,pop_zone37,#0B3D2E,2071-2100,SSP245,Plain RF
robiPse,robiPse-Zone37,37,Needleleaf forests in temperate zone,432,rf_var,2071-2100SSP585,0.4,0,162849.529143893,246833.346728672,0.0274932164431848,0.931983828544617,source-zone dual suitability raster,H:/Jing/ecoChina2/dual suit/rf_var/2071-2100SSP585/dual_suitability_zone37.tif,,6,pop_zone37,#0B3D2E,2071-2100,SSP585,Plain RF
robiPse,robiPse-Zone41,41,Temperate grasslands,66,mf_var,2011-2040SSP245,0.4,0,419839.008013211,397525.968163787,0.0431693072475445,0.999222636222839,source-zone dual suitability raster,H:/Jing/ecoChina2/dual suit/mf_var/2011-2040SSP245/dual_suitability_zone41.tif,,7,pop_zone41,#70E000,2011-2040,SSP245,Plain MF RF
robiPse,robiPse-Zone41,41,Temperate grasslands,66,mf_var,2011-2040SSP585,0.4,0,422404.448379791,402234.211087674,0.0437060684927347,0.999553263187408,source-zone dual suitability raster,H:/Jing/ecoChina2/dual suit/mf_var/2011-2040SSP585/dual_suitability_zone41.tif,,7,pop_zone41,#70E000,2011-2040,SSP585,Plain MF RF
robiPse,robiPse-Zone41,41,Temperate grasslands,66,mf_var,2041-2070SSP245,0.4,0,380758.666391004,378707.630935856,0.0412552185398028,0.984890460968018,source-zone dual suitability raster,H:/Jing/ecoChina2/dual suit/mf_var/2041-2070SSP245/dual_suitability_zone41.tif,,7,pop_zone41,#70E000,2041-2070,SSP245,Plain MF RF
robiPse,robiPse-Zone41,41,Temperate grasslands,66,mf_var,2041-2070SSP585,0.4,0,322884.137334049,350700.432063609,0.0382371916616046,0.984031319618225,source-zone dual suitability raster,H:/Jing/ecoChina2/dual suit/mf_var/2041-2070SSP585/dual_suitability_zone41.tif,,7,pop_zone41,#70E000,2041-2070,SSP585,Plain MF RF
robiPse,robiPse-Zone41,41,Temperate grasslands,66,mf_var,2071-2100SSP245,0.4,0,313636.197114735,345686.617423275,0.0377051901179725,0.971917688846588,source-zone dual suitability raster,H:/Jing/ecoChina2/dual suit/mf_var/2071-2100SSP245/dual_suitability_zone41.tif,,7,pop_zone41,#70E000,2071-2100,SSP245,Plain MF RF
robiPse,robiPse-Zone41,41,Temperate grasslands,66,mf_var,2071-2100SSP585,0.4,0,170028.185091389,276523.729241021,0.0302287155984245,0.932136535644531,source-zone dual suitability raster,H:/Jing/ecoChina2/dual suit/mf_var/2071-2100SSP585/dual_suitability_zone41.tif,,7,pop_zone41,#70E000,2071-2100,SSP585,Plain MF RF
robiPse,robiPse-Zone41,41,Temperate grasslands,66,rf_var,2011-2040SSP245,0.4,0,422963.287358146,399210.342766765,0.0433626793986087,0.999744415283203,source-zone dual suitability raster,H:/Jing/ecoChina2/dual suit/rf_var/2011-2040SSP245/dual_suitability_zone41.tif,,7,pop_zone41,#70E000,2011-2040,SSP245,Plain RF
robiPse,robiPse-Zone41,41,Temperate grasslands,66,rf_var,2011-2040SSP585,0.4,0,424988.920763091,403765.877190471,0.0438825927069826,0.99994570016861,source-zone dual suitability raster,H:/Jing/ecoChina2/dual suit/rf_var/2011-2040SSP585/dual_suitability_zone41.tif,,7,pop_zone41,#70E000,2011-2040,SSP585,Plain RF
robiPse,robiPse-Zone41,41,Temperate grasslands,66,rf_var,2041-2070SSP245,0.4,0,375898.989815458,376979.399962061,0.041076688676879,0.992513298988342,source-zone dual suitability raster,H:/Jing/ecoChina2/dual suit/rf_var/2041-2070SSP245/dual_suitability_zone41.tif,,7,pop_zone41,#70E000,2041-2070,SSP245,Plain RF
robiPse,robiPse-Zone41,41,Temperate grasslands,66,rf_var,2041-2070SSP585,0.4,0,318224.056729398,347434.44963615,0.037887900644229,0.983646392822266,source-zone dual suitability raster,H:/Jing/ecoChina2/dual suit/rf_var/2041-2070SSP585/dual_suitability_zone41.tif,,7,pop_zone41,#70E000,2041-2070,SSP585,Plain RF
robiPse,robiPse-Zone41,41,Temperate grasslands,66,rf_var,2071-2100SSP245,0.4,0,310460.054694279,342803.333611004,0.0373995477227237,0.976503789424896,source-zone dual suitability raster,H:/Jing/ecoChina2/dual suit/rf_var/2071-2100SSP245/dual_suitability_zone41.tif,,7,pop_zone41,#70E000,2071-2100,SSP245,Plain RF
robiPse,robiPse-Zone41,41,Temperate grasslands,66,rf_var,2071-2100SSP585,0.4,0,167685.30130678,272300.068279535,0.0297539618608143,0.937204122543335,source-zone dual suitability raster,H:/Jing/ecoChina2/dual suit/rf_var/2071-2100SSP585/dual_suitability_zone41.tif,,7,pop_zone41,#70E000,2071-2100,SSP585,Plain RF
saliMat,saliMat-Zone3,3,Broadleaf deciduous forests in temperate zone,3066,mf_var,2011-2040SSP245,0.4,0,993635.22619721,859962.785620512,0.100694845089152,0.998881220817566,source-zone dual suitability raster,H:/Jing/ecoChina2/dual suit/mf_var/2011-2040SSP245/dual_suitability_zone3.tif,,1,pop_zone3,#33A02C,2011-2040,SSP245,Plain MF RF
saliMat,saliMat-Zone3,3,Broadleaf deciduous forests in temperate zone,3066,mf_var,2011-2040SSP585,0.4,0,985769.279341816,853139.63246846,0.0999161008774694,0.998743116855621,source-zone dual suitability raster,H:/Jing/ecoChina2/dual suit/mf_var/2011-2040SSP585/dual_suitability_zone3.tif,,1,pop_zone3,#33A02C,2011-2040,SSP585,Plain MF RF
saliMat,saliMat-Zone3,3,Broadleaf deciduous forests in temperate zone,3066,mf_var,2041-2070SSP245,0.4,0,874342.812220739,800280.224965375,0.0939041557194049,0.997041821479797,source-zone dual suitability raster,H:/Jing/ecoChina2/dual suit/mf_var/2041-2070SSP245/dual_suitability_zone3.tif,,1,pop_zone3,#33A02C,2041-2070,SSP245,Plain MF RF
saliMat,saliMat-Zone3,3,Broadleaf deciduous forests in temperate zone,3066,mf_var,2041-2070SSP585,0.4,0,785597.711089381,749696.498589789,0.0878385345561061,0.99680233001709,source-zone dual suitability raster,H:/Jing/ecoChina2/dual suit/mf_var/2041-2070SSP585/dual_suitability_zone3.tif,,1,pop_zone3,#33A02C,2041-2070,SSP585,Plain MF RF
saliMat,saliMat-Zone3,3,Broadleaf deciduous forests in temperate zone,3066,mf_var,2071-2100SSP245,0.4,0,811931.633286415,759682.638879593,0.0892004556411383,0.995563089847565,source-zone dual suitability raster,H:/Jing/ecoChina2/dual suit/mf_var/2071-2100SSP245/dual_suitability_zone3.tif,,1,pop_zone3,#33A02C,2071-2100,SSP245,Plain MF RF
saliMat,saliMat-Zone3,3,Broadleaf deciduous forests in temperate zone,3066,mf_var,2071-2100SSP585,0.4,0,576590.276605275,658801.562759587,0.0767344028219359,0.991776645183563,source-zone dual suitability raster,H:/Jing/ecoChina2/dual suit/mf_var/2071-2100SSP585/dual_suitability_zone3.tif,,1,pop_zone3,#33A02C,2071-2100,SSP585,Plain MF RF
saliMat,saliMat-Zone3,3,Broadleaf deciduous forests in temperate zone,3066,rf_var,2011-2040SSP245,0.4,0,991722.749347063,861560.655124556,0.100902788265769,0.999992907047272,source-zone dual suitability raster,H:/Jing/ecoChina2/dual suit/rf_var/2011-2040SSP245/dual_suitability_zone3.tif,,1,pop_zone3,#33A02C,2011-2040,SSP245,Plain RF
saliMat,saliMat-Zone3,3,Broadleaf deciduous forests in temperate zone,3066,rf_var,2011-2040SSP585,0.4,0,981961.397039727,854822.923468484,0.100129128272168,0.999916553497314,source-zone dual suitability raster,H:/Jing/ecoChina2/dual suit/rf_var/2011-2040SSP585/dual_suitability_zone3.tif,,1,pop_zone3,#33A02C,2011-2040,SSP585,Plain RF
saliMat,saliMat-Zone3,3,Broadleaf deciduous forests in temperate zone,3066,rf_var,2041-2070SSP245,0.4,0,874247.31122507,801793.902612769,0.094090862546497,0.99936580657959,source-zone dual suitability raster,H:/Jing/ecoChina2/dual suit/rf_var/2041-2070SSP245/dual_suitability_zone3.tif,,1,pop_zone3,#33A02C,2041-2070,SSP245,Plain RF
saliMat,saliMat-Zone3,3,Broadleaf deciduous forests in temperate zone,3066,rf_var,2041-2070SSP585,0.4,0,785609.683738769,750298.876439071,0.0879103325746048,0.997088074684143,source-zone dual suitability raster,H:/Jing/ecoChina2/dual suit/rf_var/2041-2070SSP585/dual_suitability_zone3.tif,,1,pop_zone3,#33A02C,2041-2070,SSP585,Plain RF
saliMat,saliMat-Zone3,3,Broadleaf deciduous forests in temperate zone,3066,rf_var,2071-2100SSP245,0.4,0,811948.561559728,759729.980661084,0.0891995072155314,0.996340930461884,source-zone dual suitability raster,H:/Jing/ecoChina2/dual suit/rf_var/2071-2100SSP245/dual_suitability_zone3.tif,,1,pop_zone3,#33A02C,2071-2100,SSP245,Plain RF
saliMat,saliMat-Zone3,3,Broadleaf deciduous forests in temperate zone,3066,rf_var,2071-2100SSP585,0.4,0,593181.705103553,665629.026332713,0.0775587035246543,0.995232582092285,source-zone dual suitability raster,H:/Jing/ecoChina2/dual suit/rf_var/2071-2100SSP585/dual_suitability_zone3.tif,,1,pop_zone3,#33A02C,2071-2100,SSP585,Plain RF
saliMat,saliMat-Zone27,27,Two years three ripes or one year two ripes grain fields and deciduous orchards,203,mf_var,2011-2040SSP245,0.4,0,1055621.11520834,849566.307421329,0.0949542049653007,0.999532103538513,source-zone dual suitability raster,H:/Jing/ecoChina2/dual suit/mf_var/2011-2040SSP245/dual_suitability_zone27.tif,,2,pop_zone27,#FFB703,2011-2040,SSP245,Plain MF RF
saliMat,saliMat-Zone27,27,Two years three ripes or one year two ripes grain fields and deciduous orchards,203,mf_var,2011-2040SSP585,0.4,0,1062460.50192164,844647.181409632,0.0944910271326436,1,source-zone dual suitability raster,H:/Jing/ecoChina2/dual suit/mf_var/2011-2040SSP585/dual_suitability_zone27.tif,,2,pop_zone27,#FFB703,2011-2040,SSP585,Plain MF RF
saliMat,saliMat-Zone27,27,Two years three ripes or one year two ripes grain fields and deciduous orchards,203,mf_var,2041-2070SSP245,0.4,0,1125093.44572935,827644.930767343,0.0932855135278178,0.998785555362701,source-zone dual suitability raster,H:/Jing/ecoChina2/dual suit/mf_var/2041-2070SSP245/dual_suitability_zone27.tif,,2,pop_zone27,#FFB703,2041-2070,SSP245,Plain MF RF
saliMat,saliMat-Zone27,27,Two years three ripes or one year two ripes grain fields and deciduous orchards,203,mf_var,2041-2070SSP585,0.4,0,1169560.02500945,814338.487503643,0.0921213327958877,0.99798196554184,source-zone dual suitability raster,H:/Jing/ecoChina2/dual suit/mf_var/2041-2070SSP585/dual_suitability_zone27.tif,,2,pop_zone27,#FFB703,2041-2070,SSP585,Plain MF RF
saliMat,saliMat-Zone27,27,Two years three ripes or one year two ripes grain fields and deciduous orchards,203,mf_var,2071-2100SSP245,0.4,0,1166773.33264505,807178.893100071,0.0914648778799905,0.995307147502899,source-zone dual suitability raster,H:/Jing/ecoChina2/dual suit/mf_var/2071-2100SSP245/dual_suitability_zone27.tif,,2,pop_zone27,#FFB703,2071-2100,SSP245,Plain MF RF
saliMat,saliMat-Zone27,27,Two years three ripes or one year two ripes grain fields and deciduous orchards,203,mf_var,2071-2100SSP585,0.4,0,1205620.10856251,790477.293835466,0.0900961574290023,0.979617774486542,source-zone dual suitability raster,H:/Jing/ecoChina2/dual suit/mf_var/2071-2100SSP585/dual_suitability_zone27.tif,,2,pop_zone27,#FFB703,2071-2100,SSP585,Plain MF RF
saliMat,saliMat-Zone27,27,Two years three ripes or one year two ripes grain fields and deciduous orchards,203,rf_var,2011-2040SSP245,0.4,0,1078492.24427231,861893.621723228,0.0964378090954231,1,source-zone dual suitability raster,H:/Jing/ecoChina2/dual suit/rf_var/2011-2040SSP245/dual_suitability_zone27.tif,,2,pop_zone27,#FFB703,2011-2040,SSP245,Plain RF
saliMat,saliMat-Zone27,27,Two years three ripes or one year two ripes grain fields and deciduous orchards,203,rf_var,2011-2040SSP585,0.4,0,1083168.2662333,856468.872435205,0.0959278756074807,1,source-zone dual suitability raster,H:/Jing/ecoChina2/dual suit/rf_var/2011-2040SSP585/dual_suitability_zone27.tif,,2,pop_zone27,#FFB703,2011-2040,SSP585,Plain RF
saliMat,saliMat-Zone27,27,Two years three ripes or one year two ripes grain fields and deciduous orchards,203,rf_var,2041-2070SSP245,0.4,0,1132354.16265365,837909.275772787,0.0945593487541712,1,source-zone dual suitability raster,H:/Jing/ecoChina2/dual suit/rf_var/2041-2070SSP245/dual_suitability_zone27.tif,,2,pop_zone27,#FFB703,2041-2070,SSP245,Plain RF
saliMat,saliMat-Zone27,27,Two years three ripes or one year two ripes grain fields and deciduous orchards,203,rf_var,2041-2070SSP585,0.4,0,1160210.0076393,825095.260738358,0.0934496209726132,1,source-zone dual suitability raster,H:/Jing/ecoChina2/dual suit/rf_var/2041-2070SSP585/dual_suitability_zone27.tif,,2,pop_zone27,#FFB703,2041-2070,SSP585,Plain RF
saliMat,saliMat-Zone27,27,Two years three ripes or one year two ripes grain fields and deciduous orchards,203,rf_var,2071-2100SSP245,0.4,0,1152219.56519409,818300.973998085,0.0928292465782224,1,source-zone dual suitability raster,H:/Jing/ecoChina2/dual suit/rf_var/2071-2100SSP245/dual_suitability_zone27.tif,,2,pop_zone27,#FFB703,2071-2100,SSP245,Plain RF
saliMat,saliMat-Zone27,27,Two years three ripes or one year two ripes grain fields and deciduous orchards,203,rf_var,2071-2100SSP585,0.4,0,1203609.22415394,810699.903711498,0.0925465321517807,0.986293494701385,source-zone dual suitability raster,H:/Jing/ecoChina2/dual suit/rf_var/2071-2100SSP585/dual_suitability_zone27.tif,,2,pop_zone27,#FFB703,2071-2100,SSP585,Plain RF
saliMat,saliMat-Zone37,37,Needleleaf forests in temperate zone,159,mf_var,2011-2040SSP245,0.4,0,330382.591223456,327864.706464878,0.0356981637182294,0.999703407287598,source-zone dual suitability raster,H:/Jing/ecoChina2/dual suit/mf_var/2011-2040SSP245/dual_suitability_zone37.tif,,3,pop_zone37,#0B3D2E,2011-2040,SSP245,Plain MF RF
saliMat,saliMat-Zone37,37,Needleleaf forests in temperate zone,159,mf_var,2011-2040SSP585,0.4,0,324558.1426871,327139.112025082,0.0356515525702187,0.998925089836121,source-zone dual suitability raster,H:/Jing/ecoChina2/dual suit/mf_var/2011-2040SSP585/dual_suitability_zone37.tif,,3,pop_zone37,#0B3D2E,2011-2040,SSP585,Plain MF RF
saliMat,saliMat-Zone37,37,Needleleaf forests in temperate zone,159,mf_var,2041-2070SSP245,0.4,0,288295.176654647,308443.962094175,0.0338916124365324,0.983945846557617,source-zone dual suitability raster,H:/Jing/ecoChina2/dual suit/mf_var/2041-2070SSP245/dual_suitability_zone37.tif,,3,pop_zone37,#0B3D2E,2041-2070,SSP245,Plain MF RF
saliMat,saliMat-Zone37,37,Needleleaf forests in temperate zone,159,mf_var,2041-2070SSP585,0.4,0,243880.72940946,289995.131740744,0.0319829848720951,0.969336807727814,source-zone dual suitability raster,H:/Jing/ecoChina2/dual suit/mf_var/2041-2070SSP585/dual_suitability_zone37.tif,,3,pop_zone37,#0B3D2E,2041-2070,SSP585,Plain MF RF
saliMat,saliMat-Zone37,37,Needleleaf forests in temperate zone,159,mf_var,2071-2100SSP245,0.4,0,240010.781245494,284687.134765801,0.0314501463985089,0.965708315372467,source-zone dual suitability raster,H:/Jing/ecoChina2/dual suit/mf_var/2071-2100SSP245/dual_suitability_zone37.tif,,3,pop_zone37,#0B3D2E,2071-2100,SSP245,Plain MF RF
saliMat,saliMat-Zone37,37,Needleleaf forests in temperate zone,159,mf_var,2071-2100SSP585,0.4,0,165757.714721593,250562.370648062,0.0279068004823798,0.940297245979309,source-zone dual suitability raster,H:/Jing/ecoChina2/dual suit/mf_var/2071-2100SSP585/dual_suitability_zone37.tif,,3,pop_zone37,#0B3D2E,2071-2100,SSP585,Plain MF RF
saliMat,saliMat-Zone37,37,Needleleaf forests in temperate zone,159,rf_var,2011-2040SSP245,0.4,0,330341.92278138,327116.599491023,0.035606592839344,0.998683333396912,source-zone dual suitability raster,H:/Jing/ecoChina2/dual suit/rf_var/2011-2040SSP245/dual_suitability_zone37.tif,,3,pop_zone37,#0B3D2E,2011-2040,SSP245,Plain RF
saliMat,saliMat-Zone37,37,Needleleaf forests in temperate zone,159,rf_var,2011-2040SSP585,0.4,0,325405.700783533,325762.083051257,0.0354934766392594,0.999990344047546,source-zone dual suitability raster,H:/Jing/ecoChina2/dual suit/rf_var/2011-2040SSP585/dual_suitability_zone37.tif,,3,pop_zone37,#0B3D2E,2011-2040,SSP585,Plain RF
saliMat,saliMat-Zone37,37,Needleleaf forests in temperate zone,159,rf_var,2041-2070SSP245,0.4,0,282877.675318952,305555.371798169,0.0335601454942441,0.98725563287735,source-zone dual suitability raster,H:/Jing/ecoChina2/dual suit/rf_var/2041-2070SSP245/dual_suitability_zone37.tif,,3,pop_zone37,#0B3D2E,2041-2070,SSP245,Plain RF
saliMat,saliMat-Zone37,37,Needleleaf forests in temperate zone,159,rf_var,2041-2070SSP585,0.4,0,240754.202151446,286396.571872138,0.0315757564016537,0.980852484703064,source-zone dual suitability raster,H:/Jing/ecoChina2/dual suit/rf_var/2041-2070SSP585/dual_suitability_zone37.tif,,3,pop_zone37,#0B3D2E,2041-2070,SSP585,Plain RF
saliMat,saliMat-Zone37,37,Needleleaf forests in temperate zone,159,rf_var,2071-2100SSP245,0.4,0,237958.329351555,280840.405245399,0.0310171792684544,0.967849016189575,source-zone dual suitability raster,H:/Jing/ecoChina2/dual suit/rf_var/2071-2100SSP245/dual_suitability_zone37.tif,,3,pop_zone37,#0B3D2E,2071-2100,SSP245,Plain RF
saliMat,saliMat-Zone37,37,Needleleaf forests in temperate zone,159,rf_var,2071-2100SSP585,0.4,0,162849.529143893,246833.346728672,0.0274932164431848,0.931983828544617,source-zone dual suitability raster,H:/Jing/ecoChina2/dual suit/rf_var/2071-2100SSP585/dual_suitability_zone37.tif,,3,pop_zone37,#0B3D2E,2071-2100,SSP585,Plain RF
