original_zone,predicted_zone,n,method,method_label,rank_cutoff
1,1,11679,rf_var,Plain RF,1
1,2,349,rf_var,Plain RF,1
1,3,429,rf_var,Plain RF,1
1,4,172,rf_var,Plain RF,1
1,5,131,rf_var,Plain RF,1
1,6,10,rf_var,Plain RF,1
1,7,81,rf_var,Plain RF,1
1,10,296,rf_var,Plain RF,1
1,11,2,rf_var,Plain RF,1
1,12,8,rf_var,Plain RF,1
1,13,240,rf_var,Plain RF,1
1,15,2,rf_var,Plain RF,1
1,16,40,rf_var,Plain RF,1
1,17,51,rf_var,Plain RF,1
1,18,217,rf_var,Plain RF,1
1,19,4,rf_var,Plain RF,1
1,20,18,rf_var,Plain RF,1
1,21,94,rf_var,Plain RF,1
1,22,1,rf_var,Plain RF,1
1,23,2,rf_var,Plain RF,1
1,24,1,rf_var,Plain RF,1
1,25,196,rf_var,Plain RF,1
1,26,3,rf_var,Plain RF,1
1,27,2,rf_var,Plain RF,1
1,28,31,rf_var,Plain RF,1
1,29,6,rf_var,Plain RF,1
1,30,7,rf_var,Plain RF,1
1,31,119,rf_var,Plain RF,1
1,32,17,rf_var,Plain RF,1
1,33,85,rf_var,Plain RF,1
1,35,2,rf_var,Plain RF,1
1,36,1,rf_var,Plain RF,1
1,37,6,rf_var,Plain RF,1
1,38,3,rf_var,Plain RF,1
1,39,360,rf_var,Plain RF,1
1,40,34,rf_var,Plain RF,1
1,41,1,rf_var,Plain RF,1
1,42,38,rf_var,Plain RF,1
1,43,1,rf_var,Plain RF,1
1,44,19,rf_var,Plain RF,1
1,45,224,rf_var,Plain RF,1
1,46,86,rf_var,Plain RF,1
1,47,46,rf_var,Plain RF,1
1,48,3,rf_var,Plain RF,1
1,49,3,rf_var,Plain RF,1
1,50,138,rf_var,Plain RF,1
1,52,1,rf_var,Plain RF,1
1,54,1,rf_var,Plain RF,1
1,55,3,rf_var,Plain RF,1
2,1,2206,rf_var,Plain RF,1
2,2,183218,rf_var,Plain RF,1
2,3,19508,rf_var,Plain RF,1
2,4,13482,rf_var,Plain RF,1
2,5,14381,rf_var,Plain RF,1
2,6,10777,rf_var,Plain RF,1
2,7,2937,rf_var,Plain RF,1
2,9,9171,rf_var,Plain RF,1
2,10,893,rf_var,Plain RF,1
2,11,4990,rf_var,Plain RF,1
2,12,2036,rf_var,Plain RF,1
2,13,4038,rf_var,Plain RF,1
2,14,300,rf_var,Plain RF,1
2,15,17,rf_var,Plain RF,1
2,16,4344,rf_var,Plain RF,1
2,17,459,rf_var,Plain RF,1
2,18,5027,rf_var,Plain RF,1
2,19,12,rf_var,Plain RF,1
2,20,344,rf_var,Plain RF,1
2,21,22,rf_var,Plain RF,1
2,22,210,rf_var,Plain RF,1
2,23,17,rf_var,Plain RF,1
2,24,123,rf_var,Plain RF,1
2,25,962,rf_var,Plain RF,1
2,26,16,rf_var,Plain RF,1
2,27,1711,rf_var,Plain RF,1
2,28,200,rf_var,Plain RF,1
2,29,14,rf_var,Plain RF,1
2,30,149,rf_var,Plain RF,1
2,31,321,rf_var,Plain RF,1
2,32,100,rf_var,Plain RF,1
2,33,114,rf_var,Plain RF,1
2,34,145,rf_var,Plain RF,1
2,35,11,rf_var,Plain RF,1
2,36,67,rf_var,Plain RF,1
2,37,50,rf_var,Plain RF,1
2,38,11,rf_var,Plain RF,1
2,39,58,rf_var,Plain RF,1
2,40,24,rf_var,Plain RF,1
2,41,187,rf_var,Plain RF,1
2,42,18,rf_var,Plain RF,1
2,43,4,rf_var,Plain RF,1
2,44,224,rf_var,Plain RF,1
2,45,37,rf_var,Plain RF,1
2,46,77,rf_var,Plain RF,1
2,47,7,rf_var,Plain RF,1
2,48,13,rf_var,Plain RF,1
2,49,13,rf_var,Plain RF,1
2,50,97,rf_var,Plain RF,1
2,52,22,rf_var,Plain RF,1
2,53,596,rf_var,Plain RF,1
2,54,13,rf_var,Plain RF,1
2,55,270,rf_var,Plain RF,1
3,1,4918,rf_var,Plain RF,1
3,2,20798,rf_var,Plain RF,1
3,3,287751,rf_var,Plain RF,1
3,4,5587,rf_var,Plain RF,1
3,5,22712,rf_var,Plain RF,1
3,6,18455,rf_var,Plain RF,1
3,7,42266,rf_var,Plain RF,1
3,9,28581,rf_var,Plain RF,1
3,10,3021,rf_var,Plain RF,1
3,11,7146,rf_var,Plain RF,1
3,12,19234,rf_var,Plain RF,1
3,13,3582,rf_var,Plain RF,1
3,14,1338,rf_var,Plain RF,1
3,15,2026,rf_var,Plain RF,1
3,16,41,rf_var,Plain RF,1
3,17,19,rf_var,Plain RF,1
3,18,1496,rf_var,Plain RF,1
3,19,37,rf_var,Plain RF,1
3,20,11,rf_var,Plain RF,1
3,21,341,rf_var,Plain RF,1
3,22,555,rf_var,Plain RF,1
3,23,151,rf_var,Plain RF,1
3,24,1510,rf_var,Plain RF,1
3,25,297,rf_var,Plain RF,1
3,26,384,rf_var,Plain RF,1
3,27,20042,rf_var,Plain RF,1
3,28,7596,rf_var,Plain RF,1
3,29,13,rf_var,Plain RF,1
3,30,587,rf_var,Plain RF,1
3,31,16,rf_var,Plain RF,1
3,32,300,rf_var,Plain RF,1
3,33,11791,rf_var,Plain RF,1
3,34,553,rf_var,Plain RF,1
3,35,15,rf_var,Plain RF,1
3,36,4060,rf_var,Plain RF,1
3,37,11329,rf_var,Plain RF,1
3,38,10,rf_var,Plain RF,1
3,39,1098,rf_var,Plain RF,1
3,40,251,rf_var,Plain RF,1
3,41,18480,rf_var,Plain RF,1
3,42,13,rf_var,Plain RF,1
3,43,17,rf_var,Plain RF,1
3,44,929,rf_var,Plain RF,1
3,45,69,rf_var,Plain RF,1
3,46,666,rf_var,Plain RF,1
3,47,2081,rf_var,Plain RF,1
3,48,18,rf_var,Plain RF,1
3,49,95,rf_var,Plain RF,1
3,50,39,rf_var,Plain RF,1
3,52,12,rf_var,Plain RF,1
3,53,15,rf_var,Plain RF,1
3,54,10,rf_var,Plain RF,1
3,55,11,rf_var,Plain RF,1
4,1,1061,rf_var,Plain RF,1
4,2,14631,rf_var,Plain RF,1
4,3,3679,rf_var,Plain RF,1
4,4,42065,rf_var,Plain RF,1
4,5,3153,rf_var,Plain RF,1
4,6,1874,rf_var,Plain RF,1
4,7,910,rf_var,Plain RF,1
4,9,263,rf_var,Plain RF,1
4,10,11,rf_var,Plain RF,1
4,11,5995,rf_var,Plain RF,1
4,12,3543,rf_var,Plain RF,1
4,13,6325,rf_var,Plain RF,1
4,14,1959,rf_var,Plain RF,1
4,15,1580,rf_var,Plain RF,1
4,16,718,rf_var,Plain RF,1
4,17,321,rf_var,Plain RF,1
4,18,91,rf_var,Plain RF,1
4,19,32,rf_var,Plain RF,1
4,20,206,rf_var,Plain RF,1
4,21,157,rf_var,Plain RF,1
4,22,282,rf_var,Plain RF,1
4,23,111,rf_var,Plain RF,1
4,24,1,rf_var,Plain RF,1
4,25,299,rf_var,Plain RF,1
4,26,26,rf_var,Plain RF,1
4,27,1475,rf_var,Plain RF,1
4,28,8,rf_var,Plain RF,1
4,29,5,rf_var,Plain RF,1
4,30,106,rf_var,Plain RF,1
4,31,13,rf_var,Plain RF,1
4,32,3,rf_var,Plain RF,1
4,33,120,rf_var,Plain RF,1
4,34,5,rf_var,Plain RF,1
4,35,16,rf_var,Plain RF,1
4,36,8,rf_var,Plain RF,1
4,37,7,rf_var,Plain RF,1
4,38,5,rf_var,Plain RF,1
4,39,52,rf_var,Plain RF,1
4,40,5,rf_var,Plain RF,1
4,41,5,rf_var,Plain RF,1
4,42,8,rf_var,Plain RF,1
4,43,7,rf_var,Plain RF,1
4,44,3,rf_var,Plain RF,1
4,45,12,rf_var,Plain RF,1
4,46,6,rf_var,Plain RF,1
4,47,3,rf_var,Plain RF,1
4,48,147,rf_var,Plain RF,1
4,49,4,rf_var,Plain RF,1
4,50,62,rf_var,Plain RF,1
4,52,5,rf_var,Plain RF,1
4,53,8,rf_var,Plain RF,1
4,54,8,rf_var,Plain RF,1
4,55,6,rf_var,Plain RF,1
5,1,2761,rf_var,Plain RF,1
5,2,14320,rf_var,Plain RF,1
5,3,16549,rf_var,Plain RF,1
5,4,3971,rf_var,Plain RF,1
5,5,73803,rf_var,Plain RF,1
5,6,4470,rf_var,Plain RF,1
5,7,4409,rf_var,Plain RF,1
5,9,519,rf_var,Plain RF,1
5,10,3806,rf_var,Plain RF,1
5,11,9422,rf_var,Plain RF,1
5,12,13422,rf_var,Plain RF,1
5,13,6903,rf_var,Plain RF,1
5,14,2528,rf_var,Plain RF,1
5,15,2075,rf_var,Plain RF,1
5,16,3037,rf_var,Plain RF,1
5,17,596,rf_var,Plain RF,1
5,18,607,rf_var,Plain RF,1
5,19,12,rf_var,Plain RF,1
5,20,781,rf_var,Plain RF,1
5,21,1282,rf_var,Plain RF,1
5,22,690,rf_var,Plain RF,1
5,23,113,rf_var,Plain RF,1
5,24,1054,rf_var,Plain RF,1
5,25,1167,rf_var,Plain RF,1
5,26,1110,rf_var,Plain RF,1
5,27,2996,rf_var,Plain RF,1
5,28,348,rf_var,Plain RF,1
5,29,75,rf_var,Plain RF,1
5,30,272,rf_var,Plain RF,1
5,31,73,rf_var,Plain RF,1
5,32,69,rf_var,Plain RF,1
5,33,2576,rf_var,Plain RF,1
5,34,365,rf_var,Plain RF,1
5,35,126,rf_var,Plain RF,1
5,36,1333,rf_var,Plain RF,1
5,37,361,rf_var,Plain RF,1
5,38,11,rf_var,Plain RF,1
5,39,1977,rf_var,Plain RF,1
5,40,960,rf_var,Plain RF,1
5,41,2210,rf_var,Plain RF,1
5,42,204,rf_var,Plain RF,1
5,43,10,rf_var,Plain RF,1
5,44,1475,rf_var,Plain RF,1
5,45,368,rf_var,Plain RF,1
5,46,2542,rf_var,Plain RF,1
5,47,1772,rf_var,Plain RF,1
5,48,13,rf_var,Plain RF,1
5,49,849,rf_var,Plain RF,1
5,50,38,rf_var,Plain RF,1
5,52,11,rf_var,Plain RF,1
5,53,7,rf_var,Plain RF,1
5,54,6,rf_var,Plain RF,1
5,55,9,rf_var,Plain RF,1
6,1,208,rf_var,Plain RF,1
6,2,12019,rf_var,Plain RF,1
6,3,4740,rf_var,Plain RF,1
6,4,2848,rf_var,Plain RF,1
6,5,1344,rf_var,Plain RF,1
6,6,50588,rf_var,Plain RF,1
6,7,446,rf_var,Plain RF,1
6,9,336,rf_var,Plain RF,1
6,10,108,rf_var,Plain RF,1
6,11,2801,rf_var,Plain RF,1
6,12,5021,rf_var,Plain RF,1
6,13,176,rf_var,Plain RF,1
6,14,50,rf_var,Plain RF,1
6,15,1254,rf_var,Plain RF,1
6,16,54,rf_var,Plain RF,1
6,17,17,rf_var,Plain RF,1
6,18,95,rf_var,Plain RF,1
6,19,25,rf_var,Plain RF,1
6,20,11,rf_var,Plain RF,1
6,21,1633,rf_var,Plain RF,1
6,22,106,rf_var,Plain RF,1
6,23,323,rf_var,Plain RF,1
6,24,1057,rf_var,Plain RF,1
6,25,741,rf_var,Plain RF,1
6,26,47,rf_var,Plain RF,1
6,27,2358,rf_var,Plain RF,1
6,28,66,rf_var,Plain RF,1
6,29,70,rf_var,Plain RF,1
6,30,313,rf_var,Plain RF,1
6,31,205,rf_var,Plain RF,1
6,32,11,rf_var,Plain RF,1
6,33,139,rf_var,Plain RF,1
6,34,12,rf_var,Plain RF,1
6,35,13,rf_var,Plain RF,1
6,36,14,rf_var,Plain RF,1
6,37,273,rf_var,Plain RF,1
6,38,15,rf_var,Plain RF,1
6,39,25,rf_var,Plain RF,1
6,40,14,rf_var,Plain RF,1
6,41,15,rf_var,Plain RF,1
6,42,116,rf_var,Plain RF,1
6,43,72,rf_var,Plain RF,1
6,44,13,rf_var,Plain RF,1
6,45,9,rf_var,Plain RF,1
6,46,11,rf_var,Plain RF,1
6,47,248,rf_var,Plain RF,1
6,48,28,rf_var,Plain RF,1
6,49,149,rf_var,Plain RF,1
6,50,18,rf_var,Plain RF,1
6,52,10,rf_var,Plain RF,1
6,53,12,rf_var,Plain RF,1
6,54,5,rf_var,Plain RF,1
6,55,12,rf_var,Plain RF,1
7,1,1008,rf_var,Plain RF,1
7,2,3328,rf_var,Plain RF,1
7,3,21428,rf_var,Plain RF,1
7,4,2094,rf_var,Plain RF,1
7,5,2440,rf_var,Plain RF,1
7,6,1353,rf_var,Plain RF,1
7,7,91947,rf_var,Plain RF,1
7,9,2617,rf_var,Plain RF,1
7,10,992,rf_var,Plain RF,1
7,11,4353,rf_var,Plain RF,1
7,12,6523,rf_var,Plain RF,1
7,13,7936,rf_var,Plain RF,1
7,14,4512,rf_var,Plain RF,1
7,15,3434,rf_var,Plain RF,1
7,16,233,rf_var,Plain RF,1
7,17,1,rf_var,Plain RF,1
7,18,1051,rf_var,Plain RF,1
7,19,433,rf_var,Plain RF,1
7,20,219,rf_var,Plain RF,1
7,21,742,rf_var,Plain RF,1
7,22,20,rf_var,Plain RF,1
7,23,1977,rf_var,Plain RF,1
7,24,2728,rf_var,Plain RF,1
7,25,3617,rf_var,Plain RF,1
7,26,731,rf_var,Plain RF,1
7,27,5630,rf_var,Plain RF,1
7,28,2091,rf_var,Plain RF,1
7,29,143,rf_var,Plain RF,1
7,30,153,rf_var,Plain RF,1
7,31,533,rf_var,Plain RF,1
7,32,1051,rf_var,Plain RF,1
7,33,15244,rf_var,Plain RF,1
7,34,532,rf_var,Plain RF,1
7,35,368,rf_var,Plain RF,1
7,36,2892,rf_var,Plain RF,1
7,37,2214,rf_var,Plain RF,1
7,38,10,rf_var,Plain RF,1
7,39,1129,rf_var,Plain RF,1
7,40,994,rf_var,Plain RF,1
7,41,18470,rf_var,Plain RF,1
7,42,166,rf_var,Plain RF,1
7,43,4,rf_var,Plain RF,1
7,44,1039,rf_var,Plain RF,1
7,45,113,rf_var,Plain RF,1
7,46,437,rf_var,Plain RF,1
7,47,648,rf_var,Plain RF,1
7,48,1,rf_var,Plain RF,1
7,49,1267,rf_var,Plain RF,1
7,50,104,rf_var,Plain RF,1
7,52,2,rf_var,Plain RF,1
7,53,2,rf_var,Plain RF,1
7,54,4,rf_var,Plain RF,1
7,55,8,rf_var,Plain RF,1
9,1,1,rf_var,Plain RF,1
9,2,657,rf_var,Plain RF,1
9,3,3768,rf_var,Plain RF,1
9,4,7,rf_var,Plain RF,1
9,5,20,rf_var,Plain RF,1
9,6,13,rf_var,Plain RF,1
9,7,176,rf_var,Plain RF,1
9,9,25186,rf_var,Plain RF,1
9,10,9,rf_var,Plain RF,1
9,11,229,rf_var,Plain RF,1
9,12,264,rf_var,Plain RF,1
9,13,39,rf_var,Plain RF,1
9,14,48,rf_var,Plain RF,1
9,15,4,rf_var,Plain RF,1
9,16,3,rf_var,Plain RF,1
9,17,1,rf_var,Plain RF,1
9,18,2,rf_var,Plain RF,1
9,19,1,rf_var,Plain RF,1
9,20,1,rf_var,Plain RF,1
9,23,2,rf_var,Plain RF,1
9,25,1,rf_var,Plain RF,1
9,26,3,rf_var,Plain RF,1
9,27,26,rf_var,Plain RF,1
9,28,2,rf_var,Plain RF,1
9,29,3,rf_var,Plain RF,1
9,31,1,rf_var,Plain RF,1
9,32,3,rf_var,Plain RF,1
9,34,1,rf_var,Plain RF,1
9,35,2,rf_var,Plain RF,1
9,36,4,rf_var,Plain RF,1
9,38,1,rf_var,Plain RF,1
9,40,1,rf_var,Plain RF,1
9,42,2,rf_var,Plain RF,1
9,43,5,rf_var,Plain RF,1
9,46,2,rf_var,Plain RF,1
9,47,1,rf_var,Plain RF,1
9,48,4,rf_var,Plain RF,1
9,50,2,rf_var,Plain RF,1
9,52,1,rf_var,Plain RF,1
9,53,2,rf_var,Plain RF,1
9,54,1,rf_var,Plain RF,1
9,55,1,rf_var,Plain RF,1
10,1,1571,rf_var,Plain RF,1
10,2,5,rf_var,Plain RF,1
10,3,767,rf_var,Plain RF,1
10,4,8,rf_var,Plain RF,1
10,5,443,rf_var,Plain RF,1
10,6,11,rf_var,Plain RF,1
10,7,118,rf_var,Plain RF,1
10,9,226,rf_var,Plain RF,1
10,10,77104,rf_var,Plain RF,1
10,11,19,rf_var,Plain RF,1
10,12,32,rf_var,Plain RF,1
10,13,72,rf_var,Plain RF,1
10,14,21,rf_var,Plain RF,1
10,15,36,rf_var,Plain RF,1
10,16,2372,rf_var,Plain RF,1
10,17,7,rf_var,Plain RF,1
10,18,6119,rf_var,Plain RF,1
10,19,14,rf_var,Plain RF,1
10,20,1824,rf_var,Plain RF,1
10,21,28,rf_var,Plain RF,1
10,22,8,rf_var,Plain RF,1
10,23,15,rf_var,Plain RF,1
10,24,19,rf_var,Plain RF,1
10,25,6,rf_var,Plain RF,1
10,26,209,rf_var,Plain RF,1
10,27,13,rf_var,Plain RF,1
10,28,872,rf_var,Plain RF,1
10,29,17,rf_var,Plain RF,1
10,30,622,rf_var,Plain RF,1
10,31,44,rf_var,Plain RF,1
10,32,7,rf_var,Plain RF,1
10,33,199,rf_var,Plain RF,1
10,34,4670,rf_var,Plain RF,1
10,35,14,rf_var,Plain RF,1
10,36,1642,rf_var,Plain RF,1
10,37,30,rf_var,Plain RF,1
10,38,10,rf_var,Plain RF,1
10,39,12542,rf_var,Plain RF,1
10,40,766,rf_var,Plain RF,1
10,41,9,rf_var,Plain RF,1
10,42,17,rf_var,Plain RF,1
10,43,204,rf_var,Plain RF,1
10,44,191,rf_var,Plain RF,1
10,45,783,rf_var,Plain RF,1
10,46,25128,rf_var,Plain RF,1
10,47,753,rf_var,Plain RF,1
10,48,11,rf_var,Plain RF,1
10,49,6284,rf_var,Plain RF,1
10,50,304,rf_var,Plain RF,1
10,52,27,rf_var,Plain RF,1
10,53,23,rf_var,Plain RF,1
10,54,19,rf_var,Plain RF,1
10,55,9,rf_var,Plain RF,1
11,1,8,rf_var,Plain RF,1
11,2,1625,rf_var,Plain RF,1
11,3,1832,rf_var,Plain RF,1
11,4,5212,rf_var,Plain RF,1
11,5,7255,rf_var,Plain RF,1
11,6,2567,rf_var,Plain RF,1
11,7,4665,rf_var,Plain RF,1
11,9,27,rf_var,Plain RF,1
11,10,35,rf_var,Plain RF,1
11,11,88729,rf_var,Plain RF,1
11,12,6396,rf_var,Plain RF,1
11,13,12161,rf_var,Plain RF,1
11,14,3395,rf_var,Plain RF,1
11,15,1423,rf_var,Plain RF,1
11,16,528,rf_var,Plain RF,1
11,17,25,rf_var,Plain RF,1
11,18,155,rf_var,Plain RF,1
11,19,4,rf_var,Plain RF,1
11,20,348,rf_var,Plain RF,1
11,21,3,rf_var,Plain RF,1
11,22,101,rf_var,Plain RF,1
11,23,28,rf_var,Plain RF,1
11,24,408,rf_var,Plain RF,1
11,25,1553,rf_var,Plain RF,1
11,26,3,rf_var,Plain RF,1
11,27,4785,rf_var,Plain RF,1
11,28,22,rf_var,Plain RF,1
11,29,2,rf_var,Plain RF,1
11,30,5,rf_var,Plain RF,1
11,31,110,rf_var,Plain RF,1
11,32,39,rf_var,Plain RF,1
11,33,2712,rf_var,Plain RF,1
11,34,26,rf_var,Plain RF,1
11,35,4,rf_var,Plain RF,1
11,36,2,rf_var,Plain RF,1
11,37,78,rf_var,Plain RF,1
11,38,2,rf_var,Plain RF,1
11,39,34,rf_var,Plain RF,1
11,40,5,rf_var,Plain RF,1
11,41,579,rf_var,Plain RF,1
11,42,21,rf_var,Plain RF,1
11,43,7,rf_var,Plain RF,1
11,44,9,rf_var,Plain RF,1
11,45,23,rf_var,Plain RF,1
11,46,57,rf_var,Plain RF,1
11,47,7,rf_var,Plain RF,1
11,48,4,rf_var,Plain RF,1
11,49,2,rf_var,Plain RF,1
11,50,12,rf_var,Plain RF,1
11,52,5,rf_var,Plain RF,1
11,53,5,rf_var,Plain RF,1
11,54,4,rf_var,Plain RF,1
11,55,10,rf_var,Plain RF,1
12,1,386,rf_var,Plain RF,1
12,2,1718,rf_var,Plain RF,1
12,3,22705,rf_var,Plain RF,1
12,4,7654,rf_var,Plain RF,1
12,5,9544,rf_var,Plain RF,1
12,6,7523,rf_var,Plain RF,1
12,7,12532,rf_var,Plain RF,1
12,9,5663,rf_var,Plain RF,1
12,10,9,rf_var,Plain RF,1
12,11,10734,rf_var,Plain RF,1
12,12,235073,rf_var,Plain RF,1
12,13,20475,rf_var,Plain RF,1
12,14,6265,rf_var,Plain RF,1
12,15,7168,rf_var,Plain RF,1
12,16,7,rf_var,Plain RF,1
12,17,11,rf_var,Plain RF,1
12,18,22,rf_var,Plain RF,1
12,19,148,rf_var,Plain RF,1
12,20,5,rf_var,Plain RF,1
12,21,9,rf_var,Plain RF,1
12,22,1351,rf_var,Plain RF,1
12,23,819,rf_var,Plain RF,1
12,24,3049,rf_var,Plain RF,1
12,25,2577,rf_var,Plain RF,1
12,26,296,rf_var,Plain RF,1
12,27,10712,rf_var,Plain RF,1
12,28,15,rf_var,Plain RF,1
12,29,88,rf_var,Plain RF,1
12,30,2,rf_var,Plain RF,1
12,31,8,rf_var,Plain RF,1
12,32,38,rf_var,Plain RF,1
12,33,4875,rf_var,Plain RF,1
12,34,30,rf_var,Plain RF,1
12,35,13,rf_var,Plain RF,1
12,36,4,rf_var,Plain RF,1
12,37,30,rf_var,Plain RF,1
12,38,25,rf_var,Plain RF,1
12,39,11,rf_var,Plain RF,1
12,40,3,rf_var,Plain RF,1
12,41,2486,rf_var,Plain RF,1
12,42,7,rf_var,Plain RF,1
12,43,6,rf_var,Plain RF,1
12,44,7,rf_var,Plain RF,1
12,45,35,rf_var,Plain RF,1
12,46,16,rf_var,Plain RF,1
12,47,2,rf_var,Plain RF,1
12,48,6,rf_var,Plain RF,1
12,49,7,rf_var,Plain RF,1
12,50,10,rf_var,Plain RF,1
12,52,6,rf_var,Plain RF,1
12,53,12,rf_var,Plain RF,1
12,54,9,rf_var,Plain RF,1
12,55,7,rf_var,Plain RF,1
13,1,2648,rf_var,Plain RF,1
13,2,2036,rf_var,Plain RF,1
13,3,1775,rf_var,Plain RF,1
13,4,10855,rf_var,Plain RF,1
13,5,9436,rf_var,Plain RF,1
13,6,695,rf_var,Plain RF,1
13,7,13234,rf_var,Plain RF,1
13,9,61,rf_var,Plain RF,1
13,10,26,rf_var,Plain RF,1
13,11,26794,rf_var,Plain RF,1
13,12,32909,rf_var,Plain RF,1
13,13,375609,rf_var,Plain RF,1
13,14,16796,rf_var,Plain RF,1
13,15,19017,rf_var,Plain RF,1
13,16,7330,rf_var,Plain RF,1
13,17,58,rf_var,Plain RF,1
13,18,6401,rf_var,Plain RF,1
13,19,223,rf_var,Plain RF,1
13,20,2080,rf_var,Plain RF,1
13,21,11,rf_var,Plain RF,1
13,22,2085,rf_var,Plain RF,1
13,23,185,rf_var,Plain RF,1
13,24,8347,rf_var,Plain RF,1
13,25,34735,rf_var,Plain RF,1
13,26,15,rf_var,Plain RF,1
13,27,2631,rf_var,Plain RF,1
13,28,98,rf_var,Plain RF,1
13,29,92,rf_var,Plain RF,1
13,30,44,rf_var,Plain RF,1
13,31,3869,rf_var,Plain RF,1
13,32,4303,rf_var,Plain RF,1
13,33,31061,rf_var,Plain RF,1
13,34,6,rf_var,Plain RF,1
13,35,1167,rf_var,Plain RF,1
13,36,15,rf_var,Plain RF,1
13,37,241,rf_var,Plain RF,1
13,38,12,rf_var,Plain RF,1
13,39,12,rf_var,Plain RF,1
13,40,10,rf_var,Plain RF,1
13,41,1068,rf_var,Plain RF,1
13,42,831,rf_var,Plain RF,1
13,43,8,rf_var,Plain RF,1
13,44,6,rf_var,Plain RF,1
13,45,5,rf_var,Plain RF,1
13,46,43,rf_var,Plain RF,1
13,47,6,rf_var,Plain RF,1
13,48,12,rf_var,Plain RF,1
13,49,12,rf_var,Plain RF,1
13,50,15,rf_var,Plain RF,1
13,52,8,rf_var,Plain RF,1
13,53,13,rf_var,Plain RF,1
13,54,10,rf_var,Plain RF,1
13,55,12,rf_var,Plain RF,1
14,2,41,rf_var,Plain RF,1
14,3,37,rf_var,Plain RF,1
14,4,327,rf_var,Plain RF,1
14,5,139,rf_var,Plain RF,1
14,7,456,rf_var,Plain RF,1
14,11,774,rf_var,Plain RF,1
14,12,437,rf_var,Plain RF,1
14,13,792,rf_var,Plain RF,1
14,14,26336,rf_var,Plain RF,1
14,15,584,rf_var,Plain RF,1
14,19,474,rf_var,Plain RF,1
14,23,842,rf_var,Plain RF,1
14,24,487,rf_var,Plain RF,1
14,25,26,rf_var,Plain RF,1
14,27,700,rf_var,Plain RF,1
14,29,4,rf_var,Plain RF,1
14,32,11,rf_var,Plain RF,1
14,33,194,rf_var,Plain RF,1
14,37,3,rf_var,Plain RF,1
14,38,1,rf_var,Plain RF,1
15,1,62,rf_var,Plain RF,1
15,2,109,rf_var,Plain RF,1
15,3,514,rf_var,Plain RF,1
15,4,2497,rf_var,Plain RF,1
15,5,1688,rf_var,Plain RF,1
15,6,2001,rf_var,Plain RF,1
15,7,1159,rf_var,Plain RF,1
15,9,204,rf_var,Plain RF,1
15,10,136,rf_var,Plain RF,1
15,11,5010,rf_var,Plain RF,1
15,12,6930,rf_var,Plain RF,1
15,13,16619,rf_var,Plain RF,1
15,14,6720,rf_var,Plain RF,1
15,15,134349,rf_var,Plain RF,1
15,16,153,rf_var,Plain RF,1
15,17,101,rf_var,Plain RF,1
15,18,112,rf_var,Plain RF,1
15,19,6697,rf_var,Plain RF,1
15,20,175,rf_var,Plain RF,1
15,21,97,rf_var,Plain RF,1
15,22,80,rf_var,Plain RF,1
15,23,13105,rf_var,Plain RF,1
15,24,5536,rf_var,Plain RF,1
15,25,4698,rf_var,Plain RF,1
15,26,94,rf_var,Plain RF,1
15,27,10704,rf_var,Plain RF,1
15,28,136,rf_var,Plain RF,1
15,29,3148,rf_var,Plain RF,1
15,30,120,rf_var,Plain RF,1
15,31,236,rf_var,Plain RF,1
15,32,4349,rf_var,Plain RF,1
15,33,3983,rf_var,Plain RF,1
15,34,97,rf_var,Plain RF,1
15,35,257,rf_var,Plain RF,1
15,36,102,rf_var,Plain RF,1
15,37,261,rf_var,Plain RF,1
15,38,1355,rf_var,Plain RF,1
15,39,91,rf_var,Plain RF,1
15,40,97,rf_var,Plain RF,1
15,41,164,rf_var,Plain RF,1
15,42,513,rf_var,Plain RF,1
15,43,140,rf_var,Plain RF,1
15,44,99,rf_var,Plain RF,1
15,45,95,rf_var,Plain RF,1
15,46,124,rf_var,Plain RF,1
15,47,73,rf_var,Plain RF,1
15,48,73,rf_var,Plain RF,1
15,49,96,rf_var,Plain RF,1
15,50,79,rf_var,Plain RF,1
15,52,106,rf_var,Plain RF,1
15,53,86,rf_var,Plain RF,1
15,54,81,rf_var,Plain RF,1
15,55,80,rf_var,Plain RF,1
16,1,3735,rf_var,Plain RF,1
16,2,2600,rf_var,Plain RF,1
16,3,68,rf_var,Plain RF,1
16,4,1432,rf_var,Plain RF,1
16,5,5370,rf_var,Plain RF,1
16,6,141,rf_var,Plain RF,1
16,7,356,rf_var,Plain RF,1
16,9,2,rf_var,Plain RF,1
16,10,12214,rf_var,Plain RF,1
16,11,139,rf_var,Plain RF,1
16,12,13,rf_var,Plain RF,1
16,13,4801,rf_var,Plain RF,1
16,14,7,rf_var,Plain RF,1
16,15,682,rf_var,Plain RF,1
16,16,543084,rf_var,Plain RF,1
16,17,5474,rf_var,Plain RF,1
16,18,68118,rf_var,Plain RF,1
16,19,394,rf_var,Plain RF,1
16,20,79731,rf_var,Plain RF,1
16,21,7,rf_var,Plain RF,1
16,22,22311,rf_var,Plain RF,1
16,23,203,rf_var,Plain RF,1
16,24,460,rf_var,Plain RF,1
16,25,3136,rf_var,Plain RF,1
16,26,39,rf_var,Plain RF,1
16,27,6,rf_var,Plain RF,1
16,28,443,rf_var,Plain RF,1
16,29,44,rf_var,Plain RF,1
16,30,55,rf_var,Plain RF,1
16,31,62752,rf_var,Plain RF,1
16,32,542,rf_var,Plain RF,1
16,33,318,rf_var,Plain RF,1
16,34,484,rf_var,Plain RF,1
16,35,9,rf_var,Plain RF,1
16,36,379,rf_var,Plain RF,1
16,37,11,rf_var,Plain RF,1
16,38,9,rf_var,Plain RF,1
16,39,2973,rf_var,Plain RF,1
16,40,73,rf_var,Plain RF,1
16,41,11,rf_var,Plain RF,1
16,42,7287,rf_var,Plain RF,1
16,43,13015,rf_var,Plain RF,1
16,44,65,rf_var,Plain RF,1
16,45,23055,rf_var,Plain RF,1
16,46,44612,rf_var,Plain RF,1
16,47,44,rf_var,Plain RF,1
16,48,22,rf_var,Plain RF,1
16,49,260,rf_var,Plain RF,1
16,50,157,rf_var,Plain RF,1
16,52,10,rf_var,Plain RF,1
16,53,12,rf_var,Plain RF,1
16,54,10,rf_var,Plain RF,1
16,55,3,rf_var,Plain RF,1
17,2,53,rf_var,Plain RF,1
17,3,1,rf_var,Plain RF,1
17,4,9,rf_var,Plain RF,1
17,5,12,rf_var,Plain RF,1
17,6,2,rf_var,Plain RF,1
17,7,1,rf_var,Plain RF,1
17,9,1,rf_var,Plain RF,1
17,12,2,rf_var,Plain RF,1
17,14,2,rf_var,Plain RF,1
17,15,1,rf_var,Plain RF,1
17,16,2,rf_var,Plain RF,1
17,17,1510,rf_var,Plain RF,1
17,19,1,rf_var,Plain RF,1
17,20,1,rf_var,Plain RF,1
17,21,2,rf_var,Plain RF,1
17,23,3,rf_var,Plain RF,1
17,24,1,rf_var,Plain RF,1
17,25,1,rf_var,Plain RF,1
17,26,1,rf_var,Plain RF,1
17,28,1,rf_var,Plain RF,1
17,30,2,rf_var,Plain RF,1
17,31,1,rf_var,Plain RF,1
17,33,1,rf_var,Plain RF,1
17,34,2,rf_var,Plain RF,1
17,35,1,rf_var,Plain RF,1
17,37,1,rf_var,Plain RF,1
17,38,1,rf_var,Plain RF,1
17,39,1,rf_var,Plain RF,1
17,40,3,rf_var,Plain RF,1
17,41,2,rf_var,Plain RF,1
17,42,1,rf_var,Plain RF,1
17,44,1,rf_var,Plain RF,1
17,45,1,rf_var,Plain RF,1
17,46,3,rf_var,Plain RF,1
17,47,1,rf_var,Plain RF,1
17,48,1,rf_var,Plain RF,1
17,50,3,rf_var,Plain RF,1
17,52,3,rf_var,Plain RF,1
17,53,1,rf_var,Plain RF,1
17,54,2,rf_var,Plain RF,1
17,55,2,rf_var,Plain RF,1
18,1,2004,rf_var,Plain RF,1
18,2,723,rf_var,Plain RF,1
18,3,121,rf_var,Plain RF,1
18,4,139,rf_var,Plain RF,1
18,5,1064,rf_var,Plain RF,1
18,7,256,rf_var,Plain RF,1
18,10,6540,rf_var,Plain RF,1
18,11,203,rf_var,Plain RF,1
18,13,2735,rf_var,Plain RF,1
18,15,3,rf_var,Plain RF,1
18,16,23199,rf_var,Plain RF,1
18,17,117,rf_var,Plain RF,1
18,18,47734,rf_var,Plain RF,1
18,19,2,rf_var,Plain RF,1
18,20,1463,rf_var,Plain RF,1
18,21,5,rf_var,Plain RF,1
18,22,487,rf_var,Plain RF,1
18,23,14,rf_var,Plain RF,1
18,24,226,rf_var,Plain RF,1
18,25,1449,rf_var,Plain RF,1
18,26,44,rf_var,Plain RF,1
18,28,480,rf_var,Plain RF,1
18,30,12,rf_var,Plain RF,1
18,31,2988,rf_var,Plain RF,1
18,32,35,rf_var,Plain RF,1
18,33,246,rf_var,Plain RF,1
18,34,500,rf_var,Plain RF,1
18,36,521,rf_var,Plain RF,1
18,37,13,rf_var,Plain RF,1
18,39,5127,rf_var,Plain RF,1
18,41,4,rf_var,Plain RF,1
18,42,1281,rf_var,Plain RF,1
18,43,667,rf_var,Plain RF,1
18,44,272,rf_var,Plain RF,1
18,45,2190,rf_var,Plain RF,1
18,46,9824,rf_var,Plain RF,1
18,47,9,rf_var,Plain RF,1
18,49,52,rf_var,Plain RF,1
18,50,214,rf_var,Plain RF,1
18,55,1,rf_var,Plain RF,1
19,1,68,rf_var,Plain RF,1
19,2,24,rf_var,Plain RF,1
19,3,40,rf_var,Plain RF,1
19,4,48,rf_var,Plain RF,1
19,5,32,rf_var,Plain RF,1
19,6,29,rf_var,Plain RF,1
19,7,211,rf_var,Plain RF,1
19,9,11,rf_var,Plain RF,1
19,10,425,rf_var,Plain RF,1
19,11,24,rf_var,Plain RF,1
19,12,62,rf_var,Plain RF,1
19,13,284,rf_var,Plain RF,1
19,14,4168,rf_var,Plain RF,1
19,15,18683,rf_var,Plain RF,1
19,16,3870,rf_var,Plain RF,1
19,17,19,rf_var,Plain RF,1
19,18,460,rf_var,Plain RF,1
19,19,531966,rf_var,Plain RF,1
19,20,38550,rf_var,Plain RF,1
19,21,26,rf_var,Plain RF,1
19,22,4010,rf_var,Plain RF,1
19,23,35051,rf_var,Plain RF,1
19,24,19314,rf_var,Plain RF,1
19,25,920,rf_var,Plain RF,1
19,26,16,rf_var,Plain RF,1
19,27,807,rf_var,Plain RF,1
19,28,121,rf_var,Plain RF,1
19,29,3360,rf_var,Plain RF,1
19,30,10,rf_var,Plain RF,1
19,31,6940,rf_var,Plain RF,1
19,32,2795,rf_var,Plain RF,1
19,33,126,rf_var,Plain RF,1
19,34,25,rf_var,Plain RF,1
19,35,88,rf_var,Plain RF,1
19,36,25,rf_var,Plain RF,1
19,37,49,rf_var,Plain RF,1
19,38,13205,rf_var,Plain RF,1
19,39,15,rf_var,Plain RF,1
19,40,14,rf_var,Plain RF,1
19,41,25,rf_var,Plain RF,1
19,42,3024,rf_var,Plain RF,1
19,43,532,rf_var,Plain RF,1
19,44,13,rf_var,Plain RF,1
19,45,1074,rf_var,Plain RF,1
19,46,611,rf_var,Plain RF,1
19,47,14,rf_var,Plain RF,1
19,48,21,rf_var,Plain RF,1
19,49,15,rf_var,Plain RF,1
19,50,33,rf_var,Plain RF,1
19,52,32,rf_var,Plain RF,1
19,53,29,rf_var,Plain RF,1
19,54,29,rf_var,Plain RF,1
19,55,13,rf_var,Plain RF,1
20,1,294,rf_var,Plain RF,1
20,2,82,rf_var,Plain RF,1
20,3,18,rf_var,Plain RF,1
20,4,54,rf_var,Plain RF,1
20,5,221,rf_var,Plain RF,1
20,6,35,rf_var,Plain RF,1
20,7,35,rf_var,Plain RF,1
20,9,23,rf_var,Plain RF,1
20,10,2596,rf_var,Plain RF,1
20,11,35,rf_var,Plain RF,1
20,12,19,rf_var,Plain RF,1
20,13,499,rf_var,Plain RF,1
20,14,38,rf_var,Plain RF,1
20,15,58,rf_var,Plain RF,1
20,16,51083,rf_var,Plain RF,1
20,17,1183,rf_var,Plain RF,1
20,18,2428,rf_var,Plain RF,1
20,19,457,rf_var,Plain RF,1
20,20,225925,rf_var,Plain RF,1
20,21,35,rf_var,Plain RF,1
20,22,11326,rf_var,Plain RF,1
20,23,21,rf_var,Plain RF,1
20,24,619,rf_var,Plain RF,1
20,25,1238,rf_var,Plain RF,1
20,26,16,rf_var,Plain RF,1
20,27,40,rf_var,Plain RF,1
20,28,112,rf_var,Plain RF,1
20,29,35,rf_var,Plain RF,1
20,30,36,rf_var,Plain RF,1
20,31,29787,rf_var,Plain RF,1
20,32,65,rf_var,Plain RF,1
20,33,66,rf_var,Plain RF,1
20,34,106,rf_var,Plain RF,1
20,35,27,rf_var,Plain RF,1
20,36,34,rf_var,Plain RF,1
20,37,30,rf_var,Plain RF,1
20,38,31,rf_var,Plain RF,1
20,39,218,rf_var,Plain RF,1
20,40,61,rf_var,Plain RF,1
20,41,38,rf_var,Plain RF,1
20,42,35185,rf_var,Plain RF,1
20,43,211,rf_var,Plain RF,1
20,44,53,rf_var,Plain RF,1
20,45,5790,rf_var,Plain RF,1
20,46,9438,rf_var,Plain RF,1
20,47,18,rf_var,Plain RF,1
20,48,56,rf_var,Plain RF,1
20,49,18,rf_var,Plain RF,1
20,50,47,rf_var,Plain RF,1
20,52,43,rf_var,Plain RF,1
20,53,26,rf_var,Plain RF,1
20,54,32,rf_var,Plain RF,1
20,55,24,rf_var,Plain RF,1
21,1,188,rf_var,Plain RF,1
21,2,76,rf_var,Plain RF,1
21,3,318,rf_var,Plain RF,1
21,4,148,rf_var,Plain RF,1
21,5,668,rf_var,Plain RF,1
21,6,88,rf_var,Plain RF,1
21,7,272,rf_var,Plain RF,1
21,9,125,rf_var,Plain RF,1
21,10,203,rf_var,Plain RF,1
21,11,9,rf_var,Plain RF,1
21,12,25,rf_var,Plain RF,1
21,13,14,rf_var,Plain RF,1
21,14,20,rf_var,Plain RF,1
21,15,15,rf_var,Plain RF,1
21,16,35,rf_var,Plain RF,1
21,17,29,rf_var,Plain RF,1
21,18,21,rf_var,Plain RF,1
21,19,27,rf_var,Plain RF,1
21,20,34,rf_var,Plain RF,1
21,21,382320,rf_var,Plain RF,1
21,22,32,rf_var,Plain RF,1
21,23,27,rf_var,Plain RF,1
21,24,18,rf_var,Plain RF,1
21,25,23,rf_var,Plain RF,1
21,26,12479,rf_var,Plain RF,1
21,27,10,rf_var,Plain RF,1
21,28,2576,rf_var,Plain RF,1
21,29,20,rf_var,Plain RF,1
21,30,62467,rf_var,Plain RF,1
21,31,32,rf_var,Plain RF,1
21,32,19,rf_var,Plain RF,1
21,33,23,rf_var,Plain RF,1
21,34,588,rf_var,Plain RF,1
21,35,29,rf_var,Plain RF,1
21,36,13062,rf_var,Plain RF,1
21,37,463,rf_var,Plain RF,1
21,38,28,rf_var,Plain RF,1
21,39,481,rf_var,Plain RF,1
21,40,41170,rf_var,Plain RF,1
21,41,440,rf_var,Plain RF,1
21,42,34,rf_var,Plain RF,1
21,43,32,rf_var,Plain RF,1
21,44,33399,rf_var,Plain RF,1
21,45,43,rf_var,Plain RF,1
21,46,125,rf_var,Plain RF,1
21,47,9978,rf_var,Plain RF,1
21,48,6183,rf_var,Plain RF,1
21,49,14078,rf_var,Plain RF,1
21,50,1124,rf_var,Plain RF,1
21,52,2100,rf_var,Plain RF,1
21,53,11469,rf_var,Plain RF,1
21,54,578,rf_var,Plain RF,1
21,55,1445,rf_var,Plain RF,1
22,1,2,rf_var,Plain RF,1
22,2,29,rf_var,Plain RF,1
22,3,381,rf_var,Plain RF,1
22,4,22,rf_var,Plain RF,1
22,5,558,rf_var,Plain RF,1
22,6,11,rf_var,Plain RF,1
22,7,2,rf_var,Plain RF,1
22,10,2,rf_var,Plain RF,1
22,11,1,rf_var,Plain RF,1
22,12,480,rf_var,Plain RF,1
22,13,74,rf_var,Plain RF,1
22,16,3352,rf_var,Plain RF,1
22,17,43,rf_var,Plain RF,1
22,18,92,rf_var,Plain RF,1
22,19,450,rf_var,Plain RF,1
22,20,1732,rf_var,Plain RF,1
22,21,1,rf_var,Plain RF,1
22,22,30461,rf_var,Plain RF,1
22,23,72,rf_var,Plain RF,1
22,24,199,rf_var,Plain RF,1
22,25,315,rf_var,Plain RF,1
22,26,1,rf_var,Plain RF,1
22,27,243,rf_var,Plain RF,1
22,28,2,rf_var,Plain RF,1
22,31,1731,rf_var,Plain RF,1
22,32,50,rf_var,Plain RF,1
22,34,1,rf_var,Plain RF,1
22,35,1,rf_var,Plain RF,1
22,37,2,rf_var,Plain RF,1
22,38,1,rf_var,Plain RF,1
22,40,1,rf_var,Plain RF,1
22,41,1,rf_var,Plain RF,1
22,42,1597,rf_var,Plain RF,1
22,43,8,rf_var,Plain RF,1
22,44,5,rf_var,Plain RF,1
22,45,29,rf_var,Plain RF,1
22,48,1,rf_var,Plain RF,1
22,50,1,rf_var,Plain RF,1
22,53,2,rf_var,Plain RF,1
22,54,1,rf_var,Plain RF,1
22,55,23,rf_var,Plain RF,1
23,1,2,rf_var,Plain RF,1
23,2,4,rf_var,Plain RF,1
23,3,1,rf_var,Plain RF,1
23,4,136,rf_var,Plain RF,1
23,5,5,rf_var,Plain RF,1
23,6,55,rf_var,Plain RF,1
23,7,877,rf_var,Plain RF,1
23,9,1,rf_var,Plain RF,1
23,10,2,rf_var,Plain RF,1
23,12,91,rf_var,Plain RF,1
23,13,1181,rf_var,Plain RF,1
23,14,6817,rf_var,Plain RF,1
23,15,17453,rf_var,Plain RF,1
23,16,80,rf_var,Plain RF,1
23,17,8,rf_var,Plain RF,1
23,18,1274,rf_var,Plain RF,1
23,19,20718,rf_var,Plain RF,1
23,20,383,rf_var,Plain RF,1
23,21,2,rf_var,Plain RF,1
23,22,93,rf_var,Plain RF,1
23,23,187728,rf_var,Plain RF,1
23,24,49216,rf_var,Plain RF,1
23,25,1734,rf_var,Plain RF,1
23,26,1,rf_var,Plain RF,1
23,27,547,rf_var,Plain RF,1
23,28,223,rf_var,Plain RF,1
23,29,13010,rf_var,Plain RF,1
23,30,1,rf_var,Plain RF,1
23,31,1437,rf_var,Plain RF,1
23,32,7396,rf_var,Plain RF,1
23,33,1871,rf_var,Plain RF,1
23,34,2,rf_var,Plain RF,1
23,35,9903,rf_var,Plain RF,1
23,36,3,rf_var,Plain RF,1
23,37,2,rf_var,Plain RF,1
23,38,3809,rf_var,Plain RF,1
23,39,1,rf_var,Plain RF,1
23,40,54,rf_var,Plain RF,1
23,41,7,rf_var,Plain RF,1
23,42,576,rf_var,Plain RF,1
23,43,46,rf_var,Plain RF,1
23,44,4,rf_var,Plain RF,1
23,45,10,rf_var,Plain RF,1
23,46,2,rf_var,Plain RF,1
23,47,2,rf_var,Plain RF,1
23,48,2,rf_var,Plain RF,1
23,49,14,rf_var,Plain RF,1
23,50,3,rf_var,Plain RF,1
23,52,15,rf_var,Plain RF,1
23,54,1,rf_var,Plain RF,1
23,55,3,rf_var,Plain RF,1
24,1,64,rf_var,Plain RF,1
24,2,49,rf_var,Plain RF,1
24,3,126,rf_var,Plain RF,1
24,4,107,rf_var,Plain RF,1
24,5,584,rf_var,Plain RF,1
24,6,151,rf_var,Plain RF,1
24,7,988,rf_var,Plain RF,1
24,9,7,rf_var,Plain RF,1
24,10,8,rf_var,Plain RF,1
24,11,293,rf_var,Plain RF,1
24,12,2007,rf_var,Plain RF,1
24,13,11352,rf_var,Plain RF,1
24,14,1222,rf_var,Plain RF,1
24,15,11094,rf_var,Plain RF,1
24,16,747,rf_var,Plain RF,1
24,17,4,rf_var,Plain RF,1
24,18,1426,rf_var,Plain RF,1
24,19,13102,rf_var,Plain RF,1
24,20,1800,rf_var,Plain RF,1
24,21,7,rf_var,Plain RF,1
24,22,703,rf_var,Plain RF,1
24,23,63855,rf_var,Plain RF,1
24,24,540391,rf_var,Plain RF,1
24,25,51551,rf_var,Plain RF,1
24,26,4,rf_var,Plain RF,1
24,27,2493,rf_var,Plain RF,1
24,28,11,rf_var,Plain RF,1
24,29,45922,rf_var,Plain RF,1
24,30,4,rf_var,Plain RF,1
24,31,5114,rf_var,Plain RF,1
24,32,33392,rf_var,Plain RF,1
24,33,12519,rf_var,Plain RF,1
24,34,3,rf_var,Plain RF,1
24,35,26729,rf_var,Plain RF,1
24,36,1,rf_var,Plain RF,1
24,37,2,rf_var,Plain RF,1
24,38,5102,rf_var,Plain RF,1
24,39,6,rf_var,Plain RF,1
24,40,4,rf_var,Plain RF,1
24,41,9,rf_var,Plain RF,1
24,42,11290,rf_var,Plain RF,1
24,43,955,rf_var,Plain RF,1
24,44,12,rf_var,Plain RF,1
24,45,120,rf_var,Plain RF,1
24,46,11,rf_var,Plain RF,1
24,47,8,rf_var,Plain RF,1
24,48,4,rf_var,Plain RF,1
24,49,7,rf_var,Plain RF,1
24,50,4,rf_var,Plain RF,1
24,52,6,rf_var,Plain RF,1
24,53,14,rf_var,Plain RF,1
24,54,4,rf_var,Plain RF,1
24,55,9,rf_var,Plain RF,1
25,1,659,rf_var,Plain RF,1
25,2,110,rf_var,Plain RF,1
25,3,1,rf_var,Plain RF,1
25,4,248,rf_var,Plain RF,1
25,5,931,rf_var,Plain RF,1
25,6,2,rf_var,Plain RF,1
25,7,872,rf_var,Plain RF,1
25,9,4,rf_var,Plain RF,1
25,10,9,rf_var,Plain RF,1
25,11,1227,rf_var,Plain RF,1
25,12,1249,rf_var,Plain RF,1
25,13,18824,rf_var,Plain RF,1
25,14,85,rf_var,Plain RF,1
25,15,3310,rf_var,Plain RF,1
25,16,2821,rf_var,Plain RF,1
25,17,2,rf_var,Plain RF,1
25,18,1059,rf_var,Plain RF,1
25,19,68,rf_var,Plain RF,1
25,20,2470,rf_var,Plain RF,1
25,21,5,rf_var,Plain RF,1
25,22,373,rf_var,Plain RF,1
25,23,1492,rf_var,Plain RF,1
25,24,16563,rf_var,Plain RF,1
25,25,153611,rf_var,Plain RF,1
25,26,4,rf_var,Plain RF,1
25,27,385,rf_var,Plain RF,1
25,28,2,rf_var,Plain RF,1
25,29,1581,rf_var,Plain RF,1
25,30,1,rf_var,Plain RF,1
25,31,9471,rf_var,Plain RF,1
25,32,7033,rf_var,Plain RF,1
25,33,4335,rf_var,Plain RF,1
25,34,5,rf_var,Plain RF,1
25,35,2856,rf_var,Plain RF,1
25,36,4,rf_var,Plain RF,1
25,37,14,rf_var,Plain RF,1
25,38,6,rf_var,Plain RF,1
25,39,14,rf_var,Plain RF,1
25,40,2,rf_var,Plain RF,1
25,41,1,rf_var,Plain RF,1
25,42,5159,rf_var,Plain RF,1
25,43,316,rf_var,Plain RF,1
25,44,3,rf_var,Plain RF,1
25,45,140,rf_var,Plain RF,1
25,46,9,rf_var,Plain RF,1
25,47,1,rf_var,Plain RF,1
25,48,5,rf_var,Plain RF,1
25,49,1,rf_var,Plain RF,1
25,50,3,rf_var,Plain RF,1
25,52,3,rf_var,Plain RF,1
25,53,3,rf_var,Plain RF,1
25,54,2,rf_var,Plain RF,1
25,55,3,rf_var,Plain RF,1
26,1,16,rf_var,Plain RF,1
26,3,81,rf_var,Plain RF,1
26,4,2,rf_var,Plain RF,1
26,5,283,rf_var,Plain RF,1
26,6,1,rf_var,Plain RF,1
26,7,148,rf_var,Plain RF,1
26,10,647,rf_var,Plain RF,1
26,11,1,rf_var,Plain RF,1
26,12,12,rf_var,Plain RF,1
26,14,1,rf_var,Plain RF,1
26,15,5,rf_var,Plain RF,1
26,17,1,rf_var,Plain RF,1
26,21,1594,rf_var,Plain RF,1
26,22,1,rf_var,Plain RF,1
26,23,84,rf_var,Plain RF,1
26,24,2,rf_var,Plain RF,1
26,25,1,rf_var,Plain RF,1
26,26,24271,rf_var,Plain RF,1
26,27,9,rf_var,Plain RF,1
26,28,281,rf_var,Plain RF,1
26,30,5132,rf_var,Plain RF,1
26,33,10,rf_var,Plain RF,1
26,34,1184,rf_var,Plain RF,1
26,35,1,rf_var,Plain RF,1
26,36,2151,rf_var,Plain RF,1
26,38,2,rf_var,Plain RF,1
26,39,341,rf_var,Plain RF,1
26,40,821,rf_var,Plain RF,1
26,41,41,rf_var,Plain RF,1
26,44,445,rf_var,Plain RF,1
26,45,1,rf_var,Plain RF,1
26,46,116,rf_var,Plain RF,1
26,47,342,rf_var,Plain RF,1
26,48,7,rf_var,Plain RF,1
26,49,2185,rf_var,Plain RF,1
26,50,17,rf_var,Plain RF,1
26,52,317,rf_var,Plain RF,1
26,53,342,rf_var,Plain RF,1
27,1,21,rf_var,Plain RF,1
27,2,1514,rf_var,Plain RF,1
27,3,35834,rf_var,Plain RF,1
27,4,3610,rf_var,Plain RF,1
27,5,3873,rf_var,Plain RF,1
27,6,3694,rf_var,Plain RF,1
27,7,26375,rf_var,Plain RF,1
27,9,678,rf_var,Plain RF,1
27,10,91,rf_var,Plain RF,1
27,11,12689,rf_var,Plain RF,1
27,12,5584,rf_var,Plain RF,1
27,13,3625,rf_var,Plain RF,1
27,14,6762,rf_var,Plain RF,1
27,15,21584,rf_var,Plain RF,1
27,16,30,rf_var,Plain RF,1
27,17,35,rf_var,Plain RF,1
27,18,47,rf_var,Plain RF,1
27,19,1708,rf_var,Plain RF,1
27,20,69,rf_var,Plain RF,1
27,21,93,rf_var,Plain RF,1
27,22,21,rf_var,Plain RF,1
27,23,4520,rf_var,Plain RF,1
27,24,4720,rf_var,Plain RF,1
27,25,403,rf_var,Plain RF,1
27,26,385,rf_var,Plain RF,1
27,27,634822,rf_var,Plain RF,1
27,28,5167,rf_var,Plain RF,1
27,29,35,rf_var,Plain RF,1
27,30,157,rf_var,Plain RF,1
27,31,26,rf_var,Plain RF,1
27,32,2143,rf_var,Plain RF,1
27,33,16303,rf_var,Plain RF,1
27,34,54,rf_var,Plain RF,1
27,35,32,rf_var,Plain RF,1
27,36,1722,rf_var,Plain RF,1
27,37,30522,rf_var,Plain RF,1
27,38,1739,rf_var,Plain RF,1
27,39,176,rf_var,Plain RF,1
27,40,264,rf_var,Plain RF,1
27,41,17690,rf_var,Plain RF,1
27,42,27,rf_var,Plain RF,1
27,43,27,rf_var,Plain RF,1
27,44,531,rf_var,Plain RF,1
27,45,85,rf_var,Plain RF,1
27,46,169,rf_var,Plain RF,1
27,47,9206,rf_var,Plain RF,1
27,48,87,rf_var,Plain RF,1
27,49,61,rf_var,Plain RF,1
27,50,16,rf_var,Plain RF,1
27,52,22,rf_var,Plain RF,1
27,53,13,rf_var,Plain RF,1
27,54,22,rf_var,Plain RF,1
27,55,32,rf_var,Plain RF,1
28,1,625,rf_var,Plain RF,1
28,2,52,rf_var,Plain RF,1
28,3,1152,rf_var,Plain RF,1
28,5,224,rf_var,Plain RF,1
28,7,479,rf_var,Plain RF,1
28,10,1198,rf_var,Plain RF,1
28,13,25,rf_var,Plain RF,1
28,15,50,rf_var,Plain RF,1
28,16,49,rf_var,Plain RF,1
28,18,746,rf_var,Plain RF,1
28,19,8,rf_var,Plain RF,1
28,20,32,rf_var,Plain RF,1
28,21,640,rf_var,Plain RF,1
28,23,121,rf_var,Plain RF,1
28,24,29,rf_var,Plain RF,1
28,25,29,rf_var,Plain RF,1
28,26,797,rf_var,Plain RF,1
28,27,1339,rf_var,Plain RF,1
28,28,22579,rf_var,Plain RF,1
28,30,1769,rf_var,Plain RF,1
28,31,8,rf_var,Plain RF,1
28,33,372,rf_var,Plain RF,1
28,34,275,rf_var,Plain RF,1
28,36,2789,rf_var,Plain RF,1
28,37,3,rf_var,Plain RF,1
28,39,1156,rf_var,Plain RF,1
28,40,934,rf_var,Plain RF,1
28,41,251,rf_var,Plain RF,1
28,44,3319,rf_var,Plain RF,1
28,45,222,rf_var,Plain RF,1
28,46,733,rf_var,Plain RF,1
28,47,2858,rf_var,Plain RF,1
28,49,421,rf_var,Plain RF,1
28,50,417,rf_var,Plain RF,1
28,55,341,rf_var,Plain RF,1
29,2,7,rf_var,Plain RF,1
29,3,2,rf_var,Plain RF,1
29,4,5,rf_var,Plain RF,1
29,5,1,rf_var,Plain RF,1
29,7,627,rf_var,Plain RF,1
29,9,1,rf_var,Plain RF,1
29,10,4,rf_var,Plain RF,1
29,12,47,rf_var,Plain RF,1
29,13,58,rf_var,Plain RF,1
29,14,4,rf_var,Plain RF,1
29,15,3759,rf_var,Plain RF,1
29,16,5,rf_var,Plain RF,1
29,17,3,rf_var,Plain RF,1
29,18,2,rf_var,Plain RF,1
29,19,1845,rf_var,Plain RF,1
29,20,28,rf_var,Plain RF,1
29,21,4,rf_var,Plain RF,1
29,22,12,rf_var,Plain RF,1
29,23,6845,rf_var,Plain RF,1
29,24,14759,rf_var,Plain RF,1
29,25,742,rf_var,Plain RF,1
29,26,4,rf_var,Plain RF,1
29,27,25,rf_var,Plain RF,1
29,28,2,rf_var,Plain RF,1
29,29,130071,rf_var,Plain RF,1
29,30,5,rf_var,Plain RF,1
29,31,5,rf_var,Plain RF,1
29,32,1290,rf_var,Plain RF,1
29,33,1508,rf_var,Plain RF,1
29,34,5,rf_var,Plain RF,1
29,35,1525,rf_var,Plain RF,1
29,36,2,rf_var,Plain RF,1
29,38,1075,rf_var,Plain RF,1
29,39,3,rf_var,Plain RF,1
29,40,14,rf_var,Plain RF,1
29,42,1,rf_var,Plain RF,1
29,43,2,rf_var,Plain RF,1
29,44,1,rf_var,Plain RF,1
29,45,3,rf_var,Plain RF,1
29,46,7,rf_var,Plain RF,1
29,47,4,rf_var,Plain RF,1
29,48,2,rf_var,Plain RF,1
29,49,7,rf_var,Plain RF,1
29,50,5,rf_var,Plain RF,1
29,52,4,rf_var,Plain RF,1
29,53,2,rf_var,Plain RF,1
29,54,2,rf_var,Plain RF,1
29,55,4,rf_var,Plain RF,1
30,1,234,rf_var,Plain RF,1
30,2,5,rf_var,Plain RF,1
30,3,5848,rf_var,Plain RF,1
30,4,181,rf_var,Plain RF,1
30,5,3132,rf_var,Plain RF,1
30,6,4,rf_var,Plain RF,1
30,7,2204,rf_var,Plain RF,1
30,9,11,rf_var,Plain RF,1
30,10,3882,rf_var,Plain RF,1
30,11,64,rf_var,Plain RF,1
30,12,10,rf_var,Plain RF,1
30,13,7,rf_var,Plain RF,1
30,14,8,rf_var,Plain RF,1
30,15,7,rf_var,Plain RF,1
30,16,6,rf_var,Plain RF,1
30,17,10,rf_var,Plain RF,1
30,18,20,rf_var,Plain RF,1
30,19,7,rf_var,Plain RF,1
30,20,9,rf_var,Plain RF,1
30,21,54423,rf_var,Plain RF,1
30,22,5,rf_var,Plain RF,1
30,23,10,rf_var,Plain RF,1
30,24,2,rf_var,Plain RF,1
30,25,9,rf_var,Plain RF,1
30,26,34078,rf_var,Plain RF,1
30,27,677,rf_var,Plain RF,1
30,28,10353,rf_var,Plain RF,1
30,29,6,rf_var,Plain RF,1
30,30,248563,rf_var,Plain RF,1
30,31,8,rf_var,Plain RF,1
30,32,8,rf_var,Plain RF,1
30,33,480,rf_var,Plain RF,1
30,34,1390,rf_var,Plain RF,1
30,35,8,rf_var,Plain RF,1
30,36,20250,rf_var,Plain RF,1
30,37,357,rf_var,Plain RF,1
30,38,1,rf_var,Plain RF,1
30,39,7673,rf_var,Plain RF,1
30,40,49411,rf_var,Plain RF,1
30,41,2013,rf_var,Plain RF,1
30,42,10,rf_var,Plain RF,1
30,43,7,rf_var,Plain RF,1
30,44,47851,rf_var,Plain RF,1
30,45,371,rf_var,Plain RF,1
30,46,2394,rf_var,Plain RF,1
30,47,44390,rf_var,Plain RF,1
30,48,874,rf_var,Plain RF,1
30,49,28970,rf_var,Plain RF,1
30,50,1799,rf_var,Plain RF,1
30,52,223,rf_var,Plain RF,1
30,53,2691,rf_var,Plain RF,1
30,54,1012,rf_var,Plain RF,1
30,55,591,rf_var,Plain RF,1
31,1,4557,rf_var,Plain RF,1
31,2,190,rf_var,Plain RF,1
31,3,5,rf_var,Plain RF,1
31,4,8,rf_var,Plain RF,1
31,5,56,rf_var,Plain RF,1
31,6,268,rf_var,Plain RF,1
31,7,1327,rf_var,Plain RF,1
31,9,1,rf_var,Plain RF,1
31,10,49,rf_var,Plain RF,1
31,11,27,rf_var,Plain RF,1
31,12,1,rf_var,Plain RF,1
31,13,8717,rf_var,Plain RF,1
31,14,60,rf_var,Plain RF,1
31,15,367,rf_var,Plain RF,1
31,16,48586,rf_var,Plain RF,1
31,17,19,rf_var,Plain RF,1
31,18,10197,rf_var,Plain RF,1
31,19,1779,rf_var,Plain RF,1
31,20,43131,rf_var,Plain RF,1
31,21,4,rf_var,Plain RF,1
31,22,22215,rf_var,Plain RF,1
31,23,720,rf_var,Plain RF,1
31,24,4128,rf_var,Plain RF,1
31,25,24811,rf_var,Plain RF,1
31,27,17,rf_var,Plain RF,1
31,28,2,rf_var,Plain RF,1
31,29,47,rf_var,Plain RF,1
31,30,11,rf_var,Plain RF,1
31,31,593488,rf_var,Plain RF,1
31,32,1441,rf_var,Plain RF,1
31,33,1851,rf_var,Plain RF,1
31,35,165,rf_var,Plain RF,1
31,36,50,rf_var,Plain RF,1
31,37,11,rf_var,Plain RF,1
31,39,150,rf_var,Plain RF,1
31,40,2,rf_var,Plain RF,1
31,41,4,rf_var,Plain RF,1
31,42,67454,rf_var,Plain RF,1
31,43,557,rf_var,Plain RF,1
31,44,3,rf_var,Plain RF,1
31,45,4213,rf_var,Plain RF,1
31,46,60,rf_var,Plain RF,1
31,47,2,rf_var,Plain RF,1
31,48,17,rf_var,Plain RF,1
31,49,1,rf_var,Plain RF,1
31,50,603,rf_var,Plain RF,1
31,52,2,rf_var,Plain RF,1
31,53,2,rf_var,Plain RF,1
31,55,2,rf_var,Plain RF,1
32,3,1,rf_var,Plain RF,1
32,6,1,rf_var,Plain RF,1
32,7,805,rf_var,Plain RF,1
32,12,6,rf_var,Plain RF,1
32,13,1587,rf_var,Plain RF,1
32,14,306,rf_var,Plain RF,1
32,15,1546,rf_var,Plain RF,1
32,16,19,rf_var,Plain RF,1
32,18,112,rf_var,Plain RF,1
32,19,526,rf_var,Plain RF,1
32,20,96,rf_var,Plain RF,1
32,23,2492,rf_var,Plain RF,1
32,24,5058,rf_var,Plain RF,1
32,25,2932,rf_var,Plain RF,1
32,27,146,rf_var,Plain RF,1
32,29,887,rf_var,Plain RF,1
32,31,299,rf_var,Plain RF,1
32,32,40497,rf_var,Plain RF,1
32,33,1976,rf_var,Plain RF,1
32,35,665,rf_var,Plain RF,1
32,38,210,rf_var,Plain RF,1
32,42,315,rf_var,Plain RF,1
32,43,1,rf_var,Plain RF,1
32,50,1,rf_var,Plain RF,1
33,1,1379,rf_var,Plain RF,1
33,2,202,rf_var,Plain RF,1
33,3,6049,rf_var,Plain RF,1
33,4,2,rf_var,Plain RF,1
33,5,2334,rf_var,Plain RF,1
33,6,10,rf_var,Plain RF,1
33,7,23120,rf_var,Plain RF,1
33,10,376,rf_var,Plain RF,1
33,11,3236,rf_var,Plain RF,1
33,12,2930,rf_var,Plain RF,1
33,13,22403,rf_var,Plain RF,1
33,14,607,rf_var,Plain RF,1
33,15,4404,rf_var,Plain RF,1
33,16,427,rf_var,Plain RF,1
33,18,508,rf_var,Plain RF,1
33,19,36,rf_var,Plain RF,1
33,20,365,rf_var,Plain RF,1
33,23,3304,rf_var,Plain RF,1
33,24,9885,rf_var,Plain RF,1
33,25,6084,rf_var,Plain RF,1
33,26,38,rf_var,Plain RF,1
33,27,3487,rf_var,Plain RF,1
33,28,474,rf_var,Plain RF,1
33,29,2951,rf_var,Plain RF,1
33,30,22,rf_var,Plain RF,1
33,31,76,rf_var,Plain RF,1
33,32,4626,rf_var,Plain RF,1
33,33,259060,rf_var,Plain RF,1
33,34,9,rf_var,Plain RF,1
33,35,894,rf_var,Plain RF,1
33,36,139,rf_var,Plain RF,1
33,37,3188,rf_var,Plain RF,1
33,39,41,rf_var,Plain RF,1
33,40,112,rf_var,Plain RF,1
33,41,24754,rf_var,Plain RF,1
33,42,1,rf_var,Plain RF,1
33,44,1250,rf_var,Plain RF,1
33,45,635,rf_var,Plain RF,1
33,46,29,rf_var,Plain RF,1
33,47,188,rf_var,Plain RF,1
33,49,72,rf_var,Plain RF,1
33,50,3,rf_var,Plain RF,1
33,52,41,rf_var,Plain RF,1
34,3,50,rf_var,Plain RF,1
34,7,8,rf_var,Plain RF,1
34,10,416,rf_var,Plain RF,1
34,11,2,rf_var,Plain RF,1
34,12,1,rf_var,Plain RF,1
34,14,3,rf_var,Plain RF,1
34,15,2,rf_var,Plain RF,1
34,16,2,rf_var,Plain RF,1
34,17,3,rf_var,Plain RF,1
34,18,5,rf_var,Plain RF,1
34,20,2,rf_var,Plain RF,1
34,22,3,rf_var,Plain RF,1
34,25,1,rf_var,Plain RF,1
34,26,23,rf_var,Plain RF,1
34,27,24,rf_var,Plain RF,1
34,28,6,rf_var,Plain RF,1
34,30,32,rf_var,Plain RF,1
34,32,1,rf_var,Plain RF,1
34,33,3,rf_var,Plain RF,1
34,34,3952,rf_var,Plain RF,1
34,35,2,rf_var,Plain RF,1
34,36,103,rf_var,Plain RF,1
34,37,1,rf_var,Plain RF,1
34,39,201,rf_var,Plain RF,1
34,40,18,rf_var,Plain RF,1
34,43,3,rf_var,Plain RF,1
34,44,7,rf_var,Plain RF,1
34,46,104,rf_var,Plain RF,1
34,47,1,rf_var,Plain RF,1
34,48,1,rf_var,Plain RF,1
34,49,167,rf_var,Plain RF,1
34,50,7,rf_var,Plain RF,1
34,52,2,rf_var,Plain RF,1
34,53,2,rf_var,Plain RF,1
34,55,1,rf_var,Plain RF,1
35,7,1,rf_var,Plain RF,1
35,13,120,rf_var,Plain RF,1
35,14,87,rf_var,Plain RF,1
35,15,45,rf_var,Plain RF,1
35,16,31,rf_var,Plain RF,1
35,18,6,rf_var,Plain RF,1
35,19,30,rf_var,Plain RF,1
35,23,587,rf_var,Plain RF,1
35,24,2082,rf_var,Plain RF,1
35,25,750,rf_var,Plain RF,1
35,29,533,rf_var,Plain RF,1
35,32,335,rf_var,Plain RF,1
35,33,270,rf_var,Plain RF,1
35,35,27983,rf_var,Plain RF,1
35,38,4,rf_var,Plain RF,1
36,1,7,rf_var,Plain RF,1
36,3,247,rf_var,Plain RF,1
36,5,9,rf_var,Plain RF,1
36,7,77,rf_var,Plain RF,1
36,9,23,rf_var,Plain RF,1
36,10,365,rf_var,Plain RF,1
36,12,37,rf_var,Plain RF,1
36,13,28,rf_var,Plain RF,1
36,16,4,rf_var,Plain RF,1
36,21,279,rf_var,Plain RF,1
36,26,537,rf_var,Plain RF,1
36,27,2,rf_var,Plain RF,1
36,28,991,rf_var,Plain RF,1
36,30,808,rf_var,Plain RF,1
36,33,32,rf_var,Plain RF,1
36,34,344,rf_var,Plain RF,1
36,36,16388,rf_var,Plain RF,1
36,39,141,rf_var,Plain RF,1
36,40,394,rf_var,Plain RF,1
36,41,152,rf_var,Plain RF,1
36,44,924,rf_var,Plain RF,1
36,45,4,rf_var,Plain RF,1
36,46,102,rf_var,Plain RF,1
36,47,319,rf_var,Plain RF,1
36,48,22,rf_var,Plain RF,1
36,49,239,rf_var,Plain RF,1
36,50,37,rf_var,Plain RF,1
36,53,38,rf_var,Plain RF,1
36,55,25,rf_var,Plain RF,1
37,1,287,rf_var,Plain RF,1
37,2,109,rf_var,Plain RF,1
37,3,11897,rf_var,Plain RF,1
37,4,12,rf_var,Plain RF,1
37,5,423,rf_var,Plain RF,1
37,6,170,rf_var,Plain RF,1
37,7,7241,rf_var,Plain RF,1
37,9,87,rf_var,Plain RF,1
37,10,832,rf_var,Plain RF,1
37,11,333,rf_var,Plain RF,1
37,12,428,rf_var,Plain RF,1
37,13,1384,rf_var,Plain RF,1
37,14,573,rf_var,Plain RF,1
37,15,33,rf_var,Plain RF,1
37,16,11,rf_var,Plain RF,1
37,17,4,rf_var,Plain RF,1
37,18,218,rf_var,Plain RF,1
37,19,15,rf_var,Plain RF,1
37,20,3,rf_var,Plain RF,1
37,21,857,rf_var,Plain RF,1
37,22,4,rf_var,Plain RF,1
37,23,4,rf_var,Plain RF,1
37,24,4,rf_var,Plain RF,1
37,25,552,rf_var,Plain RF,1
37,26,87,rf_var,Plain RF,1
37,27,11561,rf_var,Plain RF,1
37,28,255,rf_var,Plain RF,1
37,29,2,rf_var,Plain RF,1
37,30,572,rf_var,Plain RF,1
37,31,1,rf_var,Plain RF,1
37,32,9,rf_var,Plain RF,1
37,33,4988,rf_var,Plain RF,1
37,34,94,rf_var,Plain RF,1
37,35,3,rf_var,Plain RF,1
37,36,25,rf_var,Plain RF,1
37,37,140235,rf_var,Plain RF,1
37,38,3,rf_var,Plain RF,1
37,39,246,rf_var,Plain RF,1
37,40,34,rf_var,Plain RF,1
37,41,7490,rf_var,Plain RF,1
37,42,1,rf_var,Plain RF,1
37,43,3,rf_var,Plain RF,1
37,44,40,rf_var,Plain RF,1
37,45,8,rf_var,Plain RF,1
37,46,145,rf_var,Plain RF,1
37,47,590,rf_var,Plain RF,1
37,48,2,rf_var,Plain RF,1
37,49,13,rf_var,Plain RF,1
37,50,3,rf_var,Plain RF,1
37,52,3,rf_var,Plain RF,1
37,53,2,rf_var,Plain RF,1
37,54,4,rf_var,Plain RF,1
37,55,6,rf_var,Plain RF,1
38,13,35,rf_var,Plain RF,1
38,15,226,rf_var,Plain RF,1
38,17,1,rf_var,Plain RF,1
38,19,348,rf_var,Plain RF,1
38,23,664,rf_var,Plain RF,1
38,24,309,rf_var,Plain RF,1
38,25,44,rf_var,Plain RF,1
38,27,416,rf_var,Plain RF,1
38,29,88,rf_var,Plain RF,1
38,32,67,rf_var,Plain RF,1
38,38,27834,rf_var,Plain RF,1
39,1,31,rf_var,Plain RF,1
39,5,57,rf_var,Plain RF,1
39,7,21,rf_var,Plain RF,1
39,10,3737,rf_var,Plain RF,1
39,13,2,rf_var,Plain RF,1
39,16,109,rf_var,Plain RF,1
39,18,238,rf_var,Plain RF,1
39,20,18,rf_var,Plain RF,1
39,23,80,rf_var,Plain RF,1
39,24,2,rf_var,Plain RF,1
39,26,14,rf_var,Plain RF,1
39,28,19,rf_var,Plain RF,1
39,30,255,rf_var,Plain RF,1
39,34,651,rf_var,Plain RF,1
39,36,64,rf_var,Plain RF,1
39,39,13633,rf_var,Plain RF,1
39,40,63,rf_var,Plain RF,1
39,43,1,rf_var,Plain RF,1
39,44,73,rf_var,Plain RF,1
39,45,86,rf_var,Plain RF,1
39,46,2515,rf_var,Plain RF,1
39,47,67,rf_var,Plain RF,1
39,49,63,rf_var,Plain RF,1
39,50,144,rf_var,Plain RF,1
40,1,167,rf_var,Plain RF,1
40,2,9,rf_var,Plain RF,1
40,3,823,rf_var,Plain RF,1
40,4,19,rf_var,Plain RF,1
40,5,2185,rf_var,Plain RF,1
40,6,7,rf_var,Plain RF,1
40,7,1482,rf_var,Plain RF,1
40,9,4,rf_var,Plain RF,1
40,10,3490,rf_var,Plain RF,1
40,11,16,rf_var,Plain RF,1
40,12,7,rf_var,Plain RF,1
40,13,10,rf_var,Plain RF,1
40,14,5,rf_var,Plain RF,1
40,15,6,rf_var,Plain RF,1
40,16,9,rf_var,Plain RF,1
40,17,8,rf_var,Plain RF,1
40,18,8,rf_var,Plain RF,1
40,19,8,rf_var,Plain RF,1
40,20,38,rf_var,Plain RF,1
40,21,27201,rf_var,Plain RF,1
40,22,10,rf_var,Plain RF,1
40,23,11,rf_var,Plain RF,1
40,24,8,rf_var,Plain RF,1
40,25,30,rf_var,Plain RF,1
40,26,7092,rf_var,Plain RF,1
40,27,111,rf_var,Plain RF,1
40,28,6744,rf_var,Plain RF,1
40,29,13,rf_var,Plain RF,1
40,30,33081,rf_var,Plain RF,1
40,31,90,rf_var,Plain RF,1
40,32,7,rf_var,Plain RF,1
40,33,35,rf_var,Plain RF,1
40,34,712,rf_var,Plain RF,1
40,35,8,rf_var,Plain RF,1
40,36,14964,rf_var,Plain RF,1
40,37,17,rf_var,Plain RF,1
40,38,8,rf_var,Plain RF,1
40,39,2266,rf_var,Plain RF,1
40,40,131396,rf_var,Plain RF,1
40,41,995,rf_var,Plain RF,1
40,42,4,rf_var,Plain RF,1
40,43,8,rf_var,Plain RF,1
40,44,29351,rf_var,Plain RF,1
40,45,180,rf_var,Plain RF,1
40,46,2622,rf_var,Plain RF,1
40,47,30838,rf_var,Plain RF,1
40,48,488,rf_var,Plain RF,1
40,49,26431,rf_var,Plain RF,1
40,50,1445,rf_var,Plain RF,1
40,52,4103,rf_var,Plain RF,1
40,53,7246,rf_var,Plain RF,1
40,54,1228,rf_var,Plain RF,1
40,55,2617,rf_var,Plain RF,1
41,1,5,rf_var,Plain RF,1
41,2,25,rf_var,Plain RF,1
41,3,3753,rf_var,Plain RF,1
41,4,2,rf_var,Plain RF,1
41,5,163,rf_var,Plain RF,1
41,6,15,rf_var,Plain RF,1
41,7,8828,rf_var,Plain RF,1
41,10,114,rf_var,Plain RF,1
41,11,12,rf_var,Plain RF,1
41,12,320,rf_var,Plain RF,1
41,13,536,rf_var,Plain RF,1
41,14,2,rf_var,Plain RF,1
41,15,33,rf_var,Plain RF,1
41,16,1,rf_var,Plain RF,1
41,17,1,rf_var,Plain RF,1
41,18,6,rf_var,Plain RF,1
41,20,2,rf_var,Plain RF,1
41,21,400,rf_var,Plain RF,1
41,23,1,rf_var,Plain RF,1
41,25,3,rf_var,Plain RF,1
41,26,450,rf_var,Plain RF,1
41,27,3625,rf_var,Plain RF,1
41,28,1464,rf_var,Plain RF,1
41,30,1975,rf_var,Plain RF,1
41,32,9,rf_var,Plain RF,1
41,33,12000,rf_var,Plain RF,1
41,34,5,rf_var,Plain RF,1
41,36,2058,rf_var,Plain RF,1
41,37,5444,rf_var,Plain RF,1
41,38,1,rf_var,Plain RF,1
41,39,18,rf_var,Plain RF,1
41,40,223,rf_var,Plain RF,1
41,41,47693,rf_var,Plain RF,1
41,43,1,rf_var,Plain RF,1
41,44,282,rf_var,Plain RF,1
41,45,21,rf_var,Plain RF,1
41,46,7,rf_var,Plain RF,1
41,47,1663,rf_var,Plain RF,1
41,49,81,rf_var,Plain RF,1
41,55,1,rf_var,Plain RF,1
42,4,1,rf_var,Plain RF,1
42,5,1,rf_var,Plain RF,1
42,6,3,rf_var,Plain RF,1
42,7,200,rf_var,Plain RF,1
42,9,1,rf_var,Plain RF,1
42,10,2,rf_var,Plain RF,1
42,11,4,rf_var,Plain RF,1
42,12,1,rf_var,Plain RF,1
42,13,57,rf_var,Plain RF,1
42,14,3,rf_var,Plain RF,1
42,15,87,rf_var,Plain RF,1
42,16,400,rf_var,Plain RF,1
42,18,47,rf_var,Plain RF,1
42,19,634,rf_var,Plain RF,1
42,20,11240,rf_var,Plain RF,1
42,22,1355,rf_var,Plain RF,1
42,23,20,rf_var,Plain RF,1
42,24,1830,rf_var,Plain RF,1
42,25,2276,rf_var,Plain RF,1
42,26,1,rf_var,Plain RF,1
42,30,2,rf_var,Plain RF,1
42,31,15674,rf_var,Plain RF,1
42,32,205,rf_var,Plain RF,1
42,33,9,rf_var,Plain RF,1
42,35,2,rf_var,Plain RF,1
42,36,3,rf_var,Plain RF,1
42,37,2,rf_var,Plain RF,1
42,38,2,rf_var,Plain RF,1
42,40,1,rf_var,Plain RF,1
42,41,1,rf_var,Plain RF,1
42,42,119305,rf_var,Plain RF,1
42,43,1623,rf_var,Plain RF,1
42,44,2,rf_var,Plain RF,1
42,46,1,rf_var,Plain RF,1
42,47,8,rf_var,Plain RF,1
42,48,1,rf_var,Plain RF,1
42,49,4,rf_var,Plain RF,1
42,50,2,rf_var,Plain RF,1
42,52,1,rf_var,Plain RF,1
42,53,1,rf_var,Plain RF,1
42,54,2,rf_var,Plain RF,1
42,55,5,rf_var,Plain RF,1
43,10,6,rf_var,Plain RF,1
43,16,324,rf_var,Plain RF,1
43,18,35,rf_var,Plain RF,1
43,19,6,rf_var,Plain RF,1
43,20,36,rf_var,Plain RF,1
43,24,44,rf_var,Plain RF,1
43,25,71,rf_var,Plain RF,1
43,31,1,rf_var,Plain RF,1
43,39,2,rf_var,Plain RF,1
43,42,115,rf_var,Plain RF,1
43,43,4937,rf_var,Plain RF,1
43,46,115,rf_var,Plain RF,1
44,1,580,rf_var,Plain RF,1
44,2,25,rf_var,Plain RF,1
44,3,2404,rf_var,Plain RF,1
44,4,26,rf_var,Plain RF,1
44,5,2439,rf_var,Plain RF,1
44,6,17,rf_var,Plain RF,1
44,7,3008,rf_var,Plain RF,1
44,9,15,rf_var,Plain RF,1
44,10,2181,rf_var,Plain RF,1
44,11,16,rf_var,Plain RF,1
44,12,14,rf_var,Plain RF,1
44,13,614,rf_var,Plain RF,1
44,14,17,rf_var,Plain RF,1
44,15,19,rf_var,Plain RF,1
44,16,130,rf_var,Plain RF,1
44,17,12,rf_var,Plain RF,1
44,18,1020,rf_var,Plain RF,1
44,19,53,rf_var,Plain RF,1
44,20,59,rf_var,Plain RF,1
44,21,31489,rf_var,Plain RF,1
44,22,18,rf_var,Plain RF,1
44,23,16,rf_var,Plain RF,1
44,24,24,rf_var,Plain RF,1
44,25,16,rf_var,Plain RF,1
44,26,13641,rf_var,Plain RF,1
44,27,133,rf_var,Plain RF,1
44,28,23555,rf_var,Plain RF,1
44,29,20,rf_var,Plain RF,1
44,30,67443,rf_var,Plain RF,1
44,31,44,rf_var,Plain RF,1
44,32,19,rf_var,Plain RF,1
44,33,2132,rf_var,Plain RF,1
44,34,1018,rf_var,Plain RF,1
44,35,13,rf_var,Plain RF,1
44,36,36441,rf_var,Plain RF,1
44,37,46,rf_var,Plain RF,1
44,38,15,rf_var,Plain RF,1
44,39,6180,rf_var,Plain RF,1
44,40,53725,rf_var,Plain RF,1
44,41,1291,rf_var,Plain RF,1
44,42,14,rf_var,Plain RF,1
44,43,20,rf_var,Plain RF,1
44,44,194643,rf_var,Plain RF,1
44,45,1224,rf_var,Plain RF,1
44,46,1570,rf_var,Plain RF,1
44,47,42801,rf_var,Plain RF,1
44,48,88,rf_var,Plain RF,1
44,49,28087,rf_var,Plain RF,1
44,50,4732,rf_var,Plain RF,1
44,52,4641,rf_var,Plain RF,1
44,53,21614,rf_var,Plain RF,1
44,54,8817,rf_var,Plain RF,1
44,55,8012,rf_var,Plain RF,1
45,1,120,rf_var,Plain RF,1
45,2,2,rf_var,Plain RF,1
45,5,185,rf_var,Plain RF,1
45,6,1,rf_var,Plain RF,1
45,7,1,rf_var,Plain RF,1
45,10,145,rf_var,Plain RF,1
45,13,143,rf_var,Plain RF,1
45,14,1,rf_var,Plain RF,1
45,15,5,rf_var,Plain RF,1
45,16,1172,rf_var,Plain RF,1
45,18,103,rf_var,Plain RF,1
45,20,263,rf_var,Plain RF,1
45,22,1,rf_var,Plain RF,1
45,23,17,rf_var,Plain RF,1
45,24,319,rf_var,Plain RF,1
45,25,42,rf_var,Plain RF,1
45,26,1,rf_var,Plain RF,1
45,27,1,rf_var,Plain RF,1
45,28,15,rf_var,Plain RF,1
45,29,106,rf_var,Plain RF,1
45,30,98,rf_var,Plain RF,1
45,31,145,rf_var,Plain RF,1
45,33,6,rf_var,Plain RF,1
45,34,113,rf_var,Plain RF,1
45,37,1,rf_var,Plain RF,1
45,39,411,rf_var,Plain RF,1
45,40,39,rf_var,Plain RF,1
45,41,1,rf_var,Plain RF,1
45,42,3,rf_var,Plain RF,1
45,44,71,rf_var,Plain RF,1
45,45,11565,rf_var,Plain RF,1
45,46,1269,rf_var,Plain RF,1
45,47,8,rf_var,Plain RF,1
45,49,27,rf_var,Plain RF,1
45,50,2,rf_var,Plain RF,1
45,52,1,rf_var,Plain RF,1
45,53,1,rf_var,Plain RF,1
45,54,1,rf_var,Plain RF,1
46,1,614,rf_var,Plain RF,1
46,2,61,rf_var,Plain RF,1
46,3,97,rf_var,Plain RF,1
46,4,14,rf_var,Plain RF,1
46,5,257,rf_var,Plain RF,1
46,6,3,rf_var,Plain RF,1
46,7,177,rf_var,Plain RF,1
46,9,1,rf_var,Plain RF,1
46,10,22925,rf_var,Plain RF,1
46,11,7,rf_var,Plain RF,1
46,12,7,rf_var,Plain RF,1
46,13,251,rf_var,Plain RF,1
46,14,5,rf_var,Plain RF,1
46,15,2,rf_var,Plain RF,1
46,16,9032,rf_var,Plain RF,1
46,17,5,rf_var,Plain RF,1
46,18,8419,rf_var,Plain RF,1
46,19,5,rf_var,Plain RF,1
46,20,1928,rf_var,Plain RF,1
46,21,18,rf_var,Plain RF,1
46,22,16,rf_var,Plain RF,1
46,23,5,rf_var,Plain RF,1
46,24,8,rf_var,Plain RF,1
46,25,19,rf_var,Plain RF,1
46,26,391,rf_var,Plain RF,1
46,27,3,rf_var,Plain RF,1
46,28,324,rf_var,Plain RF,1
46,29,5,rf_var,Plain RF,1
46,30,515,rf_var,Plain RF,1
46,31,14,rf_var,Plain RF,1
46,32,1,rf_var,Plain RF,1
46,33,37,rf_var,Plain RF,1
46,34,2016,rf_var,Plain RF,1
46,35,3,rf_var,Plain RF,1
46,36,647,rf_var,Plain RF,1
46,37,22,rf_var,Plain RF,1
46,38,6,rf_var,Plain RF,1
46,39,9232,rf_var,Plain RF,1
46,40,1078,rf_var,Plain RF,1
46,41,12,rf_var,Plain RF,1
46,42,4,rf_var,Plain RF,1
46,43,206,rf_var,Plain RF,1
46,44,616,rf_var,Plain RF,1
46,45,8116,rf_var,Plain RF,1
46,46,66031,rf_var,Plain RF,1
46,47,1197,rf_var,Plain RF,1
46,48,4,rf_var,Plain RF,1
46,49,1888,rf_var,Plain RF,1
46,50,213,rf_var,Plain RF,1
46,52,9,rf_var,Plain RF,1
46,53,5,rf_var,Plain RF,1
46,54,8,rf_var,Plain RF,1
46,55,3,rf_var,Plain RF,1
47,1,131,rf_var,Plain RF,1
47,2,17,rf_var,Plain RF,1
47,3,1764,rf_var,Plain RF,1
47,4,46,rf_var,Plain RF,1
47,5,2897,rf_var,Plain RF,1
47,6,52,rf_var,Plain RF,1
47,7,2092,rf_var,Plain RF,1
47,9,11,rf_var,Plain RF,1
47,10,2779,rf_var,Plain RF,1
47,11,61,rf_var,Plain RF,1
47,12,7,rf_var,Plain RF,1
47,13,13,rf_var,Plain RF,1
47,14,7,rf_var,Plain RF,1
47,15,15,rf_var,Plain RF,1
47,16,19,rf_var,Plain RF,1
47,17,10,rf_var,Plain RF,1
47,18,18,rf_var,Plain RF,1
47,19,16,rf_var,Plain RF,1
47,20,15,rf_var,Plain RF,1
47,21,7550,rf_var,Plain RF,1
47,22,10,rf_var,Plain RF,1
47,23,11,rf_var,Plain RF,1
47,24,13,rf_var,Plain RF,1
47,25,12,rf_var,Plain RF,1
47,26,1591,rf_var,Plain RF,1
47,27,2056,rf_var,Plain RF,1
47,28,14170,rf_var,Plain RF,1
47,29,16,rf_var,Plain RF,1
47,30,14659,rf_var,Plain RF,1
47,31,19,rf_var,Plain RF,1
47,32,17,rf_var,Plain RF,1
47,33,802,rf_var,Plain RF,1
47,34,523,rf_var,Plain RF,1
47,35,14,rf_var,Plain RF,1
47,36,9178,rf_var,Plain RF,1
47,37,199,rf_var,Plain RF,1
47,38,19,rf_var,Plain RF,1
47,39,1218,rf_var,Plain RF,1
47,40,36290,rf_var,Plain RF,1
47,41,714,rf_var,Plain RF,1
47,42,24,rf_var,Plain RF,1
47,43,15,rf_var,Plain RF,1
47,44,31529,rf_var,Plain RF,1
47,45,64,rf_var,Plain RF,1
47,46,1985,rf_var,Plain RF,1
47,47,202162,rf_var,Plain RF,1
47,48,465,rf_var,Plain RF,1
47,49,12919,rf_var,Plain RF,1
47,50,2112,rf_var,Plain RF,1
47,52,3899,rf_var,Plain RF,1
47,53,26,rf_var,Plain RF,1
47,54,14,rf_var,Plain RF,1
47,55,182,rf_var,Plain RF,1
48,4,7,rf_var,Plain RF,1
48,10,1,rf_var,Plain RF,1
48,21,33,rf_var,Plain RF,1
48,26,1,rf_var,Plain RF,1
48,27,8,rf_var,Plain RF,1
48,28,4,rf_var,Plain RF,1
48,30,14,rf_var,Plain RF,1
48,31,1,rf_var,Plain RF,1
48,35,1,rf_var,Plain RF,1
48,40,3,rf_var,Plain RF,1
48,43,9,rf_var,Plain RF,1
48,44,3,rf_var,Plain RF,1
48,47,6,rf_var,Plain RF,1
48,48,1486,rf_var,Plain RF,1
48,49,23,rf_var,Plain RF,1
48,53,23,rf_var,Plain RF,1
48,55,1,rf_var,Plain RF,1
49,1,107,rf_var,Plain RF,1
49,2,3,rf_var,Plain RF,1
49,3,89,rf_var,Plain RF,1
49,4,31,rf_var,Plain RF,1
49,5,453,rf_var,Plain RF,1
49,6,3,rf_var,Plain RF,1
49,7,81,rf_var,Plain RF,1
49,9,7,rf_var,Plain RF,1
49,10,7799,rf_var,Plain RF,1
49,11,6,rf_var,Plain RF,1
49,12,1,rf_var,Plain RF,1
49,13,4,rf_var,Plain RF,1
49,14,7,rf_var,Plain RF,1
49,15,9,rf_var,Plain RF,1
49,16,4,rf_var,Plain RF,1
49,17,5,rf_var,Plain RF,1
49,18,3,rf_var,Plain RF,1
49,19,5,rf_var,Plain RF,1
49,20,26,rf_var,Plain RF,1
49,21,3674,rf_var,Plain RF,1
49,22,6,rf_var,Plain RF,1
49,23,10,rf_var,Plain RF,1
49,24,6,rf_var,Plain RF,1
49,25,7,rf_var,Plain RF,1
49,26,9356,rf_var,Plain RF,1
49,27,6,rf_var,Plain RF,1
49,28,1541,rf_var,Plain RF,1
49,29,6,rf_var,Plain RF,1
49,30,20405,rf_var,Plain RF,1
49,31,5,rf_var,Plain RF,1
49,32,9,rf_var,Plain RF,1
49,33,4,rf_var,Plain RF,1
49,34,2373,rf_var,Plain RF,1
49,35,6,rf_var,Plain RF,1
49,36,5048,rf_var,Plain RF,1
49,37,17,rf_var,Plain RF,1
49,38,7,rf_var,Plain RF,1
49,39,1152,rf_var,Plain RF,1
49,40,11566,rf_var,Plain RF,1
49,41,12,rf_var,Plain RF,1
49,42,6,rf_var,Plain RF,1
49,43,2,rf_var,Plain RF,1
49,44,7334,rf_var,Plain RF,1
49,45,122,rf_var,Plain RF,1
49,46,1179,rf_var,Plain RF,1
49,47,3165,rf_var,Plain RF,1
49,48,54,rf_var,Plain RF,1
49,49,70044,rf_var,Plain RF,1
49,50,416,rf_var,Plain RF,1
49,52,9703,rf_var,Plain RF,1
49,53,1465,rf_var,Plain RF,1
49,54,46,rf_var,Plain RF,1
49,55,358,rf_var,Plain RF,1
50,1,1,rf_var,Plain RF,1
50,2,4,rf_var,Plain RF,1
50,3,1,rf_var,Plain RF,1
50,4,1,rf_var,Plain RF,1
50,6,2,rf_var,Plain RF,1
50,7,3,rf_var,Plain RF,1
50,10,27,rf_var,Plain RF,1
50,14,1,rf_var,Plain RF,1
50,15,1,rf_var,Plain RF,1
50,16,1,rf_var,Plain RF,1
50,17,1,rf_var,Plain RF,1
50,20,1,rf_var,Plain RF,1
50,21,11,rf_var,Plain RF,1
50,22,1,rf_var,Plain RF,1
50,23,1,rf_var,Plain RF,1
50,25,1,rf_var,Plain RF,1
50,26,1,rf_var,Plain RF,1
50,28,25,rf_var,Plain RF,1
50,30,6,rf_var,Plain RF,1
50,32,2,rf_var,Plain RF,1
50,34,7,rf_var,Plain RF,1
50,35,1,rf_var,Plain RF,1
50,36,1,rf_var,Plain RF,1
50,37,1,rf_var,Plain RF,1
50,39,49,rf_var,Plain RF,1
50,40,28,rf_var,Plain RF,1
50,41,1,rf_var,Plain RF,1
50,43,1,rf_var,Plain RF,1
50,44,38,rf_var,Plain RF,1
50,46,15,rf_var,Plain RF,1
50,47,25,rf_var,Plain RF,1
50,48,2,rf_var,Plain RF,1
50,49,1,rf_var,Plain RF,1
50,50,1970,rf_var,Plain RF,1
50,53,53,rf_var,Plain RF,1
50,54,4,rf_var,Plain RF,1
50,55,3,rf_var,Plain RF,1
52,1,10,rf_var,Plain RF,1
52,2,6,rf_var,Plain RF,1
52,3,9,rf_var,Plain RF,1
52,4,10,rf_var,Plain RF,1
52,5,4,rf_var,Plain RF,1
52,6,10,rf_var,Plain RF,1
52,7,12,rf_var,Plain RF,1
52,9,9,rf_var,Plain RF,1
52,10,11,rf_var,Plain RF,1
52,11,10,rf_var,Plain RF,1
52,12,12,rf_var,Plain RF,1
52,13,5,rf_var,Plain RF,1
52,14,9,rf_var,Plain RF,1
52,15,13,rf_var,Plain RF,1
52,16,6,rf_var,Plain RF,1
52,17,5,rf_var,Plain RF,1
52,18,13,rf_var,Plain RF,1
52,19,5,rf_var,Plain RF,1
52,20,5,rf_var,Plain RF,1
52,21,44,rf_var,Plain RF,1
52,22,8,rf_var,Plain RF,1
52,23,4,rf_var,Plain RF,1
52,24,5,rf_var,Plain RF,1
52,25,9,rf_var,Plain RF,1
52,26,60,rf_var,Plain RF,1
52,27,4,rf_var,Plain RF,1
52,28,10,rf_var,Plain RF,1
52,29,4,rf_var,Plain RF,1
52,30,1,rf_var,Plain RF,1
52,31,6,rf_var,Plain RF,1
52,32,4,rf_var,Plain RF,1
52,33,8,rf_var,Plain RF,1
52,34,2,rf_var,Plain RF,1
52,35,9,rf_var,Plain RF,1
52,36,3,rf_var,Plain RF,1
52,37,3,rf_var,Plain RF,1
52,38,8,rf_var,Plain RF,1
52,39,5,rf_var,Plain RF,1
52,40,318,rf_var,Plain RF,1
52,41,5,rf_var,Plain RF,1
52,42,8,rf_var,Plain RF,1
52,43,11,rf_var,Plain RF,1
52,44,169,rf_var,Plain RF,1
52,45,7,rf_var,Plain RF,1
52,46,6,rf_var,Plain RF,1
52,47,47,rf_var,Plain RF,1
52,49,1132,rf_var,Plain RF,1
52,50,1,rf_var,Plain RF,1
52,52,20484,rf_var,Plain RF,1
52,53,679,rf_var,Plain RF,1
52,54,7,rf_var,Plain RF,1
52,55,400,rf_var,Plain RF,1
53,1,11,rf_var,Plain RF,1
53,2,88,rf_var,Plain RF,1
53,3,17,rf_var,Plain RF,1
53,4,15,rf_var,Plain RF,1
53,5,21,rf_var,Plain RF,1
53,6,12,rf_var,Plain RF,1
53,7,8,rf_var,Plain RF,1
53,9,18,rf_var,Plain RF,1
53,10,22,rf_var,Plain RF,1
53,11,12,rf_var,Plain RF,1
53,12,8,rf_var,Plain RF,1
53,13,9,rf_var,Plain RF,1
53,14,14,rf_var,Plain RF,1
53,15,22,rf_var,Plain RF,1
53,16,21,rf_var,Plain RF,1
53,17,20,rf_var,Plain RF,1
53,18,23,rf_var,Plain RF,1
53,19,21,rf_var,Plain RF,1
53,20,23,rf_var,Plain RF,1
53,21,2155,rf_var,Plain RF,1
53,22,15,rf_var,Plain RF,1
53,23,18,rf_var,Plain RF,1
53,24,26,rf_var,Plain RF,1
53,25,14,rf_var,Plain RF,1
53,26,459,rf_var,Plain RF,1
53,27,10,rf_var,Plain RF,1
53,28,71,rf_var,Plain RF,1
53,29,19,rf_var,Plain RF,1
53,30,354,rf_var,Plain RF,1
53,31,16,rf_var,Plain RF,1
53,32,23,rf_var,Plain RF,1
53,33,7,rf_var,Plain RF,1
53,34,215,rf_var,Plain RF,1
53,35,17,rf_var,Plain RF,1
53,36,45,rf_var,Plain RF,1
53,37,20,rf_var,Plain RF,1
53,38,17,rf_var,Plain RF,1
53,39,44,rf_var,Plain RF,1
53,40,1060,rf_var,Plain RF,1
53,41,21,rf_var,Plain RF,1
53,42,18,rf_var,Plain RF,1
53,43,18,rf_var,Plain RF,1
53,44,2303,rf_var,Plain RF,1
53,45,16,rf_var,Plain RF,1
53,46,35,rf_var,Plain RF,1
53,47,35,rf_var,Plain RF,1
53,48,31,rf_var,Plain RF,1
53,49,1209,rf_var,Plain RF,1
53,50,455,rf_var,Plain RF,1
53,52,1893,rf_var,Plain RF,1
53,53,49866,rf_var,Plain RF,1
53,54,1688,rf_var,Plain RF,1
53,55,1911,rf_var,Plain RF,1
54,1,4,rf_var,Plain RF,1
54,2,3,rf_var,Plain RF,1
54,3,6,rf_var,Plain RF,1
54,4,2,rf_var,Plain RF,1
54,6,2,rf_var,Plain RF,1
54,7,2,rf_var,Plain RF,1
54,9,6,rf_var,Plain RF,1
54,10,3,rf_var,Plain RF,1
54,11,6,rf_var,Plain RF,1
54,12,5,rf_var,Plain RF,1
54,13,4,rf_var,Plain RF,1
54,14,3,rf_var,Plain RF,1
54,17,3,rf_var,Plain RF,1
54,18,6,rf_var,Plain RF,1
54,19,2,rf_var,Plain RF,1
54,20,4,rf_var,Plain RF,1
54,21,156,rf_var,Plain RF,1
54,22,3,rf_var,Plain RF,1
54,23,8,rf_var,Plain RF,1
54,24,2,rf_var,Plain RF,1
54,25,1,rf_var,Plain RF,1
54,26,1,rf_var,Plain RF,1
54,28,10,rf_var,Plain RF,1
54,29,3,rf_var,Plain RF,1
54,30,5,rf_var,Plain RF,1
54,31,4,rf_var,Plain RF,1
54,32,3,rf_var,Plain RF,1
54,33,2,rf_var,Plain RF,1
54,34,19,rf_var,Plain RF,1
54,35,1,rf_var,Plain RF,1
54,36,14,rf_var,Plain RF,1
54,37,2,rf_var,Plain RF,1
54,38,9,rf_var,Plain RF,1
54,39,3,rf_var,Plain RF,1
54,40,55,rf_var,Plain RF,1
54,41,2,rf_var,Plain RF,1
54,42,8,rf_var,Plain RF,1
54,43,9,rf_var,Plain RF,1
54,44,209,rf_var,Plain RF,1
54,45,3,rf_var,Plain RF,1
54,46,3,rf_var,Plain RF,1
54,47,3,rf_var,Plain RF,1
54,48,1,rf_var,Plain RF,1
54,49,4,rf_var,Plain RF,1
54,50,25,rf_var,Plain RF,1
54,52,5,rf_var,Plain RF,1
54,53,151,rf_var,Plain RF,1
54,54,10759,rf_var,Plain RF,1
54,55,4,rf_var,Plain RF,1
55,21,10,rf_var,Plain RF,1
55,25,1,rf_var,Plain RF,1
55,28,52,rf_var,Plain RF,1
55,35,1,rf_var,Plain RF,1
55,36,6,rf_var,Plain RF,1
55,40,93,rf_var,Plain RF,1
55,44,172,rf_var,Plain RF,1
55,49,3,rf_var,Plain RF,1
55,50,3,rf_var,Plain RF,1
55,52,377,rf_var,Plain RF,1
55,53,214,rf_var,Plain RF,1
55,55,5451,rf_var,Plain RF,1
1,1,13489,rf_var,Plain RF,3
1,2,6,rf_var,Plain RF,3
1,3,13,rf_var,Plain RF,3
1,4,1,rf_var,Plain RF,3
1,5,7,rf_var,Plain RF,3
1,6,6,rf_var,Plain RF,3
1,7,81,rf_var,Plain RF,3
1,10,83,rf_var,Plain RF,3
1,11,2,rf_var,Plain RF,3
1,12,4,rf_var,Plain RF,3
1,13,192,rf_var,Plain RF,3
1,15,2,rf_var,Plain RF,3
1,16,23,rf_var,Plain RF,3
1,17,51,rf_var,Plain RF,3
1,18,64,rf_var,Plain RF,3
1,19,4,rf_var,Plain RF,3
1,20,16,rf_var,Plain RF,3
1,21,94,rf_var,Plain RF,3
1,22,1,rf_var,Plain RF,3
1,23,2,rf_var,Plain RF,3
1,24,1,rf_var,Plain RF,3
1,25,148,rf_var,Plain RF,3
1,26,3,rf_var,Plain RF,3
1,27,2,rf_var,Plain RF,3
1,28,8,rf_var,Plain RF,3
1,29,6,rf_var,Plain RF,3
1,30,7,rf_var,Plain RF,3
1,31,70,rf_var,Plain RF,3
1,32,17,rf_var,Plain RF,3
1,33,48,rf_var,Plain RF,3
1,35,2,rf_var,Plain RF,3
1,36,1,rf_var,Plain RF,3
1,37,6,rf_var,Plain RF,3
1,38,3,rf_var,Plain RF,3
1,39,313,rf_var,Plain RF,3
1,40,34,rf_var,Plain RF,3
1,41,1,rf_var,Plain RF,3
1,42,38,rf_var,Plain RF,3
1,43,1,rf_var,Plain RF,3
1,44,19,rf_var,Plain RF,3
1,45,142,rf_var,Plain RF,3
1,46,58,rf_var,Plain RF,3
1,47,46,rf_var,Plain RF,3
1,48,3,rf_var,Plain RF,3
1,49,3,rf_var,Plain RF,3
1,50,137,rf_var,Plain RF,3
1,52,1,rf_var,Plain RF,3
1,54,1,rf_var,Plain RF,3
1,55,3,rf_var,Plain RF,3
2,1,614,rf_var,Plain RF,3
2,2,253532,rf_var,Plain RF,3
2,3,3952,rf_var,Plain RF,3
2,4,691,rf_var,Plain RF,3
2,5,2500,rf_var,Plain RF,3
2,6,762,rf_var,Plain RF,3
2,7,1449,rf_var,Plain RF,3
2,9,904,rf_var,Plain RF,3
2,10,788,rf_var,Plain RF,3
2,11,3355,rf_var,Plain RF,3
2,12,727,rf_var,Plain RF,3
2,13,2758,rf_var,Plain RF,3
2,14,198,rf_var,Plain RF,3
2,15,17,rf_var,Plain RF,3
2,16,3412,rf_var,Plain RF,3
2,17,282,rf_var,Plain RF,3
2,18,3297,rf_var,Plain RF,3
2,19,12,rf_var,Plain RF,3
2,20,336,rf_var,Plain RF,3
2,21,22,rf_var,Plain RF,3
2,22,161,rf_var,Plain RF,3
2,23,17,rf_var,Plain RF,3
2,24,123,rf_var,Plain RF,3
2,25,787,rf_var,Plain RF,3
2,26,16,rf_var,Plain RF,3
2,27,571,rf_var,Plain RF,3
2,28,175,rf_var,Plain RF,3
2,29,14,rf_var,Plain RF,3
2,30,149,rf_var,Plain RF,3
2,31,318,rf_var,Plain RF,3
2,32,98,rf_var,Plain RF,3
2,33,114,rf_var,Plain RF,3
2,34,130,rf_var,Plain RF,3
2,35,11,rf_var,Plain RF,3
2,36,67,rf_var,Plain RF,3
2,37,48,rf_var,Plain RF,3
2,38,11,rf_var,Plain RF,3
2,39,58,rf_var,Plain RF,3
2,40,24,rf_var,Plain RF,3
2,41,179,rf_var,Plain RF,3
2,42,18,rf_var,Plain RF,3
2,43,4,rf_var,Plain RF,3
2,44,220,rf_var,Plain RF,3
2,45,36,rf_var,Plain RF,3
2,46,55,rf_var,Plain RF,3
2,47,7,rf_var,Plain RF,3
2,48,13,rf_var,Plain RF,3
2,49,13,rf_var,Plain RF,3
2,50,97,rf_var,Plain RF,3
2,52,22,rf_var,Plain RF,3
2,53,596,rf_var,Plain RF,3
2,54,13,rf_var,Plain RF,3
2,55,270,rf_var,Plain RF,3
3,1,1020,rf_var,Plain RF,3
3,2,4628,rf_var,Plain RF,3
3,3,475032,rf_var,Plain RF,3
3,4,1967,rf_var,Plain RF,3
3,5,3663,rf_var,Plain RF,3
3,6,2000,rf_var,Plain RF,3
3,7,7817,rf_var,Plain RF,3
3,9,686,rf_var,Plain RF,3
3,10,1919,rf_var,Plain RF,3
3,11,3694,rf_var,Plain RF,3
3,12,5314,rf_var,Plain RF,3
3,13,3162,rf_var,Plain RF,3
3,14,1226,rf_var,Plain RF,3
3,15,1413,rf_var,Plain RF,3
3,16,41,rf_var,Plain RF,3
3,17,19,rf_var,Plain RF,3
3,18,1217,rf_var,Plain RF,3
3,19,37,rf_var,Plain RF,3
3,20,11,rf_var,Plain RF,3
3,21,338,rf_var,Plain RF,3
3,22,115,rf_var,Plain RF,3
3,23,147,rf_var,Plain RF,3
3,24,1490,rf_var,Plain RF,3
3,25,297,rf_var,Plain RF,3
3,26,306,rf_var,Plain RF,3
3,27,7966,rf_var,Plain RF,3
3,28,3176,rf_var,Plain RF,3
3,29,13,rf_var,Plain RF,3
3,30,513,rf_var,Plain RF,3
3,31,16,rf_var,Plain RF,3
3,32,300,rf_var,Plain RF,3
3,33,6137,rf_var,Plain RF,3
3,34,208,rf_var,Plain RF,3
3,35,15,rf_var,Plain RF,3
3,36,1816,rf_var,Plain RF,3
3,37,3722,rf_var,Plain RF,3
3,38,10,rf_var,Plain RF,3
3,39,782,rf_var,Plain RF,3
3,40,227,rf_var,Plain RF,3
3,41,6411,rf_var,Plain RF,3
3,42,13,rf_var,Plain RF,3
3,43,17,rf_var,Plain RF,3
3,44,848,rf_var,Plain RF,3
3,45,69,rf_var,Plain RF,3
3,46,646,rf_var,Plain RF,3
3,47,1720,rf_var,Plain RF,3
3,48,18,rf_var,Plain RF,3
3,49,84,rf_var,Plain RF,3
3,50,39,rf_var,Plain RF,3
3,52,12,rf_var,Plain RF,3
3,53,15,rf_var,Plain RF,3
3,54,10,rf_var,Plain RF,3
3,55,11,rf_var,Plain RF,3
4,1,32,rf_var,Plain RF,3
4,2,718,rf_var,Plain RF,3
4,3,1100,rf_var,Plain RF,3
4,4,79207,rf_var,Plain RF,3
4,5,715,rf_var,Plain RF,3
4,6,282,rf_var,Plain RF,3
4,7,392,rf_var,Plain RF,3
4,9,140,rf_var,Plain RF,3
4,10,11,rf_var,Plain RF,3
4,11,1475,rf_var,Plain RF,3
4,12,724,rf_var,Plain RF,3
4,13,2075,rf_var,Plain RF,3
4,14,1078,rf_var,Plain RF,3
4,15,987,rf_var,Plain RF,3
4,16,536,rf_var,Plain RF,3
4,17,259,rf_var,Plain RF,3
4,18,40,rf_var,Plain RF,3
4,19,32,rf_var,Plain RF,3
4,20,197,rf_var,Plain RF,3
4,21,29,rf_var,Plain RF,3
4,22,264,rf_var,Plain RF,3
4,23,66,rf_var,Plain RF,3
4,24,1,rf_var,Plain RF,3
4,25,71,rf_var,Plain RF,3
4,26,26,rf_var,Plain RF,3
4,27,455,rf_var,Plain RF,3
4,28,8,rf_var,Plain RF,3
4,29,5,rf_var,Plain RF,3
4,30,106,rf_var,Plain RF,3
4,31,13,rf_var,Plain RF,3
4,32,2,rf_var,Plain RF,3
4,33,111,rf_var,Plain RF,3
4,34,5,rf_var,Plain RF,3
4,35,16,rf_var,Plain RF,3
4,36,8,rf_var,Plain RF,3
4,37,7,rf_var,Plain RF,3
4,38,5,rf_var,Plain RF,3
4,39,52,rf_var,Plain RF,3
4,40,5,rf_var,Plain RF,3
4,41,5,rf_var,Plain RF,3
4,42,8,rf_var,Plain RF,3
4,43,7,rf_var,Plain RF,3
4,44,3,rf_var,Plain RF,3
4,45,12,rf_var,Plain RF,3
4,46,6,rf_var,Plain RF,3
4,47,3,rf_var,Plain RF,3
4,48,13,rf_var,Plain RF,3
4,49,4,rf_var,Plain RF,3
4,50,62,rf_var,Plain RF,3
4,52,5,rf_var,Plain RF,3
4,53,8,rf_var,Plain RF,3
4,54,8,rf_var,Plain RF,3
4,55,6,rf_var,Plain RF,3
5,1,482,rf_var,Plain RF,3
5,2,1682,rf_var,Plain RF,3
5,3,2147,rf_var,Plain RF,3
5,4,696,rf_var,Plain RF,3
5,5,146306,rf_var,Plain RF,3
5,6,638,rf_var,Plain RF,3
5,7,2420,rf_var,Plain RF,3
5,9,189,rf_var,Plain RF,3
5,10,2175,rf_var,Plain RF,3
5,11,2054,rf_var,Plain RF,3
5,12,2812,rf_var,Plain RF,3
5,13,3403,rf_var,Plain RF,3
5,14,2083,rf_var,Plain RF,3
5,15,882,rf_var,Plain RF,3
5,16,2184,rf_var,Plain RF,3
5,17,321,rf_var,Plain RF,3
5,18,384,rf_var,Plain RF,3
5,19,12,rf_var,Plain RF,3
5,20,714,rf_var,Plain RF,3
5,21,1138,rf_var,Plain RF,3
5,22,270,rf_var,Plain RF,3
5,23,84,rf_var,Plain RF,3
5,24,943,rf_var,Plain RF,3
5,25,885,rf_var,Plain RF,3
5,26,928,rf_var,Plain RF,3
5,27,1696,rf_var,Plain RF,3
5,28,143,rf_var,Plain RF,3
5,29,56,rf_var,Plain RF,3
5,30,262,rf_var,Plain RF,3
5,31,71,rf_var,Plain RF,3
5,32,55,rf_var,Plain RF,3
5,33,1721,rf_var,Plain RF,3
5,34,268,rf_var,Plain RF,3
5,35,112,rf_var,Plain RF,3
5,36,877,rf_var,Plain RF,3
5,37,356,rf_var,Plain RF,3
5,38,11,rf_var,Plain RF,3
5,39,1185,rf_var,Plain RF,3
5,40,783,rf_var,Plain RF,3
5,41,1625,rf_var,Plain RF,3
5,42,204,rf_var,Plain RF,3
5,43,10,rf_var,Plain RF,3
5,44,1253,rf_var,Plain RF,3
5,45,310,rf_var,Plain RF,3
5,46,1517,rf_var,Plain RF,3
5,47,1551,rf_var,Plain RF,3
5,48,13,rf_var,Plain RF,3
5,49,481,rf_var,Plain RF,3
5,50,38,rf_var,Plain RF,3
5,52,11,rf_var,Plain RF,3
5,53,7,rf_var,Plain RF,3
5,54,6,rf_var,Plain RF,3
5,55,9,rf_var,Plain RF,3
6,1,34,rf_var,Plain RF,3
6,2,420,rf_var,Plain RF,3
6,3,433,rf_var,Plain RF,3
6,4,207,rf_var,Plain RF,3
6,5,202,rf_var,Plain RF,3
6,6,80772,rf_var,Plain RF,3
6,7,247,rf_var,Plain RF,3
6,9,116,rf_var,Plain RF,3
6,10,108,rf_var,Plain RF,3
6,11,596,rf_var,Plain RF,3
6,12,678,rf_var,Plain RF,3
6,13,64,rf_var,Plain RF,3
6,14,50,rf_var,Plain RF,3
6,15,373,rf_var,Plain RF,3
6,16,48,rf_var,Plain RF,3
6,17,17,rf_var,Plain RF,3
6,18,95,rf_var,Plain RF,3
6,19,16,rf_var,Plain RF,3
6,20,11,rf_var,Plain RF,3
6,21,1633,rf_var,Plain RF,3
6,22,49,rf_var,Plain RF,3
6,23,195,rf_var,Plain RF,3
6,24,1050,rf_var,Plain RF,3
6,25,741,rf_var,Plain RF,3
6,26,47,rf_var,Plain RF,3
6,27,564,rf_var,Plain RF,3
6,28,66,rf_var,Plain RF,3
6,29,50,rf_var,Plain RF,3
6,30,313,rf_var,Plain RF,3
6,31,193,rf_var,Plain RF,3
6,32,11,rf_var,Plain RF,3
6,33,97,rf_var,Plain RF,3
6,34,12,rf_var,Plain RF,3
6,35,13,rf_var,Plain RF,3
6,36,14,rf_var,Plain RF,3
6,37,141,rf_var,Plain RF,3
6,38,15,rf_var,Plain RF,3
6,39,25,rf_var,Plain RF,3
6,40,14,rf_var,Plain RF,3
6,41,15,rf_var,Plain RF,3
6,42,107,rf_var,Plain RF,3
6,43,10,rf_var,Plain RF,3
6,44,13,rf_var,Plain RF,3
6,45,9,rf_var,Plain RF,3
6,46,11,rf_var,Plain RF,3
6,47,165,rf_var,Plain RF,3
6,48,28,rf_var,Plain RF,3
6,49,149,rf_var,Plain RF,3
6,50,18,rf_var,Plain RF,3
6,52,10,rf_var,Plain RF,3
6,53,12,rf_var,Plain RF,3
6,54,5,rf_var,Plain RF,3
6,55,12,rf_var,Plain RF,3
7,1,866,rf_var,Plain RF,3
7,2,1661,rf_var,Plain RF,3
7,3,2872,rf_var,Plain RF,3
7,4,903,rf_var,Plain RF,3
7,5,1126,rf_var,Plain RF,3
7,6,590,rf_var,Plain RF,3
7,7,175776,rf_var,Plain RF,3
7,9,524,rf_var,Plain RF,3
7,10,874,rf_var,Plain RF,3
7,11,1141,rf_var,Plain RF,3
7,12,1865,rf_var,Plain RF,3
7,13,3187,rf_var,Plain RF,3
7,14,1639,rf_var,Plain RF,3
7,15,1603,rf_var,Plain RF,3
7,16,228,rf_var,Plain RF,3
7,17,1,rf_var,Plain RF,3
7,18,932,rf_var,Plain RF,3
7,19,393,rf_var,Plain RF,3
7,20,219,rf_var,Plain RF,3
7,21,578,rf_var,Plain RF,3
7,22,20,rf_var,Plain RF,3
7,23,1545,rf_var,Plain RF,3
7,24,2415,rf_var,Plain RF,3
7,25,1950,rf_var,Plain RF,3
7,26,643,rf_var,Plain RF,3
7,27,1928,rf_var,Plain RF,3
7,28,983,rf_var,Plain RF,3
7,29,143,rf_var,Plain RF,3
7,30,150,rf_var,Plain RF,3
7,31,361,rf_var,Plain RF,3
7,32,663,rf_var,Plain RF,3
7,33,3242,rf_var,Plain RF,3
7,34,452,rf_var,Plain RF,3
7,35,265,rf_var,Plain RF,3
7,36,1750,rf_var,Plain RF,3
7,37,639,rf_var,Plain RF,3
7,38,10,rf_var,Plain RF,3
7,39,588,rf_var,Plain RF,3
7,40,855,rf_var,Plain RF,3
7,41,2216,rf_var,Plain RF,3
7,42,166,rf_var,Plain RF,3
7,43,4,rf_var,Plain RF,3
7,44,927,rf_var,Plain RF,3
7,45,113,rf_var,Plain RF,3
7,46,396,rf_var,Plain RF,3
7,47,509,rf_var,Plain RF,3
7,48,1,rf_var,Plain RF,3
7,49,968,rf_var,Plain RF,3
7,50,70,rf_var,Plain RF,3
7,52,2,rf_var,Plain RF,3
7,53,2,rf_var,Plain RF,3
7,54,4,rf_var,Plain RF,3
7,55,8,rf_var,Plain RF,3
9,1,1,rf_var,Plain RF,3
9,2,23,rf_var,Plain RF,3
9,3,109,rf_var,Plain RF,3
9,4,6,rf_var,Plain RF,3
9,5,6,rf_var,Plain RF,3
9,7,5,rf_var,Plain RF,3
9,9,29919,rf_var,Plain RF,3
9,10,9,rf_var,Plain RF,3
9,11,217,rf_var,Plain RF,3
9,12,36,rf_var,Plain RF,3
9,13,39,rf_var,Plain RF,3
9,14,48,rf_var,Plain RF,3
9,15,3,rf_var,Plain RF,3
9,16,3,rf_var,Plain RF,3
9,17,1,rf_var,Plain RF,3
9,18,2,rf_var,Plain RF,3
9,19,1,rf_var,Plain RF,3
9,20,1,rf_var,Plain RF,3
9,23,2,rf_var,Plain RF,3
9,25,1,rf_var,Plain RF,3
9,26,3,rf_var,Plain RF,3
9,27,26,rf_var,Plain RF,3
9,28,2,rf_var,Plain RF,3
9,29,3,rf_var,Plain RF,3
9,31,1,rf_var,Plain RF,3
9,32,3,rf_var,Plain RF,3
9,34,1,rf_var,Plain RF,3
9,35,2,rf_var,Plain RF,3
9,36,4,rf_var,Plain RF,3
9,38,1,rf_var,Plain RF,3
9,40,1,rf_var,Plain RF,3
9,42,2,rf_var,Plain RF,3
9,43,5,rf_var,Plain RF,3
9,46,2,rf_var,Plain RF,3
9,47,1,rf_var,Plain RF,3
9,48,4,rf_var,Plain RF,3
9,50,2,rf_var,Plain RF,3
9,52,1,rf_var,Plain RF,3
9,53,2,rf_var,Plain RF,3
9,54,1,rf_var,Plain RF,3
9,55,1,rf_var,Plain RF,3
10,1,452,rf_var,Plain RF,3
10,2,5,rf_var,Plain RF,3
10,3,506,rf_var,Plain RF,3
10,4,8,rf_var,Plain RF,3
10,5,292,rf_var,Plain RF,3
10,6,11,rf_var,Plain RF,3
10,7,118,rf_var,Plain RF,3
10,9,118,rf_var,Plain RF,3
10,10,120979,rf_var,Plain RF,3
10,11,19,rf_var,Plain RF,3
10,12,32,rf_var,Plain RF,3
10,13,72,rf_var,Plain RF,3
10,14,21,rf_var,Plain RF,3
10,15,36,rf_var,Plain RF,3
10,16,1731,rf_var,Plain RF,3
10,17,7,rf_var,Plain RF,3
10,18,2069,rf_var,Plain RF,3
10,19,14,rf_var,Plain RF,3
10,20,1431,rf_var,Plain RF,3
10,21,28,rf_var,Plain RF,3
10,22,8,rf_var,Plain RF,3
10,23,15,rf_var,Plain RF,3
10,24,19,rf_var,Plain RF,3
10,25,6,rf_var,Plain RF,3
10,26,172,rf_var,Plain RF,3
10,27,13,rf_var,Plain RF,3
10,28,463,rf_var,Plain RF,3
10,29,17,rf_var,Plain RF,3
10,30,604,rf_var,Plain RF,3
10,31,44,rf_var,Plain RF,3
10,32,7,rf_var,Plain RF,3
10,33,194,rf_var,Plain RF,3
10,34,1011,rf_var,Plain RF,3
10,35,14,rf_var,Plain RF,3
10,36,622,rf_var,Plain RF,3
10,37,30,rf_var,Plain RF,3
10,38,10,rf_var,Plain RF,3
10,39,4087,rf_var,Plain RF,3
10,40,742,rf_var,Plain RF,3
10,41,9,rf_var,Plain RF,3
10,42,17,rf_var,Plain RF,3
10,43,199,rf_var,Plain RF,3
10,44,180,rf_var,Plain RF,3
10,45,615,rf_var,Plain RF,3
10,46,6608,rf_var,Plain RF,3
10,47,711,rf_var,Plain RF,3
10,48,11,rf_var,Plain RF,3
10,49,1518,rf_var,Plain RF,3
10,50,291,rf_var,Plain RF,3
10,52,27,rf_var,Plain RF,3
10,53,23,rf_var,Plain RF,3
10,54,19,rf_var,Plain RF,3
10,55,9,rf_var,Plain RF,3
11,2,934,rf_var,Plain RF,3
11,3,1301,rf_var,Plain RF,3
11,4,2872,rf_var,Plain RF,3
11,5,2883,rf_var,Plain RF,3
11,6,1077,rf_var,Plain RF,3
11,7,3185,rf_var,Plain RF,3
11,9,11,rf_var,Plain RF,3
11,10,34,rf_var,Plain RF,3
11,11,125873,rf_var,Plain RF,3
11,12,1205,rf_var,Plain RF,3
11,13,1798,rf_var,Plain RF,3
11,14,1341,rf_var,Plain RF,3
11,15,423,rf_var,Plain RF,3
11,16,526,rf_var,Plain RF,3
11,17,25,rf_var,Plain RF,3
11,18,101,rf_var,Plain RF,3
11,19,4,rf_var,Plain RF,3
11,20,347,rf_var,Plain RF,3
11,21,3,rf_var,Plain RF,3
11,22,101,rf_var,Plain RF,3
11,23,28,rf_var,Plain RF,3
11,24,352,rf_var,Plain RF,3
11,25,499,rf_var,Plain RF,3
11,26,3,rf_var,Plain RF,3
11,27,686,rf_var,Plain RF,3
11,28,17,rf_var,Plain RF,3
11,29,2,rf_var,Plain RF,3
11,30,5,rf_var,Plain RF,3
11,31,110,rf_var,Plain RF,3
11,32,38,rf_var,Plain RF,3
11,33,728,rf_var,Plain RF,3
11,34,24,rf_var,Plain RF,3
11,35,4,rf_var,Plain RF,3
11,36,2,rf_var,Plain RF,3
11,37,37,rf_var,Plain RF,3
11,38,2,rf_var,Plain RF,3
11,39,34,rf_var,Plain RF,3
11,40,5,rf_var,Plain RF,3
11,41,275,rf_var,Plain RF,3
11,42,21,rf_var,Plain RF,3
11,43,4,rf_var,Plain RF,3
11,44,9,rf_var,Plain RF,3
11,45,23,rf_var,Plain RF,3
11,46,57,rf_var,Plain RF,3
11,47,6,rf_var,Plain RF,3
11,48,4,rf_var,Plain RF,3
11,49,2,rf_var,Plain RF,3
11,50,12,rf_var,Plain RF,3
11,52,5,rf_var,Plain RF,3
11,53,5,rf_var,Plain RF,3
11,54,4,rf_var,Plain RF,3
11,55,10,rf_var,Plain RF,3
12,1,304,rf_var,Plain RF,3
12,2,1237,rf_var,Plain RF,3
12,3,12408,rf_var,Plain RF,3
12,4,1750,rf_var,Plain RF,3
12,5,2940,rf_var,Plain RF,3
12,6,2099,rf_var,Plain RF,3
12,7,6090,rf_var,Plain RF,3
12,9,3148,rf_var,Plain RF,3
12,10,9,rf_var,Plain RF,3
12,11,3417,rf_var,Plain RF,3
12,12,316813,rf_var,Plain RF,3
12,13,5506,rf_var,Plain RF,3
12,14,2219,rf_var,Plain RF,3
12,15,2626,rf_var,Plain RF,3
12,16,7,rf_var,Plain RF,3
12,17,11,rf_var,Plain RF,3
12,18,22,rf_var,Plain RF,3
12,19,117,rf_var,Plain RF,3
12,20,5,rf_var,Plain RF,3
12,21,9,rf_var,Plain RF,3
12,22,101,rf_var,Plain RF,3
12,23,637,rf_var,Plain RF,3
12,24,1973,rf_var,Plain RF,3
12,25,985,rf_var,Plain RF,3
12,26,293,rf_var,Plain RF,3
12,27,5615,rf_var,Plain RF,3
12,28,15,rf_var,Plain RF,3
12,29,52,rf_var,Plain RF,3
12,30,2,rf_var,Plain RF,3
12,31,8,rf_var,Plain RF,3
12,32,38,rf_var,Plain RF,3
12,33,2549,rf_var,Plain RF,3
12,34,30,rf_var,Plain RF,3
12,35,13,rf_var,Plain RF,3
12,36,4,rf_var,Plain RF,3
12,37,19,rf_var,Plain RF,3
12,38,25,rf_var,Plain RF,3
12,39,11,rf_var,Plain RF,3
12,40,3,rf_var,Plain RF,3
12,41,973,rf_var,Plain RF,3
12,42,7,rf_var,Plain RF,3
12,43,6,rf_var,Plain RF,3
12,44,7,rf_var,Plain RF,3
12,45,35,rf_var,Plain RF,3
12,46,16,rf_var,Plain RF,3
12,47,2,rf_var,Plain RF,3
12,48,6,rf_var,Plain RF,3
12,49,7,rf_var,Plain RF,3
12,50,10,rf_var,Plain RF,3
12,52,6,rf_var,Plain RF,3
12,53,12,rf_var,Plain RF,3
12,54,9,rf_var,Plain RF,3
12,55,7,rf_var,Plain RF,3
13,1,618,rf_var,Plain RF,3
13,2,1365,rf_var,Plain RF,3
13,3,1540,rf_var,Plain RF,3
13,4,3939,rf_var,Plain RF,3
13,5,4436,rf_var,Plain RF,3
13,6,424,rf_var,Plain RF,3
13,7,8035,rf_var,Plain RF,3
13,9,18,rf_var,Plain RF,3
13,10,26,rf_var,Plain RF,3
13,11,8716,rf_var,Plain RF,3
13,12,6054,rf_var,Plain RF,3
13,13,533021,rf_var,Plain RF,3
13,14,3276,rf_var,Plain RF,3
13,15,8712,rf_var,Plain RF,3
13,16,5036,rf_var,Plain RF,3
13,17,40,rf_var,Plain RF,3
13,18,4057,rf_var,Plain RF,3
13,19,165,rf_var,Plain RF,3
13,20,1954,rf_var,Plain RF,3
13,21,11,rf_var,Plain RF,3
13,22,1506,rf_var,Plain RF,3
13,23,161,rf_var,Plain RF,3
13,24,3935,rf_var,Plain RF,3
13,25,4826,rf_var,Plain RF,3
13,26,15,rf_var,Plain RF,3
13,27,1442,rf_var,Plain RF,3
13,28,95,rf_var,Plain RF,3
13,29,92,rf_var,Plain RF,3
13,30,44,rf_var,Plain RF,3
13,31,2577,rf_var,Plain RF,3
13,32,1867,rf_var,Plain RF,3
13,33,8136,rf_var,Plain RF,3
13,34,6,rf_var,Plain RF,3
13,35,697,rf_var,Plain RF,3
13,36,15,rf_var,Plain RF,3
13,37,185,rf_var,Plain RF,3
13,38,12,rf_var,Plain RF,3
13,39,12,rf_var,Plain RF,3
13,40,10,rf_var,Plain RF,3
13,41,951,rf_var,Plain RF,3
13,42,794,rf_var,Plain RF,3
13,43,8,rf_var,Plain RF,3
13,44,6,rf_var,Plain RF,3
13,45,5,rf_var,Plain RF,3
13,46,43,rf_var,Plain RF,3
13,47,6,rf_var,Plain RF,3
13,48,12,rf_var,Plain RF,3
13,49,12,rf_var,Plain RF,3
13,50,15,rf_var,Plain RF,3
13,52,8,rf_var,Plain RF,3
13,53,13,rf_var,Plain RF,3
13,54,10,rf_var,Plain RF,3
13,55,12,rf_var,Plain RF,3
14,2,18,rf_var,Plain RF,3
14,3,34,rf_var,Plain RF,3
14,4,147,rf_var,Plain RF,3
14,5,86,rf_var,Plain RF,3
14,7,164,rf_var,Plain RF,3
14,11,266,rf_var,Plain RF,3
14,12,101,rf_var,Plain RF,3
14,13,125,rf_var,Plain RF,3
14,14,30887,rf_var,Plain RF,3
14,15,70,rf_var,Plain RF,3
14,23,165,rf_var,Plain RF,3
14,24,399,rf_var,Plain RF,3
14,25,25,rf_var,Plain RF,3
14,27,84,rf_var,Plain RF,3
14,32,1,rf_var,Plain RF,3
14,33,89,rf_var,Plain RF,3
14,37,3,rf_var,Plain RF,3
14,38,1,rf_var,Plain RF,3
15,1,62,rf_var,Plain RF,3
15,2,109,rf_var,Plain RF,3
15,3,490,rf_var,Plain RF,3
15,4,1144,rf_var,Plain RF,3
15,5,953,rf_var,Plain RF,3
15,6,387,rf_var,Plain RF,3
15,7,580,rf_var,Plain RF,3
15,9,204,rf_var,Plain RF,3
15,10,136,rf_var,Plain RF,3
15,11,1421,rf_var,Plain RF,3
15,12,1446,rf_var,Plain RF,3
15,13,1653,rf_var,Plain RF,3
15,14,1181,rf_var,Plain RF,3
15,15,210624,rf_var,Plain RF,3
15,16,149,rf_var,Plain RF,3
15,17,101,rf_var,Plain RF,3
15,18,112,rf_var,Plain RF,3
15,19,779,rf_var,Plain RF,3
15,20,175,rf_var,Plain RF,3
15,21,97,rf_var,Plain RF,3
15,22,80,rf_var,Plain RF,3
15,23,1906,rf_var,Plain RF,3
15,24,1859,rf_var,Plain RF,3
15,25,1162,rf_var,Plain RF,3
15,26,94,rf_var,Plain RF,3
15,27,1864,rf_var,Plain RF,3
15,28,95,rf_var,Plain RF,3
15,29,929,rf_var,Plain RF,3
15,30,120,rf_var,Plain RF,3
15,31,201,rf_var,Plain RF,3
15,32,774,rf_var,Plain RF,3
15,33,1793,rf_var,Plain RF,3
15,34,97,rf_var,Plain RF,3
15,35,222,rf_var,Plain RF,3
15,36,102,rf_var,Plain RF,3
15,37,158,rf_var,Plain RF,3
15,38,461,rf_var,Plain RF,3
15,39,91,rf_var,Plain RF,3
15,40,97,rf_var,Plain RF,3
15,41,164,rf_var,Plain RF,3
15,42,413,rf_var,Plain RF,3
15,43,114,rf_var,Plain RF,3
15,44,99,rf_var,Plain RF,3
15,45,95,rf_var,Plain RF,3
15,46,124,rf_var,Plain RF,3
15,47,73,rf_var,Plain RF,3
15,48,73,rf_var,Plain RF,3
15,49,96,rf_var,Plain RF,3
15,50,79,rf_var,Plain RF,3
15,52,106,rf_var,Plain RF,3
15,53,86,rf_var,Plain RF,3
15,54,81,rf_var,Plain RF,3
15,55,80,rf_var,Plain RF,3
16,1,3118,rf_var,Plain RF,3
16,2,1856,rf_var,Plain RF,3
16,3,68,rf_var,Plain RF,3
16,4,612,rf_var,Plain RF,3
16,5,2789,rf_var,Plain RF,3
16,6,117,rf_var,Plain RF,3
16,7,353,rf_var,Plain RF,3
16,9,2,rf_var,Plain RF,3
16,10,10225,rf_var,Plain RF,3
16,11,129,rf_var,Plain RF,3
16,12,13,rf_var,Plain RF,3
16,13,3707,rf_var,Plain RF,3
16,14,7,rf_var,Plain RF,3
16,15,682,rf_var,Plain RF,3
16,16,814798,rf_var,Plain RF,3
16,17,166,rf_var,Plain RF,3
16,18,9343,rf_var,Plain RF,3
16,19,392,rf_var,Plain RF,3
16,20,7232,rf_var,Plain RF,3
16,21,7,rf_var,Plain RF,3
16,22,6603,rf_var,Plain RF,3
16,23,203,rf_var,Plain RF,3
16,24,460,rf_var,Plain RF,3
16,25,2654,rf_var,Plain RF,3
16,26,39,rf_var,Plain RF,3
16,27,6,rf_var,Plain RF,3
16,28,442,rf_var,Plain RF,3
16,29,44,rf_var,Plain RF,3
16,30,55,rf_var,Plain RF,3
16,31,13228,rf_var,Plain RF,3
16,32,540,rf_var,Plain RF,3
16,33,311,rf_var,Plain RF,3
16,34,484,rf_var,Plain RF,3
16,35,9,rf_var,Plain RF,3
16,36,379,rf_var,Plain RF,3
16,37,11,rf_var,Plain RF,3
16,38,9,rf_var,Plain RF,3
16,39,2910,rf_var,Plain RF,3
16,40,73,rf_var,Plain RF,3
16,41,11,rf_var,Plain RF,3
16,42,4682,rf_var,Plain RF,3
16,43,5311,rf_var,Plain RF,3
16,44,64,rf_var,Plain RF,3
16,45,2404,rf_var,Plain RF,3
16,46,14112,rf_var,Plain RF,3
16,47,44,rf_var,Plain RF,3
16,48,22,rf_var,Plain RF,3
16,49,260,rf_var,Plain RF,3
16,50,157,rf_var,Plain RF,3
16,52,10,rf_var,Plain RF,3
16,53,12,rf_var,Plain RF,3
16,54,10,rf_var,Plain RF,3
16,55,3,rf_var,Plain RF,3
17,2,53,rf_var,Plain RF,3
17,3,1,rf_var,Plain RF,3
17,4,9,rf_var,Plain RF,3
17,5,11,rf_var,Plain RF,3
17,6,2,rf_var,Plain RF,3
17,7,1,rf_var,Plain RF,3
17,9,1,rf_var,Plain RF,3
17,12,2,rf_var,Plain RF,3
17,14,2,rf_var,Plain RF,3
17,15,1,rf_var,Plain RF,3
17,16,1,rf_var,Plain RF,3
17,17,1512,rf_var,Plain RF,3
17,19,1,rf_var,Plain RF,3
17,20,1,rf_var,Plain RF,3
17,21,2,rf_var,Plain RF,3
17,23,3,rf_var,Plain RF,3
17,24,1,rf_var,Plain RF,3
17,25,1,rf_var,Plain RF,3
17,26,1,rf_var,Plain RF,3
17,28,1,rf_var,Plain RF,3
17,30,2,rf_var,Plain RF,3
17,31,1,rf_var,Plain RF,3
17,33,1,rf_var,Plain RF,3
17,34,2,rf_var,Plain RF,3
17,35,1,rf_var,Plain RF,3
17,37,1,rf_var,Plain RF,3
17,38,1,rf_var,Plain RF,3
17,39,1,rf_var,Plain RF,3
17,40,3,rf_var,Plain RF,3
17,41,2,rf_var,Plain RF,3
17,42,1,rf_var,Plain RF,3
17,44,1,rf_var,Plain RF,3
17,45,1,rf_var,Plain RF,3
17,46,3,rf_var,Plain RF,3
17,47,1,rf_var,Plain RF,3
17,48,1,rf_var,Plain RF,3
17,50,3,rf_var,Plain RF,3
17,52,3,rf_var,Plain RF,3
17,53,1,rf_var,Plain RF,3
17,54,2,rf_var,Plain RF,3
17,55,2,rf_var,Plain RF,3
18,1,1004,rf_var,Plain RF,3
18,2,277,rf_var,Plain RF,3
18,3,116,rf_var,Plain RF,3
18,4,116,rf_var,Plain RF,3
18,5,636,rf_var,Plain RF,3
18,7,256,rf_var,Plain RF,3
18,10,4443,rf_var,Plain RF,3
18,11,144,rf_var,Plain RF,3
18,13,2150,rf_var,Plain RF,3
18,15,3,rf_var,Plain RF,3
18,16,1685,rf_var,Plain RF,3
18,17,52,rf_var,Plain RF,3
18,18,87507,rf_var,Plain RF,3
18,19,2,rf_var,Plain RF,3
18,20,782,rf_var,Plain RF,3
18,21,5,rf_var,Plain RF,3
18,22,346,rf_var,Plain RF,3
18,23,14,rf_var,Plain RF,3
18,24,217,rf_var,Plain RF,3
18,25,455,rf_var,Plain RF,3
18,26,44,rf_var,Plain RF,3
18,28,360,rf_var,Plain RF,3
18,30,12,rf_var,Plain RF,3
18,31,837,rf_var,Plain RF,3
18,32,34,rf_var,Plain RF,3
18,33,246,rf_var,Plain RF,3
18,34,498,rf_var,Plain RF,3
18,36,520,rf_var,Plain RF,3
18,37,13,rf_var,Plain RF,3
18,39,4418,rf_var,Plain RF,3
18,41,4,rf_var,Plain RF,3
18,42,595,rf_var,Plain RF,3
18,43,526,rf_var,Plain RF,3
18,44,262,rf_var,Plain RF,3
18,45,801,rf_var,Plain RF,3
18,46,3308,rf_var,Plain RF,3
18,47,9,rf_var,Plain RF,3
18,49,52,rf_var,Plain RF,3
18,50,214,rf_var,Plain RF,3
18,55,1,rf_var,Plain RF,3
19,1,68,rf_var,Plain RF,3
19,2,24,rf_var,Plain RF,3
19,3,40,rf_var,Plain RF,3
19,4,47,rf_var,Plain RF,3
19,5,32,rf_var,Plain RF,3
19,6,29,rf_var,Plain RF,3
19,7,210,rf_var,Plain RF,3
19,9,11,rf_var,Plain RF,3
19,10,425,rf_var,Plain RF,3
19,11,24,rf_var,Plain RF,3
19,12,52,rf_var,Plain RF,3
19,13,283,rf_var,Plain RF,3
19,14,1489,rf_var,Plain RF,3
19,15,5546,rf_var,Plain RF,3
19,16,3816,rf_var,Plain RF,3
19,17,18,rf_var,Plain RF,3
19,18,460,rf_var,Plain RF,3
19,19,607659,rf_var,Plain RF,3
19,20,37841,rf_var,Plain RF,3
19,21,26,rf_var,Plain RF,3
19,22,3845,rf_var,Plain RF,3
19,23,5465,rf_var,Plain RF,3
19,24,6845,rf_var,Plain RF,3
19,25,902,rf_var,Plain RF,3
19,26,16,rf_var,Plain RF,3
19,27,705,rf_var,Plain RF,3
19,28,101,rf_var,Plain RF,3
19,29,802,rf_var,Plain RF,3
19,30,10,rf_var,Plain RF,3
19,31,6512,rf_var,Plain RF,3
19,32,1567,rf_var,Plain RF,3
19,33,126,rf_var,Plain RF,3
19,34,25,rf_var,Plain RF,3
19,35,84,rf_var,Plain RF,3
19,36,25,rf_var,Plain RF,3
19,37,49,rf_var,Plain RF,3
19,38,966,rf_var,Plain RF,3
19,39,15,rf_var,Plain RF,3
19,40,14,rf_var,Plain RF,3
19,41,25,rf_var,Plain RF,3
19,42,2920,rf_var,Plain RF,3
19,43,353,rf_var,Plain RF,3
19,44,13,rf_var,Plain RF,3
19,45,1074,rf_var,Plain RF,3
19,46,611,rf_var,Plain RF,3
19,47,14,rf_var,Plain RF,3
19,48,21,rf_var,Plain RF,3
19,49,15,rf_var,Plain RF,3
19,50,33,rf_var,Plain RF,3
19,52,32,rf_var,Plain RF,3
19,53,29,rf_var,Plain RF,3
19,54,29,rf_var,Plain RF,3
19,55,13,rf_var,Plain RF,3
20,1,214,rf_var,Plain RF,3
20,2,82,rf_var,Plain RF,3
20,3,18,rf_var,Plain RF,3
20,4,54,rf_var,Plain RF,3
20,5,201,rf_var,Plain RF,3
20,6,35,rf_var,Plain RF,3
20,7,29,rf_var,Plain RF,3
20,9,23,rf_var,Plain RF,3
20,10,2032,rf_var,Plain RF,3
20,11,35,rf_var,Plain RF,3
20,12,19,rf_var,Plain RF,3
20,13,498,rf_var,Plain RF,3
20,14,38,rf_var,Plain RF,3
20,15,58,rf_var,Plain RF,3
20,16,6756,rf_var,Plain RF,3
20,17,147,rf_var,Plain RF,3
20,18,795,rf_var,Plain RF,3
20,19,37,rf_var,Plain RF,3
20,20,353532,rf_var,Plain RF,3
20,21,35,rf_var,Plain RF,3
20,22,2177,rf_var,Plain RF,3
20,23,21,rf_var,Plain RF,3
20,24,558,rf_var,Plain RF,3
20,25,617,rf_var,Plain RF,3
20,26,16,rf_var,Plain RF,3
20,27,40,rf_var,Plain RF,3
20,28,112,rf_var,Plain RF,3
20,29,35,rf_var,Plain RF,3
20,30,36,rf_var,Plain RF,3
20,31,3038,rf_var,Plain RF,3
20,32,60,rf_var,Plain RF,3
20,33,66,rf_var,Plain RF,3
20,34,51,rf_var,Plain RF,3
20,35,27,rf_var,Plain RF,3
20,36,34,rf_var,Plain RF,3
20,37,30,rf_var,Plain RF,3
20,38,31,rf_var,Plain RF,3
20,39,214,rf_var,Plain RF,3
20,40,61,rf_var,Plain RF,3
20,41,38,rf_var,Plain RF,3
20,42,2101,rf_var,Plain RF,3
20,43,138,rf_var,Plain RF,3
20,44,50,rf_var,Plain RF,3
20,45,1849,rf_var,Plain RF,3
20,46,3663,rf_var,Plain RF,3
20,47,18,rf_var,Plain RF,3
20,48,56,rf_var,Plain RF,3
20,49,18,rf_var,Plain RF,3
20,50,47,rf_var,Plain RF,3
20,52,43,rf_var,Plain RF,3
20,53,26,rf_var,Plain RF,3
20,54,32,rf_var,Plain RF,3
20,55,24,rf_var,Plain RF,3
21,1,23,rf_var,Plain RF,3
21,2,76,rf_var,Plain RF,3
21,3,318,rf_var,Plain RF,3
21,4,133,rf_var,Plain RF,3
21,5,550,rf_var,Plain RF,3
21,6,88,rf_var,Plain RF,3
21,7,249,rf_var,Plain RF,3
21,9,125,rf_var,Plain RF,3
21,10,202,rf_var,Plain RF,3
21,11,9,rf_var,Plain RF,3
21,12,25,rf_var,Plain RF,3
21,13,14,rf_var,Plain RF,3
21,14,20,rf_var,Plain RF,3
21,15,15,rf_var,Plain RF,3
21,16,35,rf_var,Plain RF,3
21,17,29,rf_var,Plain RF,3
21,18,21,rf_var,Plain RF,3
21,19,27,rf_var,Plain RF,3
21,20,34,rf_var,Plain RF,3
21,21,511201,rf_var,Plain RF,3
21,22,32,rf_var,Plain RF,3
21,23,27,rf_var,Plain RF,3
21,24,18,rf_var,Plain RF,3
21,25,23,rf_var,Plain RF,3
21,26,6126,rf_var,Plain RF,3
21,27,10,rf_var,Plain RF,3
21,28,2236,rf_var,Plain RF,3
21,29,20,rf_var,Plain RF,3
21,30,22699,rf_var,Plain RF,3
21,31,32,rf_var,Plain RF,3
21,32,19,rf_var,Plain RF,3
21,33,23,rf_var,Plain RF,3
21,34,522,rf_var,Plain RF,3
21,35,29,rf_var,Plain RF,3
21,36,7299,rf_var,Plain RF,3
21,37,398,rf_var,Plain RF,3
21,38,28,rf_var,Plain RF,3
21,39,477,rf_var,Plain RF,3
21,40,14446,rf_var,Plain RF,3
21,41,366,rf_var,Plain RF,3
21,42,34,rf_var,Plain RF,3
21,43,32,rf_var,Plain RF,3
21,44,13227,rf_var,Plain RF,3
21,45,43,rf_var,Plain RF,3
21,46,125,rf_var,Plain RF,3
21,47,3208,rf_var,Plain RF,3
21,48,645,rf_var,Plain RF,3
21,49,8538,rf_var,Plain RF,3
21,50,384,rf_var,Plain RF,3
21,52,1499,rf_var,Plain RF,3
21,53,2133,rf_var,Plain RF,3
21,54,276,rf_var,Plain RF,3
21,55,1042,rf_var,Plain RF,3
22,1,2,rf_var,Plain RF,3
22,2,29,rf_var,Plain RF,3
22,3,329,rf_var,Plain RF,3
22,4,1,rf_var,Plain RF,3
22,5,554,rf_var,Plain RF,3
22,6,11,rf_var,Plain RF,3
22,7,2,rf_var,Plain RF,3
22,10,2,rf_var,Plain RF,3
22,11,1,rf_var,Plain RF,3
22,12,298,rf_var,Plain RF,3
22,13,34,rf_var,Plain RF,3
22,16,674,rf_var,Plain RF,3
22,17,1,rf_var,Plain RF,3
22,18,48,rf_var,Plain RF,3
22,19,440,rf_var,Plain RF,3
22,20,116,rf_var,Plain RF,3
22,21,1,rf_var,Plain RF,3
22,22,38202,rf_var,Plain RF,3
22,23,72,rf_var,Plain RF,3
22,24,183,rf_var,Plain RF,3
22,25,205,rf_var,Plain RF,3
22,26,1,rf_var,Plain RF,3
22,27,243,rf_var,Plain RF,3
22,28,2,rf_var,Plain RF,3
22,31,197,rf_var,Plain RF,3
22,32,50,rf_var,Plain RF,3
22,34,1,rf_var,Plain RF,3
22,35,1,rf_var,Plain RF,3
22,37,2,rf_var,Plain RF,3
22,38,1,rf_var,Plain RF,3
22,40,1,rf_var,Plain RF,3
22,41,1,rf_var,Plain RF,3
22,42,205,rf_var,Plain RF,3
22,43,8,rf_var,Plain RF,3
22,44,5,rf_var,Plain RF,3
22,45,29,rf_var,Plain RF,3
22,48,1,rf_var,Plain RF,3
22,50,1,rf_var,Plain RF,3
22,53,2,rf_var,Plain RF,3
22,54,1,rf_var,Plain RF,3
22,55,23,rf_var,Plain RF,3
23,1,2,rf_var,Plain RF,3
23,2,4,rf_var,Plain RF,3
23,3,1,rf_var,Plain RF,3
23,4,60,rf_var,Plain RF,3
23,5,5,rf_var,Plain RF,3
23,6,11,rf_var,Plain RF,3
23,7,475,rf_var,Plain RF,3
23,9,1,rf_var,Plain RF,3
23,10,2,rf_var,Plain RF,3
23,12,46,rf_var,Plain RF,3
23,13,797,rf_var,Plain RF,3
23,14,585,rf_var,Plain RF,3
23,15,2096,rf_var,Plain RF,3
23,16,80,rf_var,Plain RF,3
23,17,8,rf_var,Plain RF,3
23,18,1272,rf_var,Plain RF,3
23,19,745,rf_var,Plain RF,3
23,20,343,rf_var,Plain RF,3
23,21,2,rf_var,Plain RF,3
23,22,92,rf_var,Plain RF,3
23,23,308114,rf_var,Plain RF,3
23,24,3259,rf_var,Plain RF,3
23,25,1091,rf_var,Plain RF,3
23,26,1,rf_var,Plain RF,3
23,27,366,rf_var,Plain RF,3
23,28,1,rf_var,Plain RF,3
23,29,1378,rf_var,Plain RF,3
23,30,1,rf_var,Plain RF,3
23,31,1336,rf_var,Plain RF,3
23,32,1751,rf_var,Plain RF,3
23,33,1343,rf_var,Plain RF,3
23,34,2,rf_var,Plain RF,3
23,35,556,rf_var,Plain RF,3
23,36,3,rf_var,Plain RF,3
23,37,2,rf_var,Plain RF,3
23,38,291,rf_var,Plain RF,3
23,39,1,rf_var,Plain RF,3
23,40,54,rf_var,Plain RF,3
23,41,7,rf_var,Plain RF,3
23,42,543,rf_var,Plain RF,3
23,43,23,rf_var,Plain RF,3
23,44,4,rf_var,Plain RF,3
23,45,10,rf_var,Plain RF,3
23,46,2,rf_var,Plain RF,3
23,47,2,rf_var,Plain RF,3
23,48,2,rf_var,Plain RF,3
23,49,14,rf_var,Plain RF,3
23,50,3,rf_var,Plain RF,3
23,52,15,rf_var,Plain RF,3
23,54,1,rf_var,Plain RF,3
23,55,3,rf_var,Plain RF,3
24,1,51,rf_var,Plain RF,3
24,2,49,rf_var,Plain RF,3
24,3,30,rf_var,Plain RF,3
24,4,98,rf_var,Plain RF,3
24,5,569,rf_var,Plain RF,3
24,6,139,rf_var,Plain RF,3
24,7,577,rf_var,Plain RF,3
24,9,7,rf_var,Plain RF,3
24,10,8,rf_var,Plain RF,3
24,11,282,rf_var,Plain RF,3
24,12,824,rf_var,Plain RF,3
24,13,7006,rf_var,Plain RF,3
24,14,811,rf_var,Plain RF,3
24,15,3979,rf_var,Plain RF,3
24,16,742,rf_var,Plain RF,3
24,17,4,rf_var,Plain RF,3
24,18,1405,rf_var,Plain RF,3
24,19,2424,rf_var,Plain RF,3
24,20,1789,rf_var,Plain RF,3
24,21,7,rf_var,Plain RF,3
24,22,625,rf_var,Plain RF,3
24,23,4187,rf_var,Plain RF,3
24,24,764656,rf_var,Plain RF,3
24,25,18230,rf_var,Plain RF,3
24,26,4,rf_var,Plain RF,3
24,27,599,rf_var,Plain RF,3
24,28,11,rf_var,Plain RF,3
24,29,2606,rf_var,Plain RF,3
24,30,4,rf_var,Plain RF,3
24,31,4772,rf_var,Plain RF,3
24,32,5656,rf_var,Plain RF,3
24,33,8304,rf_var,Plain RF,3
24,34,3,rf_var,Plain RF,3
24,35,2305,rf_var,Plain RF,3
24,36,1,rf_var,Plain RF,3
24,37,2,rf_var,Plain RF,3
24,38,1468,rf_var,Plain RF,3
24,39,6,rf_var,Plain RF,3
24,40,4,rf_var,Plain RF,3
24,41,9,rf_var,Plain RF,3
24,42,10576,rf_var,Plain RF,3
24,43,369,rf_var,Plain RF,3
24,44,12,rf_var,Plain RF,3
24,45,120,rf_var,Plain RF,3
24,46,11,rf_var,Plain RF,3
24,47,8,rf_var,Plain RF,3
24,48,4,rf_var,Plain RF,3
24,49,7,rf_var,Plain RF,3
24,50,4,rf_var,Plain RF,3
24,52,6,rf_var,Plain RF,3
24,53,14,rf_var,Plain RF,3
24,54,4,rf_var,Plain RF,3
24,55,9,rf_var,Plain RF,3
25,1,354,rf_var,Plain RF,3
25,2,106,rf_var,Plain RF,3
25,3,1,rf_var,Plain RF,3
25,4,133,rf_var,Plain RF,3
25,5,724,rf_var,Plain RF,3
25,6,2,rf_var,Plain RF,3
25,7,467,rf_var,Plain RF,3
25,9,4,rf_var,Plain RF,3
25,10,9,rf_var,Plain RF,3
25,11,417,rf_var,Plain RF,3
25,12,445,rf_var,Plain RF,3
25,13,5604,rf_var,Plain RF,3
25,14,63,rf_var,Plain RF,3
25,15,1213,rf_var,Plain RF,3
25,16,1206,rf_var,Plain RF,3
25,17,2,rf_var,Plain RF,3
25,18,435,rf_var,Plain RF,3
25,19,60,rf_var,Plain RF,3
25,20,959,rf_var,Plain RF,3
25,21,5,rf_var,Plain RF,3
25,22,245,rf_var,Plain RF,3
25,23,1182,rf_var,Plain RF,3
25,24,6232,rf_var,Plain RF,3
25,25,208326,rf_var,Plain RF,3
25,26,4,rf_var,Plain RF,3
25,27,252,rf_var,Plain RF,3
25,28,2,rf_var,Plain RF,3
25,29,1321,rf_var,Plain RF,3
25,30,1,rf_var,Plain RF,3
25,31,1036,rf_var,Plain RF,3
25,32,1441,rf_var,Plain RF,3
25,33,2509,rf_var,Plain RF,3
25,34,5,rf_var,Plain RF,3
25,35,748,rf_var,Plain RF,3
25,36,4,rf_var,Plain RF,3
25,37,14,rf_var,Plain RF,3
25,38,6,rf_var,Plain RF,3
25,39,14,rf_var,Plain RF,3
25,40,2,rf_var,Plain RF,3
25,41,1,rf_var,Plain RF,3
25,42,1481,rf_var,Plain RF,3
25,43,235,rf_var,Plain RF,3
25,44,3,rf_var,Plain RF,3
25,45,54,rf_var,Plain RF,3
25,46,9,rf_var,Plain RF,3
25,47,1,rf_var,Plain RF,3
25,48,5,rf_var,Plain RF,3
25,49,1,rf_var,Plain RF,3
25,50,3,rf_var,Plain RF,3
25,52,3,rf_var,Plain RF,3
25,53,3,rf_var,Plain RF,3
25,54,2,rf_var,Plain RF,3
25,55,3,rf_var,Plain RF,3
26,1,16,rf_var,Plain RF,3
26,3,78,rf_var,Plain RF,3
26,4,2,rf_var,Plain RF,3
26,5,241,rf_var,Plain RF,3
26,6,1,rf_var,Plain RF,3
26,7,144,rf_var,Plain RF,3
26,10,625,rf_var,Plain RF,3
26,11,1,rf_var,Plain RF,3
26,12,12,rf_var,Plain RF,3
26,14,1,rf_var,Plain RF,3
26,15,5,rf_var,Plain RF,3
26,17,1,rf_var,Plain RF,3
26,21,306,rf_var,Plain RF,3
26,22,1,rf_var,Plain RF,3
26,23,77,rf_var,Plain RF,3
26,24,2,rf_var,Plain RF,3
26,25,1,rf_var,Plain RF,3
26,26,33982,rf_var,Plain RF,3
26,27,9,rf_var,Plain RF,3
26,28,242,rf_var,Plain RF,3
26,30,633,rf_var,Plain RF,3
26,33,9,rf_var,Plain RF,3
26,34,1014,rf_var,Plain RF,3
26,35,1,rf_var,Plain RF,3
26,36,1424,rf_var,Plain RF,3
26,38,2,rf_var,Plain RF,3
26,39,323,rf_var,Plain RF,3
26,40,327,rf_var,Plain RF,3
26,41,29,rf_var,Plain RF,3
26,44,248,rf_var,Plain RF,3
26,45,1,rf_var,Plain RF,3
26,46,114,rf_var,Plain RF,3
26,47,114,rf_var,Plain RF,3
26,48,4,rf_var,Plain RF,3
26,49,727,rf_var,Plain RF,3
26,50,17,rf_var,Plain RF,3
26,52,71,rf_var,Plain RF,3
26,53,91,rf_var,Plain RF,3
27,1,21,rf_var,Plain RF,3
27,2,1287,rf_var,Plain RF,3
27,3,25911,rf_var,Plain RF,3
27,4,1806,rf_var,Plain RF,3
27,5,2270,rf_var,Plain RF,3
27,6,2119,rf_var,Plain RF,3
27,7,15156,rf_var,Plain RF,3
27,9,587,rf_var,Plain RF,3
27,10,91,rf_var,Plain RF,3
27,11,7886,rf_var,Plain RF,3
27,12,2146,rf_var,Plain RF,3
27,13,2170,rf_var,Plain RF,3
27,14,4430,rf_var,Plain RF,3
27,15,9765,rf_var,Plain RF,3
27,16,30,rf_var,Plain RF,3
27,17,35,rf_var,Plain RF,3
27,18,47,rf_var,Plain RF,3
27,19,1557,rf_var,Plain RF,3
27,20,69,rf_var,Plain RF,3
27,21,92,rf_var,Plain RF,3
27,22,21,rf_var,Plain RF,3
27,23,3102,rf_var,Plain RF,3
27,24,1949,rf_var,Plain RF,3
27,25,241,rf_var,Plain RF,3
27,26,311,rf_var,Plain RF,3
27,27,750151,rf_var,Plain RF,3
27,28,2021,rf_var,Plain RF,3
27,29,32,rf_var,Plain RF,3
27,30,134,rf_var,Plain RF,3
27,31,26,rf_var,Plain RF,3
27,32,1445,rf_var,Plain RF,3
27,33,4101,rf_var,Plain RF,3
27,34,52,rf_var,Plain RF,3
27,35,32,rf_var,Plain RF,3
27,36,1599,rf_var,Plain RF,3
27,37,5543,rf_var,Plain RF,3
27,38,1058,rf_var,Plain RF,3
27,39,176,rf_var,Plain RF,3
27,40,262,rf_var,Plain RF,3
27,41,6810,rf_var,Plain RF,3
27,42,27,rf_var,Plain RF,3
27,43,27,rf_var,Plain RF,3
27,44,523,rf_var,Plain RF,3
27,45,85,rf_var,Plain RF,3
27,46,169,rf_var,Plain RF,3
27,47,1557,rf_var,Plain RF,3
27,48,20,rf_var,Plain RF,3
27,49,61,rf_var,Plain RF,3
27,50,16,rf_var,Plain RF,3
27,52,22,rf_var,Plain RF,3
27,53,13,rf_var,Plain RF,3
27,54,22,rf_var,Plain RF,3
27,55,32,rf_var,Plain RF,3
28,1,359,rf_var,Plain RF,3
28,2,12,rf_var,Plain RF,3
28,3,594,rf_var,Plain RF,3
28,5,56,rf_var,Plain RF,3
28,7,355,rf_var,Plain RF,3
28,10,680,rf_var,Plain RF,3
28,13,25,rf_var,Plain RF,3
28,15,40,rf_var,Plain RF,3
28,16,46,rf_var,Plain RF,3
28,18,484,rf_var,Plain RF,3
28,19,8,rf_var,Plain RF,3
28,20,32,rf_var,Plain RF,3
28,21,477,rf_var,Plain RF,3
28,23,64,rf_var,Plain RF,3
28,24,29,rf_var,Plain RF,3
28,25,29,rf_var,Plain RF,3
28,26,339,rf_var,Plain RF,3
28,27,696,rf_var,Plain RF,3
28,28,35543,rf_var,Plain RF,3
28,30,844,rf_var,Plain RF,3
28,31,8,rf_var,Plain RF,3
28,33,193,rf_var,Plain RF,3
28,34,102,rf_var,Plain RF,3
28,36,373,rf_var,Plain RF,3
28,39,866,rf_var,Plain RF,3
28,40,452,rf_var,Plain RF,3
28,41,156,rf_var,Plain RF,3
28,44,1180,rf_var,Plain RF,3
28,45,200,rf_var,Plain RF,3
28,46,509,rf_var,Plain RF,3
28,47,818,rf_var,Plain RF,3
28,49,282,rf_var,Plain RF,3
28,50,78,rf_var,Plain RF,3
28,55,113,rf_var,Plain RF,3
29,2,7,rf_var,Plain RF,3
29,3,2,rf_var,Plain RF,3
29,4,5,rf_var,Plain RF,3
29,5,1,rf_var,Plain RF,3
29,7,627,rf_var,Plain RF,3
29,9,1,rf_var,Plain RF,3
29,10,4,rf_var,Plain RF,3
29,12,47,rf_var,Plain RF,3
29,13,58,rf_var,Plain RF,3
29,14,4,rf_var,Plain RF,3
29,15,2518,rf_var,Plain RF,3
29,16,5,rf_var,Plain RF,3
29,17,3,rf_var,Plain RF,3
29,18,2,rf_var,Plain RF,3
29,19,504,rf_var,Plain RF,3
29,20,28,rf_var,Plain RF,3
29,21,4,rf_var,Plain RF,3
29,22,12,rf_var,Plain RF,3
29,23,2517,rf_var,Plain RF,3
29,24,2213,rf_var,Plain RF,3
29,25,365,rf_var,Plain RF,3
29,26,4,rf_var,Plain RF,3
29,27,17,rf_var,Plain RF,3
29,28,2,rf_var,Plain RF,3
29,29,153097,rf_var,Plain RF,3
29,30,5,rf_var,Plain RF,3
29,31,5,rf_var,Plain RF,3
29,32,479,rf_var,Plain RF,3
29,33,964,rf_var,Plain RF,3
29,34,5,rf_var,Plain RF,3
29,35,401,rf_var,Plain RF,3
29,36,2,rf_var,Plain RF,3
29,38,369,rf_var,Plain RF,3
29,39,3,rf_var,Plain RF,3
29,40,14,rf_var,Plain RF,3
29,42,1,rf_var,Plain RF,3
29,43,2,rf_var,Plain RF,3
29,44,1,rf_var,Plain RF,3
29,45,3,rf_var,Plain RF,3
29,46,7,rf_var,Plain RF,3
29,47,4,rf_var,Plain RF,3
29,48,2,rf_var,Plain RF,3
29,49,7,rf_var,Plain RF,3
29,50,5,rf_var,Plain RF,3
29,52,4,rf_var,Plain RF,3
29,53,2,rf_var,Plain RF,3
29,54,2,rf_var,Plain RF,3
29,55,4,rf_var,Plain RF,3
30,1,234,rf_var,Plain RF,3
30,2,5,rf_var,Plain RF,3
30,3,4976,rf_var,Plain RF,3
30,4,181,rf_var,Plain RF,3
30,5,2704,rf_var,Plain RF,3
30,6,4,rf_var,Plain RF,3
30,7,1983,rf_var,Plain RF,3
30,9,11,rf_var,Plain RF,3
30,10,3739,rf_var,Plain RF,3
30,11,64,rf_var,Plain RF,3
30,12,10,rf_var,Plain RF,3
30,13,7,rf_var,Plain RF,3
30,14,8,rf_var,Plain RF,3
30,15,7,rf_var,Plain RF,3
30,16,6,rf_var,Plain RF,3
30,17,10,rf_var,Plain RF,3
30,18,20,rf_var,Plain RF,3
30,19,7,rf_var,Plain RF,3
30,20,9,rf_var,Plain RF,3
30,21,8138,rf_var,Plain RF,3
30,22,5,rf_var,Plain RF,3
30,23,10,rf_var,Plain RF,3
30,24,2,rf_var,Plain RF,3
30,25,9,rf_var,Plain RF,3
30,26,3910,rf_var,Plain RF,3
30,27,494,rf_var,Plain RF,3
30,28,8332,rf_var,Plain RF,3
30,29,6,rf_var,Plain RF,3
30,30,452943,rf_var,Plain RF,3
30,31,8,rf_var,Plain RF,3
30,32,8,rf_var,Plain RF,3
30,33,480,rf_var,Plain RF,3
30,34,1361,rf_var,Plain RF,3
30,35,8,rf_var,Plain RF,3
30,36,12124,rf_var,Plain RF,3
30,37,272,rf_var,Plain RF,3
30,38,1,rf_var,Plain RF,3
30,39,6067,rf_var,Plain RF,3
30,40,17875,rf_var,Plain RF,3
30,41,1099,rf_var,Plain RF,3
30,42,10,rf_var,Plain RF,3
30,43,7,rf_var,Plain RF,3
30,44,16591,rf_var,Plain RF,3
30,45,283,rf_var,Plain RF,3
30,46,2262,rf_var,Plain RF,3
30,47,15084,rf_var,Plain RF,3
30,48,206,rf_var,Plain RF,3
30,49,10133,rf_var,Plain RF,3
30,50,1473,rf_var,Plain RF,3
30,52,219,rf_var,Plain RF,3
30,53,1681,rf_var,Plain RF,3
30,54,909,rf_var,Plain RF,3
30,55,562,rf_var,Plain RF,3
31,1,4009,rf_var,Plain RF,3
31,2,189,rf_var,Plain RF,3
31,3,5,rf_var,Plain RF,3
31,4,8,rf_var,Plain RF,3
31,5,56,rf_var,Plain RF,3
31,6,220,rf_var,Plain RF,3
31,7,1324,rf_var,Plain RF,3
31,9,1,rf_var,Plain RF,3
31,10,49,rf_var,Plain RF,3
31,11,27,rf_var,Plain RF,3
31,12,1,rf_var,Plain RF,3
31,13,6726,rf_var,Plain RF,3
31,14,60,rf_var,Plain RF,3
31,15,365,rf_var,Plain RF,3
31,16,12561,rf_var,Plain RF,3
31,17,19,rf_var,Plain RF,3
31,18,5784,rf_var,Plain RF,3
31,19,1231,rf_var,Plain RF,3
31,20,4199,rf_var,Plain RF,3
31,21,4,rf_var,Plain RF,3
31,22,7958,rf_var,Plain RF,3
31,23,678,rf_var,Plain RF,3
31,24,2837,rf_var,Plain RF,3
31,25,9088,rf_var,Plain RF,3
31,27,17,rf_var,Plain RF,3
31,28,2,rf_var,Plain RF,3
31,29,45,rf_var,Plain RF,3
31,30,11,rf_var,Plain RF,3
31,31,774587,rf_var,Plain RF,3
31,32,1031,rf_var,Plain RF,3
31,33,1843,rf_var,Plain RF,3
31,35,165,rf_var,Plain RF,3
31,36,50,rf_var,Plain RF,3
31,37,11,rf_var,Plain RF,3
31,39,150,rf_var,Plain RF,3
31,40,2,rf_var,Plain RF,3
31,41,4,rf_var,Plain RF,3
31,42,3832,rf_var,Plain RF,3
31,43,527,rf_var,Plain RF,3
31,44,3,rf_var,Plain RF,3
31,45,1017,rf_var,Plain RF,3
31,46,53,rf_var,Plain RF,3
31,47,2,rf_var,Plain RF,3
31,48,17,rf_var,Plain RF,3
31,49,1,rf_var,Plain RF,3
31,50,603,rf_var,Plain RF,3
31,52,2,rf_var,Plain RF,3
31,53,2,rf_var,Plain RF,3
31,55,2,rf_var,Plain RF,3
32,3,1,rf_var,Plain RF,3
32,6,1,rf_var,Plain RF,3
32,7,754,rf_var,Plain RF,3
32,12,6,rf_var,Plain RF,3
32,13,1379,rf_var,Plain RF,3
32,14,54,rf_var,Plain RF,3
32,15,360,rf_var,Plain RF,3
32,16,8,rf_var,Plain RF,3
32,18,54,rf_var,Plain RF,3
32,19,31,rf_var,Plain RF,3
32,20,80,rf_var,Plain RF,3
32,23,273,rf_var,Plain RF,3
32,24,535,rf_var,Plain RF,3
32,25,628,rf_var,Plain RF,3
32,27,109,rf_var,Plain RF,3
32,29,45,rf_var,Plain RF,3
32,31,236,rf_var,Plain RF,3
32,32,54571,rf_var,Plain RF,3
32,33,1104,rf_var,Plain RF,3
32,35,88,rf_var,Plain RF,3
32,38,42,rf_var,Plain RF,3
32,42,123,rf_var,Plain RF,3
32,43,1,rf_var,Plain RF,3
32,50,1,rf_var,Plain RF,3
33,1,998,rf_var,Plain RF,3
33,2,202,rf_var,Plain RF,3
33,3,3778,rf_var,Plain RF,3
33,4,2,rf_var,Plain RF,3
33,5,1620,rf_var,Plain RF,3
33,6,10,rf_var,Plain RF,3
33,7,8507,rf_var,Plain RF,3
33,10,369,rf_var,Plain RF,3
33,11,962,rf_var,Plain RF,3
33,12,920,rf_var,Plain RF,3
33,13,7082,rf_var,Plain RF,3
33,14,412,rf_var,Plain RF,3
33,15,2082,rf_var,Plain RF,3
33,16,422,rf_var,Plain RF,3
33,18,450,rf_var,Plain RF,3
33,19,36,rf_var,Plain RF,3
33,20,365,rf_var,Plain RF,3
33,23,2209,rf_var,Plain RF,3
33,24,5012,rf_var,Plain RF,3
33,25,1256,rf_var,Plain RF,3
33,26,38,rf_var,Plain RF,3
33,27,302,rf_var,Plain RF,3
33,28,353,rf_var,Plain RF,3
33,29,994,rf_var,Plain RF,3
33,30,22,rf_var,Plain RF,3
33,31,65,rf_var,Plain RF,3
33,32,2320,rf_var,Plain RF,3
33,33,342239,rf_var,Plain RF,3
33,34,9,rf_var,Plain RF,3
33,35,682,rf_var,Plain RF,3
33,36,130,rf_var,Plain RF,3
33,37,1312,rf_var,Plain RF,3
33,39,31,rf_var,Plain RF,3
33,40,112,rf_var,Plain RF,3
33,41,3297,rf_var,Plain RF,3
33,42,1,rf_var,Plain RF,3
33,44,208,rf_var,Plain RF,3
33,45,618,rf_var,Plain RF,3
33,46,29,rf_var,Plain RF,3
33,47,181,rf_var,Plain RF,3
33,49,72,rf_var,Plain RF,3
33,50,1,rf_var,Plain RF,3
33,52,41,rf_var,Plain RF,3
34,3,35,rf_var,Plain RF,3
34,7,4,rf_var,Plain RF,3
34,10,107,rf_var,Plain RF,3
34,11,2,rf_var,Plain RF,3
34,12,1,rf_var,Plain RF,3
34,14,3,rf_var,Plain RF,3
34,15,2,rf_var,Plain RF,3
34,16,2,rf_var,Plain RF,3
34,17,3,rf_var,Plain RF,3
34,18,5,rf_var,Plain RF,3
34,20,2,rf_var,Plain RF,3
34,22,3,rf_var,Plain RF,3
34,25,1,rf_var,Plain RF,3
34,26,14,rf_var,Plain RF,3
34,27,24,rf_var,Plain RF,3
34,28,1,rf_var,Plain RF,3
34,30,32,rf_var,Plain RF,3
34,32,1,rf_var,Plain RF,3
34,33,3,rf_var,Plain RF,3
34,34,4704,rf_var,Plain RF,3
34,35,2,rf_var,Plain RF,3
34,36,18,rf_var,Plain RF,3
34,37,1,rf_var,Plain RF,3
34,39,82,rf_var,Plain RF,3
34,40,17,rf_var,Plain RF,3
34,43,3,rf_var,Plain RF,3
34,44,7,rf_var,Plain RF,3
34,46,44,rf_var,Plain RF,3
34,47,1,rf_var,Plain RF,3
34,48,1,rf_var,Plain RF,3
34,49,22,rf_var,Plain RF,3
34,50,7,rf_var,Plain RF,3
34,52,2,rf_var,Plain RF,3
34,53,2,rf_var,Plain RF,3
34,55,1,rf_var,Plain RF,3
35,7,1,rf_var,Plain RF,3
35,13,83,rf_var,Plain RF,3
35,14,87,rf_var,Plain RF,3
35,15,41,rf_var,Plain RF,3
35,16,31,rf_var,Plain RF,3
35,18,6,rf_var,Plain RF,3
35,19,30,rf_var,Plain RF,3
35,23,143,rf_var,Plain RF,3
35,24,368,rf_var,Plain RF,3
35,25,251,rf_var,Plain RF,3
35,29,332,rf_var,Plain RF,3
35,32,103,rf_var,Plain RF,3
35,33,243,rf_var,Plain RF,3
35,35,31141,rf_var,Plain RF,3
35,38,4,rf_var,Plain RF,3
36,1,7,rf_var,Plain RF,3
36,3,105,rf_var,Plain RF,3
36,5,3,rf_var,Plain RF,3
36,7,50,rf_var,Plain RF,3
36,9,12,rf_var,Plain RF,3
36,10,81,rf_var,Plain RF,3
36,12,37,rf_var,Plain RF,3
36,13,28,rf_var,Plain RF,3
36,16,4,rf_var,Plain RF,3
36,21,78,rf_var,Plain RF,3
36,26,118,rf_var,Plain RF,3
36,27,1,rf_var,Plain RF,3
36,28,76,rf_var,Plain RF,3
36,30,170,rf_var,Plain RF,3
36,33,22,rf_var,Plain RF,3
36,34,132,rf_var,Plain RF,3
36,36,20785,rf_var,Plain RF,3
36,39,96,rf_var,Plain RF,3
36,40,100,rf_var,Plain RF,3
36,41,86,rf_var,Plain RF,3
36,44,310,rf_var,Plain RF,3
36,45,4,rf_var,Plain RF,3
36,46,44,rf_var,Plain RF,3
36,47,126,rf_var,Plain RF,3
36,48,14,rf_var,Plain RF,3
36,49,45,rf_var,Plain RF,3
36,50,19,rf_var,Plain RF,3
36,53,17,rf_var,Plain RF,3
36,55,5,rf_var,Plain RF,3
37,1,285,rf_var,Plain RF,3
37,2,109,rf_var,Plain RF,3
37,3,9988,rf_var,Plain RF,3
37,4,12,rf_var,Plain RF,3
37,5,416,rf_var,Plain RF,3
37,6,167,rf_var,Plain RF,3
37,7,4328,rf_var,Plain RF,3
37,9,87,rf_var,Plain RF,3
37,10,824,rf_var,Plain RF,3
37,11,223,rf_var,Plain RF,3
37,12,385,rf_var,Plain RF,3
37,13,1260,rf_var,Plain RF,3
37,14,529,rf_var,Plain RF,3
37,15,30,rf_var,Plain RF,3
37,16,11,rf_var,Plain RF,3
37,17,4,rf_var,Plain RF,3
37,18,218,rf_var,Plain RF,3
37,19,15,rf_var,Plain RF,3
37,20,3,rf_var,Plain RF,3
37,21,808,rf_var,Plain RF,3
37,22,4,rf_var,Plain RF,3
37,23,4,rf_var,Plain RF,3
37,24,4,rf_var,Plain RF,3
37,25,524,rf_var,Plain RF,3
37,26,87,rf_var,Plain RF,3
37,27,4307,rf_var,Plain RF,3
37,28,252,rf_var,Plain RF,3
37,29,2,rf_var,Plain RF,3
37,30,527,rf_var,Plain RF,3
37,31,1,rf_var,Plain RF,3
37,32,9,rf_var,Plain RF,3
37,33,2213,rf_var,Plain RF,3
37,34,92,rf_var,Plain RF,3
37,35,3,rf_var,Plain RF,3
37,36,25,rf_var,Plain RF,3
37,37,160236,rf_var,Plain RF,3
37,38,3,rf_var,Plain RF,3
37,39,167,rf_var,Plain RF,3
37,40,34,rf_var,Plain RF,3
37,41,2995,rf_var,Plain RF,3
37,42,1,rf_var,Plain RF,3
37,43,3,rf_var,Plain RF,3
37,44,39,rf_var,Plain RF,3
37,45,8,rf_var,Plain RF,3
37,46,145,rf_var,Plain RF,3
37,47,486,rf_var,Plain RF,3
37,48,2,rf_var,Plain RF,3
37,49,13,rf_var,Plain RF,3
37,50,3,rf_var,Plain RF,3
37,52,3,rf_var,Plain RF,3
37,53,2,rf_var,Plain RF,3
37,54,4,rf_var,Plain RF,3
37,55,6,rf_var,Plain RF,3
38,13,35,rf_var,Plain RF,3
38,15,213,rf_var,Plain RF,3
38,17,1,rf_var,Plain RF,3
38,19,21,rf_var,Plain RF,3
38,23,455,rf_var,Plain RF,3
38,24,89,rf_var,Plain RF,3
38,25,29,rf_var,Plain RF,3
38,27,405,rf_var,Plain RF,3
38,29,1,rf_var,Plain RF,3
38,32,67,rf_var,Plain RF,3
38,38,28716,rf_var,Plain RF,3
39,1,3,rf_var,Plain RF,3
39,5,19,rf_var,Plain RF,3
39,7,13,rf_var,Plain RF,3
39,10,220,rf_var,Plain RF,3
39,13,2,rf_var,Plain RF,3
39,16,102,rf_var,Plain RF,3
39,18,69,rf_var,Plain RF,3
39,20,18,rf_var,Plain RF,3
39,23,80,rf_var,Plain RF,3
39,24,2,rf_var,Plain RF,3
39,26,12,rf_var,Plain RF,3
39,28,14,rf_var,Plain RF,3
39,30,200,rf_var,Plain RF,3
39,34,169,rf_var,Plain RF,3
39,36,17,rf_var,Plain RF,3
39,39,19869,rf_var,Plain RF,3
39,40,59,rf_var,Plain RF,3
39,43,1,rf_var,Plain RF,3
39,44,61,rf_var,Plain RF,3
39,45,37,rf_var,Plain RF,3
39,46,766,rf_var,Plain RF,3
39,47,58,rf_var,Plain RF,3
39,49,45,rf_var,Plain RF,3
39,50,107,rf_var,Plain RF,3
40,1,167,rf_var,Plain RF,3
40,2,9,rf_var,Plain RF,3
40,3,810,rf_var,Plain RF,3
40,4,19,rf_var,Plain RF,3
40,5,2078,rf_var,Plain RF,3
40,6,7,rf_var,Plain RF,3
40,7,1336,rf_var,Plain RF,3
40,9,4,rf_var,Plain RF,3
40,10,3290,rf_var,Plain RF,3
40,11,16,rf_var,Plain RF,3
40,12,7,rf_var,Plain RF,3
40,13,10,rf_var,Plain RF,3
40,14,5,rf_var,Plain RF,3
40,15,6,rf_var,Plain RF,3
40,16,9,rf_var,Plain RF,3
40,17,8,rf_var,Plain RF,3
40,18,8,rf_var,Plain RF,3
40,19,8,rf_var,Plain RF,3
40,20,38,rf_var,Plain RF,3
40,21,4091,rf_var,Plain RF,3
40,22,10,rf_var,Plain RF,3
40,23,11,rf_var,Plain RF,3
40,24,8,rf_var,Plain RF,3
40,25,30,rf_var,Plain RF,3
40,26,3896,rf_var,Plain RF,3
40,27,105,rf_var,Plain RF,3
40,28,4103,rf_var,Plain RF,3
40,29,13,rf_var,Plain RF,3
40,30,10686,rf_var,Plain RF,3
40,31,90,rf_var,Plain RF,3
40,32,7,rf_var,Plain RF,3
40,33,35,rf_var,Plain RF,3
40,34,696,rf_var,Plain RF,3
40,35,8,rf_var,Plain RF,3
40,36,10152,rf_var,Plain RF,3
40,37,17,rf_var,Plain RF,3
40,38,8,rf_var,Plain RF,3
40,39,2155,rf_var,Plain RF,3
40,40,261266,rf_var,Plain RF,3
40,41,784,rf_var,Plain RF,3
40,42,4,rf_var,Plain RF,3
40,43,8,rf_var,Plain RF,3
40,44,7543,rf_var,Plain RF,3
40,45,127,rf_var,Plain RF,3
40,46,2243,rf_var,Plain RF,3
40,47,5899,rf_var,Plain RF,3
40,48,104,rf_var,Plain RF,3
40,49,12399,rf_var,Plain RF,3
40,50,481,rf_var,Plain RF,3
40,52,1420,rf_var,Plain RF,3
40,53,1742,rf_var,Plain RF,3
40,54,540,rf_var,Plain RF,3
40,55,1145,rf_var,Plain RF,3
41,1,5,rf_var,Plain RF,3
41,2,23,rf_var,Plain RF,3
41,3,1931,rf_var,Plain RF,3
41,4,2,rf_var,Plain RF,3
41,5,75,rf_var,Plain RF,3
41,6,15,rf_var,Plain RF,3
41,7,3175,rf_var,Plain RF,3
41,10,114,rf_var,Plain RF,3
41,11,12,rf_var,Plain RF,3
41,12,131,rf_var,Plain RF,3
41,13,531,rf_var,Plain RF,3
41,14,2,rf_var,Plain RF,3
41,15,33,rf_var,Plain RF,3
41,16,1,rf_var,Plain RF,3
41,17,1,rf_var,Plain RF,3
41,18,1,rf_var,Plain RF,3
41,20,2,rf_var,Plain RF,3
41,21,344,rf_var,Plain RF,3
41,23,1,rf_var,Plain RF,3
41,25,3,rf_var,Plain RF,3
41,26,412,rf_var,Plain RF,3
41,27,791,rf_var,Plain RF,3
41,28,958,rf_var,Plain RF,3
41,30,1719,rf_var,Plain RF,3
41,32,9,rf_var,Plain RF,3
41,33,865,rf_var,Plain RF,3
41,34,5,rf_var,Plain RF,3
41,36,1720,rf_var,Plain RF,3
41,37,248,rf_var,Plain RF,3
41,38,1,rf_var,Plain RF,3
41,39,18,rf_var,Plain RF,3
41,40,221,rf_var,Plain RF,3
41,41,76330,rf_var,Plain RF,3
41,43,1,rf_var,Plain RF,3
41,44,259,rf_var,Plain RF,3
41,45,21,rf_var,Plain RF,3
41,46,7,rf_var,Plain RF,3
41,47,1180,rf_var,Plain RF,3
41,49,75,rf_var,Plain RF,3
41,55,1,rf_var,Plain RF,3
42,4,1,rf_var,Plain RF,3
42,5,1,rf_var,Plain RF,3
42,6,3,rf_var,Plain RF,3
42,7,200,rf_var,Plain RF,3
42,9,1,rf_var,Plain RF,3
42,10,2,rf_var,Plain RF,3
42,11,4,rf_var,Plain RF,3
42,12,1,rf_var,Plain RF,3
42,13,52,rf_var,Plain RF,3
42,14,3,rf_var,Plain RF,3
42,15,87,rf_var,Plain RF,3
42,16,65,rf_var,Plain RF,3
42,18,12,rf_var,Plain RF,3
42,19,570,rf_var,Plain RF,3
42,20,270,rf_var,Plain RF,3
42,22,600,rf_var,Plain RF,3
42,23,20,rf_var,Plain RF,3
42,24,1389,rf_var,Plain RF,3
42,25,1597,rf_var,Plain RF,3
42,26,1,rf_var,Plain RF,3
42,30,2,rf_var,Plain RF,3
42,31,169,rf_var,Plain RF,3
42,32,199,rf_var,Plain RF,3
42,33,9,rf_var,Plain RF,3
42,35,2,rf_var,Plain RF,3
42,36,3,rf_var,Plain RF,3
42,37,2,rf_var,Plain RF,3
42,38,2,rf_var,Plain RF,3
42,40,1,rf_var,Plain RF,3
42,41,1,rf_var,Plain RF,3
42,42,149152,rf_var,Plain RF,3
42,43,571,rf_var,Plain RF,3
42,44,2,rf_var,Plain RF,3
42,46,1,rf_var,Plain RF,3
42,47,8,rf_var,Plain RF,3
42,48,1,rf_var,Plain RF,3
42,49,4,rf_var,Plain RF,3
42,50,2,rf_var,Plain RF,3
42,52,1,rf_var,Plain RF,3
42,53,1,rf_var,Plain RF,3
42,54,2,rf_var,Plain RF,3
42,55,5,rf_var,Plain RF,3
43,10,5,rf_var,Plain RF,3
43,16,92,rf_var,Plain RF,3
43,18,14,rf_var,Plain RF,3
43,19,6,rf_var,Plain RF,3
43,20,33,rf_var,Plain RF,3
43,24,44,rf_var,Plain RF,3
43,25,55,rf_var,Plain RF,3
43,42,77,rf_var,Plain RF,3
43,43,5329,rf_var,Plain RF,3
43,46,37,rf_var,Plain RF,3
44,1,559,rf_var,Plain RF,3
44,2,25,rf_var,Plain RF,3
44,3,1970,rf_var,Plain RF,3
44,4,26,rf_var,Plain RF,3
44,5,1935,rf_var,Plain RF,3
44,6,17,rf_var,Plain RF,3
44,7,2462,rf_var,Plain RF,3
44,9,15,rf_var,Plain RF,3
44,10,2146,rf_var,Plain RF,3
44,11,16,rf_var,Plain RF,3
44,12,14,rf_var,Plain RF,3
44,13,614,rf_var,Plain RF,3
44,14,17,rf_var,Plain RF,3
44,15,19,rf_var,Plain RF,3
44,16,129,rf_var,Plain RF,3
44,17,12,rf_var,Plain RF,3
44,18,931,rf_var,Plain RF,3
44,19,53,rf_var,Plain RF,3
44,20,46,rf_var,Plain RF,3
44,21,8979,rf_var,Plain RF,3
44,22,18,rf_var,Plain RF,3
44,23,16,rf_var,Plain RF,3
44,24,24,rf_var,Plain RF,3
44,25,16,rf_var,Plain RF,3
44,26,8786,rf_var,Plain RF,3
44,27,123,rf_var,Plain RF,3
44,28,12511,rf_var,Plain RF,3
44,29,20,rf_var,Plain RF,3
44,30,22521,rf_var,Plain RF,3
44,31,35,rf_var,Plain RF,3
44,32,19,rf_var,Plain RF,3
44,33,1370,rf_var,Plain RF,3
44,34,866,rf_var,Plain RF,3
44,35,13,rf_var,Plain RF,3
44,36,22372,rf_var,Plain RF,3
44,37,27,rf_var,Plain RF,3
44,38,15,rf_var,Plain RF,3
44,39,5838,rf_var,Plain RF,3
44,40,16067,rf_var,Plain RF,3
44,41,1126,rf_var,Plain RF,3
44,42,14,rf_var,Plain RF,3
44,43,20,rf_var,Plain RF,3
44,44,416020,rf_var,Plain RF,3
44,45,1033,rf_var,Plain RF,3
44,46,1405,rf_var,Plain RF,3
44,47,10100,rf_var,Plain RF,3
44,48,54,rf_var,Plain RF,3
44,49,15731,rf_var,Plain RF,3
44,50,2359,rf_var,Plain RF,3
44,52,2347,rf_var,Plain RF,3
44,53,3302,rf_var,Plain RF,3
44,54,278,rf_var,Plain RF,3
44,55,1760,rf_var,Plain RF,3
45,1,98,rf_var,Plain RF,3
45,2,1,rf_var,Plain RF,3
45,5,184,rf_var,Plain RF,3
45,6,1,rf_var,Plain RF,3
45,7,1,rf_var,Plain RF,3
45,10,111,rf_var,Plain RF,3
45,13,143,rf_var,Plain RF,3
45,14,1,rf_var,Plain RF,3
45,15,5,rf_var,Plain RF,3
45,16,55,rf_var,Plain RF,3
45,18,30,rf_var,Plain RF,3
45,20,7,rf_var,Plain RF,3
45,22,1,rf_var,Plain RF,3
45,23,17,rf_var,Plain RF,3
45,24,319,rf_var,Plain RF,3
45,25,38,rf_var,Plain RF,3
45,26,1,rf_var,Plain RF,3
45,27,1,rf_var,Plain RF,3
45,28,8,rf_var,Plain RF,3
45,29,106,rf_var,Plain RF,3
45,30,91,rf_var,Plain RF,3
45,31,32,rf_var,Plain RF,3
45,33,6,rf_var,Plain RF,3
45,34,97,rf_var,Plain RF,3
45,37,1,rf_var,Plain RF,3
45,39,283,rf_var,Plain RF,3
45,40,35,rf_var,Plain RF,3
45,41,1,rf_var,Plain RF,3
45,42,3,rf_var,Plain RF,3
45,44,71,rf_var,Plain RF,3
45,45,13951,rf_var,Plain RF,3
45,46,668,rf_var,Plain RF,3
45,47,8,rf_var,Plain RF,3
45,49,25,rf_var,Plain RF,3
45,50,2,rf_var,Plain RF,3
45,52,1,rf_var,Plain RF,3
45,53,1,rf_var,Plain RF,3
45,54,1,rf_var,Plain RF,3
46,1,329,rf_var,Plain RF,3
46,2,4,rf_var,Plain RF,3
46,3,94,rf_var,Plain RF,3
46,4,14,rf_var,Plain RF,3
46,5,114,rf_var,Plain RF,3
46,6,3,rf_var,Plain RF,3
46,7,175,rf_var,Plain RF,3
46,9,1,rf_var,Plain RF,3
46,10,2070,rf_var,Plain RF,3
46,11,7,rf_var,Plain RF,3
46,12,7,rf_var,Plain RF,3
46,13,214,rf_var,Plain RF,3
46,14,5,rf_var,Plain RF,3
46,15,2,rf_var,Plain RF,3
46,16,1262,rf_var,Plain RF,3
46,17,5,rf_var,Plain RF,3
46,18,1195,rf_var,Plain RF,3
46,19,5,rf_var,Plain RF,3
46,20,602,rf_var,Plain RF,3
46,21,18,rf_var,Plain RF,3
46,22,12,rf_var,Plain RF,3
46,23,5,rf_var,Plain RF,3
46,24,8,rf_var,Plain RF,3
46,25,19,rf_var,Plain RF,3
46,26,348,rf_var,Plain RF,3
46,27,3,rf_var,Plain RF,3
46,28,209,rf_var,Plain RF,3
46,29,5,rf_var,Plain RF,3
46,30,488,rf_var,Plain RF,3
46,31,14,rf_var,Plain RF,3
46,32,1,rf_var,Plain RF,3
46,33,37,rf_var,Plain RF,3
46,34,917,rf_var,Plain RF,3
46,35,3,rf_var,Plain RF,3
46,36,516,rf_var,Plain RF,3
46,37,22,rf_var,Plain RF,3
46,38,6,rf_var,Plain RF,3
46,39,2459,rf_var,Plain RF,3
46,40,1030,rf_var,Plain RF,3
46,41,12,rf_var,Plain RF,3
46,42,4,rf_var,Plain RF,3
46,43,172,rf_var,Plain RF,3
46,44,586,rf_var,Plain RF,3
46,45,845,rf_var,Plain RF,3
46,46,120653,rf_var,Plain RF,3
46,47,1081,rf_var,Plain RF,3
46,48,4,rf_var,Plain RF,3
46,49,672,rf_var,Plain RF,3
46,50,200,rf_var,Plain RF,3
46,52,9,rf_var,Plain RF,3
46,53,5,rf_var,Plain RF,3
46,54,8,rf_var,Plain RF,3
46,55,3,rf_var,Plain RF,3
47,1,131,rf_var,Plain RF,3
47,2,17,rf_var,Plain RF,3
47,3,1587,rf_var,Plain RF,3
47,4,46,rf_var,Plain RF,3
47,5,2338,rf_var,Plain RF,3
47,6,49,rf_var,Plain RF,3
47,7,1949,rf_var,Plain RF,3
47,9,11,rf_var,Plain RF,3
47,10,2643,rf_var,Plain RF,3
47,11,61,rf_var,Plain RF,3
47,12,7,rf_var,Plain RF,3
47,13,13,rf_var,Plain RF,3
47,14,7,rf_var,Plain RF,3
47,15,15,rf_var,Plain RF,3
47,16,19,rf_var,Plain RF,3
47,17,10,rf_var,Plain RF,3
47,18,18,rf_var,Plain RF,3
47,19,16,rf_var,Plain RF,3
47,20,15,rf_var,Plain RF,3
47,21,794,rf_var,Plain RF,3
47,22,10,rf_var,Plain RF,3
47,23,11,rf_var,Plain RF,3
47,24,13,rf_var,Plain RF,3
47,25,12,rf_var,Plain RF,3
47,26,766,rf_var,Plain RF,3
47,27,900,rf_var,Plain RF,3
47,28,9993,rf_var,Plain RF,3
47,29,16,rf_var,Plain RF,3
47,30,3774,rf_var,Plain RF,3
47,31,19,rf_var,Plain RF,3
47,32,17,rf_var,Plain RF,3
47,33,731,rf_var,Plain RF,3
47,34,474,rf_var,Plain RF,3
47,35,14,rf_var,Plain RF,3
47,36,7374,rf_var,Plain RF,3
47,37,178,rf_var,Plain RF,3
47,38,19,rf_var,Plain RF,3
47,39,1049,rf_var,Plain RF,3
47,40,7753,rf_var,Plain RF,3
47,41,334,rf_var,Plain RF,3
47,42,24,rf_var,Plain RF,3
47,43,15,rf_var,Plain RF,3
47,44,7040,rf_var,Plain RF,3
47,45,53,rf_var,Plain RF,3
47,46,1741,rf_var,Plain RF,3
47,47,293640,rf_var,Plain RF,3
47,48,95,rf_var,Plain RF,3
47,49,7333,rf_var,Plain RF,3
47,50,932,rf_var,Plain RF,3
47,52,156,rf_var,Plain RF,3
47,53,24,rf_var,Plain RF,3
47,54,14,rf_var,Plain RF,3
47,55,177,rf_var,Plain RF,3
48,4,1,rf_var,Plain RF,3
48,10,1,rf_var,Plain RF,3
48,27,5,rf_var,Plain RF,3
48,28,4,rf_var,Plain RF,3
48,30,1,rf_var,Plain RF,3
48,31,1,rf_var,Plain RF,3
48,35,1,rf_var,Plain RF,3
48,40,1,rf_var,Plain RF,3
48,44,2,rf_var,Plain RF,3
48,47,3,rf_var,Plain RF,3
48,48,1578,rf_var,Plain RF,3
48,49,22,rf_var,Plain RF,3
48,53,3,rf_var,Plain RF,3
48,55,1,rf_var,Plain RF,3
49,1,107,rf_var,Plain RF,3
49,2,3,rf_var,Plain RF,3
49,3,59,rf_var,Plain RF,3
49,4,8,rf_var,Plain RF,3
49,5,295,rf_var,Plain RF,3
49,6,3,rf_var,Plain RF,3
49,7,64,rf_var,Plain RF,3
49,9,7,rf_var,Plain RF,3
49,10,1050,rf_var,Plain RF,3
49,11,6,rf_var,Plain RF,3
49,12,1,rf_var,Plain RF,3
49,13,4,rf_var,Plain RF,3
49,14,7,rf_var,Plain RF,3
49,15,9,rf_var,Plain RF,3
49,16,4,rf_var,Plain RF,3
49,17,5,rf_var,Plain RF,3
49,18,3,rf_var,Plain RF,3
49,19,5,rf_var,Plain RF,3
49,20,26,rf_var,Plain RF,3
49,21,2100,rf_var,Plain RF,3
49,22,6,rf_var,Plain RF,3
49,23,10,rf_var,Plain RF,3
49,24,6,rf_var,Plain RF,3
49,25,7,rf_var,Plain RF,3
49,26,1779,rf_var,Plain RF,3
49,27,6,rf_var,Plain RF,3
49,28,1031,rf_var,Plain RF,3
49,29,6,rf_var,Plain RF,3
49,30,5109,rf_var,Plain RF,3
49,31,5,rf_var,Plain RF,3
49,32,9,rf_var,Plain RF,3
49,33,4,rf_var,Plain RF,3
49,34,631,rf_var,Plain RF,3
49,35,6,rf_var,Plain RF,3
49,36,2262,rf_var,Plain RF,3
49,37,17,rf_var,Plain RF,3
49,38,7,rf_var,Plain RF,3
49,39,767,rf_var,Plain RF,3
49,40,4587,rf_var,Plain RF,3
49,41,12,rf_var,Plain RF,3
49,42,6,rf_var,Plain RF,3
49,43,2,rf_var,Plain RF,3
49,44,3468,rf_var,Plain RF,3
49,45,110,rf_var,Plain RF,3
49,46,853,rf_var,Plain RF,3
49,47,1822,rf_var,Plain RF,3
49,48,35,rf_var,Plain RF,3
49,49,129170,rf_var,Plain RF,3
49,50,371,rf_var,Plain RF,3
49,52,1027,rf_var,Plain RF,3
49,53,623,rf_var,Plain RF,3
49,54,46,rf_var,Plain RF,3
49,55,187,rf_var,Plain RF,3
50,1,1,rf_var,Plain RF,3
50,2,4,rf_var,Plain RF,3
50,3,1,rf_var,Plain RF,3
50,4,1,rf_var,Plain RF,3
50,6,2,rf_var,Plain RF,3
50,7,3,rf_var,Plain RF,3
50,10,27,rf_var,Plain RF,3
50,14,1,rf_var,Plain RF,3
50,15,1,rf_var,Plain RF,3
50,16,1,rf_var,Plain RF,3
50,17,1,rf_var,Plain RF,3
50,20,1,rf_var,Plain RF,3
50,21,1,rf_var,Plain RF,3
50,22,1,rf_var,Plain RF,3
50,23,1,rf_var,Plain RF,3
50,25,1,rf_var,Plain RF,3
50,30,6,rf_var,Plain RF,3
50,32,2,rf_var,Plain RF,3
50,34,7,rf_var,Plain RF,3
50,35,1,rf_var,Plain RF,3
50,36,1,rf_var,Plain RF,3
50,37,1,rf_var,Plain RF,3
50,39,26,rf_var,Plain RF,3
50,40,24,rf_var,Plain RF,3
50,41,1,rf_var,Plain RF,3
50,43,1,rf_var,Plain RF,3
50,44,21,rf_var,Plain RF,3
50,46,15,rf_var,Plain RF,3
50,47,15,rf_var,Plain RF,3
50,50,2111,rf_var,Plain RF,3
50,53,8,rf_var,Plain RF,3
50,54,2,rf_var,Plain RF,3
50,55,2,rf_var,Plain RF,3
52,1,10,rf_var,Plain RF,3
52,2,6,rf_var,Plain RF,3
52,3,9,rf_var,Plain RF,3
52,4,10,rf_var,Plain RF,3
52,5,4,rf_var,Plain RF,3
52,6,10,rf_var,Plain RF,3
52,7,12,rf_var,Plain RF,3
52,9,9,rf_var,Plain RF,3
52,10,10,rf_var,Plain RF,3
52,11,10,rf_var,Plain RF,3
52,12,12,rf_var,Plain RF,3
52,13,5,rf_var,Plain RF,3
52,14,9,rf_var,Plain RF,3
52,15,13,rf_var,Plain RF,3
52,16,6,rf_var,Plain RF,3
52,17,5,rf_var,Plain RF,3
52,18,13,rf_var,Plain RF,3
52,19,5,rf_var,Plain RF,3
52,20,5,rf_var,Plain RF,3
52,21,42,rf_var,Plain RF,3
52,22,8,rf_var,Plain RF,3
52,23,4,rf_var,Plain RF,3
52,24,5,rf_var,Plain RF,3
52,25,9,rf_var,Plain RF,3
52,26,10,rf_var,Plain RF,3
52,27,4,rf_var,Plain RF,3
52,28,5,rf_var,Plain RF,3
52,29,4,rf_var,Plain RF,3
52,30,1,rf_var,Plain RF,3
52,31,6,rf_var,Plain RF,3
52,32,4,rf_var,Plain RF,3
52,33,8,rf_var,Plain RF,3
52,34,2,rf_var,Plain RF,3
52,35,9,rf_var,Plain RF,3
52,36,3,rf_var,Plain RF,3
52,37,3,rf_var,Plain RF,3
52,38,8,rf_var,Plain RF,3
52,39,5,rf_var,Plain RF,3
52,40,178,rf_var,Plain RF,3
52,41,5,rf_var,Plain RF,3
52,42,8,rf_var,Plain RF,3
52,43,11,rf_var,Plain RF,3
52,44,125,rf_var,Plain RF,3
52,45,7,rf_var,Plain RF,3
52,46,6,rf_var,Plain RF,3
52,47,9,rf_var,Plain RF,3
52,49,122,rf_var,Plain RF,3
52,50,1,rf_var,Plain RF,3
52,52,22647,rf_var,Plain RF,3
52,53,183,rf_var,Plain RF,3
52,54,7,rf_var,Plain RF,3
52,55,23,rf_var,Plain RF,3
53,1,11,rf_var,Plain RF,3
53,2,88,rf_var,Plain RF,3
53,3,17,rf_var,Plain RF,3
53,4,15,rf_var,Plain RF,3
53,5,21,rf_var,Plain RF,3
53,6,12,rf_var,Plain RF,3
53,7,8,rf_var,Plain RF,3
53,9,18,rf_var,Plain RF,3
53,10,22,rf_var,Plain RF,3
53,11,12,rf_var,Plain RF,3
53,12,8,rf_var,Plain RF,3
53,13,9,rf_var,Plain RF,3
53,14,14,rf_var,Plain RF,3
53,15,22,rf_var,Plain RF,3
53,16,21,rf_var,Plain RF,3
53,17,20,rf_var,Plain RF,3
53,18,23,rf_var,Plain RF,3
53,19,21,rf_var,Plain RF,3
53,20,23,rf_var,Plain RF,3
53,21,731,rf_var,Plain RF,3
53,22,15,rf_var,Plain RF,3
53,23,18,rf_var,Plain RF,3
53,24,26,rf_var,Plain RF,3
53,25,14,rf_var,Plain RF,3
53,26,231,rf_var,Plain RF,3
53,27,10,rf_var,Plain RF,3
53,28,71,rf_var,Plain RF,3
53,29,19,rf_var,Plain RF,3
53,30,152,rf_var,Plain RF,3
53,31,16,rf_var,Plain RF,3
53,32,23,rf_var,Plain RF,3
53,33,7,rf_var,Plain RF,3
53,34,215,rf_var,Plain RF,3
53,35,17,rf_var,Plain RF,3
53,36,39,rf_var,Plain RF,3
53,37,20,rf_var,Plain RF,3
53,38,17,rf_var,Plain RF,3
53,39,44,rf_var,Plain RF,3
53,40,607,rf_var,Plain RF,3
53,41,21,rf_var,Plain RF,3
53,42,18,rf_var,Plain RF,3
53,43,18,rf_var,Plain RF,3
53,44,611,rf_var,Plain RF,3
53,45,16,rf_var,Plain RF,3
53,46,35,rf_var,Plain RF,3
53,47,30,rf_var,Plain RF,3
53,48,18,rf_var,Plain RF,3
53,49,928,rf_var,Plain RF,3
53,50,90,rf_var,Plain RF,3
53,52,415,rf_var,Plain RF,3
53,53,59312,rf_var,Plain RF,3
53,54,8,rf_var,Plain RF,3
53,55,292,rf_var,Plain RF,3
54,1,4,rf_var,Plain RF,3
54,2,3,rf_var,Plain RF,3
54,3,6,rf_var,Plain RF,3
54,4,2,rf_var,Plain RF,3
54,6,2,rf_var,Plain RF,3
54,7,2,rf_var,Plain RF,3
54,9,6,rf_var,Plain RF,3
54,10,3,rf_var,Plain RF,3
54,11,6,rf_var,Plain RF,3
54,12,5,rf_var,Plain RF,3
54,13,4,rf_var,Plain RF,3
54,14,3,rf_var,Plain RF,3
54,17,3,rf_var,Plain RF,3
54,18,6,rf_var,Plain RF,3
54,19,2,rf_var,Plain RF,3
54,20,4,rf_var,Plain RF,3
54,21,134,rf_var,Plain RF,3
54,22,3,rf_var,Plain RF,3
54,23,8,rf_var,Plain RF,3
54,24,2,rf_var,Plain RF,3
54,25,1,rf_var,Plain RF,3
54,26,1,rf_var,Plain RF,3
54,28,10,rf_var,Plain RF,3
54,29,3,rf_var,Plain RF,3
54,30,5,rf_var,Plain RF,3
54,31,4,rf_var,Plain RF,3
54,32,3,rf_var,Plain RF,3
54,33,2,rf_var,Plain RF,3
54,34,19,rf_var,Plain RF,3
54,35,1,rf_var,Plain RF,3
54,36,14,rf_var,Plain RF,3
54,37,2,rf_var,Plain RF,3
54,38,9,rf_var,Plain RF,3
54,39,3,rf_var,Plain RF,3
54,40,54,rf_var,Plain RF,3
54,41,2,rf_var,Plain RF,3
54,42,8,rf_var,Plain RF,3
54,43,9,rf_var,Plain RF,3
54,44,177,rf_var,Plain RF,3
54,45,3,rf_var,Plain RF,3
54,46,3,rf_var,Plain RF,3
54,47,3,rf_var,Plain RF,3
54,48,1,rf_var,Plain RF,3
54,49,4,rf_var,Plain RF,3
54,50,12,rf_var,Plain RF,3
54,52,5,rf_var,Plain RF,3
54,53,31,rf_var,Plain RF,3
54,54,10947,rf_var,Plain RF,3
54,55,4,rf_var,Plain RF,3
55,21,3,rf_var,Plain RF,3
55,25,1,rf_var,Plain RF,3
55,28,3,rf_var,Plain RF,3
55,35,1,rf_var,Plain RF,3
55,36,1,rf_var,Plain RF,3
55,40,70,rf_var,Plain RF,3
55,44,92,rf_var,Plain RF,3
55,50,2,rf_var,Plain RF,3
55,52,50,rf_var,Plain RF,3
55,53,55,rf_var,Plain RF,3
55,55,6105,rf_var,Plain RF,3
1,1,13700,rf_var,Plain RF,5
1,3,6,rf_var,Plain RF,5
1,5,3,rf_var,Plain RF,5
1,6,6,rf_var,Plain RF,5
1,7,81,rf_var,Plain RF,5
1,10,12,rf_var,Plain RF,5
1,11,2,rf_var,Plain RF,5
1,13,190,rf_var,Plain RF,5
1,15,2,rf_var,Plain RF,5
1,16,19,rf_var,Plain RF,5
1,17,51,rf_var,Plain RF,5
1,18,38,rf_var,Plain RF,5
1,19,4,rf_var,Plain RF,5
1,20,15,rf_var,Plain RF,5
1,21,94,rf_var,Plain RF,5
1,22,1,rf_var,Plain RF,5
1,23,2,rf_var,Plain RF,5
1,24,1,rf_var,Plain RF,5
1,25,147,rf_var,Plain RF,5
1,26,3,rf_var,Plain RF,5
1,27,2,rf_var,Plain RF,5
1,28,3,rf_var,Plain RF,5
1,29,6,rf_var,Plain RF,5
1,30,7,rf_var,Plain RF,5
1,31,69,rf_var,Plain RF,5
1,32,17,rf_var,Plain RF,5
1,33,47,rf_var,Plain RF,5
1,35,2,rf_var,Plain RF,5
1,36,1,rf_var,Plain RF,5
1,37,6,rf_var,Plain RF,5
1,38,3,rf_var,Plain RF,5
1,39,302,rf_var,Plain RF,5
1,40,34,rf_var,Plain RF,5
1,41,1,rf_var,Plain RF,5
1,42,38,rf_var,Plain RF,5
1,43,1,rf_var,Plain RF,5
1,44,19,rf_var,Plain RF,5
1,45,101,rf_var,Plain RF,5
1,46,33,rf_var,Plain RF,5
1,47,46,rf_var,Plain RF,5
1,48,3,rf_var,Plain RF,5
1,49,3,rf_var,Plain RF,5
1,50,137,rf_var,Plain RF,5
1,52,1,rf_var,Plain RF,5
1,54,1,rf_var,Plain RF,5
1,55,3,rf_var,Plain RF,5
2,1,340,rf_var,Plain RF,5
2,2,264745,rf_var,Plain RF,5
2,3,1077,rf_var,Plain RF,5
2,4,142,rf_var,Plain RF,5
2,5,678,rf_var,Plain RF,5
2,6,6,rf_var,Plain RF,5
2,7,752,rf_var,Plain RF,5
2,9,201,rf_var,Plain RF,5
2,10,544,rf_var,Plain RF,5
2,11,2648,rf_var,Plain RF,5
2,12,268,rf_var,Plain RF,5
2,13,2383,rf_var,Plain RF,5
2,14,198,rf_var,Plain RF,5
2,15,17,rf_var,Plain RF,5
2,16,2973,rf_var,Plain RF,5
2,17,219,rf_var,Plain RF,5
2,18,2571,rf_var,Plain RF,5
2,19,12,rf_var,Plain RF,5
2,20,309,rf_var,Plain RF,5
2,21,22,rf_var,Plain RF,5
2,22,130,rf_var,Plain RF,5
2,23,17,rf_var,Plain RF,5
2,24,121,rf_var,Plain RF,5
2,25,675,rf_var,Plain RF,5
2,26,16,rf_var,Plain RF,5
2,27,353,rf_var,Plain RF,5
2,28,124,rf_var,Plain RF,5
2,29,14,rf_var,Plain RF,5
2,30,149,rf_var,Plain RF,5
2,31,302,rf_var,Plain RF,5
2,32,85,rf_var,Plain RF,5
2,33,112,rf_var,Plain RF,5
2,34,106,rf_var,Plain RF,5
2,35,11,rf_var,Plain RF,5
2,36,67,rf_var,Plain RF,5
2,37,36,rf_var,Plain RF,5
2,38,11,rf_var,Plain RF,5
2,39,58,rf_var,Plain RF,5
2,40,24,rf_var,Plain RF,5
2,41,175,rf_var,Plain RF,5
2,42,18,rf_var,Plain RF,5
2,43,4,rf_var,Plain RF,5
2,44,217,rf_var,Plain RF,5
2,45,36,rf_var,Plain RF,5
2,46,46,rf_var,Plain RF,5
2,47,7,rf_var,Plain RF,5
2,48,13,rf_var,Plain RF,5
2,49,13,rf_var,Plain RF,5
2,50,97,rf_var,Plain RF,5
2,52,22,rf_var,Plain RF,5
2,53,596,rf_var,Plain RF,5
2,54,13,rf_var,Plain RF,5
2,55,270,rf_var,Plain RF,5
3,1,350,rf_var,Plain RF,5
3,2,611,rf_var,Plain RF,5
3,3,512142,rf_var,Plain RF,5
3,4,1022,rf_var,Plain RF,5
3,5,1110,rf_var,Plain RF,5
3,6,210,rf_var,Plain RF,5
3,7,2508,rf_var,Plain RF,5
3,9,282,rf_var,Plain RF,5
3,10,1319,rf_var,Plain RF,5
3,11,2260,rf_var,Plain RF,5
3,12,2855,rf_var,Plain RF,5
3,13,2780,rf_var,Plain RF,5
3,14,1069,rf_var,Plain RF,5
3,15,1018,rf_var,Plain RF,5
3,16,41,rf_var,Plain RF,5
3,17,16,rf_var,Plain RF,5
3,18,953,rf_var,Plain RF,5
3,19,37,rf_var,Plain RF,5
3,20,11,rf_var,Plain RF,5
3,21,328,rf_var,Plain RF,5
3,22,59,rf_var,Plain RF,5
3,23,144,rf_var,Plain RF,5
3,24,1482,rf_var,Plain RF,5
3,25,295,rf_var,Plain RF,5
3,26,277,rf_var,Plain RF,5
3,27,6158,rf_var,Plain RF,5
3,28,1930,rf_var,Plain RF,5
3,29,13,rf_var,Plain RF,5
3,30,481,rf_var,Plain RF,5
3,31,16,rf_var,Plain RF,5
3,32,299,rf_var,Plain RF,5
3,33,2374,rf_var,Plain RF,5
3,34,132,rf_var,Plain RF,5
3,35,15,rf_var,Plain RF,5
3,36,1098,rf_var,Plain RF,5
3,37,999,rf_var,Plain RF,5
3,38,10,rf_var,Plain RF,5
3,39,636,rf_var,Plain RF,5
3,40,213,rf_var,Plain RF,5
3,41,1826,rf_var,Plain RF,5
3,42,13,rf_var,Plain RF,5
3,43,17,rf_var,Plain RF,5
3,44,781,rf_var,Plain RF,5
3,45,69,rf_var,Plain RF,5
3,46,467,rf_var,Plain RF,5
3,47,1460,rf_var,Plain RF,5
3,48,18,rf_var,Plain RF,5
3,49,82,rf_var,Plain RF,5
3,50,39,rf_var,Plain RF,5
3,52,12,rf_var,Plain RF,5
3,53,15,rf_var,Plain RF,5
3,54,10,rf_var,Plain RF,5
3,55,11,rf_var,Plain RF,5
4,1,4,rf_var,Plain RF,5
4,2,416,rf_var,Plain RF,5
4,3,615,rf_var,Plain RF,5
4,4,82360,rf_var,Plain RF,5
4,5,344,rf_var,Plain RF,5
4,6,166,rf_var,Plain RF,5
4,7,272,rf_var,Plain RF,5
4,9,10,rf_var,Plain RF,5
4,10,11,rf_var,Plain RF,5
4,11,984,rf_var,Plain RF,5
4,12,486,rf_var,Plain RF,5
4,13,1787,rf_var,Plain RF,5
4,14,910,rf_var,Plain RF,5
4,15,857,rf_var,Plain RF,5
4,16,492,rf_var,Plain RF,5
4,17,226,rf_var,Plain RF,5
4,18,31,rf_var,Plain RF,5
4,19,32,rf_var,Plain RF,5
4,20,197,rf_var,Plain RF,5
4,21,29,rf_var,Plain RF,5
4,22,211,rf_var,Plain RF,5
4,23,53,rf_var,Plain RF,5
4,24,1,rf_var,Plain RF,5
4,25,43,rf_var,Plain RF,5
4,26,26,rf_var,Plain RF,5
4,27,363,rf_var,Plain RF,5
4,28,8,rf_var,Plain RF,5
4,29,5,rf_var,Plain RF,5
4,30,106,rf_var,Plain RF,5
4,31,12,rf_var,Plain RF,5
4,32,2,rf_var,Plain RF,5
4,33,98,rf_var,Plain RF,5
4,34,5,rf_var,Plain RF,5
4,35,16,rf_var,Plain RF,5
4,36,8,rf_var,Plain RF,5
4,37,7,rf_var,Plain RF,5
4,38,5,rf_var,Plain RF,5
4,39,52,rf_var,Plain RF,5
4,40,5,rf_var,Plain RF,5
4,41,5,rf_var,Plain RF,5
4,42,8,rf_var,Plain RF,5
4,43,7,rf_var,Plain RF,5
4,44,3,rf_var,Plain RF,5
4,45,12,rf_var,Plain RF,5
4,46,6,rf_var,Plain RF,5
4,47,3,rf_var,Plain RF,5
4,48,13,rf_var,Plain RF,5
4,49,4,rf_var,Plain RF,5
4,50,62,rf_var,Plain RF,5
4,52,5,rf_var,Plain RF,5
4,53,8,rf_var,Plain RF,5
4,54,8,rf_var,Plain RF,5
4,55,6,rf_var,Plain RF,5
5,1,171,rf_var,Plain RF,5
5,2,111,rf_var,Plain RF,5
5,3,544,rf_var,Plain RF,5
5,4,73,rf_var,Plain RF,5
5,5,160119,rf_var,Plain RF,5
5,6,23,rf_var,Plain RF,5
5,7,1952,rf_var,Plain RF,5
5,9,10,rf_var,Plain RF,5
5,10,393,rf_var,Plain RF,5
5,11,944,rf_var,Plain RF,5
5,12,1863,rf_var,Plain RF,5
5,13,2993,rf_var,Plain RF,5
5,14,1944,rf_var,Plain RF,5
5,15,672,rf_var,Plain RF,5
5,16,1969,rf_var,Plain RF,5
5,17,271,rf_var,Plain RF,5
5,18,253,rf_var,Plain RF,5
5,19,12,rf_var,Plain RF,5
5,20,690,rf_var,Plain RF,5
5,21,1112,rf_var,Plain RF,5
5,22,132,rf_var,Plain RF,5
5,23,81,rf_var,Plain RF,5
5,24,935,rf_var,Plain RF,5
5,25,700,rf_var,Plain RF,5
5,26,927,rf_var,Plain RF,5
5,27,1253,rf_var,Plain RF,5
5,28,74,rf_var,Plain RF,5
5,29,35,rf_var,Plain RF,5
5,30,243,rf_var,Plain RF,5
5,31,70,rf_var,Plain RF,5
5,32,55,rf_var,Plain RF,5
5,33,1531,rf_var,Plain RF,5
5,34,210,rf_var,Plain RF,5
5,35,112,rf_var,Plain RF,5
5,36,644,rf_var,Plain RF,5
5,37,353,rf_var,Plain RF,5
5,38,11,rf_var,Plain RF,5
5,39,644,rf_var,Plain RF,5
5,40,712,rf_var,Plain RF,5
5,41,1504,rf_var,Plain RF,5
5,42,204,rf_var,Plain RF,5
5,43,10,rf_var,Plain RF,5
5,44,1135,rf_var,Plain RF,5
5,45,291,rf_var,Plain RF,5
5,46,734,rf_var,Plain RF,5
5,47,1380,rf_var,Plain RF,5
5,48,13,rf_var,Plain RF,5
5,49,280,rf_var,Plain RF,5
5,50,38,rf_var,Plain RF,5
5,52,11,rf_var,Plain RF,5
5,53,7,rf_var,Plain RF,5
5,54,6,rf_var,Plain RF,5
5,55,9,rf_var,Plain RF,5
6,1,10,rf_var,Plain RF,5
6,2,63,rf_var,Plain RF,5
6,3,247,rf_var,Plain RF,5
6,4,127,rf_var,Plain RF,5
6,5,21,rf_var,Plain RF,5
6,6,82759,rf_var,Plain RF,5
6,7,87,rf_var,Plain RF,5
6,9,47,rf_var,Plain RF,5
6,10,108,rf_var,Plain RF,5
6,11,338,rf_var,Plain RF,5
6,12,319,rf_var,Plain RF,5
6,13,53,rf_var,Plain RF,5
6,14,37,rf_var,Plain RF,5
6,15,310,rf_var,Plain RF,5
6,16,48,rf_var,Plain RF,5
6,17,17,rf_var,Plain RF,5
6,18,93,rf_var,Plain RF,5
6,19,12,rf_var,Plain RF,5
6,20,11,rf_var,Plain RF,5
6,21,1633,rf_var,Plain RF,5
6,22,21,rf_var,Plain RF,5
6,23,180,rf_var,Plain RF,5
6,24,1046,rf_var,Plain RF,5
6,25,741,rf_var,Plain RF,5
6,26,47,rf_var,Plain RF,5
6,27,438,rf_var,Plain RF,5
6,28,66,rf_var,Plain RF,5
6,29,19,rf_var,Plain RF,5
6,30,313,rf_var,Plain RF,5
6,31,193,rf_var,Plain RF,5
6,32,11,rf_var,Plain RF,5
6,33,87,rf_var,Plain RF,5
6,34,12,rf_var,Plain RF,5
6,35,13,rf_var,Plain RF,5
6,36,14,rf_var,Plain RF,5
6,37,138,rf_var,Plain RF,5
6,38,15,rf_var,Plain RF,5
6,39,25,rf_var,Plain RF,5
6,40,14,rf_var,Plain RF,5
6,41,15,rf_var,Plain RF,5
6,42,107,rf_var,Plain RF,5
6,43,10,rf_var,Plain RF,5
6,44,13,rf_var,Plain RF,5
6,45,9,rf_var,Plain RF,5
6,46,11,rf_var,Plain RF,5
6,47,162,rf_var,Plain RF,5
6,48,28,rf_var,Plain RF,5
6,49,149,rf_var,Plain RF,5
6,50,18,rf_var,Plain RF,5
6,52,10,rf_var,Plain RF,5
6,53,12,rf_var,Plain RF,5
6,54,5,rf_var,Plain RF,5
6,55,12,rf_var,Plain RF,5
7,1,322,rf_var,Plain RF,5
7,2,923,rf_var,Plain RF,5
7,3,1083,rf_var,Plain RF,5
7,4,462,rf_var,Plain RF,5
7,5,617,rf_var,Plain RF,5
7,6,163,rf_var,Plain RF,5
7,7,193132,rf_var,Plain RF,5
7,9,242,rf_var,Plain RF,5
7,10,676,rf_var,Plain RF,5
7,11,313,rf_var,Plain RF,5
7,12,891,rf_var,Plain RF,5
7,13,2011,rf_var,Plain RF,5
7,14,799,rf_var,Plain RF,5
7,15,1303,rf_var,Plain RF,5
7,16,226,rf_var,Plain RF,5
7,17,1,rf_var,Plain RF,5
7,18,765,rf_var,Plain RF,5
7,19,349,rf_var,Plain RF,5
7,20,219,rf_var,Plain RF,5
7,21,494,rf_var,Plain RF,5
7,22,20,rf_var,Plain RF,5
7,23,1334,rf_var,Plain RF,5
7,24,2349,rf_var,Plain RF,5
7,25,1776,rf_var,Plain RF,5
7,26,604,rf_var,Plain RF,5
7,27,1007,rf_var,Plain RF,5
7,28,639,rf_var,Plain RF,5
7,29,137,rf_var,Plain RF,5
7,30,139,rf_var,Plain RF,5
7,31,356,rf_var,Plain RF,5
7,32,589,rf_var,Plain RF,5
7,33,988,rf_var,Plain RF,5
7,34,307,rf_var,Plain RF,5
7,35,211,rf_var,Plain RF,5
7,36,1300,rf_var,Plain RF,5
7,37,57,rf_var,Plain RF,5
7,38,10,rf_var,Plain RF,5
7,39,414,rf_var,Plain RF,5
7,40,738,rf_var,Plain RF,5
7,41,195,rf_var,Plain RF,5
7,42,166,rf_var,Plain RF,5
7,43,4,rf_var,Plain RF,5
7,44,800,rf_var,Plain RF,5
7,45,113,rf_var,Plain RF,5
7,46,342,rf_var,Plain RF,5
7,47,388,rf_var,Plain RF,5
7,48,1,rf_var,Plain RF,5
7,49,909,rf_var,Plain RF,5
7,50,66,rf_var,Plain RF,5
7,52,2,rf_var,Plain RF,5
7,53,2,rf_var,Plain RF,5
7,54,4,rf_var,Plain RF,5
7,55,8,rf_var,Plain RF,5
9,1,1,rf_var,Plain RF,5
9,2,1,rf_var,Plain RF,5
9,3,15,rf_var,Plain RF,5
9,4,1,rf_var,Plain RF,5
9,7,5,rf_var,Plain RF,5
9,9,30076,rf_var,Plain RF,5
9,10,9,rf_var,Plain RF,5
9,11,212,rf_var,Plain RF,5
9,12,11,rf_var,Plain RF,5
9,13,39,rf_var,Plain RF,5
9,14,48,rf_var,Plain RF,5
9,15,3,rf_var,Plain RF,5
9,16,3,rf_var,Plain RF,5
9,17,1,rf_var,Plain RF,5
9,18,2,rf_var,Plain RF,5
9,19,1,rf_var,Plain RF,5
9,20,1,rf_var,Plain RF,5
9,23,2,rf_var,Plain RF,5
9,25,1,rf_var,Plain RF,5
9,26,3,rf_var,Plain RF,5
9,27,26,rf_var,Plain RF,5
9,28,2,rf_var,Plain RF,5
9,29,3,rf_var,Plain RF,5
9,31,1,rf_var,Plain RF,5
9,32,3,rf_var,Plain RF,5
9,34,1,rf_var,Plain RF,5
9,35,2,rf_var,Plain RF,5
9,36,4,rf_var,Plain RF,5
9,38,1,rf_var,Plain RF,5
9,40,1,rf_var,Plain RF,5
9,42,2,rf_var,Plain RF,5
9,43,5,rf_var,Plain RF,5
9,46,2,rf_var,Plain RF,5
9,47,1,rf_var,Plain RF,5
9,48,4,rf_var,Plain RF,5
9,50,2,rf_var,Plain RF,5
9,52,1,rf_var,Plain RF,5
9,53,2,rf_var,Plain RF,5
9,54,1,rf_var,Plain RF,5
9,55,1,rf_var,Plain RF,5
10,1,259,rf_var,Plain RF,5
10,2,5,rf_var,Plain RF,5
10,3,360,rf_var,Plain RF,5
10,4,8,rf_var,Plain RF,5
10,5,238,rf_var,Plain RF,5
10,6,11,rf_var,Plain RF,5
10,7,118,rf_var,Plain RF,5
10,9,68,rf_var,Plain RF,5
10,10,127721,rf_var,Plain RF,5
10,11,19,rf_var,Plain RF,5
10,12,32,rf_var,Plain RF,5
10,13,72,rf_var,Plain RF,5
10,14,21,rf_var,Plain RF,5
10,15,36,rf_var,Plain RF,5
10,16,1103,rf_var,Plain RF,5
10,17,7,rf_var,Plain RF,5
10,18,1067,rf_var,Plain RF,5
10,19,14,rf_var,Plain RF,5
10,20,1360,rf_var,Plain RF,5
10,21,28,rf_var,Plain RF,5
10,22,8,rf_var,Plain RF,5
10,23,15,rf_var,Plain RF,5
10,24,19,rf_var,Plain RF,5
10,25,6,rf_var,Plain RF,5
10,26,140,rf_var,Plain RF,5
10,27,13,rf_var,Plain RF,5
10,28,279,rf_var,Plain RF,5
10,29,17,rf_var,Plain RF,5
10,30,587,rf_var,Plain RF,5
10,31,43,rf_var,Plain RF,5
10,32,7,rf_var,Plain RF,5
10,33,192,rf_var,Plain RF,5
10,34,476,rf_var,Plain RF,5
10,35,14,rf_var,Plain RF,5
10,36,359,rf_var,Plain RF,5
10,37,30,rf_var,Plain RF,5
10,38,10,rf_var,Plain RF,5
10,39,3131,rf_var,Plain RF,5
10,40,717,rf_var,Plain RF,5
10,41,9,rf_var,Plain RF,5
10,42,17,rf_var,Plain RF,5
10,43,190,rf_var,Plain RF,5
10,44,178,rf_var,Plain RF,5
10,45,407,rf_var,Plain RF,5
10,46,4570,rf_var,Plain RF,5
10,47,674,rf_var,Plain RF,5
10,48,11,rf_var,Plain RF,5
10,49,1243,rf_var,Plain RF,5
10,50,282,rf_var,Plain RF,5
10,52,25,rf_var,Plain RF,5
10,53,20,rf_var,Plain RF,5
10,54,19,rf_var,Plain RF,5
10,55,9,rf_var,Plain RF,5
11,2,704,rf_var,Plain RF,5
11,3,1158,rf_var,Plain RF,5
11,4,2366,rf_var,Plain RF,5
11,5,2371,rf_var,Plain RF,5
11,6,1006,rf_var,Plain RF,5
11,7,2849,rf_var,Plain RF,5
11,9,11,rf_var,Plain RF,5
11,10,30,rf_var,Plain RF,5
11,11,130889,rf_var,Plain RF,5
11,12,565,rf_var,Plain RF,5
11,13,930,rf_var,Plain RF,5
11,14,1012,rf_var,Plain RF,5
11,15,337,rf_var,Plain RF,5
11,16,500,rf_var,Plain RF,5
11,17,25,rf_var,Plain RF,5
11,18,86,rf_var,Plain RF,5
11,19,4,rf_var,Plain RF,5
11,20,343,rf_var,Plain RF,5
11,21,3,rf_var,Plain RF,5
11,22,100,rf_var,Plain RF,5
11,23,28,rf_var,Plain RF,5
11,24,322,rf_var,Plain RF,5
11,25,254,rf_var,Plain RF,5
11,26,3,rf_var,Plain RF,5
11,27,302,rf_var,Plain RF,5
11,28,11,rf_var,Plain RF,5
11,29,2,rf_var,Plain RF,5
11,30,5,rf_var,Plain RF,5
11,31,107,rf_var,Plain RF,5
11,32,23,rf_var,Plain RF,5
11,33,361,rf_var,Plain RF,5
11,34,22,rf_var,Plain RF,5
11,35,4,rf_var,Plain RF,5
11,36,2,rf_var,Plain RF,5
11,37,32,rf_var,Plain RF,5
11,38,2,rf_var,Plain RF,5
11,39,34,rf_var,Plain RF,5
11,40,5,rf_var,Plain RF,5
11,41,91,rf_var,Plain RF,5
11,42,21,rf_var,Plain RF,5
11,43,4,rf_var,Plain RF,5
11,44,9,rf_var,Plain RF,5
11,45,23,rf_var,Plain RF,5
11,46,54,rf_var,Plain RF,5
11,47,5,rf_var,Plain RF,5
11,48,4,rf_var,Plain RF,5
11,49,2,rf_var,Plain RF,5
11,50,12,rf_var,Plain RF,5
11,52,5,rf_var,Plain RF,5
11,53,5,rf_var,Plain RF,5
11,54,4,rf_var,Plain RF,5
11,55,10,rf_var,Plain RF,5
12,1,214,rf_var,Plain RF,5
12,2,1122,rf_var,Plain RF,5
12,3,10774,rf_var,Plain RF,5
12,4,1063,rf_var,Plain RF,5
12,5,2319,rf_var,Plain RF,5
12,6,1696,rf_var,Plain RF,5
12,7,4526,rf_var,Plain RF,5
12,9,2586,rf_var,Plain RF,5
12,10,9,rf_var,Plain RF,5
12,11,1650,rf_var,Plain RF,5
12,12,329185,rf_var,Plain RF,5
12,13,3851,rf_var,Plain RF,5
12,14,1436,rf_var,Plain RF,5
12,15,2257,rf_var,Plain RF,5
12,16,7,rf_var,Plain RF,5
12,17,11,rf_var,Plain RF,5
12,18,22,rf_var,Plain RF,5
12,19,57,rf_var,Plain RF,5
12,20,5,rf_var,Plain RF,5
12,21,9,rf_var,Plain RF,5
12,22,7,rf_var,Plain RF,5
12,23,548,rf_var,Plain RF,5
12,24,1840,rf_var,Plain RF,5
12,25,466,rf_var,Plain RF,5
12,26,293,rf_var,Plain RF,5
12,27,5111,rf_var,Plain RF,5
12,28,15,rf_var,Plain RF,5
12,29,48,rf_var,Plain RF,5
12,30,2,rf_var,Plain RF,5
12,31,8,rf_var,Plain RF,5
12,32,38,rf_var,Plain RF,5
12,33,1892,rf_var,Plain RF,5
12,34,26,rf_var,Plain RF,5
12,35,13,rf_var,Plain RF,5
12,36,4,rf_var,Plain RF,5
12,37,15,rf_var,Plain RF,5
12,38,25,rf_var,Plain RF,5
12,39,11,rf_var,Plain RF,5
12,40,3,rf_var,Plain RF,5
12,41,919,rf_var,Plain RF,5
12,42,7,rf_var,Plain RF,5
12,43,6,rf_var,Plain RF,5
12,44,7,rf_var,Plain RF,5
12,45,35,rf_var,Plain RF,5
12,46,16,rf_var,Plain RF,5
12,47,2,rf_var,Plain RF,5
12,48,6,rf_var,Plain RF,5
12,49,7,rf_var,Plain RF,5
12,50,10,rf_var,Plain RF,5
12,52,6,rf_var,Plain RF,5
12,53,12,rf_var,Plain RF,5
12,54,9,rf_var,Plain RF,5
12,55,7,rf_var,Plain RF,5
13,1,490,rf_var,Plain RF,5
13,2,1190,rf_var,Plain RF,5
13,3,1354,rf_var,Plain RF,5
13,4,2606,rf_var,Plain RF,5
13,5,2230,rf_var,Plain RF,5
13,6,331,rf_var,Plain RF,5
13,7,6130,rf_var,Plain RF,5
13,9,17,rf_var,Plain RF,5
13,10,26,rf_var,Plain RF,5
13,11,5085,rf_var,Plain RF,5
13,12,3378,rf_var,Plain RF,5
13,13,559447,rf_var,Plain RF,5
13,14,2072,rf_var,Plain RF,5
13,15,8258,rf_var,Plain RF,5
13,16,4416,rf_var,Plain RF,5
13,17,9,rf_var,Plain RF,5
13,18,3346,rf_var,Plain RF,5
13,19,67,rf_var,Plain RF,5
13,20,1884,rf_var,Plain RF,5
13,21,11,rf_var,Plain RF,5
13,22,1163,rf_var,Plain RF,5
13,23,136,rf_var,Plain RF,5
13,24,2715,rf_var,Plain RF,5
13,25,1433,rf_var,Plain RF,5
13,26,15,rf_var,Plain RF,5
13,27,1029,rf_var,Plain RF,5
13,28,95,rf_var,Plain RF,5
13,29,72,rf_var,Plain RF,5
13,30,44,rf_var,Plain RF,5
13,31,1824,rf_var,Plain RF,5
13,32,801,rf_var,Plain RF,5
13,33,5166,rf_var,Plain RF,5
13,34,6,rf_var,Plain RF,5
13,35,433,rf_var,Plain RF,5
13,36,15,rf_var,Plain RF,5
13,37,180,rf_var,Plain RF,5
13,38,12,rf_var,Plain RF,5
13,39,12,rf_var,Plain RF,5
13,40,10,rf_var,Plain RF,5
13,41,563,rf_var,Plain RF,5
13,42,752,rf_var,Plain RF,5
13,43,8,rf_var,Plain RF,5
13,44,6,rf_var,Plain RF,5
13,45,5,rf_var,Plain RF,5
13,46,41,rf_var,Plain RF,5
13,47,6,rf_var,Plain RF,5
13,48,12,rf_var,Plain RF,5
13,49,12,rf_var,Plain RF,5
13,50,15,rf_var,Plain RF,5
13,52,8,rf_var,Plain RF,5
13,53,13,rf_var,Plain RF,5
13,54,10,rf_var,Plain RF,5
13,55,12,rf_var,Plain RF,5
14,2,7,rf_var,Plain RF,5
14,3,34,rf_var,Plain RF,5
14,4,109,rf_var,Plain RF,5
14,5,57,rf_var,Plain RF,5
14,7,135,rf_var,Plain RF,5
14,11,191,rf_var,Plain RF,5
14,12,57,rf_var,Plain RF,5
14,13,77,rf_var,Plain RF,5
14,14,31285,rf_var,Plain RF,5
14,15,54,rf_var,Plain RF,5
14,23,124,rf_var,Plain RF,5
14,24,384,rf_var,Plain RF,5
14,25,11,rf_var,Plain RF,5
14,27,53,rf_var,Plain RF,5
14,33,83,rf_var,Plain RF,5
14,37,3,rf_var,Plain RF,5
14,38,1,rf_var,Plain RF,5
15,1,62,rf_var,Plain RF,5
15,2,109,rf_var,Plain RF,5
15,3,481,rf_var,Plain RF,5
15,4,804,rf_var,Plain RF,5
15,5,698,rf_var,Plain RF,5
15,6,242,rf_var,Plain RF,5
15,7,424,rf_var,Plain RF,5
15,9,199,rf_var,Plain RF,5
15,10,136,rf_var,Plain RF,5
15,11,1075,rf_var,Plain RF,5
15,12,824,rf_var,Plain RF,5
15,13,652,rf_var,Plain RF,5
15,14,356,rf_var,Plain RF,5
15,15,217822,rf_var,Plain RF,5
15,16,149,rf_var,Plain RF,5
15,17,101,rf_var,Plain RF,5
15,18,112,rf_var,Plain RF,5
15,19,563,rf_var,Plain RF,5
15,20,175,rf_var,Plain RF,5
15,21,97,rf_var,Plain RF,5
15,22,80,rf_var,Plain RF,5
15,23,1329,rf_var,Plain RF,5
15,24,1444,rf_var,Plain RF,5
15,25,649,rf_var,Plain RF,5
15,26,94,rf_var,Plain RF,5
15,27,1304,rf_var,Plain RF,5
15,28,95,rf_var,Plain RF,5
15,29,719,rf_var,Plain RF,5
15,30,120,rf_var,Plain RF,5
15,31,199,rf_var,Plain RF,5
15,32,196,rf_var,Plain RF,5
15,33,1519,rf_var,Plain RF,5
15,34,97,rf_var,Plain RF,5
15,35,142,rf_var,Plain RF,5
15,36,102,rf_var,Plain RF,5
15,37,157,rf_var,Plain RF,5
15,38,445,rf_var,Plain RF,5
15,39,91,rf_var,Plain RF,5
15,40,97,rf_var,Plain RF,5
15,41,161,rf_var,Plain RF,5
15,42,367,rf_var,Plain RF,5
15,43,111,rf_var,Plain RF,5
15,44,99,rf_var,Plain RF,5
15,45,95,rf_var,Plain RF,5
15,46,124,rf_var,Plain RF,5
15,47,73,rf_var,Plain RF,5
15,48,73,rf_var,Plain RF,5
15,49,96,rf_var,Plain RF,5
15,50,79,rf_var,Plain RF,5
15,52,106,rf_var,Plain RF,5
15,53,86,rf_var,Plain RF,5
15,54,81,rf_var,Plain RF,5
15,55,80,rf_var,Plain RF,5
16,1,2879,rf_var,Plain RF,5
16,2,1264,rf_var,Plain RF,5
16,3,68,rf_var,Plain RF,5
16,4,193,rf_var,Plain RF,5
16,5,1688,rf_var,Plain RF,5
16,6,54,rf_var,Plain RF,5
16,7,351,rf_var,Plain RF,5
16,9,2,rf_var,Plain RF,5
16,10,5811,rf_var,Plain RF,5
16,11,113,rf_var,Plain RF,5
16,12,13,rf_var,Plain RF,5
16,13,3247,rf_var,Plain RF,5
16,14,7,rf_var,Plain RF,5
16,15,682,rf_var,Plain RF,5
16,16,851390,rf_var,Plain RF,5
16,17,3,rf_var,Plain RF,5
16,18,4234,rf_var,Plain RF,5
16,19,376,rf_var,Plain RF,5
16,20,4237,rf_var,Plain RF,5
16,21,7,rf_var,Plain RF,5
16,22,5052,rf_var,Plain RF,5
16,23,202,rf_var,Plain RF,5
16,24,457,rf_var,Plain RF,5
16,25,2284,rf_var,Plain RF,5
16,26,39,rf_var,Plain RF,5
16,27,6,rf_var,Plain RF,5
16,28,440,rf_var,Plain RF,5
16,29,44,rf_var,Plain RF,5
16,30,55,rf_var,Plain RF,5
16,31,8805,rf_var,Plain RF,5
16,32,519,rf_var,Plain RF,5
16,33,304,rf_var,Plain RF,5
16,34,483,rf_var,Plain RF,5
16,35,9,rf_var,Plain RF,5
16,36,379,rf_var,Plain RF,5
16,37,11,rf_var,Plain RF,5
16,38,9,rf_var,Plain RF,5
16,39,1924,rf_var,Plain RF,5
16,40,73,rf_var,Plain RF,5
16,41,11,rf_var,Plain RF,5
16,42,2706,rf_var,Plain RF,5
16,43,5239,rf_var,Plain RF,5
16,44,58,rf_var,Plain RF,5
16,45,243,rf_var,Plain RF,5
16,46,4689,rf_var,Plain RF,5
16,47,44,rf_var,Plain RF,5
16,48,22,rf_var,Plain RF,5
16,49,260,rf_var,Plain RF,5
16,50,157,rf_var,Plain RF,5
16,52,10,rf_var,Plain RF,5
16,53,12,rf_var,Plain RF,5
16,54,10,rf_var,Plain RF,5
16,55,3,rf_var,Plain RF,5
17,2,53,rf_var,Plain RF,5
17,3,1,rf_var,Plain RF,5
17,4,9,rf_var,Plain RF,5
17,5,9,rf_var,Plain RF,5
17,6,2,rf_var,Plain RF,5
17,7,1,rf_var,Plain RF,5
17,9,1,rf_var,Plain RF,5
17,12,2,rf_var,Plain RF,5
17,14,2,rf_var,Plain RF,5
17,15,1,rf_var,Plain RF,5
17,16,1,rf_var,Plain RF,5
17,17,1514,rf_var,Plain RF,5
17,19,1,rf_var,Plain RF,5
17,20,1,rf_var,Plain RF,5
17,21,2,rf_var,Plain RF,5
17,23,3,rf_var,Plain RF,5
17,24,1,rf_var,Plain RF,5
17,25,1,rf_var,Plain RF,5
17,26,1,rf_var,Plain RF,5
17,28,1,rf_var,Plain RF,5
17,30,2,rf_var,Plain RF,5
17,31,1,rf_var,Plain RF,5
17,33,1,rf_var,Plain RF,5
17,34,2,rf_var,Plain RF,5
17,35,1,rf_var,Plain RF,5
17,37,1,rf_var,Plain RF,5
17,38,1,rf_var,Plain RF,5
17,39,1,rf_var,Plain RF,5
17,40,3,rf_var,Plain RF,5
17,41,2,rf_var,Plain RF,5
17,42,1,rf_var,Plain RF,5
17,44,1,rf_var,Plain RF,5
17,45,1,rf_var,Plain RF,5
17,46,3,rf_var,Plain RF,5
17,47,1,rf_var,Plain RF,5
17,48,1,rf_var,Plain RF,5
17,50,3,rf_var,Plain RF,5
17,52,3,rf_var,Plain RF,5
17,53,1,rf_var,Plain RF,5
17,54,2,rf_var,Plain RF,5
17,55,2,rf_var,Plain RF,5
18,1,894,rf_var,Plain RF,5
18,2,88,rf_var,Plain RF,5
18,3,114,rf_var,Plain RF,5
18,4,27,rf_var,Plain RF,5
18,5,254,rf_var,Plain RF,5
18,7,256,rf_var,Plain RF,5
18,10,3940,rf_var,Plain RF,5
18,11,64,rf_var,Plain RF,5
18,13,1983,rf_var,Plain RF,5
18,15,3,rf_var,Plain RF,5
18,16,448,rf_var,Plain RF,5
18,17,10,rf_var,Plain RF,5
18,18,93795,rf_var,Plain RF,5
18,19,2,rf_var,Plain RF,5
18,20,445,rf_var,Plain RF,5
18,21,5,rf_var,Plain RF,5
18,22,229,rf_var,Plain RF,5
18,23,14,rf_var,Plain RF,5
18,24,216,rf_var,Plain RF,5
18,25,401,rf_var,Plain RF,5
18,26,44,rf_var,Plain RF,5
18,28,346,rf_var,Plain RF,5
18,30,12,rf_var,Plain RF,5
18,31,376,rf_var,Plain RF,5
18,32,34,rf_var,Plain RF,5
18,33,241,rf_var,Plain RF,5
18,34,482,rf_var,Plain RF,5
18,36,518,rf_var,Plain RF,5
18,37,13,rf_var,Plain RF,5
18,39,4223,rf_var,Plain RF,5
18,41,4,rf_var,Plain RF,5
18,42,214,rf_var,Plain RF,5
18,43,470,rf_var,Plain RF,5
18,44,262,rf_var,Plain RF,5
18,45,94,rf_var,Plain RF,5
18,46,2169,rf_var,Plain RF,5
18,47,9,rf_var,Plain RF,5
18,49,52,rf_var,Plain RF,5
18,50,212,rf_var,Plain RF,5
18,55,1,rf_var,Plain RF,5
19,1,68,rf_var,Plain RF,5
19,2,24,rf_var,Plain RF,5
19,3,40,rf_var,Plain RF,5
19,4,47,rf_var,Plain RF,5
19,5,32,rf_var,Plain RF,5
19,6,28,rf_var,Plain RF,5
19,7,210,rf_var,Plain RF,5
19,9,11,rf_var,Plain RF,5
19,10,425,rf_var,Plain RF,5
19,11,24,rf_var,Plain RF,5
19,12,35,rf_var,Plain RF,5
19,13,281,rf_var,Plain RF,5
19,14,945,rf_var,Plain RF,5
19,15,4854,rf_var,Plain RF,5
19,16,3786,rf_var,Plain RF,5
19,17,18,rf_var,Plain RF,5
19,18,460,rf_var,Plain RF,5
19,19,617296,rf_var,Plain RF,5
19,20,37621,rf_var,Plain RF,5
19,21,26,rf_var,Plain RF,5
19,22,3141,rf_var,Plain RF,5
19,23,3056,rf_var,Plain RF,5
19,24,4652,rf_var,Plain RF,5
19,25,814,rf_var,Plain RF,5
19,26,16,rf_var,Plain RF,5
19,27,702,rf_var,Plain RF,5
19,28,93,rf_var,Plain RF,5
19,29,627,rf_var,Plain RF,5
19,30,10,rf_var,Plain RF,5
19,31,6086,rf_var,Plain RF,5
19,32,962,rf_var,Plain RF,5
19,33,126,rf_var,Plain RF,5
19,34,25,rf_var,Plain RF,5
19,35,61,rf_var,Plain RF,5
19,36,25,rf_var,Plain RF,5
19,37,46,rf_var,Plain RF,5
19,38,66,rf_var,Plain RF,5
19,39,15,rf_var,Plain RF,5
19,40,14,rf_var,Plain RF,5
19,41,25,rf_var,Plain RF,5
19,42,2604,rf_var,Plain RF,5
19,43,76,rf_var,Plain RF,5
19,44,13,rf_var,Plain RF,5
19,45,1073,rf_var,Plain RF,5
19,46,611,rf_var,Plain RF,5
19,47,14,rf_var,Plain RF,5
19,48,21,rf_var,Plain RF,5
19,49,15,rf_var,Plain RF,5
19,50,33,rf_var,Plain RF,5
19,52,32,rf_var,Plain RF,5
19,53,29,rf_var,Plain RF,5
19,54,29,rf_var,Plain RF,5
19,55,13,rf_var,Plain RF,5
20,1,184,rf_var,Plain RF,5
20,2,77,rf_var,Plain RF,5
20,3,18,rf_var,Plain RF,5
20,4,51,rf_var,Plain RF,5
20,5,196,rf_var,Plain RF,5
20,6,35,rf_var,Plain RF,5
20,7,28,rf_var,Plain RF,5
20,9,23,rf_var,Plain RF,5
20,10,1803,rf_var,Plain RF,5
20,11,35,rf_var,Plain RF,5
20,12,19,rf_var,Plain RF,5
20,13,494,rf_var,Plain RF,5
20,14,38,rf_var,Plain RF,5
20,15,58,rf_var,Plain RF,5
20,16,1568,rf_var,Plain RF,5
20,17,114,rf_var,Plain RF,5
20,18,291,rf_var,Plain RF,5
20,19,35,rf_var,Plain RF,5
20,20,367369,rf_var,Plain RF,5
20,21,35,rf_var,Plain RF,5
20,22,1209,rf_var,Plain RF,5
20,23,21,rf_var,Plain RF,5
20,24,374,rf_var,Plain RF,5
20,25,417,rf_var,Plain RF,5
20,26,16,rf_var,Plain RF,5
20,27,40,rf_var,Plain RF,5
20,28,112,rf_var,Plain RF,5
20,29,35,rf_var,Plain RF,5
20,30,36,rf_var,Plain RF,5
20,31,1394,rf_var,Plain RF,5
20,32,57,rf_var,Plain RF,5
20,33,66,rf_var,Plain RF,5
20,34,51,rf_var,Plain RF,5
20,35,27,rf_var,Plain RF,5
20,36,34,rf_var,Plain RF,5
20,37,30,rf_var,Plain RF,5
20,38,31,rf_var,Plain RF,5
20,39,201,rf_var,Plain RF,5
20,40,61,rf_var,Plain RF,5
20,41,38,rf_var,Plain RF,5
20,42,690,rf_var,Plain RF,5
20,43,116,rf_var,Plain RF,5
20,44,48,rf_var,Plain RF,5
20,45,511,rf_var,Plain RF,5
20,46,1616,rf_var,Plain RF,5
20,47,18,rf_var,Plain RF,5
20,48,56,rf_var,Plain RF,5
20,49,17,rf_var,Plain RF,5
20,50,47,rf_var,Plain RF,5
20,52,43,rf_var,Plain RF,5
20,53,26,rf_var,Plain RF,5
20,54,32,rf_var,Plain RF,5
20,55,24,rf_var,Plain RF,5
21,1,23,rf_var,Plain RF,5
21,2,76,rf_var,Plain RF,5
21,3,318,rf_var,Plain RF,5
21,4,133,rf_var,Plain RF,5
21,5,542,rf_var,Plain RF,5
21,6,88,rf_var,Plain RF,5
21,7,241,rf_var,Plain RF,5
21,9,125,rf_var,Plain RF,5
21,10,201,rf_var,Plain RF,5
21,11,9,rf_var,Plain RF,5
21,12,25,rf_var,Plain RF,5
21,13,14,rf_var,Plain RF,5
21,14,20,rf_var,Plain RF,5
21,15,15,rf_var,Plain RF,5
21,16,35,rf_var,Plain RF,5
21,17,29,rf_var,Plain RF,5
21,18,21,rf_var,Plain RF,5
21,19,27,rf_var,Plain RF,5
21,20,34,rf_var,Plain RF,5
21,21,562973,rf_var,Plain RF,5
21,22,32,rf_var,Plain RF,5
21,23,27,rf_var,Plain RF,5
21,24,18,rf_var,Plain RF,5
21,25,23,rf_var,Plain RF,5
21,26,2401,rf_var,Plain RF,5
21,27,10,rf_var,Plain RF,5
21,28,1808,rf_var,Plain RF,5
21,29,20,rf_var,Plain RF,5
21,30,6580,rf_var,Plain RF,5
21,31,32,rf_var,Plain RF,5
21,32,19,rf_var,Plain RF,5
21,33,23,rf_var,Plain RF,5
21,34,296,rf_var,Plain RF,5
21,35,29,rf_var,Plain RF,5
21,36,5170,rf_var,Plain RF,5
21,37,398,rf_var,Plain RF,5
21,38,28,rf_var,Plain RF,5
21,39,465,rf_var,Plain RF,5
21,40,3454,rf_var,Plain RF,5
21,41,310,rf_var,Plain RF,5
21,42,34,rf_var,Plain RF,5
21,43,32,rf_var,Plain RF,5
21,44,4789,rf_var,Plain RF,5
21,45,43,rf_var,Plain RF,5
21,46,120,rf_var,Plain RF,5
21,47,1729,rf_var,Plain RF,5
21,48,608,rf_var,Plain RF,5
21,49,3426,rf_var,Plain RF,5
21,50,289,rf_var,Plain RF,5
21,52,692,rf_var,Plain RF,5
21,53,741,rf_var,Plain RF,5
21,54,230,rf_var,Plain RF,5
21,55,385,rf_var,Plain RF,5
22,1,2,rf_var,Plain RF,5
22,2,29,rf_var,Plain RF,5
22,3,318,rf_var,Plain RF,5
22,4,1,rf_var,Plain RF,5
22,5,552,rf_var,Plain RF,5
22,6,11,rf_var,Plain RF,5
22,7,2,rf_var,Plain RF,5
22,10,2,rf_var,Plain RF,5
22,11,1,rf_var,Plain RF,5
22,12,295,rf_var,Plain RF,5
22,13,19,rf_var,Plain RF,5
22,16,435,rf_var,Plain RF,5
22,18,28,rf_var,Plain RF,5
22,19,440,rf_var,Plain RF,5
22,20,9,rf_var,Plain RF,5
22,21,1,rf_var,Plain RF,5
22,22,38832,rf_var,Plain RF,5
22,23,72,rf_var,Plain RF,5
22,24,173,rf_var,Plain RF,5
22,25,179,rf_var,Plain RF,5
22,26,1,rf_var,Plain RF,5
22,27,243,rf_var,Plain RF,5
22,28,2,rf_var,Plain RF,5
22,31,118,rf_var,Plain RF,5
22,32,50,rf_var,Plain RF,5
22,34,1,rf_var,Plain RF,5
22,35,1,rf_var,Plain RF,5
22,37,2,rf_var,Plain RF,5
22,38,1,rf_var,Plain RF,5
22,40,1,rf_var,Plain RF,5
22,41,1,rf_var,Plain RF,5
22,42,101,rf_var,Plain RF,5
22,43,8,rf_var,Plain RF,5
22,44,5,rf_var,Plain RF,5
22,45,16,rf_var,Plain RF,5
22,48,1,rf_var,Plain RF,5
22,50,1,rf_var,Plain RF,5
22,53,2,rf_var,Plain RF,5
22,54,1,rf_var,Plain RF,5
22,55,23,rf_var,Plain RF,5
23,1,2,rf_var,Plain RF,5
23,2,4,rf_var,Plain RF,5
23,3,1,rf_var,Plain RF,5
23,4,47,rf_var,Plain RF,5
23,5,5,rf_var,Plain RF,5
23,6,1,rf_var,Plain RF,5
23,7,365,rf_var,Plain RF,5
23,9,1,rf_var,Plain RF,5
23,10,2,rf_var,Plain RF,5
23,12,46,rf_var,Plain RF,5
23,13,681,rf_var,Plain RF,5
23,14,223,rf_var,Plain RF,5
23,15,1236,rf_var,Plain RF,5
23,16,79,rf_var,Plain RF,5
23,17,8,rf_var,Plain RF,5
23,18,1271,rf_var,Plain RF,5
23,19,15,rf_var,Plain RF,5
23,20,282,rf_var,Plain RF,5
23,21,2,rf_var,Plain RF,5
23,22,92,rf_var,Plain RF,5
23,23,316235,rf_var,Plain RF,5
23,24,653,rf_var,Plain RF,5
23,25,767,rf_var,Plain RF,5
23,26,1,rf_var,Plain RF,5
23,27,356,rf_var,Plain RF,5
23,28,1,rf_var,Plain RF,5
23,29,195,rf_var,Plain RF,5
23,30,1,rf_var,Plain RF,5
23,31,1256,rf_var,Plain RF,5
23,32,861,rf_var,Plain RF,5
23,33,1220,rf_var,Plain RF,5
23,34,2,rf_var,Plain RF,5
23,35,215,rf_var,Plain RF,5
23,36,3,rf_var,Plain RF,5
23,37,2,rf_var,Plain RF,5
23,38,7,rf_var,Plain RF,5
23,39,1,rf_var,Plain RF,5
23,40,54,rf_var,Plain RF,5
23,41,7,rf_var,Plain RF,5
23,42,534,rf_var,Plain RF,5
23,43,16,rf_var,Plain RF,5
23,44,4,rf_var,Plain RF,5
23,45,10,rf_var,Plain RF,5
23,46,2,rf_var,Plain RF,5
23,47,2,rf_var,Plain RF,5
23,48,2,rf_var,Plain RF,5
23,49,14,rf_var,Plain RF,5
23,50,3,rf_var,Plain RF,5
23,52,15,rf_var,Plain RF,5
23,54,1,rf_var,Plain RF,5
23,55,3,rf_var,Plain RF,5
24,1,49,rf_var,Plain RF,5
24,2,49,rf_var,Plain RF,5
24,3,23,rf_var,Plain RF,5
24,4,93,rf_var,Plain RF,5
24,5,568,rf_var,Plain RF,5
24,6,139,rf_var,Plain RF,5
24,7,499,rf_var,Plain RF,5
24,9,7,rf_var,Plain RF,5
24,10,8,rf_var,Plain RF,5
24,11,206,rf_var,Plain RF,5
24,12,809,rf_var,Plain RF,5
24,13,5110,rf_var,Plain RF,5
24,14,703,rf_var,Plain RF,5
24,15,2642,rf_var,Plain RF,5
24,16,734,rf_var,Plain RF,5
24,17,4,rf_var,Plain RF,5
24,18,1383,rf_var,Plain RF,5
24,19,138,rf_var,Plain RF,5
24,20,1751,rf_var,Plain RF,5
24,21,7,rf_var,Plain RF,5
24,22,533,rf_var,Plain RF,5
24,23,1223,rf_var,Plain RF,5
24,24,787580,rf_var,Plain RF,5
24,25,13150,rf_var,Plain RF,5
24,26,4,rf_var,Plain RF,5
24,27,528,rf_var,Plain RF,5
24,28,11,rf_var,Plain RF,5
24,29,250,rf_var,Plain RF,5
24,30,4,rf_var,Plain RF,5
24,31,4566,rf_var,Plain RF,5
24,32,3875,rf_var,Plain RF,5
24,33,6918,rf_var,Plain RF,5
24,34,3,rf_var,Plain RF,5
24,35,1101,rf_var,Plain RF,5
24,36,1,rf_var,Plain RF,5
24,37,2,rf_var,Plain RF,5
24,38,270,rf_var,Plain RF,5
24,39,6,rf_var,Plain RF,5
24,40,4,rf_var,Plain RF,5
24,41,9,rf_var,Plain RF,5
24,42,9909,rf_var,Plain RF,5
24,43,331,rf_var,Plain RF,5
24,44,12,rf_var,Plain RF,5
24,45,118,rf_var,Plain RF,5
24,46,11,rf_var,Plain RF,5
24,47,8,rf_var,Plain RF,5
24,48,4,rf_var,Plain RF,5
24,49,7,rf_var,Plain RF,5
24,50,4,rf_var,Plain RF,5
24,52,6,rf_var,Plain RF,5
24,53,14,rf_var,Plain RF,5
24,54,4,rf_var,Plain RF,5
24,55,9,rf_var,Plain RF,5
25,1,291,rf_var,Plain RF,5
25,2,104,rf_var,Plain RF,5
25,3,1,rf_var,Plain RF,5
25,4,97,rf_var,Plain RF,5
25,5,606,rf_var,Plain RF,5
25,6,2,rf_var,Plain RF,5
25,7,424,rf_var,Plain RF,5
25,9,4,rf_var,Plain RF,5
25,10,9,rf_var,Plain RF,5
25,11,131,rf_var,Plain RF,5
25,12,286,rf_var,Plain RF,5
25,13,4955,rf_var,Plain RF,5
25,14,5,rf_var,Plain RF,5
25,15,1105,rf_var,Plain RF,5
25,16,543,rf_var,Plain RF,5
25,17,2,rf_var,Plain RF,5
25,18,301,rf_var,Plain RF,5
25,19,44,rf_var,Plain RF,5
25,20,136,rf_var,Plain RF,5
25,21,5,rf_var,Plain RF,5
25,22,63,rf_var,Plain RF,5
25,23,1069,rf_var,Plain RF,5
25,24,5253,rf_var,Plain RF,5
25,25,215415,rf_var,Plain RF,5
25,26,4,rf_var,Plain RF,5
25,27,246,rf_var,Plain RF,5
25,28,2,rf_var,Plain RF,5
25,29,1123,rf_var,Plain RF,5
25,30,1,rf_var,Plain RF,5
25,31,366,rf_var,Plain RF,5
25,32,1249,rf_var,Plain RF,5
25,33,2244,rf_var,Plain RF,5
25,34,5,rf_var,Plain RF,5
25,35,536,rf_var,Plain RF,5
25,36,4,rf_var,Plain RF,5
25,37,14,rf_var,Plain RF,5
25,38,6,rf_var,Plain RF,5
25,39,14,rf_var,Plain RF,5
25,40,2,rf_var,Plain RF,5
25,41,1,rf_var,Plain RF,5
25,42,427,rf_var,Plain RF,5
25,43,205,rf_var,Plain RF,5
25,44,3,rf_var,Plain RF,5
25,45,25,rf_var,Plain RF,5
25,46,8,rf_var,Plain RF,5
25,47,1,rf_var,Plain RF,5
25,48,5,rf_var,Plain RF,5
25,49,1,rf_var,Plain RF,5
25,50,3,rf_var,Plain RF,5
25,52,3,rf_var,Plain RF,5
25,53,3,rf_var,Plain RF,5
25,54,2,rf_var,Plain RF,5
25,55,3,rf_var,Plain RF,5
26,1,16,rf_var,Plain RF,5
26,3,77,rf_var,Plain RF,5
26,4,2,rf_var,Plain RF,5
26,5,236,rf_var,Plain RF,5
26,6,1,rf_var,Plain RF,5
26,7,143,rf_var,Plain RF,5
26,10,618,rf_var,Plain RF,5
26,11,1,rf_var,Plain RF,5
26,12,12,rf_var,Plain RF,5
26,14,1,rf_var,Plain RF,5
26,15,5,rf_var,Plain RF,5
26,17,1,rf_var,Plain RF,5
26,21,86,rf_var,Plain RF,5
26,22,1,rf_var,Plain RF,5
26,23,70,rf_var,Plain RF,5
26,24,2,rf_var,Plain RF,5
26,25,1,rf_var,Plain RF,5
26,26,35579,rf_var,Plain RF,5
26,27,9,rf_var,Plain RF,5
26,28,228,rf_var,Plain RF,5
26,30,126,rf_var,Plain RF,5
26,33,8,rf_var,Plain RF,5
26,34,1008,rf_var,Plain RF,5
26,35,1,rf_var,Plain RF,5
26,36,1271,rf_var,Plain RF,5
26,38,2,rf_var,Plain RF,5
26,39,322,rf_var,Plain RF,5
26,40,102,rf_var,Plain RF,5
26,41,28,rf_var,Plain RF,5
26,44,133,rf_var,Plain RF,5
26,45,1,rf_var,Plain RF,5
26,46,114,rf_var,Plain RF,5
26,47,57,rf_var,Plain RF,5
26,49,518,rf_var,Plain RF,5
26,50,17,rf_var,Plain RF,5
26,52,43,rf_var,Plain RF,5
26,53,56,rf_var,Plain RF,5
27,1,21,rf_var,Plain RF,5
27,2,1033,rf_var,Plain RF,5
27,3,22458,rf_var,Plain RF,5
27,4,1582,rf_var,Plain RF,5
27,5,1848,rf_var,Plain RF,5
27,6,2014,rf_var,Plain RF,5
27,7,10178,rf_var,Plain RF,5
27,9,310,rf_var,Plain RF,5
27,10,91,rf_var,Plain RF,5
27,11,7285,rf_var,Plain RF,5
27,12,1719,rf_var,Plain RF,5
27,13,1728,rf_var,Plain RF,5
27,14,4210,rf_var,Plain RF,5
27,15,8880,rf_var,Plain RF,5
27,16,30,rf_var,Plain RF,5
27,17,35,rf_var,Plain RF,5
27,18,47,rf_var,Plain RF,5
27,19,1488,rf_var,Plain RF,5
27,20,69,rf_var,Plain RF,5
27,21,91,rf_var,Plain RF,5
27,22,21,rf_var,Plain RF,5
27,23,2662,rf_var,Plain RF,5
27,24,1414,rf_var,Plain RF,5
27,25,232,rf_var,Plain RF,5
27,26,189,rf_var,Plain RF,5
27,27,771249,rf_var,Plain RF,5
27,28,1468,rf_var,Plain RF,5
27,29,19,rf_var,Plain RF,5
27,30,134,rf_var,Plain RF,5
27,31,26,rf_var,Plain RF,5
27,32,1014,rf_var,Plain RF,5
27,33,1947,rf_var,Plain RF,5
27,34,50,rf_var,Plain RF,5
27,35,32,rf_var,Plain RF,5
27,36,1435,rf_var,Plain RF,5
27,37,4376,rf_var,Plain RF,5
27,38,872,rf_var,Plain RF,5
27,39,173,rf_var,Plain RF,5
27,40,257,rf_var,Plain RF,5
27,41,4089,rf_var,Plain RF,5
27,42,27,rf_var,Plain RF,5
27,43,27,rf_var,Plain RF,5
27,44,501,rf_var,Plain RF,5
27,45,85,rf_var,Plain RF,5
27,46,169,rf_var,Plain RF,5
27,47,1344,rf_var,Plain RF,5
27,48,20,rf_var,Plain RF,5
27,49,61,rf_var,Plain RF,5
27,50,16,rf_var,Plain RF,5
27,52,22,rf_var,Plain RF,5
27,53,13,rf_var,Plain RF,5
27,54,22,rf_var,Plain RF,5
27,55,32,rf_var,Plain RF,5
28,1,319,rf_var,Plain RF,5
28,2,5,rf_var,Plain RF,5
28,3,558,rf_var,Plain RF,5
28,5,40,rf_var,Plain RF,5
28,7,317,rf_var,Plain RF,5
28,10,311,rf_var,Plain RF,5
28,13,25,rf_var,Plain RF,5
28,15,40,rf_var,Plain RF,5
28,16,45,rf_var,Plain RF,5
28,18,407,rf_var,Plain RF,5
28,19,6,rf_var,Plain RF,5
28,20,32,rf_var,Plain RF,5
28,21,422,rf_var,Plain RF,5
28,23,64,rf_var,Plain RF,5
28,24,29,rf_var,Plain RF,5
28,25,29,rf_var,Plain RF,5
28,26,161,rf_var,Plain RF,5
28,27,679,rf_var,Plain RF,5
28,28,38461,rf_var,Plain RF,5
28,30,535,rf_var,Plain RF,5
28,31,8,rf_var,Plain RF,5
28,33,181,rf_var,Plain RF,5
28,34,28,rf_var,Plain RF,5
28,36,200,rf_var,Plain RF,5
28,39,549,rf_var,Plain RF,5
28,40,250,rf_var,Plain RF,5
28,41,140,rf_var,Plain RF,5
28,44,783,rf_var,Plain RF,5
28,45,194,rf_var,Plain RF,5
28,46,315,rf_var,Plain RF,5
28,47,602,rf_var,Plain RF,5
28,49,200,rf_var,Plain RF,5
28,50,16,rf_var,Plain RF,5
28,55,91,rf_var,Plain RF,5
29,2,7,rf_var,Plain RF,5
29,3,2,rf_var,Plain RF,5
29,4,5,rf_var,Plain RF,5
29,5,1,rf_var,Plain RF,5
29,7,613,rf_var,Plain RF,5
29,9,1,rf_var,Plain RF,5
29,10,4,rf_var,Plain RF,5
29,12,47,rf_var,Plain RF,5
29,13,54,rf_var,Plain RF,5
29,14,4,rf_var,Plain RF,5
29,15,2456,rf_var,Plain RF,5
29,16,5,rf_var,Plain RF,5
29,17,3,rf_var,Plain RF,5
29,18,2,rf_var,Plain RF,5
29,19,392,rf_var,Plain RF,5
29,20,27,rf_var,Plain RF,5
29,21,4,rf_var,Plain RF,5
29,22,12,rf_var,Plain RF,5
29,23,2159,rf_var,Plain RF,5
29,24,1465,rf_var,Plain RF,5
29,25,257,rf_var,Plain RF,5
29,26,4,rf_var,Plain RF,5
29,27,5,rf_var,Plain RF,5
29,28,2,rf_var,Plain RF,5
29,29,155127,rf_var,Plain RF,5
29,30,5,rf_var,Plain RF,5
29,31,5,rf_var,Plain RF,5
29,32,333,rf_var,Plain RF,5
29,33,883,rf_var,Plain RF,5
29,34,5,rf_var,Plain RF,5
29,35,85,rf_var,Plain RF,5
29,36,2,rf_var,Plain RF,5
29,38,301,rf_var,Plain RF,5
29,39,3,rf_var,Plain RF,5
29,40,14,rf_var,Plain RF,5
29,42,1,rf_var,Plain RF,5
29,43,2,rf_var,Plain RF,5
29,44,1,rf_var,Plain RF,5
29,45,3,rf_var,Plain RF,5
29,46,7,rf_var,Plain RF,5
29,47,4,rf_var,Plain RF,5
29,48,2,rf_var,Plain RF,5
29,49,7,rf_var,Plain RF,5
29,50,5,rf_var,Plain RF,5
29,52,4,rf_var,Plain RF,5
29,53,2,rf_var,Plain RF,5
29,54,2,rf_var,Plain RF,5
29,55,4,rf_var,Plain RF,5
30,1,234,rf_var,Plain RF,5
30,2,5,rf_var,Plain RF,5
30,3,4505,rf_var,Plain RF,5
30,4,181,rf_var,Plain RF,5
30,5,2514,rf_var,Plain RF,5
30,6,4,rf_var,Plain RF,5
30,7,1721,rf_var,Plain RF,5
30,9,11,rf_var,Plain RF,5
30,10,3592,rf_var,Plain RF,5
30,11,64,rf_var,Plain RF,5
30,12,10,rf_var,Plain RF,5
30,13,7,rf_var,Plain RF,5
30,14,8,rf_var,Plain RF,5
30,15,7,rf_var,Plain RF,5
30,16,6,rf_var,Plain RF,5
30,17,10,rf_var,Plain RF,5
30,18,20,rf_var,Plain RF,5
30,19,7,rf_var,Plain RF,5
30,20,9,rf_var,Plain RF,5
30,21,882,rf_var,Plain RF,5
30,22,5,rf_var,Plain RF,5
30,23,10,rf_var,Plain RF,5
30,24,2,rf_var,Plain RF,5
30,25,9,rf_var,Plain RF,5
30,26,717,rf_var,Plain RF,5
30,27,344,rf_var,Plain RF,5
30,28,6490,rf_var,Plain RF,5
30,29,6,rf_var,Plain RF,5
30,30,518297,rf_var,Plain RF,5
30,31,8,rf_var,Plain RF,5
30,32,8,rf_var,Plain RF,5
30,33,480,rf_var,Plain RF,5
30,34,1257,rf_var,Plain RF,5
30,35,8,rf_var,Plain RF,5
30,36,7684,rf_var,Plain RF,5
30,37,234,rf_var,Plain RF,5
30,38,1,rf_var,Plain RF,5
30,39,5457,rf_var,Plain RF,5
30,40,3058,rf_var,Plain RF,5
30,41,963,rf_var,Plain RF,5
30,42,10,rf_var,Plain RF,5
30,43,7,rf_var,Plain RF,5
30,44,4420,rf_var,Plain RF,5
30,45,144,rf_var,Plain RF,5
30,46,1998,rf_var,Plain RF,5
30,47,2786,rf_var,Plain RF,5
30,48,14,rf_var,Plain RF,5
30,49,6186,rf_var,Plain RF,5
30,50,800,rf_var,Plain RF,5
30,52,130,rf_var,Plain RF,5
30,53,708,rf_var,Plain RF,5
30,54,104,rf_var,Plain RF,5
30,55,415,rf_var,Plain RF,5
31,1,3907,rf_var,Plain RF,5
31,2,185,rf_var,Plain RF,5
31,3,5,rf_var,Plain RF,5
31,4,8,rf_var,Plain RF,5
31,5,56,rf_var,Plain RF,5
31,6,197,rf_var,Plain RF,5
31,7,1316,rf_var,Plain RF,5
31,9,1,rf_var,Plain RF,5
31,10,49,rf_var,Plain RF,5
31,11,27,rf_var,Plain RF,5
31,12,1,rf_var,Plain RF,5
31,13,6196,rf_var,Plain RF,5
31,14,60,rf_var,Plain RF,5
31,15,365,rf_var,Plain RF,5
31,16,6422,rf_var,Plain RF,5
31,17,18,rf_var,Plain RF,5
31,18,4818,rf_var,Plain RF,5
31,19,990,rf_var,Plain RF,5
31,20,284,rf_var,Plain RF,5
31,21,4,rf_var,Plain RF,5
31,22,5719,rf_var,Plain RF,5
31,23,644,rf_var,Plain RF,5
31,24,2221,rf_var,Plain RF,5
31,25,8269,rf_var,Plain RF,5
31,27,17,rf_var,Plain RF,5
31,28,2,rf_var,Plain RF,5
31,29,34,rf_var,Plain RF,5
31,30,11,rf_var,Plain RF,5
31,31,794358,rf_var,Plain RF,5
31,32,912,rf_var,Plain RF,5
31,33,1843,rf_var,Plain RF,5
31,35,165,rf_var,Plain RF,5
31,36,50,rf_var,Plain RF,5
31,37,11,rf_var,Plain RF,5
31,39,150,rf_var,Plain RF,5
31,40,2,rf_var,Plain RF,5
31,41,4,rf_var,Plain RF,5
31,42,405,rf_var,Plain RF,5
31,43,518,rf_var,Plain RF,5
31,44,2,rf_var,Plain RF,5
31,45,452,rf_var,Plain RF,5
31,46,51,rf_var,Plain RF,5
31,47,2,rf_var,Plain RF,5
31,48,17,rf_var,Plain RF,5
31,49,1,rf_var,Plain RF,5
31,50,603,rf_var,Plain RF,5
31,52,2,rf_var,Plain RF,5
31,53,2,rf_var,Plain RF,5
31,55,2,rf_var,Plain RF,5
32,3,1,rf_var,Plain RF,5
32,7,754,rf_var,Plain RF,5
32,12,6,rf_var,Plain RF,5
32,13,1338,rf_var,Plain RF,5
32,14,16,rf_var,Plain RF,5
32,15,284,rf_var,Plain RF,5
32,18,42,rf_var,Plain RF,5
32,19,1,rf_var,Plain RF,5
32,20,71,rf_var,Plain RF,5
32,23,127,rf_var,Plain RF,5
32,24,355,rf_var,Plain RF,5
32,25,476,rf_var,Plain RF,5
32,27,96,rf_var,Plain RF,5
32,29,10,rf_var,Plain RF,5
32,31,203,rf_var,Plain RF,5
32,32,55596,rf_var,Plain RF,5
32,33,1030,rf_var,Plain RF,5
32,35,17,rf_var,Plain RF,5
32,42,60,rf_var,Plain RF,5
32,50,1,rf_var,Plain RF,5
33,1,985,rf_var,Plain RF,5
33,2,202,rf_var,Plain RF,5
33,3,2994,rf_var,Plain RF,5
33,4,2,rf_var,Plain RF,5
33,5,1364,rf_var,Plain RF,5
33,6,10,rf_var,Plain RF,5
33,7,6485,rf_var,Plain RF,5
33,10,345,rf_var,Plain RF,5
33,11,638,rf_var,Plain RF,5
33,12,449,rf_var,Plain RF,5
33,13,5798,rf_var,Plain RF,5
33,14,329,rf_var,Plain RF,5
33,15,1670,rf_var,Plain RF,5
33,16,421,rf_var,Plain RF,5
33,18,415,rf_var,Plain RF,5
33,19,15,rf_var,Plain RF,5
33,20,365,rf_var,Plain RF,5
33,23,2048,rf_var,Plain RF,5
33,24,4137,rf_var,Plain RF,5
33,25,856,rf_var,Plain RF,5
33,26,38,rf_var,Plain RF,5
33,27,153,rf_var,Plain RF,5
33,28,331,rf_var,Plain RF,5
33,29,870,rf_var,Plain RF,5
33,30,22,rf_var,Plain RF,5
33,31,63,rf_var,Plain RF,5
33,32,1958,rf_var,Plain RF,5
33,33,354145,rf_var,Plain RF,5
33,34,9,rf_var,Plain RF,5
33,35,560,rf_var,Plain RF,5
33,36,125,rf_var,Plain RF,5
33,37,154,rf_var,Plain RF,5
33,39,23,rf_var,Plain RF,5
33,40,112,rf_var,Plain RF,5
33,41,541,rf_var,Plain RF,5
33,42,1,rf_var,Plain RF,5
33,44,197,rf_var,Plain RF,5
33,45,602,rf_var,Plain RF,5
33,46,29,rf_var,Plain RF,5
33,47,177,rf_var,Plain RF,5
33,49,72,rf_var,Plain RF,5
33,52,41,rf_var,Plain RF,5
34,3,33,rf_var,Plain RF,5
34,7,4,rf_var,Plain RF,5
34,10,66,rf_var,Plain RF,5
34,11,2,rf_var,Plain RF,5
34,12,1,rf_var,Plain RF,5
34,14,3,rf_var,Plain RF,5
34,15,2,rf_var,Plain RF,5
34,16,2,rf_var,Plain RF,5
34,17,3,rf_var,Plain RF,5
34,18,5,rf_var,Plain RF,5
34,20,2,rf_var,Plain RF,5
34,22,3,rf_var,Plain RF,5
34,25,1,rf_var,Plain RF,5
34,26,6,rf_var,Plain RF,5
34,27,24,rf_var,Plain RF,5
34,30,32,rf_var,Plain RF,5
34,32,1,rf_var,Plain RF,5
34,33,3,rf_var,Plain RF,5
34,34,4815,rf_var,Plain RF,5
34,35,2,rf_var,Plain RF,5
34,36,11,rf_var,Plain RF,5
34,37,1,rf_var,Plain RF,5
34,39,52,rf_var,Plain RF,5
34,40,16,rf_var,Plain RF,5
34,43,3,rf_var,Plain RF,5
34,44,5,rf_var,Plain RF,5
34,46,28,rf_var,Plain RF,5
34,47,1,rf_var,Plain RF,5
34,48,1,rf_var,Plain RF,5
34,49,19,rf_var,Plain RF,5
34,50,7,rf_var,Plain RF,5
34,52,2,rf_var,Plain RF,5
34,53,2,rf_var,Plain RF,5
34,55,1,rf_var,Plain RF,5
35,7,1,rf_var,Plain RF,5
35,13,70,rf_var,Plain RF,5
35,14,87,rf_var,Plain RF,5
35,15,41,rf_var,Plain RF,5
35,16,31,rf_var,Plain RF,5
35,18,6,rf_var,Plain RF,5
35,19,30,rf_var,Plain RF,5
35,23,130,rf_var,Plain RF,5
35,24,323,rf_var,Plain RF,5
35,25,238,rf_var,Plain RF,5
35,29,330,rf_var,Plain RF,5
35,32,77,rf_var,Plain RF,5
35,33,237,rf_var,Plain RF,5
35,35,31259,rf_var,Plain RF,5
35,38,4,rf_var,Plain RF,5
36,1,7,rf_var,Plain RF,5
36,3,74,rf_var,Plain RF,5
36,5,1,rf_var,Plain RF,5
36,7,42,rf_var,Plain RF,5
36,9,8,rf_var,Plain RF,5
36,10,38,rf_var,Plain RF,5
36,12,37,rf_var,Plain RF,5
36,13,28,rf_var,Plain RF,5
36,16,4,rf_var,Plain RF,5
36,21,55,rf_var,Plain RF,5
36,26,39,rf_var,Plain RF,5
36,27,1,rf_var,Plain RF,5
36,28,14,rf_var,Plain RF,5
36,30,45,rf_var,Plain RF,5
36,33,16,rf_var,Plain RF,5
36,34,54,rf_var,Plain RF,5
36,36,21597,rf_var,Plain RF,5
36,39,70,rf_var,Plain RF,5
36,40,42,rf_var,Plain RF,5
36,41,85,rf_var,Plain RF,5
36,44,164,rf_var,Plain RF,5
36,45,4,rf_var,Plain RF,5
36,46,22,rf_var,Plain RF,5
36,47,74,rf_var,Plain RF,5
36,48,12,rf_var,Plain RF,5
36,49,8,rf_var,Plain RF,5
36,50,15,rf_var,Plain RF,5
36,53,16,rf_var,Plain RF,5
36,55,3,rf_var,Plain RF,5
37,1,282,rf_var,Plain RF,5
37,2,108,rf_var,Plain RF,5
37,3,9193,rf_var,Plain RF,5
37,4,12,rf_var,Plain RF,5
37,5,362,rf_var,Plain RF,5
37,6,160,rf_var,Plain RF,5
37,7,2334,rf_var,Plain RF,5
37,9,87,rf_var,Plain RF,5
37,10,786,rf_var,Plain RF,5
37,11,148,rf_var,Plain RF,5
37,12,281,rf_var,Plain RF,5
37,13,1216,rf_var,Plain RF,5
37,14,480,rf_var,Plain RF,5
37,15,29,rf_var,Plain RF,5
37,16,11,rf_var,Plain RF,5
37,17,4,rf_var,Plain RF,5
37,18,218,rf_var,Plain RF,5
37,19,15,rf_var,Plain RF,5
37,20,3,rf_var,Plain RF,5
37,21,800,rf_var,Plain RF,5
37,22,4,rf_var,Plain RF,5
37,23,4,rf_var,Plain RF,5
37,24,4,rf_var,Plain RF,5
37,25,519,rf_var,Plain RF,5
37,26,87,rf_var,Plain RF,5
37,27,3929,rf_var,Plain RF,5
37,28,212,rf_var,Plain RF,5
37,29,2,rf_var,Plain RF,5
37,30,517,rf_var,Plain RF,5
37,31,1,rf_var,Plain RF,5
37,32,9,rf_var,Plain RF,5
37,33,487,rf_var,Plain RF,5
37,34,81,rf_var,Plain RF,5
37,35,3,rf_var,Plain RF,5
37,36,25,rf_var,Plain RF,5
37,37,167973,rf_var,Plain RF,5
37,38,3,rf_var,Plain RF,5
37,39,110,rf_var,Plain RF,5
37,40,34,rf_var,Plain RF,5
37,41,692,rf_var,Plain RF,5
37,42,1,rf_var,Plain RF,5
37,43,3,rf_var,Plain RF,5
37,44,37,rf_var,Plain RF,5
37,45,8,rf_var,Plain RF,5
37,46,145,rf_var,Plain RF,5
37,47,454,rf_var,Plain RF,5
37,48,2,rf_var,Plain RF,5
37,49,13,rf_var,Plain RF,5
37,50,3,rf_var,Plain RF,5
37,52,3,rf_var,Plain RF,5
37,53,2,rf_var,Plain RF,5
37,54,4,rf_var,Plain RF,5
37,55,6,rf_var,Plain RF,5
38,13,35,rf_var,Plain RF,5
38,15,212,rf_var,Plain RF,5
38,17,1,rf_var,Plain RF,5
38,19,18,rf_var,Plain RF,5
38,23,447,rf_var,Plain RF,5
38,24,88,rf_var,Plain RF,5
38,25,29,rf_var,Plain RF,5
38,27,405,rf_var,Plain RF,5
38,32,67,rf_var,Plain RF,5
38,38,28730,rf_var,Plain RF,5
39,5,17,rf_var,Plain RF,5
39,7,12,rf_var,Plain RF,5
39,10,41,rf_var,Plain RF,5
39,13,2,rf_var,Plain RF,5
39,16,101,rf_var,Plain RF,5
39,18,46,rf_var,Plain RF,5
39,20,16,rf_var,Plain RF,5
39,23,80,rf_var,Plain RF,5
39,24,2,rf_var,Plain RF,5
39,26,11,rf_var,Plain RF,5
39,28,14,rf_var,Plain RF,5
39,30,195,rf_var,Plain RF,5
39,34,106,rf_var,Plain RF,5
39,36,7,rf_var,Plain RF,5
39,39,20325,rf_var,Plain RF,5
39,40,59,rf_var,Plain RF,5
39,43,1,rf_var,Plain RF,5
39,44,44,rf_var,Plain RF,5
39,45,13,rf_var,Plain RF,5
39,46,647,rf_var,Plain RF,5
39,47,55,rf_var,Plain RF,5
39,49,44,rf_var,Plain RF,5
39,50,105,rf_var,Plain RF,5
40,1,167,rf_var,Plain RF,5
40,2,9,rf_var,Plain RF,5
40,3,781,rf_var,Plain RF,5
40,4,19,rf_var,Plain RF,5
40,5,1995,rf_var,Plain RF,5
40,6,7,rf_var,Plain RF,5
40,7,1257,rf_var,Plain RF,5
40,9,4,rf_var,Plain RF,5
40,10,3081,rf_var,Plain RF,5
40,11,16,rf_var,Plain RF,5
40,12,7,rf_var,Plain RF,5
40,13,10,rf_var,Plain RF,5
40,14,5,rf_var,Plain RF,5
40,15,6,rf_var,Plain RF,5
40,16,9,rf_var,Plain RF,5
40,17,8,rf_var,Plain RF,5
40,18,8,rf_var,Plain RF,5
40,19,8,rf_var,Plain RF,5
40,20,38,rf_var,Plain RF,5
40,21,664,rf_var,Plain RF,5
40,22,10,rf_var,Plain RF,5
40,23,11,rf_var,Plain RF,5
40,24,8,rf_var,Plain RF,5
40,25,30,rf_var,Plain RF,5
40,26,1121,rf_var,Plain RF,5
40,27,98,rf_var,Plain RF,5
40,28,2845,rf_var,Plain RF,5
40,29,13,rf_var,Plain RF,5
40,30,2476,rf_var,Plain RF,5
40,31,90,rf_var,Plain RF,5
40,32,7,rf_var,Plain RF,5
40,33,35,rf_var,Plain RF,5
40,34,680,rf_var,Plain RF,5
40,35,8,rf_var,Plain RF,5
40,36,7944,rf_var,Plain RF,5
40,37,17,rf_var,Plain RF,5
40,38,8,rf_var,Plain RF,5
40,39,1937,rf_var,Plain RF,5
40,40,299537,rf_var,Plain RF,5
40,41,701,rf_var,Plain RF,5
40,42,4,rf_var,Plain RF,5
40,43,8,rf_var,Plain RF,5
40,44,1127,rf_var,Plain RF,5
40,45,102,rf_var,Plain RF,5
40,46,2064,rf_var,Plain RF,5
40,47,1239,rf_var,Plain RF,5
40,48,43,rf_var,Plain RF,5
40,49,8594,rf_var,Plain RF,5
40,50,71,rf_var,Plain RF,5
40,52,217,rf_var,Plain RF,5
40,53,352,rf_var,Plain RF,5
40,54,30,rf_var,Plain RF,5
40,55,135,rf_var,Plain RF,5
41,1,5,rf_var,Plain RF,5
41,2,23,rf_var,Plain RF,5
41,3,1659,rf_var,Plain RF,5
41,4,2,rf_var,Plain RF,5
41,5,56,rf_var,Plain RF,5
41,6,14,rf_var,Plain RF,5
41,7,2515,rf_var,Plain RF,5
41,10,114,rf_var,Plain RF,5
41,11,11,rf_var,Plain RF,5
41,12,47,rf_var,Plain RF,5
41,13,527,rf_var,Plain RF,5
41,14,2,rf_var,Plain RF,5
41,15,33,rf_var,Plain RF,5
41,16,1,rf_var,Plain RF,5
41,17,1,rf_var,Plain RF,5
41,18,1,rf_var,Plain RF,5
41,20,2,rf_var,Plain RF,5
41,21,340,rf_var,Plain RF,5
41,23,1,rf_var,Plain RF,5
41,25,3,rf_var,Plain RF,5
41,26,397,rf_var,Plain RF,5
41,27,706,rf_var,Plain RF,5
41,28,885,rf_var,Plain RF,5
41,30,1649,rf_var,Plain RF,5
41,32,9,rf_var,Plain RF,5
41,33,330,rf_var,Plain RF,5
41,34,5,rf_var,Plain RF,5
41,36,1651,rf_var,Plain RF,5
41,37,27,rf_var,Plain RF,5
41,38,1,rf_var,Plain RF,5
41,39,18,rf_var,Plain RF,5
41,40,218,rf_var,Plain RF,5
41,41,78474,rf_var,Plain RF,5
41,43,1,rf_var,Plain RF,5
41,44,244,rf_var,Plain RF,5
41,45,21,rf_var,Plain RF,5
41,46,7,rf_var,Plain RF,5
41,47,1167,rf_var,Plain RF,5
41,49,75,rf_var,Plain RF,5
41,55,1,rf_var,Plain RF,5
42,4,1,rf_var,Plain RF,5
42,5,1,rf_var,Plain RF,5
42,6,3,rf_var,Plain RF,5
42,7,200,rf_var,Plain RF,5
42,9,1,rf_var,Plain RF,5
42,10,2,rf_var,Plain RF,5
42,11,4,rf_var,Plain RF,5
42,12,1,rf_var,Plain RF,5
42,13,51,rf_var,Plain RF,5
42,14,3,rf_var,Plain RF,5
42,15,87,rf_var,Plain RF,5
42,16,41,rf_var,Plain RF,5
42,18,1,rf_var,Plain RF,5
42,19,564,rf_var,Plain RF,5
42,20,136,rf_var,Plain RF,5
42,22,473,rf_var,Plain RF,5
42,23,20,rf_var,Plain RF,5
42,24,1381,rf_var,Plain RF,5
42,25,1538,rf_var,Plain RF,5
42,26,1,rf_var,Plain RF,5
42,30,2,rf_var,Plain RF,5
42,31,9,rf_var,Plain RF,5
42,32,197,rf_var,Plain RF,5
42,33,9,rf_var,Plain RF,5
42,35,2,rf_var,Plain RF,5
42,36,3,rf_var,Plain RF,5
42,37,2,rf_var,Plain RF,5
42,38,2,rf_var,Plain RF,5
42,40,1,rf_var,Plain RF,5
42,41,1,rf_var,Plain RF,5
42,42,149700,rf_var,Plain RF,5
42,43,555,rf_var,Plain RF,5
42,44,2,rf_var,Plain RF,5
42,46,1,rf_var,Plain RF,5
42,47,8,rf_var,Plain RF,5
42,48,1,rf_var,Plain RF,5
42,49,4,rf_var,Plain RF,5
42,50,2,rf_var,Plain RF,5
42,52,1,rf_var,Plain RF,5
42,53,1,rf_var,Plain RF,5
42,54,2,rf_var,Plain RF,5
42,55,5,rf_var,Plain RF,5
43,10,3,rf_var,Plain RF,5
43,16,92,rf_var,Plain RF,5
43,18,11,rf_var,Plain RF,5
43,19,6,rf_var,Plain RF,5
43,20,30,rf_var,Plain RF,5
43,24,44,rf_var,Plain RF,5
43,25,55,rf_var,Plain RF,5
43,42,77,rf_var,Plain RF,5
43,43,5356,rf_var,Plain RF,5
43,46,18,rf_var,Plain RF,5
44,1,556,rf_var,Plain RF,5
44,2,25,rf_var,Plain RF,5
44,3,1752,rf_var,Plain RF,5
44,4,26,rf_var,Plain RF,5
44,5,1686,rf_var,Plain RF,5
44,6,17,rf_var,Plain RF,5
44,7,2156,rf_var,Plain RF,5
44,9,15,rf_var,Plain RF,5
44,10,2085,rf_var,Plain RF,5
44,11,16,rf_var,Plain RF,5
44,12,14,rf_var,Plain RF,5
44,13,614,rf_var,Plain RF,5
44,14,17,rf_var,Plain RF,5
44,15,19,rf_var,Plain RF,5
44,16,128,rf_var,Plain RF,5
44,17,12,rf_var,Plain RF,5
44,18,899,rf_var,Plain RF,5
44,19,53,rf_var,Plain RF,5
44,20,33,rf_var,Plain RF,5
44,21,1291,rf_var,Plain RF,5
44,22,18,rf_var,Plain RF,5
44,23,16,rf_var,Plain RF,5
44,24,24,rf_var,Plain RF,5
44,25,16,rf_var,Plain RF,5
44,26,1959,rf_var,Plain RF,5
44,27,104,rf_var,Plain RF,5
44,28,10041,rf_var,Plain RF,5
44,29,20,rf_var,Plain RF,5
44,30,3309,rf_var,Plain RF,5
44,31,34,rf_var,Plain RF,5
44,32,19,rf_var,Plain RF,5
44,33,1370,rf_var,Plain RF,5
44,34,779,rf_var,Plain RF,5
44,35,13,rf_var,Plain RF,5
44,36,15967,rf_var,Plain RF,5
44,37,27,rf_var,Plain RF,5
44,38,15,rf_var,Plain RF,5
44,39,5608,rf_var,Plain RF,5
44,40,2145,rf_var,Plain RF,5
44,41,1010,rf_var,Plain RF,5
44,42,14,rf_var,Plain RF,5
44,43,20,rf_var,Plain RF,5
44,44,498513,rf_var,Plain RF,5
44,45,952,rf_var,Plain RF,5
44,46,1312,rf_var,Plain RF,5
44,47,908,rf_var,Plain RF,5
44,48,23,rf_var,Plain RF,5
44,49,7678,rf_var,Plain RF,5
44,50,1510,rf_var,Plain RF,5
44,52,597,rf_var,Plain RF,5
44,53,622,rf_var,Plain RF,5
44,54,30,rf_var,Plain RF,5
44,55,104,rf_var,Plain RF,5
45,1,97,rf_var,Plain RF,5
45,2,1,rf_var,Plain RF,5
45,5,184,rf_var,Plain RF,5
45,6,1,rf_var,Plain RF,5
45,7,1,rf_var,Plain RF,5
45,10,104,rf_var,Plain RF,5
45,13,143,rf_var,Plain RF,5
45,14,1,rf_var,Plain RF,5
45,15,5,rf_var,Plain RF,5
45,16,17,rf_var,Plain RF,5
45,18,19,rf_var,Plain RF,5
45,20,1,rf_var,Plain RF,5
45,22,1,rf_var,Plain RF,5
45,23,17,rf_var,Plain RF,5
45,24,319,rf_var,Plain RF,5
45,25,34,rf_var,Plain RF,5
45,26,1,rf_var,Plain RF,5
45,27,1,rf_var,Plain RF,5
45,28,8,rf_var,Plain RF,5
45,29,106,rf_var,Plain RF,5
45,30,91,rf_var,Plain RF,5
45,31,24,rf_var,Plain RF,5
45,33,6,rf_var,Plain RF,5
45,34,85,rf_var,Plain RF,5
45,37,1,rf_var,Plain RF,5
45,39,236,rf_var,Plain RF,5
45,40,34,rf_var,Plain RF,5
45,41,1,rf_var,Plain RF,5
45,42,3,rf_var,Plain RF,5
45,44,69,rf_var,Plain RF,5
45,45,14180,rf_var,Plain RF,5
45,46,576,rf_var,Plain RF,5
45,47,8,rf_var,Plain RF,5
45,49,25,rf_var,Plain RF,5
45,50,2,rf_var,Plain RF,5
45,52,1,rf_var,Plain RF,5
45,53,1,rf_var,Plain RF,5
45,54,1,rf_var,Plain RF,5
46,1,174,rf_var,Plain RF,5
46,2,1,rf_var,Plain RF,5
46,3,88,rf_var,Plain RF,5
46,4,14,rf_var,Plain RF,5
46,5,68,rf_var,Plain RF,5
46,6,3,rf_var,Plain RF,5
46,7,175,rf_var,Plain RF,5
46,9,1,rf_var,Plain RF,5
46,10,719,rf_var,Plain RF,5
46,11,7,rf_var,Plain RF,5
46,12,7,rf_var,Plain RF,5
46,13,209,rf_var,Plain RF,5
46,14,5,rf_var,Plain RF,5
46,15,2,rf_var,Plain RF,5
46,16,248,rf_var,Plain RF,5
46,17,5,rf_var,Plain RF,5
46,18,230,rf_var,Plain RF,5
46,19,5,rf_var,Plain RF,5
46,20,134,rf_var,Plain RF,5
46,21,18,rf_var,Plain RF,5
46,22,7,rf_var,Plain RF,5
46,23,5,rf_var,Plain RF,5
46,24,8,rf_var,Plain RF,5
46,25,19,rf_var,Plain RF,5
46,26,294,rf_var,Plain RF,5
46,27,3,rf_var,Plain RF,5
46,28,156,rf_var,Plain RF,5
46,29,5,rf_var,Plain RF,5
46,30,471,rf_var,Plain RF,5
46,31,6,rf_var,Plain RF,5
46,32,1,rf_var,Plain RF,5
46,33,37,rf_var,Plain RF,5
46,34,304,rf_var,Plain RF,5
46,35,3,rf_var,Plain RF,5
46,36,268,rf_var,Plain RF,5
46,37,22,rf_var,Plain RF,5
46,38,6,rf_var,Plain RF,5
46,39,1359,rf_var,Plain RF,5
46,40,969,rf_var,Plain RF,5
46,41,12,rf_var,Plain RF,5
46,42,4,rf_var,Plain RF,5
46,43,156,rf_var,Plain RF,5
46,44,550,rf_var,Plain RF,5
46,45,120,rf_var,Plain RF,5
46,46,127830,rf_var,Plain RF,5
46,47,1006,rf_var,Plain RF,5
46,48,4,rf_var,Plain RF,5
46,49,525,rf_var,Plain RF,5
46,50,194,rf_var,Plain RF,5
46,52,9,rf_var,Plain RF,5
46,53,5,rf_var,Plain RF,5
46,54,8,rf_var,Plain RF,5
46,55,3,rf_var,Plain RF,5
47,1,131,rf_var,Plain RF,5
47,2,17,rf_var,Plain RF,5
47,3,1467,rf_var,Plain RF,5
47,4,46,rf_var,Plain RF,5
47,5,2209,rf_var,Plain RF,5
47,6,49,rf_var,Plain RF,5
47,7,1902,rf_var,Plain RF,5
47,9,11,rf_var,Plain RF,5
47,10,2508,rf_var,Plain RF,5
47,11,61,rf_var,Plain RF,5
47,12,7,rf_var,Plain RF,5
47,13,13,rf_var,Plain RF,5
47,14,7,rf_var,Plain RF,5
47,15,15,rf_var,Plain RF,5
47,16,19,rf_var,Plain RF,5
47,17,10,rf_var,Plain RF,5
47,18,18,rf_var,Plain RF,5
47,19,16,rf_var,Plain RF,5
47,20,15,rf_var,Plain RF,5
47,21,391,rf_var,Plain RF,5
47,22,10,rf_var,Plain RF,5
47,23,11,rf_var,Plain RF,5
47,24,13,rf_var,Plain RF,5
47,25,12,rf_var,Plain RF,5
47,26,474,rf_var,Plain RF,5
47,27,840,rf_var,Plain RF,5
47,28,8810,rf_var,Plain RF,5
47,29,16,rf_var,Plain RF,5
47,30,1100,rf_var,Plain RF,5
47,31,19,rf_var,Plain RF,5
47,32,17,rf_var,Plain RF,5
47,33,698,rf_var,Plain RF,5
47,34,458,rf_var,Plain RF,5
47,35,14,rf_var,Plain RF,5
47,36,6866,rf_var,Plain RF,5
47,37,154,rf_var,Plain RF,5
47,38,19,rf_var,Plain RF,5
47,39,970,rf_var,Plain RF,5
47,40,1946,rf_var,Plain RF,5
47,41,244,rf_var,Plain RF,5
47,42,24,rf_var,Plain RF,5
47,43,15,rf_var,Plain RF,5
47,44,1073,rf_var,Plain RF,5
47,45,43,rf_var,Plain RF,5
47,46,1628,rf_var,Plain RF,5
47,47,313882,rf_var,Plain RF,5
47,48,95,rf_var,Plain RF,5
47,49,5482,rf_var,Plain RF,5
47,50,338,rf_var,Plain RF,5
47,52,130,rf_var,Plain RF,5
47,53,24,rf_var,Plain RF,5
47,54,14,rf_var,Plain RF,5
47,55,96,rf_var,Plain RF,5
48,4,1,rf_var,Plain RF,5
48,10,1,rf_var,Plain RF,5
48,27,5,rf_var,Plain RF,5
48,28,4,rf_var,Plain RF,5
48,30,1,rf_var,Plain RF,5
48,31,1,rf_var,Plain RF,5
48,35,1,rf_var,Plain RF,5
48,44,2,rf_var,Plain RF,5
48,47,3,rf_var,Plain RF,5
48,48,1579,rf_var,Plain RF,5
48,49,22,rf_var,Plain RF,5
48,53,3,rf_var,Plain RF,5
48,55,1,rf_var,Plain RF,5
49,1,100,rf_var,Plain RF,5
49,2,3,rf_var,Plain RF,5
49,3,57,rf_var,Plain RF,5
49,4,8,rf_var,Plain RF,5
49,5,183,rf_var,Plain RF,5
49,6,3,rf_var,Plain RF,5
49,7,58,rf_var,Plain RF,5
49,9,7,rf_var,Plain RF,5
49,10,560,rf_var,Plain RF,5
49,11,6,rf_var,Plain RF,5
49,12,1,rf_var,Plain RF,5
49,13,4,rf_var,Plain RF,5
49,14,7,rf_var,Plain RF,5
49,15,9,rf_var,Plain RF,5
49,16,4,rf_var,Plain RF,5
49,17,5,rf_var,Plain RF,5
49,18,3,rf_var,Plain RF,5
49,19,5,rf_var,Plain RF,5
49,20,25,rf_var,Plain RF,5
49,21,1367,rf_var,Plain RF,5
49,22,6,rf_var,Plain RF,5
49,23,10,rf_var,Plain RF,5
49,24,6,rf_var,Plain RF,5
49,25,7,rf_var,Plain RF,5
49,26,467,rf_var,Plain RF,5
49,27,6,rf_var,Plain RF,5
49,28,580,rf_var,Plain RF,5
49,29,6,rf_var,Plain RF,5
49,30,2027,rf_var,Plain RF,5
49,31,5,rf_var,Plain RF,5
49,32,9,rf_var,Plain RF,5
49,33,4,rf_var,Plain RF,5
49,34,260,rf_var,Plain RF,5
49,35,6,rf_var,Plain RF,5
49,36,932,rf_var,Plain RF,5
49,37,17,rf_var,Plain RF,5
49,38,7,rf_var,Plain RF,5
49,39,417,rf_var,Plain RF,5
49,40,1537,rf_var,Plain RF,5
49,41,12,rf_var,Plain RF,5
49,42,6,rf_var,Plain RF,5
49,43,2,rf_var,Plain RF,5
49,44,1299,rf_var,Plain RF,5
49,45,85,rf_var,Plain RF,5
49,46,350,rf_var,Plain RF,5
49,47,715,rf_var,Plain RF,5
49,48,2,rf_var,Plain RF,5
49,49,145523,rf_var,Plain RF,5
49,50,147,rf_var,Plain RF,5
49,52,423,rf_var,Plain RF,5
49,53,399,rf_var,Plain RF,5
49,54,17,rf_var,Plain RF,5
49,55,49,rf_var,Plain RF,5
50,1,1,rf_var,Plain RF,5
50,2,4,rf_var,Plain RF,5
50,3,1,rf_var,Plain RF,5
50,4,1,rf_var,Plain RF,5
50,6,2,rf_var,Plain RF,5
50,7,3,rf_var,Plain RF,5
50,10,25,rf_var,Plain RF,5
50,14,1,rf_var,Plain RF,5
50,15,1,rf_var,Plain RF,5
50,16,1,rf_var,Plain RF,5
50,17,1,rf_var,Plain RF,5
50,20,1,rf_var,Plain RF,5
50,21,1,rf_var,Plain RF,5
50,22,1,rf_var,Plain RF,5
50,23,1,rf_var,Plain RF,5
50,25,1,rf_var,Plain RF,5
50,30,6,rf_var,Plain RF,5
50,32,2,rf_var,Plain RF,5
50,34,5,rf_var,Plain RF,5
50,35,1,rf_var,Plain RF,5
50,36,1,rf_var,Plain RF,5
50,37,1,rf_var,Plain RF,5
50,39,26,rf_var,Plain RF,5
50,40,24,rf_var,Plain RF,5
50,41,1,rf_var,Plain RF,5
50,43,1,rf_var,Plain RF,5
50,44,20,rf_var,Plain RF,5
50,46,15,rf_var,Plain RF,5
50,47,14,rf_var,Plain RF,5
50,50,2121,rf_var,Plain RF,5
50,53,5,rf_var,Plain RF,5
50,54,2,rf_var,Plain RF,5
50,55,1,rf_var,Plain RF,5
52,1,10,rf_var,Plain RF,5
52,2,6,rf_var,Plain RF,5
52,3,9,rf_var,Plain RF,5
52,4,10,rf_var,Plain RF,5
52,5,4,rf_var,Plain RF,5
52,6,10,rf_var,Plain RF,5
52,7,12,rf_var,Plain RF,5
52,9,9,rf_var,Plain RF,5
52,10,10,rf_var,Plain RF,5
52,11,10,rf_var,Plain RF,5
52,12,12,rf_var,Plain RF,5
52,13,5,rf_var,Plain RF,5
52,14,9,rf_var,Plain RF,5
52,15,13,rf_var,Plain RF,5
52,16,6,rf_var,Plain RF,5
52,17,5,rf_var,Plain RF,5
52,18,13,rf_var,Plain RF,5
52,19,5,rf_var,Plain RF,5
52,20,5,rf_var,Plain RF,5
52,21,35,rf_var,Plain RF,5
52,22,8,rf_var,Plain RF,5
52,23,4,rf_var,Plain RF,5
52,24,5,rf_var,Plain RF,5
52,25,9,rf_var,Plain RF,5
52,26,9,rf_var,Plain RF,5
52,27,4,rf_var,Plain RF,5
52,28,4,rf_var,Plain RF,5
52,29,4,rf_var,Plain RF,5
52,30,1,rf_var,Plain RF,5
52,31,6,rf_var,Plain RF,5
52,32,4,rf_var,Plain RF,5
52,33,8,rf_var,Plain RF,5
52,34,2,rf_var,Plain RF,5
52,35,9,rf_var,Plain RF,5
52,36,3,rf_var,Plain RF,5
52,37,3,rf_var,Plain RF,5
52,38,8,rf_var,Plain RF,5
52,39,5,rf_var,Plain RF,5
52,40,158,rf_var,Plain RF,5
52,41,5,rf_var,Plain RF,5
52,42,8,rf_var,Plain RF,5
52,43,11,rf_var,Plain RF,5
52,44,114,rf_var,Plain RF,5
52,45,7,rf_var,Plain RF,5
52,46,6,rf_var,Plain RF,5
52,47,9,rf_var,Plain RF,5
52,49,106,rf_var,Plain RF,5
52,52,22734,rf_var,Plain RF,5
52,53,166,rf_var,Plain RF,5
52,54,6,rf_var,Plain RF,5
52,55,11,rf_var,Plain RF,5
53,1,11,rf_var,Plain RF,5
53,2,88,rf_var,Plain RF,5
53,3,17,rf_var,Plain RF,5
53,4,15,rf_var,Plain RF,5
53,5,20,rf_var,Plain RF,5
53,6,12,rf_var,Plain RF,5
53,7,8,rf_var,Plain RF,5
53,9,18,rf_var,Plain RF,5
53,10,22,rf_var,Plain RF,5
53,11,12,rf_var,Plain RF,5
53,12,8,rf_var,Plain RF,5
53,13,9,rf_var,Plain RF,5
53,14,14,rf_var,Plain RF,5
53,15,22,rf_var,Plain RF,5
53,16,21,rf_var,Plain RF,5
53,17,20,rf_var,Plain RF,5
53,18,23,rf_var,Plain RF,5
53,19,21,rf_var,Plain RF,5
53,20,23,rf_var,Plain RF,5
53,21,647,rf_var,Plain RF,5
53,22,15,rf_var,Plain RF,5
53,23,18,rf_var,Plain RF,5
53,24,26,rf_var,Plain RF,5
53,25,14,rf_var,Plain RF,5
53,26,205,rf_var,Plain RF,5
53,27,10,rf_var,Plain RF,5
53,28,71,rf_var,Plain RF,5
53,29,19,rf_var,Plain RF,5
53,30,92,rf_var,Plain RF,5
53,31,16,rf_var,Plain RF,5
53,32,23,rf_var,Plain RF,5
53,33,7,rf_var,Plain RF,5
53,34,215,rf_var,Plain RF,5
53,35,17,rf_var,Plain RF,5
53,36,32,rf_var,Plain RF,5
53,37,20,rf_var,Plain RF,5
53,38,17,rf_var,Plain RF,5
53,39,44,rf_var,Plain RF,5
53,40,466,rf_var,Plain RF,5
53,41,21,rf_var,Plain RF,5
53,42,18,rf_var,Plain RF,5
53,43,18,rf_var,Plain RF,5
53,44,432,rf_var,Plain RF,5
53,45,16,rf_var,Plain RF,5
53,46,35,rf_var,Plain RF,5
53,47,30,rf_var,Plain RF,5
53,48,16,rf_var,Plain RF,5
53,49,862,rf_var,Plain RF,5
53,50,90,rf_var,Plain RF,5
53,52,182,rf_var,Plain RF,5
53,53,60250,rf_var,Plain RF,5
53,54,3,rf_var,Plain RF,5
53,55,158,rf_var,Plain RF,5
54,1,4,rf_var,Plain RF,5
54,2,3,rf_var,Plain RF,5
54,3,6,rf_var,Plain RF,5
54,4,2,rf_var,Plain RF,5
54,6,2,rf_var,Plain RF,5
54,7,2,rf_var,Plain RF,5
54,9,6,rf_var,Plain RF,5
54,10,3,rf_var,Plain RF,5
54,11,6,rf_var,Plain RF,5
54,12,5,rf_var,Plain RF,5
54,13,4,rf_var,Plain RF,5
54,14,3,rf_var,Plain RF,5
54,17,3,rf_var,Plain RF,5
54,18,6,rf_var,Plain RF,5
54,19,2,rf_var,Plain RF,5
54,20,4,rf_var,Plain RF,5
54,21,131,rf_var,Plain RF,5
54,22,3,rf_var,Plain RF,5
54,23,8,rf_var,Plain RF,5
54,24,2,rf_var,Plain RF,5
54,25,1,rf_var,Plain RF,5
54,26,1,rf_var,Plain RF,5
54,28,10,rf_var,Plain RF,5
54,29,3,rf_var,Plain RF,5
54,30,5,rf_var,Plain RF,5
54,31,4,rf_var,Plain RF,5
54,32,3,rf_var,Plain RF,5
54,33,2,rf_var,Plain RF,5
54,34,19,rf_var,Plain RF,5
54,35,1,rf_var,Plain RF,5
54,36,14,rf_var,Plain RF,5
54,37,2,rf_var,Plain RF,5
54,38,9,rf_var,Plain RF,5
54,39,3,rf_var,Plain RF,5
54,40,54,rf_var,Plain RF,5
54,41,2,rf_var,Plain RF,5
54,42,8,rf_var,Plain RF,5
54,43,9,rf_var,Plain RF,5
54,44,176,rf_var,Plain RF,5
54,45,3,rf_var,Plain RF,5
54,46,3,rf_var,Plain RF,5
54,47,3,rf_var,Plain RF,5
54,48,1,rf_var,Plain RF,5
54,49,4,rf_var,Plain RF,5
54,50,12,rf_var,Plain RF,5
54,52,5,rf_var,Plain RF,5
54,53,28,rf_var,Plain RF,5
54,54,10954,rf_var,Plain RF,5
54,55,4,rf_var,Plain RF,5
55,25,1,rf_var,Plain RF,5
55,28,1,rf_var,Plain RF,5
55,35,1,rf_var,Plain RF,5
55,36,1,rf_var,Plain RF,5
55,40,68,rf_var,Plain RF,5
55,44,86,rf_var,Plain RF,5
55,50,2,rf_var,Plain RF,5
55,52,47,rf_var,Plain RF,5
55,53,52,rf_var,Plain RF,5
55,55,6124,rf_var,Plain RF,5
1,1,11684,mf_var,Plain MF RF,1
1,2,354,mf_var,Plain MF RF,1
1,3,442,mf_var,Plain MF RF,1
1,4,169,mf_var,Plain MF RF,1
1,5,126,mf_var,Plain MF RF,1
1,6,8,mf_var,Plain MF RF,1
1,7,81,mf_var,Plain MF RF,1
1,10,300,mf_var,Plain MF RF,1
1,12,5,mf_var,Plain MF RF,1
1,13,237,mf_var,Plain MF RF,1
1,14,2,mf_var,Plain MF RF,1
1,15,1,mf_var,Plain MF RF,1
1,16,33,mf_var,Plain MF RF,1
1,17,53,mf_var,Plain MF RF,1
1,18,217,mf_var,Plain MF RF,1
1,19,2,mf_var,Plain MF RF,1
1,20,19,mf_var,Plain MF RF,1
1,21,98,mf_var,Plain MF RF,1
1,22,1,mf_var,Plain MF RF,1
1,24,4,mf_var,Plain MF RF,1
1,25,198,mf_var,Plain MF RF,1
1,26,4,mf_var,Plain MF RF,1
1,27,1,mf_var,Plain MF RF,1
1,28,34,mf_var,Plain MF RF,1
1,29,2,mf_var,Plain MF RF,1
1,30,7,mf_var,Plain MF RF,1
1,31,130,mf_var,Plain MF RF,1
1,32,9,mf_var,Plain MF RF,1
1,33,83,mf_var,Plain MF RF,1
1,34,2,mf_var,Plain MF RF,1
1,35,1,mf_var,Plain MF RF,1
1,36,2,mf_var,Plain MF RF,1
1,37,7,mf_var,Plain MF RF,1
1,38,2,mf_var,Plain MF RF,1
1,39,361,mf_var,Plain MF RF,1
1,40,35,mf_var,Plain MF RF,1
1,41,3,mf_var,Plain MF RF,1
1,42,29,mf_var,Plain MF RF,1
1,43,2,mf_var,Plain MF RF,1
1,44,16,mf_var,Plain MF RF,1
1,45,226,mf_var,Plain MF RF,1
1,46,78,mf_var,Plain MF RF,1
1,47,44,mf_var,Plain MF RF,1
1,48,6,mf_var,Plain MF RF,1
1,49,4,mf_var,Plain MF RF,1
1,50,133,mf_var,Plain MF RF,1
1,52,1,mf_var,Plain MF RF,1
1,53,2,mf_var,Plain MF RF,1
1,54,3,mf_var,Plain MF RF,1
1,55,2,mf_var,Plain MF RF,1
2,1,2234,mf_var,Plain MF RF,1
2,2,182550,mf_var,Plain MF RF,1
2,3,19951,mf_var,Plain MF RF,1
2,4,13622,mf_var,Plain MF RF,1
2,5,14196,mf_var,Plain MF RF,1
2,6,10797,mf_var,Plain MF RF,1
2,7,2926,mf_var,Plain MF RF,1
2,9,9160,mf_var,Plain MF RF,1
2,10,881,mf_var,Plain MF RF,1
2,11,4896,mf_var,Plain MF RF,1
2,12,2124,mf_var,Plain MF RF,1
2,13,4003,mf_var,Plain MF RF,1
2,14,310,mf_var,Plain MF RF,1
2,15,18,mf_var,Plain MF RF,1
2,16,4692,mf_var,Plain MF RF,1
2,17,470,mf_var,Plain MF RF,1
2,18,4987,mf_var,Plain MF RF,1
2,19,14,mf_var,Plain MF RF,1
2,20,340,mf_var,Plain MF RF,1
2,21,15,mf_var,Plain MF RF,1
2,22,200,mf_var,Plain MF RF,1
2,23,14,mf_var,Plain MF RF,1
2,24,113,mf_var,Plain MF RF,1
2,25,842,mf_var,Plain MF RF,1
2,26,32,mf_var,Plain MF RF,1
2,27,1748,mf_var,Plain MF RF,1
2,28,198,mf_var,Plain MF RF,1
2,29,8,mf_var,Plain MF RF,1
2,30,143,mf_var,Plain MF RF,1
2,31,331,mf_var,Plain MF RF,1
2,32,96,mf_var,Plain MF RF,1
2,33,102,mf_var,Plain MF RF,1
2,34,161,mf_var,Plain MF RF,1
2,35,16,mf_var,Plain MF RF,1
2,36,82,mf_var,Plain MF RF,1
2,37,53,mf_var,Plain MF RF,1
2,38,10,mf_var,Plain MF RF,1
2,39,45,mf_var,Plain MF RF,1
2,40,30,mf_var,Plain MF RF,1
2,41,182,mf_var,Plain MF RF,1
2,42,72,mf_var,Plain MF RF,1
2,43,1,mf_var,Plain MF RF,1
2,44,222,mf_var,Plain MF RF,1
2,45,45,mf_var,Plain MF RF,1
2,46,69,mf_var,Plain MF RF,1
2,47,7,mf_var,Plain MF RF,1
2,48,13,mf_var,Plain MF RF,1
2,49,10,mf_var,Plain MF RF,1
2,50,104,mf_var,Plain MF RF,1
2,52,25,mf_var,Plain MF RF,1
2,53,601,mf_var,Plain MF RF,1
2,54,10,mf_var,Plain MF RF,1
2,55,272,mf_var,Plain MF RF,1
3,1,4922,mf_var,Plain MF RF,1
3,2,20634,mf_var,Plain MF RF,1
3,3,287525,mf_var,Plain MF RF,1
3,4,5681,mf_var,Plain MF RF,1
3,5,22624,mf_var,Plain MF RF,1
3,6,18973,mf_var,Plain MF RF,1
3,7,41796,mf_var,Plain MF RF,1
3,9,28691,mf_var,Plain MF RF,1
3,10,3175,mf_var,Plain MF RF,1
3,11,7205,mf_var,Plain MF RF,1
3,12,19323,mf_var,Plain MF RF,1
3,13,3825,mf_var,Plain MF RF,1
3,14,1304,mf_var,Plain MF RF,1
3,15,2094,mf_var,Plain MF RF,1
3,16,39,mf_var,Plain MF RF,1
3,17,17,mf_var,Plain MF RF,1
3,18,1551,mf_var,Plain MF RF,1
3,19,40,mf_var,Plain MF RF,1
3,20,11,mf_var,Plain MF RF,1
3,21,299,mf_var,Plain MF RF,1
3,22,565,mf_var,Plain MF RF,1
3,23,164,mf_var,Plain MF RF,1
3,24,1537,mf_var,Plain MF RF,1
3,25,298,mf_var,Plain MF RF,1
3,26,349,mf_var,Plain MF RF,1
3,27,19993,mf_var,Plain MF RF,1
3,28,7590,mf_var,Plain MF RF,1
3,29,18,mf_var,Plain MF RF,1
3,30,577,mf_var,Plain MF RF,1
3,31,18,mf_var,Plain MF RF,1
3,32,269,mf_var,Plain MF RF,1
3,33,11661,mf_var,Plain MF RF,1
3,34,554,mf_var,Plain MF RF,1
3,35,11,mf_var,Plain MF RF,1
3,36,3982,mf_var,Plain MF RF,1
3,37,11398,mf_var,Plain MF RF,1
3,38,9,mf_var,Plain MF RF,1
3,39,1034,mf_var,Plain MF RF,1
3,40,271,mf_var,Plain MF RF,1
3,41,18403,mf_var,Plain MF RF,1
3,42,4,mf_var,Plain MF RF,1
3,43,12,mf_var,Plain MF RF,1
3,44,918,mf_var,Plain MF RF,1
3,45,88,mf_var,Plain MF RF,1
3,46,626,mf_var,Plain MF RF,1
3,47,2069,mf_var,Plain MF RF,1
3,48,11,mf_var,Plain MF RF,1
3,49,126,mf_var,Plain MF RF,1
3,50,28,mf_var,Plain MF RF,1
3,52,14,mf_var,Plain MF RF,1
3,53,9,mf_var,Plain MF RF,1
3,54,19,mf_var,Plain MF RF,1
3,55,19,mf_var,Plain MF RF,1
4,1,1127,mf_var,Plain MF RF,1
4,2,14646,mf_var,Plain MF RF,1
4,3,3667,mf_var,Plain MF RF,1
4,4,41596,mf_var,Plain MF RF,1
4,5,3185,mf_var,Plain MF RF,1
4,6,1985,mf_var,Plain MF RF,1
4,7,882,mf_var,Plain MF RF,1
4,9,268,mf_var,Plain MF RF,1
4,10,9,mf_var,Plain MF RF,1
4,11,6101,mf_var,Plain MF RF,1
4,12,3540,mf_var,Plain MF RF,1
4,13,6619,mf_var,Plain MF RF,1
4,14,1931,mf_var,Plain MF RF,1
4,15,1388,mf_var,Plain MF RF,1
4,16,701,mf_var,Plain MF RF,1
4,17,331,mf_var,Plain MF RF,1
4,18,104,mf_var,Plain MF RF,1
4,19,25,mf_var,Plain MF RF,1
4,20,221,mf_var,Plain MF RF,1
4,21,185,mf_var,Plain MF RF,1
4,22,276,mf_var,Plain MF RF,1
4,23,118,mf_var,Plain MF RF,1
4,24,7,mf_var,Plain MF RF,1
4,25,318,mf_var,Plain MF RF,1
4,26,23,mf_var,Plain MF RF,1
4,27,1519,mf_var,Plain MF RF,1
4,28,3,mf_var,Plain MF RF,1
4,29,3,mf_var,Plain MF RF,1
4,30,107,mf_var,Plain MF RF,1
4,31,14,mf_var,Plain MF RF,1
4,32,10,mf_var,Plain MF RF,1
4,33,112,mf_var,Plain MF RF,1
4,34,7,mf_var,Plain MF RF,1
4,35,14,mf_var,Plain MF RF,1
4,36,4,mf_var,Plain MF RF,1
4,37,3,mf_var,Plain MF RF,1
4,38,6,mf_var,Plain MF RF,1
4,39,59,mf_var,Plain MF RF,1
4,40,2,mf_var,Plain MF RF,1
4,41,6,mf_var,Plain MF RF,1
4,42,4,mf_var,Plain MF RF,1
4,43,5,mf_var,Plain MF RF,1
4,44,9,mf_var,Plain MF RF,1
4,45,10,mf_var,Plain MF RF,1
4,46,10,mf_var,Plain MF RF,1
4,47,4,mf_var,Plain MF RF,1
4,48,162,mf_var,Plain MF RF,1
4,49,4,mf_var,Plain MF RF,1
4,50,51,mf_var,Plain MF RF,1
4,52,6,mf_var,Plain MF RF,1
4,53,6,mf_var,Plain MF RF,1
4,54,5,mf_var,Plain MF RF,1
4,55,7,mf_var,Plain MF RF,1
5,1,2678,mf_var,Plain MF RF,1
5,2,14337,mf_var,Plain MF RF,1
5,3,16753,mf_var,Plain MF RF,1
5,4,3939,mf_var,Plain MF RF,1
5,5,73754,mf_var,Plain MF RF,1
5,6,4507,mf_var,Plain MF RF,1
5,7,4331,mf_var,Plain MF RF,1
5,9,536,mf_var,Plain MF RF,1
5,10,3770,mf_var,Plain MF RF,1
5,11,9534,mf_var,Plain MF RF,1
5,12,13293,mf_var,Plain MF RF,1
5,13,7169,mf_var,Plain MF RF,1
5,14,2436,mf_var,Plain MF RF,1
5,15,2045,mf_var,Plain MF RF,1
5,16,3060,mf_var,Plain MF RF,1
5,17,591,mf_var,Plain MF RF,1
5,18,584,mf_var,Plain MF RF,1
5,19,7,mf_var,Plain MF RF,1
5,20,758,mf_var,Plain MF RF,1
5,21,1207,mf_var,Plain MF RF,1
5,22,689,mf_var,Plain MF RF,1
5,23,112,mf_var,Plain MF RF,1
5,24,1053,mf_var,Plain MF RF,1
5,25,1153,mf_var,Plain MF RF,1
5,26,1127,mf_var,Plain MF RF,1
5,27,3017,mf_var,Plain MF RF,1
5,28,370,mf_var,Plain MF RF,1
5,29,68,mf_var,Plain MF RF,1
5,30,302,mf_var,Plain MF RF,1
5,31,76,mf_var,Plain MF RF,1
5,32,68,mf_var,Plain MF RF,1
5,33,2554,mf_var,Plain MF RF,1
5,34,380,mf_var,Plain MF RF,1
5,35,123,mf_var,Plain MF RF,1
5,36,1340,mf_var,Plain MF RF,1
5,37,375,mf_var,Plain MF RF,1
5,38,8,mf_var,Plain MF RF,1
5,39,1933,mf_var,Plain MF RF,1
5,40,948,mf_var,Plain MF RF,1
5,41,2238,mf_var,Plain MF RF,1
5,42,206,mf_var,Plain MF RF,1
5,43,5,mf_var,Plain MF RF,1
5,44,1466,mf_var,Plain MF RF,1
5,45,338,mf_var,Plain MF RF,1
5,46,2609,mf_var,Plain MF RF,1
5,47,1685,mf_var,Plain MF RF,1
5,48,10,mf_var,Plain MF RF,1
5,49,848,mf_var,Plain MF RF,1
5,50,34,mf_var,Plain MF RF,1
5,52,11,mf_var,Plain MF RF,1
5,53,11,mf_var,Plain MF RF,1
5,54,10,mf_var,Plain MF RF,1
5,55,7,mf_var,Plain MF RF,1
6,1,223,mf_var,Plain MF RF,1
6,2,11990,mf_var,Plain MF RF,1
6,3,4511,mf_var,Plain MF RF,1
6,4,2909,mf_var,Plain MF RF,1
6,5,1357,mf_var,Plain MF RF,1
6,6,50883,mf_var,Plain MF RF,1
6,7,464,mf_var,Plain MF RF,1
6,9,317,mf_var,Plain MF RF,1
6,10,112,mf_var,Plain MF RF,1
6,11,2846,mf_var,Plain MF RF,1
6,12,4893,mf_var,Plain MF RF,1
6,13,176,mf_var,Plain MF RF,1
6,14,50,mf_var,Plain MF RF,1
6,15,1310,mf_var,Plain MF RF,1
6,16,52,mf_var,Plain MF RF,1
6,17,25,mf_var,Plain MF RF,1
6,18,85,mf_var,Plain MF RF,1
6,19,26,mf_var,Plain MF RF,1
6,20,12,mf_var,Plain MF RF,1
6,21,1618,mf_var,Plain MF RF,1
6,22,99,mf_var,Plain MF RF,1
6,23,309,mf_var,Plain MF RF,1
6,24,1075,mf_var,Plain MF RF,1
6,25,718,mf_var,Plain MF RF,1
6,26,53,mf_var,Plain MF RF,1
6,27,2321,mf_var,Plain MF RF,1
6,28,37,mf_var,Plain MF RF,1
6,29,53,mf_var,Plain MF RF,1
6,30,322,mf_var,Plain MF RF,1
6,31,208,mf_var,Plain MF RF,1
6,32,10,mf_var,Plain MF RF,1
6,33,133,mf_var,Plain MF RF,1
6,34,19,mf_var,Plain MF RF,1
6,35,25,mf_var,Plain MF RF,1
6,36,33,mf_var,Plain MF RF,1
6,37,260,mf_var,Plain MF RF,1
6,38,17,mf_var,Plain MF RF,1
6,39,12,mf_var,Plain MF RF,1
6,40,11,mf_var,Plain MF RF,1
6,41,18,mf_var,Plain MF RF,1
6,42,98,mf_var,Plain MF RF,1
6,43,65,mf_var,Plain MF RF,1
6,44,16,mf_var,Plain MF RF,1
6,45,29,mf_var,Plain MF RF,1
6,46,13,mf_var,Plain MF RF,1
6,47,239,mf_var,Plain MF RF,1
6,48,14,mf_var,Plain MF RF,1
6,49,159,mf_var,Plain MF RF,1
6,50,16,mf_var,Plain MF RF,1
6,52,14,mf_var,Plain MF RF,1
6,53,7,mf_var,Plain MF RF,1
6,54,14,mf_var,Plain MF RF,1
6,55,18,mf_var,Plain MF RF,1
7,1,983,mf_var,Plain MF RF,1
7,2,3344,mf_var,Plain MF RF,1
7,3,21701,mf_var,Plain MF RF,1
7,4,2081,mf_var,Plain MF RF,1
7,5,2452,mf_var,Plain MF RF,1
7,6,1332,mf_var,Plain MF RF,1
7,7,91866,mf_var,Plain MF RF,1
7,9,2667,mf_var,Plain MF RF,1
7,10,964,mf_var,Plain MF RF,1
7,11,4272,mf_var,Plain MF RF,1
7,12,6495,mf_var,Plain MF RF,1
7,13,8120,mf_var,Plain MF RF,1
7,14,4540,mf_var,Plain MF RF,1
7,15,3524,mf_var,Plain MF RF,1
7,16,238,mf_var,Plain MF RF,1
7,17,3,mf_var,Plain MF RF,1
7,18,1054,mf_var,Plain MF RF,1
7,19,424,mf_var,Plain MF RF,1
7,20,208,mf_var,Plain MF RF,1
7,21,768,mf_var,Plain MF RF,1
7,22,21,mf_var,Plain MF RF,1
7,23,1955,mf_var,Plain MF RF,1
7,24,2734,mf_var,Plain MF RF,1
7,25,3574,mf_var,Plain MF RF,1
7,26,687,mf_var,Plain MF RF,1
7,27,5477,mf_var,Plain MF RF,1
7,28,2199,mf_var,Plain MF RF,1
7,29,146,mf_var,Plain MF RF,1
7,30,149,mf_var,Plain MF RF,1
7,31,545,mf_var,Plain MF RF,1
7,32,1032,mf_var,Plain MF RF,1
7,33,15079,mf_var,Plain MF RF,1
7,34,548,mf_var,Plain MF RF,1
7,35,360,mf_var,Plain MF RF,1
7,36,2876,mf_var,Plain MF RF,1
7,37,2280,mf_var,Plain MF RF,1
7,38,6,mf_var,Plain MF RF,1
7,39,1114,mf_var,Plain MF RF,1
7,40,993,mf_var,Plain MF RF,1
7,41,18338,mf_var,Plain MF RF,1
7,42,228,mf_var,Plain MF RF,1
7,43,4,mf_var,Plain MF RF,1
7,44,1016,mf_var,Plain MF RF,1
7,45,120,mf_var,Plain MF RF,1
7,46,388,mf_var,Plain MF RF,1
7,47,624,mf_var,Plain MF RF,1
7,48,1,mf_var,Plain MF RF,1
7,49,1322,mf_var,Plain MF RF,1
7,50,94,mf_var,Plain MF RF,1
7,52,5,mf_var,Plain MF RF,1
7,53,1,mf_var,Plain MF RF,1
7,54,5,mf_var,Plain MF RF,1
7,55,9,mf_var,Plain MF RF,1
9,2,588,mf_var,Plain MF RF,1
9,3,3793,mf_var,Plain MF RF,1
9,4,24,mf_var,Plain MF RF,1
9,5,29,mf_var,Plain MF RF,1
9,6,10,mf_var,Plain MF RF,1
9,7,172,mf_var,Plain MF RF,1
9,9,25239,mf_var,Plain MF RF,1
9,10,7,mf_var,Plain MF RF,1
9,11,211,mf_var,Plain MF RF,1
9,12,256,mf_var,Plain MF RF,1
9,13,42,mf_var,Plain MF RF,1
9,14,45,mf_var,Plain MF RF,1
9,15,3,mf_var,Plain MF RF,1
9,16,3,mf_var,Plain MF RF,1
9,17,1,mf_var,Plain MF RF,1
9,18,5,mf_var,Plain MF RF,1
9,20,2,mf_var,Plain MF RF,1
9,21,1,mf_var,Plain MF RF,1
9,22,1,mf_var,Plain MF RF,1
9,24,1,mf_var,Plain MF RF,1
9,25,4,mf_var,Plain MF RF,1
9,26,2,mf_var,Plain MF RF,1
9,27,26,mf_var,Plain MF RF,1
9,28,1,mf_var,Plain MF RF,1
9,29,1,mf_var,Plain MF RF,1
9,30,1,mf_var,Plain MF RF,1
9,31,1,mf_var,Plain MF RF,1
9,34,3,mf_var,Plain MF RF,1
9,35,2,mf_var,Plain MF RF,1
9,36,4,mf_var,Plain MF RF,1
9,37,2,mf_var,Plain MF RF,1
9,38,1,mf_var,Plain MF RF,1
9,42,2,mf_var,Plain MF RF,1
9,45,1,mf_var,Plain MF RF,1
9,46,1,mf_var,Plain MF RF,1
9,48,4,mf_var,Plain MF RF,1
9,49,2,mf_var,Plain MF RF,1
9,52,2,mf_var,Plain MF RF,1
9,54,4,mf_var,Plain MF RF,1
9,55,3,mf_var,Plain MF RF,1
10,1,1547,mf_var,Plain MF RF,1
10,2,12,mf_var,Plain MF RF,1
10,3,744,mf_var,Plain MF RF,1
10,4,9,mf_var,Plain MF RF,1
10,5,424,mf_var,Plain MF RF,1
10,6,8,mf_var,Plain MF RF,1
10,7,116,mf_var,Plain MF RF,1
10,9,233,mf_var,Plain MF RF,1
10,10,76925,mf_var,Plain MF RF,1
10,11,19,mf_var,Plain MF RF,1
10,12,32,mf_var,Plain MF RF,1
10,13,80,mf_var,Plain MF RF,1
10,14,19,mf_var,Plain MF RF,1
10,15,29,mf_var,Plain MF RF,1
10,16,2376,mf_var,Plain MF RF,1
10,17,10,mf_var,Plain MF RF,1
10,18,6027,mf_var,Plain MF RF,1
10,19,12,mf_var,Plain MF RF,1
10,20,1787,mf_var,Plain MF RF,1
10,21,33,mf_var,Plain MF RF,1
10,22,18,mf_var,Plain MF RF,1
10,23,20,mf_var,Plain MF RF,1
10,24,13,mf_var,Plain MF RF,1
10,25,2,mf_var,Plain MF RF,1
10,26,189,mf_var,Plain MF RF,1
10,27,15,mf_var,Plain MF RF,1
10,28,852,mf_var,Plain MF RF,1
10,29,15,mf_var,Plain MF RF,1
10,30,621,mf_var,Plain MF RF,1
10,31,39,mf_var,Plain MF RF,1
10,32,7,mf_var,Plain MF RF,1
10,33,183,mf_var,Plain MF RF,1
10,34,4667,mf_var,Plain MF RF,1
10,35,10,mf_var,Plain MF RF,1
10,36,1696,mf_var,Plain MF RF,1
10,37,27,mf_var,Plain MF RF,1
10,38,15,mf_var,Plain MF RF,1
10,39,12714,mf_var,Plain MF RF,1
10,40,764,mf_var,Plain MF RF,1
10,41,14,mf_var,Plain MF RF,1
10,42,15,mf_var,Plain MF RF,1
10,43,215,mf_var,Plain MF RF,1
10,44,198,mf_var,Plain MF RF,1
10,45,774,mf_var,Plain MF RF,1
10,46,25322,mf_var,Plain MF RF,1
10,47,721,mf_var,Plain MF RF,1
10,48,15,mf_var,Plain MF RF,1
10,49,6325,mf_var,Plain MF RF,1
10,50,278,mf_var,Plain MF RF,1
10,52,22,mf_var,Plain MF RF,1
10,53,26,mf_var,Plain MF RF,1
10,54,15,mf_var,Plain MF RF,1
10,55,15,mf_var,Plain MF RF,1
11,1,9,mf_var,Plain MF RF,1
11,2,1594,mf_var,Plain MF RF,1
11,3,1809,mf_var,Plain MF RF,1
11,4,5071,mf_var,Plain MF RF,1
11,5,7383,mf_var,Plain MF RF,1
11,6,2587,mf_var,Plain MF RF,1
11,7,4464,mf_var,Plain MF RF,1
11,9,22,mf_var,Plain MF RF,1
11,10,13,mf_var,Plain MF RF,1
11,11,89229,mf_var,Plain MF RF,1
11,12,6169,mf_var,Plain MF RF,1
11,13,12423,mf_var,Plain MF RF,1
11,14,3330,mf_var,Plain MF RF,1
11,15,1355,mf_var,Plain MF RF,1
11,16,569,mf_var,Plain MF RF,1
11,17,24,mf_var,Plain MF RF,1
11,18,148,mf_var,Plain MF RF,1
11,19,5,mf_var,Plain MF RF,1
11,20,345,mf_var,Plain MF RF,1
11,21,2,mf_var,Plain MF RF,1
11,22,93,mf_var,Plain MF RF,1
11,23,24,mf_var,Plain MF RF,1
11,24,409,mf_var,Plain MF RF,1
11,25,1549,mf_var,Plain MF RF,1
11,26,19,mf_var,Plain MF RF,1
11,27,4625,mf_var,Plain MF RF,1
11,28,17,mf_var,Plain MF RF,1
11,29,6,mf_var,Plain MF RF,1
11,30,6,mf_var,Plain MF RF,1
11,31,126,mf_var,Plain MF RF,1
11,32,27,mf_var,Plain MF RF,1
11,33,2718,mf_var,Plain MF RF,1
11,34,32,mf_var,Plain MF RF,1
11,35,2,mf_var,Plain MF RF,1
11,36,5,mf_var,Plain MF RF,1
11,37,48,mf_var,Plain MF RF,1
11,38,8,mf_var,Plain MF RF,1
11,39,2,mf_var,Plain MF RF,1
11,40,4,mf_var,Plain MF RF,1
11,41,564,mf_var,Plain MF RF,1
11,42,23,mf_var,Plain MF RF,1
11,43,5,mf_var,Plain MF RF,1
11,44,1,mf_var,Plain MF RF,1
11,45,24,mf_var,Plain MF RF,1
11,46,123,mf_var,Plain MF RF,1
11,47,7,mf_var,Plain MF RF,1
11,48,5,mf_var,Plain MF RF,1
11,49,2,mf_var,Plain MF RF,1
11,50,5,mf_var,Plain MF RF,1
11,52,8,mf_var,Plain MF RF,1
11,53,6,mf_var,Plain MF RF,1
11,54,8,mf_var,Plain MF RF,1
11,55,5,mf_var,Plain MF RF,1
12,1,403,mf_var,Plain MF RF,1
12,2,1684,mf_var,Plain MF RF,1
12,3,22619,mf_var,Plain MF RF,1
12,4,7620,mf_var,Plain MF RF,1
12,5,9417,mf_var,Plain MF RF,1
12,6,7823,mf_var,Plain MF RF,1
12,7,12080,mf_var,Plain MF RF,1
12,9,5736,mf_var,Plain MF RF,1
12,10,15,mf_var,Plain MF RF,1
12,11,10933,mf_var,Plain MF RF,1
12,12,234228,mf_var,Plain MF RF,1
12,13,20953,mf_var,Plain MF RF,1
12,14,6263,mf_var,Plain MF RF,1
12,15,7332,mf_var,Plain MF RF,1
12,16,14,mf_var,Plain MF RF,1
12,17,6,mf_var,Plain MF RF,1
12,18,12,mf_var,Plain MF RF,1
12,19,141,mf_var,Plain MF RF,1
12,20,6,mf_var,Plain MF RF,1
12,21,7,mf_var,Plain MF RF,1
12,22,1314,mf_var,Plain MF RF,1
12,23,812,mf_var,Plain MF RF,1
12,24,3169,mf_var,Plain MF RF,1
12,25,2604,mf_var,Plain MF RF,1
12,26,299,mf_var,Plain MF RF,1
12,27,10789,mf_var,Plain MF RF,1
12,28,14,mf_var,Plain MF RF,1
12,29,84,mf_var,Plain MF RF,1
12,30,4,mf_var,Plain MF RF,1
12,31,2,mf_var,Plain MF RF,1
12,32,33,mf_var,Plain MF RF,1
12,33,4985,mf_var,Plain MF RF,1
12,34,28,mf_var,Plain MF RF,1
12,35,4,mf_var,Plain MF RF,1
12,36,7,mf_var,Plain MF RF,1
12,37,40,mf_var,Plain MF RF,1
12,38,9,mf_var,Plain MF RF,1
12,39,10,mf_var,Plain MF RF,1
12,40,6,mf_var,Plain MF RF,1
12,41,2537,mf_var,Plain MF RF,1
12,42,7,mf_var,Plain MF RF,1
12,43,9,mf_var,Plain MF RF,1
12,44,12,mf_var,Plain MF RF,1
12,45,44,mf_var,Plain MF RF,1
12,46,32,mf_var,Plain MF RF,1
12,47,3,mf_var,Plain MF RF,1
12,48,12,mf_var,Plain MF RF,1
12,49,12,mf_var,Plain MF RF,1
12,50,8,mf_var,Plain MF RF,1
12,52,7,mf_var,Plain MF RF,1
12,53,3,mf_var,Plain MF RF,1
12,54,11,mf_var,Plain MF RF,1
12,55,11,mf_var,Plain MF RF,1
13,1,2664,mf_var,Plain MF RF,1
13,2,1936,mf_var,Plain MF RF,1
13,3,1900,mf_var,Plain MF RF,1
13,4,11042,mf_var,Plain MF RF,1
13,5,9265,mf_var,Plain MF RF,1
13,6,727,mf_var,Plain MF RF,1
13,7,12713,mf_var,Plain MF RF,1
13,9,68,mf_var,Plain MF RF,1
13,10,30,mf_var,Plain MF RF,1
13,11,26522,mf_var,Plain MF RF,1
13,12,32397,mf_var,Plain MF RF,1
13,13,379204,mf_var,Plain MF RF,1
13,14,16637,mf_var,Plain MF RF,1
13,15,16815,mf_var,Plain MF RF,1
13,16,7501,mf_var,Plain MF RF,1
13,17,51,mf_var,Plain MF RF,1
13,18,6443,mf_var,Plain MF RF,1
13,19,262,mf_var,Plain MF RF,1
13,20,1998,mf_var,Plain MF RF,1
13,21,7,mf_var,Plain MF RF,1
13,22,2054,mf_var,Plain MF RF,1
13,23,171,mf_var,Plain MF RF,1
13,24,8416,mf_var,Plain MF RF,1
13,25,34640,mf_var,Plain MF RF,1
13,26,7,mf_var,Plain MF RF,1
13,27,2431,mf_var,Plain MF RF,1
13,28,100,mf_var,Plain MF RF,1
13,29,101,mf_var,Plain MF RF,1
13,30,48,mf_var,Plain MF RF,1
13,31,3866,mf_var,Plain MF RF,1
13,32,4359,mf_var,Plain MF RF,1
13,33,30990,mf_var,Plain MF RF,1
13,34,13,mf_var,Plain MF RF,1
13,35,1213,mf_var,Plain MF RF,1
13,36,6,mf_var,Plain MF RF,1
13,37,217,mf_var,Plain MF RF,1
13,38,7,mf_var,Plain MF RF,1
13,39,11,mf_var,Plain MF RF,1
13,40,17,mf_var,Plain MF RF,1
13,41,1132,mf_var,Plain MF RF,1
13,42,829,mf_var,Plain MF RF,1
13,43,13,mf_var,Plain MF RF,1
13,44,8,mf_var,Plain MF RF,1
13,45,13,mf_var,Plain MF RF,1
13,46,36,mf_var,Plain MF RF,1
13,47,15,mf_var,Plain MF RF,1
13,48,5,mf_var,Plain MF RF,1
13,49,17,mf_var,Plain MF RF,1
13,50,11,mf_var,Plain MF RF,1
13,52,15,mf_var,Plain MF RF,1
13,53,6,mf_var,Plain MF RF,1
13,54,9,mf_var,Plain MF RF,1
13,55,13,mf_var,Plain MF RF,1
14,2,38,mf_var,Plain MF RF,1
14,3,39,mf_var,Plain MF RF,1
14,4,331,mf_var,Plain MF RF,1
14,5,133,mf_var,Plain MF RF,1
14,7,439,mf_var,Plain MF RF,1
14,11,755,mf_var,Plain MF RF,1
14,12,437,mf_var,Plain MF RF,1
14,13,824,mf_var,Plain MF RF,1
14,14,26292,mf_var,Plain MF RF,1
14,15,611,mf_var,Plain MF RF,1
14,19,488,mf_var,Plain MF RF,1
14,23,869,mf_var,Plain MF RF,1
14,24,481,mf_var,Plain MF RF,1
14,25,26,mf_var,Plain MF RF,1
14,27,705,mf_var,Plain MF RF,1
14,29,4,mf_var,Plain MF RF,1
14,32,8,mf_var,Plain MF RF,1
14,33,182,mf_var,Plain MF RF,1
14,37,3,mf_var,Plain MF RF,1
15,1,77,mf_var,Plain MF RF,1
15,2,114,mf_var,Plain MF RF,1
15,3,539,mf_var,Plain MF RF,1
15,4,2453,mf_var,Plain MF RF,1
15,5,1734,mf_var,Plain MF RF,1
15,6,1864,mf_var,Plain MF RF,1
15,7,1170,mf_var,Plain MF RF,1
15,9,183,mf_var,Plain MF RF,1
15,10,136,mf_var,Plain MF RF,1
15,11,5220,mf_var,Plain MF RF,1
15,12,6894,mf_var,Plain MF RF,1
15,13,17174,mf_var,Plain MF RF,1
15,14,6793,mf_var,Plain MF RF,1
15,15,133460,mf_var,Plain MF RF,1
15,16,157,mf_var,Plain MF RF,1
15,17,86,mf_var,Plain MF RF,1
15,18,120,mf_var,Plain MF RF,1
15,19,6911,mf_var,Plain MF RF,1
15,20,172,mf_var,Plain MF RF,1
15,21,86,mf_var,Plain MF RF,1
15,22,88,mf_var,Plain MF RF,1
15,23,13042,mf_var,Plain MF RF,1
15,24,5514,mf_var,Plain MF RF,1
15,25,4714,mf_var,Plain MF RF,1
15,26,82,mf_var,Plain MF RF,1
15,27,10715,mf_var,Plain MF RF,1
15,28,123,mf_var,Plain MF RF,1
15,29,3210,mf_var,Plain MF RF,1
15,30,120,mf_var,Plain MF RF,1
15,31,252,mf_var,Plain MF RF,1
15,32,4350,mf_var,Plain MF RF,1
15,33,3960,mf_var,Plain MF RF,1
15,34,107,mf_var,Plain MF RF,1
15,35,289,mf_var,Plain MF RF,1
15,36,90,mf_var,Plain MF RF,1
15,37,247,mf_var,Plain MF RF,1
15,38,1345,mf_var,Plain MF RF,1
15,39,73,mf_var,Plain MF RF,1
15,40,76,mf_var,Plain MF RF,1
15,41,128,mf_var,Plain MF RF,1
15,42,512,mf_var,Plain MF RF,1
15,43,171,mf_var,Plain MF RF,1
15,44,108,mf_var,Plain MF RF,1
15,45,87,mf_var,Plain MF RF,1
15,46,128,mf_var,Plain MF RF,1
15,47,94,mf_var,Plain MF RF,1
15,48,76,mf_var,Plain MF RF,1
15,49,107,mf_var,Plain MF RF,1
15,50,78,mf_var,Plain MF RF,1
15,52,109,mf_var,Plain MF RF,1
15,53,79,mf_var,Plain MF RF,1
15,54,80,mf_var,Plain MF RF,1
15,55,94,mf_var,Plain MF RF,1
16,1,3737,mf_var,Plain MF RF,1
16,2,2595,mf_var,Plain MF RF,1
16,3,71,mf_var,Plain MF RF,1
16,4,1412,mf_var,Plain MF RF,1
16,5,5381,mf_var,Plain MF RF,1
16,6,152,mf_var,Plain MF RF,1
16,7,339,mf_var,Plain MF RF,1
16,9,9,mf_var,Plain MF RF,1
16,10,12100,mf_var,Plain MF RF,1
16,11,127,mf_var,Plain MF RF,1
16,12,10,mf_var,Plain MF RF,1
16,13,4947,mf_var,Plain MF RF,1
16,14,10,mf_var,Plain MF RF,1
16,15,549,mf_var,Plain MF RF,1
16,16,541483,mf_var,Plain MF RF,1
16,17,5462,mf_var,Plain MF RF,1
16,18,67345,mf_var,Plain MF RF,1
16,19,410,mf_var,Plain MF RF,1
16,20,79585,mf_var,Plain MF RF,1
16,21,9,mf_var,Plain MF RF,1
16,22,23611,mf_var,Plain MF RF,1
16,23,201,mf_var,Plain MF RF,1
16,24,440,mf_var,Plain MF RF,1
16,25,2859,mf_var,Plain MF RF,1
16,26,42,mf_var,Plain MF RF,1
16,27,7,mf_var,Plain MF RF,1
16,28,461,mf_var,Plain MF RF,1
16,29,50,mf_var,Plain MF RF,1
16,30,52,mf_var,Plain MF RF,1
16,31,63094,mf_var,Plain MF RF,1
16,32,530,mf_var,Plain MF RF,1
16,33,329,mf_var,Plain MF RF,1
16,34,489,mf_var,Plain MF RF,1
16,35,18,mf_var,Plain MF RF,1
16,36,397,mf_var,Plain MF RF,1
16,37,2,mf_var,Plain MF RF,1
16,38,8,mf_var,Plain MF RF,1
16,39,2897,mf_var,Plain MF RF,1
16,40,63,mf_var,Plain MF RF,1
16,41,6,mf_var,Plain MF RF,1
16,42,7387,mf_var,Plain MF RF,1
16,43,13454,mf_var,Plain MF RF,1
16,44,61,mf_var,Plain MF RF,1
16,45,23548,mf_var,Plain MF RF,1
16,46,44926,mf_var,Plain MF RF,1
16,47,45,mf_var,Plain MF RF,1
16,48,47,mf_var,Plain MF RF,1
16,49,249,mf_var,Plain MF RF,1
16,50,151,mf_var,Plain MF RF,1
16,52,2,mf_var,Plain MF RF,1
16,53,9,mf_var,Plain MF RF,1
16,54,6,mf_var,Plain MF RF,1
16,55,4,mf_var,Plain MF RF,1
17,2,53,mf_var,Plain MF RF,1
17,3,1,mf_var,Plain MF RF,1
17,4,8,mf_var,Plain MF RF,1
17,5,13,mf_var,Plain MF RF,1
17,7,2,mf_var,Plain MF RF,1
17,9,3,mf_var,Plain MF RF,1
17,11,1,mf_var,Plain MF RF,1
17,12,1,mf_var,Plain MF RF,1
17,14,3,mf_var,Plain MF RF,1
17,15,1,mf_var,Plain MF RF,1
17,16,3,mf_var,Plain MF RF,1
17,17,1509,mf_var,Plain MF RF,1
17,19,1,mf_var,Plain MF RF,1
17,20,1,mf_var,Plain MF RF,1
17,21,1,mf_var,Plain MF RF,1
17,22,2,mf_var,Plain MF RF,1
17,23,3,mf_var,Plain MF RF,1
17,24,1,mf_var,Plain MF RF,1
17,25,2,mf_var,Plain MF RF,1
17,26,1,mf_var,Plain MF RF,1
17,27,2,mf_var,Plain MF RF,1
17,29,2,mf_var,Plain MF RF,1
17,30,2,mf_var,Plain MF RF,1
17,32,1,mf_var,Plain MF RF,1
17,34,1,mf_var,Plain MF RF,1
17,35,3,mf_var,Plain MF RF,1
17,36,1,mf_var,Plain MF RF,1
17,37,3,mf_var,Plain MF RF,1
17,38,3,mf_var,Plain MF RF,1
17,39,1,mf_var,Plain MF RF,1
17,40,1,mf_var,Plain MF RF,1
17,41,3,mf_var,Plain MF RF,1
17,42,2,mf_var,Plain MF RF,1
17,44,1,mf_var,Plain MF RF,1
17,45,1,mf_var,Plain MF RF,1
17,48,2,mf_var,Plain MF RF,1
17,52,1,mf_var,Plain MF RF,1
17,54,1,mf_var,Plain MF RF,1
18,1,2010,mf_var,Plain MF RF,1
18,2,728,mf_var,Plain MF RF,1
18,3,113,mf_var,Plain MF RF,1
18,4,153,mf_var,Plain MF RF,1
18,5,1063,mf_var,Plain MF RF,1
18,7,212,mf_var,Plain MF RF,1
18,10,6612,mf_var,Plain MF RF,1
18,11,194,mf_var,Plain MF RF,1
18,13,2863,mf_var,Plain MF RF,1
18,16,23022,mf_var,Plain MF RF,1
18,17,117,mf_var,Plain MF RF,1
18,18,47690,mf_var,Plain MF RF,1
18,19,2,mf_var,Plain MF RF,1
18,20,1362,mf_var,Plain MF RF,1
18,21,4,mf_var,Plain MF RF,1
18,22,604,mf_var,Plain MF RF,1
18,23,12,mf_var,Plain MF RF,1
18,24,233,mf_var,Plain MF RF,1
18,25,1416,mf_var,Plain MF RF,1
18,26,36,mf_var,Plain MF RF,1
18,28,474,mf_var,Plain MF RF,1
18,30,16,mf_var,Plain MF RF,1
18,31,3004,mf_var,Plain MF RF,1
18,32,36,mf_var,Plain MF RF,1
18,33,234,mf_var,Plain MF RF,1
18,34,505,mf_var,Plain MF RF,1
18,36,524,mf_var,Plain MF RF,1
18,37,10,mf_var,Plain MF RF,1
18,39,5074,mf_var,Plain MF RF,1
18,41,5,mf_var,Plain MF RF,1
18,42,1297,mf_var,Plain MF RF,1
18,43,699,mf_var,Plain MF RF,1
18,44,260,mf_var,Plain MF RF,1
18,45,2230,mf_var,Plain MF RF,1
18,46,9866,mf_var,Plain MF RF,1
18,47,9,mf_var,Plain MF RF,1
18,49,61,mf_var,Plain MF RF,1
18,50,214,mf_var,Plain MF RF,1
19,1,75,mf_var,Plain MF RF,1
19,2,21,mf_var,Plain MF RF,1
19,3,35,mf_var,Plain MF RF,1
19,4,46,mf_var,Plain MF RF,1
19,5,34,mf_var,Plain MF RF,1
19,6,67,mf_var,Plain MF RF,1
19,7,202,mf_var,Plain MF RF,1
19,9,20,mf_var,Plain MF RF,1
19,10,418,mf_var,Plain MF RF,1
19,11,27,mf_var,Plain MF RF,1
19,12,74,mf_var,Plain MF RF,1
19,13,301,mf_var,Plain MF RF,1
19,14,4122,mf_var,Plain MF RF,1
19,15,18216,mf_var,Plain MF RF,1
19,16,3800,mf_var,Plain MF RF,1
19,17,26,mf_var,Plain MF RF,1
19,18,430,mf_var,Plain MF RF,1
19,19,532555,mf_var,Plain MF RF,1
19,20,38742,mf_var,Plain MF RF,1
19,21,23,mf_var,Plain MF RF,1
19,22,3955,mf_var,Plain MF RF,1
19,23,35029,mf_var,Plain MF RF,1
19,24,19276,mf_var,Plain MF RF,1
19,25,875,mf_var,Plain MF RF,1
19,26,23,mf_var,Plain MF RF,1
19,27,804,mf_var,Plain MF RF,1
19,28,128,mf_var,Plain MF RF,1
19,29,3354,mf_var,Plain MF RF,1
19,30,10,mf_var,Plain MF RF,1
19,31,6941,mf_var,Plain MF RF,1
19,32,2723,mf_var,Plain MF RF,1
19,33,148,mf_var,Plain MF RF,1
19,34,18,mf_var,Plain MF RF,1
19,35,92,mf_var,Plain MF RF,1
19,36,25,mf_var,Plain MF RF,1
19,37,46,mf_var,Plain MF RF,1
19,38,13165,mf_var,Plain MF RF,1
19,39,19,mf_var,Plain MF RF,1
19,40,18,mf_var,Plain MF RF,1
19,41,26,mf_var,Plain MF RF,1
19,42,3024,mf_var,Plain MF RF,1
19,43,512,mf_var,Plain MF RF,1
19,44,19,mf_var,Plain MF RF,1
19,45,1101,mf_var,Plain MF RF,1
19,46,620,mf_var,Plain MF RF,1
19,47,10,mf_var,Plain MF RF,1
19,48,19,mf_var,Plain MF RF,1
19,49,11,mf_var,Plain MF RF,1
19,50,33,mf_var,Plain MF RF,1
19,52,13,mf_var,Plain MF RF,1
19,53,32,mf_var,Plain MF RF,1
19,54,21,mf_var,Plain MF RF,1
19,55,32,mf_var,Plain MF RF,1
20,1,276,mf_var,Plain MF RF,1
20,2,94,mf_var,Plain MF RF,1
20,3,35,mf_var,Plain MF RF,1
20,4,66,mf_var,Plain MF RF,1
20,5,222,mf_var,Plain MF RF,1
20,6,29,mf_var,Plain MF RF,1
20,7,42,mf_var,Plain MF RF,1
20,9,31,mf_var,Plain MF RF,1
20,10,2576,mf_var,Plain MF RF,1
20,11,32,mf_var,Plain MF RF,1
20,12,33,mf_var,Plain MF RF,1
20,13,510,mf_var,Plain MF RF,1
20,14,37,mf_var,Plain MF RF,1
20,15,52,mf_var,Plain MF RF,1
20,16,50524,mf_var,Plain MF RF,1
20,17,1149,mf_var,Plain MF RF,1
20,18,2418,mf_var,Plain MF RF,1
20,19,446,mf_var,Plain MF RF,1
20,20,225290,mf_var,Plain MF RF,1
20,21,38,mf_var,Plain MF RF,1
20,22,11466,mf_var,Plain MF RF,1
20,23,27,mf_var,Plain MF RF,1
20,24,623,mf_var,Plain MF RF,1
20,25,1141,mf_var,Plain MF RF,1
20,26,27,mf_var,Plain MF RF,1
20,27,30,mf_var,Plain MF RF,1
20,28,196,mf_var,Plain MF RF,1
20,29,32,mf_var,Plain MF RF,1
20,30,13,mf_var,Plain MF RF,1
20,31,30310,mf_var,Plain MF RF,1
20,32,50,mf_var,Plain MF RF,1
20,33,74,mf_var,Plain MF RF,1
20,34,160,mf_var,Plain MF RF,1
20,35,39,mf_var,Plain MF RF,1
20,36,25,mf_var,Plain MF RF,1
20,37,29,mf_var,Plain MF RF,1
20,38,42,mf_var,Plain MF RF,1
20,39,214,mf_var,Plain MF RF,1
20,40,35,mf_var,Plain MF RF,1
20,41,24,mf_var,Plain MF RF,1
20,42,35566,mf_var,Plain MF RF,1
20,43,207,mf_var,Plain MF RF,1
20,44,19,mf_var,Plain MF RF,1
20,45,5859,mf_var,Plain MF RF,1
20,46,9507,mf_var,Plain MF RF,1
20,47,27,mf_var,Plain MF RF,1
20,48,108,mf_var,Plain MF RF,1
20,49,17,mf_var,Plain MF RF,1
20,50,67,mf_var,Plain MF RF,1
20,52,25,mf_var,Plain MF RF,1
20,53,32,mf_var,Plain MF RF,1
20,54,39,mf_var,Plain MF RF,1
20,55,35,mf_var,Plain MF RF,1
21,1,185,mf_var,Plain MF RF,1
21,2,69,mf_var,Plain MF RF,1
21,3,311,mf_var,Plain MF RF,1
21,4,144,mf_var,Plain MF RF,1
21,5,685,mf_var,Plain MF RF,1
21,6,40,mf_var,Plain MF RF,1
21,7,282,mf_var,Plain MF RF,1
21,9,134,mf_var,Plain MF RF,1
21,10,180,mf_var,Plain MF RF,1
21,11,26,mf_var,Plain MF RF,1
21,12,28,mf_var,Plain MF RF,1
21,13,18,mf_var,Plain MF RF,1
21,14,34,mf_var,Plain MF RF,1
21,15,17,mf_var,Plain MF RF,1
21,16,22,mf_var,Plain MF RF,1
21,17,26,mf_var,Plain MF RF,1
21,18,24,mf_var,Plain MF RF,1
21,19,30,mf_var,Plain MF RF,1
21,20,23,mf_var,Plain MF RF,1
21,21,381774,mf_var,Plain MF RF,1
21,22,24,mf_var,Plain MF RF,1
21,23,22,mf_var,Plain MF RF,1
21,24,24,mf_var,Plain MF RF,1
21,25,30,mf_var,Plain MF RF,1
21,26,12649,mf_var,Plain MF RF,1
21,27,20,mf_var,Plain MF RF,1
21,28,2623,mf_var,Plain MF RF,1
21,29,27,mf_var,Plain MF RF,1
21,30,62055,mf_var,Plain MF RF,1
21,31,23,mf_var,Plain MF RF,1
21,32,18,mf_var,Plain MF RF,1
21,33,27,mf_var,Plain MF RF,1
21,34,621,mf_var,Plain MF RF,1
21,35,31,mf_var,Plain MF RF,1
21,36,13107,mf_var,Plain MF RF,1
21,37,509,mf_var,Plain MF RF,1
21,38,28,mf_var,Plain MF RF,1
21,39,473,mf_var,Plain MF RF,1
21,40,41380,mf_var,Plain MF RF,1
21,41,424,mf_var,Plain MF RF,1
21,42,27,mf_var,Plain MF RF,1
21,43,25,mf_var,Plain MF RF,1
21,44,33164,mf_var,Plain MF RF,1
21,45,50,mf_var,Plain MF RF,1
21,46,96,mf_var,Plain MF RF,1
21,47,10180,mf_var,Plain MF RF,1
21,48,6327,mf_var,Plain MF RF,1
21,49,14044,mf_var,Plain MF RF,1
21,50,1182,mf_var,Plain MF RF,1
21,52,2125,mf_var,Plain MF RF,1
21,53,11794,mf_var,Plain MF RF,1
21,54,600,mf_var,Plain MF RF,1
21,55,1429,mf_var,Plain MF RF,1
22,1,2,mf_var,Plain MF RF,1
22,2,27,mf_var,Plain MF RF,1
22,3,378,mf_var,Plain MF RF,1
22,4,23,mf_var,Plain MF RF,1
22,5,557,mf_var,Plain MF RF,1
22,6,10,mf_var,Plain MF RF,1
22,7,2,mf_var,Plain MF RF,1
22,11,1,mf_var,Plain MF RF,1
22,12,484,mf_var,Plain MF RF,1
22,13,269,mf_var,Plain MF RF,1
22,16,3253,mf_var,Plain MF RF,1
22,17,47,mf_var,Plain MF RF,1
22,18,98,mf_var,Plain MF RF,1
22,19,297,mf_var,Plain MF RF,1
22,20,1702,mf_var,Plain MF RF,1
22,21,1,mf_var,Plain MF RF,1
22,22,30660,mf_var,Plain MF RF,1
22,23,36,mf_var,Plain MF RF,1
22,24,192,mf_var,Plain MF RF,1
22,25,260,mf_var,Plain MF RF,1
22,26,1,mf_var,Plain MF RF,1
22,27,243,mf_var,Plain MF RF,1
22,31,1674,mf_var,Plain MF RF,1
22,32,44,mf_var,Plain MF RF,1
22,34,2,mf_var,Plain MF RF,1
22,35,1,mf_var,Plain MF RF,1
22,36,1,mf_var,Plain MF RF,1
22,37,1,mf_var,Plain MF RF,1
22,38,2,mf_var,Plain MF RF,1
22,39,1,mf_var,Plain MF RF,1
22,40,1,mf_var,Plain MF RF,1
22,42,1643,mf_var,Plain MF RF,1
22,43,8,mf_var,Plain MF RF,1
22,44,4,mf_var,Plain MF RF,1
22,45,28,mf_var,Plain MF RF,1
22,46,1,mf_var,Plain MF RF,1
22,48,1,mf_var,Plain MF RF,1
22,49,2,mf_var,Plain MF RF,1
22,50,2,mf_var,Plain MF RF,1
22,53,1,mf_var,Plain MF RF,1
22,55,20,mf_var,Plain MF RF,1
23,2,10,mf_var,Plain MF RF,1
23,4,116,mf_var,Plain MF RF,1
23,5,5,mf_var,Plain MF RF,1
23,6,59,mf_var,Plain MF RF,1
23,7,788,mf_var,Plain MF RF,1
23,9,3,mf_var,Plain MF RF,1
23,10,3,mf_var,Plain MF RF,1
23,12,84,mf_var,Plain MF RF,1
23,13,1236,mf_var,Plain MF RF,1
23,14,6700,mf_var,Plain MF RF,1
23,15,17421,mf_var,Plain MF RF,1
23,16,85,mf_var,Plain MF RF,1
23,17,13,mf_var,Plain MF RF,1
23,18,1264,mf_var,Plain MF RF,1
23,19,20450,mf_var,Plain MF RF,1
23,20,403,mf_var,Plain MF RF,1
23,21,2,mf_var,Plain MF RF,1
23,22,91,mf_var,Plain MF RF,1
23,23,188426,mf_var,Plain MF RF,1
23,24,49143,mf_var,Plain MF RF,1
23,25,1703,mf_var,Plain MF RF,1
23,26,5,mf_var,Plain MF RF,1
23,27,546,mf_var,Plain MF RF,1
23,28,211,mf_var,Plain MF RF,1
23,29,13251,mf_var,Plain MF RF,1
23,30,1,mf_var,Plain MF RF,1
23,31,1473,mf_var,Plain MF RF,1
23,32,7272,mf_var,Plain MF RF,1
23,33,1832,mf_var,Plain MF RF,1
23,34,1,mf_var,Plain MF RF,1
23,35,9800,mf_var,Plain MF RF,1
23,36,7,mf_var,Plain MF RF,1
23,38,3671,mf_var,Plain MF RF,1
23,39,2,mf_var,Plain MF RF,1
23,40,53,mf_var,Plain MF RF,1
23,41,7,mf_var,Plain MF RF,1
23,42,558,mf_var,Plain MF RF,1
23,43,53,mf_var,Plain MF RF,1
23,44,3,mf_var,Plain MF RF,1
23,45,12,mf_var,Plain MF RF,1
23,46,5,mf_var,Plain MF RF,1
23,49,17,mf_var,Plain MF RF,1
23,50,3,mf_var,Plain MF RF,1
23,52,14,mf_var,Plain MF RF,1
23,54,2,mf_var,Plain MF RF,1
23,55,2,mf_var,Plain MF RF,1
24,1,64,mf_var,Plain MF RF,1
24,2,50,mf_var,Plain MF RF,1
24,3,90,mf_var,Plain MF RF,1
24,4,109,mf_var,Plain MF RF,1
24,5,577,mf_var,Plain MF RF,1
24,6,164,mf_var,Plain MF RF,1
24,7,1036,mf_var,Plain MF RF,1
24,9,4,mf_var,Plain MF RF,1
24,10,9,mf_var,Plain MF RF,1
24,11,306,mf_var,Plain MF RF,1
24,12,1745,mf_var,Plain MF RF,1
24,13,11683,mf_var,Plain MF RF,1
24,14,1269,mf_var,Plain MF RF,1
24,15,11104,mf_var,Plain MF RF,1
24,16,720,mf_var,Plain MF RF,1
24,17,4,mf_var,Plain MF RF,1
24,18,1369,mf_var,Plain MF RF,1
24,19,13066,mf_var,Plain MF RF,1
24,20,1870,mf_var,Plain MF RF,1
24,21,9,mf_var,Plain MF RF,1
24,22,712,mf_var,Plain MF RF,1
24,23,64143,mf_var,Plain MF RF,1
24,24,539920,mf_var,Plain MF RF,1
24,25,50980,mf_var,Plain MF RF,1
24,26,11,mf_var,Plain MF RF,1
24,27,2482,mf_var,Plain MF RF,1
24,28,15,mf_var,Plain MF RF,1
24,29,45552,mf_var,Plain MF RF,1
24,30,8,mf_var,Plain MF RF,1
24,31,5076,mf_var,Plain MF RF,1
24,32,33018,mf_var,Plain MF RF,1
24,33,12520,mf_var,Plain MF RF,1
24,34,2,mf_var,Plain MF RF,1
24,35,26986,mf_var,Plain MF RF,1
24,36,7,mf_var,Plain MF RF,1
24,37,5,mf_var,Plain MF RF,1
24,38,5006,mf_var,Plain MF RF,1
24,39,5,mf_var,Plain MF RF,1
24,40,3,mf_var,Plain MF RF,1
24,41,5,mf_var,Plain MF RF,1
24,42,12522,mf_var,Plain MF RF,1
24,43,989,mf_var,Plain MF RF,1
24,44,10,mf_var,Plain MF RF,1
24,45,120,mf_var,Plain MF RF,1
24,46,5,mf_var,Plain MF RF,1
24,47,9,mf_var,Plain MF RF,1
24,48,7,mf_var,Plain MF RF,1
24,49,7,mf_var,Plain MF RF,1
24,50,2,mf_var,Plain MF RF,1
24,52,5,mf_var,Plain MF RF,1
24,53,6,mf_var,Plain MF RF,1
24,54,7,mf_var,Plain MF RF,1
24,55,4,mf_var,Plain MF RF,1
25,1,666,mf_var,Plain MF RF,1
25,2,119,mf_var,Plain MF RF,1
25,3,4,mf_var,Plain MF RF,1
25,4,264,mf_var,Plain MF RF,1
25,5,946,mf_var,Plain MF RF,1
25,6,3,mf_var,Plain MF RF,1
25,7,844,mf_var,Plain MF RF,1
25,9,3,mf_var,Plain MF RF,1
25,10,5,mf_var,Plain MF RF,1
25,11,1298,mf_var,Plain MF RF,1
25,12,1208,mf_var,Plain MF RF,1
25,13,19154,mf_var,Plain MF RF,1
25,14,84,mf_var,Plain MF RF,1
25,15,3281,mf_var,Plain MF RF,1
25,16,2892,mf_var,Plain MF RF,1
25,17,3,mf_var,Plain MF RF,1
25,18,1028,mf_var,Plain MF RF,1
25,19,70,mf_var,Plain MF RF,1
25,20,2438,mf_var,Plain MF RF,1
25,21,7,mf_var,Plain MF RF,1
25,22,426,mf_var,Plain MF RF,1
25,23,1548,mf_var,Plain MF RF,1
25,24,16599,mf_var,Plain MF RF,1
25,25,153662,mf_var,Plain MF RF,1
25,26,2,mf_var,Plain MF RF,1
25,27,299,mf_var,Plain MF RF,1
25,28,3,mf_var,Plain MF RF,1
25,29,1539,mf_var,Plain MF RF,1
25,30,1,mf_var,Plain MF RF,1
25,31,9049,mf_var,Plain MF RF,1
25,32,6935,mf_var,Plain MF RF,1
25,33,4138,mf_var,Plain MF RF,1
25,34,4,mf_var,Plain MF RF,1
25,35,2801,mf_var,Plain MF RF,1
25,36,2,mf_var,Plain MF RF,1
25,37,16,mf_var,Plain MF RF,1
25,38,3,mf_var,Plain MF RF,1
25,39,8,mf_var,Plain MF RF,1
25,40,2,mf_var,Plain MF RF,1
25,41,3,mf_var,Plain MF RF,1
25,42,5507,mf_var,Plain MF RF,1
25,43,328,mf_var,Plain MF RF,1
25,44,5,mf_var,Plain MF RF,1
25,45,125,mf_var,Plain MF RF,1
25,46,9,mf_var,Plain MF RF,1
25,47,2,mf_var,Plain MF RF,1
25,48,3,mf_var,Plain MF RF,1
25,49,1,mf_var,Plain MF RF,1
25,50,8,mf_var,Plain MF RF,1
25,52,3,mf_var,Plain MF RF,1
25,53,2,mf_var,Plain MF RF,1
25,54,3,mf_var,Plain MF RF,1
25,55,4,mf_var,Plain MF RF,1
26,1,19,mf_var,Plain MF RF,1
26,3,80,mf_var,Plain MF RF,1
26,4,3,mf_var,Plain MF RF,1
26,5,290,mf_var,Plain MF RF,1
26,7,145,mf_var,Plain MF RF,1
26,10,626,mf_var,Plain MF RF,1
26,12,11,mf_var,Plain MF RF,1
26,13,1,mf_var,Plain MF RF,1
26,14,2,mf_var,Plain MF RF,1
26,15,3,mf_var,Plain MF RF,1
26,19,1,mf_var,Plain MF RF,1
26,21,1672,mf_var,Plain MF RF,1
26,23,87,mf_var,Plain MF RF,1
26,24,2,mf_var,Plain MF RF,1
26,26,24247,mf_var,Plain MF RF,1
26,27,9,mf_var,Plain MF RF,1
26,28,272,mf_var,Plain MF RF,1
26,30,5104,mf_var,Plain MF RF,1
26,33,11,mf_var,Plain MF RF,1
26,34,1169,mf_var,Plain MF RF,1
26,36,2203,mf_var,Plain MF RF,1
26,38,1,mf_var,Plain MF RF,1
26,39,356,mf_var,Plain MF RF,1
26,40,774,mf_var,Plain MF RF,1
26,41,39,mf_var,Plain MF RF,1
26,43,1,mf_var,Plain MF RF,1
26,44,417,mf_var,Plain MF RF,1
26,46,123,mf_var,Plain MF RF,1
26,47,332,mf_var,Plain MF RF,1
26,48,8,mf_var,Plain MF RF,1
26,49,2215,mf_var,Plain MF RF,1
26,50,17,mf_var,Plain MF RF,1
26,52,337,mf_var,Plain MF RF,1
26,53,317,mf_var,Plain MF RF,1
26,55,2,mf_var,Plain MF RF,1
27,1,26,mf_var,Plain MF RF,1
27,2,1610,mf_var,Plain MF RF,1
27,3,36025,mf_var,Plain MF RF,1
27,4,3726,mf_var,Plain MF RF,1
27,5,4263,mf_var,Plain MF RF,1
27,6,3705,mf_var,Plain MF RF,1
27,7,26184,mf_var,Plain MF RF,1
27,9,682,mf_var,Plain MF RF,1
27,10,162,mf_var,Plain MF RF,1
27,11,14051,mf_var,Plain MF RF,1
27,12,5978,mf_var,Plain MF RF,1
27,13,4626,mf_var,Plain MF RF,1
27,14,6476,mf_var,Plain MF RF,1
27,15,21858,mf_var,Plain MF RF,1
27,16,36,mf_var,Plain MF RF,1
27,17,36,mf_var,Plain MF RF,1
27,18,41,mf_var,Plain MF RF,1
27,19,1785,mf_var,Plain MF RF,1
27,20,50,mf_var,Plain MF RF,1
27,21,90,mf_var,Plain MF RF,1
27,22,35,mf_var,Plain MF RF,1
27,23,4559,mf_var,Plain MF RF,1
27,24,4688,mf_var,Plain MF RF,1
27,25,375,mf_var,Plain MF RF,1
27,26,388,mf_var,Plain MF RF,1
27,27,631337,mf_var,Plain MF RF,1
27,28,5130,mf_var,Plain MF RF,1
27,29,42,mf_var,Plain MF RF,1
27,30,142,mf_var,Plain MF RF,1
27,31,28,mf_var,Plain MF RF,1
27,32,2185,mf_var,Plain MF RF,1
27,33,16573,mf_var,Plain MF RF,1
27,34,52,mf_var,Plain MF RF,1
27,35,27,mf_var,Plain MF RF,1
27,36,1670,mf_var,Plain MF RF,1
27,37,30554,mf_var,Plain MF RF,1
27,38,1736,mf_var,Plain MF RF,1
27,39,170,mf_var,Plain MF RF,1
27,40,276,mf_var,Plain MF RF,1
27,41,17376,mf_var,Plain MF RF,1
27,42,27,mf_var,Plain MF RF,1
27,43,24,mf_var,Plain MF RF,1
27,44,569,mf_var,Plain MF RF,1
27,45,61,mf_var,Plain MF RF,1
27,46,203,mf_var,Plain MF RF,1
27,47,9239,mf_var,Plain MF RF,1
27,48,47,mf_var,Plain MF RF,1
27,49,68,mf_var,Plain MF RF,1
27,50,30,mf_var,Plain MF RF,1
27,52,26,mf_var,Plain MF RF,1
27,53,29,mf_var,Plain MF RF,1
27,54,24,mf_var,Plain MF RF,1
27,55,15,mf_var,Plain MF RF,1
28,1,631,mf_var,Plain MF RF,1
28,2,48,mf_var,Plain MF RF,1
28,3,1086,mf_var,Plain MF RF,1
28,5,230,mf_var,Plain MF RF,1
28,7,491,mf_var,Plain MF RF,1
28,10,1202,mf_var,Plain MF RF,1
28,11,1,mf_var,Plain MF RF,1
28,13,24,mf_var,Plain MF RF,1
28,15,52,mf_var,Plain MF RF,1
28,16,52,mf_var,Plain MF RF,1
28,18,720,mf_var,Plain MF RF,1
28,19,7,mf_var,Plain MF RF,1
28,20,34,mf_var,Plain MF RF,1
28,21,626,mf_var,Plain MF RF,1
28,23,131,mf_var,Plain MF RF,1
28,24,29,mf_var,Plain MF RF,1
28,25,23,mf_var,Plain MF RF,1
28,26,806,mf_var,Plain MF RF,1
28,27,1287,mf_var,Plain MF RF,1
28,28,22858,mf_var,Plain MF RF,1
28,30,1766,mf_var,Plain MF RF,1
28,31,8,mf_var,Plain MF RF,1
28,33,373,mf_var,Plain MF RF,1
28,34,240,mf_var,Plain MF RF,1
28,36,2599,mf_var,Plain MF RF,1
28,37,3,mf_var,Plain MF RF,1
28,39,1165,mf_var,Plain MF RF,1
28,40,908,mf_var,Plain MF RF,1
28,41,262,mf_var,Plain MF RF,1
28,44,3353,mf_var,Plain MF RF,1
28,45,235,mf_var,Plain MF RF,1
28,46,737,mf_var,Plain MF RF,1
28,47,2859,mf_var,Plain MF RF,1
28,49,424,mf_var,Plain MF RF,1
28,50,417,mf_var,Plain MF RF,1
28,53,1,mf_var,Plain MF RF,1
28,55,354,mf_var,Plain MF RF,1
29,1,1,mf_var,Plain MF RF,1
29,2,7,mf_var,Plain MF RF,1
29,3,6,mf_var,Plain MF RF,1
29,4,1,mf_var,Plain MF RF,1
29,5,3,mf_var,Plain MF RF,1
29,6,2,mf_var,Plain MF RF,1
29,7,616,mf_var,Plain MF RF,1
29,9,2,mf_var,Plain MF RF,1
29,10,3,mf_var,Plain MF RF,1
29,11,2,mf_var,Plain MF RF,1
29,12,57,mf_var,Plain MF RF,1
29,13,55,mf_var,Plain MF RF,1
29,14,3,mf_var,Plain MF RF,1
29,15,3641,mf_var,Plain MF RF,1
29,16,1,mf_var,Plain MF RF,1
29,17,3,mf_var,Plain MF RF,1
29,18,6,mf_var,Plain MF RF,1
29,19,1902,mf_var,Plain MF RF,1
29,20,28,mf_var,Plain MF RF,1
29,21,6,mf_var,Plain MF RF,1
29,22,12,mf_var,Plain MF RF,1
29,23,6856,mf_var,Plain MF RF,1
29,24,14747,mf_var,Plain MF RF,1
29,25,773,mf_var,Plain MF RF,1
29,26,1,mf_var,Plain MF RF,1
29,27,20,mf_var,Plain MF RF,1
29,28,2,mf_var,Plain MF RF,1
29,29,130033,mf_var,Plain MF RF,1
29,30,3,mf_var,Plain MF RF,1
29,31,6,mf_var,Plain MF RF,1
29,32,1290,mf_var,Plain MF RF,1
29,33,1538,mf_var,Plain MF RF,1
29,34,3,mf_var,Plain MF RF,1
29,35,1541,mf_var,Plain MF RF,1
29,37,3,mf_var,Plain MF RF,1
29,38,1098,mf_var,Plain MF RF,1
29,39,3,mf_var,Plain MF RF,1
29,40,17,mf_var,Plain MF RF,1
29,41,2,mf_var,Plain MF RF,1
29,42,2,mf_var,Plain MF RF,1
29,43,3,mf_var,Plain MF RF,1
29,44,3,mf_var,Plain MF RF,1
29,45,3,mf_var,Plain MF RF,1
29,46,3,mf_var,Plain MF RF,1
29,47,4,mf_var,Plain MF RF,1
29,49,11,mf_var,Plain MF RF,1
29,50,1,mf_var,Plain MF RF,1
29,52,2,mf_var,Plain MF RF,1
29,53,7,mf_var,Plain MF RF,1
29,54,2,mf_var,Plain MF RF,1
29,55,4,mf_var,Plain MF RF,1
30,1,234,mf_var,Plain MF RF,1
30,2,11,mf_var,Plain MF RF,1
30,3,5777,mf_var,Plain MF RF,1
30,4,172,mf_var,Plain MF RF,1
30,5,3210,mf_var,Plain MF RF,1
30,6,6,mf_var,Plain MF RF,1
30,7,2258,mf_var,Plain MF RF,1
30,9,5,mf_var,Plain MF RF,1
30,10,3959,mf_var,Plain MF RF,1
30,11,51,mf_var,Plain MF RF,1
30,12,4,mf_var,Plain MF RF,1
30,13,5,mf_var,Plain MF RF,1
30,14,8,mf_var,Plain MF RF,1
30,15,10,mf_var,Plain MF RF,1
30,16,10,mf_var,Plain MF RF,1
30,17,7,mf_var,Plain MF RF,1
30,18,34,mf_var,Plain MF RF,1
30,19,9,mf_var,Plain MF RF,1
30,20,8,mf_var,Plain MF RF,1
30,21,54682,mf_var,Plain MF RF,1
30,22,9,mf_var,Plain MF RF,1
30,23,14,mf_var,Plain MF RF,1
30,24,5,mf_var,Plain MF RF,1
30,25,6,mf_var,Plain MF RF,1
30,26,34309,mf_var,Plain MF RF,1
30,27,675,mf_var,Plain MF RF,1
30,28,10452,mf_var,Plain MF RF,1
30,29,15,mf_var,Plain MF RF,1
30,30,247803,mf_var,Plain MF RF,1
30,31,4,mf_var,Plain MF RF,1
30,32,8,mf_var,Plain MF RF,1
30,33,495,mf_var,Plain MF RF,1
30,34,1377,mf_var,Plain MF RF,1
30,35,7,mf_var,Plain MF RF,1
30,36,20118,mf_var,Plain MF RF,1
30,37,398,mf_var,Plain MF RF,1
30,38,7,mf_var,Plain MF RF,1
30,39,7671,mf_var,Plain MF RF,1
30,40,49778,mf_var,Plain MF RF,1
30,41,1899,mf_var,Plain MF RF,1
30,42,7,mf_var,Plain MF RF,1
30,43,9,mf_var,Plain MF RF,1
30,44,47744,mf_var,Plain MF RF,1
30,45,350,mf_var,Plain MF RF,1
30,46,2448,mf_var,Plain MF RF,1
30,47,43864,mf_var,Plain MF RF,1
30,48,857,mf_var,Plain MF RF,1
30,49,29333,mf_var,Plain MF RF,1
30,50,1864,mf_var,Plain MF RF,1
30,52,222,mf_var,Plain MF RF,1
30,53,2730,mf_var,Plain MF RF,1
30,54,1001,mf_var,Plain MF RF,1
30,55,618,mf_var,Plain MF RF,1
31,1,4579,mf_var,Plain MF RF,1
31,2,186,mf_var,Plain MF RF,1
31,3,4,mf_var,Plain MF RF,1
31,4,13,mf_var,Plain MF RF,1
31,5,68,mf_var,Plain MF RF,1
31,6,254,mf_var,Plain MF RF,1
31,7,1169,mf_var,Plain MF RF,1
31,9,1,mf_var,Plain MF RF,1
31,10,23,mf_var,Plain MF RF,1
31,11,30,mf_var,Plain MF RF,1
31,12,5,mf_var,Plain MF RF,1
31,13,9720,mf_var,Plain MF RF,1
31,14,83,mf_var,Plain MF RF,1
31,15,334,mf_var,Plain MF RF,1
31,16,48728,mf_var,Plain MF RF,1
31,17,10,mf_var,Plain MF RF,1
31,18,9942,mf_var,Plain MF RF,1
31,19,1796,mf_var,Plain MF RF,1
31,20,42931,mf_var,Plain MF RF,1
31,21,4,mf_var,Plain MF RF,1
31,22,21838,mf_var,Plain MF RF,1
31,23,706,mf_var,Plain MF RF,1
31,24,3860,mf_var,Plain MF RF,1
31,25,24167,mf_var,Plain MF RF,1
31,26,2,mf_var,Plain MF RF,1
31,27,10,mf_var,Plain MF RF,1
31,28,2,mf_var,Plain MF RF,1
31,29,47,mf_var,Plain MF RF,1
31,30,13,mf_var,Plain MF RF,1
31,31,593100,mf_var,Plain MF RF,1
31,32,1341,mf_var,Plain MF RF,1
31,33,1824,mf_var,Plain MF RF,1
31,35,170,mf_var,Plain MF RF,1
31,36,48,mf_var,Plain MF RF,1
31,37,2,mf_var,Plain MF RF,1
31,38,6,mf_var,Plain MF RF,1
31,39,146,mf_var,Plain MF RF,1
31,40,3,mf_var,Plain MF RF,1
31,42,68466,mf_var,Plain MF RF,1
31,43,545,mf_var,Plain MF RF,1
31,44,2,mf_var,Plain MF RF,1
31,45,4572,mf_var,Plain MF RF,1
31,46,55,mf_var,Plain MF RF,1
31,47,2,mf_var,Plain MF RF,1
31,48,15,mf_var,Plain MF RF,1
31,50,553,mf_var,Plain MF RF,1
31,52,2,mf_var,Plain MF RF,1
31,54,1,mf_var,Plain MF RF,1
32,6,1,mf_var,Plain MF RF,1
32,7,802,mf_var,Plain MF RF,1
32,9,1,mf_var,Plain MF RF,1
32,12,6,mf_var,Plain MF RF,1
32,13,1609,mf_var,Plain MF RF,1
32,14,293,mf_var,Plain MF RF,1
32,15,1607,mf_var,Plain MF RF,1
32,16,18,mf_var,Plain MF RF,1
32,18,110,mf_var,Plain MF RF,1
32,19,516,mf_var,Plain MF RF,1
32,20,94,mf_var,Plain MF RF,1
32,23,2549,mf_var,Plain MF RF,1
32,24,5031,mf_var,Plain MF RF,1
32,25,2920,mf_var,Plain MF RF,1
32,27,143,mf_var,Plain MF RF,1
32,29,849,mf_var,Plain MF RF,1
32,31,303,mf_var,Plain MF RF,1
32,32,40391,mf_var,Plain MF RF,1
32,33,1970,mf_var,Plain MF RF,1
32,35,665,mf_var,Plain MF RF,1
32,38,207,mf_var,Plain MF RF,1
32,42,398,mf_var,Plain MF RF,1
32,43,1,mf_var,Plain MF RF,1
33,1,1402,mf_var,Plain MF RF,1
33,2,196,mf_var,Plain MF RF,1
33,3,5911,mf_var,Plain MF RF,1
33,4,2,mf_var,Plain MF RF,1
33,5,2410,mf_var,Plain MF RF,1
33,6,1,mf_var,Plain MF RF,1
33,7,23272,mf_var,Plain MF RF,1
33,10,377,mf_var,Plain MF RF,1
33,11,3200,mf_var,Plain MF RF,1
33,12,2917,mf_var,Plain MF RF,1
33,13,22660,mf_var,Plain MF RF,1
33,14,628,mf_var,Plain MF RF,1
33,15,4242,mf_var,Plain MF RF,1
33,16,420,mf_var,Plain MF RF,1
33,18,502,mf_var,Plain MF RF,1
33,19,31,mf_var,Plain MF RF,1
33,20,375,mf_var,Plain MF RF,1
33,21,3,mf_var,Plain MF RF,1
33,23,3388,mf_var,Plain MF RF,1
33,24,9853,mf_var,Plain MF RF,1
33,25,6055,mf_var,Plain MF RF,1
33,26,36,mf_var,Plain MF RF,1
33,27,3406,mf_var,Plain MF RF,1
33,28,477,mf_var,Plain MF RF,1
33,29,2995,mf_var,Plain MF RF,1
33,30,22,mf_var,Plain MF RF,1
33,31,80,mf_var,Plain MF RF,1
33,32,4738,mf_var,Plain MF RF,1
33,33,258563,mf_var,Plain MF RF,1
33,34,12,mf_var,Plain MF RF,1
33,35,881,mf_var,Plain MF RF,1
33,36,138,mf_var,Plain MF RF,1
33,37,3261,mf_var,Plain MF RF,1
33,39,30,mf_var,Plain MF RF,1
33,40,103,mf_var,Plain MF RF,1
33,41,24891,mf_var,Plain MF RF,1
33,44,1281,mf_var,Plain MF RF,1
33,45,648,mf_var,Plain MF RF,1
33,46,21,mf_var,Plain MF RF,1
33,47,207,mf_var,Plain MF RF,1
33,49,73,mf_var,Plain MF RF,1
33,50,2,mf_var,Plain MF RF,1
33,52,41,mf_var,Plain MF RF,1
34,3,51,mf_var,Plain MF RF,1
34,7,8,mf_var,Plain MF RF,1
34,10,399,mf_var,Plain MF RF,1
34,12,1,mf_var,Plain MF RF,1
34,15,2,mf_var,Plain MF RF,1
34,16,1,mf_var,Plain MF RF,1
34,17,2,mf_var,Plain MF RF,1
34,18,6,mf_var,Plain MF RF,1
34,19,2,mf_var,Plain MF RF,1
34,20,1,mf_var,Plain MF RF,1
34,21,4,mf_var,Plain MF RF,1
34,22,2,mf_var,Plain MF RF,1
34,24,2,mf_var,Plain MF RF,1
34,25,2,mf_var,Plain MF RF,1
34,26,16,mf_var,Plain MF RF,1
34,27,24,mf_var,Plain MF RF,1
34,28,3,mf_var,Plain MF RF,1
34,30,30,mf_var,Plain MF RF,1
34,31,1,mf_var,Plain MF RF,1
34,32,1,mf_var,Plain MF RF,1
34,33,2,mf_var,Plain MF RF,1
34,34,4001,mf_var,Plain MF RF,1
34,36,94,mf_var,Plain MF RF,1
34,37,1,mf_var,Plain MF RF,1
34,38,2,mf_var,Plain MF RF,1
34,39,209,mf_var,Plain MF RF,1
34,40,20,mf_var,Plain MF RF,1
34,41,1,mf_var,Plain MF RF,1
34,42,2,mf_var,Plain MF RF,1
34,43,1,mf_var,Plain MF RF,1
34,44,8,mf_var,Plain MF RF,1
34,45,1,mf_var,Plain MF RF,1
34,46,96,mf_var,Plain MF RF,1
34,47,1,mf_var,Plain MF RF,1
34,49,149,mf_var,Plain MF RF,1
34,50,7,mf_var,Plain MF RF,1
34,52,3,mf_var,Plain MF RF,1
34,53,2,mf_var,Plain MF RF,1
34,55,1,mf_var,Plain MF RF,1
35,7,1,mf_var,Plain MF RF,1
35,13,122,mf_var,Plain MF RF,1
35,14,83,mf_var,Plain MF RF,1
35,15,43,mf_var,Plain MF RF,1
35,16,31,mf_var,Plain MF RF,1
35,18,6,mf_var,Plain MF RF,1
35,19,29,mf_var,Plain MF RF,1
35,23,570,mf_var,Plain MF RF,1
35,24,2142,mf_var,Plain MF RF,1
35,25,727,mf_var,Plain MF RF,1
35,29,531,mf_var,Plain MF RF,1
35,32,332,mf_var,Plain MF RF,1
35,33,264,mf_var,Plain MF RF,1
35,35,27979,mf_var,Plain MF RF,1
35,38,4,mf_var,Plain MF RF,1
36,1,6,mf_var,Plain MF RF,1
36,3,231,mf_var,Plain MF RF,1
36,5,11,mf_var,Plain MF RF,1
36,7,89,mf_var,Plain MF RF,1
36,9,23,mf_var,Plain MF RF,1
36,10,310,mf_var,Plain MF RF,1
36,12,37,mf_var,Plain MF RF,1
36,13,25,mf_var,Plain MF RF,1
36,16,2,mf_var,Plain MF RF,1
36,21,287,mf_var,Plain MF RF,1
36,26,521,mf_var,Plain MF RF,1
36,27,2,mf_var,Plain MF RF,1
36,28,1011,mf_var,Plain MF RF,1
36,30,795,mf_var,Plain MF RF,1
36,33,31,mf_var,Plain MF RF,1
36,34,366,mf_var,Plain MF RF,1
36,36,16459,mf_var,Plain MF RF,1
36,39,149,mf_var,Plain MF RF,1
36,40,357,mf_var,Plain MF RF,1
36,41,153,mf_var,Plain MF RF,1
36,44,952,mf_var,Plain MF RF,1
36,46,106,mf_var,Plain MF RF,1
36,47,317,mf_var,Plain MF RF,1
36,48,7,mf_var,Plain MF RF,1
36,49,236,mf_var,Plain MF RF,1
36,50,35,mf_var,Plain MF RF,1
36,53,34,mf_var,Plain MF RF,1
36,55,23,mf_var,Plain MF RF,1
37,1,241,mf_var,Plain MF RF,1
37,2,122,mf_var,Plain MF RF,1
37,3,11965,mf_var,Plain MF RF,1
37,4,14,mf_var,Plain MF RF,1
37,5,428,mf_var,Plain MF RF,1
37,6,191,mf_var,Plain MF RF,1
37,7,7071,mf_var,Plain MF RF,1
37,9,80,mf_var,Plain MF RF,1
37,10,842,mf_var,Plain MF RF,1
37,11,335,mf_var,Plain MF RF,1
37,12,445,mf_var,Plain MF RF,1
37,13,1392,mf_var,Plain MF RF,1
37,14,570,mf_var,Plain MF RF,1
37,15,54,mf_var,Plain MF RF,1
37,16,55,mf_var,Plain MF RF,1
37,17,3,mf_var,Plain MF RF,1
37,18,167,mf_var,Plain MF RF,1
37,19,7,mf_var,Plain MF RF,1
37,20,11,mf_var,Plain MF RF,1
37,21,855,mf_var,Plain MF RF,1
37,22,2,mf_var,Plain MF RF,1
37,23,2,mf_var,Plain MF RF,1
37,24,4,mf_var,Plain MF RF,1
37,25,564,mf_var,Plain MF RF,1
37,26,90,mf_var,Plain MF RF,1
37,27,11258,mf_var,Plain MF RF,1
37,28,244,mf_var,Plain MF RF,1
37,29,5,mf_var,Plain MF RF,1
37,30,568,mf_var,Plain MF RF,1
37,31,2,mf_var,Plain MF RF,1
37,32,6,mf_var,Plain MF RF,1
37,33,5041,mf_var,Plain MF RF,1
37,34,104,mf_var,Plain MF RF,1
37,35,1,mf_var,Plain MF RF,1
37,36,21,mf_var,Plain MF RF,1
37,37,140492,mf_var,Plain MF RF,1
37,38,2,mf_var,Plain MF RF,1
37,39,265,mf_var,Plain MF RF,1
37,40,36,mf_var,Plain MF RF,1
37,41,7499,mf_var,Plain MF RF,1
37,42,1,mf_var,Plain MF RF,1
37,43,4,mf_var,Plain MF RF,1
37,44,49,mf_var,Plain MF RF,1
37,45,23,mf_var,Plain MF RF,1
37,46,170,mf_var,Plain MF RF,1
37,47,570,mf_var,Plain MF RF,1
37,48,1,mf_var,Plain MF RF,1
37,49,18,mf_var,Plain MF RF,1
37,50,1,mf_var,Plain MF RF,1
37,52,6,mf_var,Plain MF RF,1
37,53,3,mf_var,Plain MF RF,1
37,54,3,mf_var,Plain MF RF,1
37,55,3,mf_var,Plain MF RF,1
38,13,39,mf_var,Plain MF RF,1
38,15,225,mf_var,Plain MF RF,1
38,19,346,mf_var,Plain MF RF,1
38,23,679,mf_var,Plain MF RF,1
38,24,294,mf_var,Plain MF RF,1
38,25,42,mf_var,Plain MF RF,1
38,27,415,mf_var,Plain MF RF,1
38,29,82,mf_var,Plain MF RF,1
38,32,67,mf_var,Plain MF RF,1
38,36,1,mf_var,Plain MF RF,1
38,38,27842,mf_var,Plain MF RF,1
39,1,27,mf_var,Plain MF RF,1
39,5,60,mf_var,Plain MF RF,1
39,7,22,mf_var,Plain MF RF,1
39,10,3748,mf_var,Plain MF RF,1
39,13,2,mf_var,Plain MF RF,1
39,16,108,mf_var,Plain MF RF,1
39,18,234,mf_var,Plain MF RF,1
39,20,11,mf_var,Plain MF RF,1
39,23,78,mf_var,Plain MF RF,1
39,24,4,mf_var,Plain MF RF,1
39,26,12,mf_var,Plain MF RF,1
39,28,18,mf_var,Plain MF RF,1
39,30,259,mf_var,Plain MF RF,1
39,34,655,mf_var,Plain MF RF,1
39,36,62,mf_var,Plain MF RF,1
39,39,13718,mf_var,Plain MF RF,1
39,40,58,mf_var,Plain MF RF,1
39,43,1,mf_var,Plain MF RF,1
39,44,67,mf_var,Plain MF RF,1
39,45,85,mf_var,Plain MF RF,1
39,46,2435,mf_var,Plain MF RF,1
39,47,90,mf_var,Plain MF RF,1
39,49,59,mf_var,Plain MF RF,1
39,50,130,mf_var,Plain MF RF,1
40,1,155,mf_var,Plain MF RF,1
40,2,8,mf_var,Plain MF RF,1
40,3,858,mf_var,Plain MF RF,1
40,4,17,mf_var,Plain MF RF,1
40,5,2269,mf_var,Plain MF RF,1
40,6,10,mf_var,Plain MF RF,1
40,7,1520,mf_var,Plain MF RF,1
40,9,5,mf_var,Plain MF RF,1
40,10,3376,mf_var,Plain MF RF,1
40,11,19,mf_var,Plain MF RF,1
40,12,11,mf_var,Plain MF RF,1
40,13,19,mf_var,Plain MF RF,1
40,14,6,mf_var,Plain MF RF,1
40,15,8,mf_var,Plain MF RF,1
40,16,3,mf_var,Plain MF RF,1
40,17,8,mf_var,Plain MF RF,1
40,18,12,mf_var,Plain MF RF,1
40,19,5,mf_var,Plain MF RF,1
40,20,35,mf_var,Plain MF RF,1
40,21,27136,mf_var,Plain MF RF,1
40,22,7,mf_var,Plain MF RF,1
40,23,10,mf_var,Plain MF RF,1
40,24,5,mf_var,Plain MF RF,1
40,25,25,mf_var,Plain MF RF,1
40,26,7246,mf_var,Plain MF RF,1
40,27,118,mf_var,Plain MF RF,1
40,28,6901,mf_var,Plain MF RF,1
40,29,10,mf_var,Plain MF RF,1
40,30,32834,mf_var,Plain MF RF,1
40,31,94,mf_var,Plain MF RF,1
40,32,7,mf_var,Plain MF RF,1
40,33,35,mf_var,Plain MF RF,1
40,34,669,mf_var,Plain MF RF,1
40,35,4,mf_var,Plain MF RF,1
40,36,14912,mf_var,Plain MF RF,1
40,37,14,mf_var,Plain MF RF,1
40,38,8,mf_var,Plain MF RF,1
40,39,2293,mf_var,Plain MF RF,1
40,40,132485,mf_var,Plain MF RF,1
40,41,1009,mf_var,Plain MF RF,1
40,42,7,mf_var,Plain MF RF,1
40,43,7,mf_var,Plain MF RF,1
40,44,28786,mf_var,Plain MF RF,1
40,45,197,mf_var,Plain MF RF,1
40,46,2733,mf_var,Plain MF RF,1
40,47,30126,mf_var,Plain MF RF,1
40,48,548,mf_var,Plain MF RF,1
40,49,26406,mf_var,Plain MF RF,1
40,50,1447,mf_var,Plain MF RF,1
40,52,4124,mf_var,Plain MF RF,1
40,53,7237,mf_var,Plain MF RF,1
40,54,1238,mf_var,Plain MF RF,1
40,55,2639,mf_var,Plain MF RF,1
41,1,2,mf_var,Plain MF RF,1
41,2,24,mf_var,Plain MF RF,1
41,3,3808,mf_var,Plain MF RF,1
41,5,161,mf_var,Plain MF RF,1
41,6,14,mf_var,Plain MF RF,1
41,7,8578,mf_var,Plain MF RF,1
41,10,130,mf_var,Plain MF RF,1
41,11,14,mf_var,Plain MF RF,1
41,12,312,mf_var,Plain MF RF,1
41,13,524,mf_var,Plain MF RF,1
41,14,1,mf_var,Plain MF RF,1
41,15,33,mf_var,Plain MF RF,1
41,16,10,mf_var,Plain MF RF,1
41,17,1,mf_var,Plain MF RF,1
41,18,6,mf_var,Plain MF RF,1
41,19,2,mf_var,Plain MF RF,1
41,20,1,mf_var,Plain MF RF,1
41,21,393,mf_var,Plain MF RF,1
41,22,1,mf_var,Plain MF RF,1
41,23,1,mf_var,Plain MF RF,1
41,25,3,mf_var,Plain MF RF,1
41,26,435,mf_var,Plain MF RF,1
41,27,3556,mf_var,Plain MF RF,1
41,28,1456,mf_var,Plain MF RF,1
41,29,1,mf_var,Plain MF RF,1
41,30,1982,mf_var,Plain MF RF,1
41,32,6,mf_var,Plain MF RF,1
41,33,11991,mf_var,Plain MF RF,1
41,34,5,mf_var,Plain MF RF,1
41,36,2018,mf_var,Plain MF RF,1
41,37,5567,mf_var,Plain MF RF,1
41,39,15,mf_var,Plain MF RF,1
41,40,234,mf_var,Plain MF RF,1
41,41,47935,mf_var,Plain MF RF,1
41,43,2,mf_var,Plain MF RF,1
41,44,266,mf_var,Plain MF RF,1
41,45,19,mf_var,Plain MF RF,1
41,46,7,mf_var,Plain MF RF,1
41,47,1646,mf_var,Plain MF RF,1
41,48,1,mf_var,Plain MF RF,1
41,49,80,mf_var,Plain MF RF,1
41,50,1,mf_var,Plain MF RF,1
41,54,1,mf_var,Plain MF RF,1
42,1,1,mf_var,Plain MF RF,1
42,2,3,mf_var,Plain MF RF,1
42,3,1,mf_var,Plain MF RF,1
42,4,1,mf_var,Plain MF RF,1
42,5,2,mf_var,Plain MF RF,1
42,6,4,mf_var,Plain MF RF,1
42,7,80,mf_var,Plain MF RF,1
42,9,2,mf_var,Plain MF RF,1
42,10,1,mf_var,Plain MF RF,1
42,11,2,mf_var,Plain MF RF,1
42,12,1,mf_var,Plain MF RF,1
42,13,374,mf_var,Plain MF RF,1
42,14,5,mf_var,Plain MF RF,1
42,15,36,mf_var,Plain MF RF,1
42,16,390,mf_var,Plain MF RF,1
42,17,1,mf_var,Plain MF RF,1
42,18,41,mf_var,Plain MF RF,1
42,19,648,mf_var,Plain MF RF,1
42,20,11244,mf_var,Plain MF RF,1
42,22,1292,mf_var,Plain MF RF,1
42,23,13,mf_var,Plain MF RF,1
42,24,1523,mf_var,Plain MF RF,1
42,25,1660,mf_var,Plain MF RF,1
42,26,3,mf_var,Plain MF RF,1
42,28,2,mf_var,Plain MF RF,1
42,30,2,mf_var,Plain MF RF,1
42,31,15684,mf_var,Plain MF RF,1
42,32,158,mf_var,Plain MF RF,1
42,33,6,mf_var,Plain MF RF,1
42,34,2,mf_var,Plain MF RF,1
42,36,2,mf_var,Plain MF RF,1
42,37,3,mf_var,Plain MF RF,1
42,38,3,mf_var,Plain MF RF,1
42,39,1,mf_var,Plain MF RF,1
42,40,2,mf_var,Plain MF RF,1
42,42,120173,mf_var,Plain MF RF,1
42,43,1640,mf_var,Plain MF RF,1
42,44,2,mf_var,Plain MF RF,1
42,45,3,mf_var,Plain MF RF,1
42,47,2,mf_var,Plain MF RF,1
42,48,3,mf_var,Plain MF RF,1
42,49,1,mf_var,Plain MF RF,1
42,52,1,mf_var,Plain MF RF,1
42,55,1,mf_var,Plain MF RF,1
43,10,4,mf_var,Plain MF RF,1
43,16,292,mf_var,Plain MF RF,1
43,18,28,mf_var,Plain MF RF,1
43,19,4,mf_var,Plain MF RF,1
43,20,34,mf_var,Plain MF RF,1
43,24,39,mf_var,Plain MF RF,1
43,25,42,mf_var,Plain MF RF,1
43,31,3,mf_var,Plain MF RF,1
43,39,5,mf_var,Plain MF RF,1
43,42,156,mf_var,Plain MF RF,1
43,43,4975,mf_var,Plain MF RF,1
43,46,110,mf_var,Plain MF RF,1
44,1,583,mf_var,Plain MF RF,1
44,2,43,mf_var,Plain MF RF,1
44,3,2448,mf_var,Plain MF RF,1
44,4,29,mf_var,Plain MF RF,1
44,5,2369,mf_var,Plain MF RF,1
44,6,21,mf_var,Plain MF RF,1
44,7,3001,mf_var,Plain MF RF,1
44,9,19,mf_var,Plain MF RF,1
44,10,2203,mf_var,Plain MF RF,1
44,11,11,mf_var,Plain MF RF,1
44,12,14,mf_var,Plain MF RF,1
44,13,653,mf_var,Plain MF RF,1
44,14,14,mf_var,Plain MF RF,1
44,15,16,mf_var,Plain MF RF,1
44,16,140,mf_var,Plain MF RF,1
44,17,24,mf_var,Plain MF RF,1
44,18,1050,mf_var,Plain MF RF,1
44,19,67,mf_var,Plain MF RF,1
44,20,45,mf_var,Plain MF RF,1
44,21,31211,mf_var,Plain MF RF,1
44,22,15,mf_var,Plain MF RF,1
44,23,13,mf_var,Plain MF RF,1
44,24,25,mf_var,Plain MF RF,1
44,25,11,mf_var,Plain MF RF,1
44,26,13541,mf_var,Plain MF RF,1
44,27,123,mf_var,Plain MF RF,1
44,28,23826,mf_var,Plain MF RF,1
44,29,21,mf_var,Plain MF RF,1
44,30,67592,mf_var,Plain MF RF,1
44,31,42,mf_var,Plain MF RF,1
44,32,24,mf_var,Plain MF RF,1
44,33,2040,mf_var,Plain MF RF,1
44,34,952,mf_var,Plain MF RF,1
44,35,21,mf_var,Plain MF RF,1
44,36,36203,mf_var,Plain MF RF,1
44,37,51,mf_var,Plain MF RF,1
44,38,4,mf_var,Plain MF RF,1
44,39,6206,mf_var,Plain MF RF,1
44,40,53962,mf_var,Plain MF RF,1
44,41,1298,mf_var,Plain MF RF,1
44,42,18,mf_var,Plain MF RF,1
44,43,19,mf_var,Plain MF RF,1
44,44,195061,mf_var,Plain MF RF,1
44,45,1207,mf_var,Plain MF RF,1
44,46,1547,mf_var,Plain MF RF,1
44,47,42444,mf_var,Plain MF RF,1
44,48,91,mf_var,Plain MF RF,1
44,49,28195,mf_var,Plain MF RF,1
44,50,4721,mf_var,Plain MF RF,1
44,52,4747,mf_var,Plain MF RF,1
44,53,21604,mf_var,Plain MF RF,1
44,54,8821,mf_var,Plain MF RF,1
44,55,7785,mf_var,Plain MF RF,1
45,1,115,mf_var,Plain MF RF,1
45,2,1,mf_var,Plain MF RF,1
45,5,179,mf_var,Plain MF RF,1
45,6,3,mf_var,Plain MF RF,1
45,7,2,mf_var,Plain MF RF,1
45,10,141,mf_var,Plain MF RF,1
45,12,2,mf_var,Plain MF RF,1
45,13,144,mf_var,Plain MF RF,1
45,15,5,mf_var,Plain MF RF,1
45,16,1148,mf_var,Plain MF RF,1
45,18,106,mf_var,Plain MF RF,1
45,20,263,mf_var,Plain MF RF,1
45,22,1,mf_var,Plain MF RF,1
45,23,7,mf_var,Plain MF RF,1
45,24,300,mf_var,Plain MF RF,1
45,25,42,mf_var,Plain MF RF,1
45,26,2,mf_var,Plain MF RF,1
45,27,2,mf_var,Plain MF RF,1
45,28,15,mf_var,Plain MF RF,1
45,29,132,mf_var,Plain MF RF,1
45,30,101,mf_var,Plain MF RF,1
45,31,138,mf_var,Plain MF RF,1
45,32,1,mf_var,Plain MF RF,1
45,33,8,mf_var,Plain MF RF,1
45,34,81,mf_var,Plain MF RF,1
45,35,1,mf_var,Plain MF RF,1
45,39,444,mf_var,Plain MF RF,1
45,40,43,mf_var,Plain MF RF,1
45,41,1,mf_var,Plain MF RF,1
45,44,71,mf_var,Plain MF RF,1
45,45,11617,mf_var,Plain MF RF,1
45,46,1251,mf_var,Plain MF RF,1
45,47,8,mf_var,Plain MF RF,1
45,48,1,mf_var,Plain MF RF,1
45,49,26,mf_var,Plain MF RF,1
45,50,2,mf_var,Plain MF RF,1
45,52,1,mf_var,Plain MF RF,1
46,1,627,mf_var,Plain MF RF,1
46,2,65,mf_var,Plain MF RF,1
46,3,96,mf_var,Plain MF RF,1
46,4,6,mf_var,Plain MF RF,1
46,5,280,mf_var,Plain MF RF,1
46,6,3,mf_var,Plain MF RF,1
46,7,178,mf_var,Plain MF RF,1
46,9,5,mf_var,Plain MF RF,1
46,10,22597,mf_var,Plain MF RF,1
46,11,14,mf_var,Plain MF RF,1
46,12,6,mf_var,Plain MF RF,1
46,13,268,mf_var,Plain MF RF,1
46,14,6,mf_var,Plain MF RF,1
46,15,9,mf_var,Plain MF RF,1
46,16,8998,mf_var,Plain MF RF,1
46,17,2,mf_var,Plain MF RF,1
46,18,8222,mf_var,Plain MF RF,1
46,19,7,mf_var,Plain MF RF,1
46,20,1909,mf_var,Plain MF RF,1
46,21,24,mf_var,Plain MF RF,1
46,22,12,mf_var,Plain MF RF,1
46,23,11,mf_var,Plain MF RF,1
46,24,3,mf_var,Plain MF RF,1
46,25,21,mf_var,Plain MF RF,1
46,26,357,mf_var,Plain MF RF,1
46,27,5,mf_var,Plain MF RF,1
46,28,320,mf_var,Plain MF RF,1
46,29,4,mf_var,Plain MF RF,1
46,30,524,mf_var,Plain MF RF,1
46,31,20,mf_var,Plain MF RF,1
46,32,4,mf_var,Plain MF RF,1
46,33,41,mf_var,Plain MF RF,1
46,34,2009,mf_var,Plain MF RF,1
46,35,8,mf_var,Plain MF RF,1
46,36,676,mf_var,Plain MF RF,1
46,37,22,mf_var,Plain MF RF,1
46,38,7,mf_var,Plain MF RF,1
46,39,9471,mf_var,Plain MF RF,1
46,40,1085,mf_var,Plain MF RF,1
46,41,6,mf_var,Plain MF RF,1
46,42,6,mf_var,Plain MF RF,1
46,43,203,mf_var,Plain MF RF,1
46,44,658,mf_var,Plain MF RF,1
46,45,8196,mf_var,Plain MF RF,1
46,46,66247,mf_var,Plain MF RF,1
46,47,1174,mf_var,Plain MF RF,1
46,48,7,mf_var,Plain MF RF,1
46,49,1840,mf_var,Plain MF RF,1
46,50,196,mf_var,Plain MF RF,1
46,52,7,mf_var,Plain MF RF,1
46,53,4,mf_var,Plain MF RF,1
46,54,8,mf_var,Plain MF RF,1
46,55,8,mf_var,Plain MF RF,1
47,1,117,mf_var,Plain MF RF,1
47,2,13,mf_var,Plain MF RF,1
47,3,1842,mf_var,Plain MF RF,1
47,4,46,mf_var,Plain MF RF,1
47,5,2871,mf_var,Plain MF RF,1
47,6,68,mf_var,Plain MF RF,1
47,7,2041,mf_var,Plain MF RF,1
47,9,12,mf_var,Plain MF RF,1
47,10,2752,mf_var,Plain MF RF,1
47,11,70,mf_var,Plain MF RF,1
47,12,14,mf_var,Plain MF RF,1
47,13,17,mf_var,Plain MF RF,1
47,14,13,mf_var,Plain MF RF,1
47,15,13,mf_var,Plain MF RF,1
47,16,10,mf_var,Plain MF RF,1
47,17,11,mf_var,Plain MF RF,1
47,18,12,mf_var,Plain MF RF,1
47,19,13,mf_var,Plain MF RF,1
47,20,15,mf_var,Plain MF RF,1
47,21,7359,mf_var,Plain MF RF,1
47,22,19,mf_var,Plain MF RF,1
47,23,10,mf_var,Plain MF RF,1
47,24,16,mf_var,Plain MF RF,1
47,25,12,mf_var,Plain MF RF,1
47,26,1618,mf_var,Plain MF RF,1
47,27,2075,mf_var,Plain MF RF,1
47,28,14296,mf_var,Plain MF RF,1
47,29,8,mf_var,Plain MF RF,1
47,30,15008,mf_var,Plain MF RF,1
47,31,21,mf_var,Plain MF RF,1
47,32,14,mf_var,Plain MF RF,1
47,33,811,mf_var,Plain MF RF,1
47,34,509,mf_var,Plain MF RF,1
47,35,19,mf_var,Plain MF RF,1
47,36,8980,mf_var,Plain MF RF,1
47,37,165,mf_var,Plain MF RF,1
47,38,13,mf_var,Plain MF RF,1
47,39,1248,mf_var,Plain MF RF,1
47,40,36775,mf_var,Plain MF RF,1
47,41,704,mf_var,Plain MF RF,1
47,42,17,mf_var,Plain MF RF,1
47,43,13,mf_var,Plain MF RF,1
47,44,31228,mf_var,Plain MF RF,1
47,45,61,mf_var,Plain MF RF,1
47,46,2092,mf_var,Plain MF RF,1
47,47,201594,mf_var,Plain MF RF,1
47,48,498,mf_var,Plain MF RF,1
47,49,13038,mf_var,Plain MF RF,1
47,50,2164,mf_var,Plain MF RF,1
47,52,3869,mf_var,Plain MF RF,1
47,53,30,mf_var,Plain MF RF,1
47,54,7,mf_var,Plain MF RF,1
47,55,206,mf_var,Plain MF RF,1
48,3,1,mf_var,Plain MF RF,1
48,4,7,mf_var,Plain MF RF,1
48,9,2,mf_var,Plain MF RF,1
48,16,1,mf_var,Plain MF RF,1
48,21,34,mf_var,Plain MF RF,1
48,24,1,mf_var,Plain MF RF,1
48,26,6,mf_var,Plain MF RF,1
48,27,8,mf_var,Plain MF RF,1
48,28,3,mf_var,Plain MF RF,1
48,30,12,mf_var,Plain MF RF,1
48,33,1,mf_var,Plain MF RF,1
48,36,1,mf_var,Plain MF RF,1
48,40,4,mf_var,Plain MF RF,1
48,41,1,mf_var,Plain MF RF,1
48,43,9,mf_var,Plain MF RF,1
48,47,6,mf_var,Plain MF RF,1
48,48,1476,mf_var,Plain MF RF,1
48,49,23,mf_var,Plain MF RF,1
48,53,28,mf_var,Plain MF RF,1
49,1,110,mf_var,Plain MF RF,1
49,2,4,mf_var,Plain MF RF,1
49,3,85,mf_var,Plain MF RF,1
49,4,32,mf_var,Plain MF RF,1
49,5,479,mf_var,Plain MF RF,1
49,6,2,mf_var,Plain MF RF,1
49,7,78,mf_var,Plain MF RF,1
49,9,4,mf_var,Plain MF RF,1
49,10,7723,mf_var,Plain MF RF,1
49,11,7,mf_var,Plain MF RF,1
49,12,7,mf_var,Plain MF RF,1
49,13,6,mf_var,Plain MF RF,1
49,14,6,mf_var,Plain MF RF,1
49,15,7,mf_var,Plain MF RF,1
49,16,5,mf_var,Plain MF RF,1
49,17,9,mf_var,Plain MF RF,1
49,18,7,mf_var,Plain MF RF,1
49,19,5,mf_var,Plain MF RF,1
49,20,27,mf_var,Plain MF RF,1
49,21,3515,mf_var,Plain MF RF,1
49,22,5,mf_var,Plain MF RF,1
49,23,7,mf_var,Plain MF RF,1
49,24,5,mf_var,Plain MF RF,1
49,25,5,mf_var,Plain MF RF,1
49,26,9169,mf_var,Plain MF RF,1
49,27,13,mf_var,Plain MF RF,1
49,28,1493,mf_var,Plain MF RF,1
49,29,8,mf_var,Plain MF RF,1
49,30,20214,mf_var,Plain MF RF,1
49,31,5,mf_var,Plain MF RF,1
49,32,7,mf_var,Plain MF RF,1
49,33,7,mf_var,Plain MF RF,1
49,34,2496,mf_var,Plain MF RF,1
49,35,4,mf_var,Plain MF RF,1
49,36,5008,mf_var,Plain MF RF,1
49,37,12,mf_var,Plain MF RF,1
49,38,8,mf_var,Plain MF RF,1
49,39,1167,mf_var,Plain MF RF,1
49,40,11773,mf_var,Plain MF RF,1
49,41,16,mf_var,Plain MF RF,1
49,42,3,mf_var,Plain MF RF,1
49,43,4,mf_var,Plain MF RF,1
49,44,7407,mf_var,Plain MF RF,1
49,45,123,mf_var,Plain MF RF,1
49,46,1177,mf_var,Plain MF RF,1
49,47,3115,mf_var,Plain MF RF,1
49,48,51,mf_var,Plain MF RF,1
49,49,70339,mf_var,Plain MF RF,1
49,50,422,mf_var,Plain MF RF,1
49,52,9742,mf_var,Plain MF RF,1
49,53,1427,mf_var,Plain MF RF,1
49,54,41,mf_var,Plain MF RF,1
49,55,362,mf_var,Plain MF RF,1
50,2,4,mf_var,Plain MF RF,1
50,6,1,mf_var,Plain MF RF,1
50,7,3,mf_var,Plain MF RF,1
50,10,26,mf_var,Plain MF RF,1
50,11,1,mf_var,Plain MF RF,1
50,13,1,mf_var,Plain MF RF,1
50,15,1,mf_var,Plain MF RF,1
50,16,1,mf_var,Plain MF RF,1
50,17,1,mf_var,Plain MF RF,1
50,18,2,mf_var,Plain MF RF,1
50,21,12,mf_var,Plain MF RF,1
50,22,1,mf_var,Plain MF RF,1
50,23,1,mf_var,Plain MF RF,1
50,24,1,mf_var,Plain MF RF,1
50,26,1,mf_var,Plain MF RF,1
50,28,37,mf_var,Plain MF RF,1
50,29,1,mf_var,Plain MF RF,1
50,30,5,mf_var,Plain MF RF,1
50,31,1,mf_var,Plain MF RF,1
50,34,5,mf_var,Plain MF RF,1
50,35,1,mf_var,Plain MF RF,1
50,39,59,mf_var,Plain MF RF,1
50,40,36,mf_var,Plain MF RF,1
50,42,1,mf_var,Plain MF RF,1
50,43,1,mf_var,Plain MF RF,1
50,44,36,mf_var,Plain MF RF,1
50,46,16,mf_var,Plain MF RF,1
50,47,18,mf_var,Plain MF RF,1
50,49,1,mf_var,Plain MF RF,1
50,50,1956,mf_var,Plain MF RF,1
50,53,54,mf_var,Plain MF RF,1
50,54,3,mf_var,Plain MF RF,1
50,55,4,mf_var,Plain MF RF,1
52,1,8,mf_var,Plain MF RF,1
52,2,4,mf_var,Plain MF RF,1
52,3,3,mf_var,Plain MF RF,1
52,4,7,mf_var,Plain MF RF,1
52,5,10,mf_var,Plain MF RF,1
52,6,6,mf_var,Plain MF RF,1
52,7,15,mf_var,Plain MF RF,1
52,9,6,mf_var,Plain MF RF,1
52,10,12,mf_var,Plain MF RF,1
52,11,5,mf_var,Plain MF RF,1
52,12,9,mf_var,Plain MF RF,1
52,13,9,mf_var,Plain MF RF,1
52,14,6,mf_var,Plain MF RF,1
52,15,8,mf_var,Plain MF RF,1
52,16,4,mf_var,Plain MF RF,1
52,17,5,mf_var,Plain MF RF,1
52,18,9,mf_var,Plain MF RF,1
52,19,7,mf_var,Plain MF RF,1
52,20,7,mf_var,Plain MF RF,1
52,21,28,mf_var,Plain MF RF,1
52,22,8,mf_var,Plain MF RF,1
52,23,7,mf_var,Plain MF RF,1
52,24,7,mf_var,Plain MF RF,1
52,25,13,mf_var,Plain MF RF,1
52,26,58,mf_var,Plain MF RF,1
52,27,4,mf_var,Plain MF RF,1
52,28,13,mf_var,Plain MF RF,1
52,29,12,mf_var,Plain MF RF,1
52,30,3,mf_var,Plain MF RF,1
52,31,9,mf_var,Plain MF RF,1
52,32,12,mf_var,Plain MF RF,1
52,33,5,mf_var,Plain MF RF,1
52,34,3,mf_var,Plain MF RF,1
52,35,6,mf_var,Plain MF RF,1
52,36,2,mf_var,Plain MF RF,1
52,37,6,mf_var,Plain MF RF,1
52,38,4,mf_var,Plain MF RF,1
52,39,6,mf_var,Plain MF RF,1
52,40,302,mf_var,Plain MF RF,1
52,41,7,mf_var,Plain MF RF,1
52,42,5,mf_var,Plain MF RF,1
52,43,6,mf_var,Plain MF RF,1
52,44,183,mf_var,Plain MF RF,1
52,45,6,mf_var,Plain MF RF,1
52,46,6,mf_var,Plain MF RF,1
52,47,42,mf_var,Plain MF RF,1
52,49,1156,mf_var,Plain MF RF,1
52,50,5,mf_var,Plain MF RF,1
52,52,20440,mf_var,Plain MF RF,1
52,53,630,mf_var,Plain MF RF,1
52,54,7,mf_var,Plain MF RF,1
52,55,494,mf_var,Plain MF RF,1
53,1,16,mf_var,Plain MF RF,1
53,2,81,mf_var,Plain MF RF,1
53,3,15,mf_var,Plain MF RF,1
53,4,20,mf_var,Plain MF RF,1
53,5,23,mf_var,Plain MF RF,1
53,6,10,mf_var,Plain MF RF,1
53,7,14,mf_var,Plain MF RF,1
53,9,20,mf_var,Plain MF RF,1
53,10,19,mf_var,Plain MF RF,1
53,11,14,mf_var,Plain MF RF,1
53,12,17,mf_var,Plain MF RF,1
53,13,25,mf_var,Plain MF RF,1
53,14,17,mf_var,Plain MF RF,1
53,15,22,mf_var,Plain MF RF,1
53,16,18,mf_var,Plain MF RF,1
53,17,16,mf_var,Plain MF RF,1
53,18,20,mf_var,Plain MF RF,1
53,19,18,mf_var,Plain MF RF,1
53,20,17,mf_var,Plain MF RF,1
53,21,1979,mf_var,Plain MF RF,1
53,22,15,mf_var,Plain MF RF,1
53,23,18,mf_var,Plain MF RF,1
53,24,19,mf_var,Plain MF RF,1
53,25,17,mf_var,Plain MF RF,1
53,26,456,mf_var,Plain MF RF,1
53,27,6,mf_var,Plain MF RF,1
53,28,71,mf_var,Plain MF RF,1
53,29,24,mf_var,Plain MF RF,1
53,30,366,mf_var,Plain MF RF,1
53,31,19,mf_var,Plain MF RF,1
53,32,12,mf_var,Plain MF RF,1
53,33,15,mf_var,Plain MF RF,1
53,34,218,mf_var,Plain MF RF,1
53,35,19,mf_var,Plain MF RF,1
53,36,31,mf_var,Plain MF RF,1
53,37,19,mf_var,Plain MF RF,1
53,38,17,mf_var,Plain MF RF,1
53,39,53,mf_var,Plain MF RF,1
53,40,1069,mf_var,Plain MF RF,1
53,41,9,mf_var,Plain MF RF,1
53,42,20,mf_var,Plain MF RF,1
53,43,18,mf_var,Plain MF RF,1
53,44,2362,mf_var,Plain MF RF,1
53,45,18,mf_var,Plain MF RF,1
53,46,26,mf_var,Plain MF RF,1
53,47,38,mf_var,Plain MF RF,1
53,48,29,mf_var,Plain MF RF,1
53,49,1196,mf_var,Plain MF RF,1
53,50,479,mf_var,Plain MF RF,1
53,52,1918,mf_var,Plain MF RF,1
53,53,49790,mf_var,Plain MF RF,1
53,54,1774,mf_var,Plain MF RF,1
53,55,1967,mf_var,Plain MF RF,1
54,1,1,mf_var,Plain MF RF,1
54,2,4,mf_var,Plain MF RF,1
54,3,1,mf_var,Plain MF RF,1
54,4,3,mf_var,Plain MF RF,1
54,5,1,mf_var,Plain MF RF,1
54,6,1,mf_var,Plain MF RF,1
54,7,6,mf_var,Plain MF RF,1
54,9,3,mf_var,Plain MF RF,1
54,10,6,mf_var,Plain MF RF,1
54,11,1,mf_var,Plain MF RF,1
54,12,5,mf_var,Plain MF RF,1
54,13,5,mf_var,Plain MF RF,1
54,14,6,mf_var,Plain MF RF,1
54,16,5,mf_var,Plain MF RF,1
54,17,5,mf_var,Plain MF RF,1
54,18,5,mf_var,Plain MF RF,1
54,19,3,mf_var,Plain MF RF,1
54,20,5,mf_var,Plain MF RF,1
54,21,169,mf_var,Plain MF RF,1
54,22,3,mf_var,Plain MF RF,1
54,23,1,mf_var,Plain MF RF,1
54,24,4,mf_var,Plain MF RF,1
54,25,3,mf_var,Plain MF RF,1
54,26,3,mf_var,Plain MF RF,1
54,27,2,mf_var,Plain MF RF,1
54,28,4,mf_var,Plain MF RF,1
54,29,4,mf_var,Plain MF RF,1
54,30,11,mf_var,Plain MF RF,1
54,31,3,mf_var,Plain MF RF,1
54,32,2,mf_var,Plain MF RF,1
54,33,2,mf_var,Plain MF RF,1
54,34,15,mf_var,Plain MF RF,1
54,35,4,mf_var,Plain MF RF,1
54,36,16,mf_var,Plain MF RF,1
54,37,1,mf_var,Plain MF RF,1
54,38,4,mf_var,Plain MF RF,1
54,39,2,mf_var,Plain MF RF,1
54,40,59,mf_var,Plain MF RF,1
54,41,4,mf_var,Plain MF RF,1
54,42,4,mf_var,Plain MF RF,1
54,43,2,mf_var,Plain MF RF,1
54,44,201,mf_var,Plain MF RF,1
54,45,7,mf_var,Plain MF RF,1
54,46,6,mf_var,Plain MF RF,1
54,47,4,mf_var,Plain MF RF,1
54,48,1,mf_var,Plain MF RF,1
54,49,6,mf_var,Plain MF RF,1
54,50,27,mf_var,Plain MF RF,1
54,52,2,mf_var,Plain MF RF,1
54,53,157,mf_var,Plain MF RF,1
54,54,10745,mf_var,Plain MF RF,1
54,55,4,mf_var,Plain MF RF,1
55,1,1,mf_var,Plain MF RF,1
55,21,11,mf_var,Plain MF RF,1
55,28,48,mf_var,Plain MF RF,1
55,36,6,mf_var,Plain MF RF,1
55,38,1,mf_var,Plain MF RF,1
55,40,89,mf_var,Plain MF RF,1
55,44,185,mf_var,Plain MF RF,1
55,49,4,mf_var,Plain MF RF,1
55,50,6,mf_var,Plain MF RF,1
55,52,398,mf_var,Plain MF RF,1
55,53,229,mf_var,Plain MF RF,1
55,55,5405,mf_var,Plain MF RF,1
1,1,13496,mf_var,Plain MF RF,3
1,2,6,mf_var,Plain MF RF,3
1,3,10,mf_var,Plain MF RF,3
1,4,1,mf_var,Plain MF RF,3
1,5,13,mf_var,Plain MF RF,3
1,6,6,mf_var,Plain MF RF,3
1,7,81,mf_var,Plain MF RF,3
1,10,81,mf_var,Plain MF RF,3
1,12,1,mf_var,Plain MF RF,3
1,13,192,mf_var,Plain MF RF,3
1,14,2,mf_var,Plain MF RF,3
1,15,1,mf_var,Plain MF RF,3
1,16,22,mf_var,Plain MF RF,3
1,17,53,mf_var,Plain MF RF,3
1,18,63,mf_var,Plain MF RF,3
1,19,2,mf_var,Plain MF RF,3
1,20,17,mf_var,Plain MF RF,3
1,21,98,mf_var,Plain MF RF,3
1,22,1,mf_var,Plain MF RF,3
1,24,4,mf_var,Plain MF RF,3
1,25,150,mf_var,Plain MF RF,3
1,26,4,mf_var,Plain MF RF,3
1,27,1,mf_var,Plain MF RF,3
1,28,7,mf_var,Plain MF RF,3
1,29,2,mf_var,Plain MF RF,3
1,30,7,mf_var,Plain MF RF,3
1,31,81,mf_var,Plain MF RF,3
1,32,9,mf_var,Plain MF RF,3
1,33,50,mf_var,Plain MF RF,3
1,34,2,mf_var,Plain MF RF,3
1,35,1,mf_var,Plain MF RF,3
1,36,2,mf_var,Plain MF RF,3
1,37,7,mf_var,Plain MF RF,3
1,38,2,mf_var,Plain MF RF,3
1,39,313,mf_var,Plain MF RF,3
1,40,35,mf_var,Plain MF RF,3
1,41,3,mf_var,Plain MF RF,3
1,42,29,mf_var,Plain MF RF,3
1,43,2,mf_var,Plain MF RF,3
1,44,16,mf_var,Plain MF RF,3
1,45,138,mf_var,Plain MF RF,3
1,46,59,mf_var,Plain MF RF,3
1,47,44,mf_var,Plain MF RF,3
1,48,6,mf_var,Plain MF RF,3
1,49,4,mf_var,Plain MF RF,3
1,50,131,mf_var,Plain MF RF,3
1,52,1,mf_var,Plain MF RF,3
1,53,2,mf_var,Plain MF RF,3
1,54,3,mf_var,Plain MF RF,3
1,55,2,mf_var,Plain MF RF,3
2,1,639,mf_var,Plain MF RF,3
2,2,253707,mf_var,Plain MF RF,3
2,3,3795,mf_var,Plain MF RF,3
2,4,679,mf_var,Plain MF RF,3
2,5,2514,mf_var,Plain MF RF,3
2,6,714,mf_var,Plain MF RF,3
2,7,1454,mf_var,Plain MF RF,3
2,9,912,mf_var,Plain MF RF,3
2,10,786,mf_var,Plain MF RF,3
2,11,3259,mf_var,Plain MF RF,3
2,12,781,mf_var,Plain MF RF,3
2,13,2811,mf_var,Plain MF RF,3
2,14,205,mf_var,Plain MF RF,3
2,15,18,mf_var,Plain MF RF,3
2,16,3515,mf_var,Plain MF RF,3
2,17,282,mf_var,Plain MF RF,3
2,18,3302,mf_var,Plain MF RF,3
2,19,14,mf_var,Plain MF RF,3
2,20,332,mf_var,Plain MF RF,3
2,21,15,mf_var,Plain MF RF,3
2,22,153,mf_var,Plain MF RF,3
2,23,14,mf_var,Plain MF RF,3
2,24,113,mf_var,Plain MF RF,3
2,25,715,mf_var,Plain MF RF,3
2,26,32,mf_var,Plain MF RF,3
2,27,561,mf_var,Plain MF RF,3
2,28,169,mf_var,Plain MF RF,3
2,29,8,mf_var,Plain MF RF,3
2,30,143,mf_var,Plain MF RF,3
2,31,328,mf_var,Plain MF RF,3
2,32,93,mf_var,Plain MF RF,3
2,33,102,mf_var,Plain MF RF,3
2,34,148,mf_var,Plain MF RF,3
2,35,16,mf_var,Plain MF RF,3
2,36,82,mf_var,Plain MF RF,3
2,37,45,mf_var,Plain MF RF,3
2,38,10,mf_var,Plain MF RF,3
2,39,45,mf_var,Plain MF RF,3
2,40,30,mf_var,Plain MF RF,3
2,41,174,mf_var,Plain MF RF,3
2,42,72,mf_var,Plain MF RF,3
2,43,1,mf_var,Plain MF RF,3
2,44,218,mf_var,Plain MF RF,3
2,45,43,mf_var,Plain MF RF,3
2,46,53,mf_var,Plain MF RF,3
2,47,7,mf_var,Plain MF RF,3
2,48,13,mf_var,Plain MF RF,3
2,49,10,mf_var,Plain MF RF,3
2,50,104,mf_var,Plain MF RF,3
2,52,25,mf_var,Plain MF RF,3
2,53,500,mf_var,Plain MF RF,3
2,54,10,mf_var,Plain MF RF,3
2,55,272,mf_var,Plain MF RF,3
3,1,1020,mf_var,Plain MF RF,3
3,2,4673,mf_var,Plain MF RF,3
3,3,474975,mf_var,Plain MF RF,3
3,4,1995,mf_var,Plain MF RF,3
3,5,3636,mf_var,Plain MF RF,3
3,6,2078,mf_var,Plain MF RF,3
3,7,7681,mf_var,Plain MF RF,3
3,9,734,mf_var,Plain MF RF,3
3,10,1977,mf_var,Plain MF RF,3
3,11,3857,mf_var,Plain MF RF,3
3,12,5186,mf_var,Plain MF RF,3
3,13,3400,mf_var,Plain MF RF,3
3,14,1199,mf_var,Plain MF RF,3
3,15,1495,mf_var,Plain MF RF,3
3,16,39,mf_var,Plain MF RF,3
3,17,17,mf_var,Plain MF RF,3
3,18,1289,mf_var,Plain MF RF,3
3,19,40,mf_var,Plain MF RF,3
3,20,11,mf_var,Plain MF RF,3
3,21,296,mf_var,Plain MF RF,3
3,22,99,mf_var,Plain MF RF,3
3,23,159,mf_var,Plain MF RF,3
3,24,1521,mf_var,Plain MF RF,3
3,25,298,mf_var,Plain MF RF,3
3,26,275,mf_var,Plain MF RF,3
3,27,7871,mf_var,Plain MF RF,3
3,28,3258,mf_var,Plain MF RF,3
3,29,18,mf_var,Plain MF RF,3
3,30,501,mf_var,Plain MF RF,3
3,31,18,mf_var,Plain MF RF,3
3,32,269,mf_var,Plain MF RF,3
3,33,6047,mf_var,Plain MF RF,3
3,34,214,mf_var,Plain MF RF,3
3,35,11,mf_var,Plain MF RF,3
3,36,1812,mf_var,Plain MF RF,3
3,37,3728,mf_var,Plain MF RF,3
3,38,9,mf_var,Plain MF RF,3
3,39,723,mf_var,Plain MF RF,3
3,40,239,mf_var,Plain MF RF,3
3,41,6268,mf_var,Plain MF RF,3
3,42,4,mf_var,Plain MF RF,3
3,43,12,mf_var,Plain MF RF,3
3,44,825,mf_var,Plain MF RF,3
3,45,88,mf_var,Plain MF RF,3
3,46,615,mf_var,Plain MF RF,3
3,47,1684,mf_var,Plain MF RF,3
3,48,11,mf_var,Plain MF RF,3
3,49,109,mf_var,Plain MF RF,3
3,50,28,mf_var,Plain MF RF,3
3,52,14,mf_var,Plain MF RF,3
3,53,9,mf_var,Plain MF RF,3
3,54,19,mf_var,Plain MF RF,3
3,55,19,mf_var,Plain MF RF,3
4,1,29,mf_var,Plain MF RF,3
4,2,709,mf_var,Plain MF RF,3
4,3,1076,mf_var,Plain MF RF,3
4,4,79257,mf_var,Plain MF RF,3
4,5,755,mf_var,Plain MF RF,3
4,6,309,mf_var,Plain MF RF,3
4,7,363,mf_var,Plain MF RF,3
4,9,149,mf_var,Plain MF RF,3
4,10,9,mf_var,Plain MF RF,3
4,11,1437,mf_var,Plain MF RF,3
4,12,624,mf_var,Plain MF RF,3
4,13,2455,mf_var,Plain MF RF,3
4,14,1021,mf_var,Plain MF RF,3
4,15,776,mf_var,Plain MF RF,3
4,16,518,mf_var,Plain MF RF,3
4,17,263,mf_var,Plain MF RF,3
4,18,36,mf_var,Plain MF RF,3
4,19,25,mf_var,Plain MF RF,3
4,20,212,mf_var,Plain MF RF,3
4,21,32,mf_var,Plain MF RF,3
4,22,264,mf_var,Plain MF RF,3
4,23,63,mf_var,Plain MF RF,3
4,24,7,mf_var,Plain MF RF,3
4,25,66,mf_var,Plain MF RF,3
4,26,23,mf_var,Plain MF RF,3
4,27,450,mf_var,Plain MF RF,3
4,28,3,mf_var,Plain MF RF,3
4,29,3,mf_var,Plain MF RF,3
4,30,107,mf_var,Plain MF RF,3
4,31,14,mf_var,Plain MF RF,3
4,32,7,mf_var,Plain MF RF,3
4,33,102,mf_var,Plain MF RF,3
4,34,7,mf_var,Plain MF RF,3
4,35,14,mf_var,Plain MF RF,3
4,36,4,mf_var,Plain MF RF,3
4,37,3,mf_var,Plain MF RF,3
4,38,6,mf_var,Plain MF RF,3
4,39,59,mf_var,Plain MF RF,3
4,40,2,mf_var,Plain MF RF,3
4,41,6,mf_var,Plain MF RF,3
4,42,4,mf_var,Plain MF RF,3
4,43,5,mf_var,Plain MF RF,3
4,44,9,mf_var,Plain MF RF,3
4,45,10,mf_var,Plain MF RF,3
4,46,10,mf_var,Plain MF RF,3
4,47,4,mf_var,Plain MF RF,3
4,48,19,mf_var,Plain MF RF,3
4,49,4,mf_var,Plain MF RF,3
4,50,51,mf_var,Plain MF RF,3
4,52,6,mf_var,Plain MF RF,3
4,53,6,mf_var,Plain MF RF,3
4,54,5,mf_var,Plain MF RF,3
4,55,7,mf_var,Plain MF RF,3
5,1,472,mf_var,Plain MF RF,3
5,2,1674,mf_var,Plain MF RF,3
5,3,2120,mf_var,Plain MF RF,3
5,4,692,mf_var,Plain MF RF,3
5,5,146440,mf_var,Plain MF RF,3
5,6,631,mf_var,Plain MF RF,3
5,7,2436,mf_var,Plain MF RF,3
5,9,188,mf_var,Plain MF RF,3
5,10,2151,mf_var,Plain MF RF,3
5,11,2028,mf_var,Plain MF RF,3
5,12,2693,mf_var,Plain MF RF,3
5,13,3640,mf_var,Plain MF RF,3
5,14,1985,mf_var,Plain MF RF,3
5,15,838,mf_var,Plain MF RF,3
5,16,2220,mf_var,Plain MF RF,3
5,17,316,mf_var,Plain MF RF,3
5,18,361,mf_var,Plain MF RF,3
5,19,7,mf_var,Plain MF RF,3
5,20,690,mf_var,Plain MF RF,3
5,21,1061,mf_var,Plain MF RF,3
5,22,286,mf_var,Plain MF RF,3
5,23,80,mf_var,Plain MF RF,3
5,24,936,mf_var,Plain MF RF,3
5,25,869,mf_var,Plain MF RF,3
5,26,936,mf_var,Plain MF RF,3
5,27,1727,mf_var,Plain MF RF,3
5,28,140,mf_var,Plain MF RF,3
5,29,56,mf_var,Plain MF RF,3
5,30,291,mf_var,Plain MF RF,3
5,31,73,mf_var,Plain MF RF,3
5,32,59,mf_var,Plain MF RF,3
5,33,1713,mf_var,Plain MF RF,3
5,34,283,mf_var,Plain MF RF,3
5,35,108,mf_var,Plain MF RF,3
5,36,885,mf_var,Plain MF RF,3
5,37,369,mf_var,Plain MF RF,3
5,38,8,mf_var,Plain MF RF,3
5,39,1156,mf_var,Plain MF RF,3
5,40,825,mf_var,Plain MF RF,3
5,41,1646,mf_var,Plain MF RF,3
5,42,206,mf_var,Plain MF RF,3
5,43,5,mf_var,Plain MF RF,3
5,44,1252,mf_var,Plain MF RF,3
5,45,291,mf_var,Plain MF RF,3
5,46,1585,mf_var,Plain MF RF,3
5,47,1466,mf_var,Plain MF RF,3
5,48,10,mf_var,Plain MF RF,3
5,49,486,mf_var,Plain MF RF,3
5,50,34,mf_var,Plain MF RF,3
5,52,11,mf_var,Plain MF RF,3
5,53,11,mf_var,Plain MF RF,3
5,54,10,mf_var,Plain MF RF,3
5,55,7,mf_var,Plain MF RF,3
6,1,31,mf_var,Plain MF RF,3
6,2,430,mf_var,Plain MF RF,3
6,3,420,mf_var,Plain MF RF,3
6,4,200,mf_var,Plain MF RF,3
6,5,204,mf_var,Plain MF RF,3
6,6,80843,mf_var,Plain MF RF,3
6,7,263,mf_var,Plain MF RF,3
6,9,115,mf_var,Plain MF RF,3
6,10,112,mf_var,Plain MF RF,3
6,11,601,mf_var,Plain MF RF,3
6,12,651,mf_var,Plain MF RF,3
6,13,63,mf_var,Plain MF RF,3
6,14,50,mf_var,Plain MF RF,3
6,15,371,mf_var,Plain MF RF,3
6,16,46,mf_var,Plain MF RF,3
6,17,25,mf_var,Plain MF RF,3
6,18,85,mf_var,Plain MF RF,3
6,19,15,mf_var,Plain MF RF,3
6,20,12,mf_var,Plain MF RF,3
6,21,1613,mf_var,Plain MF RF,3
6,22,47,mf_var,Plain MF RF,3
6,23,186,mf_var,Plain MF RF,3
6,24,1070,mf_var,Plain MF RF,3
6,25,718,mf_var,Plain MF RF,3
6,26,53,mf_var,Plain MF RF,3
6,27,570,mf_var,Plain MF RF,3
6,28,37,mf_var,Plain MF RF,3
6,29,35,mf_var,Plain MF RF,3
6,30,322,mf_var,Plain MF RF,3
6,31,194,mf_var,Plain MF RF,3
6,32,10,mf_var,Plain MF RF,3
6,33,93,mf_var,Plain MF RF,3
6,34,19,mf_var,Plain MF RF,3
6,35,25,mf_var,Plain MF RF,3
6,36,33,mf_var,Plain MF RF,3
6,37,120,mf_var,Plain MF RF,3
6,38,17,mf_var,Plain MF RF,3
6,39,12,mf_var,Plain MF RF,3
6,40,11,mf_var,Plain MF RF,3
6,41,18,mf_var,Plain MF RF,3
6,42,90,mf_var,Plain MF RF,3
6,43,8,mf_var,Plain MF RF,3
6,44,16,mf_var,Plain MF RF,3
6,45,29,mf_var,Plain MF RF,3
6,46,13,mf_var,Plain MF RF,3
6,47,156,mf_var,Plain MF RF,3
6,48,14,mf_var,Plain MF RF,3
6,49,159,mf_var,Plain MF RF,3
6,50,16,mf_var,Plain MF RF,3
6,52,14,mf_var,Plain MF RF,3
6,53,7,mf_var,Plain MF RF,3
6,54,14,mf_var,Plain MF RF,3
6,55,18,mf_var,Plain MF RF,3
7,1,850,mf_var,Plain MF RF,3
7,2,1667,mf_var,Plain MF RF,3
7,3,2848,mf_var,Plain MF RF,3
7,4,868,mf_var,Plain MF RF,3
7,5,1134,mf_var,Plain MF RF,3
7,6,555,mf_var,Plain MF RF,3
7,7,175384,mf_var,Plain MF RF,3
7,9,521,mf_var,Plain MF RF,3
7,10,859,mf_var,Plain MF RF,3
7,11,1157,mf_var,Plain MF RF,3
7,12,1931,mf_var,Plain MF RF,3
7,13,3226,mf_var,Plain MF RF,3
7,14,1741,mf_var,Plain MF RF,3
7,15,1689,mf_var,Plain MF RF,3
7,16,233,mf_var,Plain MF RF,3
7,17,3,mf_var,Plain MF RF,3
7,18,944,mf_var,Plain MF RF,3
7,19,385,mf_var,Plain MF RF,3
7,20,208,mf_var,Plain MF RF,3
7,21,621,mf_var,Plain MF RF,3
7,22,21,mf_var,Plain MF RF,3
7,23,1477,mf_var,Plain MF RF,3
7,24,2415,mf_var,Plain MF RF,3
7,25,1933,mf_var,Plain MF RF,3
7,26,611,mf_var,Plain MF RF,3
7,27,1907,mf_var,Plain MF RF,3
7,28,1048,mf_var,Plain MF RF,3
7,29,146,mf_var,Plain MF RF,3
7,30,145,mf_var,Plain MF RF,3
7,31,373,mf_var,Plain MF RF,3
7,32,648,mf_var,Plain MF RF,3
7,33,3390,mf_var,Plain MF RF,3
7,34,473,mf_var,Plain MF RF,3
7,35,263,mf_var,Plain MF RF,3
7,36,1773,mf_var,Plain MF RF,3
7,37,605,mf_var,Plain MF RF,3
7,38,6,mf_var,Plain MF RF,3
7,39,590,mf_var,Plain MF RF,3
7,40,842,mf_var,Plain MF RF,3
7,41,2293,mf_var,Plain MF RF,3
7,42,228,mf_var,Plain MF RF,3
7,43,4,mf_var,Plain MF RF,3
7,44,894,mf_var,Plain MF RF,3
7,45,120,mf_var,Plain MF RF,3
7,46,349,mf_var,Plain MF RF,3
7,47,490,mf_var,Plain MF RF,3
7,48,1,mf_var,Plain MF RF,3
7,49,1018,mf_var,Plain MF RF,3
7,50,59,mf_var,Plain MF RF,3
7,52,5,mf_var,Plain MF RF,3
7,53,1,mf_var,Plain MF RF,3
7,54,5,mf_var,Plain MF RF,3
7,55,9,mf_var,Plain MF RF,3
9,2,13,mf_var,Plain MF RF,3
9,3,111,mf_var,Plain MF RF,3
9,4,24,mf_var,Plain MF RF,3
9,5,9,mf_var,Plain MF RF,3
9,7,7,mf_var,Plain MF RF,3
9,9,29925,mf_var,Plain MF RF,3
9,10,7,mf_var,Plain MF RF,3
9,11,198,mf_var,Plain MF RF,3
9,12,36,mf_var,Plain MF RF,3
9,13,42,mf_var,Plain MF RF,3
9,14,45,mf_var,Plain MF RF,3
9,15,2,mf_var,Plain MF RF,3
9,16,3,mf_var,Plain MF RF,3
9,17,1,mf_var,Plain MF RF,3
9,18,5,mf_var,Plain MF RF,3
9,20,2,mf_var,Plain MF RF,3
9,21,1,mf_var,Plain MF RF,3
9,22,1,mf_var,Plain MF RF,3
9,24,1,mf_var,Plain MF RF,3
9,25,4,mf_var,Plain MF RF,3
9,26,2,mf_var,Plain MF RF,3
9,27,26,mf_var,Plain MF RF,3
9,28,1,mf_var,Plain MF RF,3
9,29,1,mf_var,Plain MF RF,3
9,30,1,mf_var,Plain MF RF,3
9,31,1,mf_var,Plain MF RF,3
9,34,3,mf_var,Plain MF RF,3
9,35,2,mf_var,Plain MF RF,3
9,36,4,mf_var,Plain MF RF,3
9,37,2,mf_var,Plain MF RF,3
9,38,1,mf_var,Plain MF RF,3
9,42,2,mf_var,Plain MF RF,3
9,45,1,mf_var,Plain MF RF,3
9,46,1,mf_var,Plain MF RF,3
9,48,4,mf_var,Plain MF RF,3
9,49,2,mf_var,Plain MF RF,3
9,52,2,mf_var,Plain MF RF,3
9,54,4,mf_var,Plain MF RF,3
9,55,3,mf_var,Plain MF RF,3
10,1,446,mf_var,Plain MF RF,3
10,2,12,mf_var,Plain MF RF,3
10,3,485,mf_var,Plain MF RF,3
10,4,9,mf_var,Plain MF RF,3
10,5,285,mf_var,Plain MF RF,3
10,6,8,mf_var,Plain MF RF,3
10,7,116,mf_var,Plain MF RF,3
10,9,123,mf_var,Plain MF RF,3
10,10,120939,mf_var,Plain MF RF,3
10,11,19,mf_var,Plain MF RF,3
10,12,32,mf_var,Plain MF RF,3
10,13,80,mf_var,Plain MF RF,3
10,14,19,mf_var,Plain MF RF,3
10,15,29,mf_var,Plain MF RF,3
10,16,1679,mf_var,Plain MF RF,3
10,17,10,mf_var,Plain MF RF,3
10,18,2026,mf_var,Plain MF RF,3
10,19,12,mf_var,Plain MF RF,3
10,20,1388,mf_var,Plain MF RF,3
10,21,33,mf_var,Plain MF RF,3
10,22,18,mf_var,Plain MF RF,3
10,23,20,mf_var,Plain MF RF,3
10,24,13,mf_var,Plain MF RF,3
10,25,2,mf_var,Plain MF RF,3
10,26,155,mf_var,Plain MF RF,3
10,27,15,mf_var,Plain MF RF,3
10,28,461,mf_var,Plain MF RF,3
10,29,15,mf_var,Plain MF RF,3
10,30,605,mf_var,Plain MF RF,3
10,31,39,mf_var,Plain MF RF,3
10,32,7,mf_var,Plain MF RF,3
10,33,180,mf_var,Plain MF RF,3
10,34,1068,mf_var,Plain MF RF,3
10,35,10,mf_var,Plain MF RF,3
10,36,659,mf_var,Plain MF RF,3
10,37,27,mf_var,Plain MF RF,3
10,38,15,mf_var,Plain MF RF,3
10,39,4122,mf_var,Plain MF RF,3
10,40,741,mf_var,Plain MF RF,3
10,41,14,mf_var,Plain MF RF,3
10,42,15,mf_var,Plain MF RF,3
10,43,207,mf_var,Plain MF RF,3
10,44,183,mf_var,Plain MF RF,3
10,45,610,mf_var,Plain MF RF,3
10,46,6730,mf_var,Plain MF RF,3
10,47,675,mf_var,Plain MF RF,3
10,48,15,mf_var,Plain MF RF,3
10,49,1543,mf_var,Plain MF RF,3
10,50,272,mf_var,Plain MF RF,3
10,52,22,mf_var,Plain MF RF,3
10,53,26,mf_var,Plain MF RF,3
10,54,15,mf_var,Plain MF RF,3
10,55,15,mf_var,Plain MF RF,3
11,1,1,mf_var,Plain MF RF,3
11,2,923,mf_var,Plain MF RF,3
11,3,1265,mf_var,Plain MF RF,3
11,4,2814,mf_var,Plain MF RF,3
11,5,2888,mf_var,Plain MF RF,3
11,6,1101,mf_var,Plain MF RF,3
11,7,3038,mf_var,Plain MF RF,3
11,9,11,mf_var,Plain MF RF,3
11,10,13,mf_var,Plain MF RF,3
11,11,125909,mf_var,Plain MF RF,3
11,12,1161,mf_var,Plain MF RF,3
11,13,2085,mf_var,Plain MF RF,3
11,14,1298,mf_var,Plain MF RF,3
11,15,421,mf_var,Plain MF RF,3
11,16,547,mf_var,Plain MF RF,3
11,17,24,mf_var,Plain MF RF,3
11,18,97,mf_var,Plain MF RF,3
11,19,5,mf_var,Plain MF RF,3
11,20,344,mf_var,Plain MF RF,3
11,21,2,mf_var,Plain MF RF,3
11,22,93,mf_var,Plain MF RF,3
11,23,24,mf_var,Plain MF RF,3
11,24,362,mf_var,Plain MF RF,3
11,25,524,mf_var,Plain MF RF,3
11,26,19,mf_var,Plain MF RF,3
11,27,602,mf_var,Plain MF RF,3
11,28,15,mf_var,Plain MF RF,3
11,29,6,mf_var,Plain MF RF,3
11,30,6,mf_var,Plain MF RF,3
11,31,125,mf_var,Plain MF RF,3
11,32,27,mf_var,Plain MF RF,3
11,33,739,mf_var,Plain MF RF,3
11,34,29,mf_var,Plain MF RF,3
11,35,2,mf_var,Plain MF RF,3
11,36,5,mf_var,Plain MF RF,3
11,37,33,mf_var,Plain MF RF,3
11,38,8,mf_var,Plain MF RF,3
11,39,2,mf_var,Plain MF RF,3
11,40,4,mf_var,Plain MF RF,3
11,41,268,mf_var,Plain MF RF,3
11,42,23,mf_var,Plain MF RF,3
11,43,2,mf_var,Plain MF RF,3
11,44,1,mf_var,Plain MF RF,3
11,45,24,mf_var,Plain MF RF,3
11,46,122,mf_var,Plain MF RF,3
11,47,6,mf_var,Plain MF RF,3
11,48,5,mf_var,Plain MF RF,3
11,49,2,mf_var,Plain MF RF,3
11,50,5,mf_var,Plain MF RF,3
11,52,8,mf_var,Plain MF RF,3
11,53,6,mf_var,Plain MF RF,3
11,54,8,mf_var,Plain MF RF,3
11,55,5,mf_var,Plain MF RF,3
12,1,320,mf_var,Plain MF RF,3
12,2,1216,mf_var,Plain MF RF,3
12,3,12439,mf_var,Plain MF RF,3
12,4,1667,mf_var,Plain MF RF,3
12,5,3031,mf_var,Plain MF RF,3
12,6,2081,mf_var,Plain MF RF,3
12,7,5833,mf_var,Plain MF RF,3
12,9,3216,mf_var,Plain MF RF,3
12,10,15,mf_var,Plain MF RF,3
12,11,3435,mf_var,Plain MF RF,3
12,12,316664,mf_var,Plain MF RF,3
12,13,5476,mf_var,Plain MF RF,3
12,14,2280,mf_var,Plain MF RF,3
12,15,2717,mf_var,Plain MF RF,3
12,16,14,mf_var,Plain MF RF,3
12,17,6,mf_var,Plain MF RF,3
12,18,12,mf_var,Plain MF RF,3
12,19,124,mf_var,Plain MF RF,3
12,20,6,mf_var,Plain MF RF,3
12,21,7,mf_var,Plain MF RF,3
12,22,92,mf_var,Plain MF RF,3
12,23,620,mf_var,Plain MF RF,3
12,24,1977,mf_var,Plain MF RF,3
12,25,1018,mf_var,Plain MF RF,3
12,26,298,mf_var,Plain MF RF,3
12,27,5675,mf_var,Plain MF RF,3
12,28,14,mf_var,Plain MF RF,3
12,29,47,mf_var,Plain MF RF,3
12,30,4,mf_var,Plain MF RF,3
12,31,2,mf_var,Plain MF RF,3
12,32,33,mf_var,Plain MF RF,3
12,33,2623,mf_var,Plain MF RF,3
12,34,28,mf_var,Plain MF RF,3
12,35,4,mf_var,Plain MF RF,3
12,36,7,mf_var,Plain MF RF,3
12,37,26,mf_var,Plain MF RF,3
12,38,9,mf_var,Plain MF RF,3
12,39,10,mf_var,Plain MF RF,3
12,40,6,mf_var,Plain MF RF,3
12,41,990,mf_var,Plain MF RF,3
12,42,7,mf_var,Plain MF RF,3
12,43,9,mf_var,Plain MF RF,3
12,44,12,mf_var,Plain MF RF,3
12,45,44,mf_var,Plain MF RF,3
12,46,32,mf_var,Plain MF RF,3
12,47,3,mf_var,Plain MF RF,3
12,48,12,mf_var,Plain MF RF,3
12,49,12,mf_var,Plain MF RF,3
12,50,8,mf_var,Plain MF RF,3
12,52,7,mf_var,Plain MF RF,3
12,53,3,mf_var,Plain MF RF,3
12,54,11,mf_var,Plain MF RF,3
12,55,11,mf_var,Plain MF RF,3
13,1,589,mf_var,Plain MF RF,3
13,2,1358,mf_var,Plain MF RF,3
13,3,1628,mf_var,Plain MF RF,3
13,4,3988,mf_var,Plain MF RF,3
13,5,4381,mf_var,Plain MF RF,3
13,6,430,mf_var,Plain MF RF,3
13,7,7481,mf_var,Plain MF RF,3
13,9,27,mf_var,Plain MF RF,3
13,10,30,mf_var,Plain MF RF,3
13,11,8584,mf_var,Plain MF RF,3
13,12,4813,mf_var,Plain MF RF,3
13,13,538357,mf_var,Plain MF RF,3
13,14,2835,mf_var,Plain MF RF,3
13,15,6385,mf_var,Plain MF RF,3
13,16,5092,mf_var,Plain MF RF,3
13,17,33,mf_var,Plain MF RF,3
13,18,4110,mf_var,Plain MF RF,3
13,19,164,mf_var,Plain MF RF,3
13,20,1906,mf_var,Plain MF RF,3
13,21,7,mf_var,Plain MF RF,3
13,22,1464,mf_var,Plain MF RF,3
13,23,136,mf_var,Plain MF RF,3
13,24,4025,mf_var,Plain MF RF,3
13,25,4806,mf_var,Plain MF RF,3
13,26,7,mf_var,Plain MF RF,3
13,27,1211,mf_var,Plain MF RF,3
13,28,94,mf_var,Plain MF RF,3
13,29,101,mf_var,Plain MF RF,3
13,30,48,mf_var,Plain MF RF,3
13,31,2636,mf_var,Plain MF RF,3
13,32,1866,mf_var,Plain MF RF,3
13,33,7494,mf_var,Plain MF RF,3
13,34,13,mf_var,Plain MF RF,3
13,35,730,mf_var,Plain MF RF,3
13,36,6,mf_var,Plain MF RF,3
13,37,163,mf_var,Plain MF RF,3
13,38,7,mf_var,Plain MF RF,3
13,39,11,mf_var,Plain MF RF,3
13,40,17,mf_var,Plain MF RF,3
13,41,1000,mf_var,Plain MF RF,3
13,42,777,mf_var,Plain MF RF,3
13,43,13,mf_var,Plain MF RF,3
13,44,8,mf_var,Plain MF RF,3
13,45,13,mf_var,Plain MF RF,3
13,46,36,mf_var,Plain MF RF,3
13,47,15,mf_var,Plain MF RF,3
13,48,5,mf_var,Plain MF RF,3
13,49,17,mf_var,Plain MF RF,3
13,50,11,mf_var,Plain MF RF,3
13,52,15,mf_var,Plain MF RF,3
13,53,6,mf_var,Plain MF RF,3
13,54,9,mf_var,Plain MF RF,3
13,55,13,mf_var,Plain MF RF,3
14,2,18,mf_var,Plain MF RF,3
14,3,36,mf_var,Plain MF RF,3
14,4,163,mf_var,Plain MF RF,3
14,5,81,mf_var,Plain MF RF,3
14,7,157,mf_var,Plain MF RF,3
14,11,257,mf_var,Plain MF RF,3
14,12,114,mf_var,Plain MF RF,3
14,13,108,mf_var,Plain MF RF,3
14,14,30906,mf_var,Plain MF RF,3
14,15,62,mf_var,Plain MF RF,3
14,19,1,mf_var,Plain MF RF,3
14,23,167,mf_var,Plain MF RF,3
14,24,399,mf_var,Plain MF RF,3
14,25,25,mf_var,Plain MF RF,3
14,27,78,mf_var,Plain MF RF,3
14,32,1,mf_var,Plain MF RF,3
14,33,89,mf_var,Plain MF RF,3
14,37,3,mf_var,Plain MF RF,3
15,1,77,mf_var,Plain MF RF,3
15,2,114,mf_var,Plain MF RF,3
15,3,506,mf_var,Plain MF RF,3
15,4,1146,mf_var,Plain MF RF,3
15,5,962,mf_var,Plain MF RF,3
15,6,330,mf_var,Plain MF RF,3
15,7,625,mf_var,Plain MF RF,3
15,9,183,mf_var,Plain MF RF,3
15,10,136,mf_var,Plain MF RF,3
15,11,1439,mf_var,Plain MF RF,3
15,12,1404,mf_var,Plain MF RF,3
15,13,1678,mf_var,Plain MF RF,3
15,14,1159,mf_var,Plain MF RF,3
15,15,210664,mf_var,Plain MF RF,3
15,16,157,mf_var,Plain MF RF,3
15,17,86,mf_var,Plain MF RF,3
15,18,120,mf_var,Plain MF RF,3
15,19,835,mf_var,Plain MF RF,3
15,20,172,mf_var,Plain MF RF,3
15,21,86,mf_var,Plain MF RF,3
15,22,88,mf_var,Plain MF RF,3
15,23,1905,mf_var,Plain MF RF,3
15,24,1812,mf_var,Plain MF RF,3
15,25,1162,mf_var,Plain MF RF,3
15,26,82,mf_var,Plain MF RF,3
15,27,1828,mf_var,Plain MF RF,3
15,28,83,mf_var,Plain MF RF,3
15,29,924,mf_var,Plain MF RF,3
15,30,120,mf_var,Plain MF RF,3
15,31,214,mf_var,Plain MF RF,3
15,32,755,mf_var,Plain MF RF,3
15,33,1815,mf_var,Plain MF RF,3
15,34,107,mf_var,Plain MF RF,3
15,35,248,mf_var,Plain MF RF,3
15,36,90,mf_var,Plain MF RF,3
15,37,150,mf_var,Plain MF RF,3
15,38,458,mf_var,Plain MF RF,3
15,39,73,mf_var,Plain MF RF,3
15,40,76,mf_var,Plain MF RF,3
15,41,128,mf_var,Plain MF RF,3
15,42,412,mf_var,Plain MF RF,3
15,43,142,mf_var,Plain MF RF,3
15,44,108,mf_var,Plain MF RF,3
15,45,87,mf_var,Plain MF RF,3
15,46,128,mf_var,Plain MF RF,3
15,47,94,mf_var,Plain MF RF,3
15,48,76,mf_var,Plain MF RF,3
15,49,107,mf_var,Plain MF RF,3
15,50,78,mf_var,Plain MF RF,3
15,52,109,mf_var,Plain MF RF,3
15,53,79,mf_var,Plain MF RF,3
15,54,80,mf_var,Plain MF RF,3
15,55,94,mf_var,Plain MF RF,3
16,1,3090,mf_var,Plain MF RF,3
16,2,1860,mf_var,Plain MF RF,3
16,3,71,mf_var,Plain MF RF,3
16,4,615,mf_var,Plain MF RF,3
16,5,2747,mf_var,Plain MF RF,3
16,6,124,mf_var,Plain MF RF,3
16,7,332,mf_var,Plain MF RF,3
16,9,9,mf_var,Plain MF RF,3
16,10,10196,mf_var,Plain MF RF,3
16,11,118,mf_var,Plain MF RF,3
16,12,10,mf_var,Plain MF RF,3
16,13,3798,mf_var,Plain MF RF,3
16,14,10,mf_var,Plain MF RF,3
16,15,549,mf_var,Plain MF RF,3
16,16,815577,mf_var,Plain MF RF,3
16,17,146,mf_var,Plain MF RF,3
16,18,9122,mf_var,Plain MF RF,3
16,19,407,mf_var,Plain MF RF,3
16,20,5409,mf_var,Plain MF RF,3
16,21,9,mf_var,Plain MF RF,3
16,22,7769,mf_var,Plain MF RF,3
16,23,201,mf_var,Plain MF RF,3
16,24,440,mf_var,Plain MF RF,3
16,25,2371,mf_var,Plain MF RF,3
16,26,42,mf_var,Plain MF RF,3
16,27,7,mf_var,Plain MF RF,3
16,28,461,mf_var,Plain MF RF,3
16,29,50,mf_var,Plain MF RF,3
16,30,52,mf_var,Plain MF RF,3
16,31,13588,mf_var,Plain MF RF,3
16,32,529,mf_var,Plain MF RF,3
16,33,320,mf_var,Plain MF RF,3
16,34,489,mf_var,Plain MF RF,3
16,35,18,mf_var,Plain MF RF,3
16,36,397,mf_var,Plain MF RF,3
16,37,2,mf_var,Plain MF RF,3
16,38,8,mf_var,Plain MF RF,3
16,39,2822,mf_var,Plain MF RF,3
16,40,63,mf_var,Plain MF RF,3
16,41,6,mf_var,Plain MF RF,3
16,42,4858,mf_var,Plain MF RF,3
16,43,5313,mf_var,Plain MF RF,3
16,44,59,mf_var,Plain MF RF,3
16,45,2538,mf_var,Plain MF RF,3
16,46,14063,mf_var,Plain MF RF,3
16,47,45,mf_var,Plain MF RF,3
16,48,47,mf_var,Plain MF RF,3
16,49,249,mf_var,Plain MF RF,3
16,50,151,mf_var,Plain MF RF,3
16,52,2,mf_var,Plain MF RF,3
16,53,9,mf_var,Plain MF RF,3
16,54,6,mf_var,Plain MF RF,3
16,55,4,mf_var,Plain MF RF,3
17,2,53,mf_var,Plain MF RF,3
17,3,1,mf_var,Plain MF RF,3
17,4,8,mf_var,Plain MF RF,3
17,5,11,mf_var,Plain MF RF,3
17,7,2,mf_var,Plain MF RF,3
17,9,3,mf_var,Plain MF RF,3
17,11,1,mf_var,Plain MF RF,3
17,12,1,mf_var,Plain MF RF,3
17,14,3,mf_var,Plain MF RF,3
17,15,1,mf_var,Plain MF RF,3
17,16,2,mf_var,Plain MF RF,3
17,17,1512,mf_var,Plain MF RF,3
17,19,1,mf_var,Plain MF RF,3
17,20,1,mf_var,Plain MF RF,3
17,21,1,mf_var,Plain MF RF,3
17,22,2,mf_var,Plain MF RF,3
17,23,3,mf_var,Plain MF RF,3
17,24,1,mf_var,Plain MF RF,3
17,25,2,mf_var,Plain MF RF,3
17,26,1,mf_var,Plain MF RF,3
17,27,2,mf_var,Plain MF RF,3
17,29,2,mf_var,Plain MF RF,3
17,30,2,mf_var,Plain MF RF,3
17,32,1,mf_var,Plain MF RF,3
17,34,1,mf_var,Plain MF RF,3
17,35,3,mf_var,Plain MF RF,3
17,36,1,mf_var,Plain MF RF,3
17,37,3,mf_var,Plain MF RF,3
17,38,3,mf_var,Plain MF RF,3
17,39,1,mf_var,Plain MF RF,3
17,40,1,mf_var,Plain MF RF,3
17,41,3,mf_var,Plain MF RF,3
17,42,2,mf_var,Plain MF RF,3
17,44,1,mf_var,Plain MF RF,3
17,45,1,mf_var,Plain MF RF,3
17,48,2,mf_var,Plain MF RF,3
17,52,1,mf_var,Plain MF RF,3
17,54,1,mf_var,Plain MF RF,3
18,1,992,mf_var,Plain MF RF,3
18,2,293,mf_var,Plain MF RF,3
18,3,107,mf_var,Plain MF RF,3
18,4,116,mf_var,Plain MF RF,3
18,5,655,mf_var,Plain MF RF,3
18,7,212,mf_var,Plain MF RF,3
18,10,4497,mf_var,Plain MF RF,3
18,11,132,mf_var,Plain MF RF,3
18,13,2254,mf_var,Plain MF RF,3
18,16,1633,mf_var,Plain MF RF,3
18,17,53,mf_var,Plain MF RF,3
18,18,87557,mf_var,Plain MF RF,3
18,19,2,mf_var,Plain MF RF,3
18,20,667,mf_var,Plain MF RF,3
18,21,4,mf_var,Plain MF RF,3
18,22,468,mf_var,Plain MF RF,3
18,23,12,mf_var,Plain MF RF,3
18,24,226,mf_var,Plain MF RF,3
18,25,421,mf_var,Plain MF RF,3
18,26,36,mf_var,Plain MF RF,3
18,28,364,mf_var,Plain MF RF,3
18,30,16,mf_var,Plain MF RF,3
18,31,848,mf_var,Plain MF RF,3
18,32,36,mf_var,Plain MF RF,3
18,33,233,mf_var,Plain MF RF,3
18,34,504,mf_var,Plain MF RF,3
18,36,524,mf_var,Plain MF RF,3
18,37,10,mf_var,Plain MF RF,3
18,39,4358,mf_var,Plain MF RF,3
18,41,5,mf_var,Plain MF RF,3
18,42,587,mf_var,Plain MF RF,3
18,43,532,mf_var,Plain MF RF,3
18,44,250,mf_var,Plain MF RF,3
18,45,787,mf_var,Plain MF RF,3
18,46,3289,mf_var,Plain MF RF,3
18,47,9,mf_var,Plain MF RF,3
18,49,61,mf_var,Plain MF RF,3
18,50,214,mf_var,Plain MF RF,3
19,1,75,mf_var,Plain MF RF,3
19,2,21,mf_var,Plain MF RF,3
19,3,35,mf_var,Plain MF RF,3
19,4,46,mf_var,Plain MF RF,3
19,5,34,mf_var,Plain MF RF,3
19,6,67,mf_var,Plain MF RF,3
19,7,201,mf_var,Plain MF RF,3
19,9,20,mf_var,Plain MF RF,3
19,10,418,mf_var,Plain MF RF,3
19,11,27,mf_var,Plain MF RF,3
19,12,64,mf_var,Plain MF RF,3
19,13,300,mf_var,Plain MF RF,3
19,14,1503,mf_var,Plain MF RF,3
19,15,5412,mf_var,Plain MF RF,3
19,16,3745,mf_var,Plain MF RF,3
19,17,25,mf_var,Plain MF RF,3
19,18,430,mf_var,Plain MF RF,3
19,19,607799,mf_var,Plain MF RF,3
19,20,38064,mf_var,Plain MF RF,3
19,21,23,mf_var,Plain MF RF,3
19,22,3777,mf_var,Plain MF RF,3
19,23,5508,mf_var,Plain MF RF,3
19,24,6788,mf_var,Plain MF RF,3
19,25,787,mf_var,Plain MF RF,3
19,26,23,mf_var,Plain MF RF,3
19,27,712,mf_var,Plain MF RF,3
19,28,107,mf_var,Plain MF RF,3
19,29,804,mf_var,Plain MF RF,3
19,30,10,mf_var,Plain MF RF,3
19,31,6507,mf_var,Plain MF RF,3
19,32,1501,mf_var,Plain MF RF,3
19,33,148,mf_var,Plain MF RF,3
19,34,18,mf_var,Plain MF RF,3
19,35,88,mf_var,Plain MF RF,3
19,36,25,mf_var,Plain MF RF,3
19,37,46,mf_var,Plain MF RF,3
19,38,950,mf_var,Plain MF RF,3
19,39,19,mf_var,Plain MF RF,3
19,40,18,mf_var,Plain MF RF,3
19,41,26,mf_var,Plain MF RF,3
19,42,2926,mf_var,Plain MF RF,3
19,43,348,mf_var,Plain MF RF,3
19,44,19,mf_var,Plain MF RF,3
19,45,1101,mf_var,Plain MF RF,3
19,46,620,mf_var,Plain MF RF,3
19,47,10,mf_var,Plain MF RF,3
19,48,19,mf_var,Plain MF RF,3
19,49,11,mf_var,Plain MF RF,3
19,50,33,mf_var,Plain MF RF,3
19,52,13,mf_var,Plain MF RF,3
19,53,32,mf_var,Plain MF RF,3
19,54,21,mf_var,Plain MF RF,3
19,55,32,mf_var,Plain MF RF,3
20,1,195,mf_var,Plain MF RF,3
20,2,94,mf_var,Plain MF RF,3
20,3,35,mf_var,Plain MF RF,3
20,4,66,mf_var,Plain MF RF,3
20,5,199,mf_var,Plain MF RF,3
20,6,29,mf_var,Plain MF RF,3
20,7,38,mf_var,Plain MF RF,3
20,9,31,mf_var,Plain MF RF,3
20,10,2015,mf_var,Plain MF RF,3
20,11,32,mf_var,Plain MF RF,3
20,12,33,mf_var,Plain MF RF,3
20,13,507,mf_var,Plain MF RF,3
20,14,37,mf_var,Plain MF RF,3
20,15,52,mf_var,Plain MF RF,3
20,16,6803,mf_var,Plain MF RF,3
20,17,151,mf_var,Plain MF RF,3
20,18,820,mf_var,Plain MF RF,3
20,19,39,mf_var,Plain MF RF,3
20,20,351664,mf_var,Plain MF RF,3
20,21,38,mf_var,Plain MF RF,3
20,22,2435,mf_var,Plain MF RF,3
20,23,27,mf_var,Plain MF RF,3
20,24,569,mf_var,Plain MF RF,3
20,25,514,mf_var,Plain MF RF,3
20,26,27,mf_var,Plain MF RF,3
20,27,30,mf_var,Plain MF RF,3
20,28,196,mf_var,Plain MF RF,3
20,29,32,mf_var,Plain MF RF,3
20,30,13,mf_var,Plain MF RF,3
20,31,4323,mf_var,Plain MF RF,3
20,32,43,mf_var,Plain MF RF,3
20,33,74,mf_var,Plain MF RF,3
20,34,160,mf_var,Plain MF RF,3
20,35,39,mf_var,Plain MF RF,3
20,36,25,mf_var,Plain MF RF,3
20,37,29,mf_var,Plain MF RF,3
20,38,42,mf_var,Plain MF RF,3
20,39,211,mf_var,Plain MF RF,3
20,40,35,mf_var,Plain MF RF,3
20,41,24,mf_var,Plain MF RF,3
20,42,2189,mf_var,Plain MF RF,3
20,43,130,mf_var,Plain MF RF,3
20,44,15,mf_var,Plain MF RF,3
20,45,1839,mf_var,Plain MF RF,3
20,46,3716,mf_var,Plain MF RF,3
20,47,27,mf_var,Plain MF RF,3
20,48,108,mf_var,Plain MF RF,3
20,49,17,mf_var,Plain MF RF,3
20,50,67,mf_var,Plain MF RF,3
20,52,25,mf_var,Plain MF RF,3
20,53,32,mf_var,Plain MF RF,3
20,54,39,mf_var,Plain MF RF,3
20,55,35,mf_var,Plain MF RF,3
21,1,20,mf_var,Plain MF RF,3
21,2,69,mf_var,Plain MF RF,3
21,3,311,mf_var,Plain MF RF,3
21,4,134,mf_var,Plain MF RF,3
21,5,560,mf_var,Plain MF RF,3
21,6,40,mf_var,Plain MF RF,3
21,7,260,mf_var,Plain MF RF,3
21,9,134,mf_var,Plain MF RF,3
21,10,180,mf_var,Plain MF RF,3
21,11,26,mf_var,Plain MF RF,3
21,12,28,mf_var,Plain MF RF,3
21,13,18,mf_var,Plain MF RF,3
21,14,34,mf_var,Plain MF RF,3
21,15,17,mf_var,Plain MF RF,3
21,16,22,mf_var,Plain MF RF,3
21,17,26,mf_var,Plain MF RF,3
21,18,24,mf_var,Plain MF RF,3
21,19,30,mf_var,Plain MF RF,3
21,20,23,mf_var,Plain MF RF,3
21,21,510757,mf_var,Plain MF RF,3
21,22,24,mf_var,Plain MF RF,3
21,23,22,mf_var,Plain MF RF,3
21,24,24,mf_var,Plain MF RF,3
21,25,30,mf_var,Plain MF RF,3
21,26,6238,mf_var,Plain MF RF,3
21,27,20,mf_var,Plain MF RF,3
21,28,2281,mf_var,Plain MF RF,3
21,29,27,mf_var,Plain MF RF,3
21,30,22776,mf_var,Plain MF RF,3
21,31,23,mf_var,Plain MF RF,3
21,32,18,mf_var,Plain MF RF,3
21,33,27,mf_var,Plain MF RF,3
21,34,551,mf_var,Plain MF RF,3
21,35,31,mf_var,Plain MF RF,3
21,36,7339,mf_var,Plain MF RF,3
21,37,455,mf_var,Plain MF RF,3
21,38,28,mf_var,Plain MF RF,3
21,39,466,mf_var,Plain MF RF,3
21,40,14600,mf_var,Plain MF RF,3
21,41,365,mf_var,Plain MF RF,3
21,42,27,mf_var,Plain MF RF,3
21,43,25,mf_var,Plain MF RF,3
21,44,13136,mf_var,Plain MF RF,3
21,45,50,mf_var,Plain MF RF,3
21,46,96,mf_var,Plain MF RF,3
21,47,3248,mf_var,Plain MF RF,3
21,48,658,mf_var,Plain MF RF,3
21,49,8508,mf_var,Plain MF RF,3
21,50,412,mf_var,Plain MF RF,3
21,52,1550,mf_var,Plain MF RF,3
21,53,2119,mf_var,Plain MF RF,3
21,54,306,mf_var,Plain MF RF,3
21,55,1017,mf_var,Plain MF RF,3
22,1,2,mf_var,Plain MF RF,3
22,2,27,mf_var,Plain MF RF,3
22,3,333,mf_var,Plain MF RF,3
22,4,2,mf_var,Plain MF RF,3
22,5,553,mf_var,Plain MF RF,3
22,6,10,mf_var,Plain MF RF,3
22,7,2,mf_var,Plain MF RF,3
22,11,1,mf_var,Plain MF RF,3
22,12,299,mf_var,Plain MF RF,3
22,13,229,mf_var,Plain MF RF,3
22,16,660,mf_var,Plain MF RF,3
22,17,3,mf_var,Plain MF RF,3
22,18,50,mf_var,Plain MF RF,3
22,19,288,mf_var,Plain MF RF,3
22,20,111,mf_var,Plain MF RF,3
22,21,1,mf_var,Plain MF RF,3
22,22,38203,mf_var,Plain MF RF,3
22,23,36,mf_var,Plain MF RF,3
22,24,176,mf_var,Plain MF RF,3
22,25,171,mf_var,Plain MF RF,3
22,26,1,mf_var,Plain MF RF,3
22,27,243,mf_var,Plain MF RF,3
22,31,198,mf_var,Plain MF RF,3
22,32,44,mf_var,Plain MF RF,3
22,34,2,mf_var,Plain MF RF,3
22,35,1,mf_var,Plain MF RF,3
22,36,1,mf_var,Plain MF RF,3
22,37,1,mf_var,Plain MF RF,3
22,38,2,mf_var,Plain MF RF,3
22,39,1,mf_var,Plain MF RF,3
22,40,1,mf_var,Plain MF RF,3
22,42,261,mf_var,Plain MF RF,3
22,43,8,mf_var,Plain MF RF,3
22,44,4,mf_var,Plain MF RF,3
22,45,28,mf_var,Plain MF RF,3
22,46,1,mf_var,Plain MF RF,3
22,48,1,mf_var,Plain MF RF,3
22,49,2,mf_var,Plain MF RF,3
22,50,2,mf_var,Plain MF RF,3
22,53,1,mf_var,Plain MF RF,3
22,55,20,mf_var,Plain MF RF,3
23,2,10,mf_var,Plain MF RF,3
23,4,50,mf_var,Plain MF RF,3
23,5,5,mf_var,Plain MF RF,3
23,6,13,mf_var,Plain MF RF,3
23,7,435,mf_var,Plain MF RF,3
23,9,3,mf_var,Plain MF RF,3
23,10,3,mf_var,Plain MF RF,3
23,12,36,mf_var,Plain MF RF,3
23,13,857,mf_var,Plain MF RF,3
23,14,613,mf_var,Plain MF RF,3
23,15,2069,mf_var,Plain MF RF,3
23,16,83,mf_var,Plain MF RF,3
23,17,13,mf_var,Plain MF RF,3
23,18,1262,mf_var,Plain MF RF,3
23,19,684,mf_var,Plain MF RF,3
23,20,364,mf_var,Plain MF RF,3
23,21,2,mf_var,Plain MF RF,3
23,22,89,mf_var,Plain MF RF,3
23,23,308160,mf_var,Plain MF RF,3
23,24,3381,mf_var,Plain MF RF,3
23,25,1070,mf_var,Plain MF RF,3
23,26,5,mf_var,Plain MF RF,3
23,27,353,mf_var,Plain MF RF,3
23,28,3,mf_var,Plain MF RF,3
23,29,1329,mf_var,Plain MF RF,3
23,30,1,mf_var,Plain MF RF,3
23,31,1369,mf_var,Plain MF RF,3
23,32,1751,mf_var,Plain MF RF,3
23,33,1328,mf_var,Plain MF RF,3
23,34,1,mf_var,Plain MF RF,3
23,35,547,mf_var,Plain MF RF,3
23,36,7,mf_var,Plain MF RF,3
23,38,247,mf_var,Plain MF RF,3
23,39,2,mf_var,Plain MF RF,3
23,40,53,mf_var,Plain MF RF,3
23,41,7,mf_var,Plain MF RF,3
23,42,513,mf_var,Plain MF RF,3
23,43,30,mf_var,Plain MF RF,3
23,44,3,mf_var,Plain MF RF,3
23,45,12,mf_var,Plain MF RF,3
23,46,5,mf_var,Plain MF RF,3
23,49,17,mf_var,Plain MF RF,3
23,50,3,mf_var,Plain MF RF,3
23,52,14,mf_var,Plain MF RF,3
23,54,2,mf_var,Plain MF RF,3
23,55,2,mf_var,Plain MF RF,3
24,1,50,mf_var,Plain MF RF,3
24,2,50,mf_var,Plain MF RF,3
24,3,36,mf_var,Plain MF RF,3
24,4,100,mf_var,Plain MF RF,3
24,5,568,mf_var,Plain MF RF,3
24,6,152,mf_var,Plain MF RF,3
24,7,580,mf_var,Plain MF RF,3
24,9,4,mf_var,Plain MF RF,3
24,10,9,mf_var,Plain MF RF,3
24,11,287,mf_var,Plain MF RF,3
24,12,792,mf_var,Plain MF RF,3
24,13,7314,mf_var,Plain MF RF,3
24,14,839,mf_var,Plain MF RF,3
24,15,4033,mf_var,Plain MF RF,3
24,16,715,mf_var,Plain MF RF,3
24,17,4,mf_var,Plain MF RF,3
24,18,1348,mf_var,Plain MF RF,3
24,19,2438,mf_var,Plain MF RF,3
24,20,1860,mf_var,Plain MF RF,3
24,21,9,mf_var,Plain MF RF,3
24,22,632,mf_var,Plain MF RF,3
24,23,4102,mf_var,Plain MF RF,3
24,24,763749,mf_var,Plain MF RF,3
24,25,18597,mf_var,Plain MF RF,3
24,26,11,mf_var,Plain MF RF,3
24,27,580,mf_var,Plain MF RF,3
24,28,15,mf_var,Plain MF RF,3
24,29,2608,mf_var,Plain MF RF,3
24,30,8,mf_var,Plain MF RF,3
24,31,4730,mf_var,Plain MF RF,3
24,32,5670,mf_var,Plain MF RF,3
24,33,8362,mf_var,Plain MF RF,3
24,34,2,mf_var,Plain MF RF,3
24,35,2305,mf_var,Plain MF RF,3
24,36,7,mf_var,Plain MF RF,3
24,37,5,mf_var,Plain MF RF,3
24,38,1433,mf_var,Plain MF RF,3
24,39,5,mf_var,Plain MF RF,3
24,40,3,mf_var,Plain MF RF,3
24,41,5,mf_var,Plain MF RF,3
24,42,10819,mf_var,Plain MF RF,3
24,43,379,mf_var,Plain MF RF,3
24,44,10,mf_var,Plain MF RF,3
24,45,120,mf_var,Plain MF RF,3
24,46,5,mf_var,Plain MF RF,3
24,47,9,mf_var,Plain MF RF,3
24,48,7,mf_var,Plain MF RF,3
24,49,7,mf_var,Plain MF RF,3
24,50,2,mf_var,Plain MF RF,3
24,52,5,mf_var,Plain MF RF,3
24,53,6,mf_var,Plain MF RF,3
24,54,7,mf_var,Plain MF RF,3
24,55,4,mf_var,Plain MF RF,3
25,1,361,mf_var,Plain MF RF,3
25,2,116,mf_var,Plain MF RF,3
25,3,4,mf_var,Plain MF RF,3
25,4,161,mf_var,Plain MF RF,3
25,5,725,mf_var,Plain MF RF,3
25,6,3,mf_var,Plain MF RF,3
25,7,479,mf_var,Plain MF RF,3
25,9,3,mf_var,Plain MF RF,3
25,10,5,mf_var,Plain MF RF,3
25,11,396,mf_var,Plain MF RF,3
25,12,391,mf_var,Plain MF RF,3
25,13,5913,mf_var,Plain MF RF,3
25,14,60,mf_var,Plain MF RF,3
25,15,1117,mf_var,Plain MF RF,3
25,16,1235,mf_var,Plain MF RF,3
25,17,3,mf_var,Plain MF RF,3
25,18,409,mf_var,Plain MF RF,3
25,19,59,mf_var,Plain MF RF,3
25,20,966,mf_var,Plain MF RF,3
25,21,7,mf_var,Plain MF RF,3
25,22,276,mf_var,Plain MF RF,3
25,23,1225,mf_var,Plain MF RF,3
25,24,6207,mf_var,Plain MF RF,3
25,25,208317,mf_var,Plain MF RF,3
25,26,2,mf_var,Plain MF RF,3
25,27,160,mf_var,Plain MF RF,3
25,28,3,mf_var,Plain MF RF,3
25,29,1273,mf_var,Plain MF RF,3
25,30,1,mf_var,Plain MF RF,3
25,31,1028,mf_var,Plain MF RF,3
25,32,1432,mf_var,Plain MF RF,3
25,33,2426,mf_var,Plain MF RF,3
25,34,4,mf_var,Plain MF RF,3
25,35,742,mf_var,Plain MF RF,3
25,36,2,mf_var,Plain MF RF,3
25,37,16,mf_var,Plain MF RF,3
25,38,3,mf_var,Plain MF RF,3
25,39,8,mf_var,Plain MF RF,3
25,40,2,mf_var,Plain MF RF,3
25,41,3,mf_var,Plain MF RF,3
25,42,1476,mf_var,Plain MF RF,3
25,43,243,mf_var,Plain MF RF,3
25,44,5,mf_var,Plain MF RF,3
25,45,55,mf_var,Plain MF RF,3
25,46,9,mf_var,Plain MF RF,3
25,47,2,mf_var,Plain MF RF,3
25,48,3,mf_var,Plain MF RF,3
25,49,1,mf_var,Plain MF RF,3
25,50,8,mf_var,Plain MF RF,3
25,52,3,mf_var,Plain MF RF,3
25,53,2,mf_var,Plain MF RF,3
25,54,3,mf_var,Plain MF RF,3
25,55,4,mf_var,Plain MF RF,3
26,1,19,mf_var,Plain MF RF,3
26,3,78,mf_var,Plain MF RF,3
26,4,3,mf_var,Plain MF RF,3
26,5,249,mf_var,Plain MF RF,3
26,7,143,mf_var,Plain MF RF,3
26,10,607,mf_var,Plain MF RF,3
26,12,11,mf_var,Plain MF RF,3
26,13,1,mf_var,Plain MF RF,3
26,14,2,mf_var,Plain MF RF,3
26,15,3,mf_var,Plain MF RF,3
26,19,1,mf_var,Plain MF RF,3
26,21,330,mf_var,Plain MF RF,3
26,23,80,mf_var,Plain MF RF,3
26,24,2,mf_var,Plain MF RF,3
26,26,33987,mf_var,Plain MF RF,3
26,27,9,mf_var,Plain MF RF,3
26,28,228,mf_var,Plain MF RF,3
26,30,621,mf_var,Plain MF RF,3
26,33,10,mf_var,Plain MF RF,3
26,34,1021,mf_var,Plain MF RF,3
26,36,1435,mf_var,Plain MF RF,3
26,38,1,mf_var,Plain MF RF,3
26,39,337,mf_var,Plain MF RF,3
26,40,310,mf_var,Plain MF RF,3
26,41,27,mf_var,Plain MF RF,3
26,43,1,mf_var,Plain MF RF,3
26,44,233,mf_var,Plain MF RF,3
26,46,120,mf_var,Plain MF RF,3
26,47,112,mf_var,Plain MF RF,3
26,48,4,mf_var,Plain MF RF,3
26,49,724,mf_var,Plain MF RF,3
26,50,17,mf_var,Plain MF RF,3
26,52,77,mf_var,Plain MF RF,3
26,53,92,mf_var,Plain MF RF,3
26,55,1,mf_var,Plain MF RF,3
27,1,26,mf_var,Plain MF RF,3
27,2,1365,mf_var,Plain MF RF,3
27,3,26160,mf_var,Plain MF RF,3
27,4,2038,mf_var,Plain MF RF,3
27,5,2774,mf_var,Plain MF RF,3
27,6,2156,mf_var,Plain MF RF,3
27,7,15127,mf_var,Plain MF RF,3
27,9,615,mf_var,Plain MF RF,3
27,10,162,mf_var,Plain MF RF,3
27,11,9617,mf_var,Plain MF RF,3
27,12,2460,mf_var,Plain MF RF,3
27,13,3386,mf_var,Plain MF RF,3
27,14,4453,mf_var,Plain MF RF,3
27,15,9906,mf_var,Plain MF RF,3
27,16,36,mf_var,Plain MF RF,3
27,17,36,mf_var,Plain MF RF,3
27,18,41,mf_var,Plain MF RF,3
27,19,1636,mf_var,Plain MF RF,3
27,20,50,mf_var,Plain MF RF,3
27,21,89,mf_var,Plain MF RF,3
27,22,35,mf_var,Plain MF RF,3
27,23,3154,mf_var,Plain MF RF,3
27,24,1936,mf_var,Plain MF RF,3
27,25,229,mf_var,Plain MF RF,3
27,26,297,mf_var,Plain MF RF,3
27,27,745285,mf_var,Plain MF RF,3
27,28,2006,mf_var,Plain MF RF,3
27,29,39,mf_var,Plain MF RF,3
27,30,121,mf_var,Plain MF RF,3
27,31,28,mf_var,Plain MF RF,3
27,32,1412,mf_var,Plain MF RF,3
27,33,4246,mf_var,Plain MF RF,3
27,34,52,mf_var,Plain MF RF,3
27,35,27,mf_var,Plain MF RF,3
27,36,1553,mf_var,Plain MF RF,3
27,37,5573,mf_var,Plain MF RF,3
27,38,1043,mf_var,Plain MF RF,3
27,39,169,mf_var,Plain MF RF,3
27,40,275,mf_var,Plain MF RF,3
27,41,6827,mf_var,Plain MF RF,3
27,42,27,mf_var,Plain MF RF,3
27,43,24,mf_var,Plain MF RF,3
27,44,561,mf_var,Plain MF RF,3
27,45,61,mf_var,Plain MF RF,3
27,46,203,mf_var,Plain MF RF,3
27,47,1585,mf_var,Plain MF RF,3
27,48,22,mf_var,Plain MF RF,3
27,49,68,mf_var,Plain MF RF,3
27,50,30,mf_var,Plain MF RF,3
27,52,26,mf_var,Plain MF RF,3
27,53,29,mf_var,Plain MF RF,3
27,54,24,mf_var,Plain MF RF,3
27,55,15,mf_var,Plain MF RF,3
28,1,369,mf_var,Plain MF RF,3
28,2,10,mf_var,Plain MF RF,3
28,3,585,mf_var,Plain MF RF,3
28,5,51,mf_var,Plain MF RF,3
28,7,361,mf_var,Plain MF RF,3
28,10,683,mf_var,Plain MF RF,3
28,11,1,mf_var,Plain MF RF,3
28,13,24,mf_var,Plain MF RF,3
28,15,42,mf_var,Plain MF RF,3
28,16,48,mf_var,Plain MF RF,3
28,18,474,mf_var,Plain MF RF,3
28,19,5,mf_var,Plain MF RF,3
28,20,34,mf_var,Plain MF RF,3
28,21,455,mf_var,Plain MF RF,3
28,23,70,mf_var,Plain MF RF,3
28,24,29,mf_var,Plain MF RF,3
28,25,23,mf_var,Plain MF RF,3
28,26,374,mf_var,Plain MF RF,3
28,27,696,mf_var,Plain MF RF,3
28,28,35401,mf_var,Plain MF RF,3
28,30,883,mf_var,Plain MF RF,3
28,31,8,mf_var,Plain MF RF,3
28,33,192,mf_var,Plain MF RF,3
28,34,91,mf_var,Plain MF RF,3
28,36,343,mf_var,Plain MF RF,3
28,39,884,mf_var,Plain MF RF,3
28,40,468,mf_var,Plain MF RF,3
28,41,162,mf_var,Plain MF RF,3
28,44,1203,mf_var,Plain MF RF,3
28,45,206,mf_var,Plain MF RF,3
28,46,530,mf_var,Plain MF RF,3
28,47,839,mf_var,Plain MF RF,3
28,49,284,mf_var,Plain MF RF,3
28,50,86,mf_var,Plain MF RF,3
28,53,1,mf_var,Plain MF RF,3
28,55,127,mf_var,Plain MF RF,3
29,1,1,mf_var,Plain MF RF,3
29,2,7,mf_var,Plain MF RF,3
29,3,6,mf_var,Plain MF RF,3
29,4,1,mf_var,Plain MF RF,3
29,5,3,mf_var,Plain MF RF,3
29,6,2,mf_var,Plain MF RF,3
29,7,616,mf_var,Plain MF RF,3
29,9,2,mf_var,Plain MF RF,3
29,10,3,mf_var,Plain MF RF,3
29,11,2,mf_var,Plain MF RF,3
29,12,57,mf_var,Plain MF RF,3
29,13,55,mf_var,Plain MF RF,3
29,14,3,mf_var,Plain MF RF,3
29,15,2500,mf_var,Plain MF RF,3
29,16,1,mf_var,Plain MF RF,3
29,17,3,mf_var,Plain MF RF,3
29,18,6,mf_var,Plain MF RF,3
29,19,496,mf_var,Plain MF RF,3
29,20,28,mf_var,Plain MF RF,3
29,21,6,mf_var,Plain MF RF,3
29,22,12,mf_var,Plain MF RF,3
29,23,2535,mf_var,Plain MF RF,3
29,24,2139,mf_var,Plain MF RF,3
29,25,356,mf_var,Plain MF RF,3
29,26,1,mf_var,Plain MF RF,3
29,27,11,mf_var,Plain MF RF,3
29,28,2,mf_var,Plain MF RF,3
29,29,153177,mf_var,Plain MF RF,3
29,30,3,mf_var,Plain MF RF,3
29,31,6,mf_var,Plain MF RF,3
29,32,476,mf_var,Plain MF RF,3
29,33,966,mf_var,Plain MF RF,3
29,34,3,mf_var,Plain MF RF,3
29,35,400,mf_var,Plain MF RF,3
29,37,3,mf_var,Plain MF RF,3
29,38,383,mf_var,Plain MF RF,3
29,39,3,mf_var,Plain MF RF,3
29,40,17,mf_var,Plain MF RF,3
29,41,2,mf_var,Plain MF RF,3
29,42,2,mf_var,Plain MF RF,3
29,43,3,mf_var,Plain MF RF,3
29,44,3,mf_var,Plain MF RF,3
29,45,3,mf_var,Plain MF RF,3
29,46,3,mf_var,Plain MF RF,3
29,47,4,mf_var,Plain MF RF,3
29,49,11,mf_var,Plain MF RF,3
29,50,1,mf_var,Plain MF RF,3
29,52,2,mf_var,Plain MF RF,3
29,53,7,mf_var,Plain MF RF,3
29,54,2,mf_var,Plain MF RF,3
29,55,4,mf_var,Plain MF RF,3
30,1,234,mf_var,Plain MF RF,3
30,2,11,mf_var,Plain MF RF,3
30,3,4953,mf_var,Plain MF RF,3
30,4,172,mf_var,Plain MF RF,3
30,5,2763,mf_var,Plain MF RF,3
30,6,6,mf_var,Plain MF RF,3
30,7,2050,mf_var,Plain MF RF,3
30,9,5,mf_var,Plain MF RF,3
30,10,3799,mf_var,Plain MF RF,3
30,11,51,mf_var,Plain MF RF,3
30,12,4,mf_var,Plain MF RF,3
30,13,5,mf_var,Plain MF RF,3
30,14,8,mf_var,Plain MF RF,3
30,15,10,mf_var,Plain MF RF,3
30,16,10,mf_var,Plain MF RF,3
30,17,7,mf_var,Plain MF RF,3
30,18,34,mf_var,Plain MF RF,3
30,19,9,mf_var,Plain MF RF,3
30,20,8,mf_var,Plain MF RF,3
30,21,8266,mf_var,Plain MF RF,3
30,22,9,mf_var,Plain MF RF,3
30,23,14,mf_var,Plain MF RF,3
30,24,5,mf_var,Plain MF RF,3
30,25,6,mf_var,Plain MF RF,3
30,26,3853,mf_var,Plain MF RF,3
30,27,473,mf_var,Plain MF RF,3
30,28,8409,mf_var,Plain MF RF,3
30,29,15,mf_var,Plain MF RF,3
30,30,453517,mf_var,Plain MF RF,3
30,31,4,mf_var,Plain MF RF,3
30,32,8,mf_var,Plain MF RF,3
30,33,495,mf_var,Plain MF RF,3
30,34,1352,mf_var,Plain MF RF,3
30,35,7,mf_var,Plain MF RF,3
30,36,12010,mf_var,Plain MF RF,3
30,37,299,mf_var,Plain MF RF,3
30,38,7,mf_var,Plain MF RF,3
30,39,5993,mf_var,Plain MF RF,3
30,40,17881,mf_var,Plain MF RF,3
30,41,1033,mf_var,Plain MF RF,3
30,42,7,mf_var,Plain MF RF,3
30,43,9,mf_var,Plain MF RF,3
30,44,16293,mf_var,Plain MF RF,3
30,45,269,mf_var,Plain MF RF,3
30,46,2313,mf_var,Plain MF RF,3
30,47,14838,mf_var,Plain MF RF,3
30,48,197,mf_var,Plain MF RF,3
30,49,9956,mf_var,Plain MF RF,3
30,50,1482,mf_var,Plain MF RF,3
30,52,219,mf_var,Plain MF RF,3
30,53,1684,mf_var,Plain MF RF,3
30,54,901,mf_var,Plain MF RF,3
30,55,594,mf_var,Plain MF RF,3
31,1,4029,mf_var,Plain MF RF,3
31,2,186,mf_var,Plain MF RF,3
31,3,4,mf_var,Plain MF RF,3
31,4,13,mf_var,Plain MF RF,3
31,5,68,mf_var,Plain MF RF,3
31,6,205,mf_var,Plain MF RF,3
31,7,1165,mf_var,Plain MF RF,3
31,9,1,mf_var,Plain MF RF,3
31,10,23,mf_var,Plain MF RF,3
31,11,30,mf_var,Plain MF RF,3
31,12,5,mf_var,Plain MF RF,3
31,13,7657,mf_var,Plain MF RF,3
31,14,83,mf_var,Plain MF RF,3
31,15,332,mf_var,Plain MF RF,3
31,16,12651,mf_var,Plain MF RF,3
31,17,10,mf_var,Plain MF RF,3
31,18,5690,mf_var,Plain MF RF,3
31,19,1217,mf_var,Plain MF RF,3
31,20,4305,mf_var,Plain MF RF,3
31,21,4,mf_var,Plain MF RF,3
31,22,7864,mf_var,Plain MF RF,3
31,23,664,mf_var,Plain MF RF,3
31,24,2597,mf_var,Plain MF RF,3
31,25,8170,mf_var,Plain MF RF,3
31,26,2,mf_var,Plain MF RF,3
31,27,10,mf_var,Plain MF RF,3
31,28,2,mf_var,Plain MF RF,3
31,29,44,mf_var,Plain MF RF,3
31,30,13,mf_var,Plain MF RF,3
31,31,774211,mf_var,Plain MF RF,3
31,32,936,mf_var,Plain MF RF,3
31,33,1817,mf_var,Plain MF RF,3
31,35,170,mf_var,Plain MF RF,3
31,36,48,mf_var,Plain MF RF,3
31,37,2,mf_var,Plain MF RF,3
31,38,6,mf_var,Plain MF RF,3
31,39,146,mf_var,Plain MF RF,3
31,40,3,mf_var,Plain MF RF,3
31,42,4788,mf_var,Plain MF RF,3
31,43,516,mf_var,Plain MF RF,3
31,44,2,mf_var,Plain MF RF,3
31,45,1066,mf_var,Plain MF RF,3
31,46,50,mf_var,Plain MF RF,3
31,47,2,mf_var,Plain MF RF,3
31,48,15,mf_var,Plain MF RF,3
31,50,553,mf_var,Plain MF RF,3
31,52,2,mf_var,Plain MF RF,3
31,54,1,mf_var,Plain MF RF,3
32,6,1,mf_var,Plain MF RF,3
32,7,744,mf_var,Plain MF RF,3
32,9,1,mf_var,Plain MF RF,3
32,12,6,mf_var,Plain MF RF,3
32,13,1412,mf_var,Plain MF RF,3
32,14,41,mf_var,Plain MF RF,3
32,15,369,mf_var,Plain MF RF,3
32,16,7,mf_var,Plain MF RF,3
32,18,52,mf_var,Plain MF RF,3
32,19,31,mf_var,Plain MF RF,3
32,20,82,mf_var,Plain MF RF,3
32,23,267,mf_var,Plain MF RF,3
32,24,558,mf_var,Plain MF RF,3
32,25,656,mf_var,Plain MF RF,3
32,27,109,mf_var,Plain MF RF,3
32,29,49,mf_var,Plain MF RF,3
32,31,237,mf_var,Plain MF RF,3
32,32,54497,mf_var,Plain MF RF,3
32,33,1101,mf_var,Plain MF RF,3
32,35,85,mf_var,Plain MF RF,3
32,38,45,mf_var,Plain MF RF,3
32,42,133,mf_var,Plain MF RF,3
32,43,1,mf_var,Plain MF RF,3
33,1,1033,mf_var,Plain MF RF,3
33,2,196,mf_var,Plain MF RF,3
33,3,3696,mf_var,Plain MF RF,3
33,4,2,mf_var,Plain MF RF,3
33,5,1675,mf_var,Plain MF RF,3
33,6,1,mf_var,Plain MF RF,3
33,7,8492,mf_var,Plain MF RF,3
33,10,371,mf_var,Plain MF RF,3
33,11,953,mf_var,Plain MF RF,3
33,12,898,mf_var,Plain MF RF,3
33,13,7238,mf_var,Plain MF RF,3
33,14,406,mf_var,Plain MF RF,3
33,15,1978,mf_var,Plain MF RF,3
33,16,416,mf_var,Plain MF RF,3
33,18,442,mf_var,Plain MF RF,3
33,19,31,mf_var,Plain MF RF,3
33,20,375,mf_var,Plain MF RF,3
33,21,3,mf_var,Plain MF RF,3
33,23,2224,mf_var,Plain MF RF,3
33,24,5001,mf_var,Plain MF RF,3
33,25,1246,mf_var,Plain MF RF,3
33,26,36,mf_var,Plain MF RF,3
33,27,227,mf_var,Plain MF RF,3
33,28,358,mf_var,Plain MF RF,3
33,29,987,mf_var,Plain MF RF,3
33,30,22,mf_var,Plain MF RF,3
33,31,70,mf_var,Plain MF RF,3
33,32,2296,mf_var,Plain MF RF,3
33,33,342311,mf_var,Plain MF RF,3
33,34,12,mf_var,Plain MF RF,3
33,35,669,mf_var,Plain MF RF,3
33,36,127,mf_var,Plain MF RF,3
33,37,1324,mf_var,Plain MF RF,3
33,39,20,mf_var,Plain MF RF,3
33,40,103,mf_var,Plain MF RF,3
33,41,3349,mf_var,Plain MF RF,3
33,44,200,mf_var,Plain MF RF,3
33,45,627,mf_var,Plain MF RF,3
33,46,21,mf_var,Plain MF RF,3
33,47,201,mf_var,Plain MF RF,3
33,49,73,mf_var,Plain MF RF,3
33,52,41,mf_var,Plain MF RF,3
34,3,37,mf_var,Plain MF RF,3
34,7,4,mf_var,Plain MF RF,3
34,10,112,mf_var,Plain MF RF,3
34,12,1,mf_var,Plain MF RF,3
34,15,2,mf_var,Plain MF RF,3
34,16,1,mf_var,Plain MF RF,3
34,17,2,mf_var,Plain MF RF,3
34,18,6,mf_var,Plain MF RF,3
34,19,2,mf_var,Plain MF RF,3
34,20,1,mf_var,Plain MF RF,3
34,21,2,mf_var,Plain MF RF,3
34,22,2,mf_var,Plain MF RF,3
34,24,2,mf_var,Plain MF RF,3
34,25,2,mf_var,Plain MF RF,3
34,26,13,mf_var,Plain MF RF,3
34,27,24,mf_var,Plain MF RF,3
34,30,30,mf_var,Plain MF RF,3
34,31,1,mf_var,Plain MF RF,3
34,32,1,mf_var,Plain MF RF,3
34,33,2,mf_var,Plain MF RF,3
34,34,4710,mf_var,Plain MF RF,3
34,36,16,mf_var,Plain MF RF,3
34,37,1,mf_var,Plain MF RF,3
34,38,2,mf_var,Plain MF RF,3
34,39,76,mf_var,Plain MF RF,3
34,40,19,mf_var,Plain MF RF,3
34,41,1,mf_var,Plain MF RF,3
34,42,2,mf_var,Plain MF RF,3
34,43,1,mf_var,Plain MF RF,3
34,44,8,mf_var,Plain MF RF,3
34,45,1,mf_var,Plain MF RF,3
34,46,35,mf_var,Plain MF RF,3
34,47,1,mf_var,Plain MF RF,3
34,49,26,mf_var,Plain MF RF,3
34,50,7,mf_var,Plain MF RF,3
34,52,3,mf_var,Plain MF RF,3
34,53,2,mf_var,Plain MF RF,3
34,55,1,mf_var,Plain MF RF,3
35,7,1,mf_var,Plain MF RF,3
35,13,87,mf_var,Plain MF RF,3
35,14,83,mf_var,Plain MF RF,3
35,15,38,mf_var,Plain MF RF,3
35,16,31,mf_var,Plain MF RF,3
35,18,6,mf_var,Plain MF RF,3
35,19,28,mf_var,Plain MF RF,3
35,23,143,mf_var,Plain MF RF,3
35,24,372,mf_var,Plain MF RF,3
35,25,242,mf_var,Plain MF RF,3
35,29,338,mf_var,Plain MF RF,3
35,32,111,mf_var,Plain MF RF,3
35,33,244,mf_var,Plain MF RF,3
35,35,31136,mf_var,Plain MF RF,3
35,38,4,mf_var,Plain MF RF,3
36,1,6,mf_var,Plain MF RF,3
36,3,110,mf_var,Plain MF RF,3
36,5,3,mf_var,Plain MF RF,3
36,7,49,mf_var,Plain MF RF,3
36,9,4,mf_var,Plain MF RF,3
36,10,63,mf_var,Plain MF RF,3
36,12,37,mf_var,Plain MF RF,3
36,13,25,mf_var,Plain MF RF,3
36,16,2,mf_var,Plain MF RF,3
36,21,77,mf_var,Plain MF RF,3
36,26,114,mf_var,Plain MF RF,3
36,27,1,mf_var,Plain MF RF,3
36,28,84,mf_var,Plain MF RF,3
36,30,176,mf_var,Plain MF RF,3
36,33,23,mf_var,Plain MF RF,3
36,34,120,mf_var,Plain MF RF,3
36,36,20848,mf_var,Plain MF RF,3
36,39,108,mf_var,Plain MF RF,3
36,40,102,mf_var,Plain MF RF,3
36,41,84,mf_var,Plain MF RF,3
36,44,298,mf_var,Plain MF RF,3
36,46,36,mf_var,Plain MF RF,3
36,47,117,mf_var,Plain MF RF,3
36,48,6,mf_var,Plain MF RF,3
36,49,42,mf_var,Plain MF RF,3
36,50,19,mf_var,Plain MF RF,3
36,53,18,mf_var,Plain MF RF,3
36,55,3,mf_var,Plain MF RF,3
37,1,239,mf_var,Plain MF RF,3
37,2,122,mf_var,Plain MF RF,3
37,3,10062,mf_var,Plain MF RF,3
37,4,14,mf_var,Plain MF RF,3
37,5,422,mf_var,Plain MF RF,3
37,6,185,mf_var,Plain MF RF,3
37,7,4175,mf_var,Plain MF RF,3
37,9,80,mf_var,Plain MF RF,3
37,10,833,mf_var,Plain MF RF,3
37,11,225,mf_var,Plain MF RF,3
37,12,408,mf_var,Plain MF RF,3
37,13,1294,mf_var,Plain MF RF,3
37,14,515,mf_var,Plain MF RF,3
37,15,52,mf_var,Plain MF RF,3
37,16,55,mf_var,Plain MF RF,3
37,17,3,mf_var,Plain MF RF,3
37,18,167,mf_var,Plain MF RF,3
37,19,7,mf_var,Plain MF RF,3
37,20,11,mf_var,Plain MF RF,3
37,21,802,mf_var,Plain MF RF,3
37,22,2,mf_var,Plain MF RF,3
37,23,2,mf_var,Plain MF RF,3
37,24,4,mf_var,Plain MF RF,3
37,25,538,mf_var,Plain MF RF,3
37,26,90,mf_var,Plain MF RF,3
37,27,4297,mf_var,Plain MF RF,3
37,28,242,mf_var,Plain MF RF,3
37,29,5,mf_var,Plain MF RF,3
37,30,524,mf_var,Plain MF RF,3
37,31,2,mf_var,Plain MF RF,3
37,32,6,mf_var,Plain MF RF,3
37,33,2194,mf_var,Plain MF RF,3
37,34,102,mf_var,Plain MF RF,3
37,35,1,mf_var,Plain MF RF,3
37,36,21,mf_var,Plain MF RF,3
37,37,160220,mf_var,Plain MF RF,3
37,38,2,mf_var,Plain MF RF,3
37,39,192,mf_var,Plain MF RF,3
37,40,36,mf_var,Plain MF RF,3
37,41,2998,mf_var,Plain MF RF,3
37,42,1,mf_var,Plain MF RF,3
37,43,4,mf_var,Plain MF RF,3
37,44,46,mf_var,Plain MF RF,3
37,45,23,mf_var,Plain MF RF,3
37,46,170,mf_var,Plain MF RF,3
37,47,478,mf_var,Plain MF RF,3
37,48,1,mf_var,Plain MF RF,3
37,49,18,mf_var,Plain MF RF,3
37,50,1,mf_var,Plain MF RF,3
37,52,6,mf_var,Plain MF RF,3
37,53,3,mf_var,Plain MF RF,3
37,54,3,mf_var,Plain MF RF,3
37,55,3,mf_var,Plain MF RF,3
38,13,39,mf_var,Plain MF RF,3
38,15,213,mf_var,Plain MF RF,3
38,19,17,mf_var,Plain MF RF,3
38,23,464,mf_var,Plain MF RF,3
38,24,77,mf_var,Plain MF RF,3
38,25,28,mf_var,Plain MF RF,3
38,27,405,mf_var,Plain MF RF,3
38,32,67,mf_var,Plain MF RF,3
38,36,1,mf_var,Plain MF RF,3
38,38,28721,mf_var,Plain MF RF,3
39,1,2,mf_var,Plain MF RF,3
39,5,20,mf_var,Plain MF RF,3
39,7,13,mf_var,Plain MF RF,3
39,10,232,mf_var,Plain MF RF,3
39,13,2,mf_var,Plain MF RF,3
39,16,102,mf_var,Plain MF RF,3
39,18,70,mf_var,Plain MF RF,3
39,20,10,mf_var,Plain MF RF,3
39,23,78,mf_var,Plain MF RF,3
39,24,4,mf_var,Plain MF RF,3
39,26,12,mf_var,Plain MF RF,3
39,28,16,mf_var,Plain MF RF,3
39,30,205,mf_var,Plain MF RF,3
39,34,151,mf_var,Plain MF RF,3
39,36,17,mf_var,Plain MF RF,3
39,39,19880,mf_var,Plain MF RF,3
39,40,54,mf_var,Plain MF RF,3
39,43,1,mf_var,Plain MF RF,3
39,44,55,mf_var,Plain MF RF,3
39,45,39,mf_var,Plain MF RF,3
39,46,769,mf_var,Plain MF RF,3
39,47,69,mf_var,Plain MF RF,3
39,49,45,mf_var,Plain MF RF,3
39,50,97,mf_var,Plain MF RF,3
40,1,155,mf_var,Plain MF RF,3
40,2,8,mf_var,Plain MF RF,3
40,3,846,mf_var,Plain MF RF,3
40,4,17,mf_var,Plain MF RF,3
40,5,2153,mf_var,Plain MF RF,3
40,6,10,mf_var,Plain MF RF,3
40,7,1373,mf_var,Plain MF RF,3
40,9,5,mf_var,Plain MF RF,3
40,10,3172,mf_var,Plain MF RF,3
40,11,19,mf_var,Plain MF RF,3
40,12,11,mf_var,Plain MF RF,3
40,13,19,mf_var,Plain MF RF,3
40,14,6,mf_var,Plain MF RF,3
40,15,8,mf_var,Plain MF RF,3
40,16,3,mf_var,Plain MF RF,3
40,17,8,mf_var,Plain MF RF,3
40,18,12,mf_var,Plain MF RF,3
40,19,5,mf_var,Plain MF RF,3
40,20,35,mf_var,Plain MF RF,3
40,21,3985,mf_var,Plain MF RF,3
40,22,7,mf_var,Plain MF RF,3
40,23,10,mf_var,Plain MF RF,3
40,24,5,mf_var,Plain MF RF,3
40,25,25,mf_var,Plain MF RF,3
40,26,3950,mf_var,Plain MF RF,3
40,27,113,mf_var,Plain MF RF,3
40,28,4153,mf_var,Plain MF RF,3
40,29,10,mf_var,Plain MF RF,3
40,30,10641,mf_var,Plain MF RF,3
40,31,94,mf_var,Plain MF RF,3
40,32,7,mf_var,Plain MF RF,3
40,33,35,mf_var,Plain MF RF,3
40,34,655,mf_var,Plain MF RF,3
40,35,4,mf_var,Plain MF RF,3
40,36,10238,mf_var,Plain MF RF,3
40,37,14,mf_var,Plain MF RF,3
40,38,8,mf_var,Plain MF RF,3
40,39,2196,mf_var,Plain MF RF,3
40,40,261441,mf_var,Plain MF RF,3
40,41,799,mf_var,Plain MF RF,3
40,42,7,mf_var,Plain MF RF,3
40,43,7,mf_var,Plain MF RF,3
40,44,7543,mf_var,Plain MF RF,3
40,45,135,mf_var,Plain MF RF,3
40,46,2365,mf_var,Plain MF RF,3
40,47,5842,mf_var,Plain MF RF,3
40,48,105,mf_var,Plain MF RF,3
40,49,12201,mf_var,Plain MF RF,3
40,50,539,mf_var,Plain MF RF,3
40,52,1392,mf_var,Plain MF RF,3
40,53,1704,mf_var,Plain MF RF,3
40,54,566,mf_var,Plain MF RF,3
40,55,1000,mf_var,Plain MF RF,3
41,1,2,mf_var,Plain MF RF,3
41,2,22,mf_var,Plain MF RF,3
41,3,1896,mf_var,Plain MF RF,3
41,5,83,mf_var,Plain MF RF,3
41,6,14,mf_var,Plain MF RF,3
41,7,3160,mf_var,Plain MF RF,3
41,10,130,mf_var,Plain MF RF,3
41,11,14,mf_var,Plain MF RF,3
41,12,133,mf_var,Plain MF RF,3
41,13,518,mf_var,Plain MF RF,3
41,14,1,mf_var,Plain MF RF,3
41,15,33,mf_var,Plain MF RF,3
41,16,10,mf_var,Plain MF RF,3
41,17,1,mf_var,Plain MF RF,3
41,18,4,mf_var,Plain MF RF,3
41,19,2,mf_var,Plain MF RF,3
41,20,1,mf_var,Plain MF RF,3
41,21,334,mf_var,Plain MF RF,3
41,22,1,mf_var,Plain MF RF,3
41,23,1,mf_var,Plain MF RF,3
41,25,3,mf_var,Plain MF RF,3
41,26,401,mf_var,Plain MF RF,3
41,27,795,mf_var,Plain MF RF,3
41,28,985,mf_var,Plain MF RF,3
41,29,1,mf_var,Plain MF RF,3
41,30,1718,mf_var,Plain MF RF,3
41,32,6,mf_var,Plain MF RF,3
41,33,862,mf_var,Plain MF RF,3
41,34,5,mf_var,Plain MF RF,3
41,36,1696,mf_var,Plain MF RF,3
41,37,252,mf_var,Plain MF RF,3
41,39,15,mf_var,Plain MF RF,3
41,40,230,mf_var,Plain MF RF,3
41,41,76374,mf_var,Plain MF RF,3
41,43,2,mf_var,Plain MF RF,3
41,44,251,mf_var,Plain MF RF,3
41,45,19,mf_var,Plain MF RF,3
41,46,7,mf_var,Plain MF RF,3
41,47,1184,mf_var,Plain MF RF,3
41,48,1,mf_var,Plain MF RF,3
41,49,74,mf_var,Plain MF RF,3
41,50,1,mf_var,Plain MF RF,3
41,54,1,mf_var,Plain MF RF,3
42,1,1,mf_var,Plain MF RF,3
42,2,3,mf_var,Plain MF RF,3
42,3,1,mf_var,Plain MF RF,3
42,4,1,mf_var,Plain MF RF,3
42,5,2,mf_var,Plain MF RF,3
42,6,4,mf_var,Plain MF RF,3
42,7,80,mf_var,Plain MF RF,3
42,9,2,mf_var,Plain MF RF,3
42,10,1,mf_var,Plain MF RF,3
42,11,2,mf_var,Plain MF RF,3
42,12,1,mf_var,Plain MF RF,3
42,13,366,mf_var,Plain MF RF,3
42,14,5,mf_var,Plain MF RF,3
42,15,36,mf_var,Plain MF RF,3
42,16,57,mf_var,Plain MF RF,3
42,17,1,mf_var,Plain MF RF,3
42,18,11,mf_var,Plain MF RF,3
42,19,582,mf_var,Plain MF RF,3
42,20,271,mf_var,Plain MF RF,3
42,22,587,mf_var,Plain MF RF,3
42,23,12,mf_var,Plain MF RF,3
42,24,664,mf_var,Plain MF RF,3
42,25,632,mf_var,Plain MF RF,3
42,26,3,mf_var,Plain MF RF,3
42,28,2,mf_var,Plain MF RF,3
42,30,2,mf_var,Plain MF RF,3
42,31,166,mf_var,Plain MF RF,3
42,32,119,mf_var,Plain MF RF,3
42,33,6,mf_var,Plain MF RF,3
42,34,2,mf_var,Plain MF RF,3
42,36,2,mf_var,Plain MF RF,3
42,37,3,mf_var,Plain MF RF,3
42,38,3,mf_var,Plain MF RF,3
42,39,1,mf_var,Plain MF RF,3
42,40,2,mf_var,Plain MF RF,3
42,42,150803,mf_var,Plain MF RF,3
42,43,570,mf_var,Plain MF RF,3
42,44,2,mf_var,Plain MF RF,3
42,45,3,mf_var,Plain MF RF,3
42,47,2,mf_var,Plain MF RF,3
42,48,3,mf_var,Plain MF RF,3
42,49,1,mf_var,Plain MF RF,3
42,52,1,mf_var,Plain MF RF,3
42,55,1,mf_var,Plain MF RF,3
43,10,4,mf_var,Plain MF RF,3
43,16,94,mf_var,Plain MF RF,3
43,18,14,mf_var,Plain MF RF,3
43,19,4,mf_var,Plain MF RF,3
43,20,32,mf_var,Plain MF RF,3
43,24,38,mf_var,Plain MF RF,3
43,25,24,mf_var,Plain MF RF,3
43,31,1,mf_var,Plain MF RF,3
43,42,115,mf_var,Plain MF RF,3
43,43,5335,mf_var,Plain MF RF,3
43,46,31,mf_var,Plain MF RF,3
44,1,562,mf_var,Plain MF RF,3
44,2,35,mf_var,Plain MF RF,3
44,3,2013,mf_var,Plain MF RF,3
44,4,29,mf_var,Plain MF RF,3
44,5,1886,mf_var,Plain MF RF,3
44,6,21,mf_var,Plain MF RF,3
44,7,2449,mf_var,Plain MF RF,3
44,9,19,mf_var,Plain MF RF,3
44,10,2166,mf_var,Plain MF RF,3
44,11,11,mf_var,Plain MF RF,3
44,12,14,mf_var,Plain MF RF,3
44,13,653,mf_var,Plain MF RF,3
44,14,14,mf_var,Plain MF RF,3
44,15,16,mf_var,Plain MF RF,3
44,16,139,mf_var,Plain MF RF,3
44,17,24,mf_var,Plain MF RF,3
44,18,952,mf_var,Plain MF RF,3
44,19,67,mf_var,Plain MF RF,3
44,20,34,mf_var,Plain MF RF,3
44,21,9025,mf_var,Plain MF RF,3
44,22,15,mf_var,Plain MF RF,3
44,23,13,mf_var,Plain MF RF,3
44,24,25,mf_var,Plain MF RF,3
44,25,11,mf_var,Plain MF RF,3
44,26,8833,mf_var,Plain MF RF,3
44,27,112,mf_var,Plain MF RF,3
44,28,12680,mf_var,Plain MF RF,3
44,29,21,mf_var,Plain MF RF,3
44,30,22217,mf_var,Plain MF RF,3
44,31,32,mf_var,Plain MF RF,3
44,32,24,mf_var,Plain MF RF,3
44,33,1351,mf_var,Plain MF RF,3
44,34,796,mf_var,Plain MF RF,3
44,35,21,mf_var,Plain MF RF,3
44,36,22110,mf_var,Plain MF RF,3
44,37,32,mf_var,Plain MF RF,3
44,38,4,mf_var,Plain MF RF,3
44,39,5883,mf_var,Plain MF RF,3
44,40,16357,mf_var,Plain MF RF,3
44,41,1136,mf_var,Plain MF RF,3
44,42,18,mf_var,Plain MF RF,3
44,43,19,mf_var,Plain MF RF,3
44,44,416079,mf_var,Plain MF RF,3
44,45,1005,mf_var,Plain MF RF,3
44,46,1373,mf_var,Plain MF RF,3
44,47,10090,mf_var,Plain MF RF,3
44,48,61,mf_var,Plain MF RF,3
44,49,15862,mf_var,Plain MF RF,3
44,50,2274,mf_var,Plain MF RF,3
44,52,2370,mf_var,Plain MF RF,3
44,53,3356,mf_var,Plain MF RF,3
44,54,320,mf_var,Plain MF RF,3
44,55,1562,mf_var,Plain MF RF,3
45,1,96,mf_var,Plain MF RF,3
45,5,179,mf_var,Plain MF RF,3
45,6,3,mf_var,Plain MF RF,3
45,7,2,mf_var,Plain MF RF,3
45,10,111,mf_var,Plain MF RF,3
45,12,2,mf_var,Plain MF RF,3
45,13,144,mf_var,Plain MF RF,3
45,15,5,mf_var,Plain MF RF,3
45,16,58,mf_var,Plain MF RF,3
45,18,34,mf_var,Plain MF RF,3
45,20,11,mf_var,Plain MF RF,3
45,22,1,mf_var,Plain MF RF,3
45,23,7,mf_var,Plain MF RF,3
45,24,300,mf_var,Plain MF RF,3
45,25,38,mf_var,Plain MF RF,3
45,26,2,mf_var,Plain MF RF,3
45,27,2,mf_var,Plain MF RF,3
45,28,8,mf_var,Plain MF RF,3
45,29,132,mf_var,Plain MF RF,3
45,30,95,mf_var,Plain MF RF,3
45,31,33,mf_var,Plain MF RF,3
45,32,1,mf_var,Plain MF RF,3
45,33,7,mf_var,Plain MF RF,3
45,34,74,mf_var,Plain MF RF,3
45,35,1,mf_var,Plain MF RF,3
45,39,314,mf_var,Plain MF RF,3
45,40,39,mf_var,Plain MF RF,3
45,41,1,mf_var,Plain MF RF,3
45,44,70,mf_var,Plain MF RF,3
45,45,13948,mf_var,Plain MF RF,3
45,46,650,mf_var,Plain MF RF,3
45,47,8,mf_var,Plain MF RF,3
45,48,1,mf_var,Plain MF RF,3
45,49,25,mf_var,Plain MF RF,3
45,50,2,mf_var,Plain MF RF,3
45,52,1,mf_var,Plain MF RF,3
46,1,321,mf_var,Plain MF RF,3
46,2,6,mf_var,Plain MF RF,3
46,3,92,mf_var,Plain MF RF,3
46,4,6,mf_var,Plain MF RF,3
46,5,116,mf_var,Plain MF RF,3
46,6,3,mf_var,Plain MF RF,3
46,7,171,mf_var,Plain MF RF,3
46,9,5,mf_var,Plain MF RF,3
46,10,2038,mf_var,Plain MF RF,3
46,11,14,mf_var,Plain MF RF,3
46,12,6,mf_var,Plain MF RF,3
46,13,219,mf_var,Plain MF RF,3
46,14,6,mf_var,Plain MF RF,3
46,15,9,mf_var,Plain MF RF,3
46,16,1181,mf_var,Plain MF RF,3
46,17,2,mf_var,Plain MF RF,3
46,18,1235,mf_var,Plain MF RF,3
46,19,7,mf_var,Plain MF RF,3
46,20,620,mf_var,Plain MF RF,3
46,21,24,mf_var,Plain MF RF,3
46,22,9,mf_var,Plain MF RF,3
46,23,11,mf_var,Plain MF RF,3
46,24,3,mf_var,Plain MF RF,3
46,25,21,mf_var,Plain MF RF,3
46,26,326,mf_var,Plain MF RF,3
46,27,5,mf_var,Plain MF RF,3
46,28,216,mf_var,Plain MF RF,3
46,29,4,mf_var,Plain MF RF,3
46,30,492,mf_var,Plain MF RF,3
46,31,15,mf_var,Plain MF RF,3
46,32,4,mf_var,Plain MF RF,3
46,33,41,mf_var,Plain MF RF,3
46,34,940,mf_var,Plain MF RF,3
46,35,8,mf_var,Plain MF RF,3
46,36,546,mf_var,Plain MF RF,3
46,37,22,mf_var,Plain MF RF,3
46,38,7,mf_var,Plain MF RF,3
46,39,2501,mf_var,Plain MF RF,3
46,40,1042,mf_var,Plain MF RF,3
46,41,6,mf_var,Plain MF RF,3
46,42,6,mf_var,Plain MF RF,3
46,43,171,mf_var,Plain MF RF,3
46,44,627,mf_var,Plain MF RF,3
46,45,871,mf_var,Plain MF RF,3
46,46,120557,mf_var,Plain MF RF,3
46,47,1065,mf_var,Plain MF RF,3
46,48,7,mf_var,Plain MF RF,3
46,49,667,mf_var,Plain MF RF,3
46,50,184,mf_var,Plain MF RF,3
46,52,7,mf_var,Plain MF RF,3
46,53,4,mf_var,Plain MF RF,3
46,54,8,mf_var,Plain MF RF,3
46,55,8,mf_var,Plain MF RF,3
47,1,117,mf_var,Plain MF RF,3
47,2,13,mf_var,Plain MF RF,3
47,3,1665,mf_var,Plain MF RF,3
47,4,46,mf_var,Plain MF RF,3
47,5,2324,mf_var,Plain MF RF,3
47,6,61,mf_var,Plain MF RF,3
47,7,1924,mf_var,Plain MF RF,3
47,9,12,mf_var,Plain MF RF,3
47,10,2611,mf_var,Plain MF RF,3
47,11,70,mf_var,Plain MF RF,3
47,12,14,mf_var,Plain MF RF,3
47,13,17,mf_var,Plain MF RF,3
47,14,13,mf_var,Plain MF RF,3
47,15,13,mf_var,Plain MF RF,3
47,16,10,mf_var,Plain MF RF,3
47,17,11,mf_var,Plain MF RF,3
47,18,12,mf_var,Plain MF RF,3
47,19,13,mf_var,Plain MF RF,3
47,20,15,mf_var,Plain MF RF,3
47,21,775,mf_var,Plain MF RF,3
47,22,19,mf_var,Plain MF RF,3
47,23,10,mf_var,Plain MF RF,3
47,24,16,mf_var,Plain MF RF,3
47,25,12,mf_var,Plain MF RF,3
47,26,805,mf_var,Plain MF RF,3
47,27,897,mf_var,Plain MF RF,3
47,28,10026,mf_var,Plain MF RF,3
47,29,8,mf_var,Plain MF RF,3
47,30,3819,mf_var,Plain MF RF,3
47,31,21,mf_var,Plain MF RF,3
47,32,14,mf_var,Plain MF RF,3
47,33,742,mf_var,Plain MF RF,3
47,34,469,mf_var,Plain MF RF,3
47,35,19,mf_var,Plain MF RF,3
47,36,7221,mf_var,Plain MF RF,3
47,37,145,mf_var,Plain MF RF,3
47,38,13,mf_var,Plain MF RF,3
47,39,1081,mf_var,Plain MF RF,3
47,40,7827,mf_var,Plain MF RF,3
47,41,338,mf_var,Plain MF RF,3
47,42,17,mf_var,Plain MF RF,3
47,43,13,mf_var,Plain MF RF,3
47,44,7066,mf_var,Plain MF RF,3
47,45,48,mf_var,Plain MF RF,3
47,46,1841,mf_var,Plain MF RF,3
47,47,293579,mf_var,Plain MF RF,3
47,48,101,mf_var,Plain MF RF,3
47,49,7252,mf_var,Plain MF RF,3
47,50,897,mf_var,Plain MF RF,3
47,52,169,mf_var,Plain MF RF,3
47,53,21,mf_var,Plain MF RF,3
47,54,7,mf_var,Plain MF RF,3
47,55,198,mf_var,Plain MF RF,3
48,3,1,mf_var,Plain MF RF,3
48,9,2,mf_var,Plain MF RF,3
48,16,1,mf_var,Plain MF RF,3
48,24,1,mf_var,Plain MF RF,3
48,27,5,mf_var,Plain MF RF,3
48,28,3,mf_var,Plain MF RF,3
48,33,1,mf_var,Plain MF RF,3
48,36,1,mf_var,Plain MF RF,3
48,40,1,mf_var,Plain MF RF,3
48,41,1,mf_var,Plain MF RF,3
48,47,3,mf_var,Plain MF RF,3
48,48,1578,mf_var,Plain MF RF,3
48,49,23,mf_var,Plain MF RF,3
48,53,3,mf_var,Plain MF RF,3
49,1,110,mf_var,Plain MF RF,3
49,2,4,mf_var,Plain MF RF,3
49,3,54,mf_var,Plain MF RF,3
49,4,9,mf_var,Plain MF RF,3
49,5,313,mf_var,Plain MF RF,3
49,6,2,mf_var,Plain MF RF,3
49,7,59,mf_var,Plain MF RF,3
49,9,4,mf_var,Plain MF RF,3
49,10,992,mf_var,Plain MF RF,3
49,11,7,mf_var,Plain MF RF,3
49,12,7,mf_var,Plain MF RF,3
49,13,6,mf_var,Plain MF RF,3
49,14,6,mf_var,Plain MF RF,3
49,15,7,mf_var,Plain MF RF,3
49,16,5,mf_var,Plain MF RF,3
49,17,9,mf_var,Plain MF RF,3
49,18,7,mf_var,Plain MF RF,3
49,19,5,mf_var,Plain MF RF,3
49,20,27,mf_var,Plain MF RF,3
49,21,2009,mf_var,Plain MF RF,3
49,22,5,mf_var,Plain MF RF,3
49,23,7,mf_var,Plain MF RF,3
49,24,5,mf_var,Plain MF RF,3
49,25,5,mf_var,Plain MF RF,3
49,26,1687,mf_var,Plain MF RF,3
49,27,13,mf_var,Plain MF RF,3
49,28,1020,mf_var,Plain MF RF,3
49,29,8,mf_var,Plain MF RF,3
49,30,5135,mf_var,Plain MF RF,3
49,31,5,mf_var,Plain MF RF,3
49,32,7,mf_var,Plain MF RF,3
49,33,7,mf_var,Plain MF RF,3
49,34,623,mf_var,Plain MF RF,3
49,35,4,mf_var,Plain MF RF,3
49,36,2185,mf_var,Plain MF RF,3
49,37,12,mf_var,Plain MF RF,3
49,38,8,mf_var,Plain MF RF,3
49,39,777,mf_var,Plain MF RF,3
49,40,4630,mf_var,Plain MF RF,3
49,41,16,mf_var,Plain MF RF,3
49,42,3,mf_var,Plain MF RF,3
49,43,4,mf_var,Plain MF RF,3
49,44,3477,mf_var,Plain MF RF,3
49,45,113,mf_var,Plain MF RF,3
49,46,832,mf_var,Plain MF RF,3
49,47,1817,mf_var,Plain MF RF,3
49,48,30,mf_var,Plain MF RF,3
49,49,129418,mf_var,Plain MF RF,3
49,50,375,mf_var,Plain MF RF,3
49,52,1023,mf_var,Plain MF RF,3
49,53,625,mf_var,Plain MF RF,3
49,54,41,mf_var,Plain MF RF,3
49,55,194,mf_var,Plain MF RF,3
50,2,4,mf_var,Plain MF RF,3
50,6,1,mf_var,Plain MF RF,3
50,7,3,mf_var,Plain MF RF,3
50,10,26,mf_var,Plain MF RF,3
50,11,1,mf_var,Plain MF RF,3
50,13,1,mf_var,Plain MF RF,3
50,15,1,mf_var,Plain MF RF,3
50,16,1,mf_var,Plain MF RF,3
50,17,1,mf_var,Plain MF RF,3
50,18,2,mf_var,Plain MF RF,3
50,21,1,mf_var,Plain MF RF,3
50,22,1,mf_var,Plain MF RF,3
50,23,1,mf_var,Plain MF RF,3
50,24,1,mf_var,Plain MF RF,3
50,28,2,mf_var,Plain MF RF,3
50,29,1,mf_var,Plain MF RF,3
50,30,5,mf_var,Plain MF RF,3
50,31,1,mf_var,Plain MF RF,3
50,34,5,mf_var,Plain MF RF,3
50,35,1,mf_var,Plain MF RF,3
50,39,30,mf_var,Plain MF RF,3
50,40,31,mf_var,Plain MF RF,3
50,42,1,mf_var,Plain MF RF,3
50,43,1,mf_var,Plain MF RF,3
50,44,17,mf_var,Plain MF RF,3
50,46,16,mf_var,Plain MF RF,3
50,47,8,mf_var,Plain MF RF,3
50,49,1,mf_var,Plain MF RF,3
50,50,2111,mf_var,Plain MF RF,3
50,53,12,mf_var,Plain MF RF,3
50,54,1,mf_var,Plain MF RF,3
50,55,3,mf_var,Plain MF RF,3
52,1,8,mf_var,Plain MF RF,3
52,2,4,mf_var,Plain MF RF,3
52,3,3,mf_var,Plain MF RF,3
52,4,7,mf_var,Plain MF RF,3
52,5,10,mf_var,Plain MF RF,3
52,6,6,mf_var,Plain MF RF,3
52,7,15,mf_var,Plain MF RF,3
52,9,6,mf_var,Plain MF RF,3
52,10,10,mf_var,Plain MF RF,3
52,11,5,mf_var,Plain MF RF,3
52,12,9,mf_var,Plain MF RF,3
52,13,9,mf_var,Plain MF RF,3
52,14,6,mf_var,Plain MF RF,3
52,15,8,mf_var,Plain MF RF,3
52,16,4,mf_var,Plain MF RF,3
52,17,5,mf_var,Plain MF RF,3
52,18,9,mf_var,Plain MF RF,3
52,19,7,mf_var,Plain MF RF,3
52,20,7,mf_var,Plain MF RF,3
52,21,26,mf_var,Plain MF RF,3
52,22,8,mf_var,Plain MF RF,3
52,23,7,mf_var,Plain MF RF,3
52,24,7,mf_var,Plain MF RF,3
52,25,13,mf_var,Plain MF RF,3
52,26,12,mf_var,Plain MF RF,3
52,27,4,mf_var,Plain MF RF,3
52,28,6,mf_var,Plain MF RF,3
52,29,12,mf_var,Plain MF RF,3
52,30,3,mf_var,Plain MF RF,3
52,31,9,mf_var,Plain MF RF,3
52,32,12,mf_var,Plain MF RF,3
52,33,5,mf_var,Plain MF RF,3
52,34,3,mf_var,Plain MF RF,3
52,35,6,mf_var,Plain MF RF,3
52,36,2,mf_var,Plain MF RF,3
52,37,6,mf_var,Plain MF RF,3
52,38,4,mf_var,Plain MF RF,3
52,39,6,mf_var,Plain MF RF,3
52,40,182,mf_var,Plain MF RF,3
52,41,7,mf_var,Plain MF RF,3
52,42,5,mf_var,Plain MF RF,3
52,43,6,mf_var,Plain MF RF,3
52,44,121,mf_var,Plain MF RF,3
52,45,6,mf_var,Plain MF RF,3
52,46,6,mf_var,Plain MF RF,3
52,47,3,mf_var,Plain MF RF,3
52,49,149,mf_var,Plain MF RF,3
52,50,5,mf_var,Plain MF RF,3
52,52,22643,mf_var,Plain MF RF,3
52,53,180,mf_var,Plain MF RF,3
52,54,7,mf_var,Plain MF RF,3
52,55,26,mf_var,Plain MF RF,3
53,1,16,mf_var,Plain MF RF,3
53,2,81,mf_var,Plain MF RF,3
53,3,15,mf_var,Plain MF RF,3
53,4,20,mf_var,Plain MF RF,3
53,5,22,mf_var,Plain MF RF,3
53,6,10,mf_var,Plain MF RF,3
53,7,14,mf_var,Plain MF RF,3
53,9,20,mf_var,Plain MF RF,3
53,10,19,mf_var,Plain MF RF,3
53,11,14,mf_var,Plain MF RF,3
53,12,17,mf_var,Plain MF RF,3
53,13,25,mf_var,Plain MF RF,3
53,14,17,mf_var,Plain MF RF,3
53,15,22,mf_var,Plain MF RF,3
53,16,18,mf_var,Plain MF RF,3
53,17,16,mf_var,Plain MF RF,3
53,18,20,mf_var,Plain MF RF,3
53,19,18,mf_var,Plain MF RF,3
53,20,17,mf_var,Plain MF RF,3
53,21,707,mf_var,Plain MF RF,3
53,22,15,mf_var,Plain MF RF,3
53,23,18,mf_var,Plain MF RF,3
53,24,19,mf_var,Plain MF RF,3
53,25,17,mf_var,Plain MF RF,3
53,26,245,mf_var,Plain MF RF,3
53,27,6,mf_var,Plain MF RF,3
53,28,71,mf_var,Plain MF RF,3
53,29,24,mf_var,Plain MF RF,3
53,30,156,mf_var,Plain MF RF,3
53,31,19,mf_var,Plain MF RF,3
53,32,12,mf_var,Plain MF RF,3
53,33,15,mf_var,Plain MF RF,3
53,34,218,mf_var,Plain MF RF,3
53,35,19,mf_var,Plain MF RF,3
53,36,28,mf_var,Plain MF RF,3
53,37,19,mf_var,Plain MF RF,3
53,38,17,mf_var,Plain MF RF,3
53,39,53,mf_var,Plain MF RF,3
53,40,603,mf_var,Plain MF RF,3
53,41,9,mf_var,Plain MF RF,3
53,42,20,mf_var,Plain MF RF,3
53,43,18,mf_var,Plain MF RF,3
53,44,637,mf_var,Plain MF RF,3
53,45,18,mf_var,Plain MF RF,3
53,46,26,mf_var,Plain MF RF,3
53,47,33,mf_var,Plain MF RF,3
53,48,12,mf_var,Plain MF RF,3
53,49,913,mf_var,Plain MF RF,3
53,50,96,mf_var,Plain MF RF,3
53,52,437,mf_var,Plain MF RF,3
53,53,59307,mf_var,Plain MF RF,3
53,54,5,mf_var,Plain MF RF,3
53,55,276,mf_var,Plain MF RF,3
54,1,1,mf_var,Plain MF RF,3
54,2,4,mf_var,Plain MF RF,3
54,3,1,mf_var,Plain MF RF,3
54,4,3,mf_var,Plain MF RF,3
54,5,1,mf_var,Plain MF RF,3
54,6,1,mf_var,Plain MF RF,3
54,7,6,mf_var,Plain MF RF,3
54,9,3,mf_var,Plain MF RF,3
54,10,6,mf_var,Plain MF RF,3
54,11,1,mf_var,Plain MF RF,3
54,12,5,mf_var,Plain MF RF,3
54,13,5,mf_var,Plain MF RF,3
54,14,6,mf_var,Plain MF RF,3
54,16,5,mf_var,Plain MF RF,3
54,17,5,mf_var,Plain MF RF,3
54,18,5,mf_var,Plain MF RF,3
54,19,3,mf_var,Plain MF RF,3
54,20,5,mf_var,Plain MF RF,3
54,21,146,mf_var,Plain MF RF,3
54,22,3,mf_var,Plain MF RF,3
54,23,1,mf_var,Plain MF RF,3
54,24,4,mf_var,Plain MF RF,3
54,25,3,mf_var,Plain MF RF,3
54,26,3,mf_var,Plain MF RF,3
54,27,2,mf_var,Plain MF RF,3
54,28,4,mf_var,Plain MF RF,3
54,29,4,mf_var,Plain MF RF,3
54,30,11,mf_var,Plain MF RF,3
54,31,3,mf_var,Plain MF RF,3
54,32,2,mf_var,Plain MF RF,3
54,33,2,mf_var,Plain MF RF,3
54,34,15,mf_var,Plain MF RF,3
54,35,4,mf_var,Plain MF RF,3
54,36,16,mf_var,Plain MF RF,3
54,37,1,mf_var,Plain MF RF,3
54,38,4,mf_var,Plain MF RF,3
54,39,2,mf_var,Plain MF RF,3
54,40,58,mf_var,Plain MF RF,3
54,41,4,mf_var,Plain MF RF,3
54,42,4,mf_var,Plain MF RF,3
54,43,2,mf_var,Plain MF RF,3
54,44,172,mf_var,Plain MF RF,3
54,45,7,mf_var,Plain MF RF,3
54,46,6,mf_var,Plain MF RF,3
54,47,4,mf_var,Plain MF RF,3
54,48,1,mf_var,Plain MF RF,3
54,49,6,mf_var,Plain MF RF,3
54,50,12,mf_var,Plain MF RF,3
54,52,2,mf_var,Plain MF RF,3
54,53,31,mf_var,Plain MF RF,3
54,54,10939,mf_var,Plain MF RF,3
54,55,4,mf_var,Plain MF RF,3
55,1,1,mf_var,Plain MF RF,3
55,21,4,mf_var,Plain MF RF,3
55,28,3,mf_var,Plain MF RF,3
55,36,1,mf_var,Plain MF RF,3
55,38,1,mf_var,Plain MF RF,3
55,40,70,mf_var,Plain MF RF,3
55,44,88,mf_var,Plain MF RF,3
55,50,3,mf_var,Plain MF RF,3
55,52,48,mf_var,Plain MF RF,3
55,53,56,mf_var,Plain MF RF,3
55,55,6108,mf_var,Plain MF RF,3
1,1,13699,mf_var,Plain MF RF,5
1,3,5,mf_var,Plain MF RF,5
1,5,6,mf_var,Plain MF RF,5
1,6,6,mf_var,Plain MF RF,5
1,7,81,mf_var,Plain MF RF,5
1,10,14,mf_var,Plain MF RF,5
1,13,190,mf_var,Plain MF RF,5
1,14,2,mf_var,Plain MF RF,5
1,15,1,mf_var,Plain MF RF,5
1,16,20,mf_var,Plain MF RF,5
1,17,53,mf_var,Plain MF RF,5
1,18,37,mf_var,Plain MF RF,5
1,19,2,mf_var,Plain MF RF,5
1,20,16,mf_var,Plain MF RF,5
1,21,98,mf_var,Plain MF RF,5
1,22,1,mf_var,Plain MF RF,5
1,24,4,mf_var,Plain MF RF,5
1,25,149,mf_var,Plain MF RF,5
1,26,4,mf_var,Plain MF RF,5
1,27,1,mf_var,Plain MF RF,5
1,28,2,mf_var,Plain MF RF,5
1,29,2,mf_var,Plain MF RF,5
1,30,7,mf_var,Plain MF RF,5
1,31,80,mf_var,Plain MF RF,5
1,32,9,mf_var,Plain MF RF,5
1,33,50,mf_var,Plain MF RF,5
1,34,2,mf_var,Plain MF RF,5
1,35,1,mf_var,Plain MF RF,5
1,36,2,mf_var,Plain MF RF,5
1,37,7,mf_var,Plain MF RF,5
1,38,2,mf_var,Plain MF RF,5
1,39,301,mf_var,Plain MF RF,5
1,40,35,mf_var,Plain MF RF,5
1,41,3,mf_var,Plain MF RF,5
1,42,29,mf_var,Plain MF RF,5
1,43,2,mf_var,Plain MF RF,5
1,44,16,mf_var,Plain MF RF,5
1,45,99,mf_var,Plain MF RF,5
1,46,32,mf_var,Plain MF RF,5
1,47,44,mf_var,Plain MF RF,5
1,48,6,mf_var,Plain MF RF,5
1,49,4,mf_var,Plain MF RF,5
1,50,131,mf_var,Plain MF RF,5
1,52,1,mf_var,Plain MF RF,5
1,53,2,mf_var,Plain MF RF,5
1,54,3,mf_var,Plain MF RF,5
1,55,2,mf_var,Plain MF RF,5
2,1,353,mf_var,Plain MF RF,5
2,2,264880,mf_var,Plain MF RF,5
2,3,1069,mf_var,Plain MF RF,5
2,4,127,mf_var,Plain MF RF,5
2,5,683,mf_var,Plain MF RF,5
2,6,4,mf_var,Plain MF RF,5
2,7,756,mf_var,Plain MF RF,5
2,9,192,mf_var,Plain MF RF,5
2,10,535,mf_var,Plain MF RF,5
2,11,2617,mf_var,Plain MF RF,5
2,12,289,mf_var,Plain MF RF,5
2,13,2429,mf_var,Plain MF RF,5
2,14,205,mf_var,Plain MF RF,5
2,15,18,mf_var,Plain MF RF,5
2,16,2972,mf_var,Plain MF RF,5
2,17,224,mf_var,Plain MF RF,5
2,18,2591,mf_var,Plain MF RF,5
2,19,14,mf_var,Plain MF RF,5
2,20,309,mf_var,Plain MF RF,5
2,21,15,mf_var,Plain MF RF,5
2,22,120,mf_var,Plain MF RF,5
2,23,14,mf_var,Plain MF RF,5
2,24,111,mf_var,Plain MF RF,5
2,25,610,mf_var,Plain MF RF,5
2,26,32,mf_var,Plain MF RF,5
2,27,343,mf_var,Plain MF RF,5
2,28,113,mf_var,Plain MF RF,5
2,29,8,mf_var,Plain MF RF,5
2,30,143,mf_var,Plain MF RF,5
2,31,313,mf_var,Plain MF RF,5
2,32,81,mf_var,Plain MF RF,5
2,33,100,mf_var,Plain MF RF,5
2,34,116,mf_var,Plain MF RF,5
2,35,16,mf_var,Plain MF RF,5
2,36,82,mf_var,Plain MF RF,5
2,37,33,mf_var,Plain MF RF,5
2,38,10,mf_var,Plain MF RF,5
2,39,45,mf_var,Plain MF RF,5
2,40,30,mf_var,Plain MF RF,5
2,41,169,mf_var,Plain MF RF,5
2,42,72,mf_var,Plain MF RF,5
2,43,1,mf_var,Plain MF RF,5
2,44,214,mf_var,Plain MF RF,5
2,45,43,mf_var,Plain MF RF,5
2,46,42,mf_var,Plain MF RF,5
2,47,7,mf_var,Plain MF RF,5
2,48,13,mf_var,Plain MF RF,5
2,49,10,mf_var,Plain MF RF,5
2,50,104,mf_var,Plain MF RF,5
2,52,25,mf_var,Plain MF RF,5
2,53,468,mf_var,Plain MF RF,5
2,54,10,mf_var,Plain MF RF,5
2,55,263,mf_var,Plain MF RF,5
3,1,347,mf_var,Plain MF RF,5
3,2,621,mf_var,Plain MF RF,5
3,3,512021,mf_var,Plain MF RF,5
3,4,1043,mf_var,Plain MF RF,5
3,5,1087,mf_var,Plain MF RF,5
3,6,186,mf_var,Plain MF RF,5
3,7,2401,mf_var,Plain MF RF,5
3,9,332,mf_var,Plain MF RF,5
3,10,1351,mf_var,Plain MF RF,5
3,11,2349,mf_var,Plain MF RF,5
3,12,2717,mf_var,Plain MF RF,5
3,13,2967,mf_var,Plain MF RF,5
3,14,1074,mf_var,Plain MF RF,5
3,15,1084,mf_var,Plain MF RF,5
3,16,39,mf_var,Plain MF RF,5
3,17,17,mf_var,Plain MF RF,5
3,18,1041,mf_var,Plain MF RF,5
3,19,40,mf_var,Plain MF RF,5
3,20,11,mf_var,Plain MF RF,5
3,21,287,mf_var,Plain MF RF,5
3,22,54,mf_var,Plain MF RF,5
3,23,155,mf_var,Plain MF RF,5
3,24,1517,mf_var,Plain MF RF,5
3,25,296,mf_var,Plain MF RF,5
3,26,249,mf_var,Plain MF RF,5
3,27,6104,mf_var,Plain MF RF,5
3,28,1968,mf_var,Plain MF RF,5
3,29,18,mf_var,Plain MF RF,5
3,30,478,mf_var,Plain MF RF,5
3,31,18,mf_var,Plain MF RF,5
3,32,269,mf_var,Plain MF RF,5
3,33,2356,mf_var,Plain MF RF,5
3,34,141,mf_var,Plain MF RF,5
3,35,11,mf_var,Plain MF RF,5
3,36,1106,mf_var,Plain MF RF,5
3,37,1006,mf_var,Plain MF RF,5
3,38,9,mf_var,Plain MF RF,5
3,39,562,mf_var,Plain MF RF,5
3,40,215,mf_var,Plain MF RF,5
3,41,1864,mf_var,Plain MF RF,5
3,42,4,mf_var,Plain MF RF,5
3,43,12,mf_var,Plain MF RF,5
3,44,758,mf_var,Plain MF RF,5
3,45,88,mf_var,Plain MF RF,5
3,46,462,mf_var,Plain MF RF,5
3,47,1437,mf_var,Plain MF RF,5
3,48,11,mf_var,Plain MF RF,5
3,49,101,mf_var,Plain MF RF,5
3,50,28,mf_var,Plain MF RF,5
3,52,14,mf_var,Plain MF RF,5
3,53,9,mf_var,Plain MF RF,5
3,54,19,mf_var,Plain MF RF,5
3,55,19,mf_var,Plain MF RF,5
4,1,3,mf_var,Plain MF RF,5
4,2,406,mf_var,Plain MF RF,5
4,3,623,mf_var,Plain MF RF,5
4,4,82346,mf_var,Plain MF RF,5
4,5,356,mf_var,Plain MF RF,5
4,6,198,mf_var,Plain MF RF,5
4,7,213,mf_var,Plain MF RF,5
4,9,16,mf_var,Plain MF RF,5
4,10,9,mf_var,Plain MF RF,5
4,11,960,mf_var,Plain MF RF,5
4,12,403,mf_var,Plain MF RF,5
4,13,2180,mf_var,Plain MF RF,5
4,14,873,mf_var,Plain MF RF,5
4,15,658,mf_var,Plain MF RF,5
4,16,475,mf_var,Plain MF RF,5
4,17,232,mf_var,Plain MF RF,5
4,18,26,mf_var,Plain MF RF,5
4,19,25,mf_var,Plain MF RF,5
4,20,212,mf_var,Plain MF RF,5
4,21,32,mf_var,Plain MF RF,5
4,22,210,mf_var,Plain MF RF,5
4,23,50,mf_var,Plain MF RF,5
4,24,7,mf_var,Plain MF RF,5
4,25,43,mf_var,Plain MF RF,5
4,26,23,mf_var,Plain MF RF,5
4,27,365,mf_var,Plain MF RF,5
4,28,3,mf_var,Plain MF RF,5
4,29,3,mf_var,Plain MF RF,5
4,30,107,mf_var,Plain MF RF,5
4,31,10,mf_var,Plain MF RF,5
4,32,7,mf_var,Plain MF RF,5
4,33,90,mf_var,Plain MF RF,5
4,34,7,mf_var,Plain MF RF,5
4,35,14,mf_var,Plain MF RF,5
4,36,4,mf_var,Plain MF RF,5
4,37,3,mf_var,Plain MF RF,5
4,38,6,mf_var,Plain MF RF,5
4,39,59,mf_var,Plain MF RF,5
4,40,2,mf_var,Plain MF RF,5
4,41,6,mf_var,Plain MF RF,5
4,42,4,mf_var,Plain MF RF,5
4,43,5,mf_var,Plain MF RF,5
4,44,9,mf_var,Plain MF RF,5
4,45,10,mf_var,Plain MF RF,5
4,46,10,mf_var,Plain MF RF,5
4,47,4,mf_var,Plain MF RF,5
4,48,19,mf_var,Plain MF RF,5
4,49,4,mf_var,Plain MF RF,5
4,50,51,mf_var,Plain MF RF,5
4,52,6,mf_var,Plain MF RF,5
4,53,6,mf_var,Plain MF RF,5
4,54,5,mf_var,Plain MF RF,5
4,55,7,mf_var,Plain MF RF,5
5,1,171,mf_var,Plain MF RF,5
5,2,113,mf_var,Plain MF RF,5
5,3,514,mf_var,Plain MF RF,5
5,4,78,mf_var,Plain MF RF,5
5,5,160226,mf_var,Plain MF RF,5
5,6,26,mf_var,Plain MF RF,5
5,7,1950,mf_var,Plain MF RF,5
5,9,14,mf_var,Plain MF RF,5
5,10,400,mf_var,Plain MF RF,5
5,11,958,mf_var,Plain MF RF,5
5,12,1779,mf_var,Plain MF RF,5
5,13,3210,mf_var,Plain MF RF,5
5,14,1834,mf_var,Plain MF RF,5
5,15,610,mf_var,Plain MF RF,5
5,16,2022,mf_var,Plain MF RF,5
5,17,265,mf_var,Plain MF RF,5
5,18,228,mf_var,Plain MF RF,5
5,19,7,mf_var,Plain MF RF,5
5,20,670,mf_var,Plain MF RF,5
5,21,1042,mf_var,Plain MF RF,5
5,22,135,mf_var,Plain MF RF,5
5,23,77,mf_var,Plain MF RF,5
5,24,926,mf_var,Plain MF RF,5
5,25,679,mf_var,Plain MF RF,5
5,26,934,mf_var,Plain MF RF,5
5,27,1275,mf_var,Plain MF RF,5
5,28,71,mf_var,Plain MF RF,5
5,29,36,mf_var,Plain MF RF,5
5,30,260,mf_var,Plain MF RF,5
5,31,72,mf_var,Plain MF RF,5
5,32,59,mf_var,Plain MF RF,5
5,33,1533,mf_var,Plain MF RF,5
5,34,209,mf_var,Plain MF RF,5
5,35,108,mf_var,Plain MF RF,5
5,36,648,mf_var,Plain MF RF,5
5,37,366,mf_var,Plain MF RF,5
5,38,8,mf_var,Plain MF RF,5
5,39,633,mf_var,Plain MF RF,5
5,40,743,mf_var,Plain MF RF,5
5,41,1507,mf_var,Plain MF RF,5
5,42,206,mf_var,Plain MF RF,5
5,43,5,mf_var,Plain MF RF,5
5,44,1149,mf_var,Plain MF RF,5
5,45,274,mf_var,Plain MF RF,5
5,46,766,mf_var,Plain MF RF,5
5,47,1306,mf_var,Plain MF RF,5
5,48,10,mf_var,Plain MF RF,5
5,49,278,mf_var,Plain MF RF,5
5,50,34,mf_var,Plain MF RF,5
5,52,11,mf_var,Plain MF RF,5
5,53,11,mf_var,Plain MF RF,5
5,54,10,mf_var,Plain MF RF,5
5,55,7,mf_var,Plain MF RF,5
6,1,10,mf_var,Plain MF RF,5
6,2,62,mf_var,Plain MF RF,5
6,3,236,mf_var,Plain MF RF,5
6,4,131,mf_var,Plain MF RF,5
6,5,22,mf_var,Plain MF RF,5
6,6,82773,mf_var,Plain MF RF,5
6,7,100,mf_var,Plain MF RF,5
6,9,53,mf_var,Plain MF RF,5
6,10,112,mf_var,Plain MF RF,5
6,11,338,mf_var,Plain MF RF,5
6,12,328,mf_var,Plain MF RF,5
6,13,50,mf_var,Plain MF RF,5
6,14,41,mf_var,Plain MF RF,5
6,15,305,mf_var,Plain MF RF,5
6,16,46,mf_var,Plain MF RF,5
6,17,25,mf_var,Plain MF RF,5
6,18,83,mf_var,Plain MF RF,5
6,19,12,mf_var,Plain MF RF,5
6,20,12,mf_var,Plain MF RF,5
6,21,1613,mf_var,Plain MF RF,5
6,22,25,mf_var,Plain MF RF,5
6,23,177,mf_var,Plain MF RF,5
6,24,1066,mf_var,Plain MF RF,5
6,25,718,mf_var,Plain MF RF,5
6,26,53,mf_var,Plain MF RF,5
6,27,449,mf_var,Plain MF RF,5
6,28,37,mf_var,Plain MF RF,5
6,29,6,mf_var,Plain MF RF,5
6,30,322,mf_var,Plain MF RF,5
6,31,194,mf_var,Plain MF RF,5
6,32,9,mf_var,Plain MF RF,5
6,33,83,mf_var,Plain MF RF,5
6,34,19,mf_var,Plain MF RF,5
6,35,25,mf_var,Plain MF RF,5
6,36,33,mf_var,Plain MF RF,5
6,37,117,mf_var,Plain MF RF,5
6,38,17,mf_var,Plain MF RF,5
6,39,12,mf_var,Plain MF RF,5
6,40,11,mf_var,Plain MF RF,5
6,41,18,mf_var,Plain MF RF,5
6,42,90,mf_var,Plain MF RF,5
6,43,8,mf_var,Plain MF RF,5
6,44,16,mf_var,Plain MF RF,5
6,45,29,mf_var,Plain MF RF,5
6,46,13,mf_var,Plain MF RF,5
6,47,153,mf_var,Plain MF RF,5
6,48,14,mf_var,Plain MF RF,5
6,49,159,mf_var,Plain MF RF,5
6,50,16,mf_var,Plain MF RF,5
6,52,14,mf_var,Plain MF RF,5
6,53,7,mf_var,Plain MF RF,5
6,54,14,mf_var,Plain MF RF,5
6,55,18,mf_var,Plain MF RF,5
7,1,314,mf_var,Plain MF RF,5
7,2,913,mf_var,Plain MF RF,5
7,3,1116,mf_var,Plain MF RF,5
7,4,463,mf_var,Plain MF RF,5
7,5,609,mf_var,Plain MF RF,5
7,6,164,mf_var,Plain MF RF,5
7,7,192939,mf_var,Plain MF RF,5
7,9,244,mf_var,Plain MF RF,5
7,10,691,mf_var,Plain MF RF,5
7,11,314,mf_var,Plain MF RF,5
7,12,886,mf_var,Plain MF RF,5
7,13,2006,mf_var,Plain MF RF,5
7,14,844,mf_var,Plain MF RF,5
7,15,1367,mf_var,Plain MF RF,5
7,16,229,mf_var,Plain MF RF,5
7,17,3,mf_var,Plain MF RF,5
7,18,759,mf_var,Plain MF RF,5
7,19,330,mf_var,Plain MF RF,5
7,20,208,mf_var,Plain MF RF,5
7,21,525,mf_var,Plain MF RF,5
7,22,21,mf_var,Plain MF RF,5
7,23,1286,mf_var,Plain MF RF,5
7,24,2331,mf_var,Plain MF RF,5
7,25,1742,mf_var,Plain MF RF,5
7,26,568,mf_var,Plain MF RF,5
7,27,1017,mf_var,Plain MF RF,5
7,28,666,mf_var,Plain MF RF,5
7,29,138,mf_var,Plain MF RF,5
7,30,138,mf_var,Plain MF RF,5
7,31,369,mf_var,Plain MF RF,5
7,32,575,mf_var,Plain MF RF,5
7,33,1065,mf_var,Plain MF RF,5
7,34,340,mf_var,Plain MF RF,5
7,35,204,mf_var,Plain MF RF,5
7,36,1316,mf_var,Plain MF RF,5
7,37,55,mf_var,Plain MF RF,5
7,38,6,mf_var,Plain MF RF,5
7,39,422,mf_var,Plain MF RF,5
7,40,731,mf_var,Plain MF RF,5
7,41,227,mf_var,Plain MF RF,5
7,42,227,mf_var,Plain MF RF,5
7,43,4,mf_var,Plain MF RF,5
7,44,780,mf_var,Plain MF RF,5
7,45,120,mf_var,Plain MF RF,5
7,46,294,mf_var,Plain MF RF,5
7,47,365,mf_var,Plain MF RF,5
7,48,1,mf_var,Plain MF RF,5
7,49,958,mf_var,Plain MF RF,5
7,50,56,mf_var,Plain MF RF,5
7,52,5,mf_var,Plain MF RF,5
7,53,1,mf_var,Plain MF RF,5
7,54,5,mf_var,Plain MF RF,5
7,55,9,mf_var,Plain MF RF,5
9,2,1,mf_var,Plain MF RF,5
9,3,17,mf_var,Plain MF RF,5
9,4,21,mf_var,Plain MF RF,5
9,7,3,mf_var,Plain MF RF,5
9,9,30076,mf_var,Plain MF RF,5
9,10,7,mf_var,Plain MF RF,5
9,11,194,mf_var,Plain MF RF,5
9,12,11,mf_var,Plain MF RF,5
9,13,42,mf_var,Plain MF RF,5
9,14,45,mf_var,Plain MF RF,5
9,15,2,mf_var,Plain MF RF,5
9,16,3,mf_var,Plain MF RF,5
9,17,1,mf_var,Plain MF RF,5
9,18,5,mf_var,Plain MF RF,5
9,20,2,mf_var,Plain MF RF,5
9,21,1,mf_var,Plain MF RF,5
9,22,1,mf_var,Plain MF RF,5
9,24,1,mf_var,Plain MF RF,5
9,25,4,mf_var,Plain MF RF,5
9,26,2,mf_var,Plain MF RF,5
9,27,26,mf_var,Plain MF RF,5
9,28,1,mf_var,Plain MF RF,5
9,29,1,mf_var,Plain MF RF,5
9,30,1,mf_var,Plain MF RF,5
9,31,1,mf_var,Plain MF RF,5
9,34,3,mf_var,Plain MF RF,5
9,35,2,mf_var,Plain MF RF,5
9,36,4,mf_var,Plain MF RF,5
9,37,2,mf_var,Plain MF RF,5
9,38,1,mf_var,Plain MF RF,5
9,42,2,mf_var,Plain MF RF,5
9,45,1,mf_var,Plain MF RF,5
9,46,1,mf_var,Plain MF RF,5
9,48,4,mf_var,Plain MF RF,5
9,49,2,mf_var,Plain MF RF,5
9,52,2,mf_var,Plain MF RF,5
9,54,4,mf_var,Plain MF RF,5
9,55,3,mf_var,Plain MF RF,5
10,1,256,mf_var,Plain MF RF,5
10,2,12,mf_var,Plain MF RF,5
10,3,353,mf_var,Plain MF RF,5
10,4,9,mf_var,Plain MF RF,5
10,5,230,mf_var,Plain MF RF,5
10,6,8,mf_var,Plain MF RF,5
10,7,116,mf_var,Plain MF RF,5
10,9,70,mf_var,Plain MF RF,5
10,10,127744,mf_var,Plain MF RF,5
10,11,19,mf_var,Plain MF RF,5
10,12,32,mf_var,Plain MF RF,5
10,13,80,mf_var,Plain MF RF,5
10,14,19,mf_var,Plain MF RF,5
10,15,29,mf_var,Plain MF RF,5
10,16,1067,mf_var,Plain MF RF,5
10,17,10,mf_var,Plain MF RF,5
10,18,1066,mf_var,Plain MF RF,5
10,19,12,mf_var,Plain MF RF,5
10,20,1322,mf_var,Plain MF RF,5
10,21,33,mf_var,Plain MF RF,5
10,22,18,mf_var,Plain MF RF,5
10,23,20,mf_var,Plain MF RF,5
10,24,13,mf_var,Plain MF RF,5
10,25,2,mf_var,Plain MF RF,5
10,26,129,mf_var,Plain MF RF,5
10,27,15,mf_var,Plain MF RF,5
10,28,272,mf_var,Plain MF RF,5
10,29,15,mf_var,Plain MF RF,5
10,30,589,mf_var,Plain MF RF,5
10,31,38,mf_var,Plain MF RF,5
10,32,7,mf_var,Plain MF RF,5
10,33,178,mf_var,Plain MF RF,5
10,34,530,mf_var,Plain MF RF,5
10,35,10,mf_var,Plain MF RF,5
10,36,362,mf_var,Plain MF RF,5
10,37,27,mf_var,Plain MF RF,5
10,38,15,mf_var,Plain MF RF,5
10,39,3155,mf_var,Plain MF RF,5
10,40,710,mf_var,Plain MF RF,5
10,41,14,mf_var,Plain MF RF,5
10,42,15,mf_var,Plain MF RF,5
10,43,199,mf_var,Plain MF RF,5
10,44,182,mf_var,Plain MF RF,5
10,45,393,mf_var,Plain MF RF,5
10,46,4610,mf_var,Plain MF RF,5
10,47,643,mf_var,Plain MF RF,5
10,48,15,mf_var,Plain MF RF,5
10,49,1260,mf_var,Plain MF RF,5
10,50,264,mf_var,Plain MF RF,5
10,52,22,mf_var,Plain MF RF,5
10,53,25,mf_var,Plain MF RF,5
10,54,15,mf_var,Plain MF RF,5
10,55,15,mf_var,Plain MF RF,5
11,1,1,mf_var,Plain MF RF,5
11,2,703,mf_var,Plain MF RF,5
11,3,1131,mf_var,Plain MF RF,5
11,4,2325,mf_var,Plain MF RF,5
11,5,2395,mf_var,Plain MF RF,5
11,6,1030,mf_var,Plain MF RF,5
11,7,2695,mf_var,Plain MF RF,5
11,9,11,mf_var,Plain MF RF,5
11,10,10,mf_var,Plain MF RF,5
11,11,130866,mf_var,Plain MF RF,5
11,12,552,mf_var,Plain MF RF,5
11,13,1246,mf_var,Plain MF RF,5
11,14,940,mf_var,Plain MF RF,5
11,15,322,mf_var,Plain MF RF,5
11,16,510,mf_var,Plain MF RF,5
11,17,24,mf_var,Plain MF RF,5
11,18,80,mf_var,Plain MF RF,5
11,19,5,mf_var,Plain MF RF,5
11,20,340,mf_var,Plain MF RF,5
11,21,2,mf_var,Plain MF RF,5
11,22,92,mf_var,Plain MF RF,5
11,23,24,mf_var,Plain MF RF,5
11,24,323,mf_var,Plain MF RF,5
11,25,259,mf_var,Plain MF RF,5
11,26,19,mf_var,Plain MF RF,5
11,27,257,mf_var,Plain MF RF,5
11,28,6,mf_var,Plain MF RF,5
11,29,6,mf_var,Plain MF RF,5
11,30,6,mf_var,Plain MF RF,5
11,31,122,mf_var,Plain MF RF,5
11,32,16,mf_var,Plain MF RF,5
11,33,349,mf_var,Plain MF RF,5
11,34,28,mf_var,Plain MF RF,5
11,35,2,mf_var,Plain MF RF,5
11,36,5,mf_var,Plain MF RF,5
11,37,31,mf_var,Plain MF RF,5
11,38,8,mf_var,Plain MF RF,5
11,39,2,mf_var,Plain MF RF,5
11,40,4,mf_var,Plain MF RF,5
11,41,98,mf_var,Plain MF RF,5
11,42,23,mf_var,Plain MF RF,5
11,43,2,mf_var,Plain MF RF,5
11,44,1,mf_var,Plain MF RF,5
11,45,24,mf_var,Plain MF RF,5
11,46,119,mf_var,Plain MF RF,5
11,47,4,mf_var,Plain MF RF,5
11,48,5,mf_var,Plain MF RF,5
11,49,2,mf_var,Plain MF RF,5
11,50,5,mf_var,Plain MF RF,5
11,52,8,mf_var,Plain MF RF,5
11,53,6,mf_var,Plain MF RF,5
11,54,8,mf_var,Plain MF RF,5
11,55,5,mf_var,Plain MF RF,5
12,1,233,mf_var,Plain MF RF,5
12,2,1105,mf_var,Plain MF RF,5
12,3,10815,mf_var,Plain MF RF,5
12,4,1038,mf_var,Plain MF RF,5
12,5,2366,mf_var,Plain MF RF,5
12,6,1677,mf_var,Plain MF RF,5
12,7,4294,mf_var,Plain MF RF,5
12,9,2626,mf_var,Plain MF RF,5
12,10,15,mf_var,Plain MF RF,5
12,11,1661,mf_var,Plain MF RF,5
12,12,329159,mf_var,Plain MF RF,5
12,13,3802,mf_var,Plain MF RF,5
12,14,1455,mf_var,Plain MF RF,5
12,15,2317,mf_var,Plain MF RF,5
12,16,14,mf_var,Plain MF RF,5
12,17,6,mf_var,Plain MF RF,5
12,18,12,mf_var,Plain MF RF,5
12,19,68,mf_var,Plain MF RF,5
12,20,6,mf_var,Plain MF RF,5
12,21,7,mf_var,Plain MF RF,5
12,22,15,mf_var,Plain MF RF,5
12,23,513,mf_var,Plain MF RF,5
12,24,1863,mf_var,Plain MF RF,5
12,25,492,mf_var,Plain MF RF,5
12,26,298,mf_var,Plain MF RF,5
12,27,5134,mf_var,Plain MF RF,5
12,28,14,mf_var,Plain MF RF,5
12,29,43,mf_var,Plain MF RF,5
12,30,4,mf_var,Plain MF RF,5
12,31,2,mf_var,Plain MF RF,5
12,32,32,mf_var,Plain MF RF,5
12,33,1929,mf_var,Plain MF RF,5
12,34,25,mf_var,Plain MF RF,5
12,35,4,mf_var,Plain MF RF,5
12,36,7,mf_var,Plain MF RF,5
12,37,22,mf_var,Plain MF RF,5
12,38,9,mf_var,Plain MF RF,5
12,39,10,mf_var,Plain MF RF,5
12,40,6,mf_var,Plain MF RF,5
12,41,944,mf_var,Plain MF RF,5
12,42,7,mf_var,Plain MF RF,5
12,43,9,mf_var,Plain MF RF,5
12,44,12,mf_var,Plain MF RF,5
12,45,44,mf_var,Plain MF RF,5
12,46,32,mf_var,Plain MF RF,5
12,47,3,mf_var,Plain MF RF,5
12,48,12,mf_var,Plain MF RF,5
12,49,12,mf_var,Plain MF RF,5
12,50,8,mf_var,Plain MF RF,5
12,52,7,mf_var,Plain MF RF,5
12,53,3,mf_var,Plain MF RF,5
12,54,11,mf_var,Plain MF RF,5
12,55,11,mf_var,Plain MF RF,5
13,1,469,mf_var,Plain MF RF,5
13,2,1135,mf_var,Plain MF RF,5
13,3,1462,mf_var,Plain MF RF,5
13,4,2624,mf_var,Plain MF RF,5
13,5,2234,mf_var,Plain MF RF,5
13,6,345,mf_var,Plain MF RF,5
13,7,5507,mf_var,Plain MF RF,5
13,9,23,mf_var,Plain MF RF,5
13,10,30,mf_var,Plain MF RF,5
13,11,5095,mf_var,Plain MF RF,5
13,12,1996,mf_var,Plain MF RF,5
13,13,565202,mf_var,Plain MF RF,5
13,14,1555,mf_var,Plain MF RF,5
13,15,5934,mf_var,Plain MF RF,5
13,16,4419,mf_var,Plain MF RF,5
13,17,8,mf_var,Plain MF RF,5
13,18,3445,mf_var,Plain MF RF,5
13,19,76,mf_var,Plain MF RF,5
13,20,1856,mf_var,Plain MF RF,5
13,21,7,mf_var,Plain MF RF,5
13,22,1142,mf_var,Plain MF RF,5
13,23,122,mf_var,Plain MF RF,5
13,24,2766,mf_var,Plain MF RF,5
13,25,1372,mf_var,Plain MF RF,5
13,26,7,mf_var,Plain MF RF,5
13,27,794,mf_var,Plain MF RF,5
13,28,94,mf_var,Plain MF RF,5
13,29,80,mf_var,Plain MF RF,5
13,30,48,mf_var,Plain MF RF,5
13,31,1830,mf_var,Plain MF RF,5
13,32,805,mf_var,Plain MF RF,5
13,33,4407,mf_var,Plain MF RF,5
13,34,13,mf_var,Plain MF RF,5
13,35,438,mf_var,Plain MF RF,5
13,36,6,mf_var,Plain MF RF,5
13,37,162,mf_var,Plain MF RF,5
13,38,7,mf_var,Plain MF RF,5
13,39,11,mf_var,Plain MF RF,5
13,40,17,mf_var,Plain MF RF,5
13,41,538,mf_var,Plain MF RF,5
13,42,731,mf_var,Plain MF RF,5
13,43,13,mf_var,Plain MF RF,5
13,44,8,mf_var,Plain MF RF,5
13,45,13,mf_var,Plain MF RF,5
13,46,34,mf_var,Plain MF RF,5
13,47,15,mf_var,Plain MF RF,5
13,48,5,mf_var,Plain MF RF,5
13,49,17,mf_var,Plain MF RF,5
13,50,11,mf_var,Plain MF RF,5
13,52,15,mf_var,Plain MF RF,5
13,53,6,mf_var,Plain MF RF,5
13,54,9,mf_var,Plain MF RF,5
13,55,13,mf_var,Plain MF RF,5
14,2,8,mf_var,Plain MF RF,5
14,3,36,mf_var,Plain MF RF,5
14,4,120,mf_var,Plain MF RF,5
14,5,58,mf_var,Plain MF RF,5
14,7,131,mf_var,Plain MF RF,5
14,11,188,mf_var,Plain MF RF,5
14,12,63,mf_var,Plain MF RF,5
14,13,69,mf_var,Plain MF RF,5
14,14,31284,mf_var,Plain MF RF,5
14,15,54,mf_var,Plain MF RF,5
14,19,1,mf_var,Plain MF RF,5
14,23,125,mf_var,Plain MF RF,5
14,24,383,mf_var,Plain MF RF,5
14,25,11,mf_var,Plain MF RF,5
14,27,48,mf_var,Plain MF RF,5
14,33,83,mf_var,Plain MF RF,5
14,37,3,mf_var,Plain MF RF,5
15,1,77,mf_var,Plain MF RF,5
15,2,114,mf_var,Plain MF RF,5
15,3,496,mf_var,Plain MF RF,5
15,4,810,mf_var,Plain MF RF,5
15,5,720,mf_var,Plain MF RF,5
15,6,176,mf_var,Plain MF RF,5
15,7,441,mf_var,Plain MF RF,5
15,9,181,mf_var,Plain MF RF,5
15,10,136,mf_var,Plain MF RF,5
15,11,1090,mf_var,Plain MF RF,5
15,12,827,mf_var,Plain MF RF,5
15,13,697,mf_var,Plain MF RF,5
15,14,359,mf_var,Plain MF RF,5
15,15,217781,mf_var,Plain MF RF,5
15,16,157,mf_var,Plain MF RF,5
15,17,86,mf_var,Plain MF RF,5
15,18,120,mf_var,Plain MF RF,5
15,19,574,mf_var,Plain MF RF,5
15,20,172,mf_var,Plain MF RF,5
15,21,86,mf_var,Plain MF RF,5
15,22,88,mf_var,Plain MF RF,5
15,23,1329,mf_var,Plain MF RF,5
15,24,1408,mf_var,Plain MF RF,5
15,25,650,mf_var,Plain MF RF,5
15,26,82,mf_var,Plain MF RF,5
15,27,1311,mf_var,Plain MF RF,5
15,28,83,mf_var,Plain MF RF,5
15,29,715,mf_var,Plain MF RF,5
15,30,120,mf_var,Plain MF RF,5
15,31,210,mf_var,Plain MF RF,5
15,32,214,mf_var,Plain MF RF,5
15,33,1526,mf_var,Plain MF RF,5
15,34,107,mf_var,Plain MF RF,5
15,35,147,mf_var,Plain MF RF,5
15,36,90,mf_var,Plain MF RF,5
15,37,149,mf_var,Plain MF RF,5
15,38,444,mf_var,Plain MF RF,5
15,39,73,mf_var,Plain MF RF,5
15,40,76,mf_var,Plain MF RF,5
15,41,125,mf_var,Plain MF RF,5
15,42,368,mf_var,Plain MF RF,5
15,43,136,mf_var,Plain MF RF,5
15,44,108,mf_var,Plain MF RF,5
15,45,87,mf_var,Plain MF RF,5
15,46,128,mf_var,Plain MF RF,5
15,47,94,mf_var,Plain MF RF,5
15,48,76,mf_var,Plain MF RF,5
15,49,107,mf_var,Plain MF RF,5
15,50,78,mf_var,Plain MF RF,5
15,52,109,mf_var,Plain MF RF,5
15,53,79,mf_var,Plain MF RF,5
15,54,80,mf_var,Plain MF RF,5
15,55,94,mf_var,Plain MF RF,5
16,1,2812,mf_var,Plain MF RF,5
16,2,1272,mf_var,Plain MF RF,5
16,3,71,mf_var,Plain MF RF,5
16,4,190,mf_var,Plain MF RF,5
16,5,1683,mf_var,Plain MF RF,5
16,6,57,mf_var,Plain MF RF,5
16,7,330,mf_var,Plain MF RF,5
16,9,9,mf_var,Plain MF RF,5
16,10,5751,mf_var,Plain MF RF,5
16,11,99,mf_var,Plain MF RF,5
16,12,10,mf_var,Plain MF RF,5
16,13,3298,mf_var,Plain MF RF,5
16,14,10,mf_var,Plain MF RF,5
16,15,549,mf_var,Plain MF RF,5
16,16,852094,mf_var,Plain MF RF,5
16,17,1,mf_var,Plain MF RF,5
16,18,3897,mf_var,Plain MF RF,5
16,19,392,mf_var,Plain MF RF,5
16,20,2474,mf_var,Plain MF RF,5
16,21,9,mf_var,Plain MF RF,5
16,22,6167,mf_var,Plain MF RF,5
16,23,200,mf_var,Plain MF RF,5
16,24,435,mf_var,Plain MF RF,5
16,25,2000,mf_var,Plain MF RF,5
16,26,42,mf_var,Plain MF RF,5
16,27,7,mf_var,Plain MF RF,5
16,28,461,mf_var,Plain MF RF,5
16,29,50,mf_var,Plain MF RF,5
16,30,52,mf_var,Plain MF RF,5
16,31,9339,mf_var,Plain MF RF,5
16,32,507,mf_var,Plain MF RF,5
16,33,314,mf_var,Plain MF RF,5
16,34,489,mf_var,Plain MF RF,5
16,35,18,mf_var,Plain MF RF,5
16,36,397,mf_var,Plain MF RF,5
16,37,2,mf_var,Plain MF RF,5
16,38,8,mf_var,Plain MF RF,5
16,39,1942,mf_var,Plain MF RF,5
16,40,63,mf_var,Plain MF RF,5
16,41,6,mf_var,Plain MF RF,5
16,42,2960,mf_var,Plain MF RF,5
16,43,5243,mf_var,Plain MF RF,5
16,44,54,mf_var,Plain MF RF,5
16,45,230,mf_var,Plain MF RF,5
16,46,4671,mf_var,Plain MF RF,5
16,47,45,mf_var,Plain MF RF,5
16,48,47,mf_var,Plain MF RF,5
16,49,249,mf_var,Plain MF RF,5
16,50,151,mf_var,Plain MF RF,5
16,52,2,mf_var,Plain MF RF,5
16,53,9,mf_var,Plain MF RF,5
16,54,6,mf_var,Plain MF RF,5
16,55,4,mf_var,Plain MF RF,5
17,2,53,mf_var,Plain MF RF,5
17,3,1,mf_var,Plain MF RF,5
17,4,8,mf_var,Plain MF RF,5
17,5,9,mf_var,Plain MF RF,5
17,7,2,mf_var,Plain MF RF,5
17,9,3,mf_var,Plain MF RF,5
17,11,1,mf_var,Plain MF RF,5
17,12,1,mf_var,Plain MF RF,5
17,14,3,mf_var,Plain MF RF,5
17,15,1,mf_var,Plain MF RF,5
17,16,2,mf_var,Plain MF RF,5
17,17,1514,mf_var,Plain MF RF,5
17,19,1,mf_var,Plain MF RF,5
17,20,1,mf_var,Plain MF RF,5
17,21,1,mf_var,Plain MF RF,5
17,22,2,mf_var,Plain MF RF,5
17,23,3,mf_var,Plain MF RF,5
17,24,1,mf_var,Plain MF RF,5
17,25,2,mf_var,Plain MF RF,5
17,26,1,mf_var,Plain MF RF,5
17,27,2,mf_var,Plain MF RF,5
17,29,2,mf_var,Plain MF RF,5
17,30,2,mf_var,Plain MF RF,5
17,32,1,mf_var,Plain MF RF,5
17,34,1,mf_var,Plain MF RF,5
17,35,3,mf_var,Plain MF RF,5
17,36,1,mf_var,Plain MF RF,5
17,37,3,mf_var,Plain MF RF,5
17,38,3,mf_var,Plain MF RF,5
17,39,1,mf_var,Plain MF RF,5
17,40,1,mf_var,Plain MF RF,5
17,41,3,mf_var,Plain MF RF,5
17,42,2,mf_var,Plain MF RF,5
17,44,1,mf_var,Plain MF RF,5
17,45,1,mf_var,Plain MF RF,5
17,48,2,mf_var,Plain MF RF,5
17,52,1,mf_var,Plain MF RF,5
17,54,1,mf_var,Plain MF RF,5
18,1,903,mf_var,Plain MF RF,5
18,2,104,mf_var,Plain MF RF,5
18,3,107,mf_var,Plain MF RF,5
18,4,33,mf_var,Plain MF RF,5
18,5,250,mf_var,Plain MF RF,5
18,7,212,mf_var,Plain MF RF,5
18,10,4005,mf_var,Plain MF RF,5
18,11,58,mf_var,Plain MF RF,5
18,13,2084,mf_var,Plain MF RF,5
18,16,440,mf_var,Plain MF RF,5
18,17,9,mf_var,Plain MF RF,5
18,18,93823,mf_var,Plain MF RF,5
18,19,2,mf_var,Plain MF RF,5
18,20,306,mf_var,Plain MF RF,5
18,21,4,mf_var,Plain MF RF,5
18,22,336,mf_var,Plain MF RF,5
18,23,12,mf_var,Plain MF RF,5
18,24,224,mf_var,Plain MF RF,5
18,25,368,mf_var,Plain MF RF,5
18,26,36,mf_var,Plain MF RF,5
18,28,344,mf_var,Plain MF RF,5
18,30,16,mf_var,Plain MF RF,5
18,31,381,mf_var,Plain MF RF,5
18,32,36,mf_var,Plain MF RF,5
18,33,229,mf_var,Plain MF RF,5
18,34,488,mf_var,Plain MF RF,5
18,36,520,mf_var,Plain MF RF,5
18,37,10,mf_var,Plain MF RF,5
18,39,4169,mf_var,Plain MF RF,5
18,41,5,mf_var,Plain MF RF,5
18,42,215,mf_var,Plain MF RF,5
18,43,475,mf_var,Plain MF RF,5
18,44,250,mf_var,Plain MF RF,5
18,45,93,mf_var,Plain MF RF,5
18,46,2135,mf_var,Plain MF RF,5
18,47,9,mf_var,Plain MF RF,5
18,49,61,mf_var,Plain MF RF,5
18,50,212,mf_var,Plain MF RF,5
19,1,75,mf_var,Plain MF RF,5
19,2,21,mf_var,Plain MF RF,5
19,3,35,mf_var,Plain MF RF,5
19,4,46,mf_var,Plain MF RF,5
19,5,34,mf_var,Plain MF RF,5
19,6,63,mf_var,Plain MF RF,5
19,7,201,mf_var,Plain MF RF,5
19,9,20,mf_var,Plain MF RF,5
19,10,418,mf_var,Plain MF RF,5
19,11,27,mf_var,Plain MF RF,5
19,12,47,mf_var,Plain MF RF,5
19,13,296,mf_var,Plain MF RF,5
19,14,969,mf_var,Plain MF RF,5
19,15,4757,mf_var,Plain MF RF,5
19,16,3716,mf_var,Plain MF RF,5
19,17,25,mf_var,Plain MF RF,5
19,18,430,mf_var,Plain MF RF,5
19,19,617217,mf_var,Plain MF RF,5
19,20,37832,mf_var,Plain MF RF,5
19,21,23,mf_var,Plain MF RF,5
19,22,3064,mf_var,Plain MF RF,5
19,23,3080,mf_var,Plain MF RF,5
19,24,4642,mf_var,Plain MF RF,5
19,25,770,mf_var,Plain MF RF,5
19,26,23,mf_var,Plain MF RF,5
19,27,709,mf_var,Plain MF RF,5
19,28,100,mf_var,Plain MF RF,5
19,29,657,mf_var,Plain MF RF,5
19,30,10,mf_var,Plain MF RF,5
19,31,6131,mf_var,Plain MF RF,5
19,32,932,mf_var,Plain MF RF,5
19,33,148,mf_var,Plain MF RF,5
19,34,18,mf_var,Plain MF RF,5
19,35,49,mf_var,Plain MF RF,5
19,36,25,mf_var,Plain MF RF,5
19,37,46,mf_var,Plain MF RF,5
19,38,59,mf_var,Plain MF RF,5
19,39,19,mf_var,Plain MF RF,5
19,40,18,mf_var,Plain MF RF,5
19,41,26,mf_var,Plain MF RF,5
19,42,2609,mf_var,Plain MF RF,5
19,43,59,mf_var,Plain MF RF,5
19,44,19,mf_var,Plain MF RF,5
19,45,1100,mf_var,Plain MF RF,5
19,46,620,mf_var,Plain MF RF,5
19,47,10,mf_var,Plain MF RF,5
19,48,19,mf_var,Plain MF RF,5
19,49,11,mf_var,Plain MF RF,5
19,50,33,mf_var,Plain MF RF,5
19,52,13,mf_var,Plain MF RF,5
19,53,32,mf_var,Plain MF RF,5
19,54,21,mf_var,Plain MF RF,5
19,55,32,mf_var,Plain MF RF,5
20,1,172,mf_var,Plain MF RF,5
20,2,91,mf_var,Plain MF RF,5
20,3,35,mf_var,Plain MF RF,5
20,4,63,mf_var,Plain MF RF,5
20,5,195,mf_var,Plain MF RF,5
20,6,29,mf_var,Plain MF RF,5
20,7,35,mf_var,Plain MF RF,5
20,9,31,mf_var,Plain MF RF,5
20,10,1794,mf_var,Plain MF RF,5
20,11,32,mf_var,Plain MF RF,5
20,12,33,mf_var,Plain MF RF,5
20,13,503,mf_var,Plain MF RF,5
20,14,37,mf_var,Plain MF RF,5
20,15,52,mf_var,Plain MF RF,5
20,16,1552,mf_var,Plain MF RF,5
20,17,112,mf_var,Plain MF RF,5
20,18,311,mf_var,Plain MF RF,5
20,19,37,mf_var,Plain MF RF,5
20,20,365572,mf_var,Plain MF RF,5
20,21,38,mf_var,Plain MF RF,5
20,22,1472,mf_var,Plain MF RF,5
20,23,27,mf_var,Plain MF RF,5
20,24,386,mf_var,Plain MF RF,5
20,25,328,mf_var,Plain MF RF,5
20,26,27,mf_var,Plain MF RF,5
20,27,30,mf_var,Plain MF RF,5
20,28,196,mf_var,Plain MF RF,5
20,29,32,mf_var,Plain MF RF,5
20,30,13,mf_var,Plain MF RF,5
20,31,2671,mf_var,Plain MF RF,5
20,32,41,mf_var,Plain MF RF,5
20,33,74,mf_var,Plain MF RF,5
20,34,160,mf_var,Plain MF RF,5
20,35,39,mf_var,Plain MF RF,5
20,36,25,mf_var,Plain MF RF,5
20,37,29,mf_var,Plain MF RF,5
20,38,42,mf_var,Plain MF RF,5
20,39,200,mf_var,Plain MF RF,5
20,40,35,mf_var,Plain MF RF,5
20,41,24,mf_var,Plain MF RF,5
20,42,761,mf_var,Plain MF RF,5
20,43,107,mf_var,Plain MF RF,5
20,44,14,mf_var,Plain MF RF,5
20,45,504,mf_var,Plain MF RF,5
20,46,1656,mf_var,Plain MF RF,5
20,47,27,mf_var,Plain MF RF,5
20,48,108,mf_var,Plain MF RF,5
20,49,15,mf_var,Plain MF RF,5
20,50,67,mf_var,Plain MF RF,5
20,52,25,mf_var,Plain MF RF,5
20,53,32,mf_var,Plain MF RF,5
20,54,39,mf_var,Plain MF RF,5
20,55,35,mf_var,Plain MF RF,5
21,1,20,mf_var,Plain MF RF,5
21,2,69,mf_var,Plain MF RF,5
21,3,311,mf_var,Plain MF RF,5
21,4,134,mf_var,Plain MF RF,5
21,5,555,mf_var,Plain MF RF,5
21,6,40,mf_var,Plain MF RF,5
21,7,245,mf_var,Plain MF RF,5
21,9,134,mf_var,Plain MF RF,5
21,10,178,mf_var,Plain MF RF,5
21,11,26,mf_var,Plain MF RF,5
21,12,28,mf_var,Plain MF RF,5
21,13,18,mf_var,Plain MF RF,5
21,14,34,mf_var,Plain MF RF,5
21,15,17,mf_var,Plain MF RF,5
21,16,22,mf_var,Plain MF RF,5
21,17,26,mf_var,Plain MF RF,5
21,18,24,mf_var,Plain MF RF,5
21,19,30,mf_var,Plain MF RF,5
21,20,23,mf_var,Plain MF RF,5
21,21,562838,mf_var,Plain MF RF,5
21,22,24,mf_var,Plain MF RF,5
21,23,22,mf_var,Plain MF RF,5
21,24,24,mf_var,Plain MF RF,5
21,25,30,mf_var,Plain MF RF,5
21,26,2303,mf_var,Plain MF RF,5
21,27,20,mf_var,Plain MF RF,5
21,28,1875,mf_var,Plain MF RF,5
21,29,27,mf_var,Plain MF RF,5
21,30,6539,mf_var,Plain MF RF,5
21,31,23,mf_var,Plain MF RF,5
21,32,18,mf_var,Plain MF RF,5
21,33,27,mf_var,Plain MF RF,5
21,34,318,mf_var,Plain MF RF,5
21,35,31,mf_var,Plain MF RF,5
21,36,5202,mf_var,Plain MF RF,5
21,37,455,mf_var,Plain MF RF,5
21,38,28,mf_var,Plain MF RF,5
21,39,450,mf_var,Plain MF RF,5
21,40,3537,mf_var,Plain MF RF,5
21,41,301,mf_var,Plain MF RF,5
21,42,27,mf_var,Plain MF RF,5
21,43,25,mf_var,Plain MF RF,5
21,44,4752,mf_var,Plain MF RF,5
21,45,50,mf_var,Plain MF RF,5
21,46,96,mf_var,Plain MF RF,5
21,47,1687,mf_var,Plain MF RF,5
21,48,607,mf_var,Plain MF RF,5
21,49,3575,mf_var,Plain MF RF,5
21,50,299,mf_var,Plain MF RF,5
21,52,720,mf_var,Plain MF RF,5
21,53,684,mf_var,Plain MF RF,5
21,54,249,mf_var,Plain MF RF,5
21,55,413,mf_var,Plain MF RF,5
22,1,2,mf_var,Plain MF RF,5
22,2,27,mf_var,Plain MF RF,5
22,3,322,mf_var,Plain MF RF,5
22,4,2,mf_var,Plain MF RF,5
22,5,551,mf_var,Plain MF RF,5
22,6,10,mf_var,Plain MF RF,5
22,7,2,mf_var,Plain MF RF,5
22,11,1,mf_var,Plain MF RF,5
22,12,296,mf_var,Plain MF RF,5
22,13,208,mf_var,Plain MF RF,5
22,16,425,mf_var,Plain MF RF,5
22,17,2,mf_var,Plain MF RF,5
22,18,30,mf_var,Plain MF RF,5
22,19,288,mf_var,Plain MF RF,5
22,20,11,mf_var,Plain MF RF,5
22,21,1,mf_var,Plain MF RF,5
22,22,38828,mf_var,Plain MF RF,5
22,23,36,mf_var,Plain MF RF,5
22,24,167,mf_var,Plain MF RF,5
22,25,137,mf_var,Plain MF RF,5
22,26,1,mf_var,Plain MF RF,5
22,27,243,mf_var,Plain MF RF,5
22,31,122,mf_var,Plain MF RF,5
22,32,44,mf_var,Plain MF RF,5
22,34,2,mf_var,Plain MF RF,5
22,35,1,mf_var,Plain MF RF,5
22,36,1,mf_var,Plain MF RF,5
22,37,1,mf_var,Plain MF RF,5
22,38,2,mf_var,Plain MF RF,5
22,39,1,mf_var,Plain MF RF,5
22,40,1,mf_var,Plain MF RF,5
22,42,158,mf_var,Plain MF RF,5
22,43,8,mf_var,Plain MF RF,5
22,44,4,mf_var,Plain MF RF,5
22,45,18,mf_var,Plain MF RF,5
22,46,1,mf_var,Plain MF RF,5
22,48,1,mf_var,Plain MF RF,5
22,49,2,mf_var,Plain MF RF,5
22,50,2,mf_var,Plain MF RF,5
22,53,1,mf_var,Plain MF RF,5
22,55,20,mf_var,Plain MF RF,5
23,2,10,mf_var,Plain MF RF,5
23,4,41,mf_var,Plain MF RF,5
23,5,5,mf_var,Plain MF RF,5
23,6,4,mf_var,Plain MF RF,5
23,7,334,mf_var,Plain MF RF,5
23,9,3,mf_var,Plain MF RF,5
23,10,3,mf_var,Plain MF RF,5
23,12,36,mf_var,Plain MF RF,5
23,13,746,mf_var,Plain MF RF,5
23,14,234,mf_var,Plain MF RF,5
23,15,1310,mf_var,Plain MF RF,5
23,16,79,mf_var,Plain MF RF,5
23,17,13,mf_var,Plain MF RF,5
23,18,1261,mf_var,Plain MF RF,5
23,19,17,mf_var,Plain MF RF,5
23,20,308,mf_var,Plain MF RF,5
23,21,2,mf_var,Plain MF RF,5
23,22,89,mf_var,Plain MF RF,5
23,23,316089,mf_var,Plain MF RF,5
23,24,703,mf_var,Plain MF RF,5
23,25,726,mf_var,Plain MF RF,5
23,26,5,mf_var,Plain MF RF,5
23,27,350,mf_var,Plain MF RF,5
23,28,3,mf_var,Plain MF RF,5
23,29,198,mf_var,Plain MF RF,5
23,30,1,mf_var,Plain MF RF,5
23,31,1274,mf_var,Plain MF RF,5
23,32,902,mf_var,Plain MF RF,5
23,33,1209,mf_var,Plain MF RF,5
23,34,1,mf_var,Plain MF RF,5
23,35,205,mf_var,Plain MF RF,5
23,36,7,mf_var,Plain MF RF,5
23,38,9,mf_var,Plain MF RF,5
23,39,2,mf_var,Plain MF RF,5
23,40,53,mf_var,Plain MF RF,5
23,41,7,mf_var,Plain MF RF,5
23,42,489,mf_var,Plain MF RF,5
23,43,20,mf_var,Plain MF RF,5
23,44,3,mf_var,Plain MF RF,5
23,45,12,mf_var,Plain MF RF,5
23,46,5,mf_var,Plain MF RF,5
23,49,17,mf_var,Plain MF RF,5
23,50,3,mf_var,Plain MF RF,5
23,52,14,mf_var,Plain MF RF,5
23,54,2,mf_var,Plain MF RF,5
23,55,2,mf_var,Plain MF RF,5
24,1,49,mf_var,Plain MF RF,5
24,2,50,mf_var,Plain MF RF,5
24,3,29,mf_var,Plain MF RF,5
24,4,94,mf_var,Plain MF RF,5
24,5,563,mf_var,Plain MF RF,5
24,6,152,mf_var,Plain MF RF,5
24,7,512,mf_var,Plain MF RF,5
24,9,4,mf_var,Plain MF RF,5
24,10,9,mf_var,Plain MF RF,5
24,11,207,mf_var,Plain MF RF,5
24,12,784,mf_var,Plain MF RF,5
24,13,5269,mf_var,Plain MF RF,5
24,14,753,mf_var,Plain MF RF,5
24,15,2584,mf_var,Plain MF RF,5
24,16,709,mf_var,Plain MF RF,5
24,17,4,mf_var,Plain MF RF,5
24,18,1331,mf_var,Plain MF RF,5
24,19,136,mf_var,Plain MF RF,5
24,20,1795,mf_var,Plain MF RF,5
24,21,9,mf_var,Plain MF RF,5
24,22,538,mf_var,Plain MF RF,5
24,23,1179,mf_var,Plain MF RF,5
24,24,787539,mf_var,Plain MF RF,5
24,25,13253,mf_var,Plain MF RF,5
24,26,11,mf_var,Plain MF RF,5
24,27,519,mf_var,Plain MF RF,5
24,28,15,mf_var,Plain MF RF,5
24,29,198,mf_var,Plain MF RF,5
24,30,8,mf_var,Plain MF RF,5
24,31,4505,mf_var,Plain MF RF,5
24,32,3815,mf_var,Plain MF RF,5
24,33,6897,mf_var,Plain MF RF,5
24,34,2,mf_var,Plain MF RF,5
24,35,1066,mf_var,Plain MF RF,5
24,36,7,mf_var,Plain MF RF,5
24,37,5,mf_var,Plain MF RF,5
24,38,258,mf_var,Plain MF RF,5
24,39,5,mf_var,Plain MF RF,5
24,40,3,mf_var,Plain MF RF,5
24,41,5,mf_var,Plain MF RF,5
24,42,10006,mf_var,Plain MF RF,5
24,43,338,mf_var,Plain MF RF,5
24,44,10,mf_var,Plain MF RF,5
24,45,120,mf_var,Plain MF RF,5
24,46,5,mf_var,Plain MF RF,5
24,47,9,mf_var,Plain MF RF,5
24,48,7,mf_var,Plain MF RF,5
24,49,7,mf_var,Plain MF RF,5
24,50,2,mf_var,Plain MF RF,5
24,52,5,mf_var,Plain MF RF,5
24,53,6,mf_var,Plain MF RF,5
24,54,7,mf_var,Plain MF RF,5
24,55,4,mf_var,Plain MF RF,5
25,1,299,mf_var,Plain MF RF,5
25,2,114,mf_var,Plain MF RF,5
25,3,4,mf_var,Plain MF RF,5
25,4,113,mf_var,Plain MF RF,5
25,5,606,mf_var,Plain MF RF,5
25,6,3,mf_var,Plain MF RF,5
25,7,445,mf_var,Plain MF RF,5
25,9,3,mf_var,Plain MF RF,5
25,10,5,mf_var,Plain MF RF,5
25,11,167,mf_var,Plain MF RF,5
25,12,229,mf_var,Plain MF RF,5
25,13,5267,mf_var,Plain MF RF,5
25,14,4,mf_var,Plain MF RF,5
25,15,1006,mf_var,Plain MF RF,5
25,16,550,mf_var,Plain MF RF,5
25,17,3,mf_var,Plain MF RF,5
25,18,278,mf_var,Plain MF RF,5
25,19,44,mf_var,Plain MF RF,5
25,20,141,mf_var,Plain MF RF,5
25,21,7,mf_var,Plain MF RF,5
25,22,75,mf_var,Plain MF RF,5
25,23,1096,mf_var,Plain MF RF,5
25,24,5221,mf_var,Plain MF RF,5
25,25,215396,mf_var,Plain MF RF,5
25,26,2,mf_var,Plain MF RF,5
25,27,150,mf_var,Plain MF RF,5
25,28,3,mf_var,Plain MF RF,5
25,29,1085,mf_var,Plain MF RF,5
25,30,1,mf_var,Plain MF RF,5
25,31,372,mf_var,Plain MF RF,5
25,32,1228,mf_var,Plain MF RF,5
25,33,2174,mf_var,Plain MF RF,5
25,34,4,mf_var,Plain MF RF,5
25,35,517,mf_var,Plain MF RF,5
25,36,2,mf_var,Plain MF RF,5
25,37,16,mf_var,Plain MF RF,5
25,38,3,mf_var,Plain MF RF,5
25,39,8,mf_var,Plain MF RF,5
25,40,2,mf_var,Plain MF RF,5
25,41,3,mf_var,Plain MF RF,5
25,42,435,mf_var,Plain MF RF,5
25,43,213,mf_var,Plain MF RF,5
25,44,5,mf_var,Plain MF RF,5
25,45,26,mf_var,Plain MF RF,5
25,46,6,mf_var,Plain MF RF,5
25,47,2,mf_var,Plain MF RF,5
25,48,3,mf_var,Plain MF RF,5
25,49,1,mf_var,Plain MF RF,5
25,50,8,mf_var,Plain MF RF,5
25,52,3,mf_var,Plain MF RF,5
25,53,2,mf_var,Plain MF RF,5
25,54,3,mf_var,Plain MF RF,5
25,55,4,mf_var,Plain MF RF,5
26,1,19,mf_var,Plain MF RF,5
26,3,76,mf_var,Plain MF RF,5
26,4,3,mf_var,Plain MF RF,5
26,5,240,mf_var,Plain MF RF,5
26,7,141,mf_var,Plain MF RF,5
26,10,603,mf_var,Plain MF RF,5
26,12,11,mf_var,Plain MF RF,5
26,13,1,mf_var,Plain MF RF,5
26,14,2,mf_var,Plain MF RF,5
26,15,3,mf_var,Plain MF RF,5
26,19,1,mf_var,Plain MF RF,5
26,21,85,mf_var,Plain MF RF,5
26,23,73,mf_var,Plain MF RF,5
26,24,2,mf_var,Plain MF RF,5
26,26,35578,mf_var,Plain MF RF,5
26,27,9,mf_var,Plain MF RF,5
26,28,215,mf_var,Plain MF RF,5
26,30,119,mf_var,Plain MF RF,5
26,33,8,mf_var,Plain MF RF,5
26,34,1016,mf_var,Plain MF RF,5
26,36,1273,mf_var,Plain MF RF,5
26,38,1,mf_var,Plain MF RF,5
26,39,336,mf_var,Plain MF RF,5
26,40,97,mf_var,Plain MF RF,5
26,41,26,mf_var,Plain MF RF,5
26,43,1,mf_var,Plain MF RF,5
26,44,132,mf_var,Plain MF RF,5
26,46,120,mf_var,Plain MF RF,5
26,47,61,mf_var,Plain MF RF,5
26,49,524,mf_var,Plain MF RF,5
26,50,17,mf_var,Plain MF RF,5
26,52,45,mf_var,Plain MF RF,5
26,53,57,mf_var,Plain MF RF,5
26,55,1,mf_var,Plain MF RF,5
27,1,26,mf_var,Plain MF RF,5
27,2,1120,mf_var,Plain MF RF,5
27,3,22655,mf_var,Plain MF RF,5
27,4,1790,mf_var,Plain MF RF,5
27,5,2461,mf_var,Plain MF RF,5
27,6,2058,mf_var,Plain MF RF,5
27,7,10308,mf_var,Plain MF RF,5
27,9,333,mf_var,Plain MF RF,5
27,10,162,mf_var,Plain MF RF,5
27,11,9094,mf_var,Plain MF RF,5
27,12,2047,mf_var,Plain MF RF,5
27,13,3052,mf_var,Plain MF RF,5
27,14,4209,mf_var,Plain MF RF,5
27,15,8969,mf_var,Plain MF RF,5
27,16,36,mf_var,Plain MF RF,5
27,17,36,mf_var,Plain MF RF,5
27,18,41,mf_var,Plain MF RF,5
27,19,1568,mf_var,Plain MF RF,5
27,20,50,mf_var,Plain MF RF,5
27,21,87,mf_var,Plain MF RF,5
27,22,35,mf_var,Plain MF RF,5
27,23,2712,mf_var,Plain MF RF,5
27,24,1359,mf_var,Plain MF RF,5
27,25,224,mf_var,Plain MF RF,5
27,26,179,mf_var,Plain MF RF,5
27,27,766185,mf_var,Plain MF RF,5
27,28,1437,mf_var,Plain MF RF,5
27,29,26,mf_var,Plain MF RF,5
27,30,121,mf_var,Plain MF RF,5
27,31,28,mf_var,Plain MF RF,5
27,32,1000,mf_var,Plain MF RF,5
27,33,1996,mf_var,Plain MF RF,5
27,34,46,mf_var,Plain MF RF,5
27,35,27,mf_var,Plain MF RF,5
27,36,1372,mf_var,Plain MF RF,5
27,37,4425,mf_var,Plain MF RF,5
27,38,854,mf_var,Plain MF RF,5
27,39,167,mf_var,Plain MF RF,5
27,40,268,mf_var,Plain MF RF,5
27,41,4118,mf_var,Plain MF RF,5
27,42,27,mf_var,Plain MF RF,5
27,43,24,mf_var,Plain MF RF,5
27,44,545,mf_var,Plain MF RF,5
27,45,61,mf_var,Plain MF RF,5
27,46,203,mf_var,Plain MF RF,5
27,47,1360,mf_var,Plain MF RF,5
27,48,22,mf_var,Plain MF RF,5
27,49,68,mf_var,Plain MF RF,5
27,50,30,mf_var,Plain MF RF,5
27,52,26,mf_var,Plain MF RF,5
27,53,29,mf_var,Plain MF RF,5
27,54,24,mf_var,Plain MF RF,5
27,55,15,mf_var,Plain MF RF,5
28,1,335,mf_var,Plain MF RF,5
28,2,5,mf_var,Plain MF RF,5
28,3,539,mf_var,Plain MF RF,5
28,5,33,mf_var,Plain MF RF,5
28,7,327,mf_var,Plain MF RF,5
28,10,315,mf_var,Plain MF RF,5
28,11,1,mf_var,Plain MF RF,5
28,13,24,mf_var,Plain MF RF,5
28,15,42,mf_var,Plain MF RF,5
28,16,48,mf_var,Plain MF RF,5
28,18,402,mf_var,Plain MF RF,5
28,19,4,mf_var,Plain MF RF,5
28,20,34,mf_var,Plain MF RF,5
28,21,408,mf_var,Plain MF RF,5
28,23,70,mf_var,Plain MF RF,5
28,24,29,mf_var,Plain MF RF,5
28,25,23,mf_var,Plain MF RF,5
28,26,196,mf_var,Plain MF RF,5
28,27,682,mf_var,Plain MF RF,5
28,28,38327,mf_var,Plain MF RF,5
28,30,560,mf_var,Plain MF RF,5
28,31,8,mf_var,Plain MF RF,5
28,33,179,mf_var,Plain MF RF,5
28,34,22,mf_var,Plain MF RF,5
28,36,193,mf_var,Plain MF RF,5
28,39,551,mf_var,Plain MF RF,5
28,40,273,mf_var,Plain MF RF,5
28,41,137,mf_var,Plain MF RF,5
28,44,819,mf_var,Plain MF RF,5
28,45,197,mf_var,Plain MF RF,5
28,46,329,mf_var,Plain MF RF,5
28,47,602,mf_var,Plain MF RF,5
28,49,208,mf_var,Plain MF RF,5
28,50,20,mf_var,Plain MF RF,5
28,53,1,mf_var,Plain MF RF,5
28,55,99,mf_var,Plain MF RF,5
29,1,1,mf_var,Plain MF RF,5
29,2,7,mf_var,Plain MF RF,5
29,3,6,mf_var,Plain MF RF,5
29,4,1,mf_var,Plain MF RF,5
29,5,3,mf_var,Plain MF RF,5
29,6,2,mf_var,Plain MF RF,5
29,7,604,mf_var,Plain MF RF,5
29,9,2,mf_var,Plain MF RF,5
29,10,3,mf_var,Plain MF RF,5
29,11,2,mf_var,Plain MF RF,5
29,12,57,mf_var,Plain MF RF,5
29,13,55,mf_var,Plain MF RF,5
29,14,3,mf_var,Plain MF RF,5
29,15,2454,mf_var,Plain MF RF,5
29,16,1,mf_var,Plain MF RF,5
29,17,3,mf_var,Plain MF RF,5
29,18,6,mf_var,Plain MF RF,5
29,19,391,mf_var,Plain MF RF,5
29,20,26,mf_var,Plain MF RF,5
29,21,6,mf_var,Plain MF RF,5
29,22,12,mf_var,Plain MF RF,5
29,23,2170,mf_var,Plain MF RF,5
29,24,1442,mf_var,Plain MF RF,5
29,25,253,mf_var,Plain MF RF,5
29,26,1,mf_var,Plain MF RF,5
29,28,2,mf_var,Plain MF RF,5
29,29,155113,mf_var,Plain MF RF,5
29,30,3,mf_var,Plain MF RF,5
29,31,6,mf_var,Plain MF RF,5
29,32,329,mf_var,Plain MF RF,5
29,33,888,mf_var,Plain MF RF,5
29,34,3,mf_var,Plain MF RF,5
29,35,99,mf_var,Plain MF RF,5
29,37,3,mf_var,Plain MF RF,5
29,38,314,mf_var,Plain MF RF,5
29,39,3,mf_var,Plain MF RF,5
29,40,17,mf_var,Plain MF RF,5
29,41,2,mf_var,Plain MF RF,5
29,42,2,mf_var,Plain MF RF,5
29,43,3,mf_var,Plain MF RF,5
29,44,3,mf_var,Plain MF RF,5
29,45,3,mf_var,Plain MF RF,5
29,46,3,mf_var,Plain MF RF,5
29,47,4,mf_var,Plain MF RF,5
29,49,11,mf_var,Plain MF RF,5
29,50,1,mf_var,Plain MF RF,5
29,52,2,mf_var,Plain MF RF,5
29,53,7,mf_var,Plain MF RF,5
29,54,2,mf_var,Plain MF RF,5
29,55,4,mf_var,Plain MF RF,5
30,1,234,mf_var,Plain MF RF,5
30,2,11,mf_var,Plain MF RF,5
30,3,4462,mf_var,Plain MF RF,5
30,4,172,mf_var,Plain MF RF,5
30,5,2594,mf_var,Plain MF RF,5
30,6,6,mf_var,Plain MF RF,5
30,7,1784,mf_var,Plain MF RF,5
30,9,5,mf_var,Plain MF RF,5
30,10,3669,mf_var,Plain MF RF,5
30,11,51,mf_var,Plain MF RF,5
30,12,4,mf_var,Plain MF RF,5
30,13,5,mf_var,Plain MF RF,5
30,14,8,mf_var,Plain MF RF,5
30,15,10,mf_var,Plain MF RF,5
30,16,10,mf_var,Plain MF RF,5
30,17,7,mf_var,Plain MF RF,5
30,18,34,mf_var,Plain MF RF,5
30,19,9,mf_var,Plain MF RF,5
30,20,8,mf_var,Plain MF RF,5
30,21,839,mf_var,Plain MF RF,5
30,22,9,mf_var,Plain MF RF,5
30,23,14,mf_var,Plain MF RF,5
30,24,5,mf_var,Plain MF RF,5
30,25,6,mf_var,Plain MF RF,5
30,26,749,mf_var,Plain MF RF,5
30,27,334,mf_var,Plain MF RF,5
30,28,6508,mf_var,Plain MF RF,5
30,29,15,mf_var,Plain MF RF,5
30,30,518406,mf_var,Plain MF RF,5
30,31,4,mf_var,Plain MF RF,5
30,32,8,mf_var,Plain MF RF,5
30,33,495,mf_var,Plain MF RF,5
30,34,1254,mf_var,Plain MF RF,5
30,35,7,mf_var,Plain MF RF,5
30,36,7659,mf_var,Plain MF RF,5
30,37,260,mf_var,Plain MF RF,5
30,38,7,mf_var,Plain MF RF,5
30,39,5431,mf_var,Plain MF RF,5
30,40,3020,mf_var,Plain MF RF,5
30,41,906,mf_var,Plain MF RF,5
30,42,7,mf_var,Plain MF RF,5
30,43,9,mf_var,Plain MF RF,5
30,44,4306,mf_var,Plain MF RF,5
30,45,140,mf_var,Plain MF RF,5
30,46,2040,mf_var,Plain MF RF,5
30,47,2803,mf_var,Plain MF RF,5
30,48,13,mf_var,Plain MF RF,5
30,49,6039,mf_var,Plain MF RF,5
30,50,806,mf_var,Plain MF RF,5
30,52,127,mf_var,Plain MF RF,5
30,53,716,mf_var,Plain MF RF,5
30,54,93,mf_var,Plain MF RF,5
30,55,439,mf_var,Plain MF RF,5
31,1,3951,mf_var,Plain MF RF,5
31,2,183,mf_var,Plain MF RF,5
31,3,4,mf_var,Plain MF RF,5
31,4,13,mf_var,Plain MF RF,5
31,5,68,mf_var,Plain MF RF,5
31,6,186,mf_var,Plain MF RF,5
31,7,1159,mf_var,Plain MF RF,5
31,9,1,mf_var,Plain MF RF,5
31,10,23,mf_var,Plain MF RF,5
31,11,30,mf_var,Plain MF RF,5
31,12,5,mf_var,Plain MF RF,5
31,13,7121,mf_var,Plain MF RF,5
31,14,83,mf_var,Plain MF RF,5
31,15,332,mf_var,Plain MF RF,5
31,16,6502,mf_var,Plain MF RF,5
31,17,10,mf_var,Plain MF RF,5
31,18,4717,mf_var,Plain MF RF,5
31,19,981,mf_var,Plain MF RF,5
31,20,310,mf_var,Plain MF RF,5
31,21,4,mf_var,Plain MF RF,5
31,22,5673,mf_var,Plain MF RF,5
31,23,646,mf_var,Plain MF RF,5
31,24,1980,mf_var,Plain MF RF,5
31,25,7348,mf_var,Plain MF RF,5
31,26,2,mf_var,Plain MF RF,5
31,27,10,mf_var,Plain MF RF,5
31,28,2,mf_var,Plain MF RF,5
31,29,31,mf_var,Plain MF RF,5
31,30,13,mf_var,Plain MF RF,5
31,31,793869,mf_var,Plain MF RF,5
31,32,813,mf_var,Plain MF RF,5
31,33,1817,mf_var,Plain MF RF,5
31,35,170,mf_var,Plain MF RF,5
31,36,48,mf_var,Plain MF RF,5
31,37,2,mf_var,Plain MF RF,5
31,38,6,mf_var,Plain MF RF,5
31,39,146,mf_var,Plain MF RF,5
31,40,3,mf_var,Plain MF RF,5
31,42,1523,mf_var,Plain MF RF,5
31,43,505,mf_var,Plain MF RF,5
31,44,2,mf_var,Plain MF RF,5
31,45,469,mf_var,Plain MF RF,5
31,46,44,mf_var,Plain MF RF,5
31,47,2,mf_var,Plain MF RF,5
31,48,15,mf_var,Plain MF RF,5
31,50,553,mf_var,Plain MF RF,5
31,52,2,mf_var,Plain MF RF,5
31,54,1,mf_var,Plain MF RF,5
32,7,744,mf_var,Plain MF RF,5
32,9,1,mf_var,Plain MF RF,5
32,12,6,mf_var,Plain MF RF,5
32,13,1368,mf_var,Plain MF RF,5
32,14,15,mf_var,Plain MF RF,5
32,15,292,mf_var,Plain MF RF,5
32,18,42,mf_var,Plain MF RF,5
32,19,1,mf_var,Plain MF RF,5
32,20,73,mf_var,Plain MF RF,5
32,23,121,mf_var,Plain MF RF,5
32,24,356,mf_var,Plain MF RF,5
32,25,461,mf_var,Plain MF RF,5
32,27,94,mf_var,Plain MF RF,5
32,29,11,mf_var,Plain MF RF,5
32,31,202,mf_var,Plain MF RF,5
32,32,55593,mf_var,Plain MF RF,5
32,33,1029,mf_var,Plain MF RF,5
32,35,18,mf_var,Plain MF RF,5
32,42,57,mf_var,Plain MF RF,5
33,1,1020,mf_var,Plain MF RF,5
33,2,196,mf_var,Plain MF RF,5
33,3,2954,mf_var,Plain MF RF,5
33,4,2,mf_var,Plain MF RF,5
33,5,1406,mf_var,Plain MF RF,5
33,6,1,mf_var,Plain MF RF,5
33,7,6444,mf_var,Plain MF RF,5
33,10,340,mf_var,Plain MF RF,5
33,11,621,mf_var,Plain MF RF,5
33,12,441,mf_var,Plain MF RF,5
33,13,5929,mf_var,Plain MF RF,5
33,14,331,mf_var,Plain MF RF,5
33,15,1642,mf_var,Plain MF RF,5
33,16,414,mf_var,Plain MF RF,5
33,18,406,mf_var,Plain MF RF,5
33,19,11,mf_var,Plain MF RF,5
33,20,375,mf_var,Plain MF RF,5
33,21,3,mf_var,Plain MF RF,5
33,23,2077,mf_var,Plain MF RF,5
33,24,4121,mf_var,Plain MF RF,5
33,25,855,mf_var,Plain MF RF,5
33,26,36,mf_var,Plain MF RF,5
33,27,74,mf_var,Plain MF RF,5
33,28,336,mf_var,Plain MF RF,5
33,29,865,mf_var,Plain MF RF,5
33,30,22,mf_var,Plain MF RF,5
33,31,67,mf_var,Plain MF RF,5
33,32,1941,mf_var,Plain MF RF,5
33,33,354161,mf_var,Plain MF RF,5
33,34,12,mf_var,Plain MF RF,5
33,35,492,mf_var,Plain MF RF,5
33,36,122,mf_var,Plain MF RF,5
33,37,151,mf_var,Plain MF RF,5
33,39,15,mf_var,Plain MF RF,5
33,40,103,mf_var,Plain MF RF,5
33,41,637,mf_var,Plain MF RF,5
33,44,183,mf_var,Plain MF RF,5
33,45,613,mf_var,Plain MF RF,5
33,46,21,mf_var,Plain MF RF,5
33,47,197,mf_var,Plain MF RF,5
33,49,73,mf_var,Plain MF RF,5
33,52,41,mf_var,Plain MF RF,5
34,3,35,mf_var,Plain MF RF,5
34,7,4,mf_var,Plain MF RF,5
34,10,74,mf_var,Plain MF RF,5
34,12,1,mf_var,Plain MF RF,5
34,15,2,mf_var,Plain MF RF,5
34,16,1,mf_var,Plain MF RF,5
34,17,2,mf_var,Plain MF RF,5
34,18,6,mf_var,Plain MF RF,5
34,19,2,mf_var,Plain MF RF,5
34,20,1,mf_var,Plain MF RF,5
34,21,2,mf_var,Plain MF RF,5
34,22,2,mf_var,Plain MF RF,5
34,24,2,mf_var,Plain MF RF,5
34,25,2,mf_var,Plain MF RF,5
34,26,4,mf_var,Plain MF RF,5
34,27,24,mf_var,Plain MF RF,5
34,30,30,mf_var,Plain MF RF,5
34,31,1,mf_var,Plain MF RF,5
34,32,1,mf_var,Plain MF RF,5
34,33,2,mf_var,Plain MF RF,5
34,34,4815,mf_var,Plain MF RF,5
34,36,11,mf_var,Plain MF RF,5
34,37,1,mf_var,Plain MF RF,5
34,38,2,mf_var,Plain MF RF,5
34,39,49,mf_var,Plain MF RF,5
34,40,18,mf_var,Plain MF RF,5
34,41,1,mf_var,Plain MF RF,5
34,42,2,mf_var,Plain MF RF,5
34,43,1,mf_var,Plain MF RF,5
34,44,6,mf_var,Plain MF RF,5
34,45,1,mf_var,Plain MF RF,5
34,46,22,mf_var,Plain MF RF,5
34,47,1,mf_var,Plain MF RF,5
34,49,20,mf_var,Plain MF RF,5
34,50,5,mf_var,Plain MF RF,5
34,52,3,mf_var,Plain MF RF,5
34,53,2,mf_var,Plain MF RF,5
34,55,1,mf_var,Plain MF RF,5
35,7,1,mf_var,Plain MF RF,5
35,13,73,mf_var,Plain MF RF,5
35,14,83,mf_var,Plain MF RF,5
35,15,38,mf_var,Plain MF RF,5
35,16,31,mf_var,Plain MF RF,5
35,18,6,mf_var,Plain MF RF,5
35,19,28,mf_var,Plain MF RF,5
35,23,129,mf_var,Plain MF RF,5
35,24,329,mf_var,Plain MF RF,5
35,25,228,mf_var,Plain MF RF,5
35,29,335,mf_var,Plain MF RF,5
35,32,80,mf_var,Plain MF RF,5
35,33,240,mf_var,Plain MF RF,5
35,35,31259,mf_var,Plain MF RF,5
35,38,4,mf_var,Plain MF RF,5
36,1,6,mf_var,Plain MF RF,5
36,3,79,mf_var,Plain MF RF,5
36,7,44,mf_var,Plain MF RF,5
36,10,21,mf_var,Plain MF RF,5
36,12,37,mf_var,Plain MF RF,5
36,13,25,mf_var,Plain MF RF,5
36,16,2,mf_var,Plain MF RF,5
36,21,56,mf_var,Plain MF RF,5
36,26,28,mf_var,Plain MF RF,5
36,27,1,mf_var,Plain MF RF,5
36,28,12,mf_var,Plain MF RF,5
36,30,39,mf_var,Plain MF RF,5
36,33,16,mf_var,Plain MF RF,5
36,34,45,mf_var,Plain MF RF,5
36,36,21665,mf_var,Plain MF RF,5
36,39,80,mf_var,Plain MF RF,5
36,40,43,mf_var,Plain MF RF,5
36,41,80,mf_var,Plain MF RF,5
36,44,161,mf_var,Plain MF RF,5
36,46,24,mf_var,Plain MF RF,5
36,47,67,mf_var,Plain MF RF,5
36,48,5,mf_var,Plain MF RF,5
36,49,11,mf_var,Plain MF RF,5
36,50,13,mf_var,Plain MF RF,5
36,53,14,mf_var,Plain MF RF,5
36,55,1,mf_var,Plain MF RF,5
37,1,236,mf_var,Plain MF RF,5
37,2,122,mf_var,Plain MF RF,5
37,3,9241,mf_var,Plain MF RF,5
37,4,14,mf_var,Plain MF RF,5
37,5,361,mf_var,Plain MF RF,5
37,6,180,mf_var,Plain MF RF,5
37,7,2238,mf_var,Plain MF RF,5
37,9,80,mf_var,Plain MF RF,5
37,10,796,mf_var,Plain MF RF,5
37,11,153,mf_var,Plain MF RF,5
37,12,286,mf_var,Plain MF RF,5
37,13,1244,mf_var,Plain MF RF,5
37,14,456,mf_var,Plain MF RF,5
37,15,51,mf_var,Plain MF RF,5
37,16,55,mf_var,Plain MF RF,5
37,17,3,mf_var,Plain MF RF,5
37,18,166,mf_var,Plain MF RF,5
37,19,7,mf_var,Plain MF RF,5
37,20,11,mf_var,Plain MF RF,5
37,21,794,mf_var,Plain MF RF,5
37,22,2,mf_var,Plain MF RF,5
37,23,2,mf_var,Plain MF RF,5
37,24,4,mf_var,Plain MF RF,5
37,25,530,mf_var,Plain MF RF,5
37,26,90,mf_var,Plain MF RF,5
37,27,3933,mf_var,Plain MF RF,5
37,28,209,mf_var,Plain MF RF,5
37,29,5,mf_var,Plain MF RF,5
37,30,515,mf_var,Plain MF RF,5
37,31,2,mf_var,Plain MF RF,5
37,32,6,mf_var,Plain MF RF,5
37,33,492,mf_var,Plain MF RF,5
37,34,91,mf_var,Plain MF RF,5
37,35,1,mf_var,Plain MF RF,5
37,36,21,mf_var,Plain MF RF,5
37,37,167933,mf_var,Plain MF RF,5
37,38,2,mf_var,Plain MF RF,5
37,39,132,mf_var,Plain MF RF,5
37,40,36,mf_var,Plain MF RF,5
37,41,684,mf_var,Plain MF RF,5
37,42,1,mf_var,Plain MF RF,5
37,43,4,mf_var,Plain MF RF,5
37,44,41,mf_var,Plain MF RF,5
37,45,23,mf_var,Plain MF RF,5
37,46,170,mf_var,Plain MF RF,5
37,47,448,mf_var,Plain MF RF,5
37,48,1,mf_var,Plain MF RF,5
37,49,18,mf_var,Plain MF RF,5
37,50,1,mf_var,Plain MF RF,5
37,52,6,mf_var,Plain MF RF,5
37,53,3,mf_var,Plain MF RF,5
37,54,3,mf_var,Plain MF RF,5
37,55,3,mf_var,Plain MF RF,5
38,13,39,mf_var,Plain MF RF,5
38,15,211,mf_var,Plain MF RF,5
38,19,14,mf_var,Plain MF RF,5
38,23,460,mf_var,Plain MF RF,5
38,24,77,mf_var,Plain MF RF,5
38,25,28,mf_var,Plain MF RF,5
38,27,405,mf_var,Plain MF RF,5
38,32,67,mf_var,Plain MF RF,5
38,36,1,mf_var,Plain MF RF,5
38,38,28730,mf_var,Plain MF RF,5
39,5,19,mf_var,Plain MF RF,5
39,7,11,mf_var,Plain MF RF,5
39,10,42,mf_var,Plain MF RF,5
39,13,2,mf_var,Plain MF RF,5
39,16,102,mf_var,Plain MF RF,5
39,18,50,mf_var,Plain MF RF,5
39,20,9,mf_var,Plain MF RF,5
39,23,78,mf_var,Plain MF RF,5
39,24,4,mf_var,Plain MF RF,5
39,26,12,mf_var,Plain MF RF,5
39,28,16,mf_var,Plain MF RF,5
39,30,201,mf_var,Plain MF RF,5
39,34,108,mf_var,Plain MF RF,5
39,36,9,mf_var,Plain MF RF,5
39,39,20326,mf_var,Plain MF RF,5
39,40,53,mf_var,Plain MF RF,5
39,43,1,mf_var,Plain MF RF,5
39,44,38,mf_var,Plain MF RF,5
39,45,12,mf_var,Plain MF RF,5
39,46,645,mf_var,Plain MF RF,5
39,47,66,mf_var,Plain MF RF,5
39,49,44,mf_var,Plain MF RF,5
39,50,95,mf_var,Plain MF RF,5
40,1,155,mf_var,Plain MF RF,5
40,2,8,mf_var,Plain MF RF,5
40,3,821,mf_var,Plain MF RF,5
40,4,17,mf_var,Plain MF RF,5
40,5,2062,mf_var,Plain MF RF,5
40,6,10,mf_var,Plain MF RF,5
40,7,1288,mf_var,Plain MF RF,5
40,9,5,mf_var,Plain MF RF,5
40,10,2991,mf_var,Plain MF RF,5
40,11,19,mf_var,Plain MF RF,5
40,12,11,mf_var,Plain MF RF,5
40,13,19,mf_var,Plain MF RF,5
40,14,6,mf_var,Plain MF RF,5
40,15,8,mf_var,Plain MF RF,5
40,16,3,mf_var,Plain MF RF,5
40,17,8,mf_var,Plain MF RF,5
40,18,12,mf_var,Plain MF RF,5
40,19,5,mf_var,Plain MF RF,5
40,20,35,mf_var,Plain MF RF,5
40,21,627,mf_var,Plain MF RF,5
40,22,7,mf_var,Plain MF RF,5
40,23,10,mf_var,Plain MF RF,5
40,24,5,mf_var,Plain MF RF,5
40,25,25,mf_var,Plain MF RF,5
40,26,1117,mf_var,Plain MF RF,5
40,27,105,mf_var,Plain MF RF,5
40,28,2888,mf_var,Plain MF RF,5
40,29,10,mf_var,Plain MF RF,5
40,30,2392,mf_var,Plain MF RF,5
40,31,94,mf_var,Plain MF RF,5
40,32,7,mf_var,Plain MF RF,5
40,33,35,mf_var,Plain MF RF,5
40,34,643,mf_var,Plain MF RF,5
40,35,4,mf_var,Plain MF RF,5
40,36,7853,mf_var,Plain MF RF,5
40,37,14,mf_var,Plain MF RF,5
40,38,8,mf_var,Plain MF RF,5
40,39,1969,mf_var,Plain MF RF,5
40,40,299645,mf_var,Plain MF RF,5
40,41,717,mf_var,Plain MF RF,5
40,42,7,mf_var,Plain MF RF,5
40,43,7,mf_var,Plain MF RF,5
40,44,1100,mf_var,Plain MF RF,5
40,45,114,mf_var,Plain MF RF,5
40,46,2175,mf_var,Plain MF RF,5
40,47,1310,mf_var,Plain MF RF,5
40,48,43,mf_var,Plain MF RF,5
40,49,8485,mf_var,Plain MF RF,5
40,50,64,mf_var,Plain MF RF,5
40,52,212,mf_var,Plain MF RF,5
40,53,339,mf_var,Plain MF RF,5
40,54,26,mf_var,Plain MF RF,5
40,55,121,mf_var,Plain MF RF,5
41,1,2,mf_var,Plain MF RF,5
41,2,22,mf_var,Plain MF RF,5
41,3,1653,mf_var,Plain MF RF,5
41,5,58,mf_var,Plain MF RF,5
41,6,13,mf_var,Plain MF RF,5
41,7,2497,mf_var,Plain MF RF,5
41,10,130,mf_var,Plain MF RF,5
41,11,13,mf_var,Plain MF RF,5
41,12,50,mf_var,Plain MF RF,5
41,13,514,mf_var,Plain MF RF,5
41,14,1,mf_var,Plain MF RF,5
41,15,33,mf_var,Plain MF RF,5
41,16,10,mf_var,Plain MF RF,5
41,17,1,mf_var,Plain MF RF,5
41,18,4,mf_var,Plain MF RF,5
41,19,2,mf_var,Plain MF RF,5
41,20,1,mf_var,Plain MF RF,5
41,21,327,mf_var,Plain MF RF,5
41,22,1,mf_var,Plain MF RF,5
41,23,1,mf_var,Plain MF RF,5
41,25,3,mf_var,Plain MF RF,5
41,26,384,mf_var,Plain MF RF,5
41,27,712,mf_var,Plain MF RF,5
41,28,921,mf_var,Plain MF RF,5
41,29,1,mf_var,Plain MF RF,5
41,30,1656,mf_var,Plain MF RF,5
41,32,6,mf_var,Plain MF RF,5
41,33,331,mf_var,Plain MF RF,5
41,34,5,mf_var,Plain MF RF,5
41,36,1634,mf_var,Plain MF RF,5
41,37,28,mf_var,Plain MF RF,5
41,39,15,mf_var,Plain MF RF,5
41,40,228,mf_var,Plain MF RF,5
41,41,78479,mf_var,Plain MF RF,5
41,43,2,mf_var,Plain MF RF,5
41,44,236,mf_var,Plain MF RF,5
41,45,19,mf_var,Plain MF RF,5
41,46,7,mf_var,Plain MF RF,5
41,47,1169,mf_var,Plain MF RF,5
41,48,1,mf_var,Plain MF RF,5
41,49,71,mf_var,Plain MF RF,5
41,50,1,mf_var,Plain MF RF,5
41,54,1,mf_var,Plain MF RF,5
42,1,1,mf_var,Plain MF RF,5
42,2,3,mf_var,Plain MF RF,5
42,3,1,mf_var,Plain MF RF,5
42,4,1,mf_var,Plain MF RF,5
42,5,2,mf_var,Plain MF RF,5
42,6,4,mf_var,Plain MF RF,5
42,7,80,mf_var,Plain MF RF,5
42,9,2,mf_var,Plain MF RF,5
42,10,1,mf_var,Plain MF RF,5
42,11,2,mf_var,Plain MF RF,5
42,12,1,mf_var,Plain MF RF,5
42,13,365,mf_var,Plain MF RF,5
42,14,5,mf_var,Plain MF RF,5
42,15,36,mf_var,Plain MF RF,5
42,16,38,mf_var,Plain MF RF,5
42,17,1,mf_var,Plain MF RF,5
42,18,1,mf_var,Plain MF RF,5
42,19,573,mf_var,Plain MF RF,5
42,20,139,mf_var,Plain MF RF,5
42,22,476,mf_var,Plain MF RF,5
42,23,6,mf_var,Plain MF RF,5
42,24,516,mf_var,Plain MF RF,5
42,25,473,mf_var,Plain MF RF,5
42,26,3,mf_var,Plain MF RF,5
42,28,2,mf_var,Plain MF RF,5
42,30,2,mf_var,Plain MF RF,5
42,31,11,mf_var,Plain MF RF,5
42,32,44,mf_var,Plain MF RF,5
42,33,6,mf_var,Plain MF RF,5
42,34,2,mf_var,Plain MF RF,5
42,36,2,mf_var,Plain MF RF,5
42,37,3,mf_var,Plain MF RF,5
42,38,3,mf_var,Plain MF RF,5
42,39,1,mf_var,Plain MF RF,5
42,40,2,mf_var,Plain MF RF,5
42,42,151640,mf_var,Plain MF RF,5
42,43,558,mf_var,Plain MF RF,5
42,44,2,mf_var,Plain MF RF,5
42,45,3,mf_var,Plain MF RF,5
42,47,2,mf_var,Plain MF RF,5
42,48,3,mf_var,Plain MF RF,5
42,49,1,mf_var,Plain MF RF,5
42,52,1,mf_var,Plain MF RF,5
42,55,1,mf_var,Plain MF RF,5
43,10,3,mf_var,Plain MF RF,5
43,16,94,mf_var,Plain MF RF,5
43,18,11,mf_var,Plain MF RF,5
43,19,4,mf_var,Plain MF RF,5
43,20,29,mf_var,Plain MF RF,5
43,24,38,mf_var,Plain MF RF,5
43,25,24,mf_var,Plain MF RF,5
43,42,115,mf_var,Plain MF RF,5
43,43,5356,mf_var,Plain MF RF,5
43,46,18,mf_var,Plain MF RF,5
44,1,557,mf_var,Plain MF RF,5
44,2,33,mf_var,Plain MF RF,5
44,3,1749,mf_var,Plain MF RF,5
44,4,29,mf_var,Plain MF RF,5
44,5,1637,mf_var,Plain MF RF,5
44,6,21,mf_var,Plain MF RF,5
44,7,2152,mf_var,Plain MF RF,5
44,9,19,mf_var,Plain MF RF,5
44,10,2108,mf_var,Plain MF RF,5
44,11,11,mf_var,Plain MF RF,5
44,12,14,mf_var,Plain MF RF,5
44,13,653,mf_var,Plain MF RF,5
44,14,14,mf_var,Plain MF RF,5
44,15,16,mf_var,Plain MF RF,5
44,16,139,mf_var,Plain MF RF,5
44,17,24,mf_var,Plain MF RF,5
44,18,926,mf_var,Plain MF RF,5
44,19,67,mf_var,Plain MF RF,5
44,20,24,mf_var,Plain MF RF,5
44,21,1228,mf_var,Plain MF RF,5
44,22,15,mf_var,Plain MF RF,5
44,23,13,mf_var,Plain MF RF,5
44,24,25,mf_var,Plain MF RF,5
44,25,11,mf_var,Plain MF RF,5
44,26,2036,mf_var,Plain MF RF,5
44,27,100,mf_var,Plain MF RF,5
44,28,10290,mf_var,Plain MF RF,5
44,29,21,mf_var,Plain MF RF,5
44,30,3570,mf_var,Plain MF RF,5
44,31,32,mf_var,Plain MF RF,5
44,32,24,mf_var,Plain MF RF,5
44,33,1350,mf_var,Plain MF RF,5
44,34,719,mf_var,Plain MF RF,5
44,35,21,mf_var,Plain MF RF,5
44,36,15708,mf_var,Plain MF RF,5
44,37,32,mf_var,Plain MF RF,5
44,38,4,mf_var,Plain MF RF,5
44,39,5650,mf_var,Plain MF RF,5
44,40,2280,mf_var,Plain MF RF,5
44,41,1014,mf_var,Plain MF RF,5
44,42,18,mf_var,Plain MF RF,5
44,43,19,mf_var,Plain MF RF,5
44,44,498081,mf_var,Plain MF RF,5
44,45,936,mf_var,Plain MF RF,5
44,46,1279,mf_var,Plain MF RF,5
44,47,1006,mf_var,Plain MF RF,5
44,48,28,mf_var,Plain MF RF,5
44,49,7699,mf_var,Plain MF RF,5
44,50,1453,mf_var,Plain MF RF,5
44,52,614,mf_var,Plain MF RF,5
44,53,588,mf_var,Plain MF RF,5
44,54,42,mf_var,Plain MF RF,5
44,55,92,mf_var,Plain MF RF,5
45,1,95,mf_var,Plain MF RF,5
45,5,179,mf_var,Plain MF RF,5
45,6,3,mf_var,Plain MF RF,5
45,7,2,mf_var,Plain MF RF,5
45,10,102,mf_var,Plain MF RF,5
45,12,2,mf_var,Plain MF RF,5
45,13,144,mf_var,Plain MF RF,5
45,15,5,mf_var,Plain MF RF,5
45,16,17,mf_var,Plain MF RF,5
45,18,20,mf_var,Plain MF RF,5
45,20,1,mf_var,Plain MF RF,5
45,22,1,mf_var,Plain MF RF,5
45,23,7,mf_var,Plain MF RF,5
45,24,300,mf_var,Plain MF RF,5
45,25,34,mf_var,Plain MF RF,5
45,26,2,mf_var,Plain MF RF,5
45,27,2,mf_var,Plain MF RF,5
45,28,8,mf_var,Plain MF RF,5
45,29,132,mf_var,Plain MF RF,5
45,30,95,mf_var,Plain MF RF,5
45,31,24,mf_var,Plain MF RF,5
45,32,1,mf_var,Plain MF RF,5
45,33,7,mf_var,Plain MF RF,5
45,34,66,mf_var,Plain MF RF,5
45,35,1,mf_var,Plain MF RF,5
45,39,265,mf_var,Plain MF RF,5
45,40,37,mf_var,Plain MF RF,5
45,41,1,mf_var,Plain MF RF,5
45,44,69,mf_var,Plain MF RF,5
45,45,14179,mf_var,Plain MF RF,5
45,46,567,mf_var,Plain MF RF,5
45,47,8,mf_var,Plain MF RF,5
45,48,1,mf_var,Plain MF RF,5
45,49,25,mf_var,Plain MF RF,5
45,50,2,mf_var,Plain MF RF,5
45,52,1,mf_var,Plain MF RF,5
46,1,166,mf_var,Plain MF RF,5
46,2,3,mf_var,Plain MF RF,5
46,3,86,mf_var,Plain MF RF,5
46,4,6,mf_var,Plain MF RF,5
46,5,67,mf_var,Plain MF RF,5
46,6,3,mf_var,Plain MF RF,5
46,7,171,mf_var,Plain MF RF,5
46,9,5,mf_var,Plain MF RF,5
46,10,728,mf_var,Plain MF RF,5
46,11,14,mf_var,Plain MF RF,5
46,12,6,mf_var,Plain MF RF,5
46,13,208,mf_var,Plain MF RF,5
46,14,6,mf_var,Plain MF RF,5
46,15,9,mf_var,Plain MF RF,5
46,16,238,mf_var,Plain MF RF,5
46,17,2,mf_var,Plain MF RF,5
46,18,240,mf_var,Plain MF RF,5
46,19,7,mf_var,Plain MF RF,5
46,20,119,mf_var,Plain MF RF,5
46,21,24,mf_var,Plain MF RF,5
46,22,5,mf_var,Plain MF RF,5
46,23,11,mf_var,Plain MF RF,5
46,24,3,mf_var,Plain MF RF,5
46,25,21,mf_var,Plain MF RF,5
46,26,269,mf_var,Plain MF RF,5
46,27,5,mf_var,Plain MF RF,5
46,28,170,mf_var,Plain MF RF,5
46,29,4,mf_var,Plain MF RF,5
46,30,467,mf_var,Plain MF RF,5
46,31,10,mf_var,Plain MF RF,5
46,32,4,mf_var,Plain MF RF,5
46,33,41,mf_var,Plain MF RF,5
46,34,313,mf_var,Plain MF RF,5
46,35,8,mf_var,Plain MF RF,5
46,36,283,mf_var,Plain MF RF,5
46,37,22,mf_var,Plain MF RF,5
46,38,7,mf_var,Plain MF RF,5
46,39,1365,mf_var,Plain MF RF,5
46,40,976,mf_var,Plain MF RF,5
46,41,6,mf_var,Plain MF RF,5
46,42,6,mf_var,Plain MF RF,5
46,43,149,mf_var,Plain MF RF,5
46,44,583,mf_var,Plain MF RF,5
46,45,125,mf_var,Plain MF RF,5
46,46,127783,mf_var,Plain MF RF,5
46,47,993,mf_var,Plain MF RF,5
46,48,7,mf_var,Plain MF RF,5
46,49,532,mf_var,Plain MF RF,5
46,50,179,mf_var,Plain MF RF,5
46,52,7,mf_var,Plain MF RF,5
46,53,4,mf_var,Plain MF RF,5
46,54,8,mf_var,Plain MF RF,5
46,55,8,mf_var,Plain MF RF,5
47,1,117,mf_var,Plain MF RF,5
47,2,13,mf_var,Plain MF RF,5
47,3,1517,mf_var,Plain MF RF,5
47,4,46,mf_var,Plain MF RF,5
47,5,2185,mf_var,Plain MF RF,5
47,6,61,mf_var,Plain MF RF,5
47,7,1864,mf_var,Plain MF RF,5
47,9,12,mf_var,Plain MF RF,5
47,10,2480,mf_var,Plain MF RF,5
47,11,70,mf_var,Plain MF RF,5
47,12,14,mf_var,Plain MF RF,5
47,13,17,mf_var,Plain MF RF,5
47,14,13,mf_var,Plain MF RF,5
47,15,13,mf_var,Plain MF RF,5
47,16,10,mf_var,Plain MF RF,5
47,17,11,mf_var,Plain MF RF,5
47,18,12,mf_var,Plain MF RF,5
47,19,13,mf_var,Plain MF RF,5
47,20,15,mf_var,Plain MF RF,5
47,21,382,mf_var,Plain MF RF,5
47,22,19,mf_var,Plain MF RF,5
47,23,10,mf_var,Plain MF RF,5
47,24,16,mf_var,Plain MF RF,5
47,25,12,mf_var,Plain MF RF,5
47,26,487,mf_var,Plain MF RF,5
47,27,830,mf_var,Plain MF RF,5
47,28,8837,mf_var,Plain MF RF,5
47,29,8,mf_var,Plain MF RF,5
47,30,1149,mf_var,Plain MF RF,5
47,31,21,mf_var,Plain MF RF,5
47,32,14,mf_var,Plain MF RF,5
47,33,704,mf_var,Plain MF RF,5
47,34,447,mf_var,Plain MF RF,5
47,35,19,mf_var,Plain MF RF,5
47,36,6737,mf_var,Plain MF RF,5
47,37,118,mf_var,Plain MF RF,5
47,38,13,mf_var,Plain MF RF,5
47,39,1006,mf_var,Plain MF RF,5
47,40,1931,mf_var,Plain MF RF,5
47,41,241,mf_var,Plain MF RF,5
47,42,17,mf_var,Plain MF RF,5
47,43,13,mf_var,Plain MF RF,5
47,44,1116,mf_var,Plain MF RF,5
47,45,38,mf_var,Plain MF RF,5
47,46,1726,mf_var,Plain MF RF,5
47,47,313855,mf_var,Plain MF RF,5
47,48,101,mf_var,Plain MF RF,5
47,49,5513,mf_var,Plain MF RF,5
47,50,315,mf_var,Plain MF RF,5
47,52,136,mf_var,Plain MF RF,5
47,53,21,mf_var,Plain MF RF,5
47,54,7,mf_var,Plain MF RF,5
47,55,105,mf_var,Plain MF RF,5
48,3,1,mf_var,Plain MF RF,5
48,9,2,mf_var,Plain MF RF,5
48,16,1,mf_var,Plain MF RF,5
48,24,1,mf_var,Plain MF RF,5
48,27,5,mf_var,Plain MF RF,5
48,28,3,mf_var,Plain MF RF,5
48,33,1,mf_var,Plain MF RF,5
48,36,1,mf_var,Plain MF RF,5
48,41,1,mf_var,Plain MF RF,5
48,47,3,mf_var,Plain MF RF,5
48,48,1579,mf_var,Plain MF RF,5
48,49,23,mf_var,Plain MF RF,5
48,53,3,mf_var,Plain MF RF,5
49,1,106,mf_var,Plain MF RF,5
49,2,4,mf_var,Plain MF RF,5
49,3,53,mf_var,Plain MF RF,5
49,4,9,mf_var,Plain MF RF,5
49,5,200,mf_var,Plain MF RF,5
49,6,2,mf_var,Plain MF RF,5
49,7,51,mf_var,Plain MF RF,5
49,9,4,mf_var,Plain MF RF,5
49,10,523,mf_var,Plain MF RF,5
49,11,7,mf_var,Plain MF RF,5
49,12,7,mf_var,Plain MF RF,5
49,13,6,mf_var,Plain MF RF,5
49,14,6,mf_var,Plain MF RF,5
49,15,7,mf_var,Plain MF RF,5
49,16,5,mf_var,Plain MF RF,5
49,17,9,mf_var,Plain MF RF,5
49,18,7,mf_var,Plain MF RF,5
49,19,5,mf_var,Plain MF RF,5
49,20,26,mf_var,Plain MF RF,5
49,21,1354,mf_var,Plain MF RF,5
49,22,5,mf_var,Plain MF RF,5
49,23,7,mf_var,Plain MF RF,5
49,24,5,mf_var,Plain MF RF,5
49,25,5,mf_var,Plain MF RF,5
49,26,457,mf_var,Plain MF RF,5
49,27,13,mf_var,Plain MF RF,5
49,28,590,mf_var,Plain MF RF,5
49,29,8,mf_var,Plain MF RF,5
49,30,2008,mf_var,Plain MF RF,5
49,31,5,mf_var,Plain MF RF,5
49,32,7,mf_var,Plain MF RF,5
49,33,7,mf_var,Plain MF RF,5
49,34,261,mf_var,Plain MF RF,5
49,35,4,mf_var,Plain MF RF,5
49,36,931,mf_var,Plain MF RF,5
49,37,12,mf_var,Plain MF RF,5
49,38,8,mf_var,Plain MF RF,5
49,39,421,mf_var,Plain MF RF,5
49,40,1511,mf_var,Plain MF RF,5
49,41,16,mf_var,Plain MF RF,5
49,42,3,mf_var,Plain MF RF,5
49,43,4,mf_var,Plain MF RF,5
49,44,1316,mf_var,Plain MF RF,5
49,45,83,mf_var,Plain MF RF,5
49,46,326,mf_var,Plain MF RF,5
49,47,729,mf_var,Plain MF RF,5
49,48,4,mf_var,Plain MF RF,5
49,49,145595,mf_var,Plain MF RF,5
49,50,146,mf_var,Plain MF RF,5
49,52,428,mf_var,Plain MF RF,5
49,53,386,mf_var,Plain MF RF,5
49,54,12,mf_var,Plain MF RF,5
49,55,49,mf_var,Plain MF RF,5
50,2,4,mf_var,Plain MF RF,5
50,6,1,mf_var,Plain MF RF,5
50,7,3,mf_var,Plain MF RF,5
50,10,24,mf_var,Plain MF RF,5
50,11,1,mf_var,Plain MF RF,5
50,13,1,mf_var,Plain MF RF,5
50,15,1,mf_var,Plain MF RF,5
50,16,1,mf_var,Plain MF RF,5
50,17,1,mf_var,Plain MF RF,5
50,18,2,mf_var,Plain MF RF,5
50,21,1,mf_var,Plain MF RF,5
50,22,1,mf_var,Plain MF RF,5
50,23,1,mf_var,Plain MF RF,5
50,24,1,mf_var,Plain MF RF,5
50,28,2,mf_var,Plain MF RF,5
50,29,1,mf_var,Plain MF RF,5
50,30,5,mf_var,Plain MF RF,5
50,31,1,mf_var,Plain MF RF,5
50,34,4,mf_var,Plain MF RF,5
50,35,1,mf_var,Plain MF RF,5
50,39,29,mf_var,Plain MF RF,5
50,40,31,mf_var,Plain MF RF,5
50,42,1,mf_var,Plain MF RF,5
50,43,1,mf_var,Plain MF RF,5
50,44,17,mf_var,Plain MF RF,5
50,46,16,mf_var,Plain MF RF,5
50,47,7,mf_var,Plain MF RF,5
50,49,1,mf_var,Plain MF RF,5
50,50,2120,mf_var,Plain MF RF,5
50,53,9,mf_var,Plain MF RF,5
50,54,1,mf_var,Plain MF RF,5
50,55,2,mf_var,Plain MF RF,5
52,1,8,mf_var,Plain MF RF,5
52,2,4,mf_var,Plain MF RF,5
52,3,3,mf_var,Plain MF RF,5
52,4,7,mf_var,Plain MF RF,5
52,5,10,mf_var,Plain MF RF,5
52,6,6,mf_var,Plain MF RF,5
52,7,15,mf_var,Plain MF RF,5
52,9,6,mf_var,Plain MF RF,5
52,10,10,mf_var,Plain MF RF,5
52,11,5,mf_var,Plain MF RF,5
52,12,9,mf_var,Plain MF RF,5
52,13,9,mf_var,Plain MF RF,5
52,14,6,mf_var,Plain MF RF,5
52,15,8,mf_var,Plain MF RF,5
52,16,4,mf_var,Plain MF RF,5
52,17,5,mf_var,Plain MF RF,5
52,18,9,mf_var,Plain MF RF,5
52,19,7,mf_var,Plain MF RF,5
52,20,7,mf_var,Plain MF RF,5
52,21,20,mf_var,Plain MF RF,5
52,22,8,mf_var,Plain MF RF,5
52,23,7,mf_var,Plain MF RF,5
52,24,7,mf_var,Plain MF RF,5
52,25,13,mf_var,Plain MF RF,5
52,26,11,mf_var,Plain MF RF,5
52,27,4,mf_var,Plain MF RF,5
52,28,5,mf_var,Plain MF RF,5
52,29,12,mf_var,Plain MF RF,5
52,30,3,mf_var,Plain MF RF,5
52,31,9,mf_var,Plain MF RF,5
52,32,12,mf_var,Plain MF RF,5
52,33,5,mf_var,Plain MF RF,5
52,34,3,mf_var,Plain MF RF,5
52,35,6,mf_var,Plain MF RF,5
52,36,2,mf_var,Plain MF RF,5
52,37,6,mf_var,Plain MF RF,5
52,38,4,mf_var,Plain MF RF,5
52,39,6,mf_var,Plain MF RF,5
52,40,163,mf_var,Plain MF RF,5
52,41,7,mf_var,Plain MF RF,5
52,42,5,mf_var,Plain MF RF,5
52,43,6,mf_var,Plain MF RF,5
52,44,107,mf_var,Plain MF RF,5
52,45,6,mf_var,Plain MF RF,5
52,46,6,mf_var,Plain MF RF,5
52,47,3,mf_var,Plain MF RF,5
52,49,132,mf_var,Plain MF RF,5
52,50,3,mf_var,Plain MF RF,5
52,52,22732,mf_var,Plain MF RF,5
52,53,165,mf_var,Plain MF RF,5
52,54,7,mf_var,Plain MF RF,5
52,55,12,mf_var,Plain MF RF,5
53,1,16,mf_var,Plain MF RF,5
53,2,81,mf_var,Plain MF RF,5
53,3,15,mf_var,Plain MF RF,5
53,4,20,mf_var,Plain MF RF,5
53,5,21,mf_var,Plain MF RF,5
53,6,10,mf_var,Plain MF RF,5
53,7,14,mf_var,Plain MF RF,5
53,9,20,mf_var,Plain MF RF,5
53,10,19,mf_var,Plain MF RF,5
53,11,14,mf_var,Plain MF RF,5
53,12,17,mf_var,Plain MF RF,5
53,13,25,mf_var,Plain MF RF,5
53,14,17,mf_var,Plain MF RF,5
53,15,22,mf_var,Plain MF RF,5
53,16,18,mf_var,Plain MF RF,5
53,17,16,mf_var,Plain MF RF,5
53,18,20,mf_var,Plain MF RF,5
53,19,18,mf_var,Plain MF RF,5
53,20,17,mf_var,Plain MF RF,5
53,21,637,mf_var,Plain MF RF,5
53,22,15,mf_var,Plain MF RF,5
53,23,18,mf_var,Plain MF RF,5
53,24,19,mf_var,Plain MF RF,5
53,25,17,mf_var,Plain MF RF,5
53,26,225,mf_var,Plain MF RF,5
53,27,6,mf_var,Plain MF RF,5
53,28,71,mf_var,Plain MF RF,5
53,29,24,mf_var,Plain MF RF,5
53,30,95,mf_var,Plain MF RF,5
53,31,19,mf_var,Plain MF RF,5
53,32,12,mf_var,Plain MF RF,5
53,33,15,mf_var,Plain MF RF,5
53,34,218,mf_var,Plain MF RF,5
53,35,19,mf_var,Plain MF RF,5
53,36,21,mf_var,Plain MF RF,5
53,37,19,mf_var,Plain MF RF,5
53,38,17,mf_var,Plain MF RF,5
53,39,52,mf_var,Plain MF RF,5
53,40,452,mf_var,Plain MF RF,5
53,41,9,mf_var,Plain MF RF,5
53,42,20,mf_var,Plain MF RF,5
53,43,18,mf_var,Plain MF RF,5
53,44,427,mf_var,Plain MF RF,5
53,45,18,mf_var,Plain MF RF,5
53,46,26,mf_var,Plain MF RF,5
53,47,33,mf_var,Plain MF RF,5
53,48,10,mf_var,Plain MF RF,5
53,49,854,mf_var,Plain MF RF,5
53,50,95,mf_var,Plain MF RF,5
53,52,204,mf_var,Plain MF RF,5
53,53,60250,mf_var,Plain MF RF,5
53,54,3,mf_var,Plain MF RF,5
53,55,151,mf_var,Plain MF RF,5
54,1,1,mf_var,Plain MF RF,5
54,2,4,mf_var,Plain MF RF,5
54,3,1,mf_var,Plain MF RF,5
54,4,3,mf_var,Plain MF RF,5
54,5,1,mf_var,Plain MF RF,5
54,6,1,mf_var,Plain MF RF,5
54,7,6,mf_var,Plain MF RF,5
54,9,3,mf_var,Plain MF RF,5
54,10,6,mf_var,Plain MF RF,5
54,11,1,mf_var,Plain MF RF,5
54,12,5,mf_var,Plain MF RF,5
54,13,5,mf_var,Plain MF RF,5
54,14,6,mf_var,Plain MF RF,5
54,16,5,mf_var,Plain MF RF,5
54,17,5,mf_var,Plain MF RF,5
54,18,5,mf_var,Plain MF RF,5
54,19,3,mf_var,Plain MF RF,5
54,20,5,mf_var,Plain MF RF,5
54,21,144,mf_var,Plain MF RF,5
54,22,3,mf_var,Plain MF RF,5
54,23,1,mf_var,Plain MF RF,5
54,24,4,mf_var,Plain MF RF,5
54,25,3,mf_var,Plain MF RF,5
54,26,3,mf_var,Plain MF RF,5
54,27,2,mf_var,Plain MF RF,5
54,28,4,mf_var,Plain MF RF,5
54,29,4,mf_var,Plain MF RF,5
54,30,11,mf_var,Plain MF RF,5
54,31,3,mf_var,Plain MF RF,5
54,32,2,mf_var,Plain MF RF,5
54,33,2,mf_var,Plain MF RF,5
54,34,15,mf_var,Plain MF RF,5
54,35,4,mf_var,Plain MF RF,5
54,36,16,mf_var,Plain MF RF,5
54,37,1,mf_var,Plain MF RF,5
54,38,4,mf_var,Plain MF RF,5
54,39,2,mf_var,Plain MF RF,5
54,40,58,mf_var,Plain MF RF,5
54,41,4,mf_var,Plain MF RF,5
54,42,4,mf_var,Plain MF RF,5
54,43,2,mf_var,Plain MF RF,5
54,44,171,mf_var,Plain MF RF,5
54,45,7,mf_var,Plain MF RF,5
54,46,6,mf_var,Plain MF RF,5
54,47,4,mf_var,Plain MF RF,5
54,48,1,mf_var,Plain MF RF,5
54,49,6,mf_var,Plain MF RF,5
54,50,12,mf_var,Plain MF RF,5
54,52,2,mf_var,Plain MF RF,5
54,53,28,mf_var,Plain MF RF,5
54,54,10945,mf_var,Plain MF RF,5
54,55,4,mf_var,Plain MF RF,5
55,1,1,mf_var,Plain MF RF,5
55,28,2,mf_var,Plain MF RF,5
55,36,1,mf_var,Plain MF RF,5
55,38,1,mf_var,Plain MF RF,5
55,40,68,mf_var,Plain MF RF,5
55,44,83,mf_var,Plain MF RF,5
55,50,3,mf_var,Plain MF RF,5
55,52,47,mf_var,Plain MF RF,5
55,53,54,mf_var,Plain MF RF,5
55,55,6123,mf_var,Plain MF RF,5
