source_zone,method,method_label,scenario,period,ssp,common_valid_pixels,common_valid_area_km2,rank_cutoff,rank_label,pixel_count,area_km2,pixel_share,area_share
1,rf_var,Plain RF,2011-2040SSP245,2011-2040,SSP245,12393866,8501128.01140083,1,Top-1,36083,25703.2553347869,0.00291135953866211,0.00302351115055748
1,rf_var,Plain RF,2011-2040SSP245,2011-2040,SSP245,12393866,8501128.01140083,3,Top-3,122996,87317.247342856,0.00992394140778995,0.010271254264817
1,rf_var,Plain RF,2011-2040SSP245,2011-2040,SSP245,12393866,8501128.01140083,5,Top-5,204259,143871.356079023,0.0164806526067008,0.0169237959816718
2,rf_var,Plain RF,2011-2040SSP245,2011-2040,SSP245,12393866,8501128.01140083,1,Top-1,113862,63115.6414976784,0.00918696393845149,0.00742438431853211
2,rf_var,Plain RF,2011-2040SSP245,2011-2040,SSP245,12393866,8501128.01140083,3,Top-3,493824,285752.007313622,0.0398442261680092,0.0336134224693948
2,rf_var,Plain RF,2011-2040SSP245,2011-2040,SSP245,12393866,8501128.01140083,5,Top-5,650248,380108.557169295,0.0524653082419965,0.0447127200836799
3,rf_var,Plain RF,2011-2040SSP245,2011-2040,SSP245,12393866,8501128.01140083,1,Top-1,464597,285110.19273948,0.03748604349926,0.0335379248915108
3,rf_var,Plain RF,2011-2040SSP245,2011-2040,SSP245,12393866,8501128.01140083,3,Top-3,1043841,650362.609125005,0.0842223887203557,0.076503095618935
3,rf_var,Plain RF,2011-2040SSP245,2011-2040,SSP245,12393866,8501128.01140083,5,Top-5,1364973,854196.977497454,0.11013294802445,0.100480427579951
4,rf_var,Plain RF,2011-2040SSP245,2011-2040,SSP245,12393866,8501128.01140083,1,Top-1,65632,37177.7531842518,0.00529552280135996,0.00437327295088286
4,rf_var,Plain RF,2011-2040SSP245,2011-2040,SSP245,12393866,8501128.01140083,3,Top-3,252304,144721.32227932,0.020357167005033,0.0170237787368023
4,rf_var,Plain RF,2011-2040SSP245,2011-2040,SSP245,12393866,8501128.01140083,5,Top-5,418070,241658.456045332,0.0337320090438286,0.0284266341738701
5,rf_var,Plain RF,2011-2040SSP245,2011-2040,SSP245,12393866,8501128.01140083,1,Top-1,192571,111820.237882714,0.0155376054574093,0.0131535765292267
5,rf_var,Plain RF,2011-2040SSP245,2011-2040,SSP245,12393866,8501128.01140083,3,Top-3,806433,466964.681165826,0.0650671065832082,0.0549297317414326
5,rf_var,Plain RF,2011-2040SSP245,2011-2040,SSP245,12393866,8501128.01140083,5,Top-5,1019518,606476.471288213,0.08225988565634,0.0713407056657504
6,rf_var,Plain RF,2011-2040SSP245,2011-2040,SSP245,12393866,8501128.01140083,1,Top-1,83810,45958.6280405297,0.00676221608334316,0.00540617997739768
6,rf_var,Plain RF,2011-2040SSP245,2011-2040,SSP245,12393866,8501128.01140083,3,Top-3,210579,117846.472232246,0.0169905822767488,0.0138624512034406
6,rf_var,Plain RF,2011-2040SSP245,2011-2040,SSP245,12393866,8501128.01140083,5,Top-5,295205,164557.11121201,0.0238186373807818,0.0193570913167433
7,rf_var,Plain RF,2011-2040SSP245,2011-2040,SSP245,12393866,8501128.01140083,1,Top-1,234864,154116.874344455,0.0189500193079383,0.0181289911336201
7,rf_var,Plain RF,2011-2040SSP245,2011-2040,SSP245,12393866,8501128.01140083,3,Top-3,862636,567368.89404171,0.0696018498182891,0.0667404247154982
7,rf_var,Plain RF,2011-2040SSP245,2011-2040,SSP245,12393866,8501128.01140083,5,Top-5,1177402,777119.376502312,0.0949987679389143,0.0914136777448969
9,rf_var,Plain RF,2011-2040SSP245,2011-2040,SSP245,12393866,8501128.01140083,1,Top-1,8771,5486.11543343142,0.000707688787340447,0.000645339703869182
9,rf_var,Plain RF,2011-2040SSP245,2011-2040,SSP245,12393866,8501128.01140083,3,Top-3,70694,41662.2383334456,0.00570395064784467,0.00490078943377544
9,rf_var,Plain RF,2011-2040SSP245,2011-2040,SSP245,12393866,8501128.01140083,5,Top-5,87723,51502.0423857973,0.00707793677937134,0.00605825983525105
10,rf_var,Plain RF,2011-2040SSP245,2011-2040,SSP245,12393866,8501128.01140083,1,Top-1,181852,135166.533597872,0.014672742145187,0.0158998351061884
10,rf_var,Plain RF,2011-2040SSP245,2011-2040,SSP245,12393866,8501128.01140083,3,Top-3,377949,280629.965374406,0.0304948431748415,0.0330109092579307
10,rf_var,Plain RF,2011-2040SSP245,2011-2040,SSP245,12393866,8501128.01140083,5,Top-5,481229,356301.914231678,0.03882799765626,0.0419123101962284
11,rf_var,Plain RF,2011-2040SSP245,2011-2040,SSP245,12393866,8501128.01140083,1,Top-1,63145,37502.828881427,0.0050948590213901,0.00441151207594241
11,rf_var,Plain RF,2011-2040SSP245,2011-2040,SSP245,12393866,8501128.01140083,3,Top-3,320592,193222.398107134,0.0258669893639321,0.0227290305295961
11,rf_var,Plain RF,2011-2040SSP245,2011-2040,SSP245,12393866,8501128.01140083,5,Top-5,442947,270674.674724959,0.0357392116390479,0.0318398540007818
12,rf_var,Plain RF,2011-2040SSP245,2011-2040,SSP245,12393866,8501128.01140083,1,Top-1,409162,248607.492213051,0.0330132664012988,0.0292440593624334
12,rf_var,Plain RF,2011-2040SSP245,2011-2040,SSP245,12393866,8501128.01140083,3,Top-3,869376,530213.853259477,0.0701456672195746,0.0623698234573587
12,rf_var,Plain RF,2011-2040SSP245,2011-2040,SSP245,12393866,8501128.01140083,5,Top-5,992840,606292.684859484,0.0801073692421719,0.0713190866019647
13,rf_var,Plain RF,2011-2040SSP245,2011-2040,SSP245,12393866,8501128.01140083,1,Top-1,453138,285482.257353644,0.0365614732320004,0.033581691390929
13,rf_var,Plain RF,2011-2040SSP245,2011-2040,SSP245,12393866,8501128.01140083,3,Top-3,1029265,655935.566290367,0.0830463230762702,0.0771586506415024
13,rf_var,Plain RF,2011-2040SSP245,2011-2040,SSP245,12393866,8501128.01140083,5,Top-5,1189773,759363.983917309,0.0959969229940036,0.0893250852003321
14,rf_var,Plain RF,2011-2040SSP245,2011-2040,SSP245,12393866,8501128.01140083,1,Top-1,50385,31113.4659132719,0.00406531747236899,0.00365992205640778
14,rf_var,Plain RF,2011-2040SSP245,2011-2040,SSP245,12393866,8501128.01140083,3,Top-3,146783,92128.8980000752,0.0118431972719408,0.0108372557002461
14,rf_var,Plain RF,2011-2040SSP245,2011-2040,SSP245,12393866,8501128.01140083,5,Top-5,185927,116623.774864589,0.0150015338232639,0.0137186235412743
15,rf_var,Plain RF,2011-2040SSP245,2011-2040,SSP245,12393866,8501128.01140083,1,Top-1,278994,176713.44136,0.0225106516400936,0.0207870580378286
15,rf_var,Plain RF,2011-2040SSP245,2011-2040,SSP245,12393866,8501128.01140083,3,Top-3,1160830,739621.898886518,0.0936616548863769,0.087002795146081
15,rf_var,Plain RF,2011-2040SSP245,2011-2040,SSP245,12393866,8501128.01140083,5,Top-5,1298495,826314.457466584,0.104769165650169,0.0972005663670064
16,rf_var,Plain RF,2011-2040SSP245,2011-2040,SSP245,12393866,8501128.01140083,1,Top-1,723950,514191.032338815,0.0584119595935602,0.0604850358269203
16,rf_var,Plain RF,2011-2040SSP245,2011-2040,SSP245,12393866,8501128.01140083,3,Top-3,1544182,1101907.37872476,0.124592439518065,0.129618960830492
16,rf_var,Plain RF,2011-2040SSP245,2011-2040,SSP245,12393866,8501128.01140083,5,Top-5,1750896,1249349.85633802,0.141271173982355,0.146962833010222
17,rf_var,Plain RF,2011-2040SSP245,2011-2040,SSP245,12393866,8501128.01140083,1,Top-1,2280,1349.97523095145,0.000183961969574304,0.00015879954155978
17,rf_var,Plain RF,2011-2040SSP245,2011-2040,SSP245,12393866,8501128.01140083,3,Top-3,9410,5557.65558282075,0.000759246549865877,0.000653755075252061
17,rf_var,Plain RF,2011-2040SSP245,2011-2040,SSP245,12393866,8501128.01140083,5,Top-5,11856,7047.46369799391,0.00095660224178638,0.000829003361500095
18,rf_var,Plain RF,2011-2040SSP245,2011-2040,SSP245,12393866,8501128.01140083,1,Top-1,201169,141821.970500442,0.016231335726883,0.0166827237879779
18,rf_var,Plain RF,2011-2040SSP245,2011-2040,SSP245,12393866,8501128.01140083,3,Top-3,885493,628872.086621095,0.0714460685632716,0.0739751343324929
18,rf_var,Plain RF,2011-2040SSP245,2011-2040,SSP245,12393866,8501128.01140083,5,Top-5,1193092,846661.475568561,0.0962647167558533,0.0995940155745339
19,rf_var,Plain RF,2011-2040SSP245,2011-2040,SSP245,12393866,8501128.01140083,1,Top-1,537634,354977.160709209,0.0433790392763646,0.0417564775207655
19,rf_var,Plain RF,2011-2040SSP245,2011-2040,SSP245,12393866,8501128.01140083,3,Top-3,895495,590775.001230921,0.0722530806771672,0.0694937190027765
19,rf_var,Plain RF,2011-2040SSP245,2011-2040,SSP245,12393866,8501128.01140083,5,Top-5,934716,615816.702409577,0.0754176299792171,0.0724394105798322
20,rf_var,Plain RF,2011-2040SSP245,2011-2040,SSP245,12393866,8501128.01140083,1,Top-1,221646,157711.255256836,0.0178835239948536,0.0185518033660156
20,rf_var,Plain RF,2011-2040SSP245,2011-2040,SSP245,12393866,8501128.01140083,3,Top-3,745079,528037.025935894,0.0601167545300232,0.0621137601066289
20,rf_var,Plain RF,2011-2040SSP245,2011-2040,SSP245,12393866,8501128.01140083,5,Top-5,912109,647591.464980178,0.0735935825028284,0.0761771219197847
21,rf_var,Plain RF,2011-2040SSP245,2011-2040,SSP245,12393866,8501128.01140083,1,Top-1,879415,662329.284365043,0.0709556646812222,0.0779107529585245
21,rf_var,Plain RF,2011-2040SSP245,2011-2040,SSP245,12393866,8501128.01140083,3,Top-3,1415339,1072429.06279155,0.114196732480406,0.126151383834394
21,rf_var,Plain RF,2011-2040SSP245,2011-2040,SSP245,12393866,8501128.01140083,5,Top-5,1770822,1346573.32601556,0.142878904774346,0.158399370555257
22,rf_var,Plain RF,2011-2040SSP245,2011-2040,SSP245,12393866,8501128.01140083,1,Top-1,18719,12704.6451866615,0.00151034390721991,0.00149446581319836
22,rf_var,Plain RF,2011-2040SSP245,2011-2040,SSP245,12393866,8501128.01140083,3,Top-3,165459,112093.574562525,0.0133500717209626,0.0131857295187411
22,rf_var,Plain RF,2011-2040SSP245,2011-2040,SSP245,12393866,8501128.01140083,5,Top-5,279530,190324.975118175,0.0225538988399584,0.0223882024671234
23,rf_var,Plain RF,2011-2040SSP245,2011-2040,SSP245,12393866,8501128.01140083,1,Top-1,676474,442157.296174463,0.0545813550025472,0.0520116031168437
23,rf_var,Plain RF,2011-2040SSP245,2011-2040,SSP245,12393866,8501128.01140083,3,Top-3,1465299,954712.67411858,0.118227758796166,0.112304234548429
23,rf_var,Plain RF,2011-2040SSP245,2011-2040,SSP245,12393866,8501128.01140083,5,Top-5,1539510,1001987.76200307,0.124215478850586,0.117865271603875
24,rf_var,Plain RF,2011-2040SSP245,2011-2040,SSP245,12393866,8501128.01140083,1,Top-1,685545,442910.190550658,0.0553132493122001,0.0521001671727179
24,rf_var,Plain RF,2011-2040SSP245,2011-2040,SSP245,12393866,8501128.01140083,3,Top-3,1453118,937360.18886713,0.117244933905208,0.110263036577033
24,rf_var,Plain RF,2011-2040SSP245,2011-2040,SSP245,12393866,8501128.01140083,5,Top-5,1513304,976492.400155888,0.122101045791523,0.114866215265353
25,rf_var,Plain RF,2011-2040SSP245,2011-2040,SSP245,12393866,8501128.01140083,1,Top-1,277255,184574.926928195,0.022370340295756,0.0217118159708526
25,rf_var,Plain RF,2011-2040SSP245,2011-2040,SSP245,12393866,8501128.01140083,3,Top-3,773144,517064.457702886,0.062381181142349,0.0608230410140223
25,rf_var,Plain RF,2011-2040SSP245,2011-2040,SSP245,12393866,8501128.01140083,5,Top-5,911075,608778.34500179,0.073510154135925,0.0716114784044376
26,rf_var,Plain RF,2011-2040SSP245,2011-2040,SSP245,12393866,8501128.01140083,1,Top-1,37300,28104.4961312256,0.00300955327417611,0.00330597258311306
26,rf_var,Plain RF,2011-2040SSP245,2011-2040,SSP245,12393866,8501128.01140083,3,Top-3,199642,151675.47403647,0.0161081296183128,0.0178418056795591
26,rf_var,Plain RF,2011-2040SSP245,2011-2040,SSP245,12393866,8501128.01140083,5,Top-5,365938,278119.65747155,0.029525734746527,0.0327156181036875
27,rf_var,Plain RF,2011-2040SSP245,2011-2040,SSP245,12393866,8501128.01140083,1,Top-1,957439,634751.89905656,0.0772510369242333,0.074666785184895
27,rf_var,Plain RF,2011-2040SSP245,2011-2040,SSP245,12393866,8501128.01140083,3,Top-3,1418531,938567.865793755,0.11445427923781,0.110405097362967
27,rf_var,Plain RF,2011-2040SSP245,2011-2040,SSP245,12393866,8501128.01140083,5,Top-5,1546652,1023244.44377055,0.12479173165177,0.120365725865824
28,rf_var,Plain RF,2011-2040SSP245,2011-2040,SSP245,12393866,8501128.01140083,1,Top-1,82059,60364.6992315857,0.00662093651811307,0.00710078699563527
28,rf_var,Plain RF,2011-2040SSP245,2011-2040,SSP245,12393866,8501128.01140083,3,Top-3,298740,220629.208744042,0.0241038591186963,0.0259529333575681
28,rf_var,Plain RF,2011-2040SSP245,2011-2040,SSP245,12393866,8501128.01140083,5,Top-5,523156,387703.169076858,0.0422108807695678,0.0456060852814957
29,rf_var,Plain RF,2011-2040SSP245,2011-2040,SSP245,12393866,8501128.01140083,1,Top-1,153237,93471.1531931926,0.0123639387419551,0.0109951471225747
29,rf_var,Plain RF,2011-2040SSP245,2011-2040,SSP245,12393866,8501128.01140083,3,Top-3,339507,210233.458906059,0.0273931475457295,0.0247300662481633
29,rf_var,Plain RF,2011-2040SSP245,2011-2040,SSP245,12393866,8501128.01140083,5,Top-5,369503,229437.988218087,0.0298133770366728,0.0269891228446846
30,rf_var,Plain RF,2011-2040SSP245,2011-2040,SSP245,12393866,8501128.01140083,1,Top-1,329585,251602.215291725,0.0265925902377838,0.0295963329753771
30,rf_var,Plain RF,2011-2040SSP245,2011-2040,SSP245,12393866,8501128.01140083,3,Top-3,1096082,832162.420398588,0.0884374576907641,0.0978884707161894
30,rf_var,Plain RF,2011-2040SSP245,2011-2040,SSP245,12393866,8501128.01140083,5,Top-5,1547685,1176946.56512753,0.124875079333599,0.138445929004848
31,rf_var,Plain RF,2011-2040SSP245,2011-2040,SSP245,12393866,8501128.01140083,1,Top-1,828120,588372.131354639,0.0668169237911722,0.0692110659391995
31,rf_var,Plain RF,2011-2040SSP245,2011-2040,SSP245,12393866,8501128.01140083,3,Top-3,1437440,1017871.53941899,0.115979953309161,0.119733703345477
31,rf_var,Plain RF,2011-2040SSP245,2011-2040,SSP245,12393866,8501128.01140083,5,Top-5,1560903,1102914.63368721,0.125941574646684,0.129737445690512
32,rf_var,Plain RF,2011-2040SSP245,2011-2040,SSP245,12393866,8501128.01140083,1,Top-1,101272,66097.3695462477,0.00817113885207408,0.00777512930726426
32,rf_var,Plain RF,2011-2040SSP245,2011-2040,SSP245,12393866,8501128.01140083,3,Top-3,500394,327371.555084531,0.040374327106651,0.0385091901504711
32,rf_var,Plain RF,2011-2040SSP245,2011-2040,SSP245,12393866,8501128.01140083,5,Top-5,594468,388804.057217538,0.047964694793376,0.0457355843478788
33,rf_var,Plain RF,2011-2040SSP245,2011-2040,SSP245,12393866,8501128.01140083,1,Top-1,482094,327839.49572942,0.0388977902455941,0.0385642346862388
33,rf_var,Plain RF,2011-2040SSP245,2011-2040,SSP245,12393866,8501128.01140083,3,Top-3,864314,582779.649615205,0.0697372393730899,0.068553214212707
33,rf_var,Plain RF,2011-2040SSP245,2011-2040,SSP245,12393866,8501128.01140083,5,Top-5,999192,672039.053099553,0.0806198808346,0.0790529271172348
34,rf_var,Plain RF,2011-2040SSP245,2011-2040,SSP245,12393866,8501128.01140083,1,Top-1,18578,14021.4105389599,0.00149896731173308,0.00164935882863496
34,rf_var,Plain RF,2011-2040SSP245,2011-2040,SSP245,12393866,8501128.01140083,3,Top-3,77718,58166.6190463032,0.00627068261025252,0.00684222364000355
34,rf_var,Plain RF,2011-2040SSP245,2011-2040,SSP245,12393866,8501128.01140083,5,Top-5,157498,117580.27200364,0.0127077378438657,0.013831137685017
35,rf_var,Plain RF,2011-2040SSP245,2011-2040,SSP245,12393866,8501128.01140083,1,Top-1,4343,2853.7789375141,0.000350415278009299,0.000335694149492504
35,rf_var,Plain RF,2011-2040SSP245,2011-2040,SSP245,12393866,8501128.01140083,3,Top-3,79876,51950.3872123079,0.00644480100075312,0.00611099928652262
35,rf_var,Plain RF,2011-2040SSP245,2011-2040,SSP245,12393866,8501128.01140083,5,Top-5,119853,77820.5920691049,0.00967034821903028,0.00915414895114389
36,rf_var,Plain RF,2011-2040SSP245,2011-2040,SSP245,12393866,8501128.01140083,1,Top-1,72761,53400.800103395,0.00587072669657716,0.00628161345550607
36,rf_var,Plain RF,2011-2040SSP245,2011-2040,SSP245,12393866,8501128.01140083,3,Top-3,192269,141561.305160844,0.0155132385649482,0.0166520613465644
36,rf_var,Plain RF,2011-2040SSP245,2011-2040,SSP245,12393866,8501128.01140083,5,Top-5,329288,243878.97303644,0.0265686267706945,0.028687836803466
37,rf_var,Plain RF,2011-2040SSP245,2011-2040,SSP245,12393866,8501128.01140083,1,Top-1,113088,78497.3854853803,0.00912451369088548,0.00923376114088716
37,rf_var,Plain RF,2011-2040SSP245,2011-2040,SSP245,12393866,8501128.01140083,3,Top-3,242511,165419.734453915,0.0195670180716816,0.0194585629380091
37,rf_var,Plain RF,2011-2040SSP245,2011-2040,SSP245,12393866,8501128.01140083,5,Top-5,441127,299319.317301522,0.035592364803686,0.0352093647925435
38,rf_var,Plain RF,2011-2040SSP245,2011-2040,SSP245,12393866,8501128.01140083,1,Top-1,6404,4107.87105183107,0.000516707216295545,0.00048321482117691
38,rf_var,Plain RF,2011-2040SSP245,2011-2040,SSP245,12393866,8501128.01140083,3,Top-3,31323,19958.1594235209,0.00252729858463856,0.00234770719800421
38,rf_var,Plain RF,2011-2040SSP245,2011-2040,SSP245,12393866,8501128.01140083,5,Top-5,38521,24615.9012884483,0.00310806974998761,0.00289560411929287
39,rf_var,Plain RF,2011-2040SSP245,2011-2040,SSP245,12393866,8501128.01140083,1,Top-1,78518,58586.5644107509,0.00633523066975228,0.00689162242142228
39,rf_var,Plain RF,2011-2040SSP245,2011-2040,SSP245,12393866,8501128.01140083,3,Top-3,222993,166238.239637743,0.0179922067900363,0.019554844888208
39,rf_var,Plain RF,2011-2040SSP245,2011-2040,SSP245,12393866,8501128.01140083,5,Top-5,322461,239901.294912729,0.0260177897679384,0.0282199367649797
40,rf_var,Plain RF,2011-2040SSP245,2011-2040,SSP245,12393866,8501128.01140083,1,Top-1,315335,243293.812198523,0.0254428279279444,0.0286190034866247
40,rf_var,Plain RF,2011-2040SSP245,2011-2040,SSP245,12393866,8501128.01140083,3,Top-3,1366156,1044769.97114186,0.110228398467435,0.122897804825516
40,rf_var,Plain RF,2011-2040SSP245,2011-2040,SSP245,12393866,8501128.01140083,5,Top-5,1848130,1414373.1551025,0.149116506504105,0.166374762643933
41,rf_var,Plain RF,2011-2040SSP245,2011-2040,SSP245,12393866,8501128.01140083,1,Top-1,117944,79832.9670636272,0.00951632041204899,0.00939086753623325
41,rf_var,Plain RF,2011-2040SSP245,2011-2040,SSP245,12393866,8501128.01140083,3,Top-3,494378,335538.084768089,0.0398889256992128,0.0394698308645747
41,rf_var,Plain RF,2011-2040SSP245,2011-2040,SSP245,12393866,8501128.01140083,5,Top-5,586174,398280.644741067,0.0472954927865123,0.0468503290630296
42,rf_var,Plain RF,2011-2040SSP245,2011-2040,SSP245,12393866,8501128.01140083,1,Top-1,145463,100144.903694504,0.0117366929737662,0.0117801900595074
42,rf_var,Plain RF,2011-2040SSP245,2011-2040,SSP245,12393866,8501128.01140083,3,Top-3,435992,302371.381732572,0.0351780469467719,0.0355683835518137
42,rf_var,Plain RF,2011-2040SSP245,2011-2040,SSP245,12393866,8501128.01140083,5,Top-5,462002,320309.050213775,0.0372766657312577,0.0376784174740352
43,rf_var,Plain RF,2011-2040SSP245,2011-2040,SSP245,12393866,8501128.01140083,1,Top-1,4308,2980.95599700274,0.000347591300406185,0.000350654171188222
43,rf_var,Plain RF,2011-2040SSP245,2011-2040,SSP245,12393866,8501128.01140083,3,Top-3,19795,13891.4703010274,0.00159716104724708,0.00163407377025702
43,rf_var,Plain RF,2011-2040SSP245,2011-2040,SSP245,12393866,8501128.01140083,5,Top-5,42657,30217.5733961696,0.00344178321760135,0.00355453692211726
44,rf_var,Plain RF,2011-2040SSP245,2011-2040,SSP245,12393866,8501128.01140083,1,Top-1,312918,239106.129408522,0.0252478121031807,0.028126400295097
44,rf_var,Plain RF,2011-2040SSP245,2011-2040,SSP245,12393866,8501128.01140083,3,Top-3,1291552,988773.634298556,0.104208969178786,0.116310874624228
44,rf_var,Plain RF,2011-2040SSP245,2011-2040,SSP245,12393866,8501128.01140083,5,Top-5,1877657,1437288.44256195,0.151498894695166,0.169070321095555
45,rf_var,Plain RF,2011-2040SSP245,2011-2040,SSP245,12393866,8501128.01140083,1,Top-1,94341,69896.3751679295,0.00761191060158307,0.00822201184056889
45,rf_var,Plain RF,2011-2040SSP245,2011-2040,SSP245,12393866,8501128.01140083,3,Top-3,319622,236292.913490992,0.0257887248417887,0.0277954776323918
45,rf_var,Plain RF,2011-2040SSP245,2011-2040,SSP245,12393866,8501128.01140083,5,Top-5,454936,335685.927930678,0.0367065449957261,0.0394872218699084
46,rf_var,Plain RF,2011-2040SSP245,2011-2040,SSP245,12393866,8501128.01140083,1,Top-1,207773,153314.820150821,0.0167641799580534,0.0180346443372234
46,rf_var,Plain RF,2011-2040SSP245,2011-2040,SSP245,12393866,8501128.01140083,3,Top-3,698231,512523.944836461,0.0563368201657175,0.0602889339096079
46,rf_var,Plain RF,2011-2040SSP245,2011-2040,SSP245,12393866,8501128.01140083,5,Top-5,868113,636701.585703096,0.0700437619706394,0.0748961296488205
47,rf_var,Plain RF,2011-2040SSP245,2011-2040,SSP245,12393866,8501128.01140083,1,Top-1,403797,301309.735152502,0.0325803909772786,0.0354435005270379
47,rf_var,Plain RF,2011-2040SSP245,2011-2040,SSP245,12393866,8501128.01140083,3,Top-3,881437,663463.586707004,0.0711188099016078,0.0780441825857974
47,rf_var,Plain RF,2011-2040SSP245,2011-2040,SSP245,12393866,8501128.01140083,5,Top-5,1070360,806518.387589247,0.0863620762076982,0.094871925997071
48,rf_var,Plain RF,2011-2040SSP245,2011-2040,SSP245,12393866,8501128.01140083,1,Top-1,1651,1233.20675583811,0.000133211057792621,0.000145063896718678
48,rf_var,Plain RF,2011-2040SSP245,2011-2040,SSP245,12393866,8501128.01140083,3,Top-3,63868,47733.0863645662,0.005153194330163,0.00561491207996768
48,rf_var,Plain RF,2011-2040SSP245,2011-2040,SSP245,12393866,8501128.01140083,5,Top-5,80926,60728.3750789625,0.00652952032884654,0.00714356671226688
49,rf_var,Plain RF,2011-2040SSP245,2011-2040,SSP245,12393866,8501128.01140083,1,Top-1,160802,123299.244527156,0.0129743213295997,0.0145038687056353
49,rf_var,Plain RF,2011-2040SSP245,2011-2040,SSP245,12393866,8501128.01140083,3,Top-3,564358,432222.659246506,0.045535267203954,0.0508429773868661
49,rf_var,Plain RF,2011-2040SSP245,2011-2040,SSP245,12393866,8501128.01140083,5,Top-5,926943,710480.614431934,0.0747904648961026,0.083574863650931
50,rf_var,Plain RF,2011-2040SSP245,2011-2040,SSP245,12393866,8501128.01140083,1,Top-1,19375,15026.041429612,0.00156327331600971,0.00176753501528981
50,rf_var,Plain RF,2011-2040SSP245,2011-2040,SSP245,12393866,8501128.01140083,3,Top-3,70510,54872.2173010376,0.00568910459415972,0.00645469839148977
50,rf_var,Plain RF,2011-2040SSP245,2011-2040,SSP245,12393866,8501128.01140083,5,Top-5,105708,82230.5381726272,0.00852905784200023,0.00967289729814068
52,rf_var,Plain RF,2011-2040SSP245,2011-2040,SSP245,12393866,8501128.01140083,1,Top-1,43095,33280.8903068944,0.00347712328017747,0.00391487932686833
52,rf_var,Plain RF,2011-2040SSP245,2011-2040,SSP245,12393866,8501128.01140083,3,Top-3,79365,61536.8014674742,0.00640357092774765,0.00723866307917578
52,rf_var,Plain RF,2011-2040SSP245,2011-2040,SSP245,12393866,8501128.01140083,5,Top-5,107649,83876.1778033889,0.00868566757136151,0.00986647627125517
53,rf_var,Plain RF,2011-2040SSP245,2011-2040,SSP245,12393866,8501128.01140083,1,Top-1,173913,137679.815701944,0.0140321833397263,0.016195476120028
53,rf_var,Plain RF,2011-2040SSP245,2011-2040,SSP245,12393866,8501128.01140083,3,Top-3,266695,210725.632423148,0.0215183059103592,0.0247879613317838
53,rf_var,Plain RF,2011-2040SSP245,2011-2040,SSP245,12393866,8501128.01140083,5,Top-5,300188,237065.684903649,0.0242206911063909,0.0278863798528526
54,rf_var,Plain RF,2011-2040SSP245,2011-2040,SSP245,12393866,8501128.01140083,1,Top-1,2034,1604.06931923912,0.000164113441278129,0.0001886889971646
54,rf_var,Plain RF,2011-2040SSP245,2011-2040,SSP245,12393866,8501128.01140083,3,Top-3,18632,14693.4274706837,0.00150332430574931,0.00172840915358272
54,rf_var,Plain RF,2011-2040SSP245,2011-2040,SSP245,12393866,8501128.01140083,5,Top-5,37999,30018.4386986045,0.00306595214116402,0.00353111241923976
55,rf_var,Plain RF,2011-2040SSP245,2011-2040,SSP245,12393866,8501128.01140083,1,Top-1,16764,13338.1608787757,0.00135260458681738,0.00156898718157025
55,rf_var,Plain RF,2011-2040SSP245,2011-2040,SSP245,12393866,8501128.01140083,3,Top-3,53406,42458.830859182,0.00430906708205495,0.00499449376626732
55,rf_var,Plain RF,2011-2040SSP245,2011-2040,SSP245,12393866,8501128.01140083,5,Top-5,82304,65246.8815048088,0.00664070436133487,0.00767508516720445
1,rf_var,Plain RF,2041-2070SSP245,2041-2070,SSP245,12393866,8501128.01140083,1,Top-1,45726,32414.4008317941,0.00368940571085729,0.00381295291499237
1,rf_var,Plain RF,2041-2070SSP245,2041-2070,SSP245,12393866,8501128.01140083,3,Top-3,135109,95871.663797318,0.0109012797136906,0.0112775226615509
1,rf_var,Plain RF,2041-2070SSP245,2041-2070,SSP245,12393866,8501128.01140083,5,Top-5,196477,140678.695041712,0.0158527613579169,0.0165482386399838
2,rf_var,Plain RF,2041-2070SSP245,2041-2070,SSP245,12393866,8501128.01140083,1,Top-1,38730,23676.0911868362,0.00312493293053193,0.00278505289593149
2,rf_var,Plain RF,2041-2070SSP245,2041-2070,SSP245,12393866,8501128.01140083,3,Top-3,387044,226688.801754575,0.0312286739262793,0.0266657320593882
2,rf_var,Plain RF,2041-2070SSP245,2041-2070,SSP245,12393866,8501128.01140083,5,Top-5,497283,291878.721182389,0.0401233158402713,0.0343341166949787
3,rf_var,Plain RF,2041-2070SSP245,2041-2070,SSP245,12393866,8501128.01140083,1,Top-1,452763,271632.094911422,0.0365312163291099,0.0319524767239285
3,rf_var,Plain RF,2041-2070SSP245,2041-2070,SSP245,12393866,8501128.01140083,3,Top-3,978384,598883.210999804,0.0789409858070113,0.0704474994608531
3,rf_var,Plain RF,2041-2070SSP245,2041-2070,SSP245,12393866,8501128.01140083,5,Top-5,1197848,746828.28150673,0.0966484549695793,0.0878504923705609
4,rf_var,Plain RF,2041-2070SSP245,2041-2070,SSP245,12393866,8501128.01140083,1,Top-1,8599,5251.31849749265,0.000693810954548,0.000617720200242854
4,rf_var,Plain RF,2041-2070SSP245,2041-2070,SSP245,12393866,8501128.01140083,3,Top-3,175230,100225.769951592,0.0141384455826778,0.0117897024744457
4,rf_var,Plain RF,2041-2070SSP245,2041-2070,SSP245,12393866,8501128.01140083,5,Top-5,268092,153980.358889567,0.0216310229592607,0.0181129326229489
5,rf_var,Plain RF,2041-2070SSP245,2041-2070,SSP245,12393866,8501128.01140083,1,Top-1,227955,127970.031004655,0.0183925661290835,0.015053300083593
5,rf_var,Plain RF,2041-2070SSP245,2041-2070,SSP245,12393866,8501128.01140083,3,Top-3,638201,366431.60241107,0.0514932951510045,0.0431038800874013
5,rf_var,Plain RF,2041-2070SSP245,2041-2070,SSP245,12393866,8501128.01140083,5,Top-5,800748,476169.083396189,0.064608411935388,0.0560124589063476
6,rf_var,Plain RF,2041-2070SSP245,2041-2070,SSP245,12393866,8501128.01140083,1,Top-1,7265,4128.01602103883,0.000586177065332157,0.000485584503080387
6,rf_var,Plain RF,2041-2070SSP245,2041-2070,SSP245,12393866,8501128.01140083,3,Top-3,82084,45192.856609081,0.00662295364497244,0.00531610117486445
6,rf_var,Plain RF,2041-2070SSP245,2041-2070,SSP245,12393866,8501128.01140083,5,Top-5,109471,60192.9739655276,0.0088326757768722,0.00708058670388247
7,rf_var,Plain RF,2041-2070SSP245,2041-2070,SSP245,12393866,8501128.01140083,1,Top-1,256030,167241.286045414,0.0206577995921531,0.0196728346898349
7,rf_var,Plain RF,2041-2070SSP245,2041-2070,SSP245,12393866,8501128.01140083,3,Top-3,769095,506122.995540601,0.0620544872762058,0.0595359809735651
7,rf_var,Plain RF,2041-2070SSP245,2041-2070,SSP245,12393866,8501128.01140083,5,Top-5,1033666,683642.38542879,0.0834014180885932,0.0804178439040043
9,rf_var,Plain RF,2041-2070SSP245,2041-2070,SSP245,12393866,8501128.01140083,1,Top-1,3475,2194.28747818057,0.000280380633452064,0.000258117214002403
9,rf_var,Plain RF,2041-2070SSP245,2041-2070,SSP245,12393866,8501128.01140083,3,Top-3,20388,11906.5705641896,0.00164500729635128,0.00140058713952098
9,rf_var,Plain RF,2041-2070SSP245,2041-2070,SSP245,12393866,8501128.01140083,5,Top-5,27211,15713.9221447039,0.00219552155880982,0.00184845142005038
10,rf_var,Plain RF,2041-2070SSP245,2041-2070,SSP245,12393866,8501128.01140083,1,Top-1,206025,152756.621912314,0.0166231424480465,0.0179689826700001
10,rf_var,Plain RF,2041-2070SSP245,2041-2070,SSP245,12393866,8501128.01140083,3,Top-3,398220,295086.54068641,0.0321304103174909,0.0347114571490596
10,rf_var,Plain RF,2041-2070SSP245,2041-2070,SSP245,12393866,8501128.01140083,5,Top-5,479956,354946.680798945,0.038725285556581,0.0417528921247777
11,rf_var,Plain RF,2041-2070SSP245,2041-2070,SSP245,12393866,8501128.01140083,1,Top-1,83323,48527.3739594536,0.00672292245212269,0.00570834528010561
11,rf_var,Plain RF,2041-2070SSP245,2041-2070,SSP245,12393866,8501128.01140083,3,Top-3,237874,142485.105316689,0.0191928813818061,0.0167607292968183
11,rf_var,Plain RF,2041-2070SSP245,2041-2070,SSP245,12393866,8501128.01140083,5,Top-5,326848,199167.462370113,0.0263717551892202,0.0234283570489716
12,rf_var,Plain RF,2041-2070SSP245,2041-2070,SSP245,12393866,8501128.01140083,1,Top-1,477125,289552.167969255,0.0384968661110262,0.0340604408710159
12,rf_var,Plain RF,2041-2070SSP245,2041-2070,SSP245,12393866,8501128.01140083,3,Top-3,863752,523886.941853303,0.0696918943612913,0.0616255797055073
12,rf_var,Plain RF,2041-2070SSP245,2041-2070,SSP245,12393866,8501128.01140083,5,Top-5,942039,572151.21801267,0.076008486778863,0.0673029764103493
13,rf_var,Plain RF,2041-2070SSP245,2041-2070,SSP245,12393866,8501128.01140083,1,Top-1,360286,224441.07167762,0.0290697027061613,0.0264013283150922
13,rf_var,Plain RF,2041-2070SSP245,2041-2070,SSP245,12393866,8501128.01140083,3,Top-3,812387,513146.326760039,0.0655475055160351,0.060362145596662
13,rf_var,Plain RF,2041-2070SSP245,2041-2070,SSP245,12393866,8501128.01140083,5,Top-5,916465,579844.988612415,0.0739450466868046,0.0682080057887362
14,rf_var,Plain RF,2041-2070SSP245,2041-2070,SSP245,12393866,8501128.01140083,1,Top-1,26809,17062.3563961657,0.00216308615891119,0.00200706969396102
14,rf_var,Plain RF,2041-2070SSP245,2041-2070,SSP245,12393866,8501128.01140083,3,Top-3,118652,74491.7374160313,0.00957344544470628,0.00876257095718718
14,rf_var,Plain RF,2041-2070SSP245,2041-2070,SSP245,12393866,8501128.01140083,5,Top-5,146785,92254.6720591121,0.0118433586420896,0.0108520506849667
15,rf_var,Plain RF,2041-2070SSP245,2041-2070,SSP245,12393866,8501128.01140083,1,Top-1,272333,173725.278402765,0.0219732083596837,0.0204355561014706
15,rf_var,Plain RF,2041-2070SSP245,2041-2070,SSP245,12393866,8501128.01140083,3,Top-3,1053611,673074.46464522,0.0850106818969965,0.079174724076918
15,rf_var,Plain RF,2041-2070SSP245,2041-2070,SSP245,12393866,8501128.01140083,5,Top-5,1132482,722291.304509366,0.091374394398003,0.0849641722299327
16,rf_var,Plain RF,2041-2070SSP245,2041-2070,SSP245,12393866,8501128.01140083,1,Top-1,649946,462415.252272689,0.0524409413495353,0.0543945758318833
16,rf_var,Plain RF,2041-2070SSP245,2041-2070,SSP245,12393866,8501128.01140083,3,Top-3,1492850,1066778.72456719,0.120450713280263,0.125486726365788
16,rf_var,Plain RF,2041-2070SSP245,2041-2070,SSP245,12393866,8501128.01140083,5,Top-5,1717258,1227931.92367129,0.138557089450539,0.144443410571458
17,rf_var,Plain RF,2041-2070SSP245,2041-2070,SSP245,12393866,8501128.01140083,1,Top-1,909,561.270542950914,7.33427326065975e-05,6.60230668445642e-05
17,rf_var,Plain RF,2041-2070SSP245,2041-2070,SSP245,12393866,8501128.01140083,3,Top-3,2352,1424.83589297308,0.000189771294929282,0.000167605509652629
17,rf_var,Plain RF,2041-2070SSP245,2041-2070,SSP245,12393866,8501128.01140083,5,Top-5,2895,1774.01643921229,0.000233583290314741,0.000208680123018165
18,rf_var,Plain RF,2041-2070SSP245,2041-2070,SSP245,12393866,8501128.01140083,1,Top-1,243632,171528.327390671,0.0196574660400556,0.0201771255721164
18,rf_var,Plain RF,2041-2070SSP245,2041-2070,SSP245,12393866,8501128.01140083,3,Top-3,1030558,731170.117994375,0.0831506488774366,0.0860085999191878
18,rf_var,Plain RF,2041-2070SSP245,2041-2070,SSP245,12393866,8501128.01140083,5,Top-5,1356141,963005.356239943,0.109420337447573,0.113279714756496
19,rf_var,Plain RF,2041-2070SSP245,2041-2070,SSP245,12393866,8501128.01140083,1,Top-1,590259,389154.237002671,0.0476250913153329,0.0457767765031627
19,rf_var,Plain RF,2041-2070SSP245,2041-2070,SSP245,12393866,8501128.01140083,3,Top-3,971626,639100.280523423,0.0783957160743871,0.0751782915945187
19,rf_var,Plain RF,2041-2070SSP245,2041-2070,SSP245,12393866,8501128.01140083,5,Top-5,993308,653145.580042285,0.0801451298569793,0.0768304605184575
20,rf_var,Plain RF,2041-2070SSP245,2041-2070,SSP245,12393866,8501128.01140083,1,Top-1,154930,111115.376521069,0.0125005385728715,0.0130706626664194
20,rf_var,Plain RF,2041-2070SSP245,2041-2070,SSP245,12393866,8501128.01140083,3,Top-3,565214,403049.818243382,0.0456043336276187,0.0474113338492084
20,rf_var,Plain RF,2041-2070SSP245,2041-2070,SSP245,12393866,8501128.01140083,5,Top-5,714638,510168.636965998,0.0576606201809831,0.0600118756336586
21,rf_var,Plain RF,2041-2070SSP245,2041-2070,SSP245,12393866,8501128.01140083,1,Top-1,1253138,940049.851563539,0.101109532731756,0.110579425495398
21,rf_var,Plain RF,2041-2070SSP245,2041-2070,SSP245,12393866,8501128.01140083,3,Top-3,1706967,1289866.40460994,0.137726759350149,0.15172885326278
21,rf_var,Plain RF,2041-2070SSP245,2041-2070,SSP245,12393866,8501128.01140083,5,Top-5,2024923,1535302.60476131,0.16338106285803,0.180599868947076
22,rf_var,Plain RF,2041-2070SSP245,2041-2070,SSP245,12393866,8501128.01140083,1,Top-1,8301,5689.08613520173,0.000669766802384341,0.000669215441476957
22,rf_var,Plain RF,2041-2070SSP245,2041-2070,SSP245,12393866,8501128.01140083,3,Top-3,105188,71266.2907455676,0.00848710160332539,0.00838315699398864
22,rf_var,Plain RF,2041-2070SSP245,2041-2070,SSP245,12393866,8501128.01140083,5,Top-5,181248,123684.089155631,0.0146240083602647,0.0145491385366459
23,rf_var,Plain RF,2041-2070SSP245,2041-2070,SSP245,12393866,8501128.01140083,1,Top-1,533641,346701.469220084,0.0430568637743865,0.0407829959453762
23,rf_var,Plain RF,2041-2070SSP245,2041-2070,SSP245,12393866,8501128.01140083,3,Top-3,1125289,731168.549798286,0.0907940266580258,0.0860084154500107
23,rf_var,Plain RF,2041-2070SSP245,2041-2070,SSP245,12393866,8501128.01140083,5,Top-5,1190795,772846.793595519,0.0960793831400146,0.0909110876296719
24,rf_var,Plain RF,2041-2070SSP245,2041-2070,SSP245,12393866,8501128.01140083,1,Top-1,772229,499196.317865466,0.0623073542992961,0.058721185846866
24,rf_var,Plain RF,2041-2070SSP245,2041-2070,SSP245,12393866,8501128.01140083,3,Top-3,1319735,850018.9620678,0.106482916629888,0.099988961574022
24,rf_var,Plain RF,2041-2070SSP245,2041-2070,SSP245,12393866,8501128.01140083,5,Top-5,1359379,875781.51651782,0.109681595718398,0.103019448165386
25,rf_var,Plain RF,2041-2070SSP245,2041-2070,SSP245,12393866,8501128.01140083,1,Top-1,306424,206260.245985274,0.0247238432301915,0.024262691457964
25,rf_var,Plain RF,2041-2070SSP245,2041-2070,SSP245,12393866,8501128.01140083,3,Top-3,838567,567053.395743341,0.0676598407631646,0.066703312193731
25,rf_var,Plain RF,2041-2070SSP245,2041-2070,SSP245,12393866,8501128.01140083,5,Top-5,960330,648682.69828919,0.0774842974742506,0.0763054852743359
26,rf_var,Plain RF,2041-2070SSP245,2041-2070,SSP245,12393866,8501128.01140083,1,Top-1,17691,13314.5371423852,0.00142739965076272,0.00156620828724484
26,rf_var,Plain RF,2041-2070SSP245,2041-2070,SSP245,12393866,8501128.01140083,3,Top-3,102229,77772.6180294878,0.00824835446825067,0.00914850569538386
26,rf_var,Plain RF,2041-2070SSP245,2041-2070,SSP245,12393866,8501128.01140083,5,Top-5,220398,167834.987483477,0.017782829022034,0.0197426726498406
27,rf_var,Plain RF,2041-2070SSP245,2041-2070,SSP245,12393866,8501128.01140083,1,Top-1,1039668,678891.625593275,0.0838856899049901,0.0798590051441192
27,rf_var,Plain RF,2041-2070SSP245,2041-2070,SSP245,12393866,8501128.01140083,3,Top-3,1526997,997000.99969489,0.123205866514936,0.117278671531333
27,rf_var,Plain RF,2041-2070SSP245,2041-2070,SSP245,12393866,8501128.01140083,5,Top-5,1635338,1068313.31027773,0.131947368157765,0.125667241905429
28,rf_var,Plain RF,2041-2070SSP245,2041-2070,SSP245,12393866,8501128.01140083,1,Top-1,67414,49002.2224662336,0.00543930360389567,0.00576420239767204
28,rf_var,Plain RF,2041-2070SSP245,2041-2070,SSP245,12393866,8501128.01140083,3,Top-3,254015,186328.744343816,0.0204952191672881,0.0219181200534718
28,rf_var,Plain RF,2041-2070SSP245,2041-2070,SSP245,12393866,8501128.01140083,5,Top-5,424688,313066.626362312,0.0342659828660403,0.0368264806673254
29,rf_var,Plain RF,2041-2070SSP245,2041-2070,SSP245,12393866,8501128.01140083,1,Top-1,130560,79405.4477515623,0.0105342433103601,0.00934057782038713
29,rf_var,Plain RF,2041-2070SSP245,2041-2070,SSP245,12393866,8501128.01140083,3,Top-3,239900,148103.538083144,0.0193563493424893,0.0174216336802038
29,rf_var,Plain RF,2041-2070SSP245,2041-2070,SSP245,12393866,8501128.01140083,5,Top-5,256820,159061.350114336,0.0207215408009091,0.0187106169794196
30,rf_var,Plain RF,2041-2070SSP245,2041-2070,SSP245,12393866,8501128.01140083,1,Top-1,215651,164845.396169835,0.0173998169739773,0.0193910026938498
30,rf_var,Plain RF,2041-2070SSP245,2041-2070,SSP245,12393866,8501128.01140083,3,Top-3,963281,729774.312412677,0.0777223991287303,0.0858444092870945
30,rf_var,Plain RF,2041-2070SSP245,2041-2070,SSP245,12393866,8501128.01140083,5,Top-5,1350546,1024799.35937329,0.108968904456446,0.120548632840128
31,rf_var,Plain RF,2041-2070SSP245,2041-2070,SSP245,12393866,8501128.01140083,1,Top-1,773164,547705.818189657,0.0623827948438365,0.0644274286253696
31,rf_var,Plain RF,2041-2070SSP245,2041-2070,SSP245,12393866,8501128.01140083,3,Top-3,1297213,918797.407389861,0.104665727384821,0.108079469707745
31,rf_var,Plain RF,2041-2070SSP245,2041-2070,SSP245,12393866,8501128.01140083,5,Top-5,1392303,985209.977469763,0.112338071107111,0.115891676510282
32,rf_var,Plain RF,2041-2070SSP245,2041-2070,SSP245,12393866,8501128.01140083,1,Top-1,70334,45470.0207597877,0.00567490402106978,0.00534870439532355
32,rf_var,Plain RF,2041-2070SSP245,2041-2070,SSP245,12393866,8501128.01140083,3,Top-3,403465,261806.200968385,0.0325536035325862,0.0307966425887574
32,rf_var,Plain RF,2041-2070SSP245,2041-2070,SSP245,12393866,8501128.01140083,5,Top-5,460708,299088.020188689,0.0371722592450168,0.0351821569781779
33,rf_var,Plain RF,2041-2070SSP245,2041-2070,SSP245,12393866,8501128.01140083,1,Top-1,508808,345045.514816102,0.0410532113224397,0.0405882036305491
33,rf_var,Plain RF,2041-2070SSP245,2041-2070,SSP245,12393866,8501128.01140083,3,Top-3,839411,565021.848910344,0.0677279389659369,0.0664643383975157
33,rf_var,Plain RF,2041-2070SSP245,2041-2070,SSP245,12393866,8501128.01140083,5,Top-5,940777,632230.786196299,0.0759066622150022,0.0743702230278636
34,rf_var,Plain RF,2041-2070SSP245,2041-2070,SSP245,12393866,8501128.01140083,1,Top-1,15851,11950.0615833797,0.00127893911391329,0.00140570305109551
34,rf_var,Plain RF,2041-2070SSP245,2041-2070,SSP245,12393866,8501128.01140083,3,Top-3,70781,52851.6560438007,0.00571097024931527,0.00621701684446129
34,rf_var,Plain RF,2041-2070SSP245,2041-2070,SSP245,12393866,8501128.01140083,5,Top-5,152237,113476.437024385,0.0122832536675804,0.0133483976329026
35,rf_var,Plain RF,2041-2070SSP245,2041-2070,SSP245,12393866,8501128.01140083,1,Top-1,786,530.909342977604,6.34184684585101e-05,6.24516349201663e-05
35,rf_var,Plain RF,2041-2070SSP245,2041-2070,SSP245,12393866,8501128.01140083,3,Top-3,42841,27452.1950734754,0.0034566292712863,0.00322924146497493
35,rf_var,Plain RF,2041-2070SSP245,2041-2070,SSP245,12393866,8501128.01140083,5,Top-5,57077,36590.5786288476,0.00460526199008445,0.00430420275753713
36,rf_var,Plain RF,2041-2070SSP245,2041-2070,SSP245,12393866,8501128.01140083,1,Top-1,66232,48337.0683932698,0.00534393384598478,0.00568595936073956
36,rf_var,Plain RF,2041-2070SSP245,2041-2070,SSP245,12393866,8501128.01140083,3,Top-3,164875,120611.16117154,0.0133029516375278,0.0141876655674152
36,rf_var,Plain RF,2041-2070SSP245,2041-2070,SSP245,12393866,8501128.01140083,5,Top-5,244391,179477.898694263,0.019718706011506,0.021112245157768
37,rf_var,Plain RF,2041-2070SSP245,2041-2070,SSP245,12393866,8501128.01140083,1,Top-1,67217,45524.375124387,0.00542340864424385,0.00535509817795173
37,rf_var,Plain RF,2041-2070SSP245,2041-2070,SSP245,12393866,8501128.01140083,3,Top-3,195087,130307.545903337,0.0157406091045361,0.0153282653465025
37,rf_var,Plain RF,2041-2070SSP245,2041-2070,SSP245,12393866,8501128.01140083,5,Top-5,378187,252787.391124699,0.0305140462225427,0.0297357469250771
38,rf_var,Plain RF,2041-2070SSP245,2041-2070,SSP245,12393866,8501128.01140083,1,Top-1,1748,1105.00727011341,0.000141037510006966,0.000129983605544051
38,rf_var,Plain RF,2041-2070SSP245,2041-2070,SSP245,12393866,8501128.01140083,3,Top-3,13910,8702.15716449358,0.001122329384552,0.00102364735042493
38,rf_var,Plain RF,2041-2070SSP245,2041-2070,SSP245,12393866,8501128.01140083,5,Top-5,16667,10429.5157787401,0.00134477813460304,0.00122683904591875
39,rf_var,Plain RF,2041-2070SSP245,2041-2070,SSP245,12393866,8501128.01140083,1,Top-1,70283,52260.9493682925,0.00567078908227667,0.00614753116271224
39,rf_var,Plain RF,2041-2070SSP245,2041-2070,SSP245,12393866,8501128.01140083,3,Top-3,234720,174476.571339223,0.0189384006572283,0.0205239317776691
39,rf_var,Plain RF,2041-2070SSP245,2041-2070,SSP245,12393866,8501128.01140083,5,Top-5,339859,251817.647277787,0.0274215486919094,0.0296216745519037
40,rf_var,Plain RF,2041-2070SSP245,2041-2070,SSP245,12393866,8501128.01140083,1,Top-1,310165,239106.821290668,0.0250256860934272,0.0281264816821959
40,rf_var,Plain RF,2041-2070SSP245,2041-2070,SSP245,12393866,8501128.01140083,3,Top-3,1658497,1263406.84186507,0.133815953795208,0.148616376576229
40,rf_var,Plain RF,2041-2070SSP245,2041-2070,SSP245,12393866,8501128.01140083,5,Top-5,2062238,1574021.9177699,0.166391826408322,0.185154477812707
41,rf_var,Plain RF,2041-2070SSP245,2041-2070,SSP245,12393866,8501128.01140083,1,Top-1,96969,64857.4520818606,0.00782395097703977,0.00762927602017997
41,rf_var,Plain RF,2041-2070SSP245,2041-2070,SSP245,12393866,8501128.01140083,3,Top-3,434721,294095.644664852,0.0350754962172417,0.0345948966149482
41,rf_var,Plain RF,2041-2070SSP245,2041-2070,SSP245,12393866,8501128.01140083,5,Top-5,517830,351230.915795429,0.0417811520634482,0.0413158013059437
42,rf_var,Plain RF,2041-2070SSP245,2041-2070,SSP245,12393866,8501128.01140083,1,Top-1,73461,50408.46209146,0.00592720624863945,0.00592962040141701
42,rf_var,Plain RF,2041-2070SSP245,2041-2070,SSP245,12393866,8501128.01140083,3,Top-3,274768,190047.86913488,0.0221696765157861,0.0223556060889811
42,rf_var,Plain RF,2041-2070SSP245,2041-2070,SSP245,12393866,8501128.01140083,5,Top-5,301953,208810.020156111,0.0243631002626622,0.0245626250864681
43,rf_var,Plain RF,2041-2070SSP245,2041-2070,SSP245,12393866,8501128.01140083,1,Top-1,1214,841.276223761188,9.79516802908794e-05,9.89605406050769e-05
43,rf_var,Plain RF,2041-2070SSP245,2041-2070,SSP245,12393866,8501128.01140083,3,Top-3,7677,5350.91655674854,0.000619419315974531,0.000629436064199063
43,rf_var,Plain RF,2041-2070SSP245,2041-2070,SSP245,12393866,8501128.01140083,5,Top-5,19099,13484.6427056471,0.00154100423548229,0.00158621805101192
44,rf_var,Plain RF,2041-2070SSP245,2041-2070,SSP245,12393866,8501128.01140083,1,Top-1,304644,232491.076071638,0.0245802237978045,0.0273482619906258
44,rf_var,Plain RF,2041-2070SSP245,2041-2070,SSP245,12393866,8501128.01140083,3,Top-3,1309276,1001529.49933981,0.105639031437003,0.117811365503103
44,rf_var,Plain RF,2041-2070SSP245,2041-2070,SSP245,12393866,8501128.01140083,5,Top-5,1839085,1407274.10399882,0.148386710006385,0.165539690981189
45,rf_var,Plain RF,2041-2070SSP245,2041-2070,SSP245,12393866,8501128.01140083,1,Top-1,124536,92016.5331168196,0.010048196422327,0.0108240380562928
45,rf_var,Plain RF,2041-2070SSP245,2041-2070,SSP245,12393866,8501128.01140083,3,Top-3,372990,275338.932224043,0.0300947258910174,0.0323885173655527
45,rf_var,Plain RF,2041-2070SSP245,2041-2070,SSP245,12393866,8501128.01140083,5,Top-5,520872,383914.431742664,0.042026596059696,0.0451604106217196
46,rf_var,Plain RF,2041-2070SSP245,2041-2070,SSP245,12393866,8501128.01140083,1,Top-1,257322,189217.57951402,0.0207620447082452,0.0222579379183869
46,rf_var,Plain RF,2041-2070SSP245,2041-2070,SSP245,12393866,8501128.01140083,3,Top-3,785748,575254.254528925,0.0633981358197676,0.067667991089824
46,rf_var,Plain RF,2041-2070SSP245,2041-2070,SSP245,12393866,8501128.01140083,5,Top-5,944929,691332.794569758,0.0762416666438059,0.0813224778691268
47,rf_var,Plain RF,2041-2070SSP245,2041-2070,SSP245,12393866,8501128.01140083,1,Top-1,219565,163928.84206769,0.0177156183550798,0.0192831871073869
47,rf_var,Plain RF,2041-2070SSP245,2041-2070,SSP245,12393866,8501128.01140083,3,Top-3,664835,500669.23695142,0.0536422614219002,0.0588944474521469
47,rf_var,Plain RF,2041-2070SSP245,2041-2070,SSP245,12393866,8501128.01140083,5,Top-5,845995,638304.55300201,0.0682591694956199,0.0750846890137382
48,rf_var,Plain RF,2041-2070SSP245,2041-2070,SSP245,12393866,8501128.01140083,1,Top-1,579,432.073539740422,4.67166580629482e-05,5.08254362433985e-05
48,rf_var,Plain RF,2041-2070SSP245,2041-2070,SSP245,12393866,8501128.01140083,3,Top-3,48226,36196.1624533103,0.00389111839679403,0.00425780701158337
48,rf_var,Plain RF,2041-2070SSP245,2041-2070,SSP245,12393866,8501128.01140083,5,Top-5,65919,49594.7437130396,0.0053186794177055,0.00583390153007086
49,rf_var,Plain RF,2041-2070SSP245,2041-2070,SSP245,12393866,8501128.01140083,1,Top-1,178779,136730.239554994,0.0144247969116335,0.0160837761026097
49,rf_var,Plain RF,2041-2070SSP245,2041-2070,SSP245,12393866,8501128.01140083,3,Top-3,506912,387650.670347862,0.0409002324214252,0.045599909779971
49,rf_var,Plain RF,2041-2070SSP245,2041-2070,SSP245,12393866,8501128.01140083,5,Top-5,818970,627444.190280525,0.0660786553606437,0.0738071688179571
50,rf_var,Plain RF,2041-2070SSP245,2041-2070,SSP245,12393866,8501128.01140083,1,Top-1,22635,17582.9581157906,0.00182630665847121,0.00206830882821788
50,rf_var,Plain RF,2041-2070SSP245,2041-2070,SSP245,12393866,8501128.01140083,3,Top-3,73023,56746.4963972668,0.00589186618606333,0.0066751725560613
50,rf_var,Plain RF,2041-2070SSP245,2041-2070,SSP245,12393866,8501128.01140083,5,Top-5,108799,84494.78697043,0.00877845540689241,0.00993924416349388
52,rf_var,Plain RF,2041-2070SSP245,2041-2070,SSP245,12393866,8501128.01140083,1,Top-1,49959,38556.6225263329,0.00403094563068537,0.0045354713485816
52,rf_var,Plain RF,2041-2070SSP245,2041-2070,SSP245,12393866,8501128.01140083,3,Top-3,94091,73077.6961715766,0.0075917393329894,0.00859623523767345
52,rf_var,Plain RF,2041-2070SSP245,2041-2070,SSP245,12393866,8501128.01140083,5,Top-5,128606,100302.990227383,0.010376584675032,0.0117987860073236
53,rf_var,Plain RF,2041-2070SSP245,2041-2070,SSP245,12393866,8501128.01140083,1,Top-1,236569,187059.615087355,0.0190875873597472,0.0220040934375403
53,rf_var,Plain RF,2041-2070SSP245,2041-2070,SSP245,12393866,8501128.01140083,3,Top-3,332536,262477.59996392,0.0268306918922635,0.0308756202249763
53,rf_var,Plain RF,2041-2070SSP245,2041-2070,SSP245,12393866,8501128.01140083,5,Top-5,358788,283047.299734081,0.028948836464748,0.0332952637996378
54,rf_var,Plain RF,2041-2070SSP245,2041-2070,SSP245,12393866,8501128.01140083,1,Top-1,290,227.664411724053,2.33986715686615e-05,2.6780494473055e-05
54,rf_var,Plain RF,2041-2070SSP245,2041-2070,SSP245,12393866,8501128.01140083,3,Top-3,18184,14349.4632963838,0.00146717739242945,0.00168794814960319
54,rf_var,Plain RF,2041-2070SSP245,2041-2070,SSP245,12393866,8501128.01140083,5,Top-5,33887,26776.3015198772,0.00273417511533528,0.00314973512738163
55,rf_var,Plain RF,2041-2070SSP245,2041-2070,SSP245,12393866,8501128.01140083,1,Top-1,8687,6899.56320577967,0.000700911241092973,0.000811605612399519
55,rf_var,Plain RF,2041-2070SSP245,2041-2070,SSP245,12393866,8501128.01140083,3,Top-3,54874,43626.6750029496,0.004427512771237,0.00513186896426474
55,rf_var,Plain RF,2041-2070SSP245,2041-2070,SSP245,12393866,8501128.01140083,5,Top-5,84614,67054.1900083213,0.00682708688314042,0.0078876814839625
1,rf_var,Plain RF,2071-2100SSP245,2071-2100,SSP245,12393866,8501128.01140083,1,Top-1,47027,33134.3610001981,0.00379437699261877,0.00389764287230609
1,rf_var,Plain RF,2071-2100SSP245,2071-2100,SSP245,12393866,8501128.01140083,3,Top-3,140564,99539.8838479524,0.0113414167944046,0.011709020698719
1,rf_var,Plain RF,2071-2100SSP245,2071-2100,SSP245,12393866,8501128.01140083,5,Top-5,204696,146410.572212175,0.0165159119842025,0.017222487652912
2,rf_var,Plain RF,2071-2100SSP245,2071-2100,SSP245,12393866,8501128.01140083,1,Top-1,43744,26316.4258046956,0.00352948789344665,0.00309563928097574
2,rf_var,Plain RF,2071-2100SSP245,2071-2100,SSP245,12393866,8501128.01140083,3,Top-3,341541,199098.228814527,0.0275572609870076,0.0234202130055585
2,rf_var,Plain RF,2071-2100SSP245,2071-2100,SSP245,12393866,8501128.01140083,5,Top-5,382293,224938.370942081,0.0308453391379252,0.0264598263477996
3,rf_var,Plain RF,2071-2100SSP245,2071-2100,SSP245,12393866,8501128.01140083,1,Top-1,461225,277213.485590234,0.0372139734284686,0.0326090237928971
3,rf_var,Plain RF,2071-2100SSP245,2071-2100,SSP245,12393866,8501128.01140083,3,Top-3,949287,582518.101763601,0.0765932921979308,0.0685224479601281
3,rf_var,Plain RF,2071-2100SSP245,2071-2100,SSP245,12393866,8501128.01140083,5,Top-5,1118256,697025.602387899,0.0902265685299486,0.081992131097558
4,rf_var,Plain RF,2071-2100SSP245,2071-2100,SSP245,12393866,8501128.01140083,1,Top-1,6253,3889.01851483387,0.000504523770064966,0.000457470880290042
4,rf_var,Plain RF,2071-2100SSP245,2071-2100,SSP245,12393866,8501128.01140083,3,Top-3,80746,46769.3544275478,0.0065149970154591,0.00550154689646192
4,rf_var,Plain RF,2071-2100SSP245,2071-2100,SSP245,12393866,8501128.01140083,5,Top-5,127655,73974.0414949497,0.0102998531693017,0.00870167363622138
5,rf_var,Plain RF,2071-2100SSP245,2071-2100,SSP245,12393866,8501128.01140083,1,Top-1,172250,95682.0726016032,0.0138980040610412,0.0112552207746177
5,rf_var,Plain RF,2071-2100SSP245,2071-2100,SSP245,12393866,8501128.01140083,3,Top-3,511638,292759.717778982,0.0412815500829201,0.0344377496005663
5,rf_var,Plain RF,2071-2100SSP245,2071-2100,SSP245,12393866,8501128.01140083,5,Top-5,651437,387425.043186765,0.052561242795428,0.0455733689302397
6,rf_var,Plain RF,2071-2100SSP245,2071-2100,SSP245,12393866,8501128.01140083,1,Top-1,1065,652.185999672047,8.59296042090499e-05,7.67175836897648e-05
6,rf_var,Plain RF,2071-2100SSP245,2071-2100,SSP245,12393866,8501128.01140083,3,Top-3,21691,11960.6074568283,0.0017501399482615,0.00140694357746266
6,rf_var,Plain RF,2071-2100SSP245,2071-2100,SSP245,12393866,8501128.01140083,5,Top-5,27354,15084.6555508009,0.0022070595244454,0.00177442987925496
7,rf_var,Plain RF,2071-2100SSP245,2071-2100,SSP245,12393866,8501128.01140083,1,Top-1,233951,153007.368365041,0.0188763538350342,0.0179984783383856
7,rf_var,Plain RF,2071-2100SSP245,2071-2100,SSP245,12393866,8501128.01140083,3,Top-3,658468,433778.595233472,0.0531285395533565,0.0510260043904448
7,rf_var,Plain RF,2071-2100SSP245,2071-2100,SSP245,12393866,8501128.01140083,5,Top-5,868919,575059.378191839,0.0701087941405854,0.067645067504057
9,rf_var,Plain RF,2071-2100SSP245,2071-2100,SSP245,12393866,8501128.01140083,1,Top-1,2063,1308.12434066884,0.000166453308434995,0.000153876560724002
9,rf_var,Plain RF,2071-2100SSP245,2071-2100,SSP245,12393866,8501128.01140083,3,Top-3,13131,7543.40333433377,0.00105947571161412,0.000887341459182516
9,rf_var,Plain RF,2071-2100SSP245,2071-2100,SSP245,12393866,8501128.01140083,5,Top-5,21666,12166.6174221226,0.00174812282140214,0.00143117682804047
10,rf_var,Plain RF,2071-2100SSP245,2071-2100,SSP245,12393866,8501128.01140083,1,Top-1,226021,167526.472077699,0.0182365211952429,0.019706381535842
10,rf_var,Plain RF,2071-2100SSP245,2071-2100,SSP245,12393866,8501128.01140083,3,Top-3,427219,315930.976375202,0.0344701967892827,0.0371634183077244
10,rf_var,Plain RF,2071-2100SSP245,2071-2100,SSP245,12393866,8501128.01140083,5,Top-5,485317,358431.011217762,0.0391578382403037,0.0421627589582313
11,rf_var,Plain RF,2071-2100SSP245,2071-2100,SSP245,12393866,8501128.01140083,1,Top-1,79653,46405.8417086771,0.00642680822916756,0.00545878636887275
11,rf_var,Plain RF,2071-2100SSP245,2071-2100,SSP245,12393866,8501128.01140083,3,Top-3,196177,118069.974541393,0.0158285558356045,0.0138887421037596
11,rf_var,Plain RF,2071-2100SSP245,2071-2100,SSP245,12393866,8501128.01140083,5,Top-5,245952,149920.079027431,0.0198446554126049,0.0176353160223412
12,rf_var,Plain RF,2071-2100SSP245,2071-2100,SSP245,12393866,8501128.01140083,1,Top-1,513822,309918.008388993,0.0414577662853544,0.0364561041750416
12,rf_var,Plain RF,2071-2100SSP245,2071-2100,SSP245,12393866,8501128.01140083,3,Top-3,873094,525081.471847639,0.0704456543260997,0.0617660939987557
12,rf_var,Plain RF,2071-2100SSP245,2071-2100,SSP245,12393866,8501128.01140083,5,Top-5,930090,559803.647312931,0.0750443808251598,0.0658505137861917
13,rf_var,Plain RF,2071-2100SSP245,2071-2100,SSP245,12393866,8501128.01140083,1,Top-1,269464,169350.699520461,0.0217417228813027,0.0199209680519274
13,rf_var,Plain RF,2071-2100SSP245,2071-2100,SSP245,12393866,8501128.01140083,3,Top-3,661048,417819.755738888,0.0533367070452432,0.0491487429878189
13,rf_var,Plain RF,2071-2100SSP245,2071-2100,SSP245,12393866,8501128.01140083,5,Top-5,730117,462329.67299071,0.058909544447229,0.0543845090170012
14,rf_var,Plain RF,2071-2100SSP245,2071-2100,SSP245,12393866,8501128.01140083,1,Top-1,19569,12471.1570454247,0.0015789262204384,0.00146700026498832
14,rf_var,Plain RF,2071-2100SSP245,2071-2100,SSP245,12393866,8501128.01140083,3,Top-3,92010,58121.7016105505,0.00742383369321566,0.00683693993698292
14,rf_var,Plain RF,2071-2100SSP245,2071-2100,SSP245,12393866,8501128.01140083,5,Top-5,107841,68069.3308796029,0.00870115910564145,0.00800709397486021
15,rf_var,Plain RF,2071-2100SSP245,2071-2100,SSP245,12393866,8501128.01140083,1,Top-1,263452,166303.056772135,0.0212566442141621,0.0195624694215999
15,rf_var,Plain RF,2071-2100SSP245,2071-2100,SSP245,12393866,8501128.01140083,3,Top-3,979017,626969.404973806,0.0789920594590905,0.0737513191347054
15,rf_var,Plain RF,2071-2100SSP245,2071-2100,SSP245,12393866,8501128.01140083,5,Top-5,1026010,656584.697515838,0.0827836931591805,0.0772350088876788
16,rf_var,Plain RF,2071-2100SSP245,2071-2100,SSP245,12393866,8501128.01140083,1,Top-1,535148,382426.25828531,0.0431784561814691,0.0449853546226383
16,rf_var,Plain RF,2071-2100SSP245,2071-2100,SSP245,12393866,8501128.01140083,3,Top-3,1380931,987914.058352036,0.111420520441322,0.116209761460732
16,rf_var,Plain RF,2071-2100SSP245,2071-2100,SSP245,12393866,8501128.01140083,5,Top-5,1620411,1160296.42468581,0.130742982052573,0.136487348870614
17,rf_var,Plain RF,2071-2100SSP245,2071-2100,SSP245,12393866,8501128.01140083,1,Top-1,283,178.238754045064,2.28338760480386e-05,2.09664827780535e-05
17,rf_var,Plain RF,2071-2100SSP245,2071-2100,SSP245,12393866,8501128.01140083,3,Top-3,705,436.901299883395,5.68829774341598e-05,5.13933326609679e-05
17,rf_var,Plain RF,2071-2100SSP245,2071-2100,SSP245,12393866,8501128.01140083,5,Top-5,945,595.267553215217,7.62473952840865e-05,7.00221843991651e-05
18,rf_var,Plain RF,2071-2100SSP245,2071-2100,SSP245,12393866,8501128.01140083,1,Top-1,344526,242492.439423637,0.0277981059340161,0.0285247368465021
18,rf_var,Plain RF,2071-2100SSP245,2071-2100,SSP245,12393866,8501128.01140083,3,Top-3,1160010,822804.006809669,0.0935954931253896,0.0967876269721159
18,rf_var,Plain RF,2071-2100SSP245,2071-2100,SSP245,12393866,8501128.01140083,5,Top-5,1461614,1038661.51289387,0.117930434297095,0.122179258035042
19,rf_var,Plain RF,2071-2100SSP245,2071-2100,SSP245,12393866,8501128.01140083,1,Top-1,754781,497349.547958644,0.0608995611216064,0.0585039476280854
19,rf_var,Plain RF,2071-2100SSP245,2071-2100,SSP245,12393866,8501128.01140083,3,Top-3,1065022,699667.466879383,0.0859313792806861,0.0823028974438523
19,rf_var,Plain RF,2071-2100SSP245,2071-2100,SSP245,12393866,8501128.01140083,5,Top-5,1083463,711685.003311342,0.0874192927372299,0.0837165376591088
20,rf_var,Plain RF,2071-2100SSP245,2071-2100,SSP245,12393866,8501128.01140083,1,Top-1,123614,88880.9381762647,0.00997380478375351,0.010455193482214
20,rf_var,Plain RF,2071-2100SSP245,2071-2100,SSP245,12393866,8501128.01140083,3,Top-3,504244,361741.078095268,0.0406849646429936,0.0425521269189381
20,rf_var,Plain RF,2071-2100SSP245,2071-2100,SSP245,12393866,8501128.01140083,5,Top-5,636296,456136.823246237,0.0513395900843208,0.0536560351325746
21,rf_var,Plain RF,2071-2100SSP245,2071-2100,SSP245,12393866,8501128.01140083,1,Top-1,1464124,1096111.63403611,0.118132953833776,0.128937198988901
21,rf_var,Plain RF,2071-2100SSP245,2071-2100,SSP245,12393866,8501128.01140083,3,Top-3,1899296,1432625.59530247,0.15324483901956,0.16852182361931
21,rf_var,Plain RF,2071-2100SSP245,2071-2100,SSP245,12393866,8501128.01140083,5,Top-5,2177526,1647715.32050114,0.175693847262831,0.19382313950471
22,rf_var,Plain RF,2071-2100SSP245,2071-2100,SSP245,12393866,8501128.01140083,1,Top-1,4290,2948.22709925402,0.00034613896906744,0.000346804223545412
22,rf_var,Plain RF,2071-2100SSP245,2071-2100,SSP245,12393866,8501128.01140083,3,Top-3,73753,50376.0501873943,0.00595076629035686,0.00592580774220023
22,rf_var,Plain RF,2071-2100SSP245,2071-2100,SSP245,12393866,8501128.01140083,5,Top-5,117899,80882.0973888897,0.00951268958370213,0.00951427825582899
23,rf_var,Plain RF,2071-2100SSP245,2071-2100,SSP245,12393866,8501128.01140083,1,Top-1,382312,247208.475031021,0.0308468721543383,0.0290794909451417
23,rf_var,Plain RF,2071-2100SSP245,2071-2100,SSP245,12393866,8501128.01140083,3,Top-3,895802,579476.556089114,0.0722778509950003,0.0681646665374266
23,rf_var,Plain RF,2071-2100SSP245,2071-2100,SSP245,12393866,8501128.01140083,5,Top-5,943730,610442.870091427,0.0761449252396306,0.0718072789014309
24,rf_var,Plain RF,2071-2100SSP245,2071-2100,SSP245,12393866,8501128.01140083,1,Top-1,734711,472859.953367107,0.0592802116789063,0.0556232011484778
24,rf_var,Plain RF,2071-2100SSP245,2071-2100,SSP245,12393866,8501128.01140083,3,Top-3,1176206,756421.488372569,0.0949022685899622,0.0889789551878451
24,rf_var,Plain RF,2071-2100SSP245,2071-2100,SSP245,12393866,8501128.01140083,5,Top-5,1213179,780194.423630342,0.0978854378448177,0.0917753999920982
25,rf_var,Plain RF,2071-2100SSP245,2071-2100,SSP245,12393866,8501128.01140083,1,Top-1,375661,255532.059211473,0.0303102357246722,0.030058606207174
25,rf_var,Plain RF,2071-2100SSP245,2071-2100,SSP245,12393866,8501128.01140083,3,Top-3,902652,614218.742145645,0.0728305437544669,0.0722514401996909
25,rf_var,Plain RF,2071-2100SSP245,2071-2100,SSP245,12393866,8501128.01140083,5,Top-5,1007109,684850.992751366,0.0812586645684244,0.0805600141337614
26,rf_var,Plain RF,2071-2100SSP245,2071-2100,SSP245,12393866,8501128.01140083,1,Top-1,7761,5866.07046661917,0.000626196862222006,0.000690034364704567
26,rf_var,Plain RF,2071-2100SSP245,2071-2100,SSP245,12393866,8501128.01140083,3,Top-3,51186,39192.5112916524,0.00412994621694312,0.0046102718649915
26,rf_var,Plain RF,2071-2100SSP245,2071-2100,SSP245,12393866,8501128.01140083,5,Top-5,128827,98550.8146225573,0.0103944160764688,0.011592675053286
27,rf_var,Plain RF,2071-2100SSP245,2071-2100,SSP245,12393866,8501128.01140083,1,Top-1,1075509,696630.966219965,0.0867775236556535,0.0819457094735799
27,rf_var,Plain RF,2071-2100SSP245,2071-2100,SSP245,12393866,8501128.01140083,3,Top-3,1576411,1022545.84105474,0.127192838780087,0.12028354821659
27,rf_var,Plain RF,2071-2100SSP245,2071-2100,SSP245,12393866,8501128.01140083,5,Top-5,1668302,1082749.59325721,0.134607070949452,0.127365402780094
28,rf_var,Plain RF,2071-2100SSP245,2071-2100,SSP245,12393866,8501128.01140083,1,Top-1,62766,45251.6708432316,0.00506427937820209,0.0053230195784071
28,rf_var,Plain RF,2071-2100SSP245,2071-2100,SSP245,12393866,8501128.01140083,3,Top-3,217672,158750.24432686,0.0175628815092885,0.0186740211550703
28,rf_var,Plain RF,2071-2100SSP245,2071-2100,SSP245,12393866,8501128.01140083,5,Top-5,361741,265425.563647641,0.0291870994893764,0.0312223934625711
29,rf_var,Plain RF,2071-2100SSP245,2071-2100,SSP245,12393866,8501128.01140083,1,Top-1,98907,60150.5350210952,0.00798031865117793,0.00707559454938539
29,rf_var,Plain RF,2071-2100SSP245,2071-2100,SSP245,12393866,8501128.01140083,3,Top-3,192664,118575.034891773,0.0155451091693262,0.0139481530842439
29,rf_var,Plain RF,2071-2100SSP245,2071-2100,SSP245,12393866,8501128.01140083,5,Top-5,204261,126024.607745774,0.0164808139768495,0.014824457128132
30,rf_var,Plain RF,2071-2100SSP245,2071-2100,SSP245,12393866,8501128.01140083,1,Top-1,156353,119289.458741245,0.0126153534337066,0.0140321917963435
30,rf_var,Plain RF,2071-2100SSP245,2071-2100,SSP245,12393866,8501128.01140083,3,Top-3,854322,645123.759217333,0.0689310341099379,0.0758868421169708
30,rf_var,Plain RF,2071-2100SSP245,2071-2100,SSP245,12393866,8501128.01140083,5,Top-5,1221431,924276.528347196,0.0985512510785577,0.108723986641261
31,rf_var,Plain RF,2071-2100SSP245,2071-2100,SSP245,12393866,8501128.01140083,1,Top-1,668710,472966.076476128,0.0539549160851021,0.0556356845634879
31,rf_var,Plain RF,2071-2100SSP245,2071-2100,SSP245,12393866,8501128.01140083,3,Top-3,1156468,817751.257820176,0.0933097065919544,0.0961932647906833
31,rf_var,Plain RF,2071-2100SSP245,2071-2100,SSP245,12393866,8501128.01140083,5,Top-5,1230651,869934.529289417,0.0992951674642924,0.102331658589631
32,rf_var,Plain RF,2071-2100SSP245,2071-2100,SSP245,12393866,8501128.01140083,1,Top-1,57439,36813.175400526,0.00463446998700809,0.00433038713817225
32,rf_var,Plain RF,2071-2100SSP245,2071-2100,SSP245,12393866,8501128.01140083,3,Top-3,353707,228086.406338455,0.0285388756018501,0.0268301343107137
32,rf_var,Plain RF,2071-2100SSP245,2071-2100,SSP245,12393866,8501128.01140083,5,Top-5,396235,255995.698351452,0.0319702504448572,0.0301131447506893
33,rf_var,Plain RF,2071-2100SSP245,2071-2100,SSP245,12393866,8501128.01140083,1,Top-1,479631,324112.452543335,0.0386990629074092,0.0381258171984551
33,rf_var,Plain RF,2071-2100SSP245,2071-2100,SSP245,12393866,8501128.01140083,3,Top-3,785659,528368.070894241,0.0633909548481483,0.0621527014045252
33,rf_var,Plain RF,2071-2100SSP245,2071-2100,SSP245,12393866,8501128.01140083,5,Top-5,860607,578197.74067688,0.0694381398023829,0.068014237628402
34,rf_var,Plain RF,2071-2100SSP245,2071-2100,SSP245,12393866,8501128.01140083,1,Top-1,15689,11757.811428254,0.00126586813186459,0.00138308838691591
34,rf_var,Plain RF,2071-2100SSP245,2071-2100,SSP245,12393866,8501128.01140083,3,Top-3,71815,53456.843397912,0.0057943986162187,0.00628820590940652
34,rf_var,Plain RF,2071-2100SSP245,2071-2100,SSP245,12393866,8501128.01140083,5,Top-5,151450,112762.207439497,0.0122197545140475,0.0132643817724273
35,rf_var,Plain RF,2071-2100SSP245,2071-2100,SSP245,12393866,8501128.01140083,1,Top-1,442,299.801520236681,3.56628028736151e-05,3.52660870221715e-05
35,rf_var,Plain RF,2071-2100SSP245,2071-2100,SSP245,12393866,8501128.01140083,3,Top-3,32833,20995.176404239,0.00264913304694435,0.00246969300733767
35,rf_var,Plain RF,2071-2100SSP245,2071-2100,SSP245,12393866,8501128.01140083,5,Top-5,41796,26689.8694400552,0.00337231336856474,0.00313956799665427
36,rf_var,Plain RF,2071-2100SSP245,2071-2100,SSP245,12393866,8501128.01140083,1,Top-1,53338,38784.8172928951,0.00430358049699747,0.00456231422946236
36,rf_var,Plain RF,2071-2100SSP245,2071-2100,SSP245,12393866,8501128.01140083,3,Top-3,148919,108548.766238465,0.0120155405908052,0.0127687485817048
36,rf_var,Plain RF,2071-2100SSP245,2071-2100,SSP245,12393866,8501128.01140083,5,Top-5,213566,156142.610538862,0.017231588593906,0.0183672814160027
37,rf_var,Plain RF,2071-2100SSP245,2071-2100,SSP245,12393866,8501128.01140083,1,Top-1,55214,37064.582113691,0.00445494569652439,0.00435996047394932
37,rf_var,Plain RF,2071-2100SSP245,2071-2100,SSP245,12393866,8501128.01140083,3,Top-3,176192,116705.771224685,0.0142160646242262,0.013728268891866
37,rf_var,Plain RF,2071-2100SSP245,2071-2100,SSP245,12393866,8501128.01140083,5,Top-5,320660,212818.607364225,0.0258724759489896,0.0250341610053177
38,rf_var,Plain RF,2071-2100SSP245,2071-2100,SSP245,12393866,8501128.01140083,1,Top-1,230,147.490354692757,1.85575671061798e-05,1.73495040299309e-05
38,rf_var,Plain RF,2071-2100SSP245,2071-2100,SSP245,12393866,8501128.01140083,3,Top-3,4963,3095.01297427085,0.00040044002412161,0.000364070858610779
38,rf_var,Plain RF,2071-2100SSP245,2071-2100,SSP245,12393866,8501128.01140083,5,Top-5,6210,3875.79632929612,0.000501054311866854,0.000455915535455801
39,rf_var,Plain RF,2071-2100SSP245,2071-2100,SSP245,12393866,8501128.01140083,1,Top-1,67176,49656.4228626288,0.00542010055619449,0.00584115693776576
39,rf_var,Plain RF,2071-2100SSP245,2071-2100,SSP245,12393866,8501128.01140083,3,Top-3,252672,187191.43167989,0.0203868591124029,0.0220195992142276
39,rf_var,Plain RF,2071-2100SSP245,2071-2100,SSP245,12393866,8501128.01140083,5,Top-5,356552,263466.3230774,0.0287684246384461,0.0309919251567635
40,rf_var,Plain RF,2071-2100SSP245,2071-2100,SSP245,12393866,8501128.01140083,1,Top-1,306913,236145.410412063,0.0247632982315607,0.0277781266315916
40,rf_var,Plain RF,2071-2100SSP245,2071-2100,SSP245,12393866,8501128.01140083,3,Top-3,1809726,1375845.56936797,0.146017876907819,0.161842706935224
40,rf_var,Plain RF,2071-2100SSP245,2071-2100,SSP245,12393866,8501128.01140083,5,Top-5,2161661,1646963.60763777,0.174413778557877,0.1937347144319
41,rf_var,Plain RF,2071-2100SSP245,2071-2100,SSP245,12393866,8501128.01140083,1,Top-1,62390,41770.2131162562,0.0050339417902372,0.00491349066385523
41,rf_var,Plain RF,2071-2100SSP245,2071-2100,SSP245,12393866,8501128.01140083,3,Top-3,339240,229448.305119863,0.0273716046308714,0.0269903364367824
41,rf_var,Plain RF,2071-2100SSP245,2071-2100,SSP245,12393866,8501128.01140083,5,Top-5,428234,290769.361604203,0.034552092139773,0.0342036211211328
42,rf_var,Plain RF,2071-2100SSP245,2071-2100,SSP245,12393866,8501128.01140083,1,Top-1,49007,33627.8592090206,0.00395413343988066,0.00395569378133377
42,rf_var,Plain RF,2071-2100SSP245,2071-2100,SSP245,12393866,8501128.01140083,3,Top-3,199883,138221.872735773,0.0161275747212371,0.0162592390739681
42,rf_var,Plain RF,2071-2100SSP245,2071-2100,SSP245,12393866,8501128.01140083,5,Top-5,229718,158866.245383384,0.0185348139152061,0.0186876665273513
43,rf_var,Plain RF,2071-2100SSP245,2071-2100,SSP245,12393866,8501128.01140083,1,Top-1,178,121.832997451273,1.43619432386957e-05,1.43313919385619e-05
43,rf_var,Plain RF,2071-2100SSP245,2071-2100,SSP245,12393866,8501128.01140083,3,Top-3,3412,2390.34459173554,0.000275297473766458,0.000281179696215591
43,rf_var,Plain RF,2071-2100SSP245,2071-2100,SSP245,12393866,8501128.01140083,5,Top-5,8619,6089.85437974273,0.000695424656035494,0.000716358390507195
44,rf_var,Plain RF,2071-2100SSP245,2071-2100,SSP245,12393866,8501128.01140083,1,Top-1,303614,231500.230969616,0.0244971181711986,0.0272317074462533
44,rf_var,Plain RF,2071-2100SSP245,2071-2100,SSP245,12393866,8501128.01140083,3,Top-3,1378068,1053503.77458721,0.111189519073387,0.12392517477379
44,rf_var,Plain RF,2071-2100SSP245,2071-2100,SSP245,12393866,8501128.01140083,5,Top-5,1844777,1411029.60106363,0.148845969449726,0.165981455539936
45,rf_var,Plain RF,2071-2100SSP245,2071-2100,SSP245,12393866,8501128.01140083,1,Top-1,115822,85519.1050930902,0.00934510668422589,0.0100597361877625
45,rf_var,Plain RF,2071-2100SSP245,2071-2100,SSP245,12393866,8501128.01140083,3,Top-3,353709,260779.899899888,0.0285390369719989,0.0306759173076981
45,rf_var,Plain RF,2071-2100SSP245,2071-2100,SSP245,12393866,8501128.01140083,5,Top-5,506775,372845.940907228,0.0408891785662359,0.0438584080144665
46,rf_var,Plain RF,2071-2100SSP245,2071-2100,SSP245,12393866,8501128.01140083,1,Top-1,299892,219995.912204717,0.0241968083243759,0.0258784377684563
46,rf_var,Plain RF,2071-2100SSP245,2071-2100,SSP245,12393866,8501128.01140083,3,Top-3,875087,638736.998447757,0.0706064596793285,0.0751355581978238
46,rf_var,Plain RF,2071-2100SSP245,2071-2100,SSP245,12393866,8501128.01140083,5,Top-5,1038173,757274.148515978,0.0837650657187999,0.0890792548354055
47,rf_var,Plain RF,2071-2100SSP245,2071-2100,SSP245,12393866,8501128.01140083,1,Top-1,107606,80677.5863744406,0.0086821981131634,0.00949022132901001
47,rf_var,Plain RF,2071-2100SSP245,2071-2100,SSP245,12393866,8501128.01140083,3,Top-3,469275,355399.341493846,0.0378634882771849,0.0418061392578986
47,rf_var,Plain RF,2071-2100SSP245,2071-2100,SSP245,12393866,8501128.01140083,5,Top-5,628660,476832.701620604,0.0507234788563956,0.0560905212791909
48,rf_var,Plain RF,2071-2100SSP245,2071-2100,SSP245,12393866,8501128.01140083,1,Top-1,273,207.439901499253,2.20270253042917e-05,2.44014560445457e-05
48,rf_var,Plain RF,2071-2100SSP245,2071-2100,SSP245,12393866,8501128.01140083,3,Top-3,52258,39269.709836403,0.0042164406166728,0.00461935284161568
48,rf_var,Plain RF,2071-2100SSP245,2071-2100,SSP245,12393866,8501128.01140083,5,Top-5,66384,50010.4191177156,0.00535619797728973,0.00588279802993754
49,rf_var,Plain RF,2071-2100SSP245,2071-2100,SSP245,12393866,8501128.01140083,1,Top-1,192367,146788.053476868,0.0155211457022369,0.0172668913207767
49,rf_var,Plain RF,2071-2100SSP245,2071-2100,SSP245,12393866,8501128.01140083,3,Top-3,478178,365237.105375602,0.0385818274943428,0.0429633696711523
49,rf_var,Plain RF,2071-2100SSP245,2071-2100,SSP245,12393866,8501128.01140083,5,Top-5,764367,585173.836847675,0.0616730082445623,0.0688348459243174
50,rf_var,Plain RF,2071-2100SSP245,2071-2100,SSP245,12393866,8501128.01140083,1,Top-1,22669,17534.9944176096,0.00182904995099995,0.00206266678893595
50,rf_var,Plain RF,2071-2100SSP245,2071-2100,SSP245,12393866,8501128.01140083,3,Top-3,74238,57585.5255790959,0.00598989855142859,0.00677386877386956
50,rf_var,Plain RF,2071-2100SSP245,2071-2100,SSP245,12393866,8501128.01140083,5,Top-5,106633,82637.7826058789,0.00860369153579682,0.0097208020506283
52,rf_var,Plain RF,2071-2100SSP245,2071-2100,SSP245,12393866,8501128.01140083,1,Top-1,58067,44891.2180311279,0.0046851402137154,0.00528061899208251
52,rf_var,Plain RF,2071-2100SSP245,2071-2100,SSP245,12393866,8501128.01140083,3,Top-3,108678,84558.6335714214,0.00876869251289307,0.00994675453163629
52,rf_var,Plain RF,2071-2100SSP245,2071-2100,SSP245,12393866,8501128.01140083,5,Top-5,146251,114185.91089803,0.0118002728123735,0.0134318540721768
53,rf_var,Plain RF,2071-2100SSP245,2071-2100,SSP245,12393866,8501128.01140083,1,Top-1,279055,220451.532347448,0.0225155734296304,0.0259320330257116
53,rf_var,Plain RF,2071-2100SSP245,2071-2100,SSP245,12393866,8501128.01140083,3,Top-3,370021,291853.593936516,0.0298551719051989,0.0343311609406554
53,rf_var,Plain RF,2071-2100SSP245,2071-2100,SSP245,12393866,8501128.01140083,5,Top-5,390463,307829.001121799,0.0315045361955664,0.0362103712247328
54,rf_var,Plain RF,2071-2100SSP245,2071-2100,SSP245,12393866,8501128.01140083,1,Top-1,42,32.5246311091728,3.38877312373718e-06,3.8259194621648e-06
54,rf_var,Plain RF,2071-2100SSP245,2071-2100,SSP245,12393866,8501128.01140083,3,Top-3,22359,17667.502728607,0.0018040375779438,0.00207825393346779
54,rf_var,Plain RF,2071-2100SSP245,2071-2100,SSP245,12393866,8501128.01140083,5,Top-5,35018,27706.8562494126,0.00282542993445306,0.00325919762792126
55,rf_var,Plain RF,2071-2100SSP245,2071-2100,SSP245,12393866,8501128.01140083,1,Top-1,9554,7541.62352722676,0.000770865200575833,0.000887132097894858
55,rf_var,Plain RF,2071-2100SSP245,2071-2100,SSP245,12393866,8501128.01140083,3,Top-3,61611,48895.3236263979,0.00497108811729932,0.00575162773232265
55,rf_var,Plain RF,2071-2100SSP245,2071-2100,SSP245,12393866,8501128.01140083,5,Top-5,89738,71022.5632498015,0.00724051720423635,0.00835448697567586
1,rf_var,Plain RF,2011-2040SSP585,2011-2040,SSP585,12393866,8501128.01140083,1,Top-1,36275,25818.389235117,0.00292685107294205,0.0030370545179995
1,rf_var,Plain RF,2011-2040SSP585,2011-2040,SSP585,12393866,8501128.01140083,3,Top-3,123482,87808.4413829475,0.00996315435393605,0.0103290341311398
1,rf_var,Plain RF,2011-2040SSP585,2011-2040,SSP585,12393866,8501128.01140083,5,Top-5,197388,140421.069212716,0.0159262654606722,0.0165179337406045
2,rf_var,Plain RF,2011-2040SSP585,2011-2040,SSP585,12393866,8501128.01140083,1,Top-1,96817,54192.5465880227,0.00781168684573482,0.00637474774116391
2,rf_var,Plain RF,2011-2040SSP585,2011-2040,SSP585,12393866,8501128.01140083,3,Top-3,496688,287547.593022366,0.0400753082210184,0.0338246398168263
2,rf_var,Plain RF,2011-2040SSP585,2011-2040,SSP585,12393866,8501128.01140083,5,Top-5,643402,376278.545023051,0.0519129382228273,0.0442621902079847
3,rf_var,Plain RF,2011-2040SSP585,2011-2040,SSP585,12393866,8501128.01140083,1,Top-1,461589,282806.507289548,0.037243342795541,0.0332669390356524
3,rf_var,Plain RF,2011-2040SSP585,2011-2040,SSP585,12393866,8501128.01140083,3,Top-3,1034716,643166.983597266,0.0834861374166866,0.0756566637668221
3,rf_var,Plain RF,2011-2040SSP585,2011-2040,SSP585,12393866,8501128.01140083,5,Top-5,1350011,844345.577223345,0.108925737941656,0.0993215930981154
4,rf_var,Plain RF,2011-2040SSP585,2011-2040,SSP585,12393866,8501128.01140083,1,Top-1,56298,31976.4729970187,0.00454240831714656,0.00376143882954535
4,rf_var,Plain RF,2011-2040SSP585,2011-2040,SSP585,12393866,8501128.01140083,3,Top-3,236253,136121.994292479,0.0190620908762447,0.0160122273314702
4,rf_var,Plain RF,2011-2040SSP585,2011-2040,SSP585,12393866,8501128.01140083,5,Top-5,396528,229449.241891703,0.0319938911716489,0.0269904466306106
5,rf_var,Plain RF,2011-2040SSP585,2011-2040,SSP585,12393866,8501128.01140083,1,Top-1,208087,119839.304135999,0.0167895150714071,0.0140968709064589
5,rf_var,Plain RF,2011-2040SSP585,2011-2040,SSP585,12393866,8501128.01140083,3,Top-3,814865,471112.826952934,0.0657474431303356,0.0554176841380492
5,rf_var,Plain RF,2011-2040SSP585,2011-2040,SSP585,12393866,8501128.01140083,5,Top-5,1012533,601437.75111855,0.0816963004118328,0.0707479937147122
6,rf_var,Plain RF,2011-2040SSP585,2011-2040,SSP585,12393866,8501128.01140083,1,Top-1,77266,42203.4513895537,0.00623421295663516,0.00496445310939382
6,rf_var,Plain RF,2011-2040SSP585,2011-2040,SSP585,12393866,8501128.01140083,3,Top-3,183440,101961.745352724,0.014800870043294,0.0119939077750604
6,rf_var,Plain RF,2011-2040SSP585,2011-2040,SSP585,12393866,8501128.01140083,5,Top-5,258776,143482.87021631,0.020879360806386,0.0168780978270043
7,rf_var,Plain RF,2011-2040SSP585,2011-2040,SSP585,12393866,8501128.01140083,1,Top-1,240658,157720.188303856,0.0194175086288653,0.0185528541732742
7,rf_var,Plain RF,2011-2040SSP585,2011-2040,SSP585,12393866,8501128.01140083,3,Top-3,856764,563657.92196866,0.0691280670615609,0.0663038976960163
7,rf_var,Plain RF,2011-2040SSP585,2011-2040,SSP585,12393866,8501128.01140083,5,Top-5,1168645,771616.086702585,0.0942922087426151,0.0907663177954471
9,rf_var,Plain RF,2011-2040SSP585,2011-2040,SSP585,12393866,8501128.01140083,1,Top-1,7812,4907.58046686841,0.000630311801015115,0.000577285797871397
9,rf_var,Plain RF,2011-2040SSP585,2011-2040,SSP585,12393866,8501128.01140083,3,Top-3,62622,36932.5360559334,0.00505266072749213,0.00434442770493555
9,rf_var,Plain RF,2011-2040SSP585,2011-2040,SSP585,12393866,8501128.01140083,5,Top-5,75690,44516.3905214336,0.00610705327942064,0.00523652748926176
10,rf_var,Plain RF,2011-2040SSP585,2011-2040,SSP585,12393866,8501128.01140083,1,Top-1,179962,133869.00877467,0.0145202473546188,0.015747205382055
10,rf_var,Plain RF,2011-2040SSP585,2011-2040,SSP585,12393866,8501128.01140083,3,Top-3,374136,277885.97291038,0.0301871909862508,0.0326881294503163
10,rf_var,Plain RF,2011-2040SSP585,2011-2040,SSP585,12393866,8501128.01140083,5,Top-5,478618,354419.454876108,0.0386173289270676,0.0416908737759033
11,rf_var,Plain RF,2011-2040SSP585,2011-2040,SSP585,12393866,8501128.01140083,1,Top-1,70703,41804.9007893169,0.00570467681351404,0.00491757102507485
11,rf_var,Plain RF,2011-2040SSP585,2011-2040,SSP585,12393866,8501128.01140083,3,Top-3,317970,191532.548684512,0.0256554330989217,0.0225302510946369
11,rf_var,Plain RF,2011-2040SSP585,2011-2040,SSP585,12393866,8501128.01140083,5,Top-5,440075,268589.192084815,0.0355074841054438,0.0315945356574576
12,rf_var,Plain RF,2011-2040SSP585,2011-2040,SSP585,12393866,8501128.01140083,1,Top-1,418411,254016.760227865,0.0337595226541904,0.029880359393154
12,rf_var,Plain RF,2011-2040SSP585,2011-2040,SSP585,12393866,8501128.01140083,3,Top-3,872415,531709.781946287,0.0703908691605993,0.0625457917153127
12,rf_var,Plain RF,2011-2040SSP585,2011-2040,SSP585,12393866,8501128.01140083,5,Top-5,987284,602834.085166259,0.0796590829689461,0.0709122465110278
13,rf_var,Plain RF,2011-2040SSP585,2011-2040,SSP585,12393866,8501128.01140083,1,Top-1,449613,283026.613122147,0.0362770583448296,0.033292830403516
13,rf_var,Plain RF,2011-2040SSP585,2011-2040,SSP585,12393866,8501128.01140083,3,Top-3,1007878,642080.682736574,0.0813207113906186,0.0755288806233105
13,rf_var,Plain RF,2011-2040SSP585,2011-2040,SSP585,12393866,8501128.01140083,5,Top-5,1165456,743666.315219684,0.0940349040404342,0.0874785456968011
14,rf_var,Plain RF,2011-2040SSP585,2011-2040,SSP585,12393866,8501128.01140083,1,Top-1,47384,29309.4113425078,0.00382318156417053,0.00344770850447153
14,rf_var,Plain RF,2011-2040SSP585,2011-2040,SSP585,12393866,8501128.01140083,3,Top-3,136688,85579.6993623654,0.0110286814461283,0.0100668639794148
14,rf_var,Plain RF,2011-2040SSP585,2011-2040,SSP585,12393866,8501128.01140083,5,Top-5,173813,108833.124188449,0.0140241148322888,0.0128021980191915
15,rf_var,Plain RF,2011-2040SSP585,2011-2040,SSP585,12393866,8501128.01140083,1,Top-1,261149,165762.570756802,0.0210708264878771,0.0194988912688409
15,rf_var,Plain RF,2011-2040SSP585,2011-2040,SSP585,12393866,8501128.01140083,3,Top-3,1116508,710744.745831387,0.0900855310199416,0.083605933809985
15,rf_var,Plain RF,2011-2040SSP585,2011-2040,SSP585,12393866,8501128.01140083,5,Top-5,1244870,791468.717965025,0.100442428536826,0.093101611563029
16,rf_var,Plain RF,2011-2040SSP585,2011-2040,SSP585,12393866,8501128.01140083,1,Top-1,727192,516568.61849072,0.058673540604683,0.0607647147293809
16,rf_var,Plain RF,2011-2040SSP585,2011-2040,SSP585,12393866,8501128.01140083,3,Top-3,1540775,1099764.83015307,0.12431754546967,0.129366929738992
16,rf_var,Plain RF,2011-2040SSP585,2011-2040,SSP585,12393866,8501128.01140083,5,Top-5,1745676,1246064.6776324,0.14084999789412,0.146576392681219
17,rf_var,Plain RF,2011-2040SSP585,2011-2040,SSP585,12393866,8501128.01140083,1,Top-1,2213,1309.97704762498,0.000178556069591199,0.000154094497326493
17,rf_var,Plain RF,2011-2040SSP585,2011-2040,SSP585,12393866,8501128.01140083,3,Top-3,8426,4979.44821940839,0.000679852436681178,0.000585739705687348
17,rf_var,Plain RF,2011-2040SSP585,2011-2040,SSP585,12393866,8501128.01140083,5,Top-5,10659,6341.9500468594,0.000860022207759871,0.000746012768935397
18,rf_var,Plain RF,2011-2040SSP585,2011-2040,SSP585,12393866,8501128.01140083,1,Top-1,199610,140679.018018258,0.0161055476959328,0.0165482766321827
18,rf_var,Plain RF,2011-2040SSP585,2011-2040,SSP585,12393866,8501128.01140083,3,Top-3,886847,629702.199504286,0.0715553161539749,0.0740727817131791
18,rf_var,Plain RF,2011-2040SSP585,2011-2040,SSP585,12393866,8501128.01140083,5,Top-5,1194354,847480.203744359,0.0963665413197141,0.0996903237556012
19,rf_var,Plain RF,2011-2040SSP585,2011-2040,SSP585,12393866,8501128.01140083,1,Top-1,543710,358685.711448651,0.0438692817882653,0.0421927197152683
19,rf_var,Plain RF,2011-2040SSP585,2011-2040,SSP585,12393866,8501128.01140083,3,Top-3,898102,592007.031426075,0.0724634266660621,0.0696386444989579
19,rf_var,Plain RF,2011-2040SSP585,2011-2040,SSP585,12393866,8501128.01140083,5,Top-5,937027,616832.741376949,0.0756040931860971,0.0725589287150736
20,rf_var,Plain RF,2011-2040SSP585,2011-2040,SSP585,12393866,8501128.01140083,1,Top-1,212444,151401.616329506,0.0171410599404576,0.0178095914008661
20,rf_var,Plain RF,2011-2040SSP585,2011-2040,SSP585,12393866,8501128.01140083,3,Top-3,716942,508515.890460725,0.0578465185923424,0.0598174606686025
20,rf_var,Plain RF,2011-2040SSP585,2011-2040,SSP585,12393866,8501128.01140083,5,Top-5,879731,625067.203539443,0.0709811611647246,0.0735275604250598
21,rf_var,Plain RF,2011-2040SSP585,2011-2040,SSP585,12393866,8501128.01140083,1,Top-1,915021,688895.536746079,0.0738285374394075,0.0810357797014942
21,rf_var,Plain RF,2011-2040SSP585,2011-2040,SSP585,12393866,8501128.01140083,3,Top-3,1446700,1095926.72141995,0.116727097097871,0.128915447450056
21,rf_var,Plain RF,2011-2040SSP585,2011-2040,SSP585,12393866,8501128.01140083,5,Top-5,1797822,1366659.32718374,0.145057401782462,0.160762115962837
22,rf_var,Plain RF,2011-2040SSP585,2011-2040,SSP585,12393866,8501128.01140083,1,Top-1,16213,10969.9607103331,0.00130814711083693,0.00129041236593795
22,rf_var,Plain RF,2011-2040SSP585,2011-2040,SSP585,12393866,8501128.01140083,3,Top-3,157279,106354.062777457,0.0126900678125776,0.0125105824350399
22,rf_var,Plain RF,2011-2040SSP585,2011-2040,SSP585,12393866,8501128.01140083,5,Top-5,266653,181355.158906748,0.0215149171372355,0.0213330699953622
23,rf_var,Plain RF,2011-2040SSP585,2011-2040,SSP585,12393866,8501128.01140083,1,Top-1,693624,453565.02038243,0.0559651040280732,0.0533535102370127
23,rf_var,Plain RF,2011-2040SSP585,2011-2040,SSP585,12393866,8501128.01140083,3,Top-3,1434109,934660.217152796,0.115711191326419,0.109945434993959
23,rf_var,Plain RF,2011-2040SSP585,2011-2040,SSP585,12393866,8501128.01140083,5,Top-5,1504685,979749.736979631,0.121405621135488,0.115249380513467
24,rf_var,Plain RF,2011-2040SSP585,2011-2040,SSP585,12393866,8501128.01140083,1,Top-1,662371,428091.909676419,0.0534434533986409,0.0503570713324522
24,rf_var,Plain RF,2011-2040SSP585,2011-2040,SSP585,12393866,8501128.01140083,3,Top-3,1426886,920259.234589342,0.115128403034211,0.108251426558356
24,rf_var,Plain RF,2011-2040SSP585,2011-2040,SSP585,12393866,8501128.01140083,5,Top-5,1483336,956912.666303688,0.119683075482662,0.112563022815369
25,rf_var,Plain RF,2011-2040SSP585,2011-2040,SSP585,12393866,8501128.01140083,1,Top-1,280024,186709.606921822,0.0225937572666995,0.0219629214701186
25,rf_var,Plain RF,2011-2040SSP585,2011-2040,SSP585,12393866,8501128.01140083,3,Top-3,768226,514469.533800001,0.0619843719465742,0.0605177963571478
25,rf_var,Plain RF,2011-2040SSP585,2011-2040,SSP585,12393866,8501128.01140083,5,Top-5,903696,604575.7327536,0.0729147789721141,0.0711171190391212
26,rf_var,Plain RF,2011-2040SSP585,2011-2040,SSP585,12393866,8501128.01140083,1,Top-1,33400,25171.0867205506,0.0026948814841148,0.00296091138573537
26,rf_var,Plain RF,2011-2040SSP585,2011-2040,SSP585,12393866,8501128.01140083,3,Top-3,173996,132169.578205062,0.0140388802008994,0.0155472989028997
26,rf_var,Plain RF,2011-2040SSP585,2011-2040,SSP585,12393866,8501128.01140083,5,Top-5,326924,248467.931236627,0.0263778872548727,0.0292276426026532
27,rf_var,Plain RF,2011-2040SSP585,2011-2040,SSP585,12393866,8501128.01140083,1,Top-1,962359,637243.795733766,0.0776480074901568,0.0749599106000004
27,rf_var,Plain RF,2011-2040SSP585,2011-2040,SSP585,12393866,8501128.01140083,3,Top-3,1426648,942597.106711101,0.115109199986509,0.110879062807546
27,rf_var,Plain RF,2011-2040SSP585,2011-2040,SSP585,12393866,8501128.01140083,5,Top-5,1551501,1025254.04276079,0.125182973577413,0.12060211790551
28,rf_var,Plain RF,2011-2040SSP585,2011-2040,SSP585,12393866,8501128.01140083,1,Top-1,84923,62317.6902774835,0.0068520185711222,0.00733052016084329
28,rf_var,Plain RF,2011-2040SSP585,2011-2040,SSP585,12393866,8501128.01140083,3,Top-3,300085,221307.667014267,0.0242123805437303,0.0260327413864927
28,rf_var,Plain RF,2011-2040SSP585,2011-2040,SSP585,12393866,8501128.01140083,5,Top-5,522058,386512.148956142,0.0421222885579044,0.0454659838597645
29,rf_var,Plain RF,2011-2040SSP585,2011-2040,SSP585,12393866,8501128.01140083,1,Top-1,156064,95021.2142430118,0.0125920354472124,0.0111774830487883
29,rf_var,Plain RF,2011-2040SSP585,2011-2040,SSP585,12393866,8501128.01140083,3,Top-3,331082,204836.216967966,0.0267133757941227,0.0240951808622645
29,rf_var,Plain RF,2011-2040SSP585,2011-2040,SSP585,12393866,8501128.01140083,5,Top-5,357464,221719.884986725,0.0288420094262759,0.0260812311836002
30,rf_var,Plain RF,2011-2040SSP585,2011-2040,SSP585,12393866,8501128.01140083,1,Top-1,306451,234008.502745697,0.0247260217271996,0.027526759087955
30,rf_var,Plain RF,2011-2040SSP585,2011-2040,SSP585,12393866,8501128.01140083,3,Top-3,1101922,835830.551384755,0.0889086585251124,0.0983199582765753
30,rf_var,Plain RF,2011-2040SSP585,2011-2040,SSP585,12393866,8501128.01140083,5,Top-5,1564125,1188457.84092475,0.126201541956319,0.139800017048434
31,rf_var,Plain RF,2011-2040SSP585,2011-2040,SSP585,12393866,8501128.01140083,1,Top-1,826578,587080.92289898,0.0666925074064864,0.0690591792185281
31,rf_var,Plain RF,2011-2040SSP585,2011-2040,SSP585,12393866,8501128.01140083,3,Top-3,1422680,1007550.30121324,0.114789041611391,0.118519601147285
31,rf_var,Plain RF,2011-2040SSP585,2011-2040,SSP585,12393866,8501128.01140083,5,Top-5,1542706,1090304.19422525,0.124473348348288,0.128254061433147
32,rf_var,Plain RF,2011-2040SSP585,2011-2040,SSP585,12393866,8501128.01140083,1,Top-1,99481,64881.8446877024,0.008026631883869,0.00763214535773249
32,rf_var,Plain RF,2011-2040SSP585,2011-2040,SSP585,12393866,8501128.01140083,3,Top-3,493285,322631.696342433,0.0398007369129213,0.0379516337019926
32,rf_var,Plain RF,2011-2040SSP585,2011-2040,SSP585,12393866,8501128.01140083,5,Top-5,584847,382354.987932824,0.0471884236928171,0.0449769709878559
33,rf_var,Plain RF,2011-2040SSP585,2011-2040,SSP585,12393866,8501128.01140083,1,Top-1,479625,326071.934942971,0.038698578796963,0.0383563139510047
33,rf_var,Plain RF,2011-2040SSP585,2011-2040,SSP585,12393866,8501128.01140083,3,Top-3,853011,575242.920718306,0.0688252559774327,0.0676666578772664
33,rf_var,Plain RF,2011-2040SSP585,2011-2040,SSP585,12393866,8501128.01140083,5,Top-5,989763,665799.3939007,0.079859101268321,0.0783189469688962
34,rf_var,Plain RF,2011-2040SSP585,2011-2040,SSP585,12393866,8501128.01140083,1,Top-1,18259,13794.052717392,0.00147322877300755,0.001622614398806
34,rf_var,Plain RF,2011-2040SSP585,2011-2040,SSP585,12393866,8501128.01140083,3,Top-3,77764,58227.0867618659,0.00627439412367376,0.00684933654495942
34,rf_var,Plain RF,2011-2040SSP585,2011-2040,SSP585,12393866,8501128.01140083,5,Top-5,158169,118140.430427116,0.0127618775287711,0.0138970299316371
35,rf_var,Plain RF,2011-2040SSP585,2011-2040,SSP585,12393866,8501128.01140083,1,Top-1,3445,2263.42805923843,0.000277960081220823,0.000266250320687202
35,rf_var,Plain RF,2011-2040SSP585,2011-2040,SSP585,12393866,8501128.01140083,3,Top-3,72372,46976.221406066,0.00583934020264541,0.00552588095874646
35,rf_var,Plain RF,2011-2040SSP585,2011-2040,SSP585,12393866,8501128.01140083,5,Top-5,108842,70564.7518919373,0.00878192486509052,0.00830063396261098
36,rf_var,Plain RF,2011-2040SSP585,2011-2040,SSP585,12393866,8501128.01140083,1,Top-1,76421,56053.133960322,0.00616603406878854,0.00659361132842011
36,rf_var,Plain RF,2011-2040SSP585,2011-2040,SSP585,12393866,8501128.01140083,3,Top-3,199448,146780.054616966,0.0160924767138841,0.0172659504033017
36,rf_var,Plain RF,2011-2040SSP585,2011-2040,SSP585,12393866,8501128.01140083,5,Top-5,326411,241536.202042793,0.0263364958117185,0.0284122532584935
37,rf_var,Plain RF,2011-2040SSP585,2011-2040,SSP585,12393866,8501128.01140083,1,Top-1,109661,75896.6468877497,0.0088480059410034,0.00892783249304856
37,rf_var,Plain RF,2011-2040SSP585,2011-2040,SSP585,12393866,8501128.01140083,3,Top-3,238469,162544.860269968,0.0192408890010591,0.0191203873241269
37,rf_var,Plain RF,2011-2040SSP585,2011-2040,SSP585,12393866,8501128.01140083,5,Top-5,433693,294055.411193611,0.0349925519607845,0.0345901638934567
38,rf_var,Plain RF,2011-2040SSP585,2011-2040,SSP585,12393866,8501128.01140083,1,Top-1,7161,4618.56887112262,0.000577785817597189,0.000543288945293927
38,rf_var,Plain RF,2011-2040SSP585,2011-2040,SSP585,12393866,8501128.01140083,3,Top-3,31759,20291.6888252911,0.00256247727706593,0.00238694074457861
38,rf_var,Plain RF,2011-2040SSP585,2011-2040,SSP585,12393866,8501128.01140083,5,Top-5,39171,25107.3495331651,0.00316051504833117,0.00295341388807389
39,rf_var,Plain RF,2011-2040SSP585,2011-2040,SSP585,12393866,8501128.01140083,1,Top-1,76645,57174.769397383,0.00618410752544848,0.00672555092932445
39,rf_var,Plain RF,2011-2040SSP585,2011-2040,SSP585,12393866,8501128.01140083,3,Top-3,220333,164248.963445598,0.0177775844921996,0.0193208434486958
39,rf_var,Plain RF,2011-2040SSP585,2011-2040,SSP585,12393866,8501128.01140083,5,Top-5,318907,237262.072666949,0.0257310350136108,0.0279094812298742
40,rf_var,Plain RF,2011-2040SSP585,2011-2040,SSP585,12393866,8501128.01140083,1,Top-1,331534,255697.236729182,0.02674984544774,0.0300780362778054
40,rf_var,Plain RF,2011-2040SSP585,2011-2040,SSP585,12393866,8501128.01140083,3,Top-3,1405978,1074625.26071769,0.113441439499185,0.126409725777158
40,rf_var,Plain RF,2011-2040SSP585,2011-2040,SSP585,12393866,8501128.01140083,5,Top-5,1891571,1446902.39361914,0.152621546820016,0.170201224082111
41,rf_var,Plain RF,2011-2040SSP585,2011-2040,SSP585,12393866,8501128.01140083,1,Top-1,124171,83854.6370422822,0.0100187463701802,0.00986394240032912
41,rf_var,Plain RF,2011-2040SSP585,2011-2040,SSP585,12393866,8501128.01140083,3,Top-3,498389,337958.445239875,0.0402125535325297,0.0397545413722321
41,rf_var,Plain RF,2011-2040SSP585,2011-2040,SSP585,12393866,8501128.01140083,5,Top-5,588987,399934.518858525,0.0475224599007283,0.04704487667074
42,rf_var,Plain RF,2011-2040SSP585,2011-2040,SSP585,12393866,8501128.01140083,1,Top-1,134645,92678.4082503751,0.0108638418391808,0.0109018953868339
42,rf_var,Plain RF,2011-2040SSP585,2011-2040,SSP585,12393866,8501128.01140083,3,Top-3,411378,285161.928861083,0.0331920645261132,0.0335440106864234
42,rf_var,Plain RF,2011-2040SSP585,2011-2040,SSP585,12393866,8501128.01140083,5,Top-5,435757,301973.887066377,0.0351590859542938,0.0355216256785453
43,rf_var,Plain RF,2011-2040SSP585,2011-2040,SSP585,12393866,8501128.01140083,1,Top-1,4094,2824.09382194806,0.00033032469449,0.000332202246356092
43,rf_var,Plain RF,2011-2040SSP585,2011-2040,SSP585,12393866,8501128.01140083,3,Top-3,18972,13296.5367154976,0.00153075723103671,0.00156409087096038
43,rf_var,Plain RF,2011-2040SSP585,2011-2040,SSP585,12393866,8501128.01140083,5,Top-5,41864,29647.5054514501,0.00337779995362222,0.00348747900416155
44,rf_var,Plain RF,2011-2040SSP585,2011-2040,SSP585,12393866,8501128.01140083,1,Top-1,308096,235171.708149928,0.0248587486745459,0.0276635886243026
44,rf_var,Plain RF,2011-2040SSP585,2011-2040,SSP585,12393866,8501128.01140083,3,Top-3,1319447,1009856.30559594,0.106459679328468,0.118790859782564
44,rf_var,Plain RF,2011-2040SSP585,2011-2040,SSP585,12393866,8501128.01140083,5,Top-5,1911606,1462659.27852555,0.154238072285113,0.172054729274042
45,rf_var,Plain RF,2011-2040SSP585,2011-2040,SSP585,12393866,8501128.01140083,1,Top-1,101522,75138.1747623861,0.00819131012066776,0.00883861231846158
45,rf_var,Plain RF,2011-2040SSP585,2011-2040,SSP585,12393866,8501128.01140083,3,Top-3,327659,242179.251728396,0.0264371907845381,0.0284878961243272
45,rf_var,Plain RF,2011-2040SSP585,2011-2040,SSP585,12393866,8501128.01140083,5,Top-5,457928,337949.41491707,0.0369479547382552,0.0397534791222821
46,rf_var,Plain RF,2011-2040SSP585,2011-2040,SSP585,12393866,8501128.01140083,1,Top-1,208393,153687.262784315,0.0168142047041658,0.0180784553036027
46,rf_var,Plain RF,2011-2040SSP585,2011-2040,SSP585,12393866,8501128.01140083,3,Top-3,693144,508798.976600201,0.0559263751923734,0.0598507605011773
46,rf_var,Plain RF,2011-2040SSP585,2011-2040,SSP585,12393866,8501128.01140083,5,Top-5,862870,632868.315315047,0.0696207301256928,0.074445216501423
47,rf_var,Plain RF,2011-2040SSP585,2011-2040,SSP585,12393866,8501128.01140083,1,Top-1,393210,293551.332031056,0.0317261780948737,0.0345308683315173
47,rf_var,Plain RF,2011-2040SSP585,2011-2040,SSP585,12393866,8501128.01140083,3,Top-3,874879,658508.437012601,0.0705896771838585,0.0774613011507976
47,rf_var,Plain RF,2011-2040SSP585,2011-2040,SSP585,12393866,8501128.01140083,5,Top-5,1066026,803106.741734181,0.0860123870953583,0.0944706091541191
48,rf_var,Plain RF,2011-2040SSP585,2011-2040,SSP585,12393866,8501128.01140083,1,Top-1,1372,1022.26079583469,0.000110699922042081,0.00012025001793453
48,rf_var,Plain RF,2011-2040SSP585,2011-2040,SSP585,12393866,8501128.01140083,3,Top-3,66431,49631.1901616116,0.00535999017578534,0.00583818877860107
48,rf_var,Plain RF,2011-2040SSP585,2011-2040,SSP585,12393866,8501128.01140083,5,Top-5,84750,63533.2800188807,0.00683806005325538,0.00747351174263892
49,rf_var,Plain RF,2011-2040SSP585,2011-2040,SSP585,12393866,8501128.01140083,1,Top-1,166195,127341.065062184,0.0134094559357024,0.014979313908861
49,rf_var,Plain RF,2011-2040SSP585,2011-2040,SSP585,12393866,8501128.01140083,3,Top-3,561371,429710.687570496,0.0452942608867967,0.0505474905205771
49,rf_var,Plain RF,2011-2040SSP585,2011-2040,SSP585,12393866,8501128.01140083,5,Top-5,926377,709872.870132848,0.0747447971440066,0.0835033738088452
50,rf_var,Plain RF,2011-2040SSP585,2011-2040,SSP585,12393866,8501128.01140083,1,Top-1,18961,14703.8235072317,0.00152986969521859,0.00172963205441824
50,rf_var,Plain RF,2011-2040SSP585,2011-2040,SSP585,12393866,8501128.01140083,3,Top-3,69467,54067.06531988,0.00560495006158692,0.00635998719786019
50,rf_var,Plain RF,2011-2040SSP585,2011-2040,SSP585,12393866,8501128.01140083,5,Top-5,104918,81619.4410815568,0.00846531663324422,0.009601013062278
52,rf_var,Plain RF,2011-2040SSP585,2011-2040,SSP585,12393866,8501128.01140083,1,Top-1,41094,31719.4585753107,0.0033156724463537,0.00373120585089083
52,rf_var,Plain RF,2011-2040SSP585,2011-2040,SSP585,12393866,8501128.01140083,3,Top-3,78013,60469.3856192121,0.00629448470719306,0.00711310140702703
52,rf_var,Plain RF,2011-2040SSP585,2011-2040,SSP585,12393866,8501128.01140083,5,Top-5,104953,81746.6714158396,0.00846814061084733,0.00961597935076491
53,rf_var,Plain RF,2011-2040SSP585,2011-2040,SSP585,12393866,8501128.01140083,1,Top-1,177160,140237.032083522,0.0142941677762209,0.01649628518656
53,rf_var,Plain RF,2011-2040SSP585,2011-2040,SSP585,12393866,8501128.01140083,3,Top-3,272093,214967.752379428,0.0219538439418338,0.0252869680460212
53,rf_var,Plain RF,2011-2040SSP585,2011-2040,SSP585,12393866,8501128.01140083,5,Top-5,303377,239562.91581495,0.0244779958085718,0.02818013274164
54,rf_var,Plain RF,2011-2040SSP585,2011-2040,SSP585,12393866,8501128.01140083,1,Top-1,791,623.777121992652,6.38218938303835e-05,7.33758062643107e-05
54,rf_var,Plain RF,2011-2040SSP585,2011-2040,SSP585,12393866,8501128.01140083,3,Top-3,14418,11360.6123004658,0.00116331740233435,0.00133636527825838
54,rf_var,Plain RF,2011-2040SSP585,2011-2040,SSP585,12393866,8501128.01140083,5,Top-5,29736,23490.9122217906,0.00239925137160592,0.00276327002608207
55,rf_var,Plain RF,2011-2040SSP585,2011-2040,SSP585,12393866,8501128.01140083,1,Top-1,16530,13150.7075023579,0.0013337242794137,0.00154693676941713
55,rf_var,Plain RF,2011-2040SSP585,2011-2040,SSP585,12393866,8501128.01140083,3,Top-3,52399,41675.5398862279,0.00422781721215963,0.0049023541146936
55,rf_var,Plain RF,2011-2040SSP585,2011-2040,SSP585,12393866,8501128.01140083,5,Top-5,79885,63350.2884998497,0.00644552716642249,0.00745198618523223
1,rf_var,Plain RF,2041-2070SSP585,2041-2070,SSP585,12393866,8501128.01140083,1,Top-1,46698,32948.4624095598,0.00376783160314949,0.00387577535185598
1,rf_var,Plain RF,2041-2070SSP585,2041-2070,SSP585,12393866,8501128.01140083,3,Top-3,140907,99749.32442256,0.0113690917749151,0.0117336574968388
1,rf_var,Plain RF,2041-2070SSP585,2041-2070,SSP585,12393866,8501128.01140083,5,Top-5,207753,148561.06545901,0.016762566256566,0.0174754532880549
2,rf_var,Plain RF,2041-2070SSP585,2041-2070,SSP585,12393866,8501128.01140083,1,Top-1,38213,23315.0244226312,0.00308321874708021,0.00274258008953206
2,rf_var,Plain RF,2041-2070SSP585,2041-2070,SSP585,12393866,8501128.01140083,3,Top-3,315337,185151.578679431,0.0254429892980931,0.0217796483515041
2,rf_var,Plain RF,2041-2070SSP585,2041-2070,SSP585,12393866,8501128.01140083,5,Top-5,366477,216859.151886366,0.029569224001615,0.0255094561092995
3,rf_var,Plain RF,2041-2070SSP585,2041-2070,SSP585,12393866,8501128.01140083,1,Top-1,429988,258855.543342417,0.0346936137602262,0.0304495524588345
3,rf_var,Plain RF,2041-2070SSP585,2041-2070,SSP585,12393866,8501128.01140083,3,Top-3,899058,552576.954113135,0.0725405615971643,0.06500042739882
3,rf_var,Plain RF,2041-2070SSP585,2041-2070,SSP585,12393866,8501128.01140083,5,Top-5,1079812,674943.002182181,0.0871247115306879,0.0793945228535575
4,rf_var,Plain RF,2041-2070SSP585,2041-2070,SSP585,12393866,8501128.01140083,1,Top-1,6793,4178.59208596777,0.000548093710227301,0.000491533838846313
4,rf_var,Plain RF,2041-2070SSP585,2041-2070,SSP585,12393866,8501128.01140083,3,Top-3,91137,52428.8181153646,0.00735339562328655,0.00616727780655137
4,rf_var,Plain RF,2041-2070SSP585,2041-2070,SSP585,12393866,8501128.01140083,5,Top-5,136247,78725.140723462,0.010993099328329,0.0092605523193962
5,rf_var,Plain RF,2041-2070SSP585,2041-2070,SSP585,12393866,8501128.01140083,1,Top-1,196402,109258.629485258,0.0158467099773388,0.0128522508235062
5,rf_var,Plain RF,2041-2070SSP585,2041-2070,SSP585,12393866,8501128.01140083,3,Top-3,553380,317132.838423457,0.0446495064574686,0.0373047950810941
5,rf_var,Plain RF,2041-2070SSP585,2041-2070,SSP585,12393866,8501128.01140083,5,Top-5,691516,411647.373251573,0.0557950198912914,0.0484226766964942
6,rf_var,Plain RF,2041-2070SSP585,2041-2070,SSP585,12393866,8501128.01140083,1,Top-1,1446,894.695640019663,0.000116670617545809,0.000105244343905866
6,rf_var,Plain RF,2041-2070SSP585,2041-2070,SSP585,12393866,8501128.01140083,3,Top-3,43568,23893.4470626267,0.0035152873203567,0.00281062078239303
6,rf_var,Plain RF,2041-2070SSP585,2041-2070,SSP585,12393866,8501128.01140083,5,Top-5,53560,29347.6158399557,0.00432149258350865,0.00345220255483716
7,rf_var,Plain RF,2041-2070SSP585,2041-2070,SSP585,12393866,8501128.01140083,1,Top-1,237919,155616.32284032,0.019196512210153,0.0183053734318108
7,rf_var,Plain RF,2041-2070SSP585,2041-2070,SSP585,12393866,8501128.01140083,3,Top-3,662013,436124.591625067,0.0534145681420148,0.0513019673436493
7,rf_var,Plain RF,2041-2070SSP585,2041-2070,SSP585,12393866,8501128.01140083,5,Top-5,872437,577776.516437604,0.0703926442322355,0.067964688411085
9,rf_var,Plain RF,2041-2070SSP585,2041-2070,SSP585,12393866,8501128.01140083,1,Top-1,2106,1345.69776093171,0.000169922766633107,0.00015829637656638
9,rf_var,Plain RF,2041-2070SSP585,2041-2070,SSP585,12393866,8501128.01140083,3,Top-3,7972,4759.85846000675,0.000643221412915066,0.000559909044261341
9,rf_var,Plain RF,2041-2070SSP585,2041-2070,SSP585,12393866,8501128.01140083,5,Top-5,13276,7673.77950503062,0.00107117504739845,0.000902677796962867
10,rf_var,Plain RF,2041-2070SSP585,2041-2070,SSP585,12393866,8501128.01140083,1,Top-1,222145,164618.877605268,0.0179237858469666,0.0193643569870373
10,rf_var,Plain RF,2041-2070SSP585,2041-2070,SSP585,12393866,8501128.01140083,3,Top-3,422631,312672.177193712,0.0341000136680516,0.03678008104035
10,rf_var,Plain RF,2041-2070SSP585,2041-2070,SSP585,12393866,8501128.01140083,5,Top-5,481139,355496.956061093,0.0388207359995662,0.0418176218008172
11,rf_var,Plain RF,2041-2070SSP585,2041-2070,SSP585,12393866,8501128.01140083,1,Top-1,84277,49113.8666567423,0.00679989601307615,0.00577733526549369
11,rf_var,Plain RF,2041-2070SSP585,2041-2070,SSP585,12393866,8501128.01140083,3,Top-3,211414,126832.641483034,0.0170579543138517,0.0149195073069056
11,rf_var,Plain RF,2041-2070SSP585,2041-2070,SSP585,12393866,8501128.01140083,5,Top-5,263297,160056.112561409,0.021244138027634,0.0188276323267639
12,rf_var,Plain RF,2041-2070SSP585,2041-2070,SSP585,12393866,8501128.01140083,1,Top-1,514639,311011.647450512,0.0415236859911185,0.0365847505217444
12,rf_var,Plain RF,2041-2070SSP585,2041-2070,SSP585,12393866,8501128.01140083,3,Top-3,859536,518277.786404263,0.0693517260877276,0.0609657666264057
12,rf_var,Plain RF,2041-2070SSP585,2041-2070,SSP585,12393866,8501128.01140083,5,Top-5,923790,557361.636909757,0.0745360648565992,0.06556325656575
13,rf_var,Plain RF,2041-2070SSP585,2041-2070,SSP585,12393866,8501128.01140083,1,Top-1,273969,172030.044138902,0.0221052091413607,0.0202361432398375
13,rf_var,Plain RF,2041-2070SSP585,2041-2070,SSP585,12393866,8501128.01140083,3,Top-3,670862,423844.321181318,0.0541285503651564,0.0498574213460734
13,rf_var,Plain RF,2041-2070SSP585,2041-2070,SSP585,12393866,8501128.01140083,5,Top-5,743721,470710.000060967,0.0600071841990223,0.0553702990273408
14,rf_var,Plain RF,2041-2070SSP585,2041-2070,SSP585,12393866,8501128.01140083,1,Top-1,19317,12303.4991250354,0.00155859358169598,0.00144727842099722
14,rf_var,Plain RF,2041-2070SSP585,2041-2070,SSP585,12393866,8501128.01140083,3,Top-3,83730,52660.0808998348,0.00675576127739319,0.00619448158282201
14,rf_var,Plain RF,2041-2070SSP585,2041-2070,SSP585,12393866,8501128.01140083,5,Top-5,103615,65170.8592500529,0.00836018398133399,0.00766614255927595
15,rf_var,Plain RF,2041-2070SSP585,2041-2070,SSP585,12393866,8501128.01140083,1,Top-1,273474,172328.07605984,0.0220652700295453,0.0202712011663313
15,rf_var,Plain RF,2041-2070SSP585,2041-2070,SSP585,12393866,8501128.01140083,3,Top-3,998845,638533.671237588,0.0805918831137919,0.0751116405236168
15,rf_var,Plain RF,2041-2070SSP585,2041-2070,SSP585,12393866,8501128.01140083,5,Top-5,1051860,672000.203302124,0.0848694023317664,0.0790483571592978
16,rf_var,Plain RF,2041-2070SSP585,2041-2070,SSP585,12393866,8501128.01140083,1,Top-1,525195,375182.198570243,0.0423753976362178,0.0441332253869237
16,rf_var,Plain RF,2041-2070SSP585,2041-2070,SSP585,12393866,8501128.01140083,3,Top-3,1388839,993248.048054139,0.112058578009477,0.116837206394504
16,rf_var,Plain RF,2041-2070SSP585,2041-2070,SSP585,12393866,8501128.01140083,5,Top-5,1629793,1166534.82225658,0.131499969420357,0.137221180611814
17,rf_var,Plain RF,2041-2070SSP585,2041-2070,SSP585,12393866,8501128.01140083,1,Top-1,348,218.940427961156,2.80784058823938e-05,2.57542796282488e-05
17,rf_var,Plain RF,2041-2070SSP585,2041-2070,SSP585,12393866,8501128.01140083,3,Top-3,841,521.739285887047,6.78561475491183e-05,6.13729478237882e-05
17,rf_var,Plain RF,2041-2070SSP585,2041-2070,SSP585,12393866,8501128.01140083,5,Top-5,1121,706.875985001088,9.04479683740328e-05,8.31508458704656e-05
18,rf_var,Plain RF,2041-2070SSP585,2041-2070,SSP585,12393866,8501128.01140083,1,Top-1,332533,233762.672133384,0.0268304498370404,0.027497841676997
18,rf_var,Plain RF,2041-2070SSP585,2041-2070,SSP585,12393866,8501128.01140083,3,Top-3,1129744,800787.886341361,0.0911534786643651,0.0941978388359083
18,rf_var,Plain RF,2041-2070SSP585,2041-2070,SSP585,12393866,8501128.01140083,5,Top-5,1442460,1024629.45928679,0.116384992382522,0.12052864724689
19,rf_var,Plain RF,2041-2070SSP585,2041-2070,SSP585,12393866,8501128.01140083,1,Top-1,734184,483786.387503124,0.0592376906447109,0.0569084934204402
19,rf_var,Plain RF,2041-2070SSP585,2041-2070,SSP585,12393866,8501128.01140083,3,Top-3,1049780,689543.969835783,0.084701577377067,0.0811120558249491
19,rf_var,Plain RF,2041-2070SSP585,2041-2070,SSP585,12393866,8501128.01140083,5,Top-5,1067725,701247.714474835,0.0861494710367209,0.0824887842571473
20,rf_var,Plain RF,2041-2070SSP585,2041-2070,SSP585,12393866,8501128.01140083,1,Top-1,133259,95998.0532137721,0.0107520123260974,0.0112923900316557
20,rf_var,Plain RF,2041-2070SSP585,2041-2070,SSP585,12393866,8501128.01140083,3,Top-3,541861,388955.741454863,0.0437200950857465,0.0457534271843966
20,rf_var,Plain RF,2041-2070SSP585,2041-2070,SSP585,12393866,8501128.01140083,5,Top-5,678215,486439.081439305,0.0547218277170336,0.0572205336499984
21,rf_var,Plain RF,2041-2070SSP585,2041-2070,SSP585,12393866,8501128.01140083,1,Top-1,1445539,1083057.71877469,0.116633421726522,0.127401648030968
21,rf_var,Plain RF,2041-2070SSP585,2041-2070,SSP585,12393866,8501128.01140083,3,Top-3,1892355,1428675.97397715,0.152684803918325,0.168057223942653
21,rf_var,Plain RF,2041-2070SSP585,2041-2070,SSP585,12393866,8501128.01140083,5,Top-5,2181361,1651914.71143534,0.176003274523058,0.194317119942196
22,rf_var,Plain RF,2041-2070SSP585,2041-2070,SSP585,12393866,8501128.01140083,1,Top-1,3901,2695.86882762402,0.000314752475135684,0.000317118954567982
22,rf_var,Plain RF,2041-2070SSP585,2041-2070,SSP585,12393866,8501128.01140083,3,Top-3,72977,50021.235217704,0.0058881546726421,0.00588407034344392
22,rf_var,Plain RF,2041-2070SSP585,2041-2070,SSP585,12393866,8501128.01140083,5,Top-5,120663,82956.9506421436,0.00973570312927379,0.009758346248979
23,rf_var,Plain RF,2041-2070SSP585,2041-2070,SSP585,12393866,8501128.01140083,1,Top-1,393621,254720.800603994,0.0317593396604417,0.029963176682246
23,rf_var,Plain RF,2041-2070SSP585,2041-2070,SSP585,12393866,8501128.01140083,3,Top-3,906530,587162.239234199,0.073143440472892,0.0690687445768089
23,rf_var,Plain RF,2041-2070SSP585,2041-2070,SSP585,12393866,8501128.01140083,5,Top-5,960689,621886.392879046,0.0775132634159511,0.0731533970603709
24,rf_var,Plain RF,2041-2070SSP585,2041-2070,SSP585,12393866,8501128.01140083,1,Top-1,744918,479695.905540806,0.0601037642330488,0.0564273241030471
24,rf_var,Plain RF,2041-2070SSP585,2041-2070,SSP585,12393866,8501128.01140083,3,Top-3,1205839,775650.693022336,0.0972932093989075,0.0912409143800815
24,rf_var,Plain RF,2041-2070SSP585,2041-2070,SSP585,12393866,8501128.01140083,5,Top-5,1241344,798715.391648971,0.100157932964581,0.0939540482836885
25,rf_var,Plain RF,2041-2070SSP585,2041-2070,SSP585,12393866,8501128.01140083,1,Top-1,359223,243833.212092439,0.028983934472101,0.0286824538773484
25,rf_var,Plain RF,2041-2070SSP585,2041-2070,SSP585,12393866,8501128.01140083,3,Top-3,895721,608885.420136031,0.0722713155039759,0.0716240738075532
25,rf_var,Plain RF,2041-2070SSP585,2041-2070,SSP585,12393866,8501128.01140083,5,Top-5,1004389,682224.877932931,0.0810392011661253,0.0802511004443177
26,rf_var,Plain RF,2041-2070SSP585,2041-2070,SSP585,12393866,8501128.01140083,1,Top-1,10443,7861.91765705297,0.000842594231694937,0.000924808760262095
26,rf_var,Plain RF,2041-2070SSP585,2041-2070,SSP585,12393866,8501128.01140083,3,Top-3,68475,52204.7987466075,0.00552491046780722,0.00614092608376158
26,rf_var,Plain RF,2041-2070SSP585,2041-2070,SSP585,12393866,8501128.01140083,5,Top-5,150728,115013.731304318,0.012161499890349,0.0135292317854847
27,rf_var,Plain RF,2041-2070SSP585,2041-2070,SSP585,12393866,8501128.01140083,1,Top-1,1073744,697411.079387026,0.0866351144993822,0.0820374753152442
27,rf_var,Plain RF,2041-2070SSP585,2041-2070,SSP585,12393866,8501128.01140083,3,Top-3,1581519,1028169.83570571,0.127604978139993,0.120945106852507
27,rf_var,Plain RF,2041-2070SSP585,2041-2070,SSP585,12393866,8501128.01140083,5,Top-5,1677391,1091006.08041397,0.135340417590444,0.128336625322054
28,rf_var,Plain RF,2041-2070SSP585,2041-2070,SSP585,12393866,8501128.01140083,1,Top-1,63031,45538.8205571088,0.00508566092291138,0.00535679741512383
28,rf_var,Plain RF,2041-2070SSP585,2041-2070,SSP585,12393866,8501128.01140083,3,Top-3,220259,160836.774285831,0.0177716137966959,0.0189194626960249
28,rf_var,Plain RF,2041-2070SSP585,2041-2070,SSP585,12393866,8501128.01140083,5,Top-5,367005,269670.280445256,0.0296118257208848,0.0317217056470156
29,rf_var,Plain RF,2041-2070SSP585,2041-2070,SSP585,12393866,8501128.01140083,1,Top-1,107598,65503.8408071552,0.0086815526325684,0.00770531166208863
29,rf_var,Plain RF,2041-2070SSP585,2041-2070,SSP585,12393866,8501128.01140083,3,Top-3,200402,123513.00260597,0.0161694502748376,0.0145290133780278
29,rf_var,Plain RF,2041-2070SSP585,2041-2070,SSP585,12393866,8501128.01140083,5,Top-5,212802,131450.576637436,0.0171699451970838,0.0154627217071838
30,rf_var,Plain RF,2041-2070SSP585,2041-2070,SSP585,12393866,8501128.01140083,1,Top-1,166738,127276.06726588,0.0134532679310878,0.0149716681239467
30,rf_var,Plain RF,2041-2070SSP585,2041-2070,SSP585,12393866,8501128.01140083,3,Top-3,881100,666234.106272262,0.0710916190315435,0.0783700828147485
30,rf_var,Plain RF,2041-2070SSP585,2041-2070,SSP585,12393866,8501128.01140083,5,Top-5,1245880,943776.042301697,0.100523920461945,0.111017742708497
31,rf_var,Plain RF,2041-2070SSP585,2041-2070,SSP585,12393866,8501128.01140083,1,Top-1,689508,487613.393124125,0.055633004261947,0.0573586696342166
31,rf_var,Plain RF,2041-2070SSP585,2041-2070,SSP585,12393866,8501128.01140083,3,Top-3,1161299,821026.087152283,0.0936994961862586,0.096578487707891
31,rf_var,Plain RF,2041-2070SSP585,2041-2070,SSP585,12393866,8501128.01140083,5,Top-5,1236833,874096.008016763,0.0997939625940768,0.102821179359318
32,rf_var,Plain RF,2041-2070SSP585,2041-2070,SSP585,12393866,8501128.01140083,1,Top-1,59176,38074.6933948423,0.00477461996119694,0.00447878132687574
32,rf_var,Plain RF,2041-2070SSP585,2041-2070,SSP585,12393866,8501128.01140083,3,Top-3,377172,243504.946569655,0.0304321508720524,0.0286438395284827
32,rf_var,Plain RF,2041-2070SSP585,2041-2070,SSP585,12393866,8501128.01140083,5,Top-5,423955,274081.598053708,0.0342068407065237,0.0322406153261236
33,rf_var,Plain RF,2041-2070SSP585,2041-2070,SSP585,12393866,8501128.01140083,1,Top-1,485325,328284.582624474,0.0391584837208987,0.0386165909023146
33,rf_var,Plain RF,2041-2070SSP585,2041-2070,SSP585,12393866,8501128.01140083,3,Top-3,800786,538957.204885256,0.0646114779682143,0.0633983165719258
33,rf_var,Plain RF,2041-2070SSP585,2041-2070,SSP585,12393866,8501128.01140083,5,Top-5,882393,593098.341373744,0.07119594483271,0.0697670168686252
34,rf_var,Plain RF,2041-2070SSP585,2041-2070,SSP585,12393866,8501128.01140083,1,Top-1,15264,11466.7381808067,0.00123157697525534,0.00134884901926293
34,rf_var,Plain RF,2041-2070SSP585,2041-2070,SSP585,12393866,8501128.01140083,3,Top-3,68960,51385.7270411352,0.00556404272887895,0.00604457749280119
34,rf_var,Plain RF,2041-2070SSP585,2041-2070,SSP585,12393866,8501128.01140083,5,Top-5,148414,110508.292899835,0.0119747946282459,0.0129992505408262
35,rf_var,Plain RF,2041-2070SSP585,2041-2070,SSP585,12393866,8501128.01140083,1,Top-1,476,325.304728470545,3.84060954023547e-05,3.8266066342523e-05
35,rf_var,Plain RF,2041-2070SSP585,2041-2070,SSP585,12393866,8501128.01140083,3,Top-3,31984,20454.0127896614,0.00258063141880024,0.00240603514759813
35,rf_var,Plain RF,2041-2070SSP585,2041-2070,SSP585,12393866,8501128.01140083,5,Top-5,43248,27643.9544250242,0.0034894680965568,0.00325179839521897
36,rf_var,Plain RF,2041-2070SSP585,2041-2070,SSP585,12393866,8501128.01140083,1,Top-1,53581,39028.0319162872,0.00432318697007052,0.004590923917855
36,rf_var,Plain RF,2041-2070SSP585,2041-2070,SSP585,12393866,8501128.01140083,3,Top-3,144294,105314.224342439,0.0116423721218222,0.0123882647339509
36,rf_var,Plain RF,2041-2070SSP585,2041-2070,SSP585,12393866,8501128.01140083,5,Top-5,210090,153927.66175876,0.0169511272753796,0.0181067337831319
37,rf_var,Plain RF,2041-2070SSP585,2041-2070,SSP585,12393866,8501128.01140083,1,Top-1,60125,40493.2319745783,0.00485119009677852,0.00476327752273263
37,rf_var,Plain RF,2041-2070SSP585,2041-2070,SSP585,12393866,8501128.01140083,3,Top-3,179486,119191.717963848,0.0144818412592165,0.0140206944071423
37,rf_var,Plain RF,2041-2070SSP585,2041-2070,SSP585,12393866,8501128.01140083,5,Top-5,324308,215493.35000084,0.0261668151003085,0.0253487948554407
38,rf_var,Plain RF,2041-2070SSP585,2041-2070,SSP585,12393866,8501128.01140083,1,Top-1,442,288.837172817056,3.56628028736151e-05,3.39763349557492e-05
38,rf_var,Plain RF,2041-2070SSP585,2041-2070,SSP585,12393866,8501128.01140083,3,Top-3,6927,4327.23552619543,0.00055890551019351,0.000509018981997705
38,rf_var,Plain RF,2041-2070SSP585,2041-2070,SSP585,12393866,8501128.01140083,5,Top-5,8330,5203.59357423715,0.000672106669541207,0.000612106248401227
39,rf_var,Plain RF,2041-2070SSP585,2041-2070,SSP585,12393866,8501128.01140083,1,Top-1,68922,51013.6588819326,0.00556097669605271,0.00600081057637509
39,rf_var,Plain RF,2041-2070SSP585,2041-2070,SSP585,12393866,8501128.01140083,3,Top-3,250113,185403.087740366,0.020180386007078,0.0218092337265976
39,rf_var,Plain RF,2041-2070SSP585,2041-2070,SSP585,12393866,8501128.01140083,5,Top-5,355035,262464.005101244,0.0286460253806197,0.0308740210415906
40,rf_var,Plain RF,2041-2070SSP585,2041-2070,SSP585,12393866,8501128.01140083,1,Top-1,314801,242304.302739282,0.0253997420982283,0.0285026060558468
40,rf_var,Plain RF,2041-2070SSP585,2041-2070,SSP585,12393866,8501128.01140083,3,Top-3,1766089,1342797.70819355,0.14249702231733,0.1579552391627
40,rf_var,Plain RF,2041-2070SSP585,2041-2070,SSP585,12393866,8501128.01140083,5,Top-5,2118930,1614748.0069627,0.170966024644772,0.189945146667262
41,rf_var,Plain RF,2041-2070SSP585,2041-2070,SSP585,12393866,8501128.01140083,1,Top-1,73047,48943.0879469879,0.00589380262784832,0.00575724631852978
41,rf_var,Plain RF,2041-2070SSP585,2041-2070,SSP585,12393866,8501128.01140083,3,Top-3,357820,242130.868197851,0.0288707333127533,0.0284822046995564
41,rf_var,Plain RF,2041-2070SSP585,2041-2070,SSP585,12393866,8501128.01140083,5,Top-5,439581,298364.512252481,0.0354676256787027,0.0350970496917992
42,rf_var,Plain RF,2041-2070SSP585,2041-2070,SSP585,12393866,8501128.01140083,1,Top-1,51603,35416.7365687702,0.00416359189295737,0.00416612201595753
42,rf_var,Plain RF,2041-2070SSP585,2041-2070,SSP585,12393866,8501128.01140083,3,Top-3,205792,142265.332737382,0.0166043428257172,0.016734877130022
42,rf_var,Plain RF,2041-2070SSP585,2041-2070,SSP585,12393866,8501128.01140083,5,Top-5,234898,162391.374721017,0.018952762600467,0.0191023325967136
43,rf_var,Plain RF,2041-2070SSP585,2041-2070,SSP585,12393866,8501128.01140083,1,Top-1,199,137.835432099461,1.60563298005642e-05,1.62137815022442e-05
43,rf_var,Plain RF,2041-2070SSP585,2041-2070,SSP585,12393866,8501128.01140083,3,Top-3,3415,2390.76562049232,0.000275539528989582,0.000281229222438019
43,rf_var,Plain RF,2041-2070SSP585,2041-2070,SSP585,12393866,8501128.01140083,5,Top-5,9080,6424.94060547374,0.000732620475322228,0.00075577506853882
44,rf_var,Plain RF,2041-2070SSP585,2041-2070,SSP585,12393866,8501128.01140083,1,Top-1,286630,218761.486514543,0.0231267628680187,0.0257332304867263
44,rf_var,Plain RF,2041-2070SSP585,2041-2070,SSP585,12393866,8501128.01140083,3,Top-3,1351597,1034291.00733337,0.109053704469614,0.121665149136242
44,rf_var,Plain RF,2041-2070SSP585,2041-2070,SSP585,12393866,8501128.01140083,5,Top-5,1828271,1399546.43351664,0.147514181612097,0.164630673910535
45,rf_var,Plain RF,2041-2070SSP585,2041-2070,SSP585,12393866,8501128.01140083,1,Top-1,124998,91982.6770702167,0.0100854729266881,0.0108200555204979
45,rf_var,Plain RF,2041-2070SSP585,2041-2070,SSP585,12393866,8501128.01140083,3,Top-3,370674,272586.431899582,0.0299078592587656,0.0320647367659936
45,rf_var,Plain RF,2041-2070SSP585,2041-2070,SSP585,12393866,8501128.01140083,5,Top-5,533228,391657.801847697,0.0430235408386697,0.0460712744617474
46,rf_var,Plain RF,2041-2070SSP585,2041-2070,SSP585,12393866,8501128.01140083,1,Top-1,304644,223577.265699855,0.0245802237978045,0.0262997175668942
46,rf_var,Plain RF,2041-2070SSP585,2041-2070,SSP585,12393866,8501128.01140083,3,Top-3,888371,648636.688383326,0.0716782802073219,0.0763000730624738
46,rf_var,Plain RF,2041-2070SSP585,2041-2070,SSP585,12393866,8501128.01140083,5,Top-5,1052691,767908.487452118,0.0849364516285717,0.0903301875259705
47,rf_var,Plain RF,2041-2070SSP585,2041-2070,SSP585,12393866,8501128.01140083,1,Top-1,123767,92887.3840978504,0.00998614960013284,0.0109264775184281
47,rf_var,Plain RF,2041-2070SSP585,2041-2070,SSP585,12393866,8501128.01140083,3,Top-3,501054,379319.868618222,0.0404275792557383,0.0446199455071747
47,rf_var,Plain RF,2041-2070SSP585,2041-2070,SSP585,12393866,8501128.01140083,5,Top-5,669276,507439.952586345,0.0540005838371982,0.0596908965381793
48,rf_var,Plain RF,2041-2070SSP585,2041-2070,SSP585,12393866,8501128.01140083,1,Top-1,355,265.904408161319,2.86432014030166e-05,3.12787206362162e-05
48,rf_var,Plain RF,2041-2070SSP585,2041-2070,SSP585,12393866,8501128.01140083,3,Top-3,47898,36013.775130466,0.00386465369239913,0.00423635252664918
48,rf_var,Plain RF,2041-2070SSP585,2041-2070,SSP585,12393866,8501128.01140083,5,Top-5,61214,46145.3353894291,0.00493905614277256,0.00542814263325334
49,rf_var,Plain RF,2041-2070SSP585,2041-2070,SSP585,12393866,8501128.01140083,1,Top-1,179325,136923.784063579,0.0144688509622421,0.0161065430234612
49,rf_var,Plain RF,2041-2070SSP585,2041-2070,SSP585,12393866,8501128.01140083,3,Top-3,457803,349742.133581518,0.0369378691039584,0.0411406736979469
49,rf_var,Plain RF,2041-2070SSP585,2041-2070,SSP585,12393866,8501128.01140083,5,Top-5,741930,568222.187711475,0.0598626772308172,0.0668407988856813
50,rf_var,Plain RF,2041-2070SSP585,2041-2070,SSP585,12393866,8501128.01140083,1,Top-1,23945,18523.6875769802,0.00193200410590207,0.00217896819717785
50,rf_var,Plain RF,2041-2070SSP585,2041-2070,SSP585,12393866,8501128.01140083,3,Top-3,80871,62720.4953089208,0.00652508264975594,0.00737790270006599
50,rf_var,Plain RF,2041-2070SSP585,2041-2070,SSP585,12393866,8501128.01140083,5,Top-5,116546,90343.1257052205,0.00940352267807317,0.0106271927189029
52,rf_var,Plain RF,2041-2070SSP585,2041-2070,SSP585,12393866,8501128.01140083,1,Top-1,53292,41139.1907618042,0.00429986898357623,0.0048392625904036
52,rf_var,Plain RF,2041-2070SSP585,2041-2070,SSP585,12393866,8501128.01140083,3,Top-3,99278,77135.5509333019,0.00801025281377094,0.00907356657020759
52,rf_var,Plain RF,2041-2070SSP585,2041-2070,SSP585,12393866,8501128.01140083,5,Top-5,132425,103276.014067685,0.0106847209740689,0.0121485071074311
53,rf_var,Plain RF,2041-2070SSP585,2041-2070,SSP585,12393866,8501128.01140083,1,Top-1,266796,210839.569735802,0.021526455102871,0.0248013639428845
53,rf_var,Plain RF,2041-2070SSP585,2041-2070,SSP585,12393866,8501128.01140083,3,Top-3,363647,286855.600152044,0.0293408852411346,0.0337432396932904
53,rf_var,Plain RF,2041-2070SSP585,2041-2070,SSP585,12393866,8501128.01140083,5,Top-5,383717,302556.160805875,0.0309602346838347,0.0355901193818183
54,rf_var,Plain RF,2041-2070SSP585,2041-2070,SSP585,12393866,8501128.01140083,1,Top-1,55,42.7752060851512,4.43767909060821e-06,5.03170944229819e-06
54,rf_var,Plain RF,2041-2070SSP585,2041-2070,SSP585,12393866,8501128.01140083,3,Top-3,14674,11587.0853466483,0.00118397278137427,0.00136300563067735
54,rf_var,Plain RF,2041-2070SSP585,2041-2070,SSP585,12393866,8501128.01140083,5,Top-5,25127,19872.8102211924,0.00202737386381295,0.00233766744772471
55,rf_var,Plain RF,2041-2070SSP585,2041-2070,SSP585,12393866,8501128.01140083,1,Top-1,8326,6581.35680921245,0.000671783929243708,0.00077417453311916
55,rf_var,Plain RF,2041-2070SSP585,2041-2070,SSP585,12393866,8501128.01140083,3,Top-3,58192,46206.5488034854,0.00469522584801223,0.00543534325580299
55,rf_var,Plain RF,2041-2070SSP585,2041-2070,SSP585,12393866,8501128.01140083,5,Top-5,85216,67453.327026665,0.00687565929791399,0.00793463254949269
1,rf_var,Plain RF,2071-2100SSP585,2071-2100,SSP585,12393866,8501128.01140083,1,Top-1,67005,47078.3663761737,0.00540630340847642,0.00553789641951481
1,rf_var,Plain RF,2071-2100SSP585,2071-2100,SSP585,12393866,8501128.01140083,3,Top-3,131420,93146.6430737251,0.0106036324743224,0.01095697452724
1,rf_var,Plain RF,2071-2100SSP585,2071-2100,SSP585,12393866,8501128.01140083,5,Top-5,198798,142627.333982437,0.0160400314155406,0.0167774598607573
2,rf_var,Plain RF,2071-2100SSP585,2071-2100,SSP585,12393866,8501128.01140083,1,Top-1,26755,16124.7291848338,0.00215872916489496,0.00189677524714473
2,rf_var,Plain RF,2071-2100SSP585,2071-2100,SSP585,12393866,8501128.01140083,3,Top-3,104819,63509.7357208403,0.00845732881088112,0.00747074219276167
2,rf_var,Plain RF,2071-2100SSP585,2071-2100,SSP585,12393866,8501128.01140083,5,Top-5,122046,74813.6405131281,0.00984729058713399,0.0088004368847047
3,rf_var,Plain RF,2071-2100SSP585,2071-2100,SSP585,12393866,8501128.01140083,1,Top-1,358944,221810.404449178,0.0289614233363504,0.0260918791190662
3,rf_var,Plain RF,2071-2100SSP585,2071-2100,SSP585,12393866,8501128.01140083,3,Top-3,694514,438270.028335231,0.0560369137442667,0.0515543381710602
3,rf_var,Plain RF,2071-2100SSP585,2071-2100,SSP585,12393866,8501128.01140083,5,Top-5,784614,499382.838647492,0.0633066389454267,0.0587431265565901
4,rf_var,Plain RF,2071-2100SSP585,2071-2100,SSP585,12393866,8501128.01140083,1,Top-1,3427,2125.88048093526,0.000276507749882079,0.000250070399843909
4,rf_var,Plain RF,2071-2100SSP585,2071-2100,SSP585,12393866,8501128.01140083,3,Top-3,19341,11960.6214788579,0.00156053002348097,0.00140694522689431
4,rf_var,Plain RF,2071-2100SSP585,2071-2100,SSP585,12393866,8501128.01140083,5,Top-5,25090,15505.0760854148,0.00202438851606109,0.00182388455562849
5,rf_var,Plain RF,2071-2100SSP585,2071-2100,SSP585,12393866,8501128.01140083,1,Top-1,66919,38191.0515690112,0.0053993644920802,0.00449246870742252
5,rf_var,Plain RF,2071-2100SSP585,2071-2100,SSP585,12393866,8501128.01140083,3,Top-3,209543,123159.699216353,0.0169069925396967,0.0144874537886247
5,rf_var,Plain RF,2071-2100SSP585,2071-2100,SSP585,12393866,8501128.01140083,5,Top-5,272442,167535.529559103,0.0219820030327906,0.0197074469804973
6,rf_var,Plain RF,2071-2100SSP585,2071-2100,SSP585,12393866,8501128.01140083,1,Top-1,4,2.37716040060234,3.22740297498779e-07,2.79628820718185e-07
6,rf_var,Plain RF,2071-2100SSP585,2071-2100,SSP585,12393866,8501128.01140083,3,Top-3,444,246.328750923595,3.58241730223644e-05,2.89760077242979e-05
6,rf_var,Plain RF,2071-2100SSP585,2071-2100,SSP585,12393866,8501128.01140083,5,Top-5,468,259.519884135707,3.77606148073571e-05,3.05276998285011e-05
7,rf_var,Plain RF,2071-2100SSP585,2071-2100,SSP585,12393866,8501128.01140083,1,Top-1,151761,99669.9941668286,0.012244847572178,0.0117243257639647
7,rf_var,Plain RF,2071-2100SSP585,2071-2100,SSP585,12393866,8501128.01140083,3,Top-3,448104,297373.18000512,0.0361553045675982,0.0349804378438149
7,rf_var,Plain RF,2071-2100SSP585,2071-2100,SSP585,12393866,8501128.01140083,5,Top-5,528045,351612.474602465,0.0426053500981857,0.0413606846210196
9,rf_var,Plain RF,2071-2100SSP585,2071-2100,SSP585,12393866,8501128.01140083,1,Top-1,179,114.378432382948,1.44426283130704e-05,1.34545006532728e-05
9,rf_var,Plain RF,2071-2100SSP585,2071-2100,SSP585,12393866,8501128.01140083,3,Top-3,8692,4756.87184091738,0.000701314666464846,0.000559557723932396
9,rf_var,Plain RF,2071-2100SSP585,2071-2100,SSP585,12393866,8501128.01140083,5,Top-5,9862,5427.78657208173,0.000795716203483239,0.000638478395432059
10,rf_var,Plain RF,2071-2100SSP585,2071-2100,SSP585,12393866,8501128.01140083,1,Top-1,275814,203649.949984204,0.022254073103582,0.0239556385589171
10,rf_var,Plain RF,2071-2100SSP585,2071-2100,SSP585,12393866,8501128.01140083,3,Top-3,432735,319283.244806107,0.0349152556595335,0.0375577504982772
10,rf_var,Plain RF,2071-2100SSP585,2071-2100,SSP585,12393866,8501128.01140083,5,Top-5,455575,335883.03823131,0.0367581027582515,0.0395104082400428
11,rf_var,Plain RF,2071-2100SSP585,2071-2100,SSP585,12393866,8501128.01140083,1,Top-1,46360,27049.1675503011,0.00374056004801085,0.00318183275372698
11,rf_var,Plain RF,2071-2100SSP585,2071-2100,SSP585,12393866,8501128.01140083,3,Top-3,91868,54883.2353461431,0.00741237641265445,0.00645599446009275
11,rf_var,Plain RF,2071-2100SSP585,2071-2100,SSP585,12393866,8501128.01140083,5,Top-5,103904,62784.9790185527,0.00838350196782828,0.0073854880122205
12,rf_var,Plain RF,2071-2100SSP585,2071-2100,SSP585,12393866,8501128.01140083,1,Top-1,604715,356773.906970003,0.0487914747504935,0.0419678313856156
12,rf_var,Plain RF,2071-2100SSP585,2071-2100,SSP585,12393866,8501128.01140083,3,Top-3,844039,499711.295799688,0.0681013494901429,0.058781763447101
12,rf_var,Plain RF,2071-2100SSP585,2071-2100,SSP585,12393866,8501128.01140083,5,Top-5,858322,508737.154355752,0.0692537744074367,0.0598434882610268
13,rf_var,Plain RF,2071-2100SSP585,2071-2100,SSP585,12393866,8501128.01140083,1,Top-1,168566,109315.662666556,0.0136007602470448,0.0128589597192224
13,rf_var,Plain RF,2071-2100SSP585,2071-2100,SSP585,12393866,8501128.01140083,3,Top-3,377780,245404.232547513,0.0304812073972722,0.0288672552887573
13,rf_var,Plain RF,2071-2100SSP585,2071-2100,SSP585,12393866,8501128.01140083,5,Top-5,397866,258635.840081586,0.0321018478011623,0.030423708446071
14,rf_var,Plain RF,2071-2100SSP585,2071-2100,SSP585,12393866,8501128.01140083,1,Top-1,35882,22047.4813625232,0.0028951418387128,0.00259347716361351
14,rf_var,Plain RF,2071-2100SSP585,2071-2100,SSP585,12393866,8501128.01140083,3,Top-3,69361,42777.9214299136,0.0055963974437032,0.00503202885223517
14,rf_var,Plain RF,2071-2100SSP585,2071-2100,SSP585,12393866,8501128.01140083,5,Top-5,70460,43450.7269589698,0.00568507034044099,0.00511117194102926
15,rf_var,Plain RF,2071-2100SSP585,2071-2100,SSP585,12393866,8501128.01140083,1,Top-1,411389,266982.142148821,0.0331929520619313,0.0314054960460273
15,rf_var,Plain RF,2071-2100SSP585,2071-2100,SSP585,12393866,8501128.01140083,3,Top-3,921641,598490.970997705,0.074362672631768,0.0704013597013327
15,rf_var,Plain RF,2071-2100SSP585,2071-2100,SSP585,12393866,8501128.01140083,5,Top-5,931549,604562.553410458,0.0751621003486725,0.0711155687339
16,rf_var,Plain RF,2071-2100SSP585,2071-2100,SSP585,12393866,8501128.01140083,1,Top-1,235210,169665.710589056,0.0189779363436719,0.0199580232601507
16,rf_var,Plain RF,2071-2100SSP585,2071-2100,SSP585,12393866,8501128.01140083,3,Top-3,977625,702615.855019039,0.0788797458355609,0.0826497206108135
16,rf_var,Plain RF,2071-2100SSP585,2071-2100,SSP585,12393866,8501128.01140083,5,Top-5,1159149,833552.904935748,0.093526023276353,0.0980520354261074
17,rf_var,Plain RF,2071-2100SSP585,2071-2100,SSP585,12393866,8501128.01140083,1,Top-1,21,14.2998797601323,1.69438656186859e-06,1.68211556642304e-06
17,rf_var,Plain RF,2071-2100SSP585,2071-2100,SSP585,12393866,8501128.01140083,3,Top-3,83,56.1685139947066,6.69686117309966e-06,6.60718364896744e-06
17,rf_var,Plain RF,2071-2100SSP585,2071-2100,SSP585,12393866,8501128.01140083,5,Top-5,174,119.274963177735,1.40392029411969e-05,1.40304866622142e-05
18,rf_var,Plain RF,2071-2100SSP585,2071-2100,SSP585,12393866,8501128.01140083,1,Top-1,618440,437377.46146596,0.0498988773962862,0.0514493442375405
18,rf_var,Plain RF,2071-2100SSP585,2071-2100,SSP585,12393866,8501128.01140083,3,Top-3,1444942,1030725.26530273,0.11658525273712,0.121245705736983
18,rf_var,Plain RF,2071-2100SSP585,2071-2100,SSP585,12393866,8501128.01140083,5,Top-5,1690493,1208760.32514991,0.136397553434901,0.142188227671533
19,rf_var,Plain RF,2071-2100SSP585,2071-2100,SSP585,12393866,8501128.01140083,1,Top-1,799243,522597.405576373,0.0644869808984541,0.0614738896856417
19,rf_var,Plain RF,2071-2100SSP585,2071-2100,SSP585,12393866,8501128.01140083,3,Top-3,1196074,785323.297474153,0.0965053196476386,0.0923787168503944
19,rf_var,Plain RF,2071-2100SSP585,2071-2100,SSP585,12393866,8501128.01140083,5,Top-5,1200352,788108.927197433,0.0968504903958135,0.0927063945091172
20,rf_var,Plain RF,2071-2100SSP585,2071-2100,SSP585,12393866,8501128.01140083,1,Top-1,87365,63174.8650154121,0.0070490515227452,0.0074313508666954
20,rf_var,Plain RF,2071-2100SSP585,2071-2100,SSP585,12393866,8501128.01140083,3,Top-3,374764,271842.39427667,0.0302378612129581,0.0319772145428352
20,rf_var,Plain RF,2071-2100SSP585,2071-2100,SSP585,12393866,8501128.01140083,5,Top-5,452804,328191.593316069,0.0365345244171593,0.0386056524352924
21,rf_var,Plain RF,2071-2100SSP585,2071-2100,SSP585,12393866,8501128.01140083,1,Top-1,1782405,1332707.37714144,0.143813479990828,0.15676829890741
21,rf_var,Plain RF,2071-2100SSP585,2071-2100,SSP585,12393866,8501128.01140083,3,Top-3,2130135,1601715.20115018,0.17187010090314,0.188412078844375
21,rf_var,Plain RF,2071-2100SSP585,2071-2100,SSP585,12393866,8501128.01140083,5,Top-5,2315767,1745404.37957947,0.186847832629464,0.205314445005264
22,rf_var,Plain RF,2071-2100SSP585,2071-2100,SSP585,12393866,8501128.01140083,1,Top-1,92,64.8529675976429,7.42302684247191e-06,7.62874850380665e-06
22,rf_var,Plain RF,2071-2100SSP585,2071-2100,SSP585,12393866,8501128.01140083,3,Top-3,16317,11789.3998497363,0.00131653835857189,0.00138680417868377
22,rf_var,Plain RF,2071-2100SSP585,2071-2100,SSP585,12393866,8501128.01140083,5,Top-5,32984,23650.1410331298,0.00266131649317493,0.0027820003417679
23,rf_var,Plain RF,2071-2100SSP585,2071-2100,SSP585,12393866,8501128.01140083,1,Top-1,102088,64445.7392280558,0.00823697787276383,0.00758084564091117
23,rf_var,Plain RF,2071-2100SSP585,2071-2100,SSP585,12393866,8501128.01140083,3,Top-3,285524,181598.446620297,0.0230375251757603,0.0213616882814559
23,rf_var,Plain RF,2071-2100SSP585,2071-2100,SSP585,12393866,8501128.01140083,5,Top-5,305024,193912.109103589,0.0246108841260669,0.0228101622330041
24,rf_var,Plain RF,2071-2100SSP585,2071-2100,SSP585,12393866,8501128.01140083,1,Top-1,670823,434939.465465638,0.0541254036472558,0.0511625592371203
24,rf_var,Plain RF,2071-2100SSP585,2071-2100,SSP585,12393866,8501128.01140083,3,Top-3,928077,601862.833719411,0.0748819617704435,0.0707979967966904
24,rf_var,Plain RF,2071-2100SSP585,2071-2100,SSP585,12393866,8501128.01140083,5,Top-5,935868,607047.45836462,0.0755105791848968,0.0714078717024977
25,rf_var,Plain RF,2071-2100SSP585,2071-2100,SSP585,12393866,8501128.01140083,1,Top-1,451931,309352.983517642,0.0364640863472302,0.0363896394811101
25,rf_var,Plain RF,2071-2100SSP585,2071-2100,SSP585,12393866,8501128.01140083,3,Top-3,865489,593158.633268418,0.0698320443354802,0.0697741090915153
25,rf_var,Plain RF,2071-2100SSP585,2071-2100,SSP585,12393866,8501128.01140083,5,Top-5,901385,617699.036875768,0.0727283157652342,0.0726608323092387
26,rf_var,Plain RF,2071-2100SSP585,2071-2100,SSP585,12393866,8501128.01140083,1,Top-1,2204,1687.04022376968,0.000177829903921827,0.000198448984829683
26,rf_var,Plain RF,2071-2100SSP585,2071-2100,SSP585,12393866,8501128.01140083,3,Top-3,26034,20058.5513603892,0.0021005552262708,0.00235951644693372
26,rf_var,Plain RF,2071-2100SSP585,2071-2100,SSP585,12393866,8501128.01140083,5,Top-5,51856,40055.9140636029,0.00418400521677417,0.00471183518350554
27,rf_var,Plain RF,2071-2100SSP585,2071-2100,SSP585,12393866,8501128.01140083,1,Top-1,1293381,835485.499991021,0.104356542179817,0.0982793693813991
27,rf_var,Plain RF,2071-2100SSP585,2071-2100,SSP585,12393866,8501128.01140083,3,Top-3,1699054,1095375.89795155,0.137088298356623,0.128850653287722
27,rf_var,Plain RF,2071-2100SSP585,2071-2100,SSP585,12393866,8501128.01140083,5,Top-5,1747919,1127489.12652265,0.141030974515942,0.132628178873507
28,rf_var,Plain RF,2071-2100SSP585,2071-2100,SSP585,12393866,8501128.01140083,1,Top-1,46629,33411.5396720174,0.00376226433301764,0.00393024780090469
28,rf_var,Plain RF,2071-2100SSP585,2071-2100,SSP585,12393866,8501128.01140083,3,Top-3,145617,105245.685708274,0.0117491184752199,0.0123802024351509
28,rf_var,Plain RF,2071-2100SSP585,2071-2100,SSP585,12393866,8501128.01140083,5,Top-5,236457,172219.956049944,0.0190785506314172,0.0202584828529791
29,rf_var,Plain RF,2071-2100SSP585,2071-2100,SSP585,12393866,8501128.01140083,1,Top-1,31283,18714.2904592395,0.00252407118166357,0.00220138909026447
29,rf_var,Plain RF,2071-2100SSP585,2071-2100,SSP585,12393866,8501128.01140083,3,Top-3,81082,49443.5213967748,0.006542107200449,0.00581611302999629
29,rf_var,Plain RF,2071-2100SSP585,2071-2100,SSP585,12393866,8501128.01140083,5,Top-5,85386,52142.4095617453,0.00688937576055768,0.00613358715358918
30,rf_var,Plain RF,2071-2100SSP585,2071-2100,SSP585,12393866,8501128.01140083,1,Top-1,69611,52668.1763232232,0.00561656871229687,0.00619543385919964
30,rf_var,Plain RF,2071-2100SSP585,2071-2100,SSP585,12393866,8501128.01140083,3,Top-3,463581,347958.814268473,0.0374040674636953,0.0409308992644066
30,rf_var,Plain RF,2071-2100SSP585,2071-2100,SSP585,12393866,8501128.01140083,5,Top-5,750210,566420.166556105,0.0605307496466397,0.0666288245273428
31,rf_var,Plain RF,2071-2100SSP585,2071-2100,SSP585,12393866,8501128.01140083,1,Top-1,391993,276785.778689705,0.0316279843593597,0.0325587120107483
31,rf_var,Plain RF,2071-2100SSP585,2071-2100,SSP585,12393866,8501128.01140083,3,Top-3,756190,532798.231028936,0.0610132463914004,0.0626738275572844
31,rf_var,Plain RF,2071-2100SSP585,2071-2100,SSP585,12393866,8501128.01140083,5,Top-5,790092,556705.161509515,0.0637486317828513,0.065486034413659
32,rf_var,Plain RF,2071-2100SSP585,2071-2100,SSP585,12393866,8501128.01140083,1,Top-1,60319,38273.5760787315,0.00486684300120721,0.00450217618501956
32,rf_var,Plain RF,2071-2100SSP585,2071-2100,SSP585,12393866,8501128.01140083,3,Top-3,249351,161495.214016593,0.0201189039804045,0.01899691591516
32,rf_var,Plain RF,2071-2100SSP585,2071-2100,SSP585,12393866,8501128.01140083,5,Top-5,267185,173405.409739206,0.0215578415968028,0.0203979294873165
33,rf_var,Plain RF,2071-2100SSP585,2071-2100,SSP585,12393866,8501128.01140083,1,Top-1,282463,190427.240647638,0.0227905481630994,0.0224002321094632
33,rf_var,Plain RF,2071-2100SSP585,2071-2100,SSP585,12393866,8501128.01140083,3,Top-3,507274,340894.214767996,0.0409294404183489,0.040099880193643
33,rf_var,Plain RF,2071-2100SSP585,2071-2100,SSP585,12393866,8501128.01140083,5,Top-5,535791,360097.997057318,0.0432303366842921,0.0423588489168016
34,rf_var,Plain RF,2071-2100SSP585,2071-2100,SSP585,12393866,8501128.01140083,1,Top-1,13599,10119.6343901199,0.00109723632642147,0.00119038724938014
34,rf_var,Plain RF,2071-2100SSP585,2071-2100,SSP585,12393866,8501128.01140083,3,Top-3,69401,51549.4059476056,0.00559962484667819,0.0060638312796223
34,rf_var,Plain RF,2071-2100SSP585,2071-2100,SSP585,12393866,8501128.01140083,5,Top-5,141229,105022.87399125,0.0113950723688638,0.0123539927701835
35,rf_var,Plain RF,2071-2100SSP585,2071-2100,SSP585,12393866,8501128.01140083,1,Top-1,19,11.8765228097339,1.5330164131192e-06,1.39705257864678e-06
35,rf_var,Plain RF,2071-2100SSP585,2071-2100,SSP585,12393866,8501128.01140083,3,Top-3,7534,4777.72086192937,0.00060788135033895,0.000562010224469269
35,rf_var,Plain RF,2071-2100SSP585,2071-2100,SSP585,12393866,8501128.01140083,5,Top-5,10084,6406.42505425214,0.000813628289994422,0.000753597057432908
36,rf_var,Plain RF,2071-2100SSP585,2071-2100,SSP585,12393866,8501128.01140083,1,Top-1,25677,18569.436717784,0.00207175065471904,0.00218434973486819
36,rf_var,Plain RF,2071-2100SSP585,2071-2100,SSP585,12393866,8501128.01140083,3,Top-3,79995,58075.8367291591,0.0064544025246037,0.00683154478455963
36,rf_var,Plain RF,2071-2100SSP585,2071-2100,SSP585,12393866,8501128.01140083,5,Top-5,108217,78570.1076061222,0.00873149669360634,0.00924231554927206
37,rf_var,Plain RF,2071-2100SSP585,2071-2100,SSP585,12393866,8501128.01140083,1,Top-1,40220,26186.2740255718,0.00324515369135022,0.00308032933870111
37,rf_var,Plain RF,2071-2100SSP585,2071-2100,SSP585,12393866,8501128.01140083,3,Top-3,153480,99311.2598328426,0.0123835452150281,0.0116821273247099
37,rf_var,Plain RF,2071-2100SSP585,2071-2100,SSP585,12393866,8501128.01140083,5,Top-5,220214,143461.565465242,0.017767982968349,0.0168755917182809
38,rf_var,Plain RF,2071-2100SSP585,2071-2100,SSP585,12393866,8501128.01140083,1,Top-1,0,0,0,0
38,rf_var,Plain RF,2071-2100SSP585,2071-2100,SSP585,12393866,8501128.01140083,3,Top-3,60,38.0252599354954,4.84110446248168e-06,4.47296639745924e-06
38,rf_var,Plain RF,2071-2100SSP585,2071-2100,SSP585,12393866,8501128.01140083,5,Top-5,61,38.6414114733605,4.92178953685638e-06,4.54544519521865e-06
39,rf_var,Plain RF,2071-2100SSP585,2071-2100,SSP585,12393866,8501128.01140083,1,Top-1,63902,46770.0834577961,0.00515593762269174,0.00550163265334588
39,rf_var,Plain RF,2071-2100SSP585,2071-2100,SSP585,12393866,8501128.01140083,3,Top-3,266297,196215.373371387,0.0214861932507581,0.0230810985445982
39,rf_var,Plain RF,2071-2100SSP585,2071-2100,SSP585,12393866,8501128.01140083,5,Top-5,364227,268144.745189817,0.0293876825842719,0.0315422547255151
40,rf_var,Plain RF,2071-2100SSP585,2071-2100,SSP585,12393866,8501128.01140083,1,Top-1,305103,234206.539220477,0.0246172582469425,0.0275500544052958
40,rf_var,Plain RF,2071-2100SSP585,2071-2100,SSP585,12393866,8501128.01140083,3,Top-3,2031146,1539907.0857623,0.163883166075864,0.181141500715803
40,rf_var,Plain RF,2071-2100SSP585,2071-2100,SSP585,12393866,8501128.01140083,5,Top-5,2239463,1700973.43588859,0.180691238714377,0.200087968750432
41,rf_var,Plain RF,2071-2100SSP585,2071-2100,SSP585,12393866,8501128.01140083,1,Top-1,18106,12249.2475061079,0.00146088395662822,0.0014408967244912
41,rf_var,Plain RF,2071-2100SSP585,2071-2100,SSP585,12393866,8501128.01140083,3,Top-3,178718,121391.26080111,0.0144198751220967,0.0142794298166447
41,rf_var,Plain RF,2071-2100SSP585,2071-2100,SSP585,12393866,8501128.01140083,5,Top-5,229940,156809.142815568,0.0185527260017173,0.0184456865730374
42,rf_var,Plain RF,2071-2100SSP585,2071-2100,SSP585,12393866,8501128.01140083,1,Top-1,13988,9553.24266901732,0.00112862282035323,0.00112376177093269
42,rf_var,Plain RF,2071-2100SSP585,2071-2100,SSP585,12393866,8501128.01140083,3,Top-3,61360,42143.7487020116,0.00495083616363127,0.00495743019579199
42,rf_var,Plain RF,2071-2100SSP585,2071-2100,SSP585,12393866,8501128.01140083,5,Top-5,80078,55076.2881021015,0.0064610993857768,0.0064787035353707
43,rf_var,Plain RF,2071-2100SSP585,2071-2100,SSP585,12393866,8501128.01140083,1,Top-1,2,1.35769596518803,1.61370148749389e-07,1.59707742709818e-07
43,rf_var,Plain RF,2071-2100SSP585,2071-2100,SSP585,12393866,8501128.01140083,3,Top-3,392,281.264336577355,3.16285491548803e-05,3.30855312612812e-05
43,rf_var,Plain RF,2071-2100SSP585,2071-2100,SSP585,12393866,8501128.01140083,5,Top-5,731,527.02020627219,5.89807893679018e-05,6.19941501369472e-05
44,rf_var,Plain RF,2071-2100SSP585,2071-2100,SSP585,12393866,8501128.01140083,1,Top-1,213885,164052.802041439,0.0172573271326316,0.0192977686986278
44,rf_var,Plain RF,2071-2100SSP585,2071-2100,SSP585,12393866,8501128.01140083,3,Top-3,1417640,1084563.09539831,0.114382388836542,0.127578727663412
44,rf_var,Plain RF,2071-2100SSP585,2071-2100,SSP585,12393866,8501128.01140083,5,Top-5,1745964,1336328.48999877,0.140873235195539,0.157194255657205
45,rf_var,Plain RF,2071-2100SSP585,2071-2100,SSP585,12393866,8501128.01140083,1,Top-1,58191,42767.1899278291,0.00469514516293786,0.00503076649010275
45,rf_var,Plain RF,2071-2100SSP585,2071-2100,SSP585,12393866,8501128.01140083,3,Top-3,277167,202059.720879791,0.022363240009211,0.023768577606267
45,rf_var,Plain RF,2071-2100SSP585,2071-2100,SSP585,12393866,8501128.01140083,5,Top-5,403664,293910.573222569,0.0325696598623868,0.034573126393157
46,rf_var,Plain RF,2071-2100SSP585,2071-2100,SSP585,12393866,8501128.01140083,1,Top-1,418938,307132.611031729,0.0338020436883859,0.0361284538498696
46,rf_var,Plain RF,2071-2100SSP585,2071-2100,SSP585,12393866,8501128.01140083,3,Top-3,1073164,781090.976774942,0.0865883171562449,0.091880862836958
46,rf_var,Plain RF,2071-2100SSP585,2071-2100,SSP585,12393866,8501128.01140083,5,Top-5,1221677,889265.297078004,0.0985710996068539,0.104605564800979
47,rf_var,Plain RF,2071-2100SSP585,2071-2100,SSP585,12393866,8501128.01140083,1,Top-1,45904,33824.5921557803,0.00370376765409599,0.00397883576278563
47,rf_var,Plain RF,2071-2100SSP585,2071-2100,SSP585,12393866,8501128.01140083,3,Top-3,284605,216662.709541201,0.02296337559241,0.0254863483117341
47,rf_var,Plain RF,2071-2100SSP585,2071-2100,SSP585,12393866,8501128.01140083,5,Top-5,380789,290318.244635911,0.0307239887860656,0.0341505555788086
48,rf_var,Plain RF,2071-2100SSP585,2071-2100,SSP585,12393866,8501128.01140083,1,Top-1,646,499.91082129057,5.21225580460528e-05,5.88052339195624e-05
48,rf_var,Plain RF,2071-2100SSP585,2071-2100,SSP585,12393866,8501128.01140083,3,Top-3,49654,37378.7872136767,0.00400633668300109,0.0043969208749178
48,rf_var,Plain RF,2071-2100SSP585,2071-2100,SSP585,12393866,8501128.01140083,5,Top-5,55922,42208.6733565318,0.00451207072918168,0.00496506737693233
49,rf_var,Plain RF,2071-2100SSP585,2071-2100,SSP585,12393866,8501128.01140083,1,Top-1,196489,149552.646190541,0.0158537295788094,0.017592094365592
49,rf_var,Plain RF,2071-2100SSP585,2071-2100,SSP585,12393866,8501128.01140083,3,Top-3,380884,290483.390256093,0.0307316538681312,0.0341699818972879
49,rf_var,Plain RF,2071-2100SSP585,2071-2100,SSP585,12393866,8501128.01140083,5,Top-5,552163,421937.361505733,0.0445513127219546,0.0496331029176215
50,rf_var,Plain RF,2071-2100SSP585,2071-2100,SSP585,12393866,8501128.01140083,1,Top-1,31433,24060.8219230979,0.00253617394281978,0.00283030932963602
50,rf_var,Plain RF,2071-2100SSP585,2071-2100,SSP585,12393866,8501128.01140083,3,Top-3,91775,70985.0349126453,0.00740487270073761,0.00835007246302462
50,rf_var,Plain RF,2071-2100SSP585,2071-2100,SSP585,12393866,8501128.01140083,5,Top-5,120939,93578.8797427523,0.0097579722098012,0.0110078191526176
52,rf_var,Plain RF,2071-2100SSP585,2071-2100,SSP585,12393866,8501128.01140083,1,Top-1,71615,55407.0922174829,0.00577826160134376,0.0065176165025602
52,rf_var,Plain RF,2071-2100SSP585,2071-2100,SSP585,12393866,8501128.01140083,3,Top-3,150283,117219.509635718,0.0121255950322522,0.0137887006851933
52,rf_var,Plain RF,2071-2100SSP585,2071-2100,SSP585,12393866,8501128.01140083,5,Top-5,191242,149478.097145576,0.0154303749935654,0.0175833250534648
53,rf_var,Plain RF,2071-2100SSP585,2071-2100,SSP585,12393866,8501128.01140083,1,Top-1,323721,255408.366954351,0.0261194529616505,0.0300440561078276
53,rf_var,Plain RF,2071-2100SSP585,2071-2100,SSP585,12393866,8501128.01140083,3,Top-3,407596,321175.335629,0.0328869135748281,0.0377803198820525
53,rf_var,Plain RF,2071-2100SSP585,2071-2100,SSP585,12393866,8501128.01140083,5,Top-5,422363,332688.482968557,0.0340783900681192,0.0391346280778728
54,rf_var,Plain RF,2071-2100SSP585,2071-2100,SSP585,12393866,8501128.01140083,1,Top-1,8,6.09073272506762,6.45480594997558e-07,7.16461711539852e-07
54,rf_var,Plain RF,2071-2100SSP585,2071-2100,SSP585,12393866,8501128.01140083,3,Top-3,11784,9328.02275032483,0.000950792916431402,0.00109726882571525
54,rf_var,Plain RF,2071-2100SSP585,2071-2100,SSP585,12393866,8501128.01140083,5,Top-5,18205,14414.6901855805,0.00146887177899132,0.00169562088304623
55,rf_var,Plain RF,2071-2100SSP585,2071-2100,SSP585,12393866,8501128.01140083,1,Top-1,10948,8615.43112377017,0.000883340194254158,0.00101344564065099
55,rf_var,Plain RF,2071-2100SSP585,2071-2100,SSP585,12393866,8501128.01140083,3,Top-3,84175,66612.1218243249,0.00679166613548993,0.00783568036324022
55,rf_var,Plain RF,2071-2100SSP585,2071-2100,SSP585,12393866,8501128.01140083,5,Top-5,108023,85370.8767169841,0.00871584378917765,0.0100422998692048
1,mf_var,Plain MF RF,2011-2040SSP245,2011-2040,SSP245,12393866,8501128.01140083,1,Top-1,35789,25493.9585299663,0.00288763812679595,0.00299889126428592
1,mf_var,Plain MF RF,2011-2040SSP245,2011-2040,SSP245,12393866,8501128.01140083,3,Top-3,124051,88022.2083612218,0.0100090641612553,0.0103541798503887
1,mf_var,Plain MF RF,2011-2040SSP245,2011-2040,SSP245,12393866,8501128.01140083,5,Top-5,205719,144639.385239337,0.0165984528152878,0.0170141403641213
2,mf_var,Plain MF RF,2011-2040SSP245,2011-2040,SSP245,12393866,8501128.01140083,1,Top-1,110512,61461.4985784107,0.00891666893929626,0.00722980509127552
2,mf_var,Plain MF RF,2011-2040SSP245,2011-2040,SSP245,12393866,8501128.01140083,3,Top-3,490686,284236.127936271,0.0395910364046215,0.0334351073828183
2,mf_var,Plain MF RF,2011-2040SSP245,2011-2040,SSP245,12393866,8501128.01140083,5,Top-5,641817,375972.696348069,0.0517850523799434,0.0442262127853919
3,mf_var,Plain MF RF,2011-2040SSP245,2011-2040,SSP245,12393866,8501128.01140083,1,Top-1,461865,283631.433829458,0.0372656118760684,0.033363976339267
3,mf_var,Plain MF RF,2011-2040SSP245,2011-2040,SSP245,12393866,8501128.01140083,3,Top-3,1048317,653280.233499131,0.0845835351132568,0.0768462999996024
3,mf_var,Plain MF RF,2011-2040SSP245,2011-2040,SSP245,12393866,8501128.01140083,5,Top-5,1370809,857697.855499619,0.110603826118501,0.100892240929599
4,mf_var,Plain MF RF,2011-2040SSP245,2011-2040,SSP245,12393866,8501128.01140083,1,Top-1,67316,38177.1187926119,0.00543139646660695,0.00449082977475609
4,mf_var,Plain MF RF,2011-2040SSP245,2011-2040,SSP245,12393866,8501128.01140083,3,Top-3,249955,143202.227464319,0.0201676377653268,0.0168450854136382
4,mf_var,Plain MF RF,2011-2040SSP245,2011-2040,SSP245,12393866,8501128.01140083,5,Top-5,413624,238878.203933948,0.0333732832031587,0.0280995890914228
5,mf_var,Plain MF RF,2011-2040SSP245,2011-2040,SSP245,12393866,8501128.01140083,1,Top-1,207669,119921.266773665,0.0167557887103185,0.0141065122902324
5,mf_var,Plain MF RF,2011-2040SSP245,2011-2040,SSP245,12393866,8501128.01140083,3,Top-3,819806,474804.276929825,0.066146108082821,0.0558519147450863
5,mf_var,Plain MF RF,2011-2040SSP245,2011-2040,SSP245,12393866,8501128.01140083,5,Top-5,1028285,611560.368558657,0.082967251703383,0.0719387318645826
6,mf_var,Plain MF RF,2011-2040SSP245,2011-2040,SSP245,12393866,8501128.01140083,1,Top-1,79650,43620.0248936934,0.00642656617394443,0.00513108670228172
6,mf_var,Plain MF RF,2011-2040SSP245,2011-2040,SSP245,12393866,8501128.01140083,3,Top-3,199134,111091.510859933,0.0160671416005305,0.0130678553141358
6,mf_var,Plain MF RF,2011-2040SSP245,2011-2040,SSP245,12393866,8501128.01140083,5,Top-5,285278,158638.975094523,0.0230176766474642,0.0186609323941214
7,mf_var,Plain MF RF,2011-2040SSP245,2011-2040,SSP245,12393866,8501128.01140083,1,Top-1,235290,154347.65893979,0.0189843911496219,0.0181561386598102
7,mf_var,Plain MF RF,2011-2040SSP245,2011-2040,SSP245,12393866,8501128.01140083,3,Top-3,853077,560942.04522725,0.0688305811923414,0.0659844251815727
7,mf_var,Plain MF RF,2011-2040SSP245,2011-2040,SSP245,12393866,8501128.01140083,5,Top-5,1166582,769516.215322718,0.0941257554341801,0.0905193068838303
9,mf_var,Plain MF RF,2011-2040SSP245,2011-2040,SSP245,12393866,8501128.01140083,1,Top-1,8757,5479.64169217306,0.000706559196299202,0.000644578188309168
9,mf_var,Plain MF RF,2011-2040SSP245,2011-2040,SSP245,12393866,8501128.01140083,3,Top-3,65170,38484.6026579217,0.00525824629699885,0.00452699954715541
9,mf_var,Plain MF RF,2011-2040SSP245,2011-2040,SSP245,12393866,8501128.01140083,5,Top-5,77949,45943.6323790937,0.00628932086243308,0.00540441601602504
10,mf_var,Plain MF RF,2011-2040SSP245,2011-2040,SSP245,12393866,8501128.01140083,1,Top-1,180470,134140.912724759,0.0145612353724012,0.0157791898374972
10,mf_var,Plain MF RF,2011-2040SSP245,2011-2040,SSP245,12393866,8501128.01140083,3,Top-3,378631,281155.23495191,0.030549870395565,0.0330726974790703
10,mf_var,Plain MF RF,2011-2040SSP245,2011-2040,SSP245,12393866,8501128.01140083,5,Top-5,481517,356524.400541089,0.0388512349576799,0.041938481583027
11,mf_var,Plain MF RF,2011-2040SSP245,2011-2040,SSP245,12393866,8501128.01140083,1,Top-1,61540,36833.3164585523,0.00496535947701871,0.00433275635999779
11,mf_var,Plain MF RF,2011-2040SSP245,2011-2040,SSP245,12393866,8501128.01140083,3,Top-3,316764,191187.99470866,0.0255581268992258,0.0224897207114466
11,mf_var,Plain MF RF,2011-2040SSP245,2011-2040,SSP245,12393866,8501128.01140083,5,Top-5,437698,267503.243936932,0.0353156956836551,0.0314667940040645
12,mf_var,Plain MF RF,2011-2040SSP245,2011-2040,SSP245,12393866,8501128.01140083,1,Top-1,397584,241499.730724712,0.0320790946101886,0.0284079630845269
12,mf_var,Plain MF RF,2011-2040SSP245,2011-2040,SSP245,12393866,8501128.01140083,3,Top-3,873752,532863.492264001,0.0704987451050382,0.0626815043308818
12,mf_var,Plain MF RF,2011-2040SSP245,2011-2040,SSP245,12393866,8501128.01140083,5,Top-5,1001486,611891.57524867,0.0808049723952155,0.0719776921872091
13,mf_var,Plain MF RF,2011-2040SSP245,2011-2040,SSP245,12393866,8501128.01140083,1,Top-1,472222,297532.290007543,0.0381012671913671,0.0349991541838358
13,mf_var,Plain MF RF,2011-2040SSP245,2011-2040,SSP245,12393866,8501128.01140083,3,Top-3,1057005,673181.541342969,0.0852845270394242,0.0791873196639514
13,mf_var,Plain MF RF,2011-2040SSP245,2011-2040,SSP245,12393866,8501128.01140083,5,Top-5,1217693,776912.177627428,0.0982496502705451,0.0913893046411622
14,mf_var,Plain MF RF,2011-2040SSP245,2011-2040,SSP245,12393866,8501128.01140083,1,Top-1,47933,29625.8551696468,0.00386747767000224,0.00348493225015735
14,mf_var,Plain MF RF,2011-2040SSP245,2011-2040,SSP245,12393866,8501128.01140083,3,Top-3,135012,84539.8406240924,0.0108934532614763,0.00994454389002452
14,mf_var,Plain MF RF,2011-2040SSP245,2011-2040,SSP245,12393866,8501128.01140083,5,Top-5,177731,111273.091071899,0.0143402389536889,0.0130892148574485
15,mf_var,Plain MF RF,2011-2040SSP245,2011-2040,SSP245,12393866,8501128.01140083,1,Top-1,313891,199327.065680361,0.0253263186805473,0.0234471314175065
15,mf_var,Plain MF RF,2011-2040SSP245,2011-2040,SSP245,12393866,8501128.01140083,3,Top-3,1187738,756168.131012449,0.0958327288676511,0.0889491523946416
15,mf_var,Plain MF RF,2011-2040SSP245,2011-2040,SSP245,12393866,8501128.01140083,5,Top-5,1315598,836676.812856278,0.1061491224772,0.0984195052390946
16,mf_var,Plain MF RF,2011-2040SSP245,2011-2040,SSP245,12393866,8501128.01140083,1,Top-1,724986,514769.775705632,0.0584955493306124,0.0605531142473418
16,mf_var,Plain MF RF,2011-2040SSP245,2011-2040,SSP245,12393866,8501128.01140083,3,Top-3,1543784,1101657.30734108,0.124560326858464,0.129589544571456
16,mf_var,Plain MF RF,2011-2040SSP245,2011-2040,SSP245,12393866,8501128.01140083,5,Top-5,1746879,1246618.40426069,0.140947062038592,0.146641528346456
17,mf_var,Plain MF RF,2011-2040SSP245,2011-2040,SSP245,12393866,8501128.01140083,1,Top-1,2324,1373.21984876763,0.000187512112846791,0.000161533839618226
17,mf_var,Plain MF RF,2011-2040SSP245,2011-2040,SSP245,12393866,8501128.01140083,3,Top-3,9185,5425.50460116315,0.000741092408131571,0.000638209963887972
17,mf_var,Plain MF RF,2011-2040SSP245,2011-2040,SSP245,12393866,8501128.01140083,5,Top-5,11616,6911.43412471046,0.000937237823936454,0.000813002005785769
18,mf_var,Plain MF RF,2011-2040SSP245,2011-2040,SSP245,12393866,8501128.01140083,1,Top-1,200612,141515.62689301,0.0161863941404563,0.0166466881457642
18,mf_var,Plain MF RF,2011-2040SSP245,2011-2040,SSP245,12393866,8501128.01140083,3,Top-3,895327,636050.627919755,0.0722395255846723,0.0748195565419966
18,mf_var,Plain MF RF,2011-2040SSP245,2011-2040,SSP245,12393866,8501128.01140083,5,Top-5,1205145,855443.10390419,0.0972372139572915,0.100627011233916
19,mf_var,Plain MF RF,2011-2040SSP245,2011-2040,SSP245,12393866,8501128.01140083,1,Top-1,504975,333077.325101389,0.0407439454323615,0.0391803681411102
19,mf_var,Plain MF RF,2011-2040SSP245,2011-2040,SSP245,12393866,8501128.01140083,3,Top-3,892406,588715.005569612,0.0720038444824238,0.0692513987296849
19,mf_var,Plain MF RF,2011-2040SSP245,2011-2040,SSP245,12393866,8501128.01140083,5,Top-5,932141,614083.859276742,0.0752098659127023,0.0722355737324737
20,mf_var,Plain MF RF,2011-2040SSP245,2011-2040,SSP245,12393866,8501128.01140083,1,Top-1,220024,156532.589676828,0.0177526528042178,0.0184131552268008
20,mf_var,Plain MF RF,2011-2040SSP245,2011-2040,SSP245,12393866,8501128.01140083,3,Top-3,735680,521172.550679115,0.0593583955159754,0.0613062819404875
20,mf_var,Plain MF RF,2011-2040SSP245,2011-2040,SSP245,12393866,8501128.01140083,5,Top-5,899490,638327.3240284,0.0725754175492941,0.0750873676025513
21,mf_var,Plain MF RF,2011-2040SSP245,2011-2040,SSP245,12393866,8501128.01140083,1,Top-1,890497,670730.13356508,0.0718498166754425,0.078898957016712
21,mf_var,Plain MF RF,2011-2040SSP245,2011-2040,SSP245,12393866,8501128.01140083,3,Top-3,1405635,1065397.36725346,0.113413764518674,0.125324235304381
21,mf_var,Plain MF RF,2011-2040SSP245,2011-2040,SSP245,12393866,8501128.01140083,5,Top-5,1760039,1338672.13296649,0.142008877617363,0.157469941773751
22,mf_var,Plain MF RF,2011-2040SSP245,2011-2040,SSP245,12393866,8501128.01140083,1,Top-1,18377,12505.1793794576,0.00148274961178376,0.0014710023614145
22,mf_var,Plain MF RF,2011-2040SSP245,2011-2040,SSP245,12393866,8501128.01140083,3,Top-3,166615,112827.502065365,0.0134433436669398,0.0132720624738332
22,mf_var,Plain MF RF,2011-2040SSP245,2011-2040,SSP245,12393866,8501128.01140083,5,Top-5,279427,190220.40004492,0.0225455882772978,0.0223759011498023
23,mf_var,Plain MF RF,2011-2040SSP245,2011-2040,SSP245,12393866,8501128.01140083,1,Top-1,688056,450009.862665199,0.0555158495339549,0.0529353118858688
23,mf_var,Plain MF RF,2011-2040SSP245,2011-2040,SSP245,12393866,8501128.01140083,3,Top-3,1455402,948615.057714052,0.117429218615079,0.111586963099705
23,mf_var,Plain MF RF,2011-2040SSP245,2011-2040,SSP245,12393866,8501128.01140083,5,Top-5,1530480,996554.253066909,0.123486892628983,0.117226120078469
24,mf_var,Plain MF RF,2011-2040SSP245,2011-2040,SSP245,12393866,8501128.01140083,1,Top-1,683765,441700.369017755,0.0551696298798131,0.0519578541136414
24,mf_var,Plain MF RF,2011-2040SSP245,2011-2040,SSP245,12393866,8501128.01140083,3,Top-3,1434593,925423.720739927,0.115750242902416,0.108858932543875
24,mf_var,Plain MF RF,2011-2040SSP245,2011-2040,SSP245,12393866,8501128.01140083,5,Top-5,1498936,967157.928994748,0.120941762642907,0.113768187903734
25,mf_var,Plain MF RF,2011-2040SSP245,2011-2040,SSP245,12393866,8501128.01140083,1,Top-1,273355,182297.656047511,0.0220556685056947,0.0214439372990305
25,mf_var,Plain MF RF,2011-2040SSP245,2011-2040,SSP245,12393866,8501128.01140083,3,Top-3,767421,513236.800255868,0.0619194204617026,0.0603727881250074
25,mf_var,Plain MF RF,2011-2040SSP245,2011-2040,SSP245,12393866,8501128.01140083,5,Top-5,906816,605956.686285045,0.0731665164041632,0.0712795626030333
26,mf_var,Plain MF RF,2011-2040SSP245,2011-2040,SSP245,12393866,8501128.01140083,1,Top-1,36871,27758.6292678647,0.00297493937726937,0.00326528776306364
26,mf_var,Plain MF RF,2011-2040SSP245,2011-2040,SSP245,12393866,8501128.01140083,3,Top-3,194686,147850.582307625,0.0157082543897118,0.0173918781259784
26,mf_var,Plain MF RF,2011-2040SSP245,2011-2040,SSP245,12393866,8501128.01140083,5,Top-5,355442,270028.63422652,0.0286788642058902,0.0317638593213025
27,mf_var,Plain MF RF,2011-2040SSP245,2011-2040,SSP245,12393866,8501128.01140083,1,Top-1,948539,628351.853190772,0.0765329397622985,0.0739139385206401
27,mf_var,Plain MF RF,2011-2040SSP245,2011-2040,SSP245,12393866,8501128.01140083,3,Top-3,1393398,922591.477319677,0.112426421263551,0.108525771648468
27,mf_var,Plain MF RF,2011-2040SSP245,2011-2040,SSP245,12393866,8501128.01140083,5,Top-5,1513792,1002729.86399537,0.122140420107818,0.117952566136001
28,mf_var,Plain MF RF,2011-2040SSP245,2011-2040,SSP245,12393866,8501128.01140083,1,Top-1,83992,61804.6799389898,0.00677690076687936,0.00727017401174336
28,mf_var,Plain MF RF,2011-2040SSP245,2011-2040,SSP245,12393866,8501128.01140083,3,Top-3,306936,226754.221904635,0.0247651539882713,0.0266734275263866
28,mf_var,Plain MF RF,2011-2040SSP245,2011-2040,SSP245,12393866,8501128.01140083,5,Top-5,527665,391044.81555889,0.0425746897699233,0.0459991679968189
29,mf_var,Plain MF RF,2011-2040SSP245,2011-2040,SSP245,12393866,8501128.01140083,1,Top-1,151890,92693.7163277518,0.0122552559467724,0.0109036960981461
29,mf_var,Plain MF RF,2011-2040SSP245,2011-2040,SSP245,12393866,8501128.01140083,3,Top-3,343372,212464.859329205,0.0277049953581877,0.024992549111632
29,mf_var,Plain MF RF,2011-2040SSP245,2011-2040,SSP245,12393866,8501128.01140083,5,Top-5,370834,230076.42544628,0.0299207688706655,0.0270642231404733
30,mf_var,Plain MF RF,2011-2040SSP245,2011-2040,SSP245,12393866,8501128.01140083,1,Top-1,325778,248736.155729959,0.0262854221596393,0.0292591942382681
30,mf_var,Plain MF RF,2011-2040SSP245,2011-2040,SSP245,12393866,8501128.01140083,3,Top-3,1100430,835644.257506178,0.0887882763941453,0.0982980442578325
30,mf_var,Plain MF RF,2011-2040SSP245,2011-2040,SSP245,12393866,8501128.01140083,5,Top-5,1552496,1180716.8989127,0.125263255226416,0.138889438828499
31,mf_var,Plain MF RF,2011-2040SSP245,2011-2040,SSP245,12393866,8501128.01140083,1,Top-1,821156,583378.230809615,0.0662550329332268,0.068623626185519
31,mf_var,Plain MF RF,2011-2040SSP245,2011-2040,SSP245,12393866,8501128.01140083,3,Top-3,1434880,1016037.84614513,0.115773399518762,0.11951800334997
31,mf_var,Plain MF RF,2011-2040SSP245,2011-2040,SSP245,12393866,8501128.01140083,5,Top-5,1557069,1100125.74338885,0.125632228071532,0.129409384485621
32,mf_var,Plain MF RF,2011-2040SSP245,2011-2040,SSP245,12393866,8501128.01140083,1,Top-1,98858,64495.8168519811,0.00797636508253357,0.00758673634433995
32,mf_var,Plain MF RF,2011-2040SSP245,2011-2040,SSP245,12393866,8501128.01140083,3,Top-3,483969,316863.197758946,0.0390490747600466,0.0372730768592123
32,mf_var,Plain MF RF,2011-2040SSP245,2011-2040,SSP245,12393866,8501128.01140083,5,Top-5,575264,376775.896328799,0.0464152186250844,0.0443206943623842
33,mf_var,Plain MF RF,2011-2040SSP245,2011-2040,SSP245,12393866,8501128.01140083,1,Top-1,481860,327858.999313396,0.0388789099381904,0.0385665289210685
33,mf_var,Plain MF RF,2011-2040SSP245,2011-2040,SSP245,12393866,8501128.01140083,3,Top-3,857715,578691.437732948,0.0692047985672913,0.0680723119281191
33,mf_var,Plain MF RF,2011-2040SSP245,2011-2040,SSP245,12393866,8501128.01140083,5,Top-5,991503,667349.432729403,0.0799994932977329,0.0785012802812077
34,mf_var,Plain MF RF,2011-2040SSP245,2011-2040,SSP245,12393866,8501128.01140083,1,Top-1,18279,13812.0331699738,0.00147484247449504,0.00162472946548394
34,mf_var,Plain MF RF,2011-2040SSP245,2011-2040,SSP245,12393866,8501128.01140083,3,Top-3,76414,57197.7787286439,0.00616546927326792,0.00672825755028464
34,mf_var,Plain MF RF,2011-2040SSP245,2011-2040,SSP245,12393866,8501128.01140083,5,Top-5,153367,114511.376609814,0.0123744278016238,0.0134701390752196
35,mf_var,Plain MF RF,2011-2040SSP245,2011-2040,SSP245,12393866,8501128.01140083,1,Top-1,4020,2646.48377169623,0.000324353998986273,0.000311309718915777
35,mf_var,Plain MF RF,2011-2040SSP245,2011-2040,SSP245,12393866,8501128.01140083,3,Top-3,83766,54556.2982281958,0.00675866594007068,0.00641753637341192
35,mf_var,Plain MF RF,2011-2040SSP245,2011-2040,SSP245,12393866,8501128.01140083,5,Top-5,123659,80332.0847942463,0.00997743561210037,0.00944957947774851
36,mf_var,Plain MF RF,2011-2040SSP245,2011-2040,SSP245,12393866,8501128.01140083,1,Top-1,71903,52776.4011160465,0.00580149890276367,0.00620816449831931
36,mf_var,Plain MF RF,2011-2040SSP245,2011-2040,SSP245,12393866,8501128.01140083,3,Top-3,193017,142169.16223716,0.0155735910005805,0.0167235644547991
36,mf_var,Plain MF RF,2011-2040SSP245,2011-2040,SSP245,12393866,8501128.01140083,5,Top-5,330923,245090.999344734,0.0267005468672971,0.0288304092134648
37,mf_var,Plain MF RF,2011-2040SSP245,2011-2040,SSP245,12393866,8501128.01140083,1,Top-1,111651,77528.0966750771,0.00900856923900904,0.009119742294329
37,mf_var,Plain MF RF,2011-2040SSP245,2011-2040,SSP245,12393866,8501128.01140083,3,Top-3,245541,167530.71036206,0.0198114938470369,0.0197068800913697
37,mf_var,Plain MF RF,2011-2040SSP245,2011-2040,SSP245,12393866,8501128.01140083,5,Top-5,441550,299660.544494459,0.0356264945901465,0.0352495038414415
38,mf_var,Plain MF RF,2011-2040SSP245,2011-2040,SSP245,12393866,8501128.01140083,1,Top-1,6142,3945.67194874702,0.000495567726809375,0.000464135105771316
38,mf_var,Plain MF RF,2011-2040SSP245,2011-2040,SSP245,12393866,8501128.01140083,3,Top-3,30956,19716.3471837431,0.00249768716234305,0.00231926247402716
38,mf_var,Plain MF RF,2011-2040SSP245,2011-2040,SSP245,12393866,8501128.01140083,5,Top-5,38317,24481.1913987279,0.00309160999481518,0.00287975799986734
39,mf_var,Plain MF RF,2011-2040SSP245,2011-2040,SSP245,12393866,8501128.01140083,1,Top-1,79018,58960.7099020866,0.00637557320693963,0.00693563369743575
39,mf_var,Plain MF RF,2011-2040SSP245,2011-2040,SSP245,12393866,8501128.01140083,3,Top-3,222642,165987.158258684,0.0179638863289308,0.019525309821953
39,mf_var,Plain MF RF,2011-2040SSP245,2011-2040,SSP245,12393866,8501128.01140083,5,Top-5,322005,239578.635191889,0.0259809973740236,0.0281819818347154
40,mf_var,Plain MF RF,2011-2040SSP245,2011-2040,SSP245,12393866,8501128.01140083,1,Top-1,309306,238752.230355486,0.0249563776145393,0.0280847706369433
40,mf_var,Plain MF RF,2011-2040SSP245,2011-2040,SSP245,12393866,8501128.01140083,3,Top-3,1342226,1026974.96111944,0.108297604637649,0.120804552024409
40,mf_var,Plain MF RF,2011-2040SSP245,2011-2040,SSP245,12393866,8501128.01140083,5,Top-5,1834984,1404813.25264689,0.148055820516375,0.165250217472658
41,mf_var,Plain MF RF,2011-2040SSP245,2011-2040,SSP245,12393866,8501128.01140083,1,Top-1,117516,79610.9316416284,0.00948178720021662,0.00936474918797393
41,mf_var,Plain MF RF,2011-2040SSP245,2011-2040,SSP245,12393866,8501128.01140083,3,Top-3,489151,332057.593570328,0.0394671848154563,0.0390604156442541
41,mf_var,Plain MF RF,2011-2040SSP245,2011-2040,SSP245,12393866,8501128.01140083,5,Top-5,582094,395519.973178202,0.0469662976830635,0.0465255872688626
42,mf_var,Plain MF RF,2011-2040SSP245,2011-2040,SSP245,12393866,8501128.01140083,1,Top-1,148870,102487.94182546,0.0120115870221608,0.0120558050282284
42,mf_var,Plain MF RF,2011-2040SSP245,2011-2040,SSP245,12393866,8501128.01140083,3,Top-3,450654,312400.66482066,0.0363610515072537,0.0367481426466818
42,mf_var,Plain MF RF,2011-2040SSP245,2011-2040,SSP245,12393866,8501128.01140083,5,Top-5,479943,332545.123757745,0.0387242366506141,0.0391177645262806
43,mf_var,Plain MF RF,2011-2040SSP245,2011-2040,SSP245,12393866,8501128.01140083,1,Top-1,4382,3025.94255047231,0.000353561995909912,0.000355946004626001
43,mf_var,Plain MF RF,2011-2040SSP245,2011-2040,SSP245,12393866,8501128.01140083,3,Top-3,19770,13870.984713123,0.00159514392038771,0.00163166402088295
43,mf_var,Plain MF RF,2011-2040SSP245,2011-2040,SSP245,12393866,8501128.01140083,5,Top-5,42867,30348.2140722249,0.00345872708322004,0.00356990437404601
44,mf_var,Plain MF RF,2011-2040SSP245,2011-2040,SSP245,12393866,8501128.01140083,1,Top-1,309473,236554.401820592,0.0249698520219599,0.0278262368833112
44,mf_var,Plain MF RF,2011-2040SSP245,2011-2040,SSP245,12393866,8501128.01140083,3,Top-3,1293941,990402.384153457,0.104401725821467,0.116502466828547
44,mf_var,Plain MF RF,2011-2040SSP245,2011-2040,SSP245,12393866,8501128.01140083,5,Top-5,1885271,1442990.30861066,0.152113230851455,0.169741039856766
45,mf_var,Plain MF RF,2011-2040SSP245,2011-2040,SSP245,12393866,8501128.01140083,1,Top-1,96720,71659.0238485334,0.00780386039352047,0.00842935475767825
45,mf_var,Plain MF RF,2011-2040SSP245,2011-2040,SSP245,12393866,8501128.01140083,3,Top-3,320047,236619.57329894,0.0258230159983979,0.0278339030986959
45,mf_var,Plain MF RF,2011-2040SSP245,2011-2040,SSP245,12393866,8501128.01140083,5,Top-5,454585,335423.649414227,0.0366782245346206,0.0394563696681654
46,mf_var,Plain MF RF,2011-2040SSP245,2011-2040,SSP245,12393866,8501128.01140083,1,Top-1,208845,154120.48890706,0.0168506743577831,0.0181294163198542
46,mf_var,Plain MF RF,2011-2040SSP245,2011-2040,SSP245,12393866,8501128.01140083,3,Top-3,695603,510576.915769027,0.0561247797902608,0.0600599020605612
46,mf_var,Plain MF RF,2011-2040SSP245,2011-2040,SSP245,12393866,8501128.01140083,5,Top-5,870247,638232.800348286,0.0702159439193549,0.0750762486451626
47,mf_var,Plain MF RF,2011-2040SSP245,2011-2040,SSP245,12393866,8501128.01140083,1,Top-1,404273,301621.238346814,0.032618797072681,0.0354801430989289
47,mf_var,Plain MF RF,2011-2040SSP245,2011-2040,SSP245,12393866,8501128.01140083,3,Top-3,875249,658964.246716603,0.0706195306613772,0.0775149187064197
47,mf_var,Plain MF RF,2011-2040SSP245,2011-2040,SSP245,12393866,8501128.01140083,5,Top-5,1062157,800559.616463699,0.0857002165426026,0.0941709871196001
48,mf_var,Plain MF RF,2011-2040SSP245,2011-2040,SSP245,12393866,8501128.01140083,1,Top-1,1581,1182.63715128424,0.000127563102586392,0.000139115320896029
48,mf_var,Plain MF RF,2011-2040SSP245,2011-2040,SSP245,12393866,8501128.01140083,3,Top-3,61982,46310.373547269,0.00500102227989233,0.00544755631078162
48,mf_var,Plain MF RF,2011-2040SSP245,2011-2040,SSP245,12393866,8501128.01140083,5,Top-5,80225,60203.2773223996,0.00647296009170988,0.00708179870267349
49,mf_var,Plain MF RF,2011-2040SSP245,2011-2040,SSP245,12393866,8501128.01140083,1,Top-1,163299,125212.920032862,0.0131757919603133,0.0147289771269106
49,mf_var,Plain MF RF,2011-2040SSP245,2011-2040,SSP245,12393866,8501128.01140083,3,Top-3,567719,434757.695087279,0.0458064497389273,0.0511411773242594
49,mf_var,Plain MF RF,2011-2040SSP245,2011-2040,SSP245,12393866,8501128.01140083,5,Top-5,936256,717501.952438608,0.0755418849937542,0.0844007938095237
50,mf_var,Plain MF RF,2011-2040SSP245,2011-2040,SSP245,12393866,8501128.01140083,1,Top-1,18761,14557.0630189423,0.00151373268034365,0.0017123684056304
50,mf_var,Plain MF RF,2011-2040SSP245,2011-2040,SSP245,12393866,8501128.01140083,3,Top-3,69038,53710.3086300074,0.00557033616468017,0.00631802139174669
50,mf_var,Plain MF RF,2011-2040SSP245,2011-2040,SSP245,12393866,8501128.01140083,5,Top-5,104657,81408.025447919,0.00844425782883243,0.00957614393510402
52,mf_var,Plain MF RF,2011-2040SSP245,2011-2040,SSP245,12393866,8501128.01140083,1,Top-1,42727,33024.9542204203,0.00344743117280758,0.00388477319434911
52,mf_var,Plain MF RF,2011-2040SSP245,2011-2040,SSP245,12393866,8501128.01140083,3,Top-3,79026,61268.4989059305,0.00637621868753463,0.00720710226028399
52,mf_var,Plain MF RF,2011-2040SSP245,2011-2040,SSP245,12393866,8501128.01140083,5,Top-5,108195,84308.6522448105,0.0087297216219701,0.00991734886614394
53,mf_var,Plain MF RF,2011-2040SSP245,2011-2040,SSP245,12393866,8501128.01140083,1,Top-1,172728,136731.44323038,0.0139365715265923,0.0160839176926885
53,mf_var,Plain MF RF,2011-2040SSP245,2011-2040,SSP245,12393866,8501128.01140083,3,Top-3,268759,212348.30739559,0.0216848399038686,0.0249788389388809
53,mf_var,Plain MF RF,2011-2040SSP245,2011-2040,SSP245,12393866,8501128.01140083,5,Top-5,302313,238733.112917193,0.0243921468894371,0.0280825218249895
54,mf_var,Plain MF RF,2011-2040SSP245,2011-2040,SSP245,12393866,8501128.01140083,1,Top-1,1926,1519.08766136308,0.000155399453245662,0.000178692481671354
54,mf_var,Plain MF RF,2011-2040SSP245,2011-2040,SSP245,12393866,8501128.01140083,3,Top-3,17864,14083.412244647,0.00144135816862955,0.00165665217907079
54,mf_var,Plain MF RF,2011-2040SSP245,2011-2040,SSP245,12393866,8501128.01140083,5,Top-5,35691,28197.1788191708,0.00287973098950723,0.00331687498192659
55,mf_var,Plain MF RF,2011-2040SSP245,2011-2040,SSP245,12393866,8501128.01140083,1,Top-1,16796,13368.464605315,0.00135518650919737,0.00157255185281137
55,mf_var,Plain MF RF,2011-2040SSP245,2011-2040,SSP245,12393866,8501128.01140083,3,Top-3,52973,42106.3298244051,0.0042741304448507,0.00495302855902611
55,mf_var,Plain MF RF,2011-2040SSP245,2011-2040,SSP245,12393866,8501128.01140083,5,Top-5,80595,63881.5805846752,0.00650281356922852,0.00751448284263027
1,mf_var,Plain MF RF,2041-2070SSP245,2041-2070,SSP245,12393866,8501128.01140083,1,Top-1,45422,32189.5195373304,0.00366487744824738,0.00378649980263338
1,mf_var,Plain MF RF,2041-2070SSP245,2041-2070,SSP245,12393866,8501128.01140083,3,Top-3,135802,96337.3324056427,0.0109571944702323,0.011332299934367
1,mf_var,Plain MF RF,2041-2070SSP245,2041-2070,SSP245,12393866,8501128.01140083,5,Top-5,196794,140907.246450807,0.0158783385264937,0.0165751234732423
2,mf_var,Plain MF RF,2041-2070SSP245,2041-2070,SSP245,12393866,8501128.01140083,1,Top-1,36531,22371.1264894172,0.00294750645198197,0.00263154800861901
2,mf_var,Plain MF RF,2041-2070SSP245,2041-2070,SSP245,12393866,8501128.01140083,3,Top-3,359224,210977.421588429,0.0289840151571753,0.0248175796559572
2,mf_var,Plain MF RF,2041-2070SSP245,2041-2070,SSP245,12393866,8501128.01140083,5,Top-5,461304,272208.695026289,0.0372203475493442,0.0320203030305191
3,mf_var,Plain MF RF,2041-2070SSP245,2041-2070,SSP245,12393866,8501128.01140083,1,Top-1,440869,265453.674592307,0.0355715480544973,0.0312257001937046
3,mf_var,Plain MF RF,2041-2070SSP245,2041-2070,SSP245,12393866,8501128.01140083,3,Top-3,990499,605985.493476436,0.0799184854830607,0.0712829512346774
3,mf_var,Plain MF RF,2041-2070SSP245,2041-2070,SSP245,12393866,8501128.01140083,5,Top-5,1205946,751507.261395186,0.0973018427018656,0.0884008875513158
4,mf_var,Plain MF RF,2041-2070SSP245,2041-2070,SSP245,12393866,8501128.01140083,1,Top-1,7622,4657.75815216243,0.000614981636883923,0.000547898837179716
4,mf_var,Plain MF RF,2041-2070SSP245,2041-2070,SSP245,12393866,8501128.01140083,3,Top-3,141029,80225.9748609728,0.0113789353539888,0.00943709761262058
4,mf_var,Plain MF RF,2041-2070SSP245,2041-2070,SSP245,12393866,8501128.01140083,5,Top-5,225232,128544.670962969,0.0181728606715612,0.0151208958141293
5,mf_var,Plain MF RF,2041-2070SSP245,2041-2070,SSP245,12393866,8501128.01140083,1,Top-1,245101,136930.790344893,0.0197759924143121,0.0161073671824792
5,mf_var,Plain MF RF,2041-2070SSP245,2041-2070,SSP245,12393866,8501128.01140083,3,Top-3,649572,372762.190378776,0.0524107651317192,0.0438485563185105
5,mf_var,Plain MF RF,2041-2070SSP245,2041-2070,SSP245,12393866,8501128.01140083,5,Top-5,791439,469600.744035557,0.063857314578034,0.0552398156345579
6,mf_var,Plain MF RF,2041-2070SSP245,2041-2070,SSP245,12393866,8501128.01140083,1,Top-1,5249,2936.05228376262,0.000423515955392773,0.00034537208236661
6,mf_var,Plain MF RF,2041-2070SSP245,2041-2070,SSP245,12393866,8501128.01140083,3,Top-3,82849,45373.5940329587,0.00668467772686908,0.00533736157979369
6,mf_var,Plain MF RF,2041-2070SSP245,2041-2070,SSP245,12393866,8501128.01140083,5,Top-5,109380,59928.1216232927,0.00882533343510411,0.00704943173928487
7,mf_var,Plain MF RF,2041-2070SSP245,2041-2070,SSP245,12393866,8501128.01140083,1,Top-1,251714,164370.193234042,0.0203095628111519,0.0193351038842852
7,mf_var,Plain MF RF,2041-2070SSP245,2041-2070,SSP245,12393866,8501128.01140083,3,Top-3,751861,495024.158691097,0.0606639607044323,0.0582304087207277
7,mf_var,Plain MF RF,2041-2070SSP245,2041-2070,SSP245,12393866,8501128.01140083,5,Top-5,1016788,672709.972505567,0.0820396154032971,0.0791318483386438
9,mf_var,Plain MF RF,2041-2070SSP245,2041-2070,SSP245,12393866,8501128.01140083,1,Top-1,3538,2236.69370248832,0.00028546379313767,0.000263105519583836
9,mf_var,Plain MF RF,2041-2070SSP245,2041-2070,SSP245,12393866,8501128.01140083,3,Top-3,16962,9963.78167010631,0.00136858023154357,0.00117205406820647
9,mf_var,Plain MF RF,2041-2070SSP245,2041-2070,SSP245,12393866,8501128.01140083,5,Top-5,24289,14047.9938379614,0.00195975977148696,0.00165248586059658
10,mf_var,Plain MF RF,2041-2070SSP245,2041-2070,SSP245,12393866,8501128.01140083,1,Top-1,206040,152765.772015656,0.0166243527241621,0.0179700590099082
10,mf_var,Plain MF RF,2041-2070SSP245,2041-2070,SSP245,12393866,8501128.01140083,3,Top-3,399039,295701.789042199,0.0321964913934038,0.0347838297042033
10,mf_var,Plain MF RF,2041-2070SSP245,2041-2070,SSP245,12393866,8501128.01140083,5,Top-5,480904,355639.637819416,0.0388017750070882,0.0418344056626919
11,mf_var,Plain MF RF,2041-2070SSP245,2041-2070,SSP245,12393866,8501128.01140083,1,Top-1,87486,51192.3713969405,0.00705881441674454,0.00602183278834134
11,mf_var,Plain MF RF,2041-2070SSP245,2041-2070,SSP245,12393866,8501128.01140083,3,Top-3,243629,146013.720334911,0.0196572239848325,0.0171758053918365
11,mf_var,Plain MF RF,2041-2070SSP245,2041-2070,SSP245,12393866,8501128.01140083,5,Top-5,332220,202284.136741409,0.0268051954087611,0.0237949759690862
12,mf_var,Plain MF RF,2041-2070SSP245,2041-2070,SSP245,12393866,8501128.01140083,1,Top-1,464256,281448.525281329,0.0374585298888983,0.0331071976452866
12,mf_var,Plain MF RF,2041-2070SSP245,2041-2070,SSP245,12393866,8501128.01140083,3,Top-3,883747,535966.159370132,0.0713051924234133,0.0630464755561085
12,mf_var,Plain MF RF,2041-2070SSP245,2041-2070,SSP245,12393866,8501128.01140083,5,Top-5,975935,592419.020264499,0.0787433880598677,0.0696871073426971
13,mf_var,Plain MF RF,2041-2070SSP245,2041-2070,SSP245,12393866,8501128.01140083,1,Top-1,405209,252388.3426249,0.0326943183022957,0.0296888062721115
13,mf_var,Plain MF RF,2041-2070SSP245,2041-2070,SSP245,12393866,8501128.01140083,3,Top-3,858187,541304.169140363,0.0692428819223961,0.0636743933763169
13,mf_var,Plain MF RF,2041-2070SSP245,2041-2070,SSP245,12393866,8501128.01140083,5,Top-5,964041,609310.838353928,0.0777837197852551,0.0716741163686494
14,mf_var,Plain MF RF,2041-2070SSP245,2041-2070,SSP245,12393866,8501128.01140083,1,Top-1,22780,14320.5494490207,0.00183800599425555,0.00168454697186249
14,mf_var,Plain MF RF,2041-2070SSP245,2041-2070,SSP245,12393866,8501128.01140083,3,Top-3,110301,68997.275382314,0.0088996443886032,0.00811624943063815
14,mf_var,Plain MF RF,2041-2070SSP245,2041-2070,SSP245,12393866,8501128.01140083,5,Top-5,138186,86611.8835563636,0.0111495476875416,0.0101882813010472
15,mf_var,Plain MF RF,2041-2070SSP245,2041-2070,SSP245,12393866,8501128.01140083,1,Top-1,371057,239437.453541653,0.0299387616422511,0.0281653744327276
15,mf_var,Plain MF RF,2041-2070SSP245,2041-2070,SSP245,12393866,8501128.01140083,3,Top-3,1124707,717427.44927022,0.0907470679447398,0.0843920298939248
15,mf_var,Plain MF RF,2041-2070SSP245,2041-2070,SSP245,12393866,8501128.01140083,5,Top-5,1202512,765856.242116873,0.0970247701564629,0.0900887789349585
16,mf_var,Plain MF RF,2041-2070SSP245,2041-2070,SSP245,12393866,8501128.01140083,1,Top-1,655167,465950.284073375,0.0528621981228456,0.0548104067423159
16,mf_var,Plain MF RF,2041-2070SSP245,2041-2070,SSP245,12393866,8501128.01140083,3,Top-3,1489755,1064636.84002774,0.120200992975073,0.125234773385362
16,mf_var,Plain MF RF,2041-2070SSP245,2041-2070,SSP245,12393866,8501128.01140083,5,Top-5,1711166,1223797.72399984,0.138065555977449,0.143957098676624
17,mf_var,Plain MF RF,2041-2070SSP245,2041-2070,SSP245,12393866,8501128.01140083,1,Top-1,874,540.116752464403,7.05187550034832e-05,6.35347158330112e-05
17,mf_var,Plain MF RF,2041-2070SSP245,2041-2070,SSP245,12393866,8501128.01140083,3,Top-3,2213,1346.61534969802,0.000178556069591199,0.000158404313861888
17,mf_var,Plain MF RF,2041-2070SSP245,2041-2070,SSP245,12393866,8501128.01140083,5,Top-5,2698,1659.23288042662,0.000217688330662926,0.000195177966759403
18,mf_var,Plain MF RF,2041-2070SSP245,2041-2070,SSP245,12393866,8501128.01140083,1,Top-1,239468,168641.270446478,0.0193214933903594,0.0198375168825024
18,mf_var,Plain MF RF,2041-2070SSP245,2041-2070,SSP245,12393866,8501128.01140083,3,Top-3,1045270,741517.686385093,0.0843376876916371,0.0872257993751708
18,mf_var,Plain MF RF,2041-2070SSP245,2041-2070,SSP245,12393866,8501128.01140083,5,Top-5,1377275,977997.457383601,0.111125535809408,0.115043257326794
19,mf_var,Plain MF RF,2041-2070SSP245,2041-2070,SSP245,12393866,8501128.01140083,1,Top-1,521285,342034.448142589,0.0420599189954127,0.0402340074968743
19,mf_var,Plain MF RF,2041-2070SSP245,2041-2070,SSP245,12393866,8501128.01140083,3,Top-3,855698,562870.046859569,0.0690420567722775,0.0662112188058697
19,mf_var,Plain MF RF,2041-2070SSP245,2041-2070,SSP245,12393866,8501128.01140083,5,Top-5,881362,579302.615450458,0.0711127585210297,0.0681442056481866
20,mf_var,Plain MF RF,2041-2070SSP245,2041-2070,SSP245,12393866,8501128.01140083,1,Top-1,150677,108023.695489443,0.0121573849515559,0.0127069837490475
20,mf_var,Plain MF RF,2041-2070SSP245,2041-2070,SSP245,12393866,8501128.01140083,3,Top-3,552368,393755.419367131,0.0445678531622014,0.0463180202484972
20,mf_var,Plain MF RF,2041-2070SSP245,2041-2070,SSP245,12393866,8501128.01140083,5,Top-5,700506,499852.610609618,0.0565203787099199,0.0587983865128566
21,mf_var,Plain MF RF,2041-2070SSP245,2041-2070,SSP245,12393866,8501128.01140083,1,Top-1,1237877,928888.390099548,0.099878197811724,0.10926648661846
21,mf_var,Plain MF RF,2041-2070SSP245,2041-2070,SSP245,12393866,8501128.01140083,3,Top-3,1686504,1274414.49390713,0.13607570067322,0.149911222628105
21,mf_var,Plain MF RF,2041-2070SSP245,2041-2070,SSP245,12393866,8501128.01140083,5,Top-5,2011356,1525393.64966965,0.162286408453988,0.179434264208696
22,mf_var,Plain MF RF,2041-2070SSP245,2041-2070,SSP245,12393866,8501128.01140083,1,Top-1,7754,5329.66718372754,0.000625632066701383,0.000626936469675547
22,mf_var,Plain MF RF,2041-2070SSP245,2041-2070,SSP245,12393866,8501128.01140083,3,Top-3,104408,70569.8192246062,0.00842416724531313,0.00830123004029175
22,mf_var,Plain MF RF,2041-2070SSP245,2041-2070,SSP245,12393866,8501128.01140083,5,Top-5,179918,122543.751953845,0.0145166972113463,0.0144149990200714
23,mf_var,Plain MF RF,2041-2070SSP245,2041-2070,SSP245,12393866,8501128.01140083,1,Top-1,572258,372740.98992493,0.0461726792915141,0.0438460624784203
23,mf_var,Plain MF RF,2041-2070SSP245,2041-2070,SSP245,12393866,8501128.01140083,3,Top-3,1127251,732610.15610375,0.090952330773949,0.0861779936875729
23,mf_var,Plain MF RF,2041-2070SSP245,2041-2070,SSP245,12393866,8501128.01140083,5,Top-5,1192804,774340.508153089,0.0962414794544333,0.0910867954363967
24,mf_var,Plain MF RF,2041-2070SSP245,2041-2070,SSP245,12393866,8501128.01140083,1,Top-1,715687,461480.924109746,0.0577452588240021,0.0542846694569068
24,mf_var,Plain MF RF,2041-2070SSP245,2041-2070,SSP245,12393866,8501128.01140083,3,Top-3,1302093,838134.535835554,0.105059470547769,0.0985909793043388
24,mf_var,Plain MF RF,2041-2070SSP245,2041-2070,SSP245,12393866,8501128.01140083,5,Top-5,1342418,864283.759920106,0.108313096171929,0.101666950404819
25,mf_var,Plain MF RF,2041-2070SSP245,2041-2070,SSP245,12393866,8501128.01140083,1,Top-1,308975,208275.680837424,0.0249296708549213,0.0244997699785377
25,mf_var,Plain MF RF,2041-2070SSP245,2041-2070,SSP245,12393866,8501128.01140083,3,Top-3,833239,563444.017135375,0.0672299506868963,0.0662787357606829
25,mf_var,Plain MF RF,2041-2070SSP245,2041-2070,SSP245,12393866,8501128.01140083,5,Top-5,957512,646929.867477736,0.0772569269346627,0.0760992972473936
26,mf_var,Plain MF RF,2041-2070SSP245,2041-2070,SSP245,12393866,8501128.01140083,1,Top-1,18376,13817.9201640729,0.00148266892670939,0.00162542196112584
26,mf_var,Plain MF RF,2041-2070SSP245,2041-2070,SSP245,12393866,8501128.01140083,3,Top-3,95790,72836.4386871411,0.00772882327435201,0.00856785577037076
26,mf_var,Plain MF RF,2041-2070SSP245,2041-2070,SSP245,12393866,8501128.01140083,5,Top-5,203070,154612.500798746,0.0163847180532693,0.0181872923912446
27,mf_var,Plain MF RF,2041-2070SSP245,2041-2070,SSP245,12393866,8501128.01140083,1,Top-1,1026573,670476.114148739,0.0828291188560535,0.0788690763448764
27,mf_var,Plain MF RF,2041-2070SSP245,2041-2070,SSP245,12393866,8501128.01140083,3,Top-3,1520948,994163.895550802,0.122717802500043,0.116944938861941
27,mf_var,Plain MF RF,2041-2070SSP245,2041-2070,SSP245,12393866,8501128.01140083,5,Top-5,1624863,1062743.34430299,0.13110219200369,0.125012038740946
28,mf_var,Plain MF RF,2041-2070SSP245,2041-2070,SSP245,12393866,8501128.01140083,1,Top-1,70900,51602.9379170373,0.00572057177316586,0.00607012832271586
28,mf_var,Plain MF RF,2041-2070SSP245,2041-2070,SSP245,12393866,8501128.01140083,3,Top-3,261701,192009.289489606,0.021115364648932,0.0225863308059946
28,mf_var,Plain MF RF,2041-2070SSP245,2041-2070,SSP245,12393866,8501128.01140083,5,Top-5,435562,321155.453904499,0.0351433523647908,0.037777981166005
29,mf_var,Plain MF RF,2041-2070SSP245,2041-2070,SSP245,12393866,8501128.01140083,1,Top-1,128206,78002.0377770848,0.0103443106452821,0.00917549267255787
29,mf_var,Plain MF RF,2041-2070SSP245,2041-2070,SSP245,12393866,8501128.01140083,3,Top-3,240023,147924.791860978,0.0193662736066373,0.0174006075032156
29,mf_var,Plain MF RF,2041-2070SSP245,2041-2070,SSP245,12393866,8501128.01140083,5,Top-5,257105,159014.622761869,0.0207445360471059,0.0187051203732746
30,mf_var,Plain MF RF,2041-2070SSP245,2041-2070,SSP245,12393866,8501128.01140083,1,Top-1,211139,161423.023683792,0.0170357659183987,0.0189884240617608
30,mf_var,Plain MF RF,2041-2070SSP245,2041-2070,SSP245,12393866,8501128.01140083,3,Top-3,968155,733837.336951684,0.0781156581812326,0.0863223487480177
30,mf_var,Plain MF RF,2041-2070SSP245,2041-2070,SSP245,12393866,8501128.01140083,5,Top-5,1361609,1033362.10289441,0.109861523434254,0.121555880761773
31,mf_var,Plain MF RF,2041-2070SSP245,2041-2070,SSP245,12393866,8501128.01140083,1,Top-1,765853,542470.227135797,0.0617929062650831,0.063811558467099
31,mf_var,Plain MF RF,2041-2070SSP245,2041-2070,SSP245,12393866,8501128.01140083,3,Top-3,1298651,919906.462438808,0.104781752521772,0.108209929459376
31,mf_var,Plain MF RF,2041-2070SSP245,2041-2070,SSP245,12393866,8501128.01140083,5,Top-5,1391019,984334.495422208,0.112234471471613,0.115788692289085
32,mf_var,Plain MF RF,2041-2070SSP245,2041-2070,SSP245,12393866,8501128.01140083,1,Top-1,62893,40744.1474630907,0.00507452638264767,0.00479279307504238
32,mf_var,Plain MF RF,2041-2070SSP245,2041-2070,SSP245,12393866,8501128.01140083,3,Top-3,378552,246247.635046392,0.0305434962746894,0.0289664659461839
32,mf_var,Plain MF RF,2041-2070SSP245,2041-2070,SSP245,12393866,8501128.01140083,5,Top-5,434596,283015.661349754,0.0350654105829448,0.0332915421306682
33,mf_var,Plain MF RF,2041-2070SSP245,2041-2070,SSP245,12393866,8501128.01140083,1,Top-1,506201,343699.085570978,0.0408428653335448,0.0404298212084377
33,mf_var,Plain MF RF,2041-2070SSP245,2041-2070,SSP245,12393866,8501128.01140083,3,Top-3,841098,566131.97642642,0.067864054686407,0.0665949243050079
33,mf_var,Plain MF RF,2041-2070SSP245,2041-2070,SSP245,12393866,8501128.01140083,5,Top-5,943304,633908.725701219,0.076110553397947,0.0745676014819547
34,mf_var,Plain MF RF,2041-2070SSP245,2041-2070,SSP245,12393866,8501128.01140083,1,Top-1,15905,12010.0316881222,0.00128329610792952,0.00141275742136992
34,mf_var,Plain MF RF,2041-2070SSP245,2041-2070,SSP245,12393866,8501128.01140083,3,Top-3,69941,52208.7398233926,0.00564319478684052,0.00614138967833159
34,mf_var,Plain MF RF,2041-2070SSP245,2041-2070,SSP245,12393866,8501128.01140083,5,Top-5,147922,110234.57357043,0.0119350975716536,0.0129670525396859
35,mf_var,Plain MF RF,2041-2070SSP245,2041-2070,SSP245,12393866,8501128.01140083,1,Top-1,676,457.500039054243,5.45431102772936e-05,5.38163921823894e-05
35,mf_var,Plain MF RF,2041-2070SSP245,2041-2070,SSP245,12393866,8501128.01140083,3,Top-3,42413,27164.1373198318,0.00342209605945393,0.00319535681422537
35,mf_var,Plain MF RF,2041-2070SSP245,2041-2070,SSP245,12393866,8501128.01140083,5,Top-5,55933,35835.0884449949,0.0045129582649998,0.00421533335304875
36,mf_var,Plain MF RF,2041-2070SSP245,2041-2070,SSP245,12393866,8501128.01140083,1,Top-1,65757,47991.298360782,0.0053056084356568,0.00564528593104598
36,mf_var,Plain MF RF,2041-2070SSP245,2041-2070,SSP245,12393866,8501128.01140083,3,Top-3,165282,120918.978986059,0.0133357904627983,0.0142238746227435
36,mf_var,Plain MF RF,2041-2070SSP245,2041-2070,SSP245,12393866,8501128.01140083,5,Top-5,244823,179788.893971968,0.0197535619636359,0.0211488279826929
37,mf_var,Plain MF RF,2041-2070SSP245,2041-2070,SSP245,12393866,8501128.01140083,1,Top-1,60724,41265.418643276,0.00489952045632896,0.00485411095891453
37,mf_var,Plain MF RF,2041-2070SSP245,2041-2070,SSP245,12393866,8501128.01140083,3,Top-3,206510,137809.077757099,0.0166622747091182,0.0162106814027837
37,mf_var,Plain MF RF,2041-2070SSP245,2041-2070,SSP245,12393866,8501128.01140083,5,Top-5,387068,258691.80685051,0.0312306103680643,0.0304302918981551
38,mf_var,Plain MF RF,2041-2070SSP245,2041-2070,SSP245,12393866,8501128.01140083,1,Top-1,1366,869.994519302623,0.000110215811595833,0.000102338715301767
38,mf_var,Plain MF RF,2041-2070SSP245,2041-2070,SSP245,12393866,8501128.01140083,3,Top-3,11831,7419.65777093435,0.000954585114927013,0.000872785089341541
38,mf_var,Plain MF RF,2041-2070SSP245,2041-2070,SSP245,12393866,8501128.01140083,5,Top-5,14304,8967.38050349049,0.00115411930385563,0.00105484595590895
39,mf_var,Plain MF RF,2041-2070SSP245,2041-2070,SSP245,12393866,8501128.01140083,1,Top-1,70481,52402.8338958159,0.00568676472700286,0.00616422124517343
39,mf_var,Plain MF RF,2041-2070SSP245,2041-2070,SSP245,12393866,8501128.01140083,3,Top-3,234324,174185.235731063,0.018906449367776,0.0204896615481456
39,mf_var,Plain MF RF,2041-2070SSP245,2041-2070,SSP245,12393866,8501128.01140083,5,Top-5,338926,251132.258181616,0.0273462695175178,0.0295410512398853
40,mf_var,Plain MF RF,2041-2070SSP245,2041-2070,SSP245,12393866,8501128.01140083,1,Top-1,315760,243434.193287838,0.0254771190845536,0.028635516717472
40,mf_var,Plain MF RF,2041-2070SSP245,2041-2070,SSP245,12393866,8501128.01140083,3,Top-3,1633114,1244493.84578462,0.131767924552355,0.14639161345596
40,mf_var,Plain MF RF,2041-2070SSP245,2041-2070,SSP245,12393866,8501128.01140083,5,Top-5,2059220,1572321.57061787,0.166148318853859,0.184954463514635
41,mf_var,Plain MF RF,2041-2070SSP245,2041-2070,SSP245,12393866,8501128.01140083,1,Top-1,97809,65592.8875316037,0.00789172643951452,0.00771578635725016
41,mf_var,Plain MF RF,2041-2070SSP245,2041-2070,SSP245,12393866,8501128.01140083,3,Top-3,437130,295792.556560695,0.0352698665614103,0.0347945068188609
41,mf_var,Plain MF RF,2041-2070SSP245,2041-2070,SSP245,12393866,8501128.01140083,5,Top-5,524707,355901.265784463,0.0423360233199229,0.0418651813391312
42,mf_var,Plain MF RF,2041-2070SSP245,2041-2070,SSP245,12393866,8501128.01140083,1,Top-1,75282,51666.8852876535,0.00607413376907577,0.00607765054453518
42,mf_var,Plain MF RF,2041-2070SSP245,2041-2070,SSP245,12393866,8501128.01140083,3,Top-3,284458,196655.281894359,0.0229515148864769,0.0231328456212665
42,mf_var,Plain MF RF,2041-2070SSP245,2041-2070,SSP245,12393866,8501128.01140083,5,Top-5,313471,216654.501880299,0.0252924309493099,0.0254853828326952
43,mf_var,Plain MF RF,2041-2070SSP245,2041-2070,SSP245,12393866,8501128.01140083,1,Top-1,1325,917.709715288,0.00010690772354647,0.00010795152291052
43,mf_var,Plain MF RF,2041-2070SSP245,2041-2070,SSP245,12393866,8501128.01140083,3,Top-3,8053,5611.12718769839,0.000649756903939417,0.000660045017575707
43,mf_var,Plain MF RF,2041-2070SSP245,2041-2070,SSP245,12393866,8501128.01140083,5,Top-5,20078,14169.849379229,0.00161999492329512,0.00166681990439691
44,mf_var,Plain MF RF,2041-2070SSP245,2041-2070,SSP245,12393866,8501128.01140083,1,Top-1,306925,234330.152966844,0.0247642664524532,0.0275645952693083
44,mf_var,Plain MF RF,2041-2070SSP245,2041-2070,SSP245,12393866,8501128.01140083,3,Top-3,1366027,1043957.4302483,0.110217990092841,0.122802224463419
44,mf_var,Plain MF RF,2041-2070SSP245,2041-2070,SSP245,12393866,8501128.01140083,5,Top-5,1901330,1453757.40320594,0.153408952460838,0.171007588787784
45,mf_var,Plain MF RF,2041-2070SSP245,2041-2070,SSP245,12393866,8501128.01140083,1,Top-1,125430,92701.2603325578,0.010120328878818,0.0109045835103573
45,mf_var,Plain MF RF,2041-2070SSP245,2041-2070,SSP245,12393866,8501128.01140083,3,Top-3,377746,278901.500923496,0.0304784641047434,0.0328075874812686
45,mf_var,Plain MF RF,2041-2070SSP245,2041-2070,SSP245,12393866,8501128.01140083,5,Top-5,526457,388018.395815738,0.0424772222000787,0.0456431658593269
46,mf_var,Plain MF RF,2041-2070SSP245,2041-2070,SSP245,12393866,8501128.01140083,1,Top-1,262107,192696.886541336,0.0211481227891281,0.0226672138430231
46,mf_var,Plain MF RF,2041-2070SSP245,2041-2070,SSP245,12393866,8501128.01140083,3,Top-3,787696,576653.520862483,0.0635553103446495,0.0678325888151707
46,mf_var,Plain MF RF,2041-2070SSP245,2041-2070,SSP245,12393866,8501128.01140083,5,Top-5,950613,695380.280706658,0.0767002806065517,0.081798589525306
47,mf_var,Plain MF RF,2041-2070SSP245,2041-2070,SSP245,12393866,8501128.01140083,1,Top-1,234883,174898.021112777,0.0189515523243514,0.0205735075249099
47,mf_var,Plain MF RF,2041-2070SSP245,2041-2070,SSP245,12393866,8501128.01140083,3,Top-3,694344,522112.631237139,0.056023197281623,0.0614168649780283
47,mf_var,Plain MF RF,2041-2070SSP245,2041-2070,SSP245,12393866,8501128.01140083,5,Top-5,870663,656092.008113996,0.0702495089102948,0.0771770531197876
48,mf_var,Plain MF RF,2041-2070SSP245,2041-2070,SSP245,12393866,8501128.01140083,1,Top-1,632,471.65633998838,5.09929670048071e-05,5.54816183635682e-05
48,mf_var,Plain MF RF,2041-2070SSP245,2041-2070,SSP245,12393866,8501128.01140083,3,Top-3,55489,41617.7889221135,0.00447713409197744,0.00489556078514522
48,mf_var,Plain MF RF,2041-2070SSP245,2041-2070,SSP245,12393866,8501128.01140083,5,Top-5,72392,54405.6158845118,0.0058409539041329,0.00639981139109406
49,mf_var,Plain MF RF,2041-2070SSP245,2041-2070,SSP245,12393866,8501128.01140083,1,Top-1,177483,135727.053176907,0.0143202290552439,0.0159657698360599
49,mf_var,Plain MF RF,2041-2070SSP245,2041-2070,SSP245,12393866,8501128.01140083,3,Top-3,505164,386242.723434194,0.0407591949114183,0.0454342909454139
49,mf_var,Plain MF RF,2041-2070SSP245,2041-2070,SSP245,12393866,8501128.01140083,5,Top-5,833208,638283.415041991,0.0672274494495906,0.0750822025248875
50,mf_var,Plain MF RF,2041-2070SSP245,2041-2070,SSP245,12393866,8501128.01140083,1,Top-1,20496,15913.7564972078,0.00165372128438374,0.00187195822435162
50,mf_var,Plain MF RF,2041-2070SSP245,2041-2070,SSP245,12393866,8501128.01140083,3,Top-3,70659,54878.9299044685,0.00570112667024155,0.00645548800475308
50,mf_var,Plain MF RF,2041-2070SSP245,2041-2070,SSP245,12393866,8501128.01140083,5,Top-5,105580,81947.9446520293,0.00851873015248027,0.00963965541303804
52,mf_var,Plain MF RF,2041-2070SSP245,2041-2070,SSP245,12393866,8501128.01140083,1,Top-1,49254,38008.7222108432,0.00397406265325121,0.00447102104095714
52,mf_var,Plain MF RF,2041-2070SSP245,2041-2070,SSP245,12393866,8501128.01140083,3,Top-3,93835,72887.0576894531,0.00757108395394948,0.00857381015692324
52,mf_var,Plain MF RF,2041-2070SSP245,2041-2070,SSP245,12393866,8501128.01140083,5,Top-5,129007,100642.812817691,0.0104089393898562,0.01183875983078
53,mf_var,Plain MF RF,2041-2070SSP245,2041-2070,SSP245,12393866,8501128.01140083,1,Top-1,237420,187703.813036591,0.01915625035804,0.0220798713752883
53,mf_var,Plain MF RF,2041-2070SSP245,2041-2070,SSP245,12393866,8501128.01140083,3,Top-3,340259,268515.155732442,0.0274538227216592,0.0315858266541025
53,mf_var,Plain MF RF,2041-2070SSP245,2041-2070,SSP245,12393866,8501128.01140083,5,Top-5,363910,287047.747129232,0.0293621054156952,0.0337658422204998
54,mf_var,Plain MF RF,2041-2070SSP245,2041-2070,SSP245,12393866,8501128.01140083,1,Top-1,225,177.117520918801,1.81541417343063e-05,2.0834590501551e-05
54,mf_var,Plain MF RF,2041-2070SSP245,2041-2070,SSP245,12393866,8501128.01140083,3,Top-3,18027,14254.6175027756,0.00145450983575262,0.00167679130153772
54,mf_var,Plain MF RF,2041-2070SSP245,2041-2070,SSP245,12393866,8501128.01140083,5,Top-5,35392,27989.3467323507,0.0028556061522692,0.00329242739255476
55,mf_var,Plain MF RF,2041-2070SSP245,2041-2070,SSP245,12393866,8501128.01140083,1,Top-1,8745,6952.61560335734,0.000705590975406705,0.000817846242761338
55,mf_var,Plain MF RF,2041-2070SSP245,2041-2070,SSP245,12393866,8501128.01140083,3,Top-3,54545,43354.7311390409,0.00440096738176772,0.00509987981370214
55,mf_var,Plain MF RF,2041-2070SSP245,2041-2070,SSP245,12393866,8501128.01140083,5,Top-5,83546,66201.6295027957,0.00674091522370824,0.00778739355695067
1,mf_var,Plain MF RF,2071-2100SSP245,2071-2100,SSP245,12393866,8501128.01140083,1,Top-1,46848,33002.2464199306,0.0037799343643057,0.00388210204289024
1,mf_var,Plain MF RF,2071-2100SSP245,2071-2100,SSP245,12393866,8501128.01140083,3,Top-3,140769,99661.8336040721,0.0113579572346514,0.0117233658251489
1,mf_var,Plain MF RF,2071-2100SSP245,2071-2100,SSP245,12393866,8501128.01140083,5,Top-5,205401,146909.260272025,0.0165727949616367,0.0172811490516324
2,mf_var,Plain MF RF,2071-2100SSP245,2071-2100,SSP245,12393866,8501128.01140083,1,Top-1,38824,23385.8038996029,0.00313251732752315,0.00275090598191678
2,mf_var,Plain MF RF,2071-2100SSP245,2071-2100,SSP245,12393866,8501128.01140083,3,Top-3,312919,182586.530710382,0.0252478927882551,0.0214779180439956
2,mf_var,Plain MF RF,2071-2100SSP245,2071-2100,SSP245,12393866,8501128.01140083,5,Top-5,356218,210488.463686652,0.028741475823605,0.0247600628298229
3,mf_var,Plain MF RF,2071-2100SSP245,2071-2100,SSP245,12393866,8501128.01140083,1,Top-1,469512,282414.815500005,0.0378826106398117,0.0332208637631688
3,mf_var,Plain MF RF,2071-2100SSP245,2071-2100,SSP245,12393866,8501128.01140083,3,Top-3,956489,586027.999714912,0.0771743861035774,0.068935322339458
3,mf_var,Plain MF RF,2071-2100SSP245,2071-2100,SSP245,12393866,8501128.01140083,5,Top-5,1121721,698311.205460189,0.0905061423126569,0.0821433584488654
4,mf_var,Plain MF RF,2071-2100SSP245,2071-2100,SSP245,12393866,8501128.01140083,1,Top-1,4813,3071.96728394031,0.000388337262965406,0.000361359960680571
4,mf_var,Plain MF RF,2071-2100SSP245,2071-2100,SSP245,12393866,8501128.01140083,3,Top-3,47160,27808.8086546948,0.0038051081075106,0.0032711904370103
4,mf_var,Plain MF RF,2071-2100SSP245,2071-2100,SSP245,12393866,8501128.01140083,5,Top-5,96842,56413.5159806456,0.00781370397259419,0.00663600358740507
5,mf_var,Plain MF RF,2071-2100SSP245,2071-2100,SSP245,12393866,8501128.01140083,1,Top-1,176872,97937.4651125191,0.014270930474801,0.011520525862118
5,mf_var,Plain MF RF,2071-2100SSP245,2071-2100,SSP245,12393866,8501128.01140083,3,Top-3,483010,275417.810669791,0.0389716977737213,0.0323977959513643
5,mf_var,Plain MF RF,2071-2100SSP245,2071-2100,SSP245,12393866,8501128.01140083,5,Top-5,601493,356685.133882237,0.0485315074408582,0.0419573888787333
6,mf_var,Plain MF RF,2071-2100SSP245,2071-2100,SSP245,12393866,8501128.01140083,1,Top-1,250,150.370315239409,2.01712685936737e-05,1.76882779600246e-05
6,mf_var,Plain MF RF,2071-2100SSP245,2071-2100,SSP245,12393866,8501128.01140083,3,Top-3,19007,10393.2901490195,0.00153358120863982,0.00122257777262983
6,mf_var,Plain MF RF,2071-2100SSP245,2071-2100,SSP245,12393866,8501128.01140083,5,Top-5,23700,12971.1609382168,0.00191223626268026,0.0015258164470434
7,mf_var,Plain MF RF,2071-2100SSP245,2071-2100,SSP245,12393866,8501128.01140083,1,Top-1,226293,148150.991301697,0.0182584675354728,0.0174272156710277
7,mf_var,Plain MF RF,2071-2100SSP245,2071-2100,SSP245,12393866,8501128.01140083,3,Top-3,638513,421537.816718558,0.0515184688942094,0.0495861038856532
7,mf_var,Plain MF RF,2071-2100SSP245,2071-2100,SSP245,12393866,8501128.01140083,5,Top-5,833918,553170.190577253,0.0672847358523967,0.0650702106632672
9,mf_var,Plain MF RF,2071-2100SSP245,2071-2100,SSP245,12393866,8501128.01140083,1,Top-1,2148,1360.60155385866,0.000173311539756844,0.000160049531313252
9,mf_var,Plain MF RF,2071-2100SSP245,2071-2100,SSP245,12393866,8501128.01140083,3,Top-3,11867,6851.94552194593,0.000957489777604502,0.000806004275286387
9,mf_var,Plain MF RF,2071-2100SSP245,2071-2100,SSP245,12393866,8501128.01140083,5,Top-5,20145,11342.9473866801,0.00162540082327822,0.00133428732886602
10,mf_var,Plain MF RF,2071-2100SSP245,2071-2100,SSP245,12393866,8501128.01140083,1,Top-1,228735,169461.224634375,0.0184555004870958,0.0199339692811485
10,mf_var,Plain MF RF,2071-2100SSP245,2071-2100,SSP245,12393866,8501128.01140083,3,Top-3,427882,316430.92206463,0.0345236909935931,0.0372222276432334
10,mf_var,Plain MF RF,2071-2100SSP245,2071-2100,SSP245,12393866,8501128.01140083,5,Top-5,487015,359689.674244283,0.0392948414965919,0.0423108173129383
11,mf_var,Plain MF RF,2071-2100SSP245,2071-2100,SSP245,12393866,8501128.01140083,1,Top-1,83623,48901.4586524732,0.0067471279744351,0.00575234940432512
11,mf_var,Plain MF RF,2071-2100SSP245,2071-2100,SSP245,12393866,8501128.01140083,3,Top-3,207973,125025.623501379,0.0167803169729284,0.0147069451646544
11,mf_var,Plain MF RF,2071-2100SSP245,2071-2100,SSP245,12393866,8501128.01140083,5,Top-5,261165,158996.600157708,0.0210721174490671,0.0187030003482453
12,mf_var,Plain MF RF,2071-2100SSP245,2071-2100,SSP245,12393866,8501128.01140083,1,Top-1,507375,305603.126470484,0.0409375896108607,0.0359485383658076
12,mf_var,Plain MF RF,2071-2100SSP245,2071-2100,SSP245,12393866,8501128.01140083,3,Top-3,916917,550211.386195168,0.073981516340422,0.0647221622186234
12,mf_var,Plain MF RF,2071-2100SSP245,2071-2100,SSP245,12393866,8501128.01140083,5,Top-5,969712,582875.169838651,0.078241284842034,0.068564450394931
13,mf_var,Plain MF RF,2071-2100SSP245,2071-2100,SSP245,12393866,8501128.01140083,1,Top-1,317789,199435.587960754,0.0256408291004599,0.0234598970505199
13,mf_var,Plain MF RF,2071-2100SSP245,2071-2100,SSP245,12393866,8501128.01140083,3,Top-3,693614,437813.001079979,0.0559642971773295,0.0515005773931212
13,mf_var,Plain MF RF,2071-2100SSP245,2071-2100,SSP245,12393866,8501128.01140083,5,Top-5,766572,484824.415790482,0.0618509188335585,0.0570305981912383
14,mf_var,Plain MF RF,2071-2100SSP245,2071-2100,SSP245,12393866,8501128.01140083,1,Top-1,15303,9561.64269595529,0.00123472369315595,0.001124749878267
14,mf_var,Plain MF RF,2071-2100SSP245,2071-2100,SSP245,12393866,8501128.01140083,3,Top-3,75318,46932.9210601432,0.00607703843175326,0.00552078747634451
14,mf_var,Plain MF RF,2071-2100SSP245,2071-2100,SSP245,12393866,8501128.01140083,5,Top-5,92578,57772.8746049133,0.00746966281546049,0.00679590691111042
15,mf_var,Plain MF RF,2071-2100SSP245,2071-2100,SSP245,12393866,8501128.01140083,1,Top-1,407584,261809.367166034,0.0328859453539356,0.0307970150331724
15,mf_var,Plain MF RF,2071-2100SSP245,2071-2100,SSP245,12393866,8501128.01140083,3,Top-3,1072102,686982.914960023,0.086502629607259,0.0808107952307874
15,mf_var,Plain MF RF,2071-2100SSP245,2071-2100,SSP245,12393866,8501128.01140083,5,Top-5,1115826,714535.122766607,0.0900305037992181,0.0840518013384043
16,mf_var,Plain MF RF,2071-2100SSP245,2071-2100,SSP245,12393866,8501128.01140083,1,Top-1,549888,392874.753238629,0.0443677541777521,0.0462144262163499
16,mf_var,Plain MF RF,2071-2100SSP245,2071-2100,SSP245,12393866,8501128.01140083,3,Top-3,1376196,984571.469172853,0.111038476614157,0.115816567854577
16,mf_var,Plain MF RF,2071-2100SSP245,2071-2100,SSP245,12393866,8501128.01140083,5,Top-5,1612737,1155063.5669777,0.130123804791822,0.135871800239762
17,mf_var,Plain MF RF,2071-2100SSP245,2071-2100,SSP245,12393866,8501128.01140083,1,Top-1,272,170.512122612514,2.1946340229917e-05,2.00575879323121e-05
17,mf_var,Plain MF RF,2071-2100SSP245,2071-2100,SSP245,12393866,8501128.01140083,3,Top-3,685,425.201501548042,5.52692759466659e-05,5.00170684381892e-05
17,mf_var,Plain MF RF,2071-2100SSP245,2071-2100,SSP245,12393866,8501128.01140083,5,Top-5,914,577.051765718852,7.3746157978471e-05,6.78794349343958e-05
18,mf_var,Plain MF RF,2071-2100SSP245,2071-2100,SSP245,12393866,8501128.01140083,1,Top-1,333992,235058.736896864,0.026948169360553,0.0276502996521906
18,mf_var,Plain MF RF,2071-2100SSP245,2071-2100,SSP245,12393866,8501128.01140083,3,Top-3,1180410,837357.631256454,0.0952414686426334,0.0984995908935234
18,mf_var,Plain MF RF,2071-2100SSP245,2071-2100,SSP245,12393866,8501128.01140083,5,Top-5,1491609,1059681.45364608,0.120350583102964,0.124651864108497
19,mf_var,Plain MF RF,2071-2100SSP245,2071-2100,SSP245,12393866,8501128.01140083,1,Top-1,650582,427081.714329998,0.0524922570568376,0.0502382405908063
19,mf_var,Plain MF RF,2071-2100SSP245,2071-2100,SSP245,12393866,8501128.01140083,3,Top-3,960944,631584.166831659,0.0775338381099166,0.0742941602555147
19,mf_var,Plain MF RF,2071-2100SSP245,2071-2100,SSP245,12393866,8501128.01140083,5,Top-5,976894,642051.866336168,0.078820765046193,0.0755254909083964
20,mf_var,Plain MF RF,2071-2100SSP245,2071-2100,SSP245,12393866,8501128.01140083,1,Top-1,116272,83550.5497128815,0.0093814149676945,0.00982817216736793
20,mf_var,Plain MF RF,2071-2100SSP245,2071-2100,SSP245,12393866,8501128.01140083,3,Top-3,487583,349775.038754442,0.0393406706188368,0.0411445443810939
20,mf_var,Plain MF RF,2071-2100SSP245,2071-2100,SSP245,12393866,8501128.01140083,5,Top-5,623006,446597.465280783,0.0502672854458811,0.0525339066394311
21,mf_var,Plain MF RF,2071-2100SSP245,2071-2100,SSP245,12393866,8501128.01140083,1,Top-1,1462484,1095010.65936885,0.118000630311801,0.128807689744271
21,mf_var,Plain MF RF,2071-2100SSP245,2071-2100,SSP245,12393866,8501128.01140083,3,Top-3,1876227,1414876.44692055,0.15138351503881,0.166433965589398
21,mf_var,Plain MF RF,2071-2100SSP245,2071-2100,SSP245,12393866,8501128.01140083,5,Top-5,2170123,1642524.2754681,0.175096535657236,0.193212509359384
22,mf_var,Plain MF RF,2071-2100SSP245,2071-2100,SSP245,12393866,8501128.01140083,1,Top-1,4332,2970.94479601744,0.000349527742191177,0.000349476539117293
22,mf_var,Plain MF RF,2071-2100SSP245,2071-2100,SSP245,12393866,8501128.01140083,3,Top-3,69841,47411.5117127838,0.00563512627940305,0.00557708478794819
22,mf_var,Plain MF RF,2071-2100SSP245,2071-2100,SSP245,12393866,8501128.01140083,5,Top-5,114764,78396.2147920837,0.00925974187553746,0.00922186028571113
23,mf_var,Plain MF RF,2071-2100SSP245,2071-2100,SSP245,12393866,8501128.01140083,1,Top-1,399506,258888.853909798,0.0322341713231368,0.0304534708291185
23,mf_var,Plain MF RF,2071-2100SSP245,2071-2100,SSP245,12393866,8501128.01140083,3,Top-3,902765,583951.495022638,0.0728396611678713,0.0686910600851443
23,mf_var,Plain MF RF,2071-2100SSP245,2071-2100,SSP245,12393866,8501128.01140083,5,Top-5,946490,612311.996319812,0.0763676160449048,0.0720271469266952
24,mf_var,Plain MF RF,2071-2100SSP245,2071-2100,SSP245,12393866,8501128.01140083,1,Top-1,693881,445418.01226969,0.0559858400921875,0.0523951658735572
24,mf_var,Plain MF RF,2071-2100SSP245,2071-2100,SSP245,12393866,8501128.01140083,3,Top-3,1133857,728756.491824927,0.0914853363752682,0.0857246815772676
24,mf_var,Plain MF RF,2071-2100SSP245,2071-2100,SSP245,12393866,8501128.01140083,5,Top-5,1173089,753951.994520655,0.0946507732131362,0.0886884650495243
25,mf_var,Plain MF RF,2071-2100SSP245,2071-2100,SSP245,12393866,8501128.01140083,1,Top-1,380650,259229.34497375,0.0307127735607275,0.0304935232860979
25,mf_var,Plain MF RF,2071-2100SSP245,2071-2100,SSP245,12393866,8501128.01140083,3,Top-3,894664,608809.672579423,0.0721860313803619,0.0716151635127656
25,mf_var,Plain MF RF,2071-2100SSP245,2071-2100,SSP245,12393866,8501128.01140083,5,Top-5,1000557,680507.838857282,0.0807300159611214,0.0800491226510947
26,mf_var,Plain MF RF,2071-2100SSP245,2071-2100,SSP245,12393866,8501128.01140083,1,Top-1,7561,5691.49655534795,0.000610059847347067,0.000669498982689721
26,mf_var,Plain MF RF,2071-2100SSP245,2071-2100,SSP245,12393866,8501128.01140083,3,Top-3,48204,36887.120620591,0.00388934332515778,0.00433908542150192
26,mf_var,Plain MF RF,2071-2100SSP245,2071-2100,SSP245,12393866,8501128.01140083,5,Top-5,119477,91414.2451884663,0.0096400106310654,0.0107531900549987
27,mf_var,Plain MF RF,2071-2100SSP245,2071-2100,SSP245,12393866,8501128.01140083,1,Top-1,1063384,689885.434155145,0.0857992171288604,0.0811522227673718
27,mf_var,Plain MF RF,2071-2100SSP245,2071-2100,SSP245,12393866,8501128.01140083,3,Top-3,1590504,1032487.09794714,0.128329933533249,0.121452952662573
27,mf_var,Plain MF RF,2071-2100SSP245,2071-2100,SSP245,12393866,8501128.01140083,5,Top-5,1688029,1096354.78977148,0.136198745411642,0.128965801750211
28,mf_var,Plain MF RF,2071-2100SSP245,2071-2100,SSP245,12393866,8501128.01140083,1,Top-1,65764,47438.6074319107,0.00530617323117742,0.00558027209663128
28,mf_var,Plain MF RF,2071-2100SSP245,2071-2100,SSP245,12393866,8501128.01140083,3,Top-3,222395,162220.202469097,0.0179439571155602,0.0190821973568148
28,mf_var,Plain MF RF,2071-2100SSP245,2071-2100,SSP245,12393866,8501128.01140083,5,Top-5,371849,272959.877626078,0.0300026642211559,0.0321086657276555
29,mf_var,Plain MF RF,2071-2100SSP245,2071-2100,SSP245,12393866,8501128.01140083,1,Top-1,86858,52786.5616199094,0.00700814419003723,0.00620935969310397
29,mf_var,Plain MF RF,2071-2100SSP245,2071-2100,SSP245,12393866,8501128.01140083,3,Top-3,171651,105681.796091578,0.0138496737014907,0.0124315027311491
29,mf_var,Plain MF RF,2071-2100SSP245,2071-2100,SSP245,12393866,8501128.01140083,5,Top-5,182968,112992.835572787,0.0147627866881891,0.0132915108937605
30,mf_var,Plain MF RF,2071-2100SSP245,2071-2100,SSP245,12393866,8501128.01140083,1,Top-1,150416,114839.36143228,0.0121363261471441,0.0135087204049003
30,mf_var,Plain MF RF,2071-2100SSP245,2071-2100,SSP245,12393866,8501128.01140083,3,Top-3,877445,662847.525863426,0.070796715084704,0.0779717144565384
30,mf_var,Plain MF RF,2071-2100SSP245,2071-2100,SSP245,12393866,8501128.01140083,5,Top-5,1253129,948109.889429058,0.101108806566087,0.111527539422716
31,mf_var,Plain MF RF,2071-2100SSP245,2071-2100,SSP245,12393866,8501128.01140083,1,Top-1,658074,465480.682977297,0.0530967496340529,0.0547551668852701
31,mf_var,Plain MF RF,2071-2100SSP245,2071-2100,SSP245,12393866,8501128.01140083,3,Top-3,1166030,824805.554088623,0.0940812172731253,0.0970230718773414
31,mf_var,Plain MF RF,2071-2100SSP245,2071-2100,SSP245,12393866,8501128.01140083,5,Top-5,1237154,874796.663357702,0.099819862502951,0.102903598461818
32,mf_var,Plain MF RF,2071-2100SSP245,2071-2100,SSP245,12393866,8501128.01140083,1,Top-1,45405,29266.3918716173,0.00366350580198301,0.00344264806180641
32,mf_var,Plain MF RF,2071-2100SSP245,2071-2100,SSP245,12393866,8501128.01140083,3,Top-3,329535,212934.646540514,0.026588555984065,0.0250478108616819
32,mf_var,Plain MF RF,2071-2100SSP245,2071-2100,SSP245,12393866,8501128.01140083,5,Top-5,371799,240733.564446564,0.0299986299674371,0.0283178378356046
33,mf_var,Plain MF RF,2071-2100SSP245,2071-2100,SSP245,12393866,8501128.01140083,1,Top-1,480204,324583.464976189,0.0387452954550259,0.03818122307309
33,mf_var,Plain MF RF,2071-2100SSP245,2071-2100,SSP245,12393866,8501128.01140083,3,Top-3,782354,526415.837845646,0.0631242906773399,0.0619230574036377
33,mf_var,Plain MF RF,2071-2100SSP245,2071-2100,SSP245,12393866,8501128.01140083,5,Top-5,856807,575953.010363169,0.0691315365197591,0.0677501867506007
34,mf_var,Plain MF RF,2071-2100SSP245,2071-2100,SSP245,12393866,8501128.01140083,1,Top-1,15722,11795.0633422587,0.00126853073931895,0.00138747038351151
34,mf_var,Plain MF RF,2071-2100SSP245,2071-2100,SSP245,12393866,8501128.01140083,3,Top-3,70810,52668.1722314619,0.00571331011647213,0.00619543337787983
34,mf_var,Plain MF RF,2071-2100SSP245,2071-2100,SSP245,12393866,8501128.01140083,5,Top-5,146918,109341.666126609,0.0118540897569814,0.0128620185438887
35,mf_var,Plain MF RF,2071-2100SSP245,2071-2100,SSP245,12393866,8501128.01140083,1,Top-1,441,298.821094504902,3.55821177992404e-05,3.51507581234107e-05
35,mf_var,Plain MF RF,2071-2100SSP245,2071-2100,SSP245,12393866,8501128.01140083,3,Top-3,32811,20948.9979281514,0.00264735797530811,0.00246426096631609
35,mf_var,Plain MF RF,2071-2100SSP245,2071-2100,SSP245,12393866,8501128.01140083,5,Top-5,41764,26659.3022078462,0.00336973144618475,0.00313597232885959
36,mf_var,Plain MF RF,2071-2100SSP245,2071-2100,SSP245,12393866,8501128.01140083,1,Top-1,52817,38413.5091314153,0.00426154357324825,0.00451863671266909
36,mf_var,Plain MF RF,2071-2100SSP245,2071-2100,SSP245,12393866,8501128.01140083,3,Top-3,146349,106634.541162233,0.0118081799496622,0.0125435755136525
36,mf_var,Plain MF RF,2071-2100SSP245,2071-2100,SSP245,12393866,8501128.01140083,5,Top-5,212940,155634.720560695,0.0171810797373475,0.0183075375823037
37,mf_var,Plain MF RF,2071-2100SSP245,2071-2100,SSP245,12393866,8501128.01140083,1,Top-1,49602,33416.144544225,0.00400214105913361,0.00393078947869162
37,mf_var,Plain MF RF,2071-2100SSP245,2071-2100,SSP245,12393866,8501128.01140083,3,Top-3,187991,124242.948043685,0.0151680678167732,0.0146148779170321
37,mf_var,Plain MF RF,2071-2100SSP245,2071-2100,SSP245,12393866,8501128.01140083,5,Top-5,326178,216440.885907322,0.0263176961893892,0.025460254876418
38,mf_var,Plain MF RF,2071-2100SSP245,2071-2100,SSP245,12393866,8501128.01140083,1,Top-1,200,130.008474705796,1.61370148749389e-05,1.52930851683968e-05
38,mf_var,Plain MF RF,2071-2100SSP245,2071-2100,SSP245,12393866,8501128.01140083,3,Top-3,2565,1626.40680098081,0.000206957215771092,0.000191316587492818
38,mf_var,Plain MF RF,2071-2100SSP245,2071-2100,SSP245,12393866,8501128.01140083,5,Top-5,3810,2407.2038249197,0.000307410133367587,0.000283162872231945
39,mf_var,Plain MF RF,2071-2100SSP245,2071-2100,SSP245,12393866,8501128.01140083,1,Top-1,68015,50294.3303113532,0.00548779533359486,0.00591619491482821
39,mf_var,Plain MF RF,2071-2100SSP245,2071-2100,SSP245,12393866,8501128.01140083,3,Top-3,253270,187625.505147271,0.0204351087868789,0.0220706599048558
39,mf_var,Plain MF RF,2071-2100SSP245,2071-2100,SSP245,12393866,8501128.01140083,5,Top-5,355396,262631.171956876,0.028675152692469,0.0308936851209231
40,mf_var,Plain MF RF,2071-2100SSP245,2071-2100,SSP245,12393866,8501128.01140083,1,Top-1,300476,231249.275939049,0.0242439284078108,0.0272021872425543
40,mf_var,Plain MF RF,2071-2100SSP245,2071-2100,SSP245,12393866,8501128.01140083,3,Top-3,1767154,1343885.84057556,0.142582951921539,0.158083237750717
40,mf_var,Plain MF RF,2071-2100SSP245,2071-2100,SSP245,12393866,8501128.01140083,5,Top-5,2155333,1642856.7910971,0.173903203407234,0.193251623654398
41,mf_var,Plain MF RF,2071-2100SSP245,2071-2100,SSP245,12393866,8501128.01140083,1,Top-1,60489,40544.1890727949,0.00488055946385091,0.00476927167999602
41,mf_var,Plain MF RF,2071-2100SSP245,2071-2100,SSP245,12393866,8501128.01140083,3,Top-3,340875,230586.824198542,0.0275035247274741,0.0271242620849025
41,mf_var,Plain MF RF,2071-2100SSP245,2071-2100,SSP245,12393866,8501128.01140083,5,Top-5,432944,293993.285375248,0.0349321188400778,0.0345828559434671
42,mf_var,Plain MF RF,2071-2100SSP245,2071-2100,SSP245,12393866,8501128.01140083,1,Top-1,50954,34972.7188865399,0.00411122727968819,0.00411389157293457
42,mf_var,Plain MF RF,2071-2100SSP245,2071-2100,SSP245,12393866,8501128.01140083,3,Top-3,206745,142893.453854832,0.0166812357015963,0.0168087639267634
42,mf_var,Plain MF RF,2071-2100SSP245,2071-2100,SSP245,12393866,8501128.01140083,5,Top-5,237747,164328.639495933,0.0191826343773605,0.01933021585789
43,mf_var,Plain MF RF,2071-2100SSP245,2071-2100,SSP245,12393866,8501128.01140083,1,Top-1,204,140.238627441902,1.64597551724377e-05,1.64964728508768e-05
43,mf_var,Plain MF RF,2071-2100SSP245,2071-2100,SSP245,12393866,8501128.01140083,3,Top-3,3621,2537.58033961824,0.00029216065431077,0.000298499250477713
43,mf_var,Plain MF RF,2071-2100SSP245,2071-2100,SSP245,12393866,8501128.01140083,5,Top-5,9150,6466.1884745691,0.000738268430528457,0.000760627115118996
44,mf_var,Plain MF RF,2071-2100SSP245,2071-2100,SSP245,12393866,8501128.01140083,1,Top-1,308991,235802.458305994,0.0249309618161113,0.0277377846786638
44,mf_var,Plain MF RF,2071-2100SSP245,2071-2100,SSP245,12393866,8501128.01140083,3,Top-3,1468303,1121013.49932847,0.118470136759587,0.13186644146813
44,mf_var,Plain MF RF,2071-2100SSP245,2071-2100,SSP245,12393866,8501128.01140083,5,Top-5,1934480,1477734.67569566,0.156083662676359,0.173828070076568
45,mf_var,Plain MF RF,2071-2100SSP245,2071-2100,SSP245,12393866,8501128.01140083,1,Top-1,114081,84297.6054878371,0.00920463396973955,0.00991604942012236
45,mf_var,Plain MF RF,2071-2100SSP245,2071-2100,SSP245,12393866,8501128.01140083,3,Top-3,359026,264744.59538728,0.0289680395124491,0.0311422901798716
45,mf_var,Plain MF RF,2071-2100SSP245,2071-2100,SSP245,12393866,8501128.01140083,5,Top-5,515864,379526.887675508,0.0416225252072275,0.044644297458705
46,mf_var,Plain MF RF,2071-2100SSP245,2071-2100,SSP245,12393866,8501128.01140083,1,Top-1,303391,222537.19054821,0.024479125399613,0.0261773720204856
46,mf_var,Plain MF RF,2071-2100SSP245,2071-2100,SSP245,12393866,8501128.01140083,3,Top-3,880825,642837.752605459,0.0710694306360905,0.075617935848437
46,mf_var,Plain MF RF,2071-2100SSP245,2071-2100,SSP245,12393866,8501128.01140083,5,Top-5,1045216,762253.945744278,0.0843333306976209,0.0896650355955141
47,mf_var,Plain MF RF,2071-2100SSP245,2071-2100,SSP245,12393866,8501128.01140083,1,Top-1,121030,90406.8481373846,0.0097653145515693,0.0106346884808863
47,mf_var,Plain MF RF,2071-2100SSP245,2071-2100,SSP245,12393866,8501128.01140083,3,Top-3,506810,382256.372718087,0.040892002543839,0.0449653707373239
47,mf_var,Plain MF RF,2071-2100SSP245,2071-2100,SSP245,12393866,8501128.01140083,5,Top-5,662097,500616.434329849,0.0534213456882622,0.0588882362032985
48,mf_var,Plain MF RF,2071-2100SSP245,2071-2100,SSP245,12393866,8501128.01140083,1,Top-1,311,235.665949931413,2.50930581305301e-05,2.77217270008595e-05
48,mf_var,Plain MF RF,2071-2100SSP245,2071-2100,SSP245,12393866,8501128.01140083,3,Top-3,61851,46417.4026339723,0.00499045253514924,0.00546014629725868
48,mf_var,Plain MF RF,2071-2100SSP245,2071-2100,SSP245,12393866,8501128.01140083,5,Top-5,77744,58486.3420613469,0.00627278042218627,0.0068798331213118
49,mf_var,Plain MF RF,2071-2100SSP245,2071-2100,SSP245,12393866,8501128.01140083,1,Top-1,189650,144734.075599949,0.0153019243551609,0.0170252789283783
49,mf_var,Plain MF RF,2071-2100SSP245,2071-2100,SSP245,12393866,8501128.01140083,3,Top-3,476318,363749.339336609,0.0384317532560058,0.0427883615972829
49,mf_var,Plain MF RF,2071-2100SSP245,2071-2100,SSP245,12393866,8501128.01140083,5,Top-5,773936,592402.545463094,0.0624450837212537,0.0696851693879477
50,mf_var,Plain MF RF,2071-2100SSP245,2071-2100,SSP245,12393866,8501128.01140083,1,Top-1,17378,13384.8429303159,0.00140214522248344,0.00157447845890164
50,mf_var,Plain MF RF,2071-2100SSP245,2071-2100,SSP245,12393866,8501128.01140083,3,Top-3,73228,56751.1177658618,0.00590840662631014,0.00667571617434217
50,mf_var,Plain MF RF,2071-2100SSP245,2071-2100,SSP245,12393866,8501128.01140083,5,Top-5,105653,81825.5280594428,0.00852462016290962,0.0096252553719585
52,mf_var,Plain MF RF,2071-2100SSP245,2071-2100,SSP245,12393866,8501128.01140083,1,Top-1,57986,44824.4810197275,0.00467860472269105,0.00527276862077757
52,mf_var,Plain MF RF,2071-2100SSP245,2071-2100,SSP245,12393866,8501128.01140083,3,Top-3,109359,85112.6210656798,0.00882363904854224,0.0100119208829153
52,mf_var,Plain MF RF,2071-2100SSP245,2071-2100,SSP245,12393866,8501128.01140083,5,Top-5,148064,115654.218883752,0.0119465548522148,0.0136045732670592
53,mf_var,Plain MF RF,2071-2100SSP245,2071-2100,SSP245,12393866,8501128.01140083,1,Top-1,283439,223890.393859918,0.0228692967956891,0.0263365512858599
53,mf_var,Plain MF RF,2071-2100SSP245,2071-2100,SSP245,12393866,8501128.01140083,3,Top-3,377565,297743.927017214,0.0304638601062816,0.0350240493517931
53,mf_var,Plain MF RF,2071-2100SSP245,2071-2100,SSP245,12393866,8501128.01140083,5,Top-5,395107,311448.399814834,0.0318792376809625,0.0366361263348996
54,mf_var,Plain MF RF,2071-2100SSP245,2071-2100,SSP245,12393866,8501128.01140083,1,Top-1,33,25.7965872412338,2.66260745436493e-06,3.03448991788362e-06
54,mf_var,Plain MF RF,2071-2100SSP245,2071-2100,SSP245,12393866,8501128.01140083,3,Top-3,20368,16122.0381351526,0.00164339359486378,0.00189645869507334
54,mf_var,Plain MF RF,2071-2100SSP245,2071-2100,SSP245,12393866,8501128.01140083,5,Top-5,36139,28628.8197251752,0.00291587790282709,0.00336764952683704
55,mf_var,Plain MF RF,2071-2100SSP245,2071-2100,SSP245,12393866,8501128.01140083,1,Top-1,9843,7768.23969451238,0.00079418318707012,0.000913789285856467
55,mf_var,Plain MF RF,2071-2100SSP245,2071-2100,SSP245,12393866,8501128.01140083,3,Top-3,61825,49053.4841820993,0.0049883547232155,0.00577023238755067
55,mf_var,Plain MF RF,2071-2100SSP245,2071-2100,SSP245,12393866,8501128.01140083,5,Top-5,89100,70507.4692033669,0.0071890401267853,0.00829389571699304
1,mf_var,Plain MF RF,2011-2040SSP585,2011-2040,SSP585,12393866,8501128.01140083,1,Top-1,35593,25331.6563954539,0.00287182385221851,0.00297979942914419
1,mf_var,Plain MF RF,2011-2040SSP585,2011-2040,SSP585,12393866,8501128.01140083,3,Top-3,124449,88385.348002915,0.0100411768208564,0.0103968964923692
1,mf_var,Plain MF RF,2011-2040SSP585,2011-2040,SSP585,12393866,8501128.01140083,5,Top-5,197651,140491.784961466,0.0159474856352328,0.0165262521365463
2,mf_var,Plain MF RF,2011-2040SSP585,2011-2040,SSP585,12393866,8501128.01140083,1,Top-1,92684,52123.1014923388,0.0074782154333442,0.00613131591742139
2,mf_var,Plain MF RF,2011-2040SSP585,2011-2040,SSP585,12393866,8501128.01140083,3,Top-3,489769,283930.138866846,0.0395170481914199,0.0333991134454238
2,mf_var,Plain MF RF,2011-2040SSP585,2011-2040,SSP585,12393866,8501128.01140083,5,Top-5,632925,371073.553121276,0.0510676006986036,0.0436499194722901
3,mf_var,Plain MF RF,2011-2040SSP585,2011-2040,SSP585,12393866,8501128.01140083,1,Top-1,462022,283092.671954753,0.0372782794327452,0.0333006009996671
3,mf_var,Plain MF RF,2011-2040SSP585,2011-2040,SSP585,12393866,8501128.01140083,3,Top-3,1042368,648030.649922601,0.0841035396058018,0.076228783880625
3,mf_var,Plain MF RF,2011-2040SSP585,2011-2040,SSP585,12393866,8501128.01140083,5,Top-5,1358536,849716.610984574,0.1096135782007,0.0999533955782129
4,mf_var,Plain MF RF,2011-2040SSP585,2011-2040,SSP585,12393866,8501128.01140083,1,Top-1,58247,33088.2979242776,0.00469966352710284,0.0038922244059733
4,mf_var,Plain MF RF,2011-2040SSP585,2011-2040,SSP585,12393866,8501128.01140083,3,Top-3,231607,133306.779125962,0.0186872280206999,0.0156810694942113
4,mf_var,Plain MF RF,2011-2040SSP585,2011-2040,SSP585,12393866,8501128.01140083,5,Top-5,391858,226490.373164092,0.0316170918743191,0.0266423906169095
5,mf_var,Plain MF RF,2011-2040SSP585,2011-2040,SSP585,12393866,8501128.01140083,1,Top-1,220122,126244.18682849,0.0177605599415065,0.0148502865336441
5,mf_var,Plain MF RF,2011-2040SSP585,2011-2040,SSP585,12393866,8501128.01140083,3,Top-3,832234,481138.401157786,0.0671488621871497,0.0565970069516108
5,mf_var,Plain MF RF,2011-2040SSP585,2011-2040,SSP585,12393866,8501128.01140083,5,Top-5,1020417,605843.159344729,0.0823324215382029,0.071266208264625
6,mf_var,Plain MF RF,2011-2040SSP585,2011-2040,SSP585,12393866,8501128.01140083,1,Top-1,74613,40684.3745469823,0.0060201554543191,0.0047857619003526
6,mf_var,Plain MF RF,2011-2040SSP585,2011-2040,SSP585,12393866,8501128.01140083,3,Top-3,179008,99257.9779609721,0.0144432737936654,0.0116758597009547
6,mf_var,Plain MF RF,2011-2040SSP585,2011-2040,SSP585,12393866,8501128.01140083,5,Top-5,257031,142226.295946978,0.0207385653516022,0.0167302851758307
7,mf_var,Plain MF RF,2011-2040SSP585,2011-2040,SSP585,12393866,8501128.01140083,1,Top-1,243025,159210.972768288,0.0196084901999102,0.0187282173088996
7,mf_var,Plain MF RF,2011-2040SSP585,2011-2040,SSP585,12393866,8501128.01140083,3,Top-3,846707,556889.36439538,0.0683166172685746,0.0655077024659008
7,mf_var,Plain MF RF,2011-2040SSP585,2011-2040,SSP585,12393866,8501128.01140083,5,Top-5,1157323,763731.049524265,0.0933786923305448,0.0898387894524148
9,mf_var,Plain MF RF,2011-2040SSP585,2011-2040,SSP585,12393866,8501128.01140083,1,Top-1,7778,4888.79115160122,0.000627568508486375,0.000575075583504316
9,mf_var,Plain MF RF,2011-2040SSP585,2011-2040,SSP585,12393866,8501128.01140083,3,Top-3,55874,33064.5859851883,0.00450819784561169,0.00388943513623668
9,mf_var,Plain MF RF,2011-2040SSP585,2011-2040,SSP585,12393866,8501128.01140083,5,Top-5,65981,38992.0226353971,0.00532368189231673,0.00458668809399235
10,mf_var,Plain MF RF,2011-2040SSP585,2011-2040,SSP585,12393866,8501128.01140083,1,Top-1,178861,133060.507099395,0.0144314130877323,0.0156521001590551
10,mf_var,Plain MF RF,2011-2040SSP585,2011-2040,SSP585,12393866,8501128.01140083,3,Top-3,373892,277735.601329962,0.0301675038281034,0.0326704410235314
10,mf_var,Plain MF RF,2011-2040SSP585,2011-2040,SSP585,12393866,8501128.01140083,5,Top-5,478976,354692.951579155,0.0386462141836938,0.0417230455891827
11,mf_var,Plain MF RF,2011-2040SSP585,2011-2040,SSP585,12393866,8501128.01140083,1,Top-1,69299,41315.9510887815,0.00559139496909197,0.0048600551636645
11,mf_var,Plain MF RF,2011-2040SSP585,2011-2040,SSP585,12393866,8501128.01140083,3,Top-3,318282,191886.035054151,0.0256806068421266,0.0225718322082451
11,mf_var,Plain MF RF,2011-2040SSP585,2011-2040,SSP585,12393866,8501128.01140083,5,Top-5,439149,267928.471394164,0.0354327697265728,0.0315168141257074
12,mf_var,Plain MF RF,2011-2040SSP585,2011-2040,SSP585,12393866,8501128.01140083,1,Top-1,404848,245719.299830637,0.0326651909904464,0.0289043171095769
12,mf_var,Plain MF RF,2011-2040SSP585,2011-2040,SSP585,12393866,8501128.01140083,3,Top-3,877310,534633.749241562,0.0707858225996634,0.0628897422229811
12,mf_var,Plain MF RF,2011-2040SSP585,2011-2040,SSP585,12393866,8501128.01140083,5,Top-5,997702,609408.422270231,0.0804996600737817,0.0716855953060529
13,mf_var,Plain MF RF,2011-2040SSP585,2011-2040,SSP585,12393866,8501128.01140083,1,Top-1,471060,296484.344398689,0.0380075111349437,0.034875882824147
13,mf_var,Plain MF RF,2011-2040SSP585,2011-2040,SSP585,12393866,8501128.01140083,3,Top-3,1039433,661700.458631293,0.083866728912512,0.0778367832767474
13,mf_var,Plain MF RF,2011-2040SSP585,2011-2040,SSP585,12393866,8501128.01140083,5,Top-5,1196430,763125.213211151,0.096534043534116,0.0897675240494822
14,mf_var,Plain MF RF,2011-2040SSP585,2011-2040,SSP585,12393866,8501128.01140083,1,Top-1,45192,27979.6625546569,0.0036463198811412,0.00329128822870723
14,mf_var,Plain MF RF,2011-2040SSP585,2011-2040,SSP585,12393866,8501128.01140083,3,Top-3,127084,79491.9041570681,0.0102537819918337,0.00935074781257991
14,mf_var,Plain MF RF,2011-2040SSP585,2011-2040,SSP585,12393866,8501128.01140083,5,Top-5,167660,104935.842775345,0.0135276595696613,0.0123437551622109
15,mf_var,Plain MF RF,2011-2040SSP585,2011-2040,SSP585,12393866,8501128.01140083,1,Top-1,314549,200545.591286126,0.0253794094594858,0.0235904683492796
15,mf_var,Plain MF RF,2011-2040SSP585,2011-2040,SSP585,12393866,8501128.01140083,3,Top-3,1140447,724835.020109427,0.0920170510153974,0.0852633931799819
15,mf_var,Plain MF RF,2011-2040SSP585,2011-2040,SSP585,12393866,8501128.01140083,5,Top-5,1260375,800275.619269878,0.101693450615006,0.0941375801183833
16,mf_var,Plain MF RF,2011-2040SSP585,2011-2040,SSP585,12393866,8501128.01140083,1,Top-1,729076,517717.10430765,0.0588255512848049,0.0608998127793561
16,mf_var,Plain MF RF,2011-2040SSP585,2011-2040,SSP585,12393866,8501128.01140083,3,Top-3,1540291,1099452.87497093,0.124278493893673,0.129330233999119
16,mf_var,Plain MF RF,2011-2040SSP585,2011-2040,SSP585,12393866,8501128.01140083,5,Top-5,1741279,1243060.61410315,0.140495225622094,0.146223020337546
17,mf_var,Plain MF RF,2011-2040SSP585,2011-2040,SSP585,12393866,8501128.01140083,1,Top-1,2229,1316.96206346816,0.000179847030781195,0.00015491615485639
17,mf_var,Plain MF RF,2011-2040SSP585,2011-2040,SSP585,12393866,8501128.01140083,3,Top-3,8114,4798.93467222961,0.000654678693476273,0.000564505635698437
17,mf_var,Plain MF RF,2011-2040SSP585,2011-2040,SSP585,12393866,8501128.01140083,5,Top-5,10366,6173.73789309293,0.000836381480968085,0.000726225729669446
18,mf_var,Plain MF RF,2011-2040SSP585,2011-2040,SSP585,12393866,8501128.01140083,1,Top-1,198050,139695.600333467,0.0159796789799083,0.016432595785656
18,mf_var,Plain MF RF,2011-2040SSP585,2011-2040,SSP585,12393866,8501128.01140083,3,Top-3,895760,636204.184499571,0.0722744622218765,0.0748376196248733
18,mf_var,Plain MF RF,2011-2040SSP585,2011-2040,SSP585,12393866,8501128.01140083,5,Top-5,1204779,855094.947435676,0.0972076832200703,0.100586057084296
19,mf_var,Plain MF RF,2011-2040SSP585,2011-2040,SSP585,12393866,8501128.01140083,1,Top-1,500031,329306.683088041,0.040345038424653,0.0387368220601324
19,mf_var,Plain MF RF,2011-2040SSP585,2011-2040,SSP585,12393866,8501128.01140083,3,Top-3,889917,586561.74550508,0.0718030193323052,0.0689981076297691
19,mf_var,Plain MF RF,2011-2040SSP585,2011-2040,SSP585,12393866,8501128.01140083,5,Top-5,929089,611532.456287087,0.0749636150657107,0.0719354485036531
20,mf_var,Plain MF RF,2011-2040SSP585,2011-2040,SSP585,12393866,8501128.01140083,1,Top-1,210497,149963.815319287,0.0169839661006501,0.0176404607856947
20,mf_var,Plain MF RF,2011-2040SSP585,2011-2040,SSP585,12393866,8501128.01140083,3,Top-3,707389,501535.66709089,0.0570757340768409,0.0589963668842867
20,mf_var,Plain MF RF,2011-2040SSP585,2011-2040,SSP585,12393866,8501128.01140083,5,Top-5,867287,615920.242502072,0.0699771160992058,0.0724515901508675
21,mf_var,Plain MF RF,2011-2040SSP585,2011-2040,SSP585,12393866,8501128.01140083,1,Top-1,919367,692111.759853764,0.07417919477264,0.0814141086836447
21,mf_var,Plain MF RF,2011-2040SSP585,2011-2040,SSP585,12393866,8501128.01140083,3,Top-3,1436538,1088517.40972622,0.115907175372075,0.128043879384761
21,mf_var,Plain MF RF,2011-2040SSP585,2011-2040,SSP585,12393866,8501128.01140083,5,Top-5,1785387,1357513.40025219,0.144054082882613,0.15968626733201
22,mf_var,Plain MF RF,2011-2040SSP585,2011-2040,SSP585,12393866,8501128.01140083,1,Top-1,16020,10877.0609241487,0.00129257489148261,0.00127948442954412
22,mf_var,Plain MF RF,2011-2040SSP585,2011-2040,SSP585,12393866,8501128.01140083,3,Top-3,158214,106927.79545925,0.0127655083571179,0.0125780714413251
22,mf_var,Plain MF RF,2011-2040SSP585,2011-2040,SSP585,12393866,8501128.01140083,5,Top-5,265444,180437.840063678,0.0214173688823165,0.0212251644513168
23,mf_var,Plain MF RF,2011-2040SSP585,2011-2040,SSP585,12393866,8501128.01140083,1,Top-1,700593,458384.087452025,0.0565273983113905,0.0539203840757707
23,mf_var,Plain MF RF,2011-2040SSP585,2011-2040,SSP585,12393866,8501128.01140083,3,Top-3,1424230,928452.566303773,0.114914103476671,0.109215220034168
23,mf_var,Plain MF RF,2011-2040SSP585,2011-2040,SSP585,12393866,8501128.01140083,5,Top-5,1495439,974075.728774755,0.120659606937819,0.114581938710772
24,mf_var,Plain MF RF,2011-2040SSP585,2011-2040,SSP585,12393866,8501128.01140083,1,Top-1,663359,428597.688926068,0.0535231702521231,0.0504165668780987
24,mf_var,Plain MF RF,2011-2040SSP585,2011-2040,SSP585,12393866,8501128.01140083,3,Top-3,1413625,911628.617237708,0.114058438262928,0.107236194539728
24,mf_var,Plain MF RF,2011-2040SSP585,2011-2040,SSP585,12393866,8501128.01140083,5,Top-5,1471078,948852.115375438,0.118694037840977,0.11161484853574
25,mf_var,Plain MF RF,2011-2040SSP585,2011-2040,SSP585,12393866,8501128.01140083,1,Top-1,276692,184807.015195804,0.022324914598883,0.0217391168499004
25,mf_var,Plain MF RF,2011-2040SSP585,2011-2040,SSP585,12393866,8501128.01140083,3,Top-3,762860,510902.150965557,0.0615514158374796,0.0600981599477609
25,mf_var,Plain MF RF,2011-2040SSP585,2011-2040,SSP585,12393866,8501128.01140083,5,Top-5,900310,602359.248068638,0.0726415793102814,0.0708563907355372
26,mf_var,Plain MF RF,2011-2040SSP585,2011-2040,SSP585,12393866,8501128.01140083,1,Top-1,32832,24727.6292836183,0.00264905236186998,0.00290874684517822
26,mf_var,Plain MF RF,2011-2040SSP585,2011-2040,SSP585,12393866,8501128.01140083,3,Top-3,165933,126012.626949885,0.0133883164462162,0.0148230478097601
26,mf_var,Plain MF RF,2011-2040SSP585,2011-2040,SSP585,12393866,8501128.01140083,5,Top-5,313539,238215.417424342,0.0252979175343674,0.0280216245543971
27,mf_var,Plain MF RF,2011-2040SSP585,2011-2040,SSP585,12393866,8501128.01140083,1,Top-1,947239,627103.253056806,0.0764280491656114,0.0737670638785582
27,mf_var,Plain MF RF,2011-2040SSP585,2011-2040,SSP585,12393866,8501128.01140083,3,Top-3,1404599,928636.292151518,0.113330174781622,0.109236831971725
27,mf_var,Plain MF RF,2011-2040SSP585,2011-2040,SSP585,12393866,8501128.01140083,5,Top-5,1521544,1006509.41305581,0.12276589080437,0.118397159965828
28,mf_var,Plain MF RF,2011-2040SSP585,2011-2040,SSP585,12393866,8501128.01140083,1,Top-1,88394,64889.8665803372,0.00713207646427676,0.00763308898458107
28,mf_var,Plain MF RF,2011-2040SSP585,2011-2040,SSP585,12393866,8501128.01140083,3,Top-3,308745,227771.090238826,0.0249111132878151,0.0267930432212482
28,mf_var,Plain MF RF,2011-2040SSP585,2011-2040,SSP585,12393866,8501128.01140083,5,Top-5,530053,392487.850346924,0.0427673657275301,0.0461689142688547
29,mf_var,Plain MF RF,2011-2040SSP585,2011-2040,SSP585,12393866,8501128.01140083,1,Top-1,154026,93815.8671493985,0.0124275992656367,0.0110356963244857
29,mf_var,Plain MF RF,2011-2040SSP585,2011-2040,SSP585,12393866,8501128.01140083,3,Top-3,333478,206158.356287426,0.0269066972323244,0.0242507060252414
29,mf_var,Plain MF RF,2011-2040SSP585,2011-2040,SSP585,12393866,8501128.01140083,5,Top-5,359295,222660.199275304,0.0289897437974559,0.0261918417152048
30,mf_var,Plain MF RF,2011-2040SSP585,2011-2040,SSP585,12393866,8501128.01140083,1,Top-1,301993,230640.822896456,0.0243663276656372,0.0271306140299434
30,mf_var,Plain MF RF,2011-2040SSP585,2011-2040,SSP585,12393866,8501128.01140083,3,Top-3,1102590,836594.583426411,0.0889625561547946,0.098409832472168
30,mf_var,Plain MF RF,2011-2040SSP585,2011-2040,SSP585,12393866,8501128.01140083,5,Top-5,1572730,1195167.55923907,0.126895837021314,0.140589290931301
31,mf_var,Plain MF RF,2011-2040SSP585,2011-2040,SSP585,12393866,8501128.01140083,1,Top-1,821563,583454.640174385,0.0662878717584973,0.0686326143297591
31,mf_var,Plain MF RF,2011-2040SSP585,2011-2040,SSP585,12393866,8501128.01140083,3,Top-3,1420487,1006000.41193383,0.114612099243287,0.118337285426674
31,mf_var,Plain MF RF,2011-2040SSP585,2011-2040,SSP585,12393866,8501128.01140083,5,Top-5,1539662,1088072.64080727,0.124227742981891,0.127991560572675
32,mf_var,Plain MF RF,2011-2040SSP585,2011-2040,SSP585,12393866,8501128.01140083,1,Top-1,97900,63841.2209501282,0.00789906878128261,0.00750973528036644
32,mf_var,Plain MF RF,2011-2040SSP585,2011-2040,SSP585,12393866,8501128.01140083,3,Top-3,476985,312288.131976869,0.0384855702006138,0.0367349052452875
32,mf_var,Plain MF RF,2011-2040SSP585,2011-2040,SSP585,12393866,8501128.01140083,5,Top-5,564665,369745.876312339,0.045560037521787,0.0434937429264062
33,mf_var,Plain MF RF,2011-2040SSP585,2011-2040,SSP585,12393866,8501128.01140083,1,Top-1,477189,324716.587180768,0.0385020299557862,0.0381968824308129
33,mf_var,Plain MF RF,2011-2040SSP585,2011-2040,SSP585,12393866,8501128.01140083,3,Top-3,849977,573442.315434024,0.0685804574617799,0.0674548500698946
33,mf_var,Plain MF RF,2011-2040SSP585,2011-2040,SSP585,12393866,8501128.01140083,5,Top-5,985158,663050.211262076,0.0794875465008255,0.0779955566335269
34,mf_var,Plain MF RF,2011-2040SSP585,2011-2040,SSP585,12393866,8501128.01140083,1,Top-1,18246,13793.9014934143,0.00147217986704068,0.00162259661011049
34,mf_var,Plain MF RF,2011-2040SSP585,2011-2040,SSP585,12393866,8501128.01140083,3,Top-3,76599,57359.4043690258,0.00618039601202724,0.00674726980844204
34,mf_var,Plain MF RF,2011-2040SSP585,2011-2040,SSP585,12393866,8501128.01140083,5,Top-5,154086,115085.116476151,0.0124324403700992,0.0135376289266331
35,mf_var,Plain MF RF,2011-2040SSP585,2011-2040,SSP585,12393866,8501128.01140083,1,Top-1,3348,2202.30733270418,0.000270133629006478,0.000259060601105015
35,mf_var,Plain MF RF,2011-2040SSP585,2011-2040,SSP585,12393866,8501128.01140083,3,Top-3,76349,49632.3754658378,0.00616022474343357,0.00583832820765386
35,mf_var,Plain MF RF,2011-2040SSP585,2011-2040,SSP585,12393866,8501128.01140083,5,Top-5,112562,73027.0529511991,0.00908207334176439,0.00859027800231484
36,mf_var,Plain MF RF,2011-2040SSP585,2011-2040,SSP585,12393866,8501128.01140083,1,Top-1,75236,55198.8616634668,0.00607042225565453,0.00649312204091503
36,mf_var,Plain MF RF,2011-2040SSP585,2011-2040,SSP585,12393866,8501128.01140083,3,Top-3,199819,147093.984365487,0.0161224108764771,0.0173028784142787
36,mf_var,Plain MF RF,2011-2040SSP585,2011-2040,SSP585,12393866,8501128.01140083,5,Top-5,330300,244430.40037928,0.0266502800659617,0.0287527020004258
37,mf_var,Plain MF RF,2011-2040SSP585,2011-2040,SSP585,12393866,8501128.01140083,1,Top-1,107528,74487.2798847637,0.00867590467736217,0.00876204661132841
37,mf_var,Plain MF RF,2011-2040SSP585,2011-2040,SSP585,12393866,8501128.01140083,3,Top-3,241202,164489.621446816,0.0194614013093251,0.0193491523979193
37,mf_var,Plain MF RF,2011-2040SSP585,2011-2040,SSP585,12393866,8501128.01140083,5,Top-5,432193,293148.167694652,0.0348715243492224,0.0344834435267311
38,mf_var,Plain MF RF,2011-2040SSP585,2011-2040,SSP585,12393866,8501128.01140083,1,Top-1,7051,4551.77233496304,0.000568910459415972,0.000535431572005348
38,mf_var,Plain MF RF,2011-2040SSP585,2011-2040,SSP585,12393866,8501128.01140083,3,Top-3,31399,20054.248817544,0.00253343065029104,0.00235901033258754
38,mf_var,Plain MF RF,2011-2040SSP585,2011-2040,SSP585,12393866,8501128.01140083,5,Top-5,39193,25124.1837538029,0.00316229011996741,0.00295539412182818
39,mf_var,Plain MF RF,2011-2040SSP585,2011-2040,SSP585,12393866,8501128.01140083,1,Top-1,77162,57560.3113765753,0.00622582170890019,0.00677090279070982
39,mf_var,Plain MF RF,2011-2040SSP585,2011-2040,SSP585,12393866,8501128.01140083,3,Top-3,219613,163724.825855849,0.0177194912386498,0.0192591883849153
39,mf_var,Plain MF RF,2011-2040SSP585,2011-2040,SSP585,12393866,8501128.01140083,5,Top-5,317987,236589.529710005,0.0256568047451861,0.0278303690278179
40,mf_var,Plain MF RF,2011-2040SSP585,2011-2040,SSP585,12393866,8501128.01140083,1,Top-1,331040,255330.660812847,0.0267099870209989,0.0300349154218622
40,mf_var,Plain MF RF,2011-2040SSP585,2011-2040,SSP585,12393866,8501128.01140083,3,Top-3,1383029,1057580.62974986,0.11158979772736,0.124404741151002
40,mf_var,Plain MF RF,2011-2040SSP585,2011-2040,SSP585,12393866,8501128.01140083,5,Top-5,1874980,1434702.59721657,0.151282900751065,0.168766144362547
41,mf_var,Plain MF RF,2011-2040SSP585,2011-2040,SSP585,12393866,8501128.01140083,1,Top-1,123403,83427.2328787086,0.00995678023306045,0.00981366622956679
41,mf_var,Plain MF RF,2011-2040SSP585,2011-2040,SSP585,12393866,8501128.01140083,3,Top-3,493380,334624.268356737,0.0398084019949869,0.0393623373166448
41,mf_var,Plain MF RF,2011-2040SSP585,2011-2040,SSP585,12393866,8501128.01140083,5,Top-5,585273,397383.707998842,0.0472227955345007,0.0467448210950255
42,mf_var,Plain MF RF,2011-2040SSP585,2011-2040,SSP585,12393866,8501128.01140083,1,Top-1,137333,94524.6633855663,0.0110807233191,0.011119073052282
42,mf_var,Plain MF RF,2011-2040SSP585,2011-2040,SSP585,12393866,8501128.01140083,3,Top-3,424768,294318.98373606,0.0342724376719903,0.034621168313352
42,mf_var,Plain MF RF,2011-2040SSP585,2011-2040,SSP585,12393866,8501128.01140083,5,Top-5,452288,313249.997186116,0.0364928909187819,0.0368480508429019
43,mf_var,Plain MF RF,2011-2040SSP585,2011-2040,SSP585,12393866,8501128.01140083,1,Top-1,4031,2771.7074345711,0.000325241534804394,0.000326039959738752
43,mf_var,Plain MF RF,2011-2040SSP585,2011-2040,SSP585,12393866,8501128.01140083,3,Top-3,18938,13272.9142059857,0.00152801393850797,0.00156131212095447
43,mf_var,Plain MF RF,2011-2040SSP585,2011-2040,SSP585,12393866,8501128.01140083,5,Top-5,42156,29838.831310626,0.00340135999533963,0.00350998494206995
44,mf_var,Plain MF RF,2011-2040SSP585,2011-2040,SSP585,12393866,8501128.01140083,1,Top-1,305530,233336.373547504,0.0246517107737005,0.0274476955569399
44,mf_var,Plain MF RF,2011-2040SSP585,2011-2040,SSP585,12393866,8501128.01140083,3,Top-3,1324289,1013216.67673236,0.10685035645859,0.119186145106102
44,mf_var,Plain MF RF,2011-2040SSP585,2011-2040,SSP585,12393866,8501128.01140083,5,Top-5,1922038,1470385.47171929,0.155079778980989,0.172963572569118
45,mf_var,Plain MF RF,2011-2040SSP585,2011-2040,SSP585,12393866,8501128.01140083,1,Top-1,104241,77163.7065788667,0.00841069283789255,0.00907687855957265
45,mf_var,Plain MF RF,2011-2040SSP585,2011-2040,SSP585,12393866,8501128.01140083,3,Top-3,328831,243064.359967007,0.0265317536917052,0.0285920126883202
45,mf_var,Plain MF RF,2011-2040SSP585,2011-2040,SSP585,12393866,8501128.01140083,5,Top-5,458132,338099.751714962,0.0369644144934276,0.0397711634575479
46,mf_var,Plain MF RF,2011-2040SSP585,2011-2040,SSP585,12393866,8501128.01140083,1,Top-1,208457,153742.947139204,0.0168193685489257,0.0180850055349149
46,mf_var,Plain MF RF,2011-2040SSP585,2011-2040,SSP585,12393866,8501128.01140083,3,Top-3,690496,506846.320639462,0.0557127211154292,0.0596210667525218
46,mf_var,Plain MF RF,2011-2040SSP585,2011-2040,SSP585,12393866,8501128.01140083,5,Top-5,865071,634476.746204869,0.0697983179743915,0.0746344185564521
47,mf_var,Plain MF RF,2011-2040SSP585,2011-2040,SSP585,12393866,8501128.01140083,1,Top-1,393224,293534.596520154,0.031727307685915,0.0345288997091322
47,mf_var,Plain MF RF,2011-2040SSP585,2011-2040,SSP585,12393866,8501128.01140083,3,Top-3,871707,656233.083428153,0.070333744127942,0.0771936480133085
47,mf_var,Plain MF RF,2011-2040SSP585,2011-2040,SSP585,12393866,8501128.01140083,5,Top-5,1060004,798758.571031385,0.0855265015774739,0.0939591275369777
48,mf_var,Plain MF RF,2011-2040SSP585,2011-2040,SSP585,12393866,8501128.01140083,1,Top-1,1335,996.215078448868,0.000107714574290217,0.000117186222476929
48,mf_var,Plain MF RF,2011-2040SSP585,2011-2040,SSP585,12393866,8501128.01140083,3,Top-3,67671,50523.1034553144,0.00546003966800997,0.00594310583108007
48,mf_var,Plain MF RF,2011-2040SSP585,2011-2040,SSP585,12393866,8501128.01140083,5,Top-5,86952,65159.4382279514,0.00701572858702845,0.00766479908790531
49,mf_var,Plain MF RF,2011-2040SSP585,2011-2040,SSP585,12393866,8501128.01140083,1,Top-1,169295,129709.720068583,0.0136595796662639,0.0152579422277408
49,mf_var,Plain MF RF,2011-2040SSP585,2011-2040,SSP585,12393866,8501128.01140083,3,Top-3,565835,433077.598578888,0.0456544390588054,0.0509435451387262
49,mf_var,Plain MF RF,2011-2040SSP585,2011-2040,SSP585,12393866,8501128.01140083,5,Top-5,936822,717757.011565273,0.0755875527458503,0.0844307967839905
50,mf_var,Plain MF RF,2011-2040SSP585,2011-2040,SSP585,12393866,8501128.01140083,1,Top-1,17831,13827.0170092939,0.00143869556117518,0.00162649203620397
50,mf_var,Plain MF RF,2011-2040SSP585,2011-2040,SSP585,12393866,8501128.01140083,3,Top-3,68527,53321.5320943835,0.0055291060916747,0.00627228904480372
50,mf_var,Plain MF RF,2011-2040SSP585,2011-2040,SSP585,12393866,8501128.01140083,5,Top-5,104089,80969.3328853192,0.0083984287065876,0.00952453989361548
52,mf_var,Plain MF RF,2011-2040SSP585,2011-2040,SSP585,12393866,8501128.01140083,1,Top-1,40485,31285.0502879485,0.00326653523605952,0.00368010577490332
52,mf_var,Plain MF RF,2011-2040SSP585,2011-2040,SSP585,12393866,8501128.01140083,3,Top-3,77838,60330.3622992368,0.00628036481917749,0.00709674789255355
52,mf_var,Plain MF RF,2011-2040SSP585,2011-2040,SSP585,12393866,8501128.01140083,5,Top-5,105371,82077.3912176829,0.00850186697193596,0.00965488240003083
53,mf_var,Plain MF RF,2011-2040SSP585,2011-2040,SSP585,12393866,8501128.01140083,1,Top-1,177394,140410.013068373,0.0143130480836246,0.0165166331903331
53,mf_var,Plain MF RF,2011-2040SSP585,2011-2040,SSP585,12393866,8501128.01140083,3,Top-3,275189,217400.7375648,0.0222036449320979,0.0255731636170217
53,mf_var,Plain MF RF,2011-2040SSP585,2011-2040,SSP585,12393866,8501128.01140083,5,Top-5,305577,241296.496002934,0.0246555029721961,0.0283840562898632
54,mf_var,Plain MF RF,2011-2040SSP585,2011-2040,SSP585,12393866,8501128.01140083,1,Top-1,807,636.469213153096,6.51128550203786e-05,7.48687953292233e-05
54,mf_var,Plain MF RF,2011-2040SSP585,2011-2040,SSP585,12393866,8501128.01140083,3,Top-3,13363,10525.4140856061,0.00107819464886905,0.00123811970264305
54,mf_var,Plain MF RF,2011-2040SSP585,2011-2040,SSP585,12393866,8501128.01140083,5,Top-5,27761,21929.6445748977,0.0022398983497159,0.00257961585162439
55,mf_var,Plain MF RF,2011-2040SSP585,2011-2040,SSP585,12393866,8501128.01140083,1,Top-1,16346,13012.789611808,0.00131887822572876,0.00153071328820794
55,mf_var,Plain MF RF,2011-2040SSP585,2011-2040,SSP585,12393866,8501128.01140083,3,Top-3,51852,41231.4896914546,0.00418368247647667,0.00485011984717313
55,mf_var,Plain MF RF,2011-2040SSP585,2011-2040,SSP585,12393866,8501128.01140083,5,Top-5,78207,62003.1626071294,0.00631013761162175,0.00729352181545521
1,mf_var,Plain MF RF,2041-2070SSP585,2041-2070,SSP585,12393866,8501128.01140083,1,Top-1,45939,32397.244803015,0.0037065916316991,0.00381093482648034
1,mf_var,Plain MF RF,2041-2070SSP585,2041-2070,SSP585,12393866,8501128.01140083,3,Top-3,141031,99816.2396978887,0.0113790967241376,0.0117415288375878
1,mf_var,Plain MF RF,2041-2070SSP585,2041-2070,SSP585,12393866,8501128.01140083,5,Top-5,207696,148499.435734634,0.0167579672073266,0.0174682036943194
2,mf_var,Plain MF RF,2041-2070SSP585,2041-2070,SSP585,12393866,8501128.01140083,1,Top-1,38568,23346.5401417594,0.00311186194848323,0.00274628732921672
2,mf_var,Plain MF RF,2041-2070SSP585,2041-2070,SSP585,12393866,8501128.01140083,3,Top-3,296106,174053.447975417,0.0238913346327934,0.0204741591635833
2,mf_var,Plain MF RF,2041-2070SSP585,2041-2070,SSP585,12393866,8501128.01140083,5,Top-5,343439,204151.487409263,0.0277104012581708,0.0240146351325938
3,mf_var,Plain MF RF,2041-2070SSP585,2041-2070,SSP585,12393866,8501128.01140083,1,Top-1,421656,254872.376314642,0.0340213457205363,0.0299810067526137
3,mf_var,Plain MF RF,2041-2070SSP585,2041-2070,SSP585,12393866,8501128.01140083,3,Top-3,906143,556414.72174868,0.073112215349109,0.0654518695639536
3,mf_var,Plain MF RF,2041-2070SSP585,2041-2070,SSP585,12393866,8501128.01140083,5,Top-5,1080800,674944.395809317,0.08720442838417,0.0793946867879359
4,mf_var,Plain MF RF,2041-2070SSP585,2041-2070,SSP585,12393866,8501128.01140083,1,Top-1,5664,3527.81638142902,0.000457000261258271,0.000414982150215581
4,mf_var,Plain MF RF,2041-2070SSP585,2041-2070,SSP585,12393866,8501128.01140083,3,Top-3,61982,35919.0618078598,0.00500102227989233,0.00422521126133954
4,mf_var,Plain MF RF,2041-2070SSP585,2041-2070,SSP585,12393866,8501128.01140083,5,Top-5,104412,60589.3219687111,0.00842448998561063,0.00712720969352008
5,mf_var,Plain MF RF,2041-2070SSP585,2041-2070,SSP585,12393866,8501128.01140083,1,Top-1,208165,115278.240993944,0.0167958085072083,0.0135603464433596
5,mf_var,Plain MF RF,2041-2070SSP585,2041-2070,SSP585,12393866,8501128.01140083,3,Top-3,526129,300544.172905001,0.0424507574956838,0.0353534463311153
5,mf_var,Plain MF RF,2041-2070SSP585,2041-2070,SSP585,12393866,8501128.01140083,5,Top-5,649212,385524.994889254,0.0523817185049443,0.0453498634972004
6,mf_var,Plain MF RF,2041-2070SSP585,2041-2070,SSP585,12393866,8501128.01140083,1,Top-1,289,181.903420306444,2.33179864942868e-05,2.13975627778447e-05
6,mf_var,Plain MF RF,2041-2070SSP585,2041-2070,SSP585,12393866,8501128.01140083,3,Top-3,41751,22759.4634200312,0.00336868254021788,0.00267722864418799
6,mf_var,Plain MF RF,2041-2070SSP585,2041-2070,SSP585,12393866,8501128.01140083,5,Top-5,49179,26838.6555283815,0.00396801127267311,0.0031570699197081
7,mf_var,Plain MF RF,2041-2070SSP585,2041-2070,SSP585,12393866,8501128.01140083,1,Top-1,229088,150009.579498458,0.0184839823183501,0.0176458440923699
7,mf_var,Plain MF RF,2041-2070SSP585,2041-2070,SSP585,12393866,8501128.01140083,3,Top-3,637513,420751.18406835,0.0514377838198348,0.0494935711477444
7,mf_var,Plain MF RF,2041-2070SSP585,2041-2070,SSP585,12393866,8501128.01140083,5,Top-5,842125,558559.300896576,0.0679469182577898,0.0657041395150731
9,mf_var,Plain MF RF,2041-2070SSP585,2041-2070,SSP585,12393866,8501128.01140083,1,Top-1,2214,1414.77219047075,0.000178636754665574,0.000166421701752215
9,mf_var,Plain MF RF,2041-2070SSP585,2041-2070,SSP585,12393866,8501128.01140083,3,Top-3,7452,4477.47097672549,0.000601265174240225,0.000526691395626648
9,mf_var,Plain MF RF,2041-2070SSP585,2041-2070,SSP585,12393866,8501128.01140083,5,Top-5,12268,7137.64804220526,0.000989844492428755,0.000839611876521914
10,mf_var,Plain MF RF,2041-2070SSP585,2041-2070,SSP585,12393866,8501128.01140083,1,Top-1,225087,166744.341216616,0.0181611613357769,0.0196143783499078
10,mf_var,Plain MF RF,2041-2070SSP585,2041-2070,SSP585,12393866,8501128.01140083,3,Top-3,423536,313357.082308609,0.0341730336603607,0.0368606474209501
10,mf_var,Plain MF RF,2041-2070SSP585,2041-2070,SSP585,12393866,8501128.01140083,5,Top-5,482471,356499.042227741,0.0389282085186333,0.041935498647902
11,mf_var,Plain MF RF,2041-2070SSP585,2041-2070,SSP585,12393866,8501128.01140083,1,Top-1,88777,51910.8553241509,0.00716297884776227,0.00610634909326544
11,mf_var,Plain MF RF,2041-2070SSP585,2041-2070,SSP585,12393866,8501128.01140083,3,Top-3,220444,132224.346671698,0.0177865405354552,0.0155537413969502
11,mf_var,Plain MF RF,2041-2070SSP585,2041-2070,SSP585,12393866,8501128.01140083,5,Top-5,278926,169562.187693897,0.0225051650550361,0.0199458457120628
12,mf_var,Plain MF RF,2041-2070SSP585,2041-2070,SSP585,12393866,8501128.01140083,1,Top-1,510276,307936.208517772,0.0411716570116217,0.0362229821859875
12,mf_var,Plain MF RF,2041-2070SSP585,2041-2070,SSP585,12393866,8501128.01140083,3,Top-3,890590,536275.470199754,0.0718573203873594,0.0630828602369658
12,mf_var,Plain MF RF,2041-2070SSP585,2041-2070,SSP585,12393866,8501128.01140083,5,Top-5,956578,576660.952912654,0.0771815670751967,0.0678334630579961
13,mf_var,Plain MF RF,2041-2070SSP585,2041-2070,SSP585,12393866,8501128.01140083,1,Top-1,322025,202033.141508156,0.0259826110755111,0.0237654510362872
13,mf_var,Plain MF RF,2041-2070SSP585,2041-2070,SSP585,12393866,8501128.01140083,3,Top-3,711489,448764.846529193,0.0574065428817772,0.0527888588346577
13,mf_var,Plain MF RF,2041-2070SSP585,2041-2070,SSP585,12393866,8501128.01140083,5,Top-5,787629,497792.796041279,0.0635499044446664,0.0585560875419934
14,mf_var,Plain MF RF,2041-2070SSP585,2041-2070,SSP585,12393866,8501128.01140083,1,Top-1,16350,10223.2610692526,0.00131920096602626,0.00120257700572703
14,mf_var,Plain MF RF,2041-2070SSP585,2041-2070,SSP585,12393866,8501128.01140083,3,Top-3,74865,46791.1842927808,0.00604048809306152,0.00550411477512506
14,mf_var,Plain MF RF,2041-2070SSP585,2041-2070,SSP585,12393866,8501128.01140083,5,Top-5,97071,60765.3297815064,0.00783218085462599,0.0071479137474479
15,mf_var,Plain MF RF,2041-2070SSP585,2041-2070,SSP585,12393866,8501128.01140083,1,Top-1,416896,267562.491428424,0.0336372847665127,0.0314737633722957
15,mf_var,Plain MF RF,2041-2070SSP585,2041-2070,SSP585,12393866,8501128.01140083,3,Top-3,1092019,698985.661986962,0.0881096342335797,0.0822226957469121
15,mf_var,Plain MF RF,2041-2070SSP585,2041-2070,SSP585,12393866,8501128.01140083,5,Top-5,1145043,732263.129620336,0.0923878796172236,0.0861371724597372
16,mf_var,Plain MF RF,2041-2070SSP585,2041-2070,SSP585,12393866,8501128.01140083,1,Top-1,537181,383694.587805733,0.0433424889376729,0.0451345500610227
16,mf_var,Plain MF RF,2041-2070SSP585,2041-2070,SSP585,12393866,8501128.01140083,3,Top-3,1383577,989528.799781732,0.111634013148117,0.116399705833706
16,mf_var,Plain MF RF,2041-2070SSP585,2041-2070,SSP585,12393866,8501128.01140083,5,Top-5,1623182,1162068.73220207,0.130966560393666,0.13669582797055
17,mf_var,Plain MF RF,2041-2070SSP585,2041-2070,SSP585,12393866,8501128.01140083,1,Top-1,339,212.639367603131,2.73522402130215e-05,2.50130767726308e-05
17,mf_var,Plain MF RF,2041-2070SSP585,2041-2070,SSP585,12393866,8501128.01140083,3,Top-3,829,514.987871023471,6.68879266566219e-05,6.05787691154424e-05
17,mf_var,Plain MF RF,2041-2070SSP585,2041-2070,SSP585,12393866,8501128.01140083,5,Top-5,1093,690.442396238607,8.81887862915413e-05,8.12177390238868e-05
18,mf_var,Plain MF RF,2041-2070SSP585,2041-2070,SSP585,12393866,8501128.01140083,1,Top-1,323712,227545.332690436,0.0261187267959812,0.0267664870338707
18,mf_var,Plain MF RF,2041-2070SSP585,2041-2070,SSP585,12393866,8501128.01140083,3,Top-3,1148296,814051.26308255,0.0926503481641644,0.0957580290510658
18,mf_var,Plain MF RF,2041-2070SSP585,2041-2070,SSP585,12393866,8501128.01140083,5,Top-5,1470152,1044133.17970505,0.118619323462106,0.122822898126551
19,mf_var,Plain MF RF,2041-2070SSP585,2041-2070,SSP585,12393866,8501128.01140083,1,Top-1,629153,412976.972537458,0.0507632565980623,0.0485790793861257
19,mf_var,Plain MF RF,2041-2070SSP585,2041-2070,SSP585,12393866,8501128.01140083,3,Top-3,923104,606870.855902445,0.0744807148955782,0.0713870976991022
19,mf_var,Plain MF RF,2041-2070SSP585,2041-2070,SSP585,12393866,8501128.01140083,5,Top-5,939456,617568.013864516,0.0758000772317532,0.0726454198826671
20,mf_var,Plain MF RF,2041-2070SSP585,2041-2070,SSP585,12393866,8501128.01140083,1,Top-1,124891,89853.9550875138,0.01007683962373,0.0105696508706857
20,mf_var,Plain MF RF,2041-2070SSP585,2041-2070,SSP585,12393866,8501128.01140083,3,Top-3,524058,376186.402834917,0.0422836587066538,0.0442513513889468
20,mf_var,Plain MF RF,2041-2070SSP585,2041-2070,SSP585,12393866,8501128.01140083,5,Top-5,664976,476955.485983546,0.053653638017387,0.05610496458163
21,mf_var,Plain MF RF,2041-2070SSP585,2041-2070,SSP585,12393866,8501128.01140083,1,Top-1,1441420,1080251.13052305,0.116301079905172,0.1270715049902
21,mf_var,Plain MF RF,2041-2070SSP585,2041-2070,SSP585,12393866,8501128.01140083,3,Top-3,1865631,1408192.93067365,0.150528575990736,0.165647773893668
21,mf_var,Plain MF RF,2041-2070SSP585,2041-2070,SSP585,12393866,8501128.01140083,5,Top-5,2169967,1643676.99994459,0.175083948785633,0.193348106009021
22,mf_var,Plain MF RF,2041-2070SSP585,2041-2070,SSP585,12393866,8501128.01140083,1,Top-1,3682,2545.53158817758,0.000297082443847626,0.000299434567361388
22,mf_var,Plain MF RF,2041-2070SSP585,2041-2070,SSP585,12393866,8501128.01140083,3,Top-3,67697,46052.5162775416,0.00546213747994371,0.0054172241866939
22,mf_var,Plain MF RF,2041-2070SSP585,2041-2070,SSP585,12393866,8501128.01140083,5,Top-5,115573,79020.4433506409,0.00932501610070659,0.00929528919511233
23,mf_var,Plain MF RF,2041-2070SSP585,2041-2070,SSP585,12393866,8501128.01140083,1,Top-1,414876,269003.796316537,0.0334743009162758,0.0316433061536983
23,mf_var,Plain MF RF,2041-2070SSP585,2041-2070,SSP585,12393866,8501128.01140083,3,Top-3,922154,597009.626812765,0.0744040640749222,0.0702271070394561
23,mf_var,Plain MF RF,2041-2070SSP585,2041-2070,SSP585,12393866,8501128.01140083,5,Top-5,970754,628378.757516579,0.0783253586895324,0.0739171033154497
24,mf_var,Plain MF RF,2041-2070SSP585,2041-2070,SSP585,12393866,8501128.01140083,1,Top-1,698932,448889.844508335,0.0563933804028541,0.0528035625279764
24,mf_var,Plain MF RF,2041-2070SSP585,2041-2070,SSP585,12393866,8501128.01140083,3,Top-3,1167894,750940.763952978,0.0942316142517597,0.0883342496367416
24,mf_var,Plain MF RF,2041-2070SSP585,2041-2070,SSP585,12393866,8501128.01140083,5,Top-5,1208091,776861.638389926,0.0974749121863993,0.0913833596374598
25,mf_var,Plain MF RF,2041-2070SSP585,2041-2070,SSP585,12393866,8501128.01140083,1,Top-1,367075,249456.865768311,0.0296174736760911,0.0293439724038699
25,mf_var,Plain MF RF,2041-2070SSP585,2041-2070,SSP585,12393866,8501128.01140083,3,Top-3,890631,605378.476908833,0.0718606284754087,0.0712115469966999
25,mf_var,Plain MF RF,2041-2070SSP585,2041-2070,SSP585,12393866,8501128.01140083,5,Top-5,1001348,680176.8759717,0.0807938378549518,0.0800101910075366
26,mf_var,Plain MF RF,2041-2070SSP585,2041-2070,SSP585,12393866,8501128.01140083,1,Top-1,10203,7663.22017023754,0.00082322981384501,0.000901435687118277
26,mf_var,Plain MF RF,2041-2070SSP585,2041-2070,SSP585,12393866,8501128.01140083,3,Top-3,61305,46733.9635053517,0.00494639848454066,0.00549738381102802
26,mf_var,Plain MF RF,2041-2070SSP585,2041-2070,SSP585,12393866,8501128.01140083,5,Top-5,137339,104798.687473859,0.0110812074295462,0.0123276213854578
27,mf_var,Plain MF RF,2041-2070SSP585,2041-2070,SSP585,12393866,8501128.01140083,1,Top-1,1060734,689631.712698968,0.0855854016817674,0.0811223771450218
27,mf_var,Plain MF RF,2041-2070SSP585,2041-2070,SSP585,12393866,8501128.01140083,3,Top-3,1595903,1037905.50790029,0.128765552249798,0.122090328072741
27,mf_var,Plain MF RF,2041-2070SSP585,2041-2070,SSP585,12393866,8501128.01140083,5,Top-5,1692098,1101151.94520594,0.136527052979272,0.129530098091593
28,mf_var,Plain MF RF,2041-2070SSP585,2041-2070,SSP585,12393866,8501128.01140083,1,Top-1,66028,47754.2953775889,0.00532747409081234,0.00561740692688615
28,mf_var,Plain MF RF,2041-2070SSP585,2041-2070,SSP585,12393866,8501128.01140083,3,Top-3,227843,166498.423836818,0.0183835294007536,0.0195854507323649
28,mf_var,Plain MF RF,2041-2070SSP585,2041-2070,SSP585,12393866,8501128.01140083,5,Top-5,376244,276580.245825477,0.0303572751230326,0.0325345348822599
29,mf_var,Plain MF RF,2041-2070SSP585,2041-2070,SSP585,12393866,8501128.01140083,1,Top-1,96231,58567.125076097,0.00776440539215125,0.00688933574433332
29,mf_var,Plain MF RF,2041-2070SSP585,2041-2070,SSP585,12393866,8501128.01140083,3,Top-3,187036,115265.334221517,0.0150910135707454,0.0135588282010264
29,mf_var,Plain MF RF,2041-2070SSP585,2041-2070,SSP585,12393866,8501128.01140083,5,Top-5,198812,122869.876954436,0.0160411610065818,0.0144533615762115
30,mf_var,Plain MF RF,2041-2070SSP585,2041-2070,SSP585,12393866,8501128.01140083,1,Top-1,161995,123706.573549129,0.0130705786233287,0.0145517834084167
30,mf_var,Plain MF RF,2041-2070SSP585,2041-2070,SSP585,12393866,8501128.01140083,3,Top-3,898162,679394.385773055,0.0724682677705246,0.0799181455522046
30,mf_var,Plain MF RF,2041-2070SSP585,2041-2070,SSP585,12393866,8501128.01140083,5,Top-5,1263754,957251.277907977,0.101966085481318,0.112602854188787
31,mf_var,Plain MF RF,2041-2070SSP585,2041-2070,SSP585,12393866,8501128.01140083,1,Top-1,677533,479234.679547099,0.05466680049631,0.0563730694214226
31,mf_var,Plain MF RF,2041-2070SSP585,2041-2070,SSP585,12393866,8501128.01140083,3,Top-3,1170554,827869.933174091,0.0944462365495964,0.0973835392272458
31,mf_var,Plain MF RF,2041-2070SSP585,2041-2070,SSP585,12393866,8501128.01140083,5,Top-5,1243924,879398.379239493,0.100366100456468,0.103444904965569
32,mf_var,Plain MF RF,2041-2070SSP585,2041-2070,SSP585,12393866,8501128.01140083,1,Top-1,47696,30814.7551333845,0.00384835530737544,0.00362478427475259
32,mf_var,Plain MF RF,2041-2070SSP585,2041-2070,SSP585,12393866,8501128.01140083,3,Top-3,351097,227008.891817363,0.0283282875577322,0.0267033847170543
32,mf_var,Plain MF RF,2041-2070SSP585,2041-2070,SSP585,12393866,8501128.01140083,5,Top-5,397426,257414.272860897,0.0320663463684374,0.0302800137247292
33,mf_var,Plain MF RF,2041-2070SSP585,2041-2070,SSP585,12393866,8501128.01140083,1,Top-1,487225,329724.568947151,0.0393117853622106,0.0387859785789555
33,mf_var,Plain MF RF,2041-2070SSP585,2041-2070,SSP585,12393866,8501128.01140083,3,Top-3,803541,540842.631721722,0.0648337653481166,0.0636201020613265
33,mf_var,Plain MF RF,2041-2070SSP585,2041-2070,SSP585,12393866,8501128.01140083,5,Top-5,880759,592210.617813376,0.0710641054211817,0.0696625926605462
34,mf_var,Plain MF RF,2041-2070SSP585,2041-2070,SSP585,12393866,8501128.01140083,1,Top-1,15233,11458.7883097688,0.00122907573794972,0.00134791386441911
34,mf_var,Plain MF RF,2041-2070SSP585,2041-2070,SSP585,12393866,8501128.01140083,3,Top-3,68143,50744.6175270126,0.00549812302311482,0.00596916285214847
34,mf_var,Plain MF RF,2041-2070SSP585,2041-2070,SSP585,12393866,8501128.01140083,5,Top-5,144581,107618.270747227,0.0116655287381677,0.0126592930494518
35,mf_var,Plain MF RF,2041-2070SSP585,2041-2070,SSP585,12393866,8501128.01140083,1,Top-1,519,353.607870054072,4.18755536004666e-05,4.15954058778847e-05
35,mf_var,Plain MF RF,2041-2070SSP585,2041-2070,SSP585,12393866,8501128.01140083,3,Top-3,32211,20573.3613405033,0.00259894693068329,0.00242007429048386
35,mf_var,Plain MF RF,2041-2070SSP585,2041-2070,SSP585,12393866,8501128.01140083,5,Top-5,43487,27780.3007603616,0.00350875182933235,0.00326783701211246
36,mf_var,Plain MF RF,2041-2070SSP585,2041-2070,SSP585,12393866,8501128.01140083,1,Top-1,53232,38770.4449486274,0.00429502787911375,0.00456062358979097
36,mf_var,Plain MF RF,2041-2070SSP585,2041-2070,SSP585,12393866,8501128.01140083,3,Top-3,142539,103998.808053627,0.0115007698162946,0.012233530410806
36,mf_var,Plain MF RF,2041-2070SSP585,2041-2070,SSP585,12393866,8501128.01140083,5,Top-5,209308,153312.826614499,0.0168880315472186,0.0180344098346586
37,mf_var,Plain MF RF,2041-2070SSP585,2041-2070,SSP585,12393866,8501128.01140083,1,Top-1,53468,36157.4440670754,0.00431406955666618,0.00425325251173548
37,mf_var,Plain MF RF,2041-2070SSP585,2041-2070,SSP585,12393866,8501128.01140083,3,Top-3,194914,129057.379612687,0.0157266505866692,0.0151812064751418
37,mf_var,Plain MF RF,2041-2070SSP585,2041-2070,SSP585,12393866,8501128.01140083,5,Top-5,331453,220214.588455433,0.0267433099567157,0.0259041609725326
38,mf_var,Plain MF RF,2041-2070SSP585,2041-2070,SSP585,12393866,8501128.01140083,1,Top-1,441,289.841144552746,3.55821177992404e-05,3.40944336050512e-05
38,mf_var,Plain MF RF,2041-2070SSP585,2041-2070,SSP585,12393866,8501128.01140083,3,Top-3,3883,2460.995601444,0.00031330014379694,0.000289490476810086
38,mf_var,Plain MF RF,2041-2070SSP585,2041-2070,SSP585,12393866,8501128.01140083,5,Top-5,5249,3314.60424189394,0.000423515955392773,0.00038990169745106
39,mf_var,Plain MF RF,2041-2070SSP585,2041-2070,SSP585,12393866,8501128.01140083,1,Top-1,70101,51896.4869118584,0.00565610439874047,0.00610465891611798
39,mf_var,Plain MF RF,2041-2070SSP585,2041-2070,SSP585,12393866,8501128.01140083,3,Top-3,250636,185786.395077294,0.020222584300976,0.0218543227237769
39,mf_var,Plain MF RF,2041-2070SSP585,2041-2070,SSP585,12393866,8501128.01140083,5,Top-5,353657,261447.949472136,0.0285348413481314,0.0307545009464049
40,mf_var,Plain MF RF,2041-2070SSP585,2041-2070,SSP585,12393866,8501128.01140083,1,Top-1,308010,237175.333581366,0.0248518097581497,0.0278992779856145
40,mf_var,Plain MF RF,2041-2070SSP585,2041-2070,SSP585,12393866,8501128.01140083,3,Top-3,1745718,1327977.35998649,0.140853386667243,0.156211900139081
40,mf_var,Plain MF RF,2041-2070SSP585,2041-2070,SSP585,12393866,8501128.01140083,5,Top-5,2123621,1619158.56060038,0.171344518328664,0.190463966479382
41,mf_var,Plain MF RF,2041-2070SSP585,2041-2070,SSP585,12393866,8501128.01140083,1,Top-1,70677,47442.0154025808,0.0057025790015803,0.00558067298115691
41,mf_var,Plain MF RF,2041-2070SSP585,2041-2070,SSP585,12393866,8501128.01140083,3,Top-3,359960,243693.900975428,0.0290433993719151,0.0286660665088929
41,mf_var,Plain MF RF,2041-2070SSP585,2041-2070,SSP585,12393866,8501128.01140083,5,Top-5,446642,303226.751705111,0.0360373429888624,0.0356690019604992
42,mf_var,Plain MF RF,2041-2070SSP585,2041-2070,SSP585,12393866,8501128.01140083,1,Top-1,53819,36948.4435152019,0.00434239001777169,0.00434629892240776
42,mf_var,Plain MF RF,2041-2070SSP585,2041-2070,SSP585,12393866,8501128.01140083,3,Top-3,212351,146729.606420499,0.0171335562285408,0.0172600161088883
42,mf_var,Plain MF RF,2041-2070SSP585,2041-2070,SSP585,12393866,8501128.01140083,5,Top-5,243168,168013.752653144,0.0196200281655458,0.0197637010556507
43,mf_var,Plain MF RF,2041-2070SSP585,2041-2070,SSP585,12393866,8501128.01140083,1,Top-1,237,164.47345962861,1.91223626268026e-05,1.93472512598369e-05
43,mf_var,Plain MF RF,2041-2070SSP585,2041-2070,SSP585,12393866,8501128.01140083,3,Top-3,3601,2522.09170322392,0.000290546952823276,0.000296677299746757
43,mf_var,Plain MF RF,2041-2070SSP585,2041-2070,SSP585,12393866,8501128.01140083,5,Top-5,9600,6793.67487976486,0.000774576713997069,0.000799149815254386
44,mf_var,Plain MF RF,2041-2070SSP585,2041-2070,SSP585,12393866,8501128.01140083,1,Top-1,292037,223031.570215941,0.0235630270651627,0.0262355266168012
44,mf_var,Plain MF RF,2041-2070SSP585,2041-2070,SSP585,12393866,8501128.01140083,3,Top-3,1412334,1079215.85470949,0.11395427383191,0.126949723996881
44,mf_var,Plain MF RF,2041-2070SSP585,2041-2070,SSP585,12393866,8501128.01140083,5,Top-5,1900899,1453388.8669737,0.153374177193783,0.170964237337041
45,mf_var,Plain MF RF,2041-2070SSP585,2041-2070,SSP585,12393866,8501128.01140083,1,Top-1,125454,92368.5455287499,0.010122265320603,0.0108654457861209
45,mf_var,Plain MF RF,2041-2070SSP585,2041-2070,SSP585,12393866,8501128.01140083,3,Top-3,377410,277596.624185943,0.0304513539197535,0.0326540929408026
45,mf_var,Plain MF RF,2041-2070SSP585,2041-2070,SSP585,12393866,8501128.01140083,5,Top-5,543291,399073.49598815,0.0438354747421023,0.0469435933034951
46,mf_var,Plain MF RF,2041-2070SSP585,2041-2070,SSP585,12393866,8501128.01140083,1,Top-1,307182,225411.17216291,0.0247850025165675,0.0265154426401546
46,mf_var,Plain MF RF,2041-2070SSP585,2041-2070,SSP585,12393866,8501128.01140083,3,Top-3,892334,651494.821180725,0.0719980351570688,0.0766362793628102
46,mf_var,Plain MF RF,2041-2070SSP585,2041-2070,SSP585,12393866,8501128.01140083,5,Top-5,1058108,771764.266117521,0.0853735226764595,0.0907837483546314
47,mf_var,Plain MF RF,2041-2070SSP585,2041-2070,SSP585,12393866,8501128.01140083,1,Top-1,138025,103164.601797118,0.0111365573905672,0.0121354015206881
47,mf_var,Plain MF RF,2041-2070SSP585,2041-2070,SSP585,12393866,8501128.01140083,3,Top-3,535263,403836.252564449,0.0431877349650222,0.0475038432573731
47,mf_var,Plain MF RF,2041-2070SSP585,2041-2070,SSP585,12393866,8501128.01140083,5,Top-5,701882,530738.715888813,0.0566314013722595,0.0624315638085959
48,mf_var,Plain MF RF,2041-2070SSP585,2041-2070,SSP585,12393866,8501128.01140083,1,Top-1,393,294.333455211213,3.1709234229255e-05,3.46228706139331e-05
48,mf_var,Plain MF RF,2041-2070SSP585,2041-2070,SSP585,12393866,8501128.01140083,3,Top-3,54234,40725.5553315909,0.00437587432363719,0.00479060605568744
48,mf_var,Plain MF RF,2041-2070SSP585,2041-2070,SSP585,12393866,8501128.01140083,5,Top-5,69831,52567.3859669731,0.00563431942865931,0.00618357774362122
49,mf_var,Plain MF RF,2041-2070SSP585,2041-2070,SSP585,12393866,8501128.01140083,1,Top-1,177817,135794.622109808,0.0143471778700851,0.0159737180674958
49,mf_var,Plain MF RF,2041-2070SSP585,2041-2070,SSP585,12393866,8501128.01140083,3,Top-3,457591,349523.268762536,0.0369207638681909,0.0411149283123124
49,mf_var,Plain MF RF,2041-2070SSP585,2041-2070,SSP585,12393866,8501128.01140083,5,Top-5,753314,576871.34222216,0.0607811961174988,0.0678582114571761
50,mf_var,Plain MF RF,2041-2070SSP585,2041-2070,SSP585,12393866,8501128.01140083,1,Top-1,20268,15666.3766659041,0.00163532508742631,0.00184285857651997
50,mf_var,Plain MF RF,2041-2070SSP585,2041-2070,SSP585,12393866,8501128.01140083,3,Top-3,79056,61260.5949664688,0.00637863923976587,0.00720617250843799
50,mf_var,Plain MF RF,2041-2070SSP585,2041-2070,SSP585,12393866,8501128.01140083,5,Top-5,114631,88799.7288756882,0.00924901076064563,0.0104456407145733
52,mf_var,Plain MF RF,2041-2070SSP585,2041-2070,SSP585,12393866,8501128.01140083,1,Top-1,53398,41218.0944612334,0.00430842160145995,0.00484854414684216
52,mf_var,Plain MF RF,2041-2070SSP585,2041-2070,SSP585,12393866,8501128.01140083,3,Top-3,99785,77549.371505777,0.00805116014647891,0.00912224488347615
52,mf_var,Plain MF RF,2041-2070SSP585,2041-2070,SSP585,12393866,8501128.01140083,5,Top-5,134159,104678.432365427,0.0108246288930347,0.0123134756028898
53,mf_var,Plain MF RF,2041-2070SSP585,2041-2070,SSP585,12393866,8501128.01140083,1,Top-1,268062,211798.971177359,0.0216286024070294,0.0249142197239374
53,mf_var,Plain MF RF,2041-2070SSP585,2041-2070,SSP585,12393866,8501128.01140083,3,Top-3,368582,290706.361582987,0.0297390660831737,0.0341962103373955
53,mf_var,Plain MF RF,2041-2070SSP585,2041-2070,SSP585,12393866,8501128.01140083,5,Top-5,386928,305059.636581828,0.0312193144576519,0.0358846068630791
54,mf_var,Plain MF RF,2041-2070SSP585,2041-2070,SSP585,12393866,8501128.01140083,1,Top-1,49,37.9514439896493,3.95356864436004e-06,4.46428332084316e-06
54,mf_var,Plain MF RF,2041-2070SSP585,2041-2070,SSP585,12393866,8501128.01140083,3,Top-3,14418,11400.0405849249,0.00116331740233435,0.00134100328446253
54,mf_var,Plain MF RF,2041-2070SSP585,2041-2070,SSP585,12393866,8501128.01140083,5,Top-5,25129,19885.593312351,0.0020275352339617,0.0023391711412512
55,mf_var,Plain MF RF,2041-2070SSP585,2041-2070,SSP585,12393866,8501128.01140083,1,Top-1,8651,6839.19507970207,0.000698006578415484,0.000804504422299023
55,mf_var,Plain MF RF,2041-2070SSP585,2041-2070,SSP585,12393866,8501128.01140083,3,Top-3,57948,46005.3032877964,0.00467553868986481,0.00541167045433252
55,mf_var,Plain MF RF,2041-2070SSP585,2041-2070,SSP585,12393866,8501128.01140083,5,Top-5,83912,66416.5865740527,0.00677044596092938,0.00781267926856079
1,mf_var,Plain MF RF,2071-2100SSP585,2071-2100,SSP585,12393866,8501128.01140083,1,Top-1,66488,46727.3710746563,0.0053645892250247,0.00549660833385762
1,mf_var,Plain MF RF,2071-2100SSP585,2071-2100,SSP585,12393866,8501128.01140083,3,Top-3,131789,93395.2145002362,0.0106334052667666,0.0109862143441416
1,mf_var,Plain MF RF,2071-2100SSP585,2071-2100,SSP585,12393866,8501128.01140083,5,Top-5,198524,142386.561964226,0.0160179237051619,0.0167491374995497
2,mf_var,Plain MF RF,2071-2100SSP585,2071-2100,SSP585,12393866,8501128.01140083,1,Top-1,22045,13373.2068532624,0.00177870246459014,0.00157310969030553
2,mf_var,Plain MF RF,2071-2100SSP585,2071-2100,SSP585,12393866,8501128.01140083,3,Top-3,100253,60767.0300775225,0.00808892076128627,0.00714811375573078
2,mf_var,Plain MF RF,2071-2100SSP585,2071-2100,SSP585,12393866,8501128.01140083,5,Top-5,117634,72570.5040804989,0.00949130803899284,0.0085365734974435
3,mf_var,Plain MF RF,2071-2100SSP585,2071-2100,SSP585,12393866,8501128.01140083,1,Top-1,369042,227732.563541856,0.0297761812173861,0.0267885112700861
3,mf_var,Plain MF RF,2071-2100SSP585,2071-2100,SSP585,12393866,8501128.01140083,3,Top-3,680596,428831.164466811,0.0549139388791197,0.0504440309440943
3,mf_var,Plain MF RF,2071-2100SSP585,2071-2100,SSP585,12393866,8501128.01140083,5,Top-5,765012,486243.864003226,0.061725050117534,0.0571975699402627
4,mf_var,Plain MF RF,2071-2100SSP585,2071-2100,SSP585,12393866,8501128.01140083,1,Top-1,2420,1568.9959253589,0.000195257879986761,0.000184563263046354
4,mf_var,Plain MF RF,2071-2100SSP585,2071-2100,SSP585,12393866,8501128.01140083,3,Top-3,18532,11496.0619563984,0.00149525579831184,0.00135229841745485
4,mf_var,Plain MF RF,2071-2100SSP585,2071-2100,SSP585,12393866,8501128.01140083,5,Top-5,24619,15239.5009656874,0.00198638584603061,0.00179264456966767
5,mf_var,Plain MF RF,2071-2100SSP585,2071-2100,SSP585,12393866,8501128.01140083,1,Top-1,55389,31869.9289029414,0.00446906558453997,0.00374890589345329
5,mf_var,Plain MF RF,2071-2100SSP585,2071-2100,SSP585,12393866,8501128.01140083,3,Top-3,180405,106486.562631454,0.0145559908425668,0.0125261685847625
5,mf_var,Plain MF RF,2071-2100SSP585,2071-2100,SSP585,12393866,8501128.01140083,5,Top-5,236567,146871.376872377,0.0190874259895984,0.017276692772466
6,mf_var,Plain MF RF,2071-2100SSP585,2071-2100,SSP585,12393866,8501128.01140083,1,Top-1,1,0.614512479340077,8.06850743746947e-08,7.22859929312859e-08
6,mf_var,Plain MF RF,2071-2100SSP585,2071-2100,SSP585,12393866,8501128.01140083,3,Top-3,472,263.133718590936,3.80833551048559e-05,3.09528004093161e-05
6,mf_var,Plain MF RF,2071-2100SSP585,2071-2100,SSP585,12393866,8501128.01140083,5,Top-5,541,301.540241169651,4.36506252367098e-05,3.54706152836725e-05
7,mf_var,Plain MF RF,2071-2100SSP585,2071-2100,SSP585,12393866,8501128.01140083,1,Top-1,133856,88396.8844666906,0.0108001813154991,0.0103982535433112
7,mf_var,Plain MF RF,2071-2100SSP585,2071-2100,SSP585,12393866,8501128.01140083,3,Top-3,430168,286756.610770881,0.0347081370736137,0.0337315954290199
7,mf_var,Plain MF RF,2071-2100SSP585,2071-2100,SSP585,12393866,8501128.01140083,5,Top-5,507953,339654.956338963,0.0409842255838493,0.0399541044298419
9,mf_var,Plain MF RF,2071-2100SSP585,2071-2100,SSP585,12393866,8501128.01140083,1,Top-1,190,121.411541275805,1.5330164131192e-05,1.42818154382548e-05
9,mf_var,Plain MF RF,2071-2100SSP585,2071-2100,SSP585,12393866,8501128.01140083,3,Top-3,3991,2247.29853370004,0.000322014131829407,0.000264352981238043
9,mf_var,Plain MF RF,2071-2100SSP585,2071-2100,SSP585,12393866,8501128.01140083,5,Top-5,5242,2971.73117548553,0.00042295115987215,0.000349569042073022
10,mf_var,Plain MF RF,2071-2100SSP585,2071-2100,SSP585,12393866,8501128.01140083,1,Top-1,267742,197777.804511774,0.0216027831832295,0.0232648895824807
10,mf_var,Plain MF RF,2071-2100SSP585,2071-2100,SSP585,12393866,8501128.01140083,3,Top-3,435248,321202.69091257,0.0351180172514371,0.0377835377236769
10,mf_var,Plain MF RF,2071-2100SSP585,2071-2100,SSP585,12393866,8501128.01140083,5,Top-5,459128,338566.403961505,0.0370447768275048,0.0398260564371522
11,mf_var,Plain MF RF,2071-2100SSP585,2071-2100,SSP585,12393866,8501128.01140083,1,Top-1,43382,25652.7269606633,0.00350027989652301,0.00301756742473005
11,mf_var,Plain MF RF,2071-2100SSP585,2071-2100,SSP585,12393866,8501128.01140083,3,Top-3,91977,55035.0024973617,0.0074211710857613,0.00647384704989203
11,mf_var,Plain MF RF,2071-2100SSP585,2071-2100,SSP585,12393866,8501128.01140083,5,Top-5,102442,61896.2329492901,0.00826554038909248,0.00728094352493943
12,mf_var,Plain MF RF,2071-2100SSP585,2071-2100,SSP585,12393866,8501128.01140083,1,Top-1,651444,384237.810739815,0.0525618075909486,0.045198450161498
12,mf_var,Plain MF RF,2071-2100SSP585,2071-2100,SSP585,12393866,8501128.01140083,3,Top-3,878847,520710.820324258,0.0709098355589773,0.0612519679301306
12,mf_var,Plain MF RF,2071-2100SSP585,2071-2100,SSP585,12393866,8501128.01140083,5,Top-5,888972,527115.996361478,0.0717267719370211,0.062005418063881
13,mf_var,Plain MF RF,2071-2100SSP585,2071-2100,SSP585,12393866,8501128.01140083,1,Top-1,174761,113191.357434234,0.014100604282796,0.0133148633078379
13,mf_var,Plain MF RF,2071-2100SSP585,2071-2100,SSP585,12393866,8501128.01140083,3,Top-3,385137,250222.101898622,0.0310748074894468,0.029433988238155
13,mf_var,Plain MF RF,2071-2100SSP585,2071-2100,SSP585,12393866,8501128.01140083,5,Top-5,404055,262710.45864142,0.0326012077264673,0.0309030117284554
14,mf_var,Plain MF RF,2071-2100SSP585,2071-2100,SSP585,12393866,8501128.01140083,1,Top-1,33829,20704.0309925605,0.00272949538102155,0.00243544515090167
14,mf_var,Plain MF RF,2071-2100SSP585,2071-2100,SSP585,12393866,8501128.01140083,3,Top-3,64052,39237.5195804493,0.00516804038384795,0.00461556625518731
14,mf_var,Plain MF RF,2071-2100SSP585,2071-2100,SSP585,12393866,8501128.01140083,5,Top-5,65221,39959.7013906532,0.00526236123579196,0.00470051754744351
15,mf_var,Plain MF RF,2071-2100SSP585,2071-2100,SSP585,12393866,8501128.01140083,1,Top-1,430091,281441.967651707,0.0347019243228868,0.0331064262618169
15,mf_var,Plain MF RF,2071-2100SSP585,2071-2100,SSP585,12393866,8501128.01140083,3,Top-3,896985,583721.877635215,0.0723733014379855,0.0686640498593113
15,mf_var,Plain MF RF,2071-2100SSP585,2071-2100,SSP585,12393866,8501128.01140083,5,Top-5,905910,589112.752029638,0.0730934157267797,0.0692981862218262
16,mf_var,Plain MF RF,2071-2100SSP585,2071-2100,SSP585,12393866,8501128.01140083,1,Top-1,246944,178151.906893763,0.0199246950063846,0.0209562668218669
16,mf_var,Plain MF RF,2071-2100SSP585,2071-2100,SSP585,12393866,8501128.01140083,3,Top-3,963560,692724.534746438,0.0777449102644808,0.08148619028174
16,mf_var,Plain MF RF,2071-2100SSP585,2071-2100,SSP585,12393866,8501128.01140083,5,Top-5,1145087,823774.76388459,0.092391429760496,0.0969018185327675
17,mf_var,Plain MF RF,2071-2100SSP585,2071-2100,SSP585,12393866,8501128.01140083,1,Top-1,24,16.3537565787797,1.93644178499267e-06,1.92371607119052e-06
17,mf_var,Plain MF RF,2071-2100SSP585,2071-2100,SSP585,12393866,8501128.01140083,3,Top-3,85,57.5263120183067,6.85823132184905e-06,6.76690339695608e-06
17,mf_var,Plain MF RF,2071-2100SSP585,2071-2100,SSP585,12393866,8501128.01140083,5,Top-5,185,126.964503360923,1.49267387593185e-05,1.49350184105746e-05
18,mf_var,Plain MF RF,2071-2100SSP585,2071-2100,SSP585,12393866,8501128.01140083,1,Top-1,616665,436257.122968034,0.0497556613892711,0.0513175571974651
18,mf_var,Plain MF RF,2071-2100SSP585,2071-2100,SSP585,12393866,8501128.01140083,3,Top-3,1488823,1061970.19583202,0.120125794485756,0.124921092166571
18,mf_var,Plain MF RF,2071-2100SSP585,2071-2100,SSP585,12393866,8501128.01140083,5,Top-5,1738062,1242557.39347482,0.140235661737831,0.146163825766232
19,mf_var,Plain MF RF,2071-2100SSP585,2071-2100,SSP585,12393866,8501128.01140083,1,Top-1,756875,493086.274575592,0.0610685156673471,0.0580024526056207
19,mf_var,Plain MF RF,2071-2100SSP585,2071-2100,SSP585,12393866,8501128.01140083,3,Top-3,1158753,760640.690007707,0.0934940719869006,0.0894752659867744
19,mf_var,Plain MF RF,2071-2100SSP585,2071-2100,SSP585,12393866,8501128.01140083,5,Top-5,1162399,762992.371479696,0.0937882497680707,0.089751897684219
20,mf_var,Plain MF RF,2071-2100SSP585,2071-2100,SSP585,12393866,8501128.01140083,1,Top-1,73090,52776.5177618287,0.00589727208604644,0.00620817821953161
20,mf_var,Plain MF RF,2071-2100SSP585,2071-2100,SSP585,12393866,8501128.01140083,3,Top-3,363895,264153.834567487,0.0293608951395795,0.0310727981290519
20,mf_var,Plain MF RF,2071-2100SSP585,2071-2100,SSP585,12393866,8501128.01140083,5,Top-5,440203,319219.313740777,0.0355178117949637,0.0375502301944722
21,mf_var,Plain MF RF,2071-2100SSP585,2071-2100,SSP585,12393866,8501128.01140083,1,Top-1,1749913,1307904.83942878,0.141191860554245,0.153850740475235
21,mf_var,Plain MF RF,2071-2100SSP585,2071-2100,SSP585,12393866,8501128.01140083,3,Top-3,2108597,1585282.68415228,0.170132305771258,0.186479098071017
21,mf_var,Plain MF RF,2071-2100SSP585,2071-2100,SSP585,12393866,8501128.01140083,5,Top-5,2301543,1734751.72205213,0.185700168131558,0.204061357472286
22,mf_var,Plain MF RF,2071-2100SSP585,2071-2100,SSP585,12393866,8501128.01140083,1,Top-1,110,76.4119598795238,8.87535818121642e-06,8.98844950658877e-06
22,mf_var,Plain MF RF,2071-2100SSP585,2071-2100,SSP585,12393866,8501128.01140083,3,Top-3,10672,7574.34979226656,0.000861071113726742,0.000890981735848305
22,mf_var,Plain MF RF,2071-2100SSP585,2071-2100,SSP585,12393866,8501128.01140083,5,Top-5,25798,18290.4638537583,0.00208151354871837,0.00215153375284186
23,mf_var,Plain MF RF,2071-2100SSP585,2071-2100,SSP585,12393866,8501128.01140083,1,Top-1,71622,45453.1682687632,0.00577882639686438,0.00534672201239719
23,mf_var,Plain MF RF,2071-2100SSP585,2071-2100,SSP585,12393866,8501128.01140083,3,Top-3,254723,161855.20388152,0.0205523441999454,0.0190392620443377
23,mf_var,Plain MF RF,2071-2100SSP585,2071-2100,SSP585,12393866,8501128.01140083,5,Top-5,267789,170205.760644036,0.0216065753817251,0.0200215501302619
24,mf_var,Plain MF RF,2071-2100SSP585,2071-2100,SSP585,12393866,8501128.01140083,1,Top-1,662812,429851.415121192,0.0534790355164402,0.0505640445061785
24,mf_var,Plain MF RF,2071-2100SSP585,2071-2100,SSP585,12393866,8501128.01140083,3,Top-3,891748,578479.121355583,0.0719507537034853,0.0680473368451559
24,mf_var,Plain MF RF,2071-2100SSP585,2071-2100,SSP585,12393866,8501128.01140083,5,Top-5,899895,583905.898669022,0.0726080950044159,0.0686856965200322
25,mf_var,Plain MF RF,2071-2100SSP585,2071-2100,SSP585,12393866,8501128.01140083,1,Top-1,455525,312169.375361388,0.0367540685045328,0.0367209357326156
25,mf_var,Plain MF RF,2071-2100SSP585,2071-2100,SSP585,12393866,8501128.01140083,3,Top-3,857252,587595.964555262,0.0691674413778558,0.0691197643144814
25,mf_var,Plain MF RF,2071-2100SSP585,2071-2100,SSP585,12393866,8501128.01140083,5,Top-5,891842,611244.067811126,0.0719583381004765,0.0719015249495583
26,mf_var,Plain MF RF,2071-2100SSP585,2071-2100,SSP585,12393866,8501128.01140083,1,Top-1,2215,1687.54681673551,0.000178717439739949,0.000198508576093942
26,mf_var,Plain MF RF,2071-2100SSP585,2071-2100,SSP585,12393866,8501128.01140083,3,Top-3,23279,17952.0917664416,0.00187826784636852,0.00211173055415307
26,mf_var,Plain MF RF,2071-2100SSP585,2071-2100,SSP585,12393866,8501128.01140083,5,Top-5,45883,35434.1292471897,0.00370207326753412,0.00416816794190949
27,mf_var,Plain MF RF,2071-2100SSP585,2071-2100,SSP585,12393866,8501128.01140083,1,Top-1,1279402,828650.001850736,0.103228645525133,0.0974752998354379
27,mf_var,Plain MF RF,2071-2100SSP585,2071-2100,SSP585,12393866,8501128.01140083,3,Top-3,1695201,1093426.09710434,0.136777418765057,0.128621295390206
27,mf_var,Plain MF RF,2071-2100SSP585,2071-2100,SSP585,12393866,8501128.01140083,5,Top-5,1749268,1128840.86497047,0.141139818681273,0.13278718582482
28,mf_var,Plain MF RF,2071-2100SSP585,2071-2100,SSP585,12393866,8501128.01140083,1,Top-1,50178,35959.7140133711,0.00404861566197343,0.00422999323914964
28,mf_var,Plain MF RF,2071-2100SSP585,2071-2100,SSP585,12393866,8501128.01140083,3,Top-3,156680,113424.174263926,0.0126417374530272,0.0133422498886987
28,mf_var,Plain MF RF,2071-2100SSP585,2071-2100,SSP585,12393866,8501128.01140083,5,Top-5,255500,186386.547635423,0.0206150365027345,0.021924919538379
29,mf_var,Plain MF RF,2071-2100SSP585,2071-2100,SSP585,12393866,8501128.01140083,1,Top-1,23005,13767.4147110293,0.00185616013598985,0.00161948093153825
29,mf_var,Plain MF RF,2071-2100SSP585,2071-2100,SSP585,12393866,8501128.01140083,3,Top-3,63344,38799.6289135702,0.00511091535119066,0.00456405654185376
29,mf_var,Plain MF RF,2071-2100SSP585,2071-2100,SSP585,12393866,8501128.01140083,5,Top-5,67740,41531.0508749971,0.00546560693814182,0.00488535766304189
30,mf_var,Plain MF RF,2071-2100SSP585,2071-2100,SSP585,12393866,8501128.01140083,1,Top-1,65037,49262.1912728352,0.00524751518210702,0.00579478290490037
30,mf_var,Plain MF RF,2071-2100SSP585,2071-2100,SSP585,12393866,8501128.01140083,3,Top-3,495039,371221.949587397,0.0399422585333745,0.0436673755635197
30,mf_var,Plain MF RF,2071-2100SSP585,2071-2100,SSP585,12393866,8501128.01140083,5,Top-5,819688,618124.694685938,0.0661365872440448,0.072710903053921
31,mf_var,Plain MF RF,2071-2100SSP585,2071-2100,SSP585,12393866,8501128.01140083,1,Top-1,388787,274541.566252325,0.0313693080109144,0.0322947220514899
31,mf_var,Plain MF RF,2071-2100SSP585,2071-2100,SSP585,12393866,8501128.01140083,3,Top-3,756985,533487.199824148,0.0610773910255283,0.0627548719544854
31,mf_var,Plain MF RF,2071-2100SSP585,2071-2100,SSP585,12393866,8501128.01140083,5,Top-5,790644,557231.445535034,0.0637931699439061,0.0655479419657877
32,mf_var,Plain MF RF,2071-2100SSP585,2071-2100,SSP585,12393866,8501128.01140083,1,Top-1,49348,31324.9571341352,0.00398164705024244,0.00368480007501656
32,mf_var,Plain MF RF,2071-2100SSP585,2071-2100,SSP585,12393866,8501128.01140083,3,Top-3,232573,150897.943302882,0.0187651698025459,0.0177503436132844
32,mf_var,Plain MF RF,2071-2100SSP585,2071-2100,SSP585,12393866,8501128.01140083,5,Top-5,250539,162916.371119227,0.0202147578487616,0.0191640886833771
33,mf_var,Plain MF RF,2071-2100SSP585,2071-2100,SSP585,12393866,8501128.01140083,1,Top-1,272398,183611.408385856,0.0219784528895181,0.0215984758892721
33,mf_var,Plain MF RF,2071-2100SSP585,2071-2100,SSP585,12393866,8501128.01140083,3,Top-3,503263,338139.511617241,0.040605812585032,0.0397758404724366
33,mf_var,Plain MF RF,2071-2100SSP585,2071-2100,SSP585,12393866,8501128.01140083,5,Top-5,533179,358275.141134025,0.0430195872700253,0.0421444237345377
34,mf_var,Plain MF RF,2071-2100SSP585,2071-2100,SSP585,12393866,8501128.01140083,1,Top-1,13787,10265.8421705091,0.00111240512040392,0.00120758588233722
34,mf_var,Plain MF RF,2071-2100SSP585,2071-2100,SSP585,12393866,8501128.01140083,3,Top-3,67998,50480.3452230553,0.00548642368733049,0.00593807611829351
34,mf_var,Plain MF RF,2071-2100SSP585,2071-2100,SSP585,12393866,8501128.01140083,5,Top-5,138152,102707.747438039,0.0111468043950128,0.0120816610807763
35,mf_var,Plain MF RF,2071-2100SSP585,2071-2100,SSP585,12393866,8501128.01140083,1,Top-1,16,10.0282282746282,1.29096118999512e-06,1.17963501563314e-06
35,mf_var,Plain MF RF,2071-2100SSP585,2071-2100,SSP585,12393866,8501128.01140083,3,Top-3,7377,4675.70947102204,0.000595213793662123,0.00055001047681572
35,mf_var,Plain MF RF,2071-2100SSP585,2071-2100,SSP585,12393866,8501128.01140083,5,Top-5,10133,6433.56596638559,0.000817581858638781,0.000756789682234823
36,mf_var,Plain MF RF,2071-2100SSP585,2071-2100,SSP585,12393866,8501128.01140083,1,Top-1,23894,17289.4920224279,0.00192788916710896,0.00203378798663436
36,mf_var,Plain MF RF,2071-2100SSP585,2071-2100,SSP585,12393866,8501128.01140083,3,Top-3,80272,58291.8252116112,0.00647675229020549,0.0068569518225624
36,mf_var,Plain MF RF,2071-2100SSP585,2071-2100,SSP585,12393866,8501128.01140083,5,Top-5,108336,78662.9523764415,0.00874109821745693,0.00925323701407001
37,mf_var,Plain MF RF,2071-2100SSP585,2071-2100,SSP585,12393866,8501128.01140083,1,Top-1,38055,24735.9211686181,0.00307047050532901,0.00290972223161972
37,mf_var,Plain MF RF,2071-2100SSP585,2071-2100,SSP585,12393866,8501128.01140083,3,Top-3,160492,103650.264427161,0.0129493089565435,0.0121925307192358
37,mf_var,Plain MF RF,2071-2100SSP585,2071-2100,SSP585,12393866,8501128.01140083,5,Top-5,225156,146570.981275215,0.0181667286059088,0.0172413568033147
38,mf_var,Plain MF RF,2071-2100SSP585,2071-2100,SSP585,12393866,8501128.01140083,1,Top-1,0,0,0,0
38,mf_var,Plain MF RF,2071-2100SSP585,2071-2100,SSP585,12393866,8501128.01140083,3,Top-3,68,43.1105898247004,5.48658505747924e-06,5.07116111731113e-06
38,mf_var,Plain MF RF,2071-2100SSP585,2071-2100,SSP585,12393866,8501128.01140083,5,Top-5,70,44.3791432168121,5.64795520622863e-06,5.22038289004652e-06
39,mf_var,Plain MF RF,2071-2100SSP585,2071-2100,SSP585,12393866,8501128.01140083,1,Top-1,65635,48038.4880088605,0.00529576485658309,0.00565083691769331
39,mf_var,Plain MF RF,2071-2100SSP585,2071-2100,SSP585,12393866,8501128.01140083,3,Top-3,266844,196648.436706919,0.021530327986441,0.0231320404119541
39,mf_var,Plain MF RF,2071-2100SSP585,2071-2100,SSP585,12393866,8501128.01140083,5,Top-5,365143,268824.89111222,0.0294615901123992,0.0316222612754095
40,mf_var,Plain MF RF,2071-2100SSP585,2071-2100,SSP585,12393866,8501128.01140083,1,Top-1,296460,227343.715669387,0.023919897149122,0.0267427705316867
40,mf_var,Plain MF RF,2071-2100SSP585,2071-2100,SSP585,12393866,8501128.01140083,3,Top-3,2020196,1531891.63297731,0.162999664511461,0.18019863139608
40,mf_var,Plain MF RF,2071-2100SSP585,2071-2100,SSP585,12393866,8501128.01140083,5,Top-5,2247307,1707523.46792225,0.181324132437772,0.200858458504836
41,mf_var,Plain MF RF,2071-2100SSP585,2071-2100,SSP585,12393866,8501128.01140083,1,Top-1,18443,12473.5751924433,0.00148807482669249,0.00146728471512428
41,mf_var,Plain MF RF,2071-2100SSP585,2071-2100,SSP585,12393866,8501128.01140083,3,Top-3,182396,123856.029839685,0.0147166348256468,0.0145693641683294
41,mf_var,Plain MF RF,2071-2100SSP585,2071-2100,SSP585,12393866,8501128.01140083,5,Top-5,233903,159496.596308228,0.0188724809514642,0.0187618156195657
42,mf_var,Plain MF RF,2071-2100SSP585,2071-2100,SSP585,12393866,8501128.01140083,1,Top-1,12661,8650.19972356586,0.00102155372665801,0.00101753552139964
42,mf_var,Plain MF RF,2071-2100SSP585,2071-2100,SSP585,12393866,8501128.01140083,3,Top-3,64071,44018.2770026701,0.00516957340026107,0.00517793367464145
42,mf_var,Plain MF RF,2071-2100SSP585,2071-2100,SSP585,12393866,8501128.01140083,5,Top-5,85844,59049.7088641296,0.00692632952462129,0.00694610277423635
43,mf_var,Plain MF RF,2071-2100SSP585,2071-2100,SSP585,12393866,8501128.01140083,1,Top-1,2,1.35769596518803,1.61370148749389e-07,1.59707742709818e-07
43,mf_var,Plain MF RF,2071-2100SSP585,2071-2100,SSP585,12393866,8501128.01140083,3,Top-3,503,361.149579101777,4.05845924104714e-05,4.24825480356772e-05
43,mf_var,Plain MF RF,2071-2100SSP585,2071-2100,SSP585,12393866,8501128.01140083,5,Top-5,982,709.168759575708,7.92327430359502e-05,8.34205482642591e-05
44,mf_var,Plain MF RF,2071-2100SSP585,2071-2100,SSP585,12393866,8501128.01140083,1,Top-1,260922,200618.177234636,0.0210525109759941,0.0235990067395277
44,mf_var,Plain MF RF,2071-2100SSP585,2071-2100,SSP585,12393866,8501128.01140083,3,Top-3,1606358,1226399.48841208,0.129609114702386,0.144263147992521
44,mf_var,Plain MF RF,2071-2100SSP585,2071-2100,SSP585,12393866,8501128.01140083,5,Top-5,1944314,1484816.05092442,0.15687711969776,0.174661062500546
45,mf_var,Plain MF RF,2071-2100SSP585,2071-2100,SSP585,12393866,8501128.01140083,1,Top-1,56795,41737.7783281579,0.00458250879911079,0.00490967531275656
45,mf_var,Plain MF RF,2071-2100SSP585,2071-2100,SSP585,12393866,8501128.01140083,3,Top-3,274809,200443.266001053,0.0221729846038355,0.0235784316778007
45,mf_var,Plain MF RF,2071-2100SSP585,2071-2100,SSP585,12393866,8501128.01140083,5,Top-5,400855,291987.192591632,0.0323430154884682,0.0343468763439451
46,mf_var,Plain MF RF,2071-2100SSP585,2071-2100,SSP585,12393866,8501128.01140083,1,Top-1,430525,315520.763056742,0.0347369416451654,0.0371151643209699
46,mf_var,Plain MF RF,2071-2100SSP585,2071-2100,SSP585,12393866,8501128.01140083,3,Top-3,1086311,790834.390302012,0.087649083829049,0.0930269946813443
46,mf_var,Plain MF RF,2071-2100SSP585,2071-2100,SSP585,12393866,8501128.01140083,5,Top-5,1225694,892353.405998096,0.098895211550617,0.104968823525697
47,mf_var,Plain MF RF,2071-2100SSP585,2071-2100,SSP585,12393866,8501128.01140083,1,Top-1,46883,34506.3171949133,0.00378275834190881,0.00405902806646801
47,mf_var,Plain MF RF,2071-2100SSP585,2071-2100,SSP585,12393866,8501128.01140083,3,Top-3,287565,218831.374302337,0.0232022034125591,0.0257414514884217
47,mf_var,Plain MF RF,2071-2100SSP585,2071-2100,SSP585,12393866,8501128.01140083,5,Top-5,377273,287497.942216467,0.0304403000645642,0.0338187993206201
48,mf_var,Plain MF RF,2071-2100SSP585,2071-2100,SSP585,12393866,8501128.01140083,1,Top-1,622,480.011279815867,5.01861162610601e-05,5.64644220357729e-05
48,mf_var,Plain MF RF,2071-2100SSP585,2071-2100,SSP585,12393866,8501128.01140083,3,Top-3,56278,42339.0641538657,0.00454079461565907,0.00498040543526517
48,mf_var,Plain MF RF,2071-2100SSP585,2071-2100,SSP585,12393866,8501128.01140083,5,Top-5,67426,50826.7076680447,0.00544027182478817,0.00597881923432763
49,mf_var,Plain MF RF,2071-2100SSP585,2071-2100,SSP585,12393866,8501128.01140083,1,Top-1,193250,147063.914909236,0.0155923906229098,0.0172993413005909
49,mf_var,Plain MF RF,2071-2100SSP585,2071-2100,SSP585,12393866,8501128.01140083,3,Top-3,375320,286167.833644784,0.0302827221143104,0.0336623367229626
49,mf_var,Plain MF RF,2071-2100SSP585,2071-2100,SSP585,12393866,8501128.01140083,5,Top-5,546487,417467.107525016,0.0440933442398038,0.0491072604676877
50,mf_var,Plain MF RF,2071-2100SSP585,2071-2100,SSP585,12393866,8501128.01140083,1,Top-1,27306,20837.0715669807,0.00220318664087541,0.00245109490635081
50,mf_var,Plain MF RF,2071-2100SSP585,2071-2100,SSP585,12393866,8501128.01140083,3,Top-3,88012,68013.0231440569,0.00710125476586563,0.00800047041437853
50,mf_var,Plain MF RF,2071-2100SSP585,2071-2100,SSP585,12393866,8501128.01140083,5,Top-5,118189,91391.2054427379,0.00953608825527079,0.0107504798563407
52,mf_var,Plain MF RF,2071-2100SSP585,2071-2100,SSP585,12393866,8501128.01140083,1,Top-1,74632,57765.7071748181,0.00602168847073222,0.00679506379592787
52,mf_var,Plain MF RF,2071-2100SSP585,2071-2100,SSP585,12393866,8501128.01140083,3,Top-3,157185,122706.107137895,0.0126824834155864,0.0144340970955071
52,mf_var,Plain MF RF,2071-2100SSP585,2071-2100,SSP585,12393866,8501128.01140083,5,Top-5,202260,158231.443894093,0.0163193631430258,0.0186129939087954
53,mf_var,Plain MF RF,2071-2100SSP585,2071-2100,SSP585,12393866,8501128.01140083,1,Top-1,321616,253720.454679916,0.0259496108800918,0.0298455045424151
53,mf_var,Plain MF RF,2071-2100SSP585,2071-2100,SSP585,12393866,8501128.01140083,3,Top-3,417738,329084.277845589,0.0337052215991362,0.0387106602093576
53,mf_var,Plain MF RF,2071-2100SSP585,2071-2100,SSP585,12393866,8501128.01140083,5,Top-5,431828,340058.640975809,0.0348420742970757,0.0400015904383227
54,mf_var,Plain MF RF,2071-2100SSP585,2071-2100,SSP585,12393866,8501128.01140083,1,Top-1,6,4.38173695016956,4.84110446248168e-07,5.15430063433139e-07
54,mf_var,Plain MF RF,2071-2100SSP585,2071-2100,SSP585,12393866,8501128.01140083,3,Top-3,8346,6610.58378565643,0.000673397630731202,0.000777612544687129
54,mf_var,Plain MF RF,2071-2100SSP585,2071-2100,SSP585,12393866,8501128.01140083,5,Top-5,16421,13006.2400497731,0.00132492960630686,0.00152994285374017
55,mf_var,Plain MF RF,2071-2100SSP585,2071-2100,SSP585,12393866,8501128.01140083,1,Top-1,10540,8289.47062400661,0.000850420683909282,0.000975102434981526
55,mf_var,Plain MF RF,2071-2100SSP585,2071-2100,SSP585,12393866,8501128.01140083,3,Top-3,80969,64059.9744785826,0.00653298978704466,0.00753546757473503
55,mf_var,Plain MF RF,2071-2100SSP585,2071-2100,SSP585,12393866,8501128.01140083,5,Top-5,105664,83519.6344556258,0.00852550769872774,0.00982453556088298
