original_zone,predicted_zone,n,method,method_label
1,1,11684,mf_var,Plain MF RF
1,2,354,mf_var,Plain MF RF
1,3,442,mf_var,Plain MF RF
1,4,169,mf_var,Plain MF RF
1,5,126,mf_var,Plain MF RF
1,6,8,mf_var,Plain MF RF
1,7,81,mf_var,Plain MF RF
1,10,300,mf_var,Plain MF RF
1,12,5,mf_var,Plain MF RF
1,13,237,mf_var,Plain MF RF
1,14,2,mf_var,Plain MF RF
1,15,1,mf_var,Plain MF RF
1,16,33,mf_var,Plain MF RF
1,17,53,mf_var,Plain MF RF
1,18,217,mf_var,Plain MF RF
1,19,2,mf_var,Plain MF RF
1,20,19,mf_var,Plain MF RF
1,21,98,mf_var,Plain MF RF
1,22,1,mf_var,Plain MF RF
1,24,4,mf_var,Plain MF RF
1,25,198,mf_var,Plain MF RF
1,26,4,mf_var,Plain MF RF
1,27,1,mf_var,Plain MF RF
1,28,34,mf_var,Plain MF RF
1,29,2,mf_var,Plain MF RF
1,30,7,mf_var,Plain MF RF
1,31,130,mf_var,Plain MF RF
1,32,9,mf_var,Plain MF RF
1,33,83,mf_var,Plain MF RF
1,34,2,mf_var,Plain MF RF
1,35,1,mf_var,Plain MF RF
1,36,2,mf_var,Plain MF RF
1,37,7,mf_var,Plain MF RF
1,38,2,mf_var,Plain MF RF
1,39,361,mf_var,Plain MF RF
1,40,35,mf_var,Plain MF RF
1,41,3,mf_var,Plain MF RF
1,42,29,mf_var,Plain MF RF
1,43,2,mf_var,Plain MF RF
1,44,16,mf_var,Plain MF RF
1,45,226,mf_var,Plain MF RF
1,46,78,mf_var,Plain MF RF
1,47,44,mf_var,Plain MF RF
1,48,6,mf_var,Plain MF RF
1,49,4,mf_var,Plain MF RF
1,50,133,mf_var,Plain MF RF
1,52,1,mf_var,Plain MF RF
1,53,2,mf_var,Plain MF RF
1,54,3,mf_var,Plain MF RF
1,55,2,mf_var,Plain MF RF
2,1,2234,mf_var,Plain MF RF
2,2,182550,mf_var,Plain MF RF
2,3,19951,mf_var,Plain MF RF
2,4,13622,mf_var,Plain MF RF
2,5,14196,mf_var,Plain MF RF
2,6,10797,mf_var,Plain MF RF
2,7,2926,mf_var,Plain MF RF
2,9,9160,mf_var,Plain MF RF
2,10,881,mf_var,Plain MF RF
2,11,4896,mf_var,Plain MF RF
2,12,2124,mf_var,Plain MF RF
2,13,4003,mf_var,Plain MF RF
2,14,310,mf_var,Plain MF RF
2,15,18,mf_var,Plain MF RF
2,16,4692,mf_var,Plain MF RF
2,17,470,mf_var,Plain MF RF
2,18,4987,mf_var,Plain MF RF
2,19,14,mf_var,Plain MF RF
2,20,340,mf_var,Plain MF RF
2,21,15,mf_var,Plain MF RF
2,22,200,mf_var,Plain MF RF
2,23,14,mf_var,Plain MF RF
2,24,113,mf_var,Plain MF RF
2,25,842,mf_var,Plain MF RF
2,26,32,mf_var,Plain MF RF
2,27,1748,mf_var,Plain MF RF
2,28,198,mf_var,Plain MF RF
2,29,8,mf_var,Plain MF RF
2,30,143,mf_var,Plain MF RF
2,31,331,mf_var,Plain MF RF
2,32,96,mf_var,Plain MF RF
2,33,102,mf_var,Plain MF RF
2,34,161,mf_var,Plain MF RF
2,35,16,mf_var,Plain MF RF
2,36,82,mf_var,Plain MF RF
2,37,53,mf_var,Plain MF RF
2,38,10,mf_var,Plain MF RF
2,39,45,mf_var,Plain MF RF
2,40,30,mf_var,Plain MF RF
2,41,182,mf_var,Plain MF RF
2,42,72,mf_var,Plain MF RF
2,43,1,mf_var,Plain MF RF
2,44,222,mf_var,Plain MF RF
2,45,45,mf_var,Plain MF RF
2,46,69,mf_var,Plain MF RF
2,47,7,mf_var,Plain MF RF
2,48,13,mf_var,Plain MF RF
2,49,10,mf_var,Plain MF RF
2,50,104,mf_var,Plain MF RF
2,52,25,mf_var,Plain MF RF
2,53,601,mf_var,Plain MF RF
2,54,10,mf_var,Plain MF RF
2,55,272,mf_var,Plain MF RF
3,1,4922,mf_var,Plain MF RF
3,2,20634,mf_var,Plain MF RF
3,3,287525,mf_var,Plain MF RF
3,4,5681,mf_var,Plain MF RF
3,5,22624,mf_var,Plain MF RF
3,6,18973,mf_var,Plain MF RF
3,7,41796,mf_var,Plain MF RF
3,9,28691,mf_var,Plain MF RF
3,10,3175,mf_var,Plain MF RF
3,11,7205,mf_var,Plain MF RF
3,12,19323,mf_var,Plain MF RF
3,13,3825,mf_var,Plain MF RF
3,14,1304,mf_var,Plain MF RF
3,15,2094,mf_var,Plain MF RF
3,16,39,mf_var,Plain MF RF
3,17,17,mf_var,Plain MF RF
3,18,1551,mf_var,Plain MF RF
3,19,40,mf_var,Plain MF RF
3,20,11,mf_var,Plain MF RF
3,21,299,mf_var,Plain MF RF
3,22,565,mf_var,Plain MF RF
3,23,164,mf_var,Plain MF RF
3,24,1537,mf_var,Plain MF RF
3,25,298,mf_var,Plain MF RF
3,26,349,mf_var,Plain MF RF
3,27,19993,mf_var,Plain MF RF
3,28,7590,mf_var,Plain MF RF
3,29,18,mf_var,Plain MF RF
3,30,577,mf_var,Plain MF RF
3,31,18,mf_var,Plain MF RF
3,32,269,mf_var,Plain MF RF
3,33,11661,mf_var,Plain MF RF
3,34,554,mf_var,Plain MF RF
3,35,11,mf_var,Plain MF RF
3,36,3982,mf_var,Plain MF RF
3,37,11398,mf_var,Plain MF RF
3,38,9,mf_var,Plain MF RF
3,39,1034,mf_var,Plain MF RF
3,40,271,mf_var,Plain MF RF
3,41,18403,mf_var,Plain MF RF
3,42,4,mf_var,Plain MF RF
3,43,12,mf_var,Plain MF RF
3,44,918,mf_var,Plain MF RF
3,45,88,mf_var,Plain MF RF
3,46,626,mf_var,Plain MF RF
3,47,2069,mf_var,Plain MF RF
3,48,11,mf_var,Plain MF RF
3,49,126,mf_var,Plain MF RF
3,50,28,mf_var,Plain MF RF
3,52,14,mf_var,Plain MF RF
3,53,9,mf_var,Plain MF RF
3,54,19,mf_var,Plain MF RF
3,55,19,mf_var,Plain MF RF
4,1,1127,mf_var,Plain MF RF
4,2,14646,mf_var,Plain MF RF
4,3,3667,mf_var,Plain MF RF
4,4,41596,mf_var,Plain MF RF
4,5,3185,mf_var,Plain MF RF
4,6,1985,mf_var,Plain MF RF
4,7,882,mf_var,Plain MF RF
4,9,268,mf_var,Plain MF RF
4,10,9,mf_var,Plain MF RF
4,11,6101,mf_var,Plain MF RF
4,12,3540,mf_var,Plain MF RF
4,13,6619,mf_var,Plain MF RF
4,14,1931,mf_var,Plain MF RF
4,15,1388,mf_var,Plain MF RF
4,16,701,mf_var,Plain MF RF
4,17,331,mf_var,Plain MF RF
4,18,104,mf_var,Plain MF RF
4,19,25,mf_var,Plain MF RF
4,20,221,mf_var,Plain MF RF
4,21,185,mf_var,Plain MF RF
4,22,276,mf_var,Plain MF RF
4,23,118,mf_var,Plain MF RF
4,24,7,mf_var,Plain MF RF
4,25,318,mf_var,Plain MF RF
4,26,23,mf_var,Plain MF RF
4,27,1519,mf_var,Plain MF RF
4,28,3,mf_var,Plain MF RF
4,29,3,mf_var,Plain MF RF
4,30,107,mf_var,Plain MF RF
4,31,14,mf_var,Plain MF RF
4,32,10,mf_var,Plain MF RF
4,33,112,mf_var,Plain MF RF
4,34,7,mf_var,Plain MF RF
4,35,14,mf_var,Plain MF RF
4,36,4,mf_var,Plain MF RF
4,37,3,mf_var,Plain MF RF
4,38,6,mf_var,Plain MF RF
4,39,59,mf_var,Plain MF RF
4,40,2,mf_var,Plain MF RF
4,41,6,mf_var,Plain MF RF
4,42,4,mf_var,Plain MF RF
4,43,5,mf_var,Plain MF RF
4,44,9,mf_var,Plain MF RF
4,45,10,mf_var,Plain MF RF
4,46,10,mf_var,Plain MF RF
4,47,4,mf_var,Plain MF RF
4,48,162,mf_var,Plain MF RF
4,49,4,mf_var,Plain MF RF
4,50,51,mf_var,Plain MF RF
4,52,6,mf_var,Plain MF RF
4,53,6,mf_var,Plain MF RF
4,54,5,mf_var,Plain MF RF
4,55,7,mf_var,Plain MF RF
5,1,2678,mf_var,Plain MF RF
5,2,14337,mf_var,Plain MF RF
5,3,16753,mf_var,Plain MF RF
5,4,3939,mf_var,Plain MF RF
5,5,73754,mf_var,Plain MF RF
5,6,4507,mf_var,Plain MF RF
5,7,4331,mf_var,Plain MF RF
5,9,536,mf_var,Plain MF RF
5,10,3770,mf_var,Plain MF RF
5,11,9534,mf_var,Plain MF RF
5,12,13293,mf_var,Plain MF RF
5,13,7169,mf_var,Plain MF RF
5,14,2436,mf_var,Plain MF RF
5,15,2045,mf_var,Plain MF RF
5,16,3060,mf_var,Plain MF RF
5,17,591,mf_var,Plain MF RF
5,18,584,mf_var,Plain MF RF
5,19,7,mf_var,Plain MF RF
5,20,758,mf_var,Plain MF RF
5,21,1207,mf_var,Plain MF RF
5,22,689,mf_var,Plain MF RF
5,23,112,mf_var,Plain MF RF
5,24,1053,mf_var,Plain MF RF
5,25,1153,mf_var,Plain MF RF
5,26,1127,mf_var,Plain MF RF
5,27,3017,mf_var,Plain MF RF
5,28,370,mf_var,Plain MF RF
5,29,68,mf_var,Plain MF RF
5,30,302,mf_var,Plain MF RF
5,31,76,mf_var,Plain MF RF
5,32,68,mf_var,Plain MF RF
5,33,2554,mf_var,Plain MF RF
5,34,380,mf_var,Plain MF RF
5,35,123,mf_var,Plain MF RF
5,36,1340,mf_var,Plain MF RF
5,37,375,mf_var,Plain MF RF
5,38,8,mf_var,Plain MF RF
5,39,1933,mf_var,Plain MF RF
5,40,948,mf_var,Plain MF RF
5,41,2238,mf_var,Plain MF RF
5,42,206,mf_var,Plain MF RF
5,43,5,mf_var,Plain MF RF
5,44,1466,mf_var,Plain MF RF
5,45,338,mf_var,Plain MF RF
5,46,2609,mf_var,Plain MF RF
5,47,1685,mf_var,Plain MF RF
5,48,10,mf_var,Plain MF RF
5,49,848,mf_var,Plain MF RF
5,50,34,mf_var,Plain MF RF
5,52,11,mf_var,Plain MF RF
5,53,11,mf_var,Plain MF RF
5,54,10,mf_var,Plain MF RF
5,55,7,mf_var,Plain MF RF
6,1,223,mf_var,Plain MF RF
6,2,11990,mf_var,Plain MF RF
6,3,4511,mf_var,Plain MF RF
6,4,2909,mf_var,Plain MF RF
6,5,1357,mf_var,Plain MF RF
6,6,50883,mf_var,Plain MF RF
6,7,464,mf_var,Plain MF RF
6,9,317,mf_var,Plain MF RF
6,10,112,mf_var,Plain MF RF
6,11,2846,mf_var,Plain MF RF
6,12,4893,mf_var,Plain MF RF
6,13,176,mf_var,Plain MF RF
6,14,50,mf_var,Plain MF RF
6,15,1310,mf_var,Plain MF RF
6,16,52,mf_var,Plain MF RF
6,17,25,mf_var,Plain MF RF
6,18,85,mf_var,Plain MF RF
6,19,26,mf_var,Plain MF RF
6,20,12,mf_var,Plain MF RF
6,21,1618,mf_var,Plain MF RF
6,22,99,mf_var,Plain MF RF
6,23,309,mf_var,Plain MF RF
6,24,1075,mf_var,Plain MF RF
6,25,718,mf_var,Plain MF RF
6,26,53,mf_var,Plain MF RF
6,27,2321,mf_var,Plain MF RF
6,28,37,mf_var,Plain MF RF
6,29,53,mf_var,Plain MF RF
6,30,322,mf_var,Plain MF RF
6,31,208,mf_var,Plain MF RF
6,32,10,mf_var,Plain MF RF
6,33,133,mf_var,Plain MF RF
6,34,19,mf_var,Plain MF RF
6,35,25,mf_var,Plain MF RF
6,36,33,mf_var,Plain MF RF
6,37,260,mf_var,Plain MF RF
6,38,17,mf_var,Plain MF RF
6,39,12,mf_var,Plain MF RF
6,40,11,mf_var,Plain MF RF
6,41,18,mf_var,Plain MF RF
6,42,98,mf_var,Plain MF RF
6,43,65,mf_var,Plain MF RF
6,44,16,mf_var,Plain MF RF
6,45,29,mf_var,Plain MF RF
6,46,13,mf_var,Plain MF RF
6,47,239,mf_var,Plain MF RF
6,48,14,mf_var,Plain MF RF
6,49,159,mf_var,Plain MF RF
6,50,16,mf_var,Plain MF RF
6,52,14,mf_var,Plain MF RF
6,53,7,mf_var,Plain MF RF
6,54,14,mf_var,Plain MF RF
6,55,18,mf_var,Plain MF RF
7,1,983,mf_var,Plain MF RF
7,2,3344,mf_var,Plain MF RF
7,3,21701,mf_var,Plain MF RF
7,4,2081,mf_var,Plain MF RF
7,5,2452,mf_var,Plain MF RF
7,6,1332,mf_var,Plain MF RF
7,7,91866,mf_var,Plain MF RF
7,9,2667,mf_var,Plain MF RF
7,10,964,mf_var,Plain MF RF
7,11,4272,mf_var,Plain MF RF
7,12,6495,mf_var,Plain MF RF
7,13,8120,mf_var,Plain MF RF
7,14,4540,mf_var,Plain MF RF
7,15,3524,mf_var,Plain MF RF
7,16,238,mf_var,Plain MF RF
7,17,3,mf_var,Plain MF RF
7,18,1054,mf_var,Plain MF RF
7,19,424,mf_var,Plain MF RF
7,20,208,mf_var,Plain MF RF
7,21,768,mf_var,Plain MF RF
7,22,21,mf_var,Plain MF RF
7,23,1955,mf_var,Plain MF RF
7,24,2734,mf_var,Plain MF RF
7,25,3574,mf_var,Plain MF RF
7,26,687,mf_var,Plain MF RF
7,27,5477,mf_var,Plain MF RF
7,28,2199,mf_var,Plain MF RF
7,29,146,mf_var,Plain MF RF
7,30,149,mf_var,Plain MF RF
7,31,545,mf_var,Plain MF RF
7,32,1032,mf_var,Plain MF RF
7,33,15079,mf_var,Plain MF RF
7,34,548,mf_var,Plain MF RF
7,35,360,mf_var,Plain MF RF
7,36,2876,mf_var,Plain MF RF
7,37,2280,mf_var,Plain MF RF
7,38,6,mf_var,Plain MF RF
7,39,1114,mf_var,Plain MF RF
7,40,993,mf_var,Plain MF RF
7,41,18338,mf_var,Plain MF RF
7,42,228,mf_var,Plain MF RF
7,43,4,mf_var,Plain MF RF
7,44,1016,mf_var,Plain MF RF
7,45,120,mf_var,Plain MF RF
7,46,388,mf_var,Plain MF RF
7,47,624,mf_var,Plain MF RF
7,48,1,mf_var,Plain MF RF
7,49,1322,mf_var,Plain MF RF
7,50,94,mf_var,Plain MF RF
7,52,5,mf_var,Plain MF RF
7,53,1,mf_var,Plain MF RF
7,54,5,mf_var,Plain MF RF
7,55,9,mf_var,Plain MF RF
9,2,588,mf_var,Plain MF RF
9,3,3793,mf_var,Plain MF RF
9,4,24,mf_var,Plain MF RF
9,5,29,mf_var,Plain MF RF
9,6,10,mf_var,Plain MF RF
9,7,172,mf_var,Plain MF RF
9,9,25239,mf_var,Plain MF RF
9,10,7,mf_var,Plain MF RF
9,11,211,mf_var,Plain MF RF
9,12,256,mf_var,Plain MF RF
9,13,42,mf_var,Plain MF RF
9,14,45,mf_var,Plain MF RF
9,15,3,mf_var,Plain MF RF
9,16,3,mf_var,Plain MF RF
9,17,1,mf_var,Plain MF RF
9,18,5,mf_var,Plain MF RF
9,20,2,mf_var,Plain MF RF
9,21,1,mf_var,Plain MF RF
9,22,1,mf_var,Plain MF RF
9,24,1,mf_var,Plain MF RF
9,25,4,mf_var,Plain MF RF
9,26,2,mf_var,Plain MF RF
9,27,26,mf_var,Plain MF RF
9,28,1,mf_var,Plain MF RF
9,29,1,mf_var,Plain MF RF
9,30,1,mf_var,Plain MF RF
9,31,1,mf_var,Plain MF RF
9,34,3,mf_var,Plain MF RF
9,35,2,mf_var,Plain MF RF
9,36,4,mf_var,Plain MF RF
9,37,2,mf_var,Plain MF RF
9,38,1,mf_var,Plain MF RF
9,42,2,mf_var,Plain MF RF
9,45,1,mf_var,Plain MF RF
9,46,1,mf_var,Plain MF RF
9,48,4,mf_var,Plain MF RF
9,49,2,mf_var,Plain MF RF
9,52,2,mf_var,Plain MF RF
9,54,4,mf_var,Plain MF RF
9,55,3,mf_var,Plain MF RF
10,1,1547,mf_var,Plain MF RF
10,2,12,mf_var,Plain MF RF
10,3,744,mf_var,Plain MF RF
10,4,9,mf_var,Plain MF RF
10,5,424,mf_var,Plain MF RF
10,6,8,mf_var,Plain MF RF
10,7,116,mf_var,Plain MF RF
10,9,233,mf_var,Plain MF RF
10,10,76925,mf_var,Plain MF RF
10,11,19,mf_var,Plain MF RF
10,12,32,mf_var,Plain MF RF
10,13,80,mf_var,Plain MF RF
10,14,19,mf_var,Plain MF RF
10,15,29,mf_var,Plain MF RF
10,16,2376,mf_var,Plain MF RF
10,17,10,mf_var,Plain MF RF
10,18,6027,mf_var,Plain MF RF
10,19,12,mf_var,Plain MF RF
10,20,1787,mf_var,Plain MF RF
10,21,33,mf_var,Plain MF RF
10,22,18,mf_var,Plain MF RF
10,23,20,mf_var,Plain MF RF
10,24,13,mf_var,Plain MF RF
10,25,2,mf_var,Plain MF RF
10,26,189,mf_var,Plain MF RF
10,27,15,mf_var,Plain MF RF
10,28,852,mf_var,Plain MF RF
10,29,15,mf_var,Plain MF RF
10,30,621,mf_var,Plain MF RF
10,31,39,mf_var,Plain MF RF
10,32,7,mf_var,Plain MF RF
10,33,183,mf_var,Plain MF RF
10,34,4667,mf_var,Plain MF RF
10,35,10,mf_var,Plain MF RF
10,36,1696,mf_var,Plain MF RF
10,37,27,mf_var,Plain MF RF
10,38,15,mf_var,Plain MF RF
10,39,12714,mf_var,Plain MF RF
10,40,764,mf_var,Plain MF RF
10,41,14,mf_var,Plain MF RF
10,42,15,mf_var,Plain MF RF
10,43,215,mf_var,Plain MF RF
10,44,198,mf_var,Plain MF RF
10,45,774,mf_var,Plain MF RF
10,46,25322,mf_var,Plain MF RF
10,47,721,mf_var,Plain MF RF
10,48,15,mf_var,Plain MF RF
10,49,6325,mf_var,Plain MF RF
10,50,278,mf_var,Plain MF RF
10,52,22,mf_var,Plain MF RF
10,53,26,mf_var,Plain MF RF
10,54,15,mf_var,Plain MF RF
10,55,15,mf_var,Plain MF RF
11,1,9,mf_var,Plain MF RF
11,2,1594,mf_var,Plain MF RF
11,3,1809,mf_var,Plain MF RF
11,4,5071,mf_var,Plain MF RF
11,5,7383,mf_var,Plain MF RF
11,6,2587,mf_var,Plain MF RF
11,7,4464,mf_var,Plain MF RF
11,9,22,mf_var,Plain MF RF
11,10,13,mf_var,Plain MF RF
11,11,89229,mf_var,Plain MF RF
11,12,6169,mf_var,Plain MF RF
11,13,12423,mf_var,Plain MF RF
11,14,3330,mf_var,Plain MF RF
11,15,1355,mf_var,Plain MF RF
11,16,569,mf_var,Plain MF RF
11,17,24,mf_var,Plain MF RF
11,18,148,mf_var,Plain MF RF
11,19,5,mf_var,Plain MF RF
11,20,345,mf_var,Plain MF RF
11,21,2,mf_var,Plain MF RF
11,22,93,mf_var,Plain MF RF
11,23,24,mf_var,Plain MF RF
11,24,409,mf_var,Plain MF RF
11,25,1549,mf_var,Plain MF RF
11,26,19,mf_var,Plain MF RF
11,27,4625,mf_var,Plain MF RF
11,28,17,mf_var,Plain MF RF
11,29,6,mf_var,Plain MF RF
11,30,6,mf_var,Plain MF RF
11,31,126,mf_var,Plain MF RF
11,32,27,mf_var,Plain MF RF
11,33,2718,mf_var,Plain MF RF
11,34,32,mf_var,Plain MF RF
11,35,2,mf_var,Plain MF RF
11,36,5,mf_var,Plain MF RF
11,37,48,mf_var,Plain MF RF
11,38,8,mf_var,Plain MF RF
11,39,2,mf_var,Plain MF RF
11,40,4,mf_var,Plain MF RF
11,41,564,mf_var,Plain MF RF
11,42,23,mf_var,Plain MF RF
11,43,5,mf_var,Plain MF RF
11,44,1,mf_var,Plain MF RF
11,45,24,mf_var,Plain MF RF
11,46,123,mf_var,Plain MF RF
11,47,7,mf_var,Plain MF RF
11,48,5,mf_var,Plain MF RF
11,49,2,mf_var,Plain MF RF
11,50,5,mf_var,Plain MF RF
11,52,8,mf_var,Plain MF RF
11,53,6,mf_var,Plain MF RF
11,54,8,mf_var,Plain MF RF
11,55,5,mf_var,Plain MF RF
12,1,403,mf_var,Plain MF RF
12,2,1684,mf_var,Plain MF RF
12,3,22619,mf_var,Plain MF RF
12,4,7620,mf_var,Plain MF RF
12,5,9417,mf_var,Plain MF RF
12,6,7823,mf_var,Plain MF RF
12,7,12080,mf_var,Plain MF RF
12,9,5736,mf_var,Plain MF RF
12,10,15,mf_var,Plain MF RF
12,11,10933,mf_var,Plain MF RF
12,12,234228,mf_var,Plain MF RF
12,13,20953,mf_var,Plain MF RF
12,14,6263,mf_var,Plain MF RF
12,15,7332,mf_var,Plain MF RF
12,16,14,mf_var,Plain MF RF
12,17,6,mf_var,Plain MF RF
12,18,12,mf_var,Plain MF RF
12,19,141,mf_var,Plain MF RF
12,20,6,mf_var,Plain MF RF
12,21,7,mf_var,Plain MF RF
12,22,1314,mf_var,Plain MF RF
12,23,812,mf_var,Plain MF RF
12,24,3169,mf_var,Plain MF RF
12,25,2604,mf_var,Plain MF RF
12,26,299,mf_var,Plain MF RF
12,27,10789,mf_var,Plain MF RF
12,28,14,mf_var,Plain MF RF
12,29,84,mf_var,Plain MF RF
12,30,4,mf_var,Plain MF RF
12,31,2,mf_var,Plain MF RF
12,32,33,mf_var,Plain MF RF
12,33,4985,mf_var,Plain MF RF
12,34,28,mf_var,Plain MF RF
12,35,4,mf_var,Plain MF RF
12,36,7,mf_var,Plain MF RF
12,37,40,mf_var,Plain MF RF
12,38,9,mf_var,Plain MF RF
12,39,10,mf_var,Plain MF RF
12,40,6,mf_var,Plain MF RF
12,41,2537,mf_var,Plain MF RF
12,42,7,mf_var,Plain MF RF
12,43,9,mf_var,Plain MF RF
12,44,12,mf_var,Plain MF RF
12,45,44,mf_var,Plain MF RF
12,46,32,mf_var,Plain MF RF
12,47,3,mf_var,Plain MF RF
12,48,12,mf_var,Plain MF RF
12,49,12,mf_var,Plain MF RF
12,50,8,mf_var,Plain MF RF
12,52,7,mf_var,Plain MF RF
12,53,3,mf_var,Plain MF RF
12,54,11,mf_var,Plain MF RF
12,55,11,mf_var,Plain MF RF
13,1,2664,mf_var,Plain MF RF
13,2,1936,mf_var,Plain MF RF
13,3,1900,mf_var,Plain MF RF
13,4,11042,mf_var,Plain MF RF
13,5,9265,mf_var,Plain MF RF
13,6,727,mf_var,Plain MF RF
13,7,12713,mf_var,Plain MF RF
13,9,68,mf_var,Plain MF RF
13,10,30,mf_var,Plain MF RF
13,11,26522,mf_var,Plain MF RF
13,12,32397,mf_var,Plain MF RF
13,13,379204,mf_var,Plain MF RF
13,14,16637,mf_var,Plain MF RF
13,15,16815,mf_var,Plain MF RF
13,16,7501,mf_var,Plain MF RF
13,17,51,mf_var,Plain MF RF
13,18,6443,mf_var,Plain MF RF
13,19,262,mf_var,Plain MF RF
13,20,1998,mf_var,Plain MF RF
13,21,7,mf_var,Plain MF RF
13,22,2054,mf_var,Plain MF RF
13,23,171,mf_var,Plain MF RF
13,24,8416,mf_var,Plain MF RF
13,25,34640,mf_var,Plain MF RF
13,26,7,mf_var,Plain MF RF
13,27,2431,mf_var,Plain MF RF
13,28,100,mf_var,Plain MF RF
13,29,101,mf_var,Plain MF RF
13,30,48,mf_var,Plain MF RF
13,31,3866,mf_var,Plain MF RF
13,32,4359,mf_var,Plain MF RF
13,33,30990,mf_var,Plain MF RF
13,34,13,mf_var,Plain MF RF
13,35,1213,mf_var,Plain MF RF
13,36,6,mf_var,Plain MF RF
13,37,217,mf_var,Plain MF RF
13,38,7,mf_var,Plain MF RF
13,39,11,mf_var,Plain MF RF
13,40,17,mf_var,Plain MF RF
13,41,1132,mf_var,Plain MF RF
13,42,829,mf_var,Plain MF RF
13,43,13,mf_var,Plain MF RF
13,44,8,mf_var,Plain MF RF
13,45,13,mf_var,Plain MF RF
13,46,36,mf_var,Plain MF RF
13,47,15,mf_var,Plain MF RF
13,48,5,mf_var,Plain MF RF
13,49,17,mf_var,Plain MF RF
13,50,11,mf_var,Plain MF RF
13,52,15,mf_var,Plain MF RF
13,53,6,mf_var,Plain MF RF
13,54,9,mf_var,Plain MF RF
13,55,13,mf_var,Plain MF RF
14,2,38,mf_var,Plain MF RF
14,3,39,mf_var,Plain MF RF
14,4,331,mf_var,Plain MF RF
14,5,133,mf_var,Plain MF RF
14,7,439,mf_var,Plain MF RF
14,11,755,mf_var,Plain MF RF
14,12,437,mf_var,Plain MF RF
14,13,824,mf_var,Plain MF RF
14,14,26292,mf_var,Plain MF RF
14,15,611,mf_var,Plain MF RF
14,19,488,mf_var,Plain MF RF
14,23,869,mf_var,Plain MF RF
14,24,481,mf_var,Plain MF RF
14,25,26,mf_var,Plain MF RF
14,27,705,mf_var,Plain MF RF
14,29,4,mf_var,Plain MF RF
14,32,8,mf_var,Plain MF RF
14,33,182,mf_var,Plain MF RF
14,37,3,mf_var,Plain MF RF
15,1,77,mf_var,Plain MF RF
15,2,114,mf_var,Plain MF RF
15,3,539,mf_var,Plain MF RF
15,4,2453,mf_var,Plain MF RF
15,5,1734,mf_var,Plain MF RF
15,6,1864,mf_var,Plain MF RF
15,7,1170,mf_var,Plain MF RF
15,9,183,mf_var,Plain MF RF
15,10,136,mf_var,Plain MF RF
15,11,5220,mf_var,Plain MF RF
15,12,6894,mf_var,Plain MF RF
15,13,17174,mf_var,Plain MF RF
15,14,6793,mf_var,Plain MF RF
15,15,133460,mf_var,Plain MF RF
15,16,157,mf_var,Plain MF RF
15,17,86,mf_var,Plain MF RF
15,18,120,mf_var,Plain MF RF
15,19,6911,mf_var,Plain MF RF
15,20,172,mf_var,Plain MF RF
15,21,86,mf_var,Plain MF RF
15,22,88,mf_var,Plain MF RF
15,23,13042,mf_var,Plain MF RF
15,24,5514,mf_var,Plain MF RF
15,25,4714,mf_var,Plain MF RF
15,26,82,mf_var,Plain MF RF
15,27,10715,mf_var,Plain MF RF
15,28,123,mf_var,Plain MF RF
15,29,3210,mf_var,Plain MF RF
15,30,120,mf_var,Plain MF RF
15,31,252,mf_var,Plain MF RF
15,32,4350,mf_var,Plain MF RF
15,33,3960,mf_var,Plain MF RF
15,34,107,mf_var,Plain MF RF
15,35,289,mf_var,Plain MF RF
15,36,90,mf_var,Plain MF RF
15,37,247,mf_var,Plain MF RF
15,38,1345,mf_var,Plain MF RF
15,39,73,mf_var,Plain MF RF
15,40,76,mf_var,Plain MF RF
15,41,128,mf_var,Plain MF RF
15,42,512,mf_var,Plain MF RF
15,43,171,mf_var,Plain MF RF
15,44,108,mf_var,Plain MF RF
15,45,87,mf_var,Plain MF RF
15,46,128,mf_var,Plain MF RF
15,47,94,mf_var,Plain MF RF
15,48,76,mf_var,Plain MF RF
15,49,107,mf_var,Plain MF RF
15,50,78,mf_var,Plain MF RF
15,52,109,mf_var,Plain MF RF
15,53,79,mf_var,Plain MF RF
15,54,80,mf_var,Plain MF RF
15,55,94,mf_var,Plain MF RF
16,1,3737,mf_var,Plain MF RF
16,2,2595,mf_var,Plain MF RF
16,3,71,mf_var,Plain MF RF
16,4,1412,mf_var,Plain MF RF
16,5,5381,mf_var,Plain MF RF
16,6,152,mf_var,Plain MF RF
16,7,339,mf_var,Plain MF RF
16,9,9,mf_var,Plain MF RF
16,10,12100,mf_var,Plain MF RF
16,11,127,mf_var,Plain MF RF
16,12,10,mf_var,Plain MF RF
16,13,4947,mf_var,Plain MF RF
16,14,10,mf_var,Plain MF RF
16,15,549,mf_var,Plain MF RF
16,16,541483,mf_var,Plain MF RF
16,17,5462,mf_var,Plain MF RF
16,18,67345,mf_var,Plain MF RF
16,19,410,mf_var,Plain MF RF
16,20,79585,mf_var,Plain MF RF
16,21,9,mf_var,Plain MF RF
16,22,23611,mf_var,Plain MF RF
16,23,201,mf_var,Plain MF RF
16,24,440,mf_var,Plain MF RF
16,25,2859,mf_var,Plain MF RF
16,26,42,mf_var,Plain MF RF
16,27,7,mf_var,Plain MF RF
16,28,461,mf_var,Plain MF RF
16,29,50,mf_var,Plain MF RF
16,30,52,mf_var,Plain MF RF
16,31,63094,mf_var,Plain MF RF
16,32,530,mf_var,Plain MF RF
16,33,329,mf_var,Plain MF RF
16,34,489,mf_var,Plain MF RF
16,35,18,mf_var,Plain MF RF
16,36,397,mf_var,Plain MF RF
16,37,2,mf_var,Plain MF RF
16,38,8,mf_var,Plain MF RF
16,39,2897,mf_var,Plain MF RF
16,40,63,mf_var,Plain MF RF
16,41,6,mf_var,Plain MF RF
16,42,7387,mf_var,Plain MF RF
16,43,13454,mf_var,Plain MF RF
16,44,61,mf_var,Plain MF RF
16,45,23548,mf_var,Plain MF RF
16,46,44926,mf_var,Plain MF RF
16,47,45,mf_var,Plain MF RF
16,48,47,mf_var,Plain MF RF
16,49,249,mf_var,Plain MF RF
16,50,151,mf_var,Plain MF RF
16,52,2,mf_var,Plain MF RF
16,53,9,mf_var,Plain MF RF
16,54,6,mf_var,Plain MF RF
16,55,4,mf_var,Plain MF RF
17,2,53,mf_var,Plain MF RF
17,3,1,mf_var,Plain MF RF
17,4,8,mf_var,Plain MF RF
17,5,13,mf_var,Plain MF RF
17,7,2,mf_var,Plain MF RF
17,9,3,mf_var,Plain MF RF
17,11,1,mf_var,Plain MF RF
17,12,1,mf_var,Plain MF RF
17,14,3,mf_var,Plain MF RF
17,15,1,mf_var,Plain MF RF
17,16,3,mf_var,Plain MF RF
17,17,1509,mf_var,Plain MF RF
17,19,1,mf_var,Plain MF RF
17,20,1,mf_var,Plain MF RF
17,21,1,mf_var,Plain MF RF
17,22,2,mf_var,Plain MF RF
17,23,3,mf_var,Plain MF RF
17,24,1,mf_var,Plain MF RF
17,25,2,mf_var,Plain MF RF
17,26,1,mf_var,Plain MF RF
17,27,2,mf_var,Plain MF RF
17,29,2,mf_var,Plain MF RF
17,30,2,mf_var,Plain MF RF
17,32,1,mf_var,Plain MF RF
17,34,1,mf_var,Plain MF RF
17,35,3,mf_var,Plain MF RF
17,36,1,mf_var,Plain MF RF
17,37,3,mf_var,Plain MF RF
17,38,3,mf_var,Plain MF RF
17,39,1,mf_var,Plain MF RF
17,40,1,mf_var,Plain MF RF
17,41,3,mf_var,Plain MF RF
17,42,2,mf_var,Plain MF RF
17,44,1,mf_var,Plain MF RF
17,45,1,mf_var,Plain MF RF
17,48,2,mf_var,Plain MF RF
17,52,1,mf_var,Plain MF RF
17,54,1,mf_var,Plain MF RF
18,1,2010,mf_var,Plain MF RF
18,2,728,mf_var,Plain MF RF
18,3,113,mf_var,Plain MF RF
18,4,153,mf_var,Plain MF RF
18,5,1063,mf_var,Plain MF RF
18,7,212,mf_var,Plain MF RF
18,10,6612,mf_var,Plain MF RF
18,11,194,mf_var,Plain MF RF
18,13,2863,mf_var,Plain MF RF
18,16,23022,mf_var,Plain MF RF
18,17,117,mf_var,Plain MF RF
18,18,47690,mf_var,Plain MF RF
18,19,2,mf_var,Plain MF RF
18,20,1362,mf_var,Plain MF RF
18,21,4,mf_var,Plain MF RF
18,22,604,mf_var,Plain MF RF
18,23,12,mf_var,Plain MF RF
18,24,233,mf_var,Plain MF RF
18,25,1416,mf_var,Plain MF RF
18,26,36,mf_var,Plain MF RF
18,28,474,mf_var,Plain MF RF
18,30,16,mf_var,Plain MF RF
18,31,3004,mf_var,Plain MF RF
18,32,36,mf_var,Plain MF RF
18,33,234,mf_var,Plain MF RF
18,34,505,mf_var,Plain MF RF
18,36,524,mf_var,Plain MF RF
18,37,10,mf_var,Plain MF RF
18,39,5074,mf_var,Plain MF RF
18,41,5,mf_var,Plain MF RF
18,42,1297,mf_var,Plain MF RF
18,43,699,mf_var,Plain MF RF
18,44,260,mf_var,Plain MF RF
18,45,2230,mf_var,Plain MF RF
18,46,9866,mf_var,Plain MF RF
18,47,9,mf_var,Plain MF RF
18,49,61,mf_var,Plain MF RF
18,50,214,mf_var,Plain MF RF
19,1,75,mf_var,Plain MF RF
19,2,21,mf_var,Plain MF RF
19,3,35,mf_var,Plain MF RF
19,4,46,mf_var,Plain MF RF
19,5,34,mf_var,Plain MF RF
19,6,67,mf_var,Plain MF RF
19,7,202,mf_var,Plain MF RF
19,9,20,mf_var,Plain MF RF
19,10,418,mf_var,Plain MF RF
19,11,27,mf_var,Plain MF RF
19,12,74,mf_var,Plain MF RF
19,13,301,mf_var,Plain MF RF
19,14,4122,mf_var,Plain MF RF
19,15,18216,mf_var,Plain MF RF
19,16,3800,mf_var,Plain MF RF
19,17,26,mf_var,Plain MF RF
19,18,430,mf_var,Plain MF RF
19,19,532555,mf_var,Plain MF RF
19,20,38742,mf_var,Plain MF RF
19,21,23,mf_var,Plain MF RF
19,22,3955,mf_var,Plain MF RF
19,23,35029,mf_var,Plain MF RF
19,24,19276,mf_var,Plain MF RF
19,25,875,mf_var,Plain MF RF
19,26,23,mf_var,Plain MF RF
19,27,804,mf_var,Plain MF RF
19,28,128,mf_var,Plain MF RF
19,29,3354,mf_var,Plain MF RF
19,30,10,mf_var,Plain MF RF
19,31,6941,mf_var,Plain MF RF
19,32,2723,mf_var,Plain MF RF
19,33,148,mf_var,Plain MF RF
19,34,18,mf_var,Plain MF RF
19,35,92,mf_var,Plain MF RF
19,36,25,mf_var,Plain MF RF
19,37,46,mf_var,Plain MF RF
19,38,13165,mf_var,Plain MF RF
19,39,19,mf_var,Plain MF RF
19,40,18,mf_var,Plain MF RF
19,41,26,mf_var,Plain MF RF
19,42,3024,mf_var,Plain MF RF
19,43,512,mf_var,Plain MF RF
19,44,19,mf_var,Plain MF RF
19,45,1101,mf_var,Plain MF RF
19,46,620,mf_var,Plain MF RF
19,47,10,mf_var,Plain MF RF
19,48,19,mf_var,Plain MF RF
19,49,11,mf_var,Plain MF RF
19,50,33,mf_var,Plain MF RF
19,52,13,mf_var,Plain MF RF
19,53,32,mf_var,Plain MF RF
19,54,21,mf_var,Plain MF RF
19,55,32,mf_var,Plain MF RF
20,1,276,mf_var,Plain MF RF
20,2,94,mf_var,Plain MF RF
20,3,35,mf_var,Plain MF RF
20,4,66,mf_var,Plain MF RF
20,5,222,mf_var,Plain MF RF
20,6,29,mf_var,Plain MF RF
20,7,42,mf_var,Plain MF RF
20,9,31,mf_var,Plain MF RF
20,10,2576,mf_var,Plain MF RF
20,11,32,mf_var,Plain MF RF
20,12,33,mf_var,Plain MF RF
20,13,510,mf_var,Plain MF RF
20,14,37,mf_var,Plain MF RF
20,15,52,mf_var,Plain MF RF
20,16,50524,mf_var,Plain MF RF
20,17,1149,mf_var,Plain MF RF
20,18,2418,mf_var,Plain MF RF
20,19,446,mf_var,Plain MF RF
20,20,225290,mf_var,Plain MF RF
20,21,38,mf_var,Plain MF RF
20,22,11466,mf_var,Plain MF RF
20,23,27,mf_var,Plain MF RF
20,24,623,mf_var,Plain MF RF
20,25,1141,mf_var,Plain MF RF
20,26,27,mf_var,Plain MF RF
20,27,30,mf_var,Plain MF RF
20,28,196,mf_var,Plain MF RF
20,29,32,mf_var,Plain MF RF
20,30,13,mf_var,Plain MF RF
20,31,30310,mf_var,Plain MF RF
20,32,50,mf_var,Plain MF RF
20,33,74,mf_var,Plain MF RF
20,34,160,mf_var,Plain MF RF
20,35,39,mf_var,Plain MF RF
20,36,25,mf_var,Plain MF RF
20,37,29,mf_var,Plain MF RF
20,38,42,mf_var,Plain MF RF
20,39,214,mf_var,Plain MF RF
20,40,35,mf_var,Plain MF RF
20,41,24,mf_var,Plain MF RF
20,42,35566,mf_var,Plain MF RF
20,43,207,mf_var,Plain MF RF
20,44,19,mf_var,Plain MF RF
20,45,5859,mf_var,Plain MF RF
20,46,9507,mf_var,Plain MF RF
20,47,27,mf_var,Plain MF RF
20,48,108,mf_var,Plain MF RF
20,49,17,mf_var,Plain MF RF
20,50,67,mf_var,Plain MF RF
20,52,25,mf_var,Plain MF RF
20,53,32,mf_var,Plain MF RF
20,54,39,mf_var,Plain MF RF
20,55,35,mf_var,Plain MF RF
21,1,185,mf_var,Plain MF RF
21,2,69,mf_var,Plain MF RF
21,3,311,mf_var,Plain MF RF
21,4,144,mf_var,Plain MF RF
21,5,685,mf_var,Plain MF RF
21,6,40,mf_var,Plain MF RF
21,7,282,mf_var,Plain MF RF
21,9,134,mf_var,Plain MF RF
21,10,180,mf_var,Plain MF RF
21,11,26,mf_var,Plain MF RF
21,12,28,mf_var,Plain MF RF
21,13,18,mf_var,Plain MF RF
21,14,34,mf_var,Plain MF RF
21,15,17,mf_var,Plain MF RF
21,16,22,mf_var,Plain MF RF
21,17,26,mf_var,Plain MF RF
21,18,24,mf_var,Plain MF RF
21,19,30,mf_var,Plain MF RF
21,20,23,mf_var,Plain MF RF
21,21,381774,mf_var,Plain MF RF
21,22,24,mf_var,Plain MF RF
21,23,22,mf_var,Plain MF RF
21,24,24,mf_var,Plain MF RF
21,25,30,mf_var,Plain MF RF
21,26,12649,mf_var,Plain MF RF
21,27,20,mf_var,Plain MF RF
21,28,2623,mf_var,Plain MF RF
21,29,27,mf_var,Plain MF RF
21,30,62055,mf_var,Plain MF RF
21,31,23,mf_var,Plain MF RF
21,32,18,mf_var,Plain MF RF
21,33,27,mf_var,Plain MF RF
21,34,621,mf_var,Plain MF RF
21,35,31,mf_var,Plain MF RF
21,36,13107,mf_var,Plain MF RF
21,37,509,mf_var,Plain MF RF
21,38,28,mf_var,Plain MF RF
21,39,473,mf_var,Plain MF RF
21,40,41380,mf_var,Plain MF RF
21,41,424,mf_var,Plain MF RF
21,42,27,mf_var,Plain MF RF
21,43,25,mf_var,Plain MF RF
21,44,33164,mf_var,Plain MF RF
21,45,50,mf_var,Plain MF RF
21,46,96,mf_var,Plain MF RF
21,47,10180,mf_var,Plain MF RF
21,48,6327,mf_var,Plain MF RF
21,49,14044,mf_var,Plain MF RF
21,50,1182,mf_var,Plain MF RF
21,52,2125,mf_var,Plain MF RF
21,53,11794,mf_var,Plain MF RF
21,54,600,mf_var,Plain MF RF
21,55,1429,mf_var,Plain MF RF
22,1,2,mf_var,Plain MF RF
22,2,27,mf_var,Plain MF RF
22,3,378,mf_var,Plain MF RF
22,4,23,mf_var,Plain MF RF
22,5,557,mf_var,Plain MF RF
22,6,10,mf_var,Plain MF RF
22,7,2,mf_var,Plain MF RF
22,11,1,mf_var,Plain MF RF
22,12,484,mf_var,Plain MF RF
22,13,269,mf_var,Plain MF RF
22,16,3253,mf_var,Plain MF RF
22,17,47,mf_var,Plain MF RF
22,18,98,mf_var,Plain MF RF
22,19,297,mf_var,Plain MF RF
22,20,1702,mf_var,Plain MF RF
22,21,1,mf_var,Plain MF RF
22,22,30660,mf_var,Plain MF RF
22,23,36,mf_var,Plain MF RF
22,24,192,mf_var,Plain MF RF
22,25,260,mf_var,Plain MF RF
22,26,1,mf_var,Plain MF RF
22,27,243,mf_var,Plain MF RF
22,31,1674,mf_var,Plain MF RF
22,32,44,mf_var,Plain MF RF
22,34,2,mf_var,Plain MF RF
22,35,1,mf_var,Plain MF RF
22,36,1,mf_var,Plain MF RF
22,37,1,mf_var,Plain MF RF
22,38,2,mf_var,Plain MF RF
22,39,1,mf_var,Plain MF RF
22,40,1,mf_var,Plain MF RF
22,42,1643,mf_var,Plain MF RF
22,43,8,mf_var,Plain MF RF
22,44,4,mf_var,Plain MF RF
22,45,28,mf_var,Plain MF RF
22,46,1,mf_var,Plain MF RF
22,48,1,mf_var,Plain MF RF
22,49,2,mf_var,Plain MF RF
22,50,2,mf_var,Plain MF RF
22,53,1,mf_var,Plain MF RF
22,55,20,mf_var,Plain MF RF
23,2,10,mf_var,Plain MF RF
23,4,116,mf_var,Plain MF RF
23,5,5,mf_var,Plain MF RF
23,6,59,mf_var,Plain MF RF
23,7,788,mf_var,Plain MF RF
23,9,3,mf_var,Plain MF RF
23,10,3,mf_var,Plain MF RF
23,12,84,mf_var,Plain MF RF
23,13,1236,mf_var,Plain MF RF
23,14,6700,mf_var,Plain MF RF
23,15,17421,mf_var,Plain MF RF
23,16,85,mf_var,Plain MF RF
23,17,13,mf_var,Plain MF RF
23,18,1264,mf_var,Plain MF RF
23,19,20450,mf_var,Plain MF RF
23,20,403,mf_var,Plain MF RF
23,21,2,mf_var,Plain MF RF
23,22,91,mf_var,Plain MF RF
23,23,188426,mf_var,Plain MF RF
23,24,49143,mf_var,Plain MF RF
23,25,1703,mf_var,Plain MF RF
23,26,5,mf_var,Plain MF RF
23,27,546,mf_var,Plain MF RF
23,28,211,mf_var,Plain MF RF
23,29,13251,mf_var,Plain MF RF
23,30,1,mf_var,Plain MF RF
23,31,1473,mf_var,Plain MF RF
23,32,7272,mf_var,Plain MF RF
23,33,1832,mf_var,Plain MF RF
23,34,1,mf_var,Plain MF RF
23,35,9800,mf_var,Plain MF RF
23,36,7,mf_var,Plain MF RF
23,38,3671,mf_var,Plain MF RF
23,39,2,mf_var,Plain MF RF
23,40,53,mf_var,Plain MF RF
23,41,7,mf_var,Plain MF RF
23,42,558,mf_var,Plain MF RF
23,43,53,mf_var,Plain MF RF
23,44,3,mf_var,Plain MF RF
23,45,12,mf_var,Plain MF RF
23,46,5,mf_var,Plain MF RF
23,49,17,mf_var,Plain MF RF
23,50,3,mf_var,Plain MF RF
23,52,14,mf_var,Plain MF RF
23,54,2,mf_var,Plain MF RF
23,55,2,mf_var,Plain MF RF
24,1,64,mf_var,Plain MF RF
24,2,50,mf_var,Plain MF RF
24,3,90,mf_var,Plain MF RF
24,4,109,mf_var,Plain MF RF
24,5,577,mf_var,Plain MF RF
24,6,164,mf_var,Plain MF RF
24,7,1036,mf_var,Plain MF RF
24,9,4,mf_var,Plain MF RF
24,10,9,mf_var,Plain MF RF
24,11,306,mf_var,Plain MF RF
24,12,1745,mf_var,Plain MF RF
24,13,11683,mf_var,Plain MF RF
24,14,1269,mf_var,Plain MF RF
24,15,11104,mf_var,Plain MF RF
24,16,720,mf_var,Plain MF RF
24,17,4,mf_var,Plain MF RF
24,18,1369,mf_var,Plain MF RF
24,19,13066,mf_var,Plain MF RF
24,20,1870,mf_var,Plain MF RF
24,21,9,mf_var,Plain MF RF
24,22,712,mf_var,Plain MF RF
24,23,64143,mf_var,Plain MF RF
24,24,539920,mf_var,Plain MF RF
24,25,50980,mf_var,Plain MF RF
24,26,11,mf_var,Plain MF RF
24,27,2482,mf_var,Plain MF RF
24,28,15,mf_var,Plain MF RF
24,29,45552,mf_var,Plain MF RF
24,30,8,mf_var,Plain MF RF
24,31,5076,mf_var,Plain MF RF
24,32,33018,mf_var,Plain MF RF
24,33,12520,mf_var,Plain MF RF
24,34,2,mf_var,Plain MF RF
24,35,26986,mf_var,Plain MF RF
24,36,7,mf_var,Plain MF RF
24,37,5,mf_var,Plain MF RF
24,38,5006,mf_var,Plain MF RF
24,39,5,mf_var,Plain MF RF
24,40,3,mf_var,Plain MF RF
24,41,5,mf_var,Plain MF RF
24,42,12522,mf_var,Plain MF RF
24,43,989,mf_var,Plain MF RF
24,44,10,mf_var,Plain MF RF
24,45,120,mf_var,Plain MF RF
24,46,5,mf_var,Plain MF RF
24,47,9,mf_var,Plain MF RF
24,48,7,mf_var,Plain MF RF
24,49,7,mf_var,Plain MF RF
24,50,2,mf_var,Plain MF RF
24,52,5,mf_var,Plain MF RF
24,53,6,mf_var,Plain MF RF
24,54,7,mf_var,Plain MF RF
24,55,4,mf_var,Plain MF RF
25,1,666,mf_var,Plain MF RF
25,2,119,mf_var,Plain MF RF
25,3,4,mf_var,Plain MF RF
25,4,264,mf_var,Plain MF RF
25,5,946,mf_var,Plain MF RF
25,6,3,mf_var,Plain MF RF
25,7,844,mf_var,Plain MF RF
25,9,3,mf_var,Plain MF RF
25,10,5,mf_var,Plain MF RF
25,11,1298,mf_var,Plain MF RF
25,12,1208,mf_var,Plain MF RF
25,13,19154,mf_var,Plain MF RF
25,14,84,mf_var,Plain MF RF
25,15,3281,mf_var,Plain MF RF
25,16,2892,mf_var,Plain MF RF
25,17,3,mf_var,Plain MF RF
25,18,1028,mf_var,Plain MF RF
25,19,70,mf_var,Plain MF RF
25,20,2438,mf_var,Plain MF RF
25,21,7,mf_var,Plain MF RF
25,22,426,mf_var,Plain MF RF
25,23,1548,mf_var,Plain MF RF
25,24,16599,mf_var,Plain MF RF
25,25,153662,mf_var,Plain MF RF
25,26,2,mf_var,Plain MF RF
25,27,299,mf_var,Plain MF RF
25,28,3,mf_var,Plain MF RF
25,29,1539,mf_var,Plain MF RF
25,30,1,mf_var,Plain MF RF
25,31,9049,mf_var,Plain MF RF
25,32,6935,mf_var,Plain MF RF
25,33,4138,mf_var,Plain MF RF
25,34,4,mf_var,Plain MF RF
25,35,2801,mf_var,Plain MF RF
25,36,2,mf_var,Plain MF RF
25,37,16,mf_var,Plain MF RF
25,38,3,mf_var,Plain MF RF
25,39,8,mf_var,Plain MF RF
25,40,2,mf_var,Plain MF RF
25,41,3,mf_var,Plain MF RF
25,42,5507,mf_var,Plain MF RF
25,43,328,mf_var,Plain MF RF
25,44,5,mf_var,Plain MF RF
25,45,125,mf_var,Plain MF RF
25,46,9,mf_var,Plain MF RF
25,47,2,mf_var,Plain MF RF
25,48,3,mf_var,Plain MF RF
25,49,1,mf_var,Plain MF RF
25,50,8,mf_var,Plain MF RF
25,52,3,mf_var,Plain MF RF
25,53,2,mf_var,Plain MF RF
25,54,3,mf_var,Plain MF RF
25,55,4,mf_var,Plain MF RF
26,1,19,mf_var,Plain MF RF
26,3,80,mf_var,Plain MF RF
26,4,3,mf_var,Plain MF RF
26,5,290,mf_var,Plain MF RF
26,7,145,mf_var,Plain MF RF
26,10,626,mf_var,Plain MF RF
26,12,11,mf_var,Plain MF RF
26,13,1,mf_var,Plain MF RF
26,14,2,mf_var,Plain MF RF
26,15,3,mf_var,Plain MF RF
26,19,1,mf_var,Plain MF RF
26,21,1672,mf_var,Plain MF RF
26,23,87,mf_var,Plain MF RF
26,24,2,mf_var,Plain MF RF
26,26,24247,mf_var,Plain MF RF
26,27,9,mf_var,Plain MF RF
26,28,272,mf_var,Plain MF RF
26,30,5104,mf_var,Plain MF RF
26,33,11,mf_var,Plain MF RF
26,34,1169,mf_var,Plain MF RF
26,36,2203,mf_var,Plain MF RF
26,38,1,mf_var,Plain MF RF
26,39,356,mf_var,Plain MF RF
26,40,774,mf_var,Plain MF RF
26,41,39,mf_var,Plain MF RF
26,43,1,mf_var,Plain MF RF
26,44,417,mf_var,Plain MF RF
26,46,123,mf_var,Plain MF RF
26,47,332,mf_var,Plain MF RF
26,48,8,mf_var,Plain MF RF
26,49,2215,mf_var,Plain MF RF
26,50,17,mf_var,Plain MF RF
26,52,337,mf_var,Plain MF RF
26,53,317,mf_var,Plain MF RF
26,55,2,mf_var,Plain MF RF
27,1,26,mf_var,Plain MF RF
27,2,1610,mf_var,Plain MF RF
27,3,36025,mf_var,Plain MF RF
27,4,3726,mf_var,Plain MF RF
27,5,4263,mf_var,Plain MF RF
27,6,3705,mf_var,Plain MF RF
27,7,26184,mf_var,Plain MF RF
27,9,682,mf_var,Plain MF RF
27,10,162,mf_var,Plain MF RF
27,11,14051,mf_var,Plain MF RF
27,12,5978,mf_var,Plain MF RF
27,13,4626,mf_var,Plain MF RF
27,14,6476,mf_var,Plain MF RF
27,15,21858,mf_var,Plain MF RF
27,16,36,mf_var,Plain MF RF
27,17,36,mf_var,Plain MF RF
27,18,41,mf_var,Plain MF RF
27,19,1785,mf_var,Plain MF RF
27,20,50,mf_var,Plain MF RF
27,21,90,mf_var,Plain MF RF
27,22,35,mf_var,Plain MF RF
27,23,4559,mf_var,Plain MF RF
27,24,4688,mf_var,Plain MF RF
27,25,375,mf_var,Plain MF RF
27,26,388,mf_var,Plain MF RF
27,27,631337,mf_var,Plain MF RF
27,28,5130,mf_var,Plain MF RF
27,29,42,mf_var,Plain MF RF
27,30,142,mf_var,Plain MF RF
27,31,28,mf_var,Plain MF RF
27,32,2185,mf_var,Plain MF RF
27,33,16573,mf_var,Plain MF RF
27,34,52,mf_var,Plain MF RF
27,35,27,mf_var,Plain MF RF
27,36,1670,mf_var,Plain MF RF
27,37,30554,mf_var,Plain MF RF
27,38,1736,mf_var,Plain MF RF
27,39,170,mf_var,Plain MF RF
27,40,276,mf_var,Plain MF RF
27,41,17376,mf_var,Plain MF RF
27,42,27,mf_var,Plain MF RF
27,43,24,mf_var,Plain MF RF
27,44,569,mf_var,Plain MF RF
27,45,61,mf_var,Plain MF RF
27,46,203,mf_var,Plain MF RF
27,47,9239,mf_var,Plain MF RF
27,48,47,mf_var,Plain MF RF
27,49,68,mf_var,Plain MF RF
27,50,30,mf_var,Plain MF RF
27,52,26,mf_var,Plain MF RF
27,53,29,mf_var,Plain MF RF
27,54,24,mf_var,Plain MF RF
27,55,15,mf_var,Plain MF RF
28,1,631,mf_var,Plain MF RF
28,2,48,mf_var,Plain MF RF
28,3,1086,mf_var,Plain MF RF
28,5,230,mf_var,Plain MF RF
28,7,491,mf_var,Plain MF RF
28,10,1202,mf_var,Plain MF RF
28,11,1,mf_var,Plain MF RF
28,13,24,mf_var,Plain MF RF
28,15,52,mf_var,Plain MF RF
28,16,52,mf_var,Plain MF RF
28,18,720,mf_var,Plain MF RF
28,19,7,mf_var,Plain MF RF
28,20,34,mf_var,Plain MF RF
28,21,626,mf_var,Plain MF RF
28,23,131,mf_var,Plain MF RF
28,24,29,mf_var,Plain MF RF
28,25,23,mf_var,Plain MF RF
28,26,806,mf_var,Plain MF RF
28,27,1287,mf_var,Plain MF RF
28,28,22858,mf_var,Plain MF RF
28,30,1766,mf_var,Plain MF RF
28,31,8,mf_var,Plain MF RF
28,33,373,mf_var,Plain MF RF
28,34,240,mf_var,Plain MF RF
28,36,2599,mf_var,Plain MF RF
28,37,3,mf_var,Plain MF RF
28,39,1165,mf_var,Plain MF RF
28,40,908,mf_var,Plain MF RF
28,41,262,mf_var,Plain MF RF
28,44,3353,mf_var,Plain MF RF
28,45,235,mf_var,Plain MF RF
28,46,737,mf_var,Plain MF RF
28,47,2859,mf_var,Plain MF RF
28,49,424,mf_var,Plain MF RF
28,50,417,mf_var,Plain MF RF
28,53,1,mf_var,Plain MF RF
28,55,354,mf_var,Plain MF RF
29,1,1,mf_var,Plain MF RF
29,2,7,mf_var,Plain MF RF
29,3,6,mf_var,Plain MF RF
29,4,1,mf_var,Plain MF RF
29,5,3,mf_var,Plain MF RF
29,6,2,mf_var,Plain MF RF
29,7,616,mf_var,Plain MF RF
29,9,2,mf_var,Plain MF RF
29,10,3,mf_var,Plain MF RF
29,11,2,mf_var,Plain MF RF
29,12,57,mf_var,Plain MF RF
29,13,55,mf_var,Plain MF RF
29,14,3,mf_var,Plain MF RF
29,15,3641,mf_var,Plain MF RF
29,16,1,mf_var,Plain MF RF
29,17,3,mf_var,Plain MF RF
29,18,6,mf_var,Plain MF RF
29,19,1902,mf_var,Plain MF RF
29,20,28,mf_var,Plain MF RF
29,21,6,mf_var,Plain MF RF
29,22,12,mf_var,Plain MF RF
29,23,6856,mf_var,Plain MF RF
29,24,14747,mf_var,Plain MF RF
29,25,773,mf_var,Plain MF RF
29,26,1,mf_var,Plain MF RF
29,27,20,mf_var,Plain MF RF
29,28,2,mf_var,Plain MF RF
29,29,130033,mf_var,Plain MF RF
29,30,3,mf_var,Plain MF RF
29,31,6,mf_var,Plain MF RF
29,32,1290,mf_var,Plain MF RF
29,33,1538,mf_var,Plain MF RF
29,34,3,mf_var,Plain MF RF
29,35,1541,mf_var,Plain MF RF
29,37,3,mf_var,Plain MF RF
29,38,1098,mf_var,Plain MF RF
29,39,3,mf_var,Plain MF RF
29,40,17,mf_var,Plain MF RF
29,41,2,mf_var,Plain MF RF
29,42,2,mf_var,Plain MF RF
29,43,3,mf_var,Plain MF RF
29,44,3,mf_var,Plain MF RF
29,45,3,mf_var,Plain MF RF
29,46,3,mf_var,Plain MF RF
29,47,4,mf_var,Plain MF RF
29,49,11,mf_var,Plain MF RF
29,50,1,mf_var,Plain MF RF
29,52,2,mf_var,Plain MF RF
29,53,7,mf_var,Plain MF RF
29,54,2,mf_var,Plain MF RF
29,55,4,mf_var,Plain MF RF
30,1,234,mf_var,Plain MF RF
30,2,11,mf_var,Plain MF RF
30,3,5777,mf_var,Plain MF RF
30,4,172,mf_var,Plain MF RF
30,5,3210,mf_var,Plain MF RF
30,6,6,mf_var,Plain MF RF
30,7,2258,mf_var,Plain MF RF
30,9,5,mf_var,Plain MF RF
30,10,3959,mf_var,Plain MF RF
30,11,51,mf_var,Plain MF RF
30,12,4,mf_var,Plain MF RF
30,13,5,mf_var,Plain MF RF
30,14,8,mf_var,Plain MF RF
30,15,10,mf_var,Plain MF RF
30,16,10,mf_var,Plain MF RF
30,17,7,mf_var,Plain MF RF
30,18,34,mf_var,Plain MF RF
30,19,9,mf_var,Plain MF RF
30,20,8,mf_var,Plain MF RF
30,21,54682,mf_var,Plain MF RF
30,22,9,mf_var,Plain MF RF
30,23,14,mf_var,Plain MF RF
30,24,5,mf_var,Plain MF RF
30,25,6,mf_var,Plain MF RF
30,26,34309,mf_var,Plain MF RF
30,27,675,mf_var,Plain MF RF
30,28,10452,mf_var,Plain MF RF
30,29,15,mf_var,Plain MF RF
30,30,247803,mf_var,Plain MF RF
30,31,4,mf_var,Plain MF RF
30,32,8,mf_var,Plain MF RF
30,33,495,mf_var,Plain MF RF
30,34,1377,mf_var,Plain MF RF
30,35,7,mf_var,Plain MF RF
30,36,20118,mf_var,Plain MF RF
30,37,398,mf_var,Plain MF RF
30,38,7,mf_var,Plain MF RF
30,39,7671,mf_var,Plain MF RF
30,40,49778,mf_var,Plain MF RF
30,41,1899,mf_var,Plain MF RF
30,42,7,mf_var,Plain MF RF
30,43,9,mf_var,Plain MF RF
30,44,47744,mf_var,Plain MF RF
30,45,350,mf_var,Plain MF RF
30,46,2448,mf_var,Plain MF RF
30,47,43864,mf_var,Plain MF RF
30,48,857,mf_var,Plain MF RF
30,49,29333,mf_var,Plain MF RF
30,50,1864,mf_var,Plain MF RF
30,52,222,mf_var,Plain MF RF
30,53,2730,mf_var,Plain MF RF
30,54,1001,mf_var,Plain MF RF
30,55,618,mf_var,Plain MF RF
31,1,4579,mf_var,Plain MF RF
31,2,186,mf_var,Plain MF RF
31,3,4,mf_var,Plain MF RF
31,4,13,mf_var,Plain MF RF
31,5,68,mf_var,Plain MF RF
31,6,254,mf_var,Plain MF RF
31,7,1169,mf_var,Plain MF RF
31,9,1,mf_var,Plain MF RF
31,10,23,mf_var,Plain MF RF
31,11,30,mf_var,Plain MF RF
31,12,5,mf_var,Plain MF RF
31,13,9720,mf_var,Plain MF RF
31,14,83,mf_var,Plain MF RF
31,15,334,mf_var,Plain MF RF
31,16,48728,mf_var,Plain MF RF
31,17,10,mf_var,Plain MF RF
31,18,9942,mf_var,Plain MF RF
31,19,1796,mf_var,Plain MF RF
31,20,42931,mf_var,Plain MF RF
31,21,4,mf_var,Plain MF RF
31,22,21838,mf_var,Plain MF RF
31,23,706,mf_var,Plain MF RF
31,24,3860,mf_var,Plain MF RF
31,25,24167,mf_var,Plain MF RF
31,26,2,mf_var,Plain MF RF
31,27,10,mf_var,Plain MF RF
31,28,2,mf_var,Plain MF RF
31,29,47,mf_var,Plain MF RF
31,30,13,mf_var,Plain MF RF
31,31,593100,mf_var,Plain MF RF
31,32,1341,mf_var,Plain MF RF
31,33,1824,mf_var,Plain MF RF
31,35,170,mf_var,Plain MF RF
31,36,48,mf_var,Plain MF RF
31,37,2,mf_var,Plain MF RF
31,38,6,mf_var,Plain MF RF
31,39,146,mf_var,Plain MF RF
31,40,3,mf_var,Plain MF RF
31,42,68466,mf_var,Plain MF RF
31,43,545,mf_var,Plain MF RF
31,44,2,mf_var,Plain MF RF
31,45,4572,mf_var,Plain MF RF
31,46,55,mf_var,Plain MF RF
31,47,2,mf_var,Plain MF RF
31,48,15,mf_var,Plain MF RF
31,50,553,mf_var,Plain MF RF
31,52,2,mf_var,Plain MF RF
31,54,1,mf_var,Plain MF RF
32,6,1,mf_var,Plain MF RF
32,7,802,mf_var,Plain MF RF
32,9,1,mf_var,Plain MF RF
32,12,6,mf_var,Plain MF RF
32,13,1609,mf_var,Plain MF RF
32,14,293,mf_var,Plain MF RF
32,15,1607,mf_var,Plain MF RF
32,16,18,mf_var,Plain MF RF
32,18,110,mf_var,Plain MF RF
32,19,516,mf_var,Plain MF RF
32,20,94,mf_var,Plain MF RF
32,23,2549,mf_var,Plain MF RF
32,24,5031,mf_var,Plain MF RF
32,25,2920,mf_var,Plain MF RF
32,27,143,mf_var,Plain MF RF
32,29,849,mf_var,Plain MF RF
32,31,303,mf_var,Plain MF RF
32,32,40391,mf_var,Plain MF RF
32,33,1970,mf_var,Plain MF RF
32,35,665,mf_var,Plain MF RF
32,38,207,mf_var,Plain MF RF
32,42,398,mf_var,Plain MF RF
32,43,1,mf_var,Plain MF RF
33,1,1402,mf_var,Plain MF RF
33,2,196,mf_var,Plain MF RF
33,3,5911,mf_var,Plain MF RF
33,4,2,mf_var,Plain MF RF
33,5,2410,mf_var,Plain MF RF
33,6,1,mf_var,Plain MF RF
33,7,23272,mf_var,Plain MF RF
33,10,377,mf_var,Plain MF RF
33,11,3200,mf_var,Plain MF RF
33,12,2917,mf_var,Plain MF RF
33,13,22660,mf_var,Plain MF RF
33,14,628,mf_var,Plain MF RF
33,15,4242,mf_var,Plain MF RF
33,16,420,mf_var,Plain MF RF
33,18,502,mf_var,Plain MF RF
33,19,31,mf_var,Plain MF RF
33,20,375,mf_var,Plain MF RF
33,21,3,mf_var,Plain MF RF
33,23,3388,mf_var,Plain MF RF
33,24,9853,mf_var,Plain MF RF
33,25,6055,mf_var,Plain MF RF
33,26,36,mf_var,Plain MF RF
33,27,3406,mf_var,Plain MF RF
33,28,477,mf_var,Plain MF RF
33,29,2995,mf_var,Plain MF RF
33,30,22,mf_var,Plain MF RF
33,31,80,mf_var,Plain MF RF
33,32,4738,mf_var,Plain MF RF
33,33,258563,mf_var,Plain MF RF
33,34,12,mf_var,Plain MF RF
33,35,881,mf_var,Plain MF RF
33,36,138,mf_var,Plain MF RF
33,37,3261,mf_var,Plain MF RF
33,39,30,mf_var,Plain MF RF
33,40,103,mf_var,Plain MF RF
33,41,24891,mf_var,Plain MF RF
33,44,1281,mf_var,Plain MF RF
33,45,648,mf_var,Plain MF RF
33,46,21,mf_var,Plain MF RF
33,47,207,mf_var,Plain MF RF
33,49,73,mf_var,Plain MF RF
33,50,2,mf_var,Plain MF RF
33,52,41,mf_var,Plain MF RF
34,3,51,mf_var,Plain MF RF
34,7,8,mf_var,Plain MF RF
34,10,399,mf_var,Plain MF RF
34,12,1,mf_var,Plain MF RF
34,15,2,mf_var,Plain MF RF
34,16,1,mf_var,Plain MF RF
34,17,2,mf_var,Plain MF RF
34,18,6,mf_var,Plain MF RF
34,19,2,mf_var,Plain MF RF
34,20,1,mf_var,Plain MF RF
34,21,4,mf_var,Plain MF RF
34,22,2,mf_var,Plain MF RF
34,24,2,mf_var,Plain MF RF
34,25,2,mf_var,Plain MF RF
34,26,16,mf_var,Plain MF RF
34,27,24,mf_var,Plain MF RF
34,28,3,mf_var,Plain MF RF
34,30,30,mf_var,Plain MF RF
34,31,1,mf_var,Plain MF RF
34,32,1,mf_var,Plain MF RF
34,33,2,mf_var,Plain MF RF
34,34,4001,mf_var,Plain MF RF
34,36,94,mf_var,Plain MF RF
34,37,1,mf_var,Plain MF RF
34,38,2,mf_var,Plain MF RF
34,39,209,mf_var,Plain MF RF
34,40,20,mf_var,Plain MF RF
34,41,1,mf_var,Plain MF RF
34,42,2,mf_var,Plain MF RF
34,43,1,mf_var,Plain MF RF
34,44,8,mf_var,Plain MF RF
34,45,1,mf_var,Plain MF RF
34,46,96,mf_var,Plain MF RF
34,47,1,mf_var,Plain MF RF
34,49,149,mf_var,Plain MF RF
34,50,7,mf_var,Plain MF RF
34,52,3,mf_var,Plain MF RF
34,53,2,mf_var,Plain MF RF
34,55,1,mf_var,Plain MF RF
35,7,1,mf_var,Plain MF RF
35,13,122,mf_var,Plain MF RF
35,14,83,mf_var,Plain MF RF
35,15,43,mf_var,Plain MF RF
35,16,31,mf_var,Plain MF RF
35,18,6,mf_var,Plain MF RF
35,19,29,mf_var,Plain MF RF
35,23,570,mf_var,Plain MF RF
35,24,2142,mf_var,Plain MF RF
35,25,727,mf_var,Plain MF RF
35,29,531,mf_var,Plain MF RF
35,32,332,mf_var,Plain MF RF
35,33,264,mf_var,Plain MF RF
35,35,27979,mf_var,Plain MF RF
35,38,4,mf_var,Plain MF RF
36,1,6,mf_var,Plain MF RF
36,3,231,mf_var,Plain MF RF
36,5,11,mf_var,Plain MF RF
36,7,89,mf_var,Plain MF RF
36,9,23,mf_var,Plain MF RF
36,10,310,mf_var,Plain MF RF
36,12,37,mf_var,Plain MF RF
36,13,25,mf_var,Plain MF RF
36,16,2,mf_var,Plain MF RF
36,21,287,mf_var,Plain MF RF
36,26,521,mf_var,Plain MF RF
36,27,2,mf_var,Plain MF RF
36,28,1011,mf_var,Plain MF RF
36,30,795,mf_var,Plain MF RF
36,33,31,mf_var,Plain MF RF
36,34,366,mf_var,Plain MF RF
36,36,16459,mf_var,Plain MF RF
36,39,149,mf_var,Plain MF RF
36,40,357,mf_var,Plain MF RF
36,41,153,mf_var,Plain MF RF
36,44,952,mf_var,Plain MF RF
36,46,106,mf_var,Plain MF RF
36,47,317,mf_var,Plain MF RF
36,48,7,mf_var,Plain MF RF
36,49,236,mf_var,Plain MF RF
36,50,35,mf_var,Plain MF RF
36,53,34,mf_var,Plain MF RF
36,55,23,mf_var,Plain MF RF
37,1,241,mf_var,Plain MF RF
37,2,122,mf_var,Plain MF RF
37,3,11965,mf_var,Plain MF RF
37,4,14,mf_var,Plain MF RF
37,5,428,mf_var,Plain MF RF
37,6,191,mf_var,Plain MF RF
37,7,7071,mf_var,Plain MF RF
37,9,80,mf_var,Plain MF RF
37,10,842,mf_var,Plain MF RF
37,11,335,mf_var,Plain MF RF
37,12,445,mf_var,Plain MF RF
37,13,1392,mf_var,Plain MF RF
37,14,570,mf_var,Plain MF RF
37,15,54,mf_var,Plain MF RF
37,16,55,mf_var,Plain MF RF
37,17,3,mf_var,Plain MF RF
37,18,167,mf_var,Plain MF RF
37,19,7,mf_var,Plain MF RF
37,20,11,mf_var,Plain MF RF
37,21,855,mf_var,Plain MF RF
37,22,2,mf_var,Plain MF RF
37,23,2,mf_var,Plain MF RF
37,24,4,mf_var,Plain MF RF
37,25,564,mf_var,Plain MF RF
37,26,90,mf_var,Plain MF RF
37,27,11258,mf_var,Plain MF RF
37,28,244,mf_var,Plain MF RF
37,29,5,mf_var,Plain MF RF
37,30,568,mf_var,Plain MF RF
37,31,2,mf_var,Plain MF RF
37,32,6,mf_var,Plain MF RF
37,33,5041,mf_var,Plain MF RF
37,34,104,mf_var,Plain MF RF
37,35,1,mf_var,Plain MF RF
37,36,21,mf_var,Plain MF RF
37,37,140492,mf_var,Plain MF RF
37,38,2,mf_var,Plain MF RF
37,39,265,mf_var,Plain MF RF
37,40,36,mf_var,Plain MF RF
37,41,7499,mf_var,Plain MF RF
37,42,1,mf_var,Plain MF RF
37,43,4,mf_var,Plain MF RF
37,44,49,mf_var,Plain MF RF
37,45,23,mf_var,Plain MF RF
37,46,170,mf_var,Plain MF RF
37,47,570,mf_var,Plain MF RF
37,48,1,mf_var,Plain MF RF
37,49,18,mf_var,Plain MF RF
37,50,1,mf_var,Plain MF RF
37,52,6,mf_var,Plain MF RF
37,53,3,mf_var,Plain MF RF
37,54,3,mf_var,Plain MF RF
37,55,3,mf_var,Plain MF RF
38,13,39,mf_var,Plain MF RF
38,15,225,mf_var,Plain MF RF
38,19,346,mf_var,Plain MF RF
38,23,679,mf_var,Plain MF RF
38,24,294,mf_var,Plain MF RF
38,25,42,mf_var,Plain MF RF
38,27,415,mf_var,Plain MF RF
38,29,82,mf_var,Plain MF RF
38,32,67,mf_var,Plain MF RF
38,36,1,mf_var,Plain MF RF
38,38,27842,mf_var,Plain MF RF
39,1,27,mf_var,Plain MF RF
39,5,60,mf_var,Plain MF RF
39,7,22,mf_var,Plain MF RF
39,10,3748,mf_var,Plain MF RF
39,13,2,mf_var,Plain MF RF
39,16,108,mf_var,Plain MF RF
39,18,234,mf_var,Plain MF RF
39,20,11,mf_var,Plain MF RF
39,23,78,mf_var,Plain MF RF
39,24,4,mf_var,Plain MF RF
39,26,12,mf_var,Plain MF RF
39,28,18,mf_var,Plain MF RF
39,30,259,mf_var,Plain MF RF
39,34,655,mf_var,Plain MF RF
39,36,62,mf_var,Plain MF RF
39,39,13718,mf_var,Plain MF RF
39,40,58,mf_var,Plain MF RF
39,43,1,mf_var,Plain MF RF
39,44,67,mf_var,Plain MF RF
39,45,85,mf_var,Plain MF RF
39,46,2435,mf_var,Plain MF RF
39,47,90,mf_var,Plain MF RF
39,49,59,mf_var,Plain MF RF
39,50,130,mf_var,Plain MF RF
40,1,155,mf_var,Plain MF RF
40,2,8,mf_var,Plain MF RF
40,3,858,mf_var,Plain MF RF
40,4,17,mf_var,Plain MF RF
40,5,2269,mf_var,Plain MF RF
40,6,10,mf_var,Plain MF RF
40,7,1520,mf_var,Plain MF RF
40,9,5,mf_var,Plain MF RF
40,10,3376,mf_var,Plain MF RF
40,11,19,mf_var,Plain MF RF
40,12,11,mf_var,Plain MF RF
40,13,19,mf_var,Plain MF RF
40,14,6,mf_var,Plain MF RF
40,15,8,mf_var,Plain MF RF
40,16,3,mf_var,Plain MF RF
40,17,8,mf_var,Plain MF RF
40,18,12,mf_var,Plain MF RF
40,19,5,mf_var,Plain MF RF
40,20,35,mf_var,Plain MF RF
40,21,27136,mf_var,Plain MF RF
40,22,7,mf_var,Plain MF RF
40,23,10,mf_var,Plain MF RF
40,24,5,mf_var,Plain MF RF
40,25,25,mf_var,Plain MF RF
40,26,7246,mf_var,Plain MF RF
40,27,118,mf_var,Plain MF RF
40,28,6901,mf_var,Plain MF RF
40,29,10,mf_var,Plain MF RF
40,30,32834,mf_var,Plain MF RF
40,31,94,mf_var,Plain MF RF
40,32,7,mf_var,Plain MF RF
40,33,35,mf_var,Plain MF RF
40,34,669,mf_var,Plain MF RF
40,35,4,mf_var,Plain MF RF
40,36,14912,mf_var,Plain MF RF
40,37,14,mf_var,Plain MF RF
40,38,8,mf_var,Plain MF RF
40,39,2293,mf_var,Plain MF RF
40,40,132485,mf_var,Plain MF RF
40,41,1009,mf_var,Plain MF RF
40,42,7,mf_var,Plain MF RF
40,43,7,mf_var,Plain MF RF
40,44,28786,mf_var,Plain MF RF
40,45,197,mf_var,Plain MF RF
40,46,2733,mf_var,Plain MF RF
40,47,30126,mf_var,Plain MF RF
40,48,548,mf_var,Plain MF RF
40,49,26406,mf_var,Plain MF RF
40,50,1447,mf_var,Plain MF RF
40,52,4124,mf_var,Plain MF RF
40,53,7237,mf_var,Plain MF RF
40,54,1238,mf_var,Plain MF RF
40,55,2639,mf_var,Plain MF RF
41,1,2,mf_var,Plain MF RF
41,2,24,mf_var,Plain MF RF
41,3,3808,mf_var,Plain MF RF
41,5,161,mf_var,Plain MF RF
41,6,14,mf_var,Plain MF RF
41,7,8578,mf_var,Plain MF RF
41,10,130,mf_var,Plain MF RF
41,11,14,mf_var,Plain MF RF
41,12,312,mf_var,Plain MF RF
41,13,524,mf_var,Plain MF RF
41,14,1,mf_var,Plain MF RF
41,15,33,mf_var,Plain MF RF
41,16,10,mf_var,Plain MF RF
41,17,1,mf_var,Plain MF RF
41,18,6,mf_var,Plain MF RF
41,19,2,mf_var,Plain MF RF
41,20,1,mf_var,Plain MF RF
41,21,393,mf_var,Plain MF RF
41,22,1,mf_var,Plain MF RF
41,23,1,mf_var,Plain MF RF
41,25,3,mf_var,Plain MF RF
41,26,435,mf_var,Plain MF RF
41,27,3556,mf_var,Plain MF RF
41,28,1456,mf_var,Plain MF RF
41,29,1,mf_var,Plain MF RF
41,30,1982,mf_var,Plain MF RF
41,32,6,mf_var,Plain MF RF
41,33,11991,mf_var,Plain MF RF
41,34,5,mf_var,Plain MF RF
41,36,2018,mf_var,Plain MF RF
41,37,5567,mf_var,Plain MF RF
41,39,15,mf_var,Plain MF RF
41,40,234,mf_var,Plain MF RF
41,41,47935,mf_var,Plain MF RF
41,43,2,mf_var,Plain MF RF
41,44,266,mf_var,Plain MF RF
41,45,19,mf_var,Plain MF RF
41,46,7,mf_var,Plain MF RF
41,47,1646,mf_var,Plain MF RF
41,48,1,mf_var,Plain MF RF
41,49,80,mf_var,Plain MF RF
41,50,1,mf_var,Plain MF RF
41,54,1,mf_var,Plain MF RF
42,1,1,mf_var,Plain MF RF
42,2,3,mf_var,Plain MF RF
42,3,1,mf_var,Plain MF RF
42,4,1,mf_var,Plain MF RF
42,5,2,mf_var,Plain MF RF
42,6,4,mf_var,Plain MF RF
42,7,80,mf_var,Plain MF RF
42,9,2,mf_var,Plain MF RF
42,10,1,mf_var,Plain MF RF
42,11,2,mf_var,Plain MF RF
42,12,1,mf_var,Plain MF RF
42,13,374,mf_var,Plain MF RF
42,14,5,mf_var,Plain MF RF
42,15,36,mf_var,Plain MF RF
42,16,390,mf_var,Plain MF RF
42,17,1,mf_var,Plain MF RF
42,18,41,mf_var,Plain MF RF
42,19,648,mf_var,Plain MF RF
42,20,11244,mf_var,Plain MF RF
42,22,1292,mf_var,Plain MF RF
42,23,13,mf_var,Plain MF RF
42,24,1523,mf_var,Plain MF RF
42,25,1660,mf_var,Plain MF RF
42,26,3,mf_var,Plain MF RF
42,28,2,mf_var,Plain MF RF
42,30,2,mf_var,Plain MF RF
42,31,15684,mf_var,Plain MF RF
42,32,158,mf_var,Plain MF RF
42,33,6,mf_var,Plain MF RF
42,34,2,mf_var,Plain MF RF
42,36,2,mf_var,Plain MF RF
42,37,3,mf_var,Plain MF RF
42,38,3,mf_var,Plain MF RF
42,39,1,mf_var,Plain MF RF
42,40,2,mf_var,Plain MF RF
42,42,120173,mf_var,Plain MF RF
42,43,1640,mf_var,Plain MF RF
42,44,2,mf_var,Plain MF RF
42,45,3,mf_var,Plain MF RF
42,47,2,mf_var,Plain MF RF
42,48,3,mf_var,Plain MF RF
42,49,1,mf_var,Plain MF RF
42,52,1,mf_var,Plain MF RF
42,55,1,mf_var,Plain MF RF
43,10,4,mf_var,Plain MF RF
43,16,292,mf_var,Plain MF RF
43,18,28,mf_var,Plain MF RF
43,19,4,mf_var,Plain MF RF
43,20,34,mf_var,Plain MF RF
43,24,39,mf_var,Plain MF RF
43,25,42,mf_var,Plain MF RF
43,31,3,mf_var,Plain MF RF
43,39,5,mf_var,Plain MF RF
43,42,156,mf_var,Plain MF RF
43,43,4975,mf_var,Plain MF RF
43,46,110,mf_var,Plain MF RF
44,1,583,mf_var,Plain MF RF
44,2,43,mf_var,Plain MF RF
44,3,2448,mf_var,Plain MF RF
44,4,29,mf_var,Plain MF RF
44,5,2369,mf_var,Plain MF RF
44,6,21,mf_var,Plain MF RF
44,7,3001,mf_var,Plain MF RF
44,9,19,mf_var,Plain MF RF
44,10,2203,mf_var,Plain MF RF
44,11,11,mf_var,Plain MF RF
44,12,14,mf_var,Plain MF RF
44,13,653,mf_var,Plain MF RF
44,14,14,mf_var,Plain MF RF
44,15,16,mf_var,Plain MF RF
44,16,140,mf_var,Plain MF RF
44,17,24,mf_var,Plain MF RF
44,18,1050,mf_var,Plain MF RF
44,19,67,mf_var,Plain MF RF
44,20,45,mf_var,Plain MF RF
44,21,31211,mf_var,Plain MF RF
44,22,15,mf_var,Plain MF RF
44,23,13,mf_var,Plain MF RF
44,24,25,mf_var,Plain MF RF
44,25,11,mf_var,Plain MF RF
44,26,13541,mf_var,Plain MF RF
44,27,123,mf_var,Plain MF RF
44,28,23826,mf_var,Plain MF RF
44,29,21,mf_var,Plain MF RF
44,30,67592,mf_var,Plain MF RF
44,31,42,mf_var,Plain MF RF
44,32,24,mf_var,Plain MF RF
44,33,2040,mf_var,Plain MF RF
44,34,952,mf_var,Plain MF RF
44,35,21,mf_var,Plain MF RF
44,36,36203,mf_var,Plain MF RF
44,37,51,mf_var,Plain MF RF
44,38,4,mf_var,Plain MF RF
44,39,6206,mf_var,Plain MF RF
44,40,53962,mf_var,Plain MF RF
44,41,1298,mf_var,Plain MF RF
44,42,18,mf_var,Plain MF RF
44,43,19,mf_var,Plain MF RF
44,44,195061,mf_var,Plain MF RF
44,45,1207,mf_var,Plain MF RF
44,46,1547,mf_var,Plain MF RF
44,47,42444,mf_var,Plain MF RF
44,48,91,mf_var,Plain MF RF
44,49,28195,mf_var,Plain MF RF
44,50,4721,mf_var,Plain MF RF
44,52,4747,mf_var,Plain MF RF
44,53,21604,mf_var,Plain MF RF
44,54,8821,mf_var,Plain MF RF
44,55,7785,mf_var,Plain MF RF
45,1,115,mf_var,Plain MF RF
45,2,1,mf_var,Plain MF RF
45,5,179,mf_var,Plain MF RF
45,6,3,mf_var,Plain MF RF
45,7,2,mf_var,Plain MF RF
45,10,141,mf_var,Plain MF RF
45,12,2,mf_var,Plain MF RF
45,13,144,mf_var,Plain MF RF
45,15,5,mf_var,Plain MF RF
45,16,1148,mf_var,Plain MF RF
45,18,106,mf_var,Plain MF RF
45,20,263,mf_var,Plain MF RF
45,22,1,mf_var,Plain MF RF
45,23,7,mf_var,Plain MF RF
45,24,300,mf_var,Plain MF RF
45,25,42,mf_var,Plain MF RF
45,26,2,mf_var,Plain MF RF
45,27,2,mf_var,Plain MF RF
45,28,15,mf_var,Plain MF RF
45,29,132,mf_var,Plain MF RF
45,30,101,mf_var,Plain MF RF
45,31,138,mf_var,Plain MF RF
45,32,1,mf_var,Plain MF RF
45,33,8,mf_var,Plain MF RF
45,34,81,mf_var,Plain MF RF
45,35,1,mf_var,Plain MF RF
45,39,444,mf_var,Plain MF RF
45,40,43,mf_var,Plain MF RF
45,41,1,mf_var,Plain MF RF
45,44,71,mf_var,Plain MF RF
45,45,11617,mf_var,Plain MF RF
45,46,1251,mf_var,Plain MF RF
45,47,8,mf_var,Plain MF RF
45,48,1,mf_var,Plain MF RF
45,49,26,mf_var,Plain MF RF
45,50,2,mf_var,Plain MF RF
45,52,1,mf_var,Plain MF RF
46,1,627,mf_var,Plain MF RF
46,2,65,mf_var,Plain MF RF
46,3,96,mf_var,Plain MF RF
46,4,6,mf_var,Plain MF RF
46,5,280,mf_var,Plain MF RF
46,6,3,mf_var,Plain MF RF
46,7,178,mf_var,Plain MF RF
46,9,5,mf_var,Plain MF RF
46,10,22597,mf_var,Plain MF RF
46,11,14,mf_var,Plain MF RF
46,12,6,mf_var,Plain MF RF
46,13,268,mf_var,Plain MF RF
46,14,6,mf_var,Plain MF RF
46,15,9,mf_var,Plain MF RF
46,16,8998,mf_var,Plain MF RF
46,17,2,mf_var,Plain MF RF
46,18,8222,mf_var,Plain MF RF
46,19,7,mf_var,Plain MF RF
46,20,1909,mf_var,Plain MF RF
46,21,24,mf_var,Plain MF RF
46,22,12,mf_var,Plain MF RF
46,23,11,mf_var,Plain MF RF
46,24,3,mf_var,Plain MF RF
46,25,21,mf_var,Plain MF RF
46,26,357,mf_var,Plain MF RF
46,27,5,mf_var,Plain MF RF
46,28,320,mf_var,Plain MF RF
46,29,4,mf_var,Plain MF RF
46,30,524,mf_var,Plain MF RF
46,31,20,mf_var,Plain MF RF
46,32,4,mf_var,Plain MF RF
46,33,41,mf_var,Plain MF RF
46,34,2009,mf_var,Plain MF RF
46,35,8,mf_var,Plain MF RF
46,36,676,mf_var,Plain MF RF
46,37,22,mf_var,Plain MF RF
46,38,7,mf_var,Plain MF RF
46,39,9471,mf_var,Plain MF RF
46,40,1085,mf_var,Plain MF RF
46,41,6,mf_var,Plain MF RF
46,42,6,mf_var,Plain MF RF
46,43,203,mf_var,Plain MF RF
46,44,658,mf_var,Plain MF RF
46,45,8196,mf_var,Plain MF RF
46,46,66247,mf_var,Plain MF RF
46,47,1174,mf_var,Plain MF RF
46,48,7,mf_var,Plain MF RF
46,49,1840,mf_var,Plain MF RF
46,50,196,mf_var,Plain MF RF
46,52,7,mf_var,Plain MF RF
46,53,4,mf_var,Plain MF RF
46,54,8,mf_var,Plain MF RF
46,55,8,mf_var,Plain MF RF
47,1,117,mf_var,Plain MF RF
47,2,13,mf_var,Plain MF RF
47,3,1842,mf_var,Plain MF RF
47,4,46,mf_var,Plain MF RF
47,5,2871,mf_var,Plain MF RF
47,6,68,mf_var,Plain MF RF
47,7,2041,mf_var,Plain MF RF
47,9,12,mf_var,Plain MF RF
47,10,2752,mf_var,Plain MF RF
47,11,70,mf_var,Plain MF RF
47,12,14,mf_var,Plain MF RF
47,13,17,mf_var,Plain MF RF
47,14,13,mf_var,Plain MF RF
47,15,13,mf_var,Plain MF RF
47,16,10,mf_var,Plain MF RF
47,17,11,mf_var,Plain MF RF
47,18,12,mf_var,Plain MF RF
47,19,13,mf_var,Plain MF RF
47,20,15,mf_var,Plain MF RF
47,21,7359,mf_var,Plain MF RF
47,22,19,mf_var,Plain MF RF
47,23,10,mf_var,Plain MF RF
47,24,16,mf_var,Plain MF RF
47,25,12,mf_var,Plain MF RF
47,26,1618,mf_var,Plain MF RF
47,27,2075,mf_var,Plain MF RF
47,28,14296,mf_var,Plain MF RF
47,29,8,mf_var,Plain MF RF
47,30,15008,mf_var,Plain MF RF
47,31,21,mf_var,Plain MF RF
47,32,14,mf_var,Plain MF RF
47,33,811,mf_var,Plain MF RF
47,34,509,mf_var,Plain MF RF
47,35,19,mf_var,Plain MF RF
47,36,8980,mf_var,Plain MF RF
47,37,165,mf_var,Plain MF RF
47,38,13,mf_var,Plain MF RF
47,39,1248,mf_var,Plain MF RF
47,40,36775,mf_var,Plain MF RF
47,41,704,mf_var,Plain MF RF
47,42,17,mf_var,Plain MF RF
47,43,13,mf_var,Plain MF RF
47,44,31228,mf_var,Plain MF RF
47,45,61,mf_var,Plain MF RF
47,46,2092,mf_var,Plain MF RF
47,47,201594,mf_var,Plain MF RF
47,48,498,mf_var,Plain MF RF
47,49,13038,mf_var,Plain MF RF
47,50,2164,mf_var,Plain MF RF
47,52,3869,mf_var,Plain MF RF
47,53,30,mf_var,Plain MF RF
47,54,7,mf_var,Plain MF RF
47,55,206,mf_var,Plain MF RF
48,3,1,mf_var,Plain MF RF
48,4,7,mf_var,Plain MF RF
48,9,2,mf_var,Plain MF RF
48,16,1,mf_var,Plain MF RF
48,21,34,mf_var,Plain MF RF
48,24,1,mf_var,Plain MF RF
48,26,6,mf_var,Plain MF RF
48,27,8,mf_var,Plain MF RF
48,28,3,mf_var,Plain MF RF
48,30,12,mf_var,Plain MF RF
48,33,1,mf_var,Plain MF RF
48,36,1,mf_var,Plain MF RF
48,40,4,mf_var,Plain MF RF
48,41,1,mf_var,Plain MF RF
48,43,9,mf_var,Plain MF RF
48,47,6,mf_var,Plain MF RF
48,48,1476,mf_var,Plain MF RF
48,49,23,mf_var,Plain MF RF
48,53,28,mf_var,Plain MF RF
49,1,110,mf_var,Plain MF RF
49,2,4,mf_var,Plain MF RF
49,3,85,mf_var,Plain MF RF
49,4,32,mf_var,Plain MF RF
49,5,479,mf_var,Plain MF RF
49,6,2,mf_var,Plain MF RF
49,7,78,mf_var,Plain MF RF
49,9,4,mf_var,Plain MF RF
49,10,7723,mf_var,Plain MF RF
49,11,7,mf_var,Plain MF RF
49,12,7,mf_var,Plain MF RF
49,13,6,mf_var,Plain MF RF
49,14,6,mf_var,Plain MF RF
49,15,7,mf_var,Plain MF RF
49,16,5,mf_var,Plain MF RF
49,17,9,mf_var,Plain MF RF
49,18,7,mf_var,Plain MF RF
49,19,5,mf_var,Plain MF RF
49,20,27,mf_var,Plain MF RF
49,21,3515,mf_var,Plain MF RF
49,22,5,mf_var,Plain MF RF
49,23,7,mf_var,Plain MF RF
49,24,5,mf_var,Plain MF RF
49,25,5,mf_var,Plain MF RF
49,26,9169,mf_var,Plain MF RF
49,27,13,mf_var,Plain MF RF
49,28,1493,mf_var,Plain MF RF
49,29,8,mf_var,Plain MF RF
49,30,20214,mf_var,Plain MF RF
49,31,5,mf_var,Plain MF RF
49,32,7,mf_var,Plain MF RF
49,33,7,mf_var,Plain MF RF
49,34,2496,mf_var,Plain MF RF
49,35,4,mf_var,Plain MF RF
49,36,5008,mf_var,Plain MF RF
49,37,12,mf_var,Plain MF RF
49,38,8,mf_var,Plain MF RF
49,39,1167,mf_var,Plain MF RF
49,40,11773,mf_var,Plain MF RF
49,41,16,mf_var,Plain MF RF
49,42,3,mf_var,Plain MF RF
49,43,4,mf_var,Plain MF RF
49,44,7407,mf_var,Plain MF RF
49,45,123,mf_var,Plain MF RF
49,46,1177,mf_var,Plain MF RF
49,47,3115,mf_var,Plain MF RF
49,48,51,mf_var,Plain MF RF
49,49,70339,mf_var,Plain MF RF
49,50,422,mf_var,Plain MF RF
49,52,9742,mf_var,Plain MF RF
49,53,1427,mf_var,Plain MF RF
49,54,41,mf_var,Plain MF RF
49,55,362,mf_var,Plain MF RF
50,2,4,mf_var,Plain MF RF
50,6,1,mf_var,Plain MF RF
50,7,3,mf_var,Plain MF RF
50,10,26,mf_var,Plain MF RF
50,11,1,mf_var,Plain MF RF
50,13,1,mf_var,Plain MF RF
50,15,1,mf_var,Plain MF RF
50,16,1,mf_var,Plain MF RF
50,17,1,mf_var,Plain MF RF
50,18,2,mf_var,Plain MF RF
50,21,12,mf_var,Plain MF RF
50,22,1,mf_var,Plain MF RF
50,23,1,mf_var,Plain MF RF
50,24,1,mf_var,Plain MF RF
50,26,1,mf_var,Plain MF RF
50,28,37,mf_var,Plain MF RF
50,29,1,mf_var,Plain MF RF
50,30,5,mf_var,Plain MF RF
50,31,1,mf_var,Plain MF RF
50,34,5,mf_var,Plain MF RF
50,35,1,mf_var,Plain MF RF
50,39,59,mf_var,Plain MF RF
50,40,36,mf_var,Plain MF RF
50,42,1,mf_var,Plain MF RF
50,43,1,mf_var,Plain MF RF
50,44,36,mf_var,Plain MF RF
50,46,16,mf_var,Plain MF RF
50,47,18,mf_var,Plain MF RF
50,49,1,mf_var,Plain MF RF
50,50,1956,mf_var,Plain MF RF
50,53,54,mf_var,Plain MF RF
50,54,3,mf_var,Plain MF RF
50,55,4,mf_var,Plain MF RF
52,1,8,mf_var,Plain MF RF
52,2,4,mf_var,Plain MF RF
52,3,3,mf_var,Plain MF RF
52,4,7,mf_var,Plain MF RF
52,5,10,mf_var,Plain MF RF
52,6,6,mf_var,Plain MF RF
52,7,15,mf_var,Plain MF RF
52,9,6,mf_var,Plain MF RF
52,10,12,mf_var,Plain MF RF
52,11,5,mf_var,Plain MF RF
52,12,9,mf_var,Plain MF RF
52,13,9,mf_var,Plain MF RF
52,14,6,mf_var,Plain MF RF
52,15,8,mf_var,Plain MF RF
52,16,4,mf_var,Plain MF RF
52,17,5,mf_var,Plain MF RF
52,18,9,mf_var,Plain MF RF
52,19,7,mf_var,Plain MF RF
52,20,7,mf_var,Plain MF RF
52,21,28,mf_var,Plain MF RF
52,22,8,mf_var,Plain MF RF
52,23,7,mf_var,Plain MF RF
52,24,7,mf_var,Plain MF RF
52,25,13,mf_var,Plain MF RF
52,26,58,mf_var,Plain MF RF
52,27,4,mf_var,Plain MF RF
52,28,13,mf_var,Plain MF RF
52,29,12,mf_var,Plain MF RF
52,30,3,mf_var,Plain MF RF
52,31,9,mf_var,Plain MF RF
52,32,12,mf_var,Plain MF RF
52,33,5,mf_var,Plain MF RF
52,34,3,mf_var,Plain MF RF
52,35,6,mf_var,Plain MF RF
52,36,2,mf_var,Plain MF RF
52,37,6,mf_var,Plain MF RF
52,38,4,mf_var,Plain MF RF
52,39,6,mf_var,Plain MF RF
52,40,302,mf_var,Plain MF RF
52,41,7,mf_var,Plain MF RF
52,42,5,mf_var,Plain MF RF
52,43,6,mf_var,Plain MF RF
52,44,183,mf_var,Plain MF RF
52,45,6,mf_var,Plain MF RF
52,46,6,mf_var,Plain MF RF
52,47,42,mf_var,Plain MF RF
52,49,1156,mf_var,Plain MF RF
52,50,5,mf_var,Plain MF RF
52,52,20440,mf_var,Plain MF RF
52,53,630,mf_var,Plain MF RF
52,54,7,mf_var,Plain MF RF
52,55,494,mf_var,Plain MF RF
53,1,16,mf_var,Plain MF RF
53,2,81,mf_var,Plain MF RF
53,3,15,mf_var,Plain MF RF
53,4,20,mf_var,Plain MF RF
53,5,23,mf_var,Plain MF RF
53,6,10,mf_var,Plain MF RF
53,7,14,mf_var,Plain MF RF
53,9,20,mf_var,Plain MF RF
53,10,19,mf_var,Plain MF RF
53,11,14,mf_var,Plain MF RF
53,12,17,mf_var,Plain MF RF
53,13,25,mf_var,Plain MF RF
53,14,17,mf_var,Plain MF RF
53,15,22,mf_var,Plain MF RF
53,16,18,mf_var,Plain MF RF
53,17,16,mf_var,Plain MF RF
53,18,20,mf_var,Plain MF RF
53,19,18,mf_var,Plain MF RF
53,20,17,mf_var,Plain MF RF
53,21,1979,mf_var,Plain MF RF
53,22,15,mf_var,Plain MF RF
53,23,18,mf_var,Plain MF RF
53,24,19,mf_var,Plain MF RF
53,25,17,mf_var,Plain MF RF
53,26,456,mf_var,Plain MF RF
53,27,6,mf_var,Plain MF RF
53,28,71,mf_var,Plain MF RF
53,29,24,mf_var,Plain MF RF
53,30,366,mf_var,Plain MF RF
53,31,19,mf_var,Plain MF RF
53,32,12,mf_var,Plain MF RF
53,33,15,mf_var,Plain MF RF
53,34,218,mf_var,Plain MF RF
53,35,19,mf_var,Plain MF RF
53,36,31,mf_var,Plain MF RF
53,37,19,mf_var,Plain MF RF
53,38,17,mf_var,Plain MF RF
53,39,53,mf_var,Plain MF RF
53,40,1069,mf_var,Plain MF RF
53,41,9,mf_var,Plain MF RF
53,42,20,mf_var,Plain MF RF
53,43,18,mf_var,Plain MF RF
53,44,2362,mf_var,Plain MF RF
53,45,18,mf_var,Plain MF RF
53,46,26,mf_var,Plain MF RF
53,47,38,mf_var,Plain MF RF
53,48,29,mf_var,Plain MF RF
53,49,1196,mf_var,Plain MF RF
53,50,479,mf_var,Plain MF RF
53,52,1918,mf_var,Plain MF RF
53,53,49790,mf_var,Plain MF RF
53,54,1774,mf_var,Plain MF RF
53,55,1967,mf_var,Plain MF RF
54,1,1,mf_var,Plain MF RF
54,2,4,mf_var,Plain MF RF
54,3,1,mf_var,Plain MF RF
54,4,3,mf_var,Plain MF RF
54,5,1,mf_var,Plain MF RF
54,6,1,mf_var,Plain MF RF
54,7,6,mf_var,Plain MF RF
54,9,3,mf_var,Plain MF RF
54,10,6,mf_var,Plain MF RF
54,11,1,mf_var,Plain MF RF
54,12,5,mf_var,Plain MF RF
54,13,5,mf_var,Plain MF RF
54,14,6,mf_var,Plain MF RF
54,16,5,mf_var,Plain MF RF
54,17,5,mf_var,Plain MF RF
54,18,5,mf_var,Plain MF RF
54,19,3,mf_var,Plain MF RF
54,20,5,mf_var,Plain MF RF
54,21,169,mf_var,Plain MF RF
54,22,3,mf_var,Plain MF RF
54,23,1,mf_var,Plain MF RF
54,24,4,mf_var,Plain MF RF
54,25,3,mf_var,Plain MF RF
54,26,3,mf_var,Plain MF RF
54,27,2,mf_var,Plain MF RF
54,28,4,mf_var,Plain MF RF
54,29,4,mf_var,Plain MF RF
54,30,11,mf_var,Plain MF RF
54,31,3,mf_var,Plain MF RF
54,32,2,mf_var,Plain MF RF
54,33,2,mf_var,Plain MF RF
54,34,15,mf_var,Plain MF RF
54,35,4,mf_var,Plain MF RF
54,36,16,mf_var,Plain MF RF
54,37,1,mf_var,Plain MF RF
54,38,4,mf_var,Plain MF RF
54,39,2,mf_var,Plain MF RF
54,40,59,mf_var,Plain MF RF
54,41,4,mf_var,Plain MF RF
54,42,4,mf_var,Plain MF RF
54,43,2,mf_var,Plain MF RF
54,44,201,mf_var,Plain MF RF
54,45,7,mf_var,Plain MF RF
54,46,6,mf_var,Plain MF RF
54,47,4,mf_var,Plain MF RF
54,48,1,mf_var,Plain MF RF
54,49,6,mf_var,Plain MF RF
54,50,27,mf_var,Plain MF RF
54,52,2,mf_var,Plain MF RF
54,53,157,mf_var,Plain MF RF
54,54,10745,mf_var,Plain MF RF
54,55,4,mf_var,Plain MF RF
55,1,1,mf_var,Plain MF RF
55,21,11,mf_var,Plain MF RF
55,28,48,mf_var,Plain MF RF
55,36,6,mf_var,Plain MF RF
55,38,1,mf_var,Plain MF RF
55,40,89,mf_var,Plain MF RF
55,44,185,mf_var,Plain MF RF
55,49,4,mf_var,Plain MF RF
55,50,6,mf_var,Plain MF RF
55,52,398,mf_var,Plain MF RF
55,53,229,mf_var,Plain MF RF
55,55,5405,mf_var,Plain MF RF
1,1,11679,rf_var,Plain RF
1,2,349,rf_var,Plain RF
1,3,429,rf_var,Plain RF
1,4,172,rf_var,Plain RF
1,5,131,rf_var,Plain RF
1,6,10,rf_var,Plain RF
1,7,81,rf_var,Plain RF
1,10,296,rf_var,Plain RF
1,11,2,rf_var,Plain RF
1,12,8,rf_var,Plain RF
1,13,240,rf_var,Plain RF
1,15,2,rf_var,Plain RF
1,16,40,rf_var,Plain RF
1,17,51,rf_var,Plain RF
1,18,217,rf_var,Plain RF
1,19,4,rf_var,Plain RF
1,20,18,rf_var,Plain RF
1,21,94,rf_var,Plain RF
1,22,1,rf_var,Plain RF
1,23,2,rf_var,Plain RF
1,24,1,rf_var,Plain RF
1,25,196,rf_var,Plain RF
1,26,3,rf_var,Plain RF
1,27,2,rf_var,Plain RF
1,28,31,rf_var,Plain RF
1,29,6,rf_var,Plain RF
1,30,7,rf_var,Plain RF
1,31,119,rf_var,Plain RF
1,32,17,rf_var,Plain RF
1,33,85,rf_var,Plain RF
1,35,2,rf_var,Plain RF
1,36,1,rf_var,Plain RF
1,37,6,rf_var,Plain RF
1,38,3,rf_var,Plain RF
1,39,360,rf_var,Plain RF
1,40,34,rf_var,Plain RF
1,41,1,rf_var,Plain RF
1,42,38,rf_var,Plain RF
1,43,1,rf_var,Plain RF
1,44,19,rf_var,Plain RF
1,45,224,rf_var,Plain RF
1,46,86,rf_var,Plain RF
1,47,46,rf_var,Plain RF
1,48,3,rf_var,Plain RF
1,49,3,rf_var,Plain RF
1,50,138,rf_var,Plain RF
1,52,1,rf_var,Plain RF
1,54,1,rf_var,Plain RF
1,55,3,rf_var,Plain RF
2,1,2206,rf_var,Plain RF
2,2,183218,rf_var,Plain RF
2,3,19508,rf_var,Plain RF
2,4,13482,rf_var,Plain RF
2,5,14381,rf_var,Plain RF
2,6,10777,rf_var,Plain RF
2,7,2937,rf_var,Plain RF
2,9,9171,rf_var,Plain RF
2,10,893,rf_var,Plain RF
2,11,4990,rf_var,Plain RF
2,12,2036,rf_var,Plain RF
2,13,4038,rf_var,Plain RF
2,14,300,rf_var,Plain RF
2,15,17,rf_var,Plain RF
2,16,4344,rf_var,Plain RF
2,17,459,rf_var,Plain RF
2,18,5027,rf_var,Plain RF
2,19,12,rf_var,Plain RF
2,20,344,rf_var,Plain RF
2,21,22,rf_var,Plain RF
2,22,210,rf_var,Plain RF
2,23,17,rf_var,Plain RF
2,24,123,rf_var,Plain RF
2,25,962,rf_var,Plain RF
2,26,16,rf_var,Plain RF
2,27,1711,rf_var,Plain RF
2,28,200,rf_var,Plain RF
2,29,14,rf_var,Plain RF
2,30,149,rf_var,Plain RF
2,31,321,rf_var,Plain RF
2,32,100,rf_var,Plain RF
2,33,114,rf_var,Plain RF
2,34,145,rf_var,Plain RF
2,35,11,rf_var,Plain RF
2,36,67,rf_var,Plain RF
2,37,50,rf_var,Plain RF
2,38,11,rf_var,Plain RF
2,39,58,rf_var,Plain RF
2,40,24,rf_var,Plain RF
2,41,187,rf_var,Plain RF
2,42,18,rf_var,Plain RF
2,43,4,rf_var,Plain RF
2,44,224,rf_var,Plain RF
2,45,37,rf_var,Plain RF
2,46,77,rf_var,Plain RF
2,47,7,rf_var,Plain RF
2,48,13,rf_var,Plain RF
2,49,13,rf_var,Plain RF
2,50,97,rf_var,Plain RF
2,52,22,rf_var,Plain RF
2,53,596,rf_var,Plain RF
2,54,13,rf_var,Plain RF
2,55,270,rf_var,Plain RF
3,1,4918,rf_var,Plain RF
3,2,20798,rf_var,Plain RF
3,3,287751,rf_var,Plain RF
3,4,5587,rf_var,Plain RF
3,5,22712,rf_var,Plain RF
3,6,18455,rf_var,Plain RF
3,7,42266,rf_var,Plain RF
3,9,28581,rf_var,Plain RF
3,10,3021,rf_var,Plain RF
3,11,7146,rf_var,Plain RF
3,12,19234,rf_var,Plain RF
3,13,3582,rf_var,Plain RF
3,14,1338,rf_var,Plain RF
3,15,2026,rf_var,Plain RF
3,16,41,rf_var,Plain RF
3,17,19,rf_var,Plain RF
3,18,1496,rf_var,Plain RF
3,19,37,rf_var,Plain RF
3,20,11,rf_var,Plain RF
3,21,341,rf_var,Plain RF
3,22,555,rf_var,Plain RF
3,23,151,rf_var,Plain RF
3,24,1510,rf_var,Plain RF
3,25,297,rf_var,Plain RF
3,26,384,rf_var,Plain RF
3,27,20042,rf_var,Plain RF
3,28,7596,rf_var,Plain RF
3,29,13,rf_var,Plain RF
3,30,587,rf_var,Plain RF
3,31,16,rf_var,Plain RF
3,32,300,rf_var,Plain RF
3,33,11791,rf_var,Plain RF
3,34,553,rf_var,Plain RF
3,35,15,rf_var,Plain RF
3,36,4060,rf_var,Plain RF
3,37,11329,rf_var,Plain RF
3,38,10,rf_var,Plain RF
3,39,1098,rf_var,Plain RF
3,40,251,rf_var,Plain RF
3,41,18480,rf_var,Plain RF
3,42,13,rf_var,Plain RF
3,43,17,rf_var,Plain RF
3,44,929,rf_var,Plain RF
3,45,69,rf_var,Plain RF
3,46,666,rf_var,Plain RF
3,47,2081,rf_var,Plain RF
3,48,18,rf_var,Plain RF
3,49,95,rf_var,Plain RF
3,50,39,rf_var,Plain RF
3,52,12,rf_var,Plain RF
3,53,15,rf_var,Plain RF
3,54,10,rf_var,Plain RF
3,55,11,rf_var,Plain RF
4,1,1061,rf_var,Plain RF
4,2,14631,rf_var,Plain RF
4,3,3679,rf_var,Plain RF
4,4,42065,rf_var,Plain RF
4,5,3153,rf_var,Plain RF
4,6,1874,rf_var,Plain RF
4,7,910,rf_var,Plain RF
4,9,263,rf_var,Plain RF
4,10,11,rf_var,Plain RF
4,11,5995,rf_var,Plain RF
4,12,3543,rf_var,Plain RF
4,13,6325,rf_var,Plain RF
4,14,1959,rf_var,Plain RF
4,15,1580,rf_var,Plain RF
4,16,718,rf_var,Plain RF
4,17,321,rf_var,Plain RF
4,18,91,rf_var,Plain RF
4,19,32,rf_var,Plain RF
4,20,206,rf_var,Plain RF
4,21,157,rf_var,Plain RF
4,22,282,rf_var,Plain RF
4,23,111,rf_var,Plain RF
4,24,1,rf_var,Plain RF
4,25,299,rf_var,Plain RF
4,26,26,rf_var,Plain RF
4,27,1475,rf_var,Plain RF
4,28,8,rf_var,Plain RF
4,29,5,rf_var,Plain RF
4,30,106,rf_var,Plain RF
4,31,13,rf_var,Plain RF
4,32,3,rf_var,Plain RF
4,33,120,rf_var,Plain RF
4,34,5,rf_var,Plain RF
4,35,16,rf_var,Plain RF
4,36,8,rf_var,Plain RF
4,37,7,rf_var,Plain RF
4,38,5,rf_var,Plain RF
4,39,52,rf_var,Plain RF
4,40,5,rf_var,Plain RF
4,41,5,rf_var,Plain RF
4,42,8,rf_var,Plain RF
4,43,7,rf_var,Plain RF
4,44,3,rf_var,Plain RF
4,45,12,rf_var,Plain RF
4,46,6,rf_var,Plain RF
4,47,3,rf_var,Plain RF
4,48,147,rf_var,Plain RF
4,49,4,rf_var,Plain RF
4,50,62,rf_var,Plain RF
4,52,5,rf_var,Plain RF
4,53,8,rf_var,Plain RF
4,54,8,rf_var,Plain RF
4,55,6,rf_var,Plain RF
5,1,2761,rf_var,Plain RF
5,2,14320,rf_var,Plain RF
5,3,16549,rf_var,Plain RF
5,4,3971,rf_var,Plain RF
5,5,73803,rf_var,Plain RF
5,6,4470,rf_var,Plain RF
5,7,4409,rf_var,Plain RF
5,9,519,rf_var,Plain RF
5,10,3806,rf_var,Plain RF
5,11,9422,rf_var,Plain RF
5,12,13422,rf_var,Plain RF
5,13,6903,rf_var,Plain RF
5,14,2528,rf_var,Plain RF
5,15,2075,rf_var,Plain RF
5,16,3037,rf_var,Plain RF
5,17,596,rf_var,Plain RF
5,18,607,rf_var,Plain RF
5,19,12,rf_var,Plain RF
5,20,781,rf_var,Plain RF
5,21,1282,rf_var,Plain RF
5,22,690,rf_var,Plain RF
5,23,113,rf_var,Plain RF
5,24,1054,rf_var,Plain RF
5,25,1167,rf_var,Plain RF
5,26,1110,rf_var,Plain RF
5,27,2996,rf_var,Plain RF
5,28,348,rf_var,Plain RF
5,29,75,rf_var,Plain RF
5,30,272,rf_var,Plain RF
5,31,73,rf_var,Plain RF
5,32,69,rf_var,Plain RF
5,33,2576,rf_var,Plain RF
5,34,365,rf_var,Plain RF
5,35,126,rf_var,Plain RF
5,36,1333,rf_var,Plain RF
5,37,361,rf_var,Plain RF
5,38,11,rf_var,Plain RF
5,39,1977,rf_var,Plain RF
5,40,960,rf_var,Plain RF
5,41,2210,rf_var,Plain RF
5,42,204,rf_var,Plain RF
5,43,10,rf_var,Plain RF
5,44,1475,rf_var,Plain RF
5,45,368,rf_var,Plain RF
5,46,2542,rf_var,Plain RF
5,47,1772,rf_var,Plain RF
5,48,13,rf_var,Plain RF
5,49,849,rf_var,Plain RF
5,50,38,rf_var,Plain RF
5,52,11,rf_var,Plain RF
5,53,7,rf_var,Plain RF
5,54,6,rf_var,Plain RF
5,55,9,rf_var,Plain RF
6,1,208,rf_var,Plain RF
6,2,12019,rf_var,Plain RF
6,3,4740,rf_var,Plain RF
6,4,2848,rf_var,Plain RF
6,5,1344,rf_var,Plain RF
6,6,50588,rf_var,Plain RF
6,7,446,rf_var,Plain RF
6,9,336,rf_var,Plain RF
6,10,108,rf_var,Plain RF
6,11,2801,rf_var,Plain RF
6,12,5021,rf_var,Plain RF
6,13,176,rf_var,Plain RF
6,14,50,rf_var,Plain RF
6,15,1254,rf_var,Plain RF
6,16,54,rf_var,Plain RF
6,17,17,rf_var,Plain RF
6,18,95,rf_var,Plain RF
6,19,25,rf_var,Plain RF
6,20,11,rf_var,Plain RF
6,21,1633,rf_var,Plain RF
6,22,106,rf_var,Plain RF
6,23,323,rf_var,Plain RF
6,24,1057,rf_var,Plain RF
6,25,741,rf_var,Plain RF
6,26,47,rf_var,Plain RF
6,27,2358,rf_var,Plain RF
6,28,66,rf_var,Plain RF
6,29,70,rf_var,Plain RF
6,30,313,rf_var,Plain RF
6,31,205,rf_var,Plain RF
6,32,11,rf_var,Plain RF
6,33,139,rf_var,Plain RF
6,34,12,rf_var,Plain RF
6,35,13,rf_var,Plain RF
6,36,14,rf_var,Plain RF
6,37,273,rf_var,Plain RF
6,38,15,rf_var,Plain RF
6,39,25,rf_var,Plain RF
6,40,14,rf_var,Plain RF
6,41,15,rf_var,Plain RF
6,42,116,rf_var,Plain RF
6,43,72,rf_var,Plain RF
6,44,13,rf_var,Plain RF
6,45,9,rf_var,Plain RF
6,46,11,rf_var,Plain RF
6,47,248,rf_var,Plain RF
6,48,28,rf_var,Plain RF
6,49,149,rf_var,Plain RF
6,50,18,rf_var,Plain RF
6,52,10,rf_var,Plain RF
6,53,12,rf_var,Plain RF
6,54,5,rf_var,Plain RF
6,55,12,rf_var,Plain RF
7,1,1008,rf_var,Plain RF
7,2,3328,rf_var,Plain RF
7,3,21428,rf_var,Plain RF
7,4,2094,rf_var,Plain RF
7,5,2440,rf_var,Plain RF
7,6,1353,rf_var,Plain RF
7,7,91947,rf_var,Plain RF
7,9,2617,rf_var,Plain RF
7,10,992,rf_var,Plain RF
7,11,4353,rf_var,Plain RF
7,12,6523,rf_var,Plain RF
7,13,7936,rf_var,Plain RF
7,14,4512,rf_var,Plain RF
7,15,3434,rf_var,Plain RF
7,16,233,rf_var,Plain RF
7,17,1,rf_var,Plain RF
7,18,1051,rf_var,Plain RF
7,19,433,rf_var,Plain RF
7,20,219,rf_var,Plain RF
7,21,742,rf_var,Plain RF
7,22,20,rf_var,Plain RF
7,23,1977,rf_var,Plain RF
7,24,2728,rf_var,Plain RF
7,25,3617,rf_var,Plain RF
7,26,731,rf_var,Plain RF
7,27,5630,rf_var,Plain RF
7,28,2091,rf_var,Plain RF
7,29,143,rf_var,Plain RF
7,30,153,rf_var,Plain RF
7,31,533,rf_var,Plain RF
7,32,1051,rf_var,Plain RF
7,33,15244,rf_var,Plain RF
7,34,532,rf_var,Plain RF
7,35,368,rf_var,Plain RF
7,36,2892,rf_var,Plain RF
7,37,2214,rf_var,Plain RF
7,38,10,rf_var,Plain RF
7,39,1129,rf_var,Plain RF
7,40,994,rf_var,Plain RF
7,41,18470,rf_var,Plain RF
7,42,166,rf_var,Plain RF
7,43,4,rf_var,Plain RF
7,44,1039,rf_var,Plain RF
7,45,113,rf_var,Plain RF
7,46,437,rf_var,Plain RF
7,47,648,rf_var,Plain RF
7,48,1,rf_var,Plain RF
7,49,1267,rf_var,Plain RF
7,50,104,rf_var,Plain RF
7,52,2,rf_var,Plain RF
7,53,2,rf_var,Plain RF
7,54,4,rf_var,Plain RF
7,55,8,rf_var,Plain RF
9,1,1,rf_var,Plain RF
9,2,657,rf_var,Plain RF
9,3,3768,rf_var,Plain RF
9,4,7,rf_var,Plain RF
9,5,20,rf_var,Plain RF
9,6,13,rf_var,Plain RF
9,7,176,rf_var,Plain RF
9,9,25186,rf_var,Plain RF
9,10,9,rf_var,Plain RF
9,11,229,rf_var,Plain RF
9,12,264,rf_var,Plain RF
9,13,39,rf_var,Plain RF
9,14,48,rf_var,Plain RF
9,15,4,rf_var,Plain RF
9,16,3,rf_var,Plain RF
9,17,1,rf_var,Plain RF
9,18,2,rf_var,Plain RF
9,19,1,rf_var,Plain RF
9,20,1,rf_var,Plain RF
9,23,2,rf_var,Plain RF
9,25,1,rf_var,Plain RF
9,26,3,rf_var,Plain RF
9,27,26,rf_var,Plain RF
9,28,2,rf_var,Plain RF
9,29,3,rf_var,Plain RF
9,31,1,rf_var,Plain RF
9,32,3,rf_var,Plain RF
9,34,1,rf_var,Plain RF
9,35,2,rf_var,Plain RF
9,36,4,rf_var,Plain RF
9,38,1,rf_var,Plain RF
9,40,1,rf_var,Plain RF
9,42,2,rf_var,Plain RF
9,43,5,rf_var,Plain RF
9,46,2,rf_var,Plain RF
9,47,1,rf_var,Plain RF
9,48,4,rf_var,Plain RF
9,50,2,rf_var,Plain RF
9,52,1,rf_var,Plain RF
9,53,2,rf_var,Plain RF
9,54,1,rf_var,Plain RF
9,55,1,rf_var,Plain RF
10,1,1571,rf_var,Plain RF
10,2,5,rf_var,Plain RF
10,3,767,rf_var,Plain RF
10,4,8,rf_var,Plain RF
10,5,443,rf_var,Plain RF
10,6,11,rf_var,Plain RF
10,7,118,rf_var,Plain RF
10,9,226,rf_var,Plain RF
10,10,77104,rf_var,Plain RF
10,11,19,rf_var,Plain RF
10,12,32,rf_var,Plain RF
10,13,72,rf_var,Plain RF
10,14,21,rf_var,Plain RF
10,15,36,rf_var,Plain RF
10,16,2372,rf_var,Plain RF
10,17,7,rf_var,Plain RF
10,18,6119,rf_var,Plain RF
10,19,14,rf_var,Plain RF
10,20,1824,rf_var,Plain RF
10,21,28,rf_var,Plain RF
10,22,8,rf_var,Plain RF
10,23,15,rf_var,Plain RF
10,24,19,rf_var,Plain RF
10,25,6,rf_var,Plain RF
10,26,209,rf_var,Plain RF
10,27,13,rf_var,Plain RF
10,28,872,rf_var,Plain RF
10,29,17,rf_var,Plain RF
10,30,622,rf_var,Plain RF
10,31,44,rf_var,Plain RF
10,32,7,rf_var,Plain RF
10,33,199,rf_var,Plain RF
10,34,4670,rf_var,Plain RF
10,35,14,rf_var,Plain RF
10,36,1642,rf_var,Plain RF
10,37,30,rf_var,Plain RF
10,38,10,rf_var,Plain RF
10,39,12542,rf_var,Plain RF
10,40,766,rf_var,Plain RF
10,41,9,rf_var,Plain RF
10,42,17,rf_var,Plain RF
10,43,204,rf_var,Plain RF
10,44,191,rf_var,Plain RF
10,45,783,rf_var,Plain RF
10,46,25128,rf_var,Plain RF
10,47,753,rf_var,Plain RF
10,48,11,rf_var,Plain RF
10,49,6284,rf_var,Plain RF
10,50,304,rf_var,Plain RF
10,52,27,rf_var,Plain RF
10,53,23,rf_var,Plain RF
10,54,19,rf_var,Plain RF
10,55,9,rf_var,Plain RF
11,1,8,rf_var,Plain RF
11,2,1625,rf_var,Plain RF
11,3,1832,rf_var,Plain RF
11,4,5212,rf_var,Plain RF
11,5,7255,rf_var,Plain RF
11,6,2567,rf_var,Plain RF
11,7,4665,rf_var,Plain RF
11,9,27,rf_var,Plain RF
11,10,35,rf_var,Plain RF
11,11,88729,rf_var,Plain RF
11,12,6396,rf_var,Plain RF
11,13,12161,rf_var,Plain RF
11,14,3395,rf_var,Plain RF
11,15,1423,rf_var,Plain RF
11,16,528,rf_var,Plain RF
11,17,25,rf_var,Plain RF
11,18,155,rf_var,Plain RF
11,19,4,rf_var,Plain RF
11,20,348,rf_var,Plain RF
11,21,3,rf_var,Plain RF
11,22,101,rf_var,Plain RF
11,23,28,rf_var,Plain RF
11,24,408,rf_var,Plain RF
11,25,1553,rf_var,Plain RF
11,26,3,rf_var,Plain RF
11,27,4785,rf_var,Plain RF
11,28,22,rf_var,Plain RF
11,29,2,rf_var,Plain RF
11,30,5,rf_var,Plain RF
11,31,110,rf_var,Plain RF
11,32,39,rf_var,Plain RF
11,33,2712,rf_var,Plain RF
11,34,26,rf_var,Plain RF
11,35,4,rf_var,Plain RF
11,36,2,rf_var,Plain RF
11,37,78,rf_var,Plain RF
11,38,2,rf_var,Plain RF
11,39,34,rf_var,Plain RF
11,40,5,rf_var,Plain RF
11,41,579,rf_var,Plain RF
11,42,21,rf_var,Plain RF
11,43,7,rf_var,Plain RF
11,44,9,rf_var,Plain RF
11,45,23,rf_var,Plain RF
11,46,57,rf_var,Plain RF
11,47,7,rf_var,Plain RF
11,48,4,rf_var,Plain RF
11,49,2,rf_var,Plain RF
11,50,12,rf_var,Plain RF
11,52,5,rf_var,Plain RF
11,53,5,rf_var,Plain RF
11,54,4,rf_var,Plain RF
11,55,10,rf_var,Plain RF
12,1,386,rf_var,Plain RF
12,2,1718,rf_var,Plain RF
12,3,22705,rf_var,Plain RF
12,4,7654,rf_var,Plain RF
12,5,9544,rf_var,Plain RF
12,6,7523,rf_var,Plain RF
12,7,12532,rf_var,Plain RF
12,9,5663,rf_var,Plain RF
12,10,9,rf_var,Plain RF
12,11,10734,rf_var,Plain RF
12,12,235073,rf_var,Plain RF
12,13,20475,rf_var,Plain RF
12,14,6265,rf_var,Plain RF
12,15,7168,rf_var,Plain RF
12,16,7,rf_var,Plain RF
12,17,11,rf_var,Plain RF
12,18,22,rf_var,Plain RF
12,19,148,rf_var,Plain RF
12,20,5,rf_var,Plain RF
12,21,9,rf_var,Plain RF
12,22,1351,rf_var,Plain RF
12,23,819,rf_var,Plain RF
12,24,3049,rf_var,Plain RF
12,25,2577,rf_var,Plain RF
12,26,296,rf_var,Plain RF
12,27,10712,rf_var,Plain RF
12,28,15,rf_var,Plain RF
12,29,88,rf_var,Plain RF
12,30,2,rf_var,Plain RF
12,31,8,rf_var,Plain RF
12,32,38,rf_var,Plain RF
12,33,4875,rf_var,Plain RF
12,34,30,rf_var,Plain RF
12,35,13,rf_var,Plain RF
12,36,4,rf_var,Plain RF
12,37,30,rf_var,Plain RF
12,38,25,rf_var,Plain RF
12,39,11,rf_var,Plain RF
12,40,3,rf_var,Plain RF
12,41,2486,rf_var,Plain RF
12,42,7,rf_var,Plain RF
12,43,6,rf_var,Plain RF
12,44,7,rf_var,Plain RF
12,45,35,rf_var,Plain RF
12,46,16,rf_var,Plain RF
12,47,2,rf_var,Plain RF
12,48,6,rf_var,Plain RF
12,49,7,rf_var,Plain RF
12,50,10,rf_var,Plain RF
12,52,6,rf_var,Plain RF
12,53,12,rf_var,Plain RF
12,54,9,rf_var,Plain RF
12,55,7,rf_var,Plain RF
13,1,2648,rf_var,Plain RF
13,2,2036,rf_var,Plain RF
13,3,1775,rf_var,Plain RF
13,4,10855,rf_var,Plain RF
13,5,9436,rf_var,Plain RF
13,6,695,rf_var,Plain RF
13,7,13234,rf_var,Plain RF
13,9,61,rf_var,Plain RF
13,10,26,rf_var,Plain RF
13,11,26794,rf_var,Plain RF
13,12,32909,rf_var,Plain RF
13,13,375609,rf_var,Plain RF
13,14,16796,rf_var,Plain RF
13,15,19017,rf_var,Plain RF
13,16,7330,rf_var,Plain RF
13,17,58,rf_var,Plain RF
13,18,6401,rf_var,Plain RF
13,19,223,rf_var,Plain RF
13,20,2080,rf_var,Plain RF
13,21,11,rf_var,Plain RF
13,22,2085,rf_var,Plain RF
13,23,185,rf_var,Plain RF
13,24,8347,rf_var,Plain RF
13,25,34735,rf_var,Plain RF
13,26,15,rf_var,Plain RF
13,27,2631,rf_var,Plain RF
13,28,98,rf_var,Plain RF
13,29,92,rf_var,Plain RF
13,30,44,rf_var,Plain RF
13,31,3869,rf_var,Plain RF
13,32,4303,rf_var,Plain RF
13,33,31061,rf_var,Plain RF
13,34,6,rf_var,Plain RF
13,35,1167,rf_var,Plain RF
13,36,15,rf_var,Plain RF
13,37,241,rf_var,Plain RF
13,38,12,rf_var,Plain RF
13,39,12,rf_var,Plain RF
13,40,10,rf_var,Plain RF
13,41,1068,rf_var,Plain RF
13,42,831,rf_var,Plain RF
13,43,8,rf_var,Plain RF
13,44,6,rf_var,Plain RF
13,45,5,rf_var,Plain RF
13,46,43,rf_var,Plain RF
13,47,6,rf_var,Plain RF
13,48,12,rf_var,Plain RF
13,49,12,rf_var,Plain RF
13,50,15,rf_var,Plain RF
13,52,8,rf_var,Plain RF
13,53,13,rf_var,Plain RF
13,54,10,rf_var,Plain RF
13,55,12,rf_var,Plain RF
14,2,41,rf_var,Plain RF
14,3,37,rf_var,Plain RF
14,4,327,rf_var,Plain RF
14,5,139,rf_var,Plain RF
14,7,456,rf_var,Plain RF
14,11,774,rf_var,Plain RF
14,12,437,rf_var,Plain RF
14,13,792,rf_var,Plain RF
14,14,26336,rf_var,Plain RF
14,15,584,rf_var,Plain RF
14,19,474,rf_var,Plain RF
14,23,842,rf_var,Plain RF
14,24,487,rf_var,Plain RF
14,25,26,rf_var,Plain RF
14,27,700,rf_var,Plain RF
14,29,4,rf_var,Plain RF
14,32,11,rf_var,Plain RF
14,33,194,rf_var,Plain RF
14,37,3,rf_var,Plain RF
14,38,1,rf_var,Plain RF
15,1,62,rf_var,Plain RF
15,2,109,rf_var,Plain RF
15,3,514,rf_var,Plain RF
15,4,2497,rf_var,Plain RF
15,5,1688,rf_var,Plain RF
15,6,2001,rf_var,Plain RF
15,7,1159,rf_var,Plain RF
15,9,204,rf_var,Plain RF
15,10,136,rf_var,Plain RF
15,11,5010,rf_var,Plain RF
15,12,6930,rf_var,Plain RF
15,13,16619,rf_var,Plain RF
15,14,6720,rf_var,Plain RF
15,15,134349,rf_var,Plain RF
15,16,153,rf_var,Plain RF
15,17,101,rf_var,Plain RF
15,18,112,rf_var,Plain RF
15,19,6697,rf_var,Plain RF
15,20,175,rf_var,Plain RF
15,21,97,rf_var,Plain RF
15,22,80,rf_var,Plain RF
15,23,13105,rf_var,Plain RF
15,24,5536,rf_var,Plain RF
15,25,4698,rf_var,Plain RF
15,26,94,rf_var,Plain RF
15,27,10704,rf_var,Plain RF
15,28,136,rf_var,Plain RF
15,29,3148,rf_var,Plain RF
15,30,120,rf_var,Plain RF
15,31,236,rf_var,Plain RF
15,32,4349,rf_var,Plain RF
15,33,3983,rf_var,Plain RF
15,34,97,rf_var,Plain RF
15,35,257,rf_var,Plain RF
15,36,102,rf_var,Plain RF
15,37,261,rf_var,Plain RF
15,38,1355,rf_var,Plain RF
15,39,91,rf_var,Plain RF
15,40,97,rf_var,Plain RF
15,41,164,rf_var,Plain RF
15,42,513,rf_var,Plain RF
15,43,140,rf_var,Plain RF
15,44,99,rf_var,Plain RF
15,45,95,rf_var,Plain RF
15,46,124,rf_var,Plain RF
15,47,73,rf_var,Plain RF
15,48,73,rf_var,Plain RF
15,49,96,rf_var,Plain RF
15,50,79,rf_var,Plain RF
15,52,106,rf_var,Plain RF
15,53,86,rf_var,Plain RF
15,54,81,rf_var,Plain RF
15,55,80,rf_var,Plain RF
16,1,3735,rf_var,Plain RF
16,2,2600,rf_var,Plain RF
16,3,68,rf_var,Plain RF
16,4,1432,rf_var,Plain RF
16,5,5370,rf_var,Plain RF
16,6,141,rf_var,Plain RF
16,7,356,rf_var,Plain RF
16,9,2,rf_var,Plain RF
16,10,12214,rf_var,Plain RF
16,11,139,rf_var,Plain RF
16,12,13,rf_var,Plain RF
16,13,4801,rf_var,Plain RF
16,14,7,rf_var,Plain RF
16,15,682,rf_var,Plain RF
16,16,543084,rf_var,Plain RF
16,17,5474,rf_var,Plain RF
16,18,68118,rf_var,Plain RF
16,19,394,rf_var,Plain RF
16,20,79731,rf_var,Plain RF
16,21,7,rf_var,Plain RF
16,22,22311,rf_var,Plain RF
16,23,203,rf_var,Plain RF
16,24,460,rf_var,Plain RF
16,25,3136,rf_var,Plain RF
16,26,39,rf_var,Plain RF
16,27,6,rf_var,Plain RF
16,28,443,rf_var,Plain RF
16,29,44,rf_var,Plain RF
16,30,55,rf_var,Plain RF
16,31,62752,rf_var,Plain RF
16,32,542,rf_var,Plain RF
16,33,318,rf_var,Plain RF
16,34,484,rf_var,Plain RF
16,35,9,rf_var,Plain RF
16,36,379,rf_var,Plain RF
16,37,11,rf_var,Plain RF
16,38,9,rf_var,Plain RF
16,39,2973,rf_var,Plain RF
16,40,73,rf_var,Plain RF
16,41,11,rf_var,Plain RF
16,42,7287,rf_var,Plain RF
16,43,13015,rf_var,Plain RF
16,44,65,rf_var,Plain RF
16,45,23055,rf_var,Plain RF
16,46,44612,rf_var,Plain RF
16,47,44,rf_var,Plain RF
16,48,22,rf_var,Plain RF
16,49,260,rf_var,Plain RF
16,50,157,rf_var,Plain RF
16,52,10,rf_var,Plain RF
16,53,12,rf_var,Plain RF
16,54,10,rf_var,Plain RF
16,55,3,rf_var,Plain RF
17,2,53,rf_var,Plain RF
17,3,1,rf_var,Plain RF
17,4,9,rf_var,Plain RF
17,5,12,rf_var,Plain RF
17,6,2,rf_var,Plain RF
17,7,1,rf_var,Plain RF
17,9,1,rf_var,Plain RF
17,12,2,rf_var,Plain RF
17,14,2,rf_var,Plain RF
17,15,1,rf_var,Plain RF
17,16,2,rf_var,Plain RF
17,17,1510,rf_var,Plain RF
17,19,1,rf_var,Plain RF
17,20,1,rf_var,Plain RF
17,21,2,rf_var,Plain RF
17,23,3,rf_var,Plain RF
17,24,1,rf_var,Plain RF
17,25,1,rf_var,Plain RF
17,26,1,rf_var,Plain RF
17,28,1,rf_var,Plain RF
17,30,2,rf_var,Plain RF
17,31,1,rf_var,Plain RF
17,33,1,rf_var,Plain RF
17,34,2,rf_var,Plain RF
17,35,1,rf_var,Plain RF
17,37,1,rf_var,Plain RF
17,38,1,rf_var,Plain RF
17,39,1,rf_var,Plain RF
17,40,3,rf_var,Plain RF
17,41,2,rf_var,Plain RF
17,42,1,rf_var,Plain RF
17,44,1,rf_var,Plain RF
17,45,1,rf_var,Plain RF
17,46,3,rf_var,Plain RF
17,47,1,rf_var,Plain RF
17,48,1,rf_var,Plain RF
17,50,3,rf_var,Plain RF
17,52,3,rf_var,Plain RF
17,53,1,rf_var,Plain RF
17,54,2,rf_var,Plain RF
17,55,2,rf_var,Plain RF
18,1,2004,rf_var,Plain RF
18,2,723,rf_var,Plain RF
18,3,121,rf_var,Plain RF
18,4,139,rf_var,Plain RF
18,5,1064,rf_var,Plain RF
18,7,256,rf_var,Plain RF
18,10,6540,rf_var,Plain RF
18,11,203,rf_var,Plain RF
18,13,2735,rf_var,Plain RF
18,15,3,rf_var,Plain RF
18,16,23199,rf_var,Plain RF
18,17,117,rf_var,Plain RF
18,18,47734,rf_var,Plain RF
18,19,2,rf_var,Plain RF
18,20,1463,rf_var,Plain RF
18,21,5,rf_var,Plain RF
18,22,487,rf_var,Plain RF
18,23,14,rf_var,Plain RF
18,24,226,rf_var,Plain RF
18,25,1449,rf_var,Plain RF
18,26,44,rf_var,Plain RF
18,28,480,rf_var,Plain RF
18,30,12,rf_var,Plain RF
18,31,2988,rf_var,Plain RF
18,32,35,rf_var,Plain RF
18,33,246,rf_var,Plain RF
18,34,500,rf_var,Plain RF
18,36,521,rf_var,Plain RF
18,37,13,rf_var,Plain RF
18,39,5127,rf_var,Plain RF
18,41,4,rf_var,Plain RF
18,42,1281,rf_var,Plain RF
18,43,667,rf_var,Plain RF
18,44,272,rf_var,Plain RF
18,45,2190,rf_var,Plain RF
18,46,9824,rf_var,Plain RF
18,47,9,rf_var,Plain RF
18,49,52,rf_var,Plain RF
18,50,214,rf_var,Plain RF
18,55,1,rf_var,Plain RF
19,1,68,rf_var,Plain RF
19,2,24,rf_var,Plain RF
19,3,40,rf_var,Plain RF
19,4,48,rf_var,Plain RF
19,5,32,rf_var,Plain RF
19,6,29,rf_var,Plain RF
19,7,211,rf_var,Plain RF
19,9,11,rf_var,Plain RF
19,10,425,rf_var,Plain RF
19,11,24,rf_var,Plain RF
19,12,62,rf_var,Plain RF
19,13,284,rf_var,Plain RF
19,14,4168,rf_var,Plain RF
19,15,18683,rf_var,Plain RF
19,16,3870,rf_var,Plain RF
19,17,19,rf_var,Plain RF
19,18,460,rf_var,Plain RF
19,19,531966,rf_var,Plain RF
19,20,38550,rf_var,Plain RF
19,21,26,rf_var,Plain RF
19,22,4010,rf_var,Plain RF
19,23,35051,rf_var,Plain RF
19,24,19314,rf_var,Plain RF
19,25,920,rf_var,Plain RF
19,26,16,rf_var,Plain RF
19,27,807,rf_var,Plain RF
19,28,121,rf_var,Plain RF
19,29,3360,rf_var,Plain RF
19,30,10,rf_var,Plain RF
19,31,6940,rf_var,Plain RF
19,32,2795,rf_var,Plain RF
19,33,126,rf_var,Plain RF
19,34,25,rf_var,Plain RF
19,35,88,rf_var,Plain RF
19,36,25,rf_var,Plain RF
19,37,49,rf_var,Plain RF
19,38,13205,rf_var,Plain RF
19,39,15,rf_var,Plain RF
19,40,14,rf_var,Plain RF
19,41,25,rf_var,Plain RF
19,42,3024,rf_var,Plain RF
19,43,532,rf_var,Plain RF
19,44,13,rf_var,Plain RF
19,45,1074,rf_var,Plain RF
19,46,611,rf_var,Plain RF
19,47,14,rf_var,Plain RF
19,48,21,rf_var,Plain RF
19,49,15,rf_var,Plain RF
19,50,33,rf_var,Plain RF
19,52,32,rf_var,Plain RF
19,53,29,rf_var,Plain RF
19,54,29,rf_var,Plain RF
19,55,13,rf_var,Plain RF
20,1,294,rf_var,Plain RF
20,2,82,rf_var,Plain RF
20,3,18,rf_var,Plain RF
20,4,54,rf_var,Plain RF
20,5,221,rf_var,Plain RF
20,6,35,rf_var,Plain RF
20,7,35,rf_var,Plain RF
20,9,23,rf_var,Plain RF
20,10,2596,rf_var,Plain RF
20,11,35,rf_var,Plain RF
20,12,19,rf_var,Plain RF
20,13,499,rf_var,Plain RF
20,14,38,rf_var,Plain RF
20,15,58,rf_var,Plain RF
20,16,51083,rf_var,Plain RF
20,17,1183,rf_var,Plain RF
20,18,2428,rf_var,Plain RF
20,19,457,rf_var,Plain RF
20,20,225925,rf_var,Plain RF
20,21,35,rf_var,Plain RF
20,22,11326,rf_var,Plain RF
20,23,21,rf_var,Plain RF
20,24,619,rf_var,Plain RF
20,25,1238,rf_var,Plain RF
20,26,16,rf_var,Plain RF
20,27,40,rf_var,Plain RF
20,28,112,rf_var,Plain RF
20,29,35,rf_var,Plain RF
20,30,36,rf_var,Plain RF
20,31,29787,rf_var,Plain RF
20,32,65,rf_var,Plain RF
20,33,66,rf_var,Plain RF
20,34,106,rf_var,Plain RF
20,35,27,rf_var,Plain RF
20,36,34,rf_var,Plain RF
20,37,30,rf_var,Plain RF
20,38,31,rf_var,Plain RF
20,39,218,rf_var,Plain RF
20,40,61,rf_var,Plain RF
20,41,38,rf_var,Plain RF
20,42,35185,rf_var,Plain RF
20,43,211,rf_var,Plain RF
20,44,53,rf_var,Plain RF
20,45,5790,rf_var,Plain RF
20,46,9438,rf_var,Plain RF
20,47,18,rf_var,Plain RF
20,48,56,rf_var,Plain RF
20,49,18,rf_var,Plain RF
20,50,47,rf_var,Plain RF
20,52,43,rf_var,Plain RF
20,53,26,rf_var,Plain RF
20,54,32,rf_var,Plain RF
20,55,24,rf_var,Plain RF
21,1,188,rf_var,Plain RF
21,2,76,rf_var,Plain RF
21,3,318,rf_var,Plain RF
21,4,148,rf_var,Plain RF
21,5,668,rf_var,Plain RF
21,6,88,rf_var,Plain RF
21,7,272,rf_var,Plain RF
21,9,125,rf_var,Plain RF
21,10,203,rf_var,Plain RF
21,11,9,rf_var,Plain RF
21,12,25,rf_var,Plain RF
21,13,14,rf_var,Plain RF
21,14,20,rf_var,Plain RF
21,15,15,rf_var,Plain RF
21,16,35,rf_var,Plain RF
21,17,29,rf_var,Plain RF
21,18,21,rf_var,Plain RF
21,19,27,rf_var,Plain RF
21,20,34,rf_var,Plain RF
21,21,382320,rf_var,Plain RF
21,22,32,rf_var,Plain RF
21,23,27,rf_var,Plain RF
21,24,18,rf_var,Plain RF
21,25,23,rf_var,Plain RF
21,26,12479,rf_var,Plain RF
21,27,10,rf_var,Plain RF
21,28,2576,rf_var,Plain RF
21,29,20,rf_var,Plain RF
21,30,62467,rf_var,Plain RF
21,31,32,rf_var,Plain RF
21,32,19,rf_var,Plain RF
21,33,23,rf_var,Plain RF
21,34,588,rf_var,Plain RF
21,35,29,rf_var,Plain RF
21,36,13062,rf_var,Plain RF
21,37,463,rf_var,Plain RF
21,38,28,rf_var,Plain RF
21,39,481,rf_var,Plain RF
21,40,41170,rf_var,Plain RF
21,41,440,rf_var,Plain RF
21,42,34,rf_var,Plain RF
21,43,32,rf_var,Plain RF
21,44,33399,rf_var,Plain RF
21,45,43,rf_var,Plain RF
21,46,125,rf_var,Plain RF
21,47,9978,rf_var,Plain RF
21,48,6183,rf_var,Plain RF
21,49,14078,rf_var,Plain RF
21,50,1124,rf_var,Plain RF
21,52,2100,rf_var,Plain RF
21,53,11469,rf_var,Plain RF
21,54,578,rf_var,Plain RF
21,55,1445,rf_var,Plain RF
22,1,2,rf_var,Plain RF
22,2,29,rf_var,Plain RF
22,3,381,rf_var,Plain RF
22,4,22,rf_var,Plain RF
22,5,558,rf_var,Plain RF
22,6,11,rf_var,Plain RF
22,7,2,rf_var,Plain RF
22,10,2,rf_var,Plain RF
22,11,1,rf_var,Plain RF
22,12,480,rf_var,Plain RF
22,13,74,rf_var,Plain RF
22,16,3352,rf_var,Plain RF
22,17,43,rf_var,Plain RF
22,18,92,rf_var,Plain RF
22,19,450,rf_var,Plain RF
22,20,1732,rf_var,Plain RF
22,21,1,rf_var,Plain RF
22,22,30461,rf_var,Plain RF
22,23,72,rf_var,Plain RF
22,24,199,rf_var,Plain RF
22,25,315,rf_var,Plain RF
22,26,1,rf_var,Plain RF
22,27,243,rf_var,Plain RF
22,28,2,rf_var,Plain RF
22,31,1731,rf_var,Plain RF
22,32,50,rf_var,Plain RF
22,34,1,rf_var,Plain RF
22,35,1,rf_var,Plain RF
22,37,2,rf_var,Plain RF
22,38,1,rf_var,Plain RF
22,40,1,rf_var,Plain RF
22,41,1,rf_var,Plain RF
22,42,1597,rf_var,Plain RF
22,43,8,rf_var,Plain RF
22,44,5,rf_var,Plain RF
22,45,29,rf_var,Plain RF
22,48,1,rf_var,Plain RF
22,50,1,rf_var,Plain RF
22,53,2,rf_var,Plain RF
22,54,1,rf_var,Plain RF
22,55,23,rf_var,Plain RF
23,1,2,rf_var,Plain RF
23,2,4,rf_var,Plain RF
23,3,1,rf_var,Plain RF
23,4,136,rf_var,Plain RF
23,5,5,rf_var,Plain RF
23,6,55,rf_var,Plain RF
23,7,877,rf_var,Plain RF
23,9,1,rf_var,Plain RF
23,10,2,rf_var,Plain RF
23,12,91,rf_var,Plain RF
23,13,1181,rf_var,Plain RF
23,14,6817,rf_var,Plain RF
23,15,17453,rf_var,Plain RF
23,16,80,rf_var,Plain RF
23,17,8,rf_var,Plain RF
23,18,1274,rf_var,Plain RF
23,19,20718,rf_var,Plain RF
23,20,383,rf_var,Plain RF
23,21,2,rf_var,Plain RF
23,22,93,rf_var,Plain RF
23,23,187728,rf_var,Plain RF
23,24,49216,rf_var,Plain RF
23,25,1734,rf_var,Plain RF
23,26,1,rf_var,Plain RF
23,27,547,rf_var,Plain RF
23,28,223,rf_var,Plain RF
23,29,13010,rf_var,Plain RF
23,30,1,rf_var,Plain RF
23,31,1437,rf_var,Plain RF
23,32,7396,rf_var,Plain RF
23,33,1871,rf_var,Plain RF
23,34,2,rf_var,Plain RF
23,35,9903,rf_var,Plain RF
23,36,3,rf_var,Plain RF
23,37,2,rf_var,Plain RF
23,38,3809,rf_var,Plain RF
23,39,1,rf_var,Plain RF
23,40,54,rf_var,Plain RF
23,41,7,rf_var,Plain RF
23,42,576,rf_var,Plain RF
23,43,46,rf_var,Plain RF
23,44,4,rf_var,Plain RF
23,45,10,rf_var,Plain RF
23,46,2,rf_var,Plain RF
23,47,2,rf_var,Plain RF
23,48,2,rf_var,Plain RF
23,49,14,rf_var,Plain RF
23,50,3,rf_var,Plain RF
23,52,15,rf_var,Plain RF
23,54,1,rf_var,Plain RF
23,55,3,rf_var,Plain RF
24,1,64,rf_var,Plain RF
24,2,49,rf_var,Plain RF
24,3,126,rf_var,Plain RF
24,4,107,rf_var,Plain RF
24,5,584,rf_var,Plain RF
24,6,151,rf_var,Plain RF
24,7,988,rf_var,Plain RF
24,9,7,rf_var,Plain RF
24,10,8,rf_var,Plain RF
24,11,293,rf_var,Plain RF
24,12,2007,rf_var,Plain RF
24,13,11352,rf_var,Plain RF
24,14,1222,rf_var,Plain RF
24,15,11094,rf_var,Plain RF
24,16,747,rf_var,Plain RF
24,17,4,rf_var,Plain RF
24,18,1426,rf_var,Plain RF
24,19,13102,rf_var,Plain RF
24,20,1800,rf_var,Plain RF
24,21,7,rf_var,Plain RF
24,22,703,rf_var,Plain RF
24,23,63855,rf_var,Plain RF
24,24,540391,rf_var,Plain RF
24,25,51551,rf_var,Plain RF
24,26,4,rf_var,Plain RF
24,27,2493,rf_var,Plain RF
24,28,11,rf_var,Plain RF
24,29,45922,rf_var,Plain RF
24,30,4,rf_var,Plain RF
24,31,5114,rf_var,Plain RF
24,32,33392,rf_var,Plain RF
24,33,12519,rf_var,Plain RF
24,34,3,rf_var,Plain RF
24,35,26729,rf_var,Plain RF
24,36,1,rf_var,Plain RF
24,37,2,rf_var,Plain RF
24,38,5102,rf_var,Plain RF
24,39,6,rf_var,Plain RF
24,40,4,rf_var,Plain RF
24,41,9,rf_var,Plain RF
24,42,11290,rf_var,Plain RF
24,43,955,rf_var,Plain RF
24,44,12,rf_var,Plain RF
24,45,120,rf_var,Plain RF
24,46,11,rf_var,Plain RF
24,47,8,rf_var,Plain RF
24,48,4,rf_var,Plain RF
24,49,7,rf_var,Plain RF
24,50,4,rf_var,Plain RF
24,52,6,rf_var,Plain RF
24,53,14,rf_var,Plain RF
24,54,4,rf_var,Plain RF
24,55,9,rf_var,Plain RF
25,1,659,rf_var,Plain RF
25,2,110,rf_var,Plain RF
25,3,1,rf_var,Plain RF
25,4,248,rf_var,Plain RF
25,5,931,rf_var,Plain RF
25,6,2,rf_var,Plain RF
25,7,872,rf_var,Plain RF
25,9,4,rf_var,Plain RF
25,10,9,rf_var,Plain RF
25,11,1227,rf_var,Plain RF
25,12,1249,rf_var,Plain RF
25,13,18824,rf_var,Plain RF
25,14,85,rf_var,Plain RF
25,15,3310,rf_var,Plain RF
25,16,2821,rf_var,Plain RF
25,17,2,rf_var,Plain RF
25,18,1059,rf_var,Plain RF
25,19,68,rf_var,Plain RF
25,20,2470,rf_var,Plain RF
25,21,5,rf_var,Plain RF
25,22,373,rf_var,Plain RF
25,23,1492,rf_var,Plain RF
25,24,16563,rf_var,Plain RF
25,25,153611,rf_var,Plain RF
25,26,4,rf_var,Plain RF
25,27,385,rf_var,Plain RF
25,28,2,rf_var,Plain RF
25,29,1581,rf_var,Plain RF
25,30,1,rf_var,Plain RF
25,31,9471,rf_var,Plain RF
25,32,7033,rf_var,Plain RF
25,33,4335,rf_var,Plain RF
25,34,5,rf_var,Plain RF
25,35,2856,rf_var,Plain RF
25,36,4,rf_var,Plain RF
25,37,14,rf_var,Plain RF
25,38,6,rf_var,Plain RF
25,39,14,rf_var,Plain RF
25,40,2,rf_var,Plain RF
25,41,1,rf_var,Plain RF
25,42,5159,rf_var,Plain RF
25,43,316,rf_var,Plain RF
25,44,3,rf_var,Plain RF
25,45,140,rf_var,Plain RF
25,46,9,rf_var,Plain RF
25,47,1,rf_var,Plain RF
25,48,5,rf_var,Plain RF
25,49,1,rf_var,Plain RF
25,50,3,rf_var,Plain RF
25,52,3,rf_var,Plain RF
25,53,3,rf_var,Plain RF
25,54,2,rf_var,Plain RF
25,55,3,rf_var,Plain RF
26,1,16,rf_var,Plain RF
26,3,81,rf_var,Plain RF
26,4,2,rf_var,Plain RF
26,5,283,rf_var,Plain RF
26,6,1,rf_var,Plain RF
26,7,148,rf_var,Plain RF
26,10,647,rf_var,Plain RF
26,11,1,rf_var,Plain RF
26,12,12,rf_var,Plain RF
26,14,1,rf_var,Plain RF
26,15,5,rf_var,Plain RF
26,17,1,rf_var,Plain RF
26,21,1594,rf_var,Plain RF
26,22,1,rf_var,Plain RF
26,23,84,rf_var,Plain RF
26,24,2,rf_var,Plain RF
26,25,1,rf_var,Plain RF
26,26,24271,rf_var,Plain RF
26,27,9,rf_var,Plain RF
26,28,281,rf_var,Plain RF
26,30,5132,rf_var,Plain RF
26,33,10,rf_var,Plain RF
26,34,1184,rf_var,Plain RF
26,35,1,rf_var,Plain RF
26,36,2151,rf_var,Plain RF
26,38,2,rf_var,Plain RF
26,39,341,rf_var,Plain RF
26,40,821,rf_var,Plain RF
26,41,41,rf_var,Plain RF
26,44,445,rf_var,Plain RF
26,45,1,rf_var,Plain RF
26,46,116,rf_var,Plain RF
26,47,342,rf_var,Plain RF
26,48,7,rf_var,Plain RF
26,49,2185,rf_var,Plain RF
26,50,17,rf_var,Plain RF
26,52,317,rf_var,Plain RF
26,53,342,rf_var,Plain RF
27,1,21,rf_var,Plain RF
27,2,1514,rf_var,Plain RF
27,3,35834,rf_var,Plain RF
27,4,3610,rf_var,Plain RF
27,5,3873,rf_var,Plain RF
27,6,3694,rf_var,Plain RF
27,7,26375,rf_var,Plain RF
27,9,678,rf_var,Plain RF
27,10,91,rf_var,Plain RF
27,11,12689,rf_var,Plain RF
27,12,5584,rf_var,Plain RF
27,13,3625,rf_var,Plain RF
27,14,6762,rf_var,Plain RF
27,15,21584,rf_var,Plain RF
27,16,30,rf_var,Plain RF
27,17,35,rf_var,Plain RF
27,18,47,rf_var,Plain RF
27,19,1708,rf_var,Plain RF
27,20,69,rf_var,Plain RF
27,21,93,rf_var,Plain RF
27,22,21,rf_var,Plain RF
27,23,4520,rf_var,Plain RF
27,24,4720,rf_var,Plain RF
27,25,403,rf_var,Plain RF
27,26,385,rf_var,Plain RF
27,27,634822,rf_var,Plain RF
27,28,5167,rf_var,Plain RF
27,29,35,rf_var,Plain RF
27,30,157,rf_var,Plain RF
27,31,26,rf_var,Plain RF
27,32,2143,rf_var,Plain RF
27,33,16303,rf_var,Plain RF
27,34,54,rf_var,Plain RF
27,35,32,rf_var,Plain RF
27,36,1722,rf_var,Plain RF
27,37,30522,rf_var,Plain RF
27,38,1739,rf_var,Plain RF
27,39,176,rf_var,Plain RF
27,40,264,rf_var,Plain RF
27,41,17690,rf_var,Plain RF
27,42,27,rf_var,Plain RF
27,43,27,rf_var,Plain RF
27,44,531,rf_var,Plain RF
27,45,85,rf_var,Plain RF
27,46,169,rf_var,Plain RF
27,47,9206,rf_var,Plain RF
27,48,87,rf_var,Plain RF
27,49,61,rf_var,Plain RF
27,50,16,rf_var,Plain RF
27,52,22,rf_var,Plain RF
27,53,13,rf_var,Plain RF
27,54,22,rf_var,Plain RF
27,55,32,rf_var,Plain RF
28,1,625,rf_var,Plain RF
28,2,52,rf_var,Plain RF
28,3,1152,rf_var,Plain RF
28,5,224,rf_var,Plain RF
28,7,479,rf_var,Plain RF
28,10,1198,rf_var,Plain RF
28,13,25,rf_var,Plain RF
28,15,50,rf_var,Plain RF
28,16,49,rf_var,Plain RF
28,18,746,rf_var,Plain RF
28,19,8,rf_var,Plain RF
28,20,32,rf_var,Plain RF
28,21,640,rf_var,Plain RF
28,23,121,rf_var,Plain RF
28,24,29,rf_var,Plain RF
28,25,29,rf_var,Plain RF
28,26,797,rf_var,Plain RF
28,27,1339,rf_var,Plain RF
28,28,22579,rf_var,Plain RF
28,30,1769,rf_var,Plain RF
28,31,8,rf_var,Plain RF
28,33,372,rf_var,Plain RF
28,34,275,rf_var,Plain RF
28,36,2789,rf_var,Plain RF
28,37,3,rf_var,Plain RF
28,39,1156,rf_var,Plain RF
28,40,934,rf_var,Plain RF
28,41,251,rf_var,Plain RF
28,44,3319,rf_var,Plain RF
28,45,222,rf_var,Plain RF
28,46,733,rf_var,Plain RF
28,47,2858,rf_var,Plain RF
28,49,421,rf_var,Plain RF
28,50,417,rf_var,Plain RF
28,55,341,rf_var,Plain RF
29,2,7,rf_var,Plain RF
29,3,2,rf_var,Plain RF
29,4,5,rf_var,Plain RF
29,5,1,rf_var,Plain RF
29,7,627,rf_var,Plain RF
29,9,1,rf_var,Plain RF
29,10,4,rf_var,Plain RF
29,12,47,rf_var,Plain RF
29,13,58,rf_var,Plain RF
29,14,4,rf_var,Plain RF
29,15,3759,rf_var,Plain RF
29,16,5,rf_var,Plain RF
29,17,3,rf_var,Plain RF
29,18,2,rf_var,Plain RF
29,19,1845,rf_var,Plain RF
29,20,28,rf_var,Plain RF
29,21,4,rf_var,Plain RF
29,22,12,rf_var,Plain RF
29,23,6845,rf_var,Plain RF
29,24,14759,rf_var,Plain RF
29,25,742,rf_var,Plain RF
29,26,4,rf_var,Plain RF
29,27,25,rf_var,Plain RF
29,28,2,rf_var,Plain RF
29,29,130071,rf_var,Plain RF
29,30,5,rf_var,Plain RF
29,31,5,rf_var,Plain RF
29,32,1290,rf_var,Plain RF
29,33,1508,rf_var,Plain RF
29,34,5,rf_var,Plain RF
29,35,1525,rf_var,Plain RF
29,36,2,rf_var,Plain RF
29,38,1075,rf_var,Plain RF
29,39,3,rf_var,Plain RF
29,40,14,rf_var,Plain RF
29,42,1,rf_var,Plain RF
29,43,2,rf_var,Plain RF
29,44,1,rf_var,Plain RF
29,45,3,rf_var,Plain RF
29,46,7,rf_var,Plain RF
29,47,4,rf_var,Plain RF
29,48,2,rf_var,Plain RF
29,49,7,rf_var,Plain RF
29,50,5,rf_var,Plain RF
29,52,4,rf_var,Plain RF
29,53,2,rf_var,Plain RF
29,54,2,rf_var,Plain RF
29,55,4,rf_var,Plain RF
30,1,234,rf_var,Plain RF
30,2,5,rf_var,Plain RF
30,3,5848,rf_var,Plain RF
30,4,181,rf_var,Plain RF
30,5,3132,rf_var,Plain RF
30,6,4,rf_var,Plain RF
30,7,2204,rf_var,Plain RF
30,9,11,rf_var,Plain RF
30,10,3882,rf_var,Plain RF
30,11,64,rf_var,Plain RF
30,12,10,rf_var,Plain RF
30,13,7,rf_var,Plain RF
30,14,8,rf_var,Plain RF
30,15,7,rf_var,Plain RF
30,16,6,rf_var,Plain RF
30,17,10,rf_var,Plain RF
30,18,20,rf_var,Plain RF
30,19,7,rf_var,Plain RF
30,20,9,rf_var,Plain RF
30,21,54423,rf_var,Plain RF
30,22,5,rf_var,Plain RF
30,23,10,rf_var,Plain RF
30,24,2,rf_var,Plain RF
30,25,9,rf_var,Plain RF
30,26,34078,rf_var,Plain RF
30,27,677,rf_var,Plain RF
30,28,10353,rf_var,Plain RF
30,29,6,rf_var,Plain RF
30,30,248563,rf_var,Plain RF
30,31,8,rf_var,Plain RF
30,32,8,rf_var,Plain RF
30,33,480,rf_var,Plain RF
30,34,1390,rf_var,Plain RF
30,35,8,rf_var,Plain RF
30,36,20250,rf_var,Plain RF
30,37,357,rf_var,Plain RF
30,38,1,rf_var,Plain RF
30,39,7673,rf_var,Plain RF
30,40,49411,rf_var,Plain RF
30,41,2013,rf_var,Plain RF
30,42,10,rf_var,Plain RF
30,43,7,rf_var,Plain RF
30,44,47851,rf_var,Plain RF
30,45,371,rf_var,Plain RF
30,46,2394,rf_var,Plain RF
30,47,44390,rf_var,Plain RF
30,48,874,rf_var,Plain RF
30,49,28970,rf_var,Plain RF
30,50,1799,rf_var,Plain RF
30,52,223,rf_var,Plain RF
30,53,2691,rf_var,Plain RF
30,54,1012,rf_var,Plain RF
30,55,591,rf_var,Plain RF
31,1,4557,rf_var,Plain RF
31,2,190,rf_var,Plain RF
31,3,5,rf_var,Plain RF
31,4,8,rf_var,Plain RF
31,5,56,rf_var,Plain RF
31,6,268,rf_var,Plain RF
31,7,1327,rf_var,Plain RF
31,9,1,rf_var,Plain RF
31,10,49,rf_var,Plain RF
31,11,27,rf_var,Plain RF
31,12,1,rf_var,Plain RF
31,13,8717,rf_var,Plain RF
31,14,60,rf_var,Plain RF
31,15,367,rf_var,Plain RF
31,16,48586,rf_var,Plain RF
31,17,19,rf_var,Plain RF
31,18,10197,rf_var,Plain RF
31,19,1779,rf_var,Plain RF
31,20,43131,rf_var,Plain RF
31,21,4,rf_var,Plain RF
31,22,22215,rf_var,Plain RF
31,23,720,rf_var,Plain RF
31,24,4128,rf_var,Plain RF
31,25,24811,rf_var,Plain RF
31,27,17,rf_var,Plain RF
31,28,2,rf_var,Plain RF
31,29,47,rf_var,Plain RF
31,30,11,rf_var,Plain RF
31,31,593488,rf_var,Plain RF
31,32,1441,rf_var,Plain RF
31,33,1851,rf_var,Plain RF
31,35,165,rf_var,Plain RF
31,36,50,rf_var,Plain RF
31,37,11,rf_var,Plain RF
31,39,150,rf_var,Plain RF
31,40,2,rf_var,Plain RF
31,41,4,rf_var,Plain RF
31,42,67454,rf_var,Plain RF
31,43,557,rf_var,Plain RF
31,44,3,rf_var,Plain RF
31,45,4213,rf_var,Plain RF
31,46,60,rf_var,Plain RF
31,47,2,rf_var,Plain RF
31,48,17,rf_var,Plain RF
31,49,1,rf_var,Plain RF
31,50,603,rf_var,Plain RF
31,52,2,rf_var,Plain RF
31,53,2,rf_var,Plain RF
31,55,2,rf_var,Plain RF
32,3,1,rf_var,Plain RF
32,6,1,rf_var,Plain RF
32,7,805,rf_var,Plain RF
32,12,6,rf_var,Plain RF
32,13,1587,rf_var,Plain RF
32,14,306,rf_var,Plain RF
32,15,1546,rf_var,Plain RF
32,16,19,rf_var,Plain RF
32,18,112,rf_var,Plain RF
32,19,526,rf_var,Plain RF
32,20,96,rf_var,Plain RF
32,23,2492,rf_var,Plain RF
32,24,5058,rf_var,Plain RF
32,25,2932,rf_var,Plain RF
32,27,146,rf_var,Plain RF
32,29,887,rf_var,Plain RF
32,31,299,rf_var,Plain RF
32,32,40497,rf_var,Plain RF
32,33,1976,rf_var,Plain RF
32,35,665,rf_var,Plain RF
32,38,210,rf_var,Plain RF
32,42,315,rf_var,Plain RF
32,43,1,rf_var,Plain RF
32,50,1,rf_var,Plain RF
33,1,1379,rf_var,Plain RF
33,2,202,rf_var,Plain RF
33,3,6049,rf_var,Plain RF
33,4,2,rf_var,Plain RF
33,5,2334,rf_var,Plain RF
33,6,10,rf_var,Plain RF
33,7,23120,rf_var,Plain RF
33,10,376,rf_var,Plain RF
33,11,3236,rf_var,Plain RF
33,12,2930,rf_var,Plain RF
33,13,22403,rf_var,Plain RF
33,14,607,rf_var,Plain RF
33,15,4404,rf_var,Plain RF
33,16,427,rf_var,Plain RF
33,18,508,rf_var,Plain RF
33,19,36,rf_var,Plain RF
33,20,365,rf_var,Plain RF
33,23,3304,rf_var,Plain RF
33,24,9885,rf_var,Plain RF
33,25,6084,rf_var,Plain RF
33,26,38,rf_var,Plain RF
33,27,3487,rf_var,Plain RF
33,28,474,rf_var,Plain RF
33,29,2951,rf_var,Plain RF
33,30,22,rf_var,Plain RF
33,31,76,rf_var,Plain RF
33,32,4626,rf_var,Plain RF
33,33,259060,rf_var,Plain RF
33,34,9,rf_var,Plain RF
33,35,894,rf_var,Plain RF
33,36,139,rf_var,Plain RF
33,37,3188,rf_var,Plain RF
33,39,41,rf_var,Plain RF
33,40,112,rf_var,Plain RF
33,41,24754,rf_var,Plain RF
33,42,1,rf_var,Plain RF
33,44,1250,rf_var,Plain RF
33,45,635,rf_var,Plain RF
33,46,29,rf_var,Plain RF
33,47,188,rf_var,Plain RF
33,49,72,rf_var,Plain RF
33,50,3,rf_var,Plain RF
33,52,41,rf_var,Plain RF
34,3,50,rf_var,Plain RF
34,7,8,rf_var,Plain RF
34,10,416,rf_var,Plain RF
34,11,2,rf_var,Plain RF
34,12,1,rf_var,Plain RF
34,14,3,rf_var,Plain RF
34,15,2,rf_var,Plain RF
34,16,2,rf_var,Plain RF
34,17,3,rf_var,Plain RF
34,18,5,rf_var,Plain RF
34,20,2,rf_var,Plain RF
34,22,3,rf_var,Plain RF
34,25,1,rf_var,Plain RF
34,26,23,rf_var,Plain RF
34,27,24,rf_var,Plain RF
34,28,6,rf_var,Plain RF
34,30,32,rf_var,Plain RF
34,32,1,rf_var,Plain RF
34,33,3,rf_var,Plain RF
34,34,3952,rf_var,Plain RF
34,35,2,rf_var,Plain RF
34,36,103,rf_var,Plain RF
34,37,1,rf_var,Plain RF
34,39,201,rf_var,Plain RF
34,40,18,rf_var,Plain RF
34,43,3,rf_var,Plain RF
34,44,7,rf_var,Plain RF
34,46,104,rf_var,Plain RF
34,47,1,rf_var,Plain RF
34,48,1,rf_var,Plain RF
34,49,167,rf_var,Plain RF
34,50,7,rf_var,Plain RF
34,52,2,rf_var,Plain RF
34,53,2,rf_var,Plain RF
34,55,1,rf_var,Plain RF
35,7,1,rf_var,Plain RF
35,13,120,rf_var,Plain RF
35,14,87,rf_var,Plain RF
35,15,45,rf_var,Plain RF
35,16,31,rf_var,Plain RF
35,18,6,rf_var,Plain RF
35,19,30,rf_var,Plain RF
35,23,587,rf_var,Plain RF
35,24,2082,rf_var,Plain RF
35,25,750,rf_var,Plain RF
35,29,533,rf_var,Plain RF
35,32,335,rf_var,Plain RF
35,33,270,rf_var,Plain RF
35,35,27983,rf_var,Plain RF
35,38,4,rf_var,Plain RF
36,1,7,rf_var,Plain RF
36,3,247,rf_var,Plain RF
36,5,9,rf_var,Plain RF
36,7,77,rf_var,Plain RF
36,9,23,rf_var,Plain RF
36,10,365,rf_var,Plain RF
36,12,37,rf_var,Plain RF
36,13,28,rf_var,Plain RF
36,16,4,rf_var,Plain RF
36,21,279,rf_var,Plain RF
36,26,537,rf_var,Plain RF
36,27,2,rf_var,Plain RF
36,28,991,rf_var,Plain RF
36,30,808,rf_var,Plain RF
36,33,32,rf_var,Plain RF
36,34,344,rf_var,Plain RF
36,36,16388,rf_var,Plain RF
36,39,141,rf_var,Plain RF
36,40,394,rf_var,Plain RF
36,41,152,rf_var,Plain RF
36,44,924,rf_var,Plain RF
36,45,4,rf_var,Plain RF
36,46,102,rf_var,Plain RF
36,47,319,rf_var,Plain RF
36,48,22,rf_var,Plain RF
36,49,239,rf_var,Plain RF
36,50,37,rf_var,Plain RF
36,53,38,rf_var,Plain RF
36,55,25,rf_var,Plain RF
37,1,287,rf_var,Plain RF
37,2,109,rf_var,Plain RF
37,3,11897,rf_var,Plain RF
37,4,12,rf_var,Plain RF
37,5,423,rf_var,Plain RF
37,6,170,rf_var,Plain RF
37,7,7241,rf_var,Plain RF
37,9,87,rf_var,Plain RF
37,10,832,rf_var,Plain RF
37,11,333,rf_var,Plain RF
37,12,428,rf_var,Plain RF
37,13,1384,rf_var,Plain RF
37,14,573,rf_var,Plain RF
37,15,33,rf_var,Plain RF
37,16,11,rf_var,Plain RF
37,17,4,rf_var,Plain RF
37,18,218,rf_var,Plain RF
37,19,15,rf_var,Plain RF
37,20,3,rf_var,Plain RF
37,21,857,rf_var,Plain RF
37,22,4,rf_var,Plain RF
37,23,4,rf_var,Plain RF
37,24,4,rf_var,Plain RF
37,25,552,rf_var,Plain RF
37,26,87,rf_var,Plain RF
37,27,11561,rf_var,Plain RF
37,28,255,rf_var,Plain RF
37,29,2,rf_var,Plain RF
37,30,572,rf_var,Plain RF
37,31,1,rf_var,Plain RF
37,32,9,rf_var,Plain RF
37,33,4988,rf_var,Plain RF
37,34,94,rf_var,Plain RF
37,35,3,rf_var,Plain RF
37,36,25,rf_var,Plain RF
37,37,140235,rf_var,Plain RF
37,38,3,rf_var,Plain RF
37,39,246,rf_var,Plain RF
37,40,34,rf_var,Plain RF
37,41,7490,rf_var,Plain RF
37,42,1,rf_var,Plain RF
37,43,3,rf_var,Plain RF
37,44,40,rf_var,Plain RF
37,45,8,rf_var,Plain RF
37,46,145,rf_var,Plain RF
37,47,590,rf_var,Plain RF
37,48,2,rf_var,Plain RF
37,49,13,rf_var,Plain RF
37,50,3,rf_var,Plain RF
37,52,3,rf_var,Plain RF
37,53,2,rf_var,Plain RF
37,54,4,rf_var,Plain RF
37,55,6,rf_var,Plain RF
38,13,35,rf_var,Plain RF
38,15,226,rf_var,Plain RF
38,17,1,rf_var,Plain RF
38,19,348,rf_var,Plain RF
38,23,664,rf_var,Plain RF
38,24,309,rf_var,Plain RF
38,25,44,rf_var,Plain RF
38,27,416,rf_var,Plain RF
38,29,88,rf_var,Plain RF
38,32,67,rf_var,Plain RF
38,38,27834,rf_var,Plain RF
39,1,31,rf_var,Plain RF
39,5,57,rf_var,Plain RF
39,7,21,rf_var,Plain RF
39,10,3737,rf_var,Plain RF
39,13,2,rf_var,Plain RF
39,16,109,rf_var,Plain RF
39,18,238,rf_var,Plain RF
39,20,18,rf_var,Plain RF
39,23,80,rf_var,Plain RF
39,24,2,rf_var,Plain RF
39,26,14,rf_var,Plain RF
39,28,19,rf_var,Plain RF
39,30,255,rf_var,Plain RF
39,34,651,rf_var,Plain RF
39,36,64,rf_var,Plain RF
39,39,13633,rf_var,Plain RF
39,40,63,rf_var,Plain RF
39,43,1,rf_var,Plain RF
39,44,73,rf_var,Plain RF
39,45,86,rf_var,Plain RF
39,46,2515,rf_var,Plain RF
39,47,67,rf_var,Plain RF
39,49,63,rf_var,Plain RF
39,50,144,rf_var,Plain RF
40,1,167,rf_var,Plain RF
40,2,9,rf_var,Plain RF
40,3,823,rf_var,Plain RF
40,4,19,rf_var,Plain RF
40,5,2185,rf_var,Plain RF
40,6,7,rf_var,Plain RF
40,7,1482,rf_var,Plain RF
40,9,4,rf_var,Plain RF
40,10,3490,rf_var,Plain RF
40,11,16,rf_var,Plain RF
40,12,7,rf_var,Plain RF
40,13,10,rf_var,Plain RF
40,14,5,rf_var,Plain RF
40,15,6,rf_var,Plain RF
40,16,9,rf_var,Plain RF
40,17,8,rf_var,Plain RF
40,18,8,rf_var,Plain RF
40,19,8,rf_var,Plain RF
40,20,38,rf_var,Plain RF
40,21,27201,rf_var,Plain RF
40,22,10,rf_var,Plain RF
40,23,11,rf_var,Plain RF
40,24,8,rf_var,Plain RF
40,25,30,rf_var,Plain RF
40,26,7092,rf_var,Plain RF
40,27,111,rf_var,Plain RF
40,28,6744,rf_var,Plain RF
40,29,13,rf_var,Plain RF
40,30,33081,rf_var,Plain RF
40,31,90,rf_var,Plain RF
40,32,7,rf_var,Plain RF
40,33,35,rf_var,Plain RF
40,34,712,rf_var,Plain RF
40,35,8,rf_var,Plain RF
40,36,14964,rf_var,Plain RF
40,37,17,rf_var,Plain RF
40,38,8,rf_var,Plain RF
40,39,2266,rf_var,Plain RF
40,40,131396,rf_var,Plain RF
40,41,995,rf_var,Plain RF
40,42,4,rf_var,Plain RF
40,43,8,rf_var,Plain RF
40,44,29351,rf_var,Plain RF
40,45,180,rf_var,Plain RF
40,46,2622,rf_var,Plain RF
40,47,30838,rf_var,Plain RF
40,48,488,rf_var,Plain RF
40,49,26431,rf_var,Plain RF
40,50,1445,rf_var,Plain RF
40,52,4103,rf_var,Plain RF
40,53,7246,rf_var,Plain RF
40,54,1228,rf_var,Plain RF
40,55,2617,rf_var,Plain RF
41,1,5,rf_var,Plain RF
41,2,25,rf_var,Plain RF
41,3,3753,rf_var,Plain RF
41,4,2,rf_var,Plain RF
41,5,163,rf_var,Plain RF
41,6,15,rf_var,Plain RF
41,7,8828,rf_var,Plain RF
41,10,114,rf_var,Plain RF
41,11,12,rf_var,Plain RF
41,12,320,rf_var,Plain RF
41,13,536,rf_var,Plain RF
41,14,2,rf_var,Plain RF
41,15,33,rf_var,Plain RF
41,16,1,rf_var,Plain RF
41,17,1,rf_var,Plain RF
41,18,6,rf_var,Plain RF
41,20,2,rf_var,Plain RF
41,21,400,rf_var,Plain RF
41,23,1,rf_var,Plain RF
41,25,3,rf_var,Plain RF
41,26,450,rf_var,Plain RF
41,27,3625,rf_var,Plain RF
41,28,1464,rf_var,Plain RF
41,30,1975,rf_var,Plain RF
41,32,9,rf_var,Plain RF
41,33,12000,rf_var,Plain RF
41,34,5,rf_var,Plain RF
41,36,2058,rf_var,Plain RF
41,37,5444,rf_var,Plain RF
41,38,1,rf_var,Plain RF
41,39,18,rf_var,Plain RF
41,40,223,rf_var,Plain RF
41,41,47693,rf_var,Plain RF
41,43,1,rf_var,Plain RF
41,44,282,rf_var,Plain RF
41,45,21,rf_var,Plain RF
41,46,7,rf_var,Plain RF
41,47,1663,rf_var,Plain RF
41,49,81,rf_var,Plain RF
41,55,1,rf_var,Plain RF
42,4,1,rf_var,Plain RF
42,5,1,rf_var,Plain RF
42,6,3,rf_var,Plain RF
42,7,200,rf_var,Plain RF
42,9,1,rf_var,Plain RF
42,10,2,rf_var,Plain RF
42,11,4,rf_var,Plain RF
42,12,1,rf_var,Plain RF
42,13,57,rf_var,Plain RF
42,14,3,rf_var,Plain RF
42,15,87,rf_var,Plain RF
42,16,400,rf_var,Plain RF
42,18,47,rf_var,Plain RF
42,19,634,rf_var,Plain RF
42,20,11240,rf_var,Plain RF
42,22,1355,rf_var,Plain RF
42,23,20,rf_var,Plain RF
42,24,1830,rf_var,Plain RF
42,25,2276,rf_var,Plain RF
42,26,1,rf_var,Plain RF
42,30,2,rf_var,Plain RF
42,31,15674,rf_var,Plain RF
42,32,205,rf_var,Plain RF
42,33,9,rf_var,Plain RF
42,35,2,rf_var,Plain RF
42,36,3,rf_var,Plain RF
42,37,2,rf_var,Plain RF
42,38,2,rf_var,Plain RF
42,40,1,rf_var,Plain RF
42,41,1,rf_var,Plain RF
42,42,119305,rf_var,Plain RF
42,43,1623,rf_var,Plain RF
42,44,2,rf_var,Plain RF
42,46,1,rf_var,Plain RF
42,47,8,rf_var,Plain RF
42,48,1,rf_var,Plain RF
42,49,4,rf_var,Plain RF
42,50,2,rf_var,Plain RF
42,52,1,rf_var,Plain RF
42,53,1,rf_var,Plain RF
42,54,2,rf_var,Plain RF
42,55,5,rf_var,Plain RF
43,10,6,rf_var,Plain RF
43,16,324,rf_var,Plain RF
43,18,35,rf_var,Plain RF
43,19,6,rf_var,Plain RF
43,20,36,rf_var,Plain RF
43,24,44,rf_var,Plain RF
43,25,71,rf_var,Plain RF
43,31,1,rf_var,Plain RF
43,39,2,rf_var,Plain RF
43,42,115,rf_var,Plain RF
43,43,4937,rf_var,Plain RF
43,46,115,rf_var,Plain RF
44,1,580,rf_var,Plain RF
44,2,25,rf_var,Plain RF
44,3,2404,rf_var,Plain RF
44,4,26,rf_var,Plain RF
44,5,2439,rf_var,Plain RF
44,6,17,rf_var,Plain RF
44,7,3008,rf_var,Plain RF
44,9,15,rf_var,Plain RF
44,10,2181,rf_var,Plain RF
44,11,16,rf_var,Plain RF
44,12,14,rf_var,Plain RF
44,13,614,rf_var,Plain RF
44,14,17,rf_var,Plain RF
44,15,19,rf_var,Plain RF
44,16,130,rf_var,Plain RF
44,17,12,rf_var,Plain RF
44,18,1020,rf_var,Plain RF
44,19,53,rf_var,Plain RF
44,20,59,rf_var,Plain RF
44,21,31489,rf_var,Plain RF
44,22,18,rf_var,Plain RF
44,23,16,rf_var,Plain RF
44,24,24,rf_var,Plain RF
44,25,16,rf_var,Plain RF
44,26,13641,rf_var,Plain RF
44,27,133,rf_var,Plain RF
44,28,23555,rf_var,Plain RF
44,29,20,rf_var,Plain RF
44,30,67443,rf_var,Plain RF
44,31,44,rf_var,Plain RF
44,32,19,rf_var,Plain RF
44,33,2132,rf_var,Plain RF
44,34,1018,rf_var,Plain RF
44,35,13,rf_var,Plain RF
44,36,36441,rf_var,Plain RF
44,37,46,rf_var,Plain RF
44,38,15,rf_var,Plain RF
44,39,6180,rf_var,Plain RF
44,40,53725,rf_var,Plain RF
44,41,1291,rf_var,Plain RF
44,42,14,rf_var,Plain RF
44,43,20,rf_var,Plain RF
44,44,194643,rf_var,Plain RF
44,45,1224,rf_var,Plain RF
44,46,1570,rf_var,Plain RF
44,47,42801,rf_var,Plain RF
44,48,88,rf_var,Plain RF
44,49,28087,rf_var,Plain RF
44,50,4732,rf_var,Plain RF
44,52,4641,rf_var,Plain RF
44,53,21614,rf_var,Plain RF
44,54,8817,rf_var,Plain RF
44,55,8012,rf_var,Plain RF
45,1,120,rf_var,Plain RF
45,2,2,rf_var,Plain RF
45,5,185,rf_var,Plain RF
45,6,1,rf_var,Plain RF
45,7,1,rf_var,Plain RF
45,10,145,rf_var,Plain RF
45,13,143,rf_var,Plain RF
45,14,1,rf_var,Plain RF
45,15,5,rf_var,Plain RF
45,16,1172,rf_var,Plain RF
45,18,103,rf_var,Plain RF
45,20,263,rf_var,Plain RF
45,22,1,rf_var,Plain RF
45,23,17,rf_var,Plain RF
45,24,319,rf_var,Plain RF
45,25,42,rf_var,Plain RF
45,26,1,rf_var,Plain RF
45,27,1,rf_var,Plain RF
45,28,15,rf_var,Plain RF
45,29,106,rf_var,Plain RF
45,30,98,rf_var,Plain RF
45,31,145,rf_var,Plain RF
45,33,6,rf_var,Plain RF
45,34,113,rf_var,Plain RF
45,37,1,rf_var,Plain RF
45,39,411,rf_var,Plain RF
45,40,39,rf_var,Plain RF
45,41,1,rf_var,Plain RF
45,42,3,rf_var,Plain RF
45,44,71,rf_var,Plain RF
45,45,11565,rf_var,Plain RF
45,46,1269,rf_var,Plain RF
45,47,8,rf_var,Plain RF
45,49,27,rf_var,Plain RF
45,50,2,rf_var,Plain RF
45,52,1,rf_var,Plain RF
45,53,1,rf_var,Plain RF
45,54,1,rf_var,Plain RF
46,1,614,rf_var,Plain RF
46,2,61,rf_var,Plain RF
46,3,97,rf_var,Plain RF
46,4,14,rf_var,Plain RF
46,5,257,rf_var,Plain RF
46,6,3,rf_var,Plain RF
46,7,177,rf_var,Plain RF
46,9,1,rf_var,Plain RF
46,10,22925,rf_var,Plain RF
46,11,7,rf_var,Plain RF
46,12,7,rf_var,Plain RF
46,13,251,rf_var,Plain RF
46,14,5,rf_var,Plain RF
46,15,2,rf_var,Plain RF
46,16,9032,rf_var,Plain RF
46,17,5,rf_var,Plain RF
46,18,8419,rf_var,Plain RF
46,19,5,rf_var,Plain RF
46,20,1928,rf_var,Plain RF
46,21,18,rf_var,Plain RF
46,22,16,rf_var,Plain RF
46,23,5,rf_var,Plain RF
46,24,8,rf_var,Plain RF
46,25,19,rf_var,Plain RF
46,26,391,rf_var,Plain RF
46,27,3,rf_var,Plain RF
46,28,324,rf_var,Plain RF
46,29,5,rf_var,Plain RF
46,30,515,rf_var,Plain RF
46,31,14,rf_var,Plain RF
46,32,1,rf_var,Plain RF
46,33,37,rf_var,Plain RF
46,34,2016,rf_var,Plain RF
46,35,3,rf_var,Plain RF
46,36,647,rf_var,Plain RF
46,37,22,rf_var,Plain RF
46,38,6,rf_var,Plain RF
46,39,9232,rf_var,Plain RF
46,40,1078,rf_var,Plain RF
46,41,12,rf_var,Plain RF
46,42,4,rf_var,Plain RF
46,43,206,rf_var,Plain RF
46,44,616,rf_var,Plain RF
46,45,8116,rf_var,Plain RF
46,46,66031,rf_var,Plain RF
46,47,1197,rf_var,Plain RF
46,48,4,rf_var,Plain RF
46,49,1888,rf_var,Plain RF
46,50,213,rf_var,Plain RF
46,52,9,rf_var,Plain RF
46,53,5,rf_var,Plain RF
46,54,8,rf_var,Plain RF
46,55,3,rf_var,Plain RF
47,1,131,rf_var,Plain RF
47,2,17,rf_var,Plain RF
47,3,1764,rf_var,Plain RF
47,4,46,rf_var,Plain RF
47,5,2897,rf_var,Plain RF
47,6,52,rf_var,Plain RF
47,7,2092,rf_var,Plain RF
47,9,11,rf_var,Plain RF
47,10,2779,rf_var,Plain RF
47,11,61,rf_var,Plain RF
47,12,7,rf_var,Plain RF
47,13,13,rf_var,Plain RF
47,14,7,rf_var,Plain RF
47,15,15,rf_var,Plain RF
47,16,19,rf_var,Plain RF
47,17,10,rf_var,Plain RF
47,18,18,rf_var,Plain RF
47,19,16,rf_var,Plain RF
47,20,15,rf_var,Plain RF
47,21,7550,rf_var,Plain RF
47,22,10,rf_var,Plain RF
47,23,11,rf_var,Plain RF
47,24,13,rf_var,Plain RF
47,25,12,rf_var,Plain RF
47,26,1591,rf_var,Plain RF
47,27,2056,rf_var,Plain RF
47,28,14170,rf_var,Plain RF
47,29,16,rf_var,Plain RF
47,30,14659,rf_var,Plain RF
47,31,19,rf_var,Plain RF
47,32,17,rf_var,Plain RF
47,33,802,rf_var,Plain RF
47,34,523,rf_var,Plain RF
47,35,14,rf_var,Plain RF
47,36,9178,rf_var,Plain RF
47,37,199,rf_var,Plain RF
47,38,19,rf_var,Plain RF
47,39,1218,rf_var,Plain RF
47,40,36290,rf_var,Plain RF
47,41,714,rf_var,Plain RF
47,42,24,rf_var,Plain RF
47,43,15,rf_var,Plain RF
47,44,31529,rf_var,Plain RF
47,45,64,rf_var,Plain RF
47,46,1985,rf_var,Plain RF
47,47,202162,rf_var,Plain RF
47,48,465,rf_var,Plain RF
47,49,12919,rf_var,Plain RF
47,50,2112,rf_var,Plain RF
47,52,3899,rf_var,Plain RF
47,53,26,rf_var,Plain RF
47,54,14,rf_var,Plain RF
47,55,182,rf_var,Plain RF
48,4,7,rf_var,Plain RF
48,10,1,rf_var,Plain RF
48,21,33,rf_var,Plain RF
48,26,1,rf_var,Plain RF
48,27,8,rf_var,Plain RF
48,28,4,rf_var,Plain RF
48,30,14,rf_var,Plain RF
48,31,1,rf_var,Plain RF
48,35,1,rf_var,Plain RF
48,40,3,rf_var,Plain RF
48,43,9,rf_var,Plain RF
48,44,3,rf_var,Plain RF
48,47,6,rf_var,Plain RF
48,48,1486,rf_var,Plain RF
48,49,23,rf_var,Plain RF
48,53,23,rf_var,Plain RF
48,55,1,rf_var,Plain RF
49,1,107,rf_var,Plain RF
49,2,3,rf_var,Plain RF
49,3,89,rf_var,Plain RF
49,4,31,rf_var,Plain RF
49,5,453,rf_var,Plain RF
49,6,3,rf_var,Plain RF
49,7,81,rf_var,Plain RF
49,9,7,rf_var,Plain RF
49,10,7799,rf_var,Plain RF
49,11,6,rf_var,Plain RF
49,12,1,rf_var,Plain RF
49,13,4,rf_var,Plain RF
49,14,7,rf_var,Plain RF
49,15,9,rf_var,Plain RF
49,16,4,rf_var,Plain RF
49,17,5,rf_var,Plain RF
49,18,3,rf_var,Plain RF
49,19,5,rf_var,Plain RF
49,20,26,rf_var,Plain RF
49,21,3674,rf_var,Plain RF
49,22,6,rf_var,Plain RF
49,23,10,rf_var,Plain RF
49,24,6,rf_var,Plain RF
49,25,7,rf_var,Plain RF
49,26,9356,rf_var,Plain RF
49,27,6,rf_var,Plain RF
49,28,1541,rf_var,Plain RF
49,29,6,rf_var,Plain RF
49,30,20405,rf_var,Plain RF
49,31,5,rf_var,Plain RF
49,32,9,rf_var,Plain RF
49,33,4,rf_var,Plain RF
49,34,2373,rf_var,Plain RF
49,35,6,rf_var,Plain RF
49,36,5048,rf_var,Plain RF
49,37,17,rf_var,Plain RF
49,38,7,rf_var,Plain RF
49,39,1152,rf_var,Plain RF
49,40,11566,rf_var,Plain RF
49,41,12,rf_var,Plain RF
49,42,6,rf_var,Plain RF
49,43,2,rf_var,Plain RF
49,44,7334,rf_var,Plain RF
49,45,122,rf_var,Plain RF
49,46,1179,rf_var,Plain RF
49,47,3165,rf_var,Plain RF
49,48,54,rf_var,Plain RF
49,49,70044,rf_var,Plain RF
49,50,416,rf_var,Plain RF
49,52,9703,rf_var,Plain RF
49,53,1465,rf_var,Plain RF
49,54,46,rf_var,Plain RF
49,55,358,rf_var,Plain RF
50,1,1,rf_var,Plain RF
50,2,4,rf_var,Plain RF
50,3,1,rf_var,Plain RF
50,4,1,rf_var,Plain RF
50,6,2,rf_var,Plain RF
50,7,3,rf_var,Plain RF
50,10,27,rf_var,Plain RF
50,14,1,rf_var,Plain RF
50,15,1,rf_var,Plain RF
50,16,1,rf_var,Plain RF
50,17,1,rf_var,Plain RF
50,20,1,rf_var,Plain RF
50,21,11,rf_var,Plain RF
50,22,1,rf_var,Plain RF
50,23,1,rf_var,Plain RF
50,25,1,rf_var,Plain RF
50,26,1,rf_var,Plain RF
50,28,25,rf_var,Plain RF
50,30,6,rf_var,Plain RF
50,32,2,rf_var,Plain RF
50,34,7,rf_var,Plain RF
50,35,1,rf_var,Plain RF
50,36,1,rf_var,Plain RF
50,37,1,rf_var,Plain RF
50,39,49,rf_var,Plain RF
50,40,28,rf_var,Plain RF
50,41,1,rf_var,Plain RF
50,43,1,rf_var,Plain RF
50,44,38,rf_var,Plain RF
50,46,15,rf_var,Plain RF
50,47,25,rf_var,Plain RF
50,48,2,rf_var,Plain RF
50,49,1,rf_var,Plain RF
50,50,1970,rf_var,Plain RF
50,53,53,rf_var,Plain RF
50,54,4,rf_var,Plain RF
50,55,3,rf_var,Plain RF
52,1,10,rf_var,Plain RF
52,2,6,rf_var,Plain RF
52,3,9,rf_var,Plain RF
52,4,10,rf_var,Plain RF
52,5,4,rf_var,Plain RF
52,6,10,rf_var,Plain RF
52,7,12,rf_var,Plain RF
52,9,9,rf_var,Plain RF
52,10,11,rf_var,Plain RF
52,11,10,rf_var,Plain RF
52,12,12,rf_var,Plain RF
52,13,5,rf_var,Plain RF
52,14,9,rf_var,Plain RF
52,15,13,rf_var,Plain RF
52,16,6,rf_var,Plain RF
52,17,5,rf_var,Plain RF
52,18,13,rf_var,Plain RF
52,19,5,rf_var,Plain RF
52,20,5,rf_var,Plain RF
52,21,44,rf_var,Plain RF
52,22,8,rf_var,Plain RF
52,23,4,rf_var,Plain RF
52,24,5,rf_var,Plain RF
52,25,9,rf_var,Plain RF
52,26,60,rf_var,Plain RF
52,27,4,rf_var,Plain RF
52,28,10,rf_var,Plain RF
52,29,4,rf_var,Plain RF
52,30,1,rf_var,Plain RF
52,31,6,rf_var,Plain RF
52,32,4,rf_var,Plain RF
52,33,8,rf_var,Plain RF
52,34,2,rf_var,Plain RF
52,35,9,rf_var,Plain RF
52,36,3,rf_var,Plain RF
52,37,3,rf_var,Plain RF
52,38,8,rf_var,Plain RF
52,39,5,rf_var,Plain RF
52,40,318,rf_var,Plain RF
52,41,5,rf_var,Plain RF
52,42,8,rf_var,Plain RF
52,43,11,rf_var,Plain RF
52,44,169,rf_var,Plain RF
52,45,7,rf_var,Plain RF
52,46,6,rf_var,Plain RF
52,47,47,rf_var,Plain RF
52,49,1132,rf_var,Plain RF
52,50,1,rf_var,Plain RF
52,52,20484,rf_var,Plain RF
52,53,679,rf_var,Plain RF
52,54,7,rf_var,Plain RF
52,55,400,rf_var,Plain RF
53,1,11,rf_var,Plain RF
53,2,88,rf_var,Plain RF
53,3,17,rf_var,Plain RF
53,4,15,rf_var,Plain RF
53,5,21,rf_var,Plain RF
53,6,12,rf_var,Plain RF
53,7,8,rf_var,Plain RF
53,9,18,rf_var,Plain RF
53,10,22,rf_var,Plain RF
53,11,12,rf_var,Plain RF
53,12,8,rf_var,Plain RF
53,13,9,rf_var,Plain RF
53,14,14,rf_var,Plain RF
53,15,22,rf_var,Plain RF
53,16,21,rf_var,Plain RF
53,17,20,rf_var,Plain RF
53,18,23,rf_var,Plain RF
53,19,21,rf_var,Plain RF
53,20,23,rf_var,Plain RF
53,21,2155,rf_var,Plain RF
53,22,15,rf_var,Plain RF
53,23,18,rf_var,Plain RF
53,24,26,rf_var,Plain RF
53,25,14,rf_var,Plain RF
53,26,459,rf_var,Plain RF
53,27,10,rf_var,Plain RF
53,28,71,rf_var,Plain RF
53,29,19,rf_var,Plain RF
53,30,354,rf_var,Plain RF
53,31,16,rf_var,Plain RF
53,32,23,rf_var,Plain RF
53,33,7,rf_var,Plain RF
53,34,215,rf_var,Plain RF
53,35,17,rf_var,Plain RF
53,36,45,rf_var,Plain RF
53,37,20,rf_var,Plain RF
53,38,17,rf_var,Plain RF
53,39,44,rf_var,Plain RF
53,40,1060,rf_var,Plain RF
53,41,21,rf_var,Plain RF
53,42,18,rf_var,Plain RF
53,43,18,rf_var,Plain RF
53,44,2303,rf_var,Plain RF
53,45,16,rf_var,Plain RF
53,46,35,rf_var,Plain RF
53,47,35,rf_var,Plain RF
53,48,31,rf_var,Plain RF
53,49,1209,rf_var,Plain RF
53,50,455,rf_var,Plain RF
53,52,1893,rf_var,Plain RF
53,53,49866,rf_var,Plain RF
53,54,1688,rf_var,Plain RF
53,55,1911,rf_var,Plain RF
54,1,4,rf_var,Plain RF
54,2,3,rf_var,Plain RF
54,3,6,rf_var,Plain RF
54,4,2,rf_var,Plain RF
54,6,2,rf_var,Plain RF
54,7,2,rf_var,Plain RF
54,9,6,rf_var,Plain RF
54,10,3,rf_var,Plain RF
54,11,6,rf_var,Plain RF
54,12,5,rf_var,Plain RF
54,13,4,rf_var,Plain RF
54,14,3,rf_var,Plain RF
54,17,3,rf_var,Plain RF
54,18,6,rf_var,Plain RF
54,19,2,rf_var,Plain RF
54,20,4,rf_var,Plain RF
54,21,156,rf_var,Plain RF
54,22,3,rf_var,Plain RF
54,23,8,rf_var,Plain RF
54,24,2,rf_var,Plain RF
54,25,1,rf_var,Plain RF
54,26,1,rf_var,Plain RF
54,28,10,rf_var,Plain RF
54,29,3,rf_var,Plain RF
54,30,5,rf_var,Plain RF
54,31,4,rf_var,Plain RF
54,32,3,rf_var,Plain RF
54,33,2,rf_var,Plain RF
54,34,19,rf_var,Plain RF
54,35,1,rf_var,Plain RF
54,36,14,rf_var,Plain RF
54,37,2,rf_var,Plain RF
54,38,9,rf_var,Plain RF
54,39,3,rf_var,Plain RF
54,40,55,rf_var,Plain RF
54,41,2,rf_var,Plain RF
54,42,8,rf_var,Plain RF
54,43,9,rf_var,Plain RF
54,44,209,rf_var,Plain RF
54,45,3,rf_var,Plain RF
54,46,3,rf_var,Plain RF
54,47,3,rf_var,Plain RF
54,48,1,rf_var,Plain RF
54,49,4,rf_var,Plain RF
54,50,25,rf_var,Plain RF
54,52,5,rf_var,Plain RF
54,53,151,rf_var,Plain RF
54,54,10759,rf_var,Plain RF
54,55,4,rf_var,Plain RF
55,21,10,rf_var,Plain RF
55,25,1,rf_var,Plain RF
55,28,52,rf_var,Plain RF
55,35,1,rf_var,Plain RF
55,36,6,rf_var,Plain RF
55,40,93,rf_var,Plain RF
55,44,172,rf_var,Plain RF
55,49,3,rf_var,Plain RF
55,50,3,rf_var,Plain RF
55,52,377,rf_var,Plain RF
55,53,214,rf_var,Plain RF
55,55,5451,rf_var,Plain RF
