zoneID,niche,feature,rf_importance_share,mf_importance_share,consensus_importance_share,rf_mda_unscaled,mf_mda_unscaled,mean_mda_unscaled,selected_in_rf,selected_in_mf,selected_method_count,feature_group,climate_period,selected,consensus_rank,top5,top10,zone_name,detailed_category,category2,zone_color,reference_area_km2,reference_pixels,category_label,global_area_rank_largest,global_area_rank_smallest,category_area_rank_largest,category_area_rank_smallest,selection_roles,category_profile_similarity
17,climate,Tmax_wt,0.107137282649229,0.103827053870011,0.10548216825962,0.0594280390819915,0.0581699339396159,0.0587989865108037,TRUE,TRUE,2,Temperature,Winter,TRUE,1,TRUE,TRUE,Alpine tundra,alpine_tundra,alpine_vegetation,#A2D2FF,1166.83977455947,2032,alpine vegetation,53,1,3,1,category smallest observed area; global smallest observed area,
17,climate,Eref_at,0.0865690300571934,0.0810858820639843,0.0838274560605889,0.0480190235771861,0.0454290112960608,0.0467240174366234,TRUE,TRUE,2,Radiation and evaporative demand,Autumn,TRUE,2,TRUE,TRUE,Alpine tundra,alpine_tundra,alpine_vegetation,#A2D2FF,1166.83977455947,2032,alpine vegetation,53,1,3,1,category smallest observed area; global smallest observed area,
17,climate,TD,0.0826995071841205,0.0848902941375178,0.0837949006608191,0.0458726357760083,0.0475604634633695,0.0467165496196889,TRUE,TRUE,2,Temperature,Annual,TRUE,3,TRUE,TRUE,Alpine tundra,alpine_tundra,alpine_vegetation,#A2D2FF,1166.83977455947,2032,alpine vegetation,53,1,3,1,category smallest observed area; global smallest observed area,
17,climate,DD_0_wt,0.0725434971897352,0.0719767198392484,0.0722601085144918,0.0402391929264312,0.0403255306028541,0.0402823617646426,TRUE,TRUE,2,Growing season and degree-days,Winter,TRUE,4,TRUE,TRUE,Alpine tundra,alpine_tundra,alpine_vegetation,#A2D2FF,1166.83977455947,2032,alpine vegetation,53,1,3,1,category smallest observed area; global smallest observed area,
17,climate,Tave_wt,0.0590690330006221,0.057444230014728,0.0582566315076751,0.0327650348682954,0.0321835874236818,0.0324743111459886,TRUE,TRUE,2,Temperature,Winter,TRUE,5,TRUE,TRUE,Alpine tundra,alpine_tundra,alpine_vegetation,#A2D2FF,1166.83977455947,2032,alpine vegetation,53,1,3,1,category smallest observed area; global smallest observed area,
17,climate,Eref_sm,0.0555172660164359,0.0509871604441995,0.0532522132303177,0.0307949032583925,0.0285659627645887,0.0296804330114906,TRUE,TRUE,2,Radiation and evaporative demand,Summer,TRUE,6,FALSE,TRUE,Alpine tundra,alpine_tundra,alpine_vegetation,#A2D2FF,1166.83977455947,2032,alpine vegetation,53,1,3,1,category smallest observed area; global smallest observed area,
17,climate,DD_18_wt,0.0454722684435748,0.0602126474882832,0.052842457965929,0.0252230379508418,0.0337346153643918,0.0294788266576168,TRUE,TRUE,2,Growing season and degree-days,Winter,TRUE,7,FALSE,TRUE,Alpine tundra,alpine_tundra,alpine_vegetation,#A2D2FF,1166.83977455947,2032,alpine vegetation,53,1,3,1,category smallest observed area; global smallest observed area,
17,climate,DD_0_sp,0.0531898839213528,0.0469513684944258,0.0500706262078893,0.0295039263856809,0.0263048781786166,0.0279044022821488,TRUE,TRUE,2,Growing season and degree-days,Spring,TRUE,8,FALSE,TRUE,Alpine tundra,alpine_tundra,alpine_vegetation,#A2D2FF,1166.83977455947,2032,alpine vegetation,53,1,3,1,category smallest observed area; global smallest observed area,
17,climate,Tmax_sp,0.0492323941786443,0.0477759231547481,0.0485041586666962,0.0273087441925104,0.0267668414948502,0.0270377928436803,TRUE,TRUE,2,Temperature,Spring,TRUE,9,FALSE,TRUE,Alpine tundra,alpine_tundra,alpine_vegetation,#A2D2FF,1166.83977455947,2032,alpine vegetation,53,1,3,1,category smallest observed area; global smallest observed area,
17,climate,PAS_wt,0.0497045882379791,0.0466863586801104,0.0481954734590447,0.0275706657787084,0.0261564043192757,0.0268635350489921,TRUE,TRUE,2,Snowfall,Winter,TRUE,10,FALSE,TRUE,Alpine tundra,alpine_tundra,alpine_vegetation,#A2D2FF,1166.83977455947,2032,alpine vegetation,53,1,3,1,category smallest observed area; global smallest observed area,
17,soil,T_OC,0.192275119476962,0.196004461494351,0.194139790485656,0.112828360382676,0.115862509491001,0.114345434936838,TRUE,TRUE,2,Organic carbon,"",TRUE,1,TRUE,TRUE,Alpine tundra,alpine_tundra,alpine_vegetation,#A2D2FF,1166.83977455947,2032,alpine vegetation,53,1,3,1,category smallest observed area; global smallest observed area,
17,soil,T_BS,0.186998971201429,0.19131681767212,0.189157894436774,0.109732280345469,0.113091541051288,0.111411910698378,TRUE,TRUE,2,Nutrient retention and base status,"",TRUE,2,TRUE,TRUE,Alpine tundra,alpine_tundra,alpine_vegetation,#A2D2FF,1166.83977455947,2032,alpine vegetation,53,1,3,1,category smallest observed area; global smallest observed area,
17,soil,T_TEB,0.12110176764195,0.132320884543571,0.12671132609276,0.0710633488079676,0.0782177590469232,0.0746405539274454,TRUE,TRUE,2,Nutrient retention and base status,"",TRUE,3,TRUE,TRUE,Alpine tundra,alpine_tundra,alpine_vegetation,#A2D2FF,1166.83977455947,2032,alpine vegetation,53,1,3,1,category smallest observed area; global smallest observed area,
17,soil,T_REF_BULK_DENSITY,0.113464433728308,0.110480039109582,0.111972236418945,0.0665817088250348,0.0653071592468266,0.0659444340359307,TRUE,TRUE,2,Bulk density,"",TRUE,4,TRUE,TRUE,Alpine tundra,alpine_tundra,alpine_vegetation,#A2D2FF,1166.83977455947,2032,alpine vegetation,53,1,3,1,category smallest observed area; global smallest observed area,
17,soil,T_SAND,0.0983567044387278,0.101789286170828,0.100072995304778,0.0577163895393903,0.0601698657527224,0.0589431276460563,TRUE,TRUE,2,Texture,"",TRUE,5,TRUE,TRUE,Alpine tundra,alpine_tundra,alpine_vegetation,#A2D2FF,1166.83977455947,2032,alpine vegetation,53,1,3,1,category smallest observed area; global smallest observed area,
17,soil,T_SILT,0.0983560526121881,0.100043495555549,0.0991997740838685,0.0577160070431009,0.0591378908671002,0.0584269489551005,TRUE,TRUE,2,Texture,"",TRUE,6,FALSE,TRUE,Alpine tundra,alpine_tundra,alpine_vegetation,#A2D2FF,1166.83977455947,2032,alpine vegetation,53,1,3,1,category smallest observed area; global smallest observed area,
17,soil,T_GRAVEL,0.0990937839253514,0.0850144238118679,0.0920541038686097,0.0581489128433605,0.050253878971313,0.0542013959073367,TRUE,TRUE,2,Coarse fragments,"",TRUE,7,FALSE,TRUE,Alpine tundra,alpine_tundra,alpine_vegetation,#A2D2FF,1166.83977455947,2032,alpine vegetation,53,1,3,1,category smallest observed area; global smallest observed area,
17,soil,T_CEC_CLAY,0.0851020501447549,0.0767575114472621,0.0809297807960085,0.0499384673854667,0.0453730380969941,0.0476557527412304,TRUE,TRUE,2,Nutrient retention and base status,"",TRUE,8,FALSE,TRUE,Alpine tundra,alpine_tundra,alpine_vegetation,#A2D2FF,1166.83977455947,2032,alpine vegetation,53,1,3,1,category smallest observed area; global smallest observed area,
17,soil,T_CASO4,0.00525111683032856,0.00627308019486969,0.00576209851259913,0.00308139141328078,0.00370815443727461,0.00339477292527769,TRUE,TRUE,2,Gypsum,"",TRUE,9,FALSE,TRUE,Alpine tundra,alpine_tundra,alpine_vegetation,#A2D2FF,1166.83977455947,2032,alpine vegetation,53,1,3,1,category smallest observed area; global smallest observed area,
20,climate,Eref_sm,0.130268234746067,0.126034290496311,0.128151262621189,0.12655428786856,0.122717219354189,0.124635753611375,TRUE,TRUE,2,Radiation and evaporative demand,Summer,TRUE,1,TRUE,TRUE,Alpine sparse vegetation,alpine_sparse,alpine_vegetation,#B8C0FF,290572.043152328,411347,alpine vegetation,11,43,1,3,category largest observed area; category profile medoid,0.65905394086378
20,climate,Tmax_sm,0.106037675767418,0.109639921102643,0.107838798435031,0.103014542034301,0.106754330071171,0.104884436052736,TRUE,TRUE,2,Temperature,Summer,TRUE,2,TRUE,TRUE,Alpine sparse vegetation,alpine_sparse,alpine_vegetation,#B8C0FF,290572.043152328,411347,alpine vegetation,11,43,1,3,category largest observed area; category profile medoid,0.65905394086378
20,climate,EXT,0.102142036440839,0.0990907201367738,0.100616378288806,0.0992299673701164,0.0964827714037472,0.0978563693869318,TRUE,TRUE,2,Temperature,Annual,TRUE,3,TRUE,TRUE,Alpine sparse vegetation,alpine_sparse,alpine_vegetation,#B8C0FF,290572.043152328,411347,alpine vegetation,11,43,1,3,category largest observed area; category profile medoid,0.65905394086378
20,climate,Eref,0.0995859756230112,0.0953785781704453,0.0974822768967283,0.0967467798364904,0.0928683285552023,0.0948075541958464,TRUE,TRUE,2,Radiation and evaporative demand,Annual,TRUE,4,TRUE,TRUE,Alpine sparse vegetation,alpine_sparse,alpine_vegetation,#B8C0FF,290572.043152328,411347,alpine vegetation,11,43,1,3,category largest observed area; category profile medoid,0.65905394086378
20,climate,MWMT,0.0920971863568758,0.09797285925741,0.0950350228071429,0.0894714959238703,0.0953943312800305,0.0924329136019504,TRUE,TRUE,2,Temperature,Annual,TRUE,5,TRUE,TRUE,Alpine sparse vegetation,alpine_sparse,alpine_vegetation,#B8C0FF,290572.043152328,411347,alpine vegetation,11,43,1,3,category largest observed area; category profile medoid,0.65905394086378
20,climate,Eref_at,0.0665273683664166,0.0671362031805026,0.0668317857734596,0.0646306733471372,0.0653692589521921,0.0649999661496646,TRUE,TRUE,2,Radiation and evaporative demand,Autumn,TRUE,6,FALSE,TRUE,Alpine sparse vegetation,alpine_sparse,alpine_vegetation,#B8C0FF,290572.043152328,411347,alpine vegetation,11,43,1,3,category largest observed area; category profile medoid,0.65905394086378
20,climate,TD,0.0466580897079154,0.0466139958324861,0.0466360427702007,0.0453278677476737,0.0453871714517082,0.0453575195996909,TRUE,TRUE,2,Temperature,Annual,TRUE,7,FALSE,TRUE,Alpine sparse vegetation,alpine_sparse,alpine_vegetation,#B8C0FF,290572.043152328,411347,alpine vegetation,11,43,1,3,category largest observed area; category profile medoid,0.65905394086378
20,climate,PAS_sp,0.0394392776349983,0.0415587941532684,0.0404990358941333,0.0383148639795193,0.0404650166087261,0.0393899402941227,TRUE,TRUE,2,Snowfall,Spring,TRUE,8,FALSE,TRUE,Alpine sparse vegetation,alpine_sparse,alpine_vegetation,#B8C0FF,290572.043152328,411347,alpine vegetation,11,43,1,3,category largest observed area; category profile medoid,0.65905394086378
20,climate,PPT_sm,0.0358258346833787,0.0346388552099804,0.0352323449466795,0.0348044402727169,0.0337272021466696,0.0342658212096933,TRUE,TRUE,2,Precipitation,Summer,TRUE,9,FALSE,TRUE,Alpine sparse vegetation,alpine_sparse,alpine_vegetation,#B8C0FF,290572.043152328,411347,alpine vegetation,11,43,1,3,category largest observed area; category profile medoid,0.65905394086378
20,climate,MAP,0.0326711652022616,0.0337777790350583,0.03322447211866,0.0317397104065168,0.0328887884624059,0.0323142494344613,TRUE,TRUE,2,Precipitation,Annual,TRUE,10,FALSE,TRUE,Alpine sparse vegetation,alpine_sparse,alpine_vegetation,#B8C0FF,290572.043152328,411347,alpine vegetation,11,43,1,3,category largest observed area; category profile medoid,0.65905394086378
20,soil,T_GRAVEL,0.323002628202667,0.300396453400815,0.311699540801741,0.150116141911888,0.13879391206194,0.144455026986914,TRUE,TRUE,2,Coarse fragments,"",TRUE,1,TRUE,TRUE,Alpine sparse vegetation,alpine_sparse,alpine_vegetation,#B8C0FF,290572.043152328,411347,alpine vegetation,11,43,1,3,category largest observed area; category profile medoid,0.65905394086378
20,soil,T_CLAY,0.143335894615348,0.141571918052936,0.142453906334142,0.0666156545439756,0.0654112927174329,0.0660134736307043,TRUE,TRUE,2,Texture,"",TRUE,2,TRUE,TRUE,Alpine sparse vegetation,alpine_sparse,alpine_vegetation,#B8C0FF,290572.043152328,411347,alpine vegetation,11,43,1,3,category largest observed area; category profile medoid,0.65905394086378
20,soil,T_OC,0.10805517572662,0.110695948515348,0.109375562120984,0.0502188672084539,0.0511454898016137,0.0506821785050338,TRUE,TRUE,2,Organic carbon,"",TRUE,3,TRUE,TRUE,Alpine sparse vegetation,alpine_sparse,alpine_vegetation,#B8C0FF,290572.043152328,411347,alpine vegetation,11,43,1,3,category largest observed area; category profile medoid,0.65905394086378
20,soil,T_REF_BULK_DENSITY,0.105601608548837,0.0937277849033863,0.0996646967261115,0.0490785667697237,0.0433055909561073,0.0461920788629155,TRUE,TRUE,2,Bulk density,"",TRUE,4,TRUE,TRUE,Alpine sparse vegetation,alpine_sparse,alpine_vegetation,#B8C0FF,290572.043152328,411347,alpine vegetation,11,43,1,3,category largest observed area; category profile medoid,0.65905394086378
20,soil,T_BS,0.0913629274111198,0.102185697259413,0.0967743123352664,0.0424611101558212,0.0472134491564292,0.0448372796561252,TRUE,TRUE,2,Nutrient retention and base status,"",TRUE,5,TRUE,TRUE,Alpine sparse vegetation,alpine_sparse,alpine_vegetation,#B8C0FF,290572.043152328,411347,alpine vegetation,11,43,1,3,category largest observed area; category profile medoid,0.65905394086378
20,soil,T_CEC_CLAY,0.0919862451958056,0.10117539465139,0.0965808199235979,0.042750798390071,0.0467466531948046,0.0447487257924378,TRUE,TRUE,2,Nutrient retention and base status,"",TRUE,6,FALSE,TRUE,Alpine sparse vegetation,alpine_sparse,alpine_vegetation,#B8C0FF,290572.043152328,411347,alpine vegetation,11,43,1,3,category largest observed area; category profile medoid,0.65905394086378
20,soil,T_ESP,0.0849069896377145,0.096898195714334,0.0909025926760243,0.0394606996750782,0.0447704342134535,0.0421155669442659,TRUE,TRUE,2,Sodicity,"",TRUE,7,FALSE,TRUE,Alpine sparse vegetation,alpine_sparse,alpine_vegetation,#B8C0FF,290572.043152328,411347,alpine vegetation,11,43,1,3,category largest observed area; category profile medoid,0.65905394086378
20,soil,T_CEC_SOIL,0.040538966277408,0.0422181101937378,0.0413785382355729,0.0188405687239246,0.0195062778115844,0.0191734232677545,TRUE,TRUE,2,Nutrient retention and base status,"",TRUE,8,FALSE,TRUE,Alpine sparse vegetation,alpine_sparse,alpine_vegetation,#B8C0FF,290572.043152328,411347,alpine vegetation,11,43,1,3,category largest observed area; category profile medoid,0.65905394086378
20,soil,T_ECE,0.0112095643844797,0.0111304973086393,0.0111700308465595,0.00520966831531528,0.00514268809492126,0.00517617820511827,TRUE,TRUE,2,Salinity,"",TRUE,9,FALSE,TRUE,Alpine sparse vegetation,alpine_sparse,alpine_vegetation,#B8C0FF,290572.043152328,411347,alpine vegetation,11,43,1,3,category largest observed area; category profile medoid,0.65905394086378
1,climate,Eref_sm,0.0742019440782921,0.0738596765573827,0.0740308103178374,0.14535893060606,0.143413539944167,0.144386235275113,TRUE,TRUE,2,Radiation and evaporative demand,Summer,TRUE,1,TRUE,TRUE,One year one ripe fields with cold-tolerant crops of short growth duration,cropland,cropland,#FFD23F,9762.48864593947,15353,cropland,46,8,7,1,category smallest observed area,
1,climate,PPT_at,0.0705345177620075,0.0715604997779209,0.0710475087699642,0.138174574804692,0.138949221979765,0.138561898392228,TRUE,TRUE,2,Precipitation,Autumn,TRUE,2,TRUE,TRUE,One year one ripe fields with cold-tolerant crops of short growth duration,cropland,cropland,#FFD23F,9762.48864593947,15353,cropland,46,8,7,1,category smallest observed area,
1,climate,DD5_sm,0.056887095893993,0.0582144461071469,0.0575507710005699,0.111439767881423,0.113035152349044,0.112237460115233,TRUE,TRUE,2,Growing season and degree-days,Summer,TRUE,3,TRUE,TRUE,One year one ripe fields with cold-tolerant crops of short growth duration,cropland,cropland,#FFD23F,9762.48864593947,15353,cropland,46,8,7,1,category smallest observed area,
1,climate,DD5,0.0566851677700195,0.0559618175085334,0.0563234926392765,0.111044197973859,0.108661217117204,0.109852707545532,TRUE,TRUE,2,Growing season and degree-days,Annual,TRUE,4,TRUE,TRUE,One year one ripe fields with cold-tolerant crops of short growth duration,cropland,cropland,#FFD23F,9762.48864593947,15353,cropland,46,8,7,1,category smallest observed area,
1,climate,PPT_sp,0.0558675017784318,0.0561981722996732,0.0560328370390525,0.109442419804749,0.109120147874284,0.109281283839516,TRUE,TRUE,2,Precipitation,Spring,TRUE,5,TRUE,TRUE,One year one ripe fields with cold-tolerant crops of short growth duration,cropland,cropland,#FFD23F,9762.48864593947,15353,cropland,46,8,7,1,category smallest observed area,
1,climate,EXT,0.0541125807073718,0.0552654465318849,0.0546890136196284,0.106004592759165,0.107309071649874,0.106656832204519,TRUE,TRUE,2,Temperature,Annual,TRUE,6,FALSE,TRUE,One year one ripe fields with cold-tolerant crops of short growth duration,cropland,cropland,#FFD23F,9762.48864593947,15353,cropland,46,8,7,1,category smallest observed area,
1,climate,PPT_sm,0.0544529695429751,0.0546263343263003,0.0545396519346377,0.106671402203959,0.106068105697996,0.106369753950978,TRUE,TRUE,2,Precipitation,Summer,TRUE,7,FALSE,TRUE,One year one ripe fields with cold-tolerant crops of short growth duration,cropland,cropland,#FFD23F,9762.48864593947,15353,cropland,46,8,7,1,category smallest observed area,
1,climate,DD_0_at,0.0535220804901445,0.0528079625574534,0.053165021523799,0.104847824143935,0.102537368163528,0.103692596153731,TRUE,TRUE,2,Growing season and degree-days,Autumn,TRUE,8,FALSE,TRUE,One year one ripe fields with cold-tolerant crops of short growth duration,cropland,cropland,#FFD23F,9762.48864593947,15353,cropland,46,8,7,1,category smallest observed area,
1,climate,Tmin_sm,0.0523659272047447,0.0527660321051721,0.0525659796549584,0.102582961581775,0.102455951687401,0.102519456634588,TRUE,TRUE,2,Temperature,Summer,TRUE,9,FALSE,TRUE,One year one ripe fields with cold-tolerant crops of short growth duration,cropland,cropland,#FFD23F,9762.48864593947,15353,cropland,46,8,7,1,category smallest observed area,
1,climate,DD_18_sm,0.0520800335732285,0.0514021582365414,0.051741095904885,0.102022906275132,0.0998077139932422,0.100915310134187,TRUE,TRUE,2,Growing season and degree-days,Summer,TRUE,10,FALSE,TRUE,One year one ripe fields with cold-tolerant crops of short growth duration,cropland,cropland,#FFD23F,9762.48864593947,15353,cropland,46,8,7,1,category smallest observed area,
1,soil,T_CEC_CLAY,0.202698240622194,0.198321548518271,0.200509894570233,0.0991680124545654,0.0979446879941228,0.0985563502243441,TRUE,TRUE,2,Nutrient retention and base status,"",TRUE,1,TRUE,TRUE,One year one ripe fields with cold-tolerant crops of short growth duration,cropland,cropland,#FFD23F,9762.48864593947,15353,cropland,46,8,7,1,category smallest observed area,
1,soil,T_OC,0.133557093128193,0.134391625401417,0.133974359264805,0.065341422964882,0.0663717378031267,0.0658565803840043,TRUE,TRUE,2,Organic carbon,"",TRUE,2,TRUE,TRUE,One year one ripe fields with cold-tolerant crops of short growth duration,cropland,cropland,#FFD23F,9762.48864593947,15353,cropland,46,8,7,1,category smallest observed area,
1,soil,T_PH_H2O,0.119742431800148,0.117688696419072,0.11871556410961,0.0585827431537993,0.0581226938641976,0.0583527185089985,TRUE,TRUE,2,Soil reaction,"",TRUE,3,TRUE,TRUE,One year one ripe fields with cold-tolerant crops of short growth duration,cropland,cropland,#FFD23F,9762.48864593947,15353,cropland,46,8,7,1,category smallest observed area,
1,soil,T_TEB,0.116295276256885,0.114328243909095,0.11531176008299,0.0568962580476741,0.0564630735401939,0.056679665793934,TRUE,TRUE,2,Nutrient retention and base status,"",TRUE,4,TRUE,TRUE,One year one ripe fields with cold-tolerant crops of short growth duration,cropland,cropland,#FFD23F,9762.48864593947,15353,cropland,46,8,7,1,category smallest observed area,
1,soil,T_CEC_SOIL,0.102779416064144,0.105918585016202,0.104349000540173,0.0502837635937821,0.0523098112116399,0.051296787402711,TRUE,TRUE,2,Nutrient retention and base status,"",TRUE,5,TRUE,TRUE,One year one ripe fields with cold-tolerant crops of short growth duration,cropland,cropland,#FFD23F,9762.48864593947,15353,cropland,46,8,7,1,category smallest observed area,
1,soil,T_CLAY,0.0894331057985907,0.0903839447709434,0.089908525284767,0.0437542196837105,0.044637747821198,0.0441959837524542,TRUE,TRUE,2,Texture,"",TRUE,6,FALSE,TRUE,One year one ripe fields with cold-tolerant crops of short growth duration,cropland,cropland,#FFD23F,9762.48864593947,15353,cropland,46,8,7,1,category smallest observed area,
1,soil,T_SILT,0.0865130279474337,0.0861854592241827,0.0863492435858082,0.0423256018732008,0.0425642497066579,0.0424449257899293,TRUE,TRUE,2,Texture,"",TRUE,7,FALSE,TRUE,One year one ripe fields with cold-tolerant crops of short growth duration,cropland,cropland,#FFD23F,9762.48864593947,15353,cropland,46,8,7,1,category smallest observed area,
1,soil,T_REF_BULK_DENSITY,0.0788629755462755,0.0795141411503034,0.0791885583482895,0.0385828930590175,0.0392694984699033,0.0389261957644604,TRUE,TRUE,2,Bulk density,"",TRUE,8,FALSE,TRUE,One year one ripe fields with cold-tolerant crops of short growth duration,cropland,cropland,#FFD23F,9762.48864593947,15353,cropland,46,8,7,1,category smallest observed area,
1,soil,T_SAND,0.0701184328361348,0.0732677555905134,0.0716930942133241,0.0343047162098902,0.0361846078500206,0.0352446620299554,TRUE,TRUE,2,Texture,"",TRUE,9,FALSE,TRUE,One year one ripe fields with cold-tolerant crops of short growth duration,cropland,cropland,#FFD23F,9762.48864593947,15353,cropland,46,8,7,1,category smallest observed area,
12,climate,TD,0.110761258946869,0.110195553253124,0.110478406099997,0.161387419273919,0.160566493720616,0.160976956497268,TRUE,TRUE,2,Temperature,Annual,TRUE,1,TRUE,TRUE,One year one ripe grain fields and cold-tolerant economic crop fields,cropland,cropland,#F8961E,231554.213781713,375765,cropland,15,39,5,3,category profile medoid,0.776584121191764
12,climate,PPT_sm,0.0738766300614534,0.0741712214859421,0.0740239257736978,0.10764376266246,0.108075259095224,0.107859510878842,TRUE,TRUE,2,Precipitation,Summer,TRUE,2,TRUE,TRUE,One year one ripe grain fields and cold-tolerant economic crop fields,cropland,cropland,#F8961E,231554.213781713,375765,cropland,15,39,5,3,category profile medoid,0.776584121191764
12,climate,DD_18_wt,0.0705025609611458,0.0689972748527705,0.0697499179069581,0.102727492210787,0.100536275487803,0.101631883849295,TRUE,TRUE,2,Growing season and degree-days,Winter,TRUE,3,TRUE,TRUE,One year one ripe grain fields and cold-tolerant economic crop fields,cropland,cropland,#F8961E,231554.213781713,375765,cropland,15,39,5,3,category profile medoid,0.776584121191764
12,climate,MAP,0.0628978921807235,0.061130420082689,0.0620141561317062,0.0916469223384817,0.0890734419182873,0.0903601821283845,TRUE,TRUE,2,Precipitation,Annual,TRUE,4,TRUE,TRUE,One year one ripe grain fields and cold-tolerant economic crop fields,cropland,cropland,#F8961E,231554.213781713,375765,cropland,15,39,5,3,category profile medoid,0.776584121191764
12,climate,DD5_sm,0.053708692915795,0.0521963148772842,0.0529525038965396,0.0782575733128265,0.0760555123828932,0.0771565428478599,TRUE,TRUE,2,Growing season and degree-days,Summer,TRUE,5,TRUE,TRUE,One year one ripe grain fields and cold-tolerant economic crop fields,cropland,cropland,#F8961E,231554.213781713,375765,cropland,15,39,5,3,category profile medoid,0.776584121191764
12,climate,DD5_sp,0.0515531291007783,0.0535039871163515,0.0525285581085649,0.0751167559865025,0.0779609281656927,0.0765388420760976,TRUE,TRUE,2,Growing season and degree-days,Spring,TRUE,6,FALSE,TRUE,One year one ripe grain fields and cold-tolerant economic crop fields,cropland,cropland,#F8961E,231554.213781713,375765,cropland,15,39,5,3,category profile medoid,0.776584121191764
12,climate,Tmin_sm,0.0488110589597223,0.0511457674974431,0.0499784132285827,0.0711213551781263,0.0745247545229912,0.0728230548505587,TRUE,TRUE,2,Temperature,Summer,TRUE,7,FALSE,TRUE,One year one ripe grain fields and cold-tolerant economic crop fields,cropland,cropland,#F8961E,231554.213781713,375765,cropland,15,39,5,3,category profile medoid,0.776584121191764
12,climate,Eref_at,0.0476579131509762,0.0512656652233478,0.049461789187162,0.0694411356872179,0.074699458101178,0.0720702968941979,TRUE,TRUE,2,Radiation and evaporative demand,Autumn,TRUE,8,FALSE,TRUE,One year one ripe grain fields and cold-tolerant economic crop fields,cropland,cropland,#F8961E,231554.213781713,375765,cropland,15,39,5,3,category profile medoid,0.776584121191764
12,climate,DD_0_sp,0.0497308619874718,0.0479291359284304,0.0488299989579511,0.0724615768251195,0.0698377845193919,0.0711496806722557,TRUE,TRUE,2,Growing season and degree-days,Spring,TRUE,9,FALSE,TRUE,One year one ripe grain fields and cold-tolerant economic crop fields,cropland,cropland,#F8961E,231554.213781713,375765,cropland,15,39,5,3,category profile medoid,0.776584121191764
12,climate,DD_18_sp,0.046779184795817,0.0475192310604174,0.0471492079281172,0.0681607629031745,0.0692405100788828,0.0687006364910286,TRUE,TRUE,2,Growing season and degree-days,Spring,TRUE,10,FALSE,TRUE,One year one ripe grain fields and cold-tolerant economic crop fields,cropland,cropland,#F8961E,231554.213781713,375765,cropland,15,39,5,3,category profile medoid,0.776584121191764
12,soil,T_CEC_CLAY,0.18183932701285,0.18915700404801,0.18549816553043,0.114290742443592,0.117398320061248,0.11584453125242,TRUE,TRUE,2,Nutrient retention and base status,"",TRUE,1,TRUE,TRUE,One year one ripe grain fields and cold-tolerant economic crop fields,cropland,cropland,#F8961E,231554.213781713,375765,cropland,15,39,5,3,category profile medoid,0.776584121191764
12,soil,T_CEC_SOIL,0.141250171700891,0.130783966533667,0.136017069117279,0.0887794035491504,0.0811697036505293,0.0849745535998398,TRUE,TRUE,2,Nutrient retention and base status,"",TRUE,2,TRUE,TRUE,One year one ripe grain fields and cold-tolerant economic crop fields,cropland,cropland,#F8961E,231554.213781713,375765,cropland,15,39,5,3,category profile medoid,0.776584121191764
12,soil,T_PH_H2O,0.131064513818294,0.134359680210481,0.132712097014387,0.0823774528776314,0.0833889330192259,0.0828831929484287,TRUE,TRUE,2,Soil reaction,"",TRUE,3,TRUE,TRUE,One year one ripe grain fields and cold-tolerant economic crop fields,cropland,cropland,#F8961E,231554.213781713,375765,cropland,15,39,5,3,category profile medoid,0.776584121191764
12,soil,T_OC,0.12238274022833,0.116335603029193,0.119359171628762,0.0769207325651217,0.0722024776596326,0.0745616051123771,TRUE,TRUE,2,Organic carbon,"",TRUE,4,TRUE,TRUE,One year one ripe grain fields and cold-tolerant economic crop fields,cropland,cropland,#F8961E,231554.213781713,375765,cropland,15,39,5,3,category profile medoid,0.776584121191764
12,soil,T_SILT,0.108201054028272,0.109447922576046,0.108824488302159,0.0680071742522262,0.0679277106829209,0.0679674424675735,TRUE,TRUE,2,Texture,"",TRUE,5,TRUE,TRUE,One year one ripe grain fields and cold-tolerant economic crop fields,cropland,cropland,#F8961E,231554.213781713,375765,cropland,15,39,5,3,category profile medoid,0.776584121191764
12,soil,T_REF_BULK_DENSITY,0.0953786184177521,0.0992701096502059,0.097324364033979,0.0599479402573825,0.0616109573308323,0.0607794487941074,TRUE,TRUE,2,Bulk density,"",TRUE,6,FALSE,TRUE,One year one ripe grain fields and cold-tolerant economic crop fields,cropland,cropland,#F8961E,231554.213781713,375765,cropland,15,39,5,3,category profile medoid,0.776584121191764
12,soil,T_BS,0.0865943512912641,0.0818908184081895,0.0842425848497268,0.0544268000936917,0.0508246816338984,0.0526257408637951,TRUE,TRUE,2,Nutrient retention and base status,"",TRUE,7,FALSE,TRUE,One year one ripe grain fields and cold-tolerant economic crop fields,cropland,cropland,#F8961E,231554.213781713,375765,cropland,15,39,5,3,category profile medoid,0.776584121191764
12,soil,T_TEB,0.0770865019711271,0.0805738053401835,0.0788301536556553,0.0484508697177315,0.0500072912207823,0.0492290804692569,TRUE,TRUE,2,Nutrient retention and base status,"",TRUE,8,FALSE,TRUE,One year one ripe grain fields and cold-tolerant economic crop fields,cropland,cropland,#F8961E,231554.213781713,375765,cropland,15,39,5,3,category profile medoid,0.776584121191764
12,soil,T_CLAY,0.0562027215312199,0.0581810902040235,0.0571919058676217,0.0353248710093371,0.0361094863161961,0.0357171786627666,TRUE,TRUE,2,Texture,"",TRUE,9,FALSE,TRUE,One year one ripe grain fields and cold-tolerant economic crop fields,cropland,cropland,#F8961E,231554.213781713,375765,cropland,15,39,5,3,category profile medoid,0.776584121191764
27,climate,Tmin_sm,0.0727989654411767,0.0662657601077609,0.0695323627744688,0.104710997356111,0.0947715810870056,0.0997412892215581,TRUE,TRUE,2,Temperature,Summer,TRUE,1,TRUE,TRUE,Two years three ripes or one year two ripes grain fields and deciduous orchards,cropland_orchard,cropland,#FFB703,581987.788488805,866811,cropland,3,51,1,7,category largest observed area; global largest observed area,
27,climate,DD18_sm,0.0675843844586157,0.0692539608579998,0.0684191726583078,0.0972105614341281,0.0990452287331653,0.0981278950836467,TRUE,TRUE,2,Growing season and degree-days,Summer,TRUE,2,TRUE,TRUE,Two years three ripes or one year two ripes grain fields and deciduous orchards,cropland_orchard,cropland,#FFB703,581987.788488805,866811,cropland,3,51,1,7,category largest observed area; global largest observed area,
27,climate,MWMT,0.065859232716475,0.0697517513687747,0.0678054920426248,0.094729175079041,0.0997571558834692,0.0972431654812551,TRUE,TRUE,2,Temperature,Annual,TRUE,3,TRUE,TRUE,Two years three ripes or one year two ripes grain fields and deciduous orchards,cropland_orchard,cropland,#FFB703,581987.788488805,866811,cropland,3,51,1,7,category largest observed area; global largest observed area,
27,climate,MAP,0.0667726228343101,0.0648959439993693,0.0658342834168397,0.0960429573510021,0.0928125054168614,0.0944277313839318,TRUE,TRUE,2,Precipitation,Annual,TRUE,4,TRUE,TRUE,Two years three ripes or one year two ripes grain fields and deciduous orchards,cropland_orchard,cropland,#FFB703,581987.788488805,866811,cropland,3,51,1,7,category largest observed area; global largest observed area,
27,climate,DD_18_sp,0.0613024759935462,0.0613775719756259,0.0613400239845861,0.0881749261515261,0.087780620488654,0.08797777332009,TRUE,TRUE,2,Growing season and degree-days,Spring,TRUE,5,TRUE,TRUE,Two years three ripes or one year two ripes grain fields and deciduous orchards,cropland_orchard,cropland,#FFB703,581987.788488805,866811,cropland,3,51,1,7,category largest observed area; global largest observed area,
27,climate,DD_18,0.0576400219727342,0.0568904503611127,0.0572652361669234,0.0829070049528381,0.0813632548801474,0.0821351299164928,TRUE,TRUE,2,Growing season and degree-days,Annual,TRUE,6,FALSE,TRUE,Two years three ripes or one year two ripes grain fields and deciduous orchards,cropland_orchard,cropland,#FFB703,581987.788488805,866811,cropland,3,51,1,7,category largest observed area; global largest observed area,
27,climate,TD,0.0586401749079632,0.0556687565440582,0.0571544657260107,0.0843455832447383,0.0796160198909434,0.0819808015678409,TRUE,TRUE,2,Temperature,Annual,TRUE,7,FALSE,TRUE,Two years three ripes or one year two ripes grain fields and deciduous orchards,cropland_orchard,cropland,#FFB703,581987.788488805,866811,cropland,3,51,1,7,category largest observed area; global largest observed area,
27,climate,RH_sm,0.0544983658538633,0.0549279774138786,0.0547131716338709,0.0783881777474884,0.0785565766839357,0.078472377215712,TRUE,TRUE,2,Humidity,Summer,TRUE,8,FALSE,TRUE,Two years three ripes or one year two ripes grain fields and deciduous orchards,cropland_orchard,cropland,#FFB703,581987.788488805,866811,cropland,3,51,1,7,category largest observed area; global largest observed area,
27,climate,Eref_sm,0.0479053993608518,0.04847878590717,0.0481920926340109,0.0689051295635623,0.0693331093181387,0.0691191194408505,TRUE,TRUE,2,Radiation and evaporative demand,Summer,TRUE,9,FALSE,TRUE,Two years three ripes or one year two ripes grain fields and deciduous orchards,cropland_orchard,cropland,#FFB703,581987.788488805,866811,cropland,3,51,1,7,category largest observed area; global largest observed area,
27,climate,PPT_sm,0.0458082292948697,0.0444864337800745,0.0451473315374721,0.0658886475585837,0.063623350270244,0.0647559989144139,TRUE,TRUE,2,Precipitation,Summer,TRUE,10,FALSE,TRUE,Two years three ripes or one year two ripes grain fields and deciduous orchards,cropland_orchard,cropland,#FFB703,581987.788488805,866811,cropland,3,51,1,7,category largest observed area; global largest observed area,
27,soil,T_CEC_CLAY,0.212152902621252,0.21200457250883,0.212078737565041,0.158416312646888,0.157038038890842,0.157727175768865,TRUE,TRUE,2,Nutrient retention and base status,"",TRUE,1,TRUE,TRUE,Two years three ripes or one year two ripes grain fields and deciduous orchards,cropland_orchard,cropland,#FFB703,581987.788488805,866811,cropland,3,51,1,7,category largest observed area; global largest observed area,
27,soil,T_PH_H2O,0.121640618749044,0.127331283937474,0.124485951343259,0.0908300478203269,0.0943180370232868,0.0925740424218068,TRUE,TRUE,2,Soil reaction,"",TRUE,2,TRUE,TRUE,Two years three ripes or one year two ripes grain fields and deciduous orchards,cropland_orchard,cropland,#FFB703,581987.788488805,866811,cropland,3,51,1,7,category largest observed area; global largest observed area,
27,soil,T_CLAY,0.112603306874545,0.111473681647188,0.112038494260866,0.0840818129118749,0.0825718433647811,0.083326828138328,TRUE,TRUE,2,Texture,"",TRUE,3,TRUE,TRUE,Two years three ripes or one year two ripes grain fields and deciduous orchards,cropland_orchard,cropland,#FFB703,581987.788488805,866811,cropland,3,51,1,7,category largest observed area; global largest observed area,
27,soil,T_SILT,0.105284126175064,0.107531042522604,0.106407584348834,0.0786165206453914,0.0796514142964261,0.0791339674709088,TRUE,TRUE,2,Texture,"",TRUE,4,TRUE,TRUE,Two years three ripes or one year two ripes grain fields and deciduous orchards,cropland_orchard,cropland,#FFB703,581987.788488805,866811,cropland,3,51,1,7,category largest observed area; global largest observed area,
27,soil,T_OC,0.106151208849899,0.104933366681684,0.105542287765791,0.0792639783912444,0.0777272391953667,0.0784956087933055,TRUE,TRUE,2,Organic carbon,"",TRUE,5,TRUE,TRUE,Two years three ripes or one year two ripes grain fields and deciduous orchards,cropland_orchard,cropland,#FFB703,581987.788488805,866811,cropland,3,51,1,7,category largest observed area; global largest observed area,
27,soil,T_TEB,0.104786201369271,0.100357924135237,0.102572062752254,0.0782447161085003,0.0743380739710087,0.0762913950397545,TRUE,TRUE,2,Nutrient retention and base status,"",TRUE,6,FALSE,TRUE,Two years three ripes or one year two ripes grain fields and deciduous orchards,cropland_orchard,cropland,#FFB703,581987.788488805,866811,cropland,3,51,1,7,category largest observed area; global largest observed area,
27,soil,T_GRAVEL,0.0890744046586638,0.0884550598282296,0.0887647322434467,0.0665125886230923,0.0655212713622899,0.0660169299926911,TRUE,TRUE,2,Coarse fragments,"",TRUE,7,FALSE,TRUE,Two years three ripes or one year two ripes grain fields and deciduous orchards,cropland_orchard,cropland,#FFB703,581987.788488805,866811,cropland,3,51,1,7,category largest observed area; global largest observed area,
27,soil,T_BS,0.0798982583280824,0.0766773107128658,0.0782877845204741,0.059660684887445,0.0567971452656792,0.0582289150765621,TRUE,TRUE,2,Nutrient retention and base status,"",TRUE,8,FALSE,TRUE,Two years three ripes or one year two ripes grain fields and deciduous orchards,cropland_orchard,cropland,#FFB703,581987.788488805,866811,cropland,3,51,1,7,category largest observed area; global largest observed area,
27,soil,T_CEC_SOIL,0.0684089723741782,0.0712357580258884,0.0698223652000333,0.0510815408207125,0.0527664267185661,0.0519239837696393,TRUE,TRUE,2,Nutrient retention and base status,"",TRUE,9,FALSE,TRUE,Two years three ripes or one year two ripes grain fields and deciduous orchards,cropland_orchard,cropland,#FFB703,581987.788488805,866811,cropland,3,51,1,7,category largest observed area; global largest observed area,
24,climate,PPT_sm,0.111273018126977,0.113779604580825,0.112526311353901,0.141766111379679,0.145979275668675,0.143872693524177,TRUE,TRUE,2,Precipitation,Summer,TRUE,1,TRUE,TRUE,Semi-shrub and dwarf semi-shrub deserts,semi_shrub_desert,desert,#9C6644,547719.084772723,846694,desert,4,50,1,8,category largest observed area; global largest observed area,
24,climate,CMD_sm,0.103814505620518,0.104468981180211,0.104141743400365,0.132263679141248,0.13403374232768,0.133148710734464,TRUE,TRUE,2,Climatic moisture balance,Summer,TRUE,2,TRUE,TRUE,Semi-shrub and dwarf semi-shrub deserts,semi_shrub_desert,desert,#9C6644,547719.084772723,846694,desert,4,50,1,8,category largest observed area; global largest observed area,
24,climate,AHM,0.0986275955397286,0.0984123686209402,0.0985199820803344,0.12565535589625,0.126263106125653,0.125959231010951,TRUE,TRUE,2,Climatic moisture balance,Annual,TRUE,3,TRUE,TRUE,Semi-shrub and dwarf semi-shrub deserts,semi_shrub_desert,desert,#9C6644,547719.084772723,846694,desert,4,50,1,8,category largest observed area; global largest observed area,
24,climate,CMD,0.0702785538657398,0.0711904028178229,0.0707344783417814,0.0895375847859547,0.0913373137144687,0.0904374492502117,TRUE,TRUE,2,Climatic moisture balance,Annual,TRUE,4,TRUE,TRUE,Semi-shrub and dwarf semi-shrub deserts,semi_shrub_desert,desert,#9C6644,547719.084772723,846694,desert,4,50,1,8,category largest observed area; global largest observed area,
24,climate,Tmin_sp,0.04897990125906,0.0465567123358982,0.0477683067974791,0.0624022809315188,0.0597322795183511,0.061067280224935,TRUE,TRUE,2,Temperature,Spring,TRUE,5,TRUE,TRUE,Semi-shrub and dwarf semi-shrub deserts,semi_shrub_desert,desert,#9C6644,547719.084772723,846694,desert,4,50,1,8,category largest observed area; global largest observed area,
24,climate,DD5_sp,0.047210616452439,0.0460324642186605,0.0466215403355498,0.0601481439342498,0.0590596689858487,0.0596039064600492,TRUE,TRUE,2,Growing season and degree-days,Spring,TRUE,6,FALSE,TRUE,Semi-shrub and dwarf semi-shrub deserts,semi_shrub_desert,desert,#9C6644,547719.084772723,846694,desert,4,50,1,8,category largest observed area; global largest observed area,
24,climate,DD_18_sp,0.0449560213687144,0.0444933336090427,0.0447246774888785,0.0572757029495841,0.0570849638321504,0.0571803333908673,TRUE,TRUE,2,Growing season and degree-days,Spring,TRUE,7,FALSE,TRUE,Semi-shrub and dwarf semi-shrub deserts,semi_shrub_desert,desert,#9C6644,547719.084772723,846694,desert,4,50,1,8,category largest observed area; global largest observed area,
24,climate,TD,0.0447639984081273,0.0440885124920266,0.0444262554500769,0.0570310583009866,0.0565655781860577,0.0567983182435221,TRUE,TRUE,2,Temperature,Annual,TRUE,8,FALSE,TRUE,Semi-shrub and dwarf semi-shrub deserts,semi_shrub_desert,desert,#9C6644,547719.084772723,846694,desert,4,50,1,8,category largest observed area; global largest observed area,
24,climate,DD_0,0.0443274386801077,0.0429870897902099,0.0436572642351588,0.0564748643910157,0.0551524524434557,0.0558136584172357,TRUE,TRUE,2,Growing season and degree-days,Annual,TRUE,9,FALSE,TRUE,Semi-shrub and dwarf semi-shrub deserts,semi_shrub_desert,desert,#9C6644,547719.084772723,846694,desert,4,50,1,8,category largest observed area; global largest observed area,
24,climate,DD_0_sp,0.0417624239955698,0.0398576276381124,0.0408100258168411,0.0532069368774134,0.0511373513198513,0.0521721440986324,TRUE,TRUE,2,Growing season and degree-days,Spring,TRUE,10,FALSE,TRUE,Semi-shrub and dwarf semi-shrub deserts,semi_shrub_desert,desert,#9C6644,547719.084772723,846694,desert,4,50,1,8,category largest observed area; global largest observed area,
24,soil,T_OC,0.200214019769558,0.204591579371238,0.202402799570398,0.132906379856767,0.13421988595713,0.133563132906948,TRUE,TRUE,2,Organic carbon,"",TRUE,1,TRUE,TRUE,Semi-shrub and dwarf semi-shrub deserts,semi_shrub_desert,desert,#9C6644,547719.084772723,846694,desert,4,50,1,8,category largest observed area; global largest observed area,
24,soil,T_CASO4,0.175755528910842,0.171064935821569,0.173410232366206,0.116670306676011,0.112225127973485,0.114447717324748,TRUE,TRUE,2,Gypsum,"",TRUE,2,TRUE,TRUE,Semi-shrub and dwarf semi-shrub deserts,semi_shrub_desert,desert,#9C6644,547719.084772723,846694,desert,4,50,1,8,category largest observed area; global largest observed area,
24,soil,T_TEB,0.127875744557893,0.126720107650214,0.127297926104053,0.0848866742710607,0.0831332279146476,0.0840099510928541,TRUE,TRUE,2,Nutrient retention and base status,"",TRUE,3,TRUE,TRUE,Semi-shrub and dwarf semi-shrub deserts,semi_shrub_desert,desert,#9C6644,547719.084772723,846694,desert,4,50,1,8,category largest observed area; global largest observed area,
24,soil,T_PH_H2O,0.123890036458257,0.126300121688264,0.12509507907326,0.0822408753639803,0.0828577010914534,0.0825492882277169,TRUE,TRUE,2,Soil reaction,"",TRUE,4,TRUE,TRUE,Semi-shrub and dwarf semi-shrub deserts,semi_shrub_desert,desert,#9C6644,547719.084772723,846694,desert,4,50,1,8,category largest observed area; global largest observed area,
24,soil,T_REF_BULK_DENSITY,0.0974394002263146,0.100768526238088,0.0991039632322013,0.0646823731644748,0.0661079998566431,0.0653951865105589,TRUE,TRUE,2,Bulk density,"",TRUE,5,TRUE,TRUE,Semi-shrub and dwarf semi-shrub deserts,semi_shrub_desert,desert,#9C6644,547719.084772723,846694,desert,4,50,1,8,category largest observed area; global largest observed area,
24,soil,T_SILT,0.0875078156434033,0.0857993475299861,0.0866535815866947,0.0580895733461839,0.0562876472045544,0.0571886102753692,TRUE,TRUE,2,Texture,"",TRUE,6,FALSE,TRUE,Semi-shrub and dwarf semi-shrub deserts,semi_shrub_desert,desert,#9C6644,547719.084772723,846694,desert,4,50,1,8,category largest observed area; global largest observed area,
24,soil,T_CEC_CLAY,0.0679923566943299,0.0620276857089279,0.0650100212016289,0.0451347912427628,0.0406925296125231,0.0429136604276429,TRUE,TRUE,2,Nutrient retention and base status,"",TRUE,7,FALSE,TRUE,Semi-shrub and dwarf semi-shrub deserts,semi_shrub_desert,desert,#9C6644,547719.084772723,846694,desert,4,50,1,8,category largest observed area; global largest observed area,
24,soil,T_SAND,0.0616871142133388,0.0622394364725257,0.0619632753429323,0.0409492354398667,0.0408314461966209,0.0408903408182438,TRUE,TRUE,2,Texture,"",TRUE,8,FALSE,TRUE,Semi-shrub and dwarf semi-shrub deserts,semi_shrub_desert,desert,#9C6644,547719.084772723,846694,desert,4,50,1,8,category largest observed area; global largest observed area,
24,soil,T_CLAY,0.0576379835260639,0.0604882595191866,0.0590631215226252,0.0382613352526967,0.0396826072674222,0.0389719712600594,TRUE,TRUE,2,Texture,"",TRUE,9,FALSE,TRUE,Semi-shrub and dwarf semi-shrub deserts,semi_shrub_desert,desert,#9C6644,547719.084772723,846694,desert,4,50,1,8,category largest observed area; global largest observed area,
29,climate,PPT_sm,0.099726231985891,0.0981877831513847,0.0989570075686378,0.153068995431098,0.150919905635737,0.151994450533418,TRUE,TRUE,2,Precipitation,Summer,TRUE,1,TRUE,TRUE,Dwarf semi-arboreous deserts,semi_arboreous_desert,desert,#7F5539,102358.514043218,164699,desert,26,28,5,4,category profile medoid,0.643066987385282
29,climate,AHM,0.0812442097694809,0.0832119810454512,0.082228095407466,0.12470108743071,0.127901292035282,0.126301189732996,TRUE,TRUE,2,Climatic moisture balance,Annual,TRUE,2,TRUE,TRUE,Dwarf semi-arboreous deserts,semi_arboreous_desert,desert,#7F5539,102358.514043218,164699,desert,26,28,5,4,category profile medoid,0.643066987385282
29,climate,TD,0.0738188857674258,0.0745516805439392,0.0741852831556825,0.113304017039985,0.114589944202424,0.113946980621205,TRUE,TRUE,2,Temperature,Annual,TRUE,3,TRUE,TRUE,Dwarf semi-arboreous deserts,semi_arboreous_desert,desert,#7F5539,102358.514043218,164699,desert,26,28,5,4,category profile medoid,0.643066987385282
29,climate,PPT_at,0.065719226679128,0.06810720228162,0.066913214480374,0.10087191512165,0.104684434372131,0.10277817474689,TRUE,TRUE,2,Precipitation,Autumn,TRUE,4,TRUE,TRUE,Dwarf semi-arboreous deserts,semi_arboreous_desert,desert,#7F5539,102358.514043218,164699,desert,26,28,5,4,category profile medoid,0.643066987385282
29,climate,Tmax_wt,0.0537751623083026,0.0532428646352835,0.053509013471793,0.0825390662994334,0.0818371476433521,0.0821881069713928,TRUE,TRUE,2,Temperature,Winter,TRUE,5,TRUE,TRUE,Dwarf semi-arboreous deserts,semi_arboreous_desert,desert,#7F5539,102358.514043218,164699,desert,26,28,5,4,category profile medoid,0.643066987385282
29,climate,DD_18_wt,0.0471056094643021,0.0493752203981578,0.04824041493123,0.0723020230112621,0.0758923703547188,0.0740971966829904,TRUE,TRUE,2,Growing season and degree-days,Winter,TRUE,6,FALSE,TRUE,Dwarf semi-arboreous deserts,semi_arboreous_desert,desert,#7F5539,102358.514043218,164699,desert,26,28,5,4,category profile medoid,0.643066987385282
29,climate,Eref_at,0.0489630036726136,0.0473138682801543,0.0481384359763839,0.0751529225180839,0.0727239612395902,0.073938441878837,TRUE,TRUE,2,Radiation and evaporative demand,Autumn,TRUE,7,FALSE,TRUE,Dwarf semi-arboreous deserts,semi_arboreous_desert,desert,#7F5539,102358.514043218,164699,desert,26,28,5,4,category profile medoid,0.643066987385282
29,climate,Tmin_sp,0.048110254454241,0.0470790969796662,0.0475946757169536,0.0738440445668001,0.0723631051190175,0.0731035748429088,TRUE,TRUE,2,Temperature,Spring,TRUE,8,FALSE,TRUE,Dwarf semi-arboreous deserts,semi_arboreous_desert,desert,#7F5539,102358.514043218,164699,desert,26,28,5,4,category profile medoid,0.643066987385282
29,climate,PPT_sp,0.0462985018516147,0.0469962179389619,0.0466473598952883,0.0710631999953045,0.0722357155742001,0.0716494577847523,TRUE,TRUE,2,Precipitation,Spring,TRUE,9,FALSE,TRUE,Dwarf semi-arboreous deserts,semi_arboreous_desert,desert,#7F5539,102358.514043218,164699,desert,26,28,5,4,category profile medoid,0.643066987385282
29,climate,DD_0,0.0452196833944339,0.0450329323896082,0.0451263078920211,0.0694073301784587,0.0692180400514966,0.0693126851149777,TRUE,TRUE,2,Growing season and degree-days,Annual,TRUE,10,FALSE,TRUE,Dwarf semi-arboreous deserts,semi_arboreous_desert,desert,#7F5539,102358.514043218,164699,desert,26,28,5,4,category profile medoid,0.643066987385282
29,soil,T_OC,0.308447806799595,0.309191271021415,0.308819538910505,0.195839854891067,0.196755518950056,0.196297686920561,TRUE,TRUE,2,Organic carbon,"",TRUE,1,TRUE,TRUE,Dwarf semi-arboreous deserts,semi_arboreous_desert,desert,#7F5539,102358.514043218,164699,desert,26,28,5,4,category profile medoid,0.643066987385282
29,soil,T_TEB,0.153953483758084,0.157799246736601,0.155876365247343,0.0977482324545967,0.100416394612374,0.0990823135334853,TRUE,TRUE,2,Nutrient retention and base status,"",TRUE,2,TRUE,TRUE,Dwarf semi-arboreous deserts,semi_arboreous_desert,desert,#7F5539,102358.514043218,164699,desert,26,28,5,4,category profile medoid,0.643066987385282
29,soil,T_CEC_CLAY,0.106736547661014,0.101676684823141,0.104206616242078,0.0677692288442426,0.0647025021806413,0.066235865512442,TRUE,TRUE,2,Nutrient retention and base status,"",TRUE,3,TRUE,TRUE,Dwarf semi-arboreous deserts,semi_arboreous_desert,desert,#7F5539,102358.514043218,164699,desert,26,28,5,4,category profile medoid,0.643066987385282
29,soil,T_ESP,0.0968556479824552,0.0987975188210313,0.0978265834017433,0.0614956424656581,0.0628703294966679,0.062182985981163,TRUE,TRUE,2,Sodicity,"",TRUE,4,TRUE,TRUE,Dwarf semi-arboreous deserts,semi_arboreous_desert,desert,#7F5539,102358.514043218,164699,desert,26,28,5,4,category profile medoid,0.643066987385282
29,soil,T_PH_H2O,0.0903398827098298,0.0884771857136644,0.0894085342117471,0.0573586491158422,0.0563029303279612,0.0568307897219017,TRUE,TRUE,2,Soil reaction,"",TRUE,5,TRUE,TRUE,Dwarf semi-arboreous deserts,semi_arboreous_desert,desert,#7F5539,102358.514043218,164699,desert,26,28,5,4,category profile medoid,0.643066987385282
29,soil,T_CEC_SOIL,0.0668799183661747,0.0669137431689244,0.0668968307675496,0.0424634353664506,0.0425809183376998,0.0425221768520752,TRUE,TRUE,2,Nutrient retention and base status,"",TRUE,6,FALSE,TRUE,Dwarf semi-arboreous deserts,semi_arboreous_desert,desert,#7F5539,102358.514043218,164699,desert,26,28,5,4,category profile medoid,0.643066987385282
29,soil,T_CACO3,0.0654638499573999,0.063205260864661,0.0643345554110305,0.0415643444162904,0.0402210057894509,0.0408926751028707,TRUE,TRUE,2,Carbonates,"",TRUE,7,FALSE,TRUE,Dwarf semi-arboreous deserts,semi_arboreous_desert,desert,#7F5539,102358.514043218,164699,desert,26,28,5,4,category profile medoid,0.643066987385282
29,soil,T_CLAY,0.0623502818573311,0.0654870248371624,0.0639186533472468,0.0395874760078627,0.0416730184968212,0.0406302472523419,TRUE,TRUE,2,Texture,"",TRUE,8,FALSE,TRUE,Dwarf semi-arboreous deserts,semi_arboreous_desert,desert,#7F5539,102358.514043218,164699,desert,26,28,5,4,category profile medoid,0.643066987385282
29,soil,T_REF_BULK_DENSITY,0.0489725809081159,0.0484520640133991,0.0487123224607575,0.0310936986007418,0.0308327300692049,0.0309632143349733,TRUE,TRUE,2,Bulk density,"",TRUE,9,FALSE,TRUE,Dwarf semi-arboreous deserts,semi_arboreous_desert,desert,#7F5539,102358.514043218,164699,desert,26,28,5,4,category profile medoid,0.643066987385282
38,climate,PPT_sm,0.107076702233885,0.105965831622857,0.106521266928371,0.176757830043979,0.173788973711905,0.175273401877942,TRUE,TRUE,2,Precipitation,Summer,TRUE,1,TRUE,TRUE,Annual herb deserts,annual_herb_desert,desert,#F4A261,19641.7789199388,30035,desert,40,14,8,1,category smallest observed area,
38,climate,MAP,0.094021806655192,0.090115310423479,0.0920685585393355,0.155207343656191,0.147793369564308,0.15150035661025,TRUE,TRUE,2,Precipitation,Annual,TRUE,2,TRUE,TRUE,Annual herb deserts,annual_herb_desert,desert,#F4A261,19641.7789199388,30035,desert,40,14,8,1,category smallest observed area,
38,climate,AHM,0.0784997083008623,0.0761976843622547,0.0773486963315585,0.129584100078446,0.12496780482666,0.127275952452553,TRUE,TRUE,2,Climatic moisture balance,Annual,TRUE,3,TRUE,TRUE,Annual herb deserts,annual_herb_desert,desert,#F4A261,19641.7789199388,30035,desert,40,14,8,1,category smallest observed area,
38,climate,PPT_at,0.0700742234270639,0.0731964029210383,0.0716353131740511,0.115675655082559,0.120045561368543,0.117860608225551,TRUE,TRUE,2,Precipitation,Autumn,TRUE,4,TRUE,TRUE,Annual herb deserts,annual_herb_desert,desert,#F4A261,19641.7789199388,30035,desert,40,14,8,1,category smallest observed area,
38,climate,TD,0.0648230101119871,0.0698572268599698,0.0673401184859785,0.107007167434857,0.114569154758893,0.110788161096875,TRUE,TRUE,2,Temperature,Annual,TRUE,5,TRUE,TRUE,Annual herb deserts,annual_herb_desert,desert,#F4A261,19641.7789199388,30035,desert,40,14,8,1,category smallest observed area,
38,climate,PPT_sp,0.0523109406652402,0.0504296824972493,0.0513703115812448,0.0863527561705305,0.0827070635089863,0.0845299098397584,TRUE,TRUE,2,Precipitation,Spring,TRUE,6,FALSE,TRUE,Annual herb deserts,annual_herb_desert,desert,#F4A261,19641.7789199388,30035,desert,40,14,8,1,category smallest observed area,
38,climate,DD_18_wt,0.0485108499509179,0.044960849148668,0.046735849549793,0.0800797222180399,0.0737379182619217,0.0769088202399808,TRUE,TRUE,2,Growing season and degree-days,Winter,TRUE,7,FALSE,TRUE,Annual herb deserts,annual_herb_desert,desert,#F4A261,19641.7789199388,30035,desert,40,14,8,1,category smallest observed area,
38,climate,RH_sp,0.043799121000777,0.0427138910386827,0.0432565060197299,0.0723017932418266,0.0700528007299063,0.0711772969858665,TRUE,TRUE,2,Humidity,Spring,TRUE,8,FALSE,TRUE,Annual herb deserts,annual_herb_desert,desert,#F4A261,19641.7789199388,30035,desert,40,14,8,1,category smallest observed area,
38,climate,DD_0_wt,0.0418845347390798,0.0416218235556342,0.041753179147357,0.0691412727365311,0.0682617584269628,0.068701515581747,TRUE,TRUE,2,Growing season and degree-days,Winter,TRUE,9,FALSE,TRUE,Annual herb deserts,annual_herb_desert,desert,#F4A261,19641.7789199388,30035,desert,40,14,8,1,category smallest observed area,
38,climate,MCMT,0.0398464638243591,0.0414651666069915,0.0406558152156753,0.0657769088287326,0.0680048336247646,0.0668908712267486,TRUE,TRUE,2,Temperature,Annual,TRUE,10,FALSE,TRUE,Annual herb deserts,annual_herb_desert,desert,#F4A261,19641.7789199388,30035,desert,40,14,8,1,category smallest observed area,
38,soil,T_CACO3,0.19529021486272,0.1937319570301,0.19451108594641,0.135318734012212,0.134817762282839,0.135068248147525,TRUE,TRUE,2,Carbonates,"",TRUE,1,TRUE,TRUE,Annual herb deserts,annual_herb_desert,desert,#F4A261,19641.7789199388,30035,desert,40,14,8,1,category smallest observed area,
38,soil,T_OC,0.178561164278961,0.170202517320838,0.1743818407999,0.123726991190833,0.118443662428581,0.121085326809707,TRUE,TRUE,2,Organic carbon,"",TRUE,2,TRUE,TRUE,Annual herb deserts,annual_herb_desert,desert,#F4A261,19641.7789199388,30035,desert,40,14,8,1,category smallest observed area,
38,soil,T_ECE,0.137753587641018,0.145826925073883,0.141790256357451,0.0954509733031239,0.101480726362525,0.0984658498328247,TRUE,TRUE,2,Salinity,"",TRUE,3,TRUE,TRUE,Annual herb deserts,annual_herb_desert,desert,#F4A261,19641.7789199388,30035,desert,40,14,8,1,category smallest observed area,
38,soil,T_GRAVEL,0.119215146650771,0.119219513119208,0.11921732988499,0.0826054840033978,0.0829646704941094,0.0827850772487536,TRUE,TRUE,2,Coarse fragments,"",TRUE,4,TRUE,TRUE,Annual herb deserts,annual_herb_desert,desert,#F4A261,19641.7789199388,30035,desert,40,14,8,1,category smallest observed area,
38,soil,T_CEC_SOIL,0.118146027471404,0.11419319132619,0.116169609398797,0.0818646795859219,0.0794668611133737,0.0806657703496478,TRUE,TRUE,2,Nutrient retention and base status,"",TRUE,5,TRUE,TRUE,Annual herb deserts,annual_herb_desert,desert,#F4A261,19641.7789199388,30035,desert,40,14,8,1,category smallest observed area,
38,soil,T_SILT,0.0900960765803273,0.089703560255444,0.0898998184178857,0.0624285606469703,0.0624245656103282,0.0624265631286492,TRUE,TRUE,2,Texture,"",TRUE,6,FALSE,TRUE,Annual herb deserts,annual_herb_desert,desert,#F4A261,19641.7789199388,30035,desert,40,14,8,1,category smallest observed area,
38,soil,T_SAND,0.0676053889338957,0.0699783446524927,0.0687918667931942,0.0468445162465962,0.0486978192908076,0.0477711677687019,TRUE,TRUE,2,Texture,"",TRUE,7,FALSE,TRUE,Annual herb deserts,annual_herb_desert,desert,#F4A261,19641.7789199388,30035,desert,40,14,8,1,category smallest observed area,
38,soil,T_CLAY,0.0549816133707103,0.0581099247447102,0.0565457690577102,0.0380973635596818,0.0404386046608138,0.0392679841102478,TRUE,TRUE,2,Texture,"",TRUE,8,FALSE,TRUE,Annual herb deserts,annual_herb_desert,desert,#F4A261,19641.7789199388,30035,desert,40,14,8,1,category smallest observed area,
38,soil,T_REF_BULK_DENSITY,0.0383507802101918,0.0390340664771343,0.038692423343663,0.0265736766692165,0.0271637450832605,0.0268687108762385,TRUE,TRUE,2,Bulk density,"",TRUE,9,FALSE,TRUE,Annual herb deserts,annual_herb_desert,desert,#F4A261,19641.7789199388,30035,desert,40,14,8,1,category smallest observed area,
30,climate,DD_18_wt,0.0962841684237698,0.0962477275970318,0.0962659480104008,0.09600908027415,0.0962460778307049,0.0961275790524275,TRUE,TRUE,2,Growing season and degree-days,Winter,TRUE,1,TRUE,TRUE,Needleleaf forests in subtropical zone,subtropical_needleleaf_forest,forest,#1B9AAA,440947.400872453,580358,forest,8,46,1,15,category largest observed area; category profile medoid,0.746710668175137
30,climate,PPT_at,0.0870148791588937,0.0894066684392776,0.0882107737990856,0.0867662737807814,0.0894051359344105,0.0880857048575959,TRUE,TRUE,2,Precipitation,Autumn,TRUE,2,TRUE,TRUE,Needleleaf forests in subtropical zone,subtropical_needleleaf_forest,forest,#1B9AAA,440947.400872453,580358,forest,8,46,1,15,category largest observed area; category profile medoid,0.746710668175137
30,climate,MAP,0.0818240426520299,0.0779564054468437,0.0798902240494368,0.0815902677245829,0.0779550692090345,0.0797726684668087,TRUE,TRUE,2,Precipitation,Annual,TRUE,3,TRUE,TRUE,Needleleaf forests in subtropical zone,subtropical_needleleaf_forest,forest,#1B9AAA,440947.400872453,580358,forest,8,46,1,15,category largest observed area; category profile medoid,0.746710668175137
30,climate,PPT_sp,0.0809495258731638,0.0768608304229542,0.078905178148059,0.0807182494790318,0.0768595129642147,0.0787888812216232,TRUE,TRUE,2,Precipitation,Spring,TRUE,4,TRUE,TRUE,Needleleaf forests in subtropical zone,subtropical_needleleaf_forest,forest,#1B9AAA,440947.400872453,580358,forest,8,46,1,15,category largest observed area; category profile medoid,0.746710668175137
30,climate,PPT_wt,0.0731743277469279,0.0735926267155803,0.0733834772312541,0.0729652654394986,0.0735913652765782,0.0732783153580384,TRUE,TRUE,2,Precipitation,Winter,TRUE,5,TRUE,TRUE,Needleleaf forests in subtropical zone,subtropical_needleleaf_forest,forest,#1B9AAA,440947.400872453,580358,forest,8,46,1,15,category largest observed area; category profile medoid,0.746710668175137
30,climate,TD,0.0521748290753499,0.0522185558165377,0.0521966924459438,0.0520257632691843,0.0522176607469379,0.0521217120080611,TRUE,TRUE,2,Temperature,Annual,TRUE,6,FALSE,TRUE,Needleleaf forests in subtropical zone,subtropical_needleleaf_forest,forest,#1B9AAA,440947.400872453,580358,forest,8,46,1,15,category largest observed area; category profile medoid,0.746710668175137
30,climate,CMD_sp,0.0521963494750885,0.051990165013261,0.0520932572441747,0.0520472221841841,0.0519892738584701,0.0520182480213271,TRUE,TRUE,2,Climatic moisture balance,Spring,TRUE,7,FALSE,TRUE,Needleleaf forests in subtropical zone,subtropical_needleleaf_forest,forest,#1B9AAA,440947.400872453,580358,forest,8,46,1,15,category largest observed area; category profile medoid,0.746710668175137
30,climate,RH_wt,0.0475949221056703,0.0470282764151154,0.0473115992603929,0.0474589412973226,0.0470274703112336,0.0472432058042781,TRUE,TRUE,2,Humidity,Winter,TRUE,8,FALSE,TRUE,Needleleaf forests in subtropical zone,subtropical_needleleaf_forest,forest,#1B9AAA,440947.400872453,580358,forest,8,46,1,15,category largest observed area; category profile medoid,0.746710668175137
30,climate,Eref_sp,0.0445603123670723,0.0466754718473142,0.0456178921071932,0.0444330015736552,0.0466746717907968,0.045553836682226,TRUE,TRUE,2,Radiation and evaporative demand,Spring,TRUE,9,FALSE,TRUE,Needleleaf forests in subtropical zone,subtropical_needleleaf_forest,forest,#1B9AAA,440947.400872453,580358,forest,8,46,1,15,category largest observed area; category profile medoid,0.746710668175137
30,climate,DD18,0.041726830338266,0.0421603648573929,0.0419435975978295,0.0416076149289711,0.0421596421935752,0.0418836285612732,TRUE,TRUE,2,Growing season and degree-days,Annual,TRUE,10,FALSE,TRUE,Needleleaf forests in subtropical zone,subtropical_needleleaf_forest,forest,#1B9AAA,440947.400872453,580358,forest,8,46,1,15,category largest observed area; category profile medoid,0.746710668175137
30,soil,T_BS,0.198234038086197,0.19786104908121,0.198047543583703,0.118605712063678,0.120996850029973,0.119801281046825,TRUE,TRUE,2,Nutrient retention and base status,"",TRUE,1,TRUE,TRUE,Needleleaf forests in subtropical zone,subtropical_needleleaf_forest,forest,#1B9AAA,440947.400872453,580358,forest,8,46,1,15,category largest observed area; category profile medoid,0.746710668175137
30,soil,T_CEC_CLAY,0.173829958218881,0.171736704533118,0.172783331375999,0.104004469522963,0.105021177131769,0.104512823327366,TRUE,TRUE,2,Nutrient retention and base status,"",TRUE,2,TRUE,TRUE,Needleleaf forests in subtropical zone,subtropical_needleleaf_forest,forest,#1B9AAA,440947.400872453,580358,forest,8,46,1,15,category largest observed area; category profile medoid,0.746710668175137
30,soil,T_TEB,0.151455338313082,0.153959246492716,0.152707292402899,0.0906174762916214,0.0941498286050272,0.0923836524483243,TRUE,TRUE,2,Nutrient retention and base status,"",TRUE,3,TRUE,TRUE,Needleleaf forests in subtropical zone,subtropical_needleleaf_forest,forest,#1B9AAA,440947.400872453,580358,forest,8,46,1,15,category largest observed area; category profile medoid,0.746710668175137
30,soil,T_PH_H2O,0.102332632659928,0.105882641064106,0.104107636862017,0.0612267947581435,0.0647498135742358,0.0629883041661896,TRUE,TRUE,2,Soil reaction,"",TRUE,4,TRUE,TRUE,Needleleaf forests in subtropical zone,subtropical_needleleaf_forest,forest,#1B9AAA,440947.400872453,580358,forest,8,46,1,15,category largest observed area; category profile medoid,0.746710668175137
30,soil,T_SILT,0.0875710339529383,0.0931507934154952,0.0903609136842168,0.0523947599434184,0.0569639786779946,0.0546793693107065,TRUE,TRUE,2,Texture,"",TRUE,5,TRUE,TRUE,Needleleaf forests in subtropical zone,subtropical_needleleaf_forest,forest,#1B9AAA,440947.400872453,580358,forest,8,46,1,15,category largest observed area; category profile medoid,0.746710668175137
30,soil,T_SAND,0.0871973304288021,0.0849503901415435,0.0860738602851728,0.0521711688134148,0.0519492323712751,0.0520602005923449,TRUE,TRUE,2,Texture,"",TRUE,6,FALSE,TRUE,Needleleaf forests in subtropical zone,subtropical_needleleaf_forest,forest,#1B9AAA,440947.400872453,580358,forest,8,46,1,15,category largest observed area; category profile medoid,0.746710668175137
30,soil,T_OC,0.0839159667277495,0.0754789548151858,0.0796974607714677,0.0502078910531443,0.0461572190110229,0.0481825550320836,TRUE,TRUE,2,Organic carbon,"",TRUE,7,FALSE,TRUE,Needleleaf forests in subtropical zone,subtropical_needleleaf_forest,forest,#1B9AAA,440947.400872453,580358,forest,8,46,1,15,category largest observed area; category profile medoid,0.746710668175137
30,soil,T_REF_BULK_DENSITY,0.0636418234756674,0.065165833435069,0.0644038284553682,0.0380776372374569,0.039850494131288,0.0389640656843725,TRUE,TRUE,2,Bulk density,"",TRUE,8,FALSE,TRUE,Needleleaf forests in subtropical zone,subtropical_needleleaf_forest,forest,#1B9AAA,440947.400872453,580358,forest,8,46,1,15,category largest observed area; category profile medoid,0.746710668175137
30,soil,T_CLAY,0.0518218781367551,0.0518143870215571,0.0518181325791561,0.0310056275714587,0.0316857595011999,0.0313456935363293,TRUE,TRUE,2,Texture,"",TRUE,9,FALSE,TRUE,Needleleaf forests in subtropical zone,subtropical_needleleaf_forest,forest,#1B9AAA,440947.400872453,580358,forest,8,46,1,15,category largest observed area; category profile medoid,0.746710668175137
34,climate,TD,0.146963691313727,0.144284171079945,0.145623931196836,0.188143473420911,0.185366567520604,0.186755020470758,TRUE,TRUE,2,Temperature,Annual,TRUE,1,TRUE,TRUE,"Needleleaf, evergreen and deciduous broadleaf mixed forests on mountains in subtropical zone",subtropical_mixed_forest,forest,#2A9D8F,3904.5141748997,5163,forest,50,4,15,1,category smallest observed area; global smallest observed area,
34,climate,PPT_sp,0.0942400276992134,0.0988307185154005,0.0965353731073069,0.120646439866312,0.126971038608553,0.123808739237433,TRUE,TRUE,2,Precipitation,Spring,TRUE,2,TRUE,TRUE,"Needleleaf, evergreen and deciduous broadleaf mixed forests on mountains in subtropical zone",subtropical_mixed_forest,forest,#2A9D8F,3904.5141748997,5163,forest,50,4,15,1,category smallest observed area; global smallest observed area,
34,climate,EXT,0.0853311082745419,0.0847217039538822,0.0850264061142121,0.109241207526261,0.108844728696721,0.109042968111491,TRUE,TRUE,2,Temperature,Annual,TRUE,3,TRUE,TRUE,"Needleleaf, evergreen and deciduous broadleaf mixed forests on mountains in subtropical zone",subtropical_mixed_forest,forest,#2A9D8F,3904.5141748997,5163,forest,50,4,15,1,category smallest observed area; global smallest observed area,
34,climate,MAP,0.0632495084344284,0.0629274208381201,0.0630884646362743,0.080972259900681,0.0808449043050172,0.0809085821028491,TRUE,TRUE,2,Precipitation,Annual,TRUE,4,TRUE,TRUE,"Needleleaf, evergreen and deciduous broadleaf mixed forests on mountains in subtropical zone",subtropical_mixed_forest,forest,#2A9D8F,3904.5141748997,5163,forest,50,4,15,1,category smallest observed area; global smallest observed area,
34,climate,MCMT,0.0600776557186041,0.0586751103094868,0.0593763830140454,0.0769116420582724,0.0753818226597844,0.0761467323590284,TRUE,TRUE,2,Temperature,Annual,TRUE,5,TRUE,TRUE,"Needleleaf, evergreen and deciduous broadleaf mixed forests on mountains in subtropical zone",subtropical_mixed_forest,forest,#2A9D8F,3904.5141748997,5163,forest,50,4,15,1,category smallest observed area; global smallest observed area,
34,climate,EMT,0.0547950887884433,0.0536852160563883,0.0542401524224158,0.0701488798961733,0.0689711432133525,0.0695600115547629,TRUE,TRUE,2,Temperature,Annual,TRUE,6,FALSE,TRUE,"Needleleaf, evergreen and deciduous broadleaf mixed forests on mountains in subtropical zone",subtropical_mixed_forest,forest,#2A9D8F,3904.5141748997,5163,forest,50,4,15,1,category smallest observed area; global smallest observed area,
34,climate,DD_18_wt,0.0475486653819546,0.0492187757522745,0.0483837205671145,0.0608719812459825,0.0632329620808531,0.0620524716634178,TRUE,TRUE,2,Growing season and degree-days,Winter,TRUE,7,FALSE,TRUE,"Needleleaf, evergreen and deciduous broadleaf mixed forests on mountains in subtropical zone",subtropical_mixed_forest,forest,#2A9D8F,3904.5141748997,5163,forest,50,4,15,1,category smallest observed area; global smallest observed area,
34,climate,Tmax_wt,0.0472357137814079,0.0481930291624697,0.0477143714719388,0.0604713394234129,0.0619151520738723,0.0611932457486426,TRUE,TRUE,2,Temperature,Winter,TRUE,8,FALSE,TRUE,"Needleleaf, evergreen and deciduous broadleaf mixed forests on mountains in subtropical zone",subtropical_mixed_forest,forest,#2A9D8F,3904.5141748997,5163,forest,50,4,15,1,category smallest observed area; global smallest observed area,
34,climate,MWMT,0.0450773292320002,0.0444469065638667,0.0447621178979335,0.05770816736048,0.0571023865264329,0.0574052769434565,TRUE,TRUE,2,Temperature,Annual,TRUE,9,FALSE,TRUE,"Needleleaf, evergreen and deciduous broadleaf mixed forests on mountains in subtropical zone",subtropical_mixed_forest,forest,#2A9D8F,3904.5141748997,5163,forest,50,4,15,1,category smallest observed area; global smallest observed area,
34,climate,PPT_sm,0.042449023932707,0.0428581208503325,0.0426535723915197,0.0543434009763532,0.0550612218439922,0.0547023114101727,TRUE,TRUE,2,Precipitation,Summer,TRUE,10,FALSE,TRUE,"Needleleaf, evergreen and deciduous broadleaf mixed forests on mountains in subtropical zone",subtropical_mixed_forest,forest,#2A9D8F,3904.5141748997,5163,forest,50,4,15,1,category smallest observed area; global smallest observed area,
34,soil,T_TEB,0.171256960342377,0.165792849098916,0.168524904720647,0.0816632631167485,0.0787420852311062,0.0802026741739273,TRUE,TRUE,2,Nutrient retention and base status,"",TRUE,1,TRUE,TRUE,"Needleleaf, evergreen and deciduous broadleaf mixed forests on mountains in subtropical zone",subtropical_mixed_forest,forest,#2A9D8F,3904.5141748997,5163,forest,50,4,15,1,category smallest observed area; global smallest observed area,
34,soil,T_SAND,0.161103641040169,0.171653793878143,0.166378717459156,0.0768216894719346,0.0815256975271069,0.0791736934995208,TRUE,TRUE,2,Texture,"",TRUE,2,TRUE,TRUE,"Needleleaf, evergreen and deciduous broadleaf mixed forests on mountains in subtropical zone",subtropical_mixed_forest,forest,#2A9D8F,3904.5141748997,5163,forest,50,4,15,1,category smallest observed area; global smallest observed area,
34,soil,T_PH_H2O,0.152292970605386,0.135339160603934,0.14381606560466,0.0726203530911406,0.0642783315281781,0.0684493423096594,TRUE,TRUE,2,Soil reaction,"",TRUE,3,TRUE,TRUE,"Needleleaf, evergreen and deciduous broadleaf mixed forests on mountains in subtropical zone",subtropical_mixed_forest,forest,#2A9D8F,3904.5141748997,5163,forest,50,4,15,1,category smallest observed area; global smallest observed area,
34,soil,T_BS,0.132139796008046,0.13972747052719,0.135933633267618,0.0630103845591162,0.0663625268108793,0.0646864556849978,TRUE,TRUE,2,Nutrient retention and base status,"",TRUE,4,TRUE,TRUE,"Needleleaf, evergreen and deciduous broadleaf mixed forests on mountains in subtropical zone",subtropical_mixed_forest,forest,#2A9D8F,3904.5141748997,5163,forest,50,4,15,1,category smallest observed area; global smallest observed area,
34,soil,T_OC,0.103447898935926,0.10074839684875,0.102098147892338,0.0493287570489999,0.0478497045842336,0.0485892308166168,TRUE,TRUE,2,Organic carbon,"",TRUE,5,TRUE,TRUE,"Needleleaf, evergreen and deciduous broadleaf mixed forests on mountains in subtropical zone",subtropical_mixed_forest,forest,#2A9D8F,3904.5141748997,5163,forest,50,4,15,1,category smallest observed area; global smallest observed area,
34,soil,T_CLAY,0.0879821751891087,0.0870868293874355,0.0875345022882721,0.0419539825282894,0.0413612443443864,0.0416576134363379,TRUE,TRUE,2,Texture,"",TRUE,6,FALSE,TRUE,"Needleleaf, evergreen and deciduous broadleaf mixed forests on mountains in subtropical zone",subtropical_mixed_forest,forest,#2A9D8F,3904.5141748997,5163,forest,50,4,15,1,category smallest observed area; global smallest observed area,
34,soil,T_CEC_SOIL,0.0728927255683517,0.0733875682626673,0.0731401469155095,0.034758632965835,0.0348548817783743,0.0348067573721047,TRUE,TRUE,2,Nutrient retention and base status,"",TRUE,7,FALSE,TRUE,"Needleleaf, evergreen and deciduous broadleaf mixed forests on mountains in subtropical zone",subtropical_mixed_forest,forest,#2A9D8F,3904.5141748997,5163,forest,50,4,15,1,category smallest observed area; global smallest observed area,
34,soil,T_GRAVEL,0.0603943743202266,0.067017043515309,0.0637057089177678,0.0287988393057076,0.031829248252262,0.0303140437789848,TRUE,TRUE,2,Coarse fragments,"",TRUE,8,FALSE,TRUE,"Needleleaf, evergreen and deciduous broadleaf mixed forests on mountains in subtropical zone",subtropical_mixed_forest,forest,#2A9D8F,3904.5141748997,5163,forest,50,4,15,1,category smallest observed area; global smallest observed area,
34,soil,T_CEC_CLAY,0.0584894579904092,0.0592468878776553,0.0588681729340323,0.0278904868326387,0.0281388704054223,0.0280146786190305,TRUE,TRUE,2,Nutrient retention and base status,"",TRUE,9,FALSE,TRUE,"Needleleaf, evergreen and deciduous broadleaf mixed forests on mountains in subtropical zone",subtropical_mixed_forest,forest,#2A9D8F,3904.5141748997,5163,forest,50,4,15,1,category smallest observed area; global smallest observed area,
16,climate,DD5_sm,0.106716236155106,0.104225057570474,0.10547064686279,0.115078358226887,0.112311930379435,0.113695144303161,TRUE,TRUE,2,Growing season and degree-days,Summer,TRUE,1,TRUE,TRUE,Kobresia spp. and forb high-cold meadows,high_cold_meadow,grassland_meadow_steppe,#90BE6D,653919.837866197,917167,grassland meadow steppe,1,53,1,8,category largest observed area; global largest observed area,
16,climate,DD_18_sm,0.105816524825072,0.104932274310885,0.105374399567979,0.114108146884464,0.113074020410027,0.113591083647245,TRUE,TRUE,2,Growing season and degree-days,Summer,TRUE,2,TRUE,TRUE,Kobresia spp. and forb high-cold meadows,high_cold_meadow,grassland_meadow_steppe,#90BE6D,653919.837866197,917167,grassland meadow steppe,1,53,1,8,category largest observed area; global largest observed area,
16,climate,Tmax_sm,0.101858568894063,0.103083637145376,0.10247110301972,0.109840051542224,0.111081946589496,0.11046099906586,TRUE,TRUE,2,Temperature,Summer,TRUE,3,TRUE,TRUE,Kobresia spp. and forb high-cold meadows,high_cold_meadow,grassland_meadow_steppe,#90BE6D,653919.837866197,917167,grassland meadow steppe,1,53,1,8,category largest observed area; global largest observed area,
16,climate,PAS,0.0746107703665329,0.0778570803492491,0.076233925357891,0.0804571569348128,0.0838980490062897,0.0821776029705513,TRUE,TRUE,2,Snowfall,Annual,TRUE,4,TRUE,TRUE,Kobresia spp. and forb high-cold meadows,high_cold_meadow,grassland_meadow_steppe,#90BE6D,653919.837866197,917167,grassland meadow steppe,1,53,1,8,category largest observed area; global largest observed area,
16,climate,TD,0.0493288866662557,0.0501324065619535,0.0497306466141046,0.0531942232526094,0.0540222043219552,0.0536082137872823,TRUE,TRUE,2,Temperature,Annual,TRUE,5,TRUE,TRUE,Kobresia spp. and forb high-cold meadows,high_cold_meadow,grassland_meadow_steppe,#90BE6D,653919.837866197,917167,grassland meadow steppe,1,53,1,8,category largest observed area; global largest observed area,
16,climate,DD_0,0.0460327592402336,0.0459490327805454,0.0459908960103895,0.0496398162911239,0.0495142405381888,0.0495770284146564,TRUE,TRUE,2,Growing season and degree-days,Annual,TRUE,6,FALSE,TRUE,Kobresia spp. and forb high-cold meadows,high_cold_meadow,grassland_meadow_steppe,#90BE6D,653919.837866197,917167,grassland meadow steppe,1,53,1,8,category largest observed area; global largest observed area,
16,climate,MAP,0.0464217921655852,0.0447874656737266,0.0456046289196559,0.0500593332452319,0.0482625468757136,0.0491609400604728,TRUE,TRUE,2,Precipitation,Annual,TRUE,7,FALSE,TRUE,Kobresia spp. and forb high-cold meadows,high_cold_meadow,grassland_meadow_steppe,#90BE6D,653919.837866197,917167,grassland meadow steppe,1,53,1,8,category largest observed area; global largest observed area,
16,climate,AHM,0.0445223240132017,0.0439844036580569,0.0442533638356293,0.0480110256553462,0.0473971748884323,0.0477041002718892,TRUE,TRUE,2,Climatic moisture balance,Annual,TRUE,8,FALSE,TRUE,Kobresia spp. and forb high-cold meadows,high_cold_meadow,grassland_meadow_steppe,#90BE6D,653919.837866197,917167,grassland meadow steppe,1,53,1,8,category largest observed area; global largest observed area,
16,climate,DD_18_wt,0.0434130662666505,0.0435907184086454,0.043501892337648,0.0468148481576875,0.0469729434094195,0.0468938957835535,TRUE,TRUE,2,Growing season and degree-days,Winter,TRUE,9,FALSE,TRUE,Kobresia spp. and forb high-cold meadows,high_cold_meadow,grassland_meadow_steppe,#90BE6D,653919.837866197,917167,grassland meadow steppe,1,53,1,8,category largest observed area; global largest observed area,
16,climate,EMT,0.0427970241436623,0.0430379626706886,0.0429174934071755,0.0461505339102374,0.0463772990854406,0.046263916497839,TRUE,TRUE,2,Temperature,Annual,TRUE,10,FALSE,TRUE,Kobresia spp. and forb high-cold meadows,high_cold_meadow,grassland_meadow_steppe,#90BE6D,653919.837866197,917167,grassland meadow steppe,1,53,1,8,category largest observed area; global largest observed area,
16,soil,T_OC,0.249580862042536,0.25741672566154,0.253498793852038,0.135355625215039,0.136787147910248,0.136071386562644,TRUE,TRUE,2,Organic carbon,"",TRUE,1,TRUE,TRUE,Kobresia spp. and forb high-cold meadows,high_cold_meadow,grassland_meadow_steppe,#90BE6D,653919.837866197,917167,grassland meadow steppe,1,53,1,8,category largest observed area; global largest observed area,
16,soil,T_BS,0.152895469526181,0.151791167641377,0.152343318583779,0.0829200672715686,0.0806594087710149,0.0817897380212917,TRUE,TRUE,2,Nutrient retention and base status,"",TRUE,2,TRUE,TRUE,Kobresia spp. and forb high-cold meadows,high_cold_meadow,grassland_meadow_steppe,#90BE6D,653919.837866197,917167,grassland meadow steppe,1,53,1,8,category largest observed area; global largest observed area,
16,soil,T_TEB,0.140362895050777,0.140392992059232,0.140377943555005,0.076123254247567,0.0746025998155943,0.0753629270315807,TRUE,TRUE,2,Nutrient retention and base status,"",TRUE,3,TRUE,TRUE,Kobresia spp. and forb high-cold meadows,high_cold_meadow,grassland_meadow_steppe,#90BE6D,653919.837866197,917167,grassland meadow steppe,1,53,1,8,category largest observed area; global largest observed area,
16,soil,T_CLAY,0.132221738444808,0.131458993697153,0.131840366070981,0.0717080465535302,0.0698552153857638,0.070781630969647,TRUE,TRUE,2,Texture,"",TRUE,4,TRUE,TRUE,Kobresia spp. and forb high-cold meadows,high_cold_meadow,grassland_meadow_steppe,#90BE6D,653919.837866197,917167,grassland meadow steppe,1,53,1,8,category largest observed area; global largest observed area,
16,soil,T_REF_BULK_DENSITY,0.108778461061528,0.104806321032617,0.106792391047073,0.0589940129480101,0.0556924096527717,0.0573432113003909,TRUE,TRUE,2,Bulk density,"",TRUE,5,TRUE,TRUE,Kobresia spp. and forb high-cold meadows,high_cold_meadow,grassland_meadow_steppe,#90BE6D,653919.837866197,917167,grassland meadow steppe,1,53,1,8,category largest observed area; global largest observed area,
16,soil,T_CEC_CLAY,0.0624491776535703,0.0522977809319403,0.0573734792927553,0.0338681716870721,0.0277902077937273,0.0308291897403997,TRUE,TRUE,2,Nutrient retention and base status,"",TRUE,6,FALSE,TRUE,Kobresia spp. and forb high-cold meadows,high_cold_meadow,grassland_meadow_steppe,#90BE6D,653919.837866197,917167,grassland meadow steppe,1,53,1,8,category largest observed area; global largest observed area,
16,soil,T_CEC_SOIL,0.0550355760442668,0.057943503269559,0.0564895396569129,0.0298475401662487,0.0307902547194715,0.0303188974428601,TRUE,TRUE,2,Nutrient retention and base status,"",TRUE,7,FALSE,TRUE,Kobresia spp. and forb high-cold meadows,high_cold_meadow,grassland_meadow_steppe,#90BE6D,653919.837866197,917167,grassland meadow steppe,1,53,1,8,category largest observed area; global largest observed area,
16,soil,T_PH_H2O,0.0507629575133595,0.0510294344695006,0.0508961959914301,0.0275303634892255,0.0271162286856748,0.0273232960874501,TRUE,TRUE,2,Soil reaction,"",TRUE,8,FALSE,TRUE,Kobresia spp. and forb high-cold meadows,high_cold_meadow,grassland_meadow_steppe,#90BE6D,653919.837866197,917167,grassland meadow steppe,1,53,1,8,category largest observed area; global largest observed area,
16,soil,T_SILT,0.0479128626629745,0.052863081237081,0.0503879719500277,0.0259846665666374,0.0280905993718358,0.0270376329692366,TRUE,TRUE,2,Texture,"",TRUE,9,FALSE,TRUE,Kobresia spp. and forb high-cold meadows,high_cold_meadow,grassland_meadow_steppe,#90BE6D,653919.837866197,917167,grassland meadow steppe,1,53,1,8,category largest observed area; global largest observed area,
31,climate,DD_18_sm,0.0937388286796639,0.0876101270069269,0.0906744778432954,0.106190637380982,0.0999049940220141,0.103047815701498,TRUE,TRUE,2,Growing season and degree-days,Summer,TRUE,1,TRUE,TRUE,Grass and Carex spp. high-cold steppes,high_cold_steppe,grassland_meadow_steppe,#48CAE4,602782.267595032,848105,grassland meadow steppe,2,52,2,7,global largest observed area,
31,climate,Tmin_sm,0.0881847811151128,0.0911431997576513,0.089663990436382,0.099898817233117,0.103933884563544,0.101916350898331,TRUE,TRUE,2,Temperature,Summer,TRUE,2,TRUE,TRUE,Grass and Carex spp. high-cold steppes,high_cold_steppe,grassland_meadow_steppe,#48CAE4,602782.267595032,848105,grassland meadow steppe,2,52,2,7,global largest observed area,
31,climate,DD5,0.0865351368683872,0.0879714414610482,0.0872532891647177,0.0980300422923686,0.100317013951813,0.0991735281220907,TRUE,TRUE,2,Growing season and degree-days,Annual,TRUE,3,TRUE,TRUE,Grass and Carex spp. high-cold steppes,high_cold_steppe,grassland_meadow_steppe,#48CAE4,602782.267595032,848105,grassland meadow steppe,2,52,2,7,global largest observed area,
31,climate,PPT_sm,0.0732151834897922,0.070503803679877,0.0718594935848346,0.0829407312877302,0.0803980353162877,0.081669383302009,TRUE,TRUE,2,Precipitation,Summer,TRUE,4,TRUE,TRUE,Grass and Carex spp. high-cold steppes,high_cold_steppe,grassland_meadow_steppe,#48CAE4,602782.267595032,848105,grassland meadow steppe,2,52,2,7,global largest observed area,
31,climate,MAP,0.0696118569623603,0.0710662634897569,0.0703390602260586,0.0788587564430541,0.0810394285645732,0.0799490925038137,TRUE,TRUE,2,Precipitation,Annual,TRUE,5,TRUE,TRUE,Grass and Carex spp. high-cold steppes,high_cold_steppe,grassland_meadow_steppe,#48CAE4,602782.267595032,848105,grassland meadow steppe,2,52,2,7,global largest observed area,
31,climate,PPT_sp,0.0681515858683632,0.0674048032024897,0.0677781945354265,0.0772045100607947,0.0768641330752475,0.0770343215680211,TRUE,TRUE,2,Precipitation,Spring,TRUE,6,FALSE,TRUE,Grass and Carex spp. high-cold steppes,high_cold_steppe,grassland_meadow_steppe,#48CAE4,602782.267595032,848105,grassland meadow steppe,2,52,2,7,global largest observed area,
31,climate,EXT,0.0638800726611863,0.0641889529273745,0.0640345127942804,0.0723655898775536,0.0731969827869518,0.0727812863322527,TRUE,TRUE,2,Temperature,Annual,TRUE,7,FALSE,TRUE,Grass and Carex spp. high-cold steppes,high_cold_steppe,grassland_meadow_steppe,#48CAE4,602782.267595032,848105,grassland meadow steppe,2,52,2,7,global largest observed area,
31,climate,PPT_at,0.0528480447429574,0.0496106902470618,0.0512293674950096,0.0598681211898991,0.0565728629998313,0.0582204920948652,TRUE,TRUE,2,Precipitation,Autumn,TRUE,8,FALSE,TRUE,Grass and Carex spp. high-cold steppes,high_cold_steppe,grassland_meadow_steppe,#48CAE4,602782.267595032,848105,grassland meadow steppe,2,52,2,7,global largest observed area,
31,climate,RH_wt,0.0470306507621135,0.0465320474184753,0.0467813490902944,0.053277972972524,0.0530621753214362,0.0531700741469802,TRUE,TRUE,2,Humidity,Winter,TRUE,9,FALSE,TRUE,Grass and Carex spp. high-cold steppes,high_cold_steppe,grassland_meadow_steppe,#48CAE4,602782.267595032,848105,grassland meadow steppe,2,52,2,7,global largest observed area,
31,climate,PAS,0.0463827638115195,0.044566519601135,0.0454746417063273,0.0525440238800993,0.05082081291791,0.0516824183990047,TRUE,TRUE,2,Snowfall,Annual,TRUE,10,FALSE,TRUE,Grass and Carex spp. high-cold steppes,high_cold_steppe,grassland_meadow_steppe,#48CAE4,602782.267595032,848105,grassland meadow steppe,2,52,2,7,global largest observed area,
31,soil,T_GRAVEL,0.252177294483543,0.258813100848015,0.255495197665779,0.135426396481257,0.138133161589596,0.136779779035426,TRUE,TRUE,2,Coarse fragments,"",TRUE,1,TRUE,TRUE,Grass and Carex spp. high-cold steppes,high_cold_steppe,grassland_meadow_steppe,#48CAE4,602782.267595032,848105,grassland meadow steppe,2,52,2,7,global largest observed area,
31,soil,T_OC,0.158594629753342,0.145028355366335,0.151811492559839,0.085169837565118,0.0774042163292792,0.0812870269471986,TRUE,TRUE,2,Organic carbon,"",TRUE,2,TRUE,TRUE,Grass and Carex spp. high-cold steppes,high_cold_steppe,grassland_meadow_steppe,#48CAE4,602782.267595032,848105,grassland meadow steppe,2,52,2,7,global largest observed area,
31,soil,T_CEC_CLAY,0.121101043347854,0.130513606546429,0.125807324947142,0.0650347127575779,0.0696574363648839,0.0673460745612309,TRUE,TRUE,2,Nutrient retention and base status,"",TRUE,3,TRUE,TRUE,Grass and Carex spp. high-cold steppes,high_cold_steppe,grassland_meadow_steppe,#48CAE4,602782.267595032,848105,grassland meadow steppe,2,52,2,7,global largest observed area,
31,soil,T_CLAY,0.123101150645451,0.123105623885896,0.123103387265674,0.0661088273976142,0.0657036640768988,0.0659062457372565,TRUE,TRUE,2,Texture,"",TRUE,4,TRUE,TRUE,Grass and Carex spp. high-cold steppes,high_cold_steppe,grassland_meadow_steppe,#48CAE4,602782.267595032,848105,grassland meadow steppe,2,52,2,7,global largest observed area,
31,soil,T_PH_H2O,0.0949587162359758,0.0959282771578331,0.0954434966969044,0.0509955378047078,0.051198630077988,0.0510970839413479,TRUE,TRUE,2,Soil reaction,"",TRUE,5,TRUE,TRUE,Grass and Carex spp. high-cold steppes,high_cold_steppe,grassland_meadow_steppe,#48CAE4,602782.267595032,848105,grassland meadow steppe,2,52,2,7,global largest observed area,
31,soil,T_TEB,0.0701828025018797,0.0738311250501365,0.0720069637760081,0.0376901657908999,0.0394049864302702,0.038547576110585,TRUE,TRUE,2,Nutrient retention and base status,"",TRUE,6,FALSE,TRUE,Grass and Carex spp. high-cold steppes,high_cold_steppe,grassland_meadow_steppe,#48CAE4,602782.267595032,848105,grassland meadow steppe,2,52,2,7,global largest observed area,
31,soil,T_BS,0.0633746953058605,0.0651446667456317,0.0642596810257461,0.0340340181337397,0.0347688689204302,0.034401443527085,TRUE,TRUE,2,Nutrient retention and base status,"",TRUE,7,FALSE,TRUE,Grass and Carex spp. high-cold steppes,high_cold_steppe,grassland_meadow_steppe,#48CAE4,602782.267595032,848105,grassland meadow steppe,2,52,2,7,global largest observed area,
31,soil,T_CEC_SOIL,0.0659402890769307,0.0590620408636806,0.0625011649703056,0.0354118151315319,0.031522463150832,0.033467139141182,TRUE,TRUE,2,Nutrient retention and base status,"",TRUE,8,FALSE,TRUE,Grass and Carex spp. high-cold steppes,high_cold_steppe,grassland_meadow_steppe,#48CAE4,602782.267595032,848105,grassland meadow steppe,2,52,2,7,global largest observed area,
31,soil,T_SILT,0.0505693786491632,0.048573203536043,0.0495712910926031,0.027157198021249,0.0259243838545433,0.0265407909378961,TRUE,TRUE,2,Texture,"",TRUE,9,FALSE,TRUE,Grass and Carex spp. high-cold steppes,high_cold_steppe,grassland_meadow_steppe,#48CAE4,602782.267595032,848105,grassland meadow steppe,2,52,2,7,global largest observed area,
41,climate,TD,0.0875794005631601,0.0861769701416286,0.0868781853523944,0.129688261950347,0.128209045256,0.128948653603174,TRUE,TRUE,2,Temperature,Annual,TRUE,1,TRUE,TRUE,Temperate grasslands,temperate_grassland,grassland_meadow_steppe,#70E000,62655.3585233834,91481,grassland meadow steppe,30,24,8,1,category profile medoid; category smallest observed area,0.698441963130716
41,climate,PPT_sm,0.070824152474675,0.0701368205340791,0.070480486504377,0.104876959416078,0.104345450799528,0.104611205107803,TRUE,TRUE,2,Precipitation,Summer,TRUE,2,TRUE,TRUE,Temperate grasslands,temperate_grassland,grassland_meadow_steppe,#70E000,62655.3585233834,91481,grassland meadow steppe,30,24,8,1,category profile medoid; category smallest observed area,0.698441963130716
41,climate,MAP,0.0661277506848664,0.0662983535366853,0.0662130521107758,0.0979224908809624,0.0986348045772981,0.0982786477291303,TRUE,TRUE,2,Precipitation,Annual,TRUE,3,TRUE,TRUE,Temperate grasslands,temperate_grassland,grassland_meadow_steppe,#70E000,62655.3585233834,91481,grassland meadow steppe,30,24,8,1,category profile medoid; category smallest observed area,0.698441963130716
41,climate,Eref_at,0.0598624978232025,0.0638690086874707,0.0618657532553366,0.0886448553972319,0.0950205676970329,0.0918327115471324,TRUE,TRUE,2,Radiation and evaporative demand,Autumn,TRUE,4,TRUE,TRUE,Temperate grasslands,temperate_grassland,grassland_meadow_steppe,#70E000,62655.3585233834,91481,grassland meadow steppe,30,24,8,1,category profile medoid; category smallest observed area,0.698441963130716
41,climate,DD_18_wt,0.051836208100618,0.053178593715676,0.052507400908147,0.0767594627439534,0.0791159948781962,0.0779377288110748,TRUE,TRUE,2,Growing season and degree-days,Winter,TRUE,5,TRUE,TRUE,Temperate grasslands,temperate_grassland,grassland_meadow_steppe,#70E000,62655.3585233834,91481,grassland meadow steppe,30,24,8,1,category profile medoid; category smallest observed area,0.698441963130716
41,climate,PPT_sp,0.0495652818721784,0.0526196788055946,0.0510924803388865,0.0733966574074245,0.0782844740335539,0.0758405657204892,TRUE,TRUE,2,Precipitation,Spring,TRUE,6,FALSE,TRUE,Temperate grasslands,temperate_grassland,grassland_meadow_steppe,#70E000,62655.3585233834,91481,grassland meadow steppe,30,24,8,1,category profile medoid; category smallest observed area,0.698441963130716
41,climate,CMD_sm,0.0514651381613928,0.0504241170195801,0.0509446275904864,0.0762099794731079,0.0750180458924524,0.0756140126827801,TRUE,TRUE,2,Climatic moisture balance,Summer,TRUE,7,FALSE,TRUE,Temperate grasslands,temperate_grassland,grassland_meadow_steppe,#70E000,62655.3585233834,91481,grassland meadow steppe,30,24,8,1,category profile medoid; category smallest observed area,0.698441963130716
41,climate,MCMT,0.0494156851288835,0.0506321143898179,0.0500238997593507,0.0731751333788677,0.0753274921889528,0.0742513127839103,TRUE,TRUE,2,Temperature,Annual,TRUE,8,FALSE,TRUE,Temperate grasslands,temperate_grassland,grassland_meadow_steppe,#70E000,62655.3585233834,91481,grassland meadow steppe,30,24,8,1,category profile medoid; category smallest observed area,0.698441963130716
41,climate,Tmax_wt,0.0498079064809523,0.0478553284776307,0.0488316174792915,0.0737559378274313,0.0711963528590745,0.0724761453432529,TRUE,TRUE,2,Temperature,Winter,TRUE,9,FALSE,TRUE,Temperate grasslands,temperate_grassland,grassland_meadow_steppe,#70E000,62655.3585233834,91481,grassland meadow steppe,30,24,8,1,category profile medoid; category smallest observed area,0.698441963130716
41,climate,PPT_at,0.0503903266446524,0.0471085571711446,0.0487494419078985,0.0746183901651888,0.0700853502783176,0.0723518702217532,TRUE,TRUE,2,Precipitation,Autumn,TRUE,10,FALSE,TRUE,Temperate grasslands,temperate_grassland,grassland_meadow_steppe,#70E000,62655.3585233834,91481,grassland meadow steppe,30,24,8,1,category profile medoid; category smallest observed area,0.698441963130716
41,soil,T_PH_H2O,0.176462182155991,0.171412423318,0.173937302736995,0.118617188150787,0.115502664077189,0.117059926113988,TRUE,TRUE,2,Soil reaction,"",TRUE,1,TRUE,TRUE,Temperate grasslands,temperate_grassland,grassland_meadow_steppe,#70E000,62655.3585233834,91481,grassland meadow steppe,30,24,8,1,category profile medoid; category smallest observed area,0.698441963130716
41,soil,T_OC,0.165657114429611,0.162255950843954,0.163956532636782,0.111354063917466,0.109332767264403,0.110343415590934,TRUE,TRUE,2,Organic carbon,"",TRUE,2,TRUE,TRUE,Temperate grasslands,temperate_grassland,grassland_meadow_steppe,#70E000,62655.3585233834,91481,grassland meadow steppe,30,24,8,1,category profile medoid; category smallest observed area,0.698441963130716
41,soil,T_TEB,0.141677675398174,0.144044378579671,0.142861026988923,0.0952351788589783,0.0970612814943395,0.0961482301766589,TRUE,TRUE,2,Nutrient retention and base status,"",TRUE,3,TRUE,TRUE,Temperate grasslands,temperate_grassland,grassland_meadow_steppe,#70E000,62655.3585233834,91481,grassland meadow steppe,30,24,8,1,category profile medoid; category smallest observed area,0.698441963130716
41,soil,T_REF_BULK_DENSITY,0.102823971323445,0.102619400635159,0.102721685979302,0.0691178710580747,0.0691479294786952,0.069132900268385,TRUE,TRUE,2,Bulk density,"",TRUE,4,TRUE,TRUE,Temperate grasslands,temperate_grassland,grassland_meadow_steppe,#70E000,62655.3585233834,91481,grassland meadow steppe,30,24,8,1,category profile medoid; category smallest observed area,0.698441963130716
41,soil,T_CLAY,0.0919393822008574,0.0960946713773305,0.0940170267890939,0.0618012928534784,0.0647513776006351,0.0632763352270568,TRUE,TRUE,2,Texture,"",TRUE,5,TRUE,TRUE,Temperate grasslands,temperate_grassland,grassland_meadow_steppe,#70E000,62655.3585233834,91481,grassland meadow steppe,30,24,8,1,category profile medoid; category smallest observed area,0.698441963130716
41,soil,T_CEC_SOIL,0.0928272885923929,0.0938152608682829,0.0933212747303379,0.0623981400544948,0.0632154446663454,0.0628067923604201,TRUE,TRUE,2,Nutrient retention and base status,"",TRUE,6,FALSE,TRUE,Temperate grasslands,temperate_grassland,grassland_meadow_steppe,#70E000,62655.3585233834,91481,grassland meadow steppe,30,24,8,1,category profile medoid; category smallest observed area,0.698441963130716
41,soil,T_CEC_CLAY,0.089148102991036,0.0931924210037991,0.0911702619974175,0.0599250058940433,0.0627957570949965,0.0613603814945199,TRUE,TRUE,2,Nutrient retention and base status,"",TRUE,7,FALSE,TRUE,Temperate grasslands,temperate_grassland,grassland_meadow_steppe,#70E000,62655.3585233834,91481,grassland meadow steppe,30,24,8,1,category profile medoid; category smallest observed area,0.698441963130716
41,soil,T_SILT,0.0704200443415823,0.0691413640292365,0.0697807041854094,0.0473360781737826,0.0465894571042388,0.0469627676390107,TRUE,TRUE,2,Texture,"",TRUE,8,FALSE,TRUE,Temperate grasslands,temperate_grassland,grassland_meadow_steppe,#70E000,62655.3585233834,91481,grassland meadow steppe,30,24,8,1,category profile medoid; category smallest observed area,0.698441963130716
41,soil,T_SAND,0.0690442385669098,0.067424129344568,0.0682341839557389,0.0464112669171191,0.0454323345510094,0.0459218007340643,TRUE,TRUE,2,Texture,"",TRUE,9,FALSE,TRUE,Temperate grasslands,temperate_grassland,grassland_meadow_steppe,#70E000,62655.3585233834,91481,grassland meadow steppe,30,24,8,1,category profile medoid; category smallest observed area,0.698441963130716
7,climate,TD,0.0708863561588872,0.0733252338587274,0.0721057950088073,0.096573642091455,0.0996134996244866,0.0980935708579708,TRUE,TRUE,2,Temperature,Annual,TRUE,1,TRUE,TRUE,Deciduous scrubs in temperate zone,temperate_scrub,scrub,#C77DFF,145723.607727903,221602,scrub,20,34,2,5,category profile medoid,0.726805951832863
7,climate,Eref_at,0.0701480455892714,0.0704566780527158,0.0703023618209936,0.0955677878683574,0.0957165208128609,0.0956421543406092,TRUE,TRUE,2,Radiation and evaporative demand,Autumn,TRUE,2,TRUE,TRUE,Deciduous scrubs in temperate zone,temperate_scrub,scrub,#C77DFF,145723.607727903,221602,scrub,20,34,2,5,category profile medoid,0.726805951832863
7,climate,PPT_sm,0.0634985806932364,0.0636249917211116,0.063561786207174,0.0865087378936344,0.0864355659762352,0.0864721519349348,TRUE,TRUE,2,Precipitation,Summer,TRUE,3,TRUE,TRUE,Deciduous scrubs in temperate zone,temperate_scrub,scrub,#C77DFF,145723.607727903,221602,scrub,20,34,2,5,category profile medoid,0.726805951832863
7,climate,Tmin_sm,0.0611158572087958,0.0593260354360185,0.0602209463224072,0.083262580276596,0.0805953653010371,0.0819289727888165,TRUE,TRUE,2,Temperature,Summer,TRUE,4,TRUE,TRUE,Deciduous scrubs in temperate zone,temperate_scrub,scrub,#C77DFF,145723.607727903,221602,scrub,20,34,2,5,category profile medoid,0.726805951832863
7,climate,DD5_sm,0.05844413034071,0.0590393929224388,0.0587417616315744,0.0796226923164035,0.0802059568748212,0.0799143245956124,TRUE,TRUE,2,Growing season and degree-days,Summer,TRUE,5,TRUE,TRUE,Deciduous scrubs in temperate zone,temperate_scrub,scrub,#C77DFF,145723.607727903,221602,scrub,20,34,2,5,category profile medoid,0.726805951832863
7,climate,MAP,0.0554571290430134,0.055637624701236,0.0555473768721247,0.0755532830551364,0.0755846004932208,0.0755689417741786,TRUE,TRUE,2,Precipitation,Annual,TRUE,6,FALSE,TRUE,Deciduous scrubs in temperate zone,temperate_scrub,scrub,#C77DFF,145723.607727903,221602,scrub,20,34,2,5,category profile medoid,0.726805951832863
7,climate,CMD_sm,0.0494836023425534,0.0492864158363234,0.0493850090894384,0.067415112878905,0.0669563819579899,0.0671857474184474,TRUE,TRUE,2,Climatic moisture balance,Summer,TRUE,7,FALSE,TRUE,Deciduous scrubs in temperate zone,temperate_scrub,scrub,#C77DFF,145723.607727903,221602,scrub,20,34,2,5,category profile medoid,0.726805951832863
7,climate,EXT,0.0485412505350543,0.050192423669379,0.0493668371022167,0.0661312784273545,0.0681872080486609,0.0671592432380077,TRUE,TRUE,2,Temperature,Annual,TRUE,8,FALSE,TRUE,Deciduous scrubs in temperate zone,temperate_scrub,scrub,#C77DFF,145723.607727903,221602,scrub,20,34,2,5,category profile medoid,0.726805951832863
7,climate,DD_18_wt,0.0481973259961881,0.0485974411881189,0.0483973835921535,0.0656627249972912,0.0660203989102928,0.065841561953792,TRUE,TRUE,2,Growing season and degree-days,Winter,TRUE,9,FALSE,TRUE,Deciduous scrubs in temperate zone,temperate_scrub,scrub,#C77DFF,145723.607727903,221602,scrub,20,34,2,5,category profile medoid,0.726805951832863
7,climate,AHM,0.0479585077538321,0.0483115331149205,0.0481350204343763,0.065337365524581,0.0656319882330482,0.0654846768788146,TRUE,TRUE,2,Climatic moisture balance,Annual,TRUE,10,FALSE,TRUE,Deciduous scrubs in temperate zone,temperate_scrub,scrub,#C77DFF,145723.607727903,221602,scrub,20,34,2,5,category profile medoid,0.726805951832863
7,soil,T_CEC_CLAY,0.178178039390314,0.179537826107604,0.178857932748959,0.0931943906688157,0.0932124035006854,0.0932033970847506,TRUE,TRUE,2,Nutrient retention and base status,"",TRUE,1,TRUE,TRUE,Deciduous scrubs in temperate zone,temperate_scrub,scrub,#C77DFF,145723.607727903,221602,scrub,20,34,2,5,category profile medoid,0.726805951832863
7,soil,T_PH_H2O,0.153023222038011,0.15154336492868,0.152283293483346,0.0800373939729554,0.0786782461714652,0.0793578200722103,TRUE,TRUE,2,Soil reaction,"",TRUE,2,TRUE,TRUE,Deciduous scrubs in temperate zone,temperate_scrub,scrub,#C77DFF,145723.607727903,221602,scrub,20,34,2,5,category profile medoid,0.726805951832863
7,soil,T_OC,0.135721695297494,0.132588789227319,0.134155242262407,0.0709879889635617,0.0688374143157831,0.0699127016396724,TRUE,TRUE,2,Organic carbon,"",TRUE,3,TRUE,TRUE,Deciduous scrubs in temperate zone,temperate_scrub,scrub,#C77DFF,145723.607727903,221602,scrub,20,34,2,5,category profile medoid,0.726805951832863
7,soil,T_BS,0.105261776891964,0.104070679367738,0.104666228129851,0.0550562077780765,0.0540313891959575,0.054543798487017,TRUE,TRUE,2,Nutrient retention and base status,"",TRUE,4,TRUE,TRUE,Deciduous scrubs in temperate zone,temperate_scrub,scrub,#C77DFF,145723.607727903,221602,scrub,20,34,2,5,category profile medoid,0.726805951832863
7,soil,T_REF_BULK_DENSITY,0.102283862444709,0.106021815461295,0.104152838953002,0.0534986369162269,0.0550443795433415,0.0542715082297842,TRUE,TRUE,2,Bulk density,"",TRUE,5,TRUE,TRUE,Deciduous scrubs in temperate zone,temperate_scrub,scrub,#C77DFF,145723.607727903,221602,scrub,20,34,2,5,category profile medoid,0.726805951832863
7,soil,T_SAND,0.088258618255281,0.0861557162374565,0.0872071672463687,0.0461628614711295,0.0447303031340214,0.0454465823025755,TRUE,TRUE,2,Texture,"",TRUE,6,FALSE,TRUE,Deciduous scrubs in temperate zone,temperate_scrub,scrub,#C77DFF,145723.607727903,221602,scrub,20,34,2,5,category profile medoid,0.726805951832863
7,soil,T_TEB,0.0853765855281125,0.0837168715081858,0.0845467285181492,0.0446554406643056,0.0434641043395454,0.0440597725019255,TRUE,TRUE,2,Nutrient retention and base status,"",TRUE,7,FALSE,TRUE,Deciduous scrubs in temperate zone,temperate_scrub,scrub,#C77DFF,145723.607727903,221602,scrub,20,34,2,5,category profile medoid,0.726805951832863
7,soil,T_CLAY,0.0749750413636116,0.0802530079318825,0.0776140246477471,0.0392150083094408,0.0416657365173117,0.0404403724133763,TRUE,TRUE,2,Texture,"",TRUE,8,FALSE,TRUE,Deciduous scrubs in temperate zone,temperate_scrub,scrub,#C77DFF,145723.607727903,221602,scrub,20,34,2,5,category profile medoid,0.726805951832863
7,soil,T_CEC_SOIL,0.0769211587905024,0.07611192922984,0.0765165440101712,0.0402329071952387,0.0395157723160545,0.0398743397556466,TRUE,TRUE,2,Nutrient retention and base status,"",TRUE,9,FALSE,TRUE,Deciduous scrubs in temperate zone,temperate_scrub,scrub,#C77DFF,145723.607727903,221602,scrub,20,34,2,5,category profile medoid,0.726805951832863
44,climate,TD,0.0863321745781136,0.0855593596903847,0.0859457671342491,0.106560356826918,0.104869582690238,0.105714969758578,TRUE,TRUE,2,Temperature,Annual,TRUE,1,TRUE,TRUE,Broadleaf evergreen and deciduous scrubs in subtropical and tropical zones,subtropical_tropical_scrub,scrub,#F72585,441250.860529288,576554,scrub,7,47,1,6,category largest observed area,
44,climate,Tmin_wt,0.0796338130450492,0.0783470262150245,0.0789904196300369,0.0982925262225446,0.096029469761379,0.0971609979919618,TRUE,TRUE,2,Temperature,Winter,TRUE,2,TRUE,TRUE,Broadleaf evergreen and deciduous scrubs in subtropical and tropical zones,subtropical_tropical_scrub,scrub,#F72585,441250.860529288,576554,scrub,7,47,1,6,category largest observed area,
44,climate,DD_18_wt,0.0751284507220931,0.0749232946156698,0.0750258726688814,0.0927315286093735,0.0918330229276603,0.0922822757685169,TRUE,TRUE,2,Growing season and degree-days,Winter,TRUE,3,TRUE,TRUE,Broadleaf evergreen and deciduous scrubs in subtropical and tropical zones,subtropical_tropical_scrub,scrub,#F72585,441250.860529288,576554,scrub,7,47,1,6,category largest observed area,
44,climate,PPT_at,0.0716524783507207,0.0713268979804748,0.0714896881655978,0.0884411136160756,0.0874249416179559,0.0879330276170157,TRUE,TRUE,2,Precipitation,Autumn,TRUE,4,TRUE,TRUE,Broadleaf evergreen and deciduous scrubs in subtropical and tropical zones,subtropical_tropical_scrub,scrub,#F72585,441250.860529288,576554,scrub,7,47,1,6,category largest observed area,
44,climate,Tmax_wt,0.0728389278159227,0.0692968017166838,0.0710678647663032,0.0899055558010067,0.0849366650719977,0.0874211104365022,TRUE,TRUE,2,Temperature,Winter,TRUE,5,TRUE,TRUE,Broadleaf evergreen and deciduous scrubs in subtropical and tropical zones,subtropical_tropical_scrub,scrub,#F72585,441250.860529288,576554,scrub,7,47,1,6,category largest observed area,
44,climate,PPT_sp,0.0640961652989296,0.0631340231739431,0.0636150942364364,0.0791143079491316,0.0773829851902373,0.0782486465696844,TRUE,TRUE,2,Precipitation,Spring,TRUE,6,FALSE,TRUE,Broadleaf evergreen and deciduous scrubs in subtropical and tropical zones,subtropical_tropical_scrub,scrub,#F72585,441250.860529288,576554,scrub,7,47,1,6,category largest observed area,
44,climate,Eref_at,0.0614716103283198,0.0603163982471632,0.0608940042877415,0.0758748029146905,0.0739294395896357,0.0749021212521631,TRUE,TRUE,2,Radiation and evaporative demand,Autumn,TRUE,7,FALSE,TRUE,Broadleaf evergreen and deciduous scrubs in subtropical and tropical zones,subtropical_tropical_scrub,scrub,#F72585,441250.860529288,576554,scrub,7,47,1,6,category largest observed area,
44,climate,CMD_wt,0.057701673867084,0.0599321082140165,0.0588168910405502,0.0712215461597524,0.0734584176517209,0.0723399819057367,TRUE,TRUE,2,Climatic moisture balance,Winter,TRUE,8,FALSE,TRUE,Broadleaf evergreen and deciduous scrubs in subtropical and tropical zones,subtropical_tropical_scrub,scrub,#F72585,441250.860529288,576554,scrub,7,47,1,6,category largest observed area,
44,climate,PPT_wt,0.0475399167464345,0.0495904472682873,0.0485651820073609,0.0586788241669787,0.0607827072253321,0.0597307656961554,TRUE,TRUE,2,Precipitation,Winter,TRUE,9,FALSE,TRUE,Broadleaf evergreen and deciduous scrubs in subtropical and tropical zones,subtropical_tropical_scrub,scrub,#F72585,441250.860529288,576554,scrub,7,47,1,6,category largest observed area,
44,climate,PPT_sm,0.0406996746377963,0.0442373885316876,0.0424685315847419,0.050235869458135,0.0542214959463441,0.0522286827022396,TRUE,TRUE,2,Precipitation,Summer,TRUE,10,FALSE,TRUE,Broadleaf evergreen and deciduous scrubs in subtropical and tropical zones,subtropical_tropical_scrub,scrub,#F72585,441250.860529288,576554,scrub,7,47,1,6,category largest observed area,
44,soil,T_CEC_CLAY,0.227657317851809,0.223277284298737,0.225467301075273,0.119260713901944,0.117174411648452,0.118217562775198,TRUE,TRUE,2,Nutrient retention and base status,"",TRUE,1,TRUE,TRUE,Broadleaf evergreen and deciduous scrubs in subtropical and tropical zones,subtropical_tropical_scrub,scrub,#F72585,441250.860529288,576554,scrub,7,47,1,6,category largest observed area,
44,soil,T_BS,0.132808267820008,0.131952296334038,0.132380282077023,0.0695730274860082,0.0692476744204582,0.0694103509532332,TRUE,TRUE,2,Nutrient retention and base status,"",TRUE,2,TRUE,TRUE,Broadleaf evergreen and deciduous scrubs in subtropical and tropical zones,subtropical_tropical_scrub,scrub,#F72585,441250.860529288,576554,scrub,7,47,1,6,category largest observed area,
44,soil,T_TEB,0.112328614242063,0.119736740800897,0.11603267752148,0.0588445425454973,0.0628370333332989,0.0608407879393981,TRUE,TRUE,2,Nutrient retention and base status,"",TRUE,3,TRUE,TRUE,Broadleaf evergreen and deciduous scrubs in subtropical and tropical zones,subtropical_tropical_scrub,scrub,#F72585,441250.860529288,576554,scrub,7,47,1,6,category largest observed area,
44,soil,T_REF_BULK_DENSITY,0.118267124997337,0.109325123687578,0.113796124342458,0.0619554947383426,0.0573730869520371,0.0596642908451898,TRUE,TRUE,2,Bulk density,"",TRUE,4,TRUE,TRUE,Broadleaf evergreen and deciduous scrubs in subtropical and tropical zones,subtropical_tropical_scrub,scrub,#F72585,441250.860529288,576554,scrub,7,47,1,6,category largest observed area,
44,soil,T_OC,0.104635400535402,0.107549758707485,0.106092579621444,0.0548143704978152,0.0564413873944354,0.0556278789461253,TRUE,TRUE,2,Organic carbon,"",TRUE,5,TRUE,TRUE,Broadleaf evergreen and deciduous scrubs in subtropical and tropical zones,subtropical_tropical_scrub,scrub,#F72585,441250.860529288,576554,scrub,7,47,1,6,category largest observed area,
44,soil,T_CLAY,0.100002687171877,0.100013214373203,0.10000795077254,0.0523874741948523,0.0524862598004863,0.0524368669976693,TRUE,TRUE,2,Texture,"",TRUE,6,FALSE,TRUE,Broadleaf evergreen and deciduous scrubs in subtropical and tropical zones,subtropical_tropical_scrub,scrub,#F72585,441250.860529288,576554,scrub,7,47,1,6,category largest observed area,
44,soil,T_SILT,0.097641664383374,0.0992364974881397,0.0984390809357568,0.0511506272269944,0.0520786440221477,0.0516146356245711,TRUE,TRUE,2,Texture,"",TRUE,7,FALSE,TRUE,Broadleaf evergreen and deciduous scrubs in subtropical and tropical zones,subtropical_tropical_scrub,scrub,#F72585,441250.860529288,576554,scrub,7,47,1,6,category largest observed area,
44,soil,T_GRAVEL,0.0526469979822817,0.0569831278200812,0.0548150629011814,0.0275796913686219,0.029904360836246,0.0287420261024339,TRUE,TRUE,2,Coarse fragments,"",TRUE,8,FALSE,TRUE,Broadleaf evergreen and deciduous scrubs in subtropical and tropical zones,subtropical_tropical_scrub,scrub,#F72585,441250.860529288,576554,scrub,7,47,1,6,category largest observed area,
44,soil,T_ESP,0.0540119250158482,0.0519259564898408,0.0529689407528445,0.0282947229519825,0.0272503914587186,0.0277725572053505,TRUE,TRUE,2,Sodicity,"",TRUE,9,FALSE,TRUE,Broadleaf evergreen and deciduous scrubs in subtropical and tropical zones,subtropical_tropical_scrub,scrub,#F72585,441250.860529288,576554,scrub,7,47,1,6,category largest observed area,
50,climate,TD,0.157365863598661,0.152148270032333,0.154757066815497,0.21592526186566,0.207141582195309,0.211533422030485,TRUE,TRUE,2,Temperature,Annual,TRUE,1,TRUE,TRUE,Evergreen xeromorphic succulent thorny scrubs in subtropical and tropical zones,xeromorphic_succulent_thorny_scrub,scrub,#FF006E,1954.02259297092,2515,scrub,51,3,6,1,category smallest observed area; global smallest observed area,
50,climate,CMD_wt,0.0862442549020625,0.0913616031595814,0.088802929030822,0.11833769343795,0.12438384627281,0.12136076985538,TRUE,TRUE,2,Climatic moisture balance,Winter,TRUE,2,TRUE,TRUE,Evergreen xeromorphic succulent thorny scrubs in subtropical and tropical zones,xeromorphic_succulent_thorny_scrub,scrub,#FF006E,1954.02259297092,2515,scrub,51,3,6,1,category smallest observed area; global smallest observed area,
50,climate,Eref_wt,0.0797904550702627,0.0760218579241945,0.0779061564972286,0.109482288670726,0.103499618684447,0.106490953677586,TRUE,TRUE,2,Radiation and evaporative demand,Winter,TRUE,3,TRUE,TRUE,Evergreen xeromorphic succulent thorny scrubs in subtropical and tropical zones,xeromorphic_succulent_thorny_scrub,scrub,#FF006E,1954.02259297092,2515,scrub,51,3,6,1,category smallest observed area; global smallest observed area,
50,climate,Eref,0.0586104358519551,0.0638238537469396,0.0612171447994474,0.080420705100757,0.0868927004173865,0.0836567027590717,TRUE,TRUE,2,Radiation and evaporative demand,Annual,TRUE,4,TRUE,TRUE,Evergreen xeromorphic succulent thorny scrubs in subtropical and tropical zones,xeromorphic_succulent_thorny_scrub,scrub,#FF006E,1954.02259297092,2515,scrub,51,3,6,1,category smallest observed area; global smallest observed area,
50,climate,Tmax_wt,0.0571014459724124,0.0549393947499714,0.0560204203611919,0.0783501859459555,0.0747969934258429,0.0765735896858992,TRUE,TRUE,2,Temperature,Winter,TRUE,5,TRUE,TRUE,Evergreen xeromorphic succulent thorny scrubs in subtropical and tropical zones,xeromorphic_succulent_thorny_scrub,scrub,#FF006E,1954.02259297092,2515,scrub,51,3,6,1,category smallest observed area; global smallest observed area,
50,climate,Tmin_wt,0.0538529281095631,0.0530338387062156,0.0534433834078893,0.0738928210882255,0.0722026826671235,0.0730477518776745,TRUE,TRUE,2,Temperature,Winter,TRUE,6,FALSE,TRUE,Evergreen xeromorphic succulent thorny scrubs in subtropical and tropical zones,xeromorphic_succulent_thorny_scrub,scrub,#FF006E,1954.02259297092,2515,scrub,51,3,6,1,category smallest observed area; global smallest observed area,
50,climate,RH_at,0.0486900023013622,0.0482878551312686,0.0484889287163154,0.0668086537749643,0.0657412845416072,0.0662749691582858,TRUE,TRUE,2,Humidity,Autumn,TRUE,7,FALSE,TRUE,Evergreen xeromorphic succulent thorny scrubs in subtropical and tropical zones,xeromorphic_succulent_thorny_scrub,scrub,#FF006E,1954.02259297092,2515,scrub,51,3,6,1,category smallest observed area; global smallest observed area,
50,climate,RH_wt,0.0468867364934588,0.0500744451158829,0.0484805908046709,0.0643343519608303,0.0681736294908377,0.066253990725834,TRUE,TRUE,2,Humidity,Winter,TRUE,8,FALSE,TRUE,Evergreen xeromorphic succulent thorny scrubs in subtropical and tropical zones,xeromorphic_succulent_thorny_scrub,scrub,#FF006E,1954.02259297092,2515,scrub,51,3,6,1,category smallest observed area; global smallest observed area,
50,climate,Eref_at,0.0454880260579237,0.0483622610069475,0.0469251435324356,0.0624151497262377,0.0658425840884865,0.0641288669073621,TRUE,TRUE,2,Radiation and evaporative demand,Autumn,TRUE,9,FALSE,TRUE,Evergreen xeromorphic succulent thorny scrubs in subtropical and tropical zones,xeromorphic_succulent_thorny_scrub,scrub,#FF006E,1954.02259297092,2515,scrub,51,3,6,1,category smallest observed area; global smallest observed area,
50,climate,PPT_at,0.0452848315192094,0.0401366479295019,0.0427107397243557,0.0621363419023665,0.0546438599293067,0.0583901009158366,TRUE,TRUE,2,Precipitation,Autumn,TRUE,10,FALSE,TRUE,Evergreen xeromorphic succulent thorny scrubs in subtropical and tropical zones,xeromorphic_succulent_thorny_scrub,scrub,#FF006E,1954.02259297092,2515,scrub,51,3,6,1,category smallest observed area; global smallest observed area,
50,soil,T_REF_BULK_DENSITY,0.142233018453586,0.14589964050698,0.144066329480283,0.0942657210973993,0.0960764378092972,0.0951710794533482,TRUE,TRUE,2,Bulk density,"",TRUE,1,TRUE,TRUE,Evergreen xeromorphic succulent thorny scrubs in subtropical and tropical zones,xeromorphic_succulent_thorny_scrub,scrub,#FF006E,1954.02259297092,2515,scrub,51,3,6,1,category smallest observed area; global smallest observed area,
50,soil,T_CLAY,0.142053918954399,0.132727617646704,0.137390768300551,0.0941470219119172,0.0874025231186201,0.0907747725152686,TRUE,TRUE,2,Texture,"",TRUE,2,TRUE,TRUE,Evergreen xeromorphic succulent thorny scrubs in subtropical and tropical zones,xeromorphic_succulent_thorny_scrub,scrub,#FF006E,1954.02259297092,2515,scrub,51,3,6,1,category smallest observed area; global smallest observed area,
50,soil,T_CEC_SOIL,0.138213393967855,0.134018589928337,0.136115991948096,0.0916016926966248,0.0882526418557117,0.0899271672761682,TRUE,TRUE,2,Nutrient retention and base status,"",TRUE,3,TRUE,TRUE,Evergreen xeromorphic succulent thorny scrubs in subtropical and tropical zones,xeromorphic_succulent_thorny_scrub,scrub,#FF006E,1954.02259297092,2515,scrub,51,3,6,1,category smallest observed area; global smallest observed area,
50,soil,T_CEC_CLAY,0.126928601815724,0.135372878056245,0.131150739935985,0.0841226341684392,0.0891444547391752,0.0866335444538072,TRUE,TRUE,2,Nutrient retention and base status,"",TRUE,4,TRUE,TRUE,Evergreen xeromorphic succulent thorny scrubs in subtropical and tropical zones,xeromorphic_succulent_thorny_scrub,scrub,#FF006E,1954.02259297092,2515,scrub,51,3,6,1,category smallest observed area; global smallest observed area,
50,soil,T_TEB,0.118432216843165,0.12191732826252,0.120174772552842,0.0784916079491597,0.0802838346001906,0.0793877212746751,TRUE,TRUE,2,Nutrient retention and base status,"",TRUE,5,TRUE,TRUE,Evergreen xeromorphic succulent thorny scrubs in subtropical and tropical zones,xeromorphic_succulent_thorny_scrub,scrub,#FF006E,1954.02259297092,2515,scrub,51,3,6,1,category smallest observed area; global smallest observed area,
50,soil,T_SAND,0.101679637320472,0.0986335125003124,0.100156574910392,0.0673887430439655,0.0649511986233813,0.0661699708336734,TRUE,TRUE,2,Texture,"",TRUE,6,FALSE,TRUE,Evergreen xeromorphic succulent thorny scrubs in subtropical and tropical zones,xeromorphic_succulent_thorny_scrub,scrub,#FF006E,1954.02259297092,2515,scrub,51,3,6,1,category smallest observed area; global smallest observed area,
50,soil,T_SILT,0.0876999443562261,0.088770977864531,0.0882354611103785,0.0581236240700269,0.0584566165100597,0.0582901202900433,TRUE,TRUE,2,Texture,"",TRUE,7,FALSE,TRUE,Evergreen xeromorphic succulent thorny scrubs in subtropical and tropical zones,xeromorphic_succulent_thorny_scrub,scrub,#FF006E,1954.02259297092,2515,scrub,51,3,6,1,category smallest observed area; global smallest observed area,
50,soil,T_OC,0.0793642892574961,0.0821207283674307,0.0807425088124634,0.0525991224652367,0.0540773577263898,0.0533382400958132,TRUE,TRUE,2,Organic carbon,"",TRUE,8,FALSE,TRUE,Evergreen xeromorphic succulent thorny scrubs in subtropical and tropical zones,xeromorphic_succulent_thorny_scrub,scrub,#FF006E,1954.02259297092,2515,scrub,51,3,6,1,category smallest observed area; global smallest observed area,
50,soil,T_GRAVEL,0.0633949790310774,0.0605387268669393,0.0619668529490083,0.042015373626266,0.039865384223529,0.0409403789248975,TRUE,TRUE,2,Coarse fragments,"",TRUE,9,FALSE,TRUE,Evergreen xeromorphic succulent thorny scrubs in subtropical and tropical zones,xeromorphic_succulent_thorny_scrub,scrub,#FF006E,1954.02259297092,2515,scrub,51,3,6,1,category smallest observed area; global smallest observed area,
4,climate,TD,0.090340159803423,0.0939484276378911,0.092144293720657,0.15509240173258,0.161457241001379,0.15827482136698,TRUE,TRUE,2,Temperature,Annual,TRUE,1,TRUE,TRUE,"Grass, Carex and forb swamp meadows",swamp_meadow,wetland,#00B4D8,53482.0093491042,92312,wetland,33,21,2,4,category profile medoid,0.778303746541258
4,climate,Eref_at,0.0736091392220343,0.0728641096116936,0.0732366244168639,0.126369249470606,0.125222299102974,0.12579577428679,TRUE,TRUE,2,Radiation and evaporative demand,Autumn,TRUE,2,TRUE,TRUE,"Grass, Carex and forb swamp meadows",swamp_meadow,wetland,#00B4D8,53482.0093491042,92312,wetland,33,21,2,4,category profile medoid,0.778303746541258
4,climate,DD_0_at,0.0616095611619906,0.0582710379275886,0.0599402995447896,0.105768849989807,0.100143038586424,0.102955944288115,TRUE,TRUE,2,Growing season and degree-days,Autumn,TRUE,3,TRUE,TRUE,"Grass, Carex and forb swamp meadows",swamp_meadow,wetland,#00B4D8,53482.0093491042,92312,wetland,33,21,2,4,category profile medoid,0.778303746541258
4,climate,PPT_sm,0.0584599342630489,0.0591976984237649,0.0588288163434069,0.100361695504124,0.101735572392676,0.1010486339484,TRUE,TRUE,2,Precipitation,Summer,TRUE,4,TRUE,TRUE,"Grass, Carex and forb swamp meadows",swamp_meadow,wetland,#00B4D8,53482.0093491042,92312,wetland,33,21,2,4,category profile medoid,0.778303746541258
4,climate,Eref,0.0547829391100415,0.055482934188699,0.0551329366493702,0.0940491761253681,0.0953514784866443,0.0947003273060062,TRUE,TRUE,2,Radiation and evaporative demand,Annual,TRUE,5,TRUE,TRUE,"Grass, Carex and forb swamp meadows",swamp_meadow,wetland,#00B4D8,53482.0093491042,92312,wetland,33,21,2,4,category profile medoid,0.778303746541258
4,climate,Eref_sm,0.0509926728701629,0.0522679352333745,0.0516303040517687,0.0875421974391691,0.0898262677492201,0.0886842325941946,TRUE,TRUE,2,Radiation and evaporative demand,Summer,TRUE,6,FALSE,TRUE,"Grass, Carex and forb swamp meadows",swamp_meadow,wetland,#00B4D8,53482.0093491042,92312,wetland,33,21,2,4,category profile medoid,0.778303746541258
4,climate,MAP,0.0491716276061206,0.0497441530957675,0.049457890350944,0.0844158991873327,0.0854889636444917,0.0849524314159122,TRUE,TRUE,2,Precipitation,Annual,TRUE,7,FALSE,TRUE,"Grass, Carex and forb swamp meadows",swamp_meadow,wetland,#00B4D8,53482.0093491042,92312,wetland,33,21,2,4,category profile medoid,0.778303746541258
4,climate,DD5,0.0488805896176342,0.0474202831496115,0.0481504363836229,0.0839162567168303,0.0814952232553653,0.0827057399860978,TRUE,TRUE,2,Growing season and degree-days,Annual,TRUE,8,FALSE,TRUE,"Grass, Carex and forb swamp meadows",swamp_meadow,wetland,#00B4D8,53482.0093491042,92312,wetland,33,21,2,4,category profile medoid,0.778303746541258
4,climate,DD5_sm,0.0456373096792568,0.0472472728319539,0.0464422912556053,0.0783483224091139,0.0811978923765405,0.0797731073928272,TRUE,TRUE,2,Growing season and degree-days,Summer,TRUE,9,FALSE,TRUE,"Grass, Carex and forb swamp meadows",swamp_meadow,wetland,#00B4D8,53482.0093491042,92312,wetland,33,21,2,4,category profile medoid,0.778303746541258
4,climate,CMD_sp,0.0443466519647492,0.0461279442761363,0.0452372981204427,0.0761325724570082,0.0792742444247841,0.0777034084408961,TRUE,TRUE,2,Climatic moisture balance,Spring,TRUE,10,FALSE,TRUE,"Grass, Carex and forb swamp meadows",swamp_meadow,wetland,#00B4D8,53482.0093491042,92312,wetland,33,21,2,4,category profile medoid,0.778303746541258
4,soil,T_GRAVEL,0.196197615094862,0.196916895749112,0.196557255421987,0.0929623076254455,0.092320557776373,0.0926414327009092,TRUE,TRUE,2,Coarse fragments,"",TRUE,1,TRUE,TRUE,"Grass, Carex and forb swamp meadows",swamp_meadow,wetland,#00B4D8,53482.0093491042,92312,wetland,33,21,2,4,category profile medoid,0.778303746541258
4,soil,T_OC,0.174871758090485,0.176664758304075,0.17576825819728,0.0828576950986387,0.0828257471966261,0.0828417211476324,TRUE,TRUE,2,Organic carbon,"",TRUE,2,TRUE,TRUE,"Grass, Carex and forb swamp meadows",swamp_meadow,wetland,#00B4D8,53482.0093491042,92312,wetland,33,21,2,4,category profile medoid,0.778303746541258
4,soil,T_CEC_SOIL,0.142989469933287,0.148269086556778,0.145629278245033,0.0677512368573421,0.0695130030353263,0.0686321199463342,TRUE,TRUE,2,Nutrient retention and base status,"",TRUE,3,TRUE,TRUE,"Grass, Carex and forb swamp meadows",swamp_meadow,wetland,#00B4D8,53482.0093491042,92312,wetland,33,21,2,4,category profile medoid,0.778303746541258
4,soil,T_CEC_CLAY,0.130258599723498,0.127694267019095,0.128976433371297,0.0617190989426696,0.0598669093944476,0.0607930041685586,TRUE,TRUE,2,Nutrient retention and base status,"",TRUE,4,TRUE,TRUE,"Grass, Carex and forb swamp meadows",swamp_meadow,wetland,#00B4D8,53482.0093491042,92312,wetland,33,21,2,4,category profile medoid,0.778303746541258
4,soil,T_TEB,0.0869546794468798,0.0857419782685106,0.0863483288576952,0.0412008456693239,0.0401984158265619,0.040699630747943,TRUE,TRUE,2,Nutrient retention and base status,"",TRUE,5,TRUE,TRUE,"Grass, Carex and forb swamp meadows",swamp_meadow,wetland,#00B4D8,53482.0093491042,92312,wetland,33,21,2,4,category profile medoid,0.778303746541258
4,soil,T_PH_H2O,0.0779181787385044,0.0776550683328739,0.0777866235356891,0.0369191730388825,0.0364070294495571,0.0366631012442198,TRUE,TRUE,2,Soil reaction,"",TRUE,6,FALSE,TRUE,"Grass, Carex and forb swamp meadows",swamp_meadow,wetland,#00B4D8,53482.0093491042,92312,wetland,33,21,2,4,category profile medoid,0.778303746541258
4,soil,T_REF_BULK_DENSITY,0.0778810677530327,0.0732953246974881,0.0755881962252604,0.0369015891205151,0.0343630506297121,0.0356323198751136,TRUE,TRUE,2,Bulk density,"",TRUE,7,FALSE,TRUE,"Grass, Carex and forb swamp meadows",swamp_meadow,wetland,#00B4D8,53482.0093491042,92312,wetland,33,21,2,4,category profile medoid,0.778303746541258
4,soil,T_BS,0.0604862075495413,0.0598850288086377,0.0601856181790895,0.0286595605690634,0.0280759009582982,0.0283677307636808,TRUE,TRUE,2,Nutrient retention and base status,"",TRUE,8,FALSE,TRUE,"Grass, Carex and forb swamp meadows",swamp_meadow,wetland,#00B4D8,53482.0093491042,92312,wetland,33,21,2,4,category profile medoid,0.778303746541258
4,soil,T_SAND,0.0524424236699087,0.0538775922634304,0.0531600079666695,0.0248482567918516,0.0252594341916967,0.0250538454917742,TRUE,TRUE,2,Texture,"",TRUE,9,FALSE,TRUE,"Grass, Carex and forb swamp meadows",swamp_meadow,wetland,#00B4D8,53482.0093491042,92312,wetland,33,21,2,4,category profile medoid,0.778303746541258
6,climate,TD,0.0889249118225256,0.0893071989840033,0.0891160554032644,0.171927274176585,0.174189235551311,0.173058254863948,TRUE,TRUE,2,Temperature,Annual,TRUE,1,TRUE,TRUE,Cold-temperate and temperate marshes,marsh,wetland,#0077B6,53583.994126283,92003,wetland,32,22,1,5,category largest observed area,
6,climate,Eref_at,0.0747976157957591,0.0738456867373316,0.0743216512665453,0.144613583922777,0.144032327380925,0.144322955651851,TRUE,TRUE,2,Radiation and evaporative demand,Autumn,TRUE,2,TRUE,TRUE,Cold-temperate and temperate marshes,marsh,wetland,#0077B6,53583.994126283,92003,wetland,32,22,1,5,category largest observed area,
6,climate,Eref,0.0674010845289766,0.0657713118894341,0.0665861982092053,0.130313142876541,0.128283662118655,0.129298402497598,TRUE,TRUE,2,Radiation and evaporative demand,Annual,TRUE,3,TRUE,TRUE,Cold-temperate and temperate marshes,marsh,wetland,#0077B6,53583.994126283,92003,wetland,32,22,1,5,category largest observed area,
6,climate,PPT_sm,0.0638779009973977,0.0608478639309593,0.0623628824641785,0.123501425793064,0.118680722535733,0.121091074164398,TRUE,TRUE,2,Precipitation,Summer,TRUE,4,TRUE,TRUE,Cold-temperate and temperate marshes,marsh,wetland,#0077B6,53583.994126283,92003,wetland,32,22,1,5,category largest observed area,
6,climate,PPT_at,0.0595978443195455,0.0605643100622806,0.060081077190913,0.115226371448191,0.118127664863063,0.116677018155627,TRUE,TRUE,2,Precipitation,Autumn,TRUE,5,TRUE,TRUE,Cold-temperate and temperate marshes,marsh,wetland,#0077B6,53583.994126283,92003,wetland,32,22,1,5,category largest observed area,
6,climate,CMD_at,0.0542698797106467,0.055060635055424,0.0546652573830354,0.10492529368108,0.107393021373248,0.106159157527164,TRUE,TRUE,2,Climatic moisture balance,Autumn,TRUE,6,FALSE,TRUE,Cold-temperate and temperate marshes,marsh,wetland,#0077B6,53583.994126283,92003,wetland,32,22,1,5,category largest observed area,
6,climate,Eref_sm,0.0537409033452697,0.0542266270985816,0.0539837652219256,0.103902571670575,0.105766330467041,0.104834451068808,TRUE,TRUE,2,Radiation and evaporative demand,Summer,TRUE,7,FALSE,TRUE,Cold-temperate and temperate marshes,marsh,wetland,#0077B6,53583.994126283,92003,wetland,32,22,1,5,category largest observed area,
6,climate,DD_18,0.0504390999217998,0.0513580483477284,0.0508985741347641,0.0975188705138395,0.100171310743947,0.098845090628893,TRUE,TRUE,2,Growing season and degree-days,Annual,TRUE,8,FALSE,TRUE,Cold-temperate and temperate marshes,marsh,wetland,#0077B6,53583.994126283,92003,wetland,32,22,1,5,category largest observed area,
6,climate,CMD_sm,0.0481604481103209,0.0485125667948356,0.0483365074525783,0.0931133289539335,0.094621340953017,0.0938673349534752,TRUE,TRUE,2,Climatic moisture balance,Summer,TRUE,9,FALSE,TRUE,Cold-temperate and temperate marshes,marsh,wetland,#0077B6,53583.994126283,92003,wetland,32,22,1,5,category largest observed area,
6,climate,MAP,0.0440296854632814,0.0464587209228988,0.0452442031930901,0.0851269194358297,0.0906154170583826,0.0878711682471061,TRUE,TRUE,2,Precipitation,Annual,TRUE,10,FALSE,TRUE,Cold-temperate and temperate marshes,marsh,wetland,#0077B6,53583.994126283,92003,wetland,32,22,1,5,category largest observed area,
6,soil,T_GRAVEL,0.207325107354354,0.200136857401188,0.203730982377771,0.117963623251145,0.113272392582591,0.115618007916868,TRUE,TRUE,2,Coarse fragments,"",TRUE,1,TRUE,TRUE,Cold-temperate and temperate marshes,marsh,wetland,#0077B6,53583.994126283,92003,wetland,32,22,1,5,category largest observed area,
6,soil,T_OC,0.131601931697943,0.131978730575874,0.131790331136909,0.0748787297787602,0.0746966189859522,0.0747876743823562,TRUE,TRUE,2,Organic carbon,"",TRUE,2,TRUE,TRUE,Cold-temperate and temperate marshes,marsh,wetland,#0077B6,53583.994126283,92003,wetland,32,22,1,5,category largest observed area,
6,soil,T_TEB,0.131075954844371,0.129549463120453,0.130312708982412,0.0745794600174403,0.0733217151303017,0.073950587573871,TRUE,TRUE,2,Nutrient retention and base status,"",TRUE,3,TRUE,TRUE,Cold-temperate and temperate marshes,marsh,wetland,#0077B6,53583.994126283,92003,wetland,32,22,1,5,category largest observed area,
6,soil,T_BS,0.109881681589915,0.115860236741401,0.112870959165658,0.0625203645360749,0.0655739596958715,0.0640471621159732,TRUE,TRUE,2,Nutrient retention and base status,"",TRUE,4,TRUE,TRUE,Cold-temperate and temperate marshes,marsh,wetland,#0077B6,53583.994126283,92003,wetland,32,22,1,5,category largest observed area,
6,soil,T_CEC_CLAY,0.100261947250813,0.104343625366293,0.102302786308553,0.0570469381294293,0.0590558493295866,0.0580513937295079,TRUE,TRUE,2,Nutrient retention and base status,"",TRUE,5,TRUE,TRUE,Cold-temperate and temperate marshes,marsh,wetland,#0077B6,53583.994126283,92003,wetland,32,22,1,5,category largest observed area,
6,soil,T_CEC_SOIL,0.090084790945396,0.0921295981083903,0.0911071945268932,0.0512563503540264,0.0521430192365353,0.0516996847952809,TRUE,TRUE,2,Nutrient retention and base status,"",TRUE,6,FALSE,TRUE,Cold-temperate and temperate marshes,marsh,wetland,#0077B6,53583.994126283,92003,wetland,32,22,1,5,category largest observed area,
6,soil,T_PH_H2O,0.0862209755700815,0.0886475995322599,0.0874342875511707,0.0490579207134399,0.0501722962282449,0.0496151084708424,TRUE,TRUE,2,Soil reaction,"",TRUE,7,FALSE,TRUE,Cold-temperate and temperate marshes,marsh,wetland,#0077B6,53583.994126283,92003,wetland,32,22,1,5,category largest observed area,
6,soil,T_SILT,0.0761361660030209,0.0742073045333971,0.075171735268209,0.0433198762888686,0.0419994549767169,0.0426596656327928,TRUE,TRUE,2,Texture,"",TRUE,8,FALSE,TRUE,Cold-temperate and temperate marshes,marsh,wetland,#0077B6,53583.994126283,92003,wetland,32,22,1,5,category largest observed area,
6,soil,T_SAND,0.0674114447441058,0.0631465846207432,0.0652790146824245,0.0383556934906954,0.0357393676321818,0.0370475305614386,TRUE,TRUE,2,Texture,"",TRUE,9,FALSE,TRUE,Cold-temperate and temperate marshes,marsh,wetland,#0077B6,53583.994126283,92003,wetland,32,22,1,5,category largest observed area,
43,climate,PAS_wt,0.070133753401548,0.0654629441909583,0.0677983487962532,0.10800498018516,0.100437248306117,0.104221114245639,TRUE,TRUE,2,Snowfall,Winter,TRUE,1,TRUE,TRUE,High-cold marshes,high_cold_marsh,wetland,#4CC9F0,4041.58735428002,5708,wetland,49,5,4,2,global smallest observed area,
43,climate,Tmax_wt,0.0660975452255598,0.0636009632844166,0.0648492542549882,0.101789277147353,0.0975804834452814,0.0996848802963174,TRUE,TRUE,2,Temperature,Winter,TRUE,2,TRUE,TRUE,High-cold marshes,high_cold_marsh,wetland,#4CC9F0,4041.58735428002,5708,wetland,49,5,4,2,global smallest observed area,
43,climate,Tmin_at,0.0589022384860351,0.0645629824635885,0.0617326104748118,0.0907086073680093,0.0990564720426149,0.0948825397053121,TRUE,TRUE,2,Temperature,Autumn,TRUE,3,TRUE,TRUE,High-cold marshes,high_cold_marsh,wetland,#4CC9F0,4041.58735428002,5708,wetland,49,5,4,2,global smallest observed area,
43,climate,PPT_at,0.0594583456189191,0.0604091597661354,0.0599337526925273,0.0915650044229918,0.0926834234906479,0.0921242139568199,TRUE,TRUE,2,Precipitation,Autumn,TRUE,4,TRUE,TRUE,High-cold marshes,high_cold_marsh,wetland,#4CC9F0,4041.58735428002,5708,wetland,49,5,4,2,global smallest observed area,
43,climate,MWMT,0.0569112693067289,0.0594680523963833,0.0581896608515561,0.0876425432215624,0.0912395190688916,0.089441031145227,TRUE,TRUE,2,Temperature,Annual,TRUE,5,TRUE,TRUE,High-cold marshes,high_cold_marsh,wetland,#4CC9F0,4041.58735428002,5708,wetland,49,5,4,2,global smallest observed area,
43,climate,CMD_sm,0.0563948783304361,0.0579521714778758,0.0571735249041559,0.0868473084814085,0.0889137619539883,0.0878805352176984,TRUE,TRUE,2,Climatic moisture balance,Summer,TRUE,6,FALSE,TRUE,High-cold marshes,high_cold_marsh,wetland,#4CC9F0,4041.58735428002,5708,wetland,49,5,4,2,global smallest observed area,
43,climate,Eref_sm,0.0588160213352963,0.0538137880883475,0.0563149047118219,0.0905758341852615,0.0825644013314733,0.0865701177583674,TRUE,TRUE,2,Radiation and evaporative demand,Summer,TRUE,7,FALSE,TRUE,High-cold marshes,high_cold_marsh,wetland,#4CC9F0,4041.58735428002,5708,wetland,49,5,4,2,global smallest observed area,
43,climate,Eref_at,0.0520215505074205,0.0514572587354461,0.0517394046214333,0.0801124459942457,0.078948870030779,0.0795306580125124,TRUE,TRUE,2,Radiation and evaporative demand,Autumn,TRUE,8,FALSE,TRUE,High-cold marshes,high_cold_marsh,wetland,#4CC9F0,4041.58735428002,5708,wetland,49,5,4,2,global smallest observed area,
43,climate,RH_wt,0.0507311628350542,0.0514500012611813,0.0510905820481177,0.0781252673787344,0.0789377351703811,0.0785315012745577,TRUE,TRUE,2,Humidity,Winter,TRUE,9,FALSE,TRUE,High-cold marshes,high_cold_marsh,wetland,#4CC9F0,4041.58735428002,5708,wetland,49,5,4,2,global smallest observed area,
43,climate,MCMT,0.0500443261596132,0.0505191937051768,0.050281759932395,0.0770675486923165,0.077509633352123,0.0772885910222198,TRUE,TRUE,2,Temperature,Annual,TRUE,10,FALSE,TRUE,High-cold marshes,high_cold_marsh,wetland,#4CC9F0,4041.58735428002,5708,wetland,49,5,4,2,global smallest observed area,
43,soil,T_OC,0.239164400248712,0.242454996023411,0.240809698136061,0.155643809485699,0.156305640203299,0.155974724844499,TRUE,TRUE,2,Organic carbon,"",TRUE,1,TRUE,TRUE,High-cold marshes,high_cold_marsh,wetland,#4CC9F0,4041.58735428002,5708,wetland,49,5,4,2,global smallest observed area,
43,soil,T_CEC_SOIL,0.225349785953986,0.222750825719881,0.224050305836933,0.14665351162711,0.143602775735739,0.145128143681425,TRUE,TRUE,2,Nutrient retention and base status,"",TRUE,2,TRUE,TRUE,High-cold marshes,high_cold_marsh,wetland,#4CC9F0,4041.58735428002,5708,wetland,49,5,4,2,global smallest observed area,
43,soil,T_BS,0.121457089690098,0.121355984292874,0.121406536991486,0.0790420485187363,0.0782356525066925,0.0786388505127144,TRUE,TRUE,2,Nutrient retention and base status,"",TRUE,3,TRUE,TRUE,High-cold marshes,high_cold_marsh,wetland,#4CC9F0,4041.58735428002,5708,wetland,49,5,4,2,global smallest observed area,
43,soil,T_CEC_CLAY,0.0908674337258176,0.0974573030208692,0.0941623683733434,0.0591348609097676,0.0628286749747692,0.0609817679422684,TRUE,TRUE,2,Nutrient retention and base status,"",TRUE,4,TRUE,TRUE,High-cold marshes,high_cold_marsh,wetland,#4CC9F0,4041.58735428002,5708,wetland,49,5,4,2,global smallest observed area,
43,soil,T_TEB,0.0813742870132176,0.0801048611473777,0.0807395740802977,0.052956894971613,0.0516419203992325,0.0522994076854228,TRUE,TRUE,2,Nutrient retention and base status,"",TRUE,5,TRUE,TRUE,High-cold marshes,high_cold_marsh,wetland,#4CC9F0,4041.58735428002,5708,wetland,49,5,4,2,global smallest observed area,
43,soil,T_SAND,0.0807940306753438,0.0782301983583705,0.0795121145168572,0.0525792747789297,0.050433364699383,0.0515063197391564,TRUE,TRUE,2,Texture,"",TRUE,6,FALSE,TRUE,High-cold marshes,high_cold_marsh,wetland,#4CC9F0,4041.58735428002,5708,wetland,49,5,4,2,global smallest observed area,
43,soil,T_REF_BULK_DENSITY,0.0639964183981068,0.0621754019756758,0.0630859101868913,0.0416476964906305,0.0400831748988462,0.0408654356947384,TRUE,TRUE,2,Bulk density,"",TRUE,7,FALSE,TRUE,High-cold marshes,high_cold_marsh,wetland,#4CC9F0,4041.58735428002,5708,wetland,49,5,4,2,global smallest observed area,
43,soil,T_CLAY,0.0497043995221356,0.0497456994741411,0.0497250494981383,0.0323467124780249,0.0320700069340528,0.0322083597060388,TRUE,TRUE,2,Texture,"",TRUE,8,FALSE,TRUE,High-cold marshes,high_cold_marsh,wetland,#4CC9F0,4041.58735428002,5708,wetland,49,5,4,2,global smallest observed area,
43,soil,T_GRAVEL,0.0472921547725831,0.0457247299873999,0.0465084423799915,0.0307768677944441,0.0294777724156008,0.0301273201050225,TRUE,TRUE,2,Coarse fragments,"",TRUE,9,FALSE,TRUE,High-cold marshes,high_cold_marsh,wetland,#4CC9F0,4041.58735428002,5708,wetland,49,5,4,2,global smallest observed area,
48,climate,PPT_wt,0.0934866567158406,0.0892501263901111,0.0913683915529758,0.124150981599791,0.118435803474877,0.121293392537334,TRUE,TRUE,2,Precipitation,Winter,TRUE,1,TRUE,TRUE,Subtropical and tropical marshes,subtropical_tropical_marsh,wetland,#00BFA6,1797.64026241183,2400,wetland,52,2,5,1,category smallest observed area; global smallest observed area,
48,climate,RH_sm,0.0799813364116864,0.0785674642478669,0.0792744003297767,0.106215814898121,0.104259804792958,0.105237809845539,TRUE,TRUE,2,Humidity,Summer,TRUE,2,TRUE,TRUE,Subtropical and tropical marshes,subtropical_tropical_marsh,wetland,#00BFA6,1797.64026241183,2400,wetland,52,2,5,1,category smallest observed area; global smallest observed area,
48,climate,RH_sp,0.0766288022077703,0.0745466864018827,0.0755877443048265,0.101763624319436,0.0989241926874728,0.100343908503454,TRUE,TRUE,2,Humidity,Spring,TRUE,3,TRUE,TRUE,Subtropical and tropical marshes,subtropical_tropical_marsh,wetland,#00BFA6,1797.64026241183,2400,wetland,52,2,5,1,category smallest observed area; global smallest observed area,
48,climate,Tmin_sm,0.0646657959488643,0.069798262904779,0.0672320294268217,0.0858766622426763,0.0926229875814957,0.089249824912086,TRUE,TRUE,2,Temperature,Summer,TRUE,4,TRUE,TRUE,Subtropical and tropical marshes,subtropical_tropical_marsh,wetland,#00BFA6,1797.64026241183,2400,wetland,52,2,5,1,category smallest observed area; global smallest observed area,
48,climate,PPT_sp,0.063929712834051,0.0647954261198834,0.0643625694769672,0.0848991383429729,0.0859841735177161,0.0854416559303445,TRUE,TRUE,2,Precipitation,Spring,TRUE,5,TRUE,TRUE,Subtropical and tropical marshes,subtropical_tropical_marsh,wetland,#00BFA6,1797.64026241183,2400,wetland,52,2,5,1,category smallest observed area; global smallest observed area,
48,climate,TD,0.0554109232709396,0.0591566223873969,0.0572837728291682,0.0735861218820566,0.0785014250028841,0.0760437734424703,TRUE,TRUE,2,Temperature,Annual,TRUE,6,FALSE,TRUE,Subtropical and tropical marshes,subtropical_tropical_marsh,wetland,#00BFA6,1797.64026241183,2400,wetland,52,2,5,1,category smallest observed area; global smallest observed area,
48,climate,RH_wt,0.0556874467247128,0.0577774434072062,0.0567324450659595,0.0739533471035731,0.0766712408086278,0.0753122939561005,TRUE,TRUE,2,Humidity,Winter,TRUE,7,FALSE,TRUE,Subtropical and tropical marshes,subtropical_tropical_marsh,wetland,#00BFA6,1797.64026241183,2400,wetland,52,2,5,1,category smallest observed area; global smallest observed area,
48,climate,CMD,0.0549897802613272,0.0504327238361471,0.0527112520487372,0.0730268408052267,0.0669247250457951,0.0699757829255109,TRUE,TRUE,2,Climatic moisture balance,Annual,TRUE,8,FALSE,TRUE,Subtropical and tropical marshes,subtropical_tropical_marsh,wetland,#00BFA6,1797.64026241183,2400,wetland,52,2,5,1,category smallest observed area; global smallest observed area,
48,climate,RH,0.0473037450027941,0.0454526083405024,0.0463781766716482,0.0628197283093981,0.0603160623583469,0.0615678953338725,TRUE,TRUE,2,Humidity,Annual,TRUE,9,FALSE,TRUE,Subtropical and tropical marshes,subtropical_tropical_marsh,wetland,#00BFA6,1797.64026241183,2400,wetland,52,2,5,1,category smallest observed area; global smallest observed area,
48,climate,MAP,0.0421722676688138,0.0409917654396755,0.0415820165542446,0.0560050879056111,0.0543964795576981,0.0552007837316546,TRUE,TRUE,2,Precipitation,Annual,TRUE,10,FALSE,TRUE,Subtropical and tropical marshes,subtropical_tropical_marsh,wetland,#00BFA6,1797.64026241183,2400,wetland,52,2,5,1,category smallest observed area; global smallest observed area,
48,soil,T_CEC_CLAY,0.202751636952704,0.204043645573509,0.203397641263106,0.143281894796007,0.14381956427398,0.143550729534994,TRUE,TRUE,2,Nutrient retention and base status,"",TRUE,1,TRUE,TRUE,Subtropical and tropical marshes,subtropical_tropical_marsh,wetland,#00BFA6,1797.64026241183,2400,wetland,52,2,5,1,category smallest observed area; global smallest observed area,
48,soil,T_OC,0.145037617308611,0.152042210233264,0.148539913770937,0.102496161989181,0.107166505310861,0.104831333650021,TRUE,TRUE,2,Organic carbon,"",TRUE,2,TRUE,TRUE,Subtropical and tropical marshes,subtropical_tropical_marsh,wetland,#00BFA6,1797.64026241183,2400,wetland,52,2,5,1,category smallest observed area; global smallest observed area,
48,soil,T_CEC_SOIL,0.126835947509054,0.131346004986934,0.129090976247994,0.0896332831659628,0.0925788458310189,0.0911060644984908,TRUE,TRUE,2,Nutrient retention and base status,"",TRUE,3,TRUE,TRUE,Subtropical and tropical marshes,subtropical_tropical_marsh,wetland,#00BFA6,1797.64026241183,2400,wetland,52,2,5,1,category smallest observed area; global smallest observed area,
48,soil,T_SILT,0.12262571650359,0.122699099114198,0.122662407808894,0.0866579687119916,0.0864840996239531,0.0865710341679723,TRUE,TRUE,2,Texture,"",TRUE,4,TRUE,TRUE,Subtropical and tropical marshes,subtropical_tropical_marsh,wetland,#00BFA6,1797.64026241183,2400,wetland,52,2,5,1,category smallest observed area; global smallest observed area,
48,soil,T_SAND,0.108425270754224,0.108859541149822,0.108642405952023,0.0766227018973926,0.0767293278417366,0.0766760148695646,TRUE,TRUE,2,Texture,"",TRUE,5,TRUE,TRUE,Subtropical and tropical marshes,subtropical_tropical_marsh,wetland,#00BFA6,1797.64026241183,2400,wetland,52,2,5,1,category smallest observed area; global smallest observed area,
48,soil,T_PH_H2O,0.0917364167980669,0.0846377295597899,0.0881870731789284,0.0648289099815726,0.0596566550857997,0.0622427825336861,TRUE,TRUE,2,Soil reaction,"",TRUE,6,FALSE,TRUE,Subtropical and tropical marshes,subtropical_tropical_marsh,wetland,#00BFA6,1797.64026241183,2400,wetland,52,2,5,1,category smallest observed area; global smallest observed area,
48,soil,T_GRAVEL,0.078118824193329,0.0801747659566648,0.0791467950749969,0.0552055377598129,0.056510948298568,0.0558582430291904,TRUE,TRUE,2,Coarse fragments,"",TRUE,7,FALSE,TRUE,Subtropical and tropical marshes,subtropical_tropical_marsh,wetland,#00BFA6,1797.64026241183,2400,wetland,52,2,5,1,category smallest observed area; global smallest observed area,
48,soil,T_TEB,0.0668357930293413,0.0621850720052984,0.0645104325173199,0.0472319691686223,0.0438309653555281,0.0455314672620752,TRUE,TRUE,2,Nutrient retention and base status,"",TRUE,8,FALSE,TRUE,Subtropical and tropical marshes,subtropical_tropical_marsh,wetland,#00BFA6,1797.64026241183,2400,wetland,52,2,5,1,category smallest observed area; global smallest observed area,
48,soil,T_BS,0.0576327769510794,0.0540119314205202,0.0558223541857998,0.0407283196723715,0.0380701512201557,0.0393992354462636,TRUE,TRUE,2,Nutrient retention and base status,"",TRUE,9,FALSE,TRUE,Subtropical and tropical marshes,subtropical_tropical_marsh,wetland,#00BFA6,1797.64026241183,2400,wetland,52,2,5,1,category smallest observed area; global smallest observed area,
