niche,feature,zoneID,method,method_label,mda_unscaled,mda_scaled,presence_mda_unscaled,presence_mda_scaled,mean_decrease_gini,model_file,model_object,positive_mda,importance_rank,importance_share,selected,top5,top10,feature_group,climate_period
climate,Eref_sm,1,mf_var,Plain MF RF,0.143413539944167,13.0984513401136,0.300874641942764,12.9106573954712,1108.19725280569,H:/Jing/ecoChina2/rf/clm_mfVar_zone1.Rdata,clm_mfVar,0.143413539944167,1,0.0738596765573827,TRUE,TRUE,TRUE,Radiation and evaporative demand,Summer
climate,PPT_at,1,mf_var,Plain MF RF,0.138949221979765,12.1196105800838,0.303533181087184,11.7429332998669,453.121211370134,H:/Jing/ecoChina2/rf/clm_mfVar_zone1.Rdata,clm_mfVar,0.138949221979765,2,0.0715604997779209,TRUE,TRUE,TRUE,Precipitation,Autumn
climate,DD5_sm,1,mf_var,Plain MF RF,0.113035152349044,6.6175081816334,0.188643381078125,6.08719140583387,887.622501256996,H:/Jing/ecoChina2/rf/clm_mfVar_zone1.Rdata,clm_mfVar,0.113035152349044,3,0.0582144461071469,TRUE,TRUE,TRUE,Growing season and degree-days,Summer
climate,PPT_sp,1,mf_var,Plain MF RF,0.109120147874284,9.45887460109792,0.240333074126669,9.21101528748721,434.576705974749,H:/Jing/ecoChina2/rf/clm_mfVar_zone1.Rdata,clm_mfVar,0.109120147874284,4,0.0561981722996732,TRUE,TRUE,TRUE,Precipitation,Spring
climate,DD5,1,mf_var,Plain MF RF,0.108661217117204,5.99639979198878,0.201352966793457,5.91751985995829,936.131638814459,H:/Jing/ecoChina2/rf/clm_mfVar_zone1.Rdata,clm_mfVar,0.108661217117204,5,0.0559618175085334,TRUE,TRUE,TRUE,Growing season and degree-days,Annual
climate,EXT,1,mf_var,Plain MF RF,0.107309071649874,7.32532039911244,0.188257608168313,6.71011456513993,633.490693059768,H:/Jing/ecoChina2/rf/clm_mfVar_zone1.Rdata,clm_mfVar,0.107309071649874,6,0.0552654465318849,TRUE,FALSE,TRUE,Temperature,Annual
climate,PPT_sm,1,mf_var,Plain MF RF,0.106068105697996,10.34560798147,0.227128126952952,10.0455331337533,307.322063654616,H:/Jing/ecoChina2/rf/clm_mfVar_zone1.Rdata,clm_mfVar,0.106068105697996,7,0.0546263343263003,TRUE,FALSE,TRUE,Precipitation,Summer
climate,DD_0_at,1,mf_var,Plain MF RF,0.102537368163528,7.14424567743027,0.1859474613409,6.39317565698131,196.368966307287,H:/Jing/ecoChina2/rf/clm_mfVar_zone1.Rdata,clm_mfVar,0.102537368163528,8,0.0528079625574534,TRUE,FALSE,TRUE,Growing season and degree-days,Autumn
climate,Tmin_sm,1,mf_var,Plain MF RF,0.102455951687401,6.97282942159019,0.177427678271182,6.71867836309289,758.895704731983,H:/Jing/ecoChina2/rf/clm_mfVar_zone1.Rdata,clm_mfVar,0.102455951687401,9,0.0527660321051721,TRUE,FALSE,TRUE,Temperature,Summer
climate,DD_18_sm,1,mf_var,Plain MF RF,0.0998077139932422,6.04343271970835,0.164712609741496,5.33652821052093,901.711876102235,H:/Jing/ecoChina2/rf/clm_mfVar_zone1.Rdata,clm_mfVar,0.0998077139932422,10,0.0514021582365414,TRUE,FALSE,TRUE,Growing season and degree-days,Summer
climate,MAP,1,mf_var,Plain MF RF,0.0986509217132047,8.53257380396974,0.211207500276944,8.09149581128556,274.705541010174,H:/Jing/ecoChina2/rf/clm_mfVar_zone1.Rdata,clm_mfVar,0.0986509217132047,11,0.0508063964717812,TRUE,FALSE,FALSE,Precipitation,Annual
climate,NFFD_at,1,mf_var,Plain MF RF,0.0916862869499772,7.60584187564279,0.178237132770022,7.14643319363916,615.748556958993,H:/Jing/ecoChina2/rf/clm_mfVar_zone1.Rdata,clm_mfVar,0.0916862869499772,12,0.0472195268418108,TRUE,FALSE,FALSE,Growing season and degree-days,Autumn
climate,PPT_wt,1,mf_var,Plain MF RF,0.0835519115974712,7.40143546960858,0.18468445903392,7.25620561152438,265.21037858088,H:/Jing/ecoChina2/rf/clm_mfVar_zone1.Rdata,clm_mfVar,0.0835519115974712,13,0.0430302269140192,TRUE,FALSE,FALSE,Precipitation,Winter
climate,Eref,1,mf_var,Plain MF RF,0.0831158691313175,6.66417615965203,0.152241885196472,6.26863748834373,553.659378737377,H:/Jing/ecoChina2/rf/clm_mfVar_zone1.Rdata,clm_mfVar,0.0831158691313175,14,0.0428056598645765,TRUE,FALSE,FALSE,Radiation and evaporative demand,Annual
climate,Eref_at,1,mf_var,Plain MF RF,0.0820474061576962,6.78736667115816,0.144600919845267,5.8773074567735,276.534661967769,H:/Jing/ecoChina2/rf/clm_mfVar_zone1.Rdata,clm_mfVar,0.0820474061576962,15,0.0422553887418085,TRUE,FALSE,FALSE,Radiation and evaporative demand,Autumn
climate,CMD_sp,1,mf_var,Plain MF RF,0.0723534297749146,7.09878151370238,0.127864997786087,6.0078086004339,222.355534260084,H:/Jing/ecoChina2/rf/clm_mfVar_zone1.Rdata,clm_mfVar,0.0723534297749146,16,0.0372628757582652,TRUE,FALSE,FALSE,Climatic moisture balance,Spring
climate,PAS_wt,1,mf_var,Plain MF RF,0.0672606904262514,7.18052881611464,0.147726512054567,6.82970564880172,277.789445706461,H:/Jing/ecoChina2/rf/clm_mfVar_zone1.Rdata,clm_mfVar,0.0672606904262514,17,0.0346400545014315,TRUE,FALSE,FALSE,Snowfall,Winter
climate,CMD_sm,1,mf_var,Plain MF RF,0.0654827631513801,7.32555910799142,0.14215981682247,7.14629157552846,192.046606160667,H:/Jing/ecoChina2/rf/clm_mfVar_zone1.Rdata,clm_mfVar,0.0654827631513801,18,0.0337244008364034,TRUE,FALSE,FALSE,Climatic moisture balance,Summer
climate,CMD,1,mf_var,Plain MF RF,0.0615654433838185,6.82563623056664,0.129759085165791,6.40260729511547,183.069049188747,H:/Jing/ecoChina2/rf/clm_mfVar_zone1.Rdata,clm_mfVar,0.0615654433838185,19,0.0317069346256357,TRUE,FALSE,FALSE,Climatic moisture balance,Annual
climate,RH_sp,1,mf_var,Plain MF RF,0.0599263324092164,6.39862390260287,0.13552289431647,6.23138584612408,85.458861397845,H:/Jing/ecoChina2/rf/clm_mfVar_zone1.Rdata,clm_mfVar,0.0599263324092164,20,0.0308627730041256,TRUE,FALSE,FALSE,Humidity,Spring
climate,RH_at,1,mf_var,Plain MF RF,0.0447042435511846,7.11854156501392,0.0963037305634684,6.83172021436521,145.95660565216,H:/Jing/ecoChina2/rf/clm_mfVar_zone1.Rdata,clm_mfVar,0.0447042435511846,21,0.0230232164321334,TRUE,FALSE,FALSE,Humidity,Autumn
climate,PAS_sp,2,mf_var,Plain MF RF,0.0906858569632508,4.93528709364607,0.144379110600788,4.24332835641521,963.486330871921,H:/Jing/ecoChina2/rf/clm_mfVar_zone2.Rdata,clm_mfVar,0.0906858569632508,1,0.0765066409269431,TRUE,TRUE,TRUE,Snowfall,Spring
climate,PAS_at,2,mf_var,Plain MF RF,0.0883803933250475,5.14234875633695,0.146337766880969,4.54561873767085,861.545024580249,H:/Jing/ecoChina2/rf/clm_mfVar_zone2.Rdata,clm_mfVar,0.0883803933250475,2,0.0745616487898602,TRUE,TRUE,TRUE,Snowfall,Autumn
climate,Eref,2,mf_var,Plain MF RF,0.088047210473735,4.94687637142606,0.116681357088523,4.21949042105317,629.718890121368,H:/Jing/ecoChina2/rf/clm_mfVar_zone2.Rdata,clm_mfVar,0.088047210473735,3,0.0742805608493371,TRUE,TRUE,TRUE,Radiation and evaporative demand,Annual
climate,MCMT,2,mf_var,Plain MF RF,0.0867461003455646,4.88654561335253,0.147632388854588,4.52962231703523,1248.97781853626,H:/Jing/ecoChina2/rf/clm_mfVar_zone2.Rdata,clm_mfVar,0.0867461003455646,4,0.0731828862094792,TRUE,TRUE,TRUE,Temperature,Annual
climate,DD_0_at,2,mf_var,Plain MF RF,0.0845122133784518,5.18441952510964,0.16224794696202,4.94366933889881,336.444213831972,H:/Jing/ecoChina2/rf/clm_mfVar_zone2.Rdata,clm_mfVar,0.0845122133784518,5,0.0712982793502913,TRUE,TRUE,TRUE,Growing season and degree-days,Autumn
climate,DD5_sp,2,mf_var,Plain MF RF,0.0766466298054971,4.76633664763701,0.0987838103750042,3.95705026140251,467.246527706457,H:/Jing/ecoChina2/rf/clm_mfVar_zone2.Rdata,clm_mfVar,0.0766466298054971,6,0.0646625216009791,TRUE,FALSE,TRUE,Growing season and degree-days,Spring
climate,Eref_at,2,mf_var,Plain MF RF,0.0749133917270173,5.07454362962725,0.132149454584216,4.8116485585928,587.741180261738,H:/Jing/ecoChina2/rf/clm_mfVar_zone2.Rdata,clm_mfVar,0.0749133917270173,7,0.063200284514055,TRUE,FALSE,TRUE,Radiation and evaporative demand,Autumn
climate,DD5,2,mf_var,Plain MF RF,0.0688320521035797,4.75134733853858,0.0958656607073013,4.10569785628542,462.16546690181,H:/Jing/ecoChina2/rf/clm_mfVar_zone2.Rdata,clm_mfVar,0.0688320521035797,8,0.0580697946834999,TRUE,FALSE,TRUE,Growing season and degree-days,Annual
climate,DD5_sm,2,mf_var,Plain MF RF,0.0640862759884927,5.03694245409842,0.0862016209728377,4.47031328409288,412.700490607618,H:/Jing/ecoChina2/rf/clm_mfVar_zone2.Rdata,clm_mfVar,0.0640862759884927,9,0.0540660459037562,TRUE,FALSE,TRUE,Growing season and degree-days,Summer
climate,EXT,2,mf_var,Plain MF RF,0.0538717931642285,5.89796006658,0.069755916994095,4.81367130435041,544.675283082879,H:/Jing/ecoChina2/rf/clm_mfVar_zone2.Rdata,clm_mfVar,0.0538717931642285,10,0.0454486517933704,TRUE,FALSE,TRUE,Temperature,Annual
climate,Tmin_sm,2,mf_var,Plain MF RF,0.0535346628395762,4.33841782623783,0.0753489354051909,3.94812770493314,529.130601661427,H:/Jing/ecoChina2/rf/clm_mfVar_zone2.Rdata,clm_mfVar,0.0535346628395762,11,0.0451642335879581,TRUE,FALSE,FALSE,Temperature,Summer
climate,MWMT,2,mf_var,Plain MF RF,0.0514365886281886,4.78407083810573,0.0740952069416795,4.01296572032134,401.181153560639,H:/Jing/ecoChina2/rf/clm_mfVar_zone2.Rdata,clm_mfVar,0.0514365886281886,12,0.0433942044378366,TRUE,FALSE,FALSE,Temperature,Annual
climate,Eref_sm,2,mf_var,Plain MF RF,0.0469008974755384,4.82674926062565,0.0754733748845211,3.96515936827828,428.682751257374,H:/Jing/ecoChina2/rf/clm_mfVar_zone2.Rdata,clm_mfVar,0.0469008974755384,13,0.0395676927193451,TRUE,FALSE,FALSE,Radiation and evaporative demand,Summer
climate,CMD_sp,2,mf_var,Plain MF RF,0.0408151043030264,5.23413971532598,0.0686438743165408,4.48174719424125,239.84787751483,H:/Jing/ecoChina2/rf/clm_mfVar_zone2.Rdata,clm_mfVar,0.0408151043030264,14,0.034433445675799,TRUE,FALSE,FALSE,Climatic moisture balance,Spring
climate,PPT_at,2,mf_var,Plain MF RF,0.0359051828723352,6.22213390412255,0.0709486192877939,5.8536582998635,178.45512886598,H:/Jing/ecoChina2/rf/clm_mfVar_zone2.Rdata,clm_mfVar,0.0359051828723352,15,0.0302912165735298,TRUE,FALSE,FALSE,Precipitation,Autumn
climate,MAP,2,mf_var,Plain MF RF,0.034396937336724,5.96082273458974,0.0614621305553473,5.56592094738132,139.323954695948,H:/Jing/ecoChina2/rf/clm_mfVar_zone2.Rdata,clm_mfVar,0.034396937336724,16,0.0290187932488053,TRUE,FALSE,FALSE,Precipitation,Annual
climate,CMD,2,mf_var,Plain MF RF,0.0341723369209857,5.34637994205919,0.0612437804953565,4.70923462325888,142.246217411939,H:/Jing/ecoChina2/rf/clm_mfVar_zone2.Rdata,clm_mfVar,0.0341723369209857,17,0.0288293103025737,TRUE,FALSE,FALSE,Climatic moisture balance,Annual
climate,PPT_sp,2,mf_var,Plain MF RF,0.0336652780539607,5.69878933235855,0.0587916027831991,5.13327273066591,173.075850646124,H:/Jing/ecoChina2/rf/clm_mfVar_zone2.Rdata,clm_mfVar,0.0336652780539607,18,0.02840153278613,TRUE,FALSE,FALSE,Precipitation,Spring
climate,PPT_sm,2,mf_var,Plain MF RF,0.0290618822076012,6.37266791906243,0.0574078731229026,5.95392905331736,128.92534686063,H:/Jing/ecoChina2/rf/clm_mfVar_zone2.Rdata,clm_mfVar,0.0290618822076012,19,0.0245179023628687,TRUE,FALSE,FALSE,Precipitation,Summer
climate,CMD_sm,2,mf_var,Plain MF RF,0.0262025949493987,5.78947195577726,0.0522394363320017,5.41564305681853,109.855513427271,H:/Jing/ecoChina2/rf/clm_mfVar_zone2.Rdata,clm_mfVar,0.0262025949493987,20,0.0221056798742073,TRUE,FALSE,FALSE,Climatic moisture balance,Summer
climate,RH_wt,2,mf_var,Plain MF RF,0.0225197576928473,5.19970634110344,0.0391343087097469,5.28461112396121,113.623506744735,H:/Jing/ecoChina2/rf/clm_mfVar_zone2.Rdata,clm_mfVar,0.0225197576928473,21,0.018998673809375,TRUE,FALSE,FALSE,Humidity,Winter
climate,MAP,3,mf_var,Plain MF RF,0.10002574500334,8.81234637601423,0.158489256340649,9.03056354559478,755.532570249337,H:/Jing/ecoChina2/rf/clm_mfVar_zone3.Rdata,clm_mfVar,0.10002574500334,1,0.0842873143338272,TRUE,TRUE,TRUE,Precipitation,Annual
climate,TD,3,mf_var,Plain MF RF,0.0799348496185302,6.24810631452175,0.1250323101159,6.22031648610962,787.052325766592,H:/Jing/ecoChina2/rf/clm_mfVar_zone3.Rdata,clm_mfVar,0.0799348496185302,2,0.0673575967447112,TRUE,TRUE,TRUE,Temperature,Annual
climate,PPT_sm,3,mf_var,Plain MF RF,0.0791090930791724,7.62694423983882,0.117758384698795,7.78903421441856,729.834446746277,H:/Jing/ecoChina2/rf/clm_mfVar_zone3.Rdata,clm_mfVar,0.0791090930791724,3,0.0666617678759161,TRUE,TRUE,TRUE,Precipitation,Summer
climate,PPT_at,3,mf_var,Plain MF RF,0.0657921503558076,7.21214687422989,0.109069996662274,7.26496241340866,470.38174027067,H:/Jing/ecoChina2/rf/clm_mfVar_zone3.Rdata,clm_mfVar,0.0657921503558076,4,0.0554401635054378,TRUE,TRUE,TRUE,Precipitation,Autumn
climate,DD5_sm,3,mf_var,Plain MF RF,0.0633975817378926,6.8281173678312,0.112099293946037,6.21171132726151,338.448680586984,H:/Jing/ecoChina2/rf/clm_mfVar_zone3.Rdata,clm_mfVar,0.0633975817378926,5,0.0534223654097037,TRUE,TRUE,TRUE,Growing season and degree-days,Summer
climate,DD_18_sm,3,mf_var,Plain MF RF,0.0628739614329507,6.92152824782616,0.117321398372682,6.53966573956512,329.660951588974,H:/Jing/ecoChina2/rf/clm_mfVar_zone3.Rdata,clm_mfVar,0.0628739614329507,6,0.0529811335125283,TRUE,FALSE,TRUE,Growing season and degree-days,Summer
climate,AHM,3,mf_var,Plain MF RF,0.0627995575792025,6.47213303837526,0.111443557524086,6.0096458966752,415.653187690308,H:/Jing/ecoChina2/rf/clm_mfVar_zone3.Rdata,clm_mfVar,0.0627995575792025,7,0.0529184366437541,TRUE,FALSE,TRUE,Climatic moisture balance,Annual
climate,DD_18_wt,3,mf_var,Plain MF RF,0.058845902204344,6.24545171692718,0.0796068291390709,5.6925801318199,495.584137791902,H:/Jing/ecoChina2/rf/clm_mfVar_zone3.Rdata,clm_mfVar,0.058845902204344,8,0.0495868644236501,TRUE,FALSE,TRUE,Growing season and degree-days,Winter
climate,DD18_sm,3,mf_var,Plain MF RF,0.0564725486617127,6.05213083006947,0.103380572868541,5.70977069772079,307.218958577051,H:/Jing/ecoChina2/rf/clm_mfVar_zone3.Rdata,clm_mfVar,0.0564725486617127,9,0.0475869433426686,TRUE,FALSE,TRUE,Growing season and degree-days,Summer
climate,DD_0_wt,3,mf_var,Plain MF RF,0.0562244876132528,6.04244404777873,0.080289506239573,5.44535059856731,434.072246362179,H:/Jing/ecoChina2/rf/clm_mfVar_zone3.Rdata,clm_mfVar,0.0562244876132528,10,0.0473779131618404,TRUE,FALSE,TRUE,Growing season and degree-days,Winter
climate,DD_0,3,mf_var,Plain MF RF,0.0548204003666003,6.19734425427725,0.0758902353197298,5.85795766358587,402.773144286806,H:/Jing/ecoChina2/rf/clm_mfVar_zone3.Rdata,clm_mfVar,0.0548204003666003,11,0.0461947503360422,TRUE,FALSE,FALSE,Growing season and degree-days,Annual
climate,PPT_sp,3,mf_var,Plain MF RF,0.0539637040531402,7.24792703038763,0.0952049311789594,7.16377523508571,372.216896689992,H:/Jing/ecoChina2/rf/clm_mfVar_zone3.Rdata,clm_mfVar,0.0539637040531402,12,0.0454728498747277,TRUE,FALSE,FALSE,Precipitation,Spring
climate,Tmin_at,3,mf_var,Plain MF RF,0.053375518684081,6.25670722058688,0.0722868253100534,5.90010320887102,358.947494599329,H:/Jing/ecoChina2/rf/clm_mfVar_zone3.Rdata,clm_mfVar,0.053375518684081,13,0.0449772118258754,TRUE,FALSE,FALSE,Temperature,Autumn
climate,Tmin_sm,3,mf_var,Plain MF RF,0.052986876650874,6.19059036089931,0.0901045508155507,5.85398482860569,296.138247779384,H:/Jing/ecoChina2/rf/clm_mfVar_zone3.Rdata,clm_mfVar,0.052986876650874,14,0.0446497202064412,TRUE,FALSE,FALSE,Temperature,Summer
climate,CMD,3,mf_var,Plain MF RF,0.0528999101742916,6.24235245267511,0.0964825087371567,5.89916585767072,337.942510432366,H:/Jing/ecoChina2/rf/clm_mfVar_zone3.Rdata,clm_mfVar,0.0528999101742916,15,0.0445764373656289,TRUE,FALSE,FALSE,Climatic moisture balance,Annual
climate,CMD_sp,3,mf_var,Plain MF RF,0.0509936510588674,6.97578497901671,0.103300177101623,6.63283274968314,389.414956576535,H:/Jing/ecoChina2/rf/clm_mfVar_zone3.Rdata,clm_mfVar,0.0509936510588674,16,0.042970116300406,TRUE,FALSE,FALSE,Climatic moisture balance,Spring
climate,EXT,3,mf_var,Plain MF RF,0.0480672193556184,5.79938944050254,0.0803705021491172,5.54872916378057,368.091249570192,H:/Jing/ecoChina2/rf/clm_mfVar_zone3.Rdata,clm_mfVar,0.0480672193556184,17,0.0405041404774817,TRUE,FALSE,FALSE,Temperature,Annual
climate,DD_0_sp,3,mf_var,Plain MF RF,0.0420981486263228,6.14176251091928,0.0681096522822743,5.82394018098205,277.2448453704,H:/Jing/ecoChina2/rf/clm_mfVar_zone3.Rdata,clm_mfVar,0.0420981486263228,18,0.0354742660104214,TRUE,FALSE,FALSE,Growing season and degree-days,Spring
climate,PPT_wt,3,mf_var,Plain MF RF,0.0355413249184611,6.30076484765074,0.0582522384576022,6.30125290831362,326.186386363341,H:/Jing/ecoChina2/rf/clm_mfVar_zone3.Rdata,clm_mfVar,0.0355413249184611,19,0.0299491178510392,TRUE,FALSE,FALSE,Precipitation,Winter
climate,Eref_at,3,mf_var,Plain MF RF,0.0350819587344227,6.25928326682794,0.0639748980150631,5.77440786141531,222.58604200458,H:/Jing/ecoChina2/rf/clm_mfVar_zone3.Rdata,clm_mfVar,0.0350819587344227,20,0.0295620300873132,TRUE,FALSE,FALSE,Radiation and evaporative demand,Autumn
climate,RH_wt,3,mf_var,Plain MF RF,0.021419008937544,7.20639761058151,0.0382405532477303,6.55576264616465,149.787730961063,H:/Jing/ecoChina2/rf/clm_mfVar_zone3.Rdata,clm_mfVar,0.021419008937544,21,0.0180488607105855,TRUE,FALSE,FALSE,Humidity,Winter
climate,TD,4,mf_var,Plain MF RF,0.161457241001379,9.74579993189267,0.33649038768573,9.53587703871914,1644.15490869882,H:/Jing/ecoChina2/rf/clm_mfVar_zone4.Rdata,clm_mfVar,0.161457241001379,1,0.0939484276378911,TRUE,TRUE,TRUE,Temperature,Annual
climate,Eref_at,4,mf_var,Plain MF RF,0.125222299102974,8.0387736346462,0.260470008011317,8.11864169621716,701.732282332119,H:/Jing/ecoChina2/rf/clm_mfVar_zone4.Rdata,clm_mfVar,0.125222299102974,2,0.0728641096116936,TRUE,TRUE,TRUE,Radiation and evaporative demand,Autumn
climate,PPT_sm,4,mf_var,Plain MF RF,0.101735572392676,10.8227832636701,0.206106103461837,11.0352340221188,571.891413645281,H:/Jing/ecoChina2/rf/clm_mfVar_zone4.Rdata,clm_mfVar,0.101735572392676,3,0.0591976984237649,TRUE,TRUE,TRUE,Precipitation,Summer
climate,DD_0_at,4,mf_var,Plain MF RF,0.100143038586424,7.25223147259784,0.212818822174613,7.57491127304455,551.20756934078,H:/Jing/ecoChina2/rf/clm_mfVar_zone4.Rdata,clm_mfVar,0.100143038586424,4,0.0582710379275886,TRUE,TRUE,TRUE,Growing season and degree-days,Autumn
climate,Eref,4,mf_var,Plain MF RF,0.0953514784866443,6.69127868088544,0.204103281640433,6.48785985780565,663.087639796748,H:/Jing/ecoChina2/rf/clm_mfVar_zone4.Rdata,clm_mfVar,0.0953514784866443,5,0.055482934188699,TRUE,TRUE,TRUE,Radiation and evaporative demand,Annual
climate,Eref_sm,4,mf_var,Plain MF RF,0.0898262677492201,7.60406751819865,0.19918306450325,7.69974965302269,359.577693408352,H:/Jing/ecoChina2/rf/clm_mfVar_zone4.Rdata,clm_mfVar,0.0898262677492201,6,0.0522679352333745,TRUE,FALSE,TRUE,Radiation and evaporative demand,Summer
climate,MAP,4,mf_var,Plain MF RF,0.0854889636444917,8.76531684507495,0.172123897065706,8.63273245501613,482.892511716183,H:/Jing/ecoChina2/rf/clm_mfVar_zone4.Rdata,clm_mfVar,0.0854889636444917,7,0.0497441530957675,TRUE,FALSE,TRUE,Precipitation,Annual
climate,DD5,4,mf_var,Plain MF RF,0.0814952232553653,7.32253524298589,0.16194627975524,7.45435440927861,499.517199710819,H:/Jing/ecoChina2/rf/clm_mfVar_zone4.Rdata,clm_mfVar,0.0814952232553653,8,0.0474202831496115,TRUE,FALSE,TRUE,Growing season and degree-days,Annual
climate,DD5_sm,4,mf_var,Plain MF RF,0.0811978923765405,8.16803105913643,0.159983683664866,8.45571743160301,407.687436543752,H:/Jing/ecoChina2/rf/clm_mfVar_zone4.Rdata,clm_mfVar,0.0811978923765405,9,0.0472472728319539,TRUE,FALSE,TRUE,Growing season and degree-days,Summer
climate,CMD_sp,4,mf_var,Plain MF RF,0.0792742444247841,8.29500874439986,0.176750078414304,7.79043470979596,203.604313109969,H:/Jing/ecoChina2/rf/clm_mfVar_zone4.Rdata,clm_mfVar,0.0792742444247841,10,0.0461279442761363,TRUE,FALSE,TRUE,Climatic moisture balance,Spring
climate,PPT_sp,4,mf_var,Plain MF RF,0.077539680327085,8.59730201406556,0.160587197601108,8.67226821808494,271.993781169646,H:/Jing/ecoChina2/rf/clm_mfVar_zone4.Rdata,clm_mfVar,0.077539680327085,11,0.0451186394682176,TRUE,FALSE,FALSE,Precipitation,Spring
climate,CMD_sm,4,mf_var,Plain MF RF,0.0728421440307212,9.19229099403924,0.152735531438789,8.66085132203413,336.387988269692,H:/Jing/ecoChina2/rf/clm_mfVar_zone4.Rdata,clm_mfVar,0.0728421440307212,12,0.0423852461185101,TRUE,FALSE,FALSE,Climatic moisture balance,Summer
climate,CMD_at,4,mf_var,Plain MF RF,0.0689723621873541,7.29165333953616,0.150293258948806,6.87899714672339,207.960536633454,H:/Jing/ecoChina2/rf/clm_mfVar_zone4.Rdata,clm_mfVar,0.0689723621873541,13,0.0401335049316104,TRUE,FALSE,FALSE,Climatic moisture balance,Autumn
climate,EXT,4,mf_var,Plain MF RF,0.068030843614375,7.02529109396423,0.115572870293653,6.81310584764798,467.749256062278,H:/Jing/ecoChina2/rf/clm_mfVar_zone4.Rdata,clm_mfVar,0.068030843614375,14,0.039585655922333,TRUE,FALSE,FALSE,Temperature,Annual
climate,DD18_sm,4,mf_var,Plain MF RF,0.0678698540167066,6.8617904446259,0.139728722110462,7.31881416886601,384.47810526642,H:/Jing/ecoChina2/rf/clm_mfVar_zone4.Rdata,clm_mfVar,0.0678698540167066,15,0.0394919796060947,TRUE,FALSE,FALSE,Growing season and degree-days,Summer
climate,AHM,4,mf_var,Plain MF RF,0.0646622345865184,7.94703653515023,0.133317329372041,7.54347095561915,287.743144640156,H:/Jing/ecoChina2/rf/clm_mfVar_zone4.Rdata,clm_mfVar,0.0646622345865184,16,0.0376255362056135,TRUE,FALSE,FALSE,Climatic moisture balance,Annual
climate,Tmin_sm,4,mf_var,Plain MF RF,0.0645198405991387,7.24458052896561,0.119646257536222,7.73575913492882,380.739457339409,H:/Jing/ecoChina2/rf/clm_mfVar_zone4.Rdata,clm_mfVar,0.0645198405991387,17,0.037542680267184,TRUE,FALSE,FALSE,Temperature,Summer
climate,PPT_at,4,mf_var,Plain MF RF,0.0635570751265106,8.51554627368032,0.135305993688802,8.32845660085505,273.795658354831,H:/Jing/ecoChina2/rf/clm_mfVar_zone4.Rdata,clm_mfVar,0.0635570751265106,18,0.0369824681529643,TRUE,FALSE,FALSE,Precipitation,Autumn
climate,CMD,4,mf_var,Plain MF RF,0.0598138786926765,8.33665611814879,0.124801309761697,7.85966478111058,228.685255951467,H:/Jing/ecoChina2/rf/clm_mfVar_zone4.Rdata,clm_mfVar,0.0598138786926765,19,0.0348043842397413,TRUE,FALSE,FALSE,Climatic moisture balance,Annual
climate,RH_wt,4,mf_var,Plain MF RF,0.0587152110965303,8.97656314816182,0.125572665297545,8.30944606049966,230.625257743572,H:/Jing/ecoChina2/rf/clm_mfVar_zone4.Rdata,clm_mfVar,0.0587152110965303,20,0.0341650936603008,TRUE,FALSE,FALSE,Humidity,Winter
climate,PPT_wt,4,mf_var,Plain MF RF,0.0508577597642684,7.86319185081262,0.105965508761634,7.59102467229644,214.763272116601,H:/Jing/ecoChina2/rf/clm_mfVar_zone4.Rdata,clm_mfVar,0.0508577597642684,21,0.0295930150509496,TRUE,FALSE,FALSE,Precipitation,Winter
climate,DD5_sm,5,mf_var,Plain MF RF,0.103766566405978,9.41178538183972,0.151434028891373,9.2776108322267,829.39774056304,H:/Jing/ecoChina2/rf/clm_mfVar_zone5.Rdata,clm_mfVar,0.103766566405978,1,0.0699293135923839,TRUE,TRUE,TRUE,Growing season and degree-days,Summer
climate,TD,5,mf_var,Plain MF RF,0.102062141454422,8.82929908095344,0.188336808044323,7.98712174911084,666.449828590115,H:/Jing/ecoChina2/rf/clm_mfVar_zone5.Rdata,clm_mfVar,0.102062141454422,2,0.0687806847896755,TRUE,TRUE,TRUE,Temperature,Annual
climate,Tmax_wt,5,mf_var,Plain MF RF,0.0998299246531982,7.51018274044002,0.182998339104385,6.97759675111749,598.813024604901,H:/Jing/ecoChina2/rf/clm_mfVar_zone5.Rdata,clm_mfVar,0.0998299246531982,3,0.0672763718485663,TRUE,TRUE,TRUE,Temperature,Winter
climate,DD5_at,5,mf_var,Plain MF RF,0.0872351957344173,7.62045978354147,0.137633214877995,7.3742016612873,475.883967801133,H:/Jing/ecoChina2/rf/clm_mfVar_zone5.Rdata,clm_mfVar,0.0872351957344173,4,0.0587886596819454,TRUE,TRUE,TRUE,Growing season and degree-days,Autumn
climate,Eref_at,5,mf_var,Plain MF RF,0.0850307377347656,6.7178260885374,0.145935429832543,5.84519776664673,406.130461046887,H:/Jing/ecoChina2/rf/clm_mfVar_zone5.Rdata,clm_mfVar,0.0850307377347656,5,0.0573030536712795,TRUE,TRUE,TRUE,Radiation and evaporative demand,Autumn
climate,Eref,5,mf_var,Plain MF RF,0.0841748904275498,7.43934130659047,0.144355320322231,7.0944044273183,396.18646431872,H:/Jing/ecoChina2/rf/clm_mfVar_zone5.Rdata,clm_mfVar,0.0841748904275498,6,0.0567262897211326,TRUE,FALSE,TRUE,Radiation and evaporative demand,Annual
climate,PPT_sp,5,mf_var,Plain MF RF,0.079218907701008,9.24640108190754,0.140635771565022,9.25158353183226,530.807602160429,H:/Jing/ecoChina2/rf/clm_mfVar_zone5.Rdata,clm_mfVar,0.079218907701008,7,0.0533864040311036,TRUE,FALSE,TRUE,Precipitation,Spring
climate,EXT,5,mf_var,Plain MF RF,0.0789532034478562,8.27326538556214,0.12087827888781,8.1326620854627,667.739335970361,H:/Jing/ecoChina2/rf/clm_mfVar_zone5.Rdata,clm_mfVar,0.0789532034478562,8,0.053207343311596,TRUE,FALSE,TRUE,Temperature,Annual
climate,EMT,5,mf_var,Plain MF RF,0.0755678627229583,7.79686418909811,0.121133531501818,6.85305798981805,367.472366904181,H:/Jing/ecoChina2/rf/clm_mfVar_zone5.Rdata,clm_mfVar,0.0755678627229583,9,0.0509259287734851,TRUE,FALSE,TRUE,Temperature,Annual
climate,DD_0,5,mf_var,Plain MF RF,0.0736939486592082,7.89869741715314,0.124674945532118,7.03183740140804,313.75482093896,H:/Jing/ecoChina2/rf/clm_mfVar_zone5.Rdata,clm_mfVar,0.0736939486592082,10,0.0496630795846966,TRUE,FALSE,TRUE,Growing season and degree-days,Annual
climate,PPT_at,5,mf_var,Plain MF RF,0.0729236153557804,9.64735970142956,0.129730308281556,9.6918739544008,373.485815376262,H:/Jing/ecoChina2/rf/clm_mfVar_zone5.Rdata,clm_mfVar,0.0729236153557804,11,0.0491439443659855,TRUE,FALSE,FALSE,Precipitation,Autumn
climate,MAP,5,mf_var,Plain MF RF,0.067993815388591,9.22091713856983,0.116373165716835,9.45105235461897,333.802853161563,H:/Jing/ecoChina2/rf/clm_mfVar_zone5.Rdata,clm_mfVar,0.067993815388591,12,0.0458217034959875,TRUE,FALSE,FALSE,Precipitation,Annual
climate,PPT_wt,5,mf_var,Plain MF RF,0.0642096700156297,9.91707684333706,0.110465638711004,9.40948637382774,302.714270641865,H:/Jing/ecoChina2/rf/clm_mfVar_zone5.Rdata,clm_mfVar,0.0642096700156297,13,0.0432715305681326,TRUE,FALSE,FALSE,Precipitation,Winter
climate,PPT_sm,5,mf_var,Plain MF RF,0.0588189708920913,10.4232075133652,0.109317970538401,10.1345685626197,280.083711416729,H:/Jing/ecoChina2/rf/clm_mfVar_zone5.Rdata,clm_mfVar,0.0588189708920913,14,0.0396386852061954,TRUE,FALSE,FALSE,Precipitation,Summer
climate,CMD,5,mf_var,Plain MF RF,0.0556690255121477,9.2009226217547,0.0991022350649831,8.51223278921762,292.673661920885,H:/Jing/ecoChina2/rf/clm_mfVar_zone5.Rdata,clm_mfVar,0.0556690255121477,15,0.0375159059151167,TRUE,FALSE,FALSE,Climatic moisture balance,Annual
climate,AHM,5,mf_var,Plain MF RF,0.0542311648536701,8.4524621783554,0.0950991011004932,7.66817772834271,243.272319406134,H:/Jing/ecoChina2/rf/clm_mfVar_zone5.Rdata,clm_mfVar,0.0542311648536701,16,0.0365469174213138,TRUE,FALSE,FALSE,Climatic moisture balance,Annual
climate,CMD_sp,5,mf_var,Plain MF RF,0.0540951362220023,8.42302803689459,0.0972456948026912,7.18648095982846,229.856985313709,H:/Jing/ecoChina2/rf/clm_mfVar_zone5.Rdata,clm_mfVar,0.0540951362220023,17,0.0364552463834168,TRUE,FALSE,FALSE,Climatic moisture balance,Spring
climate,RH_wt,5,mf_var,Plain MF RF,0.0527760189703177,9.23939644701219,0.0931604706553618,8.81040798487716,323.593325761401,H:/Jing/ecoChina2/rf/clm_mfVar_zone5.Rdata,clm_mfVar,0.0527760189703177,18,0.03556628024381,TRUE,FALSE,FALSE,Humidity,Winter
climate,CMD_at,5,mf_var,Plain MF RF,0.0478316458159384,7.53902077014647,0.0902899389194876,7.06327430375291,214.082843865844,H:/Jing/ecoChina2/rf/clm_mfVar_zone5.Rdata,clm_mfVar,0.0478316458159384,19,0.032234218359083,TRUE,FALSE,FALSE,Climatic moisture balance,Autumn
climate,CMD_sm,5,mf_var,Plain MF RF,0.0461668235070068,9.0450975411291,0.0892611533046063,8.10903131881948,214.316714906461,H:/Jing/ecoChina2/rf/clm_mfVar_zone5.Rdata,clm_mfVar,0.0461668235070068,20,0.0311122781682377,TRUE,FALSE,FALSE,Climatic moisture balance,Summer
climate,RH_at,5,mf_var,Plain MF RF,0.0396286832041958,8.27343419049861,0.0747501586006305,7.93640139191875,184.366043065749,H:/Jing/ecoChina2/rf/clm_mfVar_zone5.Rdata,clm_mfVar,0.0396286832041958,21,0.0267061608668568,TRUE,FALSE,FALSE,Humidity,Autumn
climate,TD,6,mf_var,Plain MF RF,0.174189235551311,9.79517550910655,0.361515062501105,9.57394694371228,1687.19301623484,H:/Jing/ecoChina2/rf/clm_mfVar_zone6.Rdata,clm_mfVar,0.174189235551311,1,0.0893071989840033,TRUE,TRUE,TRUE,Temperature,Annual
climate,Eref_at,6,mf_var,Plain MF RF,0.144032327380925,8.31271616057714,0.297243098012339,8.37532963045084,762.062657172323,H:/Jing/ecoChina2/rf/clm_mfVar_zone6.Rdata,clm_mfVar,0.144032327380925,2,0.0738456867373316,TRUE,TRUE,TRUE,Radiation and evaporative demand,Autumn
climate,Eref,6,mf_var,Plain MF RF,0.128283662118655,7.23339848909942,0.242685070493597,6.91512669162049,759.014110729829,H:/Jing/ecoChina2/rf/clm_mfVar_zone6.Rdata,clm_mfVar,0.128283662118655,3,0.0657713118894341,TRUE,TRUE,TRUE,Radiation and evaporative demand,Annual
climate,PPT_sm,6,mf_var,Plain MF RF,0.118680722535733,10.7153635402752,0.263592430883506,10.4688247303794,408.220655997828,H:/Jing/ecoChina2/rf/clm_mfVar_zone6.Rdata,clm_mfVar,0.118680722535733,4,0.0608478639309593,TRUE,TRUE,TRUE,Precipitation,Summer
climate,PPT_at,6,mf_var,Plain MF RF,0.118127664863063,10.4246532215227,0.261613051240546,10.0033308564467,227.029525601876,H:/Jing/ecoChina2/rf/clm_mfVar_zone6.Rdata,clm_mfVar,0.118127664863063,5,0.0605643100622806,TRUE,TRUE,TRUE,Precipitation,Autumn
climate,CMD_at,6,mf_var,Plain MF RF,0.107393021373248,10.5904474839172,0.241082265295064,10.3141375893023,256.144110535167,H:/Jing/ecoChina2/rf/clm_mfVar_zone6.Rdata,clm_mfVar,0.107393021373248,6,0.055060635055424,TRUE,FALSE,TRUE,Climatic moisture balance,Autumn
climate,Eref_sm,6,mf_var,Plain MF RF,0.105766330467041,6.90101550510265,0.204870618971048,6.46751020163087,618.391694988995,H:/Jing/ecoChina2/rf/clm_mfVar_zone6.Rdata,clm_mfVar,0.105766330467041,7,0.0542266270985816,TRUE,FALSE,TRUE,Radiation and evaporative demand,Summer
climate,DD_18,6,mf_var,Plain MF RF,0.100171310743947,6.38478373916311,0.191537156132143,6.21808418505195,571.951482783161,H:/Jing/ecoChina2/rf/clm_mfVar_zone6.Rdata,clm_mfVar,0.100171310743947,8,0.0513580483477284,TRUE,FALSE,TRUE,Growing season and degree-days,Annual
climate,CMD_sm,6,mf_var,Plain MF RF,0.094621340953017,8.12442947290043,0.204344577313226,7.90897908701462,367.17072614368,H:/Jing/ecoChina2/rf/clm_mfVar_zone6.Rdata,clm_mfVar,0.094621340953017,9,0.0485125667948356,TRUE,FALSE,TRUE,Climatic moisture balance,Summer
climate,MAP,6,mf_var,Plain MF RF,0.0906154170583826,7.95012324105428,0.186524757550129,7.63721127489256,288.191770457931,H:/Jing/ecoChina2/rf/clm_mfVar_zone6.Rdata,clm_mfVar,0.0906154170583826,10,0.0464587209228988,TRUE,FALSE,TRUE,Precipitation,Annual
climate,PPT_sp,6,mf_var,Plain MF RF,0.0834638302494109,7.68468409988777,0.176860688138034,7.23576937135575,210.180147101984,H:/Jing/ecoChina2/rf/clm_mfVar_zone6.Rdata,clm_mfVar,0.0834638302494109,11,0.0427920868500254,TRUE,FALSE,FALSE,Precipitation,Spring
climate,Tmin_sm,6,mf_var,Plain MF RF,0.0816396417749873,7.29833416930392,0.163116454250025,6.73674329328735,410.768508372991,H:/Jing/ecoChina2/rf/clm_mfVar_zone6.Rdata,clm_mfVar,0.0816396417749873,12,0.0418568214614722,TRUE,FALSE,FALSE,Temperature,Summer
climate,CMD,6,mf_var,Plain MF RF,0.0783831722939413,6.85660963730101,0.161238825655178,6.42045026146746,313.150583393556,H:/Jing/ecoChina2/rf/clm_mfVar_zone6.Rdata,clm_mfVar,0.0783831722939413,13,0.0401872224933808,TRUE,FALSE,FALSE,Climatic moisture balance,Annual
climate,DD5_sm,6,mf_var,Plain MF RF,0.0782640410533756,7.59385524104976,0.154485597915684,7.3417696661492,420.361407374343,H:/Jing/ecoChina2/rf/clm_mfVar_zone6.Rdata,clm_mfVar,0.0782640410533756,14,0.0401261436478784,TRUE,FALSE,FALSE,Growing season and degree-days,Summer
climate,PAS,6,mf_var,Plain MF RF,0.076786582640154,6.9000520438122,0.148705982813352,6.20960304705487,302.988389290689,H:/Jing/ecoChina2/rf/clm_mfVar_zone6.Rdata,clm_mfVar,0.076786582640154,15,0.0393686475139609,TRUE,FALSE,FALSE,Snowfall,Annual
climate,DD18_sm,6,mf_var,Plain MF RF,0.0737202998552207,6.68967576706122,0.14572104683806,6.51131849638332,415.411550345376,H:/Jing/ecoChina2/rf/clm_mfVar_zone6.Rdata,clm_mfVar,0.0737202998552207,16,0.0377965576775909,TRUE,FALSE,FALSE,Growing season and degree-days,Summer
climate,DD18,6,mf_var,Plain MF RF,0.072728366152643,6.69263351651486,0.145798696229791,6.59336386671542,364.610341909327,H:/Jing/ecoChina2/rf/clm_mfVar_zone6.Rdata,clm_mfVar,0.072728366152643,17,0.0372879911162034,TRUE,FALSE,FALSE,Growing season and degree-days,Annual
climate,CMD_sp,6,mf_var,Plain MF RF,0.0665295700570993,7.06697886313426,0.132523805596874,6.50854221215692,394.940841243059,H:/Jing/ecoChina2/rf/clm_mfVar_zone6.Rdata,clm_mfVar,0.0665295700570993,18,0.0341098549092568,TRUE,FALSE,FALSE,Climatic moisture balance,Spring
climate,AHM,6,mf_var,Plain MF RF,0.057418205948446,6.84460170128239,0.114423925890411,6.3804988598793,193.071027177869,H:/Jing/ecoChina2/rf/clm_mfVar_zone6.Rdata,clm_mfVar,0.057418205948446,19,0.0294384387629501,TRUE,FALSE,FALSE,Climatic moisture balance,Annual
climate,RH_wt,6,mf_var,Plain MF RF,0.054730105586336,7.6983606065263,0.117229028626487,7.09515454928257,238.270359453482,H:/Jing/ecoChina2/rf/clm_mfVar_zone6.Rdata,clm_mfVar,0.054730105586336,20,0.0280602438752573,TRUE,FALSE,FALSE,Humidity,Winter
climate,PPT_wt,6,mf_var,Plain MF RF,0.0449052553991934,7.58781842021813,0.0977924854053675,7.12667902548073,152.75339785944,H:/Jing/ecoChina2/rf/clm_mfVar_zone6.Rdata,clm_mfVar,0.0449052553991934,21,0.0230230218685467,TRUE,FALSE,FALSE,Precipitation,Winter
climate,TD,7,mf_var,Plain MF RF,0.0996134996244866,9.08986718591965,0.17386660732659,9.27964402694517,687.659834078534,H:/Jing/ecoChina2/rf/clm_mfVar_zone7.Rdata,clm_mfVar,0.0996134996244866,1,0.0733252338587274,TRUE,TRUE,TRUE,Temperature,Annual
climate,Eref_at,7,mf_var,Plain MF RF,0.0957165208128609,9.6425759591395,0.153656520711814,8.82389261217547,592.897930503584,H:/Jing/ecoChina2/rf/clm_mfVar_zone7.Rdata,clm_mfVar,0.0957165208128609,2,0.0704566780527158,TRUE,TRUE,TRUE,Radiation and evaporative demand,Autumn
climate,PPT_sm,7,mf_var,Plain MF RF,0.0864355659762352,10.8012449943485,0.159102123976846,10.525011615442,540.862843146541,H:/Jing/ecoChina2/rf/clm_mfVar_zone7.Rdata,clm_mfVar,0.0864355659762352,3,0.0636249917211116,TRUE,TRUE,TRUE,Precipitation,Summer
climate,Tmin_sm,7,mf_var,Plain MF RF,0.0805953653010371,8.80044044943381,0.122280556192567,9.10120505498687,546.366311642544,H:/Jing/ecoChina2/rf/clm_mfVar_zone7.Rdata,clm_mfVar,0.0805953653010371,4,0.0593260354360185,TRUE,TRUE,TRUE,Temperature,Summer
climate,DD5_sm,7,mf_var,Plain MF RF,0.0802059568748212,9.05155721579742,0.12698593009559,9.64205139516967,548.096264774878,H:/Jing/ecoChina2/rf/clm_mfVar_zone7.Rdata,clm_mfVar,0.0802059568748212,5,0.0590393929224388,TRUE,TRUE,TRUE,Growing season and degree-days,Summer
climate,MAP,7,mf_var,Plain MF RF,0.0755846004932208,8.73721708924107,0.141177281129324,8.21636763506331,395.672008079964,H:/Jing/ecoChina2/rf/clm_mfVar_zone7.Rdata,clm_mfVar,0.0755846004932208,6,0.055637624701236,TRUE,FALSE,TRUE,Precipitation,Annual
climate,EXT,7,mf_var,Plain MF RF,0.0681872080486609,8.25292707531827,0.115777921489175,7.75873027619151,483.221709932345,H:/Jing/ecoChina2/rf/clm_mfVar_zone7.Rdata,clm_mfVar,0.0681872080486609,7,0.050192423669379,TRUE,FALSE,TRUE,Temperature,Annual
climate,CMD_sm,7,mf_var,Plain MF RF,0.0669563819579899,9.09024700813539,0.122343096513615,8.5684576553642,358.835889168363,H:/Jing/ecoChina2/rf/clm_mfVar_zone7.Rdata,clm_mfVar,0.0669563819579899,8,0.0492864158363234,TRUE,FALSE,TRUE,Climatic moisture balance,Summer
climate,DD_18_wt,7,mf_var,Plain MF RF,0.0660203989102928,8.58649743219113,0.10318547744723,8.36073992386538,376.380559755344,H:/Jing/ecoChina2/rf/clm_mfVar_zone7.Rdata,clm_mfVar,0.0660203989102928,9,0.0485974411881189,TRUE,FALSE,TRUE,Growing season and degree-days,Winter
climate,AHM,7,mf_var,Plain MF RF,0.0656319882330482,8.8897645379134,0.1215653013658,8.81474719873541,374.258564038413,H:/Jing/ecoChina2/rf/clm_mfVar_zone7.Rdata,clm_mfVar,0.0656319882330482,10,0.0483115331149205,TRUE,FALSE,TRUE,Climatic moisture balance,Annual
climate,Tmin_wt,7,mf_var,Plain MF RF,0.0643782347789425,7.88473395334205,0.0986579156001898,7.68457078393779,378.410246369698,H:/Jing/ecoChina2/rf/clm_mfVar_zone7.Rdata,clm_mfVar,0.0643782347789425,11,0.047388648510223,TRUE,FALSE,FALSE,Temperature,Winter
climate,CMD_sp,7,mf_var,Plain MF RF,0.0629681742973443,7.06878227892069,0.113820806008523,7.69569815279993,470.694668374898,H:/Jing/ecoChina2/rf/clm_mfVar_zone7.Rdata,clm_mfVar,0.0629681742973443,12,0.0463507067156078,TRUE,FALSE,FALSE,Climatic moisture balance,Spring
climate,PPT_wt,7,mf_var,Plain MF RF,0.061521789921312,8.27641490767571,0.0912732258552653,6.9587488524702,370.66851033609,H:/Jing/ecoChina2/rf/clm_mfVar_zone7.Rdata,clm_mfVar,0.061521789921312,13,0.0452860269982805,TRUE,FALSE,FALSE,Precipitation,Winter
climate,Tmax_wt,7,mf_var,Plain MF RF,0.0597905267096297,8.73095956314597,0.104819458992395,7.97933019761889,336.509280658371,H:/Jing/ecoChina2/rf/clm_mfVar_zone7.Rdata,clm_mfVar,0.0597905267096297,14,0.0440116487227841,TRUE,FALSE,FALSE,Temperature,Winter
climate,MCMT,7,mf_var,Plain MF RF,0.058675256894488,7.64934628263075,0.0943554045657173,7.52497690823439,360.922667011516,H:/Jing/ecoChina2/rf/clm_mfVar_zone7.Rdata,clm_mfVar,0.058675256894488,15,0.0431907015588041,TRUE,FALSE,FALSE,Temperature,Annual
climate,CMD,7,mf_var,Plain MF RF,0.0564288559112779,8.19375655267413,0.102951317534852,7.80811168936767,348.555103546588,H:/Jing/ecoChina2/rf/clm_mfVar_zone7.Rdata,clm_mfVar,0.0564288559112779,16,0.0415371317308662,TRUE,FALSE,FALSE,Climatic moisture balance,Annual
climate,PPT_at,7,mf_var,Plain MF RF,0.0518512966087712,8.22819869373019,0.105679333117906,7.41791251960714,288.529995901923,H:/Jing/ecoChina2/rf/clm_mfVar_zone7.Rdata,clm_mfVar,0.0518512966087712,17,0.0381676024238565,TRUE,FALSE,FALSE,Precipitation,Autumn
climate,CMD_at,7,mf_var,Plain MF RF,0.0463768619388882,9.76206094956335,0.094211928006703,9.29974936523635,249.232006851542,H:/Jing/ecoChina2/rf/clm_mfVar_zone7.Rdata,clm_mfVar,0.0463768619388882,18,0.03413788552879,TRUE,FALSE,FALSE,Climatic moisture balance,Autumn
climate,RH_sm,7,mf_var,Plain MF RF,0.0417529339879635,9.33265486337116,0.0718277665616548,8.6534478659377,249.807465075495,H:/Jing/ecoChina2/rf/clm_mfVar_zone7.Rdata,clm_mfVar,0.0417529339879635,19,0.0307342243822027,TRUE,FALSE,FALSE,Humidity,Summer
climate,RH_at,7,mf_var,Plain MF RF,0.0382801136162876,8.42934246736681,0.0756181539587389,7.34474728581101,166.290665242535,H:/Jing/ecoChina2/rf/clm_mfVar_zone7.Rdata,clm_mfVar,0.0382801136162876,20,0.0281778904830582,TRUE,FALSE,FALSE,Humidity,Autumn
climate,RH_wt,7,mf_var,Plain MF RF,0.0315444176012573,8.62160680516796,0.0622958471034387,7.55959878280296,189.090727886391,H:/Jing/ecoChina2/rf/clm_mfVar_zone7.Rdata,clm_mfVar,0.0315444176012573,21,0.0232197624445369,TRUE,FALSE,FALSE,Humidity,Winter
climate,TD,9,mf_var,Plain MF RF,0.117714028217429,6.66031436053708,0.242777483872232,6.23367379913267,1466.26427353174,H:/Jing/ecoChina2/rf/clm_mfVar_zone9.Rdata,clm_mfVar,0.117714028217429,1,0.081519276663306,TRUE,TRUE,TRUE,Temperature,Annual
climate,PAS,9,mf_var,Plain MF RF,0.0993054688347636,6.67092299787967,0.222696629619097,6.55559773988278,638.206384841739,H:/Jing/ecoChina2/rf/clm_mfVar_zone9.Rdata,clm_mfVar,0.0993054688347636,2,0.0687709877124211,TRUE,TRUE,TRUE,Snowfall,Annual
climate,PPT_sp,9,mf_var,Plain MF RF,0.0874781763653797,6.61270419428409,0.194908699472993,6.44414958187133,504.253283264386,H:/Jing/ecoChina2/rf/clm_mfVar_zone9.Rdata,clm_mfVar,0.0874781763653797,3,0.0605803553673224,TRUE,TRUE,TRUE,Precipitation,Spring
climate,PPT_at,9,mf_var,Plain MF RF,0.0839232530548894,6.63504725435333,0.180669366265138,6.39996776049391,670.349112177736,H:/Jing/ecoChina2/rf/clm_mfVar_zone9.Rdata,clm_mfVar,0.0839232530548894,4,0.0581185011494936,TRUE,TRUE,TRUE,Precipitation,Autumn
climate,EXT,9,mf_var,Plain MF RF,0.0818131790480224,6.97019009192618,0.172205505170717,6.97932428211523,239.921058723176,H:/Jing/ecoChina2/rf/clm_mfVar_zone9.Rdata,clm_mfVar,0.0818131790480224,5,0.056657233453955,TRUE,TRUE,TRUE,Temperature,Annual
climate,MCMT,9,mf_var,Plain MF RF,0.081088017650266,4.78360354212746,0.158035736821818,4.42533532234544,855.470765130008,H:/Jing/ecoChina2/rf/clm_mfVar_zone9.Rdata,clm_mfVar,0.081088017650266,6,0.0561550449424884,TRUE,FALSE,TRUE,Temperature,Annual
climate,MAP,9,mf_var,Plain MF RF,0.079112232610209,5.79390693913253,0.171940506279566,5.54149291977208,574.380231575587,H:/Jing/ecoChina2/rf/clm_mfVar_zone9.Rdata,clm_mfVar,0.079112232610209,7,0.0547867749941512,TRUE,FALSE,TRUE,Precipitation,Annual
climate,Eref,9,mf_var,Plain MF RF,0.0742854787094384,5.25572312366601,0.141306909996766,5.14915134678924,625.545509186423,H:/Jing/ecoChina2/rf/clm_mfVar_zone9.Rdata,clm_mfVar,0.0742854787094384,8,0.0514441531114319,TRUE,FALSE,TRUE,Radiation and evaporative demand,Annual
climate,DD5_sm,9,mf_var,Plain MF RF,0.0712194903442568,5.62367185275521,0.15091950195044,5.58773619434415,267.199303813943,H:/Jing/ecoChina2/rf/clm_mfVar_zone9.Rdata,clm_mfVar,0.0712194903442568,9,0.0493208959468223,TRUE,FALSE,TRUE,Growing season and degree-days,Summer
climate,Tmin_sm,9,mf_var,Plain MF RF,0.0696003818986071,5.41914573563755,0.147880756868075,5.19303114539221,413.85805855122,H:/Jing/ecoChina2/rf/clm_mfVar_zone9.Rdata,clm_mfVar,0.0696003818986071,10,0.0481996315459047,TRUE,FALSE,TRUE,Temperature,Summer
climate,DD5,9,mf_var,Plain MF RF,0.0694488946605921,4.94639498473341,0.142078307037585,4.79954078016674,486.0768805917,H:/Jing/ecoChina2/rf/clm_mfVar_zone9.Rdata,clm_mfVar,0.0694488946605921,11,0.0480947236580878,TRUE,FALSE,FALSE,Growing season and degree-days,Annual
climate,DD18_sm,9,mf_var,Plain MF RF,0.0663130100727599,5.05924431225336,0.138192781664992,4.92929142799897,319.751248352117,H:/Jing/ecoChina2/rf/clm_mfVar_zone9.Rdata,clm_mfVar,0.0663130100727599,12,0.0459230619864007,TRUE,FALSE,FALSE,Growing season and degree-days,Summer
climate,PPT_sm,9,mf_var,Plain MF RF,0.063925143776449,6.01433464792332,0.142184665267816,5.78653484356825,250.563708626116,H:/Jing/ecoChina2/rf/clm_mfVar_zone9.Rdata,clm_mfVar,0.063925143776449,13,0.0442694176740644,TRUE,FALSE,FALSE,Precipitation,Summer
climate,DD18,9,mf_var,Plain MF RF,0.0622226348725808,4.81392953405905,0.130946022332244,4.57645848839537,343.430534751011,H:/Jing/ecoChina2/rf/clm_mfVar_zone9.Rdata,clm_mfVar,0.0622226348725808,14,0.0430903968176901,TRUE,FALSE,FALSE,Growing season and degree-days,Annual
climate,Eref_sm,9,mf_var,Plain MF RF,0.0560374615766352,5.13078328827776,0.11410908255985,5.18582275801559,369.812407915223,H:/Jing/ecoChina2/rf/clm_mfVar_zone9.Rdata,clm_mfVar,0.0560374615766352,15,0.0388070428219254,TRUE,FALSE,FALSE,Radiation and evaporative demand,Summer
climate,DD_18_at,9,mf_var,Plain MF RF,0.0535343469046738,4.38168469861862,0.0970311789030265,4.53511895961429,341.73804634058,H:/Jing/ecoChina2/rf/clm_mfVar_zone9.Rdata,clm_mfVar,0.0535343469046738,16,0.0370735867457584,TRUE,FALSE,FALSE,Growing season and degree-days,Autumn
climate,DD_0_at,9,mf_var,Plain MF RF,0.0509702006713427,4.57834669120912,0.10093454461695,4.56197953329113,339.797441957661,H:/Jing/ecoChina2/rf/clm_mfVar_zone9.Rdata,clm_mfVar,0.0509702006713427,17,0.0352978651145692,TRUE,FALSE,FALSE,Growing season and degree-days,Autumn
climate,CMD_sm,9,mf_var,Plain MF RF,0.0505675932213044,5.26558548094391,0.109589949979958,4.99431565251176,118.882921253244,H:/Jing/ecoChina2/rf/clm_mfVar_zone9.Rdata,clm_mfVar,0.0505675932213044,18,0.0350190515474577,TRUE,FALSE,FALSE,Climatic moisture balance,Summer
climate,AHM,9,mf_var,Plain MF RF,0.0498725269264328,4.86097983319341,0.106690010675693,4.62211971954987,158.73794604301,H:/Jing/ecoChina2/rf/clm_mfVar_zone9.Rdata,clm_mfVar,0.0498725269264328,19,0.0345377044858626,TRUE,FALSE,FALSE,Climatic moisture balance,Annual
climate,PPT_wt,9,mf_var,Plain MF RF,0.0406353515718672,4.65665762430508,0.0937267036334017,4.59213882825586,114.92358170044,H:/Jing/ecoChina2/rf/clm_mfVar_zone9.Rdata,clm_mfVar,0.0406353515718672,20,0.0281407791174993,TRUE,FALSE,FALSE,Precipitation,Winter
climate,RH_at,9,mf_var,Plain MF RF,0.0349354930617223,4.75236862821542,0.0775485207596997,4.62244199457178,72.8886932148713,H:/Jing/ecoChina2/rf/clm_mfVar_zone9.Rdata,clm_mfVar,0.0349354930617223,21,0.0241935151433878,TRUE,FALSE,FALSE,Humidity,Autumn
climate,TD,10,mf_var,Plain MF RF,0.127615657892571,9.74624132863013,0.208297943611063,9.68468084571004,1408.47367895225,H:/Jing/ecoChina2/rf/clm_mfVar_zone10.Rdata,clm_mfVar,0.127615657892571,1,0.114956462096094,TRUE,TRUE,TRUE,Temperature,Annual
climate,EXT,10,mf_var,Plain MF RF,0.101901482224734,6.76883115646011,0.142398461046998,5.40455137612364,1140.55307030983,H:/Jing/ecoChina2/rf/clm_mfVar_zone10.Rdata,clm_mfVar,0.101901482224734,2,0.0917930767458394,TRUE,TRUE,TRUE,Temperature,Annual
climate,MAP,10,mf_var,Plain MF RF,0.0726535092843092,6.65597066080852,0.118428466677546,6.46347997600539,659.670385707401,H:/Jing/ecoChina2/rf/clm_mfVar_zone10.Rdata,clm_mfVar,0.0726535092843092,3,0.0654464391291294,TRUE,TRUE,TRUE,Precipitation,Annual
climate,MWMT,10,mf_var,Plain MF RF,0.0707758612568781,5.12551300790715,0.109949505798914,4.22149888120764,767.160077386628,H:/Jing/ecoChina2/rf/clm_mfVar_zone10.Rdata,clm_mfVar,0.0707758612568781,4,0.0637550497035708,TRUE,TRUE,TRUE,Temperature,Annual
climate,DD5_sm,10,mf_var,Plain MF RF,0.0667750022547824,4.99634226959807,0.10376903794061,4.42104667383004,543.869669928786,H:/Jing/ecoChina2/rf/clm_mfVar_zone10.Rdata,clm_mfVar,0.0667750022547824,5,0.0601510672156742,TRUE,TRUE,TRUE,Growing season and degree-days,Summer
climate,EMT,10,mf_var,Plain MF RF,0.0667323286472979,6.37285531968552,0.119679406403538,5.72505441003955,244.111126430573,H:/Jing/ecoChina2/rf/clm_mfVar_zone10.Rdata,clm_mfVar,0.0667323286472979,6,0.0601126267372697,TRUE,FALSE,TRUE,Temperature,Annual
climate,PPT_at,10,mf_var,Plain MF RF,0.0584482156702688,5.44405959957042,0.0907075410253267,4.96500670363932,665.228073740201,H:/Jing/ecoChina2/rf/clm_mfVar_zone10.Rdata,clm_mfVar,0.0584482156702688,7,0.0526502797559512,TRUE,FALSE,TRUE,Precipitation,Autumn
climate,Tmax_wt,10,mf_var,Plain MF RF,0.0571606393274347,5.71621793263903,0.0945423809824687,5.13794101689886,321.654655371376,H:/Jing/ecoChina2/rf/clm_mfVar_zone10.Rdata,clm_mfVar,0.0571606393274347,8,0.0514904281868322,TRUE,FALSE,TRUE,Temperature,Winter
climate,Tmin_wt,10,mf_var,Plain MF RF,0.0561168476749964,5.40977308913458,0.100380207671389,4.823391693753,191.610437562707,H:/Jing/ecoChina2/rf/clm_mfVar_zone10.Rdata,clm_mfVar,0.0561168476749964,9,0.0505501783968672,TRUE,FALSE,TRUE,Temperature,Winter
climate,DD5_sp,10,mf_var,Plain MF RF,0.0520570654481061,5.55722366266607,0.0938478556433821,5.28595582985584,275.996828218241,H:/Jing/ecoChina2/rf/clm_mfVar_zone10.Rdata,clm_mfVar,0.0520570654481061,10,0.0468931177399627,TRUE,FALSE,TRUE,Growing season and degree-days,Spring
climate,DD_18_sp,10,mf_var,Plain MF RF,0.0511283286566876,5.98148068359799,0.0983969184549833,5.61641960251618,227.775026038921,H:/Jing/ecoChina2/rf/clm_mfVar_zone10.Rdata,clm_mfVar,0.0511283286566876,11,0.0460565096189606,TRUE,FALSE,FALSE,Growing season and degree-days,Spring
climate,Tmax_sp,10,mf_var,Plain MF RF,0.0426356045400072,6.24592164630143,0.0876158025264895,5.70758865884218,172.164898941617,H:/Jing/ecoChina2/rf/clm_mfVar_zone10.Rdata,clm_mfVar,0.0426356045400072,12,0.0384062452694743,TRUE,FALSE,FALSE,Temperature,Spring
climate,PPT_sp,10,mf_var,Plain MF RF,0.0421285356854458,5.69203315553327,0.0679858236689124,4.821794973421,338.628230731909,H:/Jing/ecoChina2/rf/clm_mfVar_zone10.Rdata,clm_mfVar,0.0421285356854458,13,0.0379494765427985,TRUE,FALSE,FALSE,Precipitation,Spring
climate,Eref_at,10,mf_var,Plain MF RF,0.0404270233123656,5.87424909932132,0.0733663379735433,5.47706839041695,195.894718246107,H:/Jing/ecoChina2/rf/clm_mfVar_zone10.Rdata,clm_mfVar,0.0404270233123656,14,0.0364167504976396,TRUE,FALSE,FALSE,Radiation and evaporative demand,Autumn
climate,NFFD,10,mf_var,Plain MF RF,0.0381077247755209,5.23040024692762,0.0660898995996911,4.88354906671371,146.900600070589,H:/Jing/ecoChina2/rf/clm_mfVar_zone10.Rdata,clm_mfVar,0.0381077247755209,15,0.0343275213329491,TRUE,FALSE,FALSE,Growing season and degree-days,Annual
climate,AHM,10,mf_var,Plain MF RF,0.0353639174600243,5.00602620357339,0.0551509009715302,4.87231000079763,238.48773131362,H:/Jing/ecoChina2/rf/clm_mfVar_zone10.Rdata,clm_mfVar,0.0353639174600243,16,0.0318558937374672,TRUE,FALSE,FALSE,Climatic moisture balance,Annual
climate,PPT_sm,10,mf_var,Plain MF RF,0.0334778988536651,6.02309514628918,0.0498999426567052,6.72294220224605,244.632598705814,H:/Jing/ecoChina2/rf/clm_mfVar_zone10.Rdata,clm_mfVar,0.0334778988536651,17,0.0301569640762105,TRUE,FALSE,FALSE,Precipitation,Summer
climate,Eref,10,mf_var,Plain MF RF,0.0263416948534985,5.28916574914804,0.0504034781865576,4.95868220564501,111.649812213513,H:/Jing/ecoChina2/rf/clm_mfVar_zone10.Rdata,clm_mfVar,0.0263416948534985,18,0.023728655997074,TRUE,FALSE,FALSE,Radiation and evaporative demand,Annual
climate,PPT_wt,10,mf_var,Plain MF RF,0.0239374695418418,6.4047117588444,0.0332139457119156,6.99915446531831,101.89911913797,H:/Jing/ecoChina2/rf/clm_mfVar_zone10.Rdata,clm_mfVar,0.0239374695418418,19,0.0215629246089821,TRUE,FALSE,FALSE,Precipitation,Winter
climate,CMD_sp,10,mf_var,Plain MF RF,0.0232714275818753,5.33798224737833,0.0445728984939903,5.6734239326065,69.2247494235323,H:/Jing/ecoChina2/rf/clm_mfVar_zone10.Rdata,clm_mfVar,0.0232714275818753,20,0.0209629525633123,TRUE,FALSE,FALSE,Climatic moisture balance,Spring
climate,RH_sm,10,mf_var,Plain MF RF,0.0230654195140894,5.774505971694,0.0334570028543856,4.82093972236195,75.1412380676522,H:/Jing/ecoChina2/rf/clm_mfVar_zone10.Rdata,clm_mfVar,0.0230654195140894,21,0.0207773800479408,TRUE,FALSE,FALSE,Humidity,Summer
climate,TD,11,mf_var,Plain MF RF,0.109009493254915,7.44837412667394,0.20782591807072,7.24632213618017,1085.87952980168,H:/Jing/ecoChina2/rf/clm_mfVar_zone11.Rdata,clm_mfVar,0.109009493254915,1,0.0700211325179191,TRUE,TRUE,TRUE,Temperature,Annual
climate,MAP,11,mf_var,Plain MF RF,0.0950830004225808,8.2556218426018,0.181048378969493,8.3290894643474,503.046730497653,H:/Jing/ecoChina2/rf/clm_mfVar_zone11.Rdata,clm_mfVar,0.0950830004225808,2,0.061075592354345,TRUE,TRUE,TRUE,Precipitation,Annual
climate,Tmax_wt,11,mf_var,Plain MF RF,0.094157968725694,6.13973060130352,0.181790034332392,6.07398571622644,648.09000818729,H:/Jing/ecoChina2/rf/clm_mfVar_zone11.Rdata,clm_mfVar,0.094157968725694,3,0.0604814077095313,TRUE,TRUE,TRUE,Temperature,Winter
climate,Eref,11,mf_var,Plain MF RF,0.0933107407536714,6.71432160945431,0.178342085321266,6.92996810570686,663.078432691171,H:/Jing/ecoChina2/rf/clm_mfVar_zone11.Rdata,clm_mfVar,0.0933107407536714,4,0.0599371994912328,TRUE,TRUE,TRUE,Radiation and evaporative demand,Annual
climate,PPT_at,11,mf_var,Plain MF RF,0.0882843373474321,8.23502071082403,0.181013340883906,8.00986989278748,330.858414779369,H:/Jing/ecoChina2/rf/clm_mfVar_zone11.Rdata,clm_mfVar,0.0882843373474321,5,0.0567085406975095,TRUE,TRUE,TRUE,Precipitation,Autumn
climate,DD_0_wt,11,mf_var,Plain MF RF,0.0808887910246004,6.0520765662409,0.162637712366826,6.31162404380873,454.659630956305,H:/Jing/ecoChina2/rf/clm_mfVar_zone11.Rdata,clm_mfVar,0.0808887910246004,6,0.0519580871943229,TRUE,FALSE,TRUE,Growing season and degree-days,Winter
climate,PPT_sm,11,mf_var,Plain MF RF,0.0795995429247372,8.64582361380431,0.157306887712797,8.38042828215507,410.723117773209,H:/Jing/ecoChina2/rf/clm_mfVar_zone11.Rdata,clm_mfVar,0.0795995429247372,7,0.0511299518700178,TRUE,FALSE,TRUE,Precipitation,Summer
climate,CMD_sm,11,mf_var,Plain MF RF,0.0744974438839189,8.48738119960456,0.145387848117731,7.83784462335382,576.888122239857,H:/Jing/ecoChina2/rf/clm_mfVar_zone11.Rdata,clm_mfVar,0.0744974438839189,8,0.0478526707600023,TRUE,FALSE,TRUE,Climatic moisture balance,Summer
climate,CMD,11,mf_var,Plain MF RF,0.074122383656898,7.80070442668959,0.139082961229409,6.93566450615811,469.568005177871,H:/Jing/ecoChina2/rf/clm_mfVar_zone11.Rdata,clm_mfVar,0.074122383656898,9,0.0476117546610987,TRUE,FALSE,TRUE,Climatic moisture balance,Annual
climate,DD_18_at,11,mf_var,Plain MF RF,0.0729799489392042,6.41743049939638,0.140586302839608,6.49111721255897,306.603908716442,H:/Jing/ecoChina2/rf/clm_mfVar_zone11.Rdata,clm_mfVar,0.0729799489392042,10,0.0468779234105154,TRUE,FALSE,TRUE,Growing season and degree-days,Autumn
climate,DD5,11,mf_var,Plain MF RF,0.0729323041918683,5.99637547329654,0.121308807350217,5.73955837887641,484.377565711849,H:/Jing/ecoChina2/rf/clm_mfVar_zone11.Rdata,clm_mfVar,0.0729323041918683,11,0.0468473192946043,TRUE,FALSE,FALSE,Growing season and degree-days,Annual
climate,PPT_sp,11,mf_var,Plain MF RF,0.0718249062657508,8.05049791586319,0.152709624075505,7.60801859342082,289.057699948282,H:/Jing/ecoChina2/rf/clm_mfVar_zone11.Rdata,clm_mfVar,0.0718249062657508,12,0.0461359935685648,TRUE,FALSE,FALSE,Precipitation,Spring
climate,DD_0_at,11,mf_var,Plain MF RF,0.0715429100223184,6.38633380907963,0.141345869248606,6.26754212735549,247.84219797133,H:/Jing/ecoChina2/rf/clm_mfVar_zone11.Rdata,clm_mfVar,0.0715429100223184,13,0.0459548561672124,TRUE,FALSE,FALSE,Growing season and degree-days,Autumn
climate,DD5_sm,11,mf_var,Plain MF RF,0.0671756138482365,6.57235447000877,0.111604626959607,6.15322399256285,399.983122469551,H:/Jing/ecoChina2/rf/clm_mfVar_zone11.Rdata,clm_mfVar,0.0671756138482365,14,0.0431495681595407,TRUE,FALSE,FALSE,Growing season and degree-days,Summer
climate,CMD_at,11,mf_var,Plain MF RF,0.0652392504720377,7.98325241385292,0.124182371714779,7.43155202723973,315.775972302989,H:/Jing/ecoChina2/rf/clm_mfVar_zone11.Rdata,clm_mfVar,0.0652392504720377,15,0.0419057649592946,TRUE,FALSE,FALSE,Climatic moisture balance,Autumn
climate,DD18,11,mf_var,Plain MF RF,0.063029407736935,6.32788602277828,0.109725829496789,6.2780481749531,340.142655614579,H:/Jing/ecoChina2/rf/clm_mfVar_zone11.Rdata,clm_mfVar,0.063029407736935,16,0.0404862950913213,TRUE,FALSE,FALSE,Growing season and degree-days,Annual
climate,Tmin_sm,11,mf_var,Plain MF RF,0.0605574505063711,6.36094761845795,0.0966500329205669,6.06232622519289,371.152290928195,H:/Jing/ecoChina2/rf/clm_mfVar_zone11.Rdata,clm_mfVar,0.0605574505063711,17,0.0388984586593587,TRUE,FALSE,FALSE,Temperature,Summer
climate,CMD_sp,11,mf_var,Plain MF RF,0.0601648209271184,6.62361136122163,0.112919973010109,5.94722350640537,264.445324719855,H:/Jing/ecoChina2/rf/clm_mfVar_zone11.Rdata,clm_mfVar,0.0601648209271184,18,0.038646257066833,TRUE,FALSE,FALSE,Climatic moisture balance,Spring
climate,AHM,11,mf_var,Plain MF RF,0.0600678715081596,7.37191054659456,0.114457663680105,6.80449373503391,308.285809569337,H:/Jing/ecoChina2/rf/clm_mfVar_zone11.Rdata,clm_mfVar,0.0600678715081596,19,0.0385839825996306,TRUE,FALSE,FALSE,Climatic moisture balance,Annual
climate,PAS,11,mf_var,Plain MF RF,0.0526379441496636,6.1910594522901,0.108074177850037,5.46731875127592,437.195535372751,H:/Jing/ecoChina2/rf/clm_mfVar_zone11.Rdata,clm_mfVar,0.0526379441496636,20,0.0338114447899999,TRUE,FALSE,FALSE,Snowfall,Annual
climate,RH_wt,11,mf_var,Plain MF RF,0.0497023547479219,9.96034784937158,0.0937123341657532,8.54270319800484,299.152392142709,H:/Jing/ecoChina2/rf/clm_mfVar_zone11.Rdata,clm_mfVar,0.0497023547479219,21,0.0319257989771451,TRUE,FALSE,FALSE,Humidity,Winter
climate,TD,12,mf_var,Plain MF RF,0.160566493720616,10.4900415390002,0.315399981638799,10.7424033644043,1318.03369339105,H:/Jing/ecoChina2/rf/clm_mfVar_zone12.Rdata,clm_mfVar,0.160566493720616,1,0.110195553253124,TRUE,TRUE,TRUE,Temperature,Annual
climate,PPT_sm,12,mf_var,Plain MF RF,0.108075259095224,11.1348256083832,0.2265321087243,10.8153898309627,375.845960287139,H:/Jing/ecoChina2/rf/clm_mfVar_zone12.Rdata,clm_mfVar,0.108075259095224,2,0.0741712214859421,TRUE,TRUE,TRUE,Precipitation,Summer
climate,DD_18_wt,12,mf_var,Plain MF RF,0.100536275487803,6.98162421928083,0.187307304690675,7.43694101144712,431.084377153988,H:/Jing/ecoChina2/rf/clm_mfVar_zone12.Rdata,clm_mfVar,0.100536275487803,3,0.0689972748527705,TRUE,TRUE,TRUE,Growing season and degree-days,Winter
climate,MAP,12,mf_var,Plain MF RF,0.0890734419182873,8.22631836167579,0.174436366310479,8.22456615073699,424.876499737105,H:/Jing/ecoChina2/rf/clm_mfVar_zone12.Rdata,clm_mfVar,0.0890734419182873,4,0.061130420082689,TRUE,TRUE,TRUE,Precipitation,Annual
climate,DD5_sp,12,mf_var,Plain MF RF,0.0779609281656927,6.7286017816956,0.147537575044425,6.99496112521059,586.127468886182,H:/Jing/ecoChina2/rf/clm_mfVar_zone12.Rdata,clm_mfVar,0.0779609281656927,5,0.0535039871163515,TRUE,TRUE,TRUE,Growing season and degree-days,Spring
climate,DD5_sm,12,mf_var,Plain MF RF,0.0760555123828932,6.78128863421135,0.136992764283565,7.36757793449332,474.819030688768,H:/Jing/ecoChina2/rf/clm_mfVar_zone12.Rdata,clm_mfVar,0.0760555123828932,6,0.0521963148772842,TRUE,FALSE,TRUE,Growing season and degree-days,Summer
climate,Eref_at,12,mf_var,Plain MF RF,0.074699458101178,6.49392337702984,0.145578014682666,6.25824444738861,563.148853222251,H:/Jing/ecoChina2/rf/clm_mfVar_zone12.Rdata,clm_mfVar,0.074699458101178,7,0.0512656652233478,TRUE,FALSE,TRUE,Radiation and evaporative demand,Autumn
climate,Tmin_sm,12,mf_var,Plain MF RF,0.0745247545229912,6.85001353531523,0.131824100699604,7.13994381313236,426.151468340791,H:/Jing/ecoChina2/rf/clm_mfVar_zone12.Rdata,clm_mfVar,0.0745247545229912,8,0.0511457674974431,TRUE,FALSE,TRUE,Temperature,Summer
climate,DD_0_sp,12,mf_var,Plain MF RF,0.0698377845193919,7.04794923987618,0.137795270458439,6.7391993088636,418.909008792798,H:/Jing/ecoChina2/rf/clm_mfVar_zone12.Rdata,clm_mfVar,0.0698377845193919,9,0.0479291359284304,TRUE,FALSE,TRUE,Growing season and degree-days,Spring
climate,DD_18_sp,12,mf_var,Plain MF RF,0.0692405100788828,6.77557969271578,0.137939945696253,6.582753792655,460.98081884724,H:/Jing/ecoChina2/rf/clm_mfVar_zone12.Rdata,clm_mfVar,0.0692405100788828,10,0.0475192310604174,TRUE,FALSE,TRUE,Growing season and degree-days,Spring
climate,CMD_sm,12,mf_var,Plain MF RF,0.0689988405102908,7.71407465388517,0.145141435918872,7.30983108733795,238.391963585296,H:/Jing/ecoChina2/rf/clm_mfVar_zone12.Rdata,clm_mfVar,0.0689988405102908,11,0.047353375088861,TRUE,FALSE,FALSE,Climatic moisture balance,Summer
climate,PPT_at,12,mf_var,Plain MF RF,0.0650617656801727,8.18976067212552,0.127827875400101,7.32929789723356,514.906387196242,H:/Jing/ecoChina2/rf/clm_mfVar_zone12.Rdata,clm_mfVar,0.0650617656801727,12,0.0446513908264488,TRUE,FALSE,FALSE,Precipitation,Autumn
climate,Eref,12,mf_var,Plain MF RF,0.0638097363705641,6.25071993503017,0.120579168957432,5.92054202521604,482.07713762677,H:/Jing/ecoChina2/rf/clm_mfVar_zone12.Rdata,clm_mfVar,0.0638097363705641,13,0.0437921327130997,TRUE,FALSE,FALSE,Radiation and evaporative demand,Annual
climate,AHM,12,mf_var,Plain MF RF,0.060480969666368,7.24602191653837,0.122765041512389,7.15353718002678,315.646410201434,H:/Jing/ecoChina2/rf/clm_mfVar_zone12.Rdata,clm_mfVar,0.060480969666368,14,0.0415076256523818,TRUE,FALSE,FALSE,Climatic moisture balance,Annual
climate,CMD_sp,12,mf_var,Plain MF RF,0.0550304715030077,6.06292832710199,0.11537426754173,5.70821335565179,506.54696650726,H:/Jing/ecoChina2/rf/clm_mfVar_zone12.Rdata,clm_mfVar,0.0550304715030077,15,0.0377669905628363,TRUE,FALSE,FALSE,Climatic moisture balance,Spring
climate,PPT_sp,12,mf_var,Plain MF RF,0.0534852451956877,7.51483606729331,0.116831782823316,7.49014792566935,299.524365573958,H:/Jing/ecoChina2/rf/clm_mfVar_zone12.Rdata,clm_mfVar,0.0534852451956877,16,0.036706513598491,TRUE,FALSE,FALSE,Precipitation,Spring
climate,CMD,12,mf_var,Plain MF RF,0.0503043511250808,6.97354468026516,0.104465154079587,6.53492360201089,197.751808327047,H:/Jing/ecoChina2/rf/clm_mfVar_zone12.Rdata,clm_mfVar,0.0503043511250808,17,0.0345234903921674,TRUE,FALSE,FALSE,Climatic moisture balance,Annual
climate,CMD_at,12,mf_var,Plain MF RF,0.04592817191014,6.36049698975859,0.0871739930026399,6.07268696877979,221.566165428859,H:/Jing/ecoChina2/rf/clm_mfVar_zone12.Rdata,clm_mfVar,0.04592817191014,18,0.0315201521579509,TRUE,FALSE,FALSE,Climatic moisture balance,Autumn
climate,PPT_wt,12,mf_var,Plain MF RF,0.033821360285165,7.87950462111172,0.0743700843287881,7.74691738434202,113.458878836919,H:/Jing/ecoChina2/rf/clm_mfVar_zone12.Rdata,clm_mfVar,0.033821360285165,19,0.0232113401870871,TRUE,FALSE,FALSE,Precipitation,Winter
climate,RH_at,12,mf_var,Plain MF RF,0.03269537355427,6.37564189871649,0.0686433459075142,5.94588007249896,192.577687330792,H:/Jing/ecoChina2/rf/clm_mfVar_zone12.Rdata,clm_mfVar,0.03269537355427,20,0.0224385841288864,TRUE,FALSE,FALSE,Humidity,Autumn
climate,RH_wt,12,mf_var,Plain MF RF,0.0269183152426558,7.10345695528939,0.0566197574144033,6.69615782661047,165.087718158215,H:/Jing/ecoChina2/rf/clm_mfVar_zone12.Rdata,clm_mfVar,0.0269183152426558,21,0.0184738333139899,TRUE,FALSE,FALSE,Humidity,Winter
climate,MAP,13,mf_var,Plain MF RF,0.109721425737938,7.35703682782535,0.170534389452918,7.50253709586414,905.197484440976,H:/Jing/ecoChina2/rf/clm_mfVar_zone13.Rdata,clm_mfVar,0.109721425737938,1,0.0851287806790497,TRUE,TRUE,TRUE,Precipitation,Annual
climate,PPT_sm,13,mf_var,Plain MF RF,0.103832946303101,9.00729331286257,0.176208778460152,8.33544553593798,1009.13830297053,H:/Jing/ecoChina2/rf/clm_mfVar_zone13.Rdata,clm_mfVar,0.103832946303101,2,0.080560128103038,TRUE,TRUE,TRUE,Precipitation,Summer
climate,CMD_sm,13,mf_var,Plain MF RF,0.100357595327256,8.59072579143207,0.159305988027117,7.34641139278453,1021.5376398312,H:/Jing/ecoChina2/rf/clm_mfVar_zone13.Rdata,clm_mfVar,0.100357595327256,3,0.0778637323078171,TRUE,TRUE,TRUE,Climatic moisture balance,Summer
climate,AHM,13,mf_var,Plain MF RF,0.0880724623108394,8.10170551746263,0.151177957740559,7.53668325932318,737.076930943013,H:/Jing/ecoChina2/rf/clm_mfVar_zone13.Rdata,clm_mfVar,0.0880724623108394,4,0.0683321537019631,TRUE,TRUE,TRUE,Climatic moisture balance,Annual
climate,CMD,13,mf_var,Plain MF RF,0.0678540617400982,6.01588375919253,0.114203036002918,5.27743271311432,518.234789199556,H:/Jing/ecoChina2/rf/clm_mfVar_zone13.Rdata,clm_mfVar,0.0678540617400982,5,0.0526454473336127,TRUE,TRUE,TRUE,Climatic moisture balance,Annual
climate,Tmin_sp,13,mf_var,Plain MF RF,0.0674430306698654,6.21602490862871,0.11114508021714,6.05760881120756,379.622782053058,H:/Jing/ecoChina2/rf/clm_mfVar_zone13.Rdata,clm_mfVar,0.0674430306698654,6,0.0523265435862836,TRUE,FALSE,TRUE,Temperature,Spring
climate,DD5_sp,13,mf_var,Plain MF RF,0.0658873752010003,6.45771684697008,0.118208457618142,5.70220214939526,448.542458383253,H:/Jing/ecoChina2/rf/clm_mfVar_zone13.Rdata,clm_mfVar,0.0658873752010003,7,0.0511195682637291,TRUE,FALSE,TRUE,Growing season and degree-days,Spring
climate,DD_18_sp,13,mf_var,Plain MF RF,0.0656612522297163,6.49743980885187,0.116195705957584,6.18390617483735,386.723036776874,H:/Jing/ecoChina2/rf/clm_mfVar_zone13.Rdata,clm_mfVar,0.0656612522297163,8,0.05094412784542,TRUE,FALSE,TRUE,Growing season and degree-days,Spring
climate,TD,13,mf_var,Plain MF RF,0.0655106973682441,8.37579937258591,0.11431509139633,6.92284913444851,245.910522265984,H:/Jing/ecoChina2/rf/clm_mfVar_zone13.Rdata,clm_mfVar,0.0655106973682441,9,0.0508273179179494,TRUE,FALSE,TRUE,Temperature,Annual
climate,EXT,13,mf_var,Plain MF RF,0.0621151187346806,7.61649942872023,0.102736497309521,6.66466320932113,359.851297806296,H:/Jing/ecoChina2/rf/clm_mfVar_zone13.Rdata,clm_mfVar,0.0621151187346806,10,0.0481928145214523,TRUE,FALSE,TRUE,Temperature,Annual
climate,Tmin_wt,13,mf_var,Plain MF RF,0.06091641197749,6.96288192507559,0.108016787856087,6.59368197840896,217.977795132938,H:/Jing/ecoChina2/rf/clm_mfVar_zone13.Rdata,clm_mfVar,0.06091641197749,11,0.0472627824520997,TRUE,FALSE,FALSE,Temperature,Winter
climate,DD5_sm,13,mf_var,Plain MF RF,0.0588003426098757,7.23618892464597,0.112988393015485,6.42970980123818,323.778234997628,H:/Jing/ecoChina2/rf/clm_mfVar_zone13.Rdata,clm_mfVar,0.0588003426098757,12,0.0456210027916026,TRUE,FALSE,FALSE,Growing season and degree-days,Summer
climate,PPT_at,13,mf_var,Plain MF RF,0.0534814153896635,6.4567910105309,0.0883616906979662,6.03322406025988,277.842576025392,H:/Jing/ecoChina2/rf/clm_mfVar_zone13.Rdata,clm_mfVar,0.0534814153896635,13,0.0414942446335493,TRUE,FALSE,FALSE,Precipitation,Autumn
climate,PPT_sp,13,mf_var,Plain MF RF,0.0514988159812,8.11445392587378,0.0986481663551599,7.49097204715512,427.74621398742,H:/Jing/ecoChina2/rf/clm_mfVar_zone13.Rdata,clm_mfVar,0.0514988159812,14,0.039956019359111,TRUE,FALSE,FALSE,Precipitation,Spring
climate,MWMT,13,mf_var,Plain MF RF,0.0505846425885167,6.73334190339224,0.0920351962834293,6.05208355192665,225.508489225967,H:/Jing/ecoChina2/rf/clm_mfVar_zone13.Rdata,clm_mfVar,0.0505846425885167,15,0.0392467461636074,TRUE,FALSE,FALSE,Temperature,Annual
climate,Tmin_sm,13,mf_var,Plain MF RF,0.0479032060725381,6.7912148257887,0.0894531846321906,6.25601444956277,171.378124997486,H:/Jing/ecoChina2/rf/clm_mfVar_zone13.Rdata,clm_mfVar,0.0479032060725381,16,0.0371663191226871,TRUE,FALSE,FALSE,Temperature,Summer
climate,Eref,13,mf_var,Plain MF RF,0.046102987139476,6.91257023828595,0.0897985282038728,6.46475325109036,256.461094228579,H:/Jing/ecoChina2/rf/clm_mfVar_zone13.Rdata,clm_mfVar,0.046102987139476,17,0.0357695960879997,TRUE,FALSE,FALSE,Radiation and evaporative demand,Annual
climate,CMD_at,13,mf_var,Plain MF RF,0.0438369760271225,6.45927882979377,0.0669241423563207,5.51698096362124,264.646548255619,H:/Jing/ecoChina2/rf/clm_mfVar_zone13.Rdata,clm_mfVar,0.0438369760271225,18,0.0340114821945422,TRUE,FALSE,FALSE,Climatic moisture balance,Autumn
climate,Eref_sm,13,mf_var,Plain MF RF,0.0347958032635934,7.09454129657009,0.0658865110317745,6.81488152905609,164.427594515827,H:/Jing/ecoChina2/rf/clm_mfVar_zone13.Rdata,clm_mfVar,0.0347958032635934,19,0.0269967719126493,TRUE,FALSE,FALSE,Radiation and evaporative demand,Summer
climate,RH_wt,13,mf_var,Plain MF RF,0.0257486880726776,7.66436931753704,0.0482521329665007,6.61584573068575,134.143668245542,H:/Jing/ecoChina2/rf/clm_mfVar_zone13.Rdata,clm_mfVar,0.0257486880726776,20,0.0199774511219674,TRUE,FALSE,FALSE,Humidity,Winter
climate,PAS_wt,13,mf_var,Plain MF RF,0.0187622972994252,6.40342462327289,0.0339312718170798,5.37799551871891,197.382039877745,H:/Jing/ecoChina2/rf/clm_mfVar_zone13.Rdata,clm_mfVar,0.0187622972994252,21,0.0145569698998692,TRUE,FALSE,FALSE,Snowfall,Winter
climate,TD,14,mf_var,Plain MF RF,0.170755427106678,11.0248375550473,0.370773795635892,10.9363493120888,1484.1269560384,H:/Jing/ecoChina2/rf/clm_mfVar_zone14.Rdata,clm_mfVar,0.170755427106678,1,0.084268194142767,TRUE,TRUE,TRUE,Temperature,Annual
climate,CMD,14,mf_var,Plain MF RF,0.124938999537747,7.80196541893929,0.268201075852662,7.2223169929106,775.719615207316,H:/Jing/ecoChina2/rf/clm_mfVar_zone14.Rdata,clm_mfVar,0.124938999537747,2,0.0616576822619663,TRUE,TRUE,TRUE,Climatic moisture balance,Annual
climate,CMD_sp,14,mf_var,Plain MF RF,0.119454697539636,6.95893547717955,0.256313315321606,6.77935042987747,777.531195131231,H:/Jing/ecoChina2/rf/clm_mfVar_zone14.Rdata,clm_mfVar,0.119454697539636,3,0.058951166672124,TRUE,TRUE,TRUE,Climatic moisture balance,Spring
climate,CMD_sm,14,mf_var,Plain MF RF,0.115884677339012,7.81531207133755,0.251527381895088,7.3821711060722,528.678606834163,H:/Jing/ecoChina2/rf/clm_mfVar_zone14.Rdata,clm_mfVar,0.115884677339012,4,0.0571893535312051,TRUE,TRUE,TRUE,Climatic moisture balance,Summer
climate,MAP,14,mf_var,Plain MF RF,0.107029438625998,7.11693719366932,0.22376697437985,6.9205866187983,468.333631523289,H:/Jing/ecoChina2/rf/clm_mfVar_zone14.Rdata,clm_mfVar,0.107029438625998,5,0.0528192729563572,TRUE,TRUE,TRUE,Precipitation,Annual
climate,Eref_at,14,mf_var,Plain MF RF,0.103300272039269,7.93868961814424,0.221312273018706,7.46425430745018,283.494337683093,H:/Jing/ecoChina2/rf/clm_mfVar_zone14.Rdata,clm_mfVar,0.103300272039269,6,0.0509789207096029,TRUE,FALSE,TRUE,Radiation and evaporative demand,Autumn
climate,DD_18_wt,14,mf_var,Plain MF RF,0.0957389300641139,6.7651169605059,0.205292640613926,6.50838765423604,251.839241012035,H:/Jing/ecoChina2/rf/clm_mfVar_zone14.Rdata,clm_mfVar,0.0957389300641139,7,0.0472473811366667,TRUE,FALSE,TRUE,Growing season and degree-days,Winter
climate,AHM,14,mf_var,Plain MF RF,0.0956120469977307,6.63876729671705,0.19781460023169,6.20320976074492,594.458210483333,H:/Jing/ecoChina2/rf/clm_mfVar_zone14.Rdata,clm_mfVar,0.0956120469977307,8,0.0471847640529665,TRUE,FALSE,TRUE,Climatic moisture balance,Annual
climate,Tmin_wt,14,mf_var,Plain MF RF,0.0935997802969748,7.40536755593479,0.19965914636748,7.03508913578982,278.032597888313,H:/Jing/ecoChina2/rf/clm_mfVar_zone14.Rdata,clm_mfVar,0.0935997802969748,9,0.0461917058299889,TRUE,FALSE,TRUE,Temperature,Winter
climate,DD_0_wt,14,mf_var,Plain MF RF,0.0922410016731945,6.52593158829504,0.196999020756365,6.16199263062431,254.637033573348,H:/Jing/ecoChina2/rf/clm_mfVar_zone14.Rdata,clm_mfVar,0.0922410016731945,10,0.0455211454688578,TRUE,FALSE,TRUE,Growing season and degree-days,Winter
climate,DD18,14,mf_var,Plain MF RF,0.091497775394877,6.55676733342892,0.200138831466612,6.45613071574966,189.32782499577,H:/Jing/ecoChina2/rf/clm_mfVar_zone14.Rdata,clm_mfVar,0.091497775394877,11,0.0451543615992351,TRUE,FALSE,FALSE,Growing season and degree-days,Annual
climate,Eref_sm,14,mf_var,Plain MF RF,0.090291428491445,6.22003832343166,0.188581618152404,6.22115852058484,399.903473586329,H:/Jing/ecoChina2/rf/clm_mfVar_zone14.Rdata,clm_mfVar,0.090291428491445,12,0.0445590266410177,TRUE,FALSE,FALSE,Radiation and evaporative demand,Summer
climate,Eref,14,mf_var,Plain MF RF,0.0896090668198058,6.07584207290151,0.181859907269239,5.87615053821412,361.944553608876,H:/Jing/ecoChina2/rf/clm_mfVar_zone14.Rdata,clm_mfVar,0.0896090668198058,13,0.0442222795941122,TRUE,FALSE,FALSE,Radiation and evaporative demand,Annual
climate,DD_0,14,mf_var,Plain MF RF,0.0882504071062845,6.71882051354714,0.18713202923937,6.35505570530802,194.474934702072,H:/Jing/ecoChina2/rf/clm_mfVar_zone14.Rdata,clm_mfVar,0.0882504071062845,14,0.043551777915466,TRUE,FALSE,FALSE,Growing season and degree-days,Annual
climate,DD_18,14,mf_var,Plain MF RF,0.0861227074207966,6.92430730293002,0.182637988999406,6.59234270612167,180.514991776292,H:/Jing/ecoChina2/rf/clm_mfVar_zone14.Rdata,clm_mfVar,0.0861227074207966,15,0.0425017532502928,TRUE,FALSE,FALSE,Growing season and degree-days,Annual
climate,DD_18_at,14,mf_var,Plain MF RF,0.0856757855264627,7.51167955818546,0.186228281162703,7.29520622215909,177.319500022315,H:/Jing/ecoChina2/rf/clm_mfVar_zone14.Rdata,clm_mfVar,0.0856757855264627,16,0.0422811962724179,TRUE,FALSE,FALSE,Growing season and degree-days,Autumn
climate,DD18_sm,14,mf_var,Plain MF RF,0.0846045986622775,6.38525038317309,0.183190277820483,6.24672782772217,187.120645624888,H:/Jing/ecoChina2/rf/clm_mfVar_zone14.Rdata,clm_mfVar,0.0846045986622775,17,0.0417525631029554,TRUE,FALSE,FALSE,Growing season and degree-days,Summer
climate,DD5_sm,14,mf_var,Plain MF RF,0.0808519476014915,6.1541754450571,0.174546060233502,5.95284091280106,153.620256565115,H:/Jing/ecoChina2/rf/clm_mfVar_zone14.Rdata,clm_mfVar,0.0808519476014915,18,0.0399006212144975,TRUE,FALSE,FALSE,Growing season and degree-days,Summer
climate,EMT,14,mf_var,Plain MF RF,0.0799748526233044,7.01498270847285,0.171268270747534,6.76523455376132,211.018702462394,H:/Jing/ecoChina2/rf/clm_mfVar_zone14.Rdata,clm_mfVar,0.0799748526233044,19,0.0394677728350586,TRUE,FALSE,FALSE,Temperature,Annual
climate,DD5,14,mf_var,Plain MF RF,0.0779148072433498,6.48143998761749,0.168297920914782,6.30507857332829,176.406810775912,H:/Jing/ecoChina2/rf/clm_mfVar_zone14.Rdata,clm_mfVar,0.0779148072433498,20,0.0384511357245294,TRUE,FALSE,FALSE,Growing season and degree-days,Annual
climate,RH_sp,14,mf_var,Plain MF RF,0.052984404872566,5.7053481097261,0.109482962602225,5.37916297124694,282.604501767335,H:/Jing/ecoChina2/rf/clm_mfVar_zone14.Rdata,clm_mfVar,0.052984404872566,21,0.026147925087915,TRUE,FALSE,FALSE,Humidity,Spring
climate,PPT_sm,15,mf_var,Plain MF RF,0.131177480361476,9.35584991573629,0.266801967775276,9.06251367028073,630.31970213159,H:/Jing/ecoChina2/rf/clm_mfVar_zone15.Rdata,clm_mfVar,0.131177480361476,1,0.0785343887110063,TRUE,TRUE,TRUE,Precipitation,Summer
climate,AHM,15,mf_var,Plain MF RF,0.129689699385106,8.38738825190777,0.24936901416695,7.71868010149646,742.946802826981,H:/Jing/ecoChina2/rf/clm_mfVar_zone15.Rdata,clm_mfVar,0.129689699385106,2,0.0776436720331653,TRUE,TRUE,TRUE,Climatic moisture balance,Annual
climate,TD,15,mf_var,Plain MF RF,0.119119026290439,9.81473884706518,0.242635681630267,10.0335329708348,921.449397839305,H:/Jing/ecoChina2/rf/clm_mfVar_zone15.Rdata,clm_mfVar,0.119119026290439,3,0.0713151364684789,TRUE,TRUE,TRUE,Temperature,Annual
climate,MAP,15,mf_var,Plain MF RF,0.118508806596636,8.11534006959606,0.238402742507999,7.91055015697917,684.82047264455,H:/Jing/ecoChina2/rf/clm_mfVar_zone15.Rdata,clm_mfVar,0.118508806596636,4,0.0709498052355557,TRUE,TRUE,TRUE,Precipitation,Annual
climate,CMD_sp,15,mf_var,Plain MF RF,0.0923934790528807,7.54478679753616,0.179674651418898,6.79373376807239,867.339079019164,H:/Jing/ecoChina2/rf/clm_mfVar_zone15.Rdata,clm_mfVar,0.0923934790528807,5,0.0553148709542684,TRUE,TRUE,TRUE,Climatic moisture balance,Spring
climate,DD_0_wt,15,mf_var,Plain MF RF,0.088497160360813,8.37479371329533,0.17554698039852,8.21416279800111,399.219742811699,H:/Jing/ecoChina2/rf/clm_mfVar_zone15.Rdata,clm_mfVar,0.088497160360813,6,0.0529821915502915,TRUE,FALSE,TRUE,Growing season and degree-days,Winter
climate,DD_18_wt,15,mf_var,Plain MF RF,0.0870208490823686,8.13911023350021,0.17117038380562,7.94243093256583,381.524127761554,H:/Jing/ecoChina2/rf/clm_mfVar_zone15.Rdata,clm_mfVar,0.0870208490823686,7,0.0520983416434302,TRUE,FALSE,TRUE,Growing season and degree-days,Winter
climate,PPT_sp,15,mf_var,Plain MF RF,0.0855946482433843,7.36490176604617,0.173595177423303,7.22220630252831,668.376507491791,H:/Jing/ecoChina2/rf/clm_mfVar_zone15.Rdata,clm_mfVar,0.0855946482433843,8,0.0512444922573914,TRUE,FALSE,TRUE,Precipitation,Spring
climate,Eref,15,mf_var,Plain MF RF,0.0782682647354634,7.62458050414881,0.139531708495017,7.0273710669444,449.066133873958,H:/Jing/ecoChina2/rf/clm_mfVar_zone15.Rdata,clm_mfVar,0.0782682647354634,9,0.0468582740690907,TRUE,FALSE,TRUE,Radiation and evaporative demand,Annual
climate,DD_0,15,mf_var,Plain MF RF,0.0773438231187941,8.15874907792928,0.151357490656673,8.17056650314904,338.312781334601,H:/Jing/ecoChina2/rf/clm_mfVar_zone15.Rdata,clm_mfVar,0.0773438231187941,10,0.046304821928799,TRUE,FALSE,TRUE,Growing season and degree-days,Annual
climate,DD_18_at,15,mf_var,Plain MF RF,0.077201851189318,8.42680487794248,0.15761927024555,7.98196890405221,346.487429096701,H:/Jing/ecoChina2/rf/clm_mfVar_zone15.Rdata,clm_mfVar,0.077201851189318,11,0.0462198250324964,TRUE,FALSE,FALSE,Growing season and degree-days,Autumn
climate,Eref_at,15,mf_var,Plain MF RF,0.0688083449987936,7.29806176805856,0.140459811389617,6.51988320532033,256.81644059983,H:/Jing/ecoChina2/rf/clm_mfVar_zone15.Rdata,clm_mfVar,0.0688083449987936,12,0.0411947332560845,TRUE,FALSE,FALSE,Radiation and evaporative demand,Autumn
climate,Eref_sp,15,mf_var,Plain MF RF,0.0644752369610802,7.33196923996291,0.119760844448972,6.64145203015172,350.916541698224,H:/Jing/ecoChina2/rf/clm_mfVar_zone15.Rdata,clm_mfVar,0.0644752369610802,13,0.0386005532945329,TRUE,FALSE,FALSE,Radiation and evaporative demand,Spring
climate,DD5_sm,15,mf_var,Plain MF RF,0.0638708349256653,8.27367376944097,0.123495697989125,8.75150391736472,291.733681060389,H:/Jing/ecoChina2/rf/clm_mfVar_zone15.Rdata,clm_mfVar,0.0638708349256653,14,0.0382387050241118,TRUE,FALSE,FALSE,Growing season and degree-days,Summer
climate,Tmin_at,15,mf_var,Plain MF RF,0.0625043153968391,8.55499288383113,0.128805896812026,8.00517463049151,279.7361029806,H:/Jing/ecoChina2/rf/clm_mfVar_zone15.Rdata,clm_mfVar,0.0625043153968391,15,0.0374205861247223,TRUE,FALSE,FALSE,Temperature,Autumn
climate,EMT,15,mf_var,Plain MF RF,0.0601876562805908,9.1112141550288,0.126200812086182,8.49099035724135,265.244255642331,H:/Jing/ecoChina2/rf/clm_mfVar_zone15.Rdata,clm_mfVar,0.0601876562805908,16,0.0360336300172792,TRUE,FALSE,FALSE,Temperature,Annual
climate,DD18,15,mf_var,Plain MF RF,0.0600274707328492,8.22022398650276,0.117450323241462,8.52669600336323,268.89398009192,H:/Jing/ecoChina2/rf/clm_mfVar_zone15.Rdata,clm_mfVar,0.0600274707328492,17,0.0359377288455418,TRUE,FALSE,FALSE,Growing season and degree-days,Annual
climate,DD18_sm,15,mf_var,Plain MF RF,0.0588156434223991,8.56199096542119,0.118671257032009,8.6643675501622,273.41489268383,H:/Jing/ecoChina2/rf/clm_mfVar_zone15.Rdata,clm_mfVar,0.0588156434223991,18,0.0352122223272946,TRUE,FALSE,FALSE,Growing season and degree-days,Summer
climate,Tmin_sm,15,mf_var,Plain MF RF,0.0519609214365276,8.44534396146589,0.100980868728551,9.0837229992011,238.436773231815,H:/Jing/ecoChina2/rf/clm_mfVar_zone15.Rdata,clm_mfVar,0.0519609214365276,19,0.0311083822515372,TRUE,FALSE,FALSE,Temperature,Summer
climate,RH_wt,15,mf_var,Plain MF RF,0.0482566504587107,9.6951926279387,0.1097051407706,9.29946325682218,198.381461566745,H:/Jing/ecoChina2/rf/clm_mfVar_zone15.Rdata,clm_mfVar,0.0482566504587107,20,0.0288906795173398,TRUE,FALSE,FALSE,Humidity,Winter
climate,RH_at,15,mf_var,Plain MF RF,0.0465968209781075,8.00583619538707,0.102432575373975,7.53586498630506,211.900850894191,H:/Jing/ecoChina2/rf/clm_mfVar_zone15.Rdata,clm_mfVar,0.0465968209781075,21,0.027896959457582,TRUE,FALSE,FALSE,Humidity,Autumn
climate,DD_18_sm,16,mf_var,Plain MF RF,0.113074020410027,5.49413286539102,0.131924676572364,4.13857957129094,1225.90086071713,H:/Jing/ecoChina2/rf/clm_mfVar_zone16.Rdata,clm_mfVar,0.113074020410027,1,0.104932274310885,TRUE,TRUE,TRUE,Growing season and degree-days,Summer
climate,DD5_sm,16,mf_var,Plain MF RF,0.112311930379435,5.41954448330694,0.131044621169677,4.14409463046048,1334.01715753003,H:/Jing/ecoChina2/rf/clm_mfVar_zone16.Rdata,clm_mfVar,0.112311930379435,2,0.104225057570474,TRUE,TRUE,TRUE,Growing season and degree-days,Summer
climate,Tmax_sm,16,mf_var,Plain MF RF,0.111081946589496,5.2842318688921,0.122660409544019,3.7088830662715,1541.98226496905,H:/Jing/ecoChina2/rf/clm_mfVar_zone16.Rdata,clm_mfVar,0.111081946589496,3,0.103083637145376,TRUE,TRUE,TRUE,Temperature,Summer
climate,PAS,16,mf_var,Plain MF RF,0.0838980490062897,5.30670178686225,0.12767387697666,4.61618167335366,1232.03410140739,H:/Jing/ecoChina2/rf/clm_mfVar_zone16.Rdata,clm_mfVar,0.0838980490062897,4,0.0778570803492491,TRUE,TRUE,TRUE,Snowfall,Annual
climate,TD,16,mf_var,Plain MF RF,0.0540222043219552,5.78516693895673,0.0738210563622411,5.48170937911337,490.806873715492,H:/Jing/ecoChina2/rf/clm_mfVar_zone16.Rdata,clm_mfVar,0.0540222043219552,5,0.0501324065619535,TRUE,TRUE,TRUE,Temperature,Annual
climate,DD_0,16,mf_var,Plain MF RF,0.0495142405381888,4.74745532911718,0.0767050701867287,5.12770766332327,325.714951757301,H:/Jing/ecoChina2/rf/clm_mfVar_zone16.Rdata,clm_mfVar,0.0495142405381888,6,0.0459490327805454,TRUE,FALSE,TRUE,Growing season and degree-days,Annual
climate,MAP,16,mf_var,Plain MF RF,0.0482625468757136,7.62786874150632,0.0991091506796867,7.11552407673252,303.65645292065,H:/Jing/ecoChina2/rf/clm_mfVar_zone16.Rdata,clm_mfVar,0.0482625468757136,7,0.0447874656737266,TRUE,FALSE,TRUE,Precipitation,Annual
climate,AHM,16,mf_var,Plain MF RF,0.0473971748884323,5.40972036510068,0.0985011490666222,5.22799897261872,455.570799571981,H:/Jing/ecoChina2/rf/clm_mfVar_zone16.Rdata,clm_mfVar,0.0473971748884323,8,0.0439844036580569,TRUE,FALSE,TRUE,Climatic moisture balance,Annual
climate,DD_18_wt,16,mf_var,Plain MF RF,0.0469729434094195,5.11857522929783,0.0785117321096556,5.31005486868695,280.463596977112,H:/Jing/ecoChina2/rf/clm_mfVar_zone16.Rdata,clm_mfVar,0.0469729434094195,9,0.0435907184086454,TRUE,FALSE,TRUE,Growing season and degree-days,Winter
climate,EMT,16,mf_var,Plain MF RF,0.0463772990854406,4.40907293510542,0.0667170277610884,4.62787693590139,474.890139927239,H:/Jing/ecoChina2/rf/clm_mfVar_zone16.Rdata,clm_mfVar,0.0463772990854406,10,0.0430379626706886,TRUE,FALSE,TRUE,Temperature,Annual
climate,DD_0_wt,16,mf_var,Plain MF RF,0.0461108391334968,5.16286059679271,0.0796435103492062,5.26186519837389,272.679105329806,H:/Jing/ecoChina2/rf/clm_mfVar_zone16.Rdata,clm_mfVar,0.0461108391334968,11,0.0427906888170763,TRUE,FALSE,FALSE,Growing season and degree-days,Winter
climate,PPT_at,16,mf_var,Plain MF RF,0.0446920680368685,8.28777481416424,0.0936240023655238,7.82235046756734,300.889624071424,H:/Jing/ecoChina2/rf/clm_mfVar_zone16.Rdata,clm_mfVar,0.0446920680368685,12,0.0414740744669726,TRUE,FALSE,FALSE,Precipitation,Autumn
climate,PPT_sm,16,mf_var,Plain MF RF,0.0442019330324335,8.18080092632916,0.0916261570992442,8.06765728934094,259.319776123593,H:/Jing/ecoChina2/rf/clm_mfVar_zone16.Rdata,clm_mfVar,0.0442019330324335,13,0.0410192309887957,TRUE,FALSE,FALSE,Precipitation,Summer
climate,PPT_sp,16,mf_var,Plain MF RF,0.0429535666091787,9.01741839492962,0.0819490719513437,8.40546247063982,252.08752833149,H:/Jing/ecoChina2/rf/clm_mfVar_zone16.Rdata,clm_mfVar,0.0429535666091787,14,0.039860751547714,TRUE,FALSE,FALSE,Precipitation,Spring
climate,Tmax_wt,16,mf_var,Plain MF RF,0.0366995316140094,6.07446548373863,0.0734207566437088,5.90537198258362,151.712182259417,H:/Jing/ecoChina2/rf/clm_mfVar_zone16.Rdata,clm_mfVar,0.0366995316140094,15,0.034057030115653,TRUE,FALSE,FALSE,Temperature,Winter
climate,MCMT,16,mf_var,Plain MF RF,0.0365779731316789,4.91252529591782,0.0651824669057351,4.69624851211098,217.524989642367,H:/Jing/ecoChina2/rf/clm_mfVar_zone16.Rdata,clm_mfVar,0.0365779731316789,16,0.0339442242919415,TRUE,FALSE,FALSE,Temperature,Annual
climate,CMD_sm,16,mf_var,Plain MF RF,0.032788390400011,5.06238848881581,0.0663873698023858,4.87693947616944,225.429411944717,H:/Jing/ecoChina2/rf/clm_mfVar_zone16.Rdata,clm_mfVar,0.032788390400011,17,0.0304275054799525,TRUE,FALSE,FALSE,Climatic moisture balance,Summer
climate,RH_at,16,mf_var,Plain MF RF,0.0267000282177432,6.07131138526076,0.0559346513930802,6.70471274383264,122.528205064581,H:/Jing/ecoChina2/rf/clm_mfVar_zone16.Rdata,clm_mfVar,0.0267000282177432,18,0.0247775278078303,TRUE,FALSE,FALSE,Humidity,Autumn
climate,PPT_wt,16,mf_var,Plain MF RF,0.0212166601020777,6.01551034926607,0.0402412194882824,6.24221918736984,100.196415939087,H:/Jing/ecoChina2/rf/clm_mfVar_zone16.Rdata,clm_mfVar,0.0212166601020777,19,0.0196889824003694,TRUE,FALSE,FALSE,Precipitation,Winter
climate,RH_sm,16,mf_var,Plain MF RF,0.0180589077670312,5.80692050176871,0.038308132321494,5.86636679341558,99.6130645185749,H:/Jing/ecoChina2/rf/clm_mfVar_zone16.Rdata,clm_mfVar,0.0180589077670312,20,0.0167585998684191,TRUE,FALSE,FALSE,Humidity,Summer
climate,PAS_wt,16,mf_var,Plain MF RF,0.0146782318628333,7.60868953719967,0.031092117612099,7.36123438764593,96.6493308732245,H:/Jing/ecoChina2/rf/clm_mfVar_zone16.Rdata,clm_mfVar,0.0146782318628333,21,0.0136213450856747,TRUE,FALSE,FALSE,Snowfall,Winter
climate,Tmax_wt,17,mf_var,Plain MF RF,0.0581699339396159,2.47041334677974,0.101142060529918,2.21932147435702,179.831948875194,H:/Jing/ecoChina2/rf/clm_mfVar_zone17.Rdata,clm_mfVar,0.0581699339396159,1,0.103827053870011,TRUE,TRUE,TRUE,Temperature,Winter
climate,TD,17,mf_var,Plain MF RF,0.0475604634633695,3.15262784336729,0.0934779261366351,2.91478170060426,50.9729821230931,H:/Jing/ecoChina2/rf/clm_mfVar_zone17.Rdata,clm_mfVar,0.0475604634633695,2,0.0848902941375178,TRUE,TRUE,TRUE,Temperature,Annual
climate,Eref_at,17,mf_var,Plain MF RF,0.0454290112960608,2.31660730889105,0.0556103292346715,1.67566393668694,243.594969898769,H:/Jing/ecoChina2/rf/clm_mfVar_zone17.Rdata,clm_mfVar,0.0454290112960608,3,0.0810858820639843,TRUE,TRUE,TRUE,Radiation and evaporative demand,Autumn
climate,DD_0_wt,17,mf_var,Plain MF RF,0.0403255306028541,2.11075416868351,0.0743445803046696,1.90336242195641,115.79800806102,H:/Jing/ecoChina2/rf/clm_mfVar_zone17.Rdata,clm_mfVar,0.0403255306028541,4,0.0719767198392484,TRUE,TRUE,TRUE,Growing season and degree-days,Winter
climate,DD_18_wt,17,mf_var,Plain MF RF,0.0337346153643918,1.8921251770835,0.0609527201790129,1.69685694413489,83.6461476710435,H:/Jing/ecoChina2/rf/clm_mfVar_zone17.Rdata,clm_mfVar,0.0337346153643918,5,0.0602126474882832,TRUE,TRUE,TRUE,Growing season and degree-days,Winter
climate,Tave_wt,17,mf_var,Plain MF RF,0.0321835874236818,1.83809316138093,0.0602591333155207,1.66404605416253,83.0108871172803,H:/Jing/ecoChina2/rf/clm_mfVar_zone17.Rdata,clm_mfVar,0.0321835874236818,6,0.057444230014728,TRUE,FALSE,TRUE,Temperature,Winter
climate,Eref_sm,17,mf_var,Plain MF RF,0.0285659627645887,1.71270425442531,0.0516033650851358,1.52290691400385,34.2294896558086,H:/Jing/ecoChina2/rf/clm_mfVar_zone17.Rdata,clm_mfVar,0.0285659627645887,7,0.0509871604441995,TRUE,FALSE,TRUE,Radiation and evaporative demand,Summer
climate,Tmax_sp,17,mf_var,Plain MF RF,0.0267668414948502,1.62193885894687,0.0421748153924653,1.3580696820243,73.6911486562821,H:/Jing/ecoChina2/rf/clm_mfVar_zone17.Rdata,clm_mfVar,0.0267668414948502,8,0.0477759231547481,TRUE,FALSE,TRUE,Temperature,Spring
climate,DD_0_sp,17,mf_var,Plain MF RF,0.0263048781786166,1.53816540710574,0.0403800735736596,1.33241176491188,76.7987597468904,H:/Jing/ecoChina2/rf/clm_mfVar_zone17.Rdata,clm_mfVar,0.0263048781786166,9,0.0469513684944258,TRUE,FALSE,TRUE,Growing season and degree-days,Spring
climate,PAS_wt,17,mf_var,Plain MF RF,0.0261564043192757,2.84530798934411,0.0387660391680583,2.03861314643085,196.375665647965,H:/Jing/ecoChina2/rf/clm_mfVar_zone17.Rdata,clm_mfVar,0.0261564043192757,10,0.0466863586801104,TRUE,FALSE,TRUE,Snowfall,Winter
climate,DD_0,17,mf_var,Plain MF RF,0.0260326790707146,1.6140880063416,0.0398165575522402,1.31391637609397,39.8505345692039,H:/Jing/ecoChina2/rf/clm_mfVar_zone17.Rdata,clm_mfVar,0.0260326790707146,11,0.0464655224649486,TRUE,FALSE,FALSE,Growing season and degree-days,Annual
climate,EXT,17,mf_var,Plain MF RF,0.0244786292744958,1.76318891932826,0.0502914417151902,1.64482528582856,32.4006008979995,H:/Jing/ecoChina2/rf/clm_mfVar_zone17.Rdata,clm_mfVar,0.0244786292744958,12,0.0436917113054555,TRUE,FALSE,FALSE,Temperature,Annual
climate,MWMT,17,mf_var,Plain MF RF,0.0244677008829929,1.70153058131822,0.0477424091285096,1.53623773856089,40.3963960855175,H:/Jing/ecoChina2/rf/clm_mfVar_zone17.Rdata,clm_mfVar,0.0244677008829929,13,0.0436722053061111,TRUE,FALSE,FALSE,Temperature,Annual
climate,RH_wt,17,mf_var,Plain MF RF,0.0234993385221179,2.22873932865763,0.0502773644110966,2.09972101048267,43.9045875577577,H:/Jing/ecoChina2/rf/clm_mfVar_zone17.Rdata,clm_mfVar,0.0234993385221179,14,0.0419437830061541,TRUE,FALSE,FALSE,Humidity,Winter
climate,Eref,17,mf_var,Plain MF RF,0.0195099966947516,1.4650958467005,0.0247232427572268,1.07982782526989,46.3304585960604,H:/Jing/ecoChina2/rf/clm_mfVar_zone17.Rdata,clm_mfVar,0.0195099966947516,15,0.0348232384092525,TRUE,FALSE,FALSE,Radiation and evaporative demand,Annual
climate,Tmin_sm,17,mf_var,Plain MF RF,0.0170863379911188,1.70997566597225,0.031035819380937,1.46492472334627,32.3208811817044,H:/Jing/ecoChina2/rf/clm_mfVar_zone17.Rdata,clm_mfVar,0.0170863379911188,16,0.0304972692058867,TRUE,FALSE,FALSE,Temperature,Summer
climate,RH,17,mf_var,Plain MF RF,0.0162281030151366,1.80145513143853,0.0319877650472199,1.63648966127696,31.8314203241888,H:/Jing/ecoChina2/rf/clm_mfVar_zone17.Rdata,clm_mfVar,0.0162281030151366,17,0.0289654124020448,TRUE,FALSE,FALSE,Humidity,Annual
climate,RH_at,17,mf_var,Plain MF RF,0.0138596974336044,1.70774633550084,0.0278133793685053,1.56115708785081,23.7240570699974,H:/Jing/ecoChina2/rf/clm_mfVar_zone17.Rdata,clm_mfVar,0.0138596974336044,18,0.0247380640582244,TRUE,FALSE,FALSE,Humidity,Autumn
climate,NFFD_sm,17,mf_var,Plain MF RF,0.0132779931962823,1.59929153696007,0.0242845955821719,1.36918990077909,21.3804047713877,H:/Jing/ecoChina2/rf/clm_mfVar_zone17.Rdata,clm_mfVar,0.0132779931962823,19,0.0236997847772552,TRUE,FALSE,FALSE,Growing season and degree-days,Summer
climate,RH_sp,17,mf_var,Plain MF RF,0.0103648308046419,1.67812606821173,0.0187131868975708,1.42568046548733,31.3176725028691,H:/Jing/ecoChina2/rf/clm_mfVar_zone17.Rdata,clm_mfVar,0.0103648308046419,20,0.0185001043223501,TRUE,FALSE,FALSE,Humidity,Spring
climate,PPT_wt,17,mf_var,Plain MF RF,0.00625542952166602,1.62381711012701,0.00833561094467549,1.12729318109662,12.0179421478619,H:/Jing/ecoChina2/rf/clm_mfVar_zone17.Rdata,clm_mfVar,0.00625542952166602,21,0.0111652665550606,TRUE,FALSE,FALSE,Precipitation,Winter
climate,EXT,18,mf_var,Plain MF RF,0.121168317838336,7.40213328332904,0.203820748803189,6.49165527563259,1424.61920459555,H:/Jing/ecoChina2/rf/clm_mfVar_zone18.Rdata,clm_mfVar,0.121168317838336,1,0.0995724423326854,TRUE,TRUE,TRUE,Temperature,Annual
climate,Tmax_sm,18,mf_var,Plain MF RF,0.110847398148882,6.45765779449835,0.169511296512308,5.44322026483864,1397.50408083829,H:/Jing/ecoChina2/rf/clm_mfVar_zone18.Rdata,clm_mfVar,0.110847398148882,2,0.091091024096199,TRUE,TRUE,TRUE,Temperature,Summer
climate,TD,18,mf_var,Plain MF RF,0.0908549140236797,7.69449029251316,0.128288730729586,7.14184455668443,851.111824998829,H:/Jing/ecoChina2/rf/clm_mfVar_zone18.Rdata,clm_mfVar,0.0908549140236797,3,0.07466180804238,TRUE,TRUE,TRUE,Temperature,Annual
climate,PPT_sp,18,mf_var,Plain MF RF,0.0836910748912379,11.6334763230142,0.173555594010414,11.1773894749645,551.019565113698,H:/Jing/ecoChina2/rf/clm_mfVar_zone18.Rdata,clm_mfVar,0.0836910748912379,4,0.0687747826910219,TRUE,TRUE,TRUE,Precipitation,Spring
climate,PPT_at,18,mf_var,Plain MF RF,0.06566695790317,8.15251355492455,0.135891913681411,8.1376593038958,357.081192500356,H:/Jing/ecoChina2/rf/clm_mfVar_zone18.Rdata,clm_mfVar,0.06566695790317,5,0.0539631109486901,TRUE,TRUE,TRUE,Precipitation,Autumn
climate,DD_0_sp,18,mf_var,Plain MF RF,0.0649125337415509,6.06081184305573,0.110440471788588,6.49573739184963,522.548786745132,H:/Jing/ecoChina2/rf/clm_mfVar_zone18.Rdata,clm_mfVar,0.0649125337415509,6,0.053343148093157,TRUE,FALSE,TRUE,Growing season and degree-days,Spring
climate,CMD_sm,18,mf_var,Plain MF RF,0.0555989091753848,6.67476788286655,0.109344595885381,6.93241540308679,290.497154362186,H:/Jing/ecoChina2/rf/clm_mfVar_zone18.Rdata,clm_mfVar,0.0555989091753848,7,0.0456894943859216,TRUE,FALSE,TRUE,Climatic moisture balance,Summer
climate,DD_0,18,mf_var,Plain MF RF,0.0555030839037746,6.13926150026647,0.0940513396822849,6.30061648501728,328.558778234826,H:/Jing/ecoChina2/rf/clm_mfVar_zone18.Rdata,clm_mfVar,0.0555030839037746,8,0.0456107480890211,TRUE,FALSE,TRUE,Growing season and degree-days,Annual
climate,MAP,18,mf_var,Plain MF RF,0.0550611196965733,7.50552441455263,0.111201812778737,6.9341796467103,275.987080249336,H:/Jing/ecoChina2/rf/clm_mfVar_zone18.Rdata,clm_mfVar,0.0550611196965733,9,0.0452475553310481,TRUE,FALSE,TRUE,Precipitation,Annual
climate,EMT,18,mf_var,Plain MF RF,0.0537075048511902,5.79407901916035,0.0864767598395184,6.55921481834055,347.997391903863,H:/Jing/ecoChina2/rf/clm_mfVar_zone18.Rdata,clm_mfVar,0.0537075048511902,10,0.0441351957758679,TRUE,FALSE,TRUE,Temperature,Annual
climate,PPT_sm,18,mf_var,Plain MF RF,0.0521069186981427,9.5085264397222,0.103244652858855,8.71704293583513,241.950995292451,H:/Jing/ecoChina2/rf/clm_mfVar_zone18.Rdata,clm_mfVar,0.0521069186981427,11,0.0428198827033909,TRUE,FALSE,FALSE,Precipitation,Summer
climate,DD_0_wt,18,mf_var,Plain MF RF,0.0506996964719392,6.50738587158262,0.0883712768986421,6.34834483967254,296.219826153247,H:/Jing/ecoChina2/rf/clm_mfVar_zone18.Rdata,clm_mfVar,0.0506996964719392,12,0.0416634702313215,TRUE,FALSE,FALSE,Growing season and degree-days,Winter
climate,CMD_sp,18,mf_var,Plain MF RF,0.0497931837542372,6.2762324557733,0.0854955271072659,6.82139730868069,375.458310152904,H:/Jing/ecoChina2/rf/clm_mfVar_zone18.Rdata,clm_mfVar,0.0497931837542372,13,0.0409185256210674,TRUE,FALSE,FALSE,Climatic moisture balance,Spring
climate,DD_18_wt,18,mf_var,Plain MF RF,0.049355478633818,6.63310502835648,0.0857779357892439,6.40287105587622,266.384543418928,H:/Jing/ecoChina2/rf/clm_mfVar_zone18.Rdata,clm_mfVar,0.049355478633818,14,0.0405588328512147,TRUE,FALSE,FALSE,Growing season and degree-days,Winter
climate,Eref_at,18,mf_var,Plain MF RF,0.0481705802518642,5.31971418146349,0.0745633092470756,6.1277650201401,284.547142870456,H:/Jing/ecoChina2/rf/clm_mfVar_zone18.Rdata,clm_mfVar,0.0481705802518642,15,0.0395851193598332,TRUE,FALSE,FALSE,Radiation and evaporative demand,Autumn
climate,Tmax_wt,18,mf_var,Plain MF RF,0.047872618693581,7.49006497549589,0.0929586017029909,7.54273458582853,312.155339513065,H:/Jing/ecoChina2/rf/clm_mfVar_zone18.Rdata,clm_mfVar,0.047872618693581,16,0.0393402636037345,TRUE,FALSE,FALSE,Temperature,Winter
climate,MCMT,18,mf_var,Plain MF RF,0.0437377978723232,5.93957559655586,0.0712439770988446,5.45771897050652,255.934600381142,H:/Jing/ecoChina2/rf/clm_mfVar_zone18.Rdata,clm_mfVar,0.0437377978723232,17,0.0359423934745974,TRUE,FALSE,FALSE,Temperature,Annual
climate,PPT_wt,18,mf_var,Plain MF RF,0.0434261784460613,8.73686547844459,0.0685894993488969,8.52821791972462,224.131489089816,H:/Jing/ecoChina2/rf/clm_mfVar_zone18.Rdata,clm_mfVar,0.0434261784460613,18,0.0356863140975394,TRUE,FALSE,FALSE,Precipitation,Winter
climate,RH_sm,18,mf_var,Plain MF RF,0.0257905556374473,6.41493281962938,0.0486493767234682,6.80600964549839,203.441779847092,H:/Jing/ecoChina2/rf/clm_mfVar_zone18.Rdata,clm_mfVar,0.0257905556374473,19,0.0211938950688737,TRUE,FALSE,FALSE,Humidity,Summer
climate,RH_at,18,mf_var,Plain MF RF,0.0256523622600961,7.09510971342637,0.0538561915049638,7.74736422575192,150.467336960432,H:/Jing/ecoChina2/rf/clm_mfVar_zone18.Rdata,clm_mfVar,0.0256523622600961,20,0.0210803319498791,TRUE,FALSE,FALSE,Humidity,Autumn
climate,PAS_wt,18,mf_var,Plain MF RF,0.0232688831765873,7.61050316711652,0.0445880899906754,7.10375448852245,191.804531433899,H:/Jing/ecoChina2/rf/clm_mfVar_zone18.Rdata,clm_mfVar,0.0232688831765873,21,0.0191216612525562,TRUE,FALSE,FALSE,Snowfall,Winter
climate,MAP,19,mf_var,Plain MF RF,0.130076199204045,6.17904023829276,0.175195488822697,4.78982303379253,1448.86674350658,H:/Jing/ecoChina2/rf/clm_mfVar_zone19.Rdata,clm_mfVar,0.130076199204045,1,0.0825571547393748,TRUE,TRUE,TRUE,Precipitation,Annual
climate,PPT_sm,19,mf_var,Plain MF RF,0.12002899897311,6.19768878901666,0.20514768679851,5.65731344227407,1293.2580458138,H:/Jing/ecoChina2/rf/clm_mfVar_zone19.Rdata,clm_mfVar,0.12002899897311,2,0.0761803673698302,TRUE,TRUE,TRUE,Precipitation,Summer
climate,AHM,19,mf_var,Plain MF RF,0.115388913116192,5.53668324840769,0.153745065844354,4.24515309908047,1043.2504220055,H:/Jing/ecoChina2/rf/clm_mfVar_zone19.Rdata,clm_mfVar,0.115388913116192,3,0.0732353836722925,TRUE,TRUE,TRUE,Climatic moisture balance,Annual
climate,Eref_sm,19,mf_var,Plain MF RF,0.111351541389517,7.67200802761265,0.231491118648495,7.07597050998557,525.365656022363,H:/Jing/ecoChina2/rf/clm_mfVar_zone19.Rdata,clm_mfVar,0.111351541389517,4,0.0706729323982001,TRUE,TRUE,TRUE,Radiation and evaporative demand,Summer
climate,CMD,19,mf_var,Plain MF RF,0.0936009936503535,5.3389216883711,0.162638060301728,4.49300834288621,465.368395181613,H:/Jing/ecoChina2/rf/clm_mfVar_zone19.Rdata,clm_mfVar,0.0936009936503535,5,0.0594069611799603,TRUE,TRUE,TRUE,Climatic moisture balance,Annual
climate,PPT_sp,19,mf_var,Plain MF RF,0.0913835165229335,6.06990258741067,0.159975877292893,5.44127929945121,649.871751701043,H:/Jing/ecoChina2/rf/clm_mfVar_zone19.Rdata,clm_mfVar,0.0913835165229335,6,0.0579995661033847,TRUE,FALSE,TRUE,Precipitation,Spring
climate,PPT_at,19,mf_var,Plain MF RF,0.0869523483525669,4.48409400873366,0.0852116387100311,2.95268764900041,880.766975241363,H:/Jing/ecoChina2/rf/clm_mfVar_zone19.Rdata,clm_mfVar,0.0869523483525669,7,0.0551871789137553,TRUE,FALSE,TRUE,Precipitation,Autumn
climate,CMD_at,19,mf_var,Plain MF RF,0.0857751352123037,4.80935010255605,0.133621936544586,3.75425905467797,642.166267407253,H:/Jing/ecoChina2/rf/clm_mfVar_zone19.Rdata,clm_mfVar,0.0857751352123037,8,0.0544400217245336,TRUE,FALSE,TRUE,Climatic moisture balance,Autumn
climate,NFFD,19,mf_var,Plain MF RF,0.078984725755678,5.50266333009274,0.144025171842386,4.82786815519663,175.50734776597,H:/Jing/ecoChina2/rf/clm_mfVar_zone19.Rdata,clm_mfVar,0.078984725755678,9,0.0501302641540884,TRUE,FALSE,TRUE,Growing season and degree-days,Annual
climate,Eref,19,mf_var,Plain MF RF,0.073747573635838,6.37048126401825,0.138708534112906,5.49931949771589,326.110769278772,H:/Jing/ecoChina2/rf/clm_mfVar_zone19.Rdata,clm_mfVar,0.073747573635838,10,0.0468063326385847,TRUE,FALSE,TRUE,Radiation and evaporative demand,Annual
climate,DD5_at,19,mf_var,Plain MF RF,0.0715965749049119,5.98966071389929,0.134430114705086,5.05982040442696,230.211377501045,H:/Jing/ecoChina2/rf/clm_mfVar_zone19.Rdata,clm_mfVar,0.0715965749049119,11,0.0454411302713576,TRUE,FALSE,FALSE,Growing season and degree-days,Autumn
climate,DD5,19,mf_var,Plain MF RF,0.0651275863768165,5.85489736169035,0.115234644909668,4.85072769311055,200.169043557075,H:/Jing/ecoChina2/rf/clm_mfVar_zone19.Rdata,clm_mfVar,0.0651275863768165,12,0.0413353731060252,TRUE,FALSE,FALSE,Growing season and degree-days,Annual
climate,EMT,19,mf_var,Plain MF RF,0.0602385079777147,5.557721427121,0.108751621495313,5.31246100094519,163.705277359788,H:/Jing/ecoChina2/rf/clm_mfVar_zone19.Rdata,clm_mfVar,0.0602385079777147,13,0.0382323580702427,TRUE,FALSE,FALSE,Temperature,Annual
climate,DD5_sm,19,mf_var,Plain MF RF,0.0587807376783148,5.5169930233032,0.094697019394443,4.44494977390261,220.794866516942,H:/Jing/ecoChina2/rf/clm_mfVar_zone19.Rdata,clm_mfVar,0.0587807376783148,14,0.0373071360164123,TRUE,FALSE,FALSE,Growing season and degree-days,Summer
climate,DD_0,19,mf_var,Plain MF RF,0.0576841381457955,5.19770285938655,0.094685748146833,4.84863054054593,183.060625336327,H:/Jing/ecoChina2/rf/clm_mfVar_zone19.Rdata,clm_mfVar,0.0576841381457955,15,0.0366111429150817,TRUE,FALSE,FALSE,Growing season and degree-days,Annual
climate,Tmin_sm,19,mf_var,Plain MF RF,0.0510436115042722,5.77277450368403,0.0826758060243127,4.83753483060976,150.493460500994,H:/Jing/ecoChina2/rf/clm_mfVar_zone19.Rdata,clm_mfVar,0.0510436115042722,16,0.0323965134221395,TRUE,FALSE,FALSE,Temperature,Summer
climate,Tmax_wt,19,mf_var,Plain MF RF,0.0503011967166076,5.77516779815963,0.0844322373021866,5.36789515422779,178.313637527212,H:/Jing/ecoChina2/rf/clm_mfVar_zone19.Rdata,clm_mfVar,0.0503011967166076,17,0.0319253153637624,TRUE,FALSE,FALSE,Temperature,Winter
climate,RH_sp,19,mf_var,Plain MF RF,0.0458876984360362,6.38845038495112,0.0886832071567355,5.66901131805337,214.257011613842,H:/Jing/ecoChina2/rf/clm_mfVar_zone19.Rdata,clm_mfVar,0.0458876984360362,18,0.0291241429531238,TRUE,FALSE,FALSE,Humidity,Spring
climate,MWMT,19,mf_var,Plain MF RF,0.0444214929413346,5.43331525300376,0.0625494551068184,4.09206069169915,215.398728172566,H:/Jing/ecoChina2/rf/clm_mfVar_zone19.Rdata,clm_mfVar,0.0444214929413346,19,0.0281935672240781,TRUE,FALSE,FALSE,Temperature,Annual
climate,RH_wt,19,mf_var,Plain MF RF,0.0426095173998142,7.19724748408369,0.0823514771273199,6.16640807714371,146.195716650585,H:/Jing/ecoChina2/rf/clm_mfVar_zone19.Rdata,clm_mfVar,0.0426095173998142,20,0.0270435371180277,TRUE,FALSE,FALSE,Humidity,Winter
climate,TD,19,mf_var,Plain MF RF,0.0406086501395183,5.33369836460832,0.0702136263749247,4.7225402304166,133.532359825177,H:/Jing/ecoChina2/rf/clm_mfVar_zone19.Rdata,clm_mfVar,0.0406086501395183,21,0.0257736206457446,TRUE,FALSE,FALSE,Temperature,Annual
climate,Eref_sm,20,mf_var,Plain MF RF,0.122717219354189,6.00756366535296,0.194308655268897,6.65584665171916,1772.20690440306,H:/Jing/ecoChina2/rf/clm_mfVar_zone20.Rdata,clm_mfVar,0.122717219354189,1,0.126034290496311,TRUE,TRUE,TRUE,Radiation and evaporative demand,Summer
climate,Tmax_sm,20,mf_var,Plain MF RF,0.106754330071171,5.42645350865627,0.120943413190757,4.29962027320021,1203.36647140258,H:/Jing/ecoChina2/rf/clm_mfVar_zone20.Rdata,clm_mfVar,0.106754330071171,2,0.109639921102643,TRUE,TRUE,TRUE,Temperature,Summer
climate,EXT,20,mf_var,Plain MF RF,0.0964827714037472,5.41734257632277,0.0966827978226381,4.52149298238162,789.322084801155,H:/Jing/ecoChina2/rf/clm_mfVar_zone20.Rdata,clm_mfVar,0.0964827714037472,3,0.0990907201367738,TRUE,TRUE,TRUE,Temperature,Annual
climate,MWMT,20,mf_var,Plain MF RF,0.0953943312800305,4.82294503413708,0.104225847889353,4.14164630251444,972.26752186611,H:/Jing/ecoChina2/rf/clm_mfVar_zone20.Rdata,clm_mfVar,0.0953943312800305,4,0.09797285925741,TRUE,TRUE,TRUE,Temperature,Annual
climate,Eref,20,mf_var,Plain MF RF,0.0928683285552023,5.09433675532449,0.135537396861749,5.52345172743684,1209.13137099786,H:/Jing/ecoChina2/rf/clm_mfVar_zone20.Rdata,clm_mfVar,0.0928683285552023,5,0.0953785781704453,TRUE,TRUE,TRUE,Radiation and evaporative demand,Annual
climate,Eref_at,20,mf_var,Plain MF RF,0.0653692589521921,5.10210708403668,0.118489215314716,5.23579470988756,708.756194016886,H:/Jing/ecoChina2/rf/clm_mfVar_zone20.Rdata,clm_mfVar,0.0653692589521921,6,0.0671362031805026,TRUE,FALSE,TRUE,Radiation and evaporative demand,Autumn
climate,TD,20,mf_var,Plain MF RF,0.0453871714517082,5.30056318195081,0.0759703658832673,6.54569933057472,360.664642539895,H:/Jing/ecoChina2/rf/clm_mfVar_zone20.Rdata,clm_mfVar,0.0453871714517082,7,0.0466139958324861,TRUE,FALSE,TRUE,Temperature,Annual
climate,PAS_sp,20,mf_var,Plain MF RF,0.0404650166087261,5.87211654818213,0.0636360495669914,6.89429757043107,260.004418432894,H:/Jing/ecoChina2/rf/clm_mfVar_zone20.Rdata,clm_mfVar,0.0404650166087261,8,0.0415587941532684,TRUE,FALSE,TRUE,Snowfall,Spring
climate,PPT_sm,20,mf_var,Plain MF RF,0.0337272021466696,7.5218344581423,0.0622389065751096,8.10499121765762,186.156722403913,H:/Jing/ecoChina2/rf/clm_mfVar_zone20.Rdata,clm_mfVar,0.0337272021466696,9,0.0346388552099804,TRUE,FALSE,TRUE,Precipitation,Summer
climate,MAP,20,mf_var,Plain MF RF,0.0328887884624059,7.68611707171478,0.0651534488493635,8.36920208909019,177.227686040214,H:/Jing/ecoChina2/rf/clm_mfVar_zone20.Rdata,clm_mfVar,0.0328887884624059,10,0.0337777790350583,TRUE,FALSE,TRUE,Precipitation,Annual
climate,Tmax_wt,20,mf_var,Plain MF RF,0.0321875061678257,5.34523434714269,0.0625014703560311,5.12753538221321,301.371880920088,H:/Jing/ecoChina2/rf/clm_mfVar_zone20.Rdata,clm_mfVar,0.0321875061678257,11,0.0330575409388875,TRUE,FALSE,FALSE,Temperature,Winter
climate,AHM,20,mf_var,Plain MF RF,0.0319047829764169,5.62302204887772,0.0622745056648515,6.16265336211182,367.625858082288,H:/Jing/ecoChina2/rf/clm_mfVar_zone20.Rdata,clm_mfVar,0.0319047829764169,12,0.0327671756827027,TRUE,FALSE,FALSE,Climatic moisture balance,Annual
climate,PPT_at,20,mf_var,Plain MF RF,0.0278890676087338,7.63397053555056,0.0571200010917507,7.67143502409133,153.873883134145,H:/Jing/ecoChina2/rf/clm_mfVar_zone20.Rdata,clm_mfVar,0.0278890676087338,13,0.0286429147202676,TRUE,FALSE,FALSE,Precipitation,Autumn
climate,CMD,20,mf_var,Plain MF RF,0.026351022655599,4.77942118863297,0.0537501307000639,4.72094142588676,188.478145915876,H:/Jing/ecoChina2/rf/clm_mfVar_zone20.Rdata,clm_mfVar,0.026351022655599,14,0.0270632961024411,TRUE,FALSE,FALSE,Climatic moisture balance,Annual
climate,PPT_sp,20,mf_var,Plain MF RF,0.0237074959185157,8.29157913527522,0.0462755184423801,7.69036642300864,158.265665289568,H:/Jing/ecoChina2/rf/clm_mfVar_zone20.Rdata,clm_mfVar,0.0237074959185157,15,0.0243483143055125,TRUE,FALSE,FALSE,Precipitation,Spring
climate,CMD_sm,20,mf_var,Plain MF RF,0.0216897585532224,5.15241798661131,0.0413182492218821,5.91131580042123,112.560534072823,H:/Jing/ecoChina2/rf/clm_mfVar_zone20.Rdata,clm_mfVar,0.0216897585532224,16,0.0222760370930647,TRUE,FALSE,FALSE,Climatic moisture balance,Summer
climate,RH_at,20,mf_var,Plain MF RF,0.0196717061596623,5.09525696661952,0.0312261516575517,5.64774586835272,148.007382654211,H:/Jing/ecoChina2/rf/clm_mfVar_zone20.Rdata,clm_mfVar,0.0196717061596623,17,0.0202034363370727,TRUE,FALSE,FALSE,Humidity,Autumn
climate,RH_sm,20,mf_var,Plain MF RF,0.0168019972501951,5.81716147781008,0.0303453435317543,6.19324024105406,105.00352630738,H:/Jing/ecoChina2/rf/clm_mfVar_zone20.Rdata,clm_mfVar,0.0168019972501951,18,0.0172561586181102,TRUE,FALSE,FALSE,Humidity,Summer
climate,RH_sp,20,mf_var,Plain MF RF,0.0161404800017522,6.4663805283681,0.0301021047575934,6.53651594126621,151.926958003413,H:/Jing/ecoChina2/rf/clm_mfVar_zone20.Rdata,clm_mfVar,0.0161404800017522,19,0.0165767604252785,TRUE,FALSE,FALSE,Humidity,Spring
climate,PPT_wt,20,mf_var,Plain MF RF,0.013917740966128,6.35822038329832,0.0253898495212681,6.44892126385465,99.4908789669635,H:/Jing/ecoChina2/rf/clm_mfVar_zone20.Rdata,clm_mfVar,0.013917740966128,20,0.0142939403060839,TRUE,FALSE,FALSE,Precipitation,Winter
climate,PAS_wt,20,mf_var,Plain MF RF,0.0113652245872858,7.02654140205585,0.0218651130857192,6.81619639809027,104.047583968927,H:/Jing/ecoChina2/rf/clm_mfVar_zone20.Rdata,clm_mfVar,0.0113652245872858,21,0.0116724288957,TRUE,FALSE,FALSE,Snowfall,Winter
climate,Tmin_wt,21,mf_var,Plain MF RF,0.130853721409437,5.57891614633631,0.181884954651947,5.73574654971691,1324.02506419696,H:/Jing/ecoChina2/rf/clm_mfVar_zone21.Rdata,clm_mfVar,0.130853721409437,1,0.120009081978158,TRUE,TRUE,TRUE,Temperature,Winter
climate,DD_18_wt,21,mf_var,Plain MF RF,0.114473989372325,5.35760835508718,0.183691382044791,5.91182970973335,1206.42540890145,H:/Jing/ecoChina2/rf/clm_mfVar_zone21.Rdata,clm_mfVar,0.114473989372325,2,0.104986837416451,TRUE,TRUE,TRUE,Growing season and degree-days,Winter
climate,Tmin_at,21,mf_var,Plain MF RF,0.0994736434253073,4.45929067413164,0.150559651862706,5.07049069848783,1039.24867281944,H:/Jing/ecoChina2/rf/clm_mfVar_zone21.Rdata,clm_mfVar,0.0994736434253073,3,0.0912296608756045,TRUE,TRUE,TRUE,Temperature,Autumn
climate,DD5,21,mf_var,Plain MF RF,0.0777603175206006,4.32903721992705,0.141367412152908,5.19207586823248,853.324291108172,H:/Jing/ecoChina2/rf/clm_mfVar_zone21.Rdata,clm_mfVar,0.0777603175206006,4,0.0713158496331794,TRUE,TRUE,TRUE,Growing season and degree-days,Annual
climate,Tmin_sm,21,mf_var,Plain MF RF,0.0662012421217689,5.61523035784203,0.143228271219,5.53473958458202,354.612840448569,H:/Jing/ecoChina2/rf/clm_mfVar_zone21.Rdata,clm_mfVar,0.0662012421217689,5,0.0607147447338421,TRUE,TRUE,TRUE,Temperature,Summer
climate,MAP,21,mf_var,Plain MF RF,0.0640557482464298,4.93814553171128,0.0961772344778352,5.26717863698988,832.849209926671,H:/Jing/ecoChina2/rf/clm_mfVar_zone21.Rdata,clm_mfVar,0.0640557482464298,6,0.058747060914109,TRUE,FALSE,TRUE,Precipitation,Annual
climate,DD18_sp,21,mf_var,Plain MF RF,0.0527032731908334,5.28531829532787,0.112594793440291,5.48364537588673,528.874448172089,H:/Jing/ecoChina2/rf/clm_mfVar_zone21.Rdata,clm_mfVar,0.0527032731908334,7,0.0483354341378314,TRUE,FALSE,TRUE,Growing season and degree-days,Spring
climate,DD18_sm,21,mf_var,Plain MF RF,0.0517850539468424,5.64276536187367,0.115981908669714,5.51035816694388,232.27693000242,H:/Jing/ecoChina2/rf/clm_mfVar_zone21.Rdata,clm_mfVar,0.0517850539468424,8,0.0474933132769256,TRUE,FALSE,TRUE,Growing season and degree-days,Summer
climate,Eref_at,21,mf_var,Plain MF RF,0.0486136246984523,5.17268856735909,0.102408645781781,4.60859079272146,198.110028231112,H:/Jing/ecoChina2/rf/clm_mfVar_zone21.Rdata,clm_mfVar,0.0486136246984523,9,0.0445847195544201,TRUE,FALSE,TRUE,Radiation and evaporative demand,Autumn
climate,DD5_sm,21,mf_var,Plain MF RF,0.0480664957468518,5.26418104945891,0.10646765563081,5.11706753744693,193.623193096873,H:/Jing/ecoChina2/rf/clm_mfVar_zone21.Rdata,clm_mfVar,0.0480664957468518,10,0.0440829344886382,TRUE,FALSE,TRUE,Growing season and degree-days,Summer
climate,TD,21,mf_var,Plain MF RF,0.0425806496908562,6.23589714933072,0.0890876486125411,5.83865270511953,180.877900741711,H:/Jing/ecoChina2/rf/clm_mfVar_zone21.Rdata,clm_mfVar,0.0425806496908562,11,0.03905173367935,TRUE,FALSE,FALSE,Temperature,Annual
climate,PPT_wt,21,mf_var,Plain MF RF,0.0424783746286092,6.35469634574961,0.0891596516992902,5.88247758885624,408.687997185538,H:/Jing/ecoChina2/rf/clm_mfVar_zone21.Rdata,clm_mfVar,0.0424783746286092,12,0.0389579347701763,TRUE,FALSE,FALSE,Precipitation,Winter
climate,Eref,21,mf_var,Plain MF RF,0.0394975409633014,5.59306807230297,0.085672055128952,5.32431089095045,221.209718575906,H:/Jing/ecoChina2/rf/clm_mfVar_zone21.Rdata,clm_mfVar,0.0394975409633014,13,0.0362241408218647,TRUE,FALSE,FALSE,Radiation and evaporative demand,Annual
climate,Eref_sp,21,mf_var,Plain MF RF,0.032091177286051,5.9160862777124,0.0733412741669161,5.56969758643826,134.843633037757,H:/Jing/ecoChina2/rf/clm_mfVar_zone21.Rdata,clm_mfVar,0.032091177286051,14,0.0294315873038637,TRUE,FALSE,FALSE,Radiation and evaporative demand,Spring
climate,PPT_sm,21,mf_var,Plain MF RF,0.0315591340045124,6.50337350033317,0.0636067668807542,6.17762293051612,279.104210094162,H:/Jing/ecoChina2/rf/clm_mfVar_zone21.Rdata,clm_mfVar,0.0315591340045124,15,0.0289436376674119,TRUE,FALSE,FALSE,Precipitation,Summer
climate,PPT_at,21,mf_var,Plain MF RF,0.0295169935034659,5.78360037012196,0.0530346789334882,6.73379143935121,596.391230971517,H:/Jing/ecoChina2/rf/clm_mfVar_zone21.Rdata,clm_mfVar,0.0295169935034659,16,0.0270707417026562,TRUE,FALSE,FALSE,Precipitation,Autumn
climate,EXT,21,mf_var,Plain MF RF,0.0287110335417182,4.88232797560386,0.0633381942648518,4.73044053766043,135.569901728084,H:/Jing/ecoChina2/rf/clm_mfVar_zone21.Rdata,clm_mfVar,0.0287110335417182,17,0.0263315765182144,TRUE,FALSE,FALSE,Temperature,Annual
climate,AHM,21,mf_var,Plain MF RF,0.0262921341273221,6.56435572777638,0.0574425565940919,6.50865301339699,140.742726032595,H:/Jing/ecoChina2/rf/clm_mfVar_zone21.Rdata,clm_mfVar,0.0262921341273221,18,0.0241131459302843,TRUE,FALSE,FALSE,Climatic moisture balance,Annual
climate,Eref_sm,21,mf_var,Plain MF RF,0.0256722084912372,5.33823507229362,0.0530437910545205,5.46703355812225,130.01844999528,H:/Jing/ecoChina2/rf/clm_mfVar_zone21.Rdata,clm_mfVar,0.0256722084912372,19,0.0235445972816105,TRUE,FALSE,FALSE,Radiation and evaporative demand,Summer
climate,CMD,21,mf_var,Plain MF RF,0.0224264338972627,6.4931289651178,0.0508964673961838,6.61881173163712,135.403254835042,H:/Jing/ecoChina2/rf/clm_mfVar_zone21.Rdata,clm_mfVar,0.0224264338972627,20,0.0205678196620264,TRUE,FALSE,FALSE,Climatic moisture balance,Annual
climate,CMD_at,21,mf_var,Plain MF RF,0.0155523663276869,7.07005030369971,0.0338667468157275,7.11433175566077,102.080995466042,H:/Jing/ecoChina2/rf/clm_mfVar_zone21.Rdata,clm_mfVar,0.0155523663276869,21,0.0142634476533819,TRUE,FALSE,FALSE,Climatic moisture balance,Autumn
climate,Eref_at,22,mf_var,Plain MF RF,0.145048906587142,7.56820364201286,0.268488866723956,7.92204914326173,1404.14328515911,H:/Jing/ecoChina2/rf/clm_mfVar_zone22.Rdata,clm_mfVar,0.145048906587142,1,0.0849410289124143,TRUE,TRUE,TRUE,Radiation and evaporative demand,Autumn
climate,PAS_sp,22,mf_var,Plain MF RF,0.116930424112545,8.36952623394469,0.256120152237813,8.03354749743378,322.779999295204,H:/Jing/ecoChina2/rf/clm_mfVar_zone22.Rdata,clm_mfVar,0.116930424112545,2,0.0684747701239483,TRUE,TRUE,TRUE,Snowfall,Spring
climate,Eref,22,mf_var,Plain MF RF,0.114236374865787,5.58228036114023,0.208079673220713,5.36452555662767,888.001468955058,H:/Jing/ecoChina2/rf/clm_mfVar_zone22.Rdata,clm_mfVar,0.114236374865787,3,0.0668971276560065,TRUE,TRUE,TRUE,Radiation and evaporative demand,Annual
climate,Tmax_wt,22,mf_var,Plain MF RF,0.109160226748133,8.63694450112967,0.227794409232689,8.48997602369454,566.078188744842,H:/Jing/ecoChina2/rf/clm_mfVar_zone22.Rdata,clm_mfVar,0.109160226748133,4,0.0639245216972962,TRUE,TRUE,TRUE,Temperature,Winter
climate,DD5_at,22,mf_var,Plain MF RF,0.103676021281513,5.55061633411234,0.200213108960822,5.613106967945,593.434074446831,H:/Jing/ecoChina2/rf/clm_mfVar_zone22.Rdata,clm_mfVar,0.103676021281513,5,0.0607129562600767,TRUE,TRUE,TRUE,Growing season and degree-days,Autumn
climate,Eref_sm,22,mf_var,Plain MF RF,0.101698517245599,5.39216703136875,0.201077885409875,5.39360061885028,787.129535871316,H:/Jing/ecoChina2/rf/clm_mfVar_zone22.Rdata,clm_mfVar,0.101698517245599,6,0.0595549245903372,TRUE,FALSE,TRUE,Radiation and evaporative demand,Summer
climate,PPT_sm,22,mf_var,Plain MF RF,0.0993522896691509,10.2783224547711,0.224697096045104,9.99761438189851,296.532824002353,H:/Jing/ecoChina2/rf/clm_mfVar_zone22.Rdata,clm_mfVar,0.0993522896691509,7,0.0581809674258518,TRUE,FALSE,TRUE,Precipitation,Summer
climate,DD_0_at,22,mf_var,Plain MF RF,0.0904727837619996,5.49035058120281,0.173276467082558,5.34822966303387,609.169716930686,H:/Jing/ecoChina2/rf/clm_mfVar_zone22.Rdata,clm_mfVar,0.0904727837619996,8,0.0529811049399242,TRUE,FALSE,TRUE,Growing season and degree-days,Autumn
climate,DD_0,22,mf_var,Plain MF RF,0.085199245346607,5.55109777582336,0.160963607856829,5.54023619115473,911.259915308302,H:/Jing/ecoChina2/rf/clm_mfVar_zone22.Rdata,clm_mfVar,0.085199245346607,9,0.0498929066931937,TRUE,FALSE,TRUE,Growing season and degree-days,Annual
climate,PPT_at,22,mf_var,Plain MF RF,0.0802517797355894,9.31594412063544,0.17644735783985,9.03044060244284,331.401092844044,H:/Jing/ecoChina2/rf/clm_mfVar_zone22.Rdata,clm_mfVar,0.0802517797355894,10,0.0469956575556681,TRUE,FALSE,TRUE,Precipitation,Autumn
climate,MAP,22,mf_var,Plain MF RF,0.0799510969411516,8.28380847989048,0.177559006159723,7.9770818161833,272.408150272633,H:/Jing/ecoChina2/rf/clm_mfVar_zone22.Rdata,clm_mfVar,0.0799510969411516,11,0.0468195769044124,TRUE,FALSE,FALSE,Precipitation,Annual
climate,PPT_sp,22,mf_var,Plain MF RF,0.0797555491201266,9.73683805694472,0.169590843621627,9.20054599728276,275.657069281361,H:/Jing/ecoChina2/rf/clm_mfVar_zone22.Rdata,clm_mfVar,0.0797555491201266,12,0.0467050635756995,TRUE,FALSE,FALSE,Precipitation,Spring
climate,TD,22,mf_var,Plain MF RF,0.0795193784879451,9.3917213852925,0.163305318432208,9.17616300940024,408.481098526132,H:/Jing/ecoChina2/rf/clm_mfVar_zone22.Rdata,clm_mfVar,0.0795193784879451,13,0.0465667614197689,TRUE,FALSE,FALSE,Temperature,Annual
climate,DD_0_wt,22,mf_var,Plain MF RF,0.0779673353677949,5.79501851912271,0.156928974750532,5.51207645758549,612.33848423031,H:/Jing/ecoChina2/rf/clm_mfVar_zone22.Rdata,clm_mfVar,0.0779673353677949,14,0.0456578808039554,TRUE,FALSE,FALSE,Growing season and degree-days,Winter
climate,EMT,22,mf_var,Plain MF RF,0.0712933858206668,6.39450354958767,0.155013725353382,6.20560476422929,446.843594899431,H:/Jing/ecoChina2/rf/clm_mfVar_zone22.Rdata,clm_mfVar,0.0712933858206668,15,0.0417495980407067,TRUE,FALSE,FALSE,Temperature,Annual
climate,CMD_sm,22,mf_var,Plain MF RF,0.0495988109688187,7.03695589539289,0.106838430942513,6.64541164631919,147.173151951637,H:/Jing/ecoChina2/rf/clm_mfVar_zone22.Rdata,clm_mfVar,0.0495988109688187,16,0.029045196793626,TRUE,FALSE,FALSE,Climatic moisture balance,Summer
climate,RH_at,22,mf_var,Plain MF RF,0.0492489676358097,6.24041071504893,0.111181159713785,6.06630306315161,157.159135539795,H:/Jing/ecoChina2/rf/clm_mfVar_zone22.Rdata,clm_mfVar,0.0492489676358097,17,0.0288403275990686,TRUE,FALSE,FALSE,Humidity,Autumn
climate,PAS_wt,22,mf_var,Plain MF RF,0.0474559252716126,6.57594074918889,0.107390957781867,6.32335639461434,150.102734802317,H:/Jing/ecoChina2/rf/clm_mfVar_zone22.Rdata,clm_mfVar,0.0474559252716126,18,0.0277903171792593,TRUE,FALSE,FALSE,Snowfall,Winter
climate,AHM,22,mf_var,Plain MF RF,0.043219501154956,6.27508380299435,0.0935662692941097,5.94544465216158,156.298619333846,H:/Jing/ecoChina2/rf/clm_mfVar_zone22.Rdata,clm_mfVar,0.043219501154956,19,0.0253094558487949,TRUE,FALSE,FALSE,Climatic moisture balance,Annual
climate,RH_sm,22,mf_var,Plain MF RF,0.0423151203840924,6.65242629032219,0.0963949196570033,6.49762910128691,162.42190628101,H:/Jing/ecoChina2/rf/clm_mfVar_zone22.Rdata,clm_mfVar,0.0423151203840924,20,0.0247798480426196,TRUE,FALSE,FALSE,Humidity,Summer
climate,PPT_wt,22,mf_var,Plain MF RF,0.0412908079580798,6.54892882577467,0.0911525657995698,6.22724016809872,151.83260330936,H:/Jing/ecoChina2/rf/clm_mfVar_zone22.Rdata,clm_mfVar,0.0412908079580798,21,0.0241800079373719,TRUE,FALSE,FALSE,Precipitation,Winter
climate,AHM,23,mf_var,Plain MF RF,0.148931659018192,7.94058853214667,0.256081405119812,7.24419188248882,1658.84349496834,H:/Jing/ecoChina2/rf/clm_mfVar_zone23.Rdata,clm_mfVar,0.148931659018192,1,0.108736943202191,TRUE,TRUE,TRUE,Climatic moisture balance,Annual
climate,CMD_sm,23,mf_var,Plain MF RF,0.127938714333055,6.86952268563449,0.238778053033601,6.51917484507398,1665.69944221624,H:/Jing/ecoChina2/rf/clm_mfVar_zone23.Rdata,clm_mfVar,0.127938714333055,2,0.0934097209787707,TRUE,TRUE,TRUE,Climatic moisture balance,Summer
climate,MAP,23,mf_var,Plain MF RF,0.123225962511055,7.91324806708964,0.207149811689516,7.32567138621719,1230.78796353941,H:/Jing/ecoChina2/rf/clm_mfVar_zone23.Rdata,clm_mfVar,0.123225962511055,3,0.0899688795178405,TRUE,TRUE,TRUE,Precipitation,Annual
climate,DD_18,23,mf_var,Plain MF RF,0.0758309903763305,6.17638011832719,0.151468084621385,6.48580685665617,402.926236451718,H:/Jing/ecoChina2/rf/clm_mfVar_zone23.Rdata,clm_mfVar,0.0758309903763305,4,0.0553651933234001,TRUE,TRUE,TRUE,Growing season and degree-days,Annual
climate,Eref,23,mf_var,Plain MF RF,0.0722239744214584,6.99970368156626,0.149615276817217,6.84086961006337,475.619140352208,H:/Jing/ecoChina2/rf/clm_mfVar_zone23.Rdata,clm_mfVar,0.0722239744214584,5,0.052731664014723,TRUE,TRUE,TRUE,Radiation and evaporative demand,Annual
climate,DD_0,23,mf_var,Plain MF RF,0.0711263768561227,7.4061875980033,0.140978532620011,7.16303093085623,357.627148225681,H:/Jing/ecoChina2/rf/clm_mfVar_zone23.Rdata,clm_mfVar,0.0711263768561227,6,0.0519302937425622,TRUE,FALSE,TRUE,Growing season and degree-days,Annual
climate,DD_0_wt,23,mf_var,Plain MF RF,0.0662924369429428,6.59477680248973,0.128502161728706,7.7157876936002,369.364165253978,H:/Jing/ecoChina2/rf/clm_mfVar_zone23.Rdata,clm_mfVar,0.0662924369429428,7,0.0484009712785048,TRUE,FALSE,TRUE,Growing season and degree-days,Winter
climate,DD_18_sp,23,mf_var,Plain MF RF,0.0646868498405329,6.36721733206328,0.117223465572917,5.7622607849175,309.4540707839,H:/Jing/ecoChina2/rf/clm_mfVar_zone23.Rdata,clm_mfVar,0.0646868498405329,8,0.0472287112317702,TRUE,FALSE,TRUE,Growing season and degree-days,Spring
climate,DD_18_wt,23,mf_var,Plain MF RF,0.06281064483804,7.70086710321383,0.130848075425144,7.67852697504539,301.936088186587,H:/Jing/ecoChina2/rf/clm_mfVar_zone23.Rdata,clm_mfVar,0.06281064483804,9,0.0458588695329894,TRUE,FALSE,TRUE,Growing season and degree-days,Winter
climate,DD_18_at,23,mf_var,Plain MF RF,0.0593579641835747,6.24042395500782,0.126712291004364,6.38953260968752,225.785805445447,H:/Jing/ecoChina2/rf/clm_mfVar_zone23.Rdata,clm_mfVar,0.0593579641835747,10,0.0433380224364426,TRUE,FALSE,TRUE,Growing season and degree-days,Autumn
climate,DD5,23,mf_var,Plain MF RF,0.0558507408667802,6.75330190725688,0.119302143769681,6.48963038568487,172.631601378174,H:/Jing/ecoChina2/rf/clm_mfVar_zone23.Rdata,clm_mfVar,0.0558507408667802,11,0.0407773530320341,TRUE,FALSE,FALSE,Growing season and degree-days,Annual
climate,Tmin_at,23,mf_var,Plain MF RF,0.0547328898525398,6.29487237975653,0.115753056147514,6.01238627806358,178.184759940627,H:/Jing/ecoChina2/rf/clm_mfVar_zone23.Rdata,clm_mfVar,0.0547328898525398,12,0.0399611954531467,TRUE,FALSE,FALSE,Temperature,Autumn
climate,Tmax_wt,23,mf_var,Plain MF RF,0.0514301566552658,7.18381799307915,0.106728356738841,7.21226347106124,235.365315119732,H:/Jing/ecoChina2/rf/clm_mfVar_zone23.Rdata,clm_mfVar,0.0514301566552658,13,0.0375498269472732,TRUE,FALSE,FALSE,Temperature,Winter
climate,DD5_at,23,mf_var,Plain MF RF,0.0497359078276013,6.5883020503367,0.107488804899167,6.39109454213545,172.529617373798,H:/Jing/ecoChina2/rf/clm_mfVar_zone23.Rdata,clm_mfVar,0.0497359078276013,14,0.0363128338206363,TRUE,FALSE,FALSE,Growing season and degree-days,Autumn
climate,Tmin_sm,23,mf_var,Plain MF RF,0.0489365575499607,7.78927400354439,0.105094553593261,7.3693437119776,141.090424553689,H:/Jing/ecoChina2/rf/clm_mfVar_zone23.Rdata,clm_mfVar,0.0489365575499607,15,0.0357292177761266,TRUE,FALSE,FALSE,Temperature,Summer
climate,DD5_sm,23,mf_var,Plain MF RF,0.0471756694217794,7.48618434064224,0.0982916246246012,7.27543108813334,147.790413920062,H:/Jing/ecoChina2/rf/clm_mfVar_zone23.Rdata,clm_mfVar,0.0471756694217794,16,0.0344435704286001,TRUE,FALSE,FALSE,Growing season and degree-days,Summer
climate,DD18,23,mf_var,Plain MF RF,0.0450457341292597,7.39952916005661,0.1023505946142,7.18708032378628,139.222193794361,H:/Jing/ecoChina2/rf/clm_mfVar_zone23.Rdata,clm_mfVar,0.0450457341292597,17,0.032888476941736,TRUE,FALSE,FALSE,Growing season and degree-days,Annual
climate,DD18_sm,23,mf_var,Plain MF RF,0.0425228679810185,7.66819083781893,0.0972831023959183,7.36357662362199,134.747741551234,H:/Jing/ecoChina2/rf/clm_mfVar_zone23.Rdata,clm_mfVar,0.0425228679810185,18,0.0310464995215118,TRUE,FALSE,FALSE,Growing season and degree-days,Summer
climate,RH_wt,23,mf_var,Plain MF RF,0.0360981853478743,8.93780853980205,0.0732531935002054,7.90479359812109,131.607686147299,H:/Jing/ecoChina2/rf/clm_mfVar_zone23.Rdata,clm_mfVar,0.0360981853478743,19,0.0263557550876036,TRUE,FALSE,FALSE,Humidity,Winter
climate,PAS_wt,23,mf_var,Plain MF RF,0.0350377925577994,7.84698230908513,0.0792942977663574,7.60590760969697,163.16429878054,H:/Jing/ecoChina2/rf/clm_mfVar_zone23.Rdata,clm_mfVar,0.0350377925577994,20,0.0255815485062326,TRUE,FALSE,FALSE,Snowfall,Winter
climate,RH_sp,23,mf_var,Plain MF RF,0.0306588879268952,7.26913032345684,0.0655767913134124,6.5516895127216,151.891822905134,H:/Jing/ecoChina2/rf/clm_mfVar_zone23.Rdata,clm_mfVar,0.0306588879268952,21,0.0223844532259049,TRUE,FALSE,FALSE,Humidity,Spring
climate,PPT_sm,24,mf_var,Plain MF RF,0.145979275668675,8.33656465218934,0.219962319658545,8.04266193885513,1106.89226539966,H:/Jing/ecoChina2/rf/clm_mfVar_zone24.Rdata,clm_mfVar,0.145979275668675,1,0.113779604580825,TRUE,TRUE,TRUE,Precipitation,Summer
climate,CMD_sm,24,mf_var,Plain MF RF,0.13403374232768,7.13276436618912,0.215823091359625,5.86987270337577,1410.84071480265,H:/Jing/ecoChina2/rf/clm_mfVar_zone24.Rdata,clm_mfVar,0.13403374232768,2,0.104468981180211,TRUE,TRUE,TRUE,Climatic moisture balance,Summer
climate,AHM,24,mf_var,Plain MF RF,0.126263106125653,7.32275399002509,0.186732546044778,6.430823621705,1460.10280614539,H:/Jing/ecoChina2/rf/clm_mfVar_zone24.Rdata,clm_mfVar,0.126263106125653,3,0.0984123686209402,TRUE,TRUE,TRUE,Climatic moisture balance,Annual
climate,CMD,24,mf_var,Plain MF RF,0.0913373137144687,5.98489392938569,0.159320447582346,5.19668146361324,994.685534263265,H:/Jing/ecoChina2/rf/clm_mfVar_zone24.Rdata,clm_mfVar,0.0913373137144687,4,0.0711904028178229,TRUE,TRUE,TRUE,Climatic moisture balance,Annual
climate,Tmin_sp,24,mf_var,Plain MF RF,0.0597322795183511,6.81135603935574,0.117790728606792,6.20151363937749,314.072214695867,H:/Jing/ecoChina2/rf/clm_mfVar_zone24.Rdata,clm_mfVar,0.0597322795183511,5,0.0465567123358982,TRUE,TRUE,TRUE,Temperature,Spring
climate,DD5_sp,24,mf_var,Plain MF RF,0.0590596689858487,6.73062757936844,0.115743437149591,6.30560390914316,275.671095806516,H:/Jing/ecoChina2/rf/clm_mfVar_zone24.Rdata,clm_mfVar,0.0590596689858487,6,0.0460324642186605,TRUE,FALSE,TRUE,Growing season and degree-days,Spring
climate,DD_18_sp,24,mf_var,Plain MF RF,0.0570849638321504,7.0348069623532,0.108548100872961,6.4700233570671,294.239507588343,H:/Jing/ecoChina2/rf/clm_mfVar_zone24.Rdata,clm_mfVar,0.0570849638321504,7,0.0444933336090427,TRUE,FALSE,TRUE,Growing season and degree-days,Spring
climate,TD,24,mf_var,Plain MF RF,0.0565655781860577,7.65045629955528,0.0975966226849998,6.53121012522653,364.401671875135,H:/Jing/ecoChina2/rf/clm_mfVar_zone24.Rdata,clm_mfVar,0.0565655781860577,8,0.0440885124920266,TRUE,FALSE,TRUE,Temperature,Annual
climate,DD_0,24,mf_var,Plain MF RF,0.0551524524434557,6.94175400092058,0.0994793424483069,7.08641094214767,315.261729480473,H:/Jing/ecoChina2/rf/clm_mfVar_zone24.Rdata,clm_mfVar,0.0551524524434557,9,0.0429870897902099,TRUE,FALSE,TRUE,Growing season and degree-days,Annual
climate,DD_0_sp,24,mf_var,Plain MF RF,0.0511373513198513,6.48709499235815,0.0902156018978348,5.70408817075518,273.596337863114,H:/Jing/ecoChina2/rf/clm_mfVar_zone24.Rdata,clm_mfVar,0.0511373513198513,10,0.0398576276381124,TRUE,FALSE,TRUE,Growing season and degree-days,Spring
climate,DD5,24,mf_var,Plain MF RF,0.0489025824923292,6.28830690861033,0.0921776611565635,5.96930924504587,233.551625572205,H:/Jing/ecoChina2/rf/clm_mfVar_zone24.Rdata,clm_mfVar,0.0489025824923292,11,0.0381157974203619,TRUE,FALSE,FALSE,Growing season and degree-days,Annual
climate,Tmax_wt,24,mf_var,Plain MF RF,0.046920622667227,7.33412083389002,0.0887673595899995,7.50913413945672,244.276248472812,H:/Jing/ecoChina2/rf/clm_mfVar_zone24.Rdata,clm_mfVar,0.046920622667227,12,0.0365710123530141,TRUE,FALSE,FALSE,Temperature,Winter
climate,DD5_sm,24,mf_var,Plain MF RF,0.0455707891960928,6.62559256509148,0.0845855561418451,6.4592613641314,144.795222689991,H:/Jing/ecoChina2/rf/clm_mfVar_zone24.Rdata,clm_mfVar,0.0455707891960928,13,0.0355189211031288,TRUE,FALSE,FALSE,Growing season and degree-days,Summer
climate,EXT,24,mf_var,Plain MF RF,0.0438894928545667,6.74072472113776,0.0701675690943995,6.18457545476393,169.804762951406,H:/Jing/ecoChina2/rf/clm_mfVar_zone24.Rdata,clm_mfVar,0.0438894928545667,14,0.0342084800693193,TRUE,FALSE,FALSE,Temperature,Annual
climate,Eref_sp,24,mf_var,Plain MF RF,0.0438584157148663,6.71079282557614,0.0909963747879454,6.54337919275904,151.654147557108,H:/Jing/ecoChina2/rf/clm_mfVar_zone24.Rdata,clm_mfVar,0.0438584157148663,15,0.0341842578319474,TRUE,FALSE,FALSE,Radiation and evaporative demand,Spring
climate,MWMT,24,mf_var,Plain MF RF,0.0433114168124672,6.33935152943602,0.0783335584256831,6.25895061734537,116.456414156443,H:/Jing/ecoChina2/rf/clm_mfVar_zone24.Rdata,clm_mfVar,0.0433114168124672,16,0.0337579143079367,TRUE,FALSE,FALSE,Temperature,Annual
climate,DD18_sm,24,mf_var,Plain MF RF,0.0419629873847942,6.42168650421739,0.0805069214448661,6.37555671180233,120.426358168173,H:/Jing/ecoChina2/rf/clm_mfVar_zone24.Rdata,clm_mfVar,0.0419629873847942,17,0.0327069174018142,TRUE,FALSE,FALSE,Growing season and degree-days,Summer
climate,PAS,24,mf_var,Plain MF RF,0.038684093978764,7.39999345563042,0.0740724687274786,6.95955107956761,155.77285137888,H:/Jing/ecoChina2/rf/clm_mfVar_zone24.Rdata,clm_mfVar,0.038684093978764,18,0.0301512724755608,TRUE,FALSE,FALSE,Snowfall,Annual
climate,RH_wt,24,mf_var,Plain MF RF,0.0348072172848618,8.50352561113538,0.0735403046422519,7.75267902711491,122.378026356696,H:/Jing/ecoChina2/rf/clm_mfVar_zone24.Rdata,clm_mfVar,0.0348072172848618,19,0.0271295456227576,TRUE,FALSE,FALSE,Humidity,Winter
climate,RH_sp,24,mf_var,Plain MF RF,0.0324168966332317,7.92014814122812,0.0686444533837877,7.42703335627286,121.96237313266,H:/Jing/ecoChina2/rf/clm_mfVar_zone24.Rdata,clm_mfVar,0.0324168966332317,20,0.0252664747360302,TRUE,FALSE,FALSE,Humidity,Spring
climate,PPT_wt,24,mf_var,Plain MF RF,0.0263301307073179,6.4613317237553,0.0501848514062798,5.67765118307294,104.479332964288,H:/Jing/ecoChina2/rf/clm_mfVar_zone24.Rdata,clm_mfVar,0.0263301307073179,21,0.0205223093943802,TRUE,FALSE,FALSE,Precipitation,Winter
climate,PPT_sm,25,mf_var,Plain MF RF,0.163354575163822,12.1236635994473,0.290138045565348,13.3327468147626,1571.84470310852,H:/Jing/ecoChina2/rf/clm_mfVar_zone25.Rdata,clm_mfVar,0.163354575163822,1,0.12552116565133,TRUE,TRUE,TRUE,Precipitation,Summer
climate,CMD_sm,25,mf_var,Plain MF RF,0.126403718429164,8.01669837970344,0.215003344854241,7.55246359134725,1416.78442569059,H:/Jing/ecoChina2/rf/clm_mfVar_zone25.Rdata,clm_mfVar,0.126403718429164,2,0.0971282381529831,TRUE,TRUE,TRUE,Climatic moisture balance,Summer
climate,PPT_at,25,mf_var,Plain MF RF,0.0888283173865661,7.63727176159854,0.158429159266191,7.63011343675583,609.930943921499,H:/Jing/ecoChina2/rf/clm_mfVar_zone25.Rdata,clm_mfVar,0.0888283173865661,3,0.0682554126814403,TRUE,TRUE,TRUE,Precipitation,Autumn
climate,CMD,25,mf_var,Plain MF RF,0.0817534658510085,7.52393902758962,0.147735186851317,6.91332419354002,715.131190528642,H:/Jing/ecoChina2/rf/clm_mfVar_zone25.Rdata,clm_mfVar,0.0817534658510085,4,0.0628191179791787,TRUE,TRUE,TRUE,Climatic moisture balance,Annual
climate,CMD_at,25,mf_var,Plain MF RF,0.0728915238686075,7.9544446637598,0.132498085898751,7.64991935588232,570.586722194988,H:/Jing/ecoChina2/rf/clm_mfVar_zone25.Rdata,clm_mfVar,0.0728915238686075,5,0.0560096283370926,TRUE,TRUE,TRUE,Climatic moisture balance,Autumn
climate,DD5_sm,25,mf_var,Plain MF RF,0.0652777158694985,7.2514890271036,0.11686005191928,6.52688233796418,467.448469663585,H:/Jing/ecoChina2/rf/clm_mfVar_zone25.Rdata,clm_mfVar,0.0652777158694985,6,0.0501592011045822,TRUE,FALSE,TRUE,Growing season and degree-days,Summer
climate,Tmin_sm,25,mf_var,Plain MF RF,0.0634789771533509,6.81199288074248,0.117243733385962,6.21349034459164,546.435315598064,H:/Jing/ecoChina2/rf/clm_mfVar_zone25.Rdata,clm_mfVar,0.0634789771533509,7,0.0487770556695579,TRUE,FALSE,TRUE,Temperature,Summer
climate,DD_18_sm,25,mf_var,Plain MF RF,0.0596892671135222,6.88776669381464,0.108882144320013,6.49890313269465,500.378595126492,H:/Jing/ecoChina2/rf/clm_mfVar_zone25.Rdata,clm_mfVar,0.0596892671135222,8,0.0458650538403909,TRUE,FALSE,TRUE,Growing season and degree-days,Summer
climate,TD,25,mf_var,Plain MF RF,0.0595896808935165,9.10780669645188,0.113872875537956,8.01853428418777,246.138628904713,H:/Jing/ecoChina2/rf/clm_mfVar_zone25.Rdata,clm_mfVar,0.0595896808935165,9,0.0457885320876001,TRUE,FALSE,TRUE,Temperature,Annual
climate,DD_0_wt,25,mf_var,Plain MF RF,0.0591347866314348,7.10532229310748,0.105949649981869,7.60027996571347,346.01460789256,H:/Jing/ecoChina2/rf/clm_mfVar_zone25.Rdata,clm_mfVar,0.0591347866314348,10,0.0454389927008561,TRUE,FALSE,TRUE,Growing season and degree-days,Winter
climate,DD_18_wt,25,mf_var,Plain MF RF,0.0575902463538307,7.49378705864813,0.107533454537674,7.82848099815824,346.91777977356,H:/Jing/ecoChina2/rf/clm_mfVar_zone25.Rdata,clm_mfVar,0.0575902463538307,11,0.0442521725836609,TRUE,FALSE,FALSE,Growing season and degree-days,Winter
climate,CMD_sp,25,mf_var,Plain MF RF,0.0561153272166262,6.9252904460868,0.106567090840938,6.33907668314771,207.437650728787,H:/Jing/ecoChina2/rf/clm_mfVar_zone25.Rdata,clm_mfVar,0.0561153272166262,12,0.0431188491419532,TRUE,FALSE,FALSE,Climatic moisture balance,Spring
climate,EXT,25,mf_var,Plain MF RF,0.0537979601620596,7.13153109626574,0.092965887885121,6.57783670582859,319.044396648045,H:/Jing/ecoChina2/rf/clm_mfVar_zone25.Rdata,clm_mfVar,0.0537979601620596,13,0.0413381912470673,TRUE,FALSE,FALSE,Temperature,Annual
climate,Eref_sm,25,mf_var,Plain MF RF,0.0500368811193232,7.65309039744415,0.0927527804216066,7.53090718164876,262.647530649987,H:/Jing/ecoChina2/rf/clm_mfVar_zone25.Rdata,clm_mfVar,0.0500368811193232,14,0.0384481893902009,TRUE,FALSE,FALSE,Radiation and evaporative demand,Summer
climate,PPT_sp,25,mf_var,Plain MF RF,0.0498523416225407,8.36197584680931,0.0977679082686617,8.39255867698154,195.38142087466,H:/Jing/ecoChina2/rf/clm_mfVar_zone25.Rdata,clm_mfVar,0.0498523416225407,15,0.0383063897943119,TRUE,FALSE,FALSE,Precipitation,Spring
climate,Tmax_wt,25,mf_var,Plain MF RF,0.0485845710947306,6.80802503379885,0.0908646505060731,6.66363352003103,217.309710829673,H:/Jing/ecoChina2/rf/clm_mfVar_zone25.Rdata,clm_mfVar,0.0485845710947306,16,0.037332238722819,TRUE,FALSE,FALSE,Temperature,Winter
climate,PAS_at,25,mf_var,Plain MF RF,0.0407950878750897,5.7891997894249,0.0729682697459348,5.55931385695519,289.208157112786,H:/Jing/ecoChina2/rf/clm_mfVar_zone25.Rdata,clm_mfVar,0.0407950878750897,17,0.0313468231777064,TRUE,FALSE,FALSE,Snowfall,Autumn
climate,RH_sp,25,mf_var,Plain MF RF,0.0289294001995118,7.03256064572329,0.0520918232876108,6.44188284907292,144.248775885706,H:/Jing/ecoChina2/rf/clm_mfVar_zone25.Rdata,clm_mfVar,0.0289294001995118,18,0.0222292643532933,TRUE,FALSE,FALSE,Humidity,Spring
climate,RH_wt,25,mf_var,Plain MF RF,0.0260986811981054,7.15797686233054,0.0497672974975467,6.91100543298894,133.872926976622,H:/Jing/ecoChina2/rf/clm_mfVar_zone25.Rdata,clm_mfVar,0.0260986811981054,19,0.0200541483620114,TRUE,FALSE,FALSE,Humidity,Winter
climate,PPT_wt,25,mf_var,Plain MF RF,0.0257108508923622,7.01819009945446,0.0441023804050011,7.00138693548642,144.840368906462,H:/Jing/ecoChina2/rf/clm_mfVar_zone25.Rdata,clm_mfVar,0.0257108508923622,20,0.0197561407181913,TRUE,FALSE,FALSE,Precipitation,Winter
climate,PAS_wt,25,mf_var,Plain MF RF,0.0234972212032022,8.11807270165147,0.0447889985692624,7.05930104211425,153.181370619931,H:/Jing/ecoChina2/rf/clm_mfVar_zone25.Rdata,clm_mfVar,0.0234972212032022,21,0.0180551943037728,TRUE,FALSE,FALSE,Snowfall,Winter
climate,PPT_wt,26,mf_var,Plain MF RF,0.144085718115431,11.0409946551944,0.314577614666655,11.1528475634093,657.954851087094,H:/Jing/ecoChina2/rf/clm_mfVar_zone26.Rdata,clm_mfVar,0.144085718115431,1,0.0974406563533256,TRUE,TRUE,TRUE,Precipitation,Winter
climate,RH_wt,26,mf_var,Plain MF RF,0.122665251404378,8.06528798812932,0.252677124432683,7.77387495470691,795.695097459776,H:/Jing/ecoChina2/rf/clm_mfVar_zone26.Rdata,clm_mfVar,0.122665251404378,2,0.0829546659094465,TRUE,TRUE,TRUE,Humidity,Winter
climate,PPT_sp,26,mf_var,Plain MF RF,0.113321943119831,6.42241931376554,0.220480996300746,6.19992657387582,1203.45898610705,H:/Jing/ecoChina2/rf/clm_mfVar_zone26.Rdata,clm_mfVar,0.113321943119831,3,0.0766360792815315,TRUE,TRUE,TRUE,Precipitation,Spring
climate,PPT_at,26,mf_var,Plain MF RF,0.112990620224533,8.34240862486459,0.232325849852778,9.00010221432651,1113.2496164172,H:/Jing/ecoChina2/rf/clm_mfVar_zone26.Rdata,clm_mfVar,0.112990620224533,4,0.0764120159891735,TRUE,TRUE,TRUE,Precipitation,Autumn
climate,DD_18_wt,26,mf_var,Plain MF RF,0.0978281933746531,5.9246482522135,0.162591252722952,5.92505872983355,704.237802939869,H:/Jing/ecoChina2/rf/clm_mfVar_zone26.Rdata,clm_mfVar,0.0978281933746531,5,0.0661581418128447,TRUE,TRUE,TRUE,Growing season and degree-days,Winter
climate,PPT_sm,26,mf_var,Plain MF RF,0.0901374160662726,7.99584612920039,0.197161083568451,7.52711400294828,1063.73048035292,H:/Jing/ecoChina2/rf/clm_mfVar_zone26.Rdata,clm_mfVar,0.0901374160662726,6,0.0609571101034043,TRUE,FALSE,TRUE,Precipitation,Summer
climate,EMT,26,mf_var,Plain MF RF,0.0864267695614491,5.74126506193007,0.153239160146889,5.35957085563226,619.164844500781,H:/Jing/ecoChina2/rf/clm_mfVar_zone26.Rdata,clm_mfVar,0.0864267695614491,7,0.0584477161422657,TRUE,FALSE,TRUE,Temperature,Annual
climate,TD,26,mf_var,Plain MF RF,0.0783911239584131,8.98148559663071,0.158462215135506,9.05243366526875,452.079881050794,H:/Jing/ecoChina2/rf/clm_mfVar_zone26.Rdata,clm_mfVar,0.0783911239584131,8,0.0530134608113157,TRUE,FALSE,TRUE,Temperature,Annual
climate,Eref_at,26,mf_var,Plain MF RF,0.0770191803993912,6.72588214723452,0.143701638732836,7.26253659810669,392.795682770823,H:/Jing/ecoChina2/rf/clm_mfVar_zone26.Rdata,clm_mfVar,0.0770191803993912,9,0.0520856583710786,TRUE,FALSE,TRUE,Radiation and evaporative demand,Autumn
climate,AHM,26,mf_var,Plain MF RF,0.071932953806701,6.29527662624015,0.155909316463226,5.9538693334929,328.914743130873,H:/Jing/ecoChina2/rf/clm_mfVar_zone26.Rdata,clm_mfVar,0.071932953806701,10,0.0486460026991928,TRUE,FALSE,TRUE,Climatic moisture balance,Annual
climate,CMD,26,mf_var,Plain MF RF,0.0632106181038029,6.37854561617518,0.134109843448267,6.03361683589627,183.189252615722,H:/Jing/ecoChina2/rf/clm_mfVar_zone26.Rdata,clm_mfVar,0.0632106181038029,11,0.0427473603705788,TRUE,FALSE,FALSE,Climatic moisture balance,Annual
climate,CMD_wt,26,mf_var,Plain MF RF,0.0613659223219011,7.42310117292136,0.113421804993432,7.39368679225137,246.457825349748,H:/Jing/ecoChina2/rf/clm_mfVar_zone26.Rdata,clm_mfVar,0.0613659223219011,12,0.0414998504153123,TRUE,FALSE,FALSE,Climatic moisture balance,Winter
climate,Tmin_sm,26,mf_var,Plain MF RF,0.0470199630166544,5.7183503346381,0.0854105476908805,5.58573486350124,345.479070609312,H:/Jing/ecoChina2/rf/clm_mfVar_zone26.Rdata,clm_mfVar,0.0470199630166544,13,0.0317981276560763,TRUE,FALSE,FALSE,Temperature,Summer
climate,CMD_sm,26,mf_var,Plain MF RF,0.045291148655548,6.93929020331069,0.0942976742630816,6.90181330287835,152.710183927099,H:/Jing/ecoChina2/rf/clm_mfVar_zone26.Rdata,clm_mfVar,0.045291148655548,14,0.0306289846746442,TRUE,FALSE,FALSE,Climatic moisture balance,Summer
climate,DD18,26,mf_var,Plain MF RF,0.0450464576815116,5.68487817925134,0.0876236651657267,5.97513506288846,230.090434918153,H:/Jing/ecoChina2/rf/clm_mfVar_zone26.Rdata,clm_mfVar,0.0450464576815116,15,0.0304635078360949,TRUE,FALSE,FALSE,Growing season and degree-days,Annual
climate,Eref_sp,26,mf_var,Plain MF RF,0.0437778606243331,6.59192694313491,0.0871326389372511,7.11104757227999,241.472549401202,H:/Jing/ecoChina2/rf/clm_mfVar_zone26.Rdata,clm_mfVar,0.0437778606243331,16,0.0296055953967764,TRUE,FALSE,FALSE,Radiation and evaporative demand,Spring
climate,CMD_at,26,mf_var,Plain MF RF,0.0407029903118813,7.99453028081167,0.0852157638563463,8.06765138075712,136.266114903182,H:/Jing/ecoChina2/rf/clm_mfVar_zone26.Rdata,clm_mfVar,0.0407029903118813,17,0.0275261569530118,TRUE,FALSE,FALSE,Climatic moisture balance,Autumn
climate,DD5_sm,26,mf_var,Plain MF RF,0.0391194727089108,7.07177897144774,0.0752256688636617,6.61126083935755,208.592571258494,H:/Jing/ecoChina2/rf/clm_mfVar_zone26.Rdata,clm_mfVar,0.0391194727089108,18,0.0264552736163519,TRUE,FALSE,FALSE,Growing season and degree-days,Summer
climate,Eref_sm,26,mf_var,Plain MF RF,0.0357684319468589,8.3795646337018,0.0792602073202576,8.08156947240826,139.864364192692,H:/Jing/ecoChina2/rf/clm_mfVar_zone26.Rdata,clm_mfVar,0.0357684319468589,19,0.0241890697510979,TRUE,FALSE,FALSE,Radiation and evaporative demand,Summer
climate,MWMT,26,mf_var,Plain MF RF,0.0320403057764316,5.99206043048515,0.0631361673944969,5.46825052720747,138.35274696264,H:/Jing/ecoChina2/rf/clm_mfVar_zone26.Rdata,clm_mfVar,0.0320403057764316,20,0.0216678548398225,TRUE,FALSE,FALSE,Temperature,Annual
climate,EXT,26,mf_var,Plain MF RF,0.0305599121492072,6.98336690141811,0.0579293398673258,7.44495331396004,131.944589151092,H:/Jing/ecoChina2/rf/clm_mfVar_zone26.Rdata,clm_mfVar,0.0305599121492072,21,0.0206667110166543,TRUE,FALSE,FALSE,Temperature,Annual
climate,MWMT,27,mf_var,Plain MF RF,0.0997571558834692,6.39895444539345,0.173752191941177,6.4453093741637,744.086087832668,H:/Jing/ecoChina2/rf/clm_mfVar_zone27.Rdata,clm_mfVar,0.0997571558834692,1,0.0697517513687747,TRUE,TRUE,TRUE,Temperature,Annual
climate,DD18_sm,27,mf_var,Plain MF RF,0.0990452287331653,5.98673645304664,0.16112624637362,5.98145146998883,644.605476606137,H:/Jing/ecoChina2/rf/clm_mfVar_zone27.Rdata,clm_mfVar,0.0990452287331653,2,0.0692539608579998,TRUE,TRUE,TRUE,Growing season and degree-days,Summer
climate,Tmin_sm,27,mf_var,Plain MF RF,0.0947715810870056,5.96694310708958,0.162562041821917,5.8818084665409,801.90588651084,H:/Jing/ecoChina2/rf/clm_mfVar_zone27.Rdata,clm_mfVar,0.0947715810870056,3,0.0662657601077609,TRUE,TRUE,TRUE,Temperature,Summer
climate,MAP,27,mf_var,Plain MF RF,0.0928125054168614,7.53625277567179,0.166548047480629,6.61160294706901,708.625795824903,H:/Jing/ecoChina2/rf/clm_mfVar_zone27.Rdata,clm_mfVar,0.0928125054168614,4,0.0648959439993693,TRUE,TRUE,TRUE,Precipitation,Annual
climate,DD_18_sp,27,mf_var,Plain MF RF,0.087780620488654,6.46158499558638,0.115194706441724,5.32239864762001,509.151485458426,H:/Jing/ecoChina2/rf/clm_mfVar_zone27.Rdata,clm_mfVar,0.087780620488654,5,0.0613775719756259,TRUE,TRUE,TRUE,Growing season and degree-days,Spring
climate,DD_18,27,mf_var,Plain MF RF,0.0813632548801474,6.92140336398521,0.124857437004026,6.08805715849661,507.479046359075,H:/Jing/ecoChina2/rf/clm_mfVar_zone27.Rdata,clm_mfVar,0.0813632548801474,6,0.0568904503611127,TRUE,FALSE,TRUE,Growing season and degree-days,Annual
climate,TD,27,mf_var,Plain MF RF,0.0796160198909434,7.76046335713357,0.145683239613233,7.0092709913153,668.750472563058,H:/Jing/ecoChina2/rf/clm_mfVar_zone27.Rdata,clm_mfVar,0.0796160198909434,7,0.0556687565440582,TRUE,FALSE,TRUE,Temperature,Annual
climate,RH_sm,27,mf_var,Plain MF RF,0.0785565766839357,5.78705768611133,0.152849536789466,5.61484079028045,820.016083812921,H:/Jing/ecoChina2/rf/clm_mfVar_zone27.Rdata,clm_mfVar,0.0785565766839357,8,0.0549279774138786,TRUE,FALSE,TRUE,Humidity,Summer
climate,Eref_sm,27,mf_var,Plain MF RF,0.0693331093181387,6.52169474458773,0.110510933617508,6.27600867177722,175.653265920254,H:/Jing/ecoChina2/rf/clm_mfVar_zone27.Rdata,clm_mfVar,0.0693331093181387,9,0.04847878590717,TRUE,FALSE,TRUE,Radiation and evaporative demand,Summer
climate,DD_0,27,mf_var,Plain MF RF,0.0650495047849801,6.84672174068986,0.100974450364846,6.04231929320536,522.266509087042,H:/Jing/ecoChina2/rf/clm_mfVar_zone27.Rdata,clm_mfVar,0.0650495047849801,10,0.0454836231470361,TRUE,FALSE,TRUE,Growing season and degree-days,Annual
climate,PPT_sm,27,mf_var,Plain MF RF,0.063623350270244,7.10998714201672,0.119472301740876,7.00516618699472,363.95349326609,H:/Jing/ecoChina2/rf/clm_mfVar_zone27.Rdata,clm_mfVar,0.063623350270244,11,0.0444864337800745,TRUE,FALSE,FALSE,Precipitation,Summer
climate,AHM,27,mf_var,Plain MF RF,0.0618700985530796,6.23421952445599,0.120473880560474,5.77290176770838,471.093267840848,H:/Jing/ecoChina2/rf/clm_mfVar_zone27.Rdata,clm_mfVar,0.0618700985530796,12,0.0432605329734658,TRUE,FALSE,FALSE,Climatic moisture balance,Annual
climate,DD_18_wt,27,mf_var,Plain MF RF,0.0596223010689364,7.02972796340162,0.0985457212507525,6.35005569052051,508.29969653626,H:/Jing/ecoChina2/rf/clm_mfVar_zone27.Rdata,clm_mfVar,0.0596223010689364,13,0.0416888380925045,TRUE,FALSE,FALSE,Growing season and degree-days,Winter
climate,PPT_sp,27,mf_var,Plain MF RF,0.0588249473512292,8.04650235761496,0.100210805388102,6.92367143179865,300.38441891029,H:/Jing/ecoChina2/rf/clm_mfVar_zone27.Rdata,clm_mfVar,0.0588249473512292,14,0.0411313160002002,TRUE,FALSE,FALSE,Precipitation,Spring
climate,Eref,27,mf_var,Plain MF RF,0.0577194063357506,6.21724740825296,0.0947399977146799,5.59238450152777,229.137111673506,H:/Jing/ecoChina2/rf/clm_mfVar_zone27.Rdata,clm_mfVar,0.0577194063357506,15,0.0403583045670181,TRUE,FALSE,FALSE,Radiation and evaporative demand,Annual
climate,CMD_sp,27,mf_var,Plain MF RF,0.0569916031054621,6.55840269274869,0.107147906339119,5.93820713905944,276.189806347383,H:/Jing/ecoChina2/rf/clm_mfVar_zone27.Rdata,clm_mfVar,0.0569916031054621,16,0.039849413254762,TRUE,FALSE,FALSE,Climatic moisture balance,Spring
climate,CMD,27,mf_var,Plain MF RF,0.0491368187401041,6.24043760536371,0.0958768545171478,5.57859991197637,229.80498575701,H:/Jing/ecoChina2/rf/clm_mfVar_zone27.Rdata,clm_mfVar,0.0491368187401041,17,0.034357226140408,TRUE,FALSE,FALSE,Climatic moisture balance,Annual
climate,CMD_sm,27,mf_var,Plain MF RF,0.0473614144567435,6.80442981062836,0.0918638738291359,6.29582653364465,234.116009854958,H:/Jing/ecoChina2/rf/clm_mfVar_zone27.Rdata,clm_mfVar,0.0473614144567435,18,0.0331158359157641,TRUE,FALSE,FALSE,Climatic moisture balance,Summer
climate,CMD_at,27,mf_var,Plain MF RF,0.0454314308478234,7.57557860248239,0.090316622642292,6.92980677117387,176.065640351565,H:/Jing/ecoChina2/rf/clm_mfVar_zone27.Rdata,clm_mfVar,0.0454314308478234,19,0.0317663614280144,TRUE,FALSE,FALSE,Climatic moisture balance,Autumn
climate,PPT_at,27,mf_var,Plain MF RF,0.0435346333878503,6.05685594993374,0.0816914236897639,5.68015851179342,358.224611697801,H:/Jing/ecoChina2/rf/clm_mfVar_zone27.Rdata,clm_mfVar,0.0435346333878503,20,0.0304400912105724,TRUE,FALSE,FALSE,Precipitation,Autumn
climate,PPT_wt,27,mf_var,Plain MF RF,0.037972648335779,6.09807065715473,0.054445567945721,4.52828000149006,190.4584764349,H:/Jing/ecoChina2/rf/clm_mfVar_zone27.Rdata,clm_mfVar,0.037972648335779,21,0.0265510649544298,TRUE,FALSE,FALSE,Precipitation,Winter
climate,PPT_sp,28,mf_var,Plain MF RF,0.131334527888238,9.9615584180335,0.286237028404169,9.82137701974189,1121.23409291574,H:/Jing/ecoChina2/rf/clm_mfVar_zone28.Rdata,clm_mfVar,0.131334527888238,1,0.0849773657575876,TRUE,TRUE,TRUE,Precipitation,Spring
climate,PPT_at,28,mf_var,Plain MF RF,0.114913482201998,7.07122902106838,0.210563806501718,6.64066780551158,935.991683963494,H:/Jing/ecoChina2/rf/clm_mfVar_zone28.Rdata,clm_mfVar,0.114913482201998,2,0.0743524582954073,TRUE,TRUE,TRUE,Precipitation,Autumn
climate,MCMT,28,mf_var,Plain MF RF,0.112888370743026,6.83613953296001,0.198109115523522,6.04900419746998,779.630332639411,H:/Jing/ecoChina2/rf/clm_mfVar_zone28.Rdata,clm_mfVar,0.112888370743026,3,0.0730421506412356,TRUE,TRUE,TRUE,Temperature,Annual
climate,DD_18_wt,28,mf_var,Plain MF RF,0.110895512503559,7.19998173636126,0.207680468645882,6.66764388700606,660.154683518712,H:/Jing/ecoChina2/rf/clm_mfVar_zone28.Rdata,clm_mfVar,0.110895512503559,4,0.0717527117842863,TRUE,TRUE,TRUE,Growing season and degree-days,Winter
climate,TD,28,mf_var,Plain MF RF,0.109663844369805,9.77891919241429,0.210787174109585,8.92465527456653,746.285054985057,H:/Jing/ecoChina2/rf/clm_mfVar_zone28.Rdata,clm_mfVar,0.109663844369805,5,0.070955785681327,TRUE,TRUE,TRUE,Temperature,Annual
climate,Tmin_wt,28,mf_var,Plain MF RF,0.0977696393254062,6.70539219089775,0.183803708723557,6.10216611613276,560.995934551677,H:/Jing/ecoChina2/rf/clm_mfVar_zone28.Rdata,clm_mfVar,0.0977696393254062,6,0.0632598794432222,TRUE,FALSE,TRUE,Temperature,Winter
climate,PPT_wt,28,mf_var,Plain MF RF,0.0946942184452439,10.2533048534679,0.209772491966412,9.66967625478229,450.418119374767,H:/Jing/ecoChina2/rf/clm_mfVar_zone28.Rdata,clm_mfVar,0.0946942184452439,7,0.061269990194795,TRUE,FALSE,TRUE,Precipitation,Winter
climate,Eref_at,28,mf_var,Plain MF RF,0.085352105217792,9.50165187075475,0.175135839871937,9.79702156877092,370.342605219018,H:/Jing/ecoChina2/rf/clm_mfVar_zone28.Rdata,clm_mfVar,0.085352105217792,8,0.0552253636564217,TRUE,FALSE,TRUE,Radiation and evaporative demand,Autumn
climate,PPT_sm,28,mf_var,Plain MF RF,0.0642776148042303,9.02919735444875,0.136935613748541,8.87682842943381,343.75212051426,H:/Jing/ecoChina2/rf/clm_mfVar_zone28.Rdata,clm_mfVar,0.0642776148042303,9,0.0415895383420613,TRUE,FALSE,TRUE,Precipitation,Summer
climate,Eref_sp,28,mf_var,Plain MF RF,0.0637276065359275,6.81133930063129,0.131759380417701,7.50116897789654,274.737863596784,H:/Jing/ecoChina2/rf/clm_mfVar_zone28.Rdata,clm_mfVar,0.0637276065359275,10,0.0412336665501055,TRUE,FALSE,TRUE,Radiation and evaporative demand,Spring
climate,CMD_at,28,mf_var,Plain MF RF,0.0571695463741016,7.11247271628933,0.125203838711699,6.79446450108758,284.884906482815,H:/Jing/ecoChina2/rf/clm_mfVar_zone28.Rdata,clm_mfVar,0.0571695463741016,11,0.0369904055737842,TRUE,FALSE,FALSE,Climatic moisture balance,Autumn
climate,EXT,28,mf_var,Plain MF RF,0.0568584616191084,7.92861222087324,0.112506891857893,7.71660397120512,228.350863935447,H:/Jing/ecoChina2/rf/clm_mfVar_zone28.Rdata,clm_mfVar,0.0568584616191084,12,0.0367891244375001,TRUE,FALSE,FALSE,Temperature,Annual
climate,Tmin_sm,28,mf_var,Plain MF RF,0.05628692515834,7.72866215468199,0.109369240541858,7.17043944540552,260.472409783714,H:/Jing/ecoChina2/rf/clm_mfVar_zone28.Rdata,clm_mfVar,0.05628692515834,13,0.0364193232614389,TRUE,FALSE,FALSE,Temperature,Summer
climate,CMD_sp,28,mf_var,Plain MF RF,0.0544805393711617,8.53227569722574,0.115044660229189,8.16950355743412,278.262980395017,H:/Jing/ecoChina2/rf/clm_mfVar_zone28.Rdata,clm_mfVar,0.0544805393711617,14,0.0352505376556691,TRUE,FALSE,FALSE,Climatic moisture balance,Spring
climate,DD5_sm,28,mf_var,Plain MF RF,0.0533971342342011,7.45319113135393,0.104883272705462,7.44870039454283,287.21840422474,H:/Jing/ecoChina2/rf/clm_mfVar_zone28.Rdata,clm_mfVar,0.0533971342342011,15,0.0345495421439214,TRUE,FALSE,FALSE,Growing season and degree-days,Summer
climate,DD18_at,28,mf_var,Plain MF RF,0.0504515603467264,7.20605426186286,0.103626160647602,6.6800843575971,184.364293837003,H:/Jing/ecoChina2/rf/clm_mfVar_zone28.Rdata,clm_mfVar,0.0504515603467264,16,0.0326436677815075,TRUE,FALSE,FALSE,Growing season and degree-days,Autumn
climate,DD18_sm,28,mf_var,Plain MF RF,0.0491162793334739,7.41312918931635,0.0996695263872468,7.38610090001148,242.709402133165,H:/Jing/ecoChina2/rf/clm_mfVar_zone28.Rdata,clm_mfVar,0.0491162793334739,17,0.0317797010480306,TRUE,FALSE,FALSE,Growing season and degree-days,Summer
climate,CMD,28,mf_var,Plain MF RF,0.0477888195210261,8.34897924797634,0.104171772766921,7.88501299587302,219.360425007559,H:/Jing/ecoChina2/rf/clm_mfVar_zone28.Rdata,clm_mfVar,0.0477888195210261,18,0.0309207948652874,TRUE,FALSE,FALSE,Climatic moisture balance,Annual
climate,MWMT,28,mf_var,Plain MF RF,0.0471704254250863,6.77004948806461,0.0919728732789237,6.50425980701049,277.946191669183,H:/Jing/ecoChina2/rf/clm_mfVar_zone28.Rdata,clm_mfVar,0.0471704254250863,19,0.0305206753984726,TRUE,FALSE,FALSE,Temperature,Annual
climate,Eref_sm,28,mf_var,Plain MF RF,0.0453150492679805,7.37646356516465,0.0954451277589075,7.26938677614047,170.082151445212,H:/Jing/ecoChina2/rf/clm_mfVar_zone28.Rdata,clm_mfVar,0.0453150492679805,20,0.0293201915588044,TRUE,FALSE,FALSE,Radiation and evaporative demand,Summer
climate,AHM,28,mf_var,Plain MF RF,0.0419719801962187,7.27179858410967,0.088397233846885,6.97126871553776,203.623263503623,H:/Jing/ecoChina2/rf/clm_mfVar_zone28.Rdata,clm_mfVar,0.0419719801962187,21,0.0271571259291344,TRUE,FALSE,FALSE,Climatic moisture balance,Annual
climate,PPT_sm,29,mf_var,Plain MF RF,0.150919905635737,9.64038411273367,0.303486140986301,9.44815831591515,1500.2648320052,H:/Jing/ecoChina2/rf/clm_mfVar_zone29.Rdata,clm_mfVar,0.150919905635737,1,0.0981877831513847,TRUE,TRUE,TRUE,Precipitation,Summer
climate,AHM,29,mf_var,Plain MF RF,0.127901292035282,6.68796864492727,0.234666735809109,5.88810478793002,1743.07854953906,H:/Jing/ecoChina2/rf/clm_mfVar_zone29.Rdata,clm_mfVar,0.127901292035282,2,0.0832119810454512,TRUE,TRUE,TRUE,Climatic moisture balance,Annual
climate,TD,29,mf_var,Plain MF RF,0.114589944202424,8.24096064120502,0.251436908539521,8.04409236872891,660.133771385144,H:/Jing/ecoChina2/rf/clm_mfVar_zone29.Rdata,clm_mfVar,0.114589944202424,3,0.0745516805439392,TRUE,TRUE,TRUE,Temperature,Annual
climate,PPT_at,29,mf_var,Plain MF RF,0.104684434372131,6.98265926567585,0.215151019329681,7.03423119648901,838.970459539363,H:/Jing/ecoChina2/rf/clm_mfVar_zone29.Rdata,clm_mfVar,0.104684434372131,4,0.06810720228162,TRUE,TRUE,TRUE,Precipitation,Autumn
climate,Tmax_wt,29,mf_var,Plain MF RF,0.0818371476433521,6.18070468073626,0.174984631087815,6.30136023100176,378.358171102279,H:/Jing/ecoChina2/rf/clm_mfVar_zone29.Rdata,clm_mfVar,0.0818371476433521,5,0.0532428646352835,TRUE,TRUE,TRUE,Temperature,Winter
climate,DD_18_wt,29,mf_var,Plain MF RF,0.0758923703547188,6.12799017850586,0.154394503261919,6.42736233697758,331.613561233794,H:/Jing/ecoChina2/rf/clm_mfVar_zone29.Rdata,clm_mfVar,0.0758923703547188,6,0.0493752203981578,TRUE,FALSE,TRUE,Growing season and degree-days,Winter
climate,Eref_at,29,mf_var,Plain MF RF,0.0727239612395902,8.13232373223306,0.153593713043701,7.87291282831782,308.653452807424,H:/Jing/ecoChina2/rf/clm_mfVar_zone29.Rdata,clm_mfVar,0.0727239612395902,7,0.0473138682801543,TRUE,FALSE,TRUE,Radiation and evaporative demand,Autumn
climate,Tmin_sp,29,mf_var,Plain MF RF,0.0723631051190175,6.22762193860085,0.143139356630301,6.1460665296296,307.250372894314,H:/Jing/ecoChina2/rf/clm_mfVar_zone29.Rdata,clm_mfVar,0.0723631051190175,8,0.0470790969796662,TRUE,FALSE,TRUE,Temperature,Spring
climate,PPT_sp,29,mf_var,Plain MF RF,0.0722357155742001,7.24132372048111,0.158040203072091,6.97004338430198,438.131590809826,H:/Jing/ecoChina2/rf/clm_mfVar_zone29.Rdata,clm_mfVar,0.0722357155742001,9,0.0469962179389619,TRUE,FALSE,TRUE,Precipitation,Spring
climate,DD_0,29,mf_var,Plain MF RF,0.0692180400514966,6.31007726762013,0.141533269453569,6.51052100855652,363.420040394171,H:/Jing/ecoChina2/rf/clm_mfVar_zone29.Rdata,clm_mfVar,0.0692180400514966,10,0.0450329323896082,TRUE,FALSE,TRUE,Growing season and degree-days,Annual
climate,Tmin_wt,29,mf_var,Plain MF RF,0.065913812597202,6.28594712087599,0.136415058217339,6.85752753683864,278.884568717445,H:/Jing/ecoChina2/rf/clm_mfVar_zone29.Rdata,clm_mfVar,0.065913812597202,11,0.0428832174968081,TRUE,FALSE,FALSE,Temperature,Winter
climate,DD_0_at,29,mf_var,Plain MF RF,0.063854066905532,6.14303820299053,0.132220676098698,6.25962228012813,377.954181695553,H:/Jing/ecoChina2/rf/clm_mfVar_zone29.Rdata,clm_mfVar,0.063854066905532,12,0.0415431566051135,TRUE,FALSE,FALSE,Growing season and degree-days,Autumn
climate,Tmin_sm,29,mf_var,Plain MF RF,0.0635282942291389,6.57041208755778,0.136715050331793,6.24312468782025,160.705943640635,H:/Jing/ecoChina2/rf/clm_mfVar_zone29.Rdata,clm_mfVar,0.0635282942291389,13,0.0413312104289508,TRUE,FALSE,FALSE,Temperature,Summer
climate,DD_0_sp,29,mf_var,Plain MF RF,0.063218868758521,6.17576128029587,0.122709369454408,6.13386963241097,368.52066182094,H:/Jing/ecoChina2/rf/clm_mfVar_zone29.Rdata,clm_mfVar,0.063218868758521,14,0.0411298996682359,TRUE,FALSE,FALSE,Growing season and degree-days,Spring
climate,DD5_sm,29,mf_var,Plain MF RF,0.0618153607032664,5.93980501072777,0.130019103629268,5.66397694737655,218.992033030853,H:/Jing/ecoChina2/rf/clm_mfVar_zone29.Rdata,clm_mfVar,0.0618153607032664,15,0.0402167839066003,TRUE,FALSE,FALSE,Growing season and degree-days,Summer
climate,DD18,29,mf_var,Plain MF RF,0.0510043154913743,5.64660408521787,0.108074872477164,5.37956148402069,167.098215719403,H:/Jing/ecoChina2/rf/clm_mfVar_zone29.Rdata,clm_mfVar,0.0510043154913743,16,0.0331831685698192,TRUE,FALSE,FALSE,Growing season and degree-days,Annual
climate,PPT_wt,29,mf_var,Plain MF RF,0.0494484969271486,6.58578303796189,0.112340032261653,6.43685265259028,102.794937889795,H:/Jing/ecoChina2/rf/clm_mfVar_zone29.Rdata,clm_mfVar,0.0494484969271486,17,0.0321709603050207,TRUE,FALSE,FALSE,Precipitation,Winter
climate,Eref_sp,29,mf_var,Plain MF RF,0.0493201485197101,6.01687756463075,0.101232238962771,6.17197041629247,297.055325289208,H:/Jing/ecoChina2/rf/clm_mfVar_zone29.Rdata,clm_mfVar,0.0493201485197101,18,0.0320874574327899,TRUE,FALSE,FALSE,Radiation and evaporative demand,Spring
climate,PAS,29,mf_var,Plain MF RF,0.0469669025863446,6.13578450390529,0.101181088390988,6.08743456616207,104.015098679358,H:/Jing/ecoChina2/rf/clm_mfVar_zone29.Rdata,clm_mfVar,0.0469669025863446,19,0.0305564466596659,TRUE,FALSE,FALSE,Snowfall,Annual
climate,RH_wt,29,mf_var,Plain MF RF,0.0465514917017589,6.65419602713126,0.105791782788506,6.45300355246281,86.9809074016398,H:/Jing/ecoChina2/rf/clm_mfVar_zone29.Rdata,clm_mfVar,0.0465514917017589,20,0.030286182285443,TRUE,FALSE,FALSE,Humidity,Winter
climate,RH_at,29,mf_var,Plain MF RF,0.0330661297245457,6.2379134004752,0.0731674136790792,6.06133317608153,94.5132584831117,H:/Jing/ecoChina2/rf/clm_mfVar_zone29.Rdata,clm_mfVar,0.0330661297245457,21,0.0215126689973257,TRUE,FALSE,FALSE,Humidity,Autumn
climate,DD_18_wt,30,mf_var,Plain MF RF,0.0962460778307049,5.51629005877329,0.132027413915959,5.59960311246965,1387.50560523854,H:/Jing/ecoChina2/rf/clm_mfVar_zone30.Rdata,clm_mfVar,0.0962460778307049,1,0.0962477275970318,TRUE,TRUE,TRUE,Growing season and degree-days,Winter
climate,PPT_at,30,mf_var,Plain MF RF,0.0894051359344105,5.52573631353859,0.116922818468415,5.11356136306695,1539.65658108831,H:/Jing/ecoChina2/rf/clm_mfVar_zone30.Rdata,clm_mfVar,0.0894051359344105,2,0.0894066684392776,TRUE,TRUE,TRUE,Precipitation,Autumn
climate,MAP,30,mf_var,Plain MF RF,0.0779550692090345,4.79645059958164,0.13223911994926,4.9137970249739,1027.33334281546,H:/Jing/ecoChina2/rf/clm_mfVar_zone30.Rdata,clm_mfVar,0.0779550692090345,3,0.0779564054468437,TRUE,TRUE,TRUE,Precipitation,Annual
climate,PPT_sp,30,mf_var,Plain MF RF,0.0768595129642147,5.40015767204043,0.130683870268582,5.05345733480699,668.774026094725,H:/Jing/ecoChina2/rf/clm_mfVar_zone30.Rdata,clm_mfVar,0.0768595129642147,4,0.0768608304229542,TRUE,TRUE,TRUE,Precipitation,Spring
climate,PPT_wt,30,mf_var,Plain MF RF,0.0735913652765782,6.96216509468747,0.16286820370859,7.27735744906247,706.894439462543,H:/Jing/ecoChina2/rf/clm_mfVar_zone30.Rdata,clm_mfVar,0.0735913652765782,5,0.0735926267155803,TRUE,TRUE,TRUE,Precipitation,Winter
climate,TD,30,mf_var,Plain MF RF,0.0522176607469379,7.83093277772235,0.0962514850734582,7.10957022785473,398.864868525765,H:/Jing/ecoChina2/rf/clm_mfVar_zone30.Rdata,clm_mfVar,0.0522176607469379,6,0.0522185558165377,TRUE,FALSE,TRUE,Temperature,Annual
climate,CMD_sp,30,mf_var,Plain MF RF,0.0519892738584701,5.40987113535076,0.116575955386396,5.31125248513917,233.160040539294,H:/Jing/ecoChina2/rf/clm_mfVar_zone30.Rdata,clm_mfVar,0.0519892738584701,7,0.051990165013261,TRUE,FALSE,TRUE,Climatic moisture balance,Spring
climate,RH_wt,30,mf_var,Plain MF RF,0.0470274703112336,5.13926244740831,0.097727878123142,4.84241049857415,418.179251104185,H:/Jing/ecoChina2/rf/clm_mfVar_zone30.Rdata,clm_mfVar,0.0470274703112336,8,0.0470282764151154,TRUE,FALSE,TRUE,Humidity,Winter
climate,Eref_sp,30,mf_var,Plain MF RF,0.0466746717907968,5.68164071845003,0.0918965766688745,6.28989487522921,330.707133058331,H:/Jing/ecoChina2/rf/clm_mfVar_zone30.Rdata,clm_mfVar,0.0466746717907968,9,0.0466754718473142,TRUE,FALSE,TRUE,Radiation and evaporative demand,Spring
climate,PPT_sm,30,mf_var,Plain MF RF,0.0421772926827663,5.35176299298848,0.0931929651276668,5.00834862210209,902.43218009593,H:/Jing/ecoChina2/rf/clm_mfVar_zone30.Rdata,clm_mfVar,0.0421772926827663,10,0.0421780156491333,TRUE,FALSE,TRUE,Precipitation,Summer
climate,DD18,30,mf_var,Plain MF RF,0.0421596421935752,5.2673827030646,0.0886352346168254,5.64134406444769,292.86987646035,H:/Jing/ecoChina2/rf/clm_mfVar_zone30.Rdata,clm_mfVar,0.0421596421935752,11,0.0421603648573929,TRUE,FALSE,FALSE,Growing season and degree-days,Annual
climate,DD5_sm,30,mf_var,Plain MF RF,0.0382316339262004,5.19001347163651,0.07851003407498,5.41123799759776,222.602825319066,H:/Jing/ecoChina2/rf/clm_mfVar_zone30.Rdata,clm_mfVar,0.0382316339262004,12,0.0382322892595261,TRUE,FALSE,FALSE,Growing season and degree-days,Summer
climate,AHM,30,mf_var,Plain MF RF,0.0366917156567596,5.39888745975015,0.0813886951354548,5.40102463063963,206.526422341938,H:/Jing/ecoChina2/rf/clm_mfVar_zone30.Rdata,clm_mfVar,0.0366917156567596,13,0.0366923445941494,TRUE,FALSE,FALSE,Climatic moisture balance,Annual
climate,DD18_sm,30,mf_var,Plain MF RF,0.0366521456853124,5.32810398732945,0.0786722545644628,5.42047259627968,229.735323816442,H:/Jing/ecoChina2/rf/clm_mfVar_zone30.Rdata,clm_mfVar,0.0366521456853124,14,0.0366527739444282,TRUE,FALSE,FALSE,Growing season and degree-days,Summer
climate,CMD_wt,30,mf_var,Plain MF RF,0.0350636828286162,5.82522991459782,0.0751773156573644,5.89618034740271,320.915340816128,H:/Jing/ecoChina2/rf/clm_mfVar_zone30.Rdata,clm_mfVar,0.0350636828286162,15,0.0350642838596871,TRUE,FALSE,FALSE,Climatic moisture balance,Winter
climate,CMD,30,mf_var,Plain MF RF,0.0337245091222652,6.20797538403886,0.0757201861839689,6.41180383883274,186.849714702928,H:/Jing/ecoChina2/rf/clm_mfVar_zone30.Rdata,clm_mfVar,0.0337245091222652,16,0.0337250871983884,TRUE,FALSE,FALSE,Climatic moisture balance,Annual
climate,Eref_sm,30,mf_var,Plain MF RF,0.0319022221919965,7.03004687524523,0.0738657252745373,6.9656000561579,181.417606290532,H:/Jing/ecoChina2/rf/clm_mfVar_zone30.Rdata,clm_mfVar,0.0319022221919965,17,0.0319027690320664,TRUE,FALSE,FALSE,Radiation and evaporative demand,Summer
climate,Tmax_sm,30,mf_var,Plain MF RF,0.026751553294344,4.90103159801714,0.0565856807147869,4.96511572145231,143.469308169047,H:/Jing/ecoChina2/rf/clm_mfVar_zone30.Rdata,clm_mfVar,0.026751553294344,18,0.0267520118461396,TRUE,FALSE,FALSE,Temperature,Summer
climate,EXT,30,mf_var,Plain MF RF,0.0247154193001573,6.0952150244259,0.0535134335369204,6.48793623577171,144.92981909912,H:/Jing/ecoChina2/rf/clm_mfVar_zone30.Rdata,clm_mfVar,0.0247154193001573,19,0.0247158429503199,TRUE,FALSE,FALSE,Temperature,Annual
climate,CMD_at,30,mf_var,Plain MF RF,0.0202413978748645,7.16288311419455,0.0450829694280271,8.62663818267029,135.572379520134,H:/Jing/ecoChina2/rf/clm_mfVar_zone30.Rdata,clm_mfVar,0.0202413978748645,20,0.0202417448352537,TRUE,FALSE,FALSE,Climatic moisture balance,Autumn
climate,CMD_sm,30,mf_var,Plain MF RF,0.0197054064867071,5.20502905127572,0.0424947710689134,6.13757602207518,101.922726976658,H:/Jing/ecoChina2/rf/clm_mfVar_zone30.Rdata,clm_mfVar,0.0197054064867071,21,0.0197057442595993,TRUE,FALSE,FALSE,Climatic moisture balance,Summer
climate,Tmin_sm,31,mf_var,Plain MF RF,0.103933884563544,5.11197757941997,0.156731086463226,4.24784685898549,1112.72928530399,H:/Jing/ecoChina2/rf/clm_mfVar_zone31.Rdata,clm_mfVar,0.103933884563544,1,0.0911431997576513,TRUE,TRUE,TRUE,Temperature,Summer
climate,DD5,31,mf_var,Plain MF RF,0.100317013951813,4.87824793793454,0.149417198577409,4.22217865213559,1183.14371161275,H:/Jing/ecoChina2/rf/clm_mfVar_zone31.Rdata,clm_mfVar,0.100317013951813,2,0.0879714414610482,TRUE,TRUE,TRUE,Growing season and degree-days,Annual
climate,DD_18_sm,31,mf_var,Plain MF RF,0.0999049940220141,4.84776077801717,0.142156973123261,4.12381198590864,1062.4442806312,H:/Jing/ecoChina2/rf/clm_mfVar_zone31.Rdata,clm_mfVar,0.0999049940220141,3,0.0876101270069269,TRUE,TRUE,TRUE,Growing season and degree-days,Summer
climate,MAP,31,mf_var,Plain MF RF,0.0810394285645732,6.66064561473265,0.166853892924924,6.32701412902458,444.197683354515,H:/Jing/ecoChina2/rf/clm_mfVar_zone31.Rdata,clm_mfVar,0.0810394285645732,4,0.0710662634897569,TRUE,TRUE,TRUE,Precipitation,Annual
climate,PPT_sm,31,mf_var,Plain MF RF,0.0803980353162877,9.02809890888985,0.179535071525261,8.72994800665041,278.898530131807,H:/Jing/ecoChina2/rf/clm_mfVar_zone31.Rdata,clm_mfVar,0.0803980353162877,5,0.070503803679877,TRUE,TRUE,TRUE,Precipitation,Summer
climate,PPT_sp,31,mf_var,Plain MF RF,0.0768641330752475,8.00855554108127,0.165030876306421,7.84289157668038,385.972906413534,H:/Jing/ecoChina2/rf/clm_mfVar_zone31.Rdata,clm_mfVar,0.0768641330752475,6,0.0674048032024897,TRUE,FALSE,TRUE,Precipitation,Spring
climate,EXT,31,mf_var,Plain MF RF,0.0731969827869518,4.55614124319379,0.126185686313982,4.00234738208222,828.681186215929,H:/Jing/ecoChina2/rf/clm_mfVar_zone31.Rdata,clm_mfVar,0.0731969827869518,7,0.0641889529273745,TRUE,FALSE,TRUE,Temperature,Annual
climate,PPT_at,31,mf_var,Plain MF RF,0.0565728629998313,5.71827295841825,0.11557092306928,5.35821538269505,285.922414245844,H:/Jing/ecoChina2/rf/clm_mfVar_zone31.Rdata,clm_mfVar,0.0565728629998313,8,0.0496106902470618,TRUE,FALSE,TRUE,Precipitation,Autumn
climate,RH_wt,31,mf_var,Plain MF RF,0.0530621753214362,6.23573712514695,0.114240509044295,5.87607560241153,410.90067464728,H:/Jing/ecoChina2/rf/clm_mfVar_zone31.Rdata,clm_mfVar,0.0530621753214362,9,0.0465320474184753,TRUE,FALSE,TRUE,Humidity,Winter
climate,PAS,31,mf_var,Plain MF RF,0.05082081291791,4.74162055047221,0.0988131425352791,4.62822242544007,440.670006261365,H:/Jing/ecoChina2/rf/clm_mfVar_zone31.Rdata,clm_mfVar,0.05082081291791,10,0.044566519601135,TRUE,FALSE,TRUE,Snowfall,Annual
climate,CMD_sm,31,mf_var,Plain MF RF,0.0419823773328622,6.59131832261906,0.0871082292365263,6.49550653794482,199.196259769884,H:/Jing/ecoChina2/rf/clm_mfVar_zone31.Rdata,clm_mfVar,0.0419823773328622,11,0.0368157913044299,TRUE,FALSE,FALSE,Climatic moisture balance,Summer
climate,TD,31,mf_var,Plain MF RF,0.0416829872623786,4.4900638890527,0.0765639900261502,4.23952046444257,240.016109841546,H:/Jing/ecoChina2/rf/clm_mfVar_zone31.Rdata,clm_mfVar,0.0416829872623786,12,0.036553245849556,TRUE,FALSE,FALSE,Temperature,Annual
climate,DD_0_wt,31,mf_var,Plain MF RF,0.040228186262885,4.18577104489682,0.0749174968152153,4.74341992966505,336.404306267211,H:/Jing/ecoChina2/rf/clm_mfVar_zone31.Rdata,clm_mfVar,0.040228186262885,13,0.035277480793133,TRUE,FALSE,FALSE,Growing season and degree-days,Winter
climate,PAS_sp,31,mf_var,Plain MF RF,0.0368237020409829,5.5128126524947,0.0691801105356425,5.67402653651209,230.646532921084,H:/Jing/ecoChina2/rf/clm_mfVar_zone31.Rdata,clm_mfVar,0.0368237020409829,14,0.0322919714300255,TRUE,FALSE,FALSE,Snowfall,Spring
climate,AHM,31,mf_var,Plain MF RF,0.0356086883217533,6.52588793632029,0.0724654821537313,6.4367175955011,123.528871143777,H:/Jing/ecoChina2/rf/clm_mfVar_zone31.Rdata,clm_mfVar,0.0356086883217533,15,0.0312264840907899,TRUE,FALSE,FALSE,Climatic moisture balance,Annual
climate,CMD,31,mf_var,Plain MF RF,0.0346700395999724,5.2194912474996,0.0708628581166141,5.21614517774317,118.891286011669,H:/Jing/ecoChina2/rf/clm_mfVar_zone31.Rdata,clm_mfVar,0.0346700395999724,16,0.0304033507275869,TRUE,FALSE,FALSE,Climatic moisture balance,Annual
climate,MCMT,31,mf_var,Plain MF RF,0.0309451766001377,4.45623896860266,0.0622707773350844,4.66311596425012,189.107455427091,H:/Jing/ecoChina2/rf/clm_mfVar_zone31.Rdata,clm_mfVar,0.0309451766001377,17,0.0271368901898183,TRUE,FALSE,FALSE,Temperature,Annual
climate,Tmax_wt,31,mf_var,Plain MF RF,0.0292309346195193,5.19364928516011,0.0612028808069934,5.231070441744,126.681137009522,H:/Jing/ecoChina2/rf/clm_mfVar_zone31.Rdata,clm_mfVar,0.0292309346195193,18,0.0256336124096355,TRUE,FALSE,FALSE,Temperature,Winter
climate,RH_sm,31,mf_var,Plain MF RF,0.0284380109788148,5.39820518735702,0.0642198699871742,5.3100088099643,79.5177716391178,H:/Jing/ecoChina2/rf/clm_mfVar_zone31.Rdata,clm_mfVar,0.0284380109788148,19,0.024938270384455,TRUE,FALSE,FALSE,Humidity,Summer
climate,PAS_wt,31,mf_var,Plain MF RF,0.0223308385486615,6.03417795893,0.0482347116888231,6.02148572876025,129.784180429308,H:/Jing/ecoChina2/rf/clm_mfVar_zone31.Rdata,clm_mfVar,0.0223308385486615,20,0.019582680731539,TRUE,FALSE,FALSE,Snowfall,Winter
climate,CMD_at,31,mf_var,Plain MF RF,0.0222848745246289,5.31143613402865,0.048545627268568,5.23039569748202,86.7511157922443,H:/Jing/ecoChina2/rf/clm_mfVar_zone31.Rdata,clm_mfVar,0.0222848745246289,21,0.0195423732972344,TRUE,FALSE,FALSE,Climatic moisture balance,Autumn
climate,MAP,32,mf_var,Plain MF RF,0.149297729623377,8.49420758529073,0.281738950070842,8.55997170136252,1173.1045649731,H:/Jing/ecoChina2/rf/clm_mfVar_zone32.Rdata,clm_mfVar,0.149297729623377,1,0.0905720586079103,TRUE,TRUE,TRUE,Precipitation,Annual
climate,PPT_sm,32,mf_var,Plain MF RF,0.149262064627998,8.31026180411318,0.293162682439181,8.34636582190027,1396.98119800298,H:/Jing/ecoChina2/rf/clm_mfVar_zone32.Rdata,clm_mfVar,0.149262064627998,2,0.0905504222972988,TRUE,TRUE,TRUE,Precipitation,Summer
climate,PPT_at,32,mf_var,Plain MF RF,0.117100181027867,7.55259706263698,0.231708155295831,8.3310784723515,898.912377393829,H:/Jing/ecoChina2/rf/clm_mfVar_zone32.Rdata,clm_mfVar,0.117100181027867,3,0.0710392883120725,TRUE,TRUE,TRUE,Precipitation,Autumn
climate,TD,32,mf_var,Plain MF RF,0.105061159944925,8.32882703524162,0.234608337228255,8.30197760140046,369.064924871716,H:/Jing/ecoChina2/rf/clm_mfVar_zone32.Rdata,clm_mfVar,0.105061159944925,4,0.0637357685207346,TRUE,TRUE,TRUE,Temperature,Annual
climate,PPT_sp,32,mf_var,Plain MF RF,0.0901335556215617,7.63725915111595,0.193576732430489,7.55433810107798,548.408081365249,H:/Jing/ecoChina2/rf/clm_mfVar_zone32.Rdata,clm_mfVar,0.0901335556215617,5,0.0546798782733611,TRUE,TRUE,TRUE,Precipitation,Spring
climate,DD_0,32,mf_var,Plain MF RF,0.0869935632992371,8.14828956426189,0.17342940093793,8.06363448985984,481.962058310202,H:/Jing/ecoChina2/rf/clm_mfVar_zone32.Rdata,clm_mfVar,0.0869935632992371,6,0.0527749895026919,TRUE,FALSE,TRUE,Growing season and degree-days,Annual
climate,Tmin_sm,32,mf_var,Plain MF RF,0.0784649423554594,7.75974455342963,0.172280335280085,7.50510469297057,202.985558827919,H:/Jing/ecoChina2/rf/clm_mfVar_zone32.Rdata,clm_mfVar,0.0784649423554594,7,0.047601067850212,TRUE,FALSE,TRUE,Temperature,Summer
climate,DD_0_wt,32,mf_var,Plain MF RF,0.073847682130345,7.58751404598824,0.151006327969206,7.63533936175879,330.14700276218,H:/Jing/ecoChina2/rf/clm_mfVar_zone32.Rdata,clm_mfVar,0.073847682130345,8,0.0447999886591755,TRUE,FALSE,TRUE,Growing season and degree-days,Winter
climate,DD_18_wt,32,mf_var,Plain MF RF,0.071529626362306,7.59213667140769,0.149414940481134,7.64236987402515,275.784414203035,H:/Jing/ecoChina2/rf/clm_mfVar_zone32.Rdata,clm_mfVar,0.071529626362306,9,0.0433937309524518,TRUE,FALSE,TRUE,Growing season and degree-days,Winter
climate,Eref_at,32,mf_var,Plain MF RF,0.0714789582981367,9.18216302852841,0.151260062214777,8.92820347454772,305.113175454029,H:/Jing/ecoChina2/rf/clm_mfVar_zone32.Rdata,clm_mfVar,0.0714789582981367,10,0.0433629929707753,TRUE,FALSE,TRUE,Radiation and evaporative demand,Autumn
climate,Tmax_wt,32,mf_var,Plain MF RF,0.0697085346461822,9.12615254140296,0.144429077818056,8.76408245107521,238.925818083315,H:/Jing/ecoChina2/rf/clm_mfVar_zone32.Rdata,clm_mfVar,0.0697085346461822,11,0.0422889584548442,TRUE,FALSE,FALSE,Temperature,Winter
climate,Eref,32,mf_var,Plain MF RF,0.0679336669415727,8.85865107113856,0.141573674353324,8.7479954773327,270.789796728465,H:/Jing/ecoChina2/rf/clm_mfVar_zone32.Rdata,clm_mfVar,0.0679336669415727,12,0.0412122279367801,TRUE,FALSE,FALSE,Radiation and evaporative demand,Annual
climate,Tmin_wt,32,mf_var,Plain MF RF,0.0654964027548306,7.47768120995424,0.137964755785871,7.29301731606872,295.912985660093,H:/Jing/ecoChina2/rf/clm_mfVar_zone32.Rdata,clm_mfVar,0.0654964027548306,13,0.0397336519710141,TRUE,FALSE,FALSE,Temperature,Winter
climate,EMT,32,mf_var,Plain MF RF,0.0654362007852322,7.79094776672216,0.137893985376794,8.12228854368146,266.554049561949,H:/Jing/ecoChina2/rf/clm_mfVar_zone32.Rdata,clm_mfVar,0.0654362007852322,14,0.0396971302078731,TRUE,FALSE,FALSE,Temperature,Annual
climate,RH_sp,32,mf_var,Plain MF RF,0.0618113604773749,8.20188599865394,0.134827464807995,7.99593807676978,146.760773721502,H:/Jing/ecoChina2/rf/clm_mfVar_zone32.Rdata,clm_mfVar,0.0618113604773749,15,0.037498106487715,TRUE,FALSE,FALSE,Humidity,Spring
climate,DD5,32,mf_var,Plain MF RF,0.0600299632808012,8.47418005099926,0.128514105746296,8.41773706737333,219.860037795622,H:/Jing/ecoChina2/rf/clm_mfVar_zone32.Rdata,clm_mfVar,0.0600299632808012,16,0.0364174148275065,TRUE,FALSE,FALSE,Growing season and degree-days,Annual
climate,Tmin_sp,32,mf_var,Plain MF RF,0.0597963703681401,8.65423017709067,0.117729419220003,8.5592639950269,237.54906902334,H:/Jing/ecoChina2/rf/clm_mfVar_zone32.Rdata,clm_mfVar,0.0597963703681401,17,0.036275704762462,TRUE,FALSE,FALSE,Temperature,Spring
climate,Eref_sm,32,mf_var,Plain MF RF,0.0573704111169954,8.23554077626785,0.121634358978532,8.04289272356165,210.404809136993,H:/Jing/ecoChina2/rf/clm_mfVar_zone32.Rdata,clm_mfVar,0.0573704111169954,18,0.0348039869806218,TRUE,FALSE,FALSE,Radiation and evaporative demand,Summer
climate,Tmin_at,32,mf_var,Plain MF RF,0.0550943108825757,8.15808591485629,0.115861565125349,8.07409715094581,212.896550395749,H:/Jing/ecoChina2/rf/clm_mfVar_zone32.Rdata,clm_mfVar,0.0550943108825757,19,0.0334231817644315,TRUE,FALSE,FALSE,Temperature,Autumn
climate,DD5_at,32,mf_var,Plain MF RF,0.0528000010791263,8.40787807376029,0.114847533541058,8.63637751719546,185.998497907224,H:/Jing/ecoChina2/rf/clm_mfVar_zone32.Rdata,clm_mfVar,0.0528000010791263,20,0.0320313296411143,TRUE,FALSE,FALSE,Growing season and degree-days,Autumn
climate,RH_wt,32,mf_var,Plain MF RF,0.0397394934921026,8.23360714565052,0.0879195074545941,7.9010692729789,122.546632832922,H:/Jing/ecoChina2/rf/clm_mfVar_zone32.Rdata,clm_mfVar,0.0397394934921026,21,0.0241081210189536,TRUE,FALSE,FALSE,Humidity,Winter
climate,TD,33,mf_var,Plain MF RF,0.0911205536948158,9.56148624342459,0.16884466447221,8.61690815779334,496.115567096311,H:/Jing/ecoChina2/rf/clm_mfVar_zone33.Rdata,clm_mfVar,0.0911205536948158,1,0.063559014453567,TRUE,TRUE,TRUE,Temperature,Annual
climate,DD_0_at,33,mf_var,Plain MF RF,0.0910074492615108,6.77256460042158,0.144212356848882,6.3997355272913,725.209877756176,H:/Jing/ecoChina2/rf/clm_mfVar_zone33.Rdata,clm_mfVar,0.0910074492615108,2,0.0634801210972418,TRUE,TRUE,TRUE,Growing season and degree-days,Autumn
climate,PPT_at,33,mf_var,Plain MF RF,0.0878035728188618,7.48826012404494,0.164187521069556,7.05774912803669,559.77898205688,H:/Jing/ecoChina2/rf/clm_mfVar_zone33.Rdata,clm_mfVar,0.0878035728188618,3,0.0612453318991011,TRUE,TRUE,TRUE,Precipitation,Autumn
climate,DD_0,33,mf_var,Plain MF RF,0.0869332894508994,7.13821174820252,0.14399054885748,6.3953350091328,580.914408089331,H:/Jing/ecoChina2/rf/clm_mfVar_zone33.Rdata,clm_mfVar,0.0869332894508994,4,0.0606382860579588,TRUE,TRUE,TRUE,Growing season and degree-days,Annual
climate,DD_18_wt,33,mf_var,Plain MF RF,0.0861690636238321,7.67254866046187,0.148610325116442,6.86102021206298,450.329080708966,H:/Jing/ecoChina2/rf/clm_mfVar_zone33.Rdata,clm_mfVar,0.0861690636238321,5,0.0601052181778948,TRUE,TRUE,TRUE,Growing season and degree-days,Winter
climate,MAP,33,mf_var,Plain MF RF,0.0835598863314887,7.90116975219786,0.141887460697069,8.02740702956985,634.902525996934,H:/Jing/ecoChina2/rf/clm_mfVar_zone33.Rdata,clm_mfVar,0.0835598863314887,6,0.0582852474850981,TRUE,FALSE,TRUE,Precipitation,Annual
climate,CMD_sp,33,mf_var,Plain MF RF,0.0819375444296656,6.98104362619783,0.138390865497939,6.62978357609605,874.685247675228,H:/Jing/ecoChina2/rf/clm_mfVar_zone33.Rdata,clm_mfVar,0.0819375444296656,7,0.0571536207751468,TRUE,FALSE,TRUE,Climatic moisture balance,Spring
climate,DD_18_at,33,mf_var,Plain MF RF,0.0814871482495704,7.13937060548894,0.127867894526398,6.79267966758111,565.89900429218,H:/Jing/ecoChina2/rf/clm_mfVar_zone33.Rdata,clm_mfVar,0.0814871482495704,8,0.0568394574370225,TRUE,FALSE,TRUE,Growing season and degree-days,Autumn
climate,PPT_sp,33,mf_var,Plain MF RF,0.0803245853300703,7.82764676054585,0.153064372866039,7.51670399183311,468.863410775466,H:/Jing/ecoChina2/rf/clm_mfVar_zone33.Rdata,clm_mfVar,0.0803245853300703,9,0.0560285388197896,TRUE,FALSE,TRUE,Precipitation,Spring
climate,Tmax_wt,33,mf_var,Plain MF RF,0.0730666765981546,7.36543075962078,0.134894042503643,6.62257538667693,380.632304749685,H:/Jing/ecoChina2/rf/clm_mfVar_zone33.Rdata,clm_mfVar,0.0730666765981546,10,0.0509659540648778,TRUE,FALSE,TRUE,Temperature,Winter
climate,PPT_sm,33,mf_var,Plain MF RF,0.0706694618552333,8.28783813889017,0.129115396811804,8.34537993205753,325.117786045533,H:/Jing/ecoChina2/rf/clm_mfVar_zone33.Rdata,clm_mfVar,0.0706694618552333,11,0.049293832898846,TRUE,FALSE,FALSE,Precipitation,Summer
climate,CMD_sm,33,mf_var,Plain MF RF,0.0665529234255623,7.48366577874104,0.129104768276228,7.37891083050917,493.177266395662,H:/Jing/ecoChina2/rf/clm_mfVar_zone33.Rdata,clm_mfVar,0.0665529234255623,12,0.0464224376434306,TRUE,FALSE,FALSE,Climatic moisture balance,Summer
climate,AHM,33,mf_var,Plain MF RF,0.0661317050934971,6.63004289464429,0.118893155815734,6.37452295688658,743.589940619004,H:/Jing/ecoChina2/rf/clm_mfVar_zone33.Rdata,clm_mfVar,0.0661317050934971,13,0.0461286266318611,TRUE,FALSE,FALSE,Climatic moisture balance,Annual
climate,PPT_wt,33,mf_var,Plain MF RF,0.0649638334444747,8.62401180690328,0.133833046378786,8.32176286237699,503.742731343975,H:/Jing/ecoChina2/rf/clm_mfVar_zone33.Rdata,clm_mfVar,0.0649638334444747,14,0.0453140050343153,TRUE,FALSE,FALSE,Precipitation,Winter
climate,Tmin_sm,33,mf_var,Plain MF RF,0.0498692874670634,6.69399878406793,0.0795060625291884,6.69278083475062,252.645795308207,H:/Jing/ecoChina2/rf/clm_mfVar_zone33.Rdata,clm_mfVar,0.0498692874670634,15,0.0347851569638619,TRUE,FALSE,FALSE,Temperature,Summer
climate,CMD_at,33,mf_var,Plain MF RF,0.04938342392002,7.99881985520242,0.0940543253181769,7.64096139268163,225.154869201623,H:/Jing/ecoChina2/rf/clm_mfVar_zone33.Rdata,clm_mfVar,0.04938342392002,16,0.0344462541921292,TRUE,FALSE,FALSE,Climatic moisture balance,Autumn
climate,DD18,33,mf_var,Plain MF RF,0.0468593468493027,6.78641703517698,0.0799014055308077,7.21153518492612,209.689801407591,H:/Jing/ecoChina2/rf/clm_mfVar_zone33.Rdata,clm_mfVar,0.0468593468493027,17,0.0326856431717336,TRUE,FALSE,FALSE,Growing season and degree-days,Annual
climate,DD5_sm,33,mf_var,Plain MF RF,0.0468155406920723,7.03488659817953,0.0792403278844052,6.9488680602289,194.618782925818,H:/Jing/ecoChina2/rf/clm_mfVar_zone33.Rdata,clm_mfVar,0.0468155406920723,18,0.0326550872096848,TRUE,FALSE,FALSE,Growing season and degree-days,Summer
climate,RH_sm,33,mf_var,Plain MF RF,0.0452258794731921,8.72100370166498,0.0913221601913114,8.34321462505156,370.672288410915,H:/Jing/ecoChina2/rf/clm_mfVar_zone33.Rdata,clm_mfVar,0.0452258794731921,19,0.0315462561469865,TRUE,FALSE,FALSE,Humidity,Summer
climate,DD18_sm,33,mf_var,Plain MF RF,0.0432537211171096,7.08916730131717,0.0758233378996752,7.22041853137677,184.43363798021,H:/Jing/ecoChina2/rf/clm_mfVar_zone33.Rdata,clm_mfVar,0.0432537211171096,20,0.0301706231380082,TRUE,FALSE,FALSE,Growing season and degree-days,Summer
climate,EXT,33,mf_var,Plain MF RF,0.0405020894197037,7.40775536726322,0.0787995529273543,6.96235721195712,199.049206759608,H:/Jing/ecoChina2/rf/clm_mfVar_zone33.Rdata,clm_mfVar,0.0405020894197037,21,0.0282512867014445,TRUE,FALSE,FALSE,Temperature,Annual
climate,TD,34,mf_var,Plain MF RF,0.185366567520604,10.4928024661293,0.380419365702439,10.8102628890459,543.103372265418,H:/Jing/ecoChina2/rf/clm_mfVar_zone34.Rdata,clm_mfVar,0.185366567520604,1,0.144284171079945,TRUE,TRUE,TRUE,Temperature,Annual
climate,PPT_sp,34,mf_var,Plain MF RF,0.126971038608553,7.61939612184613,0.256100547196178,7.61143943113131,412.966229227722,H:/Jing/ecoChina2/rf/clm_mfVar_zone34.Rdata,clm_mfVar,0.126971038608553,2,0.0988307185154005,TRUE,TRUE,TRUE,Precipitation,Spring
climate,EXT,34,mf_var,Plain MF RF,0.108844728696721,7.05171508073609,0.20433509246199,6.45511777421022,489.695318414569,H:/Jing/ecoChina2/rf/clm_mfVar_zone34.Rdata,clm_mfVar,0.108844728696721,3,0.0847217039538822,TRUE,TRUE,TRUE,Temperature,Annual
climate,MAP,34,mf_var,Plain MF RF,0.0808449043050172,5.22850423874139,0.151896375356587,4.6075181578933,268.107365181997,H:/Jing/ecoChina2/rf/clm_mfVar_zone34.Rdata,clm_mfVar,0.0808449043050172,4,0.0629274208381201,TRUE,TRUE,TRUE,Precipitation,Annual
climate,MCMT,34,mf_var,Plain MF RF,0.0753818226597844,4.61870723833388,0.13372049651883,4.04597871131631,290.676312801702,H:/Jing/ecoChina2/rf/clm_mfVar_zone34.Rdata,clm_mfVar,0.0753818226597844,5,0.0586751103094868,TRUE,TRUE,TRUE,Temperature,Annual
climate,EMT,34,mf_var,Plain MF RF,0.0689711432133525,4.63889183825892,0.138977544704615,4.50293040077444,160.414123404014,H:/Jing/ecoChina2/rf/clm_mfVar_zone34.Rdata,clm_mfVar,0.0689711432133525,6,0.0536852160563883,TRUE,FALSE,TRUE,Temperature,Annual
climate,DD_18_wt,34,mf_var,Plain MF RF,0.0632329620808531,4.22235209290726,0.113992143636269,3.83833651963606,192.087360704133,H:/Jing/ecoChina2/rf/clm_mfVar_zone34.Rdata,clm_mfVar,0.0632329620808531,7,0.0492187757522745,TRUE,FALSE,TRUE,Growing season and degree-days,Winter
climate,Tmax_wt,34,mf_var,Plain MF RF,0.0619151520738723,4.15116872886753,0.111427194182504,3.88844254137716,218.589503259059,H:/Jing/ecoChina2/rf/clm_mfVar_zone34.Rdata,clm_mfVar,0.0619151520738723,8,0.0481930291624697,TRUE,FALSE,TRUE,Temperature,Winter
climate,MWMT,34,mf_var,Plain MF RF,0.0571023865264329,5.16399988249371,0.101791384871863,4.7539536002973,266.276756352236,H:/Jing/ecoChina2/rf/clm_mfVar_zone34.Rdata,clm_mfVar,0.0571023865264329,9,0.0444469065638667,TRUE,FALSE,TRUE,Temperature,Annual
climate,PPT_sm,34,mf_var,Plain MF RF,0.0550612218439922,4.57667683464381,0.111958310970607,4.29789159992185,135.737962808854,H:/Jing/ecoChina2/rf/clm_mfVar_zone34.Rdata,clm_mfVar,0.0550612218439922,10,0.0428581208503325,TRUE,FALSE,TRUE,Precipitation,Summer
climate,DD5_sm,34,mf_var,Plain MF RF,0.0530398928953152,4.94692643302395,0.0890958714604887,4.16978181017552,210.232624543287,H:/Jing/ecoChina2/rf/clm_mfVar_zone34.Rdata,clm_mfVar,0.0530398928953152,11,0.0412847747192544,TRUE,FALSE,FALSE,Growing season and degree-days,Summer
climate,PPT_wt,34,mf_var,Plain MF RF,0.0525540195208454,6.03853443896298,0.111900865872342,5.79057561156785,70.4231312092134,H:/Jing/ecoChina2/rf/clm_mfVar_zone34.Rdata,clm_mfVar,0.0525540195208454,12,0.0409065844230059,TRUE,FALSE,FALSE,Precipitation,Winter
climate,RH_wt,34,mf_var,Plain MF RF,0.0485121432256466,4.29508027777248,0.107943442265682,4.21352152819914,40.7434471366735,H:/Jing/ecoChina2/rf/clm_mfVar_zone34.Rdata,clm_mfVar,0.0485121432256466,13,0.0377605005381888,TRUE,FALSE,FALSE,Humidity,Winter
climate,CMD_sp,34,mf_var,Plain MF RF,0.0462870892053951,6.14826161685545,0.0997629684761455,6.19536915884709,56.1724202334836,H:/Jing/ecoChina2/rf/clm_mfVar_zone34.Rdata,clm_mfVar,0.0462870892053951,14,0.036028580488019,TRUE,FALSE,FALSE,Climatic moisture balance,Spring
climate,Tmin_sm,34,mf_var,Plain MF RF,0.043371225978311,4.83207996097797,0.0729008923451381,4.48367747176592,174.285383578678,H:/Jing/ecoChina2/rf/clm_mfVar_zone34.Rdata,clm_mfVar,0.043371225978311,15,0.0337589538000481,TRUE,FALSE,FALSE,Temperature,Summer
climate,DD_18_sp,34,mf_var,Plain MF RF,0.0371261890767965,4.47001662611439,0.069834316574144,4.26437512275426,89.3216696525077,H:/Jing/ecoChina2/rf/clm_mfVar_zone34.Rdata,clm_mfVar,0.0371261890767965,16,0.0288979910884279,TRUE,FALSE,FALSE,Growing season and degree-days,Spring
climate,Tmax_sp,34,mf_var,Plain MF RF,0.0309198750175067,4.66953274619635,0.0586825615408348,4.33275595424439,109.720867080484,H:/Jing/ecoChina2/rf/clm_mfVar_zone34.Rdata,clm_mfVar,0.0309198750175067,17,0.0240671691582171,TRUE,FALSE,FALSE,Temperature,Spring
climate,Eref_sp,34,mf_var,Plain MF RF,0.0273784229273099,4.02371107790671,0.0493181092952501,3.95618418286106,95.8506924270391,H:/Jing/ecoChina2/rf/clm_mfVar_zone34.Rdata,clm_mfVar,0.0273784229273099,18,0.0213106015306885,TRUE,FALSE,FALSE,Radiation and evaporative demand,Spring
climate,CMD_at,34,mf_var,Plain MF RF,0.0247777377235562,5.09206783113203,0.0504169257661893,5.20423473818157,34.2875800908579,H:/Jing/ecoChina2/rf/clm_mfVar_zone34.Rdata,clm_mfVar,0.0247777377235562,19,0.0192863006339167,TRUE,FALSE,FALSE,Climatic moisture balance,Autumn
climate,Eref_sm,34,mf_var,Plain MF RF,0.0240508018202046,4.41685589625686,0.0469890655143973,4.10264643260499,113.939539900691,H:/Jing/ecoChina2/rf/clm_mfVar_zone34.Rdata,clm_mfVar,0.0240508018202046,20,0.0187204739821841,TRUE,FALSE,FALSE,Radiation and evaporative demand,Summer
climate,PAS_wt,34,mf_var,Plain MF RF,0.0130232007143346,4.92348651983385,0.0269428631304936,4.49618440240064,31.4900260307688,H:/Jing/ecoChina2/rf/clm_mfVar_zone34.Rdata,clm_mfVar,0.0130232007143346,21,0.0101368965558833,TRUE,FALSE,FALSE,Snowfall,Winter
climate,PPT_sm,35,mf_var,Plain MF RF,0.148551587958489,7.34519658093927,0.293770250346761,7.42586953043405,1051.94607374566,H:/Jing/ecoChina2/rf/clm_mfVar_zone35.Rdata,clm_mfVar,0.148551587958489,1,0.0829615991235709,TRUE,TRUE,TRUE,Precipitation,Summer
climate,AHM,35,mf_var,Plain MF RF,0.140595098603281,6.31963394417872,0.267154796689366,5.98110119439599,1393.99249048918,H:/Jing/ecoChina2/rf/clm_mfVar_zone35.Rdata,clm_mfVar,0.140595098603281,2,0.078518138845636,TRUE,TRUE,TRUE,Climatic moisture balance,Annual
climate,MAP,35,mf_var,Plain MF RF,0.12608910359827,6.41328139297724,0.243865629612119,6.30689721925908,909.346651808141,H:/Jing/ecoChina2/rf/clm_mfVar_zone35.Rdata,clm_mfVar,0.12608910359827,3,0.0704169764209666,TRUE,TRUE,TRUE,Precipitation,Annual
climate,PPT_at,35,mf_var,Plain MF RF,0.1130325108961,7.46897977924942,0.244252850256923,7.56288071039409,729.396762842629,H:/Jing/ecoChina2/rf/clm_mfVar_zone35.Rdata,clm_mfVar,0.1130325108961,4,0.063125261639837,TRUE,TRUE,TRUE,Precipitation,Autumn
climate,Tmin_wt,35,mf_var,Plain MF RF,0.101008111430273,6.96637241085203,0.213862430734015,6.65072985741885,367.147834313491,H:/Jing/ecoChina2/rf/clm_mfVar_zone35.Rdata,clm_mfVar,0.101008111430273,5,0.0564099957723032,TRUE,TRUE,TRUE,Temperature,Winter
climate,CMD_at,35,mf_var,Plain MF RF,0.0988024930165449,5.33125674159823,0.218026548222019,5.14355396418917,1067.0448793623,H:/Jing/ecoChina2/rf/clm_mfVar_zone35.Rdata,clm_mfVar,0.0988024930165449,6,0.0551782241488964,TRUE,FALSE,TRUE,Climatic moisture balance,Autumn
climate,MCMT,35,mf_var,Plain MF RF,0.0934797500203889,6.95880097431659,0.206431305641806,6.73878134606377,202.955880336057,H:/Jing/ecoChina2/rf/clm_mfVar_zone35.Rdata,clm_mfVar,0.0934797500203889,7,0.0522056320901142,TRUE,FALSE,TRUE,Temperature,Annual
climate,TD,35,mf_var,Plain MF RF,0.0889576328247694,6.67911543880772,0.200727082534699,6.58015989191608,313.574101088121,H:/Jing/ecoChina2/rf/clm_mfVar_zone35.Rdata,clm_mfVar,0.0889576328247694,8,0.0496801654887231,TRUE,FALSE,TRUE,Temperature,Annual
climate,EMT,35,mf_var,Plain MF RF,0.0884134847374826,7.22825597019894,0.193067769821336,7.11254746684917,403.498284172883,H:/Jing/ecoChina2/rf/clm_mfVar_zone35.Rdata,clm_mfVar,0.0884134847374826,9,0.0493762751291399,TRUE,FALSE,TRUE,Temperature,Annual
climate,PPT_sp,35,mf_var,Plain MF RF,0.0867978147598034,5.3810955794625,0.19144126605289,5.39958491016923,464.386785671152,H:/Jing/ecoChina2/rf/clm_mfVar_zone35.Rdata,clm_mfVar,0.0867978147598034,10,0.0484739719841768,TRUE,FALSE,TRUE,Precipitation,Spring
climate,DD_18_wt,35,mf_var,Plain MF RF,0.0851081039323545,6.88510093490552,0.182295712404435,6.44835955892221,274.478916159486,H:/Jing/ecoChina2/rf/clm_mfVar_zone35.Rdata,clm_mfVar,0.0851081039323545,11,0.0475303192489348,TRUE,FALSE,FALSE,Growing season and degree-days,Winter
climate,DD_0_wt,35,mf_var,Plain MF RF,0.0844493884865518,6.72225629253859,0.181753503183358,6.4677738168498,255.549063134291,H:/Jing/ecoChina2/rf/clm_mfVar_zone35.Rdata,clm_mfVar,0.0844493884865518,12,0.0471624464614258,TRUE,FALSE,FALSE,Growing season and degree-days,Winter
climate,Tmin_sm,35,mf_var,Plain MF RF,0.0813254782222749,7.63192373717399,0.182281777907228,7.44878466368861,138.489214665169,H:/Jing/ecoChina2/rf/clm_mfVar_zone35.Rdata,clm_mfVar,0.0813254782222749,13,0.0454178364265915,TRUE,FALSE,FALSE,Temperature,Summer
climate,PAS_wt,35,mf_var,Plain MF RF,0.0797654354607163,7.57428803994214,0.182956431909951,7.50875338187543,257.86486218077,H:/Jing/ecoChina2/rf/clm_mfVar_zone35.Rdata,clm_mfVar,0.0797654354607163,14,0.0445465994106922,TRUE,FALSE,FALSE,Snowfall,Winter
climate,DD5_sp,35,mf_var,Plain MF RF,0.0705687614358479,6.12746081329984,0.151554259378333,5.79903001627672,288.190974285074,H:/Jing/ecoChina2/rf/clm_mfVar_zone35.Rdata,clm_mfVar,0.0705687614358479,15,0.0394105332520827,TRUE,FALSE,FALSE,Growing season and degree-days,Spring
climate,DD18,35,mf_var,Plain MF RF,0.0696467543220088,6.35932303358375,0.155671733998029,6.23210379908632,182.943978321226,H:/Jing/ecoChina2/rf/clm_mfVar_zone35.Rdata,clm_mfVar,0.0696467543220088,16,0.0388956199777206,TRUE,FALSE,FALSE,Growing season and degree-days,Annual
climate,RH_at,35,mf_var,Plain MF RF,0.0586228982454696,6.0113266176311,0.133029457275073,5.83287557543395,246.201173213262,H:/Jing/ecoChina2/rf/clm_mfVar_zone35.Rdata,clm_mfVar,0.0586228982454696,17,0.0327391275350188,TRUE,FALSE,FALSE,Humidity,Autumn
climate,EXT,35,mf_var,Plain MF RF,0.0532815008819089,6.42288878979814,0.118255217018561,6.25506117828773,191.108237393003,H:/Jing/ecoChina2/rf/clm_mfVar_zone35.Rdata,clm_mfVar,0.0532815008819089,18,0.0297561175724512,TRUE,FALSE,FALSE,Temperature,Annual
climate,Eref,35,mf_var,Plain MF RF,0.045033358268292,5.89800964550352,0.0987610088502138,5.74601055077011,114.546185771873,H:/Jing/ecoChina2/rf/clm_mfVar_zone35.Rdata,clm_mfVar,0.045033358268292,19,0.0251497777114721,TRUE,FALSE,FALSE,Radiation and evaporative demand,Annual
climate,RH_wt,35,mf_var,Plain MF RF,0.0389608047620865,5.78288378249009,0.0861226260231471,5.57496017346835,103.307716555528,H:/Jing/ecoChina2/rf/clm_mfVar_zone35.Rdata,clm_mfVar,0.0389608047620865,20,0.0217584390084551,TRUE,FALSE,FALSE,Humidity,Winter
climate,RH_sm,35,mf_var,Plain MF RF,0.0381165404472248,6.03649678334732,0.0853493606914734,6.12027390912077,226.767716683454,H:/Jing/ecoChina2/rf/clm_mfVar_zone35.Rdata,clm_mfVar,0.0381165404472248,21,0.0212869427517912,TRUE,FALSE,FALSE,Humidity,Summer
climate,PPT_sp,36,mf_var,Plain MF RF,0.150307421472883,8.66972345133392,0.276143574036846,8.27647961070713,1218.98421843021,H:/Jing/ecoChina2/rf/clm_mfVar_zone36.Rdata,clm_mfVar,0.150307421472883,1,0.0971310948229575,TRUE,TRUE,TRUE,Precipitation,Spring
climate,Tmin_wt,36,mf_var,Plain MF RF,0.127597541574653,7.19660650990053,0.242435059188565,7.98462686191747,704.289847110322,H:/Jing/ecoChina2/rf/clm_mfVar_zone36.Rdata,clm_mfVar,0.127597541574653,2,0.082455601915171,TRUE,TRUE,TRUE,Temperature,Winter
climate,DD_18_wt,36,mf_var,Plain MF RF,0.110124990793552,6.59453824598557,0.197642399986303,6.96016484706418,654.030796015891,H:/Jing/ecoChina2/rf/clm_mfVar_zone36.Rdata,clm_mfVar,0.110124990793552,3,0.0711645560700112,TRUE,TRUE,TRUE,Growing season and degree-days,Winter
climate,TD,36,mf_var,Plain MF RF,0.100426504014581,11.0251103024967,0.206781631817353,11.0726123976639,476.680328963978,H:/Jing/ecoChina2/rf/clm_mfVar_zone36.Rdata,clm_mfVar,0.100426504014581,4,0.0648972365342467,TRUE,TRUE,TRUE,Temperature,Annual
climate,RH_wt,36,mf_var,Plain MF RF,0.0999666049924251,7.14326856136951,0.216104316279221,7.27869610312025,777.241729280442,H:/Jing/ecoChina2/rf/clm_mfVar_zone36.Rdata,clm_mfVar,0.0999666049924251,5,0.0646000423232603,TRUE,TRUE,TRUE,Humidity,Winter
climate,MAP,36,mf_var,Plain MF RF,0.0861041991287887,6.65134997850557,0.151827485479875,6.69127937372936,571.991497217917,H:/Jing/ecoChina2/rf/clm_mfVar_zone36.Rdata,clm_mfVar,0.0861041991287887,6,0.055641930706276,TRUE,FALSE,TRUE,Precipitation,Annual
climate,Eref_at,36,mf_var,Plain MF RF,0.0808229893033719,8.02856841047177,0.169648140272068,8.20888934808106,331.092817566126,H:/Jing/ecoChina2/rf/clm_mfVar_zone36.Rdata,clm_mfVar,0.0808229893033719,7,0.0522291272178932,TRUE,FALSE,TRUE,Radiation and evaporative demand,Autumn
climate,DD5_at,36,mf_var,Plain MF RF,0.0754365430608834,6.48931259200233,0.153401966055456,6.09514297905879,229.408520051172,H:/Jing/ecoChina2/rf/clm_mfVar_zone36.Rdata,clm_mfVar,0.0754365430608834,8,0.0487483182491071,TRUE,FALSE,TRUE,Growing season and degree-days,Autumn
climate,RH_at,36,mf_var,Plain MF RF,0.0752834869948963,6.15089400769597,0.159407990191722,6.09618472832596,792.464225601179,H:/Jing/ecoChina2/rf/clm_mfVar_zone36.Rdata,clm_mfVar,0.0752834869948963,9,0.0486494109355962,TRUE,FALSE,TRUE,Humidity,Autumn
climate,PPT_wt,36,mf_var,Plain MF RF,0.0719421840281904,8.89426559891584,0.162756289306031,8.66010183445701,313.280205594749,H:/Jing/ecoChina2/rf/clm_mfVar_zone36.Rdata,clm_mfVar,0.0719421840281904,10,0.0464902067385508,TRUE,FALSE,TRUE,Precipitation,Winter
climate,PPT_sm,36,mf_var,Plain MF RF,0.0660270719674719,8.50248751923318,0.142214688269573,8.27368585812967,321.967232405013,H:/Jing/ecoChina2/rf/clm_mfVar_zone36.Rdata,clm_mfVar,0.0660270719674719,11,0.0426677653392635,TRUE,FALSE,FALSE,Precipitation,Summer
climate,DD_18_sp,36,mf_var,Plain MF RF,0.0657566515711588,6.02703720232368,0.134628468893976,5.71769063641918,230.801061777309,H:/Jing/ecoChina2/rf/clm_mfVar_zone36.Rdata,clm_mfVar,0.0657566515711588,12,0.0424930152910026,TRUE,FALSE,FALSE,Growing season and degree-days,Spring
climate,DD5_sm,36,mf_var,Plain MF RF,0.0575775257819029,6.51455750919385,0.120295317397698,6.12049591313582,160.455685879765,H:/Jing/ecoChina2/rf/clm_mfVar_zone36.Rdata,clm_mfVar,0.0575775257819029,13,0.0372075314817522,TRUE,FALSE,FALSE,Growing season and degree-days,Summer
climate,DD18_sm,36,mf_var,Plain MF RF,0.0565056436659733,6.25570588459421,0.11755125663463,5.91946208044967,166.1015075349,H:/Jing/ecoChina2/rf/clm_mfVar_zone36.Rdata,clm_mfVar,0.0565056436659733,14,0.036514863864803,TRUE,FALSE,FALSE,Growing season and degree-days,Summer
climate,CMD_sp,36,mf_var,Plain MF RF,0.0550227175314617,6.35626637432085,0.114242196226301,6.01896197057412,232.245500447316,H:/Jing/ecoChina2/rf/clm_mfVar_zone36.Rdata,clm_mfVar,0.0550227175314617,15,0.0355565729329566,TRUE,FALSE,FALSE,Climatic moisture balance,Spring
climate,EXT,36,mf_var,Plain MF RF,0.0515031993651664,6.54636842292507,0.109032125142847,6.19221926292753,159.785149071462,H:/Jing/ecoChina2/rf/clm_mfVar_zone36.Rdata,clm_mfVar,0.0515031993651664,16,0.0332822031820043,TRUE,FALSE,FALSE,Temperature,Annual
climate,CMD,36,mf_var,Plain MF RF,0.047020089798715,6.63099184158335,0.097343781465671,6.37410715495382,194.833780078148,H:/Jing/ecoChina2/rf/clm_mfVar_zone36.Rdata,clm_mfVar,0.047020089798715,17,0.0303851450318899,TRUE,FALSE,FALSE,Climatic moisture balance,Annual
climate,AHM,36,mf_var,Plain MF RF,0.0463567064694617,6.68082158195584,0.0998794463140239,6.41232385060264,143.227669448479,H:/Jing/ecoChina2/rf/clm_mfVar_zone36.Rdata,clm_mfVar,0.0463567064694617,18,0.0299564559596787,TRUE,FALSE,FALSE,Climatic moisture balance,Annual
climate,Eref_sm,36,mf_var,Plain MF RF,0.0462705637898452,7.70310927557828,0.0973482893280163,7.60214228085295,117.276537840828,H:/Jing/ecoChina2/rf/clm_mfVar_zone36.Rdata,clm_mfVar,0.0462705637898452,19,0.0299007891622568,TRUE,FALSE,FALSE,Radiation and evaporative demand,Summer
climate,Eref_sp,36,mf_var,Plain MF RF,0.0438615322483409,7.10668436519662,0.0843433658363341,8.04282183442364,198.159070765396,H:/Jing/ecoChina2/rf/clm_mfVar_zone36.Rdata,clm_mfVar,0.0438615322483409,20,0.0283440338883227,TRUE,FALSE,FALSE,Radiation and evaporative demand,Spring
climate,RH_sm,36,mf_var,Plain MF RF,0.0335554841252899,5.76436766536932,0.0715718625588334,5.7706684445672,164.204560442635,H:/Jing/ecoChina2/rf/clm_mfVar_zone36.Rdata,clm_mfVar,0.0335554841252899,21,0.0216840983529997,TRUE,FALSE,FALSE,Humidity,Summer
climate,PPT_wt,37,mf_var,Plain MF RF,0.112978958308952,7.06730930531685,0.246525282052955,6.91339295839104,504.252036501818,H:/Jing/ecoChina2/rf/clm_mfVar_zone37.Rdata,clm_mfVar,0.112978958308952,1,0.0722889635998163,TRUE,TRUE,TRUE,Precipitation,Winter
climate,TD,37,mf_var,Plain MF RF,0.106141389632071,7.64640634276584,0.19552526713372,6.89476805530144,758.96263202624,H:/Jing/ecoChina2/rf/clm_mfVar_zone37.Rdata,clm_mfVar,0.106141389632071,2,0.067913982978711,TRUE,TRUE,TRUE,Temperature,Annual
climate,MAP,37,mf_var,Plain MF RF,0.102251616552464,6.14140748352507,0.17067528059858,5.42071982090881,859.953096311263,H:/Jing/ecoChina2/rf/clm_mfVar_zone37.Rdata,clm_mfVar,0.102251616552464,3,0.0654251331187724,TRUE,TRUE,TRUE,Precipitation,Annual
climate,Tmin_sm,37,mf_var,Plain MF RF,0.0979071991511269,5.02296289915159,0.196539018744259,5.13864655690684,767.541236403894,H:/Jing/ecoChina2/rf/clm_mfVar_zone37.Rdata,clm_mfVar,0.0979071991511269,4,0.062645381596114,TRUE,TRUE,TRUE,Temperature,Summer
climate,PPT_at,37,mf_var,Plain MF RF,0.0944201286562958,6.36916818303284,0.180847353627204,5.62455711984792,611.954204559618,H:/Jing/ecoChina2/rf/clm_mfVar_zone37.Rdata,clm_mfVar,0.0944201286562958,5,0.0604141987648694,TRUE,TRUE,TRUE,Precipitation,Autumn
climate,DD_0,37,mf_var,Plain MF RF,0.0917017430937959,5.17588854387832,0.136436083808635,4.29628496033629,805.040893370661,H:/Jing/ecoChina2/rf/clm_mfVar_zone37.Rdata,clm_mfVar,0.0917017430937959,6,0.0586748547496728,TRUE,FALSE,TRUE,Growing season and degree-days,Annual
climate,PPT_sp,37,mf_var,Plain MF RF,0.0915870635542228,6.05539713143927,0.180098135133073,5.49953584686316,672.162401932808,H:/Jing/ecoChina2/rf/clm_mfVar_zone37.Rdata,clm_mfVar,0.0915870635542228,7,0.0586014776785267,TRUE,FALSE,TRUE,Precipitation,Spring
climate,Tmax_wt,37,mf_var,Plain MF RF,0.0907399826850185,5.83639498450601,0.166041037942043,5.2721545114377,563.728850376145,H:/Jing/ecoChina2/rf/clm_mfVar_zone37.Rdata,clm_mfVar,0.0907399826850185,8,0.0580594776544819,TRUE,FALSE,TRUE,Temperature,Winter
climate,PPT_sm,37,mf_var,Plain MF RF,0.0839768882800049,5.88618356544467,0.154084687956453,5.19698146189788,326.040956148689,H:/Jing/ecoChina2/rf/clm_mfVar_zone37.Rdata,clm_mfVar,0.0839768882800049,9,0.0537321489856407,TRUE,FALSE,TRUE,Precipitation,Summer
climate,DD_0_sp,37,mf_var,Plain MF RF,0.0781828494239541,4.94254474217881,0.125452281630733,3.94691538088247,249.330289265351,H:/Jing/ecoChina2/rf/clm_mfVar_zone37.Rdata,clm_mfVar,0.0781828494239541,10,0.0500248651672184,TRUE,FALSE,TRUE,Growing season and degree-days,Spring
climate,CMD_sm,37,mf_var,Plain MF RF,0.0696803050747884,6.87813178340244,0.125862454525141,6.35712246134408,310.326933590259,H:/Jing/ecoChina2/rf/clm_mfVar_zone37.Rdata,clm_mfVar,0.0696803050747884,11,0.044584559041525,TRUE,FALSE,FALSE,Climatic moisture balance,Summer
climate,Eref_sp,37,mf_var,Plain MF RF,0.0663229563626434,6.06560632920691,0.0703171448139149,4.41098842085008,269.04030355007,H:/Jing/ecoChina2/rf/clm_mfVar_zone37.Rdata,clm_mfVar,0.0663229563626434,12,0.0424363779777515,TRUE,FALSE,FALSE,Radiation and evaporative demand,Spring
climate,Eref_at,37,mf_var,Plain MF RF,0.0659825801999148,4.69428959007255,0.113508227203968,4.11292263351543,267.349146284205,H:/Jing/ecoChina2/rf/clm_mfVar_zone37.Rdata,clm_mfVar,0.0659825801999148,13,0.0422185901665872,TRUE,FALSE,FALSE,Radiation and evaporative demand,Autumn
climate,CMD_sp,37,mf_var,Plain MF RF,0.0615208841252226,5.49690561327317,0.115035279232108,4.88277859740726,417.521378740639,H:/Jing/ecoChina2/rf/clm_mfVar_zone37.Rdata,clm_mfVar,0.0615208841252226,14,0.0393637985313619,TRUE,FALSE,FALSE,Climatic moisture balance,Spring
climate,Tmax_sp,37,mf_var,Plain MF RF,0.0573974185182,5.74398220156145,0.0939004831042308,4.8919610953797,199.718626011436,H:/Jing/ecoChina2/rf/clm_mfVar_zone37.Rdata,clm_mfVar,0.0573974185182,15,0.036725421796147,TRUE,FALSE,FALSE,Temperature,Spring
climate,Eref,37,mf_var,Plain MF RF,0.0568752909850341,5.39296550422394,0.0719568116316907,4.33911640692555,159.167884659562,H:/Jing/ecoChina2/rf/clm_mfVar_zone37.Rdata,clm_mfVar,0.0568752909850341,16,0.0363913413726377,TRUE,FALSE,FALSE,Radiation and evaporative demand,Annual
climate,CMD,37,mf_var,Plain MF RF,0.0542877659776199,5.2071677564416,0.0948305879562799,4.68053656264035,280.545906583058,H:/Jing/ecoChina2/rf/clm_mfVar_zone37.Rdata,clm_mfVar,0.0542877659776199,17,0.0347357277621539,TRUE,FALSE,FALSE,Climatic moisture balance,Annual
climate,AHM,37,mf_var,Plain MF RF,0.0528530719292351,4.83481532790831,0.0910771356129077,4.12337809304295,426.090201716659,H:/Jing/ecoChina2/rf/clm_mfVar_zone37.Rdata,clm_mfVar,0.0528530719292351,18,0.0338177466850321,TRUE,FALSE,FALSE,Climatic moisture balance,Annual
climate,PAS_wt,37,mf_var,Plain MF RF,0.0487928516898007,5.02210525721768,0.107162299444939,4.85091551900212,245.895555637097,H:/Jing/ecoChina2/rf/clm_mfVar_zone37.Rdata,clm_mfVar,0.0487928516898007,19,0.0312198371495849,TRUE,FALSE,FALSE,Snowfall,Winter
climate,Eref_sm,37,mf_var,Plain MF RF,0.0417003760712251,7.42054504256077,0.0745060554754915,7.08223178549184,132.800577396484,H:/Jing/ecoChina2/rf/clm_mfVar_zone37.Rdata,clm_mfVar,0.0417003760712251,20,0.0266817557271864,TRUE,FALSE,FALSE,Radiation and evaporative demand,Summer
climate,CMD_at,37,mf_var,Plain MF RF,0.0375784428744327,4.81527071352641,0.0713763739015671,4.21263460852034,108.460319090941,H:/Jing/ecoChina2/rf/clm_mfVar_zone37.Rdata,clm_mfVar,0.0375784428744327,21,0.0240443594962088,TRUE,FALSE,FALSE,Climatic moisture balance,Autumn
climate,PPT_sm,38,mf_var,Plain MF RF,0.173788973711905,8.4240408353676,0.386277187808943,8.47131191241706,1562.98969519618,H:/Jing/ecoChina2/rf/clm_mfVar_zone38.Rdata,clm_mfVar,0.173788973711905,1,0.105965831622857,TRUE,TRUE,TRUE,Precipitation,Summer
climate,MAP,38,mf_var,Plain MF RF,0.147793369564308,7.77449935754603,0.306991837005405,7.70061037137813,1145.50038896208,H:/Jing/ecoChina2/rf/clm_mfVar_zone38.Rdata,clm_mfVar,0.147793369564308,2,0.090115310423479,TRUE,TRUE,TRUE,Precipitation,Annual
climate,AHM,38,mf_var,Plain MF RF,0.12496780482666,5.4763660761983,0.252460684243894,5.22035495394571,1488.58402050013,H:/Jing/ecoChina2/rf/clm_mfVar_zone38.Rdata,clm_mfVar,0.12496780482666,3,0.0761976843622547,TRUE,TRUE,TRUE,Climatic moisture balance,Annual
climate,PPT_at,38,mf_var,Plain MF RF,0.120045561368543,6.22023464234515,0.251711874465103,6.1314056054841,1058.75057617532,H:/Jing/ecoChina2/rf/clm_mfVar_zone38.Rdata,clm_mfVar,0.120045561368543,4,0.0731964029210383,TRUE,TRUE,TRUE,Precipitation,Autumn
climate,TD,38,mf_var,Plain MF RF,0.114569154758893,6.99462810923794,0.257107896419037,6.81785819445161,532.267603546852,H:/Jing/ecoChina2/rf/clm_mfVar_zone38.Rdata,clm_mfVar,0.114569154758893,5,0.0698572268599698,TRUE,TRUE,TRUE,Temperature,Annual
climate,PPT_sp,38,mf_var,Plain MF RF,0.0827070635089863,4.84782608961379,0.17845858674111,4.87110128492193,722.694029081163,H:/Jing/ecoChina2/rf/clm_mfVar_zone38.Rdata,clm_mfVar,0.0827070635089863,6,0.0504296824972493,TRUE,FALSE,TRUE,Precipitation,Spring
climate,DD_18_wt,38,mf_var,Plain MF RF,0.0737379182619217,5.43605448778693,0.162229942473483,5.24249082601007,167.704554354943,H:/Jing/ecoChina2/rf/clm_mfVar_zone38.Rdata,clm_mfVar,0.0737379182619217,7,0.044960849148668,TRUE,FALSE,TRUE,Growing season and degree-days,Winter
climate,RH_sp,38,mf_var,Plain MF RF,0.0700528007299063,7.38826542087312,0.157385019342463,7.33630477909812,316.224503830216,H:/Jing/ecoChina2/rf/clm_mfVar_zone38.Rdata,clm_mfVar,0.0700528007299063,8,0.0427138910386827,TRUE,FALSE,TRUE,Humidity,Spring
climate,DD_0_wt,38,mf_var,Plain MF RF,0.0682617584269628,5.23484685956777,0.148283629247552,5.0521167492823,199.118224506503,H:/Jing/ecoChina2/rf/clm_mfVar_zone38.Rdata,clm_mfVar,0.0682617584269628,9,0.0416218235556342,TRUE,FALSE,TRUE,Growing season and degree-days,Winter
climate,MCMT,38,mf_var,Plain MF RF,0.0680048336247646,5.07637510526808,0.150515187519609,4.87731642321105,143.274414571011,H:/Jing/ecoChina2/rf/clm_mfVar_zone38.Rdata,clm_mfVar,0.0680048336247646,10,0.0414651666069915,TRUE,FALSE,TRUE,Temperature,Annual
climate,RH_wt,38,mf_var,Plain MF RF,0.0650221714997776,5.60308386717264,0.14609835025467,5.46992542185696,234.788728992167,H:/Jing/ecoChina2/rf/clm_mfVar_zone38.Rdata,clm_mfVar,0.0650221714997776,11,0.0396465226172514,TRUE,FALSE,FALSE,Humidity,Winter
climate,Tmax_wt,38,mf_var,Plain MF RF,0.0627946645583737,5.43007569495187,0.140404358942841,5.25062989007504,142.725349510992,H:/Jing/ecoChina2/rf/clm_mfVar_zone38.Rdata,clm_mfVar,0.0627946645583737,12,0.0382883258315173,TRUE,FALSE,FALSE,Temperature,Winter
climate,DD_18_at,38,mf_var,Plain MF RF,0.0579453614649654,5.19092205302668,0.125295160866391,4.97999599678552,211.255871748697,H:/Jing/ecoChina2/rf/clm_mfVar_zone38.Rdata,clm_mfVar,0.0579453614649654,13,0.0353315189403267,TRUE,FALSE,FALSE,Growing season and degree-days,Autumn
climate,Eref_at,38,mf_var,Plain MF RF,0.0576204648197943,5.54487682901526,0.128508659637383,5.39290727125235,99.9885480244241,H:/Jing/ecoChina2/rf/clm_mfVar_zone38.Rdata,clm_mfVar,0.0576204648197943,14,0.0351334169407481,TRUE,FALSE,FALSE,Radiation and evaporative demand,Autumn
climate,Eref,38,mf_var,Plain MF RF,0.0560238178592545,5.65258556781379,0.121293824572821,5.52904226440118,131.986835573782,H:/Jing/ecoChina2/rf/clm_mfVar_zone38.Rdata,clm_mfVar,0.0560238178592545,15,0.0341598797860712,TRUE,FALSE,FALSE,Radiation and evaporative demand,Annual
climate,Tmin_at,38,mf_var,Plain MF RF,0.054439599243562,5.16511836919177,0.117932239694462,4.99053150405524,180.11801083331,H:/Jing/ecoChina2/rf/clm_mfVar_zone38.Rdata,clm_mfVar,0.054439599243562,16,0.0331939206719875,TRUE,FALSE,FALSE,Temperature,Autumn
climate,DD5,38,mf_var,Plain MF RF,0.0540286838420386,5.18873020070908,0.1162502596276,5.15122720797097,248.792194544991,H:/Jing/ecoChina2/rf/clm_mfVar_zone38.Rdata,clm_mfVar,0.0540286838420386,17,0.0329433697232187,TRUE,FALSE,FALSE,Growing season and degree-days,Annual
climate,Tmin_sm,38,mf_var,Plain MF RF,0.0539204644617376,5.8223121051483,0.117933120655306,5.56947910385743,107.808598953078,H:/Jing/ecoChina2/rf/clm_mfVar_zone38.Rdata,clm_mfVar,0.0539204644617376,18,0.0328773841984391,TRUE,FALSE,FALSE,Temperature,Summer
climate,DD18,38,mf_var,Plain MF RF,0.0498632757661522,5.20525862873242,0.107708297486342,5.03449903202487,219.304098414815,H:/Jing/ecoChina2/rf/clm_mfVar_zone38.Rdata,clm_mfVar,0.0498632757661522,19,0.0304035599678451,TRUE,FALSE,FALSE,Growing season and degree-days,Annual
climate,RH,38,mf_var,Plain MF RF,0.0470235966907748,5.86048245189265,0.104291412533335,5.79822166014962,304.677545710344,H:/Jing/ecoChina2/rf/clm_mfVar_zone38.Rdata,clm_mfVar,0.0470235966907748,20,0.0286720982511587,TRUE,FALSE,FALSE,Humidity,Annual
climate,PAS_wt,38,mf_var,Plain MF RF,0.0374359389902615,4.79196624128234,0.084255297090438,4.71380514009431,109.260561244955,H:/Jing/ecoChina2/rf/clm_mfVar_zone38.Rdata,clm_mfVar,0.0374359389902615,21,0.0228261340346119,TRUE,FALSE,FALSE,Snowfall,Winter
climate,TD,39,mf_var,Plain MF RF,0.189774963406998,14.0641801321635,0.368413075143542,15.9973529522123,1690.67856362917,H:/Jing/ecoChina2/rf/clm_mfVar_zone39.Rdata,clm_mfVar,0.189774963406998,1,0.151369759267714,TRUE,TRUE,TRUE,Temperature,Annual
climate,EXT,39,mf_var,Plain MF RF,0.0906196026037397,5.95162975063839,0.186649729453095,5.56307705357784,1160.47725700471,H:/Jing/ecoChina2/rf/clm_mfVar_zone39.Rdata,clm_mfVar,0.0906196026037397,2,0.0722807012305722,TRUE,TRUE,TRUE,Temperature,Annual
climate,DD5_sm,39,mf_var,Plain MF RF,0.0807470226571265,5.65788631664144,0.152932898810261,5.29513767991424,892.529940661988,H:/Jing/ecoChina2/rf/clm_mfVar_zone39.Rdata,clm_mfVar,0.0807470226571265,3,0.0644060584271106,TRUE,TRUE,TRUE,Growing season and degree-days,Summer
climate,Eref_at,39,mf_var,Plain MF RF,0.0786682841055501,7.61296582318444,0.16204297779219,7.58972497682744,277.423646954873,H:/Jing/ecoChina2/rf/clm_mfVar_zone39.Rdata,clm_mfVar,0.0786682841055501,4,0.0627479990683647,TRUE,TRUE,TRUE,Radiation and evaporative demand,Autumn
climate,PPT_at,39,mf_var,Plain MF RF,0.0778607084589978,6.64282262645833,0.143149680546044,6.61589430709024,591.204188848559,H:/Jing/ecoChina2/rf/clm_mfVar_zone39.Rdata,clm_mfVar,0.0778607084589978,5,0.0621038543982012,TRUE,TRUE,TRUE,Precipitation,Autumn
climate,Tmax_wt,39,mf_var,Plain MF RF,0.0772930550776235,5.83892011417731,0.147202102460017,5.35849829113591,389.034611669134,H:/Jing/ecoChina2/rf/clm_mfVar_zone39.Rdata,clm_mfVar,0.0772930550776235,6,0.0616510783620818,TRUE,FALSE,TRUE,Temperature,Winter
climate,EMT,39,mf_var,Plain MF RF,0.0733942080024663,6.23325369660446,0.140540114665906,5.85068434314765,378.379139241078,H:/Jing/ecoChina2/rf/clm_mfVar_zone39.Rdata,clm_mfVar,0.0733942080024663,7,0.058541250107643,TRUE,FALSE,TRUE,Temperature,Annual
climate,MAP,39,mf_var,Plain MF RF,0.0714473840351567,6.64176251565532,0.128394173722951,6.61642816994254,660.206997298893,H:/Jing/ecoChina2/rf/clm_mfVar_zone39.Rdata,clm_mfVar,0.0714473840351567,8,0.0569884094695644,TRUE,FALSE,TRUE,Precipitation,Annual
climate,Tmin_wt,39,mf_var,Plain MF RF,0.0582759999343701,5.42842536907454,0.110036293484063,5.08663880078392,238.563139879483,H:/Jing/ecoChina2/rf/clm_mfVar_zone39.Rdata,clm_mfVar,0.0582759999343701,9,0.0464825492403475,TRUE,FALSE,TRUE,Temperature,Winter
climate,PPT_wt,39,mf_var,Plain MF RF,0.055311577960331,9.32100868147144,0.100558496374549,11.7268360726991,284.813241026259,H:/Jing/ecoChina2/rf/clm_mfVar_zone39.Rdata,clm_mfVar,0.055311577960331,10,0.0441180442892077,TRUE,FALSE,TRUE,Precipitation,Winter
climate,PPT_sm,39,mf_var,Plain MF RF,0.0535973574405955,7.33875885656547,0.100368507166339,7.70516271998888,426.373770292975,H:/Jing/ecoChina2/rf/clm_mfVar_zone39.Rdata,clm_mfVar,0.0535973574405955,11,0.0427507345938415,TRUE,FALSE,FALSE,Precipitation,Summer
climate,DD5_at,39,mf_var,Plain MF RF,0.0529532094905805,5.87415196151931,0.0974740196958428,5.69156545917336,328.826248892227,H:/Jing/ecoChina2/rf/clm_mfVar_zone39.Rdata,clm_mfVar,0.0529532094905805,12,0.0422369443742252,TRUE,FALSE,FALSE,Growing season and degree-days,Autumn
climate,PPT_sp,39,mf_var,Plain MF RF,0.0503700954522015,6.55320087570828,0.102998897477465,6.57423922410215,273.143834494763,H:/Jing/ecoChina2/rf/clm_mfVar_zone39.Rdata,clm_mfVar,0.0503700954522015,13,0.0401765811780964,TRUE,FALSE,FALSE,Precipitation,Spring
climate,CMD_sp,39,mf_var,Plain MF RF,0.0450564867846088,7.41335287567347,0.0993861179369342,7.15984554364484,78.406467872816,H:/Jing/ecoChina2/rf/clm_mfVar_zone39.Rdata,clm_mfVar,0.0450564867846088,14,0.0359382999506018,TRUE,FALSE,FALSE,Climatic moisture balance,Spring
climate,Eref,39,mf_var,Plain MF RF,0.0385667930960305,5.61326000717201,0.0797579406056887,5.39786144007398,122.786842791848,H:/Jing/ecoChina2/rf/clm_mfVar_zone39.Rdata,clm_mfVar,0.0385667930960305,15,0.0307619407843269,TRUE,FALSE,FALSE,Radiation and evaporative demand,Annual
climate,RH_sp,39,mf_var,Plain MF RF,0.0379964251739179,6.1172936738642,0.077850401501472,6.52916455357194,195.106104748997,H:/Jing/ecoChina2/rf/clm_mfVar_zone39.Rdata,clm_mfVar,0.0379964251739179,16,0.0303069995554407,TRUE,FALSE,FALSE,Humidity,Spring
climate,RH_wt,39,mf_var,Plain MF RF,0.0279170626612334,5.69459487763923,0.0600835932531762,5.53084637419831,115.615630032057,H:/Jing/ecoChina2/rf/clm_mfVar_zone39.Rdata,clm_mfVar,0.0279170626612334,17,0.0222674212584607,TRUE,FALSE,FALSE,Humidity,Winter
climate,RH_sm,39,mf_var,Plain MF RF,0.0266933230246996,6.3275938047163,0.0577108719892614,6.08907256472968,142.043888160927,H:/Jing/ecoChina2/rf/clm_mfVar_zone39.Rdata,clm_mfVar,0.0266933230246996,18,0.0212913326803735,TRUE,FALSE,FALSE,Humidity,Summer
climate,CMD_at,39,mf_var,Plain MF RF,0.0228736512680308,5.96122931953069,0.0493795710447435,5.63279174800042,63.7330636875158,H:/Jing/ecoChina2/rf/clm_mfVar_zone39.Rdata,clm_mfVar,0.0228736512680308,19,0.0182446568496495,TRUE,FALSE,FALSE,Climatic moisture balance,Autumn
climate,RH_at,39,mf_var,Plain MF RF,0.022755813833893,5.53862380129503,0.0508889280702262,5.40192310574169,65.257183905526,H:/Jing/ecoChina2/rf/clm_mfVar_zone39.Rdata,clm_mfVar,0.022755813833893,20,0.0181506664532456,TRUE,FALSE,FALSE,Humidity,Autumn
climate,PAS_wt,39,mf_var,Plain MF RF,0.0215447876303676,6.00435140461295,0.0428624235177388,5.52128100233632,77.702196083945,H:/Jing/ecoChina2/rf/clm_mfVar_zone39.Rdata,clm_mfVar,0.0215447876303676,21,0.0171847184609311,TRUE,FALSE,FALSE,Snowfall,Winter
climate,MCMT,40,mf_var,Plain MF RF,0.111581125648185,5.45008267168487,0.14933087212527,5.17512988558978,1219.30710146315,H:/Jing/ecoChina2/rf/clm_mfVar_zone40.Rdata,clm_mfVar,0.111581125648185,1,0.0958115637874369,TRUE,TRUE,TRUE,Temperature,Annual
climate,Eref_wt,40,mf_var,Plain MF RF,0.111306785757173,5.54041836604881,0.148779435138671,5.60127403952358,1025.85301293392,H:/Jing/ecoChina2/rf/clm_mfVar_zone40.Rdata,clm_mfVar,0.111306785757173,2,0.0955759958648653,TRUE,TRUE,TRUE,Radiation and evaporative demand,Winter
climate,Tmin_wt,40,mf_var,Plain MF RF,0.104658161048453,5.49360739714283,0.156446313656302,5.78665977055387,1109.62542368648,H:/Jing/ecoChina2/rf/clm_mfVar_zone40.Rdata,clm_mfVar,0.104658161048453,3,0.0898670094509194,TRUE,TRUE,TRUE,Temperature,Winter
climate,TD,40,mf_var,Plain MF RF,0.0916257769741444,8.94302183376196,0.162075094530215,8.37229319152149,573.968289479807,H:/Jing/ecoChina2/rf/clm_mfVar_zone40.Rdata,clm_mfVar,0.0916257769741444,4,0.0786764690187055,TRUE,TRUE,TRUE,Temperature,Annual
climate,Eref_at,40,mf_var,Plain MF RF,0.0680002759143865,6.47955737373957,0.133146295731675,7.1398948907598,428.035823310731,H:/Jing/ecoChina2/rf/clm_mfVar_zone40.Rdata,clm_mfVar,0.0680002759143865,5,0.0583899179676409,TRUE,TRUE,TRUE,Radiation and evaporative demand,Autumn
climate,PPT_sp,40,mf_var,Plain MF RF,0.0622627502469254,6.18478068790462,0.110831417457656,7.65417935312487,445.527127320857,H:/Jing/ecoChina2/rf/clm_mfVar_zone40.Rdata,clm_mfVar,0.0622627502469254,6,0.0534632665893131,TRUE,FALSE,TRUE,Precipitation,Spring
climate,RH_wt,40,mf_var,Plain MF RF,0.0577457619318109,6.05101022786069,0.111298226605504,6.8100418865429,317.07910600636,H:/Jing/ecoChina2/rf/clm_mfVar_zone40.Rdata,clm_mfVar,0.0577457619318109,7,0.0495846561920201,TRUE,FALSE,TRUE,Humidity,Winter
climate,PPT_wt,40,mf_var,Plain MF RF,0.0551493021805242,7.97539393989697,0.128152411195105,7.48508329943704,513.237996315854,H:/Jing/ecoChina2/rf/clm_mfVar_zone40.Rdata,clm_mfVar,0.0551493021805242,8,0.0473551494753887,TRUE,FALSE,TRUE,Precipitation,Winter
climate,DD18_sp,40,mf_var,Plain MF RF,0.0478686408012795,6.95259119910648,0.111505436144226,7.33450740007401,237.646874244432,H:/Jing/ecoChina2/rf/clm_mfVar_zone40.Rdata,clm_mfVar,0.0478686408012795,9,0.0411034510084663,TRUE,FALSE,TRUE,Growing season and degree-days,Spring
climate,Eref_sp,40,mf_var,Plain MF RF,0.0471825087050231,6.45103615537873,0.103037683374231,6.73359540347947,227.881773928577,H:/Jing/ecoChina2/rf/clm_mfVar_zone40.Rdata,clm_mfVar,0.0471825087050231,10,0.0405142887399806,TRUE,FALSE,TRUE,Radiation and evaporative demand,Spring
climate,PPT_sm,40,mf_var,Plain MF RF,0.0470944085107167,7.6378531693049,0.0969088910537575,7.04182399044055,658.291036693213,H:/Jing/ecoChina2/rf/clm_mfVar_zone40.Rdata,clm_mfVar,0.0470944085107167,11,0.0404386395893071,TRUE,FALSE,FALSE,Precipitation,Summer
climate,DD5_sm,40,mf_var,Plain MF RF,0.0444109399771449,6.28127836394338,0.0950610285720368,6.02042242964643,213.973492641728,H:/Jing/ecoChina2/rf/clm_mfVar_zone40.Rdata,clm_mfVar,0.0444109399771449,12,0.0381344208867055,TRUE,FALSE,FALSE,Growing season and degree-days,Summer
climate,RH_sm,40,mf_var,Plain MF RF,0.0443197812220148,5.64027327109396,0.0962261155747264,5.59523987157213,631.932629480112,H:/Jing/ecoChina2/rf/clm_mfVar_zone40.Rdata,clm_mfVar,0.0443197812220148,13,0.0380561454361649,TRUE,FALSE,FALSE,Humidity,Summer
climate,DD18,40,mf_var,Plain MF RF,0.0415159316409803,6.72888386148744,0.0924865590491976,6.78206677587759,218.477367102558,H:/Jing/ecoChina2/rf/clm_mfVar_zone40.Rdata,clm_mfVar,0.0415159316409803,14,0.0356485589252465,TRUE,FALSE,FALSE,Growing season and degree-days,Annual
climate,MWMT,40,mf_var,Plain MF RF,0.0410710232166055,6.1529558136762,0.0864844752166422,5.87388901830444,180.18686535378,H:/Jing/ecoChina2/rf/clm_mfVar_zone40.Rdata,clm_mfVar,0.0410710232166055,15,0.0352665286165009,TRUE,FALSE,FALSE,Temperature,Annual
climate,CMD_sp,40,mf_var,Plain MF RF,0.0404744229755718,5.8383515325303,0.0880797059210018,5.86639809023685,118.829125790377,H:/Jing/ecoChina2/rf/clm_mfVar_zone40.Rdata,clm_mfVar,0.0404744229755718,16,0.0347542448255161,TRUE,FALSE,FALSE,Climatic moisture balance,Spring
climate,EXT,40,mf_var,Plain MF RF,0.0334136667537399,6.41533331603744,0.0708445136640952,7.06870381625956,144.538820912159,H:/Jing/ecoChina2/rf/clm_mfVar_zone40.Rdata,clm_mfVar,0.0334136667537399,17,0.0286913727115656,TRUE,FALSE,FALSE,Temperature,Annual
climate,CMD,40,mf_var,Plain MF RF,0.0321784890478472,7.13065014229299,0.0744243996272184,6.84801788013631,168.372765693134,H:/Jing/ecoChina2/rf/clm_mfVar_zone40.Rdata,clm_mfVar,0.0321784890478472,18,0.0276307604720898,TRUE,FALSE,FALSE,Climatic moisture balance,Annual
climate,AHM,40,mf_var,Plain MF RF,0.0314489876998217,7.8183812132723,0.0700301249789545,8.10163387773541,202.073824142451,H:/Jing/ecoChina2/rf/clm_mfVar_zone40.Rdata,clm_mfVar,0.0314489876998217,19,0.0270043582509853,TRUE,FALSE,FALSE,Climatic moisture balance,Annual
climate,Eref_sm,40,mf_var,Plain MF RF,0.0270547126417843,7.74490190282879,0.0619132454058514,7.48338501376731,150.438304932457,H:/Jing/ecoChina2/rf/clm_mfVar_zone40.Rdata,clm_mfVar,0.0270547126417843,20,0.0232311182645903,TRUE,FALSE,FALSE,Radiation and evaporative demand,Summer
climate,CMD_at,40,mf_var,Plain MF RF,0.0242258851500077,8.98188564754472,0.0536756440926805,8.60357836713643,152.763735294126,H:/Jing/ecoChina2/rf/clm_mfVar_zone40.Rdata,clm_mfVar,0.0242258851500077,21,0.0208020839265914,TRUE,FALSE,FALSE,Climatic moisture balance,Autumn
climate,TD,41,mf_var,Plain MF RF,0.128209045256,11.5313710652906,0.258280000553323,10.8015750903627,929.800948828202,H:/Jing/ecoChina2/rf/clm_mfVar_zone41.Rdata,clm_mfVar,0.128209045256,1,0.0861769701416286,TRUE,TRUE,TRUE,Temperature,Annual
climate,PPT_sm,41,mf_var,Plain MF RF,0.104345450799528,12.58090474938,0.211478550613727,15.0458276827565,540.348020267945,H:/Jing/ecoChina2/rf/clm_mfVar_zone41.Rdata,clm_mfVar,0.104345450799528,2,0.0701368205340791,TRUE,TRUE,TRUE,Precipitation,Summer
climate,MAP,41,mf_var,Plain MF RF,0.0986348045772981,8.22518093011983,0.189457181170016,8.42235559518093,651.147448064052,H:/Jing/ecoChina2/rf/clm_mfVar_zone41.Rdata,clm_mfVar,0.0986348045772981,3,0.0662983535366853,TRUE,TRUE,TRUE,Precipitation,Annual
climate,Eref_at,41,mf_var,Plain MF RF,0.0950205676970329,7.46311963359347,0.181404565471669,7.15986701846487,694.54081624057,H:/Jing/ecoChina2/rf/clm_mfVar_zone41.Rdata,clm_mfVar,0.0950205676970329,4,0.0638690086874707,TRUE,TRUE,TRUE,Radiation and evaporative demand,Autumn
climate,DD_18_wt,41,mf_var,Plain MF RF,0.0791159948781962,7.41425825916969,0.147988491690585,6.81600263138983,622.682247062699,H:/Jing/ecoChina2/rf/clm_mfVar_zone41.Rdata,clm_mfVar,0.0791159948781962,5,0.053178593715676,TRUE,TRUE,TRUE,Growing season and degree-days,Winter
climate,PPT_sp,41,mf_var,Plain MF RF,0.0782844740335539,6.9270988786309,0.169828610450736,6.73131439011135,725.051770430167,H:/Jing/ecoChina2/rf/clm_mfVar_zone41.Rdata,clm_mfVar,0.0782844740335539,6,0.0526196788055946,TRUE,FALSE,TRUE,Precipitation,Spring
climate,MCMT,41,mf_var,Plain MF RF,0.0753274921889528,7.35420905585653,0.141032719637613,6.51301395247945,550.443098752293,H:/Jing/ecoChina2/rf/clm_mfVar_zone41.Rdata,clm_mfVar,0.0753274921889528,7,0.0506321143898179,TRUE,FALSE,TRUE,Temperature,Annual
climate,CMD_sm,41,mf_var,Plain MF RF,0.0750180458924524,8.3024297496326,0.159775632684184,8.45437463269861,413.475074274035,H:/Jing/ecoChina2/rf/clm_mfVar_zone41.Rdata,clm_mfVar,0.0750180458924524,8,0.0504241170195801,TRUE,FALSE,TRUE,Climatic moisture balance,Summer
climate,PPT_wt,41,mf_var,Plain MF RF,0.0717943886414552,8.19284092930584,0.16379975545824,7.99374140846158,368.275111052297,H:/Jing/ecoChina2/rf/clm_mfVar_zone41.Rdata,clm_mfVar,0.0717943886414552,9,0.048257304107813,TRUE,FALSE,TRUE,Precipitation,Winter
climate,Tmax_wt,41,mf_var,Plain MF RF,0.0711963528590745,7.04173956913241,0.1461936294773,6.66289361708378,428.456295349279,H:/Jing/ecoChina2/rf/clm_mfVar_zone41.Rdata,clm_mfVar,0.0711963528590745,10,0.0478553284776307,TRUE,FALSE,TRUE,Temperature,Winter
climate,PPT_at,41,mf_var,Plain MF RF,0.0700853502783176,7.72454745793103,0.140881744568772,7.56315999939885,539.62746435187,H:/Jing/ecoChina2/rf/clm_mfVar_zone41.Rdata,clm_mfVar,0.0700853502783176,11,0.0471085571711446,TRUE,FALSE,FALSE,Precipitation,Autumn
climate,DD18_at,41,mf_var,Plain MF RF,0.0618602217823178,8.79805788238699,0.130172908611782,8.46093947534311,271.765303871534,H:/Jing/ecoChina2/rf/clm_mfVar_zone41.Rdata,clm_mfVar,0.0618602217823178,12,0.0415799561945481,TRUE,FALSE,FALSE,Growing season and degree-days,Autumn
climate,DD18_sm,41,mf_var,Plain MF RF,0.0591217986301794,6.85581007611233,0.121444848283618,6.44655262078413,231.196802937598,H:/Jing/ecoChina2/rf/clm_mfVar_zone41.Rdata,clm_mfVar,0.0591217986301794,13,0.039739298152475,TRUE,FALSE,FALSE,Growing season and degree-days,Summer
climate,Eref_sm,41,mf_var,Plain MF RF,0.0590878035426894,7.00055918681049,0.115111507642607,7.14616602591293,311.230583849983,H:/Jing/ecoChina2/rf/clm_mfVar_zone41.Rdata,clm_mfVar,0.0590878035426894,14,0.0397164480202262,TRUE,FALSE,FALSE,Radiation and evaporative demand,Summer
climate,EXT,41,mf_var,Plain MF RF,0.0583426187484579,7.3715093692227,0.121296253190649,6.74212851173416,206.761847939092,H:/Jing/ecoChina2/rf/clm_mfVar_zone41.Rdata,clm_mfVar,0.0583426187484579,15,0.0392155647351642,TRUE,FALSE,FALSE,Temperature,Annual
climate,DD5_sm,41,mf_var,Plain MF RF,0.0575516544375797,6.91920306996839,0.117590973624144,6.48103821397405,239.307385283922,H:/Jing/ecoChina2/rf/clm_mfVar_zone41.Rdata,clm_mfVar,0.0575516544375797,16,0.0386839102979477,TRUE,FALSE,FALSE,Growing season and degree-days,Summer
climate,Tmin_sm,41,mf_var,Plain MF RF,0.0574579690220432,6.8100970793204,0.112780057477973,6.51434518435395,240.062710664969,H:/Jing/ecoChina2/rf/clm_mfVar_zone41.Rdata,clm_mfVar,0.0574579690220432,17,0.0386209387249103,TRUE,FALSE,FALSE,Temperature,Summer
climate,CMD,41,mf_var,Plain MF RF,0.0572622767499731,6.51420561721492,0.120577449586432,6.50571815618426,442.013803162547,H:/Jing/ecoChina2/rf/clm_mfVar_zone41.Rdata,clm_mfVar,0.0572622767499731,18,0.0384894022404644,TRUE,FALSE,FALSE,Climatic moisture balance,Annual
climate,Tmax_sm,41,mf_var,Plain MF RF,0.0480694901700051,6.49027616156667,0.0973795264251278,5.82638764184147,201.27069626289,H:/Jing/ecoChina2/rf/clm_mfVar_zone41.Rdata,clm_mfVar,0.0480694901700051,19,0.0323103803700618,TRUE,FALSE,FALSE,Temperature,Summer
climate,CMD_at,41,mf_var,Plain MF RF,0.0460371217396969,8.32199742375316,0.102313285392682,8.13889450046192,136.728741301891,H:/Jing/ecoChina2/rf/clm_mfVar_zone41.Rdata,clm_mfVar,0.0460371217396969,20,0.0309443039502137,TRUE,FALSE,FALSE,Climatic moisture balance,Autumn
climate,RH_wt,41,mf_var,Plain MF RF,0.0359184670482996,7.49581876091923,0.0771562393596924,7.24176659310354,138.718374956338,H:/Jing/ecoChina2/rf/clm_mfVar_zone41.Rdata,clm_mfVar,0.0359184670482996,21,0.0241429507268679,TRUE,FALSE,FALSE,Humidity,Winter
climate,PPT_sm,42,mf_var,Plain MF RF,0.137945445768771,10.2059807135841,0.285405822653088,10.1522252409461,706.083522364471,H:/Jing/ecoChina2/rf/clm_mfVar_zone42.Rdata,clm_mfVar,0.137945445768771,1,0.106745760866014,TRUE,TRUE,TRUE,Precipitation,Summer
climate,MAP,42,mf_var,Plain MF RF,0.0969747210386146,6.05504703984742,0.200060210229233,5.83185862236489,695.491843373022,H:/Jing/ecoChina2/rf/clm_mfVar_zone42.Rdata,clm_mfVar,0.0969747210386146,2,0.0750415522915347,TRUE,TRUE,TRUE,Precipitation,Annual
climate,Eref_sm,42,mf_var,Plain MF RF,0.0969001107998828,5.39336235520514,0.208905908305513,5.26085630227839,840.624596432785,H:/Jing/ecoChina2/rf/clm_mfVar_zone42.Rdata,clm_mfVar,0.0969001107998828,3,0.0749838169552398,TRUE,TRUE,TRUE,Radiation and evaporative demand,Summer
climate,DD5,42,mf_var,Plain MF RF,0.0940879795878693,4.68005899770753,0.179867196715814,4.33990012768206,1273.19675313182,H:/Jing/ecoChina2/rf/clm_mfVar_zone42.Rdata,clm_mfVar,0.0940879795878693,4,0.0728077169454967,TRUE,TRUE,TRUE,Growing season and degree-days,Annual
climate,DD_18_sm,42,mf_var,Plain MF RF,0.093326575347933,4.69731119766595,0.181969706691881,4.38116898602312,1123.99458855338,H:/Jing/ecoChina2/rf/clm_mfVar_zone42.Rdata,clm_mfVar,0.093326575347933,5,0.0722185226124351,TRUE,TRUE,TRUE,Growing season and degree-days,Summer
climate,PPT_at,42,mf_var,Plain MF RF,0.0927386149486278,5.94757742946602,0.195642728932852,5.59950192750682,750.073575764531,H:/Jing/ecoChina2/rf/clm_mfVar_zone42.Rdata,clm_mfVar,0.0927386149486278,6,0.071763543618144,TRUE,FALSE,TRUE,Precipitation,Autumn
climate,DD5_sm,42,mf_var,Plain MF RF,0.0885718966118146,4.47037328920946,0.172339272286631,4.12569591350331,1029.30034915828,H:/Jing/ecoChina2/rf/clm_mfVar_zone42.Rdata,clm_mfVar,0.0885718966118146,7,0.0685392289863796,TRUE,FALSE,TRUE,Growing season and degree-days,Summer
climate,Eref_at,42,mf_var,Plain MF RF,0.0864111035934373,5.55110956072071,0.197277596990319,5.69744716403027,601.076658864749,H:/Jing/ecoChina2/rf/clm_mfVar_zone42.Rdata,clm_mfVar,0.0864111035934373,8,0.0668671513506505,TRUE,FALSE,TRUE,Radiation and evaporative demand,Autumn
climate,TD,42,mf_var,Plain MF RF,0.062315041541743,6.24750918658296,0.139205326155686,6.08159753172287,238.32587221424,H:/Jing/ecoChina2/rf/clm_mfVar_zone42.Rdata,clm_mfVar,0.062315041541743,9,0.0482209940726907,TRUE,FALSE,TRUE,Temperature,Annual
climate,CMD_sm,42,mf_var,Plain MF RF,0.0622022473337583,4.86094738014261,0.129559965234884,4.50820049502208,405.248582686549,H:/Jing/ecoChina2/rf/clm_mfVar_zone42.Rdata,clm_mfVar,0.0622022473337583,10,0.0481337109914298,TRUE,FALSE,TRUE,Climatic moisture balance,Summer
climate,CMD_at,42,mf_var,Plain MF RF,0.049897082819827,5.95032514161538,0.113167132362898,5.80325958868674,119.717746112336,H:/Jing/ecoChina2/rf/clm_mfVar_zone42.Rdata,clm_mfVar,0.049897082819827,11,0.0386116557956183,TRUE,FALSE,FALSE,Climatic moisture balance,Autumn
climate,AHM,42,mf_var,Plain MF RF,0.0483522547935622,5.87689128345669,0.103117584695416,5.57526236947879,208.193865134751,H:/Jing/ecoChina2/rf/clm_mfVar_zone42.Rdata,clm_mfVar,0.0483522547935622,12,0.0374162278338486,TRUE,FALSE,FALSE,Climatic moisture balance,Annual
climate,RH_wt,42,mf_var,Plain MF RF,0.0422216270601054,5.23418423284265,0.0986837005503186,5.1859249039714,299.411599021263,H:/Jing/ecoChina2/rf/clm_mfVar_zone42.Rdata,clm_mfVar,0.0422216270601054,13,0.0326721892151972,TRUE,FALSE,FALSE,Humidity,Winter
climate,CMD,42,mf_var,Plain MF RF,0.0406002884452144,5.19313013993394,0.0806662419377435,5.07975756974317,225.352398767101,H:/Jing/ecoChina2/rf/clm_mfVar_zone42.Rdata,clm_mfVar,0.0406002884452144,14,0.0314175553771356,TRUE,FALSE,FALSE,Climatic moisture balance,Annual
climate,PAS,42,mf_var,Plain MF RF,0.0336136780826721,5.61341725407361,0.0629994297072553,5.39531037524708,144.397740871554,H:/Jing/ecoChina2/rf/clm_mfVar_zone42.Rdata,clm_mfVar,0.0336136780826721,15,0.0260111352168494,TRUE,FALSE,FALSE,Snowfall,Annual
climate,PAS_at,42,mf_var,Plain MF RF,0.032568632609255,4.29821426887787,0.0720765992093886,4.14329509017977,207.249657962503,H:/Jing/ecoChina2/rf/clm_mfVar_zone42.Rdata,clm_mfVar,0.032568632609255,16,0.0252024519466059,TRUE,FALSE,FALSE,Snowfall,Autumn
climate,RH,42,mf_var,Plain MF RF,0.0319202739624311,4.93404807092325,0.0726807401874613,4.77210424252477,150.288776120444,H:/Jing/ecoChina2/rf/clm_mfVar_zone42.Rdata,clm_mfVar,0.0319202739624311,17,0.0247007352231318,TRUE,FALSE,FALSE,Humidity,Annual
climate,PAS_wt,42,mf_var,Plain MF RF,0.0318735003507703,4.47510724721039,0.0719709405351996,4.31813429529694,87.6482517296422,H:/Jing/ecoChina2/rf/clm_mfVar_zone42.Rdata,clm_mfVar,0.0318735003507703,18,0.0246645405902655,TRUE,FALSE,FALSE,Snowfall,Winter
climate,MCMT,42,mf_var,Plain MF RF,0.0304780545107138,5.1857086797565,0.0702484804859598,5.08192048895344,150.491974628457,H:/Jing/ecoChina2/rf/clm_mfVar_zone42.Rdata,clm_mfVar,0.0304780545107138,19,0.0235847084355031,TRUE,FALSE,FALSE,Temperature,Annual
climate,PAS_sp,42,mf_var,Plain MF RF,0.0275046370843116,4.95894695182745,0.0580276132468819,4.77510977411648,105.531898802253,H:/Jing/ecoChina2/rf/clm_mfVar_zone42.Rdata,clm_mfVar,0.0275046370843116,20,0.0212838009732473,TRUE,FALSE,FALSE,Snowfall,Spring
climate,RH_sm,42,mf_var,Plain MF RF,0.0117765514434513,6.95542400728281,0.0255352843947549,6.76343072714749,90.9578163212213,H:/Jing/ecoChina2/rf/clm_mfVar_zone42.Rdata,clm_mfVar,0.0117765514434513,21,0.00911300070258318,TRUE,FALSE,FALSE,Humidity,Summer
climate,PAS_wt,43,mf_var,Plain MF RF,0.100437248306117,5.24621095858729,0.223416671318371,5.17809025553652,253.903416531499,H:/Jing/ecoChina2/rf/clm_mfVar_zone43.Rdata,clm_mfVar,0.100437248306117,1,0.0654629441909583,TRUE,TRUE,TRUE,Snowfall,Winter
climate,Tmin_at,43,mf_var,Plain MF RF,0.0990564720426149,4.89977505730677,0.206795522506954,4.8367971806696,404.491272256932,H:/Jing/ecoChina2/rf/clm_mfVar_zone43.Rdata,clm_mfVar,0.0990564720426149,2,0.0645629824635885,TRUE,TRUE,TRUE,Temperature,Autumn
climate,Tmax_wt,43,mf_var,Plain MF RF,0.0975804834452814,5.47045620690259,0.218033826911948,5.38792326687445,159.661007682298,H:/Jing/ecoChina2/rf/clm_mfVar_zone43.Rdata,clm_mfVar,0.0975804834452814,3,0.0636009632844166,TRUE,TRUE,TRUE,Temperature,Winter
climate,PPT_at,43,mf_var,Plain MF RF,0.0926834234906479,5.14547568284105,0.203058523453449,4.98135951481779,192.434745420871,H:/Jing/ecoChina2/rf/clm_mfVar_zone43.Rdata,clm_mfVar,0.0926834234906479,4,0.0604091597661354,TRUE,TRUE,TRUE,Precipitation,Autumn
climate,MWMT,43,mf_var,Plain MF RF,0.0912395190688916,4.40240730450584,0.198843589777603,4.20965629336905,591.164091298712,H:/Jing/ecoChina2/rf/clm_mfVar_zone43.Rdata,clm_mfVar,0.0912395190688916,5,0.0594680523963833,TRUE,TRUE,TRUE,Temperature,Annual
climate,CMD_sm,43,mf_var,Plain MF RF,0.0889137619539883,4.53743597819286,0.199803407637119,4.4238960430885,105.764867506646,H:/Jing/ecoChina2/rf/clm_mfVar_zone43.Rdata,clm_mfVar,0.0889137619539883,6,0.0579521714778758,TRUE,FALSE,TRUE,Climatic moisture balance,Summer
climate,Eref_sm,43,mf_var,Plain MF RF,0.0825644013314733,4.20906766685216,0.182280397939195,4.16931159726791,458.050368724154,H:/Jing/ecoChina2/rf/clm_mfVar_zone43.Rdata,clm_mfVar,0.0825644013314733,7,0.0538137880883475,TRUE,FALSE,TRUE,Radiation and evaporative demand,Summer
climate,Eref_at,43,mf_var,Plain MF RF,0.078948870030779,4.85451314183265,0.173463343201825,4.7804796032428,187.558716352699,H:/Jing/ecoChina2/rf/clm_mfVar_zone43.Rdata,clm_mfVar,0.078948870030779,8,0.0514572587354461,TRUE,FALSE,TRUE,Radiation and evaporative demand,Autumn
climate,RH_wt,43,mf_var,Plain MF RF,0.0789377351703811,4.68396569413712,0.175879727316433,4.63578930490111,338.394352563655,H:/Jing/ecoChina2/rf/clm_mfVar_zone43.Rdata,clm_mfVar,0.0789377351703811,9,0.0514500012611813,TRUE,FALSE,TRUE,Humidity,Winter
climate,MCMT,43,mf_var,Plain MF RF,0.077509633352123,5.10318322728813,0.165554151270781,5.0489549065934,236.3207966958,H:/Jing/ecoChina2/rf/clm_mfVar_zone43.Rdata,clm_mfVar,0.077509633352123,10,0.0505191937051768,TRUE,FALSE,TRUE,Temperature,Annual
climate,RH_at,43,mf_var,Plain MF RF,0.0718796941925632,5.69882482155557,0.16371558558948,5.66547350739204,138.910906386574,H:/Jing/ecoChina2/rf/clm_mfVar_zone43.Rdata,clm_mfVar,0.0718796941925632,11,0.04684971451079,TRUE,FALSE,FALSE,Humidity,Autumn
climate,PPT_wt,43,mf_var,Plain MF RF,0.0671008886399469,4.61611460767977,0.145740378321684,4.41293969329768,125.464825352016,H:/Jing/ecoChina2/rf/clm_mfVar_zone43.Rdata,clm_mfVar,0.0671008886399469,12,0.0437349867930723,TRUE,FALSE,FALSE,Precipitation,Winter
climate,Tmin_sp,43,mf_var,Plain MF RF,0.0659797184901474,4.05849638299038,0.137801262068749,3.98592565037932,313.18721010473,H:/Jing/ecoChina2/rf/clm_mfVar_zone43.Rdata,clm_mfVar,0.0659797184901474,13,0.0430042310208592,TRUE,FALSE,FALSE,Temperature,Spring
climate,PPT_sm,43,mf_var,Plain MF RF,0.0652582885281959,5.97741642272314,0.142192541539251,5.70550897834187,150.95385905868,H:/Jing/ecoChina2/rf/clm_mfVar_zone43.Rdata,clm_mfVar,0.0652582885281959,14,0.0425340177271519,TRUE,FALSE,FALSE,Precipitation,Summer
climate,TD,43,mf_var,Plain MF RF,0.0651692222027609,4.72524640190232,0.145373112923081,4.63149272503178,168.607566405166,H:/Jing/ecoChina2/rf/clm_mfVar_zone43.Rdata,clm_mfVar,0.0651692222027609,15,0.0424759661179175,TRUE,FALSE,FALSE,Temperature,Annual
climate,EMT,43,mf_var,Plain MF RF,0.063558019171788,4.71219958007513,0.13534304093541,4.5805089416488,162.338520223533,H:/Jing/ecoChina2/rf/clm_mfVar_zone43.Rdata,clm_mfVar,0.063558019171788,16,0.0414258169364564,TRUE,FALSE,FALSE,Temperature,Annual
climate,MAP,43,mf_var,Plain MF RF,0.0601923618703696,4.46201576421637,0.132075527214692,4.29412220492448,135.680174255051,H:/Jing/ecoChina2/rf/clm_mfVar_zone43.Rdata,clm_mfVar,0.0601923618703696,17,0.0392321503455803,TRUE,FALSE,FALSE,Precipitation,Annual
climate,Tmin_wt,43,mf_var,Plain MF RF,0.0582212901339643,4.20779534422518,0.125132139078297,4.13054172007739,203.411302604288,H:/Jing/ecoChina2/rf/clm_mfVar_zone43.Rdata,clm_mfVar,0.0582212901339643,18,0.0379474461023557,TRUE,FALSE,FALSE,Temperature,Winter
climate,CMD_sp,43,mf_var,Plain MF RF,0.0481369222526814,4.29121668876722,0.108534230830964,4.216658944603,56.1095607981445,H:/Jing/ecoChina2/rf/clm_mfVar_zone43.Rdata,clm_mfVar,0.0481369222526814,19,0.0313746613741096,TRUE,FALSE,FALSE,Climatic moisture balance,Spring
climate,RH_sm,43,mf_var,Plain MF RF,0.0428354340231106,3.83953521392764,0.0965396987792129,3.77686084758582,79.1825630309472,H:/Jing/ecoChina2/rf/clm_mfVar_zone43.Rdata,clm_mfVar,0.0428354340231106,20,0.0279192597780438,TRUE,FALSE,FALSE,Humidity,Summer
climate,AHM,43,mf_var,Plain MF RF,0.0380577053128575,4.09811377537734,0.0832252072307509,3.92100833519749,85.507057826428,H:/Jing/ecoChina2/rf/clm_mfVar_zone43.Rdata,clm_mfVar,0.0380577053128575,21,0.0248052339241536,TRUE,FALSE,FALSE,Climatic moisture balance,Annual
climate,TD,44,mf_var,Plain MF RF,0.104869582690238,9.34865730157096,0.167151603801825,8.98213419268396,505.831757592913,H:/Jing/ecoChina2/rf/clm_mfVar_zone44.Rdata,clm_mfVar,0.104869582690238,1,0.0855593596903847,TRUE,TRUE,TRUE,Temperature,Annual
climate,Tmin_wt,44,mf_var,Plain MF RF,0.096029469761379,4.78701579121548,0.1441514593272,4.92694892357097,1052.71261559314,H:/Jing/ecoChina2/rf/clm_mfVar_zone44.Rdata,clm_mfVar,0.096029469761379,2,0.0783470262150245,TRUE,TRUE,TRUE,Temperature,Winter
climate,DD_18_wt,44,mf_var,Plain MF RF,0.0918330229276603,5.16170863876088,0.12960580066873,4.97550375256832,869.156521184805,H:/Jing/ecoChina2/rf/clm_mfVar_zone44.Rdata,clm_mfVar,0.0918330229276603,3,0.0749232946156698,TRUE,TRUE,TRUE,Growing season and degree-days,Winter
climate,PPT_at,44,mf_var,Plain MF RF,0.0874249416179559,6.43775449710756,0.142207212391198,6.4687271992433,1066.70388431899,H:/Jing/ecoChina2/rf/clm_mfVar_zone44.Rdata,clm_mfVar,0.0874249416179559,4,0.0713268979804748,TRUE,TRUE,TRUE,Precipitation,Autumn
climate,Tmax_wt,44,mf_var,Plain MF RF,0.0849366650719977,5.43978653030352,0.0953440962884767,4.85273238842305,742.308769353248,H:/Jing/ecoChina2/rf/clm_mfVar_zone44.Rdata,clm_mfVar,0.0849366650719977,5,0.0692968017166838,TRUE,TRUE,TRUE,Temperature,Winter
climate,PPT_sp,44,mf_var,Plain MF RF,0.0773829851902373,6.46605967754631,0.15149541704575,7.23360487799961,616.739410469685,H:/Jing/ecoChina2/rf/clm_mfVar_zone44.Rdata,clm_mfVar,0.0773829851902373,6,0.0631340231739431,TRUE,FALSE,TRUE,Precipitation,Spring
climate,Eref_at,44,mf_var,Plain MF RF,0.0739294395896357,6.52705131714942,0.119973118988021,7.11363809887657,349.84022918895,H:/Jing/ecoChina2/rf/clm_mfVar_zone44.Rdata,clm_mfVar,0.0739294395896357,7,0.0603163982471632,TRUE,FALSE,TRUE,Radiation and evaporative demand,Autumn
climate,CMD_wt,44,mf_var,Plain MF RF,0.0734584176517209,5.78544801707849,0.144204759655954,6.46747615276282,461.487697733752,H:/Jing/ecoChina2/rf/clm_mfVar_zone44.Rdata,clm_mfVar,0.0734584176517209,8,0.0599321082140165,TRUE,FALSE,TRUE,Climatic moisture balance,Winter
climate,PPT_wt,44,mf_var,Plain MF RF,0.0607827072253321,7.57525680839563,0.143444624539673,7.33573608548208,516.631087383585,H:/Jing/ecoChina2/rf/clm_mfVar_zone44.Rdata,clm_mfVar,0.0607827072253321,9,0.0495904472682873,TRUE,FALSE,TRUE,Precipitation,Winter
climate,PPT_sm,44,mf_var,Plain MF RF,0.0542214959463441,6.76966284999334,0.121712165584102,6.60300311043146,441.794371727501,H:/Jing/ecoChina2/rf/clm_mfVar_zone44.Rdata,clm_mfVar,0.0542214959463441,10,0.0442373885316876,TRUE,FALSE,TRUE,Precipitation,Summer
climate,DD5_sm,44,mf_var,Plain MF RF,0.0444772686256888,6.45396025003715,0.0906676989588243,6.25622335937103,210.604453773237,H:/Jing/ecoChina2/rf/clm_mfVar_zone44.Rdata,clm_mfVar,0.0444772686256888,11,0.0362874203059588,TRUE,FALSE,FALSE,Growing season and degree-days,Summer
climate,Eref_sp,44,mf_var,Plain MF RF,0.0437408344848627,5.48153644391526,0.0857836393950626,6.47552137524139,219.928893935239,H:/Jing/ecoChina2/rf/clm_mfVar_zone44.Rdata,clm_mfVar,0.0437408344848627,12,0.0356865899037884,TRUE,FALSE,FALSE,Radiation and evaporative demand,Spring
climate,DD18,44,mf_var,Plain MF RF,0.0412555944338728,5.79762514974319,0.0885340053660907,5.68595305358146,203.94637219563,H:/Jing/ecoChina2/rf/clm_mfVar_zone44.Rdata,clm_mfVar,0.0412555944338728,13,0.0336589710081581,TRUE,FALSE,FALSE,Growing season and degree-days,Annual
climate,DD18_sp,44,mf_var,Plain MF RF,0.0408986498596445,6.12238384065924,0.0955645886918318,6.10221100842513,204.811059953622,H:/Jing/ecoChina2/rf/clm_mfVar_zone44.Rdata,clm_mfVar,0.0408986498596445,14,0.0333677526354662,TRUE,FALSE,FALSE,Growing season and degree-days,Spring
climate,AHM,44,mf_var,Plain MF RF,0.0398009145334404,7.54645176466772,0.0886149746243362,7.73324532173442,226.862650417264,H:/Jing/ecoChina2/rf/clm_mfVar_zone44.Rdata,clm_mfVar,0.0398009145334404,15,0.0324721494566401,TRUE,FALSE,FALSE,Climatic moisture balance,Annual
climate,MWMT,44,mf_var,Plain MF RF,0.0385999288598461,6.13430843072778,0.0761183731633662,5.79231053301026,177.133145259434,H:/Jing/ecoChina2/rf/clm_mfVar_zone44.Rdata,clm_mfVar,0.0385999288598461,16,0.0314923079945684,TRUE,FALSE,FALSE,Temperature,Annual
climate,EXT,44,mf_var,Plain MF RF,0.0383913327946835,7.17579312045249,0.0791097377155451,7.24090509735534,160.228396980105,H:/Jing/ecoChina2/rf/clm_mfVar_zone44.Rdata,clm_mfVar,0.0383913327946835,17,0.0313221218899668,TRUE,FALSE,FALSE,Temperature,Annual
climate,CMD_sp,44,mf_var,Plain MF RF,0.0367663321326152,6.65191490010815,0.0801672225920734,6.65914301157037,120.841819463518,H:/Jing/ecoChina2/rf/clm_mfVar_zone44.Rdata,clm_mfVar,0.0367663321326152,18,0.0299963416915876,TRUE,FALSE,FALSE,Climatic moisture balance,Spring
climate,Eref_sm,44,mf_var,Plain MF RF,0.0327239180376857,6.4349040523054,0.0679222382498949,8.45332982071194,170.192825881348,H:/Jing/ecoChina2/rf/clm_mfVar_zone44.Rdata,clm_mfVar,0.0327239180376857,19,0.0266982799210247,TRUE,FALSE,FALSE,Radiation and evaporative demand,Summer
climate,CMD_at,44,mf_var,Plain MF RF,0.0324243540385376,7.69174455782056,0.0710624735070844,7.81232907189971,144.992993463077,H:/Jing/ecoChina2/rf/clm_mfVar_zone44.Rdata,clm_mfVar,0.0324243540385376,20,0.0264538763170826,TRUE,FALSE,FALSE,Climatic moisture balance,Autumn
climate,CMD,44,mf_var,Plain MF RF,0.0317460144869803,7.63054012422726,0.0698697792117017,7.68254010663522,159.26573820178,H:/Jing/ecoChina2/rf/clm_mfVar_zone44.Rdata,clm_mfVar,0.0317460144869803,21,0.0259004432224231,TRUE,FALSE,FALSE,Climatic moisture balance,Annual
climate,TD,45,mf_var,Plain MF RF,0.176391349012788,16.5360697808884,0.363304048921842,18.3743906164101,1466.63185991504,H:/Jing/ecoChina2/rf/clm_mfVar_zone45.Rdata,clm_mfVar,0.176391349012788,1,0.11066643389859,TRUE,TRUE,TRUE,Temperature,Annual
climate,EXT,45,mf_var,Plain MF RF,0.138595579947965,7.21191622533049,0.274920537300394,6.59878364348355,1345.18983001006,H:/Jing/ecoChina2/rf/clm_mfVar_zone45.Rdata,clm_mfVar,0.138595579947965,2,0.0869536894682753,TRUE,TRUE,TRUE,Temperature,Annual
climate,Tmax_sp,45,mf_var,Plain MF RF,0.107458413918625,5.71144595549239,0.2133126025361,5.62593432056752,482.151422682521,H:/Jing/ecoChina2/rf/clm_mfVar_zone45.Rdata,clm_mfVar,0.107458413918625,3,0.0674184960165515,TRUE,TRUE,TRUE,Temperature,Spring
climate,DD_18_sp,45,mf_var,Plain MF RF,0.106444789525607,6.06395603412188,0.21794100879621,5.95747228084575,457.926682725547,H:/Jing/ecoChina2/rf/clm_mfVar_zone45.Rdata,clm_mfVar,0.106444789525607,4,0.0667825566832693,TRUE,TRUE,TRUE,Growing season and degree-days,Spring
climate,PPT_at,45,mf_var,Plain MF RF,0.0993347650468777,10.5088313408143,0.222460478162187,10.3383396968164,239.680133579534,H:/Jing/ecoChina2/rf/clm_mfVar_zone45.Rdata,clm_mfVar,0.0993347650468777,5,0.062321787726082,TRUE,TRUE,TRUE,Precipitation,Autumn
climate,PPT_sp,45,mf_var,Plain MF RF,0.0939633049963422,11.803871379932,0.204289199769274,11.4923551038191,225.544908311891,H:/Jing/ecoChina2/rf/clm_mfVar_zone45.Rdata,clm_mfVar,0.0939633049963422,6,0.0589517793217674,TRUE,FALSE,TRUE,Precipitation,Spring
climate,MAP,45,mf_var,Plain MF RF,0.0878972318646808,9.39712680717888,0.187380906465983,9.25388180249287,250.865220281621,H:/Jing/ecoChina2/rf/clm_mfVar_zone45.Rdata,clm_mfVar,0.0878972318646808,7,0.0551459765712008,TRUE,FALSE,TRUE,Precipitation,Annual
climate,RH_wt,45,mf_var,Plain MF RF,0.0806008088357706,5.9968277982488,0.172357956328436,6.0827370008764,527.62269277936,H:/Jing/ecoChina2/rf/clm_mfVar_zone45.Rdata,clm_mfVar,0.0806008088357706,8,0.0505682627471147,TRUE,FALSE,TRUE,Humidity,Winter
climate,PPT_sm,45,mf_var,Plain MF RF,0.0746339252527369,9.81687865057123,0.159273349080539,9.66468010180767,217.732294129015,H:/Jing/ecoChina2/rf/clm_mfVar_zone45.Rdata,clm_mfVar,0.0746339252527369,9,0.0468246906767264,TRUE,FALSE,TRUE,Precipitation,Summer
climate,Tmax_wt,45,mf_var,Plain MF RF,0.0639164029078112,7.00212809372886,0.133253667140178,6.48919285679756,333.035093006632,H:/Jing/ecoChina2/rf/clm_mfVar_zone45.Rdata,clm_mfVar,0.0639164029078112,10,0.0401006082045447,TRUE,FALSE,TRUE,Temperature,Winter
climate,CMD_sp,45,mf_var,Plain MF RF,0.0638647232431734,7.41293933134882,0.139577933455913,7.49171566106373,199.30637377254,H:/Jing/ecoChina2/rf/clm_mfVar_zone45.Rdata,clm_mfVar,0.0638647232431734,11,0.0400681848219777,TRUE,FALSE,FALSE,Climatic moisture balance,Spring
climate,EMT,45,mf_var,Plain MF RF,0.0564192621444203,5.67121888748,0.110670806248546,5.6030301637585,295.849843454649,H:/Jing/ecoChina2/rf/clm_mfVar_zone45.Rdata,clm_mfVar,0.0564192621444203,12,0.0353969657789739,TRUE,FALSE,FALSE,Temperature,Annual
climate,DD_0_wt,45,mf_var,Plain MF RF,0.0553626006892867,5.82745701759615,0.110184602260254,5.50866313197206,292.035533671394,H:/Jing/ecoChina2/rf/clm_mfVar_zone45.Rdata,clm_mfVar,0.0553626006892867,13,0.034734025358527,TRUE,FALSE,FALSE,Growing season and degree-days,Winter
climate,DD_18_wt,45,mf_var,Plain MF RF,0.053889271222113,5.84544977090845,0.10461840263084,5.45931367641362,292.808993201584,H:/Jing/ecoChina2/rf/clm_mfVar_zone45.Rdata,clm_mfVar,0.053889271222113,14,0.0338096709669859,TRUE,FALSE,FALSE,Growing season and degree-days,Winter
climate,Tmin_wt,45,mf_var,Plain MF RF,0.0538864340489075,6.11865849043603,0.110606633904836,5.93262881508252,292.781163123953,H:/Jing/ecoChina2/rf/clm_mfVar_zone45.Rdata,clm_mfVar,0.0538864340489075,15,0.033807890948619,TRUE,FALSE,FALSE,Temperature,Winter
climate,RH_sm,45,mf_var,Plain MF RF,0.0530481171009339,10.8983712721685,0.114835737260578,10.5735694610583,238.292426048695,H:/Jing/ecoChina2/rf/clm_mfVar_zone45.Rdata,clm_mfVar,0.0530481171009339,16,0.0332819380170937,TRUE,FALSE,FALSE,Humidity,Summer
climate,PPT_wt,45,mf_var,Plain MF RF,0.0527828082616173,7.96013460462779,0.105437133205412,7.5493626835566,150.4478571374,H:/Jing/ecoChina2/rf/clm_mfVar_zone45.Rdata,clm_mfVar,0.0527828082616173,17,0.0331154855051464,TRUE,FALSE,FALSE,Precipitation,Winter
climate,MCMT,45,mf_var,Plain MF RF,0.0464807324082758,5.20522501278864,0.090208750161104,4.69444353002844,299.752534577644,H:/Jing/ecoChina2/rf/clm_mfVar_zone45.Rdata,clm_mfVar,0.0464807324082758,18,0.0291616166518777,TRUE,FALSE,FALSE,Temperature,Annual
climate,Eref_at,45,mf_var,Plain MF RF,0.0449045848088376,5.15111398004577,0.0870316634802269,5.05243334809505,224.327355857889,H:/Jing/ecoChina2/rf/clm_mfVar_zone45.Rdata,clm_mfVar,0.0449045848088376,19,0.02817275503761,TRUE,FALSE,FALSE,Radiation and evaporative demand,Autumn
climate,CMD,45,mf_var,Plain MF RF,0.0433820609347013,5.21742332529786,0.09192497801474,5.07866066574674,214.897380831743,H:/Jing/ecoChina2/rf/clm_mfVar_zone45.Rdata,clm_mfVar,0.0433820609347013,20,0.0272175364930548,TRUE,FALSE,FALSE,Climatic moisture balance,Annual
climate,PAS_wt,45,mf_var,Plain MF RF,0.0406439183653824,5.63062181099029,0.0887791389040289,5.43090515177451,108.919828103886,H:/Jing/ecoChina2/rf/clm_mfVar_zone45.Rdata,clm_mfVar,0.0406439183653824,21,0.0254996491060125,TRUE,FALSE,FALSE,Snowfall,Winter
climate,TD,46,mf_var,Plain MF RF,0.140023110785708,11.6258551458721,0.269298653817852,12.6229194631358,1317.60311554207,H:/Jing/ecoChina2/rf/clm_mfVar_zone46.Rdata,clm_mfVar,0.140023110785708,1,0.116624973685358,TRUE,TRUE,TRUE,Temperature,Annual
climate,EXT,46,mf_var,Plain MF RF,0.104069551821833,6.63798865509883,0.191383537424555,5.96355168042744,1159.95057564409,H:/Jing/ecoChina2/rf/clm_mfVar_zone46.Rdata,clm_mfVar,0.104069551821833,2,0.0866793251097167,TRUE,TRUE,TRUE,Temperature,Annual
climate,DD5_sm,46,mf_var,Plain MF RF,0.09583448380729,5.981446927025,0.173560679501929,5.59118305923432,780.517458761063,H:/Jing/ecoChina2/rf/clm_mfVar_zone46.Rdata,clm_mfVar,0.09583448380729,3,0.0798203531507016,TRUE,TRUE,TRUE,Growing season and degree-days,Summer
climate,Tmax_sm,46,mf_var,Plain MF RF,0.0925518337892603,5.85839325507096,0.173270909039415,5.29002670105187,1068.64912910402,H:/Jing/ecoChina2/rf/clm_mfVar_zone46.Rdata,clm_mfVar,0.0925518337892603,4,0.077086240404436,TRUE,TRUE,TRUE,Temperature,Summer
climate,PPT_at,46,mf_var,Plain MF RF,0.0803956929687927,7.07012702353511,0.143720069855241,6.38414607194349,804.378170180523,H:/Jing/ecoChina2/rf/clm_mfVar_zone46.Rdata,clm_mfVar,0.0803956929687927,5,0.0669614146142691,TRUE,TRUE,TRUE,Precipitation,Autumn
climate,PPT_sm,46,mf_var,Plain MF RF,0.0787789719627453,11.2961940141201,0.16454194860703,11.8019936469574,473.215520920656,H:/Jing/ecoChina2/rf/clm_mfVar_zone46.Rdata,clm_mfVar,0.0787789719627453,6,0.0656148508668361,TRUE,FALSE,TRUE,Precipitation,Summer
climate,MAP,46,mf_var,Plain MF RF,0.0730942485137331,6.79229822286827,0.139019189046085,6.44549727510745,635.875421390729,H:/Jing/ecoChina2/rf/clm_mfVar_zone46.Rdata,clm_mfVar,0.0730942485137331,7,0.0608800558824266,TRUE,FALSE,TRUE,Precipitation,Annual
climate,Tmax_wt,46,mf_var,Plain MF RF,0.0587962669817872,6.98818740237931,0.117957090589661,6.73478813503531,265.444492307689,H:/Jing/ecoChina2/rf/clm_mfVar_zone46.Rdata,clm_mfVar,0.0587962669817872,8,0.0489712951745683,TRUE,FALSE,TRUE,Temperature,Winter
climate,PPT_sp,46,mf_var,Plain MF RF,0.0512964480604714,7.39689559949699,0.0940315828179746,6.6613266393583,576.682908323517,H:/Jing/ecoChina2/rf/clm_mfVar_zone46.Rdata,clm_mfVar,0.0512964480604714,9,0.0427247107397889,TRUE,FALSE,TRUE,Precipitation,Spring
climate,Tmin_at,46,mf_var,Plain MF RF,0.0450260094349968,5.03267321235352,0.0740999411842016,5.00302013152188,265.281905858384,H:/Jing/ecoChina2/rf/clm_mfVar_zone46.Rdata,clm_mfVar,0.0450260094349968,10,0.0375020747364309,TRUE,FALSE,TRUE,Temperature,Autumn
climate,EMT,46,mf_var,Plain MF RF,0.044429878660465,6.47604755479641,0.0833673739773457,6.44453128934643,244.957609730575,H:/Jing/ecoChina2/rf/clm_mfVar_zone46.Rdata,clm_mfVar,0.044429878660465,11,0.0370055585863276,TRUE,FALSE,FALSE,Temperature,Annual
climate,DD_18_wt,46,mf_var,Plain MF RF,0.0425156621663697,6.30380078348053,0.0788169287075023,6.00318531019767,169.119609651143,H:/Jing/ecoChina2/rf/clm_mfVar_zone46.Rdata,clm_mfVar,0.0425156621663697,12,0.0354112114317811,TRUE,FALSE,FALSE,Growing season and degree-days,Winter
climate,DD_0_wt,46,mf_var,Plain MF RF,0.0413887293506495,5.50171385556309,0.0755414912481136,5.25227051041283,158.522089895305,H:/Jing/ecoChina2/rf/clm_mfVar_zone46.Rdata,clm_mfVar,0.0413887293506495,13,0.0344725913051388,TRUE,FALSE,FALSE,Growing season and degree-days,Winter
climate,Tmin_wt,46,mf_var,Plain MF RF,0.040289618979613,5.94275390996171,0.0768953568874008,6.24322895840534,178.301544877335,H:/Jing/ecoChina2/rf/clm_mfVar_zone46.Rdata,clm_mfVar,0.040289618979613,14,0.033557144437974,TRUE,FALSE,FALSE,Temperature,Winter
climate,DD_0,46,mf_var,Plain MF RF,0.0392331642884016,5.80974932925698,0.0758687545379486,5.70843357575926,164.847000299986,H:/Jing/ecoChina2/rf/clm_mfVar_zone46.Rdata,clm_mfVar,0.0392331642884016,15,0.0326772254026738,TRUE,FALSE,FALSE,Growing season and degree-days,Annual
climate,PPT_wt,46,mf_var,Plain MF RF,0.0334241853821047,6.60672726663642,0.045032593998203,8.59599642010631,171.338830143573,H:/Jing/ecoChina2/rf/clm_mfVar_zone46.Rdata,clm_mfVar,0.0334241853821047,16,0.0278389382921805,TRUE,FALSE,FALSE,Precipitation,Winter
climate,DD_0_sp,46,mf_var,Plain MF RF,0.0321490382993865,5.7420186967932,0.0692922977860025,5.83143404282297,144.302083289837,H:/Jing/ecoChina2/rf/clm_mfVar_zone46.Rdata,clm_mfVar,0.0321490382993865,17,0.0267768707939476,TRUE,FALSE,FALSE,Growing season and degree-days,Spring
climate,Eref_at,46,mf_var,Plain MF RF,0.0316899052207836,6.77346252239948,0.0642482834398283,6.28172186569548,168.490577100859,H:/Jing/ecoChina2/rf/clm_mfVar_zone46.Rdata,clm_mfVar,0.0316899052207836,18,0.0263944597554434,TRUE,FALSE,FALSE,Radiation and evaporative demand,Autumn
climate,CMD_sp,46,mf_var,Plain MF RF,0.0283817435435197,6.36565574346929,0.0604477777089265,6.46967279448776,132.887726238266,H:/Jing/ecoChina2/rf/clm_mfVar_zone46.Rdata,clm_mfVar,0.0283817435435197,19,0.0236390983983581,TRUE,FALSE,FALSE,Climatic moisture balance,Spring
climate,RH_sm,46,mf_var,Plain MF RF,0.0267364083542442,6.85462725800069,0.0500644498753967,6.58885482191387,129.818507389228,H:/Jing/ecoChina2/rf/clm_mfVar_zone46.Rdata,clm_mfVar,0.0267364083542442,20,0.0222687019539703,TRUE,FALSE,FALSE,Humidity,Summer
climate,RH_at,46,mf_var,Plain MF RF,0.0205222062969322,5.85069935143552,0.043463419592404,5.52091852940627,115.841739560096,H:/Jing/ecoChina2/rf/clm_mfVar_zone46.Rdata,clm_mfVar,0.0205222062969322,21,0.0170929052776728,TRUE,FALSE,FALSE,Humidity,Autumn
climate,Eref_wt,47,mf_var,Plain MF RF,0.146543698927409,7.08596682796247,0.224961548422714,7.67120867900933,1103.71256777526,H:/Jing/ecoChina2/rf/clm_mfVar_zone47.Rdata,clm_mfVar,0.146543698927409,1,0.112156731965314,TRUE,TRUE,TRUE,Radiation and evaporative demand,Winter
climate,DD_18_wt,47,mf_var,Plain MF RF,0.132797435003343,5.87811951793947,0.17642019244506,5.6441435016594,920.604296267233,H:/Jing/ecoChina2/rf/clm_mfVar_zone47.Rdata,clm_mfVar,0.132797435003343,2,0.101636074647801,TRUE,TRUE,TRUE,Growing season and degree-days,Winter
climate,Tmin_wt,47,mf_var,Plain MF RF,0.120445831467802,5.28689509969625,0.149213085835147,5.31477461324582,884.081151666452,H:/Jing/ecoChina2/rf/clm_mfVar_zone47.Rdata,clm_mfVar,0.120445831467802,3,0.0921828160142543,TRUE,TRUE,TRUE,Temperature,Winter
climate,DD_18_sp,47,mf_var,Plain MF RF,0.0877129873048982,5.36616141283941,0.156984932129933,6.36592243414386,477.855518898032,H:/Jing/ecoChina2/rf/clm_mfVar_zone47.Rdata,clm_mfVar,0.0877129873048982,4,0.067130842738626,TRUE,TRUE,TRUE,Growing season and degree-days,Spring
climate,Eref_at,47,mf_var,Plain MF RF,0.082725913637446,7.10386838230525,0.157581652594781,7.88316213083025,445.036251359747,H:/Jing/ecoChina2/rf/clm_mfVar_zone47.Rdata,clm_mfVar,0.082725913637446,5,0.0633140025148182,TRUE,TRUE,TRUE,Radiation and evaporative demand,Autumn
climate,TD,47,mf_var,Plain MF RF,0.0794283492544529,7.1189339007624,0.149005886689062,6.24649053593838,268.568530435079,H:/Jing/ecoChina2/rf/clm_mfVar_zone47.Rdata,clm_mfVar,0.0794283492544529,6,0.0607902225955947,TRUE,FALSE,TRUE,Temperature,Annual
climate,PPT_sp,47,mf_var,Plain MF RF,0.0793702403537334,7.38031388226523,0.147911108817037,7.10340714606348,464.325045595383,H:/Jing/ecoChina2/rf/clm_mfVar_zone47.Rdata,clm_mfVar,0.0793702403537334,7,0.0607457491419389,TRUE,FALSE,TRUE,Precipitation,Spring
climate,PPT_at,47,mf_var,Plain MF RF,0.0629744664320258,5.29386087432811,0.122719757998675,4.92538297572149,656.431653755136,H:/Jing/ecoChina2/rf/clm_mfVar_zone47.Rdata,clm_mfVar,0.0629744664320258,8,0.0481972981709303,TRUE,FALSE,TRUE,Precipitation,Autumn
climate,MAP,47,mf_var,Plain MF RF,0.0597567232668659,5.62385983318543,0.104955687978257,5.62270674626508,654.178900345062,H:/Jing/ecoChina2/rf/clm_mfVar_zone47.Rdata,clm_mfVar,0.0597567232668659,9,0.0457346091549609,TRUE,FALSE,TRUE,Precipitation,Annual
climate,DD5,47,mf_var,Plain MF RF,0.0596516421095608,5.23620741497364,0.109673746087254,6.08120483259351,309.199849865714,H:/Jing/ecoChina2/rf/clm_mfVar_zone47.Rdata,clm_mfVar,0.0596516421095608,10,0.0456541856411508,TRUE,FALSE,TRUE,Growing season and degree-days,Annual
climate,PPT_wt,47,mf_var,Plain MF RF,0.0578281791741377,8.14939653006122,0.118655146458599,7.63056861089312,481.57315782282,H:/Jing/ecoChina2/rf/clm_mfVar_zone47.Rdata,clm_mfVar,0.0578281791741377,11,0.0442586043558835,TRUE,FALSE,FALSE,Precipitation,Winter
climate,CMD_sp,47,mf_var,Plain MF RF,0.0442991308712787,6.3028251148159,0.0945723239916776,6.12492354367892,110.664612474519,H:/Jing/ecoChina2/rf/clm_mfVar_zone47.Rdata,clm_mfVar,0.0442991308712787,12,0.0339041922907071,TRUE,FALSE,FALSE,Climatic moisture balance,Spring
climate,DD18,47,mf_var,Plain MF RF,0.0393457098591483,5.38445301322491,0.0773508999535829,5.25181779985066,246.602618806325,H:/Jing/ecoChina2/rf/clm_mfVar_zone47.Rdata,clm_mfVar,0.0393457098591483,13,0.0301131080145824,TRUE,FALSE,FALSE,Growing season and degree-days,Annual
climate,DD18_sm,47,mf_var,Plain MF RF,0.0378770862150924,5.48331624872988,0.0800321929639399,5.137163531942,139.066430963701,H:/Jing/ecoChina2/rf/clm_mfVar_zone47.Rdata,clm_mfVar,0.0378770862150924,14,0.0289891017993039,TRUE,FALSE,FALSE,Growing season and degree-days,Summer
climate,DD5_sm,47,mf_var,Plain MF RF,0.0369997905442314,5.48047425515597,0.0773880878467057,5.13695406253528,143.614410030666,H:/Jing/ecoChina2/rf/clm_mfVar_zone47.Rdata,clm_mfVar,0.0369997905442314,15,0.0283176664791144,TRUE,FALSE,FALSE,Growing season and degree-days,Summer
climate,AHM,47,mf_var,Plain MF RF,0.0354321960233935,5.77862198713208,0.0777855894704878,5.69294525452288,146.768623280687,H:/Jing/ecoChina2/rf/clm_mfVar_zone47.Rdata,clm_mfVar,0.0354321960233935,16,0.0271179132328762,TRUE,FALSE,FALSE,Climatic moisture balance,Annual
climate,PPT_sm,47,mf_var,Plain MF RF,0.0345516777204224,7.01195636943966,0.0776816083608937,6.65370223572407,209.820514354702,H:/Jing/ecoChina2/rf/clm_mfVar_zone47.Rdata,clm_mfVar,0.0345516777204224,17,0.0264440114819329,TRUE,FALSE,FALSE,Precipitation,Summer
climate,Eref_sm,47,mf_var,Plain MF RF,0.0294183347179697,6.72497721953752,0.067294192759891,6.58785490345735,116.69877093253,H:/Jing/ecoChina2/rf/clm_mfVar_zone47.Rdata,clm_mfVar,0.0294183347179697,18,0.0225152245096776,TRUE,FALSE,FALSE,Radiation and evaporative demand,Summer
climate,CMD,47,mf_var,Plain MF RF,0.0283333302030038,6.76330741015316,0.0615152730247006,6.33202687523525,116.946511727401,H:/Jing/ecoChina2/rf/clm_mfVar_zone47.Rdata,clm_mfVar,0.0283333302030038,19,0.0216848199173487,TRUE,FALSE,FALSE,Climatic moisture balance,Annual
climate,Tmax_sm,47,mf_var,Plain MF RF,0.026774109180384,5.37638914880584,0.0556830175398976,4.9869056713977,133.934846718883,H:/Jing/ecoChina2/rf/clm_mfVar_zone47.Rdata,clm_mfVar,0.026774109180384,20,0.0204914753000869,TRUE,FALSE,FALSE,Temperature,Summer
climate,CMD_at,47,mf_var,Plain MF RF,0.0243306082930095,5.94571556361591,0.0561574976647503,5.77218041506706,108.835762770084,H:/Jing/ecoChina2/rf/clm_mfVar_zone47.Rdata,clm_mfVar,0.0243306082930095,21,0.0186213500330973,TRUE,FALSE,FALSE,Climatic moisture balance,Autumn
climate,PPT_wt,48,mf_var,Plain MF RF,0.118435803474877,4.61354737109624,0.249173336924569,4.42389698979944,252.173021416307,H:/Jing/ecoChina2/rf/clm_mfVar_zone48.Rdata,clm_mfVar,0.118435803474877,1,0.0892501263901111,TRUE,TRUE,TRUE,Precipitation,Winter
climate,RH_sm,48,mf_var,Plain MF RF,0.104259804792958,4.11133779967222,0.236514225884793,4.10559712248695,61.6067550047263,H:/Jing/ecoChina2/rf/clm_mfVar_zone48.Rdata,clm_mfVar,0.104259804792958,2,0.0785674642478669,TRUE,TRUE,TRUE,Humidity,Summer
climate,RH_sp,48,mf_var,Plain MF RF,0.0989241926874728,3.514617677628,0.186466542376226,3.35681626767788,194.511340650605,H:/Jing/ecoChina2/rf/clm_mfVar_zone48.Rdata,clm_mfVar,0.0989241926874728,3,0.0745466864018827,TRUE,TRUE,TRUE,Humidity,Spring
climate,Tmin_sm,48,mf_var,Plain MF RF,0.0926229875814957,3.58646990931482,0.194876333336781,3.45983585465713,79.3749139992858,H:/Jing/ecoChina2/rf/clm_mfVar_zone48.Rdata,clm_mfVar,0.0926229875814957,4,0.069798262904779,TRUE,TRUE,TRUE,Temperature,Summer
climate,PPT_sp,48,mf_var,Plain MF RF,0.0859841735177161,3.62731789886753,0.169381195672569,3.40991658642594,171.089877336942,H:/Jing/ecoChina2/rf/clm_mfVar_zone48.Rdata,clm_mfVar,0.0859841735177161,5,0.0647954261198834,TRUE,TRUE,TRUE,Precipitation,Spring
climate,TD,48,mf_var,Plain MF RF,0.0785014250028841,4.3490285511862,0.177289547431617,4.27190485800999,27.4633126697739,H:/Jing/ecoChina2/rf/clm_mfVar_zone48.Rdata,clm_mfVar,0.0785014250028841,6,0.0591566223873969,TRUE,FALSE,TRUE,Temperature,Annual
climate,RH_wt,48,mf_var,Plain MF RF,0.0766712408086278,3.23275109572952,0.162505727781798,3.23251558169119,128.685159146271,H:/Jing/ecoChina2/rf/clm_mfVar_zone48.Rdata,clm_mfVar,0.0766712408086278,7,0.0577774434072062,TRUE,FALSE,TRUE,Humidity,Winter
climate,CMD,48,mf_var,Plain MF RF,0.0669247250457951,3.51535169674141,0.145685089786496,3.40410583211114,23.5858176848436,H:/Jing/ecoChina2/rf/clm_mfVar_zone48.Rdata,clm_mfVar,0.0669247250457951,8,0.0504327238361471,TRUE,FALSE,TRUE,Climatic moisture balance,Annual
climate,RH,48,mf_var,Plain MF RF,0.0603160623583469,2.82455006922011,0.126112056748145,2.81330306576503,140.108359170382,H:/Jing/ecoChina2/rf/clm_mfVar_zone48.Rdata,clm_mfVar,0.0603160623583469,9,0.0454526083405024,TRUE,FALSE,TRUE,Humidity,Annual
climate,DD5_sm,48,mf_var,Plain MF RF,0.0566810590448805,2.7146656838988,0.122424123462513,2.61010420670081,68.0812010075838,H:/Jing/ecoChina2/rf/clm_mfVar_zone48.Rdata,clm_mfVar,0.0566810590448805,10,0.0427133648378046,TRUE,FALSE,TRUE,Growing season and degree-days,Summer
climate,DD18_sm,48,mf_var,Plain MF RF,0.0560803090564074,2.69084670275414,0.124836911652243,2.64495847847125,67.9503675038128,H:/Jing/ecoChina2/rf/clm_mfVar_zone48.Rdata,clm_mfVar,0.0560803090564074,11,0.0422606553460211,TRUE,FALSE,FALSE,Growing season and degree-days,Summer
climate,MAP,48,mf_var,Plain MF RF,0.0543964795576981,3.01261471596706,0.112607718943645,2.84520153669618,62.3119444847805,H:/Jing/ecoChina2/rf/clm_mfVar_zone48.Rdata,clm_mfVar,0.0543964795576981,12,0.0409917654396755,TRUE,FALSE,FALSE,Precipitation,Annual
climate,DD_18_wt,48,mf_var,Plain MF RF,0.0515285292371879,2.79907395140367,0.109237189121282,2.64361303307938,34.2977080897218,H:/Jing/ecoChina2/rf/clm_mfVar_zone48.Rdata,clm_mfVar,0.0515285292371879,13,0.0388305530269071,TRUE,FALSE,FALSE,Growing season and degree-days,Winter
climate,CMD_sm,48,mf_var,Plain MF RF,0.0495069307406763,3.71601408301213,0.111159378099091,3.61840487620277,13.1086703084977,H:/Jing/ecoChina2/rf/clm_mfVar_zone48.Rdata,clm_mfVar,0.0495069307406763,14,0.0373071292308083,TRUE,FALSE,FALSE,Climatic moisture balance,Summer
climate,PPT_at,48,mf_var,Plain MF RF,0.0492873015155988,3.11071889413235,0.0896397414615131,2.95460976092987,24.8493565759938,H:/Jing/ecoChina2/rf/clm_mfVar_zone48.Rdata,clm_mfVar,0.0492873015155988,15,0.037141622386408,TRUE,FALSE,FALSE,Precipitation,Autumn
climate,EXT,48,mf_var,Plain MF RF,0.0484961319186469,2.7214743707667,0.109206999671258,2.64030612174263,13.7624325165893,H:/Jing/ecoChina2/rf/clm_mfVar_zone48.Rdata,clm_mfVar,0.0484961319186469,16,0.0365454176539519,TRUE,FALSE,FALSE,Temperature,Annual
climate,MCMT,48,mf_var,Plain MF RF,0.0463200679586673,2.63958783561894,0.100425585177013,2.50404618196456,26.6419074903512,H:/Jing/ecoChina2/rf/clm_mfVar_zone48.Rdata,clm_mfVar,0.0463200679586673,17,0.034905592721263,TRUE,FALSE,FALSE,Temperature,Annual
climate,AHM,48,mf_var,Plain MF RF,0.0419838358511663,3.0712289533766,0.0916727647842051,2.91357054856873,11.4125601918266,H:/Jing/ecoChina2/rf/clm_mfVar_zone48.Rdata,clm_mfVar,0.0419838358511663,18,0.031637921524745,TRUE,FALSE,FALSE,Climatic moisture balance,Annual
climate,CMD_at,48,mf_var,Plain MF RF,0.0345060611338455,4.0213331972158,0.0769263951313421,3.94041542960227,18.5212679466904,H:/Jing/ecoChina2/rf/clm_mfVar_zone48.Rdata,clm_mfVar,0.0345060611338455,19,0.0260028659160816,TRUE,FALSE,FALSE,Climatic moisture balance,Autumn
climate,PPT_sm,48,mf_var,Plain MF RF,0.03307764228651,2.81715095653462,0.0703557725595679,2.59810417544639,26.3289899926363,H:/Jing/ecoChina2/rf/clm_mfVar_zone48.Rdata,clm_mfVar,0.03307764228651,20,0.0249264468019093,TRUE,FALSE,FALSE,Precipitation,Summer
climate,Eref_sm,48,mf_var,Plain MF RF,0.0225051608424913,3.18178277006309,0.0472924504331603,3.01485991585623,16.3179433984003,H:/Jing/ecoChina2/rf/clm_mfVar_zone48.Rdata,clm_mfVar,0.0225051608424913,21,0.0169593010786489,TRUE,FALSE,FALSE,Radiation and evaporative demand,Summer
climate,MAP,49,mf_var,Plain MF RF,0.100131887898788,5.98872721288048,0.148120857708594,6.31832725240657,1182.36850132515,H:/Jing/ecoChina2/rf/clm_mfVar_zone49.Rdata,clm_mfVar,0.100131887898788,1,0.100763061147533,TRUE,TRUE,TRUE,Precipitation,Annual
climate,Tmax_wt,49,mf_var,Plain MF RF,0.0993318923532886,5.7531720063674,0.120671203277649,5.52141121305481,868.252113514807,H:/Jing/ecoChina2/rf/clm_mfVar_zone49.Rdata,clm_mfVar,0.0993318923532886,2,0.0999580228948795,TRUE,TRUE,TRUE,Temperature,Winter
climate,PPT_sp,49,mf_var,Plain MF RF,0.0948204484968222,6.02337832905484,0.133764043731924,6.19944767264709,651.899400497403,H:/Jing/ecoChina2/rf/clm_mfVar_zone49.Rdata,clm_mfVar,0.0948204484968222,3,0.0954181415173079,TRUE,TRUE,TRUE,Precipitation,Spring
climate,TD,49,mf_var,Plain MF RF,0.0938337576693072,7.37176211219134,0.150096930763203,6.59169253767026,596.618663814462,H:/Jing/ecoChina2/rf/clm_mfVar_zone49.Rdata,clm_mfVar,0.0938337576693072,4,0.0944252311640437,TRUE,TRUE,TRUE,Temperature,Annual
climate,Eref_wt,49,mf_var,Plain MF RF,0.0935596752442367,5.50450610431855,0.115165459131967,5.67349126106514,1063.20616557034,H:/Jing/ecoChina2/rf/clm_mfVar_zone49.Rdata,clm_mfVar,0.0935596752442367,5,0.0941494210825963,TRUE,TRUE,TRUE,Radiation and evaporative demand,Winter
climate,PPT_sm,49,mf_var,Plain MF RF,0.0544914461623824,6.53983851018513,0.106318034220751,6.58737475929673,790.152324044109,H:/Jing/ecoChina2/rf/clm_mfVar_zone49.Rdata,clm_mfVar,0.0544914461623824,6,0.0548349285816679,TRUE,FALSE,TRUE,Precipitation,Summer
climate,AHM,49,mf_var,Plain MF RF,0.0505473993734095,5.94987105051742,0.107789091437613,6.03136003714964,291.604505844018,H:/Jing/ecoChina2/rf/clm_mfVar_zone49.Rdata,clm_mfVar,0.0505473993734095,7,0.0508660208130687,TRUE,FALSE,TRUE,Climatic moisture balance,Annual
climate,PPT_wt,49,mf_var,Plain MF RF,0.0498007942000642,5.85379161343444,0.101031418707862,6.12399540435412,517.434032417343,H:/Jing/ecoChina2/rf/clm_mfVar_zone49.Rdata,clm_mfVar,0.0498007942000642,8,0.0501147094744581,TRUE,FALSE,TRUE,Precipitation,Winter
climate,EXT,49,mf_var,Plain MF RF,0.0359074397197141,6.04889811001283,0.0775643805265587,5.86283874541862,124.384832302428,H:/Jing/ecoChina2/rf/clm_mfVar_zone49.Rdata,clm_mfVar,0.0359074397197141,9,0.0361337793589397,TRUE,FALSE,TRUE,Temperature,Annual
climate,Tmin_sm,49,mf_var,Plain MF RF,0.034831847569047,5.20568579678117,0.0589442078653052,5.89309777294284,254.939225552276,H:/Jing/ecoChina2/rf/clm_mfVar_zone49.Rdata,clm_mfVar,0.034831847569047,10,0.0350514073002303,TRUE,FALSE,TRUE,Temperature,Summer
climate,DD5_sm,49,mf_var,Plain MF RF,0.0328286500990424,5.67021362810612,0.0628709463084174,5.97578263425528,189.106449183084,H:/Jing/ecoChina2/rf/clm_mfVar_zone49.Rdata,clm_mfVar,0.0328286500990424,11,0.0330355828371514,TRUE,FALSE,FALSE,Growing season and degree-days,Summer
climate,DD18_sm,49,mf_var,Plain MF RF,0.0310255634555909,6.34735042383867,0.0619888190867034,6.04000909957629,177.589843563292,H:/Jing/ecoChina2/rf/clm_mfVar_zone49.Rdata,clm_mfVar,0.0310255634555909,12,0.0312211305830198,TRUE,FALSE,FALSE,Growing season and degree-days,Summer
climate,DD18,49,mf_var,Plain MF RF,0.0297336103527644,5.40755832452803,0.0561976820166923,6.75290705227526,160.502885722575,H:/Jing/ecoChina2/rf/clm_mfVar_zone49.Rdata,clm_mfVar,0.0297336103527644,13,0.0299210337584055,TRUE,FALSE,FALSE,Growing season and degree-days,Annual
climate,MWMT,49,mf_var,Plain MF RF,0.027941558160572,5.60402152441874,0.0540194835444412,5.20900951152068,155.829592174597,H:/Jing/ecoChina2/rf/clm_mfVar_zone49.Rdata,clm_mfVar,0.027941558160572,14,0.0281176855103032,TRUE,FALSE,FALSE,Temperature,Annual
climate,RH_wt,49,mf_var,Plain MF RF,0.0276609397535963,4.97351414012783,0.0480522570208627,5.45837913242575,210.793025226095,H:/Jing/ecoChina2/rf/clm_mfVar_zone49.Rdata,clm_mfVar,0.0276609397535963,15,0.0278352982479178,TRUE,FALSE,FALSE,Humidity,Winter
climate,CMD,49,mf_var,Plain MF RF,0.0258739229534723,6.7520476955042,0.0572222070361035,6.64756006234559,130.158773682704,H:/Jing/ecoChina2/rf/clm_mfVar_zone49.Rdata,clm_mfVar,0.0258739229534723,16,0.0260370171320702,TRUE,FALSE,FALSE,Climatic moisture balance,Annual
climate,DD18_sp,49,mf_var,Plain MF RF,0.0258169468583148,5.21781813746284,0.0517515993522167,6.19015417498694,162.916012205832,H:/Jing/ecoChina2/rf/clm_mfVar_zone49.Rdata,clm_mfVar,0.0258169468583148,17,0.0259796818927097,TRUE,FALSE,FALSE,Growing season and degree-days,Spring
climate,Tmax_sm,49,mf_var,Plain MF RF,0.0256106875674828,5.5369382757962,0.0523181866729924,5.26210577501595,112.728919080793,H:/Jing/ecoChina2/rf/clm_mfVar_zone49.Rdata,clm_mfVar,0.0256106875674828,18,0.0257721224631365,TRUE,FALSE,FALSE,Temperature,Summer
climate,RH_at,49,mf_var,Plain MF RF,0.0245278117790492,4.73371425438429,0.0401335679216421,4.21741764298614,309.296675781936,H:/Jing/ecoChina2/rf/clm_mfVar_zone49.Rdata,clm_mfVar,0.0245278117790492,19,0.0246824208548396,TRUE,FALSE,FALSE,Humidity,Autumn
climate,Eref_sm,49,mf_var,Plain MF RF,0.0189395078866065,6.92129714829887,0.0422738731710233,7.32084777865338,116.720063729066,H:/Jing/ecoChina2/rf/clm_mfVar_zone49.Rdata,clm_mfVar,0.0189395078866065,20,0.019058891541237,TRUE,FALSE,FALSE,Radiation and evaporative demand,Summer
climate,CMD_at,49,mf_var,Plain MF RF,0.0165202776120303,9.01298376704017,0.0364727557098283,8.88976945550123,109.244608697013,H:/Jing/ecoChina2/rf/clm_mfVar_zone49.Rdata,clm_mfVar,0.0165202776120303,21,0.0166244118444846,TRUE,FALSE,FALSE,Climatic moisture balance,Autumn
climate,TD,50,mf_var,Plain MF RF,0.207141582195309,6.88546690646169,0.338781536643158,6.1831087297217,349.286800064197,H:/Jing/ecoChina2/rf/clm_mfVar_zone50.Rdata,clm_mfVar,0.207141582195309,1,0.152148270032333,TRUE,TRUE,TRUE,Temperature,Annual
climate,CMD_wt,50,mf_var,Plain MF RF,0.12438384627281,4.16598274875612,0.21823507571582,3.91782531323909,280.10478511414,H:/Jing/ecoChina2/rf/clm_mfVar_zone50.Rdata,clm_mfVar,0.12438384627281,2,0.0913616031595814,TRUE,TRUE,TRUE,Climatic moisture balance,Winter
climate,Eref_wt,50,mf_var,Plain MF RF,0.103499618684447,4.05774627060462,0.192000892222948,3.92496942589039,184.206291661755,H:/Jing/ecoChina2/rf/clm_mfVar_zone50.Rdata,clm_mfVar,0.103499618684447,3,0.0760218579241945,TRUE,TRUE,TRUE,Radiation and evaporative demand,Winter
climate,Eref,50,mf_var,Plain MF RF,0.0868927004173865,4.05570535983277,0.180990383407586,3.95802589070517,116.872328398963,H:/Jing/ecoChina2/rf/clm_mfVar_zone50.Rdata,clm_mfVar,0.0868927004173865,4,0.0638238537469396,TRUE,TRUE,TRUE,Radiation and evaporative demand,Annual
climate,Tmax_wt,50,mf_var,Plain MF RF,0.0747969934258429,3.21928721832199,0.124895584075415,2.97216899454905,140.420194235941,H:/Jing/ecoChina2/rf/clm_mfVar_zone50.Rdata,clm_mfVar,0.0747969934258429,5,0.0549393947499714,TRUE,TRUE,TRUE,Temperature,Winter
climate,Tmin_wt,50,mf_var,Plain MF RF,0.0722026826671235,3.39111319428428,0.13126458250047,2.95365598312842,109.680733156376,H:/Jing/ecoChina2/rf/clm_mfVar_zone50.Rdata,clm_mfVar,0.0722026826671235,6,0.0530338387062156,TRUE,FALSE,TRUE,Temperature,Winter
climate,RH_wt,50,mf_var,Plain MF RF,0.0681736294908377,3.21212208502634,0.155524697366114,3.13719809542308,54.7654012173901,H:/Jing/ecoChina2/rf/clm_mfVar_zone50.Rdata,clm_mfVar,0.0681736294908377,7,0.0500744451158829,TRUE,FALSE,TRUE,Humidity,Winter
climate,Eref_at,50,mf_var,Plain MF RF,0.0658425840884865,3.15210537755428,0.125702241077468,2.97870426579703,78.8879122485335,H:/Jing/ecoChina2/rf/clm_mfVar_zone50.Rdata,clm_mfVar,0.0658425840884865,8,0.0483622610069475,TRUE,FALSE,TRUE,Radiation and evaporative demand,Autumn
climate,RH_at,50,mf_var,Plain MF RF,0.0657412845416072,3.12187404175173,0.147841099373995,3.0698628564202,89.6946774790735,H:/Jing/ecoChina2/rf/clm_mfVar_zone50.Rdata,clm_mfVar,0.0657412845416072,9,0.0482878551312686,TRUE,FALSE,TRUE,Humidity,Autumn
climate,PPT_at,50,mf_var,Plain MF RF,0.0546438599293067,3.18231995146647,0.0862207466855428,2.67849068816873,40.5185803785646,H:/Jing/ecoChina2/rf/clm_mfVar_zone50.Rdata,clm_mfVar,0.0546438599293067,10,0.0401366479295019,TRUE,FALSE,TRUE,Precipitation,Autumn
climate,PPT_sp,50,mf_var,Plain MF RF,0.0531619540337952,3.21056696426231,0.112215645583942,3.01603517269065,56.9237064105163,H:/Jing/ecoChina2/rf/clm_mfVar_zone50.Rdata,clm_mfVar,0.0531619540337952,11,0.0390481681758801,TRUE,FALSE,FALSE,Precipitation,Spring
climate,Eref_sm,50,mf_var,Plain MF RF,0.0459077877931102,4.43735420666426,0.0998777278101742,4.26539976570571,34.5594899811885,H:/Jing/ecoChina2/rf/clm_mfVar_zone50.Rdata,clm_mfVar,0.0459077877931102,12,0.0337198857887806,TRUE,FALSE,FALSE,Radiation and evaporative demand,Summer
climate,Tmin_sm,50,mf_var,Plain MF RF,0.0440647353700238,3.47668552757957,0.0942054362357255,3.3897756005646,33.1359567104222,H:/Jing/ecoChina2/rf/clm_mfVar_zone50.Rdata,clm_mfVar,0.0440647353700238,13,0.0323661390674339,TRUE,FALSE,FALSE,Temperature,Summer
climate,EXT,50,mf_var,Plain MF RF,0.0427381896553261,3.60588076475704,0.0908091970882526,3.36140481604248,17.8763700971191,H:/Jing/ecoChina2/rf/clm_mfVar_zone50.Rdata,clm_mfVar,0.0427381896553261,14,0.0313917734501057,TRUE,FALSE,FALSE,Temperature,Annual
climate,CMD_sp,50,mf_var,Plain MF RF,0.0419998594978945,4.42914832728774,0.0904514473151966,4.30021572701846,32.4877235493112,H:/Jing/ecoChina2/rf/clm_mfVar_zone50.Rdata,clm_mfVar,0.0419998594978945,15,0.0308494600479613,TRUE,FALSE,FALSE,Climatic moisture balance,Spring
climate,PPT_wt,50,mf_var,Plain MF RF,0.041245300552386,3.69884270844819,0.0884162561549693,3.47304325361382,48.3116898970675,H:/Jing/ecoChina2/rf/clm_mfVar_zone50.Rdata,clm_mfVar,0.041245300552386,16,0.0302952263833352,TRUE,FALSE,FALSE,Precipitation,Winter
climate,MWMT,50,mf_var,Plain MF RF,0.0400747314356558,3.4230334923013,0.0845175648650203,3.2127900952103,18.8341239385532,H:/Jing/ecoChina2/rf/clm_mfVar_zone50.Rdata,clm_mfVar,0.0400747314356558,17,0.0294354276689668,TRUE,FALSE,FALSE,Temperature,Annual
climate,DD5_sm,50,mf_var,Plain MF RF,0.0392383402400514,3.34353812664398,0.0830028564468457,3.1767584123325,22.0259881837782,H:/Jing/ecoChina2/rf/clm_mfVar_zone50.Rdata,clm_mfVar,0.0392383402400514,18,0.0288210871192191,TRUE,FALSE,FALSE,Growing season and degree-days,Summer
climate,CMD_at,50,mf_var,Plain MF RF,0.0333204891372829,4.12468959700128,0.0760410054239342,4.05376530196622,14.6080705622061,H:/Jing/ecoChina2/rf/clm_mfVar_zone50.Rdata,clm_mfVar,0.0333204891372829,19,0.0244743461218166,TRUE,FALSE,FALSE,Climatic moisture balance,Autumn
climate,AHM,50,mf_var,Plain MF RF,0.0284605589447221,4.10534524161834,0.0620400078141649,4.03641129756339,17.5197596627894,H:/Jing/ecoChina2/rf/clm_mfVar_zone50.Rdata,clm_mfVar,0.0284605589447221,20,0.0209046622204026,TRUE,FALSE,FALSE,Climatic moisture balance,Annual
climate,CMD,50,mf_var,Plain MF RF,0.0279148020377537,3.3472546296222,0.0625973520862555,3.2758044864623,16.7661111237038,H:/Jing/ecoChina2/rf/clm_mfVar_zone50.Rdata,clm_mfVar,0.0279148020377537,21,0.020503796453262,TRUE,FALSE,FALSE,Climatic moisture balance,Annual
climate,TD,52,mf_var,Plain MF RF,0.165729138240191,6.67993385857619,0.314160381743542,6.44631187621707,1814.12301653271,H:/Jing/ecoChina2/rf/clm_mfVar_zone52.Rdata,clm_mfVar,0.165729138240191,1,0.116007728335596,TRUE,TRUE,TRUE,Temperature,Annual
climate,PPT_at,52,mf_var,Plain MF RF,0.157419397666259,7.52473244752566,0.347289962946791,7.51378521173203,371.004133654312,H:/Jing/ecoChina2/rf/clm_mfVar_zone52.Rdata,clm_mfVar,0.157419397666259,2,0.110191043730365,TRUE,TRUE,TRUE,Precipitation,Autumn
climate,Tmax_wt,52,mf_var,Plain MF RF,0.122749511214329,4.31424657619016,0.209894572304186,4.17570629222188,1273.48613274242,H:/Jing/ecoChina2/rf/clm_mfVar_zone52.Rdata,clm_mfVar,0.122749511214329,3,0.0859226814396466,TRUE,TRUE,TRUE,Temperature,Winter
climate,Eref_sp,52,mf_var,Plain MF RF,0.111290274134479,5.61797619591498,0.244797827372204,5.57964424437444,770.841365291386,H:/Jing/ecoChina2/rf/clm_mfVar_zone52.Rdata,clm_mfVar,0.111290274134479,4,0.0779013999908417,TRUE,TRUE,TRUE,Radiation and evaporative demand,Spring
climate,PPT_sp,52,mf_var,Plain MF RF,0.104642406177802,5.75555301901817,0.228410660202208,5.64548783342065,191.517182484736,H:/Jing/ecoChina2/rf/clm_mfVar_zone52.Rdata,clm_mfVar,0.104642406177802,5,0.0732479994596003,TRUE,TRUE,TRUE,Precipitation,Spring
climate,MAP,52,mf_var,Plain MF RF,0.0970774614188442,4.43605072622762,0.202744314693165,4.19635688423686,138.818719629796,H:/Jing/ecoChina2/rf/clm_mfVar_zone52.Rdata,clm_mfVar,0.0970774614188442,6,0.0679526599327693,TRUE,FALSE,TRUE,Precipitation,Annual
climate,Tmax_at,52,mf_var,Plain MF RF,0.095933503259964,4.32661889982558,0.204697222003485,4.27028994634707,493.092769422468,H:/Jing/ecoChina2/rf/clm_mfVar_zone52.Rdata,clm_mfVar,0.095933503259964,7,0.0671519076406145,TRUE,FALSE,TRUE,Temperature,Autumn
climate,Eref_wt,52,mf_var,Plain MF RF,0.0951440255928078,3.6845680540012,0.150619237728561,3.41066416132641,1244.3103351103,H:/Jing/ecoChina2/rf/clm_mfVar_zone52.Rdata,clm_mfVar,0.0951440255928078,8,0.066599285985117,TRUE,FALSE,TRUE,Radiation and evaporative demand,Winter
climate,CMD_wt,52,mf_var,Plain MF RF,0.0674101737677038,3.57252585617854,0.122481762188531,3.18279984568388,255.597337840992,H:/Jing/ecoChina2/rf/clm_mfVar_zone52.Rdata,clm_mfVar,0.0674101737677038,9,0.047186036254925,TRUE,FALSE,TRUE,Climatic moisture balance,Winter
climate,PPT_sm,52,mf_var,Plain MF RF,0.067244582318892,3.57156707939713,0.128563998620236,3.25406591547498,660.000058832398,H:/Jing/ecoChina2/rf/clm_mfVar_zone52.Rdata,clm_mfVar,0.067244582318892,10,0.0470701249069723,TRUE,FALSE,TRUE,Precipitation,Summer
climate,Tmax_sp,52,mf_var,Plain MF RF,0.0572774120145028,3.0496484888992,0.10534085966297,3.04606093332433,942.528589472514,H:/Jing/ecoChina2/rf/clm_mfVar_zone52.Rdata,clm_mfVar,0.0572774120145028,11,0.0400932661769737,TRUE,FALSE,FALSE,Temperature,Spring
climate,Eref_at,52,mf_var,Plain MF RF,0.0507147719133246,2.82418142905637,0.0879230984637925,2.92447962470169,356.411666718274,H:/Jing/ecoChina2/rf/clm_mfVar_zone52.Rdata,clm_mfVar,0.0507147719133246,12,0.0354995237723135,TRUE,FALSE,FALSE,Radiation and evaporative demand,Autumn
climate,DD18_at,52,mf_var,Plain MF RF,0.0444158803870296,2.88312346484254,0.0957483454406062,2.73950635840687,194.453919782067,H:/Jing/ecoChina2/rf/clm_mfVar_zone52.Rdata,clm_mfVar,0.0444158803870296,13,0.0310904011234116,TRUE,FALSE,FALSE,Growing season and degree-days,Autumn
climate,AHM,52,mf_var,Plain MF RF,0.0390633295843039,2.89375994963998,0.088330364188792,2.85493009787328,34.8352571174969,H:/Jing/ecoChina2/rf/clm_mfVar_zone52.Rdata,clm_mfVar,0.0390633295843039,14,0.0273437017438182,TRUE,FALSE,FALSE,Climatic moisture balance,Annual
climate,MWMT,52,mf_var,Plain MF RF,0.034392901650719,3.34867552395219,0.075463910656926,3.20381225878241,79.8549106054626,H:/Jing/ecoChina2/rf/clm_mfVar_zone52.Rdata,clm_mfVar,0.034392901650719,15,0.024074477389649,TRUE,FALSE,FALSE,Temperature,Annual
climate,CMD_sp,52,mf_var,Plain MF RF,0.0312780984194175,4.31739548539268,0.0688097988800822,4.12626292639101,61.0470171528416,H:/Jing/ecoChina2/rf/clm_mfVar_zone52.Rdata,clm_mfVar,0.0312780984194175,16,0.021894165279705,TRUE,FALSE,FALSE,Climatic moisture balance,Spring
climate,Tmax_sm,52,mf_var,Plain MF RF,0.0228709942410853,3.01810488682961,0.0508168329540773,2.92895735712232,46.0372037784645,H:/Jing/ecoChina2/rf/clm_mfVar_zone52.Rdata,clm_mfVar,0.0228709942410853,17,0.0160093277190612,TRUE,FALSE,FALSE,Temperature,Summer
climate,CMD,52,mf_var,Plain MF RF,0.0203975686255971,3.70684860522532,0.0450395939798488,3.6326563294394,34.9973240828256,H:/Jing/ecoChina2/rf/clm_mfVar_zone52.Rdata,clm_mfVar,0.0203975686255971,18,0.0142779696132584,TRUE,FALSE,FALSE,Climatic moisture balance,Annual
climate,CMD_at,52,mf_var,Plain MF RF,0.0174142893296132,5.88042412793608,0.0384451348238618,5.74213802607353,37.9610464224314,H:/Jing/ecoChina2/rf/clm_mfVar_zone52.Rdata,clm_mfVar,0.0174142893296132,19,0.012189722140348,TRUE,FALSE,FALSE,Climatic moisture balance,Autumn
climate,RH_wt,52,mf_var,Plain MF RF,0.0168376290563602,4.12209836000929,0.0361940270202283,3.94222092330807,43.6028414900598,H:/Jing/ecoChina2/rf/clm_mfVar_zone52.Rdata,clm_mfVar,0.0168376290563602,20,0.0117860692339742,TRUE,FALSE,FALSE,Humidity,Winter
climate,Eref_sm,52,mf_var,Plain MF RF,0.00930093983860785,2.76907770244664,0.0204686337122026,2.6257172980437,26.0498278010093,H:/Jing/ecoChina2/rf/clm_mfVar_zone52.Rdata,clm_mfVar,0.00930093983860785,21,0.00651050813103957,TRUE,FALSE,FALSE,Radiation and evaporative demand,Summer
climate,RH_at,53,mf_var,Plain MF RF,0.121381504975645,7.5161847837402,0.2823326490005,7.47967043863467,39.5618812280251,H:/Jing/ecoChina2/rf/clm_mfVar_zone53.Rdata,clm_mfVar,0.121381504975645,1,0.0830077030560059,TRUE,TRUE,TRUE,Humidity,Autumn
climate,DD_18_wt,53,mf_var,Plain MF RF,0.112661561271686,4.24946591100197,0.197809782426877,4.13929172173005,1488.39853966302,H:/Jing/ecoChina2/rf/clm_mfVar_zone53.Rdata,clm_mfVar,0.112661561271686,2,0.0770445005253686,TRUE,TRUE,TRUE,Growing season and degree-days,Winter
climate,Eref_wt,53,mf_var,Plain MF RF,0.107801843189116,4.62408327117311,0.211182047240536,4.48301700205488,173.844076443143,H:/Jing/ecoChina2/rf/clm_mfVar_zone53.Rdata,clm_mfVar,0.107801843189116,3,0.0737211438441771,TRUE,TRUE,TRUE,Radiation and evaporative demand,Winter
climate,DD5_wt,53,mf_var,Plain MF RF,0.104946476282285,4.0559028852626,0.185076306136051,4.00204566499763,1264.61601090016,H:/Jing/ecoChina2/rf/clm_mfVar_zone53.Rdata,clm_mfVar,0.104946476282285,4,0.0717684785813291,TRUE,TRUE,TRUE,Growing season and degree-days,Winter
climate,DD_18,53,mf_var,Plain MF RF,0.104447933226679,4.11128973105329,0.195598959877435,4.1735688841158,1084.10856299545,H:/Jing/ecoChina2/rf/clm_mfVar_zone53.Rdata,clm_mfVar,0.104447933226679,5,0.0714275459661939,TRUE,TRUE,TRUE,Growing season and degree-days,Annual
climate,TD,53,mf_var,Plain MF RF,0.102886241044738,4.75221891770644,0.214541795101811,4.43291656150339,213.11309318276,H:/Jing/ecoChina2/rf/clm_mfVar_zone53.Rdata,clm_mfVar,0.102886241044738,6,0.0703595704049297,TRUE,FALSE,TRUE,Temperature,Annual
climate,DD5_sp,53,mf_var,Plain MF RF,0.0918907545220104,4.23660270060758,0.192570724388417,4.26537644601406,791.721760170769,H:/Jing/ecoChina2/rf/clm_mfVar_zone53.Rdata,clm_mfVar,0.0918907545220104,7,0.0628402199040606,TRUE,FALSE,TRUE,Growing season and degree-days,Spring
climate,DD_18_at,53,mf_var,Plain MF RF,0.0900549851838455,3.88881073899792,0.178090039101165,3.981849754007,757.523738840084,H:/Jing/ecoChina2/rf/clm_mfVar_zone53.Rdata,clm_mfVar,0.0900549851838455,8,0.0615848145098674,TRUE,FALSE,TRUE,Growing season and degree-days,Autumn
climate,DD5_at,53,mf_var,Plain MF RF,0.0866205169630393,4.07852402698421,0.163738266005124,3.93501304618378,340.102022759296,H:/Jing/ecoChina2/rf/clm_mfVar_zone53.Rdata,clm_mfVar,0.0866205169630393,9,0.0592361262291844,TRUE,FALSE,TRUE,Growing season and degree-days,Autumn
climate,Tmax_wt,53,mf_var,Plain MF RF,0.0837250075832749,3.80217087871169,0.16350448211311,3.58372508575647,461.145896406517,H:/Jing/ecoChina2/rf/clm_mfVar_zone53.Rdata,clm_mfVar,0.0837250075832749,10,0.0572560092184455,TRUE,FALSE,TRUE,Temperature,Winter
climate,MCMT,53,mf_var,Plain MF RF,0.0812791257470356,3.37952391505321,0.129594641636214,3.13489300746102,1091.59756913087,H:/Jing/ecoChina2/rf/clm_mfVar_zone53.Rdata,clm_mfVar,0.0812791257470356,11,0.0555833735626809,TRUE,FALSE,FALSE,Temperature,Annual
climate,DD18_at,53,mf_var,Plain MF RF,0.0767020247840073,3.74759786611989,0.159648019599961,3.69826791676623,223.404603498347,H:/Jing/ecoChina2/rf/clm_mfVar_zone53.Rdata,clm_mfVar,0.0767020247840073,12,0.0524532868359374,TRUE,FALSE,FALSE,Growing season and degree-days,Autumn
climate,DD5,53,mf_var,Plain MF RF,0.0721128951042741,3.58667418333615,0.129371114479384,3.52142569756,344.343862711198,H:/Jing/ecoChina2/rf/clm_mfVar_zone53.Rdata,clm_mfVar,0.0721128951042741,13,0.0493149741760538,TRUE,FALSE,FALSE,Growing season and degree-days,Annual
climate,PPT_sm,53,mf_var,Plain MF RF,0.0471254304719962,4.68133947420751,0.0986803031051902,4.26041495744342,171.103669937607,H:/Jing/ecoChina2/rf/clm_mfVar_zone53.Rdata,clm_mfVar,0.0471254304719962,14,0.0322270986818857,TRUE,FALSE,FALSE,Precipitation,Summer
climate,CMD_sp,53,mf_var,Plain MF RF,0.0401086574236995,6.23435420224108,0.0900176241727472,6.04495368179814,41.7554151340498,H:/Jing/ecoChina2/rf/clm_mfVar_zone53.Rdata,clm_mfVar,0.0401086574236995,15,0.0274286228867366,TRUE,FALSE,FALSE,Climatic moisture balance,Spring
climate,PPT_at,53,mf_var,Plain MF RF,0.0342555009681264,4.85551195948618,0.0671982692592759,4.81494878444004,107.811637570189,H:/Jing/ecoChina2/rf/clm_mfVar_zone53.Rdata,clm_mfVar,0.0342555009681264,16,0.0234258955099255,TRUE,FALSE,FALSE,Precipitation,Autumn
climate,Eref_sm,53,mf_var,Plain MF RF,0.029240246704973,5.01438551819594,0.0673684522588836,4.93399690673679,39.3503609377947,H:/Jing/ecoChina2/rf/clm_mfVar_zone53.Rdata,clm_mfVar,0.029240246704973,17,0.019996174180389,TRUE,FALSE,FALSE,Radiation and evaporative demand,Summer
climate,AHM,53,mf_var,Plain MF RF,0.0207251273575961,5.01404286088559,0.0469473711011121,4.86137751981288,50.9700318178263,H:/Jing/ecoChina2/rf/clm_mfVar_zone53.Rdata,clm_mfVar,0.0207251273575961,18,0.0141730424074279,TRUE,FALSE,FALSE,Climatic moisture balance,Annual
climate,CMD_at,53,mf_var,Plain MF RF,0.0193624557746631,6.19001617346699,0.0428934063352386,5.94441350914485,45.2325168887819,H:/Jing/ecoChina2/rf/clm_mfVar_zone53.Rdata,clm_mfVar,0.0193624557746631,19,0.0132411686582792,TRUE,FALSE,FALSE,Climatic moisture balance,Autumn
climate,CMD,53,mf_var,Plain MF RF,0.0182438410727889,4.43495241996837,0.0407895051661955,4.27696832869556,43.3855680751692,H:/Jing/ecoChina2/rf/clm_mfVar_zone53.Rdata,clm_mfVar,0.0182438410727889,20,0.012476195139242,TRUE,FALSE,FALSE,Climatic moisture balance,Annual
climate,EXT,53,mf_var,Plain MF RF,0.0167199288788989,3.94842259997802,0.0363846239906051,3.70020098082929,41.4128660164756,H:/Jing/ecoChina2/rf/clm_mfVar_zone53.Rdata,clm_mfVar,0.0167199288788989,21,0.0114340557218799,TRUE,FALSE,FALSE,Temperature,Annual
climate,PPT_sp,54,mf_var,Plain MF RF,0.176912758230244,8.0011382609614,0.407540773630307,7.9882259160717,73.2801181057428,H:/Jing/ecoChina2/rf/clm_mfVar_zone54.Rdata,clm_mfVar,0.176912758230244,1,0.104100169896936,TRUE,TRUE,TRUE,Precipitation,Spring
climate,DD_18_sp,54,mf_var,Plain MF RF,0.144447793371078,5.50184506687227,0.322049402034141,5.33507711338359,556.963681637695,H:/Jing/ecoChina2/rf/clm_mfVar_zone54.Rdata,clm_mfVar,0.144447793371078,2,0.0849969215425193,TRUE,TRUE,TRUE,Growing season and degree-days,Spring
climate,PPT_at,54,mf_var,Plain MF RF,0.131025461720902,5.39899737763904,0.299875887855559,5.35673157985466,72.9114530556258,H:/Jing/ecoChina2/rf/clm_mfVar_zone54.Rdata,clm_mfVar,0.131025461720902,3,0.0770988647874612,TRUE,TRUE,TRUE,Precipitation,Autumn
climate,PPT_wt,54,mf_var,Plain MF RF,0.123473976844363,4.99776093190658,0.283740717878291,4.98733298685663,58.5482415810048,H:/Jing/ecoChina2/rf/clm_mfVar_zone54.Rdata,clm_mfVar,0.123473976844363,4,0.0726553703414655,TRUE,TRUE,TRUE,Precipitation,Winter
climate,CMD_wt,54,mf_var,Plain MF RF,0.120310641571469,4.93891612778202,0.276327260108466,4.91667653017662,103.758048464699,H:/Jing/ecoChina2/rf/clm_mfVar_zone54.Rdata,clm_mfVar,0.120310641571469,5,0.0707939797744798,TRUE,TRUE,TRUE,Climatic moisture balance,Winter
climate,DD_18_at,54,mf_var,Plain MF RF,0.105982895114699,3.19516632012889,0.101984526506495,2.04828800386509,1465.37770648415,H:/Jing/ecoChina2/rf/clm_mfVar_zone54.Rdata,clm_mfVar,0.105982895114699,6,0.0623631528781581,TRUE,FALSE,TRUE,Growing season and degree-days,Autumn
climate,DD5_at,54,mf_var,Plain MF RF,0.0860835401055729,2.76950778614059,0.0914421636522926,1.98942283832115,1070.32022343649,H:/Jing/ecoChina2/rf/clm_mfVar_zone54.Rdata,clm_mfVar,0.0860835401055729,7,0.0506538433969645,TRUE,FALSE,TRUE,Growing season and degree-days,Autumn
climate,DD5_sp,54,mf_var,Plain MF RF,0.0783974743161131,3.03506305675852,0.167646163285966,2.94927583057667,525.753375417862,H:/Jing/ecoChina2/rf/clm_mfVar_zone54.Rdata,clm_mfVar,0.0783974743161131,8,0.0461311579641792,TRUE,FALSE,TRUE,Growing season and degree-days,Spring
climate,CMD_sp,54,mf_var,Plain MF RF,0.0768392309356344,4.01885908260937,0.175753832171098,3.9837660954635,39.5544195812361,H:/Jing/ecoChina2/rf/clm_mfVar_zone54.Rdata,clm_mfVar,0.0768392309356344,9,0.045214246135596,TRUE,FALSE,TRUE,Climatic moisture balance,Spring
climate,Tmax_wt,54,mf_var,Plain MF RF,0.0751632944496486,3.12731252775214,0.164916151335333,3.05642857802403,262.839724950814,H:/Jing/ecoChina2/rf/clm_mfVar_zone54.Rdata,clm_mfVar,0.0751632944496486,10,0.0442280805550416,TRUE,FALSE,TRUE,Temperature,Winter
climate,Tave_at,54,mf_var,Plain MF RF,0.0710179224702673,2.40795381628291,0.0694959501980723,1.66552527843931,966.328689569156,H:/Jing/ecoChina2/rf/clm_mfVar_zone54.Rdata,clm_mfVar,0.0710179224702673,11,0.0417888334840194,TRUE,FALSE,FALSE,Temperature,Autumn
climate,EXT,54,mf_var,Plain MF RF,0.0622266063768203,3.4737198327826,0.142516363277952,3.44981591426663,20.5752470289649,H:/Jing/ecoChina2/rf/clm_mfVar_zone54.Rdata,clm_mfVar,0.0622266063768203,12,0.0366157893909843,TRUE,FALSE,FALSE,Temperature,Annual
climate,CMD_at,54,mf_var,Plain MF RF,0.0611655957942738,8.59554149998474,0.140230811992736,8.57082873055296,35.687538758175,H:/Jing/ecoChina2/rf/clm_mfVar_zone54.Rdata,clm_mfVar,0.0611655957942738,13,0.0359914625588754,TRUE,FALSE,FALSE,Climatic moisture balance,Autumn
climate,DD5,54,mf_var,Plain MF RF,0.061095905080463,2.34740425716451,0.0648765007062746,1.72602352335522,957.45652308267,H:/Jing/ecoChina2/rf/clm_mfVar_zone54.Rdata,clm_mfVar,0.061095905080463,14,0.0359504546902485,TRUE,FALSE,FALSE,Growing season and degree-days,Annual
climate,DD_18,54,mf_var,Plain MF RF,0.0599824553577636,2.43409572168661,0.0906491355697936,2.03111705665834,983.909211641343,H:/Jing/ecoChina2/rf/clm_mfVar_zone54.Rdata,clm_mfVar,0.0599824553577636,15,0.0352952712740595,TRUE,FALSE,FALSE,Growing season and degree-days,Annual
climate,CMD,54,mf_var,Plain MF RF,0.0594265587512497,3.76621745857658,0.136432369661878,3.75136024714777,32.5208157141125,H:/Jing/ecoChina2/rf/clm_mfVar_zone54.Rdata,clm_mfVar,0.0594265587512497,16,0.0349681669331283,TRUE,FALSE,FALSE,Climatic moisture balance,Annual
climate,DD18_sp,54,mf_var,Plain MF RF,0.0539220557695119,2.38181104300555,0.118040323545525,2.35718839150891,293.541630378123,H:/Jing/ecoChina2/rf/clm_mfVar_zone54.Rdata,clm_mfVar,0.0539220557695119,17,0.0317291710499069,TRUE,FALSE,FALSE,Growing season and degree-days,Spring
climate,Tave_sp,54,mf_var,Plain MF RF,0.0496699834762121,2.14971614844233,0.106553837927396,2.08981348714528,341.800356127705,H:/Jing/ecoChina2/rf/clm_mfVar_zone54.Rdata,clm_mfVar,0.0496699834762121,18,0.0292271386777109,TRUE,FALSE,FALSE,Temperature,Spring
climate,DD18_sm,54,mf_var,Plain MF RF,0.0459786378671502,2.25212035092099,0.104270837382004,2.22041091092682,90.6527452164825,H:/Jing/ecoChina2/rf/clm_mfVar_zone54.Rdata,clm_mfVar,0.0459786378671502,19,0.0270550527925791,TRUE,FALSE,FALSE,Growing season and degree-days,Summer
climate,Tmax_sp,54,mf_var,Plain MF RF,0.0396587523059262,2.23620486559024,0.0868446584977246,2.18069906612492,222.178623825916,H:/Jing/ecoChina2/rf/clm_mfVar_zone54.Rdata,clm_mfVar,0.0396587523059262,20,0.0233362641238931,TRUE,FALSE,FALSE,Temperature,Spring
climate,Eref_sm,54,mf_var,Plain MF RF,0.0166658135905982,2.87782060689635,0.0378136295339315,2.83463636401475,12.906548375414,H:/Jing/ecoChina2/rf/clm_mfVar_zone54.Rdata,clm_mfVar,0.0166658135905982,21,0.00980660775179379,TRUE,FALSE,FALSE,Radiation and evaporative demand,Summer
climate,MAP,55,mf_var,Plain MF RF,0.137322723768226,6.14804576271427,0.318469828810364,6.12863448329958,84.1550923807168,H:/Jing/ecoChina2/rf/clm_mfVar_zone55.Rdata,clm_mfVar,0.137322723768226,1,0.0824867488366921,TRUE,TRUE,TRUE,Precipitation,Annual
climate,Tmin_sp,55,mf_var,Plain MF RF,0.120940501643299,4.80013450318358,0.260581261445574,4.73779110628933,353.878522026018,H:/Jing/ecoChina2/rf/clm_mfVar_zone55.Rdata,clm_mfVar,0.120940501643299,2,0.0726463072497158,TRUE,TRUE,TRUE,Temperature,Spring
climate,PPT_sp,55,mf_var,Plain MF RF,0.120874985113015,5.78065679533208,0.277775319055667,5.73995475513511,97.6847972651792,H:/Jing/ecoChina2/rf/clm_mfVar_zone55.Rdata,clm_mfVar,0.120874985113015,3,0.0726069529066766,TRUE,TRUE,TRUE,Precipitation,Spring
climate,CMD_wt,55,mf_var,Plain MF RF,0.113765600164191,4.22459589132774,0.255448047944426,4.13509169451189,644.4189704564,H:/Jing/ecoChina2/rf/clm_mfVar_zone55.Rdata,clm_mfVar,0.113765600164191,4,0.0683365012686308,TRUE,TRUE,TRUE,Climatic moisture balance,Winter
climate,TD,55,mf_var,Plain MF RF,0.110653036667749,4.48999237853084,0.250409896315086,4.46212273336243,244.365448962149,H:/Jing/ecoChina2/rf/clm_mfVar_zone55.Rdata,clm_mfVar,0.110653036667749,5,0.0664668526312893,TRUE,TRUE,TRUE,Temperature,Annual
climate,Eref_wt,55,mf_var,Plain MF RF,0.110562640825045,4.40321035947758,0.249110917910612,4.37280401275114,203.896176063896,H:/Jing/ecoChina2/rf/clm_mfVar_zone55.Rdata,clm_mfVar,0.110562640825045,6,0.0664125538308548,TRUE,FALSE,TRUE,Radiation and evaporative demand,Winter
climate,DD_18_sp,55,mf_var,Plain MF RF,0.0969848944962771,3.20434139608236,0.161029636239633,2.91585478692488,792.089829605566,H:/Jing/ecoChina2/rf/clm_mfVar_zone55.Rdata,clm_mfVar,0.0969848944962771,7,0.0582566993556717,TRUE,FALSE,TRUE,Growing season and degree-days,Spring
climate,Tmin_wt,55,mf_var,Plain MF RF,0.0923596881930241,3.40225069628297,0.186011174345731,3.36089363406348,607.070437504245,H:/Jing/ecoChina2/rf/clm_mfVar_zone55.Rdata,clm_mfVar,0.0923596881930241,8,0.0554784393548124,TRUE,FALSE,TRUE,Temperature,Winter
climate,EMT,55,mf_var,Plain MF RF,0.0871891254836209,3.42322737855612,0.188805236838269,3.44377508777583,502.153689960472,H:/Jing/ecoChina2/rf/clm_mfVar_zone55.Rdata,clm_mfVar,0.0871891254836209,9,0.0523725957198233,TRUE,FALSE,TRUE,Temperature,Annual
climate,Eref_at,55,mf_var,Plain MF RF,0.0809066842404859,3.34671785224762,0.177358882087707,3.32744866854877,102.521240301888,H:/Jing/ecoChina2/rf/clm_mfVar_zone55.Rdata,clm_mfVar,0.0809066842404859,10,0.048598871031851,TRUE,FALSE,TRUE,Radiation and evaporative demand,Autumn
climate,DD5_sp,55,mf_var,Plain MF RF,0.0803078417985199,2.87905878372151,0.138404571059569,2.68642567717639,701.297467745232,H:/Jing/ecoChina2/rf/clm_mfVar_zone55.Rdata,clm_mfVar,0.0803078417985199,11,0.0482391595088946,TRUE,FALSE,FALSE,Growing season and degree-days,Spring
climate,CMD_sp,55,mf_var,Plain MF RF,0.0782106224098625,8.21575252615502,0.176586937073032,8.08731082175113,100.324032033157,H:/Jing/ecoChina2/rf/clm_mfVar_zone55.Rdata,clm_mfVar,0.0782106224098625,12,0.0469794058117599,TRUE,FALSE,FALSE,Climatic moisture balance,Spring
climate,Eref_sp,55,mf_var,Plain MF RF,0.06592184898261,2.98891075537033,0.144941980131287,2.85872105146076,203.418474294231,H:/Jing/ecoChina2/rf/clm_mfVar_zone55.Rdata,clm_mfVar,0.06592184898261,13,0.0395978090928101,TRUE,FALSE,FALSE,Radiation and evaporative demand,Spring
climate,PPT_at,55,mf_var,Plain MF RF,0.061795946714317,3.27957011732055,0.143254818044116,3.27674894414127,37.0450700893976,H:/Jing/ecoChina2/rf/clm_mfVar_zone55.Rdata,clm_mfVar,0.061795946714317,14,0.0371194700765826,TRUE,FALSE,FALSE,Precipitation,Autumn
climate,MWMT,55,mf_var,Plain MF RF,0.0608013196415511,3.93068903994793,0.138996340873561,3.88876815765649,35.6374432931143,H:/Jing/ecoChina2/rf/clm_mfVar_zone55.Rdata,clm_mfVar,0.0608013196415511,15,0.0365220194050106,TRUE,FALSE,FALSE,Temperature,Annual
climate,Eref_sm,55,mf_var,Plain MF RF,0.0499267356490633,3.70984399849716,0.115618065373318,3.69956362938028,17.5732873939271,H:/Jing/ecoChina2/rf/clm_mfVar_zone55.Rdata,clm_mfVar,0.0499267356490633,16,0.0299898952679608,TRUE,FALSE,FALSE,Radiation and evaporative demand,Summer
climate,DD5_sm,55,mf_var,Plain MF RF,0.04666167227148,3.07585584167506,0.105565661492033,3.04146135734313,35.2660581326335,H:/Jing/ecoChina2/rf/clm_mfVar_zone55.Rdata,clm_mfVar,0.04666167227148,17,0.0280286432961665,TRUE,FALSE,FALSE,Growing season and degree-days,Summer
climate,AHM,55,mf_var,Plain MF RF,0.0462001566223219,3.72613083429783,0.107053197183422,3.72149647649701,10.5457447556977,H:/Jing/ecoChina2/rf/clm_mfVar_zone55.Rdata,clm_mfVar,0.0462001566223219,18,0.0277514209662296,TRUE,FALSE,FALSE,Climatic moisture balance,Annual
climate,CMD_at,55,mf_var,Plain MF RF,0.0427651748136681,7.33080138581469,0.0985946002876615,7.31868618568202,17.7410137495157,H:/Jing/ecoChina2/rf/clm_mfVar_zone55.Rdata,clm_mfVar,0.0427651748136681,19,0.0256881027190089,TRUE,FALSE,FALSE,Climatic moisture balance,Autumn
climate,CMD,55,mf_var,Plain MF RF,0.0356127899044139,3.40779258804,0.0810256024967063,3.34416233369218,43.5559307991253,H:/Jing/ecoChina2/rf/clm_mfVar_zone55.Rdata,clm_mfVar,0.0356127899044139,20,0.0213918219476723,TRUE,FALSE,FALSE,Climatic moisture balance,Annual
climate,PPT_wt,55,mf_var,Plain MF RF,0.025021272531857,3.41101481123288,0.0556726892167794,3.28288365843504,77.8332095889735,H:/Jing/ecoChina2/rf/clm_mfVar_zone55.Rdata,clm_mfVar,0.025021272531857,21,0.0150297297218865,TRUE,FALSE,FALSE,Precipitation,Winter
climate,Eref_sm,1,rf_var,Plain RF,0.14535893060606,75.3517231345019,0.303347276505822,74.4881053436286,1126.76842613959,H:/Jing/ecoChina2/rf/clm_rfVar_zone1.Rdata,clm_rfVar,0.14535893060606,1,0.0742019440782921,TRUE,TRUE,TRUE,Radiation and evaporative demand,Summer
climate,PPT_at,1,rf_var,Plain RF,0.138174574804692,68.5864945572637,0.300724727692084,66.9592549636143,429.993722300332,H:/Jing/ecoChina2/rf/clm_rfVar_zone1.Rdata,clm_rfVar,0.138174574804692,2,0.0705345177620075,TRUE,TRUE,TRUE,Precipitation,Autumn
climate,DD5_sm,1,rf_var,Plain RF,0.111439767881423,37.8763206778256,0.182553328042233,35.543935705464,815.844185606724,H:/Jing/ecoChina2/rf/clm_rfVar_zone1.Rdata,clm_rfVar,0.111439767881423,3,0.056887095893993,TRUE,TRUE,TRUE,Growing season and degree-days,Summer
climate,DD5,1,rf_var,Plain RF,0.111044197973859,35.354468046183,0.206611194784414,34.5713036869027,933.451121135373,H:/Jing/ecoChina2/rf/clm_rfVar_zone1.Rdata,clm_rfVar,0.111044197973859,4,0.0566851677700195,TRUE,TRUE,TRUE,Growing season and degree-days,Annual
climate,PPT_sp,1,rf_var,Plain RF,0.109442419804749,54.8324525252556,0.241653374268025,53.0750519445768,433.630987140209,H:/Jing/ecoChina2/rf/clm_rfVar_zone1.Rdata,clm_rfVar,0.109442419804749,5,0.0558675017784318,TRUE,TRUE,TRUE,Precipitation,Spring
climate,PPT_sm,1,rf_var,Plain RF,0.106671402203959,59.1506019495665,0.227990032049407,56.4743784838716,282.315902007529,H:/Jing/ecoChina2/rf/clm_rfVar_zone1.Rdata,clm_rfVar,0.106671402203959,6,0.0544529695429751,TRUE,FALSE,TRUE,Precipitation,Summer
climate,EXT,1,rf_var,Plain RF,0.106004592759165,40.6224238971306,0.185164949593544,36.8928224453072,549.946501862278,H:/Jing/ecoChina2/rf/clm_rfVar_zone1.Rdata,clm_rfVar,0.106004592759165,7,0.0541125807073718,TRUE,FALSE,TRUE,Temperature,Annual
climate,DD_0_at,1,rf_var,Plain RF,0.104847824143935,40.8304617829567,0.190784525006089,35.8658584976239,213.466396524371,H:/Jing/ecoChina2/rf/clm_rfVar_zone1.Rdata,clm_rfVar,0.104847824143935,8,0.0535220804901445,TRUE,FALSE,TRUE,Growing season and degree-days,Autumn
climate,Tmin_sm,1,rf_var,Plain RF,0.102582961581775,40.3247034158385,0.174642480508785,40.5051964621269,856.814299672162,H:/Jing/ecoChina2/rf/clm_rfVar_zone1.Rdata,clm_rfVar,0.102582961581775,9,0.0523659272047447,TRUE,FALSE,TRUE,Temperature,Summer
climate,DD_18_sm,1,rf_var,Plain RF,0.102022906275132,35.2425413306514,0.170796833269221,33.4677033181164,942.214363105982,H:/Jing/ecoChina2/rf/clm_rfVar_zone1.Rdata,clm_rfVar,0.102022906275132,10,0.0520800335732285,TRUE,FALSE,TRUE,Growing season and degree-days,Summer
climate,MAP,1,rf_var,Plain RF,0.095828182332636,49.0899874731507,0.20450886275209,46.6899306566353,271.001934732888,H:/Jing/ecoChina2/rf/clm_rfVar_zone1.Rdata,clm_rfVar,0.095828182332636,11,0.0489177885178677,TRUE,FALSE,FALSE,Precipitation,Annual
climate,NFFD_at,1,rf_var,Plain RF,0.0936010427266184,44.4179074087781,0.185200431218045,42.6893397346641,655.262499385218,H:/Jing/ecoChina2/rf/clm_rfVar_zone1.Rdata,clm_rfVar,0.0936010427266184,12,0.0477808918180142,TRUE,FALSE,FALSE,Growing season and degree-days,Autumn
climate,PPT_wt,1,rf_var,Plain RF,0.0870581587976951,43.4645974795554,0.19316166032016,42.3690636965078,261.836573050986,H:/Jing/ecoChina2/rf/clm_rfVar_zone1.Rdata,clm_rfVar,0.0870581587976951,13,0.0444409201672838,TRUE,FALSE,FALSE,Precipitation,Winter
climate,Eref_at,1,rf_var,Plain RF,0.0860492650763494,38.5407852145578,0.150892048207624,33.6209911385067,282.122840033,H:/Jing/ecoChina2/rf/clm_rfVar_zone1.Rdata,clm_rfVar,0.0860492650763494,14,0.0439259062277886,TRUE,FALSE,FALSE,Radiation and evaporative demand,Autumn
climate,Eref,1,rf_var,Plain RF,0.0850273381361821,36.9676467189118,0.153577137877284,34.99574383389,557.409874724479,H:/Jing/ecoChina2/rf/clm_rfVar_zone1.Rdata,clm_rfVar,0.0850273381361821,15,0.0434042391699049,TRUE,FALSE,FALSE,Radiation and evaporative demand,Annual
climate,CMD_sp,1,rf_var,Plain RF,0.0753493545403744,43.2792871015836,0.129216019502242,35.386661258273,214.729989706783,H:/Jing/ecoChina2/rf/clm_rfVar_zone1.Rdata,clm_rfVar,0.0753493545403744,16,0.0384638808818203,TRUE,FALSE,FALSE,Climatic moisture balance,Spring
climate,CMD_sm,1,rf_var,Plain RF,0.0678170685890861,39.9066919467735,0.146244529730717,38.379659643905,188.098138085146,H:/Jing/ecoChina2/rf/clm_rfVar_zone1.Rdata,clm_rfVar,0.0678170685890861,17,0.0346188452957103,TRUE,FALSE,FALSE,Climatic moisture balance,Summer
climate,PAS_wt,1,rf_var,Plain RF,0.0654334345793807,41.1417619956295,0.143090906253767,38.8175092898988,275.681339626011,H:/Jing/ecoChina2/rf/clm_rfVar_zone1.Rdata,clm_rfVar,0.0654334345793807,18,0.0334020622831094,TRUE,FALSE,FALSE,Snowfall,Winter
climate,RH_sp,1,rf_var,Plain RF,0.0600569078973789,36.383907263069,0.135949726711044,35.638783644647,81.6082795753101,H:/Jing/ecoChina2/rf/clm_rfVar_zone1.Rdata,clm_rfVar,0.0600569078973789,19,0.0306574855960771,TRUE,FALSE,FALSE,Humidity,Spring
climate,CMD,1,rf_var,Plain RF,0.0591046593715713,39.9796009601846,0.125615947306442,37.5564505248306,184.265455187195,H:/Jing/ecoChina2/rf/clm_rfVar_zone1.Rdata,clm_rfVar,0.0591046593715713,20,0.0301713875519734,TRUE,FALSE,FALSE,Climatic moisture balance,Annual
climate,RH_at,1,rf_var,Plain RF,0.0460489213309773,42.0061603677284,0.0984640564663431,39.9014887612706,151.618884139298,H:/Jing/ecoChina2/rf/clm_rfVar_zone1.Rdata,clm_rfVar,0.0460489213309773,21,0.0235067736892418,TRUE,FALSE,FALSE,Humidity,Autumn
climate,PAS_sp,2,rf_var,Plain RF,0.0996953029268368,28.5275614823275,0.152291326776303,24.7703399267045,993.587569162863,H:/Jing/ecoChina2/rf/clm_rfVar_zone2.Rdata,clm_rfVar,0.0996953029268368,1,0.0834026990815966,TRUE,TRUE,TRUE,Snowfall,Spring
climate,Eref,2,rf_var,Plain RF,0.0870786765408131,28.7301387586464,0.113211825893473,24.0870868957022,606.704493109648,H:/Jing/ecoChina2/rf/clm_rfVar_zone2.Rdata,clm_rfVar,0.0870786765408131,2,0.0728479320764681,TRUE,TRUE,TRUE,Radiation and evaporative demand,Annual
climate,MCMT,2,rf_var,Plain RF,0.0857627068361946,28.2496722802263,0.144551124202982,25.9825650273882,1217.68654212515,H:/Jing/ecoChina2/rf/clm_rfVar_zone2.Rdata,clm_rfVar,0.0857627068361946,3,0.0717470233871656,TRUE,TRUE,TRUE,Temperature,Annual
climate,DD_0_at,2,rf_var,Plain RF,0.0856757417112667,29.8676647029909,0.168537821457695,28.6931328281507,364.968119547788,H:/Jing/ecoChina2/rf/clm_rfVar_zone2.Rdata,clm_rfVar,0.0856757417112667,4,0.0716742704496448,TRUE,TRUE,TRUE,Growing season and degree-days,Autumn
climate,DD5_sp,2,rf_var,Plain RF,0.0837628665414763,29.4755820736382,0.109949995803483,22.7447409503472,496.014318510052,H:/Jing/ecoChina2/rf/clm_rfVar_zone2.Rdata,clm_rfVar,0.0837628665414763,5,0.0700740049658861,TRUE,TRUE,TRUE,Growing season and degree-days,Spring
climate,PAS_at,2,rf_var,Plain RF,0.0819699443270703,27.0288358751985,0.131307447112,24.5223444905683,828.257113540073,H:/Jing/ecoChina2/rf/clm_rfVar_zone2.Rdata,clm_rfVar,0.0819699443270703,6,0.0685740892473436,TRUE,FALSE,TRUE,Snowfall,Autumn
climate,Eref_at,2,rf_var,Plain RF,0.0736541413109616,29.9144304993321,0.132938014196315,28.5821100553555,575.423399576466,H:/Jing/ecoChina2/rf/clm_rfVar_zone2.Rdata,clm_rfVar,0.0736541413109616,7,0.0616172879115442,TRUE,FALSE,TRUE,Radiation and evaporative demand,Autumn
climate,DD5_sm,2,rf_var,Plain RF,0.0678676487566207,27.5731352625098,0.0916475965011432,24.7118101195397,471.500354347458,H:/Jing/ecoChina2/rf/clm_rfVar_zone2.Rdata,clm_rfVar,0.0678676487566207,8,0.0567764470386119,TRUE,FALSE,TRUE,Growing season and degree-days,Summer
climate,DD5,2,rf_var,Plain RF,0.0662984536936681,25.4528225841507,0.0969406954439353,24.3648890318055,406.819616505327,H:/Jing/ecoChina2/rf/clm_rfVar_zone2.Rdata,clm_rfVar,0.0662984536936681,9,0.0554636960885315,TRUE,FALSE,TRUE,Growing season and degree-days,Annual
climate,Tmin_sm,2,rf_var,Plain RF,0.0525112752076113,24.3793271839841,0.076842803249894,21.3730655249512,534.111178103274,H:/Jing/ecoChina2/rf/clm_rfVar_zone2.Rdata,clm_rfVar,0.0525112752076113,10,0.0439296732740292,TRUE,FALSE,TRUE,Temperature,Summer
climate,EXT,2,rf_var,Plain RF,0.0510390415908166,31.4738586626456,0.0659825436471338,24.8149876419018,493.924412307365,H:/Jing/ecoChina2/rf/clm_rfVar_zone2.Rdata,clm_rfVar,0.0510390415908166,11,0.0426980379440332,TRUE,FALSE,FALSE,Temperature,Annual
climate,MWMT,2,rf_var,Plain RF,0.0508334305216913,26.9747992205046,0.0744727086139489,23.0286079260392,410.071971917755,H:/Jing/ecoChina2/rf/clm_rfVar_zone2.Rdata,clm_rfVar,0.0508334305216913,12,0.0425260286555045,TRUE,FALSE,FALSE,Temperature,Annual
climate,Eref_sm,2,rf_var,Plain RF,0.0453762396153531,28.7713907532574,0.0709116832857386,22.6546176073643,437.817784809837,H:/Jing/ecoChina2/rf/clm_rfVar_zone2.Rdata,clm_rfVar,0.0453762396153531,13,0.0379606736424788,TRUE,FALSE,FALSE,Radiation and evaporative demand,Summer
climate,CMD_sp,2,rf_var,Plain RF,0.0424077189555937,27.8513730461479,0.0694563305956644,24.9201992356012,261.259210723098,H:/Jing/ecoChina2/rf/clm_rfVar_zone2.Rdata,clm_rfVar,0.0424077189555937,14,0.035477280463112,TRUE,FALSE,FALSE,Climatic moisture balance,Spring
climate,PPT_sp,2,rf_var,Plain RF,0.036499830178878,33.3147924641557,0.0644870587934352,29.3240598933509,183.078252963251,H:/Jing/ecoChina2/rf/clm_rfVar_zone2.Rdata,clm_rfVar,0.036499830178878,15,0.0305348824224183,TRUE,FALSE,FALSE,Precipitation,Spring
climate,MAP,2,rf_var,Plain RF,0.0346951663523073,35.1213122012361,0.0602027755427849,32.2748625747091,145.737978122994,H:/Jing/ecoChina2/rf/clm_rfVar_zone2.Rdata,clm_rfVar,0.0346951663523073,16,0.0290251439527797,TRUE,FALSE,FALSE,Precipitation,Annual
climate,CMD,2,rf_var,Plain RF,0.0340303675973888,30.2720469961805,0.0602073606104276,27.9041252821161,151.852757013403,H:/Jing/ecoChina2/rf/clm_rfVar_zone2.Rdata,clm_rfVar,0.0340303675973888,17,0.0284689892606476,TRUE,FALSE,FALSE,Climatic moisture balance,Annual
climate,PPT_at,2,rf_var,Plain RF,0.0335523230489084,33.5094134217441,0.0667623040194173,31.7201181921133,171.750722684456,H:/Jing/ecoChina2/rf/clm_rfVar_zone2.Rdata,clm_rfVar,0.0335523230489084,18,0.0280690686580314,TRUE,FALSE,FALSE,Precipitation,Autumn
climate,PPT_sm,2,rf_var,Plain RF,0.0315395746445513,38.4698627488963,0.0616395676775284,34.1468292241901,136.486618903108,H:/Jing/ecoChina2/rf/clm_rfVar_zone2.Rdata,clm_rfVar,0.0315395746445513,19,0.0263852516218491,TRUE,FALSE,FALSE,Precipitation,Summer
climate,CMD_sm,2,rf_var,Plain RF,0.0282973927699104,34.0957664047046,0.0563016643346029,31.5067529598484,109.744944696236,H:/Jing/ecoChina2/rf/clm_rfVar_zone2.Rdata,clm_rfVar,0.0282973927699104,20,0.0236729200343026,TRUE,FALSE,FALSE,Climatic moisture balance,Summer
climate,RH_wt,2,rf_var,Plain RF,0.0228007969598625,29.8449583509015,0.0424320283400097,28.1117948412462,103.247035893369,H:/Jing/ecoChina2/rf/clm_rfVar_zone2.Rdata,clm_rfVar,0.0228007969598625,21,0.0190745998240213,TRUE,FALSE,FALSE,Humidity,Winter
climate,MAP,3,rf_var,Plain RF,0.0954437882026637,49.7236448033482,0.151797015020229,50.0361319451313,730.107401539264,H:/Jing/ecoChina2/rf/clm_rfVar_zone3.Rdata,clm_rfVar,0.0954437882026637,1,0.080956822179518,TRUE,TRUE,TRUE,Precipitation,Annual
climate,PPT_sm,3,rf_var,Plain RF,0.0820847669658308,42.7657929853967,0.118123138795732,44.8975992996063,816.878175502029,H:/Jing/ecoChina2/rf/clm_rfVar_zone3.Rdata,clm_rfVar,0.0820847669658308,2,0.0696255042684326,TRUE,TRUE,TRUE,Precipitation,Summer
climate,TD,3,rf_var,Plain RF,0.0793643326415819,35.4998013352436,0.12221650597987,36.1754179102287,726.583683807432,H:/Jing/ecoChina2/rf/clm_rfVar_zone3.Rdata,clm_rfVar,0.0793643326415819,3,0.0673179919411596,TRUE,TRUE,TRUE,Temperature,Annual
climate,PPT_at,3,rf_var,Plain RF,0.0637391093815173,39.5765387129166,0.111786642574953,40.4080622958724,468.363937588994,H:/Jing/ecoChina2/rf/clm_rfVar_zone3.Rdata,clm_rfVar,0.0637391093815173,4,0.0540644482082316,TRUE,TRUE,TRUE,Precipitation,Autumn
climate,DD5_sm,3,rf_var,Plain RF,0.0621365103682795,38.0565098811156,0.112582948757544,35.1716308019684,348.301534959857,H:/Jing/ecoChina2/rf/clm_rfVar_zone3.Rdata,clm_rfVar,0.0621365103682795,5,0.0527051002005408,TRUE,TRUE,TRUE,Growing season and degree-days,Summer
climate,DD_18_sm,3,rf_var,Plain RF,0.0613951199741159,37.1608109296142,0.115137324651178,34.8050904826831,330.555848051791,H:/Jing/ecoChina2/rf/clm_rfVar_zone3.Rdata,clm_rfVar,0.0613951199741159,6,0.0520762419852899,TRUE,FALSE,TRUE,Growing season and degree-days,Summer
climate,DD_18_wt,3,rf_var,Plain RF,0.061073677456146,36.4355703991133,0.0831663325268194,32.5827278025772,488.167215274725,H:/Jing/ecoChina2/rf/clm_rfVar_zone3.Rdata,clm_rfVar,0.061073677456146,7,0.0518035897230707,TRUE,FALSE,TRUE,Growing season and degree-days,Winter
climate,AHM,3,rf_var,Plain RF,0.0585133612290416,38.4697545705343,0.107540730415622,35.1254483618195,358.478450581223,H:/Jing/ecoChina2/rf/clm_rfVar_zone3.Rdata,clm_rfVar,0.0585133612290416,8,0.0496318919161804,TRUE,FALSE,TRUE,Climatic moisture balance,Annual
climate,DD_0,3,rf_var,Plain RF,0.0562612468942746,36.8717930540142,0.0792050548796457,34.6013125251234,420.248712325381,H:/Jing/ecoChina2/rf/clm_rfVar_zone3.Rdata,clm_rfVar,0.0562612468942746,9,0.0477216154784878,TRUE,FALSE,TRUE,Growing season and degree-days,Annual
climate,DD18_sm,3,rf_var,Plain RF,0.0554760447889488,38.6906120491446,0.104765381680478,35.5924931358304,311.116997571417,H:/Jing/ecoChina2/rf/clm_rfVar_zone3.Rdata,clm_rfVar,0.0554760447889488,10,0.047055595526714,TRUE,FALSE,TRUE,Growing season and degree-days,Summer
climate,DD_0_wt,3,rf_var,Plain RF,0.0550807610489533,34.6953931927627,0.0756750194766837,32.2442618580917,412.502737787741,H:/Jing/ecoChina2/rf/clm_rfVar_zone3.Rdata,clm_rfVar,0.0550807610489533,11,0.0467203100560523,TRUE,FALSE,FALSE,Growing season and degree-days,Winter
climate,CMD,3,rf_var,Plain RF,0.0538563372772176,35.9531778049497,0.0958313968366439,34.7028292973034,344.345808849833,H:/Jing/ecoChina2/rf/clm_rfVar_zone3.Rdata,clm_rfVar,0.0538563372772176,12,0.0456817358394642,TRUE,FALSE,FALSE,Climatic moisture balance,Annual
climate,Tmin_sm,3,rf_var,Plain RF,0.0535220255948624,37.1317862160983,0.0868594571866542,34.3167113156687,297.484838554109,H:/Jing/ecoChina2/rf/clm_rfVar_zone3.Rdata,clm_rfVar,0.0535220255948624,13,0.045398167763106,TRUE,FALSE,FALSE,Temperature,Summer
climate,PPT_sp,3,rf_var,Plain RF,0.0527192601879112,39.9214761067944,0.0924530389076623,38.7784426824727,359.585647936698,H:/Jing/ecoChina2/rf/clm_rfVar_zone3.Rdata,clm_rfVar,0.0527192601879112,14,0.0447172503610807,TRUE,FALSE,FALSE,Precipitation,Spring
climate,Tmin_at,3,rf_var,Plain RF,0.0523465966122245,34.0292556362342,0.068940423596971,31.7506208860707,347.346808490934,H:/Jing/ecoChina2/rf/clm_rfVar_zone3.Rdata,clm_rfVar,0.0523465966122245,15,0.0444011516458286,TRUE,FALSE,FALSE,Temperature,Autumn
climate,CMD_sp,3,rf_var,Plain RF,0.050624656025966,41.5485484945782,0.0992884825265446,38.5271674329774,385.761042948689,H:/Jing/ecoChina2/rf/clm_rfVar_zone3.Rdata,clm_rfVar,0.050624656025966,16,0.0429405763640782,TRUE,FALSE,FALSE,Climatic moisture balance,Spring
climate,EXT,3,rf_var,Plain RF,0.0478645869626768,32.6902013457215,0.0806062109839655,31.0679794210319,374.976144216977,H:/Jing/ecoChina2/rf/clm_rfVar_zone3.Rdata,clm_rfVar,0.0478645869626768,17,0.0405994452693502,TRUE,FALSE,FALSE,Temperature,Annual
climate,DD_0_sp,3,rf_var,Plain RF,0.044316793885,38.1736295497368,0.0718790080228026,33.9043063704443,299.145164059775,H:/Jing/ecoChina2/rf/clm_rfVar_zone3.Rdata,clm_rfVar,0.044316793885,18,0.0375901551025629,TRUE,FALSE,FALSE,Growing season and degree-days,Spring
climate,Eref_at,3,rf_var,Plain RF,0.0362848881458299,36.2447256596948,0.0653057119159797,32.45981171601,245.0580343608,H:/Jing/ecoChina2/rf/clm_rfVar_zone3.Rdata,clm_rfVar,0.0362848881458299,19,0.0307773747536948,TRUE,FALSE,FALSE,Radiation and evaporative demand,Autumn
climate,PPT_wt,3,rf_var,Plain RF,0.0347392607044608,36.3004234655777,0.0577909747516596,33.9585382188278,334.193879752978,H:/Jing/ecoChina2/rf/clm_rfVar_zone3.Rdata,clm_rfVar,0.0347392607044608,20,0.0294663508695525,TRUE,FALSE,FALSE,Precipitation,Winter
climate,RH_wt,3,rf_var,Plain RF,0.0221036973424788,36.9839845303673,0.0391134969979442,32.811982556558,165.279571854524,H:/Jing/ecoChina2/rf/clm_rfVar_zone3.Rdata,clm_rfVar,0.0221036973424788,21,0.0187486805476042,TRUE,FALSE,FALSE,Humidity,Winter
climate,TD,4,rf_var,Plain RF,0.15509240173258,50.7170140804079,0.323168914432071,49.1776579893257,1574.3760698779,H:/Jing/ecoChina2/rf/clm_rfVar_zone4.Rdata,clm_rfVar,0.15509240173258,1,0.090340159803423,TRUE,TRUE,TRUE,Temperature,Annual
climate,Eref_at,4,rf_var,Plain RF,0.126369249470606,45.8850758907833,0.265345131000184,46.5300328946683,740.764547343647,H:/Jing/ecoChina2/rf/clm_rfVar_zone4.Rdata,clm_rfVar,0.126369249470606,2,0.0736091392220343,TRUE,TRUE,TRUE,Radiation and evaporative demand,Autumn
climate,DD_0_at,4,rf_var,Plain RF,0.105768849989807,43.1643298722679,0.225610507845836,43.8388539831883,583.827519349649,H:/Jing/ecoChina2/rf/clm_rfVar_zone4.Rdata,clm_rfVar,0.105768849989807,3,0.0616095611619906,TRUE,TRUE,TRUE,Growing season and degree-days,Autumn
climate,PPT_sm,4,rf_var,Plain RF,0.100361695504124,64.694981516319,0.204011519563472,64.8539876275585,553.181673426935,H:/Jing/ecoChina2/rf/clm_rfVar_zone4.Rdata,clm_rfVar,0.100361695504124,4,0.0584599342630489,TRUE,TRUE,TRUE,Precipitation,Summer
climate,Eref,4,rf_var,Plain RF,0.0940491761253681,38.0261873980393,0.200035558740918,37.3493362632881,658.475414516457,H:/Jing/ecoChina2/rf/clm_rfVar_zone4.Rdata,clm_rfVar,0.0940491761253681,5,0.0547829391100415,TRUE,TRUE,TRUE,Radiation and evaporative demand,Annual
climate,Eref_sm,4,rf_var,Plain RF,0.0875421974391691,44.2896030627801,0.194851452865475,44.1667509410223,369.090389613512,H:/Jing/ecoChina2/rf/clm_rfVar_zone4.Rdata,clm_rfVar,0.0875421974391691,6,0.0509926728701629,TRUE,FALSE,TRUE,Radiation and evaporative demand,Summer
climate,MAP,4,rf_var,Plain RF,0.0844158991873327,51.5748053675095,0.169693277535714,50.6454039381081,459.903272552902,H:/Jing/ecoChina2/rf/clm_rfVar_zone4.Rdata,clm_rfVar,0.0844158991873327,7,0.0491716276061206,TRUE,FALSE,TRUE,Precipitation,Annual
climate,DD5,4,rf_var,Plain RF,0.0839162567168303,44.0565699318244,0.164110063683838,43.5878264017904,543.783678691838,H:/Jing/ecoChina2/rf/clm_rfVar_zone4.Rdata,clm_rfVar,0.0839162567168303,8,0.0488805896176342,TRUE,FALSE,TRUE,Growing season and degree-days,Annual
climate,DD5_sm,4,rf_var,Plain RF,0.0783483224091139,44.0623520687968,0.156039116860853,47.5344886746175,398.920536155272,H:/Jing/ecoChina2/rf/clm_rfVar_zone4.Rdata,clm_rfVar,0.0783483224091139,9,0.0456373096792568,TRUE,FALSE,TRUE,Growing season and degree-days,Summer
climate,PPT_sp,4,rf_var,Plain RF,0.0777520351179967,48.8219819105911,0.158781880408653,48.2205489619277,251.517886136217,H:/Jing/ecoChina2/rf/clm_rfVar_zone4.Rdata,clm_rfVar,0.0777520351179967,10,0.0452899768082296,TRUE,FALSE,TRUE,Precipitation,Spring
climate,CMD_sp,4,rf_var,Plain RF,0.0761325724570082,46.1350878334245,0.170847227007856,44.1527557119377,209.799115325779,H:/Jing/ecoChina2/rf/clm_rfVar_zone4.Rdata,clm_rfVar,0.0761325724570082,11,0.0443466519647492,TRUE,FALSE,FALSE,Climatic moisture balance,Spring
climate,CMD_sm,4,rf_var,Plain RF,0.0745783574215101,52.0635296465733,0.158105144810992,50.1077041502132,335.54071255934,H:/Jing/ecoChina2/rf/clm_rfVar_zone4.Rdata,clm_rfVar,0.0745783574215101,12,0.0434413333733338,TRUE,FALSE,FALSE,Climatic moisture balance,Summer
climate,CMD_at,4,rf_var,Plain RF,0.0719799672162235,40.7758942535331,0.155065883107635,38.5039062746496,210.624715606766,H:/Jing/ecoChina2/rf/clm_rfVar_zone4.Rdata,clm_rfVar,0.0719799672162235,13,0.041927790583649,TRUE,FALSE,FALSE,Climatic moisture balance,Autumn
climate,EXT,4,rf_var,Plain RF,0.0679854809390151,42.3345687246236,0.116009835586769,39.8721356695391,479.198493622507,H:/Jing/ecoChina2/rf/clm_rfVar_zone4.Rdata,clm_rfVar,0.0679854809390151,14,0.0396010323119071,TRUE,FALSE,FALSE,Temperature,Annual
climate,AHM,4,rf_var,Plain RF,0.0669769622197029,46.847788680568,0.138366543455602,44.9425939115837,297.795268689895,H:/Jing/ecoChina2/rf/clm_rfVar_zone4.Rdata,clm_rfVar,0.0669769622197029,15,0.0390135777283841,TRUE,FALSE,FALSE,Climatic moisture balance,Annual
climate,DD18_sm,4,rf_var,Plain RF,0.0664773486181564,40.9981514131023,0.138272078824828,42.7572764927547,387.714315250547,H:/Jing/ecoChina2/rf/clm_rfVar_zone4.Rdata,clm_rfVar,0.0664773486181564,16,0.0387225565558479,TRUE,FALSE,FALSE,Growing season and degree-days,Summer
climate,Tmin_sm,4,rf_var,Plain RF,0.0639825166934065,40.9800075019666,0.116110817428508,42.7633075877392,350.349246859697,H:/Jing/ecoChina2/rf/clm_rfVar_zone4.Rdata,clm_rfVar,0.0639825166934065,17,0.0372693356872124,TRUE,FALSE,FALSE,Temperature,Summer
climate,PPT_at,4,rf_var,Plain RF,0.0625353907996043,47.5854138100837,0.13286900540237,47.7943252158863,270.983416750256,H:/Jing/ecoChina2/rf/clm_rfVar_zone4.Rdata,clm_rfVar,0.0625353907996043,18,0.0364263957169668,TRUE,FALSE,FALSE,Precipitation,Autumn
climate,CMD,4,rf_var,Plain RF,0.0621677203125456,46.9926149703358,0.130341193951807,43.6448269612986,243.529935092558,H:/Jing/ecoChina2/rf/clm_rfVar_zone4.Rdata,clm_rfVar,0.0621677203125456,19,0.0362122304181848,TRUE,FALSE,FALSE,Climatic moisture balance,Annual
climate,RH_wt,4,rf_var,Plain RF,0.0587462437985484,50.6931151301294,0.124885829167587,47.2525484739689,224.888327254322,H:/Jing/ecoChina2/rf/clm_rfVar_zone4.Rdata,clm_rfVar,0.0587462437985484,20,0.0342192460321984,TRUE,FALSE,FALSE,Humidity,Winter
climate,PPT_wt,4,rf_var,Plain RF,0.0515816767125164,45.6364599364905,0.107545359768563,43.6374304857138,226.199575585595,H:/Jing/ecoChina2/rf/clm_rfVar_zone4.Rdata,clm_rfVar,0.0515816767125164,21,0.0300459394856243,TRUE,FALSE,FALSE,Precipitation,Winter
climate,DD5_sm,5,rf_var,Plain RF,0.105573987874989,53.153531244665,0.152523225161222,52.3750601026573,873.479423087434,H:/Jing/ecoChina2/rf/clm_rfVar_zone5.Rdata,clm_rfVar,0.105573987874989,1,0.0710550409026682,TRUE,TRUE,TRUE,Growing season and degree-days,Summer
climate,TD,5,rf_var,Plain RF,0.104964778539293,51.4179676969446,0.19381489121562,48.0606644201644,695.059451573785,H:/Jing/ecoChina2/rf/clm_rfVar_zone5.Rdata,clm_rfVar,0.104964778539293,2,0.0706450213975092,TRUE,TRUE,TRUE,Temperature,Annual
climate,Tmax_wt,5,rf_var,Plain RF,0.0992727273863748,43.2346791134799,0.186230418668045,40.1753891330175,596.441366644415,H:/Jing/ecoChina2/rf/clm_rfVar_zone5.Rdata,clm_rfVar,0.0992727273863748,3,0.0668140689476538,TRUE,TRUE,TRUE,Temperature,Winter
climate,DD5_at,5,rf_var,Plain RF,0.0874032711033529,43.4777833543276,0.136596761711139,39.2488644974609,476.481415299849,H:/Jing/ecoChina2/rf/clm_rfVar_zone5.Rdata,clm_rfVar,0.0874032711033529,4,0.0588255035949723,TRUE,TRUE,TRUE,Growing season and degree-days,Autumn
climate,Eref_at,5,rf_var,Plain RF,0.0836016052759335,36.6313955510471,0.141426720500446,32.0956433240563,389.525657940378,H:/Jing/ecoChina2/rf/clm_rfVar_zone5.Rdata,clm_rfVar,0.0836016052759335,5,0.0562668475632856,TRUE,TRUE,TRUE,Radiation and evaporative demand,Autumn
climate,Eref,5,rf_var,Plain RF,0.0817620134289335,43.143519547908,0.138980768607951,39.8250735548476,380.272028296266,H:/Jing/ecoChina2/rf/clm_rfVar_zone5.Rdata,clm_rfVar,0.0817620134289335,6,0.0550287369589237,TRUE,FALSE,TRUE,Radiation and evaporative demand,Annual
climate,PPT_sp,5,rf_var,Plain RF,0.0811798541648301,52.1756960527533,0.143303458688317,52.6530515095181,567.46105878582,H:/Jing/ecoChina2/rf/clm_rfVar_zone5.Rdata,clm_rfVar,0.0811798541648301,7,0.0546369231120155,TRUE,FALSE,TRUE,Precipitation,Spring
climate,DD_0,5,rf_var,Plain RF,0.0758597205819883,48.2821198000706,0.131380946301254,41.3501253152792,323.096499182955,H:/Jing/ecoChina2/rf/clm_rfVar_zone5.Rdata,clm_rfVar,0.0758597205819883,8,0.0510562843870287,TRUE,FALSE,TRUE,Growing season and degree-days,Annual
climate,EXT,5,rf_var,Plain RF,0.0744664623766748,49.2030586720745,0.115096424029162,45.9038301365336,591.193657644988,H:/Jing/ecoChina2/rf/clm_rfVar_zone5.Rdata,clm_rfVar,0.0744664623766748,9,0.0501185721649257,TRUE,FALSE,TRUE,Temperature,Annual
climate,EMT,5,rf_var,Plain RF,0.0740109528728919,48.0269139771149,0.119744619568148,39.0758376208682,380.22131611711,H:/Jing/ecoChina2/rf/clm_rfVar_zone5.Rdata,clm_rfVar,0.0740109528728919,10,0.0498119981018034,TRUE,FALSE,TRUE,Temperature,Annual
climate,PPT_at,5,rf_var,Plain RF,0.0737909366953934,50.2040722991357,0.133062777139256,52.5321209010117,385.369128474015,H:/Jing/ecoChina2/rf/clm_rfVar_zone5.Rdata,clm_rfVar,0.0737909366953934,11,0.0496639194054685,TRUE,FALSE,FALSE,Precipitation,Autumn
climate,MAP,5,rf_var,Plain RF,0.0675546465408709,53.3807951514023,0.115688492041751,54.4801234653822,322.732706513919,H:/Jing/ecoChina2/rf/clm_rfVar_zone5.Rdata,clm_rfVar,0.0675546465408709,12,0.0454666747912441,TRUE,FALSE,FALSE,Precipitation,Annual
climate,PPT_wt,5,rf_var,Plain RF,0.0640728975635296,56.4570163701885,0.108513508044726,55.0384601778569,293.718216841709,H:/Jing/ecoChina2/rf/clm_rfVar_zone5.Rdata,clm_rfVar,0.0640728975635296,13,0.0431233341542421,TRUE,FALSE,FALSE,Precipitation,Winter
climate,PPT_sm,5,rf_var,Plain RF,0.0578346503261704,63.3372254801758,0.107889236607033,61.4258535490102,279.073217481717,H:/Jing/ecoChina2/rf/clm_rfVar_zone5.Rdata,clm_rfVar,0.0578346503261704,14,0.0389247723538072,TRUE,FALSE,FALSE,Precipitation,Summer
climate,AHM,5,rf_var,Plain RF,0.0556125198484111,48.6758516891644,0.0976139121253968,44.3539984873354,252.211695342902,H:/Jing/ecoChina2/rf/clm_rfVar_zone5.Rdata,clm_rfVar,0.0556125198484111,15,0.0374291996737715,TRUE,FALSE,FALSE,Climatic moisture balance,Annual
climate,CMD_sp,5,rf_var,Plain RF,0.0553793664554262,49.8780309272895,0.100510431485346,41.2334930366118,231.408987629745,H:/Jing/ecoChina2/rf/clm_rfVar_zone5.Rdata,clm_rfVar,0.0553793664554262,16,0.0372722791651443,TRUE,FALSE,FALSE,Climatic moisture balance,Spring
climate,RH_wt,5,rf_var,Plain RF,0.0539959308623372,54.8678341092183,0.0969576599092575,53.8029501883911,317.224875223209,H:/Jing/ecoChina2/rf/clm_rfVar_zone5.Rdata,clm_rfVar,0.0539959308623372,17,0.0363411779096955,TRUE,FALSE,FALSE,Humidity,Winter
climate,CMD,5,rf_var,Plain RF,0.0531399509869053,49.7880839566483,0.0938384192611221,47.7663778726679,278.809251267563,H:/Jing/ecoChina2/rf/clm_rfVar_zone5.Rdata,clm_rfVar,0.0531399509869053,18,0.0357650730728422,TRUE,FALSE,FALSE,Climatic moisture balance,Annual
climate,CMD_at,5,rf_var,Plain RF,0.0479173274777757,42.961480168345,0.0897747031404897,40.2173244676193,209.055067377806,H:/Jing/ecoChina2/rf/clm_rfVar_zone5.Rdata,clm_rfVar,0.0479173274777757,19,0.0322500620883196,TRUE,FALSE,FALSE,Climatic moisture balance,Autumn
climate,CMD_sm,5,rf_var,Plain RF,0.0467603059363045,51.0979723185061,0.0879588637319881,46.2205411382305,213.214756809743,H:/Jing/ecoChina2/rf/clm_rfVar_zone5.Rdata,clm_rfVar,0.0467603059363045,20,0.0314713455255631,TRUE,FALSE,FALSE,Climatic moisture balance,Summer
climate,RH_at,5,rf_var,Plain RF,0.0416518371618885,48.3739244203918,0.0783048902523613,48.0027779999395,187.107352302044,H:/Jing/ecoChina2/rf/clm_rfVar_zone5.Rdata,clm_rfVar,0.0416518371618885,21,0.028033164729116,TRUE,FALSE,FALSE,Humidity,Autumn
climate,TD,6,rf_var,Plain RF,0.171927274176585,55.4642334012686,0.35726877387308,52.7060162313912,1660.61032981639,H:/Jing/ecoChina2/rf/clm_rfVar_zone6.Rdata,clm_rfVar,0.171927274176585,1,0.0889249118225256,TRUE,TRUE,TRUE,Temperature,Annual
climate,Eref_at,6,rf_var,Plain RF,0.144613583922777,45.3758138323055,0.297485439172106,45.2277934742997,792.009115955534,H:/Jing/ecoChina2/rf/clm_rfVar_zone6.Rdata,clm_rfVar,0.144613583922777,2,0.0747976157957591,TRUE,TRUE,TRUE,Radiation and evaporative demand,Autumn
climate,Eref,6,rf_var,Plain RF,0.130313142876541,41.3703933634456,0.243886424453023,39.3619344891028,817.625583059494,H:/Jing/ecoChina2/rf/clm_rfVar_zone6.Rdata,clm_rfVar,0.130313142876541,3,0.0674010845289766,TRUE,TRUE,TRUE,Radiation and evaporative demand,Annual
climate,PPT_sm,6,rf_var,Plain RF,0.123501425793064,63.1521072048128,0.273810234489369,60.872458229209,427.577367540596,H:/Jing/ecoChina2/rf/clm_rfVar_zone6.Rdata,clm_rfVar,0.123501425793064,4,0.0638779009973977,TRUE,TRUE,TRUE,Precipitation,Summer
climate,PPT_at,6,rf_var,Plain RF,0.115226371448191,60.9941403306961,0.253473076619092,57.7696242671991,220.99952946593,H:/Jing/ecoChina2/rf/clm_rfVar_zone6.Rdata,clm_rfVar,0.115226371448191,5,0.0595978443195455,TRUE,TRUE,TRUE,Precipitation,Autumn
climate,CMD_at,6,rf_var,Plain RF,0.10492529368108,58.9160007510962,0.235817430315379,57.5443347026477,242.743396451487,H:/Jing/ecoChina2/rf/clm_rfVar_zone6.Rdata,clm_rfVar,0.10492529368108,6,0.0542698797106467,TRUE,FALSE,TRUE,Climatic moisture balance,Autumn
climate,Eref_sm,6,rf_var,Plain RF,0.103902571670575,40.7623699192133,0.202608039399995,37.550085465131,645.201599988332,H:/Jing/ecoChina2/rf/clm_rfVar_zone6.Rdata,clm_rfVar,0.103902571670575,7,0.0537409033452697,TRUE,FALSE,TRUE,Radiation and evaporative demand,Summer
climate,DD_18,6,rf_var,Plain RF,0.0975188705138395,35.3597883538662,0.189521260368335,34.8541714921357,531.078510957102,H:/Jing/ecoChina2/rf/clm_rfVar_zone6.Rdata,clm_rfVar,0.0975188705138395,8,0.0504390999217998,TRUE,FALSE,TRUE,Growing season and degree-days,Annual
climate,CMD_sm,6,rf_var,Plain RF,0.0931133289539335,48.4275706305779,0.202569454385591,46.6824691628581,370.738820774111,H:/Jing/ecoChina2/rf/clm_rfVar_zone6.Rdata,clm_rfVar,0.0931133289539335,9,0.0481604481103209,TRUE,FALSE,TRUE,Climatic moisture balance,Summer
climate,PPT_sp,6,rf_var,Plain RF,0.0852900191576142,42.5201814704808,0.181416150093217,41.6037777086077,235.168455800686,H:/Jing/ecoChina2/rf/clm_rfVar_zone6.Rdata,clm_rfVar,0.0852900191576142,10,0.0441140445531781,TRUE,FALSE,TRUE,Precipitation,Spring
climate,MAP,6,rf_var,Plain RF,0.0851269194358297,44.9744594581002,0.175037416979889,41.6914940774664,279.012679054237,H:/Jing/ecoChina2/rf/clm_rfVar_zone6.Rdata,clm_rfVar,0.0851269194358297,11,0.0440296854632814,TRUE,FALSE,FALSE,Precipitation,Annual
climate,Tmin_sm,6,rf_var,Plain RF,0.0795844833357298,39.2617846002942,0.158676854227786,37.0322444890908,335.21477405768,H:/Jing/ecoChina2/rf/clm_rfVar_zone6.Rdata,clm_rfVar,0.0795844833357298,12,0.0411630045143521,TRUE,FALSE,FALSE,Temperature,Summer
climate,DD5_sm,6,rf_var,Plain RF,0.0794436882767939,42.5534246142852,0.15426692916111,40.4379523805463,477.67835656791,H:/Jing/ecoChina2/rf/clm_rfVar_zone6.Rdata,clm_rfVar,0.0794436882767939,13,0.04109018193131,TRUE,FALSE,FALSE,Growing season and degree-days,Summer
climate,CMD,6,rf_var,Plain RF,0.0766897207327062,38.0257137488442,0.159757704889808,36.0348235353617,282.457253204651,H:/Jing/ecoChina2/rf/clm_rfVar_zone6.Rdata,clm_rfVar,0.0766897207327062,14,0.0396657638324773,TRUE,FALSE,FALSE,Climatic moisture balance,Annual
climate,DD18_sm,6,rf_var,Plain RF,0.0744887105559888,38.2612872239378,0.146798839691416,38.2526754390966,398.216839478269,H:/Jing/ecoChina2/rf/clm_rfVar_zone6.Rdata,clm_rfVar,0.0744887105559888,15,0.0385273485529793,TRUE,FALSE,FALSE,Growing season and degree-days,Summer
climate,PAS,6,rf_var,Plain RF,0.0740785308114985,38.9966434376955,0.144855013050183,35.7433738161649,297.905954946241,H:/Jing/ecoChina2/rf/clm_rfVar_zone6.Rdata,clm_rfVar,0.0740785308114985,16,0.0383151937463328,TRUE,FALSE,FALSE,Snowfall,Annual
climate,DD18,6,rf_var,Plain RF,0.0713634335496232,39.4064494249696,0.144395627172561,38.7107794390771,379.524032868231,H:/Jing/ecoChina2/rf/clm_rfVar_zone6.Rdata,clm_rfVar,0.0713634335496232,17,0.0369108802902033,TRUE,FALSE,FALSE,Growing season and degree-days,Annual
climate,CMD_sp,6,rf_var,Plain RF,0.0665896258435124,39.2051082556326,0.131919762222822,35.515968816567,387.688608820096,H:/Jing/ecoChina2/rf/clm_rfVar_zone6.Rdata,clm_rfVar,0.0665896258435124,18,0.0344417523908824,TRUE,FALSE,FALSE,Climatic moisture balance,Spring
climate,AHM,6,rf_var,Plain RF,0.05907521944195,43.1155362185616,0.118251384035994,39.5562001896797,192.030303595303,H:/Jing/ecoChina2/rf/clm_rfVar_zone6.Rdata,clm_rfVar,0.05907521944195,19,0.0305551210820464,TRUE,FALSE,FALSE,Climatic moisture balance,Annual
climate,RH_wt,6,rf_var,Plain RF,0.0541397854562813,41.8667167502802,0.115472518364611,38.7828075351503,239.705072896403,H:/Jing/ecoChina2/rf/clm_rfVar_zone6.Rdata,clm_rfVar,0.0541397854562813,20,0.0280023961925055,TRUE,FALSE,FALSE,Humidity,Winter
climate,PPT_wt,6,rf_var,Plain RF,0.0424863097138231,42.8534263034146,0.0922412654015071,39.4941971025518,149.338270893147,H:/Jing/ecoChina2/rf/clm_rfVar_zone6.Rdata,clm_rfVar,0.0424863097138231,21,0.0219749388982098,TRUE,FALSE,FALSE,Precipitation,Winter
climate,TD,7,rf_var,Plain RF,0.096573642091455,51.707674118253,0.171139450675925,51.3614365334783,643.326198260844,H:/Jing/ecoChina2/rf/clm_rfVar_zone7.Rdata,clm_rfVar,0.096573642091455,1,0.0708863561588872,TRUE,TRUE,TRUE,Temperature,Annual
climate,Eref_at,7,rf_var,Plain RF,0.0955677878683574,55.9617282049212,0.150396042558243,49.5675461111042,596.253966937037,H:/Jing/ecoChina2/rf/clm_rfVar_zone7.Rdata,clm_rfVar,0.0955677878683574,2,0.0701480455892714,TRUE,TRUE,TRUE,Radiation and evaporative demand,Autumn
climate,PPT_sm,7,rf_var,Plain RF,0.0865087378936344,60.9372597576514,0.157125676838646,58.4386789533385,519.491055408607,H:/Jing/ecoChina2/rf/clm_rfVar_zone7.Rdata,clm_rfVar,0.0865087378936344,3,0.0634985806932364,TRUE,TRUE,TRUE,Precipitation,Summer
climate,Tmin_sm,7,rf_var,Plain RF,0.083262580276596,53.8389749292825,0.126654193536327,53.4259793007721,559.662472369754,H:/Jing/ecoChina2/rf/clm_rfVar_zone7.Rdata,clm_rfVar,0.083262580276596,4,0.0611158572087958,TRUE,TRUE,TRUE,Temperature,Summer
climate,DD5_sm,7,rf_var,Plain RF,0.0796226923164035,49.2260325838171,0.129433937117696,54.4097120193302,540.815637145594,H:/Jing/ecoChina2/rf/clm_rfVar_zone7.Rdata,clm_rfVar,0.0796226923164035,5,0.05844413034071,TRUE,TRUE,TRUE,Growing season and degree-days,Summer
climate,MAP,7,rf_var,Plain RF,0.0755532830551364,50.2322500293324,0.137455658956865,47.2765150293134,391.789518187875,H:/Jing/ecoChina2/rf/clm_rfVar_zone7.Rdata,clm_rfVar,0.0755532830551364,6,0.0554571290430134,TRUE,FALSE,TRUE,Precipitation,Annual
climate,CMD_sm,7,rf_var,Plain RF,0.067415112878905,54.751162460697,0.123772640246598,51.8078287001382,364.630584625918,H:/Jing/ecoChina2/rf/clm_rfVar_zone7.Rdata,clm_rfVar,0.067415112878905,7,0.0494836023425534,TRUE,FALSE,TRUE,Climatic moisture balance,Summer
climate,Tmin_wt,7,rf_var,Plain RF,0.0661605783224633,44.8572933316488,0.0997022893600021,43.9459045841098,381.399647822726,H:/Jing/ecoChina2/rf/clm_rfVar_zone7.Rdata,clm_rfVar,0.0661605783224633,8,0.0485627570533456,TRUE,FALSE,TRUE,Temperature,Winter
climate,EXT,7,rf_var,Plain RF,0.0661312784273545,46.2652388251915,0.115004412756279,45.6521204091589,475.53787979719,H:/Jing/ecoChina2/rf/clm_rfVar_zone7.Rdata,clm_rfVar,0.0661312784273545,9,0.0485412505350543,TRUE,FALSE,TRUE,Temperature,Annual
climate,DD_18_wt,7,rf_var,Plain RF,0.0656627249972912,45.2696244933437,0.103632337090237,45.4228424126198,394.537109858562,H:/Jing/ecoChina2/rf/clm_rfVar_zone7.Rdata,clm_rfVar,0.0656627249972912,10,0.0481973259961881,TRUE,FALSE,TRUE,Growing season and degree-days,Winter
climate,AHM,7,rf_var,Plain RF,0.065337365524581,48.1296766492077,0.119273238347752,48.7764493933935,371.220520495958,H:/Jing/ecoChina2/rf/clm_rfVar_zone7.Rdata,clm_rfVar,0.065337365524581,11,0.0479585077538321,TRUE,FALSE,FALSE,Climatic moisture balance,Annual
climate,CMD_sp,7,rf_var,Plain RF,0.0635354540255717,39.2114243177496,0.114003734589439,42.7046003817261,500.999257239954,H:/Jing/ecoChina2/rf/clm_rfVar_zone7.Rdata,clm_rfVar,0.0635354540255717,12,0.046635880404181,TRUE,FALSE,FALSE,Climatic moisture balance,Spring
climate,Tmax_wt,7,rf_var,Plain RF,0.0620346368308328,49.2358998668872,0.107573659641839,45.5613489351231,331.795162869548,H:/Jing/ecoChina2/rf/clm_rfVar_zone7.Rdata,clm_rfVar,0.0620346368308328,13,0.0455342603358927,TRUE,FALSE,FALSE,Temperature,Winter
climate,MCMT,7,rf_var,Plain RF,0.0600928656803051,46.124025904347,0.0970813149251929,42.9569610725764,372.617355471813,H:/Jing/ecoChina2/rf/clm_rfVar_zone7.Rdata,clm_rfVar,0.0600928656803051,14,0.0441089741151968,TRUE,FALSE,FALSE,Temperature,Annual
climate,PPT_wt,7,rf_var,Plain RF,0.0586415107520803,46.9198191642729,0.0885003161783015,38.5779387557505,373.041976941473,H:/Jing/ecoChina2/rf/clm_rfVar_zone7.Rdata,clm_rfVar,0.0586415107520803,15,0.0430436600178195,TRUE,FALSE,FALSE,Precipitation,Winter
climate,CMD,7,rf_var,Plain RF,0.0569887886469989,44.7465632302073,0.106101012584421,44.2476541036711,337.18260278666,H:/Jing/ecoChina2/rf/clm_rfVar_zone7.Rdata,clm_rfVar,0.0569887886469989,16,0.0418305396960083,TRUE,FALSE,FALSE,Climatic moisture balance,Annual
climate,PPT_at,7,rf_var,Plain RF,0.0527485396769787,42.724442930291,0.10413398425267,38.7180060932006,298.161116985012,H:/Jing/ecoChina2/rf/clm_rfVar_zone7.Rdata,clm_rfVar,0.0527485396769787,17,0.0387181397473084,TRUE,FALSE,FALSE,Precipitation,Autumn
climate,CMD_at,7,rf_var,Plain RF,0.046518241002184,50.9107738414352,0.0940899119960486,49.7361250705973,247.708673839579,H:/Jing/ecoChina2/rf/clm_rfVar_zone7.Rdata,clm_rfVar,0.046518241002184,18,0.0341450164677752,TRUE,FALSE,FALSE,Climatic moisture balance,Autumn
climate,RH_sm,7,rf_var,Plain RF,0.0441958233469324,50.4081133885462,0.0768137316623907,48.6129174153041,258.623506106434,H:/Jing/ecoChina2/rf/clm_rfVar_zone7.Rdata,clm_rfVar,0.0441958233469324,19,0.0324403305773545,TRUE,FALSE,FALSE,Humidity,Summer
climate,RH_at,7,rf_var,Plain RF,0.0386836953614382,47.6726527715737,0.074642542181955,42.1626029573738,169.909835002637,H:/Jing/ecoChina2/rf/clm_rfVar_zone7.Rdata,clm_rfVar,0.0386836953614382,20,0.028394354272525,TRUE,FALSE,FALSE,Humidity,Autumn
climate,RH_wt,7,rf_var,Plain RF,0.0311374408439543,52.0691257407195,0.0617431642999322,45.5278834250537,184.675395740146,H:/Jing/ecoChina2/rf/clm_rfVar_zone7.Rdata,clm_rfVar,0.0311374408439543,21,0.0228553016510508,TRUE,FALSE,FALSE,Humidity,Winter
climate,TD,9,rf_var,Plain RF,0.11454466145753,36.8427536920493,0.234027843182696,35.0351415869442,1559.28756179996,H:/Jing/ecoChina2/rf/clm_rfVar_zone9.Rdata,clm_rfVar,0.11454466145753,1,0.0783576298934947,TRUE,TRUE,TRUE,Temperature,Annual
climate,PAS,9,rf_var,Plain RF,0.100628819660551,39.6284202528221,0.224877585880415,38.7510516782245,832.454422261567,H:/Jing/ecoChina2/rf/clm_rfVar_zone9.Rdata,clm_rfVar,0.100628819660551,2,0.0688380908131995,TRUE,TRUE,TRUE,Snowfall,Annual
climate,PPT_sp,9,rf_var,Plain RF,0.0851949825031621,37.1413662200742,0.189864495971123,36.1747473168839,476.754118827801,H:/Jing/ecoChina2/rf/clm_rfVar_zone9.Rdata,clm_rfVar,0.0851949825031621,3,0.0582801225549971,TRUE,TRUE,TRUE,Precipitation,Spring
climate,PPT_at,9,rf_var,Plain RF,0.084566769595154,39.8515246953991,0.18435825093932,38.041943477363,567.732320135664,H:/Jing/ecoChina2/rf/clm_rfVar_zone9.Rdata,clm_rfVar,0.084566769595154,4,0.057850375119249,TRUE,TRUE,TRUE,Precipitation,Autumn
climate,MAP,9,rf_var,Plain RF,0.0810794871562142,34.9474390099634,0.176862363732707,33.4901400226646,526.952951705383,H:/Jing/ecoChina2/rf/clm_rfVar_zone9.Rdata,clm_rfVar,0.0810794871562142,5,0.0554647974484306,TRUE,TRUE,TRUE,Precipitation,Annual
climate,MCMT,9,rf_var,Plain RF,0.0793480876073518,27.6464888033836,0.155138467145306,24.9407033447143,685.632979863642,H:/Jing/ecoChina2/rf/clm_rfVar_zone9.Rdata,clm_rfVar,0.0793480876073518,6,0.0542803828862747,TRUE,FALSE,TRUE,Temperature,Annual
climate,EXT,9,rf_var,Plain RF,0.0791315158662314,37.6433146029509,0.164224161627504,38.6913674885691,279.025077727249,H:/Jing/ecoChina2/rf/clm_rfVar_zone9.Rdata,clm_rfVar,0.0791315158662314,7,0.054132230644868,TRUE,FALSE,TRUE,Temperature,Annual
climate,DD5,9,rf_var,Plain RF,0.0719171241635176,27.6650465535118,0.140251825042014,28.625825517598,437.25642894055,H:/Jing/ecoChina2/rf/clm_rfVar_zone9.Rdata,clm_rfVar,0.0719171241635176,8,0.0491970147408292,TRUE,FALSE,TRUE,Growing season and degree-days,Annual
climate,Eref,9,rf_var,Plain RF,0.0718549908398315,29.7791075254647,0.137157918050512,29.525266325094,548.686240996085,H:/Jing/ecoChina2/rf/clm_rfVar_zone9.Rdata,clm_rfVar,0.0718549908398315,9,0.049154510621305,TRUE,FALSE,TRUE,Radiation and evaporative demand,Annual
climate,Tmin_sm,9,rf_var,Plain RF,0.071595288560906,33.2856743283685,0.152113209558191,31.9922824025038,403.183481044473,H:/Jing/ecoChina2/rf/clm_rfVar_zone9.Rdata,clm_rfVar,0.071595288560906,10,0.0489768536725167,TRUE,FALSE,TRUE,Temperature,Summer
climate,DD18_sm,9,rf_var,Plain RF,0.0697851382120506,30.5114067421826,0.144685033242505,29.2175608813783,315.424307399831,H:/Jing/ecoChina2/rf/clm_rfVar_zone9.Rdata,clm_rfVar,0.0697851382120506,11,0.0477385673195575,TRUE,FALSE,FALSE,Growing season and degree-days,Summer
climate,DD5_sm,9,rf_var,Plain RF,0.068912500412406,31.8808389436081,0.149078151663874,30.6533587992544,300.126241428877,H:/Jing/ecoChina2/rf/clm_rfVar_zone9.Rdata,clm_rfVar,0.068912500412406,12,0.0471416138791653,TRUE,FALSE,FALSE,Growing season and degree-days,Summer
climate,PPT_sm,9,rf_var,Plain RF,0.0661841533276371,34.2545443004065,0.147072306302678,32.8128531425376,282.969308569045,H:/Jing/ecoChina2/rf/clm_rfVar_zone9.Rdata,clm_rfVar,0.0661841533276371,13,0.0452752081613521,TRUE,FALSE,FALSE,Precipitation,Summer
climate,DD18,9,rf_var,Plain RF,0.0649291801689367,27.4566216455822,0.13141410751489,26.6662266622761,397.89611723452,H:/Jing/ecoChina2/rf/clm_rfVar_zone9.Rdata,clm_rfVar,0.0649291801689367,14,0.044416707022631,TRUE,FALSE,FALSE,Growing season and degree-days,Annual
climate,Eref_sm,9,rf_var,Plain RF,0.058187308727216,30.7602530051615,0.117081590237357,30.6621330658275,469.122481396737,H:/Jing/ecoChina2/rf/clm_rfVar_zone9.Rdata,clm_rfVar,0.058187308727216,15,0.0398047324399854,TRUE,FALSE,FALSE,Radiation and evaporative demand,Summer
climate,DD_0_at,9,rf_var,Plain RF,0.0571949078277454,26.9303916282223,0.107153050010343,27.1829393025811,268.979275929419,H:/Jing/ecoChina2/rf/clm_rfVar_zone9.Rdata,clm_rfVar,0.0571949078277454,16,0.0391258515441217,TRUE,FALSE,FALSE,Growing season and degree-days,Autumn
climate,DD_18_at,9,rf_var,Plain RF,0.0553463505548532,24.6676461681293,0.0998128314738349,26.3130655761037,352.446047946634,H:/Jing/ecoChina2/rf/clm_rfVar_zone9.Rdata,clm_rfVar,0.0553463505548532,17,0.0378612918101011,TRUE,FALSE,FALSE,Growing season and degree-days,Autumn
climate,CMD_sm,9,rf_var,Plain RF,0.0526364029952566,29.4530997906241,0.112415874725556,27.8661705518379,133.960216114113,H:/Jing/ecoChina2/rf/clm_rfVar_zone9.Rdata,clm_rfVar,0.0526364029952566,18,0.0360074728262773,TRUE,FALSE,FALSE,Climatic moisture balance,Summer
climate,AHM,9,rf_var,Plain RF,0.0518545340999909,27.6968514932891,0.111465442733602,26.6594572560688,157.439746843411,H:/Jing/ecoChina2/rf/clm_rfVar_zone9.Rdata,clm_rfVar,0.0518545340999909,19,0.035472612512921,TRUE,FALSE,FALSE,Climatic moisture balance,Annual
climate,PPT_wt,9,rf_var,Plain RF,0.0418911963472387,26.6249137786578,0.0963032121420756,26.25524456093,100.58815824017,H:/Jing/ecoChina2/rf/clm_rfVar_zone9.Rdata,clm_rfVar,0.0418911963472387,20,0.0286568995656746,TRUE,FALSE,FALSE,Precipitation,Winter
climate,RH_at,9,rf_var,Plain RF,0.0350354631618517,27.5802806284658,0.0781327757062674,26.8243857942296,77.099145023659,H:/Jing/ecoChina2/rf/clm_rfVar_zone9.Rdata,clm_rfVar,0.0350354631618517,21,0.0239670345230486,TRUE,FALSE,FALSE,Humidity,Autumn
climate,TD,10,rf_var,Plain RF,0.122641667794377,52.5178615342758,0.201374347309707,55.0190217244658,1501.58275044311,H:/Jing/ecoChina2/rf/clm_rfVar_zone10.Rdata,clm_rfVar,0.122641667794377,1,0.110570414996433,TRUE,TRUE,TRUE,Temperature,Annual
climate,EXT,10,rf_var,Plain RF,0.10156258364783,39.6931656051163,0.142377157884079,31.0555547399497,1016.87569182913,H:/Jing/ecoChina2/rf/clm_rfVar_zone10.Rdata,clm_rfVar,0.10156258364783,2,0.0915660820992633,TRUE,TRUE,TRUE,Temperature,Annual
climate,MAP,10,rf_var,Plain RF,0.0741044387498133,38.934115173801,0.115854137805386,37.4523206743239,640.322502486512,H:/Jing/ecoChina2/rf/clm_rfVar_zone10.Rdata,clm_rfVar,0.0741044387498133,3,0.0668105603340491,TRUE,TRUE,TRUE,Precipitation,Annual
climate,MWMT,10,rf_var,Plain RF,0.0693114112007938,30.8127095887013,0.105969071749039,25.70277984685,789.492974349707,H:/Jing/ecoChina2/rf/clm_rfVar_zone10.Rdata,clm_rfVar,0.0693114112007938,4,0.0624892961608239,TRUE,TRUE,TRUE,Temperature,Annual
climate,DD5_sm,10,rf_var,Plain RF,0.0681342107653105,28.0611732691034,0.103800106540199,25.7173414524545,557.874367733349,H:/Jing/ecoChina2/rf/clm_rfVar_zone10.Rdata,clm_rfVar,0.0681342107653105,5,0.0614279640456769,TRUE,TRUE,TRUE,Growing season and degree-days,Summer
climate,EMT,10,rf_var,Plain RF,0.0675310278106179,36.0070460124083,0.124161683249461,33.6204156266604,248.954290786417,H:/Jing/ecoChina2/rf/clm_rfVar_zone10.Rdata,clm_rfVar,0.0675310278106179,6,0.0608841505863642,TRUE,FALSE,TRUE,Temperature,Annual
climate,PPT_at,10,rf_var,Plain RF,0.0579188308991954,32.6462588122314,0.0916038630987371,28.1858674270493,736.957851175535,H:/Jing/ecoChina2/rf/clm_rfVar_zone10.Rdata,clm_rfVar,0.0579188308991954,7,0.0522180534870866,TRUE,FALSE,TRUE,Precipitation,Autumn
climate,Tmax_wt,10,rf_var,Plain RF,0.0578298861213258,31.3400117457678,0.0946935210288697,27.9538893601129,290.374698979877,H:/Jing/ecoChina2/rf/clm_rfVar_zone10.Rdata,clm_rfVar,0.0578298861213258,8,0.0521378632778561,TRUE,FALSE,TRUE,Temperature,Winter
climate,Tmin_wt,10,rf_var,Plain RF,0.0565336959044018,31.3616552089319,0.102046504963445,27.3510326590735,195.642145681901,H:/Jing/ecoChina2/rf/clm_rfVar_zone10.Rdata,clm_rfVar,0.0565336959044018,9,0.0509692531898075,TRUE,FALSE,TRUE,Temperature,Winter
climate,DD5_sp,10,rf_var,Plain RF,0.0522893048004715,33.3862923350865,0.0952847791679657,32.3422064200769,267.096270847326,H:/Jing/ecoChina2/rf/clm_rfVar_zone10.Rdata,clm_rfVar,0.0522893048004715,10,0.0471426248161982,TRUE,FALSE,TRUE,Growing season and degree-days,Spring
climate,DD_18_sp,10,rf_var,Plain RF,0.0484026341386109,35.4524318653232,0.0932106573463325,34.6608733683752,239.210325669716,H:/Jing/ecoChina2/rf/clm_rfVar_zone10.Rdata,clm_rfVar,0.0484026341386109,11,0.0436385075307343,TRUE,FALSE,FALSE,Growing season and degree-days,Spring
climate,Tmax_sp,10,rf_var,Plain RF,0.0447786206996096,35.3280994137451,0.0899995997241992,33.486403696755,179.656383194347,H:/Jing/ecoChina2/rf/clm_rfVar_zone10.Rdata,clm_rfVar,0.0447786206996096,12,0.0403711949027386,TRUE,FALSE,FALSE,Temperature,Spring
climate,PPT_sp,10,rf_var,Plain RF,0.0435481773854676,31.5854948042977,0.0702252946917074,27.4953890011483,369.019161358487,H:/Jing/ecoChina2/rf/clm_rfVar_zone10.Rdata,clm_rfVar,0.0435481773854676,13,0.0392618604463418,TRUE,FALSE,FALSE,Precipitation,Spring
climate,Eref_at,10,rf_var,Plain RF,0.0423889698325661,33.8340375355035,0.0727867551920145,29.8578669914114,180.436176462231,H:/Jing/ecoChina2/rf/clm_rfVar_zone10.Rdata,clm_rfVar,0.0423889698325661,14,0.0382167502281228,TRUE,FALSE,FALSE,Radiation and evaporative demand,Autumn
climate,NFFD,10,rf_var,Plain RF,0.0382234082211537,30.8172765074358,0.0676987993467752,29.3088672742081,146.345894014477,H:/Jing/ecoChina2/rf/clm_rfVar_zone10.Rdata,clm_rfVar,0.0382234082211537,15,0.0344611923956959,TRUE,FALSE,FALSE,Growing season and degree-days,Annual
climate,PPT_sm,10,rf_var,Plain RF,0.0337999479676068,31.6765396748507,0.0493295082831786,36.8793698850291,278.387235835406,H:/Jing/ecoChina2/rf/clm_rfVar_zone10.Rdata,clm_rfVar,0.0337999479676068,16,0.0304731201136477,TRUE,FALSE,FALSE,Precipitation,Summer
climate,AHM,10,rf_var,Plain RF,0.0333339322510663,27.3627290602198,0.0538735119843348,26.6072756417574,170.026221824556,H:/Jing/ecoChina2/rf/clm_rfVar_zone10.Rdata,clm_rfVar,0.0333339322510663,17,0.0300529729312143,TRUE,FALSE,FALSE,Climatic moisture balance,Annual
climate,Eref,10,rf_var,Plain RF,0.0275779476604704,31.9344096852929,0.0532215146510226,29.2310203552316,104.521888242303,H:/Jing/ecoChina2/rf/clm_rfVar_zone10.Rdata,clm_rfVar,0.0275779476604704,18,0.0248635326998377,TRUE,FALSE,FALSE,Radiation and evaporative demand,Annual
climate,RH_sm,10,rf_var,Plain RF,0.024126433183813,34.1395732513333,0.0343063948545081,28.6861201197768,66.5205155567628,H:/Jing/ecoChina2/rf/clm_rfVar_zone10.Rdata,clm_rfVar,0.024126433183813,19,0.0217517404769037,TRUE,FALSE,FALSE,Humidity,Summer
climate,CMD_sp,10,rf_var,Plain RF,0.0226285459243461,30.8699832940833,0.0424745251453129,32.7707808348566,69.348950712004,H:/Jing/ecoChina2/rf/clm_rfVar_zone10.Rdata,clm_rfVar,0.0226285459243461,20,0.0204012857833585,TRUE,FALSE,FALSE,Climatic moisture balance,Spring
climate,PPT_wt,10,rf_var,Plain RF,0.0225068627252439,35.9288190247863,0.0311918134591098,42.7723237714282,91.6661794649737,H:/Jing/ecoChina2/rf/clm_rfVar_zone10.Rdata,clm_rfVar,0.0225068627252439,21,0.0202915794978457,TRUE,FALSE,FALSE,Precipitation,Winter
climate,TD,11,rf_var,Plain RF,0.107217041361476,44.5610281118703,0.201811288950586,42.7587558093356,1023.91736234579,H:/Jing/ecoChina2/rf/clm_rfVar_zone11.Rdata,clm_rfVar,0.107217041361476,1,0.0687676466961452,TRUE,TRUE,TRUE,Temperature,Annual
climate,Tmax_wt,11,rf_var,Plain RF,0.0946297047974551,35.2488546277184,0.180014821443352,35.0576807265907,676.985493857593,H:/Jing/ecoChina2/rf/clm_rfVar_zone11.Rdata,clm_rfVar,0.0946297047974551,2,0.0606942891152198,TRUE,TRUE,TRUE,Temperature,Winter
climate,MAP,11,rf_var,Plain RF,0.0913638294931423,49.4255282478526,0.176254944431034,46.9004468651057,464.151525380564,H:/Jing/ecoChina2/rf/clm_rfVar_zone11.Rdata,clm_rfVar,0.0913638294931423,3,0.0585995982318604,TRUE,TRUE,TRUE,Precipitation,Annual
climate,PPT_at,11,rf_var,Plain RF,0.089406077490803,47.3499484524556,0.182737406706487,47.9039295668134,326.141128126497,H:/Jing/ecoChina2/rf/clm_rfVar_zone11.Rdata,clm_rfVar,0.089406077490803,4,0.057343920997104,TRUE,TRUE,TRUE,Precipitation,Autumn
climate,Eref,11,rf_var,Plain RF,0.0891802190303933,36.4182905781499,0.171760584604055,36.5225340283311,630.000362716052,H:/Jing/ecoChina2/rf/clm_rfVar_zone11.Rdata,clm_rfVar,0.0891802190303933,5,0.0571990582531636,TRUE,TRUE,TRUE,Radiation and evaporative demand,Annual
climate,DD_0_wt,11,rf_var,Plain RF,0.0853965890789501,34.8078020352021,0.16832816174716,36.6714197886352,497.317719433668,H:/Jing/ecoChina2/rf/clm_rfVar_zone11.Rdata,clm_rfVar,0.0853965890789501,6,0.0547722861241644,TRUE,FALSE,TRUE,Growing season and degree-days,Winter
climate,CMD,11,rf_var,Plain RF,0.0800291106477478,44.0925375791777,0.151582604690506,40.1875761047265,543.848313748102,H:/Jing/ecoChina2/rf/clm_rfVar_zone11.Rdata,clm_rfVar,0.0800291106477478,7,0.0513296537243235,TRUE,FALSE,TRUE,Climatic moisture balance,Annual
climate,PPT_sm,11,rf_var,Plain RF,0.0780158999920038,48.8476253857635,0.154356249483846,46.2237207991635,391.346775205557,H:/Jing/ecoChina2/rf/clm_rfVar_zone11.Rdata,clm_rfVar,0.0780158999920038,8,0.0500384060146206,TRUE,FALSE,TRUE,Precipitation,Summer
climate,DD_18_at,11,rf_var,Plain RF,0.0771833232327025,37.0440242176333,0.144487133366288,36.1407896857163,329.182307155297,H:/Jing/ecoChina2/rf/clm_rfVar_zone11.Rdata,clm_rfVar,0.0771833232327025,9,0.0495044018702792,TRUE,FALSE,TRUE,Growing season and degree-days,Autumn
climate,DD_0_at,11,rf_var,Plain RF,0.0752816905798349,36.5114453305424,0.14805929343421,37.1234445587561,286.488341276705,H:/Jing/ecoChina2/rf/clm_rfVar_zone11.Rdata,clm_rfVar,0.0752816905798349,10,0.0482847188725236,TRUE,FALSE,TRUE,Growing season and degree-days,Autumn
climate,CMD_sm,11,rf_var,Plain RF,0.0748168979140388,52.6474508919363,0.14783062711315,46.8594898371815,576.424824602864,H:/Jing/ecoChina2/rf/clm_rfVar_zone11.Rdata,clm_rfVar,0.0748168979140388,11,0.0479866067681179,TRUE,FALSE,FALSE,Climatic moisture balance,Summer
climate,DD5,11,rf_var,Plain RF,0.0716020461494576,36.3759994316903,0.11853993405605,33.1491359725948,454.512188761362,H:/Jing/ecoChina2/rf/clm_rfVar_zone11.Rdata,clm_rfVar,0.0716020461494576,12,0.0459246417342027,TRUE,FALSE,FALSE,Growing season and degree-days,Annual
climate,PPT_sp,11,rf_var,Plain RF,0.0702257753879402,43.3035875709897,0.148079168431962,40.3114266378396,271.403812234978,H:/Jing/ecoChina2/rf/clm_rfVar_zone11.Rdata,clm_rfVar,0.0702257753879402,13,0.0450419191717774,TRUE,FALSE,FALSE,Precipitation,Spring
climate,DD5_sm,11,rf_var,Plain RF,0.0672938897101403,36.874272845205,0.115312201986162,34.3752942742599,409.919276724805,H:/Jing/ecoChina2/rf/clm_rfVar_zone11.Rdata,clm_rfVar,0.0672938897101403,14,0.0431614449870376,TRUE,FALSE,FALSE,Growing season and degree-days,Summer
climate,CMD_at,11,rf_var,Plain RF,0.0650385061825026,44.7079662412795,0.123847256988329,42.8791905716902,321.370842105891,H:/Jing/ecoChina2/rf/clm_rfVar_zone11.Rdata,clm_rfVar,0.0650385061825026,15,0.0417148706773624,TRUE,FALSE,FALSE,Climatic moisture balance,Autumn
climate,DD18,11,rf_var,Plain RF,0.0621927992962525,33.917406963636,0.106776678191466,35.1727404105382,356.609827783588,H:/Jing/ecoChina2/rf/clm_rfVar_zone11.Rdata,clm_rfVar,0.0621927992962525,16,0.0398896704734633,TRUE,FALSE,FALSE,Growing season and degree-days,Annual
climate,CMD_sp,11,rf_var,Plain RF,0.0615169457271465,34.9207020361132,0.113347593175244,32.0402676514335,272.905223117972,H:/Jing/ecoChina2/rf/clm_rfVar_zone11.Rdata,clm_rfVar,0.0615169457271465,17,0.0394561865900392,TRUE,FALSE,FALSE,Climatic moisture balance,Spring
climate,Tmin_sm,11,rf_var,Plain RF,0.0608906508450125,37.1995325063418,0.0937832478841153,35.2612267194632,341.463155423247,H:/Jing/ecoChina2/rf/clm_rfVar_zone11.Rdata,clm_rfVar,0.0608906508450125,18,0.0390544890181299,TRUE,FALSE,FALSE,Temperature,Summer
climate,AHM,11,rf_var,Plain RF,0.0584500383665031,44.9045673344895,0.112560814626277,40.6030594526553,315.991465596018,H:/Jing/ecoChina2/rf/clm_rfVar_zone11.Rdata,clm_rfVar,0.0584500383665031,19,0.0374891112151883,TRUE,FALSE,FALSE,Climatic moisture balance,Annual
climate,PAS,11,rf_var,Plain RF,0.0511283646187371,34.8973451906197,0.105753098712468,31.1903214346263,433.22738705661,H:/Jing/ecoChina2/rf/clm_rfVar_zone11.Rdata,clm_rfVar,0.0511283646187371,20,0.0327930827936119,TRUE,FALSE,FALSE,Snowfall,Annual
climate,RH_wt,11,rf_var,Plain RF,0.0482610079142774,56.2866072390916,0.0900550548308988,49.0646262090445,283.659986517743,H:/Jing/ecoChina2/rf/clm_rfVar_zone11.Rdata,clm_rfVar,0.0482610079142774,21,0.0309539966716649,TRUE,FALSE,FALSE,Humidity,Winter
climate,TD,12,rf_var,Plain RF,0.161387419273919,60.7845546292374,0.317027663346286,63.7890191176389,1418.67583120439,H:/Jing/ecoChina2/rf/clm_rfVar_zone12.Rdata,clm_rfVar,0.161387419273919,1,0.110761258946869,TRUE,TRUE,TRUE,Temperature,Annual
climate,PPT_sm,12,rf_var,Plain RF,0.10764376266246,59.2334287889591,0.224648048210692,59.4836392920425,365.016970329865,H:/Jing/ecoChina2/rf/clm_rfVar_zone12.Rdata,clm_rfVar,0.10764376266246,2,0.0738766300614534,TRUE,TRUE,TRUE,Precipitation,Summer
climate,DD_18_wt,12,rf_var,Plain RF,0.102727492210787,38.9382074658347,0.184096453325985,40.3285297553556,440.505062624124,H:/Jing/ecoChina2/rf/clm_rfVar_zone12.Rdata,clm_rfVar,0.102727492210787,3,0.0705025609611458,TRUE,TRUE,TRUE,Growing season and degree-days,Winter
climate,MAP,12,rf_var,Plain RF,0.0916469223384817,49.1066629667876,0.179128065095986,46.595171430674,480.76374561343,H:/Jing/ecoChina2/rf/clm_rfVar_zone12.Rdata,clm_rfVar,0.0916469223384817,4,0.0628978921807235,TRUE,TRUE,TRUE,Precipitation,Annual
climate,DD5_sm,12,rf_var,Plain RF,0.0782575733128265,40.8218825352085,0.137667291622134,44.2168506353257,530.67433089263,H:/Jing/ecoChina2/rf/clm_rfVar_zone12.Rdata,clm_rfVar,0.0782575733128265,5,0.053708692915795,TRUE,TRUE,TRUE,Growing season and degree-days,Summer
climate,DD5_sp,12,rf_var,Plain RF,0.0751167559865025,37.0346611195532,0.142172455374566,37.0770901671995,517.876425907394,H:/Jing/ecoChina2/rf/clm_rfVar_zone12.Rdata,clm_rfVar,0.0751167559865025,6,0.0515531291007783,TRUE,FALSE,TRUE,Growing season and degree-days,Spring
climate,DD_0_sp,12,rf_var,Plain RF,0.0724615768251195,38.424546153668,0.140129498963662,38.0437399754701,461.308766616616,H:/Jing/ecoChina2/rf/clm_rfVar_zone12.Rdata,clm_rfVar,0.0724615768251195,7,0.0497308619874718,TRUE,FALSE,TRUE,Growing season and degree-days,Spring
climate,Tmin_sm,12,rf_var,Plain RF,0.0711213551781263,39.6010140251864,0.129849762346033,43.043479381309,371.897308711521,H:/Jing/ecoChina2/rf/clm_rfVar_zone12.Rdata,clm_rfVar,0.0711213551781263,8,0.0488110589597223,TRUE,FALSE,TRUE,Temperature,Summer
climate,Eref_at,12,rf_var,Plain RF,0.0694411356872179,35.3017800517989,0.137730551559437,34.3027914959709,511.6055335685,H:/Jing/ecoChina2/rf/clm_rfVar_zone12.Rdata,clm_rfVar,0.0694411356872179,9,0.0476579131509762,TRUE,FALSE,TRUE,Radiation and evaporative demand,Autumn
climate,DD_18_sp,12,rf_var,Plain RF,0.0681607629031745,38.2461238528933,0.134307543470144,36.6111108515319,442.90637046795,H:/Jing/ecoChina2/rf/clm_rfVar_zone12.Rdata,clm_rfVar,0.0681607629031745,10,0.046779184795817,TRUE,FALSE,TRUE,Growing season and degree-days,Spring
climate,CMD_sm,12,rf_var,Plain RF,0.0671116057700395,43.0852700538171,0.141103744184187,40.4733527584495,210.130567012242,H:/Jing/ecoChina2/rf/clm_rfVar_zone12.Rdata,clm_rfVar,0.0671116057700395,11,0.0460591412792782,TRUE,FALSE,FALSE,Climatic moisture balance,Summer
climate,PPT_at,12,rf_var,Plain RF,0.0647693604772585,44.1996152430961,0.129535284504282,39.7149165616669,494.828218645294,H:/Jing/ecoChina2/rf/clm_rfVar_zone12.Rdata,clm_rfVar,0.0647693604772585,12,0.0444516427607568,TRUE,FALSE,FALSE,Precipitation,Autumn
climate,AHM,12,rf_var,Plain RF,0.0631202592757745,41.8230152727854,0.126936198756182,41.0631500500628,327.242675487792,H:/Jing/ecoChina2/rf/clm_rfVar_zone12.Rdata,clm_rfVar,0.0631202592757745,13,0.0433198536409547,TRUE,FALSE,FALSE,Climatic moisture balance,Annual
climate,Eref,12,rf_var,Plain RF,0.0604874989726408,35.4308996506524,0.114478248152493,34.5178984001775,424.884078509111,H:/Jing/ecoChina2/rf/clm_rfVar_zone12.Rdata,clm_rfVar,0.0604874989726408,14,0.0415129727391325,TRUE,FALSE,FALSE,Radiation and evaporative demand,Annual
climate,PPT_sp,12,rf_var,Plain RF,0.0562602339739893,42.852286444674,0.122139086118412,43.1630654289217,292.800614150599,H:/Jing/ecoChina2/rf/clm_rfVar_zone12.Rdata,clm_rfVar,0.0562602339739893,15,0.0386117726625764,TRUE,FALSE,FALSE,Precipitation,Spring
climate,CMD_sp,12,rf_var,Plain RF,0.0553734023495483,32.5448791090531,0.114124559975461,30.4533015719606,522.446030533614,H:/Jing/ecoChina2/rf/clm_rfVar_zone12.Rdata,clm_rfVar,0.0553734023495483,16,0.038003134221991,TRUE,FALSE,FALSE,Climatic moisture balance,Spring
climate,CMD_at,12,rf_var,Plain RF,0.0481353259916744,36.0864951412794,0.0910335607140584,35.0185670429289,242.881648817954,H:/Jing/ecoChina2/rf/clm_rfVar_zone12.Rdata,clm_rfVar,0.0481353259916744,17,0.0330355942900774,TRUE,FALSE,FALSE,Climatic moisture balance,Autumn
climate,CMD,12,rf_var,Plain RF,0.0473780240505488,39.8873027104611,0.0993340655832557,37.3316797072843,192.13590560754,H:/Jing/ecoChina2/rf/clm_rfVar_zone12.Rdata,clm_rfVar,0.0473780240505488,18,0.0325158529324217,TRUE,FALSE,FALSE,Climatic moisture balance,Annual
climate,PPT_wt,12,rf_var,Plain RF,0.0351404225334125,45.7170040790893,0.078105438270155,44.968191107039,117.011166063597,H:/Jing/ecoChina2/rf/clm_rfVar_zone12.Rdata,clm_rfVar,0.0351404225334125,19,0.0241171056408031,TRUE,FALSE,FALSE,Precipitation,Winter
climate,RH_at,12,rf_var,Plain RF,0.0341188048237017,36.1804262082158,0.0708405452842454,33.9920389701135,201.423963143299,H:/Jing/ecoChina2/rf/clm_rfVar_zone12.Rdata,clm_rfVar,0.0341188048237017,20,0.0234159626136758,TRUE,FALSE,FALSE,Humidity,Autumn
climate,RH_wt,12,rf_var,Plain RF,0.0272149252510127,42.6446436297443,0.0572555399364359,40.4287943547719,159.683614716248,H:/Jing/ecoChina2/rf/clm_rfVar_zone12.Rdata,clm_rfVar,0.0272149252510127,21,0.0186777841575798,TRUE,FALSE,FALSE,Humidity,Winter
climate,MAP,13,rf_var,Plain RF,0.106076105985037,42.6324393533207,0.168390377309216,43.3932528906788,912.91619222134,H:/Jing/ecoChina2/rf/clm_rfVar_zone13.Rdata,clm_rfVar,0.106076105985037,1,0.0819414919773256,TRUE,TRUE,TRUE,Precipitation,Annual
climate,PPT_sm,13,rf_var,Plain RF,0.101278924063852,47.7359660676191,0.1732880730956,43.9630587355874,930.952370554774,H:/Jing/ecoChina2/rf/clm_rfVar_zone13.Rdata,clm_rfVar,0.101278924063852,2,0.0782357729536283,TRUE,TRUE,TRUE,Precipitation,Summer
climate,CMD_sm,13,rf_var,Plain RF,0.0980954292723634,47.3934140807265,0.159876351726199,39.1944776495325,957.601719861016,H:/Jing/ecoChina2/rf/clm_rfVar_zone13.Rdata,clm_rfVar,0.0980954292723634,3,0.0757765922503562,TRUE,TRUE,TRUE,Climatic moisture balance,Summer
climate,AHM,13,rf_var,Plain RF,0.0893891587558469,47.0437554441192,0.157238944263184,42.0502556590098,744.754601809366,H:/Jing/ecoChina2/rf/clm_rfVar_zone13.Rdata,clm_rfVar,0.0893891587558469,4,0.0690511870419278,TRUE,TRUE,TRUE,Climatic moisture balance,Annual
climate,CMD,13,rf_var,Plain RF,0.0702980377730029,34.8700889261754,0.119961183102898,30.5165404669963,576.15817832834,H:/Jing/ecoChina2/rf/clm_rfVar_zone13.Rdata,clm_rfVar,0.0702980377730029,5,0.0543037100080844,TRUE,TRUE,TRUE,Climatic moisture balance,Annual
climate,Tmin_sp,13,rf_var,Plain RF,0.0686834292918573,35.6202319873051,0.115992410787685,33.736385053506,351.923032445493,H:/Jing/ecoChina2/rf/clm_rfVar_zone13.Rdata,clm_rfVar,0.0686834292918573,6,0.0530564599636401,TRUE,FALSE,TRUE,Temperature,Spring
climate,TD,13,rf_var,Plain RF,0.0681463285254575,51.4653873104621,0.121816423552915,39.9215068935779,255.707204010764,H:/Jing/ecoChina2/rf/clm_rfVar_zone13.Rdata,clm_rfVar,0.0681463285254575,7,0.0526415612667821,TRUE,FALSE,TRUE,Temperature,Annual
climate,DD_18_sp,13,rf_var,Plain RF,0.0659145791670825,39.4380187674507,0.117234506151478,34.4767833794429,424.144591992903,H:/Jing/ecoChina2/rf/clm_rfVar_zone13.Rdata,clm_rfVar,0.0659145791670825,8,0.0509175832752589,TRUE,FALSE,TRUE,Growing season and degree-days,Spring
climate,DD5_sp,13,rf_var,Plain RF,0.0658797347722563,36.8129612485903,0.11601736002736,34.5267612287426,484.985925225544,H:/Jing/ecoChina2/rf/clm_rfVar_zone13.Rdata,clm_rfVar,0.0658797347722563,9,0.0508906667357367,TRUE,FALSE,TRUE,Growing season and degree-days,Spring
climate,EXT,13,rf_var,Plain RF,0.062192661328075,47.4051833763107,0.102782538789121,38.4962483483627,367.569156261017,H:/Jing/ecoChina2/rf/clm_rfVar_zone13.Rdata,clm_rfVar,0.062192661328075,10,0.0480424824416336,TRUE,FALSE,TRUE,Temperature,Annual
climate,Tmin_wt,13,rf_var,Plain RF,0.06122888832254,37.7818845093937,0.111174767663738,37.8995912152452,221.823722860013,H:/Jing/ecoChina2/rf/clm_rfVar_zone13.Rdata,clm_rfVar,0.06122888832254,11,0.0472979886909661,TRUE,FALSE,FALSE,Temperature,Winter
climate,DD5_sm,13,rf_var,Plain RF,0.0589092594539902,40.6785727231684,0.112373995824028,38.5310226707953,344.034821904679,H:/Jing/ecoChina2/rf/clm_rfVar_zone13.Rdata,clm_rfVar,0.0589092594539902,12,0.0455061256831982,TRUE,FALSE,FALSE,Growing season and degree-days,Summer
climate,PPT_at,13,rf_var,Plain RF,0.0568794370229036,37.3791601860122,0.0947816465616908,35.812101921423,295.093390425779,H:/Jing/ecoChina2/rf/clm_rfVar_zone13.Rdata,clm_rfVar,0.0568794370229036,13,0.0439381318649133,TRUE,FALSE,FALSE,Precipitation,Autumn
climate,MWMT,13,rf_var,Plain RF,0.0525508747989233,41.5724687909961,0.0941796351547569,37.5136382695005,243.564519918864,H:/Jing/ecoChina2/rf/clm_rfVar_zone13.Rdata,clm_rfVar,0.0525508747989233,14,0.040594411396897,TRUE,FALSE,FALSE,Temperature,Annual
climate,Tmin_sm,13,rf_var,Plain RF,0.0502821641930558,38.1407372581459,0.0953123894963934,36.0728297940726,165.125443344686,H:/Jing/ecoChina2/rf/clm_rfVar_zone13.Rdata,clm_rfVar,0.0502821641930558,15,0.0388418816430635,TRUE,FALSE,FALSE,Temperature,Summer
climate,PPT_sp,13,rf_var,Plain RF,0.0489221237217553,47.183048570635,0.0941777926779981,43.9617162199261,397.18723068758,H:/Jing/ecoChina2/rf/clm_rfVar_zone13.Rdata,clm_rfVar,0.0489221237217553,16,0.0377912798667914,TRUE,FALSE,FALSE,Precipitation,Spring
climate,Eref,13,rf_var,Plain RF,0.0483117607708428,39.7398013250882,0.0920719438449027,37.9564660281198,271.541521775788,H:/Jing/ecoChina2/rf/clm_rfVar_zone13.Rdata,clm_rfVar,0.0483117607708428,17,0.0373197877208363,TRUE,FALSE,FALSE,Radiation and evaporative demand,Annual
climate,CMD_at,13,rf_var,Plain RF,0.0430073408148017,35.1804900045718,0.0675362524457782,30.7689609985946,281.321562199389,H:/Jing/ecoChina2/rf/clm_rfVar_zone13.Rdata,clm_rfVar,0.0430073408148017,18,0.0332222383129269,TRUE,FALSE,FALSE,Climatic moisture balance,Autumn
climate,Eref_sm,13,rf_var,Plain RF,0.0338264153168414,41.5280752094798,0.0660769917410182,39.3635903844781,148.22829798158,H:/Jing/ecoChina2/rf/clm_rfVar_zone13.Rdata,clm_rfVar,0.0338264153168414,19,0.0261301724225967,TRUE,FALSE,FALSE,Radiation and evaporative demand,Summer
climate,RH_wt,13,rf_var,Plain RF,0.0258794512112089,45.3254775715203,0.0499045736018275,39.0586020373225,130.762357332478,H:/Jing/ecoChina2/rf/clm_rfVar_zone13.Rdata,clm_rfVar,0.0258794512112089,20,0.019991314953624,TRUE,FALSE,FALSE,Humidity,Winter
climate,PAS_wt,13,rf_var,Plain RF,0.0187826107006218,39.9280979255511,0.0346013422201346,33.6153945761157,168.307503768061,H:/Jing/ecoChina2/rf/clm_rfVar_zone13.Rdata,clm_rfVar,0.0187826107006218,21,0.0145091595298129,TRUE,FALSE,FALSE,Snowfall,Winter
climate,TD,14,rf_var,Plain RF,0.169946826797551,61.0079814933014,0.363406073751842,60.402077209478,1518.17335820302,H:/Jing/ecoChina2/rf/clm_rfVar_zone14.Rdata,clm_rfVar,0.169946826797551,1,0.0838395284712431,TRUE,TRUE,TRUE,Temperature,Annual
climate,CMD,14,rf_var,Plain RF,0.128064138312397,43.1916967771313,0.274169778901962,40.4906665600207,851.735748443944,H:/Jing/ecoChina2/rf/clm_rfVar_zone14.Rdata,clm_rfVar,0.128064138312397,2,0.0631776254520933,TRUE,TRUE,TRUE,Climatic moisture balance,Annual
climate,CMD_sp,14,rf_var,Plain RF,0.120254932941349,39.7551728410394,0.254174324555272,38.2831619968118,781.060786807078,H:/Jing/ecoChina2/rf/clm_rfVar_zone14.Rdata,clm_rfVar,0.120254932941349,3,0.0593251257709798,TRUE,TRUE,TRUE,Climatic moisture balance,Spring
climate,CMD_sm,14,rf_var,Plain RF,0.115495935522965,45.2781240084403,0.249041310041045,42.7622988015975,579.973583380317,H:/Jing/ecoChina2/rf/clm_rfVar_zone14.Rdata,clm_rfVar,0.115495935522965,4,0.0569773790841387,TRUE,TRUE,TRUE,Climatic moisture balance,Summer
climate,MAP,14,rf_var,Plain RF,0.107166341977444,39.1219537712538,0.223822126642131,38.3729836166022,489.081529746962,H:/Jing/ecoChina2/rf/clm_rfVar_zone14.Rdata,clm_rfVar,0.107166341977444,5,0.0528681573447676,TRUE,TRUE,TRUE,Precipitation,Annual
climate,Eref_at,14,rf_var,Plain RF,0.0992700181424233,43.6607910595828,0.214405039946216,41.1167436396631,265.509027526862,H:/Jing/ecoChina2/rf/clm_rfVar_zone14.Rdata,clm_rfVar,0.0992700181424233,6,0.0489726796859055,TRUE,FALSE,TRUE,Radiation and evaporative demand,Autumn
climate,DD18,14,rf_var,Plain RF,0.0975894811667119,40.3343594116879,0.21291224412074,38.8130353710856,188.570752656556,H:/Jing/ecoChina2/rf/clm_rfVar_zone14.Rdata,clm_rfVar,0.0975894811667119,7,0.0481436237377766,TRUE,FALSE,TRUE,Growing season and degree-days,Annual
climate,DD_18_wt,14,rf_var,Plain RF,0.0956169988225881,40.0322120348067,0.202132328554208,37.7713554662971,229.042457626513,H:/Jing/ecoChina2/rf/clm_rfVar_zone14.Rdata,clm_rfVar,0.0956169988225881,8,0.0471705429644228,TRUE,FALSE,TRUE,Growing season and degree-days,Winter
climate,DD_0_wt,14,rf_var,Plain RF,0.0936488312782832,37.5950057890779,0.197499695392288,36.0781588466398,273.195697826285,H:/Jing/ecoChina2/rf/clm_rfVar_zone14.Rdata,clm_rfVar,0.0936488312782832,9,0.0461995908026417,TRUE,FALSE,TRUE,Growing season and degree-days,Winter
climate,DD_0,14,rf_var,Plain RF,0.0932194559764076,38.9848183400099,0.198978087235214,36.7885242688564,201.352389700936,H:/Jing/ecoChina2/rf/clm_rfVar_zone14.Rdata,clm_rfVar,0.0932194559764076,10,0.0459877679429579,TRUE,FALSE,TRUE,Growing season and degree-days,Annual
climate,Eref,14,rf_var,Plain RF,0.0917702522362005,36.0818471758886,0.187926397891272,34.3180012319653,341.839163558206,H:/Jing/ecoChina2/rf/clm_rfVar_zone14.Rdata,clm_rfVar,0.0917702522362005,11,0.0452728351576434,TRUE,FALSE,FALSE,Radiation and evaporative demand,Annual
climate,Tmin_wt,14,rf_var,Plain RF,0.091043798314197,39.4397517089751,0.192968274759909,38.5274589515282,240.627667377518,H:/Jing/ecoChina2/rf/clm_rfVar_zone14.Rdata,clm_rfVar,0.091043798314197,12,0.0449144550959232,TRUE,FALSE,FALSE,Temperature,Winter
climate,AHM,14,rf_var,Plain RF,0.0895790811480067,38.0089048376602,0.184511207520824,35.5806170836789,497.836610366765,H:/Jing/ecoChina2/rf/clm_rfVar_zone14.Rdata,clm_rfVar,0.0895790811480067,13,0.0441918691031678,TRUE,FALSE,FALSE,Climatic moisture balance,Annual
climate,Eref_sm,14,rf_var,Plain RF,0.0886449861705659,36.8072918461454,0.185841075514454,35.4418883330235,386.447235858766,H:/Jing/ecoChina2/rf/clm_rfVar_zone14.Rdata,clm_rfVar,0.0886449861705659,14,0.0437310538944833,TRUE,FALSE,FALSE,Radiation and evaporative demand,Summer
climate,DD_18_at,14,rf_var,Plain RF,0.0870945595930628,39.645251462865,0.187378888190192,39.0808434648351,189.672598122617,H:/Jing/ecoChina2/rf/clm_rfVar_zone14.Rdata,clm_rfVar,0.0870945595930628,15,0.0429661850491121,TRUE,FALSE,FALSE,Growing season and degree-days,Autumn
climate,DD_18,14,rf_var,Plain RF,0.0853455964884156,38.3323220569429,0.179785730271221,36.8926821184439,210.610530171379,H:/Jing/ecoChina2/rf/clm_rfVar_zone14.Rdata,clm_rfVar,0.0853455964884156,16,0.0421033725755265,TRUE,FALSE,FALSE,Growing season and degree-days,Annual
climate,DD5_sm,14,rf_var,Plain RF,0.0814689459593913,35.3198175119356,0.176060317983387,34.3679622438079,168.577224653685,H:/Jing/ecoChina2/rf/clm_rfVar_zone14.Rdata,clm_rfVar,0.0814689459593913,17,0.040190912316481,TRUE,FALSE,FALSE,Growing season and degree-days,Summer
climate,DD18_sm,14,rf_var,Plain RF,0.080934360020139,36.2426407800104,0.172163338823558,35.5197722598116,150.083976367087,H:/Jing/ecoChina2/rf/clm_rfVar_zone14.Rdata,clm_rfVar,0.080934360020139,18,0.0399271861032952,TRUE,FALSE,FALSE,Growing season and degree-days,Summer
climate,DD5,14,rf_var,Plain RF,0.0797160353653658,39.0034218152311,0.172938549174415,37.664971378544,151.718372154034,H:/Jing/ecoChina2/rf/clm_rfVar_zone14.Rdata,clm_rfVar,0.0797160353653658,19,0.0393261524358484,TRUE,FALSE,FALSE,Growing season and degree-days,Annual
climate,EMT,14,rf_var,Plain RF,0.0772422553333088,40.1432529964197,0.166585355631563,38.4342486961883,211.317864938331,H:/Jing/ecoChina2/rf/clm_rfVar_zone14.Rdata,clm_rfVar,0.0772422553333088,20,0.0381057674758144,TRUE,FALSE,FALSE,Temperature,Annual
climate,RH_sp,14,rf_var,Plain RF,0.0539361022287276,32.5707514439769,0.111594048370671,30.0774829985089,283.955819450546,H:/Jing/ecoChina2/rf/clm_rfVar_zone14.Rdata,clm_rfVar,0.0539361022287276,21,0.0266081895357781,TRUE,FALSE,FALSE,Humidity,Spring
climate,AHM,15,rf_var,Plain RF,0.134705506274856,48.6400688492293,0.262345572726189,45.0999366117111,736.131716803254,H:/Jing/ecoChina2/rf/clm_rfVar_zone15.Rdata,clm_rfVar,0.134705506274856,1,0.0801392524020399,TRUE,TRUE,TRUE,Climatic moisture balance,Annual
climate,PPT_sm,15,rf_var,Plain RF,0.127810441916006,53.241547502396,0.26084254131294,51.3603855354341,570.011580884371,H:/Jing/ecoChina2/rf/clm_rfVar_zone15.Rdata,clm_rfVar,0.127810441916006,2,0.0760372277835752,TRUE,TRUE,TRUE,Precipitation,Summer
climate,TD,15,rf_var,Plain RF,0.119541138545087,58.0609423769301,0.24241894428514,60.2727730084659,1024.93537480669,H:/Jing/ecoChina2/rf/clm_rfVar_zone15.Rdata,clm_rfVar,0.119541138545087,3,0.0711176383149831,TRUE,TRUE,TRUE,Temperature,Annual
climate,MAP,15,rf_var,Plain RF,0.114601652491107,43.6661578654683,0.226705065439641,44.0646595627729,648.774011602305,H:/Jing/ecoChina2/rf/clm_rfVar_zone15.Rdata,clm_rfVar,0.114601652491107,4,0.0681790300088866,TRUE,TRUE,TRUE,Precipitation,Annual
climate,CMD_sp,15,rf_var,Plain RF,0.0942736276499578,40.3116872210667,0.183056223026437,39.1856373871308,865.321231224901,H:/Jing/ecoChina2/rf/clm_rfVar_zone15.Rdata,clm_rfVar,0.0942736276499578,5,0.056085443349884,TRUE,TRUE,TRUE,Climatic moisture balance,Spring
climate,DD_18_wt,15,rf_var,Plain RF,0.0893480984777471,45.1702676556508,0.175041751411656,44.5621521981855,395.993907513869,H:/Jing/ecoChina2/rf/clm_rfVar_zone15.Rdata,clm_rfVar,0.0893480984777471,6,0.0531551382980624,TRUE,FALSE,TRUE,Growing season and degree-days,Winter
climate,DD_0_wt,15,rf_var,Plain RF,0.087387401759232,46.5746881091079,0.173003064139823,47.2490057193621,378.881121687021,H:/Jing/ecoChina2/rf/clm_rfVar_zone15.Rdata,clm_rfVar,0.087387401759232,7,0.0519886769294504,TRUE,FALSE,TRUE,Growing season and degree-days,Winter
climate,PPT_sp,15,rf_var,Plain RF,0.0853461564531928,42.0536751038803,0.176391523589994,40.1619236629504,674.018097052853,H:/Jing/ecoChina2/rf/clm_rfVar_zone15.Rdata,clm_rfVar,0.0853461564531928,8,0.0507742954440984,TRUE,FALSE,TRUE,Precipitation,Spring
climate,DD_18_at,15,rf_var,Plain RF,0.0804084463787675,48.9315113551837,0.160947816744002,47.6025820021874,345.534779389716,H:/Jing/ecoChina2/rf/clm_rfVar_zone15.Rdata,clm_rfVar,0.0804084463787675,9,0.0478367437070888,TRUE,FALSE,TRUE,Growing season and degree-days,Autumn
climate,DD_0,15,rf_var,Plain RF,0.0781880146408148,45.6036644525576,0.156373496079289,46.7554177649898,350.302974930709,H:/Jing/ecoChina2/rf/clm_rfVar_zone15.Rdata,clm_rfVar,0.0781880146408148,10,0.0465157602936401,TRUE,FALSE,TRUE,Growing season and degree-days,Annual
climate,Eref,15,rf_var,Plain RF,0.0774784776117581,43.0688603302108,0.136953819605759,40.7981013645403,437.722410903176,H:/Jing/ecoChina2/rf/clm_rfVar_zone15.Rdata,clm_rfVar,0.0774784776117581,11,0.0460936411937412,TRUE,FALSE,FALSE,Radiation and evaporative demand,Annual
climate,Eref_at,15,rf_var,Plain RF,0.0706208747116087,44.9107159457512,0.140526264248333,39.505530813768,280.988507504095,H:/Jing/ecoChina2/rf/clm_rfVar_zone15.Rdata,clm_rfVar,0.0706208747116087,12,0.0420139032165371,TRUE,FALSE,FALSE,Radiation and evaporative demand,Autumn
climate,DD5_sm,15,rf_var,Plain RF,0.066453673890102,46.658152533269,0.125098366484691,46.2797135389259,288.653262622277,H:/Jing/ecoChina2/rf/clm_rfVar_zone15.Rdata,clm_rfVar,0.066453673890102,13,0.0395347442891856,TRUE,FALSE,FALSE,Growing season and degree-days,Summer
climate,Eref_sp,15,rf_var,Plain RF,0.0645081489262576,40.6633709048762,0.119459769831602,37.8190353041869,322.027231852597,H:/Jing/ecoChina2/rf/clm_rfVar_zone15.Rdata,clm_rfVar,0.0645081489262576,14,0.0383773089293135,TRUE,FALSE,FALSE,Radiation and evaporative demand,Spring
climate,Tmin_at,15,rf_var,Plain RF,0.062699536465391,49.5145107771455,0.129291385451255,47.8763571197015,261.646699077709,H:/Jing/ecoChina2/rf/clm_rfVar_zone15.Rdata,clm_rfVar,0.062699536465391,15,0.0373013258124606,TRUE,FALSE,FALSE,Temperature,Autumn
climate,DD18_sm,15,rf_var,Plain RF,0.0604859258142585,48.1105214462759,0.120238426455302,49.6062071226253,272.508301224984,H:/Jing/ecoChina2/rf/clm_rfVar_zone15.Rdata,clm_rfVar,0.0604859258142585,16,0.0359844004127744,TRUE,FALSE,FALSE,Growing season and degree-days,Summer
climate,EMT,15,rf_var,Plain RF,0.0592763662995022,50.3712379830456,0.122954663731917,47.9757057470466,270.194013103438,H:/Jing/ecoChina2/rf/clm_rfVar_zone15.Rdata,clm_rfVar,0.0592763662995022,17,0.0352648069980066,TRUE,FALSE,FALSE,Temperature,Annual
climate,DD18,15,rf_var,Plain RF,0.0590343738096115,47.3559780285416,0.114757464931418,48.3976769790386,268.535389417904,H:/Jing/ecoChina2/rf/clm_rfVar_zone15.Rdata,clm_rfVar,0.0590343738096115,18,0.0351208403721199,TRUE,FALSE,FALSE,Growing season and degree-days,Annual
climate,Tmin_sm,15,rf_var,Plain RF,0.0536698344644824,50.8311193662018,0.104854171134201,54.8999816181291,253.128648280286,H:/Jing/ecoChina2/rf/clm_rfVar_zone15.Rdata,clm_rfVar,0.0536698344644824,19,0.0319293585649637,TRUE,FALSE,FALSE,Temperature,Summer
climate,RH_wt,15,rf_var,Plain RF,0.0479216297827071,55.5178332985996,0.109722195390043,53.163102423187,195.473709866428,H:/Jing/ecoChina2/rf/clm_rfVar_zone15.Rdata,clm_rfVar,0.0479216297827071,20,0.0285096258562543,TRUE,FALSE,FALSE,Humidity,Winter
climate,RH_at,15,rf_var,Plain RF,0.047133647271376,45.8739067889912,0.103379055195837,44.0221943580982,224.618765562152,H:/Jing/ecoChina2/rf/clm_rfVar_zone15.Rdata,clm_rfVar,0.047133647271376,21,0.0280408378229344,TRUE,FALSE,FALSE,Humidity,Autumn
climate,DD5_sm,16,rf_var,Plain RF,0.115078358226887,31.6163943979847,0.134671026227025,23.8756921429778,1443.90557011788,H:/Jing/ecoChina2/rf/clm_rfVar_zone16.Rdata,clm_rfVar,0.115078358226887,1,0.106716236155106,TRUE,TRUE,TRUE,Growing season and degree-days,Summer
climate,DD_18_sm,16,rf_var,Plain RF,0.114108146884464,30.6899006772109,0.127836508494667,23.4038618767856,1275.98827077036,H:/Jing/ecoChina2/rf/clm_rfVar_zone16.Rdata,clm_rfVar,0.114108146884464,2,0.105816524825072,TRUE,TRUE,TRUE,Growing season and degree-days,Summer
climate,Tmax_sm,16,rf_var,Plain RF,0.109840051542224,29.8641998440842,0.11968646958255,20.9203380458125,1521.3435785792,H:/Jing/ecoChina2/rf/clm_rfVar_zone16.Rdata,clm_rfVar,0.109840051542224,3,0.101858568894063,TRUE,TRUE,TRUE,Temperature,Summer
climate,PAS,16,rf_var,Plain RF,0.0804571569348128,32.7682778486157,0.115641108553764,26.7298311290775,1103.0716524041,H:/Jing/ecoChina2/rf/clm_rfVar_zone16.Rdata,clm_rfVar,0.0804571569348128,4,0.0746107703665329,TRUE,TRUE,TRUE,Snowfall,Annual
climate,TD,16,rf_var,Plain RF,0.0531942232526094,33.2847556693873,0.072309378986947,30.5791575200693,438.532464341435,H:/Jing/ecoChina2/rf/clm_rfVar_zone16.Rdata,clm_rfVar,0.0531942232526094,5,0.0493288866662557,TRUE,TRUE,TRUE,Temperature,Annual
climate,MAP,16,rf_var,Plain RF,0.0500593332452319,42.4930764475429,0.0999195041264382,40.7366119531895,301.635059501891,H:/Jing/ecoChina2/rf/clm_rfVar_zone16.Rdata,clm_rfVar,0.0500593332452319,6,0.0464217921655852,TRUE,FALSE,TRUE,Precipitation,Annual
climate,DD_0,16,rf_var,Plain RF,0.0496398162911239,27.2218144207154,0.0819648848536909,28.6033449041106,370.101584808207,H:/Jing/ecoChina2/rf/clm_rfVar_zone16.Rdata,clm_rfVar,0.0496398162911239,7,0.0460327592402336,TRUE,FALSE,TRUE,Growing season and degree-days,Annual
climate,AHM,16,rf_var,Plain RF,0.0480110256553462,32.555822729893,0.0990130560855952,29.8496386170076,464.932745454076,H:/Jing/ecoChina2/rf/clm_rfVar_zone16.Rdata,clm_rfVar,0.0480110256553462,8,0.0445223240132017,TRUE,FALSE,TRUE,Climatic moisture balance,Annual
climate,DD_18_wt,16,rf_var,Plain RF,0.0468148481576875,26.7165824552129,0.0774656366806564,30.0058266779692,291.357580544144,H:/Jing/ecoChina2/rf/clm_rfVar_zone16.Rdata,clm_rfVar,0.0468148481576875,9,0.0434130662666505,TRUE,FALSE,TRUE,Growing season and degree-days,Winter
climate,EMT,16,rf_var,Plain RF,0.0461505339102374,25.2065054917839,0.0669182667464367,26.8212103732826,422.033927927716,H:/Jing/ecoChina2/rf/clm_rfVar_zone16.Rdata,clm_rfVar,0.0461505339102374,10,0.0427970241436623,TRUE,FALSE,TRUE,Temperature,Annual
climate,DD_0_wt,16,rf_var,Plain RF,0.0449587940016491,26.8090533625972,0.0800679849844473,30.3749537737705,294.769610671669,H:/Jing/ecoChina2/rf/clm_rfVar_zone16.Rdata,clm_rfVar,0.0449587940016491,11,0.0416918815305776,TRUE,FALSE,FALSE,Growing season and degree-days,Winter
climate,PPT_at,16,rf_var,Plain RF,0.044341155910823,47.9572264728528,0.0913180989185497,45.5958383079653,292.409622434392,H:/Jing/ecoChina2/rf/clm_rfVar_zone16.Rdata,clm_rfVar,0.044341155910823,12,0.0411191238602862,TRUE,FALSE,FALSE,Precipitation,Autumn
climate,PPT_sm,16,rf_var,Plain RF,0.0436785554725141,46.1482251850324,0.0892230339783365,45.1319263973457,275.955259500483,H:/Jing/ecoChina2/rf/clm_rfVar_zone16.Rdata,clm_rfVar,0.0436785554725141,13,0.0405046710131954,TRUE,FALSE,FALSE,Precipitation,Summer
climate,PPT_sp,16,rf_var,Plain RF,0.0415157798970679,52.6662831700191,0.0794146072382276,44.7851879510354,252.666260683954,H:/Jing/ecoChina2/rf/clm_rfVar_zone16.Rdata,clm_rfVar,0.0415157798970679,14,0.0384990526448418,TRUE,FALSE,FALSE,Precipitation,Spring
climate,Tmax_wt,16,rf_var,Plain RF,0.0382259129417527,36.8059252962938,0.077203809126567,34.5740533127964,173.307510235393,H:/Jing/ecoChina2/rf/clm_rfVar_zone16.Rdata,clm_rfVar,0.0382259129417527,15,0.0354482425330908,TRUE,FALSE,FALSE,Temperature,Winter
climate,MCMT,16,rf_var,Plain RF,0.0376887246069085,28.977185739921,0.0694569520225757,26.4438015114822,196.731091493958,H:/Jing/ecoChina2/rf/clm_rfVar_zone16.Rdata,clm_rfVar,0.0376887246069085,16,0.0349500887700003,TRUE,FALSE,FALSE,Temperature,Annual
climate,CMD_sm,16,rf_var,Plain RF,0.0340194008317351,28.082822216072,0.0682781565533597,27.7009441601613,240.912654864993,H:/Jing/ecoChina2/rf/clm_rfVar_zone16.Rdata,clm_rfVar,0.0340194008317351,17,0.0315473949137939,TRUE,FALSE,FALSE,Climatic moisture balance,Summer
climate,RH_at,16,rf_var,Plain RF,0.026607781438723,37.8753013252219,0.0577244169106749,39.4572111553462,111.458272268531,H:/Jing/ecoChina2/rf/clm_rfVar_zone16.Rdata,clm_rfVar,0.026607781438723,18,0.0246743378279686,TRUE,FALSE,FALSE,Humidity,Autumn
climate,PPT_wt,16,rf_var,Plain RF,0.0210323035096372,35.1268903485593,0.0398786189808444,36.7141916908549,100.755220082744,H:/Jing/ecoChina2/rf/clm_rfVar_zone16.Rdata,clm_rfVar,0.0210323035096372,19,0.0195039997337735,TRUE,FALSE,FALSE,Precipitation,Winter
climate,RH_sm,16,rf_var,Plain RF,0.0176467371889055,31.716866647429,0.037521146919666,31.8645791892367,93.2773158829364,H:/Jing/ecoChina2/rf/clm_rfVar_zone16.Rdata,clm_rfVar,0.0176467371889055,20,0.0163644442120511,TRUE,FALSE,FALSE,Humidity,Summer
climate,PAS_wt,16,rf_var,Plain RF,0.015289840243463,42.3021679174615,0.0322468124324913,39.7747170999793,96.9722740847414,H:/Jing/ecoChina2/rf/clm_rfVar_zone16.Rdata,clm_rfVar,0.015289840243463,21,0.0141788102240584,TRUE,FALSE,FALSE,Snowfall,Winter
climate,Tmax_wt,17,rf_var,Plain RF,0.0594280390819915,14.6268142326883,0.108139434861881,13.2949855084249,186.703132386639,H:/Jing/ecoChina2/rf/clm_rfVar_zone17.Rdata,clm_rfVar,0.0594280390819915,1,0.107137282649229,TRUE,TRUE,TRUE,Temperature,Winter
climate,Eref_at,17,rf_var,Plain RF,0.0480190235771861,13.930793895639,0.0577349366847932,9.7599904268446,223.300984189882,H:/Jing/ecoChina2/rf/clm_rfVar_zone17.Rdata,clm_rfVar,0.0480190235771861,2,0.0865690300571934,TRUE,TRUE,TRUE,Radiation and evaporative demand,Autumn
climate,TD,17,rf_var,Plain RF,0.0458726357760083,17.4347953659814,0.0912336235614329,16.4303275534304,50.8204811924913,H:/Jing/ecoChina2/rf/clm_rfVar_zone17.Rdata,clm_rfVar,0.0458726357760083,3,0.0826995071841205,TRUE,TRUE,TRUE,Temperature,Annual
climate,DD_0_wt,17,rf_var,Plain RF,0.0402391929264312,11.5376915531405,0.0731295583637308,10.6281926000572,117.59883611883,H:/Jing/ecoChina2/rf/clm_rfVar_zone17.Rdata,clm_rfVar,0.0402391929264312,4,0.0725434971897352,TRUE,TRUE,TRUE,Growing season and degree-days,Winter
climate,Tave_wt,17,rf_var,Plain RF,0.0327650348682954,10.8773935924932,0.0660246486058836,10.1068928755632,101.114643653704,H:/Jing/ecoChina2/rf/clm_rfVar_zone17.Rdata,clm_rfVar,0.0327650348682954,5,0.0590690330006221,TRUE,TRUE,TRUE,Temperature,Winter
climate,Eref_sm,17,rf_var,Plain RF,0.0307949032583925,10.6465557745044,0.0546612403178891,8.95051013789078,40.3710346812899,H:/Jing/ecoChina2/rf/clm_rfVar_zone17.Rdata,clm_rfVar,0.0307949032583925,6,0.0555172660164359,TRUE,FALSE,TRUE,Radiation and evaporative demand,Summer
climate,DD_0_sp,17,rf_var,Plain RF,0.0295039263856809,9.44690137423307,0.0471352271222936,8.30897293089072,68.9273235525305,H:/Jing/ecoChina2/rf/clm_rfVar_zone17.Rdata,clm_rfVar,0.0295039263856809,7,0.0531898839213528,TRUE,FALSE,TRUE,Growing season and degree-days,Spring
climate,PAS_wt,17,rf_var,Plain RF,0.0275706657787084,17.0656223172852,0.0375853067584117,11.9766793305298,191.366825593764,H:/Jing/ecoChina2/rf/clm_rfVar_zone17.Rdata,clm_rfVar,0.0275706657787084,8,0.0497045882379791,TRUE,FALSE,TRUE,Snowfall,Winter
climate,Tmax_sp,17,rf_var,Plain RF,0.0273087441925104,9.62935039183058,0.0419197955574337,8.01472731507681,80.9227343389007,H:/Jing/ecoChina2/rf/clm_rfVar_zone17.Rdata,clm_rfVar,0.0273087441925104,9,0.0492323941786443,TRUE,FALSE,TRUE,Temperature,Spring
climate,DD_18_wt,17,rf_var,Plain RF,0.0252230379508418,9.1456756651105,0.0448773048286461,8.07895756782626,81.3452657955008,H:/Jing/ecoChina2/rf/clm_rfVar_zone17.Rdata,clm_rfVar,0.0252230379508418,10,0.0454722684435748,TRUE,FALSE,TRUE,Growing season and degree-days,Winter
climate,DD_0,17,rf_var,Plain RF,0.0242333902134511,8.86919102202035,0.0358100832008858,7.03734367411459,35.1843263912662,H:/Jing/ecoChina2/rf/clm_rfVar_zone17.Rdata,clm_rfVar,0.0242333902134511,11,0.0436881246117766,TRUE,FALSE,FALSE,Growing season and degree-days,Annual
climate,EXT,17,rf_var,Plain RF,0.0241863509835603,10.0999780292389,0.0478654569147947,9.18418373732916,35.4723436361226,H:/Jing/ecoChina2/rf/clm_rfVar_zone17.Rdata,clm_rfVar,0.0241863509835603,12,0.0436033219605994,TRUE,FALSE,FALSE,Temperature,Annual
climate,MWMT,17,rf_var,Plain RF,0.0226304966487111,9.16616840225494,0.0432885046507969,8.28645375123725,42.2551933554514,H:/Jing/ecoChina2/rf/clm_rfVar_zone17.Rdata,clm_rfVar,0.0226304966487111,13,0.0407984169324562,TRUE,FALSE,FALSE,Temperature,Annual
climate,RH_wt,17,rf_var,Plain RF,0.02248169612435,12.1021361824796,0.0476498155854111,11.3218034583533,47.7316671452457,H:/Jing/ecoChina2/rf/clm_rfVar_zone17.Rdata,clm_rfVar,0.02248169612435,14,0.0405301583110531,TRUE,FALSE,FALSE,Humidity,Winter
climate,Eref,17,rf_var,Plain RF,0.0191513744317573,8.34410499368265,0.0262561050784002,6.42141116081943,52.5342999783584,H:/Jing/ecoChina2/rf/clm_rfVar_zone17.Rdata,clm_rfVar,0.0191513744317573,15,0.0345262311749097,TRUE,FALSE,FALSE,Radiation and evaporative demand,Annual
climate,RH,17,rf_var,Plain RF,0.0190263215095626,11.4703977512646,0.0382900198407529,10.333126647451,29.3595594538219,H:/Jing/ecoChina2/rf/clm_rfVar_zone17.Rdata,clm_rfVar,0.0190263215095626,16,0.0343007848960445,TRUE,FALSE,FALSE,Humidity,Annual
climate,Tmin_sm,17,rf_var,Plain RF,0.0137984801021194,9.18547012581088,0.0258075403098359,8.23108153159942,22.2955584060115,H:/Jing/ecoChina2/rf/clm_rfVar_zone17.Rdata,clm_rfVar,0.0137984801021194,17,0.0248759960057055,TRUE,FALSE,FALSE,Temperature,Summer
climate,NFFD_sm,17,rf_var,Plain RF,0.0127545714112951,8.80521251428699,0.0246696965082953,7.69508795429909,21.8301375101335,H:/Jing/ecoChina2/rf/clm_rfVar_zone17.Rdata,clm_rfVar,0.0127545714112951,18,0.022994030149243,TRUE,FALSE,FALSE,Growing season and degree-days,Summer
climate,RH_at,17,rf_var,Plain RF,0.0120105483254648,9.17834717162139,0.0245221807999714,8.3966618154346,22.5886749947539,H:/Jing/ecoChina2/rf/clm_rfVar_zone17.Rdata,clm_rfVar,0.0120105483254648,19,0.0216527001495406,TRUE,FALSE,FALSE,Humidity,Autumn
climate,RH_sp,17,rf_var,Plain RF,0.0105901937922457,9.69935328290848,0.0179665981326526,7.91523858779774,31.0545994206707,H:/Jing/ecoChina2/rf/clm_rfVar_zone17.Rdata,clm_rfVar,0.0105901937922457,20,0.0190920751072494,TRUE,FALSE,FALSE,Humidity,Spring
climate,PPT_wt,17,rf_var,Plain RF,0.00710193053717344,10.1660709019465,0.00884758863061019,7.14052789382305,11.0378282046319,H:/Jing/ecoChina2/rf/clm_rfVar_zone17.Rdata,clm_rfVar,0.00710193053717344,21,0.0128034098225347,TRUE,FALSE,FALSE,Precipitation,Winter
climate,EXT,18,rf_var,Plain RF,0.124076185673571,41.8286873231431,0.211192456242948,38.6625718769272,1427.51211152107,H:/Jing/ecoChina2/rf/clm_rfVar_zone18.Rdata,clm_rfVar,0.124076185673571,1,0.101478007953289,TRUE,TRUE,TRUE,Temperature,Annual
climate,Tmax_sm,18,rf_var,Plain RF,0.108860482324795,36.5264470184138,0.169261657214037,31.9901981075319,1258.76347554924,H:/Jing/ecoChina2/rf/clm_rfVar_zone18.Rdata,clm_rfVar,0.108860482324795,2,0.0890335629773282,TRUE,TRUE,TRUE,Temperature,Summer
climate,TD,18,rf_var,Plain RF,0.0912391042123771,46.0273984832417,0.127831440792018,43.0944938493536,873.279308289098,H:/Jing/ecoChina2/rf/clm_rfVar_zone18.Rdata,clm_rfVar,0.0912391042123771,3,0.0746215923116245,TRUE,TRUE,TRUE,Temperature,Annual
climate,PPT_sp,18,rf_var,Plain RF,0.0851676708642317,63.0979892708589,0.175956691521651,63.5507271612028,532.866291457626,H:/Jing/ecoChina2/rf/clm_rfVar_zone18.Rdata,clm_rfVar,0.0851676708642317,4,0.069655958026155,TRUE,TRUE,TRUE,Precipitation,Spring
climate,PPT_at,18,rf_var,Plain RF,0.066718162169086,47.8521974980548,0.135598008024745,47.1861292546243,364.608003573087,H:/Jing/ecoChina2/rf/clm_rfVar_zone18.Rdata,clm_rfVar,0.066718162169086,5,0.0545666854156489,TRUE,TRUE,TRUE,Precipitation,Autumn
climate,DD_0_sp,18,rf_var,Plain RF,0.0661932120894745,35.7199104252047,0.109624774057835,38.2439763568879,523.11951039507,H:/Jing/ecoChina2/rf/clm_rfVar_zone18.Rdata,clm_rfVar,0.0661932120894745,6,0.0541373452641549,TRUE,FALSE,TRUE,Growing season and degree-days,Spring
climate,MAP,18,rf_var,Plain RF,0.0573352688541036,42.9451106616259,0.114942929928977,40.4085466136562,303.38876030917,H:/Jing/ecoChina2/rf/clm_rfVar_zone18.Rdata,clm_rfVar,0.0573352688541036,7,0.0468927122251153,TRUE,FALSE,TRUE,Precipitation,Annual
climate,CMD_sm,18,rf_var,Plain RF,0.057252290640234,39.3587481378366,0.113314187165771,41.2654202695814,331.439885062476,H:/Jing/ecoChina2/rf/clm_rfVar_zone18.Rdata,clm_rfVar,0.057252290640234,8,0.0468248469550693,TRUE,FALSE,TRUE,Climatic moisture balance,Summer
climate,DD_0,18,rf_var,Plain RF,0.0542090177398579,33.229633030844,0.0950612459068655,34.8083801992824,310.948653358777,H:/Jing/ecoChina2/rf/clm_rfVar_zone18.Rdata,clm_rfVar,0.0542090177398579,9,0.044335849812613,TRUE,FALSE,TRUE,Growing season and degree-days,Annual
climate,PPT_sm,18,rf_var,Plain RF,0.0535846945989138,53.8425681268483,0.107832079332422,49.2207306234408,241.705455341412,H:/Jing/ecoChina2/rf/clm_rfVar_zone18.Rdata,clm_rfVar,0.0535846945989138,10,0.0438252355612302,TRUE,FALSE,TRUE,Precipitation,Summer
climate,EMT,18,rf_var,Plain RF,0.0528655141428115,35.0940041747982,0.0879514698120313,36.8206328629553,351.845773291461,H:/Jing/ecoChina2/rf/clm_rfVar_zone18.Rdata,clm_rfVar,0.0528655141428115,11,0.0432370404966574,TRUE,FALSE,FALSE,Temperature,Annual
climate,DD_0_wt,18,rf_var,Plain RF,0.0514560256018469,35.8280464925856,0.0878482416309016,33.4536346612307,318.099886112984,H:/Jing/ecoChina2/rf/clm_rfVar_zone18.Rdata,clm_rfVar,0.0514560256018469,12,0.0420842641714215,TRUE,FALSE,FALSE,Growing season and degree-days,Winter
climate,Eref_at,18,rf_var,Plain RF,0.0497526310207179,31.0792481736526,0.0747623076256868,34.6498138066718,331.675792056569,H:/Jing/ecoChina2/rf/clm_rfVar_zone18.Rdata,clm_rfVar,0.0497526310207179,13,0.0406911113442854,TRUE,FALSE,FALSE,Radiation and evaporative demand,Autumn
climate,DD_18_wt,18,rf_var,Plain RF,0.0484690021240083,39.4142114356505,0.0867774073031799,36.1125429875827,252.825775588576,H:/Jing/ecoChina2/rf/clm_rfVar_zone18.Rdata,clm_rfVar,0.0484690021240083,14,0.0396412716616563,TRUE,FALSE,FALSE,Growing season and degree-days,Winter
climate,CMD_sp,18,rf_var,Plain RF,0.0480846550109661,33.8734935159438,0.0836149358896112,38.1143243036678,396.969331108468,H:/Jing/ecoChina2/rf/clm_rfVar_zone18.Rdata,clm_rfVar,0.0480846550109661,15,0.0393269262521615,TRUE,FALSE,FALSE,Climatic moisture balance,Spring
climate,Tmax_wt,18,rf_var,Plain RF,0.0466181307876257,42.941807604083,0.0916531631136745,42.7015015270397,316.889501679642,H:/Jing/ecoChina2/rf/clm_rfVar_zone18.Rdata,clm_rfVar,0.0466181307876257,16,0.0381275022370538,TRUE,FALSE,FALSE,Temperature,Winter
climate,MCMT,18,rf_var,Plain RF,0.0423454184064027,33.2168506952566,0.0686239185644081,31.3251829968353,240.468678238346,H:/Jing/ecoChina2/rf/clm_rfVar_zone18.Rdata,clm_rfVar,0.0423454184064027,17,0.0346329852300225,TRUE,FALSE,FALSE,Temperature,Annual
climate,PPT_wt,18,rf_var,Plain RF,0.0412832859287306,51.0099814076333,0.0666579486426744,50.2784454828131,231.395150934668,H:/Jing/ecoChina2/rf/clm_rfVar_zone18.Rdata,clm_rfVar,0.0412832859287306,18,0.0337643004986896,TRUE,FALSE,FALSE,Precipitation,Winter
climate,RH_at,18,rf_var,Plain RF,0.0271735420857373,39.5677012543886,0.0560885147841154,45.427790435744,148.689240056488,H:/Jing/ecoChina2/rf/clm_rfVar_zone18.Rdata,clm_rfVar,0.0271735420857373,19,0.0222243850012459,TRUE,FALSE,FALSE,Humidity,Autumn
climate,RH_sm,18,rf_var,Plain RF,0.0268483303761149,36.3750435518115,0.0506467857120703,35.8293192281413,221.419758651276,H:/Jing/ecoChina2/rf/clm_rfVar_zone18.Rdata,clm_rfVar,0.0268483303761149,20,0.0219584045773925,TRUE,FALSE,FALSE,Humidity,Summer
climate,PAS_wt,18,rf_var,Plain RF,0.0231577707952878,46.4165067046646,0.0450443102479738,40.4822328376033,170.867366277094,H:/Jing/ecoChina2/rf/clm_rfVar_zone18.Rdata,clm_rfVar,0.0231577707952878,21,0.018940012027185,TRUE,FALSE,FALSE,Snowfall,Winter
climate,MAP,19,rf_var,Plain RF,0.130286978876716,35.2292119173262,0.176686035997414,28.8880742880903,1457.59399551601,H:/Jing/ecoChina2/rf/clm_rfVar_zone19.Rdata,clm_rfVar,0.130286978876716,1,0.0828516976465522,TRUE,TRUE,TRUE,Precipitation,Annual
climate,PPT_sm,19,rf_var,Plain RF,0.118206532782876,36.0660426274551,0.201722024203209,32.4601741154311,1135.58504909687,H:/Jing/ecoChina2/rf/clm_rfVar_zone19.Rdata,clm_rfVar,0.118206532782876,2,0.0751695372662019,TRUE,TRUE,TRUE,Precipitation,Summer
climate,AHM,19,rf_var,Plain RF,0.111763964053144,31.0992748234552,0.156474633252703,24.6598781833681,1073.24255422697,H:/Jing/ecoChina2/rf/clm_rfVar_zone19.Rdata,clm_rfVar,0.111763964053144,3,0.0710725986383746,TRUE,TRUE,TRUE,Climatic moisture balance,Annual
climate,Eref_sm,19,rf_var,Plain RF,0.109170995831702,42.2971360012008,0.226001326799712,38.5529324269582,545.023887417818,H:/Jing/ecoChina2/rf/clm_rfVar_zone19.Rdata,clm_rfVar,0.109170995831702,4,0.0694236862072,TRUE,TRUE,TRUE,Radiation and evaporative demand,Summer
climate,PPT_sp,19,rf_var,Plain RF,0.0988144423664289,36.3611975438381,0.177340951656589,33.7848751844891,758.202066591571,H:/Jing/ecoChina2/rf/clm_rfVar_zone19.Rdata,clm_rfVar,0.0988144423664289,5,0.0628377783615886,TRUE,TRUE,TRUE,Precipitation,Spring
climate,CMD,19,rf_var,Plain RF,0.0890315359957489,30.2861363153333,0.147226998517225,24.3205176628578,368.319427110011,H:/Jing/ecoChina2/rf/clm_rfVar_zone19.Rdata,clm_rfVar,0.0890315359957489,6,0.0566166624241696,TRUE,FALSE,TRUE,Climatic moisture balance,Annual
climate,CMD_at,19,rf_var,Plain RF,0.0872489113249628,28.3695982034963,0.140866766783268,21.8415516268642,673.854994818496,H:/Jing/ecoChina2/rf/clm_rfVar_zone19.Rdata,clm_rfVar,0.0872489113249628,7,0.0554830611885387,TRUE,FALSE,TRUE,Climatic moisture balance,Autumn
climate,PPT_at,19,rf_var,Plain RF,0.0845763946353656,25.6068983288215,0.0852435329497652,17.139534702913,939.457468899055,H:/Jing/ecoChina2/rf/clm_rfVar_zone19.Rdata,clm_rfVar,0.0845763946353656,8,0.0537835625384749,TRUE,FALSE,TRUE,Precipitation,Autumn
climate,Eref,19,rf_var,Plain RF,0.0790543963619212,35.8906571523749,0.150286991888696,31.3491745573213,312.495693425993,H:/Jing/ecoChina2/rf/clm_rfVar_zone19.Rdata,clm_rfVar,0.0790543963619212,9,0.0502720302633339,TRUE,FALSE,TRUE,Radiation and evaporative demand,Annual
climate,NFFD,19,rf_var,Plain RF,0.0745227873123921,31.4356285134163,0.137508321103528,27.8028107507833,176.069993787773,H:/Jing/ecoChina2/rf/clm_rfVar_zone19.Rdata,clm_rfVar,0.0745227873123921,10,0.0473903032783277,TRUE,FALSE,TRUE,Growing season and degree-days,Annual
climate,DD5_at,19,rf_var,Plain RF,0.0703724679790143,32.7639704960569,0.128947848815196,28.3613321612588,222.774960682347,H:/Jing/ecoChina2/rf/clm_rfVar_zone19.Rdata,clm_rfVar,0.0703724679790143,11,0.0447510448849695,TRUE,FALSE,FALSE,Growing season and degree-days,Autumn
climate,DD5,19,rf_var,Plain RF,0.064458930103067,36.2407450308654,0.111055018507276,30.0686576291403,200.9931635492,H:/Jing/ecoChina2/rf/clm_rfVar_zone19.Rdata,clm_rfVar,0.064458930103067,12,0.04099052594176,TRUE,FALSE,FALSE,Growing season and degree-days,Annual
climate,DD_0,19,rf_var,Plain RF,0.0617188465815938,28.8544838555066,0.0957512574507315,27.6912648213058,205.775235386727,H:/Jing/ecoChina2/rf/clm_rfVar_zone19.Rdata,clm_rfVar,0.0617188465815938,13,0.0392480603983521,TRUE,FALSE,FALSE,Growing season and degree-days,Annual
climate,DD5_sm,19,rf_var,Plain RF,0.0599353365868977,30.9779894378612,0.0966553289862631,24.1858270491999,213.84663755925,H:/Jing/ecoChina2/rf/clm_rfVar_zone19.Rdata,clm_rfVar,0.0599353365868977,14,0.0381138961702446,TRUE,FALSE,FALSE,Growing season and degree-days,Summer
climate,EMT,19,rf_var,Plain RF,0.0568861005407899,32.3730825646614,0.100911226164914,28.467526966621,185.020758055515,H:/Jing/ecoChina2/rf/clm_rfVar_zone19.Rdata,clm_rfVar,0.0568861005407899,15,0.0361748352976753,TRUE,FALSE,FALSE,Temperature,Annual
climate,Tmax_wt,19,rf_var,Plain RF,0.0524217051074461,32.7051129503231,0.0842302679052656,32.4379922564983,186.605176769858,H:/Jing/ecoChina2/rf/clm_rfVar_zone19.Rdata,clm_rfVar,0.0524217051074461,16,0.0333358505901701,TRUE,FALSE,FALSE,Temperature,Winter
climate,Tmin_sm,19,rf_var,Plain RF,0.0508089462143649,32.7778121862603,0.0825067461131735,27.280529931097,146.567001557776,H:/Jing/ecoChina2/rf/clm_rfVar_zone19.Rdata,clm_rfVar,0.0508089462143649,17,0.0323102698810435,TRUE,FALSE,FALSE,Temperature,Summer
climate,TD,19,rf_var,Plain RF,0.0443538931078069,29.3913643765929,0.0730702834535162,27.2194433185959,138.80972947021,H:/Jing/ecoChina2/rf/clm_rfVar_zone19.Rdata,clm_rfVar,0.0443538931078069,18,0.0282053922264388,TRUE,FALSE,FALSE,Temperature,Annual
climate,RH_sp,19,rf_var,Plain RF,0.04413101441023,36.2127636940458,0.0854511676895523,32.39665968867,202.543859891188,H:/Jing/ecoChina2/rf/clm_rfVar_zone19.Rdata,clm_rfVar,0.04413101441023,19,0.0280636598858573,TRUE,FALSE,FALSE,Humidity,Spring
climate,MWMT,19,rf_var,Plain RF,0.0425786421578231,29.8850264172526,0.0632092519179959,23.0946809549351,199.659162486224,H:/Jing/ecoChina2/rf/clm_rfVar_zone19.Rdata,clm_rfVar,0.0425786421578231,20,0.0270764800648176,TRUE,FALSE,FALSE,Temperature,Annual
climate,RH_wt,19,rf_var,Plain RF,0.0421895768551028,39.3621019738332,0.0800792881699407,34.5482414425377,143.818777816334,H:/Jing/ecoChina2/rf/clm_rfVar_zone19.Rdata,clm_rfVar,0.0421895768551028,21,0.0268290668459091,TRUE,FALSE,FALSE,Humidity,Winter
climate,Eref_sm,20,rf_var,Plain RF,0.12655428786856,33.9818222826454,0.196777221133897,38.7492767635972,1843.65995341292,H:/Jing/ecoChina2/rf/clm_rfVar_zone20.Rdata,clm_rfVar,0.12655428786856,1,0.130268234746067,TRUE,TRUE,TRUE,Radiation and evaporative demand,Summer
climate,Tmax_sm,20,rf_var,Plain RF,0.103014542034301,30.1588209475949,0.115198631823092,24.8589269957758,1375.19000752237,H:/Jing/ecoChina2/rf/clm_rfVar_zone20.Rdata,clm_rfVar,0.103014542034301,2,0.106037675767418,TRUE,TRUE,TRUE,Temperature,Summer
climate,EXT,20,rf_var,Plain RF,0.0992299673701164,32.1181016549433,0.101054037999361,24.6680102721595,663.120667476489,H:/Jing/ecoChina2/rf/clm_rfVar_zone20.Rdata,clm_rfVar,0.0992299673701164,3,0.102142036440839,TRUE,TRUE,TRUE,Temperature,Annual
climate,Eref,20,rf_var,Plain RF,0.0967467798364904,28.8830593354745,0.144055899980241,31.4836043837633,1202.04909234056,H:/Jing/ecoChina2/rf/clm_rfVar_zone20.Rdata,clm_rfVar,0.0967467798364904,4,0.0995859756230112,TRUE,TRUE,TRUE,Radiation and evaporative demand,Annual
climate,MWMT,20,rf_var,Plain RF,0.0894714959238703,28.4015037675066,0.0949641311947383,24.391303108322,958.269701046604,H:/Jing/ecoChina2/rf/clm_rfVar_zone20.Rdata,clm_rfVar,0.0894714959238703,5,0.0920971863568758,TRUE,TRUE,TRUE,Temperature,Annual
climate,Eref_at,20,rf_var,Plain RF,0.0646306733471372,30.8012224352202,0.11629380235012,29.9678891763798,634.565330373862,H:/Jing/ecoChina2/rf/clm_rfVar_zone20.Rdata,clm_rfVar,0.0646306733471372,6,0.0665273683664166,TRUE,FALSE,TRUE,Radiation and evaporative demand,Autumn
climate,TD,20,rf_var,Plain RF,0.0453278677476737,29.9061467742448,0.0759344937239677,36.4913310789223,429.652485341004,H:/Jing/ecoChina2/rf/clm_rfVar_zone20.Rdata,clm_rfVar,0.0453278677476737,7,0.0466580897079154,TRUE,FALSE,TRUE,Temperature,Annual
climate,PAS_sp,20,rf_var,Plain RF,0.0383148639795193,31.7995231236986,0.0588435822344783,38.4491713678338,258.736721820826,H:/Jing/ecoChina2/rf/clm_rfVar_zone20.Rdata,clm_rfVar,0.0383148639795193,8,0.0394392776349983,TRUE,FALSE,TRUE,Snowfall,Spring
climate,PPT_sm,20,rf_var,Plain RF,0.0348044402727169,40.0732519842029,0.0612273668615523,44.2232361231107,189.799110998145,H:/Jing/ecoChina2/rf/clm_rfVar_zone20.Rdata,clm_rfVar,0.0348044402727169,9,0.0358258346833787,TRUE,FALSE,TRUE,Precipitation,Summer
climate,MAP,20,rf_var,Plain RF,0.0317397104065168,44.3118512195438,0.0639855101706164,44.7900778522688,184.093227928516,H:/Jing/ecoChina2/rf/clm_rfVar_zone20.Rdata,clm_rfVar,0.0317397104065168,10,0.0326711652022616,TRUE,FALSE,TRUE,Precipitation,Annual
climate,AHM,20,rf_var,Plain RF,0.0316519701717891,32.6700328036617,0.0613700563015188,34.3919890836789,334.40663635096,H:/Jing/ecoChina2/rf/clm_rfVar_zone20.Rdata,clm_rfVar,0.0316519701717891,11,0.0325808500838513,TRUE,FALSE,FALSE,Climatic moisture balance,Annual
climate,Tmax_wt,20,rf_var,Plain RF,0.0305849683663392,29.6554519218264,0.0574743109595588,30.3613583040603,261.077691324667,H:/Jing/ecoChina2/rf/clm_rfVar_zone20.Rdata,clm_rfVar,0.0305849683663392,12,0.0314825353289125,TRUE,FALSE,FALSE,Temperature,Winter
climate,PPT_at,20,rf_var,Plain RF,0.0288654636521244,42.6050872371104,0.0578753965299587,43.1709464248259,155.288064326178,H:/Jing/ecoChina2/rf/clm_rfVar_zone20.Rdata,clm_rfVar,0.0288654636521244,13,0.0297125688779065,TRUE,FALSE,FALSE,Precipitation,Autumn
climate,CMD,20,rf_var,Plain RF,0.0258662957847074,25.1908977439529,0.0515052860641883,25.7716132739025,171.870674545182,H:/Jing/ecoChina2/rf/clm_rfVar_zone20.Rdata,clm_rfVar,0.0258662957847074,14,0.0266253854218918,TRUE,FALSE,FALSE,Climatic moisture balance,Annual
climate,PPT_sp,20,rf_var,Plain RF,0.0248791808827383,44.0777305381234,0.0490065581601006,43.1575575387846,159.015955554678,H:/Jing/ecoChina2/rf/clm_rfVar_zone20.Rdata,clm_rfVar,0.0248791808827383,15,0.0256093019849986,TRUE,FALSE,FALSE,Precipitation,Spring
climate,CMD_sm,20,rf_var,Plain RF,0.0202783244064312,31.9463690320307,0.0389497746349766,34.8238438911961,108.433154107698,H:/Jing/ecoChina2/rf/clm_rfVar_zone20.Rdata,clm_rfVar,0.0202783244064312,16,0.0208734256936238,TRUE,FALSE,FALSE,Climatic moisture balance,Summer
climate,RH_at,20,rf_var,Plain RF,0.0200149700634167,27.000572873959,0.0306485651479734,32.5317936358412,146.102025839914,H:/Jing/ecoChina2/rf/clm_rfVar_zone20.Rdata,clm_rfVar,0.0200149700634167,17,0.0206023427777069,TRUE,FALSE,FALSE,Humidity,Autumn
climate,RH_sm,20,rf_var,Plain RF,0.0169921835881754,34.1288417881872,0.0308530382358196,35.1526952399597,105.644721101896,H:/Jing/ecoChina2/rf/clm_rfVar_zone20.Rdata,clm_rfVar,0.0169921835881754,18,0.0174908475863867,TRUE,FALSE,FALSE,Humidity,Summer
climate,RH_sp,20,rf_var,Plain RF,0.0168714432220395,34.5196704825789,0.0304936926814672,35.4886311392729,144.445092335083,H:/Jing/ecoChina2/rf/clm_rfVar_zone20.Rdata,clm_rfVar,0.0168714432220395,19,0.0173665638926137,TRUE,FALSE,FALSE,Humidity,Spring
climate,PPT_wt,20,rf_var,Plain RF,0.0140386262230657,32.881658924107,0.0258367442297451,39.27885792085,99.9187508126169,H:/Jing/ecoChina2/rf/clm_rfVar_zone20.Rdata,clm_rfVar,0.0140386262230657,20,0.0144506131490227,TRUE,FALSE,FALSE,Precipitation,Winter
climate,PAS_wt,20,rf_var,Plain RF,0.0116119486529189,40.8242095983418,0.0226120619080501,38.8638886374332,105.328117896911,H:/Jing/ecoChina2/rf/clm_rfVar_zone20.Rdata,clm_rfVar,0.0116119486529189,21,0.0119527206739038,TRUE,FALSE,FALSE,Snowfall,Winter
climate,Tmin_wt,21,rf_var,Plain RF,0.136950568786869,31.4329813119899,0.18632072777683,34.7967416516979,1510.49913764801,H:/Jing/ecoChina2/rf/clm_rfVar_zone21.Rdata,clm_rfVar,0.136950568786869,1,0.125126534472933,TRUE,TRUE,TRUE,Temperature,Winter
climate,DD_18_wt,21,rf_var,Plain RF,0.111742861555231,30.6767242671253,0.185903761631791,34.494617562412,1180.69710669062,H:/Jing/ecoChina2/rf/clm_rfVar_zone21.Rdata,clm_rfVar,0.111742861555231,2,0.102095209551517,TRUE,TRUE,TRUE,Growing season and degree-days,Winter
climate,Tmin_at,21,rf_var,Plain RF,0.0933496928821442,25.4438412507911,0.146253656626036,28.1962754842949,1012.9227118634,H:/Jing/ecoChina2/rf/clm_rfVar_zone21.Rdata,clm_rfVar,0.0933496928821442,3,0.0852900697523447,TRUE,TRUE,TRUE,Temperature,Autumn
climate,DD5,21,rf_var,Plain RF,0.0787913526287191,24.3747833047088,0.138693918875481,30.5494716238343,785.782508120636,H:/Jing/ecoChina2/rf/clm_rfVar_zone21.Rdata,clm_rfVar,0.0787913526287191,4,0.0719886670657751,TRUE,TRUE,TRUE,Growing season and degree-days,Annual
climate,MAP,21,rf_var,Plain RF,0.0648808253170113,28.7650541828344,0.0952256946172449,30.6085020723693,754.729734706419,H:/Jing/ecoChina2/rf/clm_rfVar_zone21.Rdata,clm_rfVar,0.0648808253170113,5,0.0592791464655805,TRUE,TRUE,TRUE,Precipitation,Annual
climate,Tmin_sm,21,rf_var,Plain RF,0.064005318749534,30.5292230576273,0.134379015659212,30.0501973010185,367.785918204137,H:/Jing/ecoChina2/rf/clm_rfVar_zone21.Rdata,clm_rfVar,0.064005318749534,6,0.0584792293592323,TRUE,FALSE,TRUE,Temperature,Summer
climate,DD18_sp,21,rf_var,Plain RF,0.055904909556677,30.9807979976335,0.118071454676206,33.8801253178826,470.768974856402,H:/Jing/ecoChina2/rf/clm_rfVar_zone21.Rdata,clm_rfVar,0.055904909556677,7,0.0510781930649452,TRUE,FALSE,TRUE,Growing season and degree-days,Spring
climate,DD5_sm,21,rf_var,Plain RF,0.0512794444755378,31.7327827476427,0.114329858985089,30.2436388222307,197.010975832028,H:/Jing/ecoChina2/rf/clm_rfVar_zone21.Rdata,clm_rfVar,0.0512794444755378,8,0.0468520812564632,TRUE,FALSE,TRUE,Growing season and degree-days,Summer
climate,DD18_sm,21,rf_var,Plain RF,0.0509714791458832,30.932759786331,0.113381010275168,30.9713431199787,243.100519165606,H:/Jing/ecoChina2/rf/clm_rfVar_zone21.Rdata,clm_rfVar,0.0509714791458832,9,0.0465707050286838,TRUE,FALSE,TRUE,Growing season and degree-days,Summer
climate,Eref_at,21,rf_var,Plain RF,0.0501615042734728,32.4065511707217,0.103417793641857,29.6413211376222,204.383956993049,H:/Jing/ecoChina2/rf/clm_rfVar_zone21.Rdata,clm_rfVar,0.0501615042734728,10,0.0458306617437771,TRUE,FALSE,TRUE,Radiation and evaporative demand,Autumn
climate,TD,21,rf_var,Plain RF,0.0431857799128676,33.7244509590962,0.0903930837032781,31.5538466125108,182.264244399005,H:/Jing/ecoChina2/rf/clm_rfVar_zone21.Rdata,clm_rfVar,0.0431857799128676,11,0.0394572072746735,TRUE,FALSE,FALSE,Temperature,Annual
climate,PPT_wt,21,rf_var,Plain RF,0.0425973052481741,34.1376660122647,0.0905724413085072,31.2434717696467,386.350319415487,H:/Jing/ecoChina2/rf/clm_rfVar_zone21.Rdata,clm_rfVar,0.0425973052481741,12,0.038919540318848,TRUE,FALSE,FALSE,Precipitation,Winter
climate,Eref,21,rf_var,Plain RF,0.0402544516172978,29.1130188071304,0.0821329898630448,29.8476424442739,250.991795052068,H:/Jing/ecoChina2/rf/clm_rfVar_zone21.Rdata,clm_rfVar,0.0402544516172978,13,0.0367789639181387,TRUE,FALSE,FALSE,Radiation and evaporative demand,Annual
climate,Eref_sp,21,rf_var,Plain RF,0.0326870689435066,34.5912811736831,0.0747472095559199,33.1784158955025,143.711373962804,H:/Jing/ecoChina2/rf/clm_rfVar_zone21.Rdata,clm_rfVar,0.0326870689435066,14,0.0298649337144701,TRUE,FALSE,FALSE,Radiation and evaporative demand,Spring
climate,PPT_sm,21,rf_var,Plain RF,0.0320331055273188,40.2256878984266,0.0646253098871422,36.2514625304216,367.524578538146,H:/Jing/ecoChina2/rf/clm_rfVar_zone21.Rdata,clm_rfVar,0.0320331055273188,15,0.0292674321731147,TRUE,FALSE,FALSE,Precipitation,Summer
climate,EXT,21,rf_var,Plain RF,0.028314471476299,28.2189536414126,0.0615680768264964,26.8748390644377,126.066739261827,H:/Jing/ecoChina2/rf/clm_rfVar_zone21.Rdata,clm_rfVar,0.028314471476299,16,0.025869857443058,TRUE,FALSE,FALSE,Temperature,Annual
climate,PPT_at,21,rf_var,Plain RF,0.0279590580113658,32.8685349335505,0.0502894739677139,43.2126379268953,541.500932661609,H:/Jing/ecoChina2/rf/clm_rfVar_zone21.Rdata,clm_rfVar,0.0279590580113658,17,0.0255451296557546,TRUE,FALSE,FALSE,Precipitation,Autumn
climate,AHM,21,rf_var,Plain RF,0.0276636535401305,37.3498581647092,0.0589643099730235,36.4036682889461,132.086099285825,H:/Jing/ecoChina2/rf/clm_rfVar_zone21.Rdata,clm_rfVar,0.0276636535401305,18,0.0252752298073574,TRUE,FALSE,FALSE,Climatic moisture balance,Annual
climate,Eref_sm,21,rf_var,Plain RF,0.0248456483911179,31.110994402098,0.0523643443144777,31.8256284294123,129.43171139708,H:/Jing/ecoChina2/rf/clm_rfVar_zone21.Rdata,clm_rfVar,0.0248456483911179,19,0.0227005255067744,TRUE,FALSE,FALSE,Radiation and evaporative demand,Summer
climate,CMD,21,rf_var,Plain RF,0.0217251666915368,38.635236940097,0.0482202873792517,41.5581327141638,136.189097938606,H:/Jing/ecoChina2/rf/clm_rfVar_zone21.Rdata,clm_rfVar,0.0217251666915368,20,0.0198494598674456,TRUE,FALSE,FALSE,Climatic moisture balance,Annual
climate,CMD_at,21,rf_var,Plain RF,0.0151929511429005,41.4941520133978,0.0337477947431929,42.1792285530678,104.814184621384,H:/Jing/ecoChina2/rf/clm_rfVar_zone21.Rdata,clm_rfVar,0.0151929511429005,21,0.0138812225591136,TRUE,FALSE,FALSE,Climatic moisture balance,Autumn
climate,Eref_at,22,rf_var,Plain RF,0.144085796469523,43.5242360936835,0.273063118164152,44.8433318900934,1343.73131699041,H:/Jing/ecoChina2/rf/clm_rfVar_zone22.Rdata,clm_rfVar,0.144085796469523,1,0.0841591614854317,TRUE,TRUE,TRUE,Radiation and evaporative demand,Autumn
climate,PAS_sp,22,rf_var,Plain RF,0.11787792856038,47.35765298285,0.260063547030988,45.9275988640858,341.941684241922,H:/Jing/ecoChina2/rf/clm_rfVar_zone22.Rdata,clm_rfVar,0.11787792856038,2,0.0688513917982167,TRUE,TRUE,TRUE,Snowfall,Spring
climate,Eref,22,rf_var,Plain RF,0.11659637938693,31.0685507508378,0.210319288699987,30.3930470464066,1000.88757476775,H:/Jing/ecoChina2/rf/clm_rfVar_zone22.Rdata,clm_rfVar,0.11659637938693,3,0.0681028509532296,TRUE,TRUE,TRUE,Radiation and evaporative demand,Annual
climate,DD5_at,22,rf_var,Plain RF,0.105290070218741,31.8044928059134,0.203795314874233,31.9153617629235,627.278276563383,H:/Jing/ecoChina2/rf/clm_rfVar_zone22.Rdata,clm_rfVar,0.105290070218741,4,0.0614989418767989,TRUE,TRUE,TRUE,Growing season and degree-days,Autumn
climate,Tmax_wt,22,rf_var,Plain RF,0.104228763926863,46.8050719782884,0.219795625739339,46.4446447496865,521.583466009534,H:/Jing/ecoChina2/rf/clm_rfVar_zone22.Rdata,clm_rfVar,0.104228763926863,5,0.0608790428319786,TRUE,TRUE,TRUE,Temperature,Winter
climate,Eref_sm,22,rf_var,Plain RF,0.101637635959273,30.3866265816895,0.200366884155258,30.6821593143631,798.315592020643,H:/Jing/ecoChina2/rf/clm_rfVar_zone22.Rdata,clm_rfVar,0.101637635959273,6,0.0593655893036152,TRUE,FALSE,TRUE,Radiation and evaporative demand,Summer
climate,PPT_sm,22,rf_var,Plain RF,0.0984996757259741,60.3625376736531,0.222738705826768,59.0511623474617,290.301815901043,H:/Jing/ecoChina2/rf/clm_rfVar_zone22.Rdata,clm_rfVar,0.0984996757259741,7,0.0575327361808237,TRUE,FALSE,TRUE,Precipitation,Summer
climate,DD_0_at,22,rf_var,Plain RF,0.0973582009563401,30.6705681775268,0.179820064740057,30.455809466124,698.321362232968,H:/Jing/ecoChina2/rf/clm_rfVar_zone22.Rdata,clm_rfVar,0.0973582009563401,8,0.0568660114805199,TRUE,FALSE,TRUE,Growing season and degree-days,Autumn
climate,DD_0,22,rf_var,Plain RF,0.0885170861025636,32.7757513427003,0.174708433086468,33.1971216620046,877.033783188128,H:/Jing/ecoChina2/rf/clm_rfVar_zone22.Rdata,clm_rfVar,0.0885170861025636,9,0.0517019992675076,TRUE,FALSE,TRUE,Growing season and degree-days,Annual
climate,PPT_at,22,rf_var,Plain RF,0.0806790435373355,53.1986755944518,0.176358926150031,53.1001600502206,354.796116466083,H:/Jing/ecoChina2/rf/clm_rfVar_zone22.Rdata,clm_rfVar,0.0806790435373355,10,0.0471238721644919,TRUE,FALSE,TRUE,Precipitation,Autumn
climate,TD,22,rf_var,Plain RF,0.0801657077563356,56.5049014610205,0.165388260663127,55.5470103793941,419.700942104645,H:/Jing/ecoChina2/rf/clm_rfVar_zone22.Rdata,clm_rfVar,0.0801657077563356,11,0.0468240375524206,TRUE,FALSE,FALSE,Temperature,Annual
climate,MAP,22,rf_var,Plain RF,0.07968459063072,47.8284473305144,0.177643735674837,45.6022110743851,265.559353273182,H:/Jing/ecoChina2/rf/clm_rfVar_zone22.Rdata,clm_rfVar,0.07968459063072,12,0.0465430215545901,TRUE,FALSE,FALSE,Precipitation,Annual
climate,DD_0_wt,22,rf_var,Plain RF,0.0793494098027806,33.7509844441915,0.162991449069077,31.8424974409915,586.051215585624,H:/Jing/ecoChina2/rf/clm_rfVar_zone22.Rdata,clm_rfVar,0.0793494098027806,13,0.046347245578633,TRUE,FALSE,FALSE,Growing season and degree-days,Winter
climate,PPT_sp,22,rf_var,Plain RF,0.0765648436575019,54.1571485577588,0.163665631432567,50.8267417865002,253.127118797898,H:/Jing/ecoChina2/rf/clm_rfVar_zone22.Rdata,clm_rfVar,0.0765648436575019,14,0.044720806626082,TRUE,FALSE,FALSE,Precipitation,Spring
climate,EMT,22,rf_var,Plain RF,0.0689747929738252,36.0219145102324,0.149325470472397,34.9567990263936,335.887759547392,H:/Jing/ecoChina2/rf/clm_rfVar_zone22.Rdata,clm_rfVar,0.0689747929738252,15,0.0402875292536987,TRUE,FALSE,FALSE,Temperature,Annual
climate,CMD_sm,22,rf_var,Plain RF,0.052115588997298,37.4250373252077,0.112773322669243,35.6194020467283,153.437221025443,H:/Jing/ecoChina2/rf/clm_rfVar_zone22.Rdata,clm_rfVar,0.052115588997298,16,0.0304402264331427,TRUE,FALSE,FALSE,Climatic moisture balance,Summer
climate,RH_at,22,rf_var,Plain RF,0.0474385174049061,33.1812259426539,0.107140045369118,31.9935178551449,144.290181961578,H:/Jing/ecoChina2/rf/clm_rfVar_zone22.Rdata,clm_rfVar,0.0474385174049061,17,0.0277083928099286,TRUE,FALSE,FALSE,Humidity,Autumn
climate,PAS_wt,22,rf_var,Plain RF,0.0458114637102826,35.5150439989484,0.10406115321401,34.5114091380329,149.141389865738,H:/Jing/ecoChina2/rf/clm_rfVar_zone22.Rdata,clm_rfVar,0.0458114637102826,18,0.0267580460166535,TRUE,FALSE,FALSE,Snowfall,Winter
climate,AHM,22,rf_var,Plain RF,0.043773726058462,37.5841386065964,0.0936830150747938,34.7100892555065,157.636183949823,H:/Jing/ecoChina2/rf/clm_rfVar_zone22.Rdata,clm_rfVar,0.043773726058462,19,0.0255678225782122,TRUE,FALSE,FALSE,Climatic moisture balance,Annual
climate,RH_sm,22,rf_var,Plain RF,0.0428370580086641,36.4214790411812,0.0973964240355948,35.4340748609285,184.95515685304,H:/Jing/ecoChina2/rf/clm_rfVar_zone22.Rdata,clm_rfVar,0.0428370580086641,20,0.0250207235608718,TRUE,FALSE,FALSE,Humidity,Summer
climate,PPT_wt,22,rf_var,Plain RF,0.0405768387316979,37.021783846893,0.0893704954259534,35.1837191580938,145.426385459821,H:/Jing/ecoChina2/rf/clm_rfVar_zone22.Rdata,clm_rfVar,0.0405768387316979,21,0.0237005506931532,TRUE,FALSE,FALSE,Precipitation,Winter
climate,AHM,23,rf_var,Plain RF,0.154987134016947,46.742712091475,0.266342777670703,41.1999716755854,1913.59328990117,H:/Jing/ecoChina2/rf/clm_rfVar_zone23.Rdata,clm_rfVar,0.154987134016947,1,0.112527008531183,TRUE,TRUE,TRUE,Climatic moisture balance,Annual
climate,MAP,23,rf_var,Plain RF,0.127979978465551,46.0244658477929,0.212289551117335,45.2606461653733,1328.6543723926,H:/Jing/ecoChina2/rf/clm_rfVar_zone23.Rdata,clm_rfVar,0.127979978465551,2,0.0929187072201687,TRUE,TRUE,TRUE,Precipitation,Annual
climate,CMD_sm,23,rf_var,Plain RF,0.119363067687634,40.321589910425,0.22095069287589,35.2032431351191,1373.50626821475,H:/Jing/ecoChina2/rf/clm_rfVar_zone23.Rdata,clm_rfVar,0.119363067687634,3,0.086662476993258,TRUE,TRUE,TRUE,Climatic moisture balance,Summer
climate,DD_18,23,rf_var,Plain RF,0.0749535401062278,37.3267511056018,0.148225500150364,37.4367601724693,417.312529192224,H:/Jing/ecoChina2/rf/clm_rfVar_zone23.Rdata,clm_rfVar,0.0749535401062278,4,0.0544193406792957,TRUE,TRUE,TRUE,Growing season and degree-days,Annual
climate,DD_0,23,rf_var,Plain RF,0.0714536176126797,38.9392259118791,0.142039775623551,39.127118337876,384.422929350394,H:/Jing/ecoChina2/rf/clm_rfVar_zone23.Rdata,clm_rfVar,0.0714536176126797,5,0.0518782535704334,TRUE,TRUE,TRUE,Growing season and degree-days,Annual
climate,Eref,23,rf_var,Plain RF,0.0685185074188781,42.2885670049609,0.142644847617484,40.3506382245604,401.195701484058,H:/Jing/ecoChina2/rf/clm_rfVar_zone23.Rdata,clm_rfVar,0.0685185074188781,6,0.0497472433294042,TRUE,FALSE,TRUE,Radiation and evaporative demand,Annual
climate,DD_18_sp,23,rf_var,Plain RF,0.0671545291589014,36.6644974781185,0.121960932831707,35.4148178406559,317.763677152038,H:/Jing/ecoChina2/rf/clm_rfVar_zone23.Rdata,clm_rfVar,0.0671545291589014,7,0.0487569392356466,TRUE,FALSE,TRUE,Growing season and degree-days,Spring
climate,DD_18_wt,23,rf_var,Plain RF,0.0647066927471477,39.7271201763451,0.133653162402665,44.099162107854,325.988992915606,H:/Jing/ecoChina2/rf/clm_rfVar_zone23.Rdata,clm_rfVar,0.0647066927471477,8,0.0469797097221424,TRUE,FALSE,TRUE,Growing season and degree-days,Winter
climate,DD_0_wt,23,rf_var,Plain RF,0.0639877485969449,35.9528584371051,0.122484118303758,40.6515879763265,363.173135251104,H:/Jing/ecoChina2/rf/clm_rfVar_zone23.Rdata,clm_rfVar,0.0639877485969449,9,0.0464577268166809,TRUE,FALSE,TRUE,Growing season and degree-days,Winter
climate,DD5,23,rf_var,Plain RF,0.0589543275001135,40.2757720987666,0.125126056302913,38.2215438160259,163.418553546554,H:/Jing/ecoChina2/rf/clm_rfVar_zone23.Rdata,clm_rfVar,0.0589543275001135,10,0.0428032569002151,TRUE,FALSE,TRUE,Growing season and degree-days,Annual
climate,DD_18_at,23,rf_var,Plain RF,0.0586530411044437,35.8671936281647,0.124975203545761,36.7301400822233,210.517900231242,H:/Jing/ecoChina2/rf/clm_rfVar_zone23.Rdata,clm_rfVar,0.0586530411044437,11,0.0425845106343983,TRUE,FALSE,FALSE,Growing season and degree-days,Autumn
climate,Tmin_at,23,rf_var,Plain RF,0.0538842588701001,33.0639963809063,0.111780784418176,34.0356999243287,162.053961290936,H:/Jing/ecoChina2/rf/clm_rfVar_zone23.Rdata,clm_rfVar,0.0538842588701001,12,0.0391221793733488,TRUE,FALSE,FALSE,Temperature,Autumn
climate,Tmax_wt,23,rf_var,Plain RF,0.0510247768774684,40.7534335947045,0.101055197181733,40.4777121992014,176.236373479342,H:/Jing/ecoChina2/rf/clm_rfVar_zone23.Rdata,clm_rfVar,0.0510247768774684,13,0.0370460783045694,TRUE,FALSE,FALSE,Temperature,Winter
climate,Tmin_sm,23,rf_var,Plain RF,0.0500066162336837,43.133257955614,0.107008351482416,41.9063604818255,141.006388501984,H:/Jing/ecoChina2/rf/clm_rfVar_zone23.Rdata,clm_rfVar,0.0500066162336837,14,0.036306851967003,TRUE,FALSE,FALSE,Temperature,Summer
climate,DD5_at,23,rf_var,Plain RF,0.0497494655244638,35.5250406558612,0.105970791186696,34.7675104177947,170.099972813418,H:/Jing/ecoChina2/rf/clm_rfVar_zone23.Rdata,clm_rfVar,0.0497494655244638,15,0.0361201500176203,TRUE,FALSE,FALSE,Growing season and degree-days,Autumn
climate,DD5_sm,23,rf_var,Plain RF,0.048133001362834,43.6598878607886,0.102148555789718,43.3907544147318,159.800836890378,H:/Jing/ecoChina2/rf/clm_rfVar_zone23.Rdata,clm_rfVar,0.048133001362834,16,0.034946530815873,TRUE,FALSE,FALSE,Growing season and degree-days,Summer
climate,DD18,23,rf_var,Plain RF,0.0464097280862675,41.7085617031996,0.104336275652826,40.9113209231917,135.393449860377,H:/Jing/ecoChina2/rf/clm_rfVar_zone23.Rdata,clm_rfVar,0.0464097280862675,17,0.0336953638211175,TRUE,FALSE,FALSE,Growing season and degree-days,Annual
climate,DD18_sm,23,rf_var,Plain RF,0.0434431023063132,39.3656018213716,0.0993483791014934,38.4660776317466,138.765878192634,H:/Jing/ecoChina2/rf/clm_rfVar_zone23.Rdata,clm_rfVar,0.0434431023063132,18,0.0315414719734674,TRUE,FALSE,FALSE,Growing season and degree-days,Summer
climate,RH_wt,23,rf_var,Plain RF,0.0368037264251994,50.0161186719011,0.0747930976174247,43.3214477051932,138.36909164384,H:/Jing/ecoChina2/rf/clm_rfVar_zone23.Rdata,clm_rfVar,0.0368037264251994,19,0.0267210130937379,TRUE,FALSE,FALSE,Humidity,Winter
climate,PAS_wt,23,rf_var,Plain RF,0.035756178181918,43.8146575785297,0.0811529036370686,42.8480381721955,176.041529165259,H:/Jing/ecoChina2/rf/clm_rfVar_zone23.Rdata,clm_rfVar,0.035756178181918,20,0.0259604501550384,TRUE,FALSE,FALSE,Snowfall,Winter
climate,RH_sp,23,rf_var,Plain RF,0.0314097108935352,42.532353368799,0.067134851815086,38.0463960207066,169.413959453638,H:/Jing/ecoChina2/rf/clm_rfVar_zone23.Rdata,clm_rfVar,0.0314097108935352,21,0.0228047368453975,TRUE,FALSE,FALSE,Humidity,Spring
climate,PPT_sm,24,rf_var,Plain RF,0.141766111379679,47.8609125886755,0.217921310476167,46.1074090764366,1112.10948660313,H:/Jing/ecoChina2/rf/clm_rfVar_zone24.Rdata,clm_rfVar,0.141766111379679,1,0.111273018126977,TRUE,TRUE,TRUE,Precipitation,Summer
climate,CMD_sm,24,rf_var,Plain RF,0.132263679141248,41.3348361421974,0.2148023259165,34.7423765508994,1381.53554754057,H:/Jing/ecoChina2/rf/clm_rfVar_zone24.Rdata,clm_rfVar,0.132263679141248,2,0.103814505620518,TRUE,TRUE,TRUE,Climatic moisture balance,Summer
climate,AHM,24,rf_var,Plain RF,0.12565535589625,39.8747289742697,0.176575470918352,35.4701144888258,1640.98684644221,H:/Jing/ecoChina2/rf/clm_rfVar_zone24.Rdata,clm_rfVar,0.12565535589625,3,0.0986275955397286,TRUE,TRUE,TRUE,Climatic moisture balance,Annual
climate,CMD,24,rf_var,Plain RF,0.0895375847859547,34.1469524898396,0.157479207767163,29.6399871535889,842.817597918936,H:/Jing/ecoChina2/rf/clm_rfVar_zone24.Rdata,clm_rfVar,0.0895375847859547,4,0.0702785538657398,TRUE,TRUE,TRUE,Climatic moisture balance,Annual
climate,Tmin_sp,24,rf_var,Plain RF,0.0624022809315188,35.8586256048395,0.12246535248521,35.291567668,305.177281797222,H:/Jing/ecoChina2/rf/clm_rfVar_zone24.Rdata,clm_rfVar,0.0624022809315188,5,0.04897990125906,TRUE,TRUE,TRUE,Temperature,Spring
climate,DD5_sp,24,rf_var,Plain RF,0.0601481439342498,40.7802428582243,0.119572784861913,36.787025123102,307.490815846151,H:/Jing/ecoChina2/rf/clm_rfVar_zone24.Rdata,clm_rfVar,0.0601481439342498,6,0.047210616452439,TRUE,FALSE,TRUE,Growing season and degree-days,Spring
climate,DD_18_sp,24,rf_var,Plain RF,0.0572757029495841,40.616456493456,0.108324670920321,37.311254166468,276.976483975362,H:/Jing/ecoChina2/rf/clm_rfVar_zone24.Rdata,clm_rfVar,0.0572757029495841,7,0.0449560213687144,TRUE,FALSE,TRUE,Growing season and degree-days,Spring
climate,TD,24,rf_var,Plain RF,0.0570310583009866,40.869182128863,0.100968428711092,34.4293982374011,331.650132363587,H:/Jing/ecoChina2/rf/clm_rfVar_zone24.Rdata,clm_rfVar,0.0570310583009866,8,0.0447639984081273,TRUE,FALSE,TRUE,Temperature,Annual
climate,DD_0,24,rf_var,Plain RF,0.0564748643910157,39.7114251001958,0.101068980835616,40.7740073274336,329.997035132794,H:/Jing/ecoChina2/rf/clm_rfVar_zone24.Rdata,clm_rfVar,0.0564748643910157,9,0.0443274386801077,TRUE,FALSE,TRUE,Growing season and degree-days,Annual
climate,DD_0_sp,24,rf_var,Plain RF,0.0532069368774134,37.8338370466467,0.0887924470502791,35.8488524522617,288.558104824155,H:/Jing/ecoChina2/rf/clm_rfVar_zone24.Rdata,clm_rfVar,0.0532069368774134,10,0.0417624239955698,TRUE,FALSE,TRUE,Growing season and degree-days,Spring
climate,Tmax_wt,24,rf_var,Plain RF,0.0480128516323192,37.1429434442013,0.0892949836124957,41.6879704177905,262.002399289371,H:/Jing/ecoChina2/rf/clm_rfVar_zone24.Rdata,clm_rfVar,0.0480128516323192,11,0.0376855572747035,TRUE,FALSE,FALSE,Temperature,Winter
climate,DD5,24,rf_var,Plain RF,0.0455047316150277,39.296599300529,0.0868637312618104,36.4774266650949,216.229134355022,H:/Jing/ecoChina2/rf/clm_rfVar_zone24.Rdata,clm_rfVar,0.0455047316150277,12,0.0357169197672441,TRUE,FALSE,FALSE,Growing season and degree-days,Annual
climate,Eref_sp,24,rf_var,Plain RF,0.0446234831546709,41.3356984287956,0.0928217674759667,39.7495623774888,157.610816133065,H:/Jing/ecoChina2/rf/clm_rfVar_zone24.Rdata,clm_rfVar,0.0446234831546709,13,0.0350252228944912,TRUE,FALSE,FALSE,Radiation and evaporative demand,Spring
climate,DD5_sm,24,rf_var,Plain RF,0.044562061506181,38.1947749532333,0.0815550600193015,36.3747173120055,140.432030578503,H:/Jing/ecoChina2/rf/clm_rfVar_zone24.Rdata,clm_rfVar,0.044562061506181,14,0.0349770126971508,TRUE,FALSE,FALSE,Growing season and degree-days,Summer
climate,DD18_sm,24,rf_var,Plain RF,0.0426566149254796,36.5501429402814,0.0798955920704194,36.9684452563208,120.079780076076,H:/Jing/ecoChina2/rf/clm_rfVar_zone24.Rdata,clm_rfVar,0.0426566149254796,15,0.0334814169595592,TRUE,FALSE,FALSE,Growing season and degree-days,Summer
climate,EXT,24,rf_var,Plain RF,0.0425087087148829,37.4154271523854,0.0703054260166393,35.5476038563723,153.804841669839,H:/Jing/ecoChina2/rf/clm_rfVar_zone24.Rdata,clm_rfVar,0.0425087087148829,16,0.0333653245430244,TRUE,FALSE,FALSE,Temperature,Annual
climate,MWMT,24,rf_var,Plain RF,0.0400237574495352,35.8309811818951,0.0723421162433895,35.807465766556,111.613814546733,H:/Jing/ecoChina2/rf/clm_rfVar_zone24.Rdata,clm_rfVar,0.0400237574495352,17,0.0314148723192687,TRUE,FALSE,FALSE,Temperature,Annual
climate,PAS,24,rf_var,Plain RF,0.036709824790366,39.9342368211397,0.0696865884857569,38.9683017457315,168.355708229958,H:/Jing/ecoChina2/rf/clm_rfVar_zone24.Rdata,clm_rfVar,0.036709824790366,18,0.0288137479372384,TRUE,FALSE,FALSE,Snowfall,Annual
climate,RH_wt,24,rf_var,Plain RF,0.0357425613682684,51.2550577956638,0.0751108969300008,46.2249894465977,124.201938199257,H:/Jing/ecoChina2/rf/clm_rfVar_zone24.Rdata,clm_rfVar,0.0357425613682684,19,0.0280545374372595,TRUE,FALSE,FALSE,Humidity,Winter
climate,RH_sp,24,rf_var,Plain RF,0.0321107623255647,48.3243191435597,0.0686121819105195,46.3228201883981,120.528038085773,H:/Jing/ecoChina2/rf/clm_rfVar_zone24.Rdata,clm_rfVar,0.0321107623255647,20,0.0252039179430844,TRUE,FALSE,FALSE,Humidity,Spring
climate,PPT_wt,24,rf_var,Plain RF,0.0258214443724326,36.0329762077737,0.0485437413468098,32.7723342308822,103.364215978186,H:/Jing/ecoChina2/rf/clm_rfVar_zone24.Rdata,clm_rfVar,0.0258214443724326,21,0.0202673969099943,TRUE,FALSE,FALSE,Precipitation,Winter
climate,PPT_sm,25,rf_var,Plain RF,0.165640338168846,69.013376020075,0.296941447896534,76.5002070150251,1599.67482116284,H:/Jing/ecoChina2/rf/clm_rfVar_zone25.Rdata,clm_rfVar,0.165640338168846,1,0.127513218245084,TRUE,TRUE,TRUE,Precipitation,Summer
climate,CMD_sm,25,rf_var,Plain RF,0.122744191182694,49.1217320976168,0.210380085998736,45.8327122308782,1391.17604369433,H:/Jing/ecoChina2/rf/clm_rfVar_zone25.Rdata,clm_rfVar,0.122744191182694,2,0.0944909133344126,TRUE,TRUE,TRUE,Climatic moisture balance,Summer
climate,PPT_at,25,rf_var,Plain RF,0.0908235439637342,44.3943009106571,0.166671357639647,46.6043021201233,612.215750627783,H:/Jing/ecoChina2/rf/clm_rfVar_zone25.Rdata,clm_rfVar,0.0908235439637342,3,0.0699177658731551,TRUE,TRUE,TRUE,Precipitation,Autumn
climate,CMD,25,rf_var,Plain RF,0.0807694899129667,42.3288903895601,0.145864359855631,39.0090955904634,701.813149660978,H:/Jing/ecoChina2/rf/clm_rfVar_zone25.Rdata,clm_rfVar,0.0807694899129667,4,0.0621779556156045,TRUE,TRUE,TRUE,Climatic moisture balance,Annual
climate,CMD_at,25,rf_var,Plain RF,0.0738568455683164,44.3514292986407,0.131600060805813,40.2983853966692,585.334615741001,H:/Jing/ecoChina2/rf/clm_rfVar_zone25.Rdata,clm_rfVar,0.0738568455683164,5,0.0568564648681543,TRUE,TRUE,TRUE,Climatic moisture balance,Autumn
climate,Tmin_sm,25,rf_var,Plain RF,0.0659194204420451,38.998115691951,0.120761700797345,35.1347048308876,579.416346178094,H:/Jing/ecoChina2/rf/clm_rfVar_zone25.Rdata,clm_rfVar,0.0659194204420451,6,0.0507460775457224,TRUE,FALSE,TRUE,Temperature,Summer
climate,DD5_sm,25,rf_var,Plain RF,0.0641125824529263,41.0638329790973,0.117599154107049,37.8576551236819,445.953635583476,H:/Jing/ecoChina2/rf/clm_rfVar_zone25.Rdata,clm_rfVar,0.0641125824529263,7,0.0493551378181957,TRUE,FALSE,TRUE,Growing season and degree-days,Summer
climate,DD_0_wt,25,rf_var,Plain RF,0.0582587614208127,39.8244978177375,0.108807904630857,42.3931562121655,339.986034367226,H:/Jing/ecoChina2/rf/clm_rfVar_zone25.Rdata,clm_rfVar,0.0582587614208127,8,0.0448487502613514,TRUE,FALSE,TRUE,Growing season and degree-days,Winter
climate,DD_18_wt,25,rf_var,Plain RF,0.0582482668039998,41.4735149319737,0.107964020873468,43.1794372050327,349.037540225684,H:/Jing/ecoChina2/rf/clm_rfVar_zone25.Rdata,clm_rfVar,0.0582482668039998,9,0.0448406712971398,TRUE,FALSE,TRUE,Growing season and degree-days,Winter
climate,TD,25,rf_var,Plain RF,0.0581113232610925,54.3743354814776,0.109467035572642,47.2799340852831,238.07939301866,H:/Jing/ecoChina2/rf/clm_rfVar_zone25.Rdata,clm_rfVar,0.0581113232610925,10,0.0447352494411653,TRUE,FALSE,TRUE,Temperature,Annual
climate,DD_18_sm,25,rf_var,Plain RF,0.0567839026128746,38.787987482407,0.104449872953187,37.5582942227872,469.710306733108,H:/Jing/ecoChina2/rf/clm_rfVar_zone25.Rdata,clm_rfVar,0.0567839026128746,11,0.0437133746931997,TRUE,FALSE,FALSE,Growing season and degree-days,Summer
climate,CMD_sp,25,rf_var,Plain RF,0.0563327982489293,40.0819847799194,0.105582121407733,36.6631946336127,209.865803089269,H:/Jing/ecoChina2/rf/clm_rfVar_zone25.Rdata,clm_rfVar,0.0563327982489293,12,0.0433661056049632,TRUE,FALSE,FALSE,Climatic moisture balance,Spring
climate,Tmax_wt,25,rf_var,Plain RF,0.0519090891621075,36.8354547308211,0.0935769438320468,39.637261343133,243.029746950572,H:/Jing/ecoChina2/rf/clm_rfVar_zone25.Rdata,clm_rfVar,0.0519090891621075,13,0.0399606465937309,TRUE,FALSE,FALSE,Temperature,Winter
climate,EXT,25,rf_var,Plain RF,0.05185904708314,39.7598218396699,0.0898518480728707,35.263459675105,321.73282694007,H:/Jing/ecoChina2/rf/clm_rfVar_zone25.Rdata,clm_rfVar,0.05185904708314,14,0.0399221232086221,TRUE,FALSE,FALSE,Temperature,Annual
climate,Eref_sm,25,rf_var,Plain RF,0.0504637573247293,42.6179675691497,0.0923860465442728,41.6708276894013,267.977625237759,H:/Jing/ecoChina2/rf/clm_rfVar_zone25.Rdata,clm_rfVar,0.0504637573247293,15,0.0388480014732633,TRUE,FALSE,FALSE,Radiation and evaporative demand,Summer
climate,PPT_sp,25,rf_var,Plain RF,0.0499152925672047,48.4428489556564,0.0983806155598873,47.7925433601792,190.303693800411,H:/Jing/ecoChina2/rf/clm_rfVar_zone25.Rdata,clm_rfVar,0.0499152925672047,16,0.0384257824226436,TRUE,FALSE,FALSE,Precipitation,Spring
climate,PAS_at,25,rf_var,Plain RF,0.0386773557202808,34.9707247527296,0.0696911317362771,32.5902023977023,277.298536395002,H:/Jing/ecoChina2/rf/clm_rfVar_zone25.Rdata,clm_rfVar,0.0386773557202808,17,0.0297745957031046,TRUE,FALSE,FALSE,Snowfall,Autumn
climate,RH_sp,25,rf_var,Plain RF,0.0291933287436238,44.8828465183234,0.0537265657668492,37.3356936982712,141.675237545155,H:/Jing/ecoChina2/rf/clm_rfVar_zone25.Rdata,clm_rfVar,0.0291933287436238,18,0.0224736035952281,TRUE,FALSE,FALSE,Humidity,Spring
climate,PPT_wt,25,rf_var,Plain RF,0.026548184018825,41.9130993357698,0.0450559760640964,42.7377194269756,144.504851994646,H:/Jing/ecoChina2/rf/clm_rfVar_zone25.Rdata,clm_rfVar,0.026548184018825,19,0.0204373187125006,TRUE,FALSE,FALSE,Precipitation,Winter
climate,RH_wt,25,rf_var,Plain RF,0.0260297324013702,39.2910542311587,0.0494843182709375,38.0347895454324,139.262077752448,H:/Jing/ecoChina2/rf/clm_rfVar_zone25.Rdata,clm_rfVar,0.0260297324013702,20,0.0200382043724982,TRUE,FALSE,FALSE,Humidity,Winter
climate,PAS_wt,25,rf_var,Plain RF,0.0228079850121885,47.295028941762,0.042680076927388,41.0762056365697,156.895503117562,H:/Jing/ecoChina2/rf/clm_rfVar_zone25.Rdata,clm_rfVar,0.0228079850121885,21,0.0175580393202602,TRUE,FALSE,FALSE,Snowfall,Winter
climate,PPT_wt,26,rf_var,Plain RF,0.143467622589777,67.043920282647,0.318429785035068,67.5651371120345,624.183956623967,H:/Jing/ecoChina2/rf/clm_rfVar_zone26.Rdata,clm_rfVar,0.143467622589777,1,0.0968933165282366,TRUE,TRUE,TRUE,Precipitation,Winter
climate,RH_wt,26,rf_var,Plain RF,0.122491950180966,49.7857504201563,0.257685688962703,46.5541097665705,771.022934169611,H:/Jing/ecoChina2/rf/clm_rfVar_zone26.Rdata,clm_rfVar,0.122491950180966,2,0.0827270368519442,TRUE,TRUE,TRUE,Humidity,Winter
climate,PPT_sp,26,rf_var,Plain RF,0.120427072348114,37.0160496024974,0.231381764593427,35.3717082536197,1362.39096162945,H:/Jing/ecoChina2/rf/clm_rfVar_zone26.Rdata,clm_rfVar,0.120427072348114,3,0.081332486236,TRUE,TRUE,TRUE,Precipitation,Spring
climate,PPT_at,26,rf_var,Plain RF,0.116037849312157,46.4574944013958,0.236857639983221,50.4306734666263,1155.0129677544,H:/Jing/ecoChina2/rf/clm_rfVar_zone26.Rdata,clm_rfVar,0.116037849312157,4,0.0783681492709128,TRUE,TRUE,TRUE,Precipitation,Autumn
climate,DD_18_wt,26,rf_var,Plain RF,0.104262564990464,33.0214989854606,0.168120912378745,36.1261742918637,869.260491192613,H:/Jing/ecoChina2/rf/clm_rfVar_zone26.Rdata,clm_rfVar,0.104262564990464,5,0.0704155092926642,TRUE,TRUE,TRUE,Growing season and degree-days,Winter
climate,PPT_sm,26,rf_var,Plain RF,0.0886894212954105,45.5797656565167,0.194346632332643,42.9536104584977,850.812835127246,H:/Jing/ecoChina2/rf/clm_rfVar_zone26.Rdata,clm_rfVar,0.0886894212954105,6,0.0598979199289712,TRUE,FALSE,TRUE,Precipitation,Summer
climate,EMT,26,rf_var,Plain RF,0.0840576938607129,34.2485954550403,0.152291829189903,31.5886953699454,550.358711196426,H:/Jing/ecoChina2/rf/clm_rfVar_zone26.Rdata,clm_rfVar,0.0840576938607129,7,0.0567698034640745,TRUE,FALSE,TRUE,Temperature,Annual
climate,TD,26,rf_var,Plain RF,0.0780773680926197,53.2154841934828,0.156922440636223,52.6183198403087,437.243451395127,H:/Jing/ecoChina2/rf/clm_rfVar_zone26.Rdata,clm_rfVar,0.0780773680926197,8,0.0527308880131182,TRUE,FALSE,TRUE,Temperature,Annual
climate,Eref_at,26,rf_var,Plain RF,0.0739640355192904,36.7671446567236,0.136742053689711,42.2581536067095,439.217747859729,H:/Jing/ecoChina2/rf/clm_rfVar_zone26.Rdata,clm_rfVar,0.0739640355192904,9,0.0499528783979933,TRUE,FALSE,TRUE,Radiation and evaporative demand,Autumn
climate,AHM,26,rf_var,Plain RF,0.0673103901486814,35.1922677024662,0.145497852005813,32.959222122711,305.974328867546,H:/Jing/ecoChina2/rf/clm_rfVar_zone26.Rdata,clm_rfVar,0.0673103901486814,10,0.0454592250194575,TRUE,FALSE,TRUE,Climatic moisture balance,Annual
climate,CMD_wt,26,rf_var,Plain RF,0.060898578300905,42.4257801619993,0.112649384240906,42.0653563214702,262.667646694241,H:/Jing/ecoChina2/rf/clm_rfVar_zone26.Rdata,clm_rfVar,0.060898578300905,11,0.0411288980531949,TRUE,FALSE,FALSE,Climatic moisture balance,Winter
climate,CMD,26,rf_var,Plain RF,0.0604886986508204,33.8055755041002,0.128222413052926,32.3671807069562,181.448822030332,H:/Jing/ecoChina2/rf/clm_rfVar_zone26.Rdata,clm_rfVar,0.0604886986508204,12,0.040852078810238,TRUE,FALSE,FALSE,Climatic moisture balance,Annual
climate,Tmin_sm,26,rf_var,Plain RF,0.0491416543194295,32.7509727141375,0.0899468141215594,31.1001315873663,363.526842023028,H:/Jing/ecoChina2/rf/clm_rfVar_zone26.Rdata,clm_rfVar,0.0491416543194295,13,0.0331886580452261,TRUE,FALSE,FALSE,Temperature,Summer
climate,CMD_sm,26,rf_var,Plain RF,0.0467595243263533,42.1496990270664,0.0965365002389105,41.0486182837873,125.799899403757,H:/Jing/ecoChina2/rf/clm_rfVar_zone26.Rdata,clm_rfVar,0.0467595243263533,14,0.0315798457483184,TRUE,FALSE,FALSE,Climatic moisture balance,Summer
climate,Eref_sp,26,rf_var,Plain RF,0.0454143490665259,37.3611288539445,0.0898016050537297,42.3790620916609,224.414372997795,H:/Jing/ecoChina2/rf/clm_rfVar_zone26.Rdata,clm_rfVar,0.0454143490665259,15,0.0306713585936306,TRUE,FALSE,FALSE,Radiation and evaporative demand,Spring
climate,DD18,26,rf_var,Plain RF,0.0447908384531979,38.7672739206129,0.0888910788612004,35.876479886513,210.044280858879,H:/Jing/ecoChina2/rf/clm_rfVar_zone26.Rdata,clm_rfVar,0.0447908384531979,16,0.0302502600201312,TRUE,FALSE,FALSE,Growing season and degree-days,Annual
climate,CMD_at,26,rf_var,Plain RF,0.0408252298258917,45.0775470798916,0.0844896001754679,46.0232392551335,137.80826965907,H:/Jing/ecoChina2/rf/clm_rfVar_zone26.Rdata,clm_rfVar,0.0408252298258917,17,0.0275720183024766,TRUE,FALSE,FALSE,Climatic moisture balance,Autumn
climate,DD5_sm,26,rf_var,Plain RF,0.0380210428891655,37.9438984493556,0.0723808538964016,37.4638469882975,208.956255451131,H:/Jing/ecoChina2/rf/clm_rfVar_zone26.Rdata,clm_rfVar,0.0380210428891655,18,0.0256781626188045,TRUE,FALSE,FALSE,Growing season and degree-days,Summer
climate,Eref_sm,26,rf_var,Plain RF,0.0344989703857459,49.6409050894131,0.0766768110482303,47.9288798169636,136.605409139367,H:/Jing/ecoChina2/rf/clm_rfVar_zone26.Rdata,clm_rfVar,0.0344989703857459,19,0.023299470620227,TRUE,FALSE,FALSE,Radiation and evaporative demand,Summer
climate,EXT,26,rf_var,Plain RF,0.0311826162749658,38.9679806531516,0.0569247581906664,43.5420439530212,130.430868771528,H:/Jing/ecoChina2/rf/clm_rfVar_zone26.Rdata,clm_rfVar,0.0311826162749658,20,0.0210597140620917,TRUE,FALSE,FALSE,Temperature,Annual
climate,MWMT,26,rf_var,Plain RF,0.0298686761966342,35.8819468952181,0.0576167750274453,35.5552863829393,138.265652041915,H:/Jing/ecoChina2/rf/clm_rfVar_zone26.Rdata,clm_rfVar,0.0298686761966342,21,0.0201723221222884,TRUE,FALSE,FALSE,Temperature,Annual
climate,Tmin_sm,27,rf_var,Plain RF,0.104710997356111,37.1402855578522,0.18018030553802,37.1326388832599,922.614693885901,H:/Jing/ecoChina2/rf/clm_rfVar_zone27.Rdata,clm_rfVar,0.104710997356111,1,0.0727989654411767,TRUE,TRUE,TRUE,Temperature,Summer
climate,DD18_sm,27,rf_var,Plain RF,0.0972105614341281,33.5129938692918,0.157024214130585,32.7927560816112,590.136311057109,H:/Jing/ecoChina2/rf/clm_rfVar_zone27.Rdata,clm_rfVar,0.0972105614341281,2,0.0675843844586157,TRUE,TRUE,TRUE,Growing season and degree-days,Summer
climate,MAP,27,rf_var,Plain RF,0.0960429573510021,42.4672641834359,0.171570540253135,37.4157860204614,817.299187673625,H:/Jing/ecoChina2/rf/clm_rfVar_zone27.Rdata,clm_rfVar,0.0960429573510021,3,0.0667726228343101,TRUE,TRUE,TRUE,Precipitation,Annual
climate,MWMT,27,rf_var,Plain RF,0.094729175079041,35.7816291523281,0.165197423538996,36.1821214071496,702.729945007867,H:/Jing/ecoChina2/rf/clm_rfVar_zone27.Rdata,clm_rfVar,0.094729175079041,4,0.065859232716475,TRUE,TRUE,TRUE,Temperature,Annual
climate,DD_18_sp,27,rf_var,Plain RF,0.0881749261515261,34.3389325322291,0.118986041640719,29.8242743567787,511.304178415213,H:/Jing/ecoChina2/rf/clm_rfVar_zone27.Rdata,clm_rfVar,0.0881749261515261,5,0.0613024759935462,TRUE,TRUE,TRUE,Growing season and degree-days,Spring
climate,TD,27,rf_var,Plain RF,0.0843455832447383,48.4571269558433,0.149949328179951,44.2276489492546,789.535158288041,H:/Jing/ecoChina2/rf/clm_rfVar_zone27.Rdata,clm_rfVar,0.0843455832447383,6,0.0586401749079632,TRUE,FALSE,TRUE,Temperature,Annual
climate,DD_18,27,rf_var,Plain RF,0.0829070049528381,41.648944596038,0.126486201456587,35.3881159817257,460.919791095244,H:/Jing/ecoChina2/rf/clm_rfVar_zone27.Rdata,clm_rfVar,0.0829070049528381,7,0.0576400219727342,TRUE,FALSE,TRUE,Growing season and degree-days,Annual
climate,RH_sm,27,rf_var,Plain RF,0.0783881777474884,33.3203844216237,0.155395542596648,33.4471065474604,690.756058017259,H:/Jing/ecoChina2/rf/clm_rfVar_zone27.Rdata,clm_rfVar,0.0783881777474884,8,0.0544983658538633,TRUE,FALSE,TRUE,Humidity,Summer
climate,Eref_sm,27,rf_var,Plain RF,0.0689051295635623,38.9860249752733,0.113475913125744,36.3681606928303,189.770196154094,H:/Jing/ecoChina2/rf/clm_rfVar_zone27.Rdata,clm_rfVar,0.0689051295635623,9,0.0479053993608518,TRUE,FALSE,TRUE,Radiation and evaporative demand,Summer
climate,PPT_sm,27,rf_var,Plain RF,0.0658886475585837,40.9181926562902,0.126301221320584,40.4300058177372,414.658131996608,H:/Jing/ecoChina2/rf/clm_rfVar_zone27.Rdata,clm_rfVar,0.0658886475585837,10,0.0458082292948697,TRUE,FALSE,TRUE,Precipitation,Summer
climate,DD_0,27,rf_var,Plain RF,0.0642725457157042,40.0694344162601,0.100681714785453,35.4300209453675,516.555269580614,H:/Jing/ecoChina2/rf/clm_rfVar_zone27.Rdata,clm_rfVar,0.0642725457157042,11,0.0446846554088423,TRUE,FALSE,FALSE,Growing season and degree-days,Annual
climate,AHM,27,rf_var,Plain RF,0.0621923939471009,36.0223615395088,0.119036605318622,33.3777114663983,459.435048412856,H:/Jing/ecoChina2/rf/clm_rfVar_zone27.Rdata,clm_rfVar,0.0621923939471009,12,0.0432384568190232,TRUE,FALSE,FALSE,Climatic moisture balance,Annual
climate,DD_18_wt,27,rf_var,Plain RF,0.0599129913965104,40.453052791043,0.0987567887105442,35.3341097427745,438.05054586176,H:/Jing/ecoChina2/rf/clm_rfVar_zone27.Rdata,clm_rfVar,0.0599129913965104,13,0.0416537317023039,TRUE,FALSE,FALSE,Growing season and degree-days,Winter
climate,PPT_sp,27,rf_var,Plain RF,0.0593778874753518,46.7421856612073,0.10097598414888,39.9230844052268,317.629697062263,H:/Jing/ecoChina2/rf/clm_rfVar_zone27.Rdata,clm_rfVar,0.0593778874753518,14,0.0412817076279711,TRUE,FALSE,FALSE,Precipitation,Spring
climate,Eref,27,rf_var,Plain RF,0.0573101278476167,35.5340381304423,0.0964523429361143,31.7455779444117,222.685664399264,H:/Jing/ecoChina2/rf/clm_rfVar_zone27.Rdata,clm_rfVar,0.0573101278476167,15,0.039844124513676,TRUE,FALSE,FALSE,Radiation and evaporative demand,Annual
climate,CMD_sp,27,rf_var,Plain RF,0.0542796465739174,36.75939844857,0.102785191282689,32.4921012696207,284.920779777611,H:/Jing/ecoChina2/rf/clm_rfVar_zone27.Rdata,clm_rfVar,0.0542796465739174,16,0.0377372216373346,TRUE,FALSE,FALSE,Climatic moisture balance,Spring
climate,CMD,27,rf_var,Plain RF,0.0472793055785641,34.858177811444,0.0921569678840359,32.3695503365537,240.805819293652,H:/Jing/ecoChina2/rf/clm_rfVar_zone27.Rdata,clm_rfVar,0.0472793055785641,17,0.0328703251788468,TRUE,FALSE,FALSE,Climatic moisture balance,Annual
climate,CMD_at,27,rf_var,Plain RF,0.0464435861406227,43.0298137703024,0.0930247955614743,38.9150903240619,154.599197239767,H:/Jing/ecoChina2/rf/clm_rfVar_zone27.Rdata,clm_rfVar,0.0464435861406227,18,0.0322893020579008,TRUE,FALSE,FALSE,Climatic moisture balance,Autumn
climate,CMD_sm,27,rf_var,Plain RF,0.0462135328459021,38.0189367134119,0.0904318504674841,34.5065598836116,230.419584992423,H:/Jing/ecoChina2/rf/clm_rfVar_zone27.Rdata,clm_rfVar,0.0462135328459021,19,0.0321293604827572,TRUE,FALSE,FALSE,Climatic moisture balance,Summer
climate,PPT_at,27,rf_var,Plain RF,0.0429427514986747,33.7719745269097,0.0788549248216632,32.2010226488521,315.175380571594,H:/Jing/ecoChina2/rf/clm_rfVar_zone27.Rdata,clm_rfVar,0.0429427514986747,20,0.0298553920909495,TRUE,FALSE,FALSE,Precipitation,Autumn
climate,PPT_wt,27,rf_var,Plain RF,0.0368303867827434,38.1816155920716,0.0534808019319445,27.2288043057698,170.285745472354,H:/Jing/ecoChina2/rf/clm_rfVar_zone27.Rdata,clm_rfVar,0.0368303867827434,21,0.0256058496459889,TRUE,FALSE,FALSE,Precipitation,Winter
climate,PPT_sp,28,rf_var,Plain RF,0.127994646057691,55.0468990425329,0.282212152875307,53.7489237748098,999.693876846675,H:/Jing/ecoChina2/rf/clm_rfVar_zone28.Rdata,clm_rfVar,0.127994646057691,1,0.0831640623106361,TRUE,TRUE,TRUE,Precipitation,Spring
climate,MCMT,28,rf_var,Plain RF,0.115011501581719,39.1413524730538,0.207531631819011,35.3009082965442,825.585754946285,H:/Jing/ecoChina2/rf/clm_rfVar_zone28.Rdata,clm_rfVar,0.115011501581719,2,0.0747283107425502,TRUE,TRUE,TRUE,Temperature,Annual
climate,PPT_at,28,rf_var,Plain RF,0.11373129553141,41.493597434321,0.204091355618284,37.7042618972406,862.025338494749,H:/Jing/ecoChina2/rf/clm_rfVar_zone28.Rdata,clm_rfVar,0.11373129553141,3,0.0738965014519464,TRUE,TRUE,TRUE,Precipitation,Autumn
climate,TD,28,rf_var,Plain RF,0.107321363866664,56.3106140200825,0.20625318767546,50.2774311755451,731.478835493716,H:/Jing/ecoChina2/rf/clm_rfVar_zone28.Rdata,clm_rfVar,0.107321363866664,4,0.0697316713376181,TRUE,TRUE,TRUE,Temperature,Annual
climate,DD_18_wt,28,rf_var,Plain RF,0.10677734802254,39.2966188794425,0.201192606785645,35.4123290860951,692.896449300368,H:/Jing/ecoChina2/rf/clm_rfVar_zone28.Rdata,clm_rfVar,0.10677734802254,5,0.0693781989936399,TRUE,TRUE,TRUE,Growing season and degree-days,Winter
climate,Tmin_wt,28,rf_var,Plain RF,0.0987226255925251,38.6100913055515,0.184370415822786,34.4626621306169,618.68739918605,H:/Jing/ecoChina2/rf/clm_rfVar_zone28.Rdata,clm_rfVar,0.0987226255925251,6,0.0641446719774964,TRUE,FALSE,TRUE,Temperature,Winter
climate,PPT_wt,28,rf_var,Plain RF,0.0980806827108886,61.2606192311338,0.218305003443689,54.9090154087593,522.703463228512,H:/Jing/ecoChina2/rf/clm_rfVar_zone28.Rdata,clm_rfVar,0.0980806827108886,7,0.0637275718920426,TRUE,FALSE,TRUE,Precipitation,Winter
climate,Eref_at,28,rf_var,Plain RF,0.0893598033485179,51.8637417719077,0.182229306947435,55.9740888770013,387.411642693282,H:/Jing/ecoChina2/rf/clm_rfVar_zone28.Rdata,clm_rfVar,0.0893598033485179,8,0.0580612117978178,TRUE,FALSE,TRUE,Radiation and evaporative demand,Autumn
climate,PPT_sm,28,rf_var,Plain RF,0.0651106467371718,51.5072157688131,0.138896485049381,50.0990574202802,312.171772082005,H:/Jing/ecoChina2/rf/clm_rfVar_zone28.Rdata,clm_rfVar,0.0651106467371718,9,0.0423054092426282,TRUE,FALSE,TRUE,Precipitation,Summer
climate,Eref_sp,28,rf_var,Plain RF,0.0594400361641998,38.6901166986043,0.12406080935414,40.7640902835394,268.054468672147,H:/Jing/ecoChina2/rf/clm_rfVar_zone28.Rdata,clm_rfVar,0.0594400361641998,10,0.0386209503566101,TRUE,FALSE,TRUE,Radiation and evaporative demand,Spring
climate,CMD_at,28,rf_var,Plain RF,0.0580410537482447,41.7078732077555,0.126745054066217,40.6346683096462,326.819313946985,H:/Jing/ecoChina2/rf/clm_rfVar_zone28.Rdata,clm_rfVar,0.0580410537482447,11,0.0377119665483379,TRUE,FALSE,FALSE,Climatic moisture balance,Autumn
climate,Tmin_sm,28,rf_var,Plain RF,0.0570802714303523,42.7274287938247,0.115328941415469,38.8983081849777,255.950891391357,H:/Jing/ecoChina2/rf/clm_rfVar_zone28.Rdata,clm_rfVar,0.0570802714303523,12,0.0370877016824766,TRUE,FALSE,FALSE,Temperature,Summer
climate,EXT,28,rf_var,Plain RF,0.055159404103959,47.5913355263147,0.110977202623267,43.3036544169835,224.269873115662,H:/Jing/ecoChina2/rf/clm_rfVar_zone28.Rdata,clm_rfVar,0.055159404103959,13,0.0358396250250309,TRUE,FALSE,FALSE,Temperature,Annual
climate,CMD_sp,28,rf_var,Plain RF,0.0542498417309067,51.2521308659312,0.115043419890281,48.8165727460277,284.398147742245,H:/Jing/ecoChina2/rf/clm_rfVar_zone28.Rdata,clm_rfVar,0.0542498417309067,14,0.0352486401346641,TRUE,FALSE,FALSE,Climatic moisture balance,Spring
climate,DD5_sm,28,rf_var,Plain RF,0.0523143070112149,45.1056710422894,0.102376772399982,42.1072878080949,285.561472405762,H:/Jing/ecoChina2/rf/clm_rfVar_zone28.Rdata,clm_rfVar,0.0523143070112149,15,0.0339910333910173,TRUE,FALSE,FALSE,Growing season and degree-days,Summer
climate,DD18_at,28,rf_var,Plain RF,0.0497291095870213,41.1567466835352,0.101933606131769,41.3418305392556,173.019509923141,H:/Jing/ecoChina2/rf/clm_rfVar_zone28.Rdata,clm_rfVar,0.0497291095870213,16,0.0323113106346918,TRUE,FALSE,FALSE,Growing season and degree-days,Autumn
climate,CMD,28,rf_var,Plain RF,0.0481209102402192,48.8876377910336,0.104090012704067,46.6898566723004,219.548017686563,H:/Jing/ecoChina2/rf/clm_rfVar_zone28.Rdata,clm_rfVar,0.0481209102402192,17,0.0312663888758153,TRUE,FALSE,FALSE,Climatic moisture balance,Annual
climate,DD18_sm,28,rf_var,Plain RF,0.0467218292754922,39.4863005708735,0.0946780080883189,38.4709840900325,226.094963098913,H:/Jing/ecoChina2/rf/clm_rfVar_zone28.Rdata,clm_rfVar,0.0467218292754922,18,0.0303573410358319,TRUE,FALSE,FALSE,Growing season and degree-days,Summer
climate,Eref_sm,28,rf_var,Plain RF,0.0464491713780615,40.0705110223542,0.0980061865878026,39.7918449692747,168.477330920482,H:/Jing/ecoChina2/rf/clm_rfVar_zone28.Rdata,clm_rfVar,0.0464491713780615,19,0.0301801825446776,TRUE,FALSE,FALSE,Radiation and evaporative demand,Summer
climate,MWMT,28,rf_var,Plain RF,0.0462168150826392,40.626558921043,0.0893887502244997,38.1373132682162,288.566523832831,H:/Jing/ecoChina2/rf/clm_rfVar_zone28.Rdata,clm_rfVar,0.0462168150826392,20,0.0300292098749141,TRUE,FALSE,FALSE,Temperature,Annual
climate,AHM,28,rf_var,Plain RF,0.0434293126265712,41.2724661854174,0.0923669582715199,38.7663949806891,207.193709130754,H:/Jing/ecoChina2/rf/clm_rfVar_zone28.Rdata,clm_rfVar,0.0434293126265712,21,0.0282180401495569,TRUE,FALSE,FALSE,Climatic moisture balance,Annual
climate,PPT_sm,29,rf_var,Plain RF,0.153068995431098,54.5038099094159,0.301799617889898,52.8403086748324,1612.18649556219,H:/Jing/ecoChina2/rf/clm_rfVar_zone29.Rdata,clm_rfVar,0.153068995431098,1,0.099726231985891,TRUE,TRUE,TRUE,Precipitation,Summer
climate,AHM,29,rf_var,Plain RF,0.12470108743071,39.6813487403826,0.23089456609862,33.3436241287842,1860.71760702885,H:/Jing/ecoChina2/rf/clm_rfVar_zone29.Rdata,clm_rfVar,0.12470108743071,2,0.0812442097694809,TRUE,TRUE,TRUE,Climatic moisture balance,Annual
climate,TD,29,rf_var,Plain RF,0.113304017039985,49.0300058099308,0.24849997317624,48.3159813436646,542.314885087602,H:/Jing/ecoChina2/rf/clm_rfVar_zone29.Rdata,clm_rfVar,0.113304017039985,3,0.0738188857674258,TRUE,TRUE,TRUE,Temperature,Annual
climate,PPT_at,29,rf_var,Plain RF,0.10087191512165,38.4651924978504,0.206278486699514,38.5036563634055,896.313914434547,H:/Jing/ecoChina2/rf/clm_rfVar_zone29.Rdata,clm_rfVar,0.10087191512165,4,0.065719226679128,TRUE,TRUE,TRUE,Precipitation,Autumn
climate,Tmax_wt,29,rf_var,Plain RF,0.0825390662994334,36.3320767543815,0.176518749607255,36.0808817588359,362.919399513819,H:/Jing/ecoChina2/rf/clm_rfVar_zone29.Rdata,clm_rfVar,0.0825390662994334,5,0.0537751623083026,TRUE,TRUE,TRUE,Temperature,Winter
climate,Eref_at,29,rf_var,Plain RF,0.0751529225180839,45.315761652578,0.154865662821199,45.0219913555134,326.139006207317,H:/Jing/ecoChina2/rf/clm_rfVar_zone29.Rdata,clm_rfVar,0.0751529225180839,6,0.0489630036726136,TRUE,FALSE,TRUE,Radiation and evaporative demand,Autumn
climate,Tmin_sp,29,rf_var,Plain RF,0.0738440445668001,36.7479596122622,0.148924992800546,36.2083764836619,314.577916533968,H:/Jing/ecoChina2/rf/clm_rfVar_zone29.Rdata,clm_rfVar,0.0738440445668001,7,0.048110254454241,TRUE,FALSE,TRUE,Temperature,Spring
climate,DD_18_wt,29,rf_var,Plain RF,0.0723020230112621,36.2730804820022,0.149903922322891,37.6663292590067,306.576027878002,H:/Jing/ecoChina2/rf/clm_rfVar_zone29.Rdata,clm_rfVar,0.0723020230112621,8,0.0471056094643021,TRUE,FALSE,TRUE,Growing season and degree-days,Winter
climate,PPT_sp,29,rf_var,Plain RF,0.0710631999953045,40.4762000565103,0.156521093965537,39.3585659641385,390.070770776186,H:/Jing/ecoChina2/rf/clm_rfVar_zone29.Rdata,clm_rfVar,0.0710631999953045,9,0.0462985018516147,TRUE,FALSE,TRUE,Precipitation,Spring
climate,DD_0,29,rf_var,Plain RF,0.0694073301784587,36.6508069111671,0.141342058082394,37.9484247753353,309.350341158274,H:/Jing/ecoChina2/rf/clm_rfVar_zone29.Rdata,clm_rfVar,0.0694073301784587,10,0.0452196833944339,TRUE,FALSE,TRUE,Growing season and degree-days,Annual
climate,Tmin_sm,29,rf_var,Plain RF,0.0672628332163105,34.7575113156209,0.144643794403462,33.469340408514,162.024171252572,H:/Jing/ecoChina2/rf/clm_rfVar_zone29.Rdata,clm_rfVar,0.0672628332163105,11,0.0438225186653004,TRUE,FALSE,FALSE,Temperature,Summer
climate,Tmin_wt,29,rf_var,Plain RF,0.0663183387416589,38.6504783148803,0.139117149082636,40.9142441273784,296.080872966409,H:/Jing/ecoChina2/rf/clm_rfVar_zone29.Rdata,clm_rfVar,0.0663183387416589,12,0.043207169522757,TRUE,FALSE,FALSE,Temperature,Winter
climate,DD_0_at,29,rf_var,Plain RF,0.0635577973954863,35.9412171191481,0.132343741690591,37.0284156962069,367.307847294922,H:/Jing/ecoChina2/rf/clm_rfVar_zone29.Rdata,clm_rfVar,0.0635577973954863,13,0.0414086447077237,TRUE,FALSE,FALSE,Growing season and degree-days,Autumn
climate,DD_0_sp,29,rf_var,Plain RF,0.063279736876721,35.2360388997941,0.120961831884254,34.1264483597493,374.678877613556,H:/Jing/ecoChina2/rf/clm_rfVar_zone29.Rdata,clm_rfVar,0.063279736876721,14,0.0412274850435971,TRUE,FALSE,FALSE,Growing season and degree-days,Spring
climate,DD5_sm,29,rf_var,Plain RF,0.0603410904200107,32.1479028477048,0.127565420451661,31.1081659061943,195.04485318473,H:/Jing/ecoChina2/rf/clm_rfVar_zone29.Rdata,clm_rfVar,0.0603410904200107,15,0.0393129226762081,TRUE,FALSE,FALSE,Growing season and degree-days,Summer
climate,DD18,29,rf_var,Plain RF,0.0537065529574306,31.841830964318,0.112160133860377,31.5118388635756,168.693190381766,H:/Jing/ecoChina2/rf/clm_rfVar_zone29.Rdata,clm_rfVar,0.0537065529574306,16,0.0349904443046154,TRUE,FALSE,FALSE,Growing season and degree-days,Annual
climate,PPT_wt,29,rf_var,Plain RF,0.0500463591185999,40.0369806839507,0.113916604052926,39.2738037070618,100.867948403714,H:/Jing/ecoChina2/rf/clm_rfVar_zone29.Rdata,clm_rfVar,0.0500463591185999,17,0.0326057854201918,TRUE,FALSE,FALSE,Precipitation,Winter
climate,Eref_sp,29,rf_var,Plain RF,0.0485607324068349,34.9005955144744,0.0987814822612585,33.1774155638824,260.362387603133,H:/Jing/ecoChina2/rf/clm_rfVar_zone29.Rdata,clm_rfVar,0.0485607324068349,18,0.0316378823273111,TRUE,FALSE,FALSE,Radiation and evaporative demand,Spring
climate,RH_wt,29,rf_var,Plain RF,0.0476936478330503,39.03764554383,0.108745556665044,38.029990757084,85.340965302172,H:/Jing/ecoChina2/rf/clm_rfVar_zone29.Rdata,clm_rfVar,0.0476936478330503,19,0.031072966636102,TRUE,FALSE,FALSE,Humidity,Winter
climate,PAS,29,rf_var,Plain RF,0.0451327085510037,34.1460518214613,0.0989683061479808,33.2740880139934,104.115912312567,H:/Jing/ecoChina2/rf/clm_rfVar_zone29.Rdata,clm_rfVar,0.0451327085510037,20,0.029404484888875,TRUE,FALSE,FALSE,Snowfall,Annual
climate,RH_at,29,rf_var,Plain RF,0.0327375985417779,37.3255881206614,0.0732160705789621,36.2943471542779,91.9695613543627,H:/Jing/ecoChina2/rf/clm_rfVar_zone29.Rdata,clm_rfVar,0.0327375985417779,21,0.0213289264598847,TRUE,FALSE,FALSE,Humidity,Autumn
climate,DD_18_wt,30,rf_var,Plain RF,0.09600908027415,30.9351275579245,0.126057216073487,32.2958559008917,1263.58883007863,H:/Jing/ecoChina2/rf/clm_rfVar_zone30.Rdata,clm_rfVar,0.09600908027415,1,0.0962841684237698,TRUE,TRUE,TRUE,Growing season and degree-days,Winter
climate,PPT_at,30,rf_var,Plain RF,0.0867662737807814,30.3227375603913,0.107000743120678,29.0907465533586,1404.6478983616,H:/Jing/ecoChina2/rf/clm_rfVar_zone30.Rdata,clm_rfVar,0.0867662737807814,2,0.0870148791588937,TRUE,TRUE,TRUE,Precipitation,Autumn
climate,MAP,30,rf_var,Plain RF,0.0815902677245829,29.7503202413369,0.139376354401619,29.8265372167604,1201.28718882818,H:/Jing/ecoChina2/rf/clm_rfVar_zone30.Rdata,clm_rfVar,0.0815902677245829,3,0.0818240426520299,TRUE,TRUE,TRUE,Precipitation,Annual
climate,PPT_sp,30,rf_var,Plain RF,0.0807182494790318,30.7663175639221,0.130149419847452,29.1341053600774,648.882974019637,H:/Jing/ecoChina2/rf/clm_rfVar_zone30.Rdata,clm_rfVar,0.0807182494790318,4,0.0809495258731638,TRUE,TRUE,TRUE,Precipitation,Spring
climate,PPT_wt,30,rf_var,Plain RF,0.0729652654394986,40.9809367993551,0.161087096726457,41.8703756574354,777.11950618174,H:/Jing/ecoChina2/rf/clm_rfVar_zone30.Rdata,clm_rfVar,0.0729652654394986,5,0.0731743277469279,TRUE,TRUE,TRUE,Precipitation,Winter
climate,CMD_sp,30,rf_var,Plain RF,0.0520472221841841,31.1562875127773,0.118052711963201,29.5896010581183,236.035616465991,H:/Jing/ecoChina2/rf/clm_rfVar_zone30.Rdata,clm_rfVar,0.0520472221841841,6,0.0521963494750885,TRUE,FALSE,TRUE,Climatic moisture balance,Spring
climate,TD,30,rf_var,Plain RF,0.0520257632691843,42.0742492146839,0.0946427475763085,38.848611906909,426.979938508165,H:/Jing/ecoChina2/rf/clm_rfVar_zone30.Rdata,clm_rfVar,0.0520257632691843,7,0.0521748290753499,TRUE,FALSE,TRUE,Temperature,Annual
climate,RH_wt,30,rf_var,Plain RF,0.0474589412973226,30.8463380798438,0.102948834452558,29.5580502607286,451.072672921604,H:/Jing/ecoChina2/rf/clm_rfVar_zone30.Rdata,clm_rfVar,0.0474589412973226,8,0.0475949221056703,TRUE,FALSE,TRUE,Humidity,Winter
climate,Eref_sp,30,rf_var,Plain RF,0.0444330015736552,33.5190088092676,0.0887526594177124,36.0351632099724,323.752079311589,H:/Jing/ecoChina2/rf/clm_rfVar_zone30.Rdata,clm_rfVar,0.0444330015736552,9,0.0445603123670723,TRUE,FALSE,TRUE,Radiation and evaporative demand,Spring
climate,DD18,30,rf_var,Plain RF,0.0416076149289711,29.0388215509127,0.0844951501409148,31.8471477628893,294.576023912692,H:/Jing/ecoChina2/rf/clm_rfVar_zone30.Rdata,clm_rfVar,0.0416076149289711,10,0.041726830338266,TRUE,FALSE,TRUE,Growing season and degree-days,Annual
climate,PPT_sm,30,rf_var,Plain RF,0.0394570081674776,31.5725604510704,0.0871140108356605,30.4003747211339,784.121553190346,H:/Jing/ecoChina2/rf/clm_rfVar_zone30.Rdata,clm_rfVar,0.0394570081674776,11,0.0395700615925842,TRUE,FALSE,FALSE,Precipitation,Summer
climate,DD18_sm,30,rf_var,Plain RF,0.038131832602082,31.418402272556,0.08029755339063,31.1234402476188,218.709824063367,H:/Jing/ecoChina2/rf/clm_rfVar_zone30.Rdata,clm_rfVar,0.038131832602082,12,0.0382410890936781,TRUE,FALSE,FALSE,Growing season and degree-days,Summer
climate,DD5_sm,30,rf_var,Plain RF,0.0370394924809381,30.5045783660641,0.0774931360885615,30.7034580634254,244.245944910083,H:/Jing/ecoChina2/rf/clm_rfVar_zone30.Rdata,clm_rfVar,0.0370394924809381,13,0.037145619166251,TRUE,FALSE,FALSE,Growing season and degree-days,Summer
climate,CMD_wt,30,rf_var,Plain RF,0.0369835767237439,34.3265432510352,0.0764067046175628,35.8717014737792,358.47956996096,H:/Jing/ecoChina2/rf/clm_rfVar_zone30.Rdata,clm_rfVar,0.0369835767237439,14,0.0370895431975213,TRUE,FALSE,FALSE,Climatic moisture balance,Winter
climate,AHM,30,rf_var,Plain RF,0.0355407985755744,31.6281512879786,0.0797457755452151,30.4210781703746,230.668437951803,H:/Jing/ecoChina2/rf/clm_rfVar_zone30.Rdata,clm_rfVar,0.0355407985755744,15,0.0356426311573286,TRUE,FALSE,FALSE,Climatic moisture balance,Annual
climate,CMD,30,rf_var,Plain RF,0.0336099294653279,34.0885434365979,0.0743289714681682,35.4341700948495,187.274715188183,H:/Jing/ecoChina2/rf/clm_rfVar_zone30.Rdata,clm_rfVar,0.0336099294653279,16,0.0337062296619247,TRUE,FALSE,FALSE,Climatic moisture balance,Annual
climate,Eref_sm,30,rf_var,Plain RF,0.030899546205385,39.6955534322895,0.073003154009013,38.605272633373,186.242541798117,H:/Jing/ecoChina2/rf/clm_rfVar_zone30.Rdata,clm_rfVar,0.030899546205385,17,0.0309880805290704,TRUE,FALSE,FALSE,Radiation and evaporative demand,Summer
climate,EXT,30,rf_var,Plain RF,0.0253197300027446,31.4248917011754,0.0521632195905187,34.7360279445845,151.308884187813,H:/Jing/ecoChina2/rf/clm_rfVar_zone30.Rdata,clm_rfVar,0.0253197300027446,18,0.0253922768665979,TRUE,FALSE,FALSE,Temperature,Annual
climate,Tmax_sm,30,rf_var,Plain RF,0.0250166731512781,26.3005081153097,0.0543122278045299,27.9046879657746,140.945845919809,H:/Jing/ecoChina2/rf/clm_rfVar_zone30.Rdata,clm_rfVar,0.0250166731512781,19,0.025088351687383,TRUE,FALSE,FALSE,Temperature,Summer
climate,CMD_at,30,rf_var,Plain RF,0.0200465451823591,43.4230087737749,0.0443125284729154,51.1408402827228,141.245378445719,H:/Jing/ecoChina2/rf/clm_rfVar_zone30.Rdata,clm_rfVar,0.0200465451823591,20,0.0201039831559835,TRUE,FALSE,FALSE,Climatic moisture balance,Autumn
climate,CMD_sm,30,rf_var,Plain RF,0.0194761430354766,31.2942005812843,0.0429961474154294,35.1342323327018,110.121940847555,H:/Jing/ecoChina2/rf/clm_rfVar_zone30.Rdata,clm_rfVar,0.0194761430354766,21,0.0195319466754455,TRUE,FALSE,FALSE,Climatic moisture balance,Summer
climate,DD_18_sm,31,rf_var,Plain RF,0.106190637380982,28.7606920456714,0.149899484156203,23.7791052733411,1146.33232036665,H:/Jing/ecoChina2/rf/clm_rfVar_zone31.Rdata,clm_rfVar,0.106190637380982,1,0.0937388286796639,TRUE,TRUE,TRUE,Growing season and degree-days,Summer
climate,Tmin_sm,31,rf_var,Plain RF,0.099898817233117,28.8068602086434,0.150184580194646,24.2756767152071,1029.15131755204,H:/Jing/ecoChina2/rf/clm_rfVar_zone31.Rdata,clm_rfVar,0.099898817233117,2,0.0881847811151128,TRUE,TRUE,TRUE,Temperature,Summer
climate,DD5,31,rf_var,Plain RF,0.0980300422923686,28.5123833495476,0.143250362944153,23.5441028198108,1191.37507576376,H:/Jing/ecoChina2/rf/clm_rfVar_zone31.Rdata,clm_rfVar,0.0980300422923686,3,0.0865351368683872,TRUE,TRUE,TRUE,Growing season and degree-days,Annual
climate,PPT_sm,31,rf_var,Plain RF,0.0829407312877302,52.551383740056,0.186258373064353,50.5112599914647,266.988426788648,H:/Jing/ecoChina2/rf/clm_rfVar_zone31.Rdata,clm_rfVar,0.0829407312877302,4,0.0732151834897922,TRUE,TRUE,TRUE,Precipitation,Summer
climate,MAP,31,rf_var,Plain RF,0.0788587564430541,38.110997811211,0.163030012768223,35.78800080768,447.950220137888,H:/Jing/ecoChina2/rf/clm_rfVar_zone31.Rdata,clm_rfVar,0.0788587564430541,5,0.0696118569623603,TRUE,TRUE,TRUE,Precipitation,Annual
climate,PPT_sp,31,rf_var,Plain RF,0.0772045100607947,46.999691424446,0.165626192545947,45.1759325290216,427.219025631569,H:/Jing/ecoChina2/rf/clm_rfVar_zone31.Rdata,clm_rfVar,0.0772045100607947,6,0.0681515858683632,TRUE,FALSE,TRUE,Precipitation,Spring
climate,EXT,31,rf_var,Plain RF,0.0723655898775536,26.6857430607627,0.122976648925556,23.7381475815302,840.43319575809,H:/Jing/ecoChina2/rf/clm_rfVar_zone31.Rdata,clm_rfVar,0.0723655898775536,7,0.0638800726611863,TRUE,FALSE,TRUE,Temperature,Annual
climate,PPT_at,31,rf_var,Plain RF,0.0598681211898991,33.4246904004434,0.120863335639244,31.4202888285022,280.669261421037,H:/Jing/ecoChina2/rf/clm_rfVar_zone31.Rdata,clm_rfVar,0.0598681211898991,8,0.0528480447429574,TRUE,FALSE,TRUE,Precipitation,Autumn
climate,RH_wt,31,rf_var,Plain RF,0.053277972972524,34.2169863879104,0.116822730409633,32.9404821037797,516.246366371226,H:/Jing/ecoChina2/rf/clm_rfVar_zone31.Rdata,clm_rfVar,0.053277972972524,9,0.0470306507621135,TRUE,FALSE,TRUE,Humidity,Winter
climate,PAS,31,rf_var,Plain RF,0.0525440238800993,27.6569508711636,0.101346967720054,27.2218001089971,453.167209488556,H:/Jing/ecoChina2/rf/clm_rfVar_zone31.Rdata,clm_rfVar,0.0525440238800993,10,0.0463827638115195,TRUE,FALSE,TRUE,Snowfall,Annual
climate,TD,31,rf_var,Plain RF,0.0419013500214905,25.5836288711588,0.0761092951990196,24.1304135066324,213.933844032579,H:/Jing/ecoChina2/rf/clm_rfVar_zone31.Rdata,clm_rfVar,0.0419013500214905,11,0.0369880393223308,TRUE,FALSE,FALSE,Temperature,Annual
climate,CMD_sm,31,rf_var,Plain RF,0.0404519912256682,35.6160177537905,0.0846557115409187,33.8836488516216,200.200945715715,H:/Jing/ecoChina2/rf/clm_rfVar_zone31.Rdata,clm_rfVar,0.0404519912256682,12,0.0357086308998206,TRUE,FALSE,FALSE,Climatic moisture balance,Summer
climate,DD_0_wt,31,rf_var,Plain RF,0.0362165281753559,25.5649363806578,0.0719500632608332,29.252205464627,237.146278537571,H:/Jing/ecoChina2/rf/clm_rfVar_zone31.Rdata,clm_rfVar,0.0362165281753559,13,0.0319698140413452,TRUE,FALSE,FALSE,Growing season and degree-days,Winter
climate,CMD,31,rf_var,Plain RF,0.0356416860900962,32.0615604943857,0.0719405331346143,31.3158472174491,131.018221164199,H:/Jing/ecoChina2/rf/clm_rfVar_zone31.Rdata,clm_rfVar,0.0356416860900962,14,0.0314623773682353,TRUE,FALSE,FALSE,Climatic moisture balance,Annual
climate,AHM,31,rf_var,Plain RF,0.0354001758731126,40.0496675249069,0.0725877256070822,36.8100423241877,121.797458261116,H:/Jing/ecoChina2/rf/clm_rfVar_zone31.Rdata,clm_rfVar,0.0354001758731126,15,0.0312491863994968,TRUE,FALSE,FALSE,Climatic moisture balance,Annual
climate,PAS_sp,31,rf_var,Plain RF,0.0351975221438882,34.8025971018644,0.0636830280595991,34.3373465515071,191.047919298202,H:/Jing/ecoChina2/rf/clm_rfVar_zone31.Rdata,clm_rfVar,0.0351975221438882,16,0.0310702956453438,TRUE,FALSE,FALSE,Snowfall,Spring
climate,MCMT,31,rf_var,Plain RF,0.0289203808020923,27.8003922525735,0.0565198591985898,28.9469078274285,204.34269068754,H:/Jing/ecoChina2/rf/clm_rfVar_zone31.Rdata,clm_rfVar,0.0289203808020923,17,0.025529205664637,TRUE,FALSE,FALSE,Temperature,Annual
climate,RH_sm,31,rf_var,Plain RF,0.0285653097906037,30.9829112179406,0.064848053434123,30.6165264427361,81.0024682190345,H:/Jing/ecoChina2/rf/clm_rfVar_zone31.Rdata,clm_rfVar,0.0285653097906037,18,0.0252157699274011,TRUE,FALSE,FALSE,Humidity,Summer
climate,Tmax_wt,31,rf_var,Plain RF,0.0262944490225095,30.5307585341688,0.0550514083262568,30.6953902465835,109.544489776709,H:/Jing/ecoChina2/rf/clm_rfVar_zone31.Rdata,clm_rfVar,0.0262944490225095,19,0.0232111880382084,TRUE,FALSE,FALSE,Temperature,Winter
climate,PAS_wt,31,rf_var,Plain RF,0.0221874235965397,33.8772800479336,0.0477720296944512,33.6603681909016,124.955361227916,H:/Jing/ecoChina2/rf/clm_rfVar_zone31.Rdata,clm_rfVar,0.0221874235965397,20,0.0195857483357723,TRUE,FALSE,FALSE,Snowfall,Winter
climate,CMD_at,31,rf_var,Plain RF,0.0208791021873237,30.6225691004239,0.0455660869853753,28.6465932395238,80.2669689339106,H:/Jing/ecoChina2/rf/clm_rfVar_zone31.Rdata,clm_rfVar,0.0208791021873237,21,0.0184308393959527,TRUE,FALSE,FALSE,Climatic moisture balance,Autumn
climate,PPT_sm,32,rf_var,Plain RF,0.150824295521949,49.5999699600893,0.296767815653672,47.7771191781352,1436.83732592644,H:/Jing/ecoChina2/rf/clm_rfVar_zone32.Rdata,clm_rfVar,0.150824295521949,1,0.0909113020737824,TRUE,TRUE,TRUE,Precipitation,Summer
climate,MAP,32,rf_var,Plain RF,0.14738109389826,46.6838429674563,0.282943597226991,47.4075239553144,1183.40846445412,H:/Jing/ecoChina2/rf/clm_rfVar_zone32.Rdata,clm_rfVar,0.14738109389826,2,0.0888358675966717,TRUE,TRUE,TRUE,Precipitation,Annual
climate,PPT_at,32,rf_var,Plain RF,0.118407358359435,45.1485674549082,0.234084518188628,50.1912900838004,921.133321634927,H:/Jing/ecoChina2/rf/clm_rfVar_zone32.Rdata,clm_rfVar,0.118407358359435,3,0.0713715723738064,TRUE,TRUE,TRUE,Precipitation,Autumn
climate,TD,32,rf_var,Plain RF,0.104636427083695,47.8290279916512,0.232571625415595,48.4018760383873,380.635096007925,H:/Jing/ecoChina2/rf/clm_rfVar_zone32.Rdata,clm_rfVar,0.104636427083695,4,0.0630709647779708,TRUE,TRUE,TRUE,Temperature,Annual
climate,PPT_sp,32,rf_var,Plain RF,0.0891275406968413,44.0271610056731,0.192197108436766,41.8629134322758,483.133915833366,H:/Jing/ecoChina2/rf/clm_rfVar_zone32.Rdata,clm_rfVar,0.0891275406968413,5,0.0537227821773893,TRUE,TRUE,TRUE,Precipitation,Spring
climate,DD_0,32,rf_var,Plain RF,0.0881128793690798,45.0986508899619,0.174286057539497,46.2839667075546,461.527263430384,H:/Jing/ecoChina2/rf/clm_rfVar_zone32.Rdata,clm_rfVar,0.0881128793690798,6,0.0531111818901048,TRUE,FALSE,TRUE,Growing season and degree-days,Annual
climate,DD_18_wt,32,rf_var,Plain RF,0.0759230567328369,43.2399541634144,0.154995753273768,44.3321266232205,295.29395121397,H:/Jing/ecoChina2/rf/clm_rfVar_zone32.Rdata,clm_rfVar,0.0759230567328369,7,0.0457636080521216,TRUE,FALSE,TRUE,Growing season and degree-days,Winter
climate,Tmin_sm,32,rf_var,Plain RF,0.075528723233641,44.669084400744,0.166789446118934,43.278626735352,185.782197499969,H:/Jing/ecoChina2/rf/clm_rfVar_zone32.Rdata,clm_rfVar,0.075528723233641,8,0.0455259184163826,TRUE,FALSE,TRUE,Temperature,Summer
climate,Eref_at,32,rf_var,Plain RF,0.0723981416303113,52.3672813635018,0.153092426574535,52.1472083283331,311.839923393016,H:/Jing/ecoChina2/rf/clm_rfVar_zone32.Rdata,clm_rfVar,0.0723981416303113,9,0.043638919714867,TRUE,FALSE,TRUE,Radiation and evaporative demand,Autumn
climate,DD_0_wt,32,rf_var,Plain RF,0.0723599287825803,40.0261645256056,0.14572876338591,41.9762436074446,315.077483194324,H:/Jing/ecoChina2/rf/clm_rfVar_zone32.Rdata,clm_rfVar,0.0723599287825803,10,0.0436158864248313,TRUE,FALSE,TRUE,Growing season and degree-days,Winter
climate,Tmax_wt,32,rf_var,Plain RF,0.0709865928592762,50.8018921715916,0.147777512812005,49.1081684064185,238.996731653235,H:/Jing/ecoChina2/rf/clm_rfVar_zone32.Rdata,clm_rfVar,0.0709865928592762,11,0.0427880903688962,TRUE,FALSE,FALSE,Temperature,Winter
climate,Eref,32,rf_var,Plain RF,0.0700576851436273,48.6943883408301,0.146649569770197,48.9002609166723,262.823736499169,H:/Jing/ecoChina2/rf/clm_rfVar_zone32.Rdata,clm_rfVar,0.0700576851436273,12,0.0422281791845357,TRUE,FALSE,FALSE,Radiation and evaporative demand,Annual
climate,Tmin_wt,32,rf_var,Plain RF,0.0650481518592861,41.8697843869158,0.137529219999801,41.0254999848897,291.294190829114,H:/Jing/ecoChina2/rf/clm_rfVar_zone32.Rdata,clm_rfVar,0.0650481518592861,13,0.0392086179654008,TRUE,FALSE,FALSE,Temperature,Winter
climate,EMT,32,rf_var,Plain RF,0.0646589332942134,43.2746917396709,0.134906805315618,48.6824252128886,242.141777560396,H:/Jing/ecoChina2/rf/clm_rfVar_zone32.Rdata,clm_rfVar,0.0646589332942134,14,0.0389740114226048,TRUE,FALSE,FALSE,Temperature,Annual
climate,RH_sp,32,rf_var,Plain RF,0.0641789630006684,46.8904806056193,0.140327429219132,45.9613984736111,151.752309459252,H:/Jing/ecoChina2/rf/clm_rfVar_zone32.Rdata,clm_rfVar,0.0641789630006684,15,0.0386847030973652,TRUE,FALSE,FALSE,Humidity,Spring
climate,Tmin_sp,32,rf_var,Plain RF,0.0622193061053579,50.5576527719575,0.122470337337935,48.2142055778798,267.725121680277,H:/Jing/ecoChina2/rf/clm_rfVar_zone32.Rdata,clm_rfVar,0.0622193061053579,16,0.0375034944641405,TRUE,FALSE,FALSE,Temperature,Spring
climate,DD5,32,rf_var,Plain RF,0.0621892885134893,50.3106971876691,0.133067942616457,49.2256829342931,230.339312234736,H:/Jing/ecoChina2/rf/clm_rfVar_zone32.Rdata,clm_rfVar,0.0621892885134893,17,0.0374854009709639,TRUE,FALSE,FALSE,Growing season and degree-days,Annual
climate,Eref_sm,32,rf_var,Plain RF,0.0574209177275827,46.7050367647747,0.121307664899514,46.3525678412494,202.965637003731,H:/Jing/ecoChina2/rf/clm_rfVar_zone32.Rdata,clm_rfVar,0.0574209177275827,18,0.0346112035784473,TRUE,FALSE,FALSE,Radiation and evaporative demand,Summer
climate,Tmin_at,32,rf_var,Plain RF,0.055218120340835,46.1486466154519,0.117224876392736,45.9389875020128,210.808840722765,H:/Jing/ecoChina2/rf/clm_rfVar_zone32.Rdata,clm_rfVar,0.055218120340835,19,0.0332834388576446,TRUE,FALSE,FALSE,Temperature,Autumn
climate,DD5_at,32,rf_var,Plain RF,0.0528100611554049,47.8464022927627,0.113433886213278,47.2731764930035,194.518958281644,H:/Jing/ecoChina2/rf/clm_rfVar_zone32.Rdata,clm_rfVar,0.0528100611554049,20,0.0318319499230497,TRUE,FALSE,FALSE,Growing season and degree-days,Autumn
climate,RH_wt,32,rf_var,Plain RF,0.0395394332343685,49.5129970271089,0.0870476211912583,46.8557652606173,121.774049508788,H:/Jing/ecoChina2/rf/clm_rfVar_zone32.Rdata,clm_rfVar,0.0395394332343685,21,0.0238329066690234,TRUE,FALSE,FALSE,Humidity,Winter
climate,DD_0_at,33,rf_var,Plain RF,0.097739751204559,39.751500299697,0.150752766735478,38.8404775067701,770.117958393047,H:/Jing/ecoChina2/rf/clm_rfVar_zone33.Rdata,clm_rfVar,0.097739751204559,1,0.0676468878632532,TRUE,TRUE,TRUE,Growing season and degree-days,Autumn
climate,TD,33,rf_var,Plain RF,0.0888828298114258,51.9449378828909,0.165184039782477,48.4728349466299,485.6933747771,H:/Jing/ecoChina2/rf/clm_rfVar_zone33.Rdata,clm_rfVar,0.0888828298114258,2,0.0615169032775447,TRUE,TRUE,TRUE,Temperature,Annual
climate,DD_18_wt,33,rf_var,Plain RF,0.0867358363285044,43.0497540142622,0.152108727401904,38.3185323780074,469.574520719006,H:/Jing/ecoChina2/rf/clm_rfVar_zone33.Rdata,clm_rfVar,0.0867358363285044,3,0.0600309425953003,TRUE,TRUE,TRUE,Growing season and degree-days,Winter
climate,DD_0,33,rf_var,Plain RF,0.0860513100072306,41.5873004079938,0.143525465702014,37.9938408470362,585.099885562771,H:/Jing/ecoChina2/rf/clm_rfVar_zone33.Rdata,clm_rfVar,0.0860513100072306,4,0.0595571734816698,TRUE,TRUE,TRUE,Growing season and degree-days,Annual
climate,PPT_at,33,rf_var,Plain RF,0.084687375640808,43.4596870371247,0.160906545132445,40.6787971631126,529.597686039661,H:/Jing/ecoChina2/rf/clm_rfVar_zone33.Rdata,clm_rfVar,0.084687375640808,5,0.0586131776764715,TRUE,TRUE,TRUE,Precipitation,Autumn
climate,DD_18_at,33,rf_var,Plain RF,0.0844800961325863,39.1214045583964,0.128944043370476,38.1286358482124,580.181504026363,H:/Jing/ecoChina2/rf/clm_rfVar_zone33.Rdata,clm_rfVar,0.0844800961325863,6,0.0584697169711166,TRUE,FALSE,TRUE,Growing season and degree-days,Autumn
climate,CMD_sp,33,rf_var,Plain RF,0.0821465933951717,39.1164583233882,0.136547629993874,37.7220898000459,899.98664695022,H:/Jing/ecoChina2/rf/clm_rfVar_zone33.Rdata,clm_rfVar,0.0821465933951717,7,0.0568546709324162,TRUE,FALSE,TRUE,Climatic moisture balance,Spring
climate,MAP,33,rf_var,Plain RF,0.0809726848898039,44.7890946560231,0.141007624798435,46.4617193174885,562.810441617224,H:/Jing/ecoChina2/rf/clm_rfVar_zone33.Rdata,clm_rfVar,0.0809726848898039,8,0.0560421943704682,TRUE,FALSE,TRUE,Precipitation,Annual
climate,PPT_sp,33,rf_var,Plain RF,0.0802719754241716,45.452031923226,0.15297201624551,43.4696094811633,516.27456030505,H:/Jing/ecoChina2/rf/clm_rfVar_zone33.Rdata,clm_rfVar,0.0802719754241716,9,0.0555572247029361,TRUE,FALSE,TRUE,Precipitation,Spring
climate,Tmax_wt,33,rf_var,Plain RF,0.0734526389842988,40.8282510655535,0.134404232713616,37.5929272753006,371.42756285871,H:/Jing/ecoChina2/rf/clm_rfVar_zone33.Rdata,clm_rfVar,0.0734526389842988,10,0.0508374778060527,TRUE,FALSE,TRUE,Temperature,Winter
climate,PPT_sm,33,rf_var,Plain RF,0.071308830638316,49.9479803611871,0.12920380348922,48.9111467002963,332.043772150763,H:/Jing/ecoChina2/rf/clm_rfVar_zone33.Rdata,clm_rfVar,0.071308830638316,11,0.0493537215963864,TRUE,FALSE,FALSE,Precipitation,Summer
climate,CMD_sm,33,rf_var,Plain RF,0.0699472727259055,44.3450437403196,0.136604449541462,44.6298101248902,478.928130938592,H:/Jing/ecoChina2/rf/clm_rfVar_zone33.Rdata,clm_rfVar,0.0699472727259055,12,0.048411370564334,TRUE,FALSE,FALSE,Climatic moisture balance,Summer
climate,AHM,33,rf_var,Plain RF,0.0661987861029568,37.2283461782678,0.118939892119703,37.1789858571582,739.984210307078,H:/Jing/ecoChina2/rf/clm_rfVar_zone33.Rdata,clm_rfVar,0.0661987861029568,13,0.0458169967183355,TRUE,FALSE,FALSE,Climatic moisture balance,Annual
climate,PPT_wt,33,rf_var,Plain RF,0.0649801497051398,49.8313071190849,0.134010566116676,48.1869070764033,521.106691349881,H:/Jing/ecoChina2/rf/clm_rfVar_zone33.Rdata,clm_rfVar,0.0649801497051398,14,0.0449735634301058,TRUE,FALSE,FALSE,Precipitation,Winter
climate,CMD_at,33,rf_var,Plain RF,0.051503831735564,43.611934943397,0.0955833803524028,40.6963115566935,221.581409404817,H:/Jing/ecoChina2/rf/clm_rfVar_zone33.Rdata,clm_rfVar,0.051503831735564,15,0.0356464374730375,TRUE,FALSE,FALSE,Climatic moisture balance,Autumn
climate,Tmin_sm,33,rf_var,Plain RF,0.0507052392903416,37.3837879168731,0.0791488766370818,40.1324775596091,242.958230092218,H:/Jing/ecoChina2/rf/clm_rfVar_zone33.Rdata,clm_rfVar,0.0507052392903416,16,0.0350937217875092,TRUE,FALSE,FALSE,Temperature,Summer
climate,DD5_sm,33,rf_var,Plain RF,0.0487433802982165,39.3053574908246,0.0791071181859053,42.2912228898129,198.13408057195,H:/Jing/ecoChina2/rf/clm_rfVar_zone33.Rdata,clm_rfVar,0.0487433802982165,17,0.0337358949708024,TRUE,FALSE,FALSE,Growing season and degree-days,Summer
climate,RH_sm,33,rf_var,Plain RF,0.045551641045833,50.839838339846,0.0910927714596125,49.2069289274684,368.49045889535,H:/Jing/ecoChina2/rf/clm_rfVar_zone33.Rdata,clm_rfVar,0.045551641045833,18,0.0315268528499272,TRUE,FALSE,FALSE,Humidity,Summer
climate,DD18,33,rf_var,Plain RF,0.0448365947373453,41.1403838663778,0.0783881645436644,42.611294024168,190.85155880632,H:/Jing/ecoChina2/rf/clm_rfVar_zone33.Rdata,clm_rfVar,0.0448365947373453,19,0.0310319604765461,TRUE,FALSE,FALSE,Growing season and degree-days,Annual
climate,DD18_sm,33,rf_var,Plain RF,0.0442956208719484,42.8880520130642,0.0755029679642751,43.3186754668793,177.267583635998,H:/Jing/ecoChina2/rf/clm_rfVar_zone33.Rdata,clm_rfVar,0.0442956208719484,20,0.030657545788986,TRUE,FALSE,FALSE,Growing season and degree-days,Summer
climate,EXT,33,rf_var,Plain RF,0.0413597085837701,42.2737717468805,0.0819215299888742,39.2507540223674,198.74994908882,H:/Jing/ecoChina2/rf/clm_rfVar_zone33.Rdata,clm_rfVar,0.0413597085837701,21,0.0286255646668008,TRUE,FALSE,FALSE,Temperature,Annual
climate,TD,34,rf_var,Plain RF,0.188143473420911,58.8283761259715,0.381499440534807,61.5091403149728,541.233560272695,H:/Jing/ecoChina2/rf/clm_rfVar_zone34.Rdata,clm_rfVar,0.188143473420911,1,0.146963691313727,TRUE,TRUE,TRUE,Temperature,Annual
climate,PPT_sp,34,rf_var,Plain RF,0.120646439866312,40.66761954453,0.238278870897633,39.5576434221349,365.902324004074,H:/Jing/ecoChina2/rf/clm_rfVar_zone34.Rdata,clm_rfVar,0.120646439866312,2,0.0942400276992134,TRUE,TRUE,TRUE,Precipitation,Spring
climate,EXT,34,rf_var,Plain RF,0.109241207526261,42.6323420547373,0.204268857471302,39.2985801596235,506.311591848384,H:/Jing/ecoChina2/rf/clm_rfVar_zone34.Rdata,clm_rfVar,0.109241207526261,3,0.0853311082745419,TRUE,TRUE,TRUE,Temperature,Annual
climate,MAP,34,rf_var,Plain RF,0.080972259900681,30.5800503458345,0.148551526065284,27.6223218058803,276.88329389027,H:/Jing/ecoChina2/rf/clm_rfVar_zone34.Rdata,clm_rfVar,0.080972259900681,4,0.0632495084344284,TRUE,TRUE,TRUE,Precipitation,Annual
climate,MCMT,34,rf_var,Plain RF,0.0769116420582724,26.4842210014856,0.137445990429212,24.0960333134073,333.268281150022,H:/Jing/ecoChina2/rf/clm_rfVar_zone34.Rdata,clm_rfVar,0.0769116420582724,5,0.0600776557186041,TRUE,TRUE,TRUE,Temperature,Annual
climate,EMT,34,rf_var,Plain RF,0.0701488798961733,25.9089685699623,0.140759333711697,24.8576467857044,146.266786493421,H:/Jing/ecoChina2/rf/clm_rfVar_zone34.Rdata,clm_rfVar,0.0701488798961733,6,0.0547950887884433,TRUE,FALSE,TRUE,Temperature,Annual
climate,DD_18_wt,34,rf_var,Plain RF,0.0608719812459825,24.1723714730526,0.110973401687557,21.3762182444514,188.307428403241,H:/Jing/ecoChina2/rf/clm_rfVar_zone34.Rdata,clm_rfVar,0.0608719812459825,7,0.0475486653819546,TRUE,FALSE,TRUE,Growing season and degree-days,Winter
climate,Tmax_wt,34,rf_var,Plain RF,0.0604713394234129,23.7241523762458,0.109051288561466,21.8493306514451,191.164068365313,H:/Jing/ecoChina2/rf/clm_rfVar_zone34.Rdata,clm_rfVar,0.0604713394234129,8,0.0472357137814079,TRUE,FALSE,TRUE,Temperature,Winter
climate,MWMT,34,rf_var,Plain RF,0.05770816736048,27.221726786212,0.102217390213531,25.8624729187186,262.387045895196,H:/Jing/ecoChina2/rf/clm_rfVar_zone34.Rdata,clm_rfVar,0.05770816736048,9,0.0450773292320002,TRUE,FALSE,TRUE,Temperature,Annual
climate,PPT_sm,34,rf_var,Plain RF,0.0543434009763532,24.8999482778805,0.111951646305548,23.8776783262008,141.320558108231,H:/Jing/ecoChina2/rf/clm_rfVar_zone34.Rdata,clm_rfVar,0.0543434009763532,10,0.042449023932707,TRUE,FALSE,TRUE,Precipitation,Summer
climate,PPT_wt,34,rf_var,Plain RF,0.0533847252667502,33.9099988582489,0.114140962905745,32.2783359282326,71.493360660216,H:/Jing/ecoChina2/rf/clm_rfVar_zone34.Rdata,clm_rfVar,0.0533847252667502,11,0.0417001777543394,TRUE,FALSE,FALSE,Precipitation,Winter
climate,DD5_sm,34,rf_var,Plain RF,0.0516309136074773,27.8485269381724,0.0875242118080891,24.7514097623969,190.309069898372,H:/Jing/ecoChina2/rf/clm_rfVar_zone34.Rdata,clm_rfVar,0.0516309136074773,12,0.0403302304974437,TRUE,FALSE,FALSE,Growing season and degree-days,Summer
climate,RH_wt,34,rf_var,Plain RF,0.049672359583525,25.0189000492645,0.110434531734238,24.3350591167988,38.956610621339,H:/Jing/ecoChina2/rf/clm_rfVar_zone34.Rdata,clm_rfVar,0.049672359583525,13,0.0388003537296567,TRUE,FALSE,FALSE,Humidity,Winter
climate,Tmin_sm,34,rf_var,Plain RF,0.0450036704476626,28.2254332057332,0.0744710536864036,27.1993768920349,198.945619488821,H:/Jing/ecoChina2/rf/clm_rfVar_zone34.Rdata,clm_rfVar,0.0450036704476626,14,0.0351535209348373,TRUE,FALSE,FALSE,Temperature,Summer
climate,CMD_sp,34,rf_var,Plain RF,0.044987560844968,32.8648274159066,0.0978204108107004,32.4263351727436,59.1433798396841,H:/Jing/ecoChina2/rf/clm_rfVar_zone34.Rdata,clm_rfVar,0.044987560844968,15,0.035140937311103,TRUE,FALSE,FALSE,Climatic moisture balance,Spring
climate,DD_18_sp,34,rf_var,Plain RF,0.0337183723436425,24.6877448787062,0.0663933960548662,22.8356077008047,83.0683729793001,H:/Jing/ecoChina2/rf/clm_rfVar_zone34.Rdata,clm_rfVar,0.0337183723436425,16,0.026338285217188,TRUE,FALSE,FALSE,Growing season and degree-days,Spring
climate,Tmax_sp,34,rf_var,Plain RF,0.0312169005539864,25.9417046704653,0.0587106637290645,24.8721296819826,127.395008380162,H:/Jing/ecoChina2/rf/clm_rfVar_zone34.Rdata,clm_rfVar,0.0312169005539864,17,0.0243843214615462,TRUE,FALSE,FALSE,Temperature,Spring
climate,Eref_sp,34,rf_var,Plain RF,0.0274486198895278,25.9119791395302,0.0497820336310032,24.1830515687866,101.31110216029,H:/Jing/ecoChina2/rf/clm_rfVar_zone34.Rdata,clm_rfVar,0.0274486198895278,18,0.021440820811295,TRUE,FALSE,FALSE,Radiation and evaporative demand,Spring
climate,Eref_sm,34,rf_var,Plain RF,0.0256184605500579,25.5405597603605,0.0508577542176034,24.2032060284667,115.559195857351,H:/Jing/ecoChina2/rf/clm_rfVar_zone34.Rdata,clm_rfVar,0.0256184605500579,19,0.0200112364237512,TRUE,FALSE,FALSE,Radiation and evaporative demand,Summer
climate,CMD_at,34,rf_var,Plain RF,0.0252134637197059,29.5120282770787,0.052481061706412,29.1509169819334,35.1753812215179,H:/Jing/ecoChina2/rf/clm_rfVar_zone34.Rdata,clm_rfVar,0.0252134637197059,20,0.0196948830149581,TRUE,FALSE,FALSE,Climatic moisture balance,Autumn
climate,PAS_wt,34,rf_var,Plain RF,0.0128499434116874,29.5510259263108,0.0262176250559698,26.9595745038687,29.1528068047656,H:/Jing/ecoChina2/rf/clm_rfVar_zone34.Rdata,clm_rfVar,0.0128499434116874,21,0.0100374202868533,TRUE,FALSE,FALSE,Snowfall,Winter
climate,PPT_sm,35,rf_var,Plain RF,0.150021503481848,44.4689482716161,0.30149381012789,44.8792334110834,1002.04654410677,H:/Jing/ecoChina2/rf/clm_rfVar_zone35.Rdata,clm_rfVar,0.150021503481848,1,0.0841705887296427,TRUE,TRUE,TRUE,Precipitation,Summer
climate,AHM,35,rf_var,Plain RF,0.136116038920988,35.7921450254841,0.264129776861308,33.6207975075907,1371.85678994234,H:/Jing/ecoChina2/rf/clm_rfVar_zone35.Rdata,clm_rfVar,0.136116038920988,2,0.0763688329047627,TRUE,TRUE,TRUE,Climatic moisture balance,Annual
climate,MAP,35,rf_var,Plain RF,0.121689308170541,36.0328088386217,0.23781705488754,35.4117137245538,809.87683184458,H:/Jing/ecoChina2/rf/clm_rfVar_zone35.Rdata,clm_rfVar,0.121689308170541,3,0.0682746171255151,TRUE,TRUE,TRUE,Precipitation,Annual
climate,PPT_at,35,rf_var,Plain RF,0.110151252019409,40.821268897276,0.233216214906899,43.1220862917617,795.194706066581,H:/Jing/ecoChina2/rf/clm_rfVar_zone35.Rdata,clm_rfVar,0.110151252019409,4,0.0618011119512792,TRUE,TRUE,TRUE,Precipitation,Autumn
climate,Tmin_wt,35,rf_var,Plain RF,0.0978978876569628,39.8510954511689,0.210085921859067,37.7995137939931,373.732367791623,H:/Jing/ecoChina2/rf/clm_rfVar_zone35.Rdata,clm_rfVar,0.0978978876569628,5,0.054926278221655,TRUE,TRUE,TRUE,Temperature,Winter
climate,MCMT,35,rf_var,Plain RF,0.0952080038232867,41.6226646742821,0.211226897099548,40.1633140618061,202.177516560762,H:/Jing/ecoChina2/rf/clm_rfVar_zone35.Rdata,clm_rfVar,0.0952080038232867,6,0.0534171005328561,TRUE,FALSE,TRUE,Temperature,Annual
climate,CMD_at,35,rf_var,Plain RF,0.0946830586369567,29.2158191064435,0.206753965220911,28.2791301281891,1166.91198736576,H:/Jing/ecoChina2/rf/clm_rfVar_zone35.Rdata,clm_rfVar,0.0946830586369567,7,0.0531225764522497,TRUE,FALSE,TRUE,Climatic moisture balance,Autumn
climate,TD,35,rf_var,Plain RF,0.0944319196889362,40.2307949775358,0.212931081341997,39.1784421210951,317.928032884221,H:/Jing/ecoChina2/rf/clm_rfVar_zone35.Rdata,clm_rfVar,0.0944319196889362,8,0.0529816732309299,TRUE,FALSE,TRUE,Temperature,Annual
climate,PPT_sp,35,rf_var,Plain RF,0.0891052485498156,32.2650508352265,0.197624286938865,32.4513275182767,439.244473385629,H:/Jing/ecoChina2/rf/clm_rfVar_zone35.Rdata,clm_rfVar,0.0891052485498156,9,0.0499931080229881,TRUE,FALSE,TRUE,Precipitation,Spring
climate,DD_18_wt,35,rf_var,Plain RF,0.0880603088721272,39.539498610993,0.188342242590655,37.4967651858649,293.506077789046,H:/Jing/ecoChina2/rf/clm_rfVar_zone35.Rdata,clm_rfVar,0.0880603088721272,10,0.0494068374829875,TRUE,FALSE,TRUE,Growing season and degree-days,Winter
climate,DD_0_wt,35,rf_var,Plain RF,0.0871705591856175,37.6964060054356,0.184727699892969,36.2685164249671,264.283326092211,H:/Jing/ecoChina2/rf/clm_rfVar_zone35.Rdata,clm_rfVar,0.0871705591856175,11,0.0489076373470244,TRUE,FALSE,FALSE,Growing season and degree-days,Winter
climate,EMT,35,rf_var,Plain RF,0.0857669313613409,40.0960549155201,0.188117542687637,39.4072379968801,411.912429303174,H:/Jing/ecoChina2/rf/clm_rfVar_zone35.Rdata,clm_rfVar,0.0857669313613409,12,0.0481201223736061,TRUE,FALSE,FALSE,Temperature,Annual
climate,Tmin_sm,35,rf_var,Plain RF,0.0842029277424538,46.2503498869496,0.187789573373051,46.1528268302565,153.603044679273,H:/Jing/ecoChina2/rf/clm_rfVar_zone35.Rdata,clm_rfVar,0.0842029277424538,13,0.0472426274657315,TRUE,FALSE,FALSE,Temperature,Summer
climate,PAS_wt,35,rf_var,Plain RF,0.0802883814103368,43.0485098392,0.184622159120939,42.7395102372106,225.4572176047,H:/Jing/ecoChina2/rf/clm_rfVar_zone35.Rdata,clm_rfVar,0.0802883814103368,14,0.045046344521376,TRUE,FALSE,FALSE,Snowfall,Winter
climate,DD5_sp,35,rf_var,Plain RF,0.0688775608156904,33.8766395088724,0.14588796487207,32.5675400205717,294.686689823723,H:/Jing/ecoChina2/rf/clm_rfVar_zone35.Rdata,clm_rfVar,0.0688775608156904,15,0.0386442257247468,TRUE,FALSE,FALSE,Growing season and degree-days,Spring
climate,DD18,35,rf_var,Plain RF,0.0679180963393926,35.3865011030289,0.152816804553162,34.6701679745132,178.909313082678,H:/Jing/ecoChina2/rf/clm_rfVar_zone35.Rdata,clm_rfVar,0.0679180963393926,16,0.0381059116300281,TRUE,FALSE,FALSE,Growing season and degree-days,Annual
climate,RH_at,35,rf_var,Plain RF,0.0598184530360718,34.954841109495,0.136305973094624,33.9480971627988,229.652947501209,H:/Jing/ecoChina2/rf/clm_rfVar_zone35.Rdata,clm_rfVar,0.0598184530360718,17,0.0335615514582004,TRUE,FALSE,FALSE,Humidity,Autumn
climate,EXT,35,rf_var,Plain RF,0.0528039966154035,37.9118208090024,0.117610292278604,36.7189388159792,178.964382628625,H:/Jing/ecoChina2/rf/clm_rfVar_zone35.Rdata,clm_rfVar,0.0528039966154035,18,0.0296260427954872,TRUE,FALSE,FALSE,Temperature,Annual
climate,Eref,35,rf_var,Plain RF,0.0442536258024307,34.2171597626224,0.0978485187757588,33.1004578711306,126.735533104523,H:/Jing/ecoChina2/rf/clm_rfVar_zone35.Rdata,clm_rfVar,0.0442536258024307,19,0.0248287988772395,TRUE,FALSE,FALSE,Radiation and evaporative demand,Annual
climate,RH_sm,35,rf_var,Plain RF,0.0382198058287859,33.2459218262948,0.0844148306731369,33.7082401389806,248.692011120814,H:/Jing/ecoChina2/rf/clm_rfVar_zone35.Rdata,clm_rfVar,0.0382198058287859,20,0.0214434829879623,TRUE,FALSE,FALSE,Humidity,Summer
climate,RH_wt,35,rf_var,Plain RF,0.0356657814319728,31.8480013726607,0.0785681982072694,30.5845698164925,98.5765683438263,H:/Jing/ecoChina2/rf/clm_rfVar_zone35.Rdata,clm_rfVar,0.0356657814319728,21,0.0200105301637317,TRUE,FALSE,FALSE,Humidity,Winter
climate,PPT_sp,36,rf_var,Plain RF,0.151517615219924,50.8566682549377,0.29109833348581,50.3425221107775,1270.45955033535,H:/Jing/ecoChina2/rf/clm_rfVar_zone36.Rdata,clm_rfVar,0.151517615219924,1,0.098043221112005,TRUE,TRUE,TRUE,Precipitation,Spring
climate,Tmin_wt,36,rf_var,Plain RF,0.128845357268593,40.9132060144433,0.246991017843567,46.5593765587915,638.347751205903,H:/Jing/ecoChina2/rf/clm_rfVar_zone36.Rdata,clm_rfVar,0.128845357268593,2,0.0833725757470793,TRUE,TRUE,TRUE,Temperature,Winter
climate,DD_18_wt,36,rf_var,Plain RF,0.112357887394714,36.2480803440964,0.199553535694762,38.5832070633816,650.16098694618,H:/Jing/ecoChina2/rf/clm_rfVar_zone36.Rdata,clm_rfVar,0.112357887394714,3,0.0727039505045558,TRUE,TRUE,TRUE,Growing season and degree-days,Winter
climate,TD,36,rf_var,Plain RF,0.100427689241978,63.8597591279007,0.205696089385016,63.7727507239811,470.336215906833,H:/Jing/ecoChina2/rf/clm_rfVar_zone36.Rdata,clm_rfVar,0.100427689241978,4,0.0649842206652171,TRUE,TRUE,TRUE,Temperature,Annual
climate,RH_wt,36,rf_var,Plain RF,0.0972358909505114,39.1033461068611,0.212970053457833,40.4621355996385,726.93896069031,H:/Jing/ecoChina2/rf/clm_rfVar_zone36.Rdata,clm_rfVar,0.0972358909505114,5,0.0629188886232563,TRUE,TRUE,TRUE,Humidity,Winter
climate,MAP,36,rf_var,Plain RF,0.0874138756802461,40.0200342531512,0.156355611003606,39.6735236855825,555.419880955633,H:/Jing/ecoChina2/rf/clm_rfVar_zone36.Rdata,clm_rfVar,0.0874138756802461,6,0.0565633106694299,TRUE,FALSE,TRUE,Precipitation,Annual
climate,RH_at,36,rf_var,Plain RF,0.0797971098843774,36.9801127233582,0.171230792642429,36.2256646396163,855.956892140089,H:/Jing/ecoChina2/rf/clm_rfVar_zone36.Rdata,clm_rfVar,0.0797971098843774,7,0.0516346939406173,TRUE,FALSE,TRUE,Humidity,Autumn
climate,Eref_at,36,rf_var,Plain RF,0.0775083669961989,41.2313082118676,0.160489647610043,42.9247844243813,302.810562524966,H:/Jing/ecoChina2/rf/clm_rfVar_zone36.Rdata,clm_rfVar,0.0775083669961989,8,0.0501537062367882,TRUE,FALSE,TRUE,Radiation and evaporative demand,Autumn
climate,DD5_at,36,rf_var,Plain RF,0.0756187196517897,37.2401139041531,0.154847539068835,35.8647374327497,239.625501223542,H:/Jing/ecoChina2/rf/clm_rfVar_zone36.Rdata,clm_rfVar,0.0756187196517897,9,0.0489309631772257,TRUE,FALSE,TRUE,Growing season and degree-days,Autumn
climate,PPT_wt,36,rf_var,Plain RF,0.0735712308069622,49.098468203072,0.166750761307081,47.1692425326707,360.978858420397,H:/Jing/ecoChina2/rf/clm_rfVar_zone36.Rdata,clm_rfVar,0.0735712308069622,10,0.0476060848701957,TRUE,FALSE,TRUE,Precipitation,Winter
climate,PPT_sm,36,rf_var,Plain RF,0.0656030938213953,46.3980253589034,0.142149821451564,43.5315224481334,342.129064067928,H:/Jing/ecoChina2/rf/clm_rfVar_zone36.Rdata,clm_rfVar,0.0656030938213953,11,0.0424501047210047,TRUE,FALSE,FALSE,Precipitation,Summer
climate,DD_18_sp,36,rf_var,Plain RF,0.0646929899320465,33.9097431894772,0.134496204562407,33.0321454458493,231.009004902185,H:/Jing/ecoChina2/rf/clm_rfVar_zone36.Rdata,clm_rfVar,0.0646929899320465,12,0.0418611994856049,TRUE,FALSE,FALSE,Growing season and degree-days,Spring
climate,DD18_sm,36,rf_var,Plain RF,0.0593692080717265,37.453760782204,0.123277188715532,35.9077831000316,169.001986397471,H:/Jing/ecoChina2/rf/clm_rfVar_zone36.Rdata,clm_rfVar,0.0593692080717265,13,0.0384163147352356,TRUE,FALSE,FALSE,Growing season and degree-days,Summer
climate,DD5_sm,36,rf_var,Plain RF,0.0566096205414346,37.6856912754406,0.117071755684049,36.1118667286502,165.8064055347,H:/Jing/ecoChina2/rf/clm_rfVar_zone36.Rdata,clm_rfVar,0.0566096205414346,14,0.036630655358155,TRUE,FALSE,FALSE,Growing season and degree-days,Summer
climate,CMD_sp,36,rf_var,Plain RF,0.0543425029166778,36.2909662612228,0.11258632986807,35.8914213872357,219.301201354162,H:/Jing/ecoChina2/rf/clm_rfVar_zone36.Rdata,clm_rfVar,0.0543425029166778,15,0.0351636608159803,TRUE,FALSE,FALSE,Climatic moisture balance,Spring
climate,EXT,36,rf_var,Plain RF,0.0473733664682208,38.1721458844815,0.0987987282450324,35.379056587062,144.430096416184,H:/Jing/ecoChina2/rf/clm_rfVar_zone36.Rdata,clm_rfVar,0.0473733664682208,16,0.0306541086772139,TRUE,FALSE,FALSE,Temperature,Annual
climate,CMD,36,rf_var,Plain RF,0.0464399501792435,39.0901694780995,0.0988818242523936,35.8896589107508,198.415088674441,H:/Jing/ecoChina2/rf/clm_rfVar_zone36.Rdata,clm_rfVar,0.0464399501792435,17,0.0300501185769412,TRUE,FALSE,FALSE,Climatic moisture balance,Annual
climate,AHM,36,rf_var,Plain RF,0.0460814374464208,36.5814538717359,0.0998151628031813,35.0828049500693,137.829684331643,H:/Jing/ecoChina2/rf/clm_rfVar_zone36.Rdata,clm_rfVar,0.0460814374464208,18,0.0298181340444195,TRUE,FALSE,FALSE,Climatic moisture balance,Annual
climate,Eref_sp,36,rf_var,Plain RF,0.0443042476915198,38.7238341203771,0.0850634752933306,45.2630134659374,187.755893176664,H:/Jing/ecoChina2/rf/clm_rfVar_zone36.Rdata,clm_rfVar,0.0443042476915198,19,0.0286681594500804,TRUE,FALSE,FALSE,Radiation and evaporative demand,Spring
climate,Eref_sm,36,rf_var,Plain RF,0.0440929332619203,42.7120490702049,0.0920181148228381,42.7663603318285,114.204593828546,H:/Jing/ecoChina2/rf/clm_rfVar_zone36.Rdata,clm_rfVar,0.0440929332619203,20,0.0285314232209938,TRUE,FALSE,FALSE,Radiation and evaporative demand,Summer
climate,RH_sm,36,rf_var,Plain RF,0.0322134432954856,32.8711906471937,0.0684421258710638,31.9811379003075,178.031647303762,H:/Jing/ecoChina2/rf/clm_rfVar_zone36.Rdata,clm_rfVar,0.0322134432954856,21,0.0208445053680004,TRUE,FALSE,FALSE,Humidity,Summer
climate,PPT_wt,37,rf_var,Plain RF,0.113151562486228,40.2719707610438,0.246152230800113,39.4470322891748,533.747503544349,H:/Jing/ecoChina2/rf/clm_rfVar_zone37.Rdata,clm_rfVar,0.113151562486228,1,0.0715710679191797,TRUE,TRUE,TRUE,Precipitation,Winter
climate,MAP,37,rf_var,Plain RF,0.110811274336421,35.2485922522667,0.187448182786195,32.5821891850915,961.356720627661,H:/Jing/ecoChina2/rf/clm_rfVar_zone37.Rdata,clm_rfVar,0.110811274336421,2,0.0700907797248325,TRUE,TRUE,TRUE,Precipitation,Annual
climate,TD,37,rf_var,Plain RF,0.108804529150504,46.9583351555052,0.199217869097658,42.1587402573563,759.141706016307,H:/Jing/ecoChina2/rf/clm_rfVar_zone37.Rdata,clm_rfVar,0.108804529150504,3,0.0688214654277791,TRUE,TRUE,TRUE,Temperature,Annual
climate,DD_0,37,rf_var,Plain RF,0.0978456554027861,30.0176043656412,0.139333387540757,24.9181966883197,861.691692631813,H:/Jing/ecoChina2/rf/clm_rfVar_zone37.Rdata,clm_rfVar,0.0978456554027861,4,0.061889715833856,TRUE,TRUE,TRUE,Growing season and degree-days,Annual
climate,PPT_at,37,rf_var,Plain RF,0.0977351246500829,38.4773112755743,0.188854561631814,34.4229720384251,586.107818738595,H:/Jing/ecoChina2/rf/clm_rfVar_zone37.Rdata,clm_rfVar,0.0977351246500829,5,0.0618198024907695,TRUE,TRUE,TRUE,Precipitation,Autumn
climate,Tmin_sm,37,rf_var,Plain RF,0.0958947399069039,28.679173339233,0.19333247057435,29.0788366606497,769.756923948004,H:/Jing/ecoChina2/rf/clm_rfVar_zone37.Rdata,clm_rfVar,0.0958947399069039,6,0.0606557151502388,TRUE,FALSE,TRUE,Temperature,Summer
climate,Tmax_wt,37,rf_var,Plain RF,0.0915995505583106,34.1077312818904,0.169322315208516,30.0370728884455,567.54636930787,H:/Jing/ecoChina2/rf/clm_rfVar_zone37.Rdata,clm_rfVar,0.0915995505583106,7,0.057938905219918,TRUE,FALSE,TRUE,Temperature,Winter
climate,PPT_sp,37,rf_var,Plain RF,0.0876023276608821,32.448614596495,0.174004920617802,30.0101653630412,489.162204573339,H:/Jing/ecoChina2/rf/clm_rfVar_zone37.Rdata,clm_rfVar,0.0876023276608821,8,0.055410566192211,TRUE,FALSE,TRUE,Precipitation,Spring
climate,PPT_sm,37,rf_var,Plain RF,0.0832438424868593,34.2850626008799,0.150595034534949,29.8094179351026,298.844096269783,H:/Jing/ecoChina2/rf/clm_rfVar_zone37.Rdata,clm_rfVar,0.0832438424868593,9,0.0526537201393543,TRUE,FALSE,TRUE,Precipitation,Summer
climate,DD_0_sp,37,rf_var,Plain RF,0.0823306958096215,28.590321859856,0.142131002599049,24.6182759567839,267.708556626466,H:/Jing/ecoChina2/rf/clm_rfVar_zone37.Rdata,clm_rfVar,0.0823306958096215,10,0.0520761330391786,TRUE,FALSE,TRUE,Growing season and degree-days,Spring
climate,CMD_sm,37,rf_var,Plain RF,0.0687728665509382,39.5769353252442,0.122274380724632,35.8279354619867,324.61235337339,H:/Jing/ecoChina2/rf/clm_rfVar_zone37.Rdata,clm_rfVar,0.0687728665509382,11,0.0435004819620849,TRUE,FALSE,FALSE,Climatic moisture balance,Summer
climate,Eref_sp,37,rf_var,Plain RF,0.0657232917576437,34.9478159679738,0.0652073348081623,25.3568781874026,281.517237466968,H:/Jing/ecoChina2/rf/clm_rfVar_zone37.Rdata,clm_rfVar,0.0657232917576437,12,0.0415715530117483,TRUE,FALSE,FALSE,Radiation and evaporative demand,Spring
climate,Eref_at,37,rf_var,Plain RF,0.0627814389381345,27.3642847044053,0.110595187656348,23.4731285227256,217.52812987616,H:/Jing/ecoChina2/rf/clm_rfVar_zone37.Rdata,clm_rfVar,0.0627814389381345,13,0.0397107607846949,TRUE,FALSE,FALSE,Radiation and evaporative demand,Autumn
climate,CMD_sp,37,rf_var,Plain RF,0.0625383057710703,30.8173119127971,0.119878953045294,28.7107403245673,367.591928014816,H:/Jing/ecoChina2/rf/clm_rfVar_zone37.Rdata,clm_rfVar,0.0625383057710703,14,0.0395569732449473,TRUE,FALSE,FALSE,Climatic moisture balance,Spring
climate,Tmax_sp,37,rf_var,Plain RF,0.0576244492037115,33.524802379184,0.0924887785236833,27.5711519814754,220.635191614569,H:/Jing/ecoChina2/rf/clm_rfVar_zone37.Rdata,clm_rfVar,0.0576244492037115,15,0.0364488415108376,TRUE,FALSE,FALSE,Temperature,Spring
climate,CMD,37,rf_var,Plain RF,0.0574211908371206,32.5024197168657,0.0964900592578353,27.8711525319018,266.431411851061,H:/Jing/ecoChina2/rf/clm_rfVar_zone37.Rdata,clm_rfVar,0.0574211908371206,16,0.0363202757355113,TRUE,FALSE,FALSE,Climatic moisture balance,Annual
climate,Eref,37,rf_var,Plain RF,0.0556040626220701,30.0397034370886,0.0709268847710546,24.3687371391328,172.894579130716,H:/Jing/ecoChina2/rf/clm_rfVar_zone37.Rdata,clm_rfVar,0.0556040626220701,17,0.0351708987049195,TRUE,FALSE,FALSE,Radiation and evaporative demand,Annual
climate,AHM,37,rf_var,Plain RF,0.0530695760504409,28.1715031440566,0.0895256730170106,24.0862373528784,477.16319401933,H:/Jing/ecoChina2/rf/clm_rfVar_zone37.Rdata,clm_rfVar,0.0530695760504409,18,0.0335677753668711,TRUE,FALSE,FALSE,Climatic moisture balance,Annual
climate,PAS_wt,37,rf_var,Plain RF,0.0482245574331866,28.7925095822046,0.106478239928212,27.4554304999248,262.161938748547,H:/Jing/ecoChina2/rf/clm_rfVar_zone37.Rdata,clm_rfVar,0.0482245574331866,19,0.0305031852816268,TRUE,FALSE,FALSE,Snowfall,Winter
climate,Eref_sm,37,rf_var,Plain RF,0.0407874384880435,41.6931598219002,0.0732655737940338,41.0097715003583,140.47119982294,H:/Jing/ecoChina2/rf/clm_rfVar_zone37.Rdata,clm_rfVar,0.0407874384880435,20,0.0257990297803659,TRUE,FALSE,FALSE,Radiation and evaporative demand,Summer
climate,CMD_at,37,rf_var,Plain RF,0.0394014413781817,26.6866651987755,0.0744244298533916,23.4928461716992,107.977662606316,H:/Jing/ecoChina2/rf/clm_rfVar_zone37.Rdata,clm_rfVar,0.0394014413781817,21,0.024922353479075,TRUE,FALSE,FALSE,Climatic moisture balance,Autumn
climate,PPT_sm,38,rf_var,Plain RF,0.176757830043979,49.2404839668192,0.392918900094735,48.7160728462459,1526.12810697815,H:/Jing/ecoChina2/rf/clm_rfVar_zone38.Rdata,clm_rfVar,0.176757830043979,1,0.107076702233885,TRUE,TRUE,TRUE,Precipitation,Summer
climate,MAP,38,rf_var,Plain RF,0.155207343656191,43.8305208152022,0.321323111472869,44.6316711436619,1347.63410186061,H:/Jing/ecoChina2/rf/clm_rfVar_zone38.Rdata,clm_rfVar,0.155207343656191,2,0.094021806655192,TRUE,TRUE,TRUE,Precipitation,Annual
climate,AHM,38,rf_var,Plain RF,0.129584100078446,33.5226363991796,0.259617633770006,31.472136718853,1375.45899069016,H:/Jing/ecoChina2/rf/clm_rfVar_zone38.Rdata,clm_rfVar,0.129584100078446,3,0.0784997083008623,TRUE,TRUE,TRUE,Climatic moisture balance,Annual
climate,PPT_at,38,rf_var,Plain RF,0.115675655082559,34.7922767596485,0.248054736190669,33.8583734761227,1049.47892641671,H:/Jing/ecoChina2/rf/clm_rfVar_zone38.Rdata,clm_rfVar,0.115675655082559,4,0.0700742234270639,TRUE,TRUE,TRUE,Precipitation,Autumn
climate,TD,38,rf_var,Plain RF,0.107007167434857,39.3449491868788,0.239611374750993,38.277200789757,424.661453580356,H:/Jing/ecoChina2/rf/clm_rfVar_zone38.Rdata,clm_rfVar,0.107007167434857,5,0.0648230101119871,TRUE,TRUE,TRUE,Temperature,Annual
climate,PPT_sp,38,rf_var,Plain RF,0.0863527561705305,26.2639135983062,0.18501517032939,26.5426312229819,779.829217807007,H:/Jing/ecoChina2/rf/clm_rfVar_zone38.Rdata,clm_rfVar,0.0863527561705305,6,0.0523109406652402,TRUE,FALSE,TRUE,Precipitation,Spring
climate,DD_18_wt,38,rf_var,Plain RF,0.0800797222180399,31.6520914310993,0.175405625470184,30.5145998100547,175.178457915499,H:/Jing/ecoChina2/rf/clm_rfVar_zone38.Rdata,clm_rfVar,0.0800797222180399,7,0.0485108499509179,TRUE,FALSE,TRUE,Growing season and degree-days,Winter
climate,RH_sp,38,rf_var,Plain RF,0.0723017932418266,47.7391466729485,0.162998479117604,47.0286680446906,329.327134720166,H:/Jing/ecoChina2/rf/clm_rfVar_zone38.Rdata,clm_rfVar,0.0723017932418266,8,0.043799121000777,TRUE,FALSE,TRUE,Humidity,Spring
climate,DD_0_wt,38,rf_var,Plain RF,0.0691412727365311,30.810025795714,0.148039270669658,29.641957658478,185.579964327218,H:/Jing/ecoChina2/rf/clm_rfVar_zone38.Rdata,clm_rfVar,0.0691412727365311,9,0.0418845347390798,TRUE,FALSE,TRUE,Growing season and degree-days,Winter
climate,MCMT,38,rf_var,Plain RF,0.0657769088287326,30.3252714759643,0.145101929537628,29.4402145752917,153.472173527557,H:/Jing/ecoChina2/rf/clm_rfVar_zone38.Rdata,clm_rfVar,0.0657769088287326,10,0.0398464638243591,TRUE,FALSE,TRUE,Temperature,Annual
climate,Tmax_wt,38,rf_var,Plain RF,0.0641169038768077,31.6894452364317,0.143078977520595,31.0387276021148,166.985870208653,H:/Jing/ecoChina2/rf/clm_rfVar_zone38.Rdata,clm_rfVar,0.0641169038768077,11,0.0388408627944087,TRUE,FALSE,FALSE,Temperature,Winter
climate,DD_18_at,38,rf_var,Plain RF,0.0626004187855039,27.5577988444183,0.135130540421036,26.8218062337512,236.448082784317,H:/Jing/ecoChina2/rf/clm_rfVar_zone38.Rdata,clm_rfVar,0.0626004187855039,12,0.0379222035048979,TRUE,FALSE,FALSE,Growing season and degree-days,Autumn
climate,RH_wt,38,rf_var,Plain RF,0.0604733177823803,31.0110734886286,0.135765659002892,30.2726985518545,212.928528705161,H:/Jing/ecoChina2/rf/clm_rfVar_zone38.Rdata,clm_rfVar,0.0604733177823803,13,0.0366336441201385,TRUE,FALSE,FALSE,Humidity,Winter
climate,Eref_at,38,rf_var,Plain RF,0.0561299967786564,30.1689344006312,0.12433840678672,29.0554385269629,84.3510086141145,H:/Jing/ecoChina2/rf/clm_rfVar_zone38.Rdata,clm_rfVar,0.0561299967786564,14,0.0340025386709134,TRUE,FALSE,FALSE,Radiation and evaporative demand,Autumn
climate,Eref,38,rf_var,Plain RF,0.0553287908883792,31.1493388396134,0.117098870958477,30.1397676436322,124.283072625307,H:/Jing/ecoChina2/rf/clm_rfVar_zone38.Rdata,clm_rfVar,0.0553287908883792,15,0.0335171826076494,TRUE,FALSE,FALSE,Radiation and evaporative demand,Annual
climate,Tmin_sm,38,rf_var,Plain RF,0.053749132851,32.7520490153692,0.117980796004522,32.1960612378613,119.43638008146,H:/Jing/ecoChina2/rf/clm_rfVar_zone38.Rdata,clm_rfVar,0.053749132851,16,0.032560254287938,TRUE,FALSE,FALSE,Temperature,Summer
climate,Tmin_at,38,rf_var,Plain RF,0.0531494928358482,30.0166750392119,0.114761629573783,28.7178283142941,159.16060260112,H:/Jing/ecoChina2/rf/clm_rfVar_zone38.Rdata,clm_rfVar,0.0531494928358482,17,0.0321970031927307,TRUE,FALSE,FALSE,Temperature,Autumn
climate,DD5,38,rf_var,Plain RF,0.0508791419404927,29.0084108353406,0.107125987826889,29.5322033007082,238.559070349613,H:/Jing/ecoChina2/rf/clm_rfVar_zone38.Rdata,clm_rfVar,0.0508791419404927,18,0.0308216656095078,TRUE,FALSE,FALSE,Growing season and degree-days,Annual
climate,DD18,38,rf_var,Plain RF,0.0493541859265353,28.2972372847114,0.106888729345702,28.6980605604846,235.214898792196,H:/Jing/ecoChina2/rf/clm_rfVar_zone38.Rdata,clm_rfVar,0.0493541859265353,19,0.0298978747879885,TRUE,FALSE,FALSE,Growing season and degree-days,Annual
climate,RH,38,rf_var,Plain RF,0.0488730331458626,33.6115638180665,0.108192229185422,33.3541434898802,285.234880071257,H:/Jing/ecoChina2/rf/clm_rfVar_zone38.Rdata,clm_rfVar,0.0488730331458626,20,0.0296064011202462,TRUE,FALSE,FALSE,Humidity,Annual
climate,PAS_wt,38,rf_var,Plain RF,0.038220037014332,27.4471800787565,0.0861025431379467,27.1031941899475,118.147710765803,H:/Jing/ecoChina2/rf/clm_rfVar_zone38.Rdata,clm_rfVar,0.038220037014332,21,0.0231530083942163,TRUE,FALSE,FALSE,Snowfall,Winter
climate,TD,39,rf_var,Plain RF,0.185660569270305,75.6549432937115,0.357874081260907,78.058457909204,1666.75268946949,H:/Jing/ecoChina2/rf/clm_rfVar_zone39.Rdata,clm_rfVar,0.185660569270305,1,0.146970231243531,TRUE,TRUE,TRUE,Temperature,Annual
climate,EXT,39,rf_var,Plain RF,0.0923702753025634,34.5651297391536,0.190235854816128,31.9576176497155,1229.03896854026,H:/Jing/ecoChina2/rf/clm_rfVar_zone39.Rdata,clm_rfVar,0.0923702753025634,2,0.0731209689521172,TRUE,TRUE,TRUE,Temperature,Annual
climate,Eref_at,39,rf_var,Plain RF,0.0794115160241513,45.8032475406986,0.161098912140556,43.8599297626496,305.078945683534,H:/Jing/ecoChina2/rf/clm_rfVar_zone39.Rdata,clm_rfVar,0.0794115160241513,3,0.0628627226520931,TRUE,TRUE,TRUE,Radiation and evaporative demand,Autumn
climate,DD5_sm,39,rf_var,Plain RF,0.0793530964876956,31.9885446198687,0.152527244758122,30.2199371068111,822.280684103395,H:/Jing/ecoChina2/rf/clm_rfVar_zone39.Rdata,clm_rfVar,0.0793530964876956,4,0.0628164773302362,TRUE,TRUE,TRUE,Growing season and degree-days,Summer
climate,Tmax_wt,39,rf_var,Plain RF,0.0783297641048853,32.7010168199902,0.15559229152964,31.8706310456038,400.003916879613,H:/Jing/ecoChina2/rf/clm_rfVar_zone39.Rdata,clm_rfVar,0.0783297641048853,5,0.0620064001149625,TRUE,TRUE,TRUE,Temperature,Winter
climate,PPT_at,39,rf_var,Plain RF,0.0768906279906627,37.7015451560713,0.141578808681832,37.8594041076979,568.205296918736,H:/Jing/ecoChina2/rf/clm_rfVar_zone39.Rdata,clm_rfVar,0.0768906279906627,6,0.06086716969932,TRUE,FALSE,TRUE,Precipitation,Autumn
climate,EMT,39,rf_var,Plain RF,0.0762787843103938,37.0008375412217,0.14654266452854,34.2114745800182,380.292603168592,H:/Jing/ecoChina2/rf/clm_rfVar_zone39.Rdata,clm_rfVar,0.0762787843103938,7,0.0603828298767749,TRUE,FALSE,TRUE,Temperature,Annual
climate,MAP,39,rf_var,Plain RF,0.0709713691169763,40.3539420081062,0.128997157120717,38.8509717582387,615.106358740661,H:/Jing/ecoChina2/rf/clm_rfVar_zone39.Rdata,clm_rfVar,0.0709713691169763,8,0.0561814421435167,TRUE,FALSE,TRUE,Precipitation,Annual
climate,Tmin_wt,39,rf_var,Plain RF,0.0624726359525495,32.6202697644671,0.116003901104989,30.9141406557355,286.377372354462,H:/Jing/ecoChina2/rf/clm_rfVar_zone39.Rdata,clm_rfVar,0.0624726359525495,9,0.0494537843357118,TRUE,FALSE,TRUE,Temperature,Winter
climate,DD5_at,39,rf_var,Plain RF,0.0559099797586872,34.1081113784895,0.104051077429924,31.8760247700578,343.545955592075,H:/Jing/ecoChina2/rf/clm_rfVar_zone39.Rdata,clm_rfVar,0.0559099797586872,10,0.044258738870891,TRUE,FALSE,TRUE,Growing season and degree-days,Autumn
climate,PPT_sm,39,rf_var,Plain RF,0.0552164951620805,41.9498316300034,0.100018351235372,41.9494844379007,446.866727063844,H:/Jing/ecoChina2/rf/clm_rfVar_zone39.Rdata,clm_rfVar,0.0552164951620805,11,0.0437097715164996,TRUE,FALSE,FALSE,Precipitation,Summer
climate,PPT_wt,39,rf_var,Plain RF,0.0549151354158224,57.2436829543745,0.100199707978873,68.3725541337342,252.493772891475,H:/Jing/ecoChina2/rf/clm_rfVar_zone39.Rdata,clm_rfVar,0.0549151354158224,12,0.0434712129912882,TRUE,FALSE,FALSE,Precipitation,Winter
climate,PPT_sp,39,rf_var,Plain RF,0.0520554101421104,36.6022302222257,0.106130249723776,37.7858088785462,271.238107146803,H:/Jing/ecoChina2/rf/clm_rfVar_zone39.Rdata,clm_rfVar,0.0520554101421104,13,0.0412074340616948,TRUE,FALSE,FALSE,Precipitation,Spring
climate,CMD_sp,39,rf_var,Plain RF,0.0441389311866372,39.5631789418678,0.0979848612747573,38.3139317907229,80.9771006622351,H:/Jing/ecoChina2/rf/clm_rfVar_zone39.Rdata,clm_rfVar,0.0441389311866372,14,0.0349406928398336,TRUE,FALSE,FALSE,Climatic moisture balance,Spring
climate,Eref,39,rf_var,Plain RF,0.0401688271753864,32.6377030845244,0.081550629689111,31.7115844444083,128.618679103495,H:/Jing/ecoChina2/rf/clm_rfVar_zone39.Rdata,clm_rfVar,0.0401688271753864,15,0.0317979301795248,TRUE,FALSE,FALSE,Radiation and evaporative demand,Annual
climate,RH_sp,39,rf_var,Plain RF,0.037725398977181,36.0263651006327,0.0789063453557521,37.3046983432717,179.231020387799,H:/Jing/ecoChina2/rf/clm_rfVar_zone39.Rdata,clm_rfVar,0.037725398977181,16,0.0298636949850049,TRUE,FALSE,FALSE,Humidity,Spring
climate,RH_wt,39,rf_var,Plain RF,0.0298531600727535,32.2075333655367,0.0633499373854388,32.7847566149976,149.163078302784,H:/Jing/ecoChina2/rf/clm_rfVar_zone39.Rdata,clm_rfVar,0.0298531600727535,17,0.0236319745031854,TRUE,FALSE,FALSE,Humidity,Winter
climate,RH_sm,39,rf_var,Plain RF,0.0273721200899803,37.4374837588183,0.0591954139565515,35.625199556636,137.273180930046,H:/Jing/ecoChina2/rf/clm_rfVar_zone39.Rdata,clm_rfVar,0.0273721200899803,18,0.0216679655516576,TRUE,FALSE,FALSE,Humidity,Summer
climate,CMD_at,39,rf_var,Plain RF,0.0221579491194145,35.7841989571998,0.0472006740593052,33.8429106912414,65.9121308602112,H:/Jing/ecoChina2/rf/clm_rfVar_zone39.Rdata,clm_rfVar,0.0221579491194145,19,0.0175403906104666,TRUE,FALSE,FALSE,Climatic moisture balance,Autumn
climate,RH_at,39,rf_var,Plain RF,0.0214636131304875,30.7808805758,0.0480025278186608,29.6491846314923,52.8488837734599,H:/Jing/ecoChina2/rf/clm_rfVar_zone39.Rdata,clm_rfVar,0.0214636131304875,20,0.0169907492878402,TRUE,FALSE,FALSE,Humidity,Autumn
climate,PAS_wt,39,rf_var,Plain RF,0.0205372305829322,31.1325475374286,0.0417565279496373,28.9856320465614,72.5944394567973,H:/Jing/ecoChina2/rf/clm_rfVar_zone39.Rdata,clm_rfVar,0.0205372305829322,21,0.0162574182538501,TRUE,FALSE,FALSE,Snowfall,Winter
climate,MCMT,40,rf_var,Plain RF,0.111787758535845,30.2641853677966,0.143064242432999,29.4753857484292,1243.73124082641,H:/Jing/ecoChina2/rf/clm_rfVar_zone40.Rdata,clm_rfVar,0.111787758535845,1,0.0964232082439405,TRUE,TRUE,TRUE,Temperature,Annual
climate,Tmin_wt,40,rf_var,Plain RF,0.106994878352098,32.3747095833843,0.156875390236454,34.0104366695825,1019.98047888883,H:/Jing/ecoChina2/rf/clm_rfVar_zone40.Rdata,clm_rfVar,0.106994878352098,2,0.0922890804100994,TRUE,TRUE,TRUE,Temperature,Winter
climate,Eref_wt,40,rf_var,Plain RF,0.105914065311301,29.2030432675327,0.147729424087271,30.7066123431311,1044.04413324175,H:/Jing/ecoChina2/rf/clm_rfVar_zone40.Rdata,clm_rfVar,0.105914065311301,3,0.0913568185750789,TRUE,TRUE,TRUE,Radiation and evaporative demand,Winter
climate,TD,40,rf_var,Plain RF,0.0905284838081632,48.0261811302879,0.159731277824281,46.7436931942579,585.84493780674,H:/Jing/ecoChina2/rf/clm_rfVar_zone40.Rdata,clm_rfVar,0.0905284838081632,4,0.078085892056273,TRUE,TRUE,TRUE,Temperature,Annual
climate,Eref_at,40,rf_var,Plain RF,0.0674622262264537,35.9491950562182,0.129055265576641,41.17474686276,454.246206201097,H:/Jing/ecoChina2/rf/clm_rfVar_zone40.Rdata,clm_rfVar,0.0674622262264537,5,0.0581899518626393,TRUE,TRUE,TRUE,Radiation and evaporative demand,Autumn
climate,PPT_sp,40,rf_var,Plain RF,0.0633074718815258,36.1191054753006,0.113804721487351,45.5820732099361,431.582943095842,H:/Jing/ecoChina2/rf/clm_rfVar_zone40.Rdata,clm_rfVar,0.0633074718815258,6,0.0546062433363166,TRUE,FALSE,TRUE,Precipitation,Spring
climate,RH_wt,40,rf_var,Plain RF,0.056753354512625,36.5932320144274,0.110617249599312,40.8448901671961,316.350929594927,H:/Jing/ecoChina2/rf/clm_rfVar_zone40.Rdata,clm_rfVar,0.056753354512625,7,0.0489529497002867,TRUE,FALSE,TRUE,Humidity,Winter
climate,PPT_wt,40,rf_var,Plain RF,0.0541968075185651,44.1859253131579,0.126793456822675,42.1953443393875,532.099392748797,H:/Jing/ecoChina2/rf/clm_rfVar_zone40.Rdata,clm_rfVar,0.0541968075185651,8,0.0467477846050888,TRUE,FALSE,TRUE,Precipitation,Winter
climate,Eref_sp,40,rf_var,Plain RF,0.048031457583414,36.1478605075881,0.10267372493636,38.8541754464515,211.507241129338,H:/Jing/ecoChina2/rf/clm_rfVar_zone40.Rdata,clm_rfVar,0.048031457583414,9,0.0414298246738749,TRUE,FALSE,TRUE,Radiation and evaporative demand,Spring
climate,DD18_sp,40,rf_var,Plain RF,0.0473739725306724,39.2310286871591,0.11013155274698,41.4735815976857,227.333143526678,H:/Jing/ecoChina2/rf/clm_rfVar_zone40.Rdata,clm_rfVar,0.0473739725306724,10,0.0408627069591257,TRUE,FALSE,TRUE,Growing season and degree-days,Spring
climate,PPT_sm,40,rf_var,Plain RF,0.0460329828791057,43.4784840840646,0.0958317666219854,38.9336535438359,624.72785065475,H:/Jing/ecoChina2/rf/clm_rfVar_zone40.Rdata,clm_rfVar,0.0460329828791057,11,0.0397060282125479,TRUE,FALSE,FALSE,Precipitation,Summer
climate,RH_sm,40,rf_var,Plain RF,0.0449228970453831,29.9394447570696,0.0959143835676056,30.7842907882771,703.903891403657,H:/Jing/ecoChina2/rf/clm_rfVar_zone40.Rdata,clm_rfVar,0.0449228970453831,12,0.038748516952678,TRUE,FALSE,FALSE,Humidity,Summer
climate,DD5_sm,40,rf_var,Plain RF,0.0439721953605517,34.9542279148444,0.0930192937111689,35.2278352304569,215.279708243444,H:/Jing/ecoChina2/rf/clm_rfVar_zone40.Rdata,clm_rfVar,0.0439721953605517,13,0.0379284834558531,TRUE,FALSE,FALSE,Growing season and degree-days,Summer
climate,CMD_sp,40,rf_var,Plain RF,0.041627031598275,34.4899610370464,0.0902467708243541,35.8257810522,121.066427253629,H:/Jing/ecoChina2/rf/clm_rfVar_zone40.Rdata,clm_rfVar,0.041627031598275,14,0.0359056482476166,TRUE,FALSE,FALSE,Climatic moisture balance,Spring
climate,DD18,40,rf_var,Plain RF,0.0405932282171261,40.02405936894,0.089788670592826,41.9397585863434,223.048789492487,H:/Jing/ecoChina2/rf/clm_rfVar_zone40.Rdata,clm_rfVar,0.0405932282171261,15,0.035013934879271,TRUE,FALSE,FALSE,Growing season and degree-days,Annual
climate,MWMT,40,rf_var,Plain RF,0.0398201976631887,37.156179998939,0.0826348155272712,35.18647774588,174.094892667189,H:/Jing/ecoChina2/rf/clm_rfVar_zone40.Rdata,clm_rfVar,0.0398201976631887,16,0.0343471526925852,TRUE,FALSE,FALSE,Temperature,Annual
climate,EXT,40,rf_var,Plain RF,0.0350063827896097,34.1484346902066,0.0710173253440252,37.3039223855445,153.357090680334,H:/Jing/ecoChina2/rf/clm_rfVar_zone40.Rdata,clm_rfVar,0.0350063827896097,17,0.0301949675152247,TRUE,FALSE,FALSE,Temperature,Annual
climate,CMD,40,rf_var,Plain RF,0.031599838064971,39.2722582130283,0.0726768940931355,37.0716354171146,165.004899055898,H:/Jing/ecoChina2/rf/clm_rfVar_zone40.Rdata,clm_rfVar,0.031599838064971,18,0.0272566317289247,TRUE,FALSE,FALSE,Climatic moisture balance,Annual
climate,AHM,40,rf_var,Plain RF,0.0311788091785826,45.2984040109505,0.0701358705245457,46.1262484787782,190.526473762908,H:/Jing/ecoChina2/rf/clm_rfVar_zone40.Rdata,clm_rfVar,0.0311788091785826,19,0.0268934707127217,TRUE,FALSE,FALSE,Climatic moisture balance,Annual
climate,Eref_sm,40,rf_var,Plain RF,0.0275606622501287,43.6504973576166,0.0630801114052373,40.7322939816293,150.325113607023,H:/Jing/ecoChina2/rf/clm_rfVar_zone40.Rdata,clm_rfVar,0.0275606622501287,20,0.0237726161638078,TRUE,FALSE,FALSE,Radiation and evaporative demand,Summer
climate,CMD_at,40,rf_var,Plain RF,0.0246802382741171,47.2215029886194,0.0542932949193069,47.1777471459545,150.425020524013,H:/Jing/ecoChina2/rf/clm_rfVar_zone40.Rdata,clm_rfVar,0.0246802382741171,21,0.0212880890160455,TRUE,FALSE,FALSE,Climatic moisture balance,Autumn
climate,TD,41,rf_var,Plain RF,0.129688261950347,70.742700166153,0.262234761004919,65.9923755515346,894.986013228018,H:/Jing/ecoChina2/rf/clm_rfVar_zone41.Rdata,clm_rfVar,0.129688261950347,1,0.0875794005631601,TRUE,TRUE,TRUE,Temperature,Annual
climate,PPT_sm,41,rf_var,Plain RF,0.104876959416078,68.9438373521568,0.210378880061154,84.5296125343603,601.882477533252,H:/Jing/ecoChina2/rf/clm_rfVar_zone41.Rdata,clm_rfVar,0.104876959416078,2,0.070824152474675,TRUE,TRUE,TRUE,Precipitation,Summer
climate,MAP,41,rf_var,Plain RF,0.0979224908809624,46.1629869856724,0.184418587807563,47.676930224343,637.685477117169,H:/Jing/ecoChina2/rf/clm_rfVar_zone41.Rdata,clm_rfVar,0.0979224908809624,3,0.0661277506848664,TRUE,TRUE,TRUE,Precipitation,Annual
climate,Eref_at,41,rf_var,Plain RF,0.0886448553972319,41.2169587740281,0.170707574161857,38.3725324739123,600.57002275947,H:/Jing/ecoChina2/rf/clm_rfVar_zone41.Rdata,clm_rfVar,0.0886448553972319,4,0.0598624978232025,TRUE,TRUE,TRUE,Radiation and evaporative demand,Autumn
climate,DD_18_wt,41,rf_var,Plain RF,0.0767594627439534,43.4575505892162,0.142781924465936,39.4453658229638,601.162887923811,H:/Jing/ecoChina2/rf/clm_rfVar_zone41.Rdata,clm_rfVar,0.0767594627439534,5,0.051836208100618,TRUE,TRUE,TRUE,Growing season and degree-days,Winter
climate,CMD_sm,41,rf_var,Plain RF,0.0762099794731079,48.0709382267543,0.161415911028177,48.4500483171215,428.527838131408,H:/Jing/ecoChina2/rf/clm_rfVar_zone41.Rdata,clm_rfVar,0.0762099794731079,6,0.0514651381613928,TRUE,FALSE,TRUE,Climatic moisture balance,Summer
climate,PPT_at,41,rf_var,Plain RF,0.0746183901651888,43.3230054006775,0.145895661632069,43.2099520571469,609.857125447033,H:/Jing/ecoChina2/rf/clm_rfVar_zone41.Rdata,clm_rfVar,0.0746183901651888,7,0.0503903266446524,TRUE,FALSE,TRUE,Precipitation,Autumn
climate,Tmax_wt,41,rf_var,Plain RF,0.0737559378274313,40.8472017336455,0.149371766539895,37.978682146478,438.34597209198,H:/Jing/ecoChina2/rf/clm_rfVar_zone41.Rdata,clm_rfVar,0.0737559378274313,8,0.0498079064809523,TRUE,FALSE,TRUE,Temperature,Winter
climate,PPT_sp,41,rf_var,Plain RF,0.0733966574074245,37.9899596597588,0.159819393566471,36.898184074555,602.320919242127,H:/Jing/ecoChina2/rf/clm_rfVar_zone41.Rdata,clm_rfVar,0.0733966574074245,9,0.0495652818721784,TRUE,FALSE,TRUE,Precipitation,Spring
climate,MCMT,41,rf_var,Plain RF,0.0731751333788677,41.0862966387917,0.138059856111267,37.3752666449214,583.860279782878,H:/Jing/ecoChina2/rf/clm_rfVar_zone41.Rdata,clm_rfVar,0.0731751333788677,10,0.0494156851288835,TRUE,FALSE,TRUE,Temperature,Annual
climate,PPT_wt,41,rf_var,Plain RF,0.0697268682495237,46.2716255674831,0.158755821918288,44.8833138978848,374.285329485292,H:/Jing/ecoChina2/rf/clm_rfVar_zone41.Rdata,clm_rfVar,0.0697268682495237,11,0.0470870472979099,TRUE,FALSE,FALSE,Precipitation,Winter
climate,DD5_sm,41,rf_var,Plain RF,0.0615585922376934,39.3941363129579,0.125302762243739,38.3572031649182,237.293678335012,H:/Jing/ecoChina2/rf/clm_rfVar_zone41.Rdata,clm_rfVar,0.0615585922376934,12,0.0415709527339745,TRUE,FALSE,FALSE,Growing season and degree-days,Summer
climate,DD18_at,41,rf_var,Plain RF,0.059739492292304,44.6635941526634,0.125591103964358,45.8595049606462,262.801322502494,H:/Jing/ecoChina2/rf/clm_rfVar_zone41.Rdata,clm_rfVar,0.059739492292304,13,0.0403425016745974,TRUE,FALSE,FALSE,Growing season and degree-days,Autumn
climate,DD18_sm,41,rf_var,Plain RF,0.0595361231988561,40.5363575829423,0.122588414294658,38.2326726963346,230.622916282042,H:/Jing/ecoChina2/rf/clm_rfVar_zone41.Rdata,clm_rfVar,0.0595361231988561,14,0.040205165087389,TRUE,FALSE,FALSE,Growing season and degree-days,Summer
climate,EXT,41,rf_var,Plain RF,0.0588859494859462,42.609633144788,0.122783352300665,39.3565172126629,208.429641073367,H:/Jing/ecoChina2/rf/clm_rfVar_zone41.Rdata,clm_rfVar,0.0588859494859462,15,0.0397660981804675,TRUE,FALSE,FALSE,Temperature,Annual
climate,Eref_sm,41,rf_var,Plain RF,0.058672230656637,39.4968871342987,0.113545192637192,39.7089633005279,337.320273624995,H:/Jing/ecoChina2/rf/clm_rfVar_zone41.Rdata,clm_rfVar,0.058672230656637,16,0.0396217723434297,TRUE,FALSE,FALSE,Radiation and evaporative demand,Summer
climate,Tmin_sm,41,rf_var,Plain RF,0.0569954731824948,39.070176787007,0.111987931244552,36.4979519563742,224.762553552954,H:/Jing/ecoChina2/rf/clm_rfVar_zone41.Rdata,clm_rfVar,0.0569954731824948,17,0.0384894461616555,TRUE,FALSE,FALSE,Temperature,Summer
climate,CMD,41,rf_var,Plain RF,0.0539609613532417,36.2147645319662,0.111114457732135,36.2651983325553,506.938295690929,H:/Jing/ecoChina2/rf/clm_rfVar_zone41.Rdata,clm_rfVar,0.0539609613532417,18,0.0364402188606562,TRUE,FALSE,FALSE,Climatic moisture balance,Annual
climate,Tmax_sm,41,rf_var,Plain RF,0.0484882437031218,38.646315490962,0.0977589704922416,35.3295759807597,207.023600286297,H:/Jing/ecoChina2/rf/clm_rfVar_zone41.Rdata,clm_rfVar,0.0484882437031218,19,0.032744453923715,TRUE,FALSE,FALSE,Temperature,Summer
climate,CMD_at,41,rf_var,Plain RF,0.0471194484324337,46.9693417460439,0.104191750570482,46.0402891711208,148.244858885414,H:/Jing/ecoChina2/rf/clm_rfVar_zone41.Rdata,clm_rfVar,0.0471194484324337,20,0.0318200967961097,TRUE,FALSE,FALSE,Climatic moisture balance,Autumn
climate,RH_wt,41,rf_var,Plain RF,0.0370763168511498,45.5243092461409,0.0799671054022468,43.6276730019773,146.37721423803,H:/Jing/ecoChina2/rf/clm_rfVar_zone41.Rdata,clm_rfVar,0.0370763168511498,21,0.0250378990055144,TRUE,FALSE,FALSE,Humidity,Winter
climate,PPT_sm,42,rf_var,Plain RF,0.139205871203376,56.8352242212235,0.287647945983347,55.5323029552679,719.616865107477,H:/Jing/ecoChina2/rf/clm_rfVar_zone42.Rdata,clm_rfVar,0.139205871203376,1,0.107639540788102,TRUE,TRUE,TRUE,Precipitation,Summer
climate,MAP,42,rf_var,Plain RF,0.0995739939139829,35.6688067135401,0.207597497360564,35.0109313174611,726.469076888516,H:/Jing/ecoChina2/rf/clm_rfVar_zone42.Rdata,clm_rfVar,0.0995739939139829,2,0.0769945900031728,TRUE,TRUE,TRUE,Precipitation,Annual
climate,DD_18_sm,42,rf_var,Plain RF,0.0971434025129657,27.9909057179763,0.190457660826176,25.5158014762918,1242.69932172615,H:/Jing/ecoChina2/rf/clm_rfVar_zone42.Rdata,clm_rfVar,0.0971434025129657,3,0.0751151596315417,TRUE,TRUE,TRUE,Growing season and degree-days,Summer
climate,Eref_sm,42,rf_var,Plain RF,0.0970950137087935,30.924451891232,0.20686454965673,29.9809153604833,742.587032804302,H:/Jing/ecoChina2/rf/clm_rfVar_zone42.Rdata,clm_rfVar,0.0970950137087935,4,0.075077743475058,TRUE,TRUE,TRUE,Radiation and evaporative demand,Summer
climate,PPT_at,42,rf_var,Plain RF,0.0953395633692687,33.3695810563977,0.201325222378242,32.1940190111964,855.55925479831,H:/Jing/ecoChina2/rf/clm_rfVar_zone42.Rdata,clm_rfVar,0.0953395633692687,5,0.0737203591435689,TRUE,TRUE,TRUE,Precipitation,Autumn
climate,DD5,42,rf_var,Plain RF,0.0898730686904731,26.4417161229971,0.177661589884381,24.7578827366564,1182.10159274212,H:/Jing/ecoChina2/rf/clm_rfVar_zone42.Rdata,clm_rfVar,0.0898730686904731,6,0.069493447075424,TRUE,FALSE,TRUE,Growing season and degree-days,Annual
climate,DD5_sm,42,rf_var,Plain RF,0.0856150559620886,25.8436703381727,0.164791699597066,23.1825349689365,1000.42132315392,H:/Jing/ecoChina2/rf/clm_rfVar_zone42.Rdata,clm_rfVar,0.0856150559620886,7,0.066200981529315,TRUE,FALSE,TRUE,Growing season and degree-days,Summer
climate,Eref_at,42,rf_var,Plain RF,0.0846741461316677,30.7036230596142,0.191206630759309,31.8748702765147,607.24587380042,H:/Jing/ecoChina2/rf/clm_rfVar_zone42.Rdata,clm_rfVar,0.0846741461316677,8,0.0654734324597679,TRUE,FALSE,TRUE,Radiation and evaporative demand,Autumn
climate,TD,42,rf_var,Plain RF,0.0622287979568092,35.73772924488,0.141230309548919,35.0708561696964,204.221377739827,H:/Jing/ecoChina2/rf/clm_rfVar_zone42.Rdata,clm_rfVar,0.0622287979568092,9,0.0481177925755771,TRUE,FALSE,TRUE,Temperature,Annual
climate,CMD_sm,42,rf_var,Plain RF,0.0619100451205312,27.9221352485004,0.128079360490085,25.5970479903717,402.19362598949,H:/Jing/ecoChina2/rf/clm_rfVar_zone42.Rdata,clm_rfVar,0.0619100451205312,10,0.0478713201486221,TRUE,FALSE,TRUE,Climatic moisture balance,Summer
climate,CMD_at,42,rf_var,Plain RF,0.0507805096739193,31.6539953963374,0.115861079761621,31.219541027279,100.338027896759,H:/Jing/ecoChina2/rf/clm_rfVar_zone42.Rdata,clm_rfVar,0.0507805096739193,11,0.0392655187244279,TRUE,FALSE,FALSE,Climatic moisture balance,Autumn
climate,AHM,42,rf_var,Plain RF,0.0453582131068909,32.8983191511483,0.0980843374455752,31.9498276394575,184.770102632981,H:/Jing/ecoChina2/rf/clm_rfVar_zone42.Rdata,clm_rfVar,0.0453582131068909,12,0.035072782401984,TRUE,FALSE,FALSE,Climatic moisture balance,Annual
climate,CMD,42,rf_var,Plain RF,0.0425349317507651,30.059026531881,0.0857074111658958,28.527713424864,257.458480236187,H:/Jing/ecoChina2/rf/clm_rfVar_zone42.Rdata,clm_rfVar,0.0425349317507651,13,0.0328897084693838,TRUE,FALSE,FALSE,Climatic moisture balance,Annual
climate,RH_wt,42,rf_var,Plain RF,0.0419499921559614,29.376904145675,0.0980624015774769,29.0032586275475,287.665999995841,H:/Jing/ecoChina2/rf/clm_rfVar_zone42.Rdata,clm_rfVar,0.0419499921559614,14,0.0324374098067687,TRUE,FALSE,FALSE,Humidity,Winter
climate,PAS_at,42,rf_var,Plain RF,0.033457032408016,25.5415254604631,0.0739529389267447,24.5992484574235,213.872984088688,H:/Jing/ecoChina2/rf/clm_rfVar_zone42.Rdata,clm_rfVar,0.033457032408016,15,0.0258703140420716,TRUE,FALSE,FALSE,Snowfall,Autumn
climate,PAS,42,rf_var,Plain RF,0.0331701421228724,31.339223313579,0.0650842649491739,30.6214565801497,128.417544284308,H:/Jing/ecoChina2/rf/clm_rfVar_zone42.Rdata,clm_rfVar,0.0331701421228724,16,0.0256484790125396,TRUE,FALSE,FALSE,Snowfall,Annual
climate,MCMT,42,rf_var,Plain RF,0.0321130438217079,29.7032339599391,0.0742344169303574,29.1157849577709,150.480776118905,H:/Jing/ecoChina2/rf/clm_rfVar_zone42.Rdata,clm_rfVar,0.0321130438217079,17,0.0248310883757683,TRUE,FALSE,FALSE,Temperature,Annual
climate,PAS_wt,42,rf_var,Plain RF,0.0319096464193037,25.3483424390926,0.0725622443009128,24.5773755277258,80.6369981306001,H:/Jing/ecoChina2/rf/clm_rfVar_zone42.Rdata,clm_rfVar,0.0319096464193037,18,0.0246738133786505,TRUE,FALSE,FALSE,Snowfall,Winter
climate,RH,42,rf_var,Plain RF,0.0305931882237431,29.0815791452478,0.0693222798303703,27.8874009710003,158.518179579742,H:/Jing/ecoChina2/rf/clm_rfVar_zone42.Rdata,clm_rfVar,0.0305931882237431,19,0.0236558753102924,TRUE,FALSE,FALSE,Humidity,Annual
climate,PAS_sp,42,rf_var,Plain RF,0.0274831371701015,27.0410788738644,0.0585418734841313,25.5534970406008,124.307621670597,H:/Jing/ecoChina2/rf/clm_rfVar_zone42.Rdata,clm_rfVar,0.0274831371701015,20,0.0212510595913315,TRUE,FALSE,FALSE,Snowfall,Spring
climate,RH_sm,42,rf_var,Plain RF,0.0112508207378412,40.5936484366266,0.0241362817804432,39.1865284415614,83.2776642780509,H:/Jing/ecoChina2/rf/clm_rfVar_zone42.Rdata,clm_rfVar,0.0112508207378412,21,0.00869958405663222,TRUE,FALSE,FALSE,Humidity,Summer
climate,PAS_wt,43,rf_var,Plain RF,0.10800498018516,31.5838894954185,0.238728632501775,31.1566882680838,340.351557469119,H:/Jing/ecoChina2/rf/clm_rfVar_zone43.Rdata,clm_rfVar,0.10800498018516,1,0.070133753401548,TRUE,TRUE,TRUE,Snowfall,Winter
climate,Tmax_wt,43,rf_var,Plain RF,0.101789277147353,32.63788632664,0.228170689148514,32.3197694274607,131.048918518108,H:/Jing/ecoChina2/rf/clm_rfVar_zone43.Rdata,clm_rfVar,0.101789277147353,2,0.0660975452255598,TRUE,TRUE,TRUE,Temperature,Winter
climate,PPT_at,43,rf_var,Plain RF,0.0915650044229918,28.4912218556767,0.1989216144592,27.5413486124126,179.065366823983,H:/Jing/ecoChina2/rf/clm_rfVar_zone43.Rdata,clm_rfVar,0.0915650044229918,3,0.0594583456189191,TRUE,TRUE,TRUE,Precipitation,Autumn
climate,Tmin_at,43,rf_var,Plain RF,0.0907086073680093,27.2846579963835,0.193379135926295,27.0096255583997,336.907145034889,H:/Jing/ecoChina2/rf/clm_rfVar_zone43.Rdata,clm_rfVar,0.0907086073680093,4,0.0589022384860351,TRUE,TRUE,TRUE,Temperature,Autumn
climate,Eref_sm,43,rf_var,Plain RF,0.0905758341852615,25.046021105613,0.198278671402609,24.5556265174206,542.027165172653,H:/Jing/ecoChina2/rf/clm_rfVar_zone43.Rdata,clm_rfVar,0.0905758341852615,5,0.0588160213352963,TRUE,TRUE,TRUE,Radiation and evaporative demand,Summer
climate,MWMT,43,rf_var,Plain RF,0.0876425432215624,23.6462014428881,0.189696593474703,23.006088290349,566.896266288083,H:/Jing/ecoChina2/rf/clm_rfVar_zone43.Rdata,clm_rfVar,0.0876425432215624,6,0.0569112693067289,TRUE,FALSE,TRUE,Temperature,Annual
climate,CMD_sm,43,rf_var,Plain RF,0.0868473084814085,25.6970865092602,0.194910006145546,25.0157228007159,112.785004106707,H:/Jing/ecoChina2/rf/clm_rfVar_zone43.Rdata,clm_rfVar,0.0868473084814085,7,0.0563948783304361,TRUE,FALSE,TRUE,Climatic moisture balance,Summer
climate,Eref_at,43,rf_var,Plain RF,0.0801124459942457,27.3787554254882,0.177299737488967,26.9457501115898,192.835602611617,H:/Jing/ecoChina2/rf/clm_rfVar_zone43.Rdata,clm_rfVar,0.0801124459942457,8,0.0520215505074205,TRUE,FALSE,TRUE,Radiation and evaporative demand,Autumn
climate,RH_wt,43,rf_var,Plain RF,0.0781252673787344,26.3248572105808,0.173991782237349,25.9857153564521,316.949466709994,H:/Jing/ecoChina2/rf/clm_rfVar_zone43.Rdata,clm_rfVar,0.0781252673787344,9,0.0507311628350542,TRUE,FALSE,TRUE,Humidity,Winter
climate,MCMT,43,rf_var,Plain RF,0.0770675486923165,28.4168187536369,0.163340151019691,27.9880917581038,224.780423806817,H:/Jing/ecoChina2/rf/clm_rfVar_zone43.Rdata,clm_rfVar,0.0770675486923165,10,0.0500443261596132,TRUE,FALSE,TRUE,Temperature,Annual
climate,RH_at,43,rf_var,Plain RF,0.0726391819397476,33.9877871695973,0.165693600316778,33.4129793782978,145.024691966365,H:/Jing/ecoChina2/rf/clm_rfVar_zone43.Rdata,clm_rfVar,0.0726391819397476,11,0.0471687367074987,TRUE,FALSE,FALSE,Humidity,Autumn
climate,TD,43,rf_var,Plain RF,0.0690843369237949,26.7866916430035,0.153982518227239,26.9120128362538,228.967680575326,H:/Jing/ecoChina2/rf/clm_rfVar_zone43.Rdata,clm_rfVar,0.0690843369237949,12,0.0448603744143699,TRUE,FALSE,FALSE,Temperature,Annual
climate,PPT_wt,43,rf_var,Plain RF,0.0648613006747492,26.3372083838945,0.140665670818532,25.2139007466149,108.361146532053,H:/Jing/ecoChina2/rf/clm_rfVar_zone43.Rdata,clm_rfVar,0.0648613006747492,13,0.0421181176926094,TRUE,FALSE,FALSE,Precipitation,Winter
climate,Tmin_sp,43,rf_var,Plain RF,0.0647285390734679,24.6439707166232,0.13741430641298,24.0643519006563,270.813018636027,H:/Jing/ecoChina2/rf/clm_rfVar_zone43.Rdata,clm_rfVar,0.0647285390734679,14,0.0420319080623729,TRUE,FALSE,FALSE,Temperature,Spring
climate,PPT_sm,43,rf_var,Plain RF,0.0643507674384551,34.7473465013516,0.139826907241064,33.3950530396181,140.526901876885,H:/Jing/ecoChina2/rf/clm_rfVar_zone43.Rdata,clm_rfVar,0.0643507674384551,15,0.0417865995345008,TRUE,FALSE,FALSE,Precipitation,Summer
climate,EMT,43,rf_var,Plain RF,0.0639376519935452,27.5453465583914,0.137735932360369,26.8471561795938,165.314795095862,H:/Jing/ecoChina2/rf/clm_rfVar_zone43.Rdata,clm_rfVar,0.0639376519935452,16,0.0415183402682149,TRUE,FALSE,FALSE,Temperature,Annual
climate,MAP,43,rf_var,Plain RF,0.0614834006365802,25.4620974267505,0.135238687091786,24.4511560101845,133.647104475736,H:/Jing/ecoChina2/rf/clm_rfVar_zone43.Rdata,clm_rfVar,0.0614834006365802,17,0.039924655799594,TRUE,FALSE,FALSE,Precipitation,Annual
climate,Tmin_wt,43,rf_var,Plain RF,0.0573022591739207,24.784619648662,0.123969500976422,24.0065918254081,167.763271152967,H:/Jing/ecoChina2/rf/clm_rfVar_zone43.Rdata,clm_rfVar,0.0573022591739207,18,0.0372096037364722,TRUE,FALSE,FALSE,Temperature,Winter
climate,CMD_sp,43,rf_var,Plain RF,0.0456662410342694,25.119714409232,0.102819467768506,24.8443979436023,59.6311390366703,H:/Jing/ecoChina2/rf/clm_rfVar_zone43.Rdata,clm_rfVar,0.0456662410342694,19,0.0296536778395072,TRUE,FALSE,FALSE,Climatic moisture balance,Spring
climate,RH_sm,43,rf_var,Plain RF,0.0453390527196665,23.0589697980666,0.102091291998815,22.6859236750243,95.2697800616086,H:/Jing/ecoChina2/rf/clm_rfVar_zone43.Rdata,clm_rfVar,0.0453390527196665,20,0.0294412159277242,TRUE,FALSE,FALSE,Humidity,Summer
climate,AHM,43,rf_var,Plain RF,0.0381541920861395,23.3613118240663,0.0838494551717491,22.3674582252051,87.4879602255559,H:/Jing/ecoChina2/rf/clm_rfVar_zone43.Rdata,clm_rfVar,0.0381541920861395,21,0.0247756788105246,TRUE,FALSE,FALSE,Climatic moisture balance,Annual
climate,TD,44,rf_var,Plain RF,0.106560356826918,52.2303699868738,0.166343872876403,51.6203435954192,541.959290828016,H:/Jing/ecoChina2/rf/clm_rfVar_zone44.Rdata,clm_rfVar,0.106560356826918,1,0.0863321745781136,TRUE,TRUE,TRUE,Temperature,Annual
climate,Tmin_wt,44,rf_var,Plain RF,0.0982925262225446,28.959858149963,0.150303693943933,28.6141676951902,956.639388984624,H:/Jing/ecoChina2/rf/clm_rfVar_zone44.Rdata,clm_rfVar,0.0982925262225446,2,0.0796338130450492,TRUE,TRUE,TRUE,Temperature,Winter
climate,DD_18_wt,44,rf_var,Plain RF,0.0927315286093735,27.8874965400954,0.123243566134372,26.5074833815016,972.31489509158,H:/Jing/ecoChina2/rf/clm_rfVar_zone44.Rdata,clm_rfVar,0.0927315286093735,3,0.0751284507220931,TRUE,TRUE,TRUE,Growing season and degree-days,Winter
climate,Tmax_wt,44,rf_var,Plain RF,0.0899055558010067,30.116904524558,0.10041617005929,27.9187992708407,777.137149565347,H:/Jing/ecoChina2/rf/clm_rfVar_zone44.Rdata,clm_rfVar,0.0899055558010067,4,0.0728389278159227,TRUE,TRUE,TRUE,Temperature,Winter
climate,PPT_at,44,rf_var,Plain RF,0.0884411136160756,35.8900277635484,0.14258171243352,36.8069921647546,1127.48109230449,H:/Jing/ecoChina2/rf/clm_rfVar_zone44.Rdata,clm_rfVar,0.0884411136160756,5,0.0716524783507207,TRUE,TRUE,TRUE,Precipitation,Autumn
climate,PPT_sp,44,rf_var,Plain RF,0.0791143079491316,35.7736048378095,0.153557330057043,39.3207604740591,611.067025298342,H:/Jing/ecoChina2/rf/clm_rfVar_zone44.Rdata,clm_rfVar,0.0791143079491316,6,0.0640961652989296,TRUE,FALSE,TRUE,Precipitation,Spring
climate,Eref_at,44,rf_var,Plain RF,0.0758748029146905,37.1124640358867,0.121336700105205,41.787107520077,307.084297802483,H:/Jing/ecoChina2/rf/clm_rfVar_zone44.Rdata,clm_rfVar,0.0758748029146905,7,0.0614716103283198,TRUE,FALSE,TRUE,Radiation and evaporative demand,Autumn
climate,CMD_wt,44,rf_var,Plain RF,0.0712215461597524,35.6792840653516,0.14435381541259,37.8761789318548,450.67114860706,H:/Jing/ecoChina2/rf/clm_rfVar_zone44.Rdata,clm_rfVar,0.0712215461597524,8,0.057701673867084,TRUE,FALSE,TRUE,Climatic moisture balance,Winter
climate,PPT_wt,44,rf_var,Plain RF,0.0586788241669787,44.0521397168959,0.140345204803322,42.2276784341847,478.266967143221,H:/Jing/ecoChina2/rf/clm_rfVar_zone44.Rdata,clm_rfVar,0.0586788241669787,9,0.0475399167464345,TRUE,FALSE,TRUE,Precipitation,Winter
climate,PPT_sm,44,rf_var,Plain RF,0.050235869458135,39.3665855731864,0.113401821410544,37.9133483198385,404.29047399126,H:/Jing/ecoChina2/rf/clm_rfVar_zone44.Rdata,clm_rfVar,0.050235869458135,10,0.0406996746377963,TRUE,FALSE,TRUE,Precipitation,Summer
climate,DD5_sm,44,rf_var,Plain RF,0.0457761224393074,36.9493594212837,0.0950164710531917,34.8415456578668,221.586985827916,H:/Jing/ecoChina2/rf/clm_rfVar_zone44.Rdata,clm_rfVar,0.0457761224393074,11,0.0370865142687012,TRUE,FALSE,FALSE,Growing season and degree-days,Summer
climate,DD18_sp,44,rf_var,Plain RF,0.0440168942326631,34.0059709527685,0.103659346706435,35.5754147395863,201.415420194572,H:/Jing/ecoChina2/rf/clm_rfVar_zone44.Rdata,clm_rfVar,0.0440168942326631,12,0.0356612375412082,TRUE,FALSE,FALSE,Growing season and degree-days,Spring
climate,DD18,44,rf_var,Plain RF,0.0425651515870604,32.9271806114093,0.0903526023432787,34.5077172469706,220.580731747548,H:/Jing/ecoChina2/rf/clm_rfVar_zone44.Rdata,clm_rfVar,0.0425651515870604,13,0.0344850768820783,TRUE,FALSE,FALSE,Growing season and degree-days,Annual
climate,Eref_sp,44,rf_var,Plain RF,0.0419522832209408,32.3654757682642,0.0830723433382789,36.6125010644184,189.379001048686,H:/Jing/ecoChina2/rf/clm_rfVar_zone44.Rdata,clm_rfVar,0.0419522832209408,14,0.0339885483385114,TRUE,FALSE,FALSE,Radiation and evaporative demand,Spring
climate,AHM,44,rf_var,Plain RF,0.038742967103686,42.4242067652103,0.0867960806700142,42.3205192683929,233.992275115878,H:/Jing/ecoChina2/rf/clm_rfVar_zone44.Rdata,clm_rfVar,0.038742967103686,15,0.0313884515711815,TRUE,FALSE,FALSE,Climatic moisture balance,Annual
climate,EXT,44,rf_var,Plain RF,0.0384884943066721,36.1311043351205,0.0768008252370853,38.4663176613292,166.415671918155,H:/Jing/ecoChina2/rf/clm_rfVar_zone44.Rdata,clm_rfVar,0.0384884943066721,16,0.0311822849385671,TRUE,FALSE,FALSE,Temperature,Annual
climate,MWMT,44,rf_var,Plain RF,0.0375234021773146,33.1602352596129,0.0720772698357968,31.7456634151525,168.526313654528,H:/Jing/ecoChina2/rf/clm_rfVar_zone44.Rdata,clm_rfVar,0.0375234021773146,17,0.0304003947058703,TRUE,FALSE,FALSE,Temperature,Annual
climate,CMD_sp,44,rf_var,Plain RF,0.0372730194742774,39.0584719327395,0.0802739454894564,39.5741636072779,121.231538378364,H:/Jing/ecoChina2/rf/clm_rfVar_zone44.Rdata,clm_rfVar,0.0372730194742774,18,0.0301975417512293,TRUE,FALSE,FALSE,Climatic moisture balance,Spring
climate,Eref_sm,44,rf_var,Plain RF,0.0335956561794668,36.1831554388612,0.0672445069009697,49.2584786407041,169.411684471859,H:/Jing/ecoChina2/rf/clm_rfVar_zone44.Rdata,clm_rfVar,0.0335956561794668,19,0.0272182464541011,TRUE,FALSE,FALSE,Radiation and evaporative demand,Summer
climate,CMD_at,44,rf_var,Plain RF,0.0327175079643331,44.8790535717055,0.0727666859623573,44.8532289585892,143.830887430082,H:/Jing/ecoChina2/rf/clm_rfVar_zone44.Rdata,clm_rfVar,0.0327175079643331,20,0.0265067957113307,TRUE,FALSE,FALSE,Climatic moisture balance,Autumn
climate,CMD,44,rf_var,Plain RF,0.0305984837122759,44.4640127940286,0.0671044802976642,45.7797269066725,159.80510396111,H:/Jing/ecoChina2/rf/clm_rfVar_zone44.Rdata,clm_rfVar,0.0305984837122759,21,0.0247900224467573,TRUE,FALSE,FALSE,Climatic moisture balance,Annual
climate,TD,45,rf_var,Plain RF,0.176190768112626,92.700269710931,0.36734429216434,101.753696975869,1465.94059203724,H:/Jing/ecoChina2/rf/clm_rfVar_zone45.Rdata,clm_rfVar,0.176190768112626,1,0.110070104079024,TRUE,TRUE,TRUE,Temperature,Annual
climate,EXT,45,rf_var,Plain RF,0.136041981996903,40.8965124751059,0.267056031607354,37.2644429125162,1317.57307719935,H:/Jing/ecoChina2/rf/clm_rfVar_zone45.Rdata,clm_rfVar,0.136041981996903,2,0.0849883071509395,TRUE,TRUE,TRUE,Temperature,Annual
climate,Tmax_sp,45,rf_var,Plain RF,0.108491639863015,32.1983342255037,0.220934208397632,32.2239921687978,490.740742002972,H:/Jing/ecoChina2/rf/clm_rfVar_zone45.Rdata,clm_rfVar,0.108491639863015,3,0.0677770249789284,TRUE,TRUE,TRUE,Temperature,Spring
climate,DD_18_sp,45,rf_var,Plain RF,0.102853832606704,33.02514917874,0.209602482847706,32.5796775090163,419.96298256041,H:/Jing/ecoChina2/rf/clm_rfVar_zone45.Rdata,clm_rfVar,0.102853832606704,4,0.0642549673925576,TRUE,TRUE,TRUE,Growing season and degree-days,Spring
climate,PPT_at,45,rf_var,Plain RF,0.102159970578251,61.1250211279979,0.22845122722972,60.2884108652505,253.259457292027,H:/Jing/ecoChina2/rf/clm_rfVar_zone45.Rdata,clm_rfVar,0.102159970578251,5,0.0638214970892807,TRUE,TRUE,TRUE,Precipitation,Autumn
climate,PPT_sp,45,rf_var,Plain RF,0.0931699391486413,64.8889777137616,0.201320930581533,63.5512495292356,206.759204564878,H:/Jing/ecoChina2/rf/clm_rfVar_zone45.Rdata,clm_rfVar,0.0931699391486413,6,0.0582052340709014,TRUE,FALSE,TRUE,Precipitation,Spring
climate,MAP,45,rf_var,Plain RF,0.0897198110149429,53.3480622664055,0.190668111772285,53.9919744696806,273.202896238387,H:/Jing/ecoChina2/rf/clm_rfVar_zone45.Rdata,clm_rfVar,0.0897198110149429,7,0.0560498659614929,TRUE,FALSE,TRUE,Precipitation,Annual
climate,RH_wt,45,rf_var,Plain RF,0.0858659865166828,37.3977300902761,0.18476896087026,37.2619188162623,555.509051636678,H:/Jing/ecoChina2/rf/clm_rfVar_zone45.Rdata,clm_rfVar,0.0858659865166828,8,0.0536423001839566,TRUE,FALSE,TRUE,Humidity,Winter
climate,PPT_sm,45,rf_var,Plain RF,0.0752691661202356,55.1499580876179,0.158328662951278,55.4573884981575,216.56757084427,H:/Jing/ecoChina2/rf/clm_rfVar_zone45.Rdata,clm_rfVar,0.0752691661202356,9,0.0470222420705935,TRUE,FALSE,TRUE,Precipitation,Summer
climate,Tmax_wt,45,rf_var,Plain RF,0.0650932049236905,41.366872277304,0.136197947158495,38.6406752577651,338.155100858188,H:/Jing/ecoChina2/rf/clm_rfVar_zone45.Rdata,clm_rfVar,0.0650932049236905,10,0.0406651036120571,TRUE,FALSE,TRUE,Temperature,Winter
climate,CMD_sp,45,rf_var,Plain RF,0.0629208216687217,44.2917293393078,0.137945448966946,45.0410241169949,205.13585983451,H:/Jing/ecoChina2/rf/clm_rfVar_zone45.Rdata,clm_rfVar,0.0629208216687217,11,0.0393079697875363,TRUE,FALSE,FALSE,Climatic moisture balance,Spring
climate,EMT,45,rf_var,Plain RF,0.0568976421406802,35.2410802922981,0.114672568395314,33.191370391462,307.743922609754,H:/Jing/ecoChina2/rf/clm_rfVar_zone45.Rdata,clm_rfVar,0.0568976421406802,12,0.0355451619818834,TRUE,FALSE,FALSE,Temperature,Annual
climate,DD_18_wt,45,rf_var,Plain RF,0.0564397318954722,35.2339260609647,0.111582490142569,33.2857473922747,316.647290535587,H:/Jing/ecoChina2/rf/clm_rfVar_zone45.Rdata,clm_rfVar,0.0564397318954722,13,0.0352590957544141,TRUE,FALSE,FALSE,Growing season and degree-days,Winter
climate,Tmin_wt,45,rf_var,Plain RF,0.0540957839044487,33.7095201474339,0.110113723183038,31.9592722057273,255.521705206073,H:/Jing/ecoChina2/rf/clm_rfVar_zone45.Rdata,clm_rfVar,0.0540957839044487,14,0.0337947818060076,TRUE,FALSE,FALSE,Temperature,Winter
climate,DD_0_wt,45,rf_var,Plain RF,0.052824651322315,35.5565301312946,0.105766248676263,33.0728069587918,259.623931310391,H:/Jing/ecoChina2/rf/clm_rfVar_zone45.Rdata,clm_rfVar,0.052824651322315,15,0.0330006783628337,TRUE,FALSE,FALSE,Growing season and degree-days,Winter
climate,PPT_wt,45,rf_var,Plain RF,0.0528205084829907,47.652929683998,0.105378854410878,44.154062696729,156.044887502721,H:/Jing/ecoChina2/rf/clm_rfVar_zone45.Rdata,clm_rfVar,0.0528205084829907,16,0.0329980902433738,TRUE,FALSE,FALSE,Precipitation,Winter
climate,RH_sm,45,rf_var,Plain RF,0.0514291784861975,58.1405462371655,0.111155082013042,56.8698502115193,254.737354530619,H:/Jing/ecoChina2/rf/clm_rfVar_zone45.Rdata,clm_rfVar,0.0514291784861975,17,0.0321288969298092,TRUE,FALSE,FALSE,Humidity,Summer
climate,MCMT,45,rf_var,Plain RF,0.0465852768612286,30.4410505542288,0.0876693674746577,27.3831294540134,295.213003920011,H:/Jing/ecoChina2/rf/clm_rfVar_zone45.Rdata,clm_rfVar,0.0465852768612286,18,0.0291028090040896,TRUE,FALSE,FALSE,Temperature,Annual
climate,Eref_at,45,rf_var,Plain RF,0.045569963380905,29.1226887470211,0.0879441573880847,28.8901936582116,240.896036140187,H:/Jing/ecoChina2/rf/clm_rfVar_zone45.Rdata,clm_rfVar,0.045569963380905,19,0.028468521171366,TRUE,FALSE,FALSE,Radiation and evaporative demand,Autumn
climate,CMD,45,rf_var,Plain RF,0.0451277535004719,29.7116211323958,0.0932242901285125,29.125608548589,220.934302383868,H:/Jing/ecoChina2/rf/clm_rfVar_zone45.Rdata,clm_rfVar,0.0451277535004719,20,0.0281922632942624,TRUE,FALSE,FALSE,Climatic moisture balance,Annual
climate,PAS_wt,45,rf_var,Plain RF,0.0411464922433324,32.5053084776421,0.089769986953977,30.7917470193445,106.007887479025,H:/Jing/ecoChina2/rf/clm_rfVar_zone45.Rdata,clm_rfVar,0.0411464922433324,21,0.0257050850746919,TRUE,FALSE,FALSE,Snowfall,Winter
climate,TD,46,rf_var,Plain RF,0.134994020808162,62.4139835107713,0.252545779840336,67.322048206748,1436.55588213199,H:/Jing/ecoChina2/rf/clm_rfVar_zone46.Rdata,clm_rfVar,0.134994020808162,1,0.113487312591215,TRUE,TRUE,TRUE,Temperature,Annual
climate,EXT,46,rf_var,Plain RF,0.109633314728727,39.1315102140138,0.198986688895143,34.9046164328792,1249.37109129954,H:/Jing/ecoChina2/rf/clm_rfVar_zone46.Rdata,clm_rfVar,0.109633314728727,2,0.0921669729114241,TRUE,TRUE,TRUE,Temperature,Annual
climate,DD5_sm,46,rf_var,Plain RF,0.0935322871243671,34.9646426736221,0.165785048428133,30.8686783005736,738.314109155049,H:/Jing/ecoChina2/rf/clm_rfVar_zone46.Rdata,clm_rfVar,0.0935322871243671,3,0.0786310967160443,TRUE,TRUE,TRUE,Growing season and degree-days,Summer
climate,Tmax_sm,46,rf_var,Plain RF,0.0883968202667472,33.6084915384676,0.167527909257256,29.5101636013308,992.053606142013,H:/Jing/ecoChina2/rf/clm_rfVar_zone46.Rdata,clm_rfVar,0.0883968202667472,4,0.0743137919266659,TRUE,TRUE,TRUE,Temperature,Summer
climate,PPT_at,46,rf_var,Plain RF,0.077727515792167,39.2123370073175,0.138502305545451,34.6256887685972,807.730935068467,H:/Jing/ecoChina2/rf/clm_rfVar_zone46.Rdata,clm_rfVar,0.077727515792167,5,0.0653442784268182,TRUE,TRUE,TRUE,Precipitation,Autumn
climate,PPT_sm,46,rf_var,Plain RF,0.076844175747184,63.6503022586534,0.159858064618939,66.0402474462179,441.240438950328,H:/Jing/ecoChina2/rf/clm_rfVar_zone46.Rdata,clm_rfVar,0.076844175747184,6,0.0646016685896627,TRUE,FALSE,TRUE,Precipitation,Summer
climate,MAP,46,rf_var,Plain RF,0.0746551988192472,40.0920220451058,0.141466841223008,37.972065366506,625.807405097063,H:/Jing/ecoChina2/rf/clm_rfVar_zone46.Rdata,clm_rfVar,0.0746551988192472,7,0.0627614307229148,TRUE,FALSE,TRUE,Precipitation,Annual
climate,Tmax_wt,46,rf_var,Plain RF,0.0584505067549253,39.5744153256798,0.113650072571817,36.9397808981604,287.086682111187,H:/Jing/ecoChina2/rf/clm_rfVar_zone46.Rdata,clm_rfVar,0.0584505067549253,8,0.0491384054752893,TRUE,FALSE,TRUE,Temperature,Winter
climate,PPT_sp,46,rf_var,Plain RF,0.0498494801467747,44.7642251519836,0.0919312082696926,38.5163441462763,512.692516620546,H:/Jing/ecoChina2/rf/clm_rfVar_zone46.Rdata,clm_rfVar,0.0498494801467747,9,0.0419076600730788,TRUE,FALSE,TRUE,Precipitation,Spring
climate,EMT,46,rf_var,Plain RF,0.0452819980423714,35.2495599402196,0.0811496030080769,36.8839662240827,262.783447129098,H:/Jing/ecoChina2/rf/clm_rfVar_zone46.Rdata,clm_rfVar,0.0452819980423714,10,0.0380678509746164,TRUE,FALSE,TRUE,Temperature,Annual
climate,Tmin_at,46,rf_var,Plain RF,0.0450257092470451,29.0221872639034,0.0729514976355053,27.7920564385408,265.256527909498,H:/Jing/ecoChina2/rf/clm_rfVar_zone46.Rdata,clm_rfVar,0.0450257092470451,11,0.0378523930865211,TRUE,FALSE,FALSE,Temperature,Autumn
climate,DD_18_wt,46,rf_var,Plain RF,0.0414799375999227,34.4354120628312,0.0750502702375833,32.2679400281362,142.686453773702,H:/Jing/ecoChina2/rf/clm_rfVar_zone46.Rdata,clm_rfVar,0.0414799375999227,12,0.0348715196160887,TRUE,FALSE,FALSE,Growing season and degree-days,Winter
climate,DD_0_wt,46,rf_var,Plain RF,0.0396889526591513,34.2416608174518,0.0731506744991013,33.4407680987798,162.119077334909,H:/Jing/ecoChina2/rf/clm_rfVar_zone46.Rdata,clm_rfVar,0.0396889526591513,13,0.0333658672427268,TRUE,FALSE,FALSE,Growing season and degree-days,Winter
climate,Tmin_wt,46,rf_var,Plain RF,0.0391158069322802,36.5627046674564,0.0739551402631027,34.0107463435689,181.21906407127,H:/Jing/ecoChina2/rf/clm_rfVar_zone46.Rdata,clm_rfVar,0.0391158069322802,14,0.0328840328038653,TRUE,FALSE,FALSE,Temperature,Winter
climate,DD_0,46,rf_var,Plain RF,0.0366203731259461,32.6748687276328,0.0696253430255741,32.0326335351154,151.431103548274,H:/Jing/ecoChina2/rf/clm_rfVar_zone46.Rdata,clm_rfVar,0.0366203731259461,15,0.0307861615445703,TRUE,FALSE,FALSE,Growing season and degree-days,Annual
climate,Eref_at,46,rf_var,Plain RF,0.0343636003869525,37.7764967912221,0.0678956039666147,36.2723167068045,197.246351702551,H:/Jing/ecoChina2/rf/clm_rfVar_zone46.Rdata,clm_rfVar,0.0343636003869525,16,0.0288889288246007,TRUE,FALSE,FALSE,Radiation and evaporative demand,Autumn
climate,PPT_wt,46,rf_var,Plain RF,0.0341466316312227,38.0867001370044,0.0440129490352982,49.1335860306856,170.32293508345,H:/Jing/ecoChina2/rf/clm_rfVar_zone46.Rdata,clm_rfVar,0.0341466316312227,17,0.0287065266644412,TRUE,FALSE,FALSE,Precipitation,Winter
climate,DD_0_sp,46,rf_var,Plain RF,0.0340189118982774,30.9101748846185,0.0720824286784484,31.4797051901908,131.06420666403,H:/Jing/ecoChina2/rf/clm_rfVar_zone46.Rdata,clm_rfVar,0.0340189118982774,18,0.0285991547292246,TRUE,FALSE,FALSE,Growing season and degree-days,Spring
climate,CMD_sp,46,rf_var,Plain RF,0.0286867513241962,33.7427148373123,0.0615090201191337,33.649561684049,131.232602607432,H:/Jing/ecoChina2/rf/clm_rfVar_zone46.Rdata,clm_rfVar,0.0286867513241962,19,0.0241164926806792,TRUE,FALSE,FALSE,Climatic moisture balance,Spring
climate,RH_sm,46,rf_var,Plain RF,0.0260156020951943,38.8110586300527,0.0493428122896893,38.316962900411,121.367667068882,H:/Jing/ecoChina2/rf/clm_rfVar_zone46.Rdata,clm_rfVar,0.0260156020951943,20,0.0218709002780326,TRUE,FALSE,FALSE,Humidity,Summer
climate,RH_at,46,rf_var,Plain RF,0.020980004669437,34.9768481612621,0.0436721169975461,33.0687585358987,119.512178383091,H:/Jing/ecoChina2/rf/clm_rfVar_zone46.Rdata,clm_rfVar,0.020980004669437,21,0.0176375541215199,TRUE,FALSE,FALSE,Humidity,Autumn
climate,Eref_wt,47,rf_var,Plain RF,0.156694158165662,39.9435041762629,0.237933824899978,46.0169196265927,1221.66848734561,H:/Jing/ecoChina2/rf/clm_rfVar_zone47.Rdata,clm_rfVar,0.156694158165662,1,0.118672626684635,TRUE,TRUE,TRUE,Radiation and evaporative demand,Winter
climate,DD_18_wt,47,rf_var,Plain RF,0.135473154674774,33.0215353627363,0.179617363980198,30.9456999939088,1024.14792178056,H:/Jing/ecoChina2/rf/clm_rfVar_zone47.Rdata,clm_rfVar,0.135473154674774,2,0.102600858249688,TRUE,TRUE,TRUE,Growing season and degree-days,Winter
climate,Tmin_wt,47,rf_var,Plain RF,0.124887318347252,30.3425751923304,0.149078639202833,30.4663170437798,776.596101709153,H:/Jing/ecoChina2/rf/clm_rfVar_zone47.Rdata,clm_rfVar,0.124887318347252,3,0.094583654434645,TRUE,TRUE,TRUE,Temperature,Winter
climate,Eref_at,47,rf_var,Plain RF,0.0851898400630835,40.4843441704958,0.158745838569188,48.0604200544367,391.374836955623,H:/Jing/ecoChina2/rf/clm_rfVar_zone47.Rdata,clm_rfVar,0.0851898400630835,4,0.0645186917334962,TRUE,TRUE,TRUE,Radiation and evaporative demand,Autumn
climate,DD_18_sp,47,rf_var,Plain RF,0.0825561587544303,31.464481278104,0.152827187387849,36.0152202029191,374.751989611476,H:/Jing/ecoChina2/rf/clm_rfVar_zone47.Rdata,clm_rfVar,0.0825561587544303,5,0.0625240680512421,TRUE,TRUE,TRUE,Growing season and degree-days,Spring
climate,PPT_sp,47,rf_var,Plain RF,0.0810209247657437,43.1332781535602,0.152334072630218,42.9093782029238,493.066038371638,H:/Jing/ecoChina2/rf/clm_rfVar_zone47.Rdata,clm_rfVar,0.0810209247657437,6,0.0613613555918513,TRUE,FALSE,TRUE,Precipitation,Spring
climate,TD,47,rf_var,Plain RF,0.080264477627505,39.6671177786119,0.146964490619073,35.8782053258233,292.463301838293,H:/Jing/ecoChina2/rf/clm_rfVar_zone47.Rdata,clm_rfVar,0.080264477627505,7,0.0607884588744896,TRUE,FALSE,TRUE,Temperature,Annual
climate,PPT_at,47,rf_var,Plain RF,0.0628253645591149,29.9304847978122,0.122798371936391,28.7486215335156,686.759888952059,H:/Jing/ecoChina2/rf/clm_rfVar_zone47.Rdata,clm_rfVar,0.0628253645591149,8,0.0475809125364302,TRUE,FALSE,TRUE,Precipitation,Autumn
climate,DD5,47,rf_var,Plain RF,0.0573486543227564,31.0068097869476,0.107982599777047,34.6018403580727,307.512659019395,H:/Jing/ecoChina2/rf/clm_rfVar_zone47.Rdata,clm_rfVar,0.0573486543227564,9,0.0434331153438115,TRUE,FALSE,TRUE,Growing season and degree-days,Annual
climate,MAP,47,rf_var,Plain RF,0.0569897846562628,30.6668374049157,0.10065526405774,29.4380625092593,710.050510222496,H:/Jing/ecoChina2/rf/clm_rfVar_zone47.Rdata,clm_rfVar,0.0569897846562628,10,0.0431613247010792,TRUE,FALSE,TRUE,Precipitation,Annual
climate,PPT_wt,47,rf_var,Plain RF,0.0564863412685969,45.6475240112726,0.115379151721756,42.720485437377,402.05969339531,H:/Jing/ecoChina2/rf/clm_rfVar_zone47.Rdata,clm_rfVar,0.0564863412685969,11,0.0427800408682885,TRUE,FALSE,FALSE,Precipitation,Winter
climate,CMD_sp,47,rf_var,Plain RF,0.0450733659586761,37.7543021226744,0.0965520509487169,35.6761045889513,116.895366367102,H:/Jing/ecoChina2/rf/clm_rfVar_zone47.Rdata,clm_rfVar,0.0450733659586761,12,0.0341364017296598,TRUE,FALSE,FALSE,Climatic moisture balance,Spring
climate,DD18,47,rf_var,Plain RF,0.0421800391111399,28.9770128506019,0.0817862430350586,32.6270418687962,247.478866860755,H:/Jing/ecoChina2/rf/clm_rfVar_zone47.Rdata,clm_rfVar,0.0421800391111399,13,0.0319451349914877,TRUE,FALSE,FALSE,Growing season and degree-days,Annual
climate,AHM,47,rf_var,Plain RF,0.0369342532259834,33.5124307416382,0.0815895154238172,32.7633102774544,142.470233735853,H:/Jing/ecoChina2/rf/clm_rfVar_zone47.Rdata,clm_rfVar,0.0369342532259834,14,0.027972228807209,TRUE,FALSE,FALSE,Climatic moisture balance,Annual
climate,DD5_sm,47,rf_var,Plain RF,0.0366739977977819,30.6385412249726,0.0775800989623581,28.6211964670404,141.640246070146,H:/Jing/ecoChina2/rf/clm_rfVar_zone47.Rdata,clm_rfVar,0.0366739977977819,15,0.0277751238504246,TRUE,FALSE,FALSE,Growing season and degree-days,Summer
climate,DD18_sm,47,rf_var,Plain RF,0.0360577893751711,30.9819655327605,0.0768246457084558,29.7050277541857,130.718765910921,H:/Jing/ecoChina2/rf/clm_rfVar_zone47.Rdata,clm_rfVar,0.0360577893751711,16,0.0273084371982068,TRUE,FALSE,FALSE,Growing season and degree-days,Summer
climate,PPT_sm,47,rf_var,Plain RF,0.0337282629906077,40.654751783685,0.0760223763598566,39.3096555989444,205.578068568952,H:/Jing/ecoChina2/rf/clm_rfVar_zone47.Rdata,clm_rfVar,0.0337282629906077,17,0.0255441658416766,TRUE,FALSE,FALSE,Precipitation,Summer
climate,Eref_sm,47,rf_var,Plain RF,0.0288915649814197,38.1233385129647,0.0659297627872386,37.584103995899,114.400122011316,H:/Jing/ecoChina2/rf/clm_rfVar_zone47.Rdata,clm_rfVar,0.0288915649814197,18,0.0218810831591438,TRUE,FALSE,FALSE,Radiation and evaporative demand,Summer
climate,CMD,47,rf_var,Plain RF,0.0288679482652204,36.3251403395511,0.0621616622292379,35.1932196905732,114.172569162344,H:/Jing/ecoChina2/rf/clm_rfVar_zone47.Rdata,clm_rfVar,0.0288679482652204,19,0.0218631969930107,TRUE,FALSE,FALSE,Climatic moisture balance,Annual
climate,Tmax_sm,47,rf_var,Plain RF,0.0276994403721986,31.5801349553309,0.0562349936590252,29.5287189037057,136.216495936241,H:/Jing/ecoChina2/rf/clm_rfVar_zone47.Rdata,clm_rfVar,0.0276994403721986,20,0.0209782252583273,TRUE,FALSE,FALSE,Temperature,Summer
climate,CMD_at,47,rf_var,Plain RF,0.0245472333326675,31.5762883311223,0.0565281437022778,31.0271242237252,107.47697892833,H:/Jing/ecoChina2/rf/clm_rfVar_zone47.Rdata,clm_rfVar,0.0245472333326675,21,0.0185908951011975,TRUE,FALSE,FALSE,Climatic moisture balance,Autumn
climate,PPT_wt,48,rf_var,Plain RF,0.124150981599791,27.0497335343772,0.25703357620827,26.3349707447074,240.059723703797,H:/Jing/ecoChina2/rf/clm_rfVar_zone48.Rdata,clm_rfVar,0.124150981599791,1,0.0934866567158406,TRUE,TRUE,TRUE,Precipitation,Winter
climate,RH_sm,48,rf_var,Plain RF,0.106215814898121,24.0343515447633,0.240454569486978,23.7575598614149,64.5609531074434,H:/Jing/ecoChina2/rf/clm_rfVar_zone48.Rdata,clm_rfVar,0.106215814898121,2,0.0799813364116864,TRUE,TRUE,TRUE,Humidity,Summer
climate,RH_sp,48,rf_var,Plain RF,0.101763624319436,20.4191361499596,0.197589796679718,19.9283900496381,201.931327751568,H:/Jing/ecoChina2/rf/clm_rfVar_zone48.Rdata,clm_rfVar,0.101763624319436,3,0.0766288022077703,TRUE,TRUE,TRUE,Humidity,Spring
climate,Tmin_sm,48,rf_var,Plain RF,0.0858766622426763,19.3366636884318,0.177076630554619,18.3858992952062,85.4893530965225,H:/Jing/ecoChina2/rf/clm_rfVar_zone48.Rdata,clm_rfVar,0.0858766622426763,4,0.0646657959488643,TRUE,TRUE,TRUE,Temperature,Summer
climate,PPT_sp,48,rf_var,Plain RF,0.0848991383429729,20.2460619472718,0.165548257780046,18.609703082239,197.130436737249,H:/Jing/ecoChina2/rf/clm_rfVar_zone48.Rdata,clm_rfVar,0.0848991383429729,5,0.063929712834051,TRUE,TRUE,TRUE,Precipitation,Spring
climate,RH_wt,48,rf_var,Plain RF,0.0739533471035731,17.4813109040823,0.156095451091114,17.8602014994581,121.567379923924,H:/Jing/ecoChina2/rf/clm_rfVar_zone48.Rdata,clm_rfVar,0.0739533471035731,6,0.0556874467247128,TRUE,FALSE,TRUE,Humidity,Winter
climate,TD,48,rf_var,Plain RF,0.0735861218820566,24.1216519252572,0.166176366801671,23.7373937012174,26.5242536208684,H:/Jing/ecoChina2/rf/clm_rfVar_zone48.Rdata,clm_rfVar,0.0735861218820566,7,0.0554109232709396,TRUE,FALSE,TRUE,Temperature,Annual
climate,CMD,48,rf_var,Plain RF,0.0730268408052267,21.6941542934867,0.162218391686032,21.497016560467,27.2244202031549,H:/Jing/ecoChina2/rf/clm_rfVar_zone48.Rdata,clm_rfVar,0.0730268408052267,8,0.0549897802613272,TRUE,FALSE,TRUE,Climatic moisture balance,Annual
climate,RH,48,rf_var,Plain RF,0.0628197283093981,16.7336877026245,0.131665208858746,16.4844635232859,126.130673000327,H:/Jing/ecoChina2/rf/clm_rfVar_zone48.Rdata,clm_rfVar,0.0628197283093981,9,0.0473037450027941,TRUE,FALSE,TRUE,Humidity,Annual
climate,MAP,48,rf_var,Plain RF,0.0560050879056111,17.4840860678509,0.117747423403221,16.4462177532392,64.7069447833702,H:/Jing/ecoChina2/rf/clm_rfVar_zone48.Rdata,clm_rfVar,0.0560050879056111,10,0.0421722676688138,TRUE,FALSE,TRUE,Precipitation,Annual
climate,PPT_at,48,rf_var,Plain RF,0.0554919960290576,18.253082331397,0.105289956459673,17.666115846147,26.363627344189,H:/Jing/ecoChina2/rf/clm_rfVar_zone48.Rdata,clm_rfVar,0.0554919960290576,11,0.0417859054869852,TRUE,FALSE,FALSE,Precipitation,Autumn
climate,CMD_sm,48,rf_var,Plain RF,0.0531781633979971,21.6905510020323,0.119231693979961,21.3036499779483,13.9599353635363,H:/Jing/ecoChina2/rf/clm_rfVar_zone48.Rdata,clm_rfVar,0.0531781633979971,12,0.0400435714829324,TRUE,FALSE,FALSE,Climatic moisture balance,Summer
climate,DD18_sm,48,rf_var,Plain RF,0.0527320679036328,14.7859107103158,0.115288578396523,14.3956135287505,59.727511931347,H:/Jing/ecoChina2/rf/clm_rfVar_zone48.Rdata,clm_rfVar,0.0527320679036328,13,0.0397076580990289,TRUE,FALSE,FALSE,Growing season and degree-days,Summer
climate,DD_18_wt,48,rf_var,Plain RF,0.052286712784598,16.0072267894171,0.113840115641246,15.2287649424019,36.2561820768644,H:/Jing/ecoChina2/rf/clm_rfVar_zone48.Rdata,clm_rfVar,0.052286712784598,14,0.0393723022235187,TRUE,FALSE,FALSE,Growing season and degree-days,Winter
climate,EXT,48,rf_var,Plain RF,0.0510458571560373,15.6993115181565,0.114698830049057,15.1873995443803,15.1366214159195,H:/Jing/ecoChina2/rf/clm_rfVar_zone48.Rdata,clm_rfVar,0.0510458571560373,15,0.038437928264599,TRUE,FALSE,FALSE,Temperature,Annual
climate,DD5_sm,48,rf_var,Plain RF,0.050544730507976,14.8505295272803,0.105674538980076,13.9605368221244,63.8407032815133,H:/Jing/ecoChina2/rf/clm_rfVar_zone48.Rdata,clm_rfVar,0.050544730507976,16,0.0380605759930761,TRUE,FALSE,FALSE,Growing season and degree-days,Summer
climate,MCMT,48,rf_var,Plain RF,0.0447456236032467,15.1464692731809,0.0964913868274301,14.3759460823429,22.9926985436752,H:/Jing/ecoChina2/rf/clm_rfVar_zone48.Rdata,clm_rfVar,0.0447456236032467,17,0.0336938032984509,TRUE,FALSE,FALSE,Temperature,Annual
climate,AHM,48,rf_var,Plain RF,0.0434719085191977,17.4548667815619,0.096585645172283,16.9099255717033,11.9340732165339,H:/Jing/ecoChina2/rf/clm_rfVar_zone48.Rdata,clm_rfVar,0.0434719085191977,18,0.0327346859134581,TRUE,FALSE,FALSE,Climatic moisture balance,Annual
climate,CMD_at,48,rf_var,Plain RF,0.0308291194443308,21.9112755030837,0.0690217132978988,21.5988857310322,16.1839379370013,H:/Jing/ecoChina2/rf/clm_rfVar_zone48.Rdata,clm_rfVar,0.0308291194443308,19,0.0232145672084534,TRUE,FALSE,FALSE,Climatic moisture balance,Autumn
climate,PPT_sm,48,rf_var,Plain RF,0.0298438446226541,14.9563867500037,0.062894101937564,13.7892528351902,24.891046879219,H:/Jing/ecoChina2/rf/clm_rfVar_zone48.Rdata,clm_rfVar,0.0298438446226541,20,0.0224726475889874,TRUE,FALSE,FALSE,Precipitation,Summer
climate,Eref_sm,48,rf_var,Plain RF,0.0215401321654701,18.1119375686458,0.0455125601595978,17.3523748293916,15.554346619611,H:/Jing/ecoChina2/rf/clm_rfVar_zone48.Rdata,clm_rfVar,0.0215401321654701,21,0.0162198873937098,TRUE,FALSE,FALSE,Radiation and evaporative demand,Summer
climate,MAP,49,rf_var,Plain RF,0.100635773126138,33.3592687954722,0.150485436727615,37.3648845607673,1347.75865974018,H:/Jing/ecoChina2/rf/clm_rfVar_zone49.Rdata,clm_rfVar,0.100635773126138,1,0.102892913322382,TRUE,TRUE,TRUE,Precipitation,Annual
climate,Tmax_wt,49,rf_var,Plain RF,0.0956932328584703,31.9652677467961,0.120252350670658,31.8960992698071,946.966283276977,H:/Jing/ecoChina2/rf/clm_rfVar_zone49.Rdata,clm_rfVar,0.0956932328584703,2,0.0978395177796644,TRUE,TRUE,TRUE,Temperature,Winter
climate,PPT_sp,49,rf_var,Plain RF,0.0920238008323705,32.4516148192185,0.130892638215028,35.5288008794043,599.051333093768,H:/Jing/ecoChina2/rf/clm_rfVar_zone49.Rdata,clm_rfVar,0.0920238008323705,3,0.0940877847758286,TRUE,TRUE,TRUE,Precipitation,Spring
climate,Eref_wt,49,rf_var,Plain RF,0.0898496486576001,30.493092835975,0.115015231297663,32.1070647634443,982.002802253527,H:/Jing/ecoChina2/rf/clm_rfVar_zone49.Rdata,clm_rfVar,0.0898496486576001,4,0.0918648689644906,TRUE,TRUE,TRUE,Radiation and evaporative demand,Winter
climate,TD,49,rf_var,Plain RF,0.0896675518554076,44.5485831964606,0.144850143327014,37.9016906093247,586.245211836245,H:/Jing/ecoChina2/rf/clm_rfVar_zone49.Rdata,clm_rfVar,0.0896675518554076,5,0.0916786879485134,TRUE,TRUE,TRUE,Temperature,Annual
climate,PPT_sm,49,rf_var,Plain RF,0.05231621352535,36.7016094441065,0.103337179570667,37.3111578507649,726.748012164187,H:/Jing/ecoChina2/rf/clm_rfVar_zone49.Rdata,clm_rfVar,0.05231621352535,6,0.0534896037105212,TRUE,FALSE,TRUE,Precipitation,Summer
climate,PPT_wt,49,rf_var,Plain RF,0.0500821953404608,33.883480597145,0.102151745558089,35.3083983758411,481.553863187267,H:/Jing/ecoChina2/rf/clm_rfVar_zone49.Rdata,clm_rfVar,0.0500821953404608,7,0.0512054791659587,TRUE,FALSE,TRUE,Precipitation,Winter
climate,AHM,49,rf_var,Plain RF,0.0495569212344476,37.5650029599251,0.108418174894279,36.4263667104723,266.106344933217,H:/Jing/ecoChina2/rf/clm_rfVar_zone49.Rdata,clm_rfVar,0.0495569212344476,8,0.0506684237891122,TRUE,FALSE,TRUE,Climatic moisture balance,Annual
climate,EXT,49,rf_var,Plain RF,0.0362849783798972,34.6632998634087,0.0771753116225567,34.2816589525636,122.624952872576,H:/Jing/ecoChina2/rf/clm_rfVar_zone49.Rdata,clm_rfVar,0.0362849783798972,9,0.0370988071077636,TRUE,FALSE,TRUE,Temperature,Annual
climate,Tmin_sm,49,rf_var,Plain RF,0.0337649712892153,31.1143344924702,0.0594777759223494,31.910893688837,239.663987553962,H:/Jing/ecoChina2/rf/clm_rfVar_zone49.Rdata,clm_rfVar,0.0337649712892153,10,0.0345222792678242,TRUE,FALSE,TRUE,Temperature,Summer
climate,DD5_sm,49,rf_var,Plain RF,0.0334506930539642,35.4266405871846,0.0647700846178921,35.5477530516732,196.689151736493,H:/Jing/ecoChina2/rf/clm_rfVar_zone49.Rdata,clm_rfVar,0.0334506930539642,11,0.0342009521471166,TRUE,FALSE,FALSE,Growing season and degree-days,Summer
climate,DD18_sm,49,rf_var,Plain RF,0.0322879376566665,28.9929675358647,0.0616414180267643,31.9480868731823,176.700773924271,H:/Jing/ecoChina2/rf/clm_rfVar_zone49.Rdata,clm_rfVar,0.0322879376566665,12,0.0330121175350018,TRUE,FALSE,FALSE,Growing season and degree-days,Summer
climate,DD18,49,rf_var,Plain RF,0.0289161708562041,31.3189508240999,0.0546916615289346,37.4777087188483,154.12928214583,H:/Jing/ecoChina2/rf/clm_rfVar_zone49.Rdata,clm_rfVar,0.0289161708562041,13,0.0295647260322962,TRUE,FALSE,FALSE,Growing season and degree-days,Annual
climate,MWMT,49,rf_var,Plain RF,0.0276988891737854,33.4425765039863,0.0545534387957402,30.7061936692207,146.135026050649,H:/Jing/ecoChina2/rf/clm_rfVar_zone49.Rdata,clm_rfVar,0.0276988891737854,14,0.028320142175609,TRUE,FALSE,FALSE,Temperature,Annual
climate,RH_wt,49,rf_var,Plain RF,0.027351116044398,28.5779944462171,0.0474646586067166,32.169154313472,221.063328304339,H:/Jing/ecoChina2/rf/clm_rfVar_zone49.Rdata,clm_rfVar,0.027351116044398,15,0.0279645689102944,TRUE,FALSE,FALSE,Humidity,Winter
climate,DD18_sp,49,rf_var,Plain RF,0.0271867167098204,27.3848531542584,0.0527015101157562,34.0151167658614,153.458644181709,H:/Jing/ecoChina2/rf/clm_rfVar_zone49.Rdata,clm_rfVar,0.0271867167098204,16,0.0277964822949937,TRUE,FALSE,FALSE,Growing season and degree-days,Spring
climate,RH_at,49,rf_var,Plain RF,0.0259581700628999,27.1368332779374,0.04295853586997,23.9310133440927,361.929956967191,H:/Jing/ecoChina2/rf/clm_rfVar_zone49.Rdata,clm_rfVar,0.0259581700628999,17,0.0265403808141052,TRUE,FALSE,FALSE,Humidity,Autumn
climate,Tmax_sm,49,rf_var,Plain RF,0.0252587512053154,31.788065783215,0.0530229661083702,29.8783146773662,112.466009735141,H:/Jing/ecoChina2/rf/clm_rfVar_zone49.Rdata,clm_rfVar,0.0252587512053154,18,0.0258252748269004,TRUE,FALSE,FALSE,Temperature,Summer
climate,CMD,49,rf_var,Plain RF,0.025041326793973,38.6672692229636,0.055633357026893,39.3379412288818,127.25186283862,H:/Jing/ecoChina2/rf/clm_rfVar_zone49.Rdata,clm_rfVar,0.025041326793973,19,0.0256029738456939,TRUE,FALSE,FALSE,Climatic moisture balance,Annual
climate,Eref_sm,49,rf_var,Plain RF,0.0187555491437006,38.9491711979446,0.0418878211826718,39.9013032679597,116.8746589274,H:/Jing/ecoChina2/rf/clm_rfVar_zone49.Rdata,clm_rfVar,0.0187555491437006,20,0.0191762137101843,TRUE,FALSE,FALSE,Radiation and evaporative demand,Summer
climate,CMD_at,49,rf_var,Plain RF,0.016282602547828,51.9123428229517,0.0367311993631861,51.9650288091091,109.550529779851,H:/Jing/ecoChina2/rf/clm_rfVar_zone49.Rdata,clm_rfVar,0.016282602547828,21,0.0166478018757458,TRUE,FALSE,FALSE,Climatic moisture balance,Autumn
climate,TD,50,rf_var,Plain RF,0.21592526186566,41.3954747413633,0.350431773902363,36.4698624107228,400.331699195709,H:/Jing/ecoChina2/rf/clm_rfVar_zone50.Rdata,clm_rfVar,0.21592526186566,1,0.157365863598661,TRUE,TRUE,TRUE,Temperature,Annual
climate,CMD_wt,50,rf_var,Plain RF,0.11833769343795,22.9065485641831,0.21640156434793,22.3263755337991,256.602556133789,H:/Jing/ecoChina2/rf/clm_rfVar_zone50.Rdata,clm_rfVar,0.11833769343795,2,0.0862442549020625,TRUE,TRUE,TRUE,Climatic moisture balance,Winter
climate,Eref_wt,50,rf_var,Plain RF,0.109482288670726,23.9557506212311,0.20261938519799,23.1341336852843,186.004076644121,H:/Jing/ecoChina2/rf/clm_rfVar_zone50.Rdata,clm_rfVar,0.109482288670726,3,0.0797904550702627,TRUE,TRUE,TRUE,Radiation and evaporative demand,Winter
climate,Eref,50,rf_var,Plain RF,0.080420705100757,22.2233269140595,0.17236545631724,21.8163190566467,96.5152943979133,H:/Jing/ecoChina2/rf/clm_rfVar_zone50.Rdata,clm_rfVar,0.080420705100757,4,0.0586104358519551,TRUE,TRUE,TRUE,Radiation and evaporative demand,Annual
climate,Tmax_wt,50,rf_var,Plain RF,0.0783501859459555,19.203670871712,0.137434333997748,17.6515320684598,155.211187874493,H:/Jing/ecoChina2/rf/clm_rfVar_zone50.Rdata,clm_rfVar,0.0783501859459555,5,0.0571014459724124,TRUE,TRUE,TRUE,Temperature,Winter
climate,Tmin_wt,50,rf_var,Plain RF,0.0738928210882255,19.958937042645,0.136368757157282,17.9405602470943,122.19451773378,H:/Jing/ecoChina2/rf/clm_rfVar_zone50.Rdata,clm_rfVar,0.0738928210882255,6,0.0538529281095631,TRUE,FALSE,TRUE,Temperature,Winter
climate,RH_at,50,rf_var,Plain RF,0.0668086537749643,18.4490392563357,0.151577929565373,18.0462261474053,82.4121160624076,H:/Jing/ecoChina2/rf/clm_rfVar_zone50.Rdata,clm_rfVar,0.0668086537749643,7,0.0486900023013622,TRUE,FALSE,TRUE,Humidity,Autumn
climate,RH_wt,50,rf_var,Plain RF,0.0643343519608303,18.1405035252942,0.146197716980252,17.7060679432463,47.3548798025854,H:/Jing/ecoChina2/rf/clm_rfVar_zone50.Rdata,clm_rfVar,0.0643343519608303,8,0.0468867364934588,TRUE,FALSE,TRUE,Humidity,Winter
climate,Eref_at,50,rf_var,Plain RF,0.0624151497262377,16.7107065990956,0.117270452358137,16.1069169919901,73.0017680941596,H:/Jing/ecoChina2/rf/clm_rfVar_zone50.Rdata,clm_rfVar,0.0624151497262377,9,0.0454880260579237,TRUE,FALSE,TRUE,Radiation and evaporative demand,Autumn
climate,PPT_at,50,rf_var,Plain RF,0.0621363419023665,19.2059269081487,0.0887813272370699,15.9869185709471,43.8964360833893,H:/Jing/ecoChina2/rf/clm_rfVar_zone50.Rdata,clm_rfVar,0.0621363419023665,10,0.0452848315192094,TRUE,FALSE,TRUE,Precipitation,Autumn
climate,PPT_sp,50,rf_var,Plain RF,0.0491979459083444,17.7938698814086,0.103642660324885,16.794023407869,43.885114959328,H:/Jing/ecoChina2/rf/clm_rfVar_zone50.Rdata,clm_rfVar,0.0491979459083444,11,0.035855356516662,TRUE,FALSE,FALSE,Precipitation,Spring
climate,Eref_sm,50,rf_var,Plain RF,0.0474553852076757,26.8306677100352,0.102982348911504,25.4728469533413,34.6636503389617,H:/Jing/ecoChina2/rf/clm_rfVar_zone50.Rdata,clm_rfVar,0.0474553852076757,12,0.0345853820488092,TRUE,FALSE,FALSE,Radiation and evaporative demand,Summer
climate,Tmin_sm,50,rf_var,Plain RF,0.045721288548423,20.040024100246,0.0969489385326842,19.2393207801786,29.8183237268795,H:/Jing/ecoChina2/rf/clm_rfVar_zone50.Rdata,clm_rfVar,0.045721288548423,13,0.0333215761560247,TRUE,FALSE,FALSE,Temperature,Summer
climate,EXT,50,rf_var,Plain RF,0.0456490693010658,21.1861513995826,0.0978625510655764,20.1877242659213,17.2969682274056,H:/Jing/ecoChina2/rf/clm_rfVar_zone50.Rdata,clm_rfVar,0.0456490693010658,14,0.0332689429248288,TRUE,FALSE,FALSE,Temperature,Annual
climate,CMD_sp,50,rf_var,Plain RF,0.0442049310934498,25.1935968646435,0.094859556816862,24.7010692367942,34.0285043516974,H:/Jing/ecoChina2/rf/clm_rfVar_zone50.Rdata,clm_rfVar,0.0442049310934498,15,0.0322164581241448,TRUE,FALSE,FALSE,Climatic moisture balance,Spring
climate,PPT_wt,50,rf_var,Plain RF,0.0402828292556515,22.2889482964032,0.0846237379043608,20.4442569834376,47.2796993920698,H:/Jing/ecoChina2/rf/clm_rfVar_zone50.Rdata,clm_rfVar,0.0402828292556515,16,0.0293580387919454,TRUE,FALSE,FALSE,Precipitation,Winter
climate,MWMT,50,rf_var,Plain RF,0.040057885673225,18.3652816611586,0.0865490444579449,17.8632889842417,19.2209856812695,H:/Jing/ecoChina2/rf/clm_rfVar_zone50.Rdata,clm_rfVar,0.040057885673225,17,0.0291941003958371,TRUE,FALSE,FALSE,Temperature,Annual
climate,DD5_sm,50,rf_var,Plain RF,0.0394696051394862,18.7117330398004,0.0826802542932415,18.1382482145463,20.8945296318365,H:/Jing/ecoChina2/rf/clm_rfVar_zone50.Rdata,clm_rfVar,0.0394696051394862,18,0.0287653628158513,TRUE,FALSE,FALSE,Growing season and degree-days,Summer
climate,CMD_at,50,rf_var,Plain RF,0.0324549503177836,21.8191995406635,0.0742833575318567,21.7362931855385,13.2953743211266,H:/Jing/ecoChina2/rf/clm_rfVar_zone50.Rdata,clm_rfVar,0.0324549503177836,19,0.0236530975610775,TRUE,FALSE,FALSE,Climatic moisture balance,Autumn
climate,AHM,50,rf_var,Plain RF,0.0294948819759587,22.4747566883695,0.063255492987426,22.4677104313911,18.247059462807,H:/Jing/ecoChina2/rf/clm_rfVar_zone50.Rdata,clm_rfVar,0.0294948819759587,20,0.021495806158962,TRUE,FALSE,FALSE,Climatic moisture balance,Annual
climate,CMD,50,rf_var,Plain RF,0.0260303992277371,18.7010755323709,0.0571136175144094,18.2468726122113,14.9611339469087,H:/Jing/ecoChina2/rf/clm_rfVar_zone50.Rdata,clm_rfVar,0.0260303992277371,21,0.0189708986289864,TRUE,FALSE,FALSE,Climatic moisture balance,Annual
climate,PPT_at,52,rf_var,Plain RF,0.164808862712769,45.1233883780395,0.361358585973032,45.4162349768291,483.217756322015,H:/Jing/ecoChina2/rf/clm_rfVar_zone52.Rdata,clm_rfVar,0.164808862712769,1,0.11359283822533,TRUE,TRUE,TRUE,Precipitation,Autumn
climate,TD,52,rf_var,Plain RF,0.163220220399279,36.0254704539643,0.304210695353387,35.2914669798728,1744.5617488043,H:/Jing/ecoChina2/rf/clm_rfVar_zone52.Rdata,clm_rfVar,0.163220220399279,2,0.112497882612241,TRUE,TRUE,TRUE,Temperature,Annual
climate,Tmax_wt,52,rf_var,Plain RF,0.138984982522608,27.7324277510445,0.237777728764546,26.2180247808022,1213.39949072884,H:/Jing/ecoChina2/rf/clm_rfVar_zone52.Rdata,clm_rfVar,0.138984982522608,3,0.0957939905389428,TRUE,TRUE,TRUE,Temperature,Winter
climate,Eref_sp,52,rf_var,Plain RF,0.114681825224704,32.4881566358132,0.245183450404627,33.1577753382651,831.691496662775,H:/Jing/ecoChina2/rf/clm_rfVar_zone52.Rdata,clm_rfVar,0.114681825224704,4,0.0790432856929487,TRUE,TRUE,TRUE,Radiation and evaporative demand,Spring
climate,PPT_sp,52,rf_var,Plain RF,0.106161884896668,32.011197133509,0.229735987385257,31.9202061525616,172.800432113711,H:/Jing/ecoChina2/rf/clm_rfVar_zone52.Rdata,clm_rfVar,0.106161884896668,5,0.0731710031746305,TRUE,TRUE,TRUE,Precipitation,Spring
climate,Tmax_at,52,rf_var,Plain RF,0.0988835360293047,24.3885165321614,0.196553212152737,23.949358259025,508.492128071346,H:/Jing/ecoChina2/rf/clm_rfVar_zone52.Rdata,clm_rfVar,0.0988835360293047,6,0.0681544749865876,TRUE,FALSE,TRUE,Temperature,Autumn
climate,MAP,52,rf_var,Plain RF,0.0938680103360521,24.8987962513064,0.200803228667315,24.2010551021679,209.495376351891,H:/Jing/ecoChina2/rf/clm_rfVar_zone52.Rdata,clm_rfVar,0.0938680103360521,7,0.0646975747367415,TRUE,FALSE,TRUE,Precipitation,Annual
climate,Eref_wt,52,rf_var,Plain RF,0.093512687123991,20.9989158604076,0.153006706193593,19.9127310385905,1174.64085690238,H:/Jing/ecoChina2/rf/clm_rfVar_zone52.Rdata,clm_rfVar,0.093512687123991,8,0.064452671814162,TRUE,FALSE,TRUE,Radiation and evaporative demand,Winter
climate,PPT_sm,52,rf_var,Plain RF,0.0718319066355297,21.545722345078,0.133438591770259,19.1197206383208,732.491086384338,H:/Jing/ecoChina2/rf/clm_rfVar_zone52.Rdata,clm_rfVar,0.0718319066355297,9,0.0495094136053068,TRUE,FALSE,TRUE,Precipitation,Summer
climate,CMD_wt,52,rf_var,Plain RF,0.0648870382912018,20.2065279564316,0.119010583518112,17.747840961131,267.959779675632,H:/Jing/ecoChina2/rf/clm_rfVar_zone52.Rdata,clm_rfVar,0.0648870382912018,10,0.0447227334878162,TRUE,FALSE,TRUE,Climatic moisture balance,Winter
climate,Tmax_sp,52,rf_var,Plain RF,0.0576276115384674,17.7014143011527,0.106708021455524,16.7555636654437,815.230215164183,H:/Jing/ecoChina2/rf/clm_rfVar_zone52.Rdata,clm_rfVar,0.0576276115384674,11,0.0397192471754985,TRUE,FALSE,FALSE,Temperature,Spring
climate,Eref_at,52,rf_var,Plain RF,0.0490655887556475,16.7417072996645,0.0855387898087741,17.4669296110427,362.706642605702,H:/Jing/ecoChina2/rf/clm_rfVar_zone52.Rdata,clm_rfVar,0.0490655887556475,12,0.0338179597517422,TRUE,FALSE,FALSE,Radiation and evaporative demand,Autumn
climate,DD18_at,52,rf_var,Plain RF,0.044011556957691,15.4902196440008,0.0937229274480571,14.9154413298647,176.277518200291,H:/Jing/ecoChina2/rf/clm_rfVar_zone52.Rdata,clm_rfVar,0.044011556957691,13,0.0303345195595026,TRUE,FALSE,FALSE,Growing season and degree-days,Autumn
climate,AHM,52,rf_var,Plain RF,0.0370392487642367,16.6668309904635,0.0835919446902974,16.4547684353248,42.8598992559362,H:/Jing/ecoChina2/rf/clm_rfVar_zone52.Rdata,clm_rfVar,0.0370392487642367,14,0.0255289268041148,TRUE,FALSE,FALSE,Climatic moisture balance,Annual
climate,MWMT,52,rf_var,Plain RF,0.0344668436413297,20.1139870297086,0.0753706008722839,19.0584049425694,82.7555953355881,H:/Jing/ecoChina2/rf/clm_rfVar_zone52.Rdata,clm_rfVar,0.0344668436413297,15,0.0237559226454389,TRUE,FALSE,FALSE,Temperature,Annual
climate,CMD_sp,52,rf_var,Plain RF,0.0293791247896947,23.8780344169286,0.0648246659311788,22.9391350691192,60.524731091038,H:/Jing/ecoChina2/rf/clm_rfVar_zone52.Rdata,clm_rfVar,0.0293791247896947,16,0.0202492639928823,TRUE,FALSE,FALSE,Climatic moisture balance,Spring
climate,Tmax_sm,52,rf_var,Plain RF,0.0246763252795823,18.0467747314574,0.0540452279660482,17.2959948652611,42.9147745200291,H:/Jing/ecoChina2/rf/clm_rfVar_zone52.Rdata,clm_rfVar,0.0246763252795823,17,0.0170079070951688,TRUE,FALSE,FALSE,Temperature,Summer
climate,CMD,52,rf_var,Plain RF,0.0207582412053011,22.3044589614194,0.0453015146210995,21.5278259978406,37.0210907912598,H:/Jing/ecoChina2/rf/clm_rfVar_zone52.Rdata,clm_rfVar,0.0207582412053011,18,0.0143074073582176,TRUE,FALSE,FALSE,Climatic moisture balance,Annual
climate,CMD_at,52,rf_var,Plain RF,0.0170204513960478,36.1147976965443,0.0377597767062136,34.9726455129502,36.6538091535605,H:/Jing/ecoChina2/rf/clm_rfVar_zone52.Rdata,clm_rfVar,0.0170204513960478,19,0.011731173616087,TRUE,FALSE,FALSE,Climatic moisture balance,Autumn
climate,RH_wt,52,rf_var,Plain RF,0.0166805371511978,24.4107219200249,0.0351700654261128,23.5691196389288,49.7914507488702,H:/Jing/ecoChina2/rf/clm_rfVar_zone52.Rdata,clm_rfVar,0.0166805371511978,20,0.0114968911679821,TRUE,FALSE,FALSE,Humidity,Winter
climate,Eref_sm,52,rf_var,Plain RF,0.00930722711771573,15.7927154468109,0.020471395095484,15.0453333537593,24.6590229134775,H:/Jing/ecoChina2/rf/clm_rfVar_zone52.Rdata,clm_rfVar,0.00930722711771573,21,0.00641491195865871,TRUE,FALSE,FALSE,Radiation and evaporative demand,Summer
climate,RH_at,53,rf_var,Plain RF,0.12004800492443,41.7811022523531,0.278929734307267,41.5851328276208,44.2900359069163,H:/Jing/ecoChina2/rf/clm_rfVar_zone53.Rdata,clm_rfVar,0.12004800492443,1,0.0830803030698413,TRUE,TRUE,TRUE,Humidity,Autumn
climate,DD_18_wt,53,rf_var,Plain RF,0.110471167080073,23.6734114019938,0.192267677737457,23.1688371832413,1553.74144205019,H:/Jing/ecoChina2/rf/clm_rfVar_zone53.Rdata,clm_rfVar,0.110471167080073,2,0.0764525661819128,TRUE,TRUE,TRUE,Growing season and degree-days,Winter
climate,DD_18,53,rf_var,Plain RF,0.108164896151068,24.3318124385028,0.201462125483163,23.8747105029046,1216.74247101438,H:/Jing/ecoChina2/rf/clm_rfVar_zone53.Rdata,clm_rfVar,0.108164896151068,3,0.0748564906131139,TRUE,TRUE,TRUE,Growing season and degree-days,Annual
climate,Eref_wt,53,rf_var,Plain RF,0.10585760811638,27.8388394121596,0.206527232030638,25.8352001968261,178.290927262815,H:/Jing/ecoChina2/rf/clm_rfVar_zone53.Rdata,clm_rfVar,0.10585760811638,4,0.0732597111471662,TRUE,TRUE,TRUE,Radiation and evaporative demand,Winter
climate,DD5_wt,53,rf_var,Plain RF,0.104728027416662,22.6632466992034,0.178851225165872,22.4132284561291,1091.80197205287,H:/Jing/ecoChina2/rf/clm_rfVar_zone53.Rdata,clm_rfVar,0.104728027416662,5,0.0724779746498916,TRUE,TRUE,TRUE,Growing season and degree-days,Winter
climate,TD,53,rf_var,Plain RF,0.100091126321523,26.9246780637864,0.207829358343622,24.8766127352867,154.3901713522,H:/Jing/ecoChina2/rf/clm_rfVar_zone53.Rdata,clm_rfVar,0.100091126321523,6,0.0692689654828382,TRUE,FALSE,TRUE,Temperature,Annual
climate,DD_18_at,53,rf_var,Plain RF,0.0929725295167357,21.9438383792294,0.177297806543417,21.7706147605864,774.935089307995,H:/Jing/ecoChina2/rf/clm_rfVar_zone53.Rdata,clm_rfVar,0.0929725295167357,7,0.0643424764475055,TRUE,FALSE,TRUE,Growing season and degree-days,Autumn
climate,DD5_sp,53,rf_var,Plain RF,0.0900041646520162,25.4794439084856,0.193570374837706,25.2031452095267,739.158232737638,H:/Jing/ecoChina2/rf/clm_rfVar_zone53.Rdata,clm_rfVar,0.0900041646520162,8,0.0622881928070735,TRUE,FALSE,TRUE,Growing season and degree-days,Spring
climate,Tmax_wt,53,rf_var,Plain RF,0.0809665768324549,21.6305245017924,0.157414671797567,20.1658556561386,312.203931883897,H:/Jing/ecoChina2/rf/clm_rfVar_zone53.Rdata,clm_rfVar,0.0809665768324549,9,0.0560336487557824,TRUE,FALSE,TRUE,Temperature,Winter
climate,DD5_at,53,rf_var,Plain RF,0.0804749705581291,22.8807147954698,0.1612222830113,21.6453190808115,391.373634252925,H:/Jing/ecoChina2/rf/clm_rfVar_zone53.Rdata,clm_rfVar,0.0804749705581291,10,0.0556934282057804,TRUE,FALSE,TRUE,Growing season and degree-days,Autumn
climate,DD5,53,rf_var,Plain RF,0.0774676509740864,20.2025035265238,0.140749982023542,20.2242690178342,524.078343649211,H:/Jing/ecoChina2/rf/clm_rfVar_zone53.Rdata,clm_rfVar,0.0774676509740864,11,0.053612185600979,TRUE,FALSE,FALSE,Growing season and degree-days,Annual
climate,DD18_at,53,rf_var,Plain RF,0.0748899324372245,21.2220958731769,0.154974618299429,21.119226799214,190.661999114627,H:/Jing/ecoChina2/rf/clm_rfVar_zone53.Rdata,clm_rfVar,0.0748899324372245,12,0.0518282522702581,TRUE,FALSE,FALSE,Growing season and degree-days,Autumn
climate,MCMT,53,rf_var,Plain RF,0.0742441197503495,18.8912860308384,0.123239808537133,18.0715541756902,1141.23141373646,H:/Jing/ecoChina2/rf/clm_rfVar_zone53.Rdata,clm_rfVar,0.0742441197503495,13,0.0513813117835279,TRUE,FALSE,FALSE,Temperature,Annual
climate,PPT_sm,53,rf_var,Plain RF,0.0463075039050232,28.4875697131311,0.0972569764769779,26.8629251932626,158.591524761013,H:/Jing/ecoChina2/rf/clm_rfVar_zone53.Rdata,clm_rfVar,0.0463075039050232,14,0.0320475251651122,TRUE,FALSE,FALSE,Precipitation,Summer
climate,CMD_sp,53,rf_var,Plain RF,0.0427552125534879,36.2538353937768,0.0963908953133037,35.1742456198558,43.5339074818285,H:/Jing/ecoChina2/rf/clm_rfVar_zone53.Rdata,clm_rfVar,0.0427552125534879,15,0.0295891299401044,TRUE,FALSE,FALSE,Climatic moisture balance,Spring
climate,PPT_at,53,rf_var,Plain RF,0.0342815191400226,28.6889660330797,0.0688106134120118,28.7679169315068,90.5954223754171,H:/Jing/ecoChina2/rf/clm_rfVar_zone53.Rdata,clm_rfVar,0.0342815191400226,16,0.0237248340914997,TRUE,FALSE,FALSE,Precipitation,Autumn
climate,Eref_sm,53,rf_var,Plain RF,0.0285635698060614,26.7247488000063,0.0658252306731698,26.3631600848986,40.7325573731883,H:/Jing/ecoChina2/rf/clm_rfVar_zone53.Rdata,clm_rfVar,0.0285635698060614,17,0.0197676757538619,TRUE,FALSE,FALSE,Radiation and evaporative demand,Summer
climate,AHM,53,rf_var,Plain RF,0.0189270142462622,29.9169182329151,0.0428572883134928,29.1028456298504,48.7560307158337,H:/Jing/ecoChina2/rf/clm_rfVar_zone53.Rdata,clm_rfVar,0.0189270142462622,18,0.013098610683089,TRUE,FALSE,FALSE,Climatic moisture balance,Annual
climate,CMD_at,53,rf_var,Plain RF,0.0188662761566032,34.3016692578928,0.041801616881686,33.2359636273874,45.6243446616535,H:/Jing/ecoChina2/rf/clm_rfVar_zone53.Rdata,clm_rfVar,0.0188662761566032,19,0.0130565763410779,TRUE,FALSE,FALSE,Climatic moisture balance,Autumn
climate,CMD,53,rf_var,Plain RF,0.0178022976748182,23.6559829424121,0.0399329509598292,22.8909883171545,43.7531976721061,H:/Jing/ecoChina2/rf/clm_rfVar_zone53.Rdata,clm_rfVar,0.0178022976748182,20,0.0123202404495973,TRUE,FALSE,FALSE,Climatic moisture balance,Annual
climate,EXT,53,rf_var,Plain RF,0.0170793248002325,20.1224653785131,0.0373494158835407,19.1597341790856,30.5143751398123,H:/Jing/ecoChina2/rf/clm_rfVar_zone53.Rdata,clm_rfVar,0.0170793248002325,21,0.0118199005599869,TRUE,FALSE,FALSE,Temperature,Annual
climate,PPT_sp,54,rf_var,Plain RF,0.172307400895046,43.2456072114411,0.396710044301773,43.0860758054698,82.5935173152497,H:/Jing/ecoChina2/rf/clm_rfVar_zone54.Rdata,clm_rfVar,0.172307400895046,1,0.102347890974276,TRUE,TRUE,TRUE,Precipitation,Spring
climate,DD_18_sp,54,rf_var,Plain RF,0.157861648151111,33.5066522395452,0.348999608737304,33.6783795169732,601.886761378441,H:/Jing/ecoChina2/rf/clm_rfVar_zone54.Rdata,clm_rfVar,0.157861648151111,2,0.0937673406369273,TRUE,TRUE,TRUE,Growing season and degree-days,Spring
climate,PPT_at,54,rf_var,Plain RF,0.13171391566512,31.0199479219579,0.301622359783532,30.8926734031335,63.9287283285701,H:/Jing/ecoChina2/rf/clm_rfVar_zone54.Rdata,clm_rfVar,0.13171391566512,3,0.0782359980492063,TRUE,TRUE,TRUE,Precipitation,Autumn
climate,PPT_wt,54,rf_var,Plain RF,0.122685513313183,28.6187901453123,0.281903832053167,28.5363189227499,75.8346014937302,H:/Jing/ecoChina2/rf/clm_rfVar_zone54.Rdata,clm_rfVar,0.122685513313183,4,0.0728732687944671,TRUE,TRUE,TRUE,Precipitation,Winter
climate,CMD_wt,54,rf_var,Plain RF,0.111959740219216,25.59831622435,0.256758402997197,25.4639115121117,83.4285037871662,H:/Jing/ecoChina2/rf/clm_rfVar_zone54.Rdata,clm_rfVar,0.111959740219216,5,0.0665023279670051,TRUE,TRUE,TRUE,Climatic moisture balance,Winter
climate,DD_18_at,54,rf_var,Plain RF,0.108922441753322,18.4106855274008,0.113737975295586,12.6165342989945,1668.6072482789,H:/Jing/ecoChina2/rf/clm_rfVar_zone54.Rdata,clm_rfVar,0.108922441753322,6,0.0646982203626368,TRUE,FALSE,TRUE,Growing season and degree-days,Autumn
climate,DD5_at,54,rf_var,Plain RF,0.0951928573733797,16.3799749405946,0.10265280611247,12.1311881276647,1200.56624078635,H:/Jing/ecoChina2/rf/clm_rfVar_zone54.Rdata,clm_rfVar,0.0951928573733797,7,0.0565430627899428,TRUE,FALSE,TRUE,Growing season and degree-days,Autumn
climate,Tmax_wt,54,rf_var,Plain RF,0.0788300256953585,17.4045325701263,0.169524362864043,17.3938611849336,201.95634116718,H:/Jing/ecoChina2/rf/clm_rfVar_zone54.Rdata,clm_rfVar,0.0788300256953585,8,0.0468237976631209,TRUE,FALSE,TRUE,Temperature,Winter
climate,DD5_sp,54,rf_var,Plain RF,0.077399777834955,17.6698015479433,0.167696719020591,17.1733068945018,527.623443333824,H:/Jing/ecoChina2/rf/clm_rfVar_zone54.Rdata,clm_rfVar,0.077399777834955,9,0.0459742528883615,TRUE,FALSE,TRUE,Growing season and degree-days,Spring
climate,CMD_sp,54,rf_var,Plain RF,0.0763675109078022,23.1863799561891,0.174649290857201,22.9882934393771,41.646937181981,H:/Jing/ecoChina2/rf/clm_rfVar_zone54.Rdata,clm_rfVar,0.0763675109078022,10,0.0453611025398112,TRUE,FALSE,TRUE,Climatic moisture balance,Spring
climate,DD5,54,rf_var,Plain RF,0.064365362349397,13.68104432832,0.0798355583535094,10.8808450157294,1055.9931173319,H:/Jing/ecoChina2/rf/clm_rfVar_zone54.Rdata,clm_rfVar,0.064365362349397,11,0.0382320147250577,TRUE,FALSE,FALSE,Growing season and degree-days,Annual
climate,CMD,54,rf_var,Plain RF,0.0604126384195561,21.6910825358184,0.138764225767938,21.6211926020886,31.8425844004374,H:/Jing/ecoChina2/rf/clm_rfVar_zone54.Rdata,clm_rfVar,0.0604126384195561,12,0.0358841587669194,TRUE,FALSE,FALSE,Climatic moisture balance,Annual
climate,CMD_at,54,rf_var,Plain RF,0.0600746004715062,49.1868216570028,0.13769023280666,49.0286826095193,34.0702156302412,H:/Jing/ecoChina2/rf/clm_rfVar_zone54.Rdata,clm_rfVar,0.0600746004715062,13,0.0356833695328386,TRUE,FALSE,FALSE,Climatic moisture balance,Autumn
climate,Tave_at,54,rf_var,Plain RF,0.0593529564321574,12.3446956330782,0.0656312673514665,9.08300295897861,733.500029081744,H:/Jing/ecoChina2/rf/clm_rfVar_zone54.Rdata,clm_rfVar,0.0593529564321574,14,0.0352547243029886,TRUE,FALSE,FALSE,Temperature,Autumn
climate,EXT,54,rf_var,Plain RF,0.0561497979018375,18.9603816640366,0.128495453253863,18.7977205604652,19.3773692744096,H:/Jing/ecoChina2/rf/clm_rfVar_zone54.Rdata,clm_rfVar,0.0561497979018375,15,0.0333520984242883,TRUE,FALSE,FALSE,Temperature,Annual
climate,DD_18,54,rf_var,Plain RF,0.0525567179808783,13.4079311634647,0.0768924896158214,10.7190843133601,705.640638182145,H:/Jing/ecoChina2/rf/clm_rfVar_zone54.Rdata,clm_rfVar,0.0525567179808783,16,0.0312178653611584,TRUE,FALSE,FALSE,Growing season and degree-days,Annual
climate,DD18_sm,54,rf_var,Plain RF,0.0507868178446649,13.6480909939442,0.111345646349907,13.4302113984747,104.06579646368,H:/Jing/ecoChina2/rf/clm_rfVar_zone54.Rdata,clm_rfVar,0.0507868178446649,17,0.0301665724669729,TRUE,FALSE,FALSE,Growing season and degree-days,Summer
climate,Tave_sp,54,rf_var,Plain RF,0.0482058630803386,12.3594135120892,0.106212697261797,12.12888833852,427.870263330038,H:/Jing/ecoChina2/rf/clm_rfVar_zone54.Rdata,clm_rfVar,0.0482058630803386,18,0.0286335258569221,TRUE,FALSE,FALSE,Temperature,Spring
climate,DD18_sp,54,rf_var,Plain RF,0.0458478704360406,13.0295032658765,0.101130337786941,12.695889632478,355.755603924223,H:/Jing/ecoChina2/rf/clm_rfVar_zone54.Rdata,clm_rfVar,0.0458478704360406,19,0.027232915245752,TRUE,FALSE,FALSE,Growing season and degree-days,Spring
climate,Tmax_sp,54,rf_var,Plain RF,0.0384449165729179,12.6581434636108,0.0841783970778005,12.4390444584921,156.251501720022,H:/Jing/ecoChina2/rf/clm_rfVar_zone54.Rdata,clm_rfVar,0.0384449165729179,20,0.0228356768744763,TRUE,FALSE,FALSE,Temperature,Spring
climate,Eref_sm,54,rf_var,Plain RF,0.0141078068414215,16.2167999478587,0.0317243772354745,15.8501571406643,13.6531371431277,H:/Jing/ecoChina2/rf/clm_rfVar_zone54.Rdata,clm_rfVar,0.0141078068414215,21,0.008379815776871,TRUE,FALSE,FALSE,Radiation and evaporative demand,Summer
climate,MAP,55,rf_var,Plain RF,0.134444832235373,33.7461159995287,0.311644105995935,33.80565330773,60.7504197271107,H:/Jing/ecoChina2/rf/clm_rfVar_zone55.Rdata,clm_rfVar,0.134444832235373,1,0.0805322670376675,TRUE,TRUE,TRUE,Precipitation,Annual
climate,CMD_wt,55,rf_var,Plain RF,0.118660820462528,24.6817005576655,0.265310165862308,24.1718412487154,734.37218219755,H:/Jing/ecoChina2/rf/clm_rfVar_zone55.Rdata,clm_rfVar,0.118660820462528,2,0.071077665995129,TRUE,TRUE,TRUE,Climatic moisture balance,Winter
climate,Tmin_sp,55,rf_var,Plain RF,0.117948102340286,26.8285629774965,0.253024346924804,26.4667692042431,372.189776142978,H:/Jing/ecoChina2/rf/clm_rfVar_zone55.Rdata,clm_rfVar,0.117948102340286,3,0.0706507488337278,TRUE,TRUE,TRUE,Temperature,Spring
climate,PPT_sp,55,rf_var,Plain RF,0.115596702828711,31.2922873369693,0.265032691397634,31.0599950022234,105.530030467345,H:/Jing/ecoChina2/rf/clm_rfVar_zone55.Rdata,clm_rfVar,0.115596702828711,4,0.0692422638051113,TRUE,TRUE,TRUE,Precipitation,Spring
climate,TD,55,rf_var,Plain RF,0.114999408551496,26.9250226951632,0.261481453163518,26.6285486610063,318.029364285918,H:/Jing/ecoChina2/rf/clm_rfVar_zone55.Rdata,clm_rfVar,0.114999408551496,5,0.068884485365933,TRUE,TRUE,TRUE,Temperature,Annual
climate,Eref_wt,55,rf_var,Plain RF,0.112230880448801,26.0243217162548,0.252083665353252,25.8696061512669,205.926863127408,H:/Jing/ecoChina2/rf/clm_rfVar_zone55.Rdata,clm_rfVar,0.112230880448801,6,0.0672261408928841,TRUE,FALSE,TRUE,Radiation and evaporative demand,Winter
climate,DD_18_sp,55,rf_var,Plain RF,0.0991363610565456,18.3262995691071,0.172414841397523,17.3024976693569,831.319664290913,H:/Jing/ecoChina2/rf/clm_rfVar_zone55.Rdata,clm_rfVar,0.0991363610565456,7,0.059382542036062,TRUE,FALSE,TRUE,Growing season and degree-days,Spring
climate,Tmin_wt,55,rf_var,Plain RF,0.0936378862921101,19.6949356844161,0.186286092879546,19.1251642850931,601.888390619185,H:/Jing/ecoChina2/rf/clm_rfVar_zone55.Rdata,clm_rfVar,0.0936378862921101,8,0.0560889633192976,TRUE,FALSE,TRUE,Temperature,Winter
climate,EMT,55,rf_var,Plain RF,0.0857394694382781,19.425517133881,0.180149370275482,19.331127004927,380.037211492895,H:/Jing/ecoChina2/rf/clm_rfVar_zone55.Rdata,clm_rfVar,0.0857394694382781,9,0.0513578226374897,TRUE,FALSE,TRUE,Temperature,Annual
climate,DD5_sp,55,rf_var,Plain RF,0.080470521846128,16.413569051054,0.141749218093451,15.7137697122409,605.177086860686,H:/Jing/ecoChina2/rf/clm_rfVar_zone55.Rdata,clm_rfVar,0.080470521846128,10,0.048201730376869,TRUE,FALSE,TRUE,Growing season and degree-days,Spring
climate,Eref_at,55,rf_var,Plain RF,0.0802169670347484,20.1676010862612,0.179853100665852,19.9845298263679,129.857139518519,H:/Jing/ecoChina2/rf/clm_rfVar_zone55.Rdata,clm_rfVar,0.0802169670347484,11,0.0480498513984122,TRUE,FALSE,FALSE,Radiation and evaporative demand,Autumn
climate,CMD_sp,55,rf_var,Plain RF,0.0777109734786536,48.4405760228795,0.175852125568803,47.5314625489882,90.303667202027,H:/Jing/ecoChina2/rf/clm_rfVar_zone55.Rdata,clm_rfVar,0.0777109734786536,12,0.0465487647526958,TRUE,FALSE,FALSE,Climatic moisture balance,Spring
climate,Eref_sp,55,rf_var,Plain RF,0.0755385508426616,18.5333819598022,0.165890869258405,17.6214388588551,180.889961375772,H:/Jing/ecoChina2/rf/clm_rfVar_zone55.Rdata,clm_rfVar,0.0755385508426616,13,0.045247486622986,TRUE,FALSE,FALSE,Radiation and evaporative demand,Spring
climate,PPT_at,55,rf_var,Plain RF,0.063923476495048,19.2877638308526,0.147951937828477,19.2036158052348,53.1528331697283,H:/Jing/ecoChina2/rf/clm_rfVar_zone55.Rdata,clm_rfVar,0.063923476495048,14,0.0382900732849502,TRUE,FALSE,FALSE,Precipitation,Autumn
climate,MWMT,55,rf_var,Plain RF,0.0639095345683359,22.8689381203143,0.146049830745799,22.4899315106453,43.4191751539371,H:/Jing/ecoChina2/rf/clm_rfVar_zone55.Rdata,clm_rfVar,0.0639095345683359,15,0.0382817220902904,TRUE,FALSE,FALSE,Temperature,Annual
climate,Eref_sm,55,rf_var,Plain RF,0.0469364579174564,20.3034705508993,0.108710294258498,20.2521075650549,16.2207981539274,H:/Jing/ecoChina2/rf/clm_rfVar_zone55.Rdata,clm_rfVar,0.0469364579174564,16,0.0281148728438543,TRUE,FALSE,FALSE,Radiation and evaporative demand,Summer
climate,AHM,55,rf_var,Plain RF,0.044086791339132,21.1648272128797,0.102283208032301,21.1019822795022,10.945154230627,H:/Jing/ecoChina2/rf/clm_rfVar_zone55.Rdata,clm_rfVar,0.044086791339132,17,0.0264079265370437,TRUE,FALSE,FALSE,Climatic moisture balance,Annual
climate,DD5_sm,55,rf_var,Plain RF,0.0435208132721714,17.060776742345,0.099268220441225,16.771453481793,36.7206450699695,H:/Jing/ecoChina2/rf/clm_rfVar_zone55.Rdata,clm_rfVar,0.0435208132721714,18,0.0260689064641403,TRUE,FALSE,FALSE,Growing season and degree-days,Summer
climate,CMD_at,55,rf_var,Plain RF,0.0427474163232887,43.908277372459,0.098546805414893,43.7584092518592,18.0106754510916,H:/Jing/ecoChina2/rf/clm_rfVar_zone55.Rdata,clm_rfVar,0.0427474163232887,19,0.0256056427701926,TRUE,FALSE,FALSE,Climatic moisture balance,Autumn
climate,CMD,55,rf_var,Plain RF,0.033208801967487,17.8015110941067,0.0754824176176049,17.5359532836624,40.4795393071513,H:/Jing/ecoChina2/rf/clm_rfVar_zone55.Rdata,clm_rfVar,0.033208801967487,20,0.0198920260718138,TRUE,FALSE,FALSE,Climatic moisture balance,Annual
climate,PPT_wt,55,rf_var,Plain RF,0.0247881993796025,19.6291841322445,0.0555886561755748,18.9014924261435,77.0544085818065,H:/Jing/ecoChina2/rf/clm_rfVar_zone55.Rdata,clm_rfVar,0.0247881993796025,21,0.0148480968634499,TRUE,FALSE,FALSE,Precipitation,Winter
soil,T_CEC_CLAY,1,mf_var,Plain MF RF,0.0979446879941228,7.18519300057453,0.21265392532903,8.80021404145824,105.522878817164,H:/Jing/ecoChina2/rf_soil/soil_mf_zone1.Rdata,soil_mf,0.0979446879941228,1,0.198321548518271,TRUE,TRUE,TRUE,Nutrient retention and base status,
soil,T_OC,1,mf_var,Plain MF RF,0.0663717378031267,7.4744692876321,0.12614716419931,7.16102519925242,89.939799859774,H:/Jing/ecoChina2/rf_soil/soil_mf_zone1.Rdata,soil_mf,0.0663717378031267,2,0.134391625401417,TRUE,TRUE,TRUE,Organic carbon,
soil,T_PH_H2O,1,mf_var,Plain MF RF,0.0581226938641976,5.07519854490504,0.139615339519133,5.21373180204086,51.9005321623174,H:/Jing/ecoChina2/rf_soil/soil_mf_zone1.Rdata,soil_mf,0.0581226938641976,3,0.117688696419072,TRUE,TRUE,TRUE,Soil reaction,
soil,T_TEB,1,mf_var,Plain MF RF,0.0564630735401939,5.20224677438409,0.124846563140027,4.81515521521865,47.6923116289397,H:/Jing/ecoChina2/rf_soil/soil_mf_zone1.Rdata,soil_mf,0.0564630735401939,4,0.114328243909095,TRUE,TRUE,TRUE,Nutrient retention and base status,
soil,T_CEC_SOIL,1,mf_var,Plain MF RF,0.0523098112116399,4.90949856299972,0.107627480277409,4.27463592104494,46.3735966927613,H:/Jing/ecoChina2/rf_soil/soil_mf_zone1.Rdata,soil_mf,0.0523098112116399,5,0.105918585016202,TRUE,TRUE,TRUE,Nutrient retention and base status,
soil,T_CLAY,1,mf_var,Plain MF RF,0.044637747821198,5.18976221337034,0.131997706378658,5.18867093546641,33.6489739538806,H:/Jing/ecoChina2/rf_soil/soil_mf_zone1.Rdata,soil_mf,0.044637747821198,6,0.0903839447709434,TRUE,FALSE,TRUE,Texture,
soil,T_SILT,1,mf_var,Plain MF RF,0.0425642497066579,5.09078884000751,0.120527883192794,5.00801574884621,28.0549252229362,H:/Jing/ecoChina2/rf_soil/soil_mf_zone1.Rdata,soil_mf,0.0425642497066579,7,0.0861854592241827,TRUE,FALSE,TRUE,Texture,
soil,T_REF_BULK_DENSITY,1,mf_var,Plain MF RF,0.0392694984699033,4.97744387804145,0.107861269618531,4.53913593344103,31.2648521030602,H:/Jing/ecoChina2/rf_soil/soil_mf_zone1.Rdata,soil_mf,0.0392694984699033,8,0.0795141411503034,TRUE,FALSE,TRUE,Bulk density,
soil,T_SAND,1,mf_var,Plain MF RF,0.0361846078500206,5.11150680871513,0.101048957443928,4.60012061655936,25.3066530843517,H:/Jing/ecoChina2/rf_soil/soil_mf_zone1.Rdata,soil_mf,0.0361846078500206,9,0.0732677555905134,TRUE,FALSE,TRUE,Texture,
soil,T_CEC_CLAY,2,mf_var,Plain MF RF,0.0927290757949914,5.71193302758925,0.137043359816329,5.03047379357755,228.737654364636,H:/Jing/ecoChina2/rf_soil/soil_mf_zone2.Rdata,soil_mf,0.0927290757949914,1,0.170675634923077,TRUE,TRUE,TRUE,Nutrient retention and base status,
soil,T_PH_H2O,2,mf_var,Plain MF RF,0.0724618825902361,4.35244891773238,0.110073817496093,3.81544625970929,188.372035555221,H:/Jing/ecoChina2/rf_soil/soil_mf_zone2.Rdata,soil_mf,0.0724618825902361,2,0.133372167389573,TRUE,TRUE,TRUE,Soil reaction,
soil,T_GRAVEL,2,mf_var,Plain MF RF,0.0658645636330316,3.78274483431302,0.125346178869913,3.55248005416049,275.03911551564,H:/Jing/ecoChina2/rf_soil/soil_mf_zone2.Rdata,soil_mf,0.0658645636330316,3,0.121229248977442,TRUE,TRUE,TRUE,Coarse fragments,
soil,T_TEB,2,mf_var,Plain MF RF,0.0647334987307185,4.10124023241074,0.100091578776023,3.4734763012869,124.836872808676,H:/Jing/ecoChina2/rf_soil/soil_mf_zone2.Rdata,soil_mf,0.0647334987307185,4,0.119147429238741,TRUE,TRUE,TRUE,Nutrient retention and base status,
soil,T_OC,2,mf_var,Plain MF RF,0.0617064848400327,4.06961500295732,0.0980414471621895,3.69674807934703,182.758342048754,H:/Jing/ecoChina2/rf_soil/soil_mf_zone2.Rdata,soil_mf,0.0617064848400327,5,0.113575956501797,TRUE,TRUE,TRUE,Organic carbon,
soil,T_CEC_SOIL,2,mf_var,Plain MF RF,0.0539708458773012,4.71301415980143,0.0951994494961342,4.19993339005065,183.424465431834,H:/Jing/ecoChina2/rf_soil/soil_mf_zone2.Rdata,soil_mf,0.0539708458773012,6,0.0993378647255045,TRUE,FALSE,TRUE,Nutrient retention and base status,
soil,T_BS,2,mf_var,Plain MF RF,0.0462237453951388,3.41141783265791,0.0788290369649199,2.94712781064567,88.6121479322705,H:/Jing/ecoChina2/rf_soil/soil_mf_zone2.Rdata,soil_mf,0.0462237453951388,7,0.0850786770621961,TRUE,FALSE,TRUE,Nutrient retention and base status,
soil,T_SILT,2,mf_var,Plain MF RF,0.045211143858947,4.2862204175834,0.0845610347557822,3.84798976261189,92.3519115139255,H:/Jing/ecoChina2/rf_soil/soil_mf_zone2.Rdata,soil_mf,0.045211143858947,8,0.08321489907636,TRUE,FALSE,TRUE,Texture,
soil,T_CACO3,2,mf_var,Plain MF RF,0.0404046379235238,3.34897461689129,0.0574468220737495,2.75800543285164,92.7046511908501,H:/Jing/ecoChina2/rf_soil/soil_mf_zone2.Rdata,soil_mf,0.0404046379235238,9,0.0743681221053099,TRUE,FALSE,TRUE,Carbonates,
soil,T_PH_H2O,3,mf_var,Plain MF RF,0.103949756400005,5.87705771367794,0.128129198884155,4.47036761150802,194.902347067332,H:/Jing/ecoChina2/rf_soil/soil_mf_zone3.Rdata,soil_mf,0.103949756400005,1,0.192513998955462,TRUE,TRUE,TRUE,Soil reaction,
soil,T_CEC_CLAY,3,mf_var,Plain MF RF,0.100489592450644,7.34619915919631,0.147406199363811,6.85351089778126,269.23212594827,H:/Jing/ecoChina2/rf_soil/soil_mf_zone3.Rdata,soil_mf,0.100489592450644,2,0.186105806940373,TRUE,TRUE,TRUE,Nutrient retention and base status,
soil,T_BS,3,mf_var,Plain MF RF,0.069934316154876,4.80556888364617,0.133149301588308,4.34180636443,208.229103119747,H:/Jing/ecoChina2/rf_soil/soil_mf_zone3.Rdata,soil_mf,0.069934316154876,3,0.12951771445604,TRUE,TRUE,TRUE,Nutrient retention and base status,
soil,T_CACO3,3,mf_var,Plain MF RF,0.0550496541167189,4.6928264773695,0.112519655965553,4.26712175222493,101.309558279394,H:/Jing/ecoChina2/rf_soil/soil_mf_zone3.Rdata,soil_mf,0.0550496541167189,4,0.101951456378055,TRUE,TRUE,TRUE,Carbonates,
soil,T_TEB,3,mf_var,Plain MF RF,0.052582688635302,4.63688060431228,0.105485614459352,4.50899505473316,115.038168658394,H:/Jing/ecoChina2/rf_soil/soil_mf_zone3.Rdata,soil_mf,0.052582688635302,5,0.0973826588497079,TRUE,TRUE,TRUE,Nutrient retention and base status,
soil,T_OC,3,mf_var,Plain MF RF,0.0514232758132462,4.47530788365909,0.0957270500602917,4.15509604556276,119.042510937023,H:/Jing/ecoChina2/rf_soil/soil_mf_zone3.Rdata,soil_mf,0.0514232758132462,6,0.0952354368980248,TRUE,FALSE,TRUE,Organic carbon,
soil,T_SAND,3,mf_var,Plain MF RF,0.0415757852520006,4.55974253176443,0.0662030744327415,3.90173953502611,81.4808805758545,H:/Jing/ecoChina2/rf_soil/soil_mf_zone3.Rdata,soil_mf,0.0415757852520006,7,0.0769979743653905,TRUE,FALSE,TRUE,Texture,
soil,T_REF_BULK_DENSITY,3,mf_var,Plain MF RF,0.0332201835573363,4.80532494284038,0.0530554049854477,4.0740826044206,70.3502388860091,H:/Jing/ecoChina2/rf_soil/soil_mf_zone3.Rdata,soil_mf,0.0332201835573363,8,0.0615234763807199,TRUE,FALSE,TRUE,Bulk density,
soil,T_CLAY,3,mf_var,Plain MF RF,0.031734215315795,4.56501094249153,0.0473407109216278,3.68848715221333,60.1164088020005,H:/Jing/ecoChina2/rf_soil/soil_mf_zone3.Rdata,soil_mf,0.031734215315795,9,0.0587714767762272,TRUE,FALSE,TRUE,Texture,
soil,T_GRAVEL,4,mf_var,Plain MF RF,0.092320557776373,10.2141479939956,0.210646330992525,9.60714835570914,450.233915912156,H:/Jing/ecoChina2/rf_soil/soil_mf_zone4.Rdata,soil_mf,0.092320557776373,1,0.196916895749112,TRUE,TRUE,TRUE,Coarse fragments,
soil,T_OC,4,mf_var,Plain MF RF,0.0828257471966261,7.72330750235245,0.167702801753747,6.72465675981928,335.104612318787,H:/Jing/ecoChina2/rf_soil/soil_mf_zone4.Rdata,soil_mf,0.0828257471966261,2,0.176664758304075,TRUE,TRUE,TRUE,Organic carbon,
soil,T_CEC_SOIL,4,mf_var,Plain MF RF,0.0695130030353263,5.26660792337631,0.162776756240892,4.66750926584263,296.370827292831,H:/Jing/ecoChina2/rf_soil/soil_mf_zone4.Rdata,soil_mf,0.0695130030353263,3,0.148269086556778,TRUE,TRUE,TRUE,Nutrient retention and base status,
soil,T_CEC_CLAY,4,mf_var,Plain MF RF,0.0598669093944476,6.36751464583871,0.129764207954563,6.05170429546113,299.814809106938,H:/Jing/ecoChina2/rf_soil/soil_mf_zone4.Rdata,soil_mf,0.0598669093944476,4,0.127694267019095,TRUE,TRUE,TRUE,Nutrient retention and base status,
soil,T_TEB,4,mf_var,Plain MF RF,0.0401984158265619,4.61975764295059,0.0752815023728599,4.1073649627147,140.304047099767,H:/Jing/ecoChina2/rf_soil/soil_mf_zone4.Rdata,soil_mf,0.0401984158265619,5,0.0857419782685106,TRUE,TRUE,TRUE,Nutrient retention and base status,
soil,T_PH_H2O,4,mf_var,Plain MF RF,0.0364070294495571,4.70421981626725,0.0609451458992919,3.61573171256856,127.690281793464,H:/Jing/ecoChina2/rf_soil/soil_mf_zone4.Rdata,soil_mf,0.0364070294495571,6,0.0776550683328739,TRUE,FALSE,TRUE,Soil reaction,
soil,T_REF_BULK_DENSITY,4,mf_var,Plain MF RF,0.0343630506297121,4.3980680033391,0.0828499384981228,3.65753119900514,103.065150496993,H:/Jing/ecoChina2/rf_soil/soil_mf_zone4.Rdata,soil_mf,0.0343630506297121,7,0.0732953246974881,TRUE,FALSE,TRUE,Bulk density,
soil,T_BS,4,mf_var,Plain MF RF,0.0280759009582982,3.88143860113511,0.0492904852462735,2.68662613782648,91.615057519034,H:/Jing/ecoChina2/rf_soil/soil_mf_zone4.Rdata,soil_mf,0.0280759009582982,8,0.0598850288086377,TRUE,FALSE,TRUE,Nutrient retention and base status,
soil,T_SAND,4,mf_var,Plain MF RF,0.0252594341916967,3.8964649657269,0.0587617423324439,3.221781662109,70.912073038188,H:/Jing/ecoChina2/rf_soil/soil_mf_zone4.Rdata,soil_mf,0.0252594341916967,9,0.0538775922634304,TRUE,FALSE,TRUE,Texture,
soil,T_CEC_CLAY,5,mf_var,Plain MF RF,0.0989627423675641,7.92105371807602,0.132544598469963,6.61975648529683,253.239653449977,H:/Jing/ecoChina2/rf_soil/soil_mf_zone5.Rdata,soil_mf,0.0989627423675641,1,0.219390896271893,TRUE,TRUE,TRUE,Nutrient retention and base status,
soil,T_OC,5,mf_var,Plain MF RF,0.0807389527005415,7.58867531037355,0.155516558768329,6.33608020904966,190.805490677399,H:/Jing/ecoChina2/rf_soil/soil_mf_zone5.Rdata,soil_mf,0.0807389527005415,2,0.178990504640982,TRUE,TRUE,TRUE,Organic carbon,
soil,T_CEC_SOIL,5,mf_var,Plain MF RF,0.0556408175115728,3.98710541779503,0.105494734210051,3.30950257061646,114.069763609298,H:/Jing/ecoChina2/rf_soil/soil_mf_zone5.Rdata,soil_mf,0.0556408175115728,3,0.123350349142768,TRUE,TRUE,TRUE,Nutrient retention and base status,
soil,T_REF_BULK_DENSITY,5,mf_var,Plain MF RF,0.0457528784888295,4.59038391364248,0.0841454486633964,3.99871396121373,79.0679160179628,H:/Jing/ecoChina2/rf_soil/soil_mf_zone5.Rdata,soil_mf,0.0457528784888295,4,0.101429737884601,TRUE,TRUE,TRUE,Bulk density,
soil,T_SILT,5,mf_var,Plain MF RF,0.0393931648093976,5.48375648148132,0.0751373644549447,4.59257469634242,81.458255769635,H:/Jing/ecoChina2/rf_soil/soil_mf_zone5.Rdata,soil_mf,0.0393931648093976,5,0.0873308633911988,TRUE,TRUE,TRUE,Texture,
soil,T_PH_H2O,5,mf_var,Plain MF RF,0.0380313311896533,4.86893813080228,0.0550339543460968,3.9239215796437,79.0930925341922,H:/Jing/ecoChina2/rf_soil/soil_mf_zone5.Rdata,soil_mf,0.0380313311896533,6,0.0843118090353766,TRUE,FALSE,TRUE,Soil reaction,
soil,T_CLAY,5,mf_var,Plain MF RF,0.0322692924502001,4.37503443575784,0.0556253132939991,3.53349219236103,55.9480907806994,H:/Jing/ecoChina2/rf_soil/soil_mf_zone5.Rdata,soil_mf,0.0322692924502001,7,0.0715379224881871,TRUE,FALSE,TRUE,Texture,
soil,T_CACO3,5,mf_var,Plain MF RF,0.0320734553376199,4.89232316467272,0.0474825325684908,3.68191540686849,76.6197217943034,H:/Jing/ecoChina2/rf_soil/soil_mf_zone5.Rdata,soil_mf,0.0320734553376199,8,0.0711037704161609,TRUE,FALSE,TRUE,Carbonates,
soil,T_TEB,5,mf_var,Plain MF RF,0.0282168951034155,4.60967054232694,0.0394696360295531,3.19717300582111,56.1921803119274,H:/Jing/ecoChina2/rf_soil/soil_mf_zone5.Rdata,soil_mf,0.0282168951034155,9,0.0625541467288331,TRUE,FALSE,TRUE,Nutrient retention and base status,
soil,T_GRAVEL,6,mf_var,Plain MF RF,0.113272392582591,6.96455292780759,0.183902412616704,6.33810684887139,316.821580605135,H:/Jing/ecoChina2/rf_soil/soil_mf_zone6.Rdata,soil_mf,0.113272392582591,1,0.200136857401188,TRUE,TRUE,TRUE,Coarse fragments,
soil,T_OC,6,mf_var,Plain MF RF,0.0746966189859522,5.36625322886621,0.128045937267394,4.58654888636584,166.051235323439,H:/Jing/ecoChina2/rf_soil/soil_mf_zone6.Rdata,soil_mf,0.0746966189859522,2,0.131978730575874,TRUE,TRUE,TRUE,Organic carbon,
soil,T_TEB,6,mf_var,Plain MF RF,0.0733217151303017,5.30887014973187,0.089010414992878,4.44831665196548,182.073662881044,H:/Jing/ecoChina2/rf_soil/soil_mf_zone6.Rdata,soil_mf,0.0733217151303017,3,0.129549463120453,TRUE,TRUE,TRUE,Nutrient retention and base status,
soil,T_BS,6,mf_var,Plain MF RF,0.0655739596958715,4.66351017627538,0.110120395773089,4.08240145803096,122.236342720753,H:/Jing/ecoChina2/rf_soil/soil_mf_zone6.Rdata,soil_mf,0.0655739596958715,4,0.115860236741401,TRUE,TRUE,TRUE,Nutrient retention and base status,
soil,T_CEC_CLAY,6,mf_var,Plain MF RF,0.0590558493295866,5.61910575729117,0.0901209059252516,4.73126823668307,122.024122134158,H:/Jing/ecoChina2/rf_soil/soil_mf_zone6.Rdata,soil_mf,0.0590558493295866,5,0.104343625366293,TRUE,TRUE,TRUE,Nutrient retention and base status,
soil,T_CEC_SOIL,6,mf_var,Plain MF RF,0.0521430192365353,4.34243062906926,0.0911037852810603,3.58979378611577,114.540890750632,H:/Jing/ecoChina2/rf_soil/soil_mf_zone6.Rdata,soil_mf,0.0521430192365353,6,0.0921295981083903,TRUE,FALSE,TRUE,Nutrient retention and base status,
soil,T_PH_H2O,6,mf_var,Plain MF RF,0.0501722962282449,4.40106752539195,0.0749062462079799,3.82252238066031,101.657538011193,H:/Jing/ecoChina2/rf_soil/soil_mf_zone6.Rdata,soil_mf,0.0501722962282449,7,0.0886475995322599,TRUE,FALSE,TRUE,Soil reaction,
soil,T_SILT,6,mf_var,Plain MF RF,0.0419994549767169,5.1714704577217,0.0688418305383955,4.23728103767812,81.6127099363242,H:/Jing/ecoChina2/rf_soil/soil_mf_zone6.Rdata,soil_mf,0.0419994549767169,8,0.0742073045333971,TRUE,FALSE,TRUE,Texture,
soil,T_SAND,6,mf_var,Plain MF RF,0.0357393676321818,4.09534418394066,0.0545416396603745,2.97689618406045,65.7028691523105,H:/Jing/ecoChina2/rf_soil/soil_mf_zone6.Rdata,soil_mf,0.0357393676321818,9,0.0631465846207432,TRUE,FALSE,TRUE,Texture,
soil,T_CEC_CLAY,7,mf_var,Plain MF RF,0.0932124035006854,7.34400647472684,0.176204124284499,7.0212054219063,224.569030105695,H:/Jing/ecoChina2/rf_soil/soil_mf_zone7.Rdata,soil_mf,0.0932124035006854,1,0.179537826107604,TRUE,TRUE,TRUE,Nutrient retention and base status,
soil,T_PH_H2O,7,mf_var,Plain MF RF,0.0786782461714652,7.26843361789368,0.161549134144076,6.63834953325217,196.986128635123,H:/Jing/ecoChina2/rf_soil/soil_mf_zone7.Rdata,soil_mf,0.0786782461714652,2,0.15154336492868,TRUE,TRUE,TRUE,Soil reaction,
soil,T_OC,7,mf_var,Plain MF RF,0.0688374143157831,6.40997324856847,0.152331915860678,6.07478259314698,111.86602871751,H:/Jing/ecoChina2/rf_soil/soil_mf_zone7.Rdata,soil_mf,0.0688374143157831,3,0.132588789227319,TRUE,TRUE,TRUE,Organic carbon,
soil,T_REF_BULK_DENSITY,7,mf_var,Plain MF RF,0.0550443795433415,6.10280748435549,0.0978592899329446,5.42905719770946,79.5786353197522,H:/Jing/ecoChina2/rf_soil/soil_mf_zone7.Rdata,soil_mf,0.0550443795433415,4,0.106021815461295,TRUE,TRUE,TRUE,Bulk density,
soil,T_BS,7,mf_var,Plain MF RF,0.0540313891959575,4.89690024437879,0.10219157731974,4.44883366745903,110.769596084203,H:/Jing/ecoChina2/rf_soil/soil_mf_zone7.Rdata,soil_mf,0.0540313891959575,5,0.104070679367738,TRUE,TRUE,TRUE,Nutrient retention and base status,
soil,T_SAND,7,mf_var,Plain MF RF,0.0447303031340214,5.46366179993176,0.0915540954628496,4.93735998387692,73.6427051794709,H:/Jing/ecoChina2/rf_soil/soil_mf_zone7.Rdata,soil_mf,0.0447303031340214,6,0.0861557162374565,TRUE,FALSE,TRUE,Texture,
soil,T_TEB,7,mf_var,Plain MF RF,0.0434641043395454,5.14920729553823,0.0831536545766242,4.64065908149255,63.9629449017596,H:/Jing/ecoChina2/rf_soil/soil_mf_zone7.Rdata,soil_mf,0.0434641043395454,7,0.0837168715081858,TRUE,FALSE,TRUE,Nutrient retention and base status,
soil,T_CLAY,7,mf_var,Plain MF RF,0.0416657365173117,6.05640827619288,0.0727021040361691,5.14577504232395,62.9488314721916,H:/Jing/ecoChina2/rf_soil/soil_mf_zone7.Rdata,soil_mf,0.0416657365173117,8,0.0802530079318825,TRUE,FALSE,TRUE,Texture,
soil,T_CEC_SOIL,7,mf_var,Plain MF RF,0.0395157723160545,4.74118400942032,0.078713976704371,3.90758911573909,55.2457142774362,H:/Jing/ecoChina2/rf_soil/soil_mf_zone7.Rdata,soil_mf,0.0395157723160545,9,0.07611192922984,TRUE,FALSE,TRUE,Nutrient retention and base status,
soil,T_CEC_CLAY,9,mf_var,Plain MF RF,0.109634147458446,7.03971541713548,0.203713279187295,7.4397436116524,487.189346643541,H:/Jing/ecoChina2/rf_soil/soil_mf_zone9.Rdata,soil_mf,0.109634147458446,1,0.217648936387287,TRUE,TRUE,TRUE,Nutrient retention and base status,
soil,T_PH_H2O,9,mf_var,Plain MF RF,0.0712609786854578,4.23369548718114,0.129953687293139,3.87878923268884,365.5463601158,H:/Jing/ecoChina2/rf_soil/soil_mf_zone9.Rdata,soil_mf,0.0712609786854578,2,0.141469392304852,TRUE,TRUE,TRUE,Soil reaction,
soil,T_CACO3,9,mf_var,Plain MF RF,0.0650306206843261,3.87952714608459,0.116997697534278,3.94115113573756,353.135876190456,H:/Jing/ecoChina2/rf_soil/soil_mf_zone9.Rdata,soil_mf,0.0650306206843261,3,0.129100702223395,TRUE,TRUE,TRUE,Carbonates,
soil,T_TEB,9,mf_var,Plain MF RF,0.0561263522265561,4.2115012571754,0.121459117903509,4.0344581118732,194.457442830209,H:/Jing/ecoChina2/rf_soil/soil_mf_zone9.Rdata,soil_mf,0.0561263522265561,4,0.111423686402434,TRUE,TRUE,TRUE,Nutrient retention and base status,
soil,T_GRAVEL,9,mf_var,Plain MF RF,0.0549966857489669,4.20650910469989,0.133331782776976,4.29376993577838,417.819225984684,H:/Jing/ecoChina2/rf_soil/soil_mf_zone9.Rdata,soil_mf,0.0549966857489669,5,0.109181039261744,TRUE,TRUE,TRUE,Coarse fragments,
soil,T_BS,9,mf_var,Plain MF RF,0.0455732611130523,3.58674825824159,0.107203211988749,3.42500188791835,218.639804548215,H:/Jing/ecoChina2/rf_soil/soil_mf_zone9.Rdata,soil_mf,0.0455732611130523,6,0.09047337931565,TRUE,FALSE,TRUE,Nutrient retention and base status,
soil,T_SILT,9,mf_var,Plain MF RF,0.0441823462731448,4.29640247891432,0.112942994662679,4.14490047733128,126.706669270049,H:/Jing/ecoChina2/rf_soil/soil_mf_zone9.Rdata,soil_mf,0.0441823462731448,7,0.0877120942367844,TRUE,FALSE,TRUE,Texture,
soil,T_REF_BULK_DENSITY,9,mf_var,Plain MF RF,0.0293990003580876,3.88041350872526,0.0750930282331023,3.66469526077313,61.5642273478319,H:/Jing/ecoChina2/rf_soil/soil_mf_zone9.Rdata,soil_mf,0.0293990003580876,8,0.0583637608092174,TRUE,FALSE,TRUE,Bulk density,
soil,T_CEC_SOIL,9,mf_var,Plain MF RF,0.0275167233332652,3.63689256422672,0.0621740454899294,3.42557261492441,125.515458985992,H:/Jing/ecoChina2/rf_soil/soil_mf_zone9.Rdata,soil_mf,0.0275167233332652,9,0.0546270090586361,TRUE,FALSE,TRUE,Nutrient retention and base status,
soil,T_BS,10,mf_var,Plain MF RF,0.0868104490863458,4.07736980757988,0.143022263974605,3.76164193556759,203.385170794459,H:/Jing/ecoChina2/rf_soil/soil_mf_zone10.Rdata,soil_mf,0.0868104490863458,1,0.153607302284392,TRUE,TRUE,TRUE,Nutrient retention and base status,
soil,T_REF_BULK_DENSITY,10,mf_var,Plain MF RF,0.0853932585685418,4.35411212004634,0.133633720023249,3.71755018760066,214.220340672112,H:/Jing/ecoChina2/rf_soil/soil_mf_zone10.Rdata,soil_mf,0.0853932585685418,2,0.15109964549245,TRUE,TRUE,TRUE,Bulk density,
soil,T_CEC_SOIL,10,mf_var,Plain MF RF,0.0744553769995385,4.98741004337126,0.115252276659539,4.11068878357853,197.829336314718,H:/Jing/ecoChina2/rf_soil/soil_mf_zone10.Rdata,soil_mf,0.0744553769995385,3,0.131745541254956,TRUE,TRUE,TRUE,Nutrient retention and base status,
soil,T_TEB,10,mf_var,Plain MF RF,0.0741139515074472,4.2911863250711,0.125540148759153,3.88957881101117,153.675940823601,H:/Jing/ecoChina2/rf_soil/soil_mf_zone10.Rdata,soil_mf,0.0741139515074472,4,0.131141403742442,TRUE,TRUE,TRUE,Nutrient retention and base status,
soil,T_CLAY,10,mf_var,Plain MF RF,0.0550142956773726,4.28099916466017,0.0868270261558254,3.55002031166207,129.640639394354,H:/Jing/ecoChina2/rf_soil/soil_mf_zone10.Rdata,soil_mf,0.0550142956773726,5,0.097345396032587,TRUE,TRUE,TRUE,Texture,
soil,T_PH_H2O,10,mf_var,Plain MF RF,0.0504287879035956,3.86679283435342,0.0758080433927357,2.92343661116714,98.0302407168186,H:/Jing/ecoChina2/rf_soil/soil_mf_zone10.Rdata,soil_mf,0.0504287879035956,6,0.0892315400838245,TRUE,FALSE,TRUE,Soil reaction,
soil,T_OC,10,mf_var,Plain MF RF,0.050372136189659,3.09241542012071,0.0833926464957344,2.73510874412028,95.9323969805236,H:/Jing/ecoChina2/rf_soil/soil_mf_zone10.Rdata,soil_mf,0.050372136189659,7,0.0891312973476197,TRUE,FALSE,TRUE,Organic carbon,
soil,T_CEC_CLAY,10,mf_var,Plain MF RF,0.0454961612086708,3.79128453196667,0.0747308652420506,3.31758192407309,83.2767800388121,H:/Jing/ecoChina2/rf_soil/soil_mf_zone10.Rdata,soil_mf,0.0454961612086708,8,0.0805034723482258,TRUE,FALSE,TRUE,Nutrient retention and base status,
soil,T_SILT,10,mf_var,Plain MF RF,0.0430609099059978,3.27316421601761,0.080995320955288,2.83514125038801,83.8979678487745,H:/Jing/ecoChina2/rf_soil/soil_mf_zone10.Rdata,soil_mf,0.0430609099059978,9,0.0761944014135036,TRUE,FALSE,TRUE,Texture,
soil,T_CEC_CLAY,11,mf_var,Plain MF RF,0.156339012941234,8.10639217672497,0.262818748079349,7.54206839635794,368.609551357836,H:/Jing/ecoChina2/rf_soil/soil_mf_zone11.Rdata,soil_mf,0.156339012941234,1,0.226153156384969,TRUE,TRUE,TRUE,Nutrient retention and base status,
soil,T_CEC_SOIL,11,mf_var,Plain MF RF,0.0959589374415406,4.96416168481858,0.175616930965794,4.53592275533166,270.108722382194,H:/Jing/ecoChina2/rf_soil/soil_mf_zone11.Rdata,soil_mf,0.0959589374415406,2,0.13880998848259,TRUE,TRUE,TRUE,Nutrient retention and base status,
soil,T_OC,11,mf_var,Plain MF RF,0.0880817847089522,5.61060022756515,0.155514391048697,5.06982976963555,136.583896213001,H:/Jing/ecoChina2/rf_soil/soil_mf_zone11.Rdata,soil_mf,0.0880817847089522,3,0.127415244967924,TRUE,TRUE,TRUE,Organic carbon,
soil,T_SAND,11,mf_var,Plain MF RF,0.0777562970105328,5.04682057942017,0.143359241640615,4.61603019767819,80.3999561972382,H:/Jing/ecoChina2/rf_soil/soil_mf_zone11.Rdata,soil_mf,0.0777562970105328,4,0.112478847518047,TRUE,TRUE,TRUE,Texture,
soil,T_TEB,11,mf_var,Plain MF RF,0.0669123312652822,4.68729766770256,0.109978606308897,4.14371674635582,101.714082863613,H:/Jing/ecoChina2/rf_soil/soil_mf_zone11.Rdata,soil_mf,0.0669123312652822,5,0.0967924424750481,TRUE,TRUE,TRUE,Nutrient retention and base status,
soil,T_SILT,11,mf_var,Plain MF RF,0.0657688437528639,5.01474869848771,0.117397651216746,4.616842932336,97.8561145104686,H:/Jing/ecoChina2/rf_soil/soil_mf_zone11.Rdata,soil_mf,0.0657688437528639,6,0.0951383236127434,TRUE,FALSE,TRUE,Texture,
soil,T_REF_BULK_DENSITY,11,mf_var,Plain MF RF,0.0617357138678072,3.98974765927809,0.112869333286047,3.6182319703466,74.5308207711906,H:/Jing/ecoChina2/rf_soil/soil_mf_zone11.Rdata,soil_mf,0.0617357138678072,7,0.0893041748839232,TRUE,FALSE,TRUE,Bulk density,
soil,T_PH_H2O,11,mf_var,Plain MF RF,0.0542296388350297,5.25242185641341,0.0611682742490556,4.29948510967011,142.431553480352,H:/Jing/ecoChina2/rf_soil/soil_mf_zone11.Rdata,soil_mf,0.0542296388350297,8,0.0784462160879115,TRUE,FALSE,TRUE,Soil reaction,
soil,T_GRAVEL,11,mf_var,Plain MF RF,0.0245145038140484,3.76386778591918,0.044283088331366,3.6837222611682,42.6935475254099,H:/Jing/ecoChina2/rf_soil/soil_mf_zone11.Rdata,soil_mf,0.0245145038140484,9,0.0354616055868431,TRUE,FALSE,TRUE,Coarse fragments,
soil,T_CEC_CLAY,12,mf_var,Plain MF RF,0.117398320061248,6.9216011629855,0.166455049365812,6.01359844643698,287.9374396954,H:/Jing/ecoChina2/rf_soil/soil_mf_zone12.Rdata,soil_mf,0.117398320061248,1,0.18915700404801,TRUE,TRUE,TRUE,Nutrient retention and base status,
soil,T_PH_H2O,12,mf_var,Plain MF RF,0.0833889330192259,6.15620377130418,0.0989179079482321,4.9298265213961,182.325647104824,H:/Jing/ecoChina2/rf_soil/soil_mf_zone12.Rdata,soil_mf,0.0833889330192259,2,0.134359680210481,TRUE,TRUE,TRUE,Soil reaction,
soil,T_CEC_SOIL,12,mf_var,Plain MF RF,0.0811697036505293,4.69642873324457,0.140217033919543,3.83258981122455,157.083717054136,H:/Jing/ecoChina2/rf_soil/soil_mf_zone12.Rdata,soil_mf,0.0811697036505293,3,0.130783966533667,TRUE,TRUE,TRUE,Nutrient retention and base status,
soil,T_OC,12,mf_var,Plain MF RF,0.0722024776596326,6.4490128170579,0.114812031917917,5.19278889844774,123.226160180598,H:/Jing/ecoChina2/rf_soil/soil_mf_zone12.Rdata,soil_mf,0.0722024776596326,4,0.116335603029193,TRUE,TRUE,TRUE,Organic carbon,
soil,T_SILT,12,mf_var,Plain MF RF,0.0679277106829209,4.48370515832357,0.109955598790615,4.74922001401906,131.867086143504,H:/Jing/ecoChina2/rf_soil/soil_mf_zone12.Rdata,soil_mf,0.0679277106829209,5,0.109447922576046,TRUE,TRUE,TRUE,Texture,
soil,T_REF_BULK_DENSITY,12,mf_var,Plain MF RF,0.0616109573308323,4.93564738425869,0.119864981297679,4.21173495098952,77.3362792389541,H:/Jing/ecoChina2/rf_soil/soil_mf_zone12.Rdata,soil_mf,0.0616109573308323,6,0.0992701096502059,TRUE,FALSE,TRUE,Bulk density,
soil,T_BS,12,mf_var,Plain MF RF,0.0508246816338984,4.53669901222148,0.0612842865971845,3.41013985996036,116.708125890531,H:/Jing/ecoChina2/rf_soil/soil_mf_zone12.Rdata,soil_mf,0.0508246816338984,7,0.0818908184081895,TRUE,FALSE,TRUE,Nutrient retention and base status,
soil,T_TEB,12,mf_var,Plain MF RF,0.0500072912207823,5.10541119858528,0.0677116552938092,3.90042254938039,89.298386302331,H:/Jing/ecoChina2/rf_soil/soil_mf_zone12.Rdata,soil_mf,0.0500072912207823,8,0.0805738053401835,TRUE,FALSE,TRUE,Nutrient retention and base status,
soil,T_CLAY,12,mf_var,Plain MF RF,0.0361094863161961,4.6717274827068,0.0659983811231204,3.93079987060768,64.0523092278813,H:/Jing/ecoChina2/rf_soil/soil_mf_zone12.Rdata,soil_mf,0.0361094863161961,9,0.0581810902040235,TRUE,FALSE,TRUE,Texture,
soil,T_BS,13,mf_var,Plain MF RF,0.114689946367484,5.69135782727168,0.170574007581851,5.77037455816348,318.738985332309,H:/Jing/ecoChina2/rf_soil/soil_mf_zone13.Rdata,soil_mf,0.114689946367484,1,0.167961063112632,TRUE,TRUE,TRUE,Nutrient retention and base status,
soil,T_CEC_CLAY,13,mf_var,Plain MF RF,0.0903854583752204,5.36365605071049,0.188529164112804,5.43413964675435,198.598340519526,H:/Jing/ecoChina2/rf_soil/soil_mf_zone13.Rdata,soil_mf,0.0903854583752204,2,0.132367641275039,TRUE,TRUE,TRUE,Nutrient retention and base status,
soil,T_PH_H2O,13,mf_var,Plain MF RF,0.0879443081808172,4.8992569719777,0.142013751054031,4.64584474344666,161.518483914775,H:/Jing/ecoChina2/rf_soil/soil_mf_zone13.Rdata,soil_mf,0.0879443081808172,3,0.12879262711856,TRUE,TRUE,TRUE,Soil reaction,
soil,T_CEC_SOIL,13,mf_var,Plain MF RF,0.0837638614502839,5.18440783797073,0.169704440532298,4.95006076741331,132.524072786331,H:/Jing/ecoChina2/rf_soil/soil_mf_zone13.Rdata,soil_mf,0.0837638614502839,4,0.122670449025493,TRUE,TRUE,TRUE,Nutrient retention and base status,
soil,T_TEB,13,mf_var,Plain MF RF,0.0823395515709542,5.63851084993365,0.137110584635669,5.05518067677799,152.286047397307,H:/Jing/ecoChina2/rf_soil/soil_mf_zone13.Rdata,soil_mf,0.0823395515709542,5,0.120584576557059,TRUE,TRUE,TRUE,Nutrient retention and base status,
soil,T_OC,13,mf_var,Plain MF RF,0.0773411988747497,5.61756394483837,0.142341070940933,5.59038655176302,143.411349916719,H:/Jing/ecoChina2/rf_soil/soil_mf_zone13.Rdata,soil_mf,0.0773411988747497,6,0.113264592031333,TRUE,FALSE,TRUE,Organic carbon,
soil,T_SAND,13,mf_var,Plain MF RF,0.0537631797410447,4.91702478915106,0.0922503345177865,4.48715910202654,133.707946184326,H:/Jing/ecoChina2/rf_soil/soil_mf_zone13.Rdata,soil_mf,0.0537631797410447,7,0.0787350688672183,TRUE,FALSE,TRUE,Texture,
soil,T_REF_BULK_DENSITY,13,mf_var,Plain MF RF,0.0492280299734686,4.37191711811462,0.0830057471538633,3.88091946706229,94.3020959028868,H:/Jing/ecoChina2/rf_soil/soil_mf_zone13.Rdata,soil_mf,0.0492280299734686,8,0.0720934354855407,TRUE,FALSE,TRUE,Bulk density,
soil,T_CLAY,13,mf_var,Plain MF RF,0.0433809767505856,4.33209962239335,0.0704783140522239,3.79897530292179,84.481238598437,H:/Jing/ecoChina2/rf_soil/soil_mf_zone13.Rdata,soil_mf,0.0433809767505856,9,0.0635305465271237,TRUE,FALSE,TRUE,Texture,
soil,T_SILT,14,mf_var,Plain MF RF,0.100127547709542,5.84939630022536,0.196210887762595,6.61406053717595,381.991521618693,H:/Jing/ecoChina2/rf_soil/soil_mf_zone14.Rdata,soil_mf,0.100127547709542,1,0.154439094099543,TRUE,TRUE,TRUE,Texture,
soil,T_OC,14,mf_var,Plain MF RF,0.0917977427441154,4.81642774042566,0.202653650079904,4.88789330911319,465.784280664513,H:/Jing/ecoChina2/rf_soil/soil_mf_zone14.Rdata,soil_mf,0.0917977427441154,2,0.141591006212499,TRUE,TRUE,TRUE,Organic carbon,
soil,T_CEC_SOIL,14,mf_var,Plain MF RF,0.0814153986525542,4.98238974452987,0.199463152273541,4.89977162574866,229.217381749061,H:/Jing/ecoChina2/rf_soil/soil_mf_zone14.Rdata,soil_mf,0.0814153986525542,3,0.125577033506588,TRUE,TRUE,TRUE,Nutrient retention and base status,
soil,T_CEC_CLAY,14,mf_var,Plain MF RF,0.0762700344106499,6.72625455874145,0.16893820946887,6.56674980029087,341.098980938013,H:/Jing/ecoChina2/rf_soil/soil_mf_zone14.Rdata,soil_mf,0.0762700344106499,4,0.117640702192082,TRUE,TRUE,TRUE,Nutrient retention and base status,
soil,T_SAND,14,mf_var,Plain MF RF,0.0753912348096368,4.57015326099012,0.151564877803212,4.32597522918942,285.391266976383,H:/Jing/ecoChina2/rf_soil/soil_mf_zone14.Rdata,soil_mf,0.0753912348096368,5,0.116285220934625,TRUE,TRUE,TRUE,Texture,
soil,T_TEB,14,mf_var,Plain MF RF,0.0725759535694989,6.39144767790077,0.182184965410223,6.8301328018977,280.730856062508,H:/Jing/ecoChina2/rf_soil/soil_mf_zone14.Rdata,soil_mf,0.0725759535694989,6,0.111942864666961,TRUE,FALSE,TRUE,Nutrient retention and base status,
soil,T_PH_H2O,14,mf_var,Plain MF RF,0.0554777428089778,4.59164226149921,0.0730687968772237,3.99010326275852,122.062091849376,H:/Jing/ecoChina2/rf_soil/soil_mf_zone14.Rdata,soil_mf,0.0554777428089778,7,0.0855701806156335,TRUE,FALSE,TRUE,Soil reaction,
soil,T_GRAVEL,14,mf_var,Plain MF RF,0.0483373659467502,4.55480084332916,0.115819484399332,4.54325159960253,69.5649951070522,H:/Jing/ecoChina2/rf_soil/soil_mf_zone14.Rdata,soil_mf,0.0483373659467502,8,0.0745566947233122,TRUE,FALSE,TRUE,Coarse fragments,
soil,T_ESP,14,mf_var,Plain MF RF,0.0469373020125948,4.08999836428284,0.0875594955647387,3.54791752601219,123.581489951779,H:/Jing/ecoChina2/rf_soil/soil_mf_zone14.Rdata,soil_mf,0.0469373020125948,9,0.0723972030487569,TRUE,FALSE,TRUE,Sodicity,
soil,T_ESP,15,mf_var,Plain MF RF,0.131034960161923,8.01763880221355,0.197892581188437,7.94372364284884,306.542796541724,H:/Jing/ecoChina2/rf_soil/soil_mf_zone15.Rdata,soil_mf,0.131034960161923,1,0.210182568050146,TRUE,TRUE,TRUE,Sodicity,
soil,T_OC,15,mf_var,Plain MF RF,0.083886188621117,6.82539087115504,0.13847553638166,6.70294001575368,163.14379677291,H:/Jing/ecoChina2/rf_soil/soil_mf_zone15.Rdata,soil_mf,0.083886188621117,2,0.134555041849425,TRUE,TRUE,TRUE,Organic carbon,
soil,T_SILT,15,mf_var,Plain MF RF,0.0825803751568602,6.17175888258779,0.133819850988428,5.95687927511211,153.913523715156,H:/Jing/ecoChina2/rf_soil/soil_mf_zone15.Rdata,soil_mf,0.0825803751568602,3,0.132460492219518,TRUE,TRUE,TRUE,Texture,
soil,T_CEC_CLAY,15,mf_var,Plain MF RF,0.0820169824604156,6.72312149577357,0.126755345219691,6.40617195520112,246.018718690736,H:/Jing/ecoChina2/rf_soil/soil_mf_zone15.Rdata,soil_mf,0.0820169824604156,4,0.13155679962013,TRUE,TRUE,TRUE,Nutrient retention and base status,
soil,T_TEB,15,mf_var,Plain MF RF,0.0804251504158216,4.98536098636578,0.146845174420289,5.05888077776391,226.264444043874,H:/Jing/ecoChina2/rf_soil/soil_mf_zone15.Rdata,soil_mf,0.0804251504158216,5,0.12900347074802,TRUE,TRUE,TRUE,Nutrient retention and base status,
soil,T_GRAVEL,15,mf_var,Plain MF RF,0.0530984065677393,5.03411047468134,0.107906031739554,5.05060469869747,100.308198835182,H:/Jing/ecoChina2/rf_soil/soil_mf_zone15.Rdata,soil_mf,0.0530984065677393,6,0.0851708539307908,TRUE,FALSE,TRUE,Coarse fragments,
soil,T_SAND,15,mf_var,Plain MF RF,0.0430850452167533,5.35643702572672,0.0802687063877805,4.8625646229452,94.0446566128257,H:/Jing/ecoChina2/rf_soil/soil_mf_zone15.Rdata,soil_mf,0.0430850452167533,7,0.0691092318952397,TRUE,FALSE,TRUE,Texture,
soil,T_REF_BULK_DENSITY,15,mf_var,Plain MF RF,0.034512277451605,4.39537183779684,0.0637263401422155,3.92965844895888,71.0466056041149,H:/Jing/ecoChina2/rf_soil/soil_mf_zone15.Rdata,soil_mf,0.034512277451605,8,0.0553583493677844,TRUE,FALSE,TRUE,Bulk density,
soil,T_CLAY,15,mf_var,Plain MF RF,0.03279461885849,4.35393551086447,0.058457191290509,3.91813062705451,62.9151331288216,H:/Jing/ecoChina2/rf_soil/soil_mf_zone15.Rdata,soil_mf,0.03279461885849,9,0.0526031923189466,TRUE,FALSE,TRUE,Texture,
soil,T_OC,16,mf_var,Plain MF RF,0.136787147910248,5.93835224653059,0.200205630763203,5.46391324032688,446.31946474324,H:/Jing/ecoChina2/rf_soil/soil_mf_zone16.Rdata,soil_mf,0.136787147910248,1,0.25741672566154,TRUE,TRUE,TRUE,Organic carbon,
soil,T_BS,16,mf_var,Plain MF RF,0.0806594087710149,3.99182317067465,0.118721119604873,3.65314793654529,271.413630492216,H:/Jing/ecoChina2/rf_soil/soil_mf_zone16.Rdata,soil_mf,0.0806594087710149,2,0.151791167641377,TRUE,TRUE,TRUE,Nutrient retention and base status,
soil,T_TEB,16,mf_var,Plain MF RF,0.0746025998155943,4.25648111669186,0.1000512797322,3.44207384768473,204.451447847346,H:/Jing/ecoChina2/rf_soil/soil_mf_zone16.Rdata,soil_mf,0.0746025998155943,3,0.140392992059232,TRUE,TRUE,TRUE,Nutrient retention and base status,
soil,T_CLAY,16,mf_var,Plain MF RF,0.0698552153857638,3.96191066042461,0.114202114201472,3.41078950844469,267.494518874151,H:/Jing/ecoChina2/rf_soil/soil_mf_zone16.Rdata,soil_mf,0.0698552153857638,4,0.131458993697153,TRUE,TRUE,TRUE,Texture,
soil,T_REF_BULK_DENSITY,16,mf_var,Plain MF RF,0.0556924096527717,2.78552650264694,0.0838139242054333,2.38775804185027,111.919577166484,H:/Jing/ecoChina2/rf_soil/soil_mf_zone16.Rdata,soil_mf,0.0556924096527717,5,0.104806321032617,TRUE,TRUE,TRUE,Bulk density,
soil,T_CEC_SOIL,16,mf_var,Plain MF RF,0.0307902547194715,3.54323247122466,0.0459548650225322,2.95938200892474,87.0608308546511,H:/Jing/ecoChina2/rf_soil/soil_mf_zone16.Rdata,soil_mf,0.0307902547194715,6,0.057943503269559,TRUE,FALSE,TRUE,Nutrient retention and base status,
soil,T_SILT,16,mf_var,Plain MF RF,0.0280905993718358,2.82003866061715,0.0482809506572676,2.39647440410028,69.8739576594934,H:/Jing/ecoChina2/rf_soil/soil_mf_zone16.Rdata,soil_mf,0.0280905993718358,7,0.052863081237081,TRUE,FALSE,TRUE,Texture,
soil,T_CEC_CLAY,16,mf_var,Plain MF RF,0.0277902077937273,2.42532464184895,0.0348033362994125,1.64099193697327,47.8375067230463,H:/Jing/ecoChina2/rf_soil/soil_mf_zone16.Rdata,soil_mf,0.0277902077937273,8,0.0522977809319403,TRUE,FALSE,TRUE,Nutrient retention and base status,
soil,T_PH_H2O,16,mf_var,Plain MF RF,0.0271162286856748,2.94740508583499,0.0270623099451909,1.72619923562318,28.6322569256996,H:/Jing/ecoChina2/rf_soil/soil_mf_zone16.Rdata,soil_mf,0.0271162286856748,9,0.0510294344695006,TRUE,FALSE,TRUE,Soil reaction,
soil,T_OC,17,mf_var,Plain MF RF,0.115862509491001,6.15569882972267,0.249960536118427,5.70188293288287,222.783231704912,H:/Jing/ecoChina2/rf_soil/soil_mf_zone17.Rdata,soil_mf,0.115862509491001,1,0.196004461494351,TRUE,TRUE,TRUE,Organic carbon,
soil,T_BS,17,mf_var,Plain MF RF,0.113091541051288,4.98476430352515,0.21788711100746,4.70501009493716,172.514634649149,H:/Jing/ecoChina2/rf_soil/soil_mf_zone17.Rdata,soil_mf,0.113091541051288,2,0.19131681767212,TRUE,TRUE,TRUE,Nutrient retention and base status,
soil,T_TEB,17,mf_var,Plain MF RF,0.0782177590469232,4.24384844936403,0.150663327741262,3.71091452729807,136.806899672726,H:/Jing/ecoChina2/rf_soil/soil_mf_zone17.Rdata,soil_mf,0.0782177590469232,3,0.132320884543571,TRUE,TRUE,TRUE,Nutrient retention and base status,
soil,T_REF_BULK_DENSITY,17,mf_var,Plain MF RF,0.0653071592468266,3.38508892994117,0.139632886013278,3.25582019794789,61.4453752652148,H:/Jing/ecoChina2/rf_soil/soil_mf_zone17.Rdata,soil_mf,0.0653071592468266,4,0.110480039109582,TRUE,TRUE,TRUE,Bulk density,
soil,T_SAND,17,mf_var,Plain MF RF,0.0601698657527224,3.63771321750065,0.125628629729724,3.151539753307,46.6333851941121,H:/Jing/ecoChina2/rf_soil/soil_mf_zone17.Rdata,soil_mf,0.0601698657527224,5,0.101789286170828,TRUE,TRUE,TRUE,Texture,
soil,T_SILT,17,mf_var,Plain MF RF,0.0591378908671002,4.2098311693729,0.126118427362771,3.83148616278905,61.1865588795667,H:/Jing/ecoChina2/rf_soil/soil_mf_zone17.Rdata,soil_mf,0.0591378908671002,6,0.100043495555549,TRUE,FALSE,TRUE,Texture,
soil,T_GRAVEL,17,mf_var,Plain MF RF,0.050253878971313,3.08119378152214,0.0896274310989135,2.40385554084235,53.2189566329582,H:/Jing/ecoChina2/rf_soil/soil_mf_zone17.Rdata,soil_mf,0.050253878971313,7,0.0850144238118679,TRUE,FALSE,TRUE,Coarse fragments,
soil,T_CEC_CLAY,17,mf_var,Plain MF RF,0.0453730380969941,3.72899758541764,0.0861591396432161,3.09008499571643,71.9385876386455,H:/Jing/ecoChina2/rf_soil/soil_mf_zone17.Rdata,soil_mf,0.0453730380969941,8,0.0767575114472621,TRUE,FALSE,TRUE,Nutrient retention and base status,
soil,T_CASO4,17,mf_var,Plain MF RF,0.00370815443727461,2.20058941767834,0.00451648464179604,1.53251582713088,5.77315482964255,H:/Jing/ecoChina2/rf_soil/soil_mf_zone17.Rdata,soil_mf,0.00370815443727461,9,0.00627308019486969,TRUE,FALSE,TRUE,Gypsum,
soil,T_OC,18,mf_var,Plain MF RF,0.111615518242681,6.76300845349978,0.212213887495763,6.05671558495873,231.725585647451,H:/Jing/ecoChina2/rf_soil/soil_mf_zone18.Rdata,soil_mf,0.111615518242681,1,0.210363051623762,TRUE,TRUE,TRUE,Organic carbon,
soil,T_CLAY,18,mf_var,Plain MF RF,0.0740727646226049,5.37148978125363,0.140695645207307,4.98848971875397,237.429742140297,H:/Jing/ecoChina2/rf_soil/soil_mf_zone18.Rdata,soil_mf,0.0740727646226049,2,0.13960579186077,TRUE,TRUE,TRUE,Texture,
soil,T_BS,18,mf_var,Plain MF RF,0.0612048628181596,4.07660630149722,0.115654669301009,3.58683321854083,126.536976598402,H:/Jing/ecoChina2/rf_soil/soil_mf_zone18.Rdata,soil_mf,0.0612048628181596,3,0.115353509255296,TRUE,TRUE,TRUE,Nutrient retention and base status,
soil,T_CEC_SOIL,18,mf_var,Plain MF RF,0.0567913288768005,5.46834314900663,0.0982454740345516,4.74991873806695,186.521735098512,H:/Jing/ecoChina2/rf_soil/soil_mf_zone18.Rdata,soil_mf,0.0567913288768005,4,0.107035271048215,TRUE,TRUE,TRUE,Nutrient retention and base status,
soil,T_GRAVEL,18,mf_var,Plain MF RF,0.0547719328858957,4.24261884720317,0.099177530066268,3.23514633313057,64.4160988458293,H:/Jing/ecoChina2/rf_soil/soil_mf_zone18.Rdata,soil_mf,0.0547719328858957,5,0.103229292186388,TRUE,TRUE,TRUE,Coarse fragments,
soil,T_CEC_CLAY,18,mf_var,Plain MF RF,0.0531575756842718,4.16060979727745,0.0933810489066444,3.33747469530635,75.4677943021088,H:/Jing/ecoChina2/rf_soil/soil_mf_zone18.Rdata,soil_mf,0.0531575756842718,6,0.100186694591616,TRUE,FALSE,TRUE,Nutrient retention and base status,
soil,T_TEB,18,mf_var,Plain MF RF,0.0505747377840218,3.59022932327873,0.0866069549928196,3.22477883397824,91.0813334455444,H:/Jing/ecoChina2/rf_soil/soil_mf_zone18.Rdata,soil_mf,0.0505747377840218,7,0.0953187902795586,TRUE,FALSE,TRUE,Nutrient retention and base status,
soil,T_SILT,18,mf_var,Plain MF RF,0.0376487443026759,3.74799249354984,0.0728329797497189,3.3295105854155,100.120366384169,H:/Jing/ecoChina2/rf_soil/soil_mf_zone18.Rdata,soil_mf,0.0376487443026759,8,0.0709570216221518,TRUE,FALSE,TRUE,Texture,
soil,T_PH_H2O,18,mf_var,Plain MF RF,0.0307477177850237,3.56903057070462,0.0554490127681632,2.838061135432,40.2641721301355,H:/Jing/ecoChina2/rf_soil/soil_mf_zone18.Rdata,soil_mf,0.0307477177850237,9,0.0579505775322414,TRUE,FALSE,TRUE,Soil reaction,
soil,T_OC,19,mf_var,Plain MF RF,0.151146065154481,5.84964989228154,0.235332814740811,4.65301889333726,885.210113383034,H:/Jing/ecoChina2/rf_soil/soil_mf_zone19.Rdata,soil_mf,0.151146065154481,1,0.250220092627547,TRUE,TRUE,TRUE,Organic carbon,
soil,T_SILT,19,mf_var,Plain MF RF,0.0968962340622576,4.01269359149836,0.19238967408109,3.59796359151016,529.872985201699,H:/Jing/ecoChina2/rf_soil/soil_mf_zone19.Rdata,soil_mf,0.0968962340622576,2,0.160410293430651,TRUE,TRUE,TRUE,Texture,
soil,T_TEB,19,mf_var,Plain MF RF,0.0681787659037657,4.82004284558515,0.146428428671337,4.54351252924566,245.572861850117,H:/Jing/ecoChina2/rf_soil/soil_mf_zone19.Rdata,soil_mf,0.0681787659037657,3,0.112868946354879,TRUE,TRUE,TRUE,Nutrient retention and base status,
soil,T_REF_BULK_DENSITY,19,mf_var,Plain MF RF,0.0627287040427945,3.91052935325801,0.0464712332344673,1.64461525371235,314.350514365118,H:/Jing/ecoChina2/rf_soil/soil_mf_zone19.Rdata,soil_mf,0.0627287040427945,4,0.103846448929727,TRUE,TRUE,TRUE,Bulk density,
soil,T_SAND,19,mf_var,Plain MF RF,0.0600508718486367,3.17754027441815,0.066044985303086,1.82351257387365,371.805002779236,H:/Jing/ecoChina2/rf_soil/soil_mf_zone19.Rdata,soil_mf,0.0600508718486367,5,0.0994133370324485,TRUE,TRUE,TRUE,Texture,
soil,T_GRAVEL,19,mf_var,Plain MF RF,0.0550624156433194,3.84561730777148,0.114011170053674,3.2750185495726,165.898879100974,H:/Jing/ecoChina2/rf_soil/soil_mf_zone19.Rdata,soil_mf,0.0550624156433194,6,0.0911550209956585,TRUE,FALSE,TRUE,Coarse fragments,
soil,T_CACO3,19,mf_var,Plain MF RF,0.0501806811340285,4.47963576967041,0.102678225324881,4.10713679536825,192.738068273174,H:/Jing/ecoChina2/rf_soil/soil_mf_zone19.Rdata,soil_mf,0.0501806811340285,7,0.0830733811603814,TRUE,FALSE,TRUE,Carbonates,
soil,T_PH_H2O,19,mf_var,Plain MF RF,0.0379963350356318,2.83127060814665,0.0760781945603632,2.43287612549902,90.1284891190249,H:/Jing/ecoChina2/rf_soil/soil_mf_zone19.Rdata,soil_mf,0.0379963350356318,8,0.0629023750132422,TRUE,FALSE,TRUE,Soil reaction,
soil,T_ECE,19,mf_var,Plain MF RF,0.0218123978112541,3.30583031643404,0.0534268405621093,3.13590621297128,160.989068815929,H:/Jing/ecoChina2/rf_soil/soil_mf_zone19.Rdata,soil_mf,0.0218123978112541,9,0.0361101044554655,TRUE,FALSE,TRUE,Salinity,
soil,T_GRAVEL,20,mf_var,Plain MF RF,0.13879391206194,4.48529383276621,0.185265320484086,4.1741269005133,446.657925748038,H:/Jing/ecoChina2/rf_soil/soil_mf_zone20.Rdata,soil_mf,0.13879391206194,1,0.300396453400815,TRUE,TRUE,TRUE,Coarse fragments,
soil,T_CLAY,20,mf_var,Plain MF RF,0.0654112927174329,2.83457678770056,0.0813067943728866,2.33171938044068,280.591719045901,H:/Jing/ecoChina2/rf_soil/soil_mf_zone20.Rdata,soil_mf,0.0654112927174329,2,0.141571918052936,TRUE,TRUE,TRUE,Texture,
soil,T_OC,20,mf_var,Plain MF RF,0.0511454898016137,2.36856503454001,0.0729593475823026,2.24841229718202,142.417978380024,H:/Jing/ecoChina2/rf_soil/soil_mf_zone20.Rdata,soil_mf,0.0511454898016137,3,0.110695948515348,TRUE,TRUE,TRUE,Organic carbon,
soil,T_BS,20,mf_var,Plain MF RF,0.0472134491564292,2.67437689714952,0.0629865062547617,1.97810062955801,59.5738640343841,H:/Jing/ecoChina2/rf_soil/soil_mf_zone20.Rdata,soil_mf,0.0472134491564292,4,0.102185697259413,TRUE,TRUE,TRUE,Nutrient retention and base status,
soil,T_CEC_CLAY,20,mf_var,Plain MF RF,0.0467466531948046,2.30220070284242,0.0691369591352953,1.96909340652849,94.1623693557415,H:/Jing/ecoChina2/rf_soil/soil_mf_zone20.Rdata,soil_mf,0.0467466531948046,5,0.10117539465139,TRUE,TRUE,TRUE,Nutrient retention and base status,
soil,T_ESP,20,mf_var,Plain MF RF,0.0447704342134535,2.2770041907322,0.0782910754107062,1.94128269979789,481.681900335368,H:/Jing/ecoChina2/rf_soil/soil_mf_zone20.Rdata,soil_mf,0.0447704342134535,6,0.096898195714334,TRUE,FALSE,TRUE,Sodicity,
soil,T_REF_BULK_DENSITY,20,mf_var,Plain MF RF,0.0433055909561073,2.29012301913035,0.0616177544317393,1.81889722704176,162.529335421038,H:/Jing/ecoChina2/rf_soil/soil_mf_zone20.Rdata,soil_mf,0.0433055909561073,7,0.0937277849033863,TRUE,FALSE,TRUE,Bulk density,
soil,T_CEC_SOIL,20,mf_var,Plain MF RF,0.0195062778115844,2.87727289062593,0.0208383147556162,2.10449016300391,41.3600230135209,H:/Jing/ecoChina2/rf_soil/soil_mf_zone20.Rdata,soil_mf,0.0195062778115844,8,0.0422181101937378,TRUE,FALSE,TRUE,Nutrient retention and base status,
soil,T_ECE,20,mf_var,Plain MF RF,0.00514268809492126,3.42121059809198,0.00515004779183309,3.00275764450463,19.3560282871348,H:/Jing/ecoChina2/rf_soil/soil_mf_zone20.Rdata,soil_mf,0.00514268809492126,9,0.0111304973086393,TRUE,FALSE,TRUE,Salinity,
soil,T_CEC_CLAY,21,mf_var,Plain MF RF,0.125312954176496,6.74640263048896,0.19520276483562,6.19215963682601,374.743049453607,H:/Jing/ecoChina2/rf_soil/soil_mf_zone21.Rdata,soil_mf,0.125312954176496,1,0.194483773436906,TRUE,TRUE,TRUE,Nutrient retention and base status,
soil,T_CEC_SOIL,21,mf_var,Plain MF RF,0.0918097159516339,4.82565506579715,0.15269272038735,4.88491761654149,197.356824872507,H:/Jing/ecoChina2/rf_soil/soil_mf_zone21.Rdata,soil_mf,0.0918097159516339,2,0.142487264096382,TRUE,TRUE,TRUE,Nutrient retention and base status,
soil,T_OC,21,mf_var,Plain MF RF,0.0904365120659828,5.52068075353886,0.141573192969287,5.00386417613015,275.954346330543,H:/Jing/ecoChina2/rf_soil/soil_mf_zone21.Rdata,soil_mf,0.0904365120659828,3,0.140356072831004,TRUE,TRUE,TRUE,Organic carbon,
soil,T_TEB,21,mf_var,Plain MF RF,0.0744112863106216,4.22651191601237,0.122147278083328,3.52340502828903,152.173731937748,H:/Jing/ecoChina2/rf_soil/soil_mf_zone21.Rdata,soil_mf,0.0744112863106216,4,0.115485169455034,TRUE,TRUE,TRUE,Nutrient retention and base status,
soil,T_CLAY,21,mf_var,Plain MF RF,0.0587900311561949,4.89225086539089,0.0934673671390647,3.98857054957937,126.295712737853,H:/Jing/ecoChina2/rf_soil/soil_mf_zone21.Rdata,soil_mf,0.0587900311561949,5,0.0912412222253278,TRUE,TRUE,TRUE,Texture,
soil,T_CACO3,21,mf_var,Plain MF RF,0.0563758433953095,3.96851143092124,0.0937241347073078,3.35048694380624,127.518581964183,H:/Jing/ecoChina2/rf_soil/soil_mf_zone21.Rdata,soil_mf,0.0563758433953095,6,0.0874944400302413,TRUE,FALSE,TRUE,Carbonates,
soil,T_REF_BULK_DENSITY,21,mf_var,Plain MF RF,0.0529081088010731,4.71907693944163,0.0718489961312494,4.48303197453938,166.63247437909,H:/Jing/ecoChina2/rf_soil/soil_mf_zone21.Rdata,soil_mf,0.0529081088010731,7,0.0821125693880816,TRUE,FALSE,TRUE,Bulk density,
soil,T_PH_H2O,21,mf_var,Plain MF RF,0.0474169117510653,3.83231967983998,0.0847517260201028,3.25755701060472,85.8409602656478,H:/Jing/ecoChina2/rf_soil/soil_mf_zone21.Rdata,soil_mf,0.0474169117510653,8,0.0735903162021342,TRUE,FALSE,TRUE,Soil reaction,
soil,T_SILT,21,mf_var,Plain MF RF,0.04687493222738,4.14317927615245,0.0746535215844157,3.55434666058564,91.6105250747718,H:/Jing/ecoChina2/rf_soil/soil_mf_zone21.Rdata,soil_mf,0.04687493222738,9,0.0727491723348897,TRUE,FALSE,TRUE,Texture,
soil,T_GRAVEL,22,mf_var,Plain MF RF,0.121727853859245,6.44284270074328,0.254053733841262,6.48625201104833,635.477096372505,H:/Jing/ecoChina2/rf_soil/soil_mf_zone22.Rdata,soil_mf,0.121727853859245,1,0.249425421567094,TRUE,TRUE,TRUE,Coarse fragments,
soil,T_OC,22,mf_var,Plain MF RF,0.0835896350859114,4.9217295177589,0.200464505290119,4.84943457389286,403.100639931137,H:/Jing/ecoChina2/rf_soil/soil_mf_zone22.Rdata,soil_mf,0.0835896350859114,2,0.171278629409266,TRUE,TRUE,TRUE,Organic carbon,
soil,T_CLAY,22,mf_var,Plain MF RF,0.061119719733361,3.63052630255897,0.149705873845462,3.58741417531711,211.423217332069,H:/Jing/ecoChina2/rf_soil/soil_mf_zone22.Rdata,soil_mf,0.061119719733361,3,0.125236840848142,TRUE,TRUE,TRUE,Texture,
soil,T_ESP,22,mf_var,Plain MF RF,0.0596255999806846,2.92316921388878,0.114213052211282,2.57770404863786,231.406874192205,H:/Jing/ecoChina2/rf_soil/soil_mf_zone22.Rdata,soil_mf,0.0596255999806846,4,0.122175327502035,TRUE,TRUE,TRUE,Sodicity,
soil,T_SILT,22,mf_var,Plain MF RF,0.051308652382946,4.11786181868208,0.126549935919004,4.14992658043611,139.223042816134,H:/Jing/ecoChina2/rf_soil/soil_mf_zone22.Rdata,soil_mf,0.051308652382946,5,0.105133556905175,TRUE,TRUE,TRUE,Texture,
soil,T_PH_H2O,22,mf_var,Plain MF RF,0.0413356431190517,3.73037961737371,0.0698604164681914,2.8775207315761,113.07056044719,H:/Jing/ecoChina2/rf_soil/soil_mf_zone22.Rdata,soil_mf,0.0413356431190517,6,0.0846984472644865,TRUE,FALSE,TRUE,Soil reaction,
soil,T_TEB,22,mf_var,Plain MF RF,0.02578754770434,3.53853872734306,0.0598578714381734,3.3469888240463,116.7126788751,H:/Jing/ecoChina2/rf_soil/soil_mf_zone22.Rdata,soil_mf,0.02578754770434,7,0.0528397548581936,TRUE,FALSE,TRUE,Nutrient retention and base status,
soil,T_CEC_CLAY,22,mf_var,Plain MF RF,0.0238951726067831,2.69688768494247,0.0498389717265261,2.31643809738519,100.636038166766,H:/Jing/ecoChina2/rf_soil/soil_mf_zone22.Rdata,soil_mf,0.0238951726067831,8,0.0489621997916517,TRUE,FALSE,TRUE,Nutrient retention and base status,
soil,T_CEC_SOIL,22,mf_var,Plain MF RF,0.0196432440675703,3.03137753951603,0.0436334337737423,2.6857236195175,82.3495326666202,H:/Jing/ecoChina2/rf_soil/soil_mf_zone22.Rdata,soil_mf,0.0196432440675703,9,0.0402498218539563,TRUE,FALSE,TRUE,Nutrient retention and base status,
soil,T_OC,23,mf_var,Plain MF RF,0.162355207876196,7.8268720012358,0.211971503928394,7.00093320189848,589.102939871311,H:/Jing/ecoChina2/rf_soil/soil_mf_zone23.Rdata,soil_mf,0.162355207876196,1,0.259064967078261,TRUE,TRUE,TRUE,Organic carbon,
soil,T_CASO4,23,mf_var,Plain MF RF,0.0881469117021211,3.95124669789269,0.148366623433146,3.9001321939513,203.546328836587,H:/Jing/ecoChina2/rf_soil/soil_mf_zone23.Rdata,soil_mf,0.0881469117021211,2,0.140653183084671,TRUE,TRUE,TRUE,Gypsum,
soil,T_ESP,23,mf_var,Plain MF RF,0.0730199993122846,4.98486306263397,0.111862128176438,4.29971285321733,317.631538663315,H:/Jing/ecoChina2/rf_soil/soil_mf_zone23.Rdata,soil_mf,0.0730199993122846,3,0.11651565702972,TRUE,TRUE,TRUE,Sodicity,
soil,T_CEC_CLAY,23,mf_var,Plain MF RF,0.0667124138382912,5.62149563300777,0.106926030331856,5.16306707257975,134.559063798841,H:/Jing/ecoChina2/rf_soil/soil_mf_zone23.Rdata,soil_mf,0.0667124138382912,4,0.106450846392974,TRUE,TRUE,TRUE,Nutrient retention and base status,
soil,T_CEC_SOIL,23,mf_var,Plain MF RF,0.0586745435019979,3.95400440757236,0.0904421636690475,3.72572085717593,150.931634584425,H:/Jing/ecoChina2/rf_soil/soil_mf_zone23.Rdata,soil_mf,0.0586745435019979,5,0.0936250760263157,TRUE,TRUE,TRUE,Nutrient retention and base status,
soil,T_CACO3,23,mf_var,Plain MF RF,0.0522142115756452,4.03371044792612,0.0742742108372077,3.30195371020892,78.5902423847985,H:/Jing/ecoChina2/rf_soil/soil_mf_zone23.Rdata,soil_mf,0.0522142115756452,6,0.0833165328036588,TRUE,FALSE,TRUE,Carbonates,
soil,T_PH_H2O,23,mf_var,Plain MF RF,0.0513806763755853,4.15652048469885,0.0733639871651207,3.285135430963,90.8027431011149,H:/Jing/ecoChina2/rf_soil/soil_mf_zone23.Rdata,soil_mf,0.0513806763755853,7,0.0819864875775964,TRUE,FALSE,TRUE,Soil reaction,
soil,T_GRAVEL,23,mf_var,Plain MF RF,0.0471814859340252,4.39361099068382,0.0712871396450516,3.35955453337586,53.2554756024055,H:/Jing/ecoChina2/rf_soil/soil_mf_zone23.Rdata,soil_mf,0.0471814859340252,8,0.0752859748701281,TRUE,FALSE,TRUE,Coarse fragments,
soil,T_CLAY,23,mf_var,Plain MF RF,0.0270114348669536,4.10635641939692,0.029754392787656,2.69421420597394,52.7589368850824,H:/Jing/ecoChina2/rf_soil/soil_mf_zone23.Rdata,soil_mf,0.0270114348669536,9,0.0431012751366747,TRUE,FALSE,TRUE,Texture,
soil,T_OC,24,mf_var,Plain MF RF,0.13421988595713,6.37700045072154,0.204810935943852,6.54126663011043,459.182725468675,H:/Jing/ecoChina2/rf_soil/soil_mf_zone24.Rdata,soil_mf,0.13421988595713,1,0.204591579371238,TRUE,TRUE,TRUE,Organic carbon,
soil,T_CASO4,24,mf_var,Plain MF RF,0.112225127973485,4.81555442870424,0.191380362959378,4.6738906824269,254.631939032336,H:/Jing/ecoChina2/rf_soil/soil_mf_zone24.Rdata,soil_mf,0.112225127973485,2,0.171064935821569,TRUE,TRUE,TRUE,Gypsum,
soil,T_TEB,24,mf_var,Plain MF RF,0.0831332279146476,4.96122245474954,0.146190905984438,4.43411676816527,196.971396297656,H:/Jing/ecoChina2/rf_soil/soil_mf_zone24.Rdata,soil_mf,0.0831332279146476,3,0.126720107650214,TRUE,TRUE,TRUE,Nutrient retention and base status,
soil,T_PH_H2O,24,mf_var,Plain MF RF,0.0828577010914534,4.95391199232232,0.0985470217637501,3.31625240103094,149.579267831664,H:/Jing/ecoChina2/rf_soil/soil_mf_zone24.Rdata,soil_mf,0.0828577010914534,4,0.126300121688264,TRUE,TRUE,TRUE,Soil reaction,
soil,T_REF_BULK_DENSITY,24,mf_var,Plain MF RF,0.0661079998566431,4.81815735816241,0.0999012642845184,3.59954619320931,100.347042807663,H:/Jing/ecoChina2/rf_soil/soil_mf_zone24.Rdata,soil_mf,0.0661079998566431,5,0.100768526238088,TRUE,TRUE,TRUE,Bulk density,
soil,T_SILT,24,mf_var,Plain MF RF,0.0562876472045544,4.65084281534979,0.0980721362069319,3.92751467589226,105.760111108622,H:/Jing/ecoChina2/rf_soil/soil_mf_zone24.Rdata,soil_mf,0.0562876472045544,6,0.0857993475299861,TRUE,FALSE,TRUE,Texture,
soil,T_SAND,24,mf_var,Plain MF RF,0.0408314461966209,4.20710237571146,0.0611341215822914,3.33870535339949,82.1475904375571,H:/Jing/ecoChina2/rf_soil/soil_mf_zone24.Rdata,soil_mf,0.0408314461966209,7,0.0622394364725257,TRUE,FALSE,TRUE,Texture,
soil,T_CEC_CLAY,24,mf_var,Plain MF RF,0.0406925296125231,4.39973744625745,0.0699049070771995,3.7873462803717,88.5109321145252,H:/Jing/ecoChina2/rf_soil/soil_mf_zone24.Rdata,soil_mf,0.0406925296125231,8,0.0620276857089279,TRUE,FALSE,TRUE,Nutrient retention and base status,
soil,T_CLAY,24,mf_var,Plain MF RF,0.0396826072674222,4.3506934112417,0.0563060500565771,3.33383281353189,74.3840231974466,H:/Jing/ecoChina2/rf_soil/soil_mf_zone24.Rdata,soil_mf,0.0396826072674222,9,0.0604882595191866,TRUE,FALSE,TRUE,Texture,
soil,T_PH_H2O,25,mf_var,Plain MF RF,0.116679523828023,5.63278889292006,0.205138347385406,5.419910167802,213.176093741983,H:/Jing/ecoChina2/rf_soil/soil_mf_zone25.Rdata,soil_mf,0.116679523828023,1,0.178500722283693,TRUE,TRUE,TRUE,Soil reaction,
soil,T_GRAVEL,25,mf_var,Plain MF RF,0.0958871567131232,7.38663456782659,0.161580211933865,7.06561266337704,247.480563292822,H:/Jing/ecoChina2/rf_soil/soil_mf_zone25.Rdata,soil_mf,0.0958871567131232,2,0.146691777352895,TRUE,TRUE,TRUE,Coarse fragments,
soil,T_TEB,25,mf_var,Plain MF RF,0.0915115685592188,4.68572560639742,0.172139509976066,4.50956290670821,179.862114848795,H:/Jing/ecoChina2/rf_soil/soil_mf_zone25.Rdata,soil_mf,0.0915115685592188,3,0.139997838088632,TRUE,TRUE,TRUE,Nutrient retention and base status,
soil,T_CLAY,25,mf_var,Plain MF RF,0.0811705017296074,4.92805270551371,0.155649327291509,4.9189244060613,187.308128377935,H:/Jing/ecoChina2/rf_soil/soil_mf_zone25.Rdata,soil_mf,0.0811705017296074,4,0.124177685265672,TRUE,TRUE,TRUE,Texture,
soil,T_CEC_SOIL,25,mf_var,Plain MF RF,0.0802819019082939,5.0422212392366,0.15045737545985,4.65502337977746,147.096104288466,H:/Jing/ecoChina2/rf_soil/soil_mf_zone25.Rdata,soil_mf,0.0802819019082939,5,0.12281827185086,TRUE,TRUE,TRUE,Nutrient retention and base status,
soil,T_CEC_CLAY,25,mf_var,Plain MF RF,0.053410709486526,4.01019786796384,0.105037573029018,3.72180764710178,108.3760380636,H:/Jing/ecoChina2/rf_soil/soil_mf_zone25.Rdata,soil_mf,0.053410709486526,6,0.0817097114235876,TRUE,FALSE,TRUE,Nutrient retention and base status,
soil,T_REF_BULK_DENSITY,25,mf_var,Plain MF RF,0.0527100028917099,4.77958488036235,0.10369872824833,4.51851534346734,111.639146450314,H:/Jing/ecoChina2/rf_soil/soil_mf_zone25.Rdata,soil_mf,0.0527100028917099,7,0.0806377441307833,TRUE,FALSE,TRUE,Bulk density,
soil,T_OC,25,mf_var,Plain MF RF,0.0486057469625516,4.89697740707916,0.083789154767954,4.55720916391358,107.42533372617,H:/Jing/ecoChina2/rf_soil/soil_mf_zone25.Rdata,soil_mf,0.0486057469625516,8,0.0743588991050555,TRUE,FALSE,TRUE,Organic carbon,
soil,T_SILT,25,mf_var,Plain MF RF,0.0334070430865655,4.82591939581409,0.0534914931709165,3.84080952454237,87.4370766167563,H:/Jing/ecoChina2/rf_soil/soil_mf_zone25.Rdata,soil_mf,0.0334070430865655,9,0.0511073504988217,TRUE,FALSE,TRUE,Texture,
soil,T_BS,26,mf_var,Plain MF RF,0.0978933166294239,4.36386813331868,0.145256787584099,3.80770942949808,355.46932676022,H:/Jing/ecoChina2/rf_soil/soil_mf_zone26.Rdata,soil_mf,0.0978933166294239,1,0.187725760179164,TRUE,TRUE,TRUE,Nutrient retention and base status,
soil,T_TEB,26,mf_var,Plain MF RF,0.0971227613361975,4.70274077867609,0.176335799796782,3.91414883089928,461.386184296564,H:/Jing/ecoChina2/rf_soil/soil_mf_zone26.Rdata,soil_mf,0.0971227613361975,2,0.186248099771267,TRUE,TRUE,TRUE,Nutrient retention and base status,
soil,T_PH_H2O,26,mf_var,Plain MF RF,0.0900297284951171,5.11617819845258,0.202886705761844,4.48534450924081,538.926700189618,H:/Jing/ecoChina2/rf_soil/soil_mf_zone26.Rdata,soil_mf,0.0900297284951171,3,0.172646098859314,TRUE,TRUE,TRUE,Soil reaction,
soil,T_CEC_CLAY,26,mf_var,Plain MF RF,0.0857767922547843,5.0669411281069,0.0998913500771343,2.83121728882464,300.664306310767,H:/Jing/ecoChina2/rf_soil/soil_mf_zone26.Rdata,soil_mf,0.0857767922547843,4,0.164490427806383,TRUE,TRUE,TRUE,Nutrient retention and base status,
soil,T_SILT,26,mf_var,Plain MF RF,0.0471334462475967,4.47098595389725,0.0870892243923844,3.45206285989728,100.77278373732,H:/Jing/ecoChina2/rf_soil/soil_mf_zone26.Rdata,soil_mf,0.0471334462475967,5,0.0903857620861766,TRUE,TRUE,TRUE,Texture,
soil,T_OC,26,mf_var,Plain MF RF,0.0290691013656877,4.503471799084,0.0462697381171351,3.19763830846363,100.528672674451,H:/Jing/ecoChina2/rf_soil/soil_mf_zone26.Rdata,soil_mf,0.0290691013656877,6,0.0557445527385338,TRUE,FALSE,TRUE,Organic carbon,
soil,T_SAND,26,mf_var,Plain MF RF,0.0274846713164199,4.52123757222355,0.040824262728751,3.98773569289002,86.3168085583261,H:/Jing/ecoChina2/rf_soil/soil_mf_zone26.Rdata,soil_mf,0.0274846713164199,7,0.0527061600709785,TRUE,FALSE,TRUE,Texture,
soil,T_CLAY,26,mf_var,Plain MF RF,0.0274476107874145,3.52944660704652,0.0378993763418282,2.74360839936822,80.3423590115123,H:/Jing/ecoChina2/rf_soil/soil_mf_zone26.Rdata,soil_mf,0.0274476107874145,8,0.0526350907046548,TRUE,FALSE,TRUE,Texture,
soil,T_CEC_SOIL,26,mf_var,Plain MF RF,0.0195123822954927,3.09513668041208,0.0358937173260418,2.60033254346592,76.9937471184438,H:/Jing/ecoChina2/rf_soil/soil_mf_zone26.Rdata,soil_mf,0.0195123822954927,9,0.0374180477835282,TRUE,FALSE,TRUE,Nutrient retention and base status,
soil,T_CEC_CLAY,27,mf_var,Plain MF RF,0.157038038890842,8.92347424332834,0.19834924241651,7.92624484244682,317.325570051551,H:/Jing/ecoChina2/rf_soil/soil_mf_zone27.Rdata,soil_mf,0.157038038890842,1,0.21200457250883,TRUE,TRUE,TRUE,Nutrient retention and base status,
soil,T_PH_H2O,27,mf_var,Plain MF RF,0.0943180370232868,5.76037321584679,0.118497821720615,5.18396317838873,215.081163186419,H:/Jing/ecoChina2/rf_soil/soil_mf_zone27.Rdata,soil_mf,0.0943180370232868,2,0.127331283937474,TRUE,TRUE,TRUE,Soil reaction,
soil,T_CLAY,27,mf_var,Plain MF RF,0.0825718433647811,5.65885317208671,0.131298690426454,4.86991754685054,121.05400690933,H:/Jing/ecoChina2/rf_soil/soil_mf_zone27.Rdata,soil_mf,0.0825718433647811,3,0.111473681647188,TRUE,TRUE,TRUE,Texture,
soil,T_SILT,27,mf_var,Plain MF RF,0.0796514142964261,5.26965943944106,0.113279556647532,4.45623275095563,132.907543112141,H:/Jing/ecoChina2/rf_soil/soil_mf_zone27.Rdata,soil_mf,0.0796514142964261,4,0.107531042522604,TRUE,TRUE,TRUE,Texture,
soil,T_OC,27,mf_var,Plain MF RF,0.0777272391953667,5.88708818739028,0.0996462952690058,4.66420695398983,114.880863539456,H:/Jing/ecoChina2/rf_soil/soil_mf_zone27.Rdata,soil_mf,0.0777272391953667,5,0.104933366681684,TRUE,TRUE,TRUE,Organic carbon,
soil,T_TEB,27,mf_var,Plain MF RF,0.0743380739710087,4.88105960976331,0.0988545040608497,4.40433371856166,113.2933552497,H:/Jing/ecoChina2/rf_soil/soil_mf_zone27.Rdata,soil_mf,0.0743380739710087,6,0.100357924135237,TRUE,FALSE,TRUE,Nutrient retention and base status,
soil,T_GRAVEL,27,mf_var,Plain MF RF,0.0655212713622899,7.28072706331792,0.0958054943240532,6.1274257670711,106.978489405601,H:/Jing/ecoChina2/rf_soil/soil_mf_zone27.Rdata,soil_mf,0.0655212713622899,7,0.0884550598282296,TRUE,FALSE,TRUE,Coarse fragments,
soil,T_BS,27,mf_var,Plain MF RF,0.0567971452656792,4.33483506766721,0.0499719034091895,3.49635045395135,121.467078453777,H:/Jing/ecoChina2/rf_soil/soil_mf_zone27.Rdata,soil_mf,0.0567971452656792,8,0.0766773107128658,TRUE,FALSE,TRUE,Nutrient retention and base status,
soil,T_CEC_SOIL,27,mf_var,Plain MF RF,0.0527664267185661,4.79536313215836,0.0810882185767951,3.84472129783911,75.1854580333536,H:/Jing/ecoChina2/rf_soil/soil_mf_zone27.Rdata,soil_mf,0.0527664267185661,9,0.0712357580258884,TRUE,FALSE,TRUE,Nutrient retention and base status,
soil,T_BS,28,mf_var,Plain MF RF,0.0899603733212775,6.38858657372664,0.217033060447872,5.81664734673174,244.47372622919,H:/Jing/ecoChina2/rf_soil/soil_mf_zone28.Rdata,soil_mf,0.0899603733212775,1,0.174375772613873,TRUE,TRUE,TRUE,Nutrient retention and base status,
soil,T_SILT,28,mf_var,Plain MF RF,0.0699319162762845,6.67799503799715,0.122385654610313,5.77942075439385,233.91608136366,H:/Jing/ecoChina2/rf_soil/soil_mf_zone28.Rdata,soil_mf,0.0699319162762845,2,0.135553371788438,TRUE,TRUE,TRUE,Texture,
soil,T_PH_H2O,28,mf_var,Plain MF RF,0.0693048321681918,6.29334911792553,0.18007812124413,5.3744267201959,208.697199704373,H:/Jing/ecoChina2/rf_soil/soil_mf_zone28.Rdata,soil_mf,0.0693048321681918,3,0.134337855758374,TRUE,TRUE,TRUE,Soil reaction,
soil,T_TEB,28,mf_var,Plain MF RF,0.0640406689909509,5.34359447666978,0.139415401134834,4.44283511977448,212.229451509078,H:/Jing/ecoChina2/rf_soil/soil_mf_zone28.Rdata,soil_mf,0.0640406689909509,4,0.124134001691222,TRUE,TRUE,TRUE,Nutrient retention and base status,
soil,T_SAND,28,mf_var,Plain MF RF,0.0550765296907631,5.5276873570016,0.109596766892115,5.7571683963089,140.890105912733,H:/Jing/ecoChina2/rf_soil/soil_mf_zone28.Rdata,soil_mf,0.0550765296907631,5,0.106758254364049,TRUE,TRUE,TRUE,Texture,
soil,T_OC,28,mf_var,Plain MF RF,0.0450998090165055,5.35697856085374,0.111407589339811,4.90155783877141,142.012437496397,H:/Jing/ecoChina2/rf_soil/soil_mf_zone28.Rdata,soil_mf,0.0450998090165055,6,0.0874197577405029,TRUE,FALSE,TRUE,Organic carbon,
soil,T_CEC_SOIL,28,mf_var,Plain MF RF,0.0442134962661067,6.39334130086817,0.073442875479673,5.23587475735974,132.481181226217,H:/Jing/ecoChina2/rf_soil/soil_mf_zone28.Rdata,soil_mf,0.0442134962661067,7,0.0857017627509051,TRUE,FALSE,TRUE,Nutrient retention and base status,
soil,T_GRAVEL,28,mf_var,Plain MF RF,0.0426558683040542,5.31356251228796,0.0997692038257148,4.9912231859254,147.788325106015,H:/Jing/ecoChina2/rf_soil/soil_mf_zone28.Rdata,soil_mf,0.0426558683040542,8,0.0826825158391803,TRUE,FALSE,TRUE,Coarse fragments,
soil,T_CEC_CLAY,28,mf_var,Plain MF RF,0.0356160026263332,4.87139144814799,0.0977609878695173,4.26933084858432,84.0850805300022,H:/Jing/ecoChina2/rf_soil/soil_mf_zone28.Rdata,soil_mf,0.0356160026263332,9,0.0690367074534547,TRUE,FALSE,TRUE,Nutrient retention and base status,
soil,T_OC,29,mf_var,Plain MF RF,0.196755518950056,8.67298572978151,0.284913525425541,8.34942136370249,652.020369470407,H:/Jing/ecoChina2/rf_soil/soil_mf_zone29.Rdata,soil_mf,0.196755518950056,1,0.309191271021415,TRUE,TRUE,TRUE,Organic carbon,
soil,T_TEB,29,mf_var,Plain MF RF,0.100416394612374,5.84339593120068,0.186759125056524,5.78985550690992,227.281412139105,H:/Jing/ecoChina2/rf_soil/soil_mf_zone29.Rdata,soil_mf,0.100416394612374,2,0.157799246736601,TRUE,TRUE,TRUE,Nutrient retention and base status,
soil,T_CEC_CLAY,29,mf_var,Plain MF RF,0.0647025021806413,5.00019541078008,0.11390953937079,4.41497959994097,173.80383033621,H:/Jing/ecoChina2/rf_soil/soil_mf_zone29.Rdata,soil_mf,0.0647025021806413,3,0.101676684823141,TRUE,TRUE,TRUE,Nutrient retention and base status,
soil,T_ESP,29,mf_var,Plain MF RF,0.0628703294966679,4.28806604161838,0.101741862953684,3.7981667709904,331.708479832179,H:/Jing/ecoChina2/rf_soil/soil_mf_zone29.Rdata,soil_mf,0.0628703294966679,4,0.0987975188210313,TRUE,TRUE,TRUE,Sodicity,
soil,T_PH_H2O,29,mf_var,Plain MF RF,0.0563029303279612,3.82493819462563,0.075100906154317,3.36890151913391,126.117034446117,H:/Jing/ecoChina2/rf_soil/soil_mf_zone29.Rdata,soil_mf,0.0563029303279612,5,0.0884771857136644,TRUE,TRUE,TRUE,Soil reaction,
soil,T_CEC_SOIL,29,mf_var,Plain MF RF,0.0425809183376998,3.8543991278684,0.0741866795495833,3.64226314926072,82.1721558967647,H:/Jing/ecoChina2/rf_soil/soil_mf_zone29.Rdata,soil_mf,0.0425809183376998,6,0.0669137431689244,TRUE,FALSE,TRUE,Nutrient retention and base status,
soil,T_CLAY,29,mf_var,Plain MF RF,0.0416730184968212,3.96151467585581,0.0731735925466642,3.53006539505555,75.6168270621995,H:/Jing/ecoChina2/rf_soil/soil_mf_zone29.Rdata,soil_mf,0.0416730184968212,7,0.0654870248371624,TRUE,FALSE,TRUE,Texture,
soil,T_CACO3,29,mf_var,Plain MF RF,0.0402210057894509,3.65609221803193,0.0414152783169406,2.73672137913972,71.8225069369697,H:/Jing/ecoChina2/rf_soil/soil_mf_zone29.Rdata,soil_mf,0.0402210057894509,8,0.063205260864661,TRUE,FALSE,TRUE,Carbonates,
soil,T_REF_BULK_DENSITY,29,mf_var,Plain MF RF,0.0308327300692049,3.29070849745865,0.0532308494526862,2.84824494770577,66.3470220043132,H:/Jing/ecoChina2/rf_soil/soil_mf_zone29.Rdata,soil_mf,0.0308327300692049,9,0.0484520640133991,TRUE,FALSE,TRUE,Bulk density,
soil,T_BS,30,mf_var,Plain MF RF,0.120996850029973,6.12090398019719,0.162231966243626,4.73616451336929,288.058770046047,H:/Jing/ecoChina2/rf_soil/soil_mf_zone30.Rdata,soil_mf,0.120996850029973,1,0.19786104908121,TRUE,TRUE,TRUE,Nutrient retention and base status,
soil,T_CEC_CLAY,30,mf_var,Plain MF RF,0.105021177131769,5.02914034882627,0.104288331172409,3.76870769454999,249.306705166126,H:/Jing/ecoChina2/rf_soil/soil_mf_zone30.Rdata,soil_mf,0.105021177131769,2,0.171736704533118,TRUE,TRUE,TRUE,Nutrient retention and base status,
soil,T_TEB,30,mf_var,Plain MF RF,0.0941498286050272,4.52064901188701,0.133547154317125,3.67483158801784,287.733689708987,H:/Jing/ecoChina2/rf_soil/soil_mf_zone30.Rdata,soil_mf,0.0941498286050272,3,0.153959246492716,TRUE,TRUE,TRUE,Nutrient retention and base status,
soil,T_PH_H2O,30,mf_var,Plain MF RF,0.0647498135742358,4.11993854164673,0.114674244835527,3.44312839066124,153.585468302752,H:/Jing/ecoChina2/rf_soil/soil_mf_zone30.Rdata,soil_mf,0.0647498135742358,4,0.105882641064106,TRUE,TRUE,TRUE,Soil reaction,
soil,T_SILT,30,mf_var,Plain MF RF,0.0569639786779946,5.52796732472639,0.0707629562326683,4.03051485981018,109.115861543501,H:/Jing/ecoChina2/rf_soil/soil_mf_zone30.Rdata,soil_mf,0.0569639786779946,5,0.0931507934154952,TRUE,TRUE,TRUE,Texture,
soil,T_SAND,30,mf_var,Plain MF RF,0.0519492323712751,5.5254739141853,0.0700435504190727,4.82492092459925,115.890328479723,H:/Jing/ecoChina2/rf_soil/soil_mf_zone30.Rdata,soil_mf,0.0519492323712751,6,0.0849503901415435,TRUE,FALSE,TRUE,Texture,
soil,T_OC,30,mf_var,Plain MF RF,0.0461572190110229,4.69752517924368,0.0558809707499006,3.31390226606054,95.0449064156546,H:/Jing/ecoChina2/rf_soil/soil_mf_zone30.Rdata,soil_mf,0.0461572190110229,7,0.0754789548151858,TRUE,FALSE,TRUE,Organic carbon,
soil,T_REF_BULK_DENSITY,30,mf_var,Plain MF RF,0.039850494131288,4.18844407602111,0.0401784939168716,3.23483623336273,80.1979031276844,H:/Jing/ecoChina2/rf_soil/soil_mf_zone30.Rdata,soil_mf,0.039850494131288,8,0.065165833435069,TRUE,FALSE,TRUE,Bulk density,
soil,T_CLAY,30,mf_var,Plain MF RF,0.0316857595011999,3.8839692102116,0.0301191032744112,2.58396102590186,51.0164980082671,H:/Jing/ecoChina2/rf_soil/soil_mf_zone30.Rdata,soil_mf,0.0316857595011999,9,0.0518143870215571,TRUE,FALSE,TRUE,Texture,
soil,T_GRAVEL,31,mf_var,Plain MF RF,0.138133161589596,5.71182845601401,0.23745878371335,5.58401622736134,475.46584630853,H:/Jing/ecoChina2/rf_soil/soil_mf_zone31.Rdata,soil_mf,0.138133161589596,1,0.258813100848015,TRUE,TRUE,TRUE,Coarse fragments,
soil,T_OC,31,mf_var,Plain MF RF,0.0774042163292792,3.73485386813528,0.129849935138713,3.30726521424586,204.404929692773,H:/Jing/ecoChina2/rf_soil/soil_mf_zone31.Rdata,soil_mf,0.0774042163292792,2,0.145028355366335,TRUE,TRUE,TRUE,Organic carbon,
soil,T_CEC_CLAY,31,mf_var,Plain MF RF,0.0696574363648839,3.35852347822344,0.112781168644731,3.1985324651321,199.118769014739,H:/Jing/ecoChina2/rf_soil/soil_mf_zone31.Rdata,soil_mf,0.0696574363648839,3,0.130513606546429,TRUE,TRUE,TRUE,Nutrient retention and base status,
soil,T_CLAY,31,mf_var,Plain MF RF,0.0657036640768988,3.96794713629551,0.105265476048817,3.39193394044077,343.871717312329,H:/Jing/ecoChina2/rf_soil/soil_mf_zone31.Rdata,soil_mf,0.0657036640768988,4,0.123105623885896,TRUE,TRUE,TRUE,Texture,
soil,T_PH_H2O,31,mf_var,Plain MF RF,0.051198630077988,3.29093432279837,0.0898951902938829,2.90865868636723,138.090999487371,H:/Jing/ecoChina2/rf_soil/soil_mf_zone31.Rdata,soil_mf,0.051198630077988,5,0.0959282771578331,TRUE,TRUE,TRUE,Soil reaction,
soil,T_TEB,31,mf_var,Plain MF RF,0.0394049864302702,2.93574608258525,0.0671255244048481,2.74197947805813,127.731364016903,H:/Jing/ecoChina2/rf_soil/soil_mf_zone31.Rdata,soil_mf,0.0394049864302702,6,0.0738311250501365,TRUE,FALSE,TRUE,Nutrient retention and base status,
soil,T_BS,31,mf_var,Plain MF RF,0.0347688689204302,2.55939738275426,0.0536772302840525,2.24334788463666,82.8103696549538,H:/Jing/ecoChina2/rf_soil/soil_mf_zone31.Rdata,soil_mf,0.0347688689204302,7,0.0651446667456317,TRUE,FALSE,TRUE,Nutrient retention and base status,
soil,T_CEC_SOIL,31,mf_var,Plain MF RF,0.031522463150832,2.88652590799005,0.0478510667625583,2.45393994965575,65.2874283815045,H:/Jing/ecoChina2/rf_soil/soil_mf_zone31.Rdata,soil_mf,0.031522463150832,8,0.0590620408636806,TRUE,FALSE,TRUE,Nutrient retention and base status,
soil,T_SILT,31,mf_var,Plain MF RF,0.0259243838545433,3.01091629543225,0.0458625438374621,2.67484865400703,62.3708070577203,H:/Jing/ecoChina2/rf_soil/soil_mf_zone31.Rdata,soil_mf,0.0259243838545433,9,0.048573203536043,TRUE,FALSE,TRUE,Texture,
soil,T_CASO4,32,mf_var,Plain MF RF,0.11065525167198,6.75811008369676,0.263912077508427,6.74097024925446,552.991642076127,H:/Jing/ecoChina2/rf_soil/soil_mf_zone32.Rdata,soil_mf,0.11065525167198,1,0.200821167986272,TRUE,TRUE,TRUE,Gypsum,
soil,T_CACO3,32,mf_var,Plain MF RF,0.104381304021691,6.30667702253794,0.215449939329231,5.97098833751071,417.302980142467,H:/Jing/ecoChina2/rf_soil/soil_mf_zone32.Rdata,soil_mf,0.104381304021691,2,0.189434980019788,TRUE,TRUE,TRUE,Carbonates,
soil,T_OC,32,mf_var,Plain MF RF,0.0719061548687707,5.50965257072418,0.147137985481652,5.34135514605397,224.625045887985,H:/Jing/ecoChina2/rf_soil/soil_mf_zone32.Rdata,soil_mf,0.0719061548687707,3,0.130497900352296,TRUE,TRUE,TRUE,Organic carbon,
soil,T_ESP,32,mf_var,Plain MF RF,0.0651454450357736,5.22011426659255,0.150762008287661,5.029589631692,333.718613788819,H:/Jing/ecoChina2/rf_soil/soil_mf_zone32.Rdata,soil_mf,0.0651454450357736,4,0.118228318705115,TRUE,TRUE,TRUE,Sodicity,
soil,T_TEB,32,mf_var,Plain MF RF,0.0646869045736005,5.35549761245844,0.117039669514339,4.90039930062323,318.946870113988,H:/Jing/ecoChina2/rf_soil/soil_mf_zone32.Rdata,soil_mf,0.0646869045736005,5,0.117396142827412,TRUE,TRUE,TRUE,Nutrient retention and base status,
soil,T_CEC_CLAY,32,mf_var,Plain MF RF,0.0396386958720231,5.07447563802209,0.0780175861304203,4.75362187244303,126.591778774358,H:/Jing/ecoChina2/rf_soil/soil_mf_zone32.Rdata,soil_mf,0.0396386958720231,6,0.0719377443202546,TRUE,FALSE,TRUE,Nutrient retention and base status,
soil,T_REF_BULK_DENSITY,32,mf_var,Plain MF RF,0.0338466370012671,4.78918510646076,0.0590324426403914,3.92305352974755,93.409952440751,H:/Jing/ecoChina2/rf_soil/soil_mf_zone32.Rdata,soil_mf,0.0338466370012671,7,0.0614261056054605,TRUE,FALSE,TRUE,Bulk density,
soil,T_CLAY,32,mf_var,Plain MF RF,0.0310996813463772,5.15979409751588,0.0515653684077688,3.6436926876089,83.9133399870372,H:/Jing/ecoChina2/rf_soil/soil_mf_zone32.Rdata,soil_mf,0.0310996813463772,8,0.0564408307568997,TRUE,FALSE,TRUE,Texture,
soil,T_SAND,32,mf_var,Plain MF RF,0.029653809162586,5.50463749363849,0.0578956985363864,4.62651617181013,102.151461912891,H:/Jing/ecoChina2/rf_soil/soil_mf_zone32.Rdata,soil_mf,0.029653809162586,9,0.0538168094265018,TRUE,FALSE,TRUE,Texture,
soil,T_PH_H2O,33,mf_var,Plain MF RF,0.127499727275255,6.20543782955488,0.187043320881802,5.17699220928952,329.259991814519,H:/Jing/ecoChina2/rf_soil/soil_mf_zone33.Rdata,soil_mf,0.127499727275255,1,0.207100786949386,TRUE,TRUE,TRUE,Soil reaction,
soil,T_BS,33,mf_var,Plain MF RF,0.0970969637296983,5.22961060932433,0.10946292912892,4.58781521865341,248.525589213209,H:/Jing/ecoChina2/rf_soil/soil_mf_zone33.Rdata,soil_mf,0.0970969637296983,2,0.157716867545953,TRUE,TRUE,TRUE,Nutrient retention and base status,
soil,T_TEB,33,mf_var,Plain MF RF,0.0869636270431781,4.48419814850111,0.131148534362451,3.90904809502714,181.146877578946,H:/Jing/ecoChina2/rf_soil/soil_mf_zone33.Rdata,soil_mf,0.0869636270431781,3,0.141257051928694,TRUE,TRUE,TRUE,Nutrient retention and base status,
soil,T_CLAY,33,mf_var,Plain MF RF,0.0680218760584785,4.91896553920194,0.0955614645535229,4.47115848921666,146.142043193551,H:/Jing/ecoChina2/rf_soil/soil_mf_zone33.Rdata,soil_mf,0.0680218760584785,4,0.110489523095776,TRUE,TRUE,TRUE,Texture,
soil,T_REF_BULK_DENSITY,33,mf_var,Plain MF RF,0.0601246466939334,5.34354868299487,0.0839140071317264,4.6120399277261,106.640118662858,H:/Jing/ecoChina2/rf_soil/soil_mf_zone33.Rdata,soil_mf,0.0601246466939334,5,0.097661868864123,TRUE,TRUE,TRUE,Bulk density,
soil,T_GRAVEL,33,mf_var,Plain MF RF,0.0532051402975822,4.54170304028154,0.0795574277380777,3.81321133917379,99.4617087683072,H:/Jing/ecoChina2/rf_soil/soil_mf_zone33.Rdata,soil_mf,0.0532051402975822,6,0.0864223529011444,TRUE,FALSE,TRUE,Coarse fragments,
soil,T_CEC_CLAY,33,mf_var,Plain MF RF,0.0446715796311735,4.8531464746079,0.073824036879172,4.81908135631825,145.907010279827,H:/Jing/ecoChina2/rf_soil/soil_mf_zone33.Rdata,soil_mf,0.0446715796311735,7,0.0725610908634761,TRUE,FALSE,TRUE,Nutrient retention and base status,
soil,T_CEC_SOIL,33,mf_var,Plain MF RF,0.0406661593844529,4.30792120666722,0.059235578934258,3.50305585669997,85.7021972435844,H:/Jing/ecoChina2/rf_soil/soil_mf_zone33.Rdata,soil_mf,0.0406661593844529,8,0.0660549931416511,TRUE,FALSE,TRUE,Nutrient retention and base status,
soil,T_SAND,33,mf_var,Plain MF RF,0.0373912397944068,4.67888245466179,0.0551231038096643,3.82887535108869,62.5052062117451,H:/Jing/ecoChina2/rf_soil/soil_mf_zone33.Rdata,soil_mf,0.0373912397944068,9,0.0607354647097958,TRUE,FALSE,TRUE,Texture,
soil,T_SAND,34,mf_var,Plain MF RF,0.0815256975271069,3.80317140073197,0.164072272894355,3.88392103425917,44.4161903693148,H:/Jing/ecoChina2/rf_soil/soil_mf_zone34.Rdata,soil_mf,0.0815256975271069,1,0.171653793878143,TRUE,TRUE,TRUE,Texture,
soil,T_TEB,34,mf_var,Plain MF RF,0.0787420852311062,3.35895300830341,0.144231482430717,3.78004203101377,45.0331095203183,H:/Jing/ecoChina2/rf_soil/soil_mf_zone34.Rdata,soil_mf,0.0787420852311062,2,0.165792849098916,TRUE,TRUE,TRUE,Nutrient retention and base status,
soil,T_BS,34,mf_var,Plain MF RF,0.0663625268108793,3.34419644251226,0.137243920605047,3.28501830447686,35.3666016662055,H:/Jing/ecoChina2/rf_soil/soil_mf_zone34.Rdata,soil_mf,0.0663625268108793,3,0.13972747052719,TRUE,TRUE,TRUE,Nutrient retention and base status,
soil,T_PH_H2O,34,mf_var,Plain MF RF,0.0642783315281781,3.00118148739061,0.134188780163695,3.18948040791859,35.3365146686429,H:/Jing/ecoChina2/rf_soil/soil_mf_zone34.Rdata,soil_mf,0.0642783315281781,4,0.135339160603934,TRUE,TRUE,TRUE,Soil reaction,
soil,T_OC,34,mf_var,Plain MF RF,0.0478497045842336,3.44073159977977,0.108695929024253,3.50778299437867,26.1274564344501,H:/Jing/ecoChina2/rf_soil/soil_mf_zone34.Rdata,soil_mf,0.0478497045842336,5,0.10074839684875,TRUE,TRUE,TRUE,Organic carbon,
soil,T_CLAY,34,mf_var,Plain MF RF,0.0413612443443864,3.5389944169636,0.0930958898027397,3.44286553592461,15.6335425371183,H:/Jing/ecoChina2/rf_soil/soil_mf_zone34.Rdata,soil_mf,0.0413612443443864,6,0.0870868293874355,TRUE,FALSE,TRUE,Texture,
soil,T_CEC_SOIL,34,mf_var,Plain MF RF,0.0348548817783743,2.88296790907821,0.0827877648266104,2.97178137388822,14.9900351758936,H:/Jing/ecoChina2/rf_soil/soil_mf_zone34.Rdata,soil_mf,0.0348548817783743,7,0.0733875682626673,TRUE,FALSE,TRUE,Nutrient retention and base status,
soil,T_GRAVEL,34,mf_var,Plain MF RF,0.031829248252262,2.59689235259893,0.0714000200448229,2.46210933345983,16.3035369187986,H:/Jing/ecoChina2/rf_soil/soil_mf_zone34.Rdata,soil_mf,0.031829248252262,8,0.067017043515309,TRUE,FALSE,TRUE,Coarse fragments,
soil,T_CEC_CLAY,34,mf_var,Plain MF RF,0.0281388704054223,2.50572285372644,0.0504510713014774,1.96903762756511,10.3253678152609,H:/Jing/ecoChina2/rf_soil/soil_mf_zone34.Rdata,soil_mf,0.0281388704054223,9,0.0592468878776553,TRUE,FALSE,TRUE,Nutrient retention and base status,
soil,T_OC,35,mf_var,Plain MF RF,0.144428518264643,6.69576000810406,0.312391415415666,7.19442914011859,955.247085577189,H:/Jing/ecoChina2/rf_soil/soil_mf_zone35.Rdata,soil_mf,0.144428518264643,1,0.208556363161275,TRUE,TRUE,TRUE,Organic carbon,
soil,T_TEB,35,mf_var,Plain MF RF,0.103959488357055,5.85125424969215,0.220556723302695,5.65994890457937,321.236087365863,H:/Jing/ecoChina2/rf_soil/soil_mf_zone35.Rdata,soil_mf,0.103959488357055,2,0.150118640476021,TRUE,TRUE,TRUE,Nutrient retention and base status,
soil,T_CASO4,35,mf_var,Plain MF RF,0.0953449273260954,3.71775406809871,0.201892078603494,3.78086398987275,384.926509247567,H:/Jing/ecoChina2/rf_soil/soil_mf_zone35.Rdata,soil_mf,0.0953449273260954,3,0.137679119940639,TRUE,TRUE,TRUE,Gypsum,
soil,T_SILT,35,mf_var,Plain MF RF,0.0905380269025756,6.30980065922364,0.184030925168063,6.1041081782334,330.893445556811,H:/Jing/ecoChina2/rf_soil/soil_mf_zone35.Rdata,soil_mf,0.0905380269025756,4,0.130737903050421,TRUE,TRUE,TRUE,Texture,
soil,T_SAND,35,mf_var,Plain MF RF,0.0746497126018866,6.00219207955884,0.13944796460585,5.53509838476527,249.986443612219,H:/Jing/ecoChina2/rf_soil/soil_mf_zone35.Rdata,soil_mf,0.0746497126018866,5,0.10779500308074,TRUE,TRUE,TRUE,Texture,
soil,T_CACO3,35,mf_var,Plain MF RF,0.0572179109321453,4.44132029440872,0.0732166926784689,3.31318671299614,162.497576252401,H:/Jing/ecoChina2/rf_soil/soil_mf_zone35.Rdata,soil_mf,0.0572179109321453,6,0.0826232904351226,TRUE,FALSE,TRUE,Carbonates,
soil,T_ECE,35,mf_var,Plain MF RF,0.0516245882773851,2.87348387501204,0.0995519910203882,2.80998638544281,167.808827365676,H:/Jing/ecoChina2/rf_soil/soil_mf_zone35.Rdata,soil_mf,0.0516245882773851,7,0.0745464712246196,TRUE,FALSE,TRUE,Salinity,
soil,T_CEC_CLAY,35,mf_var,Plain MF RF,0.0442919913570158,3.99116702271589,0.103536423171673,3.94042817793367,152.182239111492,H:/Jing/ecoChina2/rf_soil/soil_mf_zone35.Rdata,soil_mf,0.0442919913570158,8,0.0639581209139305,TRUE,FALSE,TRUE,Nutrient retention and base status,
soil,T_REF_BULK_DENSITY,35,mf_var,Plain MF RF,0.0304603558886746,3.98418431381627,0.0626275223115476,3.68709345610149,73.7393913130715,H:/Jing/ecoChina2/rf_soil/soil_mf_zone35.Rdata,soil_mf,0.0304603558886746,9,0.0439850877172316,TRUE,FALSE,TRUE,Bulk density,
soil,T_BS,36,mf_var,Plain MF RF,0.0754089330060646,5.76734018773082,0.228444534502011,5.77439648964947,198.301786796005,H:/Jing/ecoChina2/rf_soil/soil_mf_zone36.Rdata,soil_mf,0.0754089330060646,1,0.147902500493612,TRUE,TRUE,TRUE,Nutrient retention and base status,
soil,T_TEB,36,mf_var,Plain MF RF,0.0701532175810026,5.33370432449178,0.193964497224064,5.23635043344384,192.616369365932,H:/Jing/ecoChina2/rf_soil/soil_mf_zone36.Rdata,soil_mf,0.0701532175810026,2,0.137594259516552,TRUE,TRUE,TRUE,Nutrient retention and base status,
soil,T_SILT,36,mf_var,Plain MF RF,0.068223474965373,6.83852759937389,0.204005504485067,7.31205778408024,207.192647629803,H:/Jing/ecoChina2/rf_soil/soil_mf_zone36.Rdata,soil_mf,0.068223474965373,3,0.133809379572186,TRUE,TRUE,TRUE,Texture,
soil,T_PH_H2O,36,mf_var,Plain MF RF,0.0642737131387382,5.36757359124641,0.183560709211974,5.41005005544487,171.492997334555,H:/Jing/ecoChina2/rf_soil/soil_mf_zone36.Rdata,soil_mf,0.0642737131387382,4,0.126062556653122,TRUE,TRUE,TRUE,Soil reaction,
soil,T_CEC_CLAY,36,mf_var,Plain MF RF,0.0570591314612982,5.21517705218508,0.133041619336906,4.65237383948252,185.718068774551,H:/Jing/ecoChina2/rf_soil/soil_mf_zone36.Rdata,soil_mf,0.0570591314612982,5,0.111912314399688,TRUE,TRUE,TRUE,Nutrient retention and base status,
soil,T_SAND,36,mf_var,Plain MF RF,0.0544580306376718,5.59054443463626,0.138319129260114,6.37637604143237,142.251050610929,H:/Jing/ecoChina2/rf_soil/soil_mf_zone36.Rdata,soil_mf,0.0544580306376718,6,0.106810673247712,TRUE,FALSE,TRUE,Texture,
soil,T_OC,36,mf_var,Plain MF RF,0.0496177898437711,5.39374918604224,0.143649071043682,5.12939645879012,116.38228046451,H:/Jing/ecoChina2/rf_soil/soil_mf_zone36.Rdata,soil_mf,0.0496177898437711,7,0.0973173189742666,TRUE,FALSE,TRUE,Organic carbon,
soil,T_REF_BULK_DENSITY,36,mf_var,Plain MF RF,0.0398554543277385,5.03379492878852,0.100033914139711,5.18935063910692,164.041424833475,H:/Jing/ecoChina2/rf_soil/soil_mf_zone36.Rdata,soil_mf,0.0398554543277385,8,0.0781700671047474,TRUE,FALSE,TRUE,Bulk density,
soil,T_GRAVEL,36,mf_var,Plain MF RF,0.0308059556140164,4.1782315395089,0.0902321815215877,3.947614723695,78.7715740491954,H:/Jing/ecoChina2/rf_soil/soil_mf_zone36.Rdata,soil_mf,0.0308059556140164,9,0.060420930038114,TRUE,FALSE,TRUE,Coarse fragments,
soil,T_CEC_CLAY,37,mf_var,Plain MF RF,0.13200970676519,7.11729708750841,0.186637352432025,6.55478001236787,209.103038619684,H:/Jing/ecoChina2/rf_soil/soil_mf_zone37.Rdata,soil_mf,0.13200970676519,1,0.175891966024448,TRUE,TRUE,TRUE,Nutrient retention and base status,
soil,T_OC,37,mf_var,Plain MF RF,0.127733441731097,7.83403475277027,0.180567396484786,7.42226620299568,274.41511648157,H:/Jing/ecoChina2/rf_soil/soil_mf_zone37.Rdata,soil_mf,0.127733441731097,2,0.170194198166923,TRUE,TRUE,TRUE,Organic carbon,
soil,T_CEC_SOIL,37,mf_var,Plain MF RF,0.0842676838096706,5.31463335621443,0.121907893993287,4.48614058230263,134.157405727771,H:/Jing/ecoChina2/rf_soil/soil_mf_zone37.Rdata,soil_mf,0.0842676838096706,3,0.112279687159475,TRUE,TRUE,TRUE,Nutrient retention and base status,
soil,T_PH_H2O,37,mf_var,Plain MF RF,0.0825524439787872,5.02004871805045,0.125794797304251,4.42209191094453,183.404546376248,H:/Jing/ecoChina2/rf_soil/soil_mf_zone37.Rdata,soil_mf,0.0825524439787872,4,0.109994272598301,TRUE,TRUE,TRUE,Soil reaction,
soil,T_TEB,37,mf_var,Plain MF RF,0.077907145153587,5.63465960784555,0.127861688770895,5.27544325873332,134.184391777213,H:/Jing/ecoChina2/rf_soil/soil_mf_zone37.Rdata,soil_mf,0.077907145153587,5,0.103804797875893,TRUE,TRUE,TRUE,Nutrient retention and base status,
soil,T_CLAY,37,mf_var,Plain MF RF,0.0689466309035302,4.84115050932747,0.111791838309626,4.32815603748508,118.367608345255,H:/Jing/ecoChina2/rf_soil/soil_mf_zone37.Rdata,soil_mf,0.0689466309035302,6,0.0918656571365234,TRUE,FALSE,TRUE,Texture,
soil,T_SILT,37,mf_var,Plain MF RF,0.0664878994550242,5.90085352889255,0.0923892474011488,5.23824551749087,151.523041177389,H:/Jing/ecoChina2/rf_soil/soil_mf_zone37.Rdata,soil_mf,0.0664878994550242,7,0.0885896017690714,TRUE,FALSE,TRUE,Texture,
soil,T_GRAVEL,37,mf_var,Plain MF RF,0.0630128132576933,6.64529106205933,0.0909428046577557,5.74501625792104,177.956166833846,H:/Jing/ecoChina2/rf_soil/soil_mf_zone37.Rdata,soil_mf,0.0630128132576933,8,0.0839593381442897,TRUE,FALSE,TRUE,Coarse fragments,
soil,T_BS,37,mf_var,Plain MF RF,0.0475980757135026,4.65864776323855,0.0605855643409897,3.83252389401214,128.545011744278,H:/Jing/ecoChina2/rf_soil/soil_mf_zone37.Rdata,soil_mf,0.0475980757135026,9,0.0634204811250759,TRUE,FALSE,TRUE,Nutrient retention and base status,
soil,T_CACO3,38,mf_var,Plain MF RF,0.134817762282839,3.88564462947381,0.239513883975948,3.80608015332411,521.525072214684,H:/Jing/ecoChina2/rf_soil/soil_mf_zone38.Rdata,soil_mf,0.134817762282839,1,0.1937319570301,TRUE,TRUE,TRUE,Carbonates,
soil,T_OC,38,mf_var,Plain MF RF,0.118443662428581,5.23095256826795,0.21632606760861,4.83247056893913,864.908264200935,H:/Jing/ecoChina2/rf_soil/soil_mf_zone38.Rdata,soil_mf,0.118443662428581,2,0.170202517320838,TRUE,TRUE,TRUE,Organic carbon,
soil,T_ECE,38,mf_var,Plain MF RF,0.101480726362525,3.5244751874791,0.148448524611706,2.63215956132769,398.441938550525,H:/Jing/ecoChina2/rf_soil/soil_mf_zone38.Rdata,soil_mf,0.101480726362525,3,0.145826925073883,TRUE,TRUE,TRUE,Salinity,
soil,T_GRAVEL,38,mf_var,Plain MF RF,0.0829646704941094,3.56446546452798,0.192501012742766,3.60357203519681,267.917355420256,H:/Jing/ecoChina2/rf_soil/soil_mf_zone38.Rdata,soil_mf,0.0829646704941094,4,0.119219513119208,TRUE,TRUE,TRUE,Coarse fragments,
soil,T_CEC_SOIL,38,mf_var,Plain MF RF,0.0794668611133737,4.27712895110257,0.16098500583173,3.91971029569705,261.765046455473,H:/Jing/ecoChina2/rf_soil/soil_mf_zone38.Rdata,soil_mf,0.0794668611133737,5,0.11419319132619,TRUE,TRUE,TRUE,Nutrient retention and base status,
soil,T_SILT,38,mf_var,Plain MF RF,0.0624245656103282,3.28663679716275,0.0963290178447577,2.49298116695457,200.010667183067,H:/Jing/ecoChina2/rf_soil/soil_mf_zone38.Rdata,soil_mf,0.0624245656103282,6,0.089703560255444,TRUE,FALSE,TRUE,Texture,
soil,T_SAND,38,mf_var,Plain MF RF,0.0486978192908076,3.91751877648691,0.071761691876595,2.7585184930852,245.227674066952,H:/Jing/ecoChina2/rf_soil/soil_mf_zone38.Rdata,soil_mf,0.0486978192908076,7,0.0699783446524927,TRUE,FALSE,TRUE,Texture,
soil,T_CLAY,38,mf_var,Plain MF RF,0.0404386046608138,3.03742547794696,0.0768100434319898,2.81426543753692,113.640477626632,H:/Jing/ecoChina2/rf_soil/soil_mf_zone38.Rdata,soil_mf,0.0404386046608138,8,0.0581099247447102,TRUE,FALSE,TRUE,Texture,
soil,T_REF_BULK_DENSITY,38,mf_var,Plain MF RF,0.0271637450832605,3.13154812638826,0.0509940849561967,2.65595377210214,89.9085327126149,H:/Jing/ecoChina2/rf_soil/soil_mf_zone38.Rdata,soil_mf,0.0271637450832605,9,0.0390340664771343,TRUE,FALSE,TRUE,Bulk density,
soil,T_OC,39,mf_var,Plain MF RF,0.0758130983898853,4.33842009349033,0.187565342705037,4.52914035303156,188.48864922793,H:/Jing/ecoChina2/rf_soil/soil_mf_zone39.Rdata,soil_mf,0.0758130983898853,1,0.153419681671982,TRUE,TRUE,TRUE,Organic carbon,
soil,T_REF_BULK_DENSITY,39,mf_var,Plain MF RF,0.0678503633119221,5.34009137608187,0.132193965218709,4.79797556011744,211.93487153066,H:/Jing/ecoChina2/rf_soil/soil_mf_zone39.Rdata,soil_mf,0.0678503633119221,2,0.137305839778634,TRUE,TRUE,TRUE,Bulk density,
soil,T_GRAVEL,39,mf_var,Plain MF RF,0.0625580317363423,4.65783430551908,0.177642125943394,4.53545765159771,178.988270045253,H:/Jing/ecoChina2/rf_soil/soil_mf_zone39.Rdata,soil_mf,0.0625580317363423,3,0.126595977724819,TRUE,TRUE,TRUE,Coarse fragments,
soil,T_CEC_SOIL,39,mf_var,Plain MF RF,0.0603783421393927,5.69607826260349,0.132846100295115,5.47838747832302,236.23912995123,H:/Jing/ecoChina2/rf_soil/soil_mf_zone39.Rdata,soil_mf,0.0603783421393927,4,0.122185034349467,TRUE,TRUE,TRUE,Nutrient retention and base status,
soil,T_CEC_CLAY,39,mf_var,Plain MF RF,0.0563142159638281,4.16924262760113,0.146189583035456,3.938516246536,139.984110704299,H:/Jing/ecoChina2/rf_soil/soil_mf_zone39.Rdata,soil_mf,0.0563142159638281,5,0.113960638336481,TRUE,TRUE,TRUE,Nutrient retention and base status,
soil,T_ESP,39,mf_var,Plain MF RF,0.0530101439541669,4.73024670515554,0.119820357188743,4.34236645754623,164.882369639989,H:/Jing/ecoChina2/rf_soil/soil_mf_zone39.Rdata,soil_mf,0.0530101439541669,6,0.107274331000292,TRUE,FALSE,TRUE,Sodicity,
soil,T_CLAY,39,mf_var,Plain MF RF,0.0529134287878308,4.71012623317574,0.115052467851688,4.16093960681647,171.013866020189,H:/Jing/ecoChina2/rf_soil/soil_mf_zone39.Rdata,soil_mf,0.0529134287878308,7,0.107078612709557,TRUE,FALSE,TRUE,Texture,
soil,T_PH_H2O,39,mf_var,Plain MF RF,0.0360548920858719,3.65904227862289,0.0878864332314883,3.29999015236544,93.7011201149788,H:/Jing/ecoChina2/rf_soil/soil_mf_zone39.Rdata,soil_mf,0.0360548920858719,8,0.0729627225902976,TRUE,FALSE,TRUE,Soil reaction,
soil,T_SAND,39,mf_var,Plain MF RF,0.0292624549073718,3.54372189121081,0.070306437486708,3.08737594246062,80.4072058560315,H:/Jing/ecoChina2/rf_soil/soil_mf_zone39.Rdata,soil_mf,0.0292624549073718,9,0.0592171618384704,TRUE,FALSE,TRUE,Texture,
soil,T_CEC_CLAY,40,mf_var,Plain MF RF,0.0935426487574258,5.68002668729497,0.0843401317510488,3.74715749458623,238.938334438685,H:/Jing/ecoChina2/rf_soil/soil_mf_zone40.Rdata,soil_mf,0.0935426487574258,1,0.178778573638878,TRUE,TRUE,TRUE,Nutrient retention and base status,
soil,T_TEB,40,mf_var,Plain MF RF,0.0910378230446302,5.32256324329485,0.145650598967934,4.2108671823465,263.990424389089,H:/Jing/ecoChina2/rf_soil/soil_mf_zone40.Rdata,soil_mf,0.0910378230446302,2,0.173991354396147,TRUE,TRUE,TRUE,Nutrient retention and base status,
soil,T_BS,40,mf_var,Plain MF RF,0.0804489185839643,4.89697615660977,0.120043652011449,3.89065022368155,284.551140934376,H:/Jing/ecoChina2/rf_soil/soil_mf_zone40.Rdata,soil_mf,0.0804489185839643,3,0.153753855661369,TRUE,TRUE,TRUE,Nutrient retention and base status,
soil,T_SILT,40,mf_var,Plain MF RF,0.0593772277237601,5.95672915184097,0.101738046162382,5.10032912136039,83.4346457591613,H:/Jing/ecoChina2/rf_soil/soil_mf_zone40.Rdata,soil_mf,0.0593772277237601,4,0.113481670875201,TRUE,TRUE,TRUE,Texture,
soil,T_OC,40,mf_var,Plain MF RF,0.0572624601314283,5.47058682621637,0.0933006643183497,4.33744257606818,132.462424289991,H:/Jing/ecoChina2/rf_soil/soil_mf_zone40.Rdata,soil_mf,0.0572624601314283,5,0.109439930142423,TRUE,TRUE,TRUE,Organic carbon,
soil,T_REF_BULK_DENSITY,40,mf_var,Plain MF RF,0.0422015029184237,4.38038258096508,0.046425868201033,3.46856658841355,106.940006029641,H:/Jing/ecoChina2/rf_soil/soil_mf_zone40.Rdata,soil_mf,0.0422015029184237,6,0.0806554507210682,TRUE,FALSE,TRUE,Bulk density,
soil,T_CLAY,40,mf_var,Plain MF RF,0.0398101826530146,4.15363076853979,0.0425602499232754,3.04204353070664,89.1516045119814,H:/Jing/ecoChina2/rf_soil/soil_mf_zone40.Rdata,soil_mf,0.0398101826530146,7,0.0760851629235502,TRUE,FALSE,TRUE,Texture,
soil,T_SAND,40,mf_var,Plain MF RF,0.0312192954794263,4.42833269666959,0.0422663840975764,3.48810180358661,69.1972279039458,H:/Jing/ecoChina2/rf_soil/soil_mf_zone40.Rdata,soil_mf,0.0312192954794263,8,0.0596662719087206,TRUE,FALSE,TRUE,Texture,
soil,T_GRAVEL,40,mf_var,Plain MF RF,0.0283318182950929,4.5191395147385,0.0363872701181518,3.1715275298158,30.2345158741542,H:/Jing/ecoChina2/rf_soil/soil_mf_zone40.Rdata,soil_mf,0.0283318182950929,9,0.0541477297326424,TRUE,FALSE,TRUE,Coarse fragments,
soil,T_PH_H2O,41,mf_var,Plain MF RF,0.115502664077189,5.67383486499782,0.214214490718228,4.98578324448808,513.637984720592,H:/Jing/ecoChina2/rf_soil/soil_mf_zone41.Rdata,soil_mf,0.115502664077189,1,0.171412423318,TRUE,TRUE,TRUE,Soil reaction,
soil,T_OC,41,mf_var,Plain MF RF,0.109332767264403,6.60717551458112,0.16598714285837,5.42417479833017,373.89167158538,H:/Jing/ecoChina2/rf_soil/soil_mf_zone41.Rdata,soil_mf,0.109332767264403,2,0.162255950843954,TRUE,TRUE,TRUE,Organic carbon,
soil,T_TEB,41,mf_var,Plain MF RF,0.0970612814943395,5.24766700080186,0.182035216722275,4.45210111001891,394.161358258672,H:/Jing/ecoChina2/rf_soil/soil_mf_zone41.Rdata,soil_mf,0.0970612814943395,3,0.144044378579671,TRUE,TRUE,TRUE,Nutrient retention and base status,
soil,T_REF_BULK_DENSITY,41,mf_var,Plain MF RF,0.0691479294786952,5.60311567713581,0.0961752947819564,4.92796387436495,270.159437796137,H:/Jing/ecoChina2/rf_soil/soil_mf_zone41.Rdata,soil_mf,0.0691479294786952,4,0.102619400635159,TRUE,TRUE,TRUE,Bulk density,
soil,T_CLAY,41,mf_var,Plain MF RF,0.0647513776006351,5.00201484333977,0.109955309711804,4.31868723936045,221.441560996377,H:/Jing/ecoChina2/rf_soil/soil_mf_zone41.Rdata,soil_mf,0.0647513776006351,5,0.0960946713773305,TRUE,TRUE,TRUE,Texture,
soil,T_CEC_SOIL,41,mf_var,Plain MF RF,0.0632154446663454,4.44866464608043,0.0919245372046902,3.3117008325998,212.323711182695,H:/Jing/ecoChina2/rf_soil/soil_mf_zone41.Rdata,soil_mf,0.0632154446663454,6,0.0938152608682829,TRUE,FALSE,TRUE,Nutrient retention and base status,
soil,T_CEC_CLAY,41,mf_var,Plain MF RF,0.0627957570949965,5.8144075078259,0.0968505105598702,4.91191001180829,202.385038294035,H:/Jing/ecoChina2/rf_soil/soil_mf_zone41.Rdata,soil_mf,0.0627957570949965,7,0.0931924210037991,TRUE,FALSE,TRUE,Nutrient retention and base status,
soil,T_SILT,41,mf_var,Plain MF RF,0.0465894571042388,5.00280069422009,0.0719796125632526,4.31766589806551,140.971597690528,H:/Jing/ecoChina2/rf_soil/soil_mf_zone41.Rdata,soil_mf,0.0465894571042388,8,0.0691413640292365,TRUE,FALSE,TRUE,Texture,
soil,T_SAND,41,mf_var,Plain MF RF,0.0454323345510094,4.85392928248087,0.0647574011172739,3.95561955662761,154.39451385898,H:/Jing/ecoChina2/rf_soil/soil_mf_zone41.Rdata,soil_mf,0.0454323345510094,9,0.067424129344568,TRUE,FALSE,TRUE,Texture,
soil,T_ESP,42,mf_var,Plain MF RF,0.103019151036313,4.69179946658992,0.208682967564732,4.54381817558082,351.813582041572,H:/Jing/ecoChina2/rf_soil/soil_mf_zone42.Rdata,soil_mf,0.103019151036313,1,0.150354605052562,TRUE,TRUE,TRUE,Sodicity,
soil,T_CLAY,42,mf_var,Plain MF RF,0.101652622284839,4.75708176196655,0.170954921096033,4.32650994088841,391.784124026064,H:/Jing/ecoChina2/rf_soil/soil_mf_zone42.Rdata,soil_mf,0.101652622284839,2,0.148360180825087,TRUE,TRUE,TRUE,Texture,
soil,T_CEC_CLAY,42,mf_var,Plain MF RF,0.0983914894399929,4.84596435430299,0.18801605458684,4.65030237442119,189.476207521631,H:/Jing/ecoChina2/rf_soil/soil_mf_zone42.Rdata,soil_mf,0.0983914894399929,3,0.143600615870625,TRUE,TRUE,TRUE,Nutrient retention and base status,
soil,T_GRAVEL,42,mf_var,Plain MF RF,0.0921817226443183,4.72941896349364,0.132885537746655,3.91640397020066,207.176862263508,H:/Jing/ecoChina2/rf_soil/soil_mf_zone42.Rdata,soil_mf,0.0921817226443183,4,0.134537572498203,TRUE,TRUE,TRUE,Coarse fragments,
soil,T_REF_BULK_DENSITY,42,mf_var,Plain MF RF,0.0853962299180698,3.81183287065079,0.146187449739912,3.34074352053072,184.811783494163,H:/Jing/ecoChina2/rf_soil/soil_mf_zone42.Rdata,soil_mf,0.0853962299180698,5,0.124634267445898,TRUE,TRUE,TRUE,Bulk density,
soil,T_PH_H2O,42,mf_var,Plain MF RF,0.0680217815570494,3.87096938740872,0.137456752456826,3.73880501439477,117.230287335969,H:/Jing/ecoChina2/rf_soil/soil_mf_zone42.Rdata,soil_mf,0.0680217815570494,6,0.0992765713762949,TRUE,FALSE,TRUE,Soil reaction,
soil,T_TEB,42,mf_var,Plain MF RF,0.0502328096340087,3.66288769261985,0.0906850617911101,3.50621278028187,110.754709781454,H:/Jing/ecoChina2/rf_soil/soil_mf_zone42.Rdata,soil_mf,0.0502328096340087,7,0.0733138855953073,TRUE,FALSE,TRUE,Nutrient retention and base status,
soil,T_OC,42,mf_var,Plain MF RF,0.0462781007178825,3.89215720355342,0.0826133682397755,3.41392779106092,102.075944178688,H:/Jing/ecoChina2/rf_soil/soil_mf_zone42.Rdata,soil_mf,0.0462781007178825,8,0.0675420587922266,TRUE,FALSE,TRUE,Organic carbon,
soil,T_SILT,42,mf_var,Plain MF RF,0.0400006572599049,3.90882689994284,0.0766850223879993,3.6603493982771,80.0123472384042,H:/Jing/ecoChina2/rf_soil/soil_mf_zone42.Rdata,soil_mf,0.0400006572599049,9,0.058380242543796,TRUE,FALSE,TRUE,Texture,
soil,T_OC,43,mf_var,Plain MF RF,0.156305640203299,8.19511502551472,0.341094655937306,8.33397956134623,147.689632179741,H:/Jing/ecoChina2/rf_soil/soil_mf_zone43.Rdata,soil_mf,0.156305640203299,1,0.242454996023411,TRUE,TRUE,TRUE,Organic carbon,
soil,T_CEC_SOIL,43,mf_var,Plain MF RF,0.143602775735739,6.84290530241856,0.310002858732793,6.7420628283251,119.966331769826,H:/Jing/ecoChina2/rf_soil/soil_mf_zone43.Rdata,soil_mf,0.143602775735739,2,0.222750825719881,TRUE,TRUE,TRUE,Nutrient retention and base status,
soil,T_BS,43,mf_var,Plain MF RF,0.0782356525066925,4.99436296967689,0.163380847589376,4.82701835231159,42.6848568099119,H:/Jing/ecoChina2/rf_soil/soil_mf_zone43.Rdata,soil_mf,0.0782356525066925,3,0.121355984292874,TRUE,TRUE,TRUE,Nutrient retention and base status,
soil,T_CEC_CLAY,43,mf_var,Plain MF RF,0.0628286749747692,4.65161267935111,0.121161409624762,4.26305145798325,39.1741724192451,H:/Jing/ecoChina2/rf_soil/soil_mf_zone43.Rdata,soil_mf,0.0628286749747692,4,0.0974573030208692,TRUE,TRUE,TRUE,Nutrient retention and base status,
soil,T_TEB,43,mf_var,Plain MF RF,0.0516419203992325,4.65623995789813,0.0873997383378315,3.94774397141954,31.5544159162316,H:/Jing/ecoChina2/rf_soil/soil_mf_zone43.Rdata,soil_mf,0.0516419203992325,5,0.0801048611473777,TRUE,TRUE,TRUE,Nutrient retention and base status,
soil,T_SAND,43,mf_var,Plain MF RF,0.050433364699383,3.30248816802703,0.100289692573041,2.96053669880776,46.908630385245,H:/Jing/ecoChina2/rf_soil/soil_mf_zone43.Rdata,soil_mf,0.050433364699383,6,0.0782301983583705,TRUE,FALSE,TRUE,Texture,
soil,T_REF_BULK_DENSITY,43,mf_var,Plain MF RF,0.0400831748988462,3.32630787017887,0.0749294844098122,2.75237934326167,17.9751031812249,H:/Jing/ecoChina2/rf_soil/soil_mf_zone43.Rdata,soil_mf,0.0400831748988462,7,0.0621754019756758,TRUE,FALSE,TRUE,Bulk density,
soil,T_CLAY,43,mf_var,Plain MF RF,0.0320700069340528,3.0250508330883,0.0594274400840064,2.47777516979684,12.9160499439212,H:/Jing/ecoChina2/rf_soil/soil_mf_zone43.Rdata,soil_mf,0.0320700069340528,8,0.0497456994741411,TRUE,FALSE,TRUE,Texture,
soil,T_GRAVEL,43,mf_var,Plain MF RF,0.0294777724156008,3.56175236196659,0.0666892964392136,3.70461703872726,21.7962374774655,H:/Jing/ecoChina2/rf_soil/soil_mf_zone43.Rdata,soil_mf,0.0294777724156008,9,0.0457247299873999,TRUE,FALSE,TRUE,Coarse fragments,
soil,T_CEC_CLAY,44,mf_var,Plain MF RF,0.117174411648452,6.14741716055031,0.133885911097673,5.01149508663097,269.724398408662,H:/Jing/ecoChina2/rf_soil/soil_mf_zone44.Rdata,soil_mf,0.117174411648452,1,0.223277284298737,TRUE,TRUE,TRUE,Nutrient retention and base status,
soil,T_BS,44,mf_var,Plain MF RF,0.0692476744204582,4.50879923657417,0.0920558593629692,3.61631647590682,180.678877652394,H:/Jing/ecoChina2/rf_soil/soil_mf_zone44.Rdata,soil_mf,0.0692476744204582,2,0.131952296334038,TRUE,TRUE,TRUE,Nutrient retention and base status,
soil,T_TEB,44,mf_var,Plain MF RF,0.0628370333332989,4.56025080239693,0.0831963919640498,3.67656978195727,173.022588352821,H:/Jing/ecoChina2/rf_soil/soil_mf_zone44.Rdata,soil_mf,0.0628370333332989,3,0.119736740800897,TRUE,TRUE,TRUE,Nutrient retention and base status,
soil,T_REF_BULK_DENSITY,44,mf_var,Plain MF RF,0.0573730869520371,5.44777022631654,0.0687738184311354,4.65304449350776,187.236620679878,H:/Jing/ecoChina2/rf_soil/soil_mf_zone44.Rdata,soil_mf,0.0573730869520371,4,0.109325123687578,TRUE,TRUE,TRUE,Bulk density,
soil,T_OC,44,mf_var,Plain MF RF,0.0564413873944354,4.97641840241023,0.0870470967292265,3.74824408739599,123.162935320521,H:/Jing/ecoChina2/rf_soil/soil_mf_zone44.Rdata,soil_mf,0.0564413873944354,5,0.107549758707485,TRUE,TRUE,TRUE,Organic carbon,
soil,T_CLAY,44,mf_var,Plain MF RF,0.0524862598004863,4.93344276942312,0.0622996145527991,3.988793306906,147.19155733815,H:/Jing/ecoChina2/rf_soil/soil_mf_zone44.Rdata,soil_mf,0.0524862598004863,6,0.100013214373203,TRUE,FALSE,TRUE,Texture,
soil,T_SILT,44,mf_var,Plain MF RF,0.0520786440221477,5.17919977191718,0.0808537723000738,3.97758648766281,90.6419847905129,H:/Jing/ecoChina2/rf_soil/soil_mf_zone44.Rdata,soil_mf,0.0520786440221477,7,0.0992364974881397,TRUE,FALSE,TRUE,Texture,
soil,T_GRAVEL,44,mf_var,Plain MF RF,0.029904360836246,4.6147048878448,0.0364323454827368,3.07696108827986,48.63612573831,H:/Jing/ecoChina2/rf_soil/soil_mf_zone44.Rdata,soil_mf,0.029904360836246,8,0.0569831278200812,TRUE,FALSE,TRUE,Coarse fragments,
soil,T_ESP,44,mf_var,Plain MF RF,0.0272503914587186,4.9176200658818,0.0400074549135695,4.73726238935503,65.0517466281653,H:/Jing/ecoChina2/rf_soil/soil_mf_zone44.Rdata,soil_mf,0.0272503914587186,9,0.0519259564898408,TRUE,FALSE,TRUE,Sodicity,
soil,T_CLAY,45,mf_var,Plain MF RF,0.0906450881839504,5.28732134473827,0.171811862121596,4.84228854961596,213.777268104367,H:/Jing/ecoChina2/rf_soil/soil_mf_zone45.Rdata,soil_mf,0.0906450881839504,1,0.191031000140175,TRUE,TRUE,TRUE,Texture,
soil,T_OC,45,mf_var,Plain MF RF,0.0850128820047108,6.22880713023149,0.197901207724951,6.05449070016572,129.560227996637,H:/Jing/ecoChina2/rf_soil/soil_mf_zone45.Rdata,soil_mf,0.0850128820047108,2,0.1791613445309,TRUE,TRUE,TRUE,Organic carbon,
soil,T_BS,45,mf_var,Plain MF RF,0.0829525544800512,4.95037705808795,0.19263233633456,4.90659562630959,139.547352179025,H:/Jing/ecoChina2/rf_soil/soil_mf_zone45.Rdata,soil_mf,0.0829525544800512,3,0.174819284353813,TRUE,TRUE,TRUE,Nutrient retention and base status,
soil,T_CEC_SOIL,45,mf_var,Plain MF RF,0.0548695487534391,4.47550659513525,0.127427391563565,4.03237591973282,56.1539042101832,H:/Jing/ecoChina2/rf_soil/soil_mf_zone45.Rdata,soil_mf,0.0548695487534391,4,0.115635441319648,TRUE,TRUE,TRUE,Nutrient retention and base status,
soil,T_GRAVEL,45,mf_var,Plain MF RF,0.0470535260246681,3.75183615425614,0.124208431376415,3.71976191871862,47.1489212718072,H:/Jing/ecoChina2/rf_soil/soil_mf_zone45.Rdata,soil_mf,0.0470535260246681,5,0.0991634772131605,TRUE,TRUE,TRUE,Coarse fragments,
soil,T_REF_BULK_DENSITY,45,mf_var,Plain MF RF,0.0338278492222808,3.26893761815053,0.0543008164561913,2.34244092731579,58.1051876233419,H:/Jing/ecoChina2/rf_soil/soil_mf_zone45.Rdata,soil_mf,0.0338278492222808,6,0.071290877409809,TRUE,FALSE,TRUE,Bulk density,
soil,T_PH_H2O,45,mf_var,Plain MF RF,0.0332465659080647,3.5829386976842,0.0763964861550139,2.8952610075709,34.8309134236636,H:/Jing/ecoChina2/rf_soil/soil_mf_zone45.Rdata,soil_mf,0.0332465659080647,7,0.0700658454185096,TRUE,FALSE,TRUE,Soil reaction,
soil,T_CEC_CLAY,45,mf_var,Plain MF RF,0.0284294102599885,3.04511752207565,0.0575188178300747,2.38109010712082,40.3352535066449,H:/Jing/ecoChina2/rf_soil/soil_mf_zone45.Rdata,soil_mf,0.0284294102599885,8,0.05991387712415,TRUE,FALSE,TRUE,Nutrient retention and base status,
soil,T_SILT,45,mf_var,Plain MF RF,0.0184671745076483,3.10117360258523,0.0375495954156566,2.48015163084551,38.6443917744415,H:/Jing/ecoChina2/rf_soil/soil_mf_zone45.Rdata,soil_mf,0.0184671745076483,9,0.0389188524898344,TRUE,FALSE,TRUE,Texture,
soil,T_CEC_SOIL,46,mf_var,Plain MF RF,0.0860561438975431,6.57714234234102,0.186992572469563,6.30063723672683,176.205757919424,H:/Jing/ecoChina2/rf_soil/soil_mf_zone46.Rdata,soil_mf,0.0860561438975431,1,0.147678772505009,TRUE,TRUE,TRUE,Nutrient retention and base status,
soil,T_TEB,46,mf_var,Plain MF RF,0.0778654533146048,5.59484124830777,0.166288884401084,5.51441481388953,215.381908396914,H:/Jing/ecoChina2/rf_soil/soil_mf_zone46.Rdata,soil_mf,0.0778654533146048,2,0.133622935507516,TRUE,TRUE,TRUE,Nutrient retention and base status,
soil,T_PH_H2O,46,mf_var,Plain MF RF,0.0713147572353828,6.19924267296169,0.163375251825783,5.68779145964989,81.3303132099471,H:/Jing/ecoChina2/rf_soil/soil_mf_zone46.Rdata,soil_mf,0.0713147572353828,3,0.122381451608532,TRUE,TRUE,TRUE,Soil reaction,
soil,T_BS,46,mf_var,Plain MF RF,0.0705438395927683,4.6737528744794,0.147920900081906,4.67229049907401,235.544659502297,H:/Jing/ecoChina2/rf_soil/soil_mf_zone46.Rdata,soil_mf,0.0705438395927683,4,0.121058499335661,TRUE,TRUE,TRUE,Nutrient retention and base status,
soil,T_SILT,46,mf_var,Plain MF RF,0.0656260956877813,5.52366440508705,0.171443466139405,5.37581201146006,144.927199036913,H:/Jing/ecoChina2/rf_soil/soil_mf_zone46.Rdata,soil_mf,0.0656260956877813,5,0.112619283371637,TRUE,TRUE,TRUE,Texture,
soil,T_CLAY,46,mf_var,Plain MF RF,0.0572780242489107,4.82341849191646,0.119463329503496,4.15437574729406,111.548979359129,H:/Jing/ecoChina2/rf_soil/soil_mf_zone46.Rdata,soil_mf,0.0572780242489107,6,0.0982933690668512,TRUE,FALSE,TRUE,Texture,
soil,T_REF_BULK_DENSITY,46,mf_var,Plain MF RF,0.0557217240107141,4.63209990951613,0.128266791989012,4.37479738068201,131.199822661207,H:/Jing/ecoChina2/rf_soil/soil_mf_zone46.Rdata,soil_mf,0.0557217240107141,7,0.095622641581086,TRUE,FALSE,TRUE,Bulk density,
soil,T_CEC_CLAY,46,mf_var,Plain MF RF,0.0544492783889414,4.40103520608801,0.130360037052107,4.08809576656471,53.3613701073162,H:/Jing/ecoChina2/rf_soil/soil_mf_zone46.Rdata,soil_mf,0.0544492783889414,8,0.0934390298249459,TRUE,FALSE,TRUE,Nutrient retention and base status,
soil,T_SAND,46,mf_var,Plain MF RF,0.0438698948220343,4.12799296209332,0.110634597002666,3.90983379761556,38.4926990845241,H:/Jing/ecoChina2/rf_soil/soil_mf_zone46.Rdata,soil_mf,0.0438698948220343,9,0.075284017198763,TRUE,FALSE,TRUE,Texture,
soil,T_CEC_CLAY,47,mf_var,Plain MF RF,0.134053484347391,7.69182866423682,0.183354677722162,6.93116961727296,297.51529096679,H:/Jing/ecoChina2/rf_soil/soil_mf_zone47.Rdata,soil_mf,0.134053484347391,1,0.209050730691912,TRUE,TRUE,TRUE,Nutrient retention and base status,
soil,T_BS,47,mf_var,Plain MF RF,0.0757776052469325,4.80238984626377,0.0959943456385175,3.83457017696342,132.237584871225,H:/Jing/ecoChina2/rf_soil/soil_mf_zone47.Rdata,soil_mf,0.0757776052469325,2,0.118171965645463,TRUE,TRUE,TRUE,Nutrient retention and base status,
soil,T_OC,47,mf_var,Plain MF RF,0.0744091003941572,5.94092944225801,0.111381264960361,4.94886359965621,145.492601311053,H:/Jing/ecoChina2/rf_soil/soil_mf_zone47.Rdata,soil_mf,0.0744091003941572,3,0.116037840293773,TRUE,TRUE,TRUE,Organic carbon,
soil,T_REF_BULK_DENSITY,47,mf_var,Plain MF RF,0.0728760416133897,6.12818268934279,0.0988307873177854,5.40888472760258,202.452361381347,H:/Jing/ecoChina2/rf_soil/soil_mf_zone47.Rdata,soil_mf,0.0728760416133897,4,0.113647100061445,TRUE,TRUE,TRUE,Bulk density,
soil,T_TEB,47,mf_var,Plain MF RF,0.0668462301269185,4.76760428787106,0.0974296064830112,3.93183469404532,129.795351572583,H:/Jing/ecoChina2/rf_soil/soil_mf_zone47.Rdata,soil_mf,0.0668462301269185,5,0.104243864455016,TRUE,TRUE,TRUE,Nutrient retention and base status,
soil,T_SAND,47,mf_var,Plain MF RF,0.0616628490417014,4.82482612260084,0.0955538447614668,4.3127221592324,146.99408145193,H:/Jing/ecoChina2/rf_soil/soil_mf_zone47.Rdata,soil_mf,0.0616628490417014,6,0.0961606012068095,TRUE,FALSE,TRUE,Texture,
soil,T_SILT,47,mf_var,Plain MF RF,0.0601721816233631,4.98856988167512,0.0802213092746822,3.87848258544709,130.485733985363,H:/Jing/ecoChina2/rf_soil/soil_mf_zone47.Rdata,soil_mf,0.0601721816233631,7,0.0938359685086045,TRUE,FALSE,TRUE,Texture,
soil,T_PH_H2O,47,mf_var,Plain MF RF,0.0509423973665264,4.47056749871068,0.0838017552847657,3.80124432871752,80.2982881502671,H:/Jing/ecoChina2/rf_soil/soil_mf_zone47.Rdata,soil_mf,0.0509423973665264,8,0.079442510909097,TRUE,FALSE,TRUE,Soil reaction,
soil,T_CLAY,47,mf_var,Plain MF RF,0.0445086909248129,5.11709124249915,0.0605718349928891,4.01549401838077,108.211684154471,H:/Jing/ecoChina2/rf_soil/soil_mf_zone47.Rdata,soil_mf,0.0445086909248129,9,0.0694094182278798,TRUE,FALSE,TRUE,Texture,
soil,T_CEC_CLAY,48,mf_var,Plain MF RF,0.14381956427398,6.74161173579208,0.263183622259553,6.60897043830781,163.416674378773,H:/Jing/ecoChina2/rf_soil/soil_mf_zone48.Rdata,soil_mf,0.14381956427398,1,0.204043645573509,TRUE,TRUE,TRUE,Nutrient retention and base status,
soil,T_OC,48,mf_var,Plain MF RF,0.107166505310861,6.08007797459211,0.204489125228703,5.92486678901876,145.843567888136,H:/Jing/ecoChina2/rf_soil/soil_mf_zone48.Rdata,soil_mf,0.107166505310861,2,0.152042210233264,TRUE,TRUE,TRUE,Organic carbon,
soil,T_CEC_SOIL,48,mf_var,Plain MF RF,0.0925788458310189,5.13439924482596,0.195655653408104,5.01420550602013,95.1670216851981,H:/Jing/ecoChina2/rf_soil/soil_mf_zone48.Rdata,soil_mf,0.0925788458310189,3,0.131346004986934,TRUE,TRUE,TRUE,Nutrient retention and base status,
soil,T_SILT,48,mf_var,Plain MF RF,0.0864840996239531,5.49356735729575,0.147270319558683,5.04602124728523,107.72390110749,H:/Jing/ecoChina2/rf_soil/soil_mf_zone48.Rdata,soil_mf,0.0864840996239531,4,0.122699099114198,TRUE,TRUE,TRUE,Texture,
soil,T_SAND,48,mf_var,Plain MF RF,0.0767293278417366,4.60524473750836,0.1455308896615,4.37957934081934,97.0048454547114,H:/Jing/ecoChina2/rf_soil/soil_mf_zone48.Rdata,soil_mf,0.0767293278417366,5,0.108859541149822,TRUE,TRUE,TRUE,Texture,
soil,T_PH_H2O,48,mf_var,Plain MF RF,0.0596566550857997,3.78372180600601,0.101278145511957,3.49079809138453,56.4441841856861,H:/Jing/ecoChina2/rf_soil/soil_mf_zone48.Rdata,soil_mf,0.0596566550857997,6,0.0846377295597899,TRUE,FALSE,TRUE,Soil reaction,
soil,T_GRAVEL,48,mf_var,Plain MF RF,0.056510948298568,5.2834966220912,0.114258778431171,5.16478173277842,87.5984028166,H:/Jing/ecoChina2/rf_soil/soil_mf_zone48.Rdata,soil_mf,0.056510948298568,7,0.0801747659566648,TRUE,FALSE,TRUE,Coarse fragments,
soil,T_TEB,48,mf_var,Plain MF RF,0.0438309653555281,4.14756838437938,0.0758032001336629,3.53990679137295,45.2657403202437,H:/Jing/ecoChina2/rf_soil/soil_mf_zone48.Rdata,soil_mf,0.0438309653555281,8,0.0621850720052984,TRUE,FALSE,TRUE,Nutrient retention and base status,
soil,T_BS,48,mf_var,Plain MF RF,0.0380701512201557,3.44086496924888,0.063085479988989,3.01303223364885,37.9222990249392,H:/Jing/ecoChina2/rf_soil/soil_mf_zone48.Rdata,soil_mf,0.0380701512201557,9,0.0540119314205202,TRUE,FALSE,TRUE,Nutrient retention and base status,
soil,T_BS,49,mf_var,Plain MF RF,0.0913957535303109,4.46754465913461,0.162036962293057,4.13743235883461,332.303199464449,H:/Jing/ecoChina2/rf_soil/soil_mf_zone49.Rdata,soil_mf,0.0913957535303109,1,0.192667234155934,TRUE,TRUE,TRUE,Nutrient retention and base status,
soil,T_PH_H2O,49,mf_var,Plain MF RF,0.0859404475934682,4.80870019922989,0.184265408631683,4.67686785260276,199.37054917047,H:/Jing/ecoChina2/rf_soil/soil_mf_zone49.Rdata,soil_mf,0.0859404475934682,2,0.181167151649614,TRUE,TRUE,TRUE,Soil reaction,
soil,T_CEC_CLAY,49,mf_var,Plain MF RF,0.0812004008304148,4.12816473903567,0.144830656350928,3.93223733414064,170.240247193991,H:/Jing/ecoChina2/rf_soil/soil_mf_zone49.Rdata,soil_mf,0.0812004008304148,3,0.171174874499621,TRUE,TRUE,TRUE,Nutrient retention and base status,
soil,T_TEB,49,mf_var,Plain MF RF,0.071268193038904,3.83971863060329,0.130518188430591,3.58569784091331,250.242307834088,H:/Jing/ecoChina2/rf_soil/soil_mf_zone49.Rdata,soil_mf,0.071268193038904,4,0.150237238664956,TRUE,TRUE,TRUE,Nutrient retention and base status,
soil,T_SILT,49,mf_var,Plain MF RF,0.0442552704355491,4.19424321546394,0.0892027835390054,4.39144966893812,136.113801263868,H:/Jing/ecoChina2/rf_soil/soil_mf_zone49.Rdata,soil_mf,0.0442552704355491,5,0.0932925242397872,TRUE,TRUE,TRUE,Texture,
soil,T_REF_BULK_DENSITY,49,mf_var,Plain MF RF,0.0304579979214661,3.46644406414876,0.056431056614398,3.09932336004265,79.2757583229226,H:/Jing/ecoChina2/rf_soil/soil_mf_zone49.Rdata,soil_mf,0.0304579979214661,6,0.064207121127459,TRUE,FALSE,TRUE,Bulk density,
soil,T_CLAY,49,mf_var,Plain MF RF,0.0283215486028618,3.39652263861013,0.0471257339381232,3.09217983192362,52.6696299659871,H:/Jing/ecoChina2/rf_soil/soil_mf_zone49.Rdata,soil_mf,0.0283215486028618,7,0.0597033694187618,TRUE,FALSE,TRUE,Texture,
soil,T_SAND,49,mf_var,Plain MF RF,0.0240151773542389,3.53724405482379,0.0504128248021241,3.35192917430649,66.3297761444949,H:/Jing/ecoChina2/rf_soil/soil_mf_zone49.Rdata,soil_mf,0.0240151773542389,8,0.0506253039105471,TRUE,FALSE,TRUE,Texture,
soil,T_ESP,49,mf_var,Plain MF RF,0.0175162366262368,4.05266990850727,0.0443934832197101,4.24106899329431,56.1184513254699,H:/Jing/ecoChina2/rf_soil/soil_mf_zone49.Rdata,soil_mf,0.0175162366262368,9,0.03692518233332,TRUE,FALSE,TRUE,Sodicity,
soil,T_REF_BULK_DENSITY,50,mf_var,Plain MF RF,0.0960764378092972,4.69536181252229,0.139985149769372,4.0696929377738,162.082756984241,H:/Jing/ecoChina2/rf_soil/soil_mf_zone50.Rdata,soil_mf,0.0960764378092972,1,0.14589964050698,TRUE,TRUE,TRUE,Bulk density,
soil,T_CEC_CLAY,50,mf_var,Plain MF RF,0.0891444547391752,5.64300071158692,0.155091565069927,4.96642141421892,112.758172573933,H:/Jing/ecoChina2/rf_soil/soil_mf_zone50.Rdata,soil_mf,0.0891444547391752,2,0.135372878056245,TRUE,TRUE,TRUE,Nutrient retention and base status,
soil,T_CEC_SOIL,50,mf_var,Plain MF RF,0.0882526418557117,5.45357449994348,0.17018997913735,5.25265425650544,137.061961321228,H:/Jing/ecoChina2/rf_soil/soil_mf_zone50.Rdata,soil_mf,0.0882526418557117,3,0.134018589928337,TRUE,TRUE,TRUE,Nutrient retention and base status,
soil,T_CLAY,50,mf_var,Plain MF RF,0.0874025231186201,4.3301184926116,0.136260713832822,3.80460032351094,127.76065340812,H:/Jing/ecoChina2/rf_soil/soil_mf_zone50.Rdata,soil_mf,0.0874025231186201,4,0.132727617646704,TRUE,TRUE,TRUE,Texture,
soil,T_TEB,50,mf_var,Plain MF RF,0.0802838346001906,6.16372698243021,0.182782393569424,6.42691383523366,166.511484707414,H:/Jing/ecoChina2/rf_soil/soil_mf_zone50.Rdata,soil_mf,0.0802838346001906,5,0.12191732826252,TRUE,TRUE,TRUE,Nutrient retention and base status,
soil,T_SAND,50,mf_var,Plain MF RF,0.0649511986233813,4.07990350356786,0.121167402885945,3.77390184210929,131.68027535802,H:/Jing/ecoChina2/rf_soil/soil_mf_zone50.Rdata,soil_mf,0.0649511986233813,6,0.0986335125003124,TRUE,FALSE,TRUE,Texture,
soil,T_SILT,50,mf_var,Plain MF RF,0.0584566165100597,5.19915919166004,0.106225821171542,4.43789949744679,98.7158711883736,H:/Jing/ecoChina2/rf_soil/soil_mf_zone50.Rdata,soil_mf,0.0584566165100597,7,0.088770977864531,TRUE,FALSE,TRUE,Texture,
soil,T_OC,50,mf_var,Plain MF RF,0.0540773577263898,4.25660998774329,0.105904429146057,4.0008308615407,89.3590063729307,H:/Jing/ecoChina2/rf_soil/soil_mf_zone50.Rdata,soil_mf,0.0540773577263898,8,0.0821207283674307,TRUE,FALSE,TRUE,Organic carbon,
soil,T_GRAVEL,50,mf_var,Plain MF RF,0.039865384223529,3.93294279513729,0.0852848949445646,3.77655784891133,58.0974433603099,H:/Jing/ecoChina2/rf_soil/soil_mf_zone50.Rdata,soil_mf,0.039865384223529,9,0.0605387268669393,TRUE,FALSE,TRUE,Coarse fragments,
soil,T_CEC_CLAY,52,mf_var,Plain MF RF,0.175624251781942,5.45119055005532,0.243448816359177,4.95254873315826,755.664814666857,H:/Jing/ecoChina2/rf_soil/soil_mf_zone52.Rdata,soil_mf,0.175624251781942,1,0.307588865976903,TRUE,TRUE,TRUE,Nutrient retention and base status,
soil,T_SILT,52,mf_var,Plain MF RF,0.0841520969630546,4.55021419335093,0.182061692782665,4.23009791426773,117.669827550821,H:/Jing/ecoChina2/rf_soil/soil_mf_zone52.Rdata,soil_mf,0.0841520969630546,2,0.147384246832736,TRUE,TRUE,TRUE,Texture,
soil,T_BS,52,mf_var,Plain MF RF,0.0712271833669143,3.4455406312944,0.0893923397836576,2.88266404022636,522.396487000482,H:/Jing/ecoChina2/rf_soil/soil_mf_zone52.Rdata,soil_mf,0.0712271833669143,3,0.124747512580212,TRUE,TRUE,TRUE,Nutrient retention and base status,
soil,T_PH_H2O,52,mf_var,Plain MF RF,0.0653171544918992,3.06137171441654,0.0566207084884435,2.1942395942201,280.28564891887,H:/Jing/ecoChina2/rf_soil/soil_mf_zone52.Rdata,soil_mf,0.0653171544918992,4,0.114396669452841,TRUE,TRUE,TRUE,Soil reaction,
soil,T_CLAY,52,mf_var,Plain MF RF,0.060534319339323,4.13579442928693,0.0684165392088658,2.79426365370922,141.494395242756,H:/Jing/ecoChina2/rf_soil/soil_mf_zone52.Rdata,soil_mf,0.060534319339323,5,0.106019996949992,TRUE,TRUE,TRUE,Texture,
soil,T_TEB,52,mf_var,Plain MF RF,0.0518961522127521,2.93818134854762,0.0673531682075431,2.41701714098033,371.975522614398,H:/Jing/ecoChina2/rf_soil/soil_mf_zone52.Rdata,soil_mf,0.0518961522127521,6,0.0908910839233335,TRUE,FALSE,TRUE,Nutrient retention and base status,
soil,T_REF_BULK_DENSITY,52,mf_var,Plain MF RF,0.0323852121730997,3.26105918689778,0.0424121286588964,2.85040289572345,44.8138918740231,H:/Jing/ecoChina2/rf_soil/soil_mf_zone52.Rdata,soil_mf,0.0323852121730997,7,0.0567195622795494,TRUE,FALSE,TRUE,Bulk density,
soil,T_CEC_SOIL,52,mf_var,Plain MF RF,0.0152006009721612,2.52236782503076,0.0215230285110361,2.00097066631542,24.7385720239889,H:/Jing/ecoChina2/rf_soil/soil_mf_zone52.Rdata,soil_mf,0.0152006009721612,8,0.0266223802678441,TRUE,FALSE,TRUE,Nutrient retention and base status,
soil,T_SAND,52,mf_var,Plain MF RF,0.0146337991269676,3.33465836326714,0.0245622893847899,2.55778171206802,33.5236791439084,H:/Jing/ecoChina2/rf_soil/soil_mf_zone52.Rdata,soil_mf,0.0146337991269676,9,0.0256296817365891,TRUE,FALSE,TRUE,Texture,
soil,T_CEC_CLAY,53,mf_var,Plain MF RF,0.1654562781274,6.67033268208151,0.250231381574112,5.92354812311546,772.71878944618,H:/Jing/ecoChina2/rf_soil/soil_mf_zone53.Rdata,soil_mf,0.1654562781274,1,0.212948604369045,TRUE,TRUE,TRUE,Nutrient retention and base status,
soil,T_TEB,53,mf_var,Plain MF RF,0.119915278926747,5.90624784722277,0.209412453101605,4.96122572107306,407.791034212002,H:/Jing/ecoChina2/rf_soil/soil_mf_zone53.Rdata,soil_mf,0.119915278926747,2,0.154335583871366,TRUE,TRUE,TRUE,Nutrient retention and base status,
soil,T_CEC_SOIL,53,mf_var,Plain MF RF,0.104514921641991,4.87015801382934,0.198519882380053,4.63043645154854,523.679994704307,H:/Jing/ecoChina2/rf_soil/soil_mf_zone53.Rdata,soil_mf,0.104514921641991,3,0.134514730727019,TRUE,TRUE,TRUE,Nutrient retention and base status,
soil,T_SILT,53,mf_var,Plain MF RF,0.0847465075403494,4.8439572378814,0.160875801436967,4.26351952026831,310.614853033686,H:/Jing/ecoChina2/rf_soil/soil_mf_zone53.Rdata,soil_mf,0.0847465075403494,4,0.10907202017425,TRUE,TRUE,TRUE,Texture,
soil,T_BS,53,mf_var,Plain MF RF,0.0802373396001429,4.21076461446093,0.112868602602277,3.46346076936622,220.038493271452,H:/Jing/ecoChina2/rf_soil/soil_mf_zone53.Rdata,soil_mf,0.0802373396001429,5,0.103268547313624,TRUE,TRUE,TRUE,Nutrient retention and base status,
soil,T_CLAY,53,mf_var,Plain MF RF,0.0635636027594035,5.19169158408844,0.110633947461251,4.46987215203609,236.278533677753,H:/Jing/ecoChina2/rf_soil/soil_mf_zone53.Rdata,soil_mf,0.0635636027594035,6,0.0818088056221164,TRUE,FALSE,TRUE,Texture,
soil,T_PH_H2O,53,mf_var,Plain MF RF,0.0580169937137904,4.26829710116431,0.0889021841506929,3.0416114363455,147.160412621911,H:/Jing/ecoChina2/rf_soil/soil_mf_zone53.Rdata,soil_mf,0.0580169937137904,7,0.074670106090059,TRUE,FALSE,TRUE,Soil reaction,
soil,T_REF_BULK_DENSITY,53,mf_var,Plain MF RF,0.0539557872585133,4.38518234930065,0.082883829151825,4.03761939269516,209.640268109124,H:/Jing/ecoChina2/rf_soil/soil_mf_zone53.Rdata,soil_mf,0.0539557872585133,8,0.0694431769188377,TRUE,FALSE,TRUE,Bulk density,
soil,T_OC,53,mf_var,Plain MF RF,0.0465708086344164,4.44709918620949,0.0786495978473459,3.79893144826294,196.286382754723,H:/Jing/ecoChina2/rf_soil/soil_mf_zone53.Rdata,soil_mf,0.0465708086344164,9,0.0599384249136841,TRUE,FALSE,TRUE,Organic carbon,
soil,T_CEC_CLAY,54,mf_var,Plain MF RF,0.144375597143991,6.1372696752445,0.239842454790554,5.36014774945234,697.044588241445,H:/Jing/ecoChina2/rf_soil/soil_mf_zone54.Rdata,soil_mf,0.144375597143991,1,0.216212365277826,TRUE,TRUE,TRUE,Nutrient retention and base status,
soil,T_GRAVEL,54,mf_var,Plain MF RF,0.109974534479704,7.5348496107252,0.240986853905988,7.38927865913956,401.010934947225,H:/Jing/ecoChina2/rf_soil/soil_mf_zone54.Rdata,soil_mf,0.109974534479704,2,0.164694412979433,TRUE,TRUE,TRUE,Coarse fragments,
soil,T_CEC_SOIL,54,mf_var,Plain MF RF,0.10363068364335,5.29839089572289,0.225607930113417,5.0274686764195,623.681445339805,H:/Jing/ecoChina2/rf_soil/soil_mf_zone54.Rdata,soil_mf,0.10363068364335,3,0.155194060970985,TRUE,TRUE,TRUE,Nutrient retention and base status,
soil,T_REF_BULK_DENSITY,54,mf_var,Plain MF RF,0.0923094398474219,5.39228234708331,0.159834771674534,4.92753253330671,330.864877888946,H:/Jing/ecoChina2/rf_soil/soil_mf_zone54.Rdata,soil_mf,0.0923094398474219,4,0.138239721405115,TRUE,TRUE,TRUE,Bulk density,
soil,T_SAND,54,mf_var,Plain MF RF,0.0726406609458452,3.44950155543033,0.139576564939428,3.1044310877435,348.300002852239,H:/Jing/ecoChina2/rf_soil/soil_mf_zone54.Rdata,soil_mf,0.0726406609458452,5,0.108784375123878,TRUE,TRUE,TRUE,Texture,
soil,T_OC,54,mf_var,Plain MF RF,0.0569380727201626,3.926725373099,0.116291453450973,3.5988426140856,218.502026411767,H:/Jing/ecoChina2/rf_soil/soil_mf_zone54.Rdata,soil_mf,0.0569380727201626,6,0.0852686715810385,TRUE,FALSE,TRUE,Organic carbon,
soil,T_CLAY,54,mf_var,Plain MF RF,0.0488224532308633,4.0262704523973,0.063793741558689,2.92879039245881,165.904647347716,H:/Jing/ecoChina2/rf_soil/soil_mf_zone54.Rdata,soil_mf,0.0488224532308633,7,0.0731149744176168,TRUE,FALSE,TRUE,Texture,
soil,T_PH_H2O,54,mf_var,Plain MF RF,0.0307326665087738,3.44707672615878,0.0361172550943127,2.09220784857413,79.8616877725267,H:/Jing/ecoChina2/rf_soil/soil_mf_zone54.Rdata,soil_mf,0.0307326665087738,8,0.0460242772920243,TRUE,FALSE,TRUE,Soil reaction,
soil,T_CASO4,54,mf_var,Plain MF RF,0.00832492127507299,3.67935808099418,0.0175042217972296,3.6144603625647,45.6549673169994,H:/Jing/ecoChina2/rf_soil/soil_mf_zone54.Rdata,soil_mf,0.00832492127507299,9,0.0124671409520826,TRUE,FALSE,TRUE,Gypsum,
soil,T_BS,55,mf_var,Plain MF RF,0.118342071602583,3.54554079909832,0.162539583570257,3.45323861518392,136.028434243038,H:/Jing/ecoChina2/rf_soil/soil_mf_zone55.Rdata,soil_mf,0.118342071602583,1,0.229530643112695,TRUE,TRUE,TRUE,Nutrient retention and base status,
soil,T_CEC_CLAY,55,mf_var,Plain MF RF,0.0955655702317073,3.4867234384283,0.149693887662175,3.23814567658582,164.09300146688,H:/Jing/ecoChina2/rf_soil/soil_mf_zone55.Rdata,soil_mf,0.0955655702317073,2,0.185354426347869,TRUE,TRUE,TRUE,Nutrient retention and base status,
soil,T_SILT,55,mf_var,Plain MF RF,0.0738433812999526,4.00450623722218,0.142550891800991,3.59640231277653,39.9959813998167,H:/Jing/ecoChina2/rf_soil/soil_mf_zone55.Rdata,soil_mf,0.0738433812999526,3,0.14322310375226,TRUE,TRUE,TRUE,Texture,
soil,T_CLAY,55,mf_var,Plain MF RF,0.0708197379082202,3.92175416776775,0.130430914148598,3.44460696382302,56.2551673186784,H:/Jing/ecoChina2/rf_soil/soil_mf_zone55.Rdata,soil_mf,0.0708197379082202,4,0.137358589105445,TRUE,TRUE,TRUE,Texture,
soil,T_PH_H2O,55,mf_var,Plain MF RF,0.0524871102450874,2.58162927749612,0.0887348114188725,2.30842554252781,87.426129922948,H:/Jing/ecoChina2/rf_soil/soil_mf_zone55.Rdata,soil_mf,0.0524871102450874,5,0.101801498034777,TRUE,TRUE,TRUE,Soil reaction,
soil,T_TEB,55,mf_var,Plain MF RF,0.0451459676338333,2.56484674058641,0.0713957431761924,2.22887016264063,72.8644186745145,H:/Jing/ecoChina2/rf_soil/soil_mf_zone55.Rdata,soil_mf,0.0451459676338333,6,0.087562967629447,TRUE,FALSE,TRUE,Nutrient retention and base status,
soil,T_SAND,55,mf_var,Plain MF RF,0.032173747137923,2.74847624826726,0.0632457390320167,2.51873535603558,23.4713999644911,H:/Jing/ecoChina2/rf_soil/soil_mf_zone55.Rdata,soil_mf,0.032173747137923,7,0.0624026668783742,TRUE,FALSE,TRUE,Texture,
soil,T_GRAVEL,55,mf_var,Plain MF RF,0.0160236305941706,1.91334347888248,0.0249386091847133,1.52982003922225,11.5948647271301,H:/Jing/ecoChina2/rf_soil/soil_mf_zone55.Rdata,soil_mf,0.0160236305941706,8,0.0310786703787933,TRUE,FALSE,TRUE,Coarse fragments,
soil,T_ESP,55,mf_var,Plain MF RF,0.0111816702226744,1.67974139661297,0.0274809806397859,1.71850913364772,5.14245467095695,H:/Jing/ecoChina2/rf_soil/soil_mf_zone55.Rdata,soil_mf,0.0111816702226744,9,0.0216874347603402,TRUE,FALSE,TRUE,Sodicity,
soil,T_CEC_CLAY,1,rf_var,Plain RF,0.0991680124545654,40.8934469711737,0.214373077703478,51.6052616952199,108.869207821301,H:/Jing/ecoChina2/rf_soil/soil_plain_zone1.Rdata,soil_plain,0.0991680124545654,1,0.202698240622194,TRUE,TRUE,TRUE,Nutrient retention and base status,
soil,T_OC,1,rf_var,Plain RF,0.065341422964882,43.1243261521318,0.125227656794243,39.4005964225348,88.0933582284588,H:/Jing/ecoChina2/rf_soil/soil_plain_zone1.Rdata,soil_plain,0.065341422964882,2,0.133557093128193,TRUE,TRUE,TRUE,Organic carbon,
soil,T_PH_H2O,1,rf_var,Plain RF,0.0585827431537993,29.7597665837697,0.144349946842002,30.5116353676826,52.6519372895249,H:/Jing/ecoChina2/rf_soil/soil_plain_zone1.Rdata,soil_plain,0.0585827431537993,3,0.119742431800148,TRUE,TRUE,TRUE,Soil reaction,
soil,T_TEB,1,rf_var,Plain RF,0.0568962580476741,28.9104052959656,0.124510880949179,26.7441330985134,47.0364316703316,H:/Jing/ecoChina2/rf_soil/soil_plain_zone1.Rdata,soil_plain,0.0568962580476741,4,0.116295276256885,TRUE,TRUE,TRUE,Nutrient retention and base status,
soil,T_CEC_SOIL,1,rf_var,Plain RF,0.0502837635937821,25.9182062790154,0.106575080280947,23.0352276173707,46.0017571210126,H:/Jing/ecoChina2/rf_soil/soil_plain_zone1.Rdata,soil_plain,0.0502837635937821,5,0.102779416064144,TRUE,TRUE,TRUE,Nutrient retention and base status,
soil,T_CLAY,1,rf_var,Plain RF,0.0437542196837105,29.7367352683217,0.130272281935624,29.9279646121792,32.5004962377809,H:/Jing/ecoChina2/rf_soil/soil_plain_zone1.Rdata,soil_plain,0.0437542196837105,6,0.0894331057985907,TRUE,FALSE,TRUE,Texture,
soil,T_SILT,1,rf_var,Plain RF,0.0423256018732008,30.3053714022993,0.122242327799753,28.8338556520172,27.4785922506254,H:/Jing/ecoChina2/rf_soil/soil_plain_zone1.Rdata,soil_plain,0.0423256018732008,7,0.0865130279474337,TRUE,FALSE,TRUE,Texture,
soil,T_REF_BULK_DENSITY,1,rf_var,Plain RF,0.0385828930590175,28.2560081873292,0.105685858117347,25.6480367183558,30.7580543859283,H:/Jing/ecoChina2/rf_soil/soil_plain_zone1.Rdata,soil_plain,0.0385828930590175,8,0.0788629755462755,TRUE,FALSE,TRUE,Bulk density,
soil,T_SAND,1,rf_var,Plain RF,0.0343047162098902,26.1617948927606,0.0987682990125545,24.8593367918802,24.994598342686,H:/Jing/ecoChina2/rf_soil/soil_plain_zone1.Rdata,soil_plain,0.0343047162098902,9,0.0701184328361348,TRUE,FALSE,TRUE,Texture,
soil,T_CEC_CLAY,2,rf_var,Plain RF,0.0888574611226528,30.3759463938929,0.13602860694143,26.9606866253603,207.85540261235,H:/Jing/ecoChina2/rf_soil/soil_plain_zone2.Rdata,soil_plain,0.0888574611226528,1,0.159762014775503,TRUE,TRUE,TRUE,Nutrient retention and base status,
soil,T_GRAVEL,2,rf_var,Plain RF,0.0732525018963359,23.138424155712,0.142438379039149,22.0916453801471,297.615065991508,H:/Jing/ecoChina2/rf_soil/soil_plain_zone2.Rdata,soil_plain,0.0732525018963359,2,0.131704947929482,TRUE,TRUE,TRUE,Coarse fragments,
soil,T_PH_H2O,2,rf_var,Plain RF,0.07319951216761,25.7843996145052,0.11014311253062,22.4435996479436,174.58572294801,H:/Jing/ecoChina2/rf_soil/soil_plain_zone2.Rdata,soil_plain,0.07319951216761,3,0.131609674603903,TRUE,TRUE,TRUE,Soil reaction,
soil,T_TEB,2,rf_var,Plain RF,0.0715058990877006,22.7855268376934,0.113153008873425,20.5052486832417,143.842792548409,H:/Jing/ecoChina2/rf_soil/soil_plain_zone2.Rdata,soil_plain,0.0715058990877006,4,0.128564628813961,TRUE,TRUE,TRUE,Nutrient retention and base status,
soil,T_CEC_SOIL,2,rf_var,Plain RF,0.0569172910878697,27.095092011956,0.100493725259238,23.8571111214274,193.802637260308,H:/Jing/ecoChina2/rf_soil/soil_plain_zone2.Rdata,soil_plain,0.0569172910878697,5,0.102334919148885,TRUE,TRUE,TRUE,Nutrient retention and base status,
soil,T_OC,2,rf_var,Plain RF,0.0557769723810185,21.5840331904336,0.0912701296795799,20.2115141421961,159.168481900608,H:/Jing/ecoChina2/rf_soil/soil_plain_zone2.Rdata,soil_plain,0.0557769723810185,6,0.100284673600666,TRUE,FALSE,TRUE,Organic carbon,
soil,T_BS,2,rf_var,Plain RF,0.0459996984028202,20.3190690356871,0.0822426560774864,17.7801296289103,82.2086692419752,H:/Jing/ecoChina2/rf_soil/soil_plain_zone2.Rdata,soil_plain,0.0459996984028202,7,0.0827055421463817,TRUE,FALSE,TRUE,Nutrient retention and base status,
soil,T_CACO3,2,rf_var,Plain RF,0.0454475316954423,20.9771203220914,0.0665329445512842,17.3456797446887,99.698356845432,H:/Jing/ecoChina2/rf_soil/soil_plain_zone2.Rdata,soil_plain,0.0454475316954423,8,0.0817127694005918,TRUE,FALSE,TRUE,Carbonates,
soil,T_SILT,2,rf_var,Plain RF,0.0452295400948492,25.1025206540816,0.0830066822029667,22.3327325295761,95.0807104508207,H:/Jing/ecoChina2/rf_soil/soil_plain_zone2.Rdata,soil_plain,0.0452295400948492,9,0.0813208295806275,TRUE,FALSE,TRUE,Texture,
soil,T_PH_H2O,3,rf_var,Plain RF,0.10161589932788,31.3173077421738,0.122807182656895,25.0762835848729,186.783151624451,H:/Jing/ecoChina2/rf_soil/soil_plain_zone3.Rdata,soil_plain,0.10161589932788,1,0.188103575872091,TRUE,TRUE,TRUE,Soil reaction,
soil,T_CEC_CLAY,3,rf_var,Plain RF,0.0985925331618981,41.4727815343324,0.15049290338554,39.2789584184769,266.143635995676,H:/Jing/ecoChina2/rf_soil/soil_plain_zone3.Rdata,soil_plain,0.0985925331618981,2,0.182506951812731,TRUE,TRUE,TRUE,Nutrient retention and base status,
soil,T_BS,3,rf_var,Plain RF,0.0748965777869856,28.0852777467574,0.141049524007798,24.7255277047121,222.26271207461,H:/Jing/ecoChina2/rf_soil/soil_plain_zone3.Rdata,soil_plain,0.0748965777869856,3,0.13864281274386,TRUE,TRUE,TRUE,Nutrient retention and base status,
soil,T_CACO3,3,rf_var,Plain RF,0.055284752254479,26.7044921609546,0.116026080059409,24.4114270665041,97.8978694731298,H:/Jing/ecoChina2/rf_soil/soil_plain_zone3.Rdata,soil_plain,0.055284752254479,4,0.102338902268781,TRUE,TRUE,TRUE,Carbonates,
soil,T_TEB,3,rf_var,Plain RF,0.0548081498169843,26.5553974312099,0.105575469563831,25.702948423619,124.892548818559,H:/Jing/ecoChina2/rf_soil/soil_plain_zone3.Rdata,soil_plain,0.0548081498169843,5,0.101456652312277,TRUE,TRUE,TRUE,Nutrient retention and base status,
soil,T_OC,3,rf_var,Plain RF,0.0480491506082724,26.6759682103418,0.0877245014628785,24.8924404652855,116.191400956652,H:/Jing/ecoChina2/rf_soil/soil_plain_zone3.Rdata,soil_plain,0.0480491506082724,6,0.0889449102632005,TRUE,FALSE,TRUE,Organic carbon,
soil,T_SAND,3,rf_var,Plain RF,0.0415936447476933,27.2086829625606,0.0658932803815551,23.3249847931038,76.8287575711306,H:/Jing/ecoChina2/rf_soil/soil_plain_zone3.Rdata,soil_plain,0.0415936447476933,7,0.0769949718729489,TRUE,FALSE,TRUE,Texture,
soil,T_REF_BULK_DENSITY,3,rf_var,Plain RF,0.0337641080329969,28.3493017980551,0.0543047454989142,23.7635200876024,68.7655772188171,H:/Jing/ecoChina2/rf_soil/soil_plain_zone3.Rdata,soil_plain,0.0337641080329969,8,0.0625015327241784,TRUE,FALSE,TRUE,Bulk density,
soil,T_CLAY,3,rf_var,Plain RF,0.0316076648430732,25.7265805493005,0.0477189332205127,20.02342367761,60.7709033228882,H:/Jing/ecoChina2/rf_soil/soil_plain_zone3.Rdata,soil_plain,0.0316076648430732,9,0.0585096901299322,TRUE,FALSE,TRUE,Texture,
soil,T_GRAVEL,4,rf_var,Plain RF,0.0929623076254455,57.6147529477252,0.210441570721598,53.191542886462,439.958016077679,H:/Jing/ecoChina2/rf_soil/soil_plain_zone4.Rdata,soil_plain,0.0929623076254455,1,0.196197615094862,TRUE,TRUE,TRUE,Coarse fragments,
soil,T_OC,4,rf_var,Plain RF,0.0828576950986387,44.0661047982949,0.165111695973095,37.3070061150846,337.414590944194,H:/Jing/ecoChina2/rf_soil/soil_plain_zone4.Rdata,soil_plain,0.0828576950986387,2,0.174871758090485,TRUE,TRUE,TRUE,Organic carbon,
soil,T_CEC_SOIL,4,rf_var,Plain RF,0.0677512368573421,29.2342009103808,0.15504698367827,24.5456465160721,293.204482707122,H:/Jing/ecoChina2/rf_soil/soil_plain_zone4.Rdata,soil_plain,0.0677512368573421,3,0.142989469933287,TRUE,TRUE,TRUE,Nutrient retention and base status,
soil,T_CEC_CLAY,4,rf_var,Plain RF,0.0617190989426696,36.5916689540665,0.126975007094567,34.9589086758516,299.197008124374,H:/Jing/ecoChina2/rf_soil/soil_plain_zone4.Rdata,soil_plain,0.0617190989426696,4,0.130258599723498,TRUE,TRUE,TRUE,Nutrient retention and base status,
soil,T_TEB,4,rf_var,Plain RF,0.0412008456693239,26.1264192807909,0.078075746871595,24.2063987331817,151.634818923555,H:/Jing/ecoChina2/rf_soil/soil_plain_zone4.Rdata,soil_plain,0.0412008456693239,5,0.0869546794468798,TRUE,TRUE,TRUE,Nutrient retention and base status,
soil,T_PH_H2O,4,rf_var,Plain RF,0.0369191730388825,26.4425969254703,0.0644359998236201,22.4006871827103,127.870807181279,H:/Jing/ecoChina2/rf_soil/soil_plain_zone4.Rdata,soil_plain,0.0369191730388825,6,0.0779181787385044,TRUE,FALSE,TRUE,Soil reaction,
soil,T_REF_BULK_DENSITY,4,rf_var,Plain RF,0.0369015891205151,25.6856719702878,0.0901533421981497,22.354848000184,105.036709197621,H:/Jing/ecoChina2/rf_soil/soil_plain_zone4.Rdata,soil_plain,0.0369015891205151,7,0.0778810677530327,TRUE,FALSE,TRUE,Bulk density,
soil,T_BS,4,rf_var,Plain RF,0.0286595605690634,23.3218667079837,0.051508515012053,17.0071385741193,91.293264919542,H:/Jing/ecoChina2/rf_soil/soil_plain_zone4.Rdata,soil_plain,0.0286595605690634,8,0.0604862075495413,TRUE,FALSE,TRUE,Nutrient retention and base status,
soil,T_SAND,4,rf_var,Plain RF,0.0248482567918516,22.8143989903819,0.0596751884221001,18.5660915877257,68.6694698764334,H:/Jing/ecoChina2/rf_soil/soil_plain_zone4.Rdata,soil_plain,0.0248482567918516,9,0.0524424236699087,TRUE,FALSE,TRUE,Texture,
soil,T_CEC_CLAY,5,rf_var,Plain RF,0.096331718340531,43.5930206382186,0.131204271458277,36.5046627429712,236.52952186382,H:/Jing/ecoChina2/rf_soil/soil_plain_zone5.Rdata,soil_plain,0.096331718340531,1,0.214386413103396,TRUE,TRUE,TRUE,Nutrient retention and base status,
soil,T_OC,5,rf_var,Plain RF,0.0798805817660429,43.3372624313421,0.153204447704143,36.8704237386204,194.950490250482,H:/Jing/ecoChina2/rf_soil/soil_plain_zone5.Rdata,soil_plain,0.0798805817660429,2,0.177774378952701,TRUE,TRUE,TRUE,Organic carbon,
soil,T_CEC_SOIL,5,rf_var,Plain RF,0.0594630794747414,23.7116433807983,0.113988312189932,20.0168042490741,118.775292212151,H:/Jing/ecoChina2/rf_soil/soil_plain_zone5.Rdata,soil_plain,0.0594630794747414,3,0.132335190737569,TRUE,TRUE,TRUE,Nutrient retention and base status,
soil,T_REF_BULK_DENSITY,5,rf_var,Plain RF,0.0446972134736247,27.4588044517002,0.0826938854713568,23.7439793149814,79.1104006903436,H:/Jing/ecoChina2/rf_soil/soil_plain_zone5.Rdata,soil_plain,0.0446972134736247,4,0.0994737292908373,TRUE,TRUE,TRUE,Bulk density,
soil,T_PH_H2O,5,rf_var,Plain RF,0.0385504034177689,27.0677938472585,0.0559928870884553,22.2214801983207,89.8264910333239,H:/Jing/ecoChina2/rf_soil/soil_plain_zone5.Rdata,soil_plain,0.0385504034177689,5,0.0857939924128503,TRUE,TRUE,TRUE,Soil reaction,
soil,T_SILT,5,rf_var,Plain RF,0.0373176226661777,29.216035453681,0.0693061950638764,24.9558229725889,76.1438950984239,H:/Jing/ecoChina2/rf_soil/soil_plain_zone5.Rdata,soil_plain,0.0373176226661777,6,0.0830504366242753,TRUE,FALSE,TRUE,Texture,
soil,T_CLAY,5,rf_var,Plain RF,0.0331740315609726,25.7626894910506,0.0577893915272778,20.8387000790954,57.2819877361632,H:/Jing/ecoChina2/rf_soil/soil_plain_zone5.Rdata,soil_plain,0.0331740315609726,7,0.0738288671379736,TRUE,FALSE,TRUE,Texture,
soil,T_TEB,5,rf_var,Plain RF,0.030527578898769,28.648841713012,0.0441291310170391,19.737928833561,61.6710062558565,H:/Jing/ecoChina2/rf_soil/soil_plain_zone5.Rdata,soil_plain,0.030527578898769,8,0.0679391819598047,TRUE,FALSE,TRUE,Nutrient retention and base status,
soil,T_CACO3,5,rf_var,Plain RF,0.0293946334332264,26.2611608785391,0.0437069809481313,20.009001290492,70.872185305774,H:/Jing/ecoChina2/rf_soil/soil_plain_zone5.Rdata,soil_plain,0.0293946334332264,9,0.0654178097805933,TRUE,FALSE,TRUE,Carbonates,
soil,T_GRAVEL,6,rf_var,Plain RF,0.117963623251145,42.6593935140639,0.190435941519409,39.233845595357,341.590427030579,H:/Jing/ecoChina2/rf_soil/soil_plain_zone6.Rdata,soil_plain,0.117963623251145,1,0.207325107354354,TRUE,TRUE,TRUE,Coarse fragments,
soil,T_OC,6,rf_var,Plain RF,0.0748787297787602,30.7228824279361,0.125283078589249,25.9594723003434,165.010266948222,H:/Jing/ecoChina2/rf_soil/soil_plain_zone6.Rdata,soil_plain,0.0748787297787602,2,0.131601931697943,TRUE,TRUE,TRUE,Organic carbon,
soil,T_TEB,6,rf_var,Plain RF,0.0745794600174403,31.4633200679484,0.0908851647982532,24.1569915647654,182.745303871898,H:/Jing/ecoChina2/rf_soil/soil_plain_zone6.Rdata,soil_plain,0.0745794600174403,3,0.131075954844371,TRUE,TRUE,TRUE,Nutrient retention and base status,
soil,T_BS,6,rf_var,Plain RF,0.0625203645360749,24.9603488801927,0.107092829629125,22.3462139158972,103.722774075068,H:/Jing/ecoChina2/rf_soil/soil_plain_zone6.Rdata,soil_plain,0.0625203645360749,4,0.109881681589915,TRUE,TRUE,TRUE,Nutrient retention and base status,
soil,T_CEC_CLAY,6,rf_var,Plain RF,0.0570469381294293,31.7604325920303,0.089241850212159,26.6829948792959,122.102729761269,H:/Jing/ecoChina2/rf_soil/soil_plain_zone6.Rdata,soil_plain,0.0570469381294293,5,0.100261947250813,TRUE,TRUE,TRUE,Nutrient retention and base status,
soil,T_CEC_SOIL,6,rf_var,Plain RF,0.0512563503540264,24.6120214699034,0.0889834023412979,20.6453207640253,103.171329979963,H:/Jing/ecoChina2/rf_soil/soil_plain_zone6.Rdata,soil_plain,0.0512563503540264,6,0.090084790945396,TRUE,FALSE,TRUE,Nutrient retention and base status,
soil,T_PH_H2O,6,rf_var,Plain RF,0.0490579207134399,24.625471879008,0.070054588118523,21.0638031658218,103.014434089539,H:/Jing/ecoChina2/rf_soil/soil_plain_zone6.Rdata,soil_plain,0.0490579207134399,7,0.0862209755700815,TRUE,FALSE,TRUE,Soil reaction,
soil,T_SILT,6,rf_var,Plain RF,0.0433198762888686,29.4654345012953,0.0702942314898911,24.6487894017357,86.4616465649148,H:/Jing/ecoChina2/rf_soil/soil_plain_zone6.Rdata,soil_plain,0.0433198762888686,8,0.0761361660030209,TRUE,FALSE,TRUE,Texture,
soil,T_SAND,6,rf_var,Plain RF,0.0383556934906954,23.4651824098144,0.0579376575546799,17.4121111063504,67.1058080875125,H:/Jing/ecoChina2/rf_soil/soil_plain_zone6.Rdata,soil_plain,0.0383556934906954,9,0.0674114447441058,TRUE,FALSE,TRUE,Texture,
soil,T_CEC_CLAY,7,rf_var,Plain RF,0.0931943906688157,45.6455664446741,0.170880764017349,41.5852727853987,216.256893486037,H:/Jing/ecoChina2/rf_soil/soil_plain_zone7.Rdata,soil_plain,0.0931943906688157,1,0.178178039390314,TRUE,TRUE,TRUE,Nutrient retention and base status,
soil,T_PH_H2O,7,rf_var,Plain RF,0.0800373939729554,41.2350379440503,0.159507373126038,38.576903767244,194.001848557384,H:/Jing/ecoChina2/rf_soil/soil_plain_zone7.Rdata,soil_plain,0.0800373939729554,2,0.153023222038011,TRUE,TRUE,TRUE,Soil reaction,
soil,T_OC,7,rf_var,Plain RF,0.0709879889635617,38.2877958955072,0.156386452735022,37.0648834250856,120.51990898456,H:/Jing/ecoChina2/rf_soil/soil_plain_zone7.Rdata,soil_plain,0.0709879889635617,3,0.135721695297494,TRUE,TRUE,TRUE,Organic carbon,
soil,T_BS,7,rf_var,Plain RF,0.0550562077780765,29.0595237411097,0.100971914079017,26.0039851691896,107.256988095373,H:/Jing/ecoChina2/rf_soil/soil_plain_zone7.Rdata,soil_plain,0.0550562077780765,4,0.105261776891964,TRUE,TRUE,TRUE,Nutrient retention and base status,
soil,T_REF_BULK_DENSITY,7,rf_var,Plain RF,0.0534986369162269,33.6644131846841,0.0955598359647942,29.8065799685977,77.4087781014324,H:/Jing/ecoChina2/rf_soil/soil_plain_zone7.Rdata,soil_plain,0.0534986369162269,5,0.102283862444709,TRUE,TRUE,TRUE,Bulk density,
soil,T_SAND,7,rf_var,Plain RF,0.0461628614711295,31.3994336626005,0.0921515097831309,28.0261876791647,80.4827049412007,H:/Jing/ecoChina2/rf_soil/soil_plain_zone7.Rdata,soil_plain,0.0461628614711295,6,0.088258618255281,TRUE,FALSE,TRUE,Texture,
soil,T_TEB,7,rf_var,Plain RF,0.0446554406643056,29.0093697797334,0.0871856592661785,25.4505954587268,67.1338986403252,H:/Jing/ecoChina2/rf_soil/soil_plain_zone7.Rdata,soil_plain,0.0446554406643056,7,0.0853765855281125,TRUE,FALSE,TRUE,Nutrient retention and base status,
soil,T_CEC_SOIL,7,rf_var,Plain RF,0.0402329071952387,26.8480761436841,0.079902135966866,22.0971281900763,57.6935811845,H:/Jing/ecoChina2/rf_soil/soil_plain_zone7.Rdata,soil_plain,0.0402329071952387,8,0.0769211587905024,TRUE,FALSE,TRUE,Nutrient retention and base status,
soil,T_CLAY,7,rf_var,Plain RF,0.0392150083094408,33.8343343197759,0.0681209213837145,28.2423459563291,59.7308249494815,H:/Jing/ecoChina2/rf_soil/soil_plain_zone7.Rdata,soil_plain,0.0392150083094408,9,0.0749750413636116,TRUE,FALSE,TRUE,Texture,
soil,T_CEC_CLAY,9,rf_var,Plain RF,0.106009902587336,37.7813693949914,0.196967736808116,40.1052106560677,493.414343952148,H:/Jing/ecoChina2/rf_soil/soil_plain_zone9.Rdata,soil_plain,0.106009902587336,1,0.211239845475483,TRUE,TRUE,TRUE,Nutrient retention and base status,
soil,T_CACO3,9,rf_var,Plain RF,0.0710788742573361,23.4934479624743,0.120765267096385,23.3570344429438,382.537364091458,H:/Jing/ecoChina2/rf_soil/soil_plain_zone9.Rdata,soil_plain,0.0710788742573361,2,0.14163479116794,TRUE,TRUE,TRUE,Carbonates,
soil,T_PH_H2O,9,rf_var,Plain RF,0.0674308372148971,24.5603747679029,0.119098547640819,21.6785312284955,318.967490682206,H:/Jing/ecoChina2/rf_soil/soil_plain_zone9.Rdata,soil_plain,0.0674308372148971,3,0.134365557234829,TRUE,TRUE,TRUE,Soil reaction,
soil,T_GRAVEL,9,rf_var,Plain RF,0.0560316367866147,24.0429270421773,0.132520073344659,24.7664825399342,431.084852344918,H:/Jing/ecoChina2/rf_soil/soil_plain_zone9.Rdata,soil_plain,0.0560316367866147,4,0.111651025118071,TRUE,TRUE,TRUE,Coarse fragments,
soil,T_TEB,9,rf_var,Plain RF,0.0544685072571597,23.7272163934136,0.115740492491972,23.1666174192746,202.297135416794,H:/Jing/ecoChina2/rf_soil/soil_plain_zone9.Rdata,soil_plain,0.0544685072571597,5,0.108536266664367,TRUE,TRUE,TRUE,Nutrient retention and base status,
soil,T_SILT,9,rf_var,Plain RF,0.0452992408799756,25.7466144142156,0.114425215050256,24.4373756146712,125.455454497971,H:/Jing/ecoChina2/rf_soil/soil_plain_zone9.Rdata,soil_plain,0.0452992408799756,6,0.0902651960816525,TRUE,FALSE,TRUE,Texture,
soil,T_BS,9,rf_var,Plain RF,0.0415432682000375,20.0507866266921,0.0958386147901402,18.5269924111581,189.263127050639,H:/Jing/ecoChina2/rf_soil/soil_plain_zone9.Rdata,soil_plain,0.0415432682000375,7,0.0827808850016889,TRUE,FALSE,TRUE,Nutrient retention and base status,
soil,T_CEC_SOIL,9,rf_var,Plain RF,0.0306079314519607,21.8215314402661,0.0694349137838556,20.6846410755032,150.965911284444,H:/Jing/ecoChina2/rf_soil/soil_plain_zone9.Rdata,soil_plain,0.0306079314519607,8,0.0609906674040162,TRUE,FALSE,TRUE,Nutrient retention and base status,
soil,T_REF_BULK_DENSITY,9,rf_var,Plain RF,0.0293759485662979,22.2395862852906,0.0736403399479887,20.7729298794785,58.7283008385696,H:/Jing/ecoChina2/rf_soil/soil_plain_zone9.Rdata,soil_plain,0.0293759485662979,9,0.0585357658519518,TRUE,FALSE,TRUE,Bulk density,
soil,T_BS,10,rf_var,Plain RF,0.0843605817956022,22.1225094312336,0.135563558301961,20.2269050241958,192.198917512721,H:/Jing/ecoChina2/rf_soil/soil_plain_zone10.Rdata,soil_plain,0.0843605817956022,1,0.148102229168965,TRUE,TRUE,TRUE,Nutrient retention and base status,
soil,T_REF_BULK_DENSITY,10,rf_var,Plain RF,0.0840319766330154,24.2603783777177,0.130239110535339,20.9885995700792,207.793800036595,H:/Jing/ecoChina2/rf_soil/soil_plain_zone10.Rdata,soil_plain,0.0840319766330154,2,0.147525334651885,TRUE,TRUE,TRUE,Bulk density,
soil,T_CEC_SOIL,10,rf_var,Plain RF,0.0757086450744206,29.74882903239,0.116484349295664,24.9961217794922,207.74522470937,H:/Jing/ecoChina2/rf_soil/soil_plain_zone10.Rdata,soil_plain,0.0757086450744206,3,0.132913012976259,TRUE,TRUE,TRUE,Nutrient retention and base status,
soil,T_TEB,10,rf_var,Plain RF,0.075512576104838,24.6546147654384,0.130806938299948,23.047699088671,155.393989165324,H:/Jing/ecoChina2/rf_soil/soil_plain_zone10.Rdata,soil_plain,0.075512576104838,4,0.132568797101404,TRUE,TRUE,TRUE,Nutrient retention and base status,
soil,T_CLAY,10,rf_var,Plain RF,0.0563377538239071,25.0392158669766,0.0881605185129882,20.1539925868325,135.874748785745,H:/Jing/ecoChina2/rf_soil/soil_plain_zone10.Rdata,soil_plain,0.0563377538239071,5,0.0989057537311576,TRUE,TRUE,TRUE,Texture,
soil,T_PH_H2O,10,rf_var,Plain RF,0.0539297460235668,22.3117684792626,0.0854253138578621,16.8201763650862,97.1610665353828,H:/Jing/ecoChina2/rf_soil/soil_plain_zone10.Rdata,soil_plain,0.0539297460235668,6,0.0946782897249144,TRUE,FALSE,TRUE,Soil reaction,
soil,T_OC,10,rf_var,Plain RF,0.0526769567351735,18.8970205090362,0.0894725808774351,16.4329143194294,104.413584296233,H:/Jing/ecoChina2/rf_soil/soil_plain_zone10.Rdata,soil_plain,0.0526769567351735,7,0.0924789107929435,TRUE,FALSE,TRUE,Organic carbon,
soil,T_CEC_CLAY,10,rf_var,Plain RF,0.0439633052890285,22.9156256666854,0.0708628820957391,18.8042354142664,78.2192877868256,H:/Jing/ecoChina2/rf_soil/soil_plain_zone10.Rdata,soil_plain,0.0439633052890285,8,0.0771813491129845,TRUE,FALSE,TRUE,Nutrient retention and base status,
soil,T_SILT,10,rf_var,Plain RF,0.0430889381801303,19.198811423466,0.0818546482878302,16.5968981222108,82.2813433482529,H:/Jing/ecoChina2/rf_soil/soil_plain_zone10.Rdata,soil_plain,0.0430889381801303,9,0.0756463227394869,TRUE,FALSE,TRUE,Texture,
soil,T_CEC_CLAY,11,rf_var,Plain RF,0.151621436429779,46.7033886490429,0.264587191878015,44.273335004872,348.02556373251,H:/Jing/ecoChina2/rf_soil/soil_plain_zone11.Rdata,soil_plain,0.151621436429779,1,0.223466749458608,TRUE,TRUE,TRUE,Nutrient retention and base status,
soil,T_CEC_SOIL,11,rf_var,Plain RF,0.0921624575954753,26.6444512309723,0.170337727494487,24.8450868973123,258.126763356814,H:/Jing/ecoChina2/rf_soil/soil_plain_zone11.Rdata,soil_plain,0.0921624575954753,2,0.135833331393849,TRUE,TRUE,TRUE,Nutrient retention and base status,
soil,T_OC,11,rf_var,Plain RF,0.0843044522326718,32.4099635300769,0.149726000553428,28.4419793138761,142.571448441451,H:/Jing/ecoChina2/rf_soil/soil_plain_zone11.Rdata,soil_plain,0.0843044522326718,3,0.124251836342737,TRUE,TRUE,TRUE,Organic carbon,
soil,T_SAND,11,rf_var,Plain RF,0.0741371355808183,28.5198595107093,0.134635459249318,25.9647613039914,84.1084134977009,H:/Jing/ecoChina2/rf_soil/soil_plain_zone11.Rdata,soil_plain,0.0741371355808183,4,0.109266770534062,TRUE,TRUE,TRUE,Texture,
soil,T_SILT,11,rf_var,Plain RF,0.0697784691211158,28.7568816208474,0.124573407162255,26.1398550864337,112.224608810662,H:/Jing/ecoChina2/rf_soil/soil_plain_zone11.Rdata,soil_plain,0.0697784691211158,5,0.102842764478856,TRUE,TRUE,TRUE,Texture,
soil,T_REF_BULK_DENSITY,11,rf_var,Plain RF,0.0644567325709976,23.5074707330322,0.121090444511182,21.5658803829051,79.6818063475534,H:/Jing/ecoChina2/rf_soil/soil_plain_zone11.Rdata,soil_plain,0.0644567325709976,6,0.094999340776161,TRUE,FALSE,TRUE,Bulk density,
soil,T_TEB,11,rf_var,Plain RF,0.0634771186969737,26.1674995919787,0.106326137208393,23.6460958834954,95.7770163856314,H:/Jing/ecoChina2/rf_soil/soil_plain_zone11.Rdata,soil_plain,0.0634771186969737,7,0.0935555401282621,TRUE,FALSE,TRUE,Nutrient retention and base status,
soil,T_PH_H2O,11,rf_var,Plain RF,0.0554964593533851,31.7147545700452,0.0676470267138313,26.2104262966428,153.918559242069,H:/Jing/ecoChina2/rf_soil/soil_plain_zone11.Rdata,soil_plain,0.0554964593533851,8,0.0817932719157843,TRUE,FALSE,TRUE,Soil reaction,
soil,T_GRAVEL,11,rf_var,Plain RF,0.0230623684414234,22.102383041296,0.0443539500961881,22.7730606743709,41.8908693589846,H:/Jing/ecoChina2/rf_soil/soil_plain_zone11.Rdata,soil_plain,0.0230623684414234,9,0.0339903949716801,TRUE,FALSE,TRUE,Coarse fragments,
soil,T_CEC_CLAY,12,rf_var,Plain RF,0.114290742443592,36.7253315530251,0.15692834746916,31.9076400440568,277.028625296465,H:/Jing/ecoChina2/rf_soil/soil_plain_zone12.Rdata,soil_plain,0.114290742443592,1,0.18183932701285,TRUE,TRUE,TRUE,Nutrient retention and base status,
soil,T_CEC_SOIL,12,rf_var,Plain RF,0.0887794035491504,27.5517379183472,0.159585007041866,23.7631196982992,166.09353438143,H:/Jing/ecoChina2/rf_soil/soil_plain_zone12.Rdata,soil_plain,0.0887794035491504,2,0.141250171700891,TRUE,TRUE,TRUE,Nutrient retention and base status,
soil,T_PH_H2O,12,rf_var,Plain RF,0.0823774528776314,35.713412769812,0.103340973252317,28.4082929672269,176.130732159199,H:/Jing/ecoChina2/rf_soil/soil_plain_zone12.Rdata,soil_plain,0.0823774528776314,3,0.131064513818294,TRUE,TRUE,TRUE,Soil reaction,
soil,T_OC,12,rf_var,Plain RF,0.0769207325651217,37.6219568787352,0.124641636308937,34.35788638308,130.276026713238,H:/Jing/ecoChina2/rf_soil/soil_plain_zone12.Rdata,soil_plain,0.0769207325651217,4,0.12238274022833,TRUE,TRUE,TRUE,Organic carbon,
soil,T_SILT,12,rf_var,Plain RF,0.0680071742522262,25.370360897208,0.112802874671028,26.5855616252483,128.753095843138,H:/Jing/ecoChina2/rf_soil/soil_plain_zone12.Rdata,soil_plain,0.0680071742522262,5,0.108201054028272,TRUE,TRUE,TRUE,Texture,
soil,T_REF_BULK_DENSITY,12,rf_var,Plain RF,0.0599479402573825,27.0851169797895,0.116966779558936,22.9033320541598,75.0777847613648,H:/Jing/ecoChina2/rf_soil/soil_plain_zone12.Rdata,soil_plain,0.0599479402573825,6,0.0953786184177521,TRUE,FALSE,TRUE,Bulk density,
soil,T_BS,12,rf_var,Plain RF,0.0544268000936917,27.2854209678161,0.0710099387142086,21.4210415485941,126.745881057947,H:/Jing/ecoChina2/rf_soil/soil_plain_zone12.Rdata,soil_plain,0.0544268000936917,7,0.0865943512912641,TRUE,FALSE,TRUE,Nutrient retention and base status,
soil,T_TEB,12,rf_var,Plain RF,0.0484508697177315,30.4676388537265,0.0660508104515277,22.3963365320446,86.5457906567136,H:/Jing/ecoChina2/rf_soil/soil_plain_zone12.Rdata,soil_plain,0.0484508697177315,8,0.0770865019711271,TRUE,FALSE,TRUE,Nutrient retention and base status,
soil,T_CLAY,12,rf_var,Plain RF,0.0353248710093371,24.1010835082278,0.0643706245377215,21.151915485399,63.5232862579913,H:/Jing/ecoChina2/rf_soil/soil_plain_zone12.Rdata,soil_plain,0.0353248710093371,9,0.0562027215312199,TRUE,FALSE,TRUE,Texture,
soil,T_BS,13,rf_var,Plain RF,0.11767821048077,32.9112007808349,0.171772347463127,33.2927401921454,316.799647928122,H:/Jing/ecoChina2/rf_soil/soil_plain_zone13.Rdata,soil_plain,0.11767821048077,1,0.17244780899757,TRUE,TRUE,TRUE,Nutrient retention and base status,
soil,T_CEC_SOIL,13,rf_var,Plain RF,0.0861987140993184,29.3874029467446,0.174304768845103,28.0594889758752,141.035102778344,H:/Jing/ecoChina2/rf_soil/soil_plain_zone13.Rdata,soil_plain,0.0861987140993184,2,0.126317177361093,TRUE,TRUE,TRUE,Nutrient retention and base status,
soil,T_CEC_CLAY,13,rf_var,Plain RF,0.0850976965545705,29.285957170212,0.178307889629524,29.6080530793005,186.425280556605,H:/Jing/ecoChina2/rf_soil/soil_plain_zone13.Rdata,soil_plain,0.0850976965545705,3,0.124703726047685,TRUE,TRUE,TRUE,Nutrient retention and base status,
soil,T_PH_H2O,13,rf_var,Plain RF,0.0845708307430311,26.5764907404327,0.13304211540437,25.1970992057643,152.528403058233,H:/Jing/ecoChina2/rf_soil/soil_plain_zone13.Rdata,soil_plain,0.0845708307430311,4,0.12393164721963,TRUE,TRUE,TRUE,Soil reaction,
soil,T_TEB,13,rf_var,Plain RF,0.0837361791119917,32.1735305554173,0.139737184683629,28.0733138552665,156.281310223641,H:/Jing/ecoChina2/rf_soil/soil_plain_zone13.Rdata,soil_plain,0.0837361791119917,5,0.122708533403903,TRUE,TRUE,TRUE,Nutrient retention and base status,
soil,T_OC,13,rf_var,Plain RF,0.0812092345324318,32.3758412083297,0.150833302693712,31.9402129059627,154.392123418417,H:/Jing/ecoChina2/rf_soil/soil_plain_zone13.Rdata,soil_plain,0.0812092345324318,6,0.119005502448359,TRUE,FALSE,TRUE,Organic carbon,
soil,T_SAND,13,rf_var,Plain RF,0.051673530242014,25.3423252364042,0.0837476274928641,22.5712926841058,132.198388906059,H:/Jing/ecoChina2/rf_soil/soil_plain_zone13.Rdata,soil_plain,0.051673530242014,7,0.0757233394100702,TRUE,FALSE,TRUE,Texture,
soil,T_REF_BULK_DENSITY,13,rf_var,Plain RF,0.0473100528042132,26.1327859773945,0.0787987611235046,21.9845493332609,94.3147922707113,H:/Jing/ecoChina2/rf_soil/soil_plain_zone13.Rdata,soil_plain,0.0473100528042132,8,0.0693290195042449,TRUE,FALSE,TRUE,Bulk density,
soil,T_CLAY,13,rf_var,Plain RF,0.0449245402319623,26.1411007643056,0.0729187439864153,21.5555528470474,87.5634590318424,H:/Jing/ecoChina2/rf_soil/soil_plain_zone13.Rdata,soil_plain,0.0449245402319623,9,0.0658332456074447,TRUE,FALSE,TRUE,Texture,
soil,T_SILT,14,rf_var,Plain RF,0.102219209323973,35.3353763431201,0.199964945658567,40.9924133325443,387.038827187892,H:/Jing/ecoChina2/rf_soil/soil_plain_zone14.Rdata,soil_plain,0.102219209323973,1,0.156385440543548,TRUE,TRUE,TRUE,Texture,
soil,T_OC,14,rf_var,Plain RF,0.0920451592689695,27.913797966181,0.204938249073998,28.2541400876603,453.239762001081,H:/Jing/ecoChina2/rf_soil/soil_plain_zone14.Rdata,soil_plain,0.0920451592689695,2,0.140820134271994,TRUE,TRUE,TRUE,Organic carbon,
soil,T_CEC_SOIL,14,rf_var,Plain RF,0.0840996634375787,29.3595806748998,0.201398532862163,28.8046971517285,239.776634589049,H:/Jing/ecoChina2/rf_soil/soil_plain_zone14.Rdata,soil_plain,0.0840996634375787,3,0.128664299041545,TRUE,TRUE,TRUE,Nutrient retention and base status,
soil,T_CEC_CLAY,14,rf_var,Plain RF,0.0779474184802897,39.857290829614,0.174633302086645,39.9250544943152,362.497545110873,H:/Jing/ecoChina2/rf_soil/soil_plain_zone14.Rdata,soil_plain,0.0779474184802897,4,0.119251963098619,TRUE,TRUE,TRUE,Nutrient retention and base status,
soil,T_SAND,14,rf_var,Plain RF,0.0743449010320482,25.3265206249834,0.14929383536062,23.6027861028482,278.062109536744,H:/Jing/ecoChina2/rf_soil/soil_plain_zone14.Rdata,soil_plain,0.0743449010320482,5,0.113740462061437,TRUE,TRUE,TRUE,Texture,
soil,T_TEB,14,rf_var,Plain RF,0.07207852567738,36.3025209173441,0.1842351582638,38.3137460897419,275.728140057647,H:/Jing/ecoChina2/rf_soil/soil_plain_zone14.Rdata,soil_plain,0.07207852567738,6,0.110273128371215,TRUE,FALSE,TRUE,Nutrient retention and base status,
soil,T_PH_H2O,14,rf_var,Plain RF,0.0551142344663237,27.2019321201268,0.0704525741678652,22.70901997415,112.606116630695,H:/Jing/ecoChina2/rf_soil/soil_plain_zone14.Rdata,soil_plain,0.0551142344663237,7,0.0843194140733301,TRUE,FALSE,TRUE,Soil reaction,
soil,T_ESP,14,rf_var,Plain RF,0.0485487729585759,22.8315958052089,0.0906801039641479,19.1612124443069,122.967241774208,H:/Jing/ecoChina2/rf_soil/soil_plain_zone14.Rdata,soil_plain,0.0485487729585759,8,0.0742748970295062,TRUE,FALSE,TRUE,Sodicity,
soil,T_GRAVEL,14,rf_var,Plain RF,0.0472384703038236,26.0790189235941,0.113404527397837,26.4385301137911,68.3687699781753,H:/Jing/ecoChina2/rf_soil/soil_plain_zone14.Rdata,soil_plain,0.0472384703038236,9,0.0722702615088051,TRUE,FALSE,TRUE,Coarse fragments,
soil,T_ESP,15,rf_var,Plain RF,0.13416767413744,45.0962139074271,0.19863014140887,43.3572159737898,316.710956079407,H:/Jing/ecoChina2/rf_soil/soil_plain_zone15.Rdata,soil_plain,0.13416767413744,1,0.21642662364228,TRUE,TRUE,TRUE,Sodicity,
soil,T_SILT,15,rf_var,Plain RF,0.0854652754756292,35.9696556335459,0.135277150080205,33.7320103470531,153.057679322921,H:/Jing/ecoChina2/rf_soil/soil_plain_zone15.Rdata,soil_plain,0.0854652754756292,2,0.137864512661222,TRUE,TRUE,TRUE,Texture,
soil,T_CEC_CLAY,15,rf_var,Plain RF,0.0834394672321106,37.0251173770736,0.129711317321024,34.9363365013939,251.61017001581,H:/Jing/ecoChina2/rf_soil/soil_plain_zone15.Rdata,soil_plain,0.0834394672321106,3,0.134596670082076,TRUE,TRUE,TRUE,Nutrient retention and base status,
soil,T_OC,15,rf_var,Plain RF,0.0786981941824454,35.523661926553,0.129202673832977,33.6860213758105,159.565916394276,H:/Jing/ecoChina2/rf_soil/soil_plain_zone15.Rdata,soil_plain,0.0786981941824454,4,0.126948496075168,TRUE,TRUE,TRUE,Organic carbon,
soil,T_TEB,15,rf_var,Plain RF,0.0781286765161675,28.4115035094823,0.142501527924949,28.3631738504,221.998530526543,H:/Jing/ecoChina2/rf_soil/soil_plain_zone15.Rdata,soil_plain,0.0781286765161675,5,0.126029803950485,TRUE,TRUE,TRUE,Nutrient retention and base status,
soil,T_GRAVEL,15,rf_var,Plain RF,0.0540030091631413,29.4107974832194,0.112812114358465,29.9711560081699,98.5952726607718,H:/Jing/ecoChina2/rf_soil/soil_plain_zone15.Rdata,soil_plain,0.0540030091631413,6,0.0871125553516645,TRUE,FALSE,TRUE,Coarse fragments,
soil,T_SAND,15,rf_var,Plain RF,0.0415051136095565,31.4744904980245,0.0785638605538891,27.9998972034252,90.7917836242447,H:/Jing/ecoChina2/rf_soil/soil_plain_zone15.Rdata,soil_plain,0.0415051136095565,7,0.066952130311238,TRUE,FALSE,TRUE,Texture,
soil,T_CLAY,15,rf_var,Plain RF,0.0327999620477464,24.4686437097756,0.056781647001095,21.8198213223669,66.3283681164605,H:/Jing/ecoChina2/rf_soil/soil_plain_zone15.Rdata,soil_plain,0.0327999620477464,8,0.052909801762806,TRUE,FALSE,TRUE,Texture,
soil,T_REF_BULK_DENSITY,15,rf_var,Plain RF,0.0317148529124373,23.5591795417205,0.0572217354663852,20.2428374436286,65.9418870530256,H:/Jing/ecoChina2/rf_soil/soil_plain_zone15.Rdata,soil_plain,0.0317148529124373,9,0.05115940616306,TRUE,FALSE,TRUE,Bulk density,
soil,T_OC,16,rf_var,Plain RF,0.135355625215039,32.9249324058637,0.195506000359371,31.0162866322884,426.198985723634,H:/Jing/ecoChina2/rf_soil/soil_plain_zone16.Rdata,soil_plain,0.135355625215039,1,0.249580862042536,TRUE,TRUE,TRUE,Organic carbon,
soil,T_BS,16,rf_var,Plain RF,0.0829200672715686,23.8040786479035,0.122462073542081,21.5214510984407,288.091758806984,H:/Jing/ecoChina2/rf_soil/soil_plain_zone16.Rdata,soil_plain,0.0829200672715686,2,0.152895469526181,TRUE,TRUE,TRUE,Nutrient retention and base status,
soil,T_TEB,16,rf_var,Plain RF,0.076123254247567,24.125832755767,0.101330255865982,19.7910383096088,215.574768521428,H:/Jing/ecoChina2/rf_soil/soil_plain_zone16.Rdata,soil_plain,0.076123254247567,3,0.140362895050777,TRUE,TRUE,TRUE,Nutrient retention and base status,
soil,T_CLAY,16,rf_var,Plain RF,0.0717080465535302,22.3901658825717,0.118585190029581,19.6999556743168,256.541124398919,H:/Jing/ecoChina2/rf_soil/soil_plain_zone16.Rdata,soil_plain,0.0717080465535302,4,0.132221738444808,TRUE,TRUE,TRUE,Texture,
soil,T_REF_BULK_DENSITY,16,rf_var,Plain RF,0.0589940129480101,16.3876592832767,0.0896058235147707,14.1851645037258,117.830402430618,H:/Jing/ecoChina2/rf_soil/soil_plain_zone16.Rdata,soil_plain,0.0589940129480101,5,0.108778461061528,TRUE,TRUE,TRUE,Bulk density,
soil,T_CEC_CLAY,16,rf_var,Plain RF,0.0338681716870721,13.6381089063997,0.0453807900287214,9.68099499083062,53.6818788865699,H:/Jing/ecoChina2/rf_soil/soil_plain_zone16.Rdata,soil_plain,0.0338681716870721,6,0.0624491776535703,TRUE,FALSE,TRUE,Nutrient retention and base status,
soil,T_CEC_SOIL,16,rf_var,Plain RF,0.0298475401662487,19.9863078599234,0.0422877328496625,16.0102133692366,84.1071628752368,H:/Jing/ecoChina2/rf_soil/soil_plain_zone16.Rdata,soil_plain,0.0298475401662487,7,0.0550355760442668,TRUE,FALSE,TRUE,Nutrient retention and base status,
soil,T_PH_H2O,16,rf_var,Plain RF,0.0275303634892255,15.7097976273667,0.0291605534680131,9.82266608670507,27.8403780787184,H:/Jing/ecoChina2/rf_soil/soil_plain_zone16.Rdata,soil_plain,0.0275303634892255,8,0.0507629575133595,TRUE,FALSE,TRUE,Soil reaction,
soil,T_SILT,16,rf_var,Plain RF,0.0259846665666374,15.2710093480076,0.0438110484648359,13.0336753273079,64.9973867904656,H:/Jing/ecoChina2/rf_soil/soil_plain_zone16.Rdata,soil_plain,0.0259846665666374,9,0.0479128626629745,TRUE,FALSE,TRUE,Texture,
soil,T_OC,17,rf_var,Plain RF,0.112828360382676,34.3505737338195,0.246841204160781,32.3119873582396,219.669933742895,H:/Jing/ecoChina2/rf_soil/soil_plain_zone17.Rdata,soil_plain,0.112828360382676,1,0.192275119476962,TRUE,TRUE,TRUE,Organic carbon,
soil,T_BS,17,rf_var,Plain RF,0.109732280345469,27.271013012165,0.214076929194968,25.6441875867003,164.004781041769,H:/Jing/ecoChina2/rf_soil/soil_plain_zone17.Rdata,soil_plain,0.109732280345469,2,0.186998971201429,TRUE,TRUE,TRUE,Nutrient retention and base status,
soil,T_TEB,17,rf_var,Plain RF,0.0710633488079676,23.8980697800625,0.138641569297571,20.4378415412896,128.095417023127,H:/Jing/ecoChina2/rf_soil/soil_plain_zone17.Rdata,soil_plain,0.0710633488079676,3,0.12110176764195,TRUE,TRUE,TRUE,Nutrient retention and base status,
soil,T_REF_BULK_DENSITY,17,rf_var,Plain RF,0.0665817088250348,19.4999025226661,0.140466119232402,18.4541173334847,61.8548676121079,H:/Jing/ecoChina2/rf_soil/soil_plain_zone17.Rdata,soil_plain,0.0665817088250348,4,0.113464433728308,TRUE,TRUE,TRUE,Bulk density,
soil,T_GRAVEL,17,rf_var,Plain RF,0.0581489128433605,17.6129926841788,0.111225596467182,14.9007624558133,66.5397216791837,H:/Jing/ecoChina2/rf_soil/soil_plain_zone17.Rdata,soil_plain,0.0581489128433605,5,0.0990937839253514,TRUE,TRUE,TRUE,Coarse fragments,
soil,T_SAND,17,rf_var,Plain RF,0.0577163895393903,19.5700509144771,0.115810460362997,16.808424262876,48.2194507252635,H:/Jing/ecoChina2/rf_soil/soil_plain_zone17.Rdata,soil_plain,0.0577163895393903,6,0.0983567044387278,TRUE,FALSE,TRUE,Texture,
soil,T_SILT,17,rf_var,Plain RF,0.0577160070431009,25.1017185232714,0.121323300146648,22.4255946368024,57.8641915024241,H:/Jing/ecoChina2/rf_soil/soil_plain_zone17.Rdata,soil_plain,0.0577160070431009,7,0.0983560526121881,TRUE,FALSE,TRUE,Texture,
soil,T_CEC_CLAY,17,rf_var,Plain RF,0.0499384673854667,23.4244017304322,0.0941139376333511,18.4666993547559,82.4956792330719,H:/Jing/ecoChina2/rf_soil/soil_plain_zone17.Rdata,soil_plain,0.0499384673854667,8,0.0851020501447549,TRUE,FALSE,TRUE,Nutrient retention and base status,
soil,T_CASO4,17,rf_var,Plain RF,0.00308139141328078,11.6588692606757,0.00383659588873306,7.7123135362016,3.59945079327065,H:/Jing/ecoChina2/rf_soil/soil_plain_zone17.Rdata,soil_plain,0.00308139141328078,9,0.00525111683032856,TRUE,FALSE,TRUE,Gypsum,
soil,T_OC,18,rf_var,Plain RF,0.116172518985107,42.6116258943542,0.219294753718598,38.0445541007397,236.201058207079,H:/Jing/ecoChina2/rf_soil/soil_plain_zone18.Rdata,soil_plain,0.116172518985107,1,0.218512742820964,TRUE,TRUE,TRUE,Organic carbon,
soil,T_CLAY,18,rf_var,Plain RF,0.0726847404320317,31.1732635853543,0.141010063088692,28.6647931200415,237.6236167646,H:/Jing/ecoChina2/rf_soil/soil_plain_zone18.Rdata,soil_plain,0.0726847404320317,2,0.136715138242541,TRUE,TRUE,TRUE,Texture,
soil,T_BS,18,rf_var,Plain RF,0.0689548944336696,25.5556814125563,0.13038687380789,22.3791541356745,138.240824582134,H:/Jing/ecoChina2/rf_soil/soil_plain_zone18.Rdata,soil_plain,0.0689548944336696,3,0.129699547235976,TRUE,TRUE,TRUE,Nutrient retention and base status,
soil,T_GRAVEL,18,rf_var,Plain RF,0.0560195011982141,25.2471756790451,0.100484913966104,18.9023706448435,63.1578368065112,H:/Jing/ecoChina2/rf_soil/soil_plain_zone18.Rdata,soil_plain,0.0560195011982141,4,0.105368937208406,TRUE,TRUE,TRUE,Coarse fragments,
soil,T_CEC_SOIL,18,rf_var,Plain RF,0.0546413660388644,27.108622997574,0.0947385551763216,23.0027682545798,177.285230073096,H:/Jing/ecoChina2/rf_soil/soil_plain_zone18.Rdata,soil_plain,0.0546413660388644,5,0.102776757093192,TRUE,TRUE,TRUE,Nutrient retention and base status,
soil,T_CEC_CLAY,18,rf_var,Plain RF,0.0502558016425368,23.064114941446,0.085116367688008,18.6899517402652,75.7965967363722,H:/Jing/ecoChina2/rf_soil/soil_plain_zone18.Rdata,soil_plain,0.0502558016425368,6,0.0945278036106357,TRUE,FALSE,TRUE,Nutrient retention and base status,
soil,T_TEB,18,rf_var,Plain RF,0.0500330521701149,20.3295634883326,0.0872575857365398,17.974612223771,91.6025846662594,H:/Jing/ecoChina2/rf_soil/soil_plain_zone18.Rdata,soil_plain,0.0500330521701149,7,0.094108826742388,TRUE,FALSE,TRUE,Nutrient retention and base status,
soil,T_SILT,18,rf_var,Plain RF,0.0327816319255575,21.6171649829294,0.0618494408434343,18.4617952915309,98.3479237743742,H:/Jing/ecoChina2/rf_soil/soil_plain_zone18.Rdata,soil_plain,0.0327816319255575,8,0.0616600584095035,TRUE,FALSE,TRUE,Texture,
soil,T_PH_H2O,18,rf_var,Plain RF,0.0301074966135136,19.2873724474079,0.0517691894496795,15.0594940143052,36.3887431759893,H:/Jing/ecoChina2/rf_soil/soil_plain_zone18.Rdata,soil_plain,0.0301074966135136,9,0.0566301886363946,TRUE,FALSE,TRUE,Soil reaction,
soil,T_OC,19,rf_var,Plain RF,0.146889693867888,32.2152742401683,0.215073056355784,24.547667447401,813.67496370426,H:/Jing/ecoChina2/rf_soil/soil_plain_zone19.Rdata,soil_plain,0.146889693867888,1,0.239166366240964,TRUE,TRUE,TRUE,Organic carbon,
soil,T_SILT,19,rf_var,Plain RF,0.0956410655036576,23.4594347304622,0.187787115867173,20.3098914443151,527.924542240529,H:/Jing/ecoChina2/rf_soil/soil_plain_zone19.Rdata,soil_plain,0.0956410655036576,2,0.155723151826409,TRUE,TRUE,TRUE,Texture,
soil,T_REF_BULK_DENSITY,19,rf_var,Plain RF,0.0759898219768395,22.9347800954483,0.0644284500727494,10.730739134375,365.87362044955,H:/Jing/ecoChina2/rf_soil/soil_plain_zone19.Rdata,soil_plain,0.0759898219768395,3,0.123726921303575,TRUE,TRUE,TRUE,Bulk density,
soil,T_TEB,19,rf_var,Plain RF,0.0662465463200706,26.385979162959,0.141980969035252,25.4014861977152,236.258196412957,H:/Jing/ecoChina2/rf_soil/soil_plain_zone19.Rdata,soil_plain,0.0662465463200706,4,0.107862882290673,TRUE,TRUE,TRUE,Nutrient retention and base status,
soil,T_SAND,19,rf_var,Plain RF,0.0653967736278402,19.4883796726268,0.0648072464015463,10.3362374227945,416.589309511721,H:/Jing/ecoChina2/rf_soil/soil_plain_zone19.Rdata,soil_plain,0.0653967736278402,5,0.106479279114848,TRUE,TRUE,TRUE,Texture,
soil,T_GRAVEL,19,rf_var,Plain RF,0.0506931169188204,20.9118410969438,0.105538400425171,17.9886173812706,146.253358724358,H:/Jing/ecoChina2/rf_soil/soil_plain_zone19.Rdata,soil_plain,0.0506931169188204,6,0.0825387285360332,TRUE,FALSE,TRUE,Coarse fragments,
soil,T_CACO3,19,rf_var,Plain RF,0.0493790132796988,25.9060324552328,0.0971149452878085,23.5464717204743,202.232249618061,H:/Jing/ecoChina2/rf_soil/soil_plain_zone19.Rdata,soil_plain,0.0493790132796988,7,0.0803990999211392,TRUE,FALSE,TRUE,Carbonates,
soil,T_PH_H2O,19,rf_var,Plain RF,0.043649681231129,17.4070148059604,0.0893381275543192,15.0380026863006,93.7385513610525,H:/Jing/ecoChina2/rf_soil/soil_plain_zone19.Rdata,soil_plain,0.043649681231129,8,0.0710705793764865,TRUE,FALSE,TRUE,Soil reaction,
soil,T_ECE,19,rf_var,Plain RF,0.0202879947923376,17.7812453887662,0.0471592407748697,16.3069195958034,152.065500225046,H:/Jing/ecoChina2/rf_soil/soil_plain_zone19.Rdata,soil_plain,0.0202879947923376,9,0.0330329913898727,TRUE,FALSE,TRUE,Salinity,
soil,T_GRAVEL,20,rf_var,Plain RF,0.150116141911888,25.9581830436242,0.191350918032227,24.7840255998848,475.507122576161,H:/Jing/ecoChina2/rf_soil/soil_plain_zone20.Rdata,soil_plain,0.150116141911888,1,0.323002628202667,TRUE,TRUE,TRUE,Coarse fragments,
soil,T_CLAY,20,rf_var,Plain RF,0.0666156545439756,16.0558616853068,0.090311746040971,14.1376333930202,278.916442135487,H:/Jing/ecoChina2/rf_soil/soil_plain_zone20.Rdata,soil_plain,0.0666156545439756,2,0.143335894615348,TRUE,TRUE,TRUE,Texture,
soil,T_OC,20,rf_var,Plain RF,0.0502188672084539,13.8987127499258,0.0699623208982098,12.5229735489076,135.994970418211,H:/Jing/ecoChina2/rf_soil/soil_plain_zone20.Rdata,soil_plain,0.0502188672084539,3,0.10805517572662,TRUE,TRUE,TRUE,Organic carbon,
soil,T_REF_BULK_DENSITY,20,rf_var,Plain RF,0.0490785667697237,13.3415208446232,0.0725467664003177,11.102495728411,185.776934714905,H:/Jing/ecoChina2/rf_soil/soil_plain_zone20.Rdata,soil_plain,0.0490785667697237,4,0.105601608548837,TRUE,TRUE,TRUE,Bulk density,
soil,T_CEC_CLAY,20,rf_var,Plain RF,0.042750798390071,12.5147991769641,0.0627824402990841,10.5507482896445,83.6272575198274,H:/Jing/ecoChina2/rf_soil/soil_plain_zone20.Rdata,soil_plain,0.042750798390071,5,0.0919862451958056,TRUE,TRUE,TRUE,Nutrient retention and base status,
soil,T_BS,20,rf_var,Plain RF,0.0424611101558212,13.9073869260821,0.0593623295513836,10.9254564151352,50.4165342745533,H:/Jing/ecoChina2/rf_soil/soil_plain_zone20.Rdata,soil_plain,0.0424611101558212,6,0.0913629274111198,TRUE,FALSE,TRUE,Nutrient retention and base status,
soil,T_ESP,20,rf_var,Plain RF,0.0394606996750782,12.4556052702068,0.0677654587293247,10.4447468369064,453.762512349439,H:/Jing/ecoChina2/rf_soil/soil_plain_zone20.Rdata,soil_plain,0.0394606996750782,7,0.0849069896377145,TRUE,FALSE,TRUE,Sodicity,
soil,T_CEC_SOIL,20,rf_var,Plain RF,0.0188405687239246,15.5155518263835,0.0207326859618275,12.0281073495684,43.005459449735,H:/Jing/ecoChina2/rf_soil/soil_plain_zone20.Rdata,soil_plain,0.0188405687239246,8,0.040538966277408,TRUE,FALSE,TRUE,Nutrient retention and base status,
soil,T_ECE,20,rf_var,Plain RF,0.00520966831531528,18.5732347580804,0.0056563543474683,18.7503317930333,20.9602550189426,H:/Jing/ecoChina2/rf_soil/soil_plain_zone20.Rdata,soil_plain,0.00520966831531528,9,0.0112095643844797,TRUE,FALSE,TRUE,Salinity,
soil,T_CEC_CLAY,21,rf_var,Plain RF,0.124522417007597,37.3739299332726,0.192520582229965,33.7625317210742,382.991360537954,H:/Jing/ecoChina2/rf_soil/soil_plain_zone21.Rdata,soil_plain,0.124522417007597,1,0.195095313567149,TRUE,TRUE,TRUE,Nutrient retention and base status,
soil,T_CEC_SOIL,21,rf_var,Plain RF,0.0954014567691208,29.2220319839367,0.155068056613475,28.9781997810445,206.505455649842,H:/Jing/ecoChina2/rf_soil/soil_plain_zone21.Rdata,soil_plain,0.0954014567691208,2,0.149470091975479,TRUE,TRUE,TRUE,Nutrient retention and base status,
soil,T_OC,21,rf_var,Plain RF,0.0884054489667128,31.8217665923009,0.137269939492549,28.2823755665399,268.712217669913,H:/Jing/ecoChina2/rf_soil/soil_plain_zone21.Rdata,soil_plain,0.0884054489667128,3,0.138509107048197,TRUE,TRUE,TRUE,Organic carbon,
soil,T_TEB,21,rf_var,Plain RF,0.0701987502682641,22.4984122195343,0.11377224090566,19.0726072019833,143.146912497809,H:/Jing/ecoChina2/rf_soil/soil_plain_zone21.Rdata,soil_plain,0.0701987502682641,4,0.109983788660105,TRUE,TRUE,TRUE,Nutrient retention and base status,
soil,T_CLAY,21,rf_var,Plain RF,0.05920398581059,26.8704543040124,0.0973436960486034,22.2807366184121,119.135379257254,H:/Jing/ecoChina2/rf_soil/soil_plain_zone21.Rdata,soil_plain,0.05920398581059,5,0.0927577576287925,TRUE,TRUE,TRUE,Texture,
soil,T_CACO3,21,rf_var,Plain RF,0.0556110246717863,22.0982901367939,0.0908463792683565,19.4175835372565,115.47205194482,H:/Jing/ecoChina2/rf_soil/soil_plain_zone21.Rdata,soil_plain,0.0556110246717863,6,0.0871284910529057,TRUE,FALSE,TRUE,Carbonates,
soil,T_REF_BULK_DENSITY,21,rf_var,Plain RF,0.0539697038551161,27.6572122240925,0.0750767356895866,26.2763055092123,176.397288622078,H:/Jing/ecoChina2/rf_soil/soil_plain_zone21.Rdata,soil_plain,0.0539697038551161,7,0.0845569540791814,TRUE,FALSE,TRUE,Bulk density,
soil,T_PH_H2O,21,rf_var,Plain RF,0.0456079998160433,22.5506708695352,0.0795720204496959,18.7701624655549,87.2088696442188,H:/Jing/ecoChina2/rf_soil/soil_plain_zone21.Rdata,soil_plain,0.0456079998160433,8,0.0714562665832176,TRUE,FALSE,TRUE,Soil reaction,
soil,T_SILT,21,rf_var,Plain RF,0.0453437345744889,24.3209158609438,0.0712062581567711,20.4706846481417,97.1704451705049,H:/Jing/ecoChina2/rf_soil/soil_plain_zone21.Rdata,soil_plain,0.0453437345744889,9,0.0710422294049737,TRUE,FALSE,TRUE,Texture,
soil,T_GRAVEL,22,rf_var,Plain RF,0.124492891008023,36.950357158467,0.257319492675528,37.2942085059416,633.321097982536,H:/Jing/ecoChina2/rf_soil/soil_plain_zone22.Rdata,soil_plain,0.124492891008023,1,0.253687894059218,TRUE,TRUE,TRUE,Coarse fragments,
soil,T_OC,22,rf_var,Plain RF,0.0793065182398759,29.237631303489,0.189584142018641,27.2893652140488,387.457055511757,H:/Jing/ecoChina2/rf_soil/soil_plain_zone22.Rdata,soil_plain,0.0793065182398759,2,0.161608453579461,TRUE,TRUE,TRUE,Organic carbon,
soil,T_ESP,22,rf_var,Plain RF,0.0662869272642857,17.3812699647113,0.125143053760462,15.3205654920598,265.227915115092,H:/Jing/ecoChina2/rf_soil/soil_plain_zone22.Rdata,soil_plain,0.0662869272642857,3,0.135077520050919,TRUE,TRUE,TRUE,Sodicity,
soil,T_CLAY,22,rf_var,Plain RF,0.0596451720120957,21.3027396902561,0.14986846848989,20.2210219457801,194.043836149824,H:/Jing/ecoChina2/rf_soil/soil_plain_zone22.Rdata,soil_plain,0.0596451720120957,4,0.121543149621075,TRUE,TRUE,TRUE,Texture,
soil,T_SILT,22,rf_var,Plain RF,0.0482314976350464,22.894252722337,0.12026579587794,23.0726063770982,129.045357434606,H:/Jing/ecoChina2/rf_soil/soil_plain_zone22.Rdata,soil_plain,0.0482314976350464,5,0.0982847049601291,TRUE,TRUE,TRUE,Texture,
soil,T_PH_H2O,22,rf_var,Plain RF,0.0420409648808477,19.8436564353071,0.068648046154433,14.9896605101342,116.226309981487,H:/Jing/ecoChina2/rf_soil/soil_plain_zone22.Rdata,soil_plain,0.0420409648808477,6,0.0856698222563764,TRUE,FALSE,TRUE,Soil reaction,
soil,T_TEB,22,rf_var,Plain RF,0.0274226104178253,20.0313337003657,0.064463600494143,18.8080956552073,125.467071354018,H:/Jing/ecoChina2/rf_soil/soil_plain_zone22.Rdata,soil_plain,0.0274226104178253,7,0.055880976256356,TRUE,FALSE,TRUE,Nutrient retention and base status,
soil,T_CEC_CLAY,22,rf_var,Plain RF,0.024235248242247,15.2342922351454,0.0516273506806351,13.5910707832856,97.574311931847,H:/Jing/ecoChina2/rf_soil/soil_plain_zone22.Rdata,soil_plain,0.024235248242247,8,0.04938586483771,TRUE,FALSE,TRUE,Nutrient retention and base status,
soil,T_CEC_SOIL,22,rf_var,Plain RF,0.0190706566475765,15.8339734594834,0.0419261481131199,14.9137578813481,83.9786835870189,H:/Jing/ecoChina2/rf_soil/soil_plain_zone22.Rdata,soil_plain,0.0190706566475765,9,0.0388616143787545,TRUE,FALSE,TRUE,Nutrient retention and base status,
soil,T_OC,23,rf_var,Plain RF,0.163196531611977,44.8628015880616,0.20847165946641,39.8009379255121,605.80110484446,H:/Jing/ecoChina2/rf_soil/soil_plain_zone23.Rdata,soil_plain,0.163196531611977,1,0.256958304962444,TRUE,TRUE,TRUE,Organic carbon,
soil,T_CASO4,23,rf_var,Plain RF,0.0875952932872908,22.8724035963691,0.146490512943303,22.9110342140308,206.491300055518,H:/Jing/ecoChina2/rf_soil/soil_plain_zone23.Rdata,soil_plain,0.0875952932872908,2,0.137921669434172,TRUE,TRUE,TRUE,Gypsum,
soil,T_ESP,23,rf_var,Plain RF,0.0721760916367013,28.9520531360267,0.108803583077819,24.2275728552689,291.675955271536,H:/Jing/ecoChina2/rf_soil/soil_plain_zone23.Rdata,soil_plain,0.0721760916367013,3,0.113643629448432,TRUE,TRUE,TRUE,Sodicity,
soil,T_CEC_CLAY,23,rf_var,Plain RF,0.0687202872849173,32.2725238647491,0.112430516400571,29.9844256694982,133.845316151261,H:/Jing/ecoChina2/rf_soil/soil_plain_zone23.Rdata,soil_plain,0.0687202872849173,4,0.108202351868908,TRUE,TRUE,TRUE,Nutrient retention and base status,
soil,T_CEC_SOIL,23,rf_var,Plain RF,0.0609516530122763,22.3936318708971,0.0938203529132511,20.1165879928099,158.578878180675,H:/Jing/ecoChina2/rf_soil/soil_plain_zone23.Rdata,soil_plain,0.0609516530122763,5,0.0959703817721586,TRUE,TRUE,TRUE,Nutrient retention and base status,
soil,T_CACO3,23,rf_var,Plain RF,0.058012395259277,24.5594258894941,0.0839510200650511,20.113541851201,79.4349889763279,H:/Jing/ecoChina2/rf_soil/soil_plain_zone23.Rdata,soil_plain,0.058012395259277,6,0.0913424237965921,TRUE,FALSE,TRUE,Carbonates,
soil,T_GRAVEL,23,rf_var,Plain RF,0.0489309359347916,24.9864231922839,0.0727598807993898,19.0305153906376,53.6462257844757,H:/Jing/ecoChina2/rf_soil/soil_plain_zone23.Rdata,soil_plain,0.0489309359347916,7,0.0770433674897246,TRUE,FALSE,TRUE,Coarse fragments,
soil,T_PH_H2O,23,rf_var,Plain RF,0.0480096110652656,24.1057212086723,0.0660493249714555,18.2638541243392,90.8953558163546,H:/Jing/ecoChina2/rf_soil/soil_plain_zone23.Rdata,soil_plain,0.0480096110652656,8,0.075592711189283,TRUE,FALSE,TRUE,Soil reaction,
soil,T_CLAY,23,rf_var,Plain RF,0.0275161989833931,22.7859043031396,0.0322908694583825,15.9066599400084,48.7421738952789,H:/Jing/ecoChina2/rf_soil/soil_plain_zone23.Rdata,soil_plain,0.0275161989833931,9,0.0433251600382855,TRUE,FALSE,TRUE,Texture,
soil,T_OC,24,rf_var,Plain RF,0.132906379856767,35.7867447490702,0.204174147719372,36.4551951890853,444.367373357827,H:/Jing/ecoChina2/rf_soil/soil_plain_zone24.Rdata,soil_plain,0.132906379856767,1,0.200214019769558,TRUE,TRUE,TRUE,Organic carbon,
soil,T_CASO4,24,rf_var,Plain RF,0.116670306676011,28.1741525094269,0.197412741805783,27.3513326027748,272.51705380937,H:/Jing/ecoChina2/rf_soil/soil_plain_zone24.Rdata,soil_plain,0.116670306676011,2,0.175755528910842,TRUE,TRUE,TRUE,Gypsum,
soil,T_TEB,24,rf_var,Plain RF,0.0848866742710607,28.508312643514,0.147323526174539,25.2117952605806,194.097233860859,H:/Jing/ecoChina2/rf_soil/soil_plain_zone24.Rdata,soil_plain,0.0848866742710607,3,0.127875744557893,TRUE,TRUE,TRUE,Nutrient retention and base status,
soil,T_PH_H2O,24,rf_var,Plain RF,0.0822408753639803,28.4401604585728,0.0954239591480873,19.3980389855131,147.017079632781,H:/Jing/ecoChina2/rf_soil/soil_plain_zone24.Rdata,soil_plain,0.0822408753639803,4,0.123890036458257,TRUE,TRUE,TRUE,Soil reaction,
soil,T_REF_BULK_DENSITY,24,rf_var,Plain RF,0.0646823731644748,28.6689902990601,0.0948296791419562,21.1127237829059,101.197956439614,H:/Jing/ecoChina2/rf_soil/soil_plain_zone24.Rdata,soil_plain,0.0646823731644748,5,0.0974394002263146,TRUE,TRUE,TRUE,Bulk density,
soil,T_SILT,24,rf_var,Plain RF,0.0580895733461839,27.3133662392014,0.0994420123266317,23.2866239694959,108.535983135547,H:/Jing/ecoChina2/rf_soil/soil_plain_zone24.Rdata,soil_plain,0.0580895733461839,6,0.0875078156434033,TRUE,FALSE,TRUE,Texture,
soil,T_CEC_CLAY,24,rf_var,Plain RF,0.0451347912427628,25.7251228881719,0.0806055416232805,23.0463168594883,95.7267665646024,H:/Jing/ecoChina2/rf_soil/soil_plain_zone24.Rdata,soil_plain,0.0451347912427628,7,0.0679923566943299,TRUE,FALSE,TRUE,Nutrient retention and base status,
soil,T_SAND,24,rf_var,Plain RF,0.0409492354398667,23.7727132597957,0.0600618504843367,18.636710157124,77.8231941472349,H:/Jing/ecoChina2/rf_soil/soil_plain_zone24.Rdata,soil_plain,0.0409492354398667,8,0.0616871142133388,TRUE,FALSE,TRUE,Texture,
soil,T_CLAY,24,rf_var,Plain RF,0.0382613352526967,23.748092108423,0.0537601233078688,17.5235640195968,69.5451958428153,H:/Jing/ecoChina2/rf_soil/soil_plain_zone24.Rdata,soil_plain,0.0382613352526967,9,0.0576379835260639,TRUE,FALSE,TRUE,Texture,
soil,T_PH_H2O,25,rf_var,Plain RF,0.109878903098531,30.9008691425173,0.195751610369949,29.7521133016066,199.410375837417,H:/Jing/ecoChina2/rf_soil/soil_plain_zone25.Rdata,soil_plain,0.109878903098531,1,0.168590445538265,TRUE,TRUE,TRUE,Soil reaction,
soil,T_GRAVEL,25,rf_var,Plain RF,0.0997331473477075,45.0184881000815,0.165670205547408,41.0015198418828,259.470045906355,H:/Jing/ecoChina2/rf_soil/soil_plain_zone25.Rdata,soil_plain,0.0997331473477075,2,0.153023512904982,TRUE,TRUE,TRUE,Coarse fragments,
soil,T_TEB,25,rf_var,Plain RF,0.0990640165955294,29.4747499954033,0.186315455520933,28.2610684235154,188.435989019839,H:/Jing/ecoChina2/rf_soil/soil_plain_zone25.Rdata,soil_plain,0.0990640165955294,3,0.151996845833762,TRUE,TRUE,TRUE,Nutrient retention and base status,
soil,T_CLAY,25,rf_var,Plain RF,0.0817308019570939,29.1565825581462,0.158272569437363,29.7123580892823,186.352961960398,H:/Jing/ecoChina2/rf_soil/soil_plain_zone25.Rdata,soil_plain,0.0817308019570939,4,0.125401982797281,TRUE,TRUE,TRUE,Texture,
soil,T_CEC_SOIL,25,rf_var,Plain RF,0.0724379729529053,25.4482005067457,0.135250489736395,23.5334950968265,140.060480707781,H:/Jing/ecoChina2/rf_soil/soil_plain_zone25.Rdata,soil_plain,0.0724379729529053,5,0.111143720856659,TRUE,TRUE,TRUE,Nutrient retention and base status,
soil,T_CEC_CLAY,25,rf_var,Plain RF,0.0556120651288993,22.4806522286022,0.110055130700943,21.2682770117552,113.306608247576,H:/Jing/ecoChina2/rf_soil/soil_plain_zone25.Rdata,soil_plain,0.0556120651288993,6,0.0853272336453588,TRUE,FALSE,TRUE,Nutrient retention and base status,
soil,T_REF_BULK_DENSITY,25,rf_var,Plain RF,0.0503603015340691,25.3314162794902,0.0973450381640395,23.7361794922157,105.987030492955,H:/Jing/ecoChina2/rf_soil/soil_plain_zone25.Rdata,soil_plain,0.0503603015340691,7,0.0772692976872603,TRUE,FALSE,TRUE,Bulk density,
soil,T_OC,25,rf_var,Plain RF,0.0481952914342982,27.5602760503721,0.0862471391623934,26.1426871047568,102.354641584901,H:/Jing/ecoChina2/rf_soil/soil_plain_zone25.Rdata,soil_plain,0.0481952914342982,8,0.0739474587625678,TRUE,FALSE,TRUE,Organic carbon,
soil,T_SILT,25,rf_var,Plain RF,0.0347379757725178,28.6564453964813,0.0568098659964617,23.5994059098578,93.1701425828144,H:/Jing/ecoChina2/rf_soil/soil_plain_zone25.Rdata,soil_plain,0.0347379757725178,9,0.0532995019738643,TRUE,FALSE,TRUE,Texture,
soil,T_BS,26,rf_var,Plain RF,0.105077511463402,26.7501638215218,0.159036578455054,24.0155630560926,403.804891221986,H:/Jing/ecoChina2/rf_soil/soil_plain_zone26.Rdata,soil_plain,0.105077511463402,1,0.199725539257955,TRUE,TRUE,TRUE,Nutrient retention and base status,
soil,T_PH_H2O,26,rf_var,Plain RF,0.0890078971501693,27.6482163622718,0.193325085141268,23.8464226292506,569.818873097415,H:/Jing/ecoChina2/rf_soil/soil_plain_zone26.Rdata,soil_plain,0.0890078971501693,2,0.169181302535185,TRUE,TRUE,TRUE,Soil reaction,
soil,T_TEB,26,rf_var,Plain RF,0.0885554452037207,24.9597334494808,0.162416507520124,20.6208061653768,381.281370708067,H:/Jing/ecoChina2/rf_soil/soil_plain_zone26.Rdata,soil_plain,0.0885554452037207,3,0.168321306825977,TRUE,TRUE,TRUE,Nutrient retention and base status,
soil,T_CEC_CLAY,26,rf_var,Plain RF,0.0878776778725893,29.1053582638075,0.102473205363394,16.4334225287138,298.850504542497,H:/Jing/ecoChina2/rf_soil/soil_plain_zone26.Rdata,soil_plain,0.0878776778725893,4,0.16703304405865,TRUE,TRUE,TRUE,Nutrient retention and base status,
soil,T_SILT,26,rf_var,Plain RF,0.0494836985449791,26.108193941801,0.0914908563597885,20.1993809848986,98.362929218034,H:/Jing/ecoChina2/rf_soil/soil_plain_zone26.Rdata,soil_plain,0.0494836985449791,5,0.0940558854005243,TRUE,TRUE,TRUE,Texture,
soil,T_SAND,26,rf_var,Plain RF,0.0295020348858136,26.3554631445614,0.0436386803323238,24.5605408280002,90.9565254516033,H:/Jing/ecoChina2/rf_soil/soil_plain_zone26.Rdata,soil_plain,0.0295020348858136,6,0.0560758410121691,TRUE,FALSE,TRUE,Texture,
soil,T_OC,26,rf_var,Plain RF,0.0291001222571701,26.1347950357599,0.0487586810649496,19.4611431337485,103.759230229153,H:/Jing/ecoChina2/rf_soil/soil_plain_zone26.Rdata,soil_plain,0.0291001222571701,7,0.0553119076512391,TRUE,FALSE,TRUE,Organic carbon,
soil,T_CLAY,26,rf_var,Plain RF,0.0285631888280111,21.3294040225011,0.0398831224801195,15.5796986840971,81.7599791853133,H:/Jing/ecoChina2/rf_soil/soil_plain_zone26.Rdata,soil_plain,0.0285631888280111,8,0.0542913341984527,TRUE,FALSE,TRUE,Texture,
soil,T_CEC_SOIL,26,rf_var,Plain RF,0.0189419631840446,16.2431765086038,0.0349568116230315,13.7690091537043,67.8322454603808,H:/Jing/ecoChina2/rf_soil/soil_plain_zone26.Rdata,soil_plain,0.0189419631840446,9,0.0360038390598478,TRUE,FALSE,TRUE,Nutrient retention and base status,
soil,T_CEC_CLAY,27,rf_var,Plain RF,0.158416312646888,51.0014714830504,0.201399566454028,46.7006877476258,323.813085859653,H:/Jing/ecoChina2/rf_soil/soil_plain_zone27.Rdata,soil_plain,0.158416312646888,1,0.212152902621252,TRUE,TRUE,TRUE,Nutrient retention and base status,
soil,T_PH_H2O,27,rf_var,Plain RF,0.0908300478203269,32.6844905796336,0.114329950107091,27.4862872048324,205.792933461734,H:/Jing/ecoChina2/rf_soil/soil_plain_zone27.Rdata,soil_plain,0.0908300478203269,2,0.121640618749044,TRUE,TRUE,TRUE,Soil reaction,
soil,T_CLAY,27,rf_var,Plain RF,0.0840818129118749,33.4706054797615,0.135620961498297,28.5047788491006,119.524916200027,H:/Jing/ecoChina2/rf_soil/soil_plain_zone27.Rdata,soil_plain,0.0840818129118749,3,0.112603306874545,TRUE,TRUE,TRUE,Texture,
soil,T_OC,27,rf_var,Plain RF,0.0792639783912444,34.2989606668507,0.102497811924032,27.5664726225133,115.611366251567,H:/Jing/ecoChina2/rf_soil/soil_plain_zone27.Rdata,soil_plain,0.0792639783912444,4,0.106151208849899,TRUE,TRUE,TRUE,Organic carbon,
soil,T_SILT,27,rf_var,Plain RF,0.0786165206453914,29.1771961754499,0.107125008627531,24.4166615755856,128.968739614558,H:/Jing/ecoChina2/rf_soil/soil_plain_zone27.Rdata,soil_plain,0.0786165206453914,5,0.105284126175064,TRUE,TRUE,TRUE,Texture,
soil,T_TEB,27,rf_var,Plain RF,0.0782447161085003,28.1904342056006,0.106664345913687,25.195104791634,115.28101876796,H:/Jing/ecoChina2/rf_soil/soil_plain_zone27.Rdata,soil_plain,0.0782447161085003,6,0.104786201369271,TRUE,FALSE,TRUE,Nutrient retention and base status,
soil,T_GRAVEL,27,rf_var,Plain RF,0.0665125886230923,40.6025138886844,0.0967212928601261,34.3490219669358,107.381170002285,H:/Jing/ecoChina2/rf_soil/soil_plain_zone27.Rdata,soil_plain,0.0665125886230923,7,0.0890744046586638,TRUE,FALSE,TRUE,Coarse fragments,
soil,T_BS,27,rf_var,Plain RF,0.059660684887445,26.3338473734604,0.0509558339201364,21.3900621318766,127.375994178579,H:/Jing/ecoChina2/rf_soil/soil_plain_zone27.Rdata,soil_plain,0.059660684887445,8,0.0798982583280824,TRUE,FALSE,TRUE,Nutrient retention and base status,
soil,T_CEC_SOIL,27,rf_var,Plain RF,0.0510815408207125,29.7153291130624,0.0823055403189995,23.6888358772895,73.8246684748461,H:/Jing/ecoChina2/rf_soil/soil_plain_zone27.Rdata,soil_plain,0.0510815408207125,9,0.0684089723741782,TRUE,FALSE,TRUE,Nutrient retention and base status,
soil,T_BS,28,rf_var,Plain RF,0.093219714251961,37.6170454268267,0.226612676928593,35.471570367676,254.107003824809,H:/Jing/ecoChina2/rf_soil/soil_plain_zone28.Rdata,soil_plain,0.093219714251961,1,0.180045957212347,TRUE,TRUE,TRUE,Nutrient retention and base status,
soil,T_SILT,28,rf_var,Plain RF,0.0714383451853881,39.1784622752843,0.127015824906308,34.7152138823672,231.356425762301,H:/Jing/ecoChina2/rf_soil/soil_plain_zone28.Rdata,soil_plain,0.0714383451853881,2,0.137977093619966,TRUE,TRUE,TRUE,Texture,
soil,T_PH_H2O,28,rf_var,Plain RF,0.0685078329251172,35.0790855940522,0.17524869754628,29.5438148485722,204.544344123232,H:/Jing/ecoChina2/rf_soil/soil_plain_zone28.Rdata,soil_plain,0.0685078329251172,3,0.132317058194445,TRUE,TRUE,TRUE,Soil reaction,
soil,T_TEB,28,rf_var,Plain RF,0.0653915608068328,32.2848580599397,0.147325766434387,26.9134495490215,210.969371427252,H:/Jing/ecoChina2/rf_soil/soil_plain_zone28.Rdata,soil_plain,0.0653915608068328,4,0.126298243387159,TRUE,TRUE,TRUE,Nutrient retention and base status,
soil,T_SAND,28,rf_var,Plain RF,0.0533266055998875,30.4279695576415,0.106768243643337,31.9569784833976,144.088053586134,H:/Jing/ecoChina2/rf_soil/soil_plain_zone28.Rdata,soil_plain,0.0533266055998875,5,0.102995807562402,TRUE,TRUE,TRUE,Texture,
soil,T_OC,28,rf_var,Plain RF,0.0452928458165387,32.1142432756463,0.115385097466803,30.2389845246391,137.075342344175,H:/Jing/ecoChina2/rf_soil/soil_plain_zone28.Rdata,soil_plain,0.0452928458165387,6,0.0874792831682426,TRUE,FALSE,TRUE,Organic carbon,
soil,T_CEC_SOIL,28,rf_var,Plain RF,0.0423307413830533,33.8045173982714,0.0681967001199835,27.3293238035526,128.592275262468,H:/Jing/ecoChina2/rf_soil/soil_plain_zone28.Rdata,soil_plain,0.0423307413830533,7,0.0817582301445406,TRUE,FALSE,TRUE,Nutrient retention and base status,
soil,T_GRAVEL,28,rf_var,Plain RF,0.0418789946725888,31.1370423283195,0.0979873916737569,28.7278504833265,151.434686029397,H:/Jing/ecoChina2/rf_soil/soil_plain_zone28.Rdata,soil_plain,0.0418789946725888,8,0.0808857197581296,TRUE,FALSE,TRUE,Coarse fragments,
soil,T_CEC_CLAY,28,rf_var,Plain RF,0.0363684686389662,28.1020453629624,0.0996926583709441,24.8767389251334,84.4727255005148,H:/Jing/ecoChina2/rf_soil/soil_plain_zone28.Rdata,soil_plain,0.0363684686389662,9,0.0702426069527686,TRUE,FALSE,TRUE,Nutrient retention and base status,
soil,T_OC,29,rf_var,Plain RF,0.195839854891067,48.4310772688143,0.283072388434083,47.3996428518393,631.440159177663,H:/Jing/ecoChina2/rf_soil/soil_plain_zone29.Rdata,soil_plain,0.195839854891067,1,0.308447806799595,TRUE,TRUE,TRUE,Organic carbon,
soil,T_TEB,29,rf_var,Plain RF,0.0977482324545967,32.0410635081994,0.179172854255004,31.406864813304,246.345032024392,H:/Jing/ecoChina2/rf_soil/soil_plain_zone29.Rdata,soil_plain,0.0977482324545967,2,0.153953483758084,TRUE,TRUE,TRUE,Nutrient retention and base status,
soil,T_CEC_CLAY,29,rf_var,Plain RF,0.0677692288442426,29.4853393017845,0.118102691770475,26.1098743018414,172.07167136541,H:/Jing/ecoChina2/rf_soil/soil_plain_zone29.Rdata,soil_plain,0.0677692288442426,3,0.106736547661014,TRUE,TRUE,TRUE,Nutrient retention and base status,
soil,T_ESP,29,rf_var,Plain RF,0.0614956424656581,23.9755311833369,0.0995368050947785,21.2260425429783,332.692054977694,H:/Jing/ecoChina2/rf_soil/soil_plain_zone29.Rdata,soil_plain,0.0614956424656581,4,0.0968556479824552,TRUE,TRUE,TRUE,Sodicity,
soil,T_PH_H2O,29,rf_var,Plain RF,0.0573586491158422,22.5315248786446,0.0769881442704623,19.0867674595662,128.937015021567,H:/Jing/ecoChina2/rf_soil/soil_plain_zone29.Rdata,soil_plain,0.0573586491158422,5,0.0903398827098298,TRUE,TRUE,TRUE,Soil reaction,
soil,T_CEC_SOIL,29,rf_var,Plain RF,0.0424634353664506,21.5624087253002,0.0734860403190754,20.0028981843371,82.9834930391949,H:/Jing/ecoChina2/rf_soil/soil_plain_zone29.Rdata,soil_plain,0.0424634353664506,6,0.0668799183661747,TRUE,FALSE,TRUE,Nutrient retention and base status,
soil,T_CACO3,29,rf_var,Plain RF,0.0415643444162904,20.4360066235256,0.0420873926398575,15.9994561952433,74.7531045923263,H:/Jing/ecoChina2/rf_soil/soil_plain_zone29.Rdata,soil_plain,0.0415643444162904,7,0.0654638499573999,TRUE,FALSE,TRUE,Carbonates,
soil,T_CLAY,29,rf_var,Plain RF,0.0395874760078627,22.0239136275894,0.0717734511015797,19.8614584233034,71.0973536813144,H:/Jing/ecoChina2/rf_soil/soil_plain_zone29.Rdata,soil_plain,0.0395874760078627,8,0.0623502818573311,TRUE,FALSE,TRUE,Texture,
soil,T_REF_BULK_DENSITY,29,rf_var,Plain RF,0.0310936986007418,22.4071590792786,0.0547164589492018,18.7624315270403,64.4775854311303,H:/Jing/ecoChina2/rf_soil/soil_plain_zone29.Rdata,soil_plain,0.0310936986007418,9,0.0489725809081159,TRUE,FALSE,TRUE,Bulk density,
soil,T_BS,30,rf_var,Plain RF,0.118605712063678,35.1184603852557,0.155256772894312,25.5681921932192,300.166190257095,H:/Jing/ecoChina2/rf_soil/soil_plain_zone30.Rdata,soil_plain,0.118605712063678,1,0.198234038086197,TRUE,TRUE,TRUE,Nutrient retention and base status,
soil,T_CEC_CLAY,30,rf_var,Plain RF,0.104004469522963,28.7630930677879,0.104401765445997,21.2619003275064,248.336620780218,H:/Jing/ecoChina2/rf_soil/soil_plain_zone30.Rdata,soil_plain,0.104004469522963,2,0.173829958218881,TRUE,TRUE,TRUE,Nutrient retention and base status,
soil,T_TEB,30,rf_var,Plain RF,0.0906174762916214,25.1365617954249,0.125063848880761,20.3807058891498,273.952316279617,H:/Jing/ecoChina2/rf_soil/soil_plain_zone30.Rdata,soil_plain,0.0906174762916214,3,0.151455338313082,TRUE,TRUE,TRUE,Nutrient retention and base status,
soil,T_PH_H2O,30,rf_var,Plain RF,0.0612267947581435,22.8836806871531,0.102059145943762,19.3752404999468,138.510729242418,H:/Jing/ecoChina2/rf_soil/soil_plain_zone30.Rdata,soil_plain,0.0612267947581435,4,0.102332632659928,TRUE,TRUE,TRUE,Soil reaction,
soil,T_SILT,30,rf_var,Plain RF,0.0523947599434184,31.3377295055509,0.0671350523227506,22.6439909254389,108.242478876977,H:/Jing/ecoChina2/rf_soil/soil_plain_zone30.Rdata,soil_plain,0.0523947599434184,5,0.0875710339529383,TRUE,TRUE,TRUE,Texture,
soil,T_SAND,30,rf_var,Plain RF,0.0521711688134148,30.3286205759585,0.0702236913341892,27.4618525842178,117.38909638443,H:/Jing/ecoChina2/rf_soil/soil_plain_zone30.Rdata,soil_plain,0.0521711688134148,6,0.0871973304288021,TRUE,FALSE,TRUE,Texture,
soil,T_OC,30,rf_var,Plain RF,0.0502078910531443,26.6157703825915,0.0640934024992541,19.0382128831892,108.856097442764,H:/Jing/ecoChina2/rf_soil/soil_plain_zone30.Rdata,soil_plain,0.0502078910531443,7,0.0839159667277495,TRUE,FALSE,TRUE,Organic carbon,
soil,T_REF_BULK_DENSITY,30,rf_var,Plain RF,0.0380776372374569,23.3054862224102,0.0379054872197988,17.7249047620458,78.6583448703525,H:/Jing/ecoChina2/rf_soil/soil_plain_zone30.Rdata,soil_plain,0.0380776372374569,8,0.0636418234756674,TRUE,FALSE,TRUE,Bulk density,
soil,T_CLAY,30,rf_var,Plain RF,0.0310056275714587,22.2778374938502,0.0303672043286037,14.6019933673097,56.5193172647176,H:/Jing/ecoChina2/rf_soil/soil_plain_zone30.Rdata,soil_plain,0.0310056275714587,9,0.0518218781367551,TRUE,FALSE,TRUE,Texture,
soil,T_GRAVEL,31,rf_var,Plain RF,0.135426396481257,32.8806104808752,0.232654583241216,31.3836961811491,454.192844672844,H:/Jing/ecoChina2/rf_soil/soil_plain_zone31.Rdata,soil_plain,0.135426396481257,1,0.252177294483543,TRUE,TRUE,TRUE,Coarse fragments,
soil,T_OC,31,rf_var,Plain RF,0.085169837565118,23.3441805801043,0.14378625084594,20.872662713162,235.706597005951,H:/Jing/ecoChina2/rf_soil/soil_plain_zone31.Rdata,soil_plain,0.085169837565118,2,0.158594629753342,TRUE,TRUE,TRUE,Organic carbon,
soil,T_CLAY,31,rf_var,Plain RF,0.0661088273976142,22.774206844584,0.101439697779061,19.5193987501824,358.219134515061,H:/Jing/ecoChina2/rf_soil/soil_plain_zone31.Rdata,soil_plain,0.0661088273976142,3,0.123101150645451,TRUE,TRUE,TRUE,Texture,
soil,T_CEC_CLAY,31,rf_var,Plain RF,0.0650347127575779,18.5561391854593,0.103287326851376,17.3475343613348,175.336913944818,H:/Jing/ecoChina2/rf_soil/soil_plain_zone31.Rdata,soil_plain,0.0650347127575779,4,0.121101043347854,TRUE,TRUE,TRUE,Nutrient retention and base status,
soil,T_PH_H2O,31,rf_var,Plain RF,0.0509955378047078,18.9719168679123,0.0889153494701406,16.7147374611965,139.862214778042,H:/Jing/ecoChina2/rf_soil/soil_plain_zone31.Rdata,soil_plain,0.0509955378047078,5,0.0949587162359758,TRUE,TRUE,TRUE,Soil reaction,
soil,T_TEB,31,rf_var,Plain RF,0.0376901657908999,17.1807955104572,0.0621417727387597,15.090458668795,121.704156060617,H:/Jing/ecoChina2/rf_soil/soil_plain_zone31.Rdata,soil_plain,0.0376901657908999,6,0.0701828025018797,TRUE,FALSE,TRUE,Nutrient retention and base status,
soil,T_CEC_SOIL,31,rf_var,Plain RF,0.0354118151315319,17.3852545104519,0.0551562274355952,15.3163246182101,73.4389511989161,H:/Jing/ecoChina2/rf_soil/soil_plain_zone31.Rdata,soil_plain,0.0354118151315319,7,0.0659402890769307,TRUE,FALSE,TRUE,Nutrient retention and base status,
soil,T_BS,31,rf_var,Plain RF,0.0340340181337397,15.6510957859032,0.054638737165399,13.328553561717,74.3106364270608,H:/Jing/ecoChina2/rf_soil/soil_plain_zone31.Rdata,soil_plain,0.0340340181337397,8,0.0633746953058605,TRUE,FALSE,TRUE,Nutrient retention and base status,
soil,T_SILT,31,rf_var,Plain RF,0.027157198021249,17.3392104321155,0.0500191090656388,15.7893084316298,66.3058682756237,H:/Jing/ecoChina2/rf_soil/soil_plain_zone31.Rdata,soil_plain,0.027157198021249,9,0.0505693786491632,TRUE,FALSE,TRUE,Texture,
soil,T_CASO4,32,rf_var,Plain RF,0.108751442330465,37.0601917497543,0.252288163579947,36.4994242466262,561.202421154957,H:/Jing/ecoChina2/rf_soil/soil_plain_zone32.Rdata,soil_plain,0.108751442330465,1,0.198917821849657,TRUE,TRUE,TRUE,Gypsum,
soil,T_CACO3,32,rf_var,Plain RF,0.101160058981934,35.0175519952192,0.21092577402501,33.1190649319127,403.15377308504,H:/Jing/ecoChina2/rf_soil/soil_plain_zone32.Rdata,soil_plain,0.101160058981934,2,0.185032383568049,TRUE,TRUE,TRUE,Carbonates,
soil,T_OC,32,rf_var,Plain RF,0.0760901611797357,31.1349170553687,0.154928698381811,30.0054726469013,252.305089321359,H:/Jing/ecoChina2/rf_soil/soil_plain_zone32.Rdata,soil_plain,0.0760901611797357,3,0.139176904707795,TRUE,TRUE,TRUE,Organic carbon,
soil,T_ESP,32,rf_var,Plain RF,0.0647923795575932,30.3853152740209,0.148369372840695,29.4271439802731,316.54242870882,H:/Jing/ecoChina2/rf_soil/soil_plain_zone32.Rdata,soil_plain,0.0647923795575932,4,0.118512074303241,TRUE,TRUE,TRUE,Sodicity,
soil,T_TEB,32,rf_var,Plain RF,0.0615182575718393,29.7134835501727,0.112538047424623,28.1658160192915,307.056577775304,H:/Jing/ecoChina2/rf_soil/soil_plain_zone32.Rdata,soil_plain,0.0615182575718393,5,0.112523360959126,TRUE,TRUE,TRUE,Nutrient retention and base status,
soil,T_CEC_CLAY,32,rf_var,Plain RF,0.039687384346624,28.4517552331207,0.0787170972602277,26.8062145331128,138.531587560772,H:/Jing/ecoChina2/rf_soil/soil_plain_zone32.Rdata,soil_plain,0.039687384346624,6,0.0725923985922999,TRUE,FALSE,TRUE,Nutrient retention and base status,
soil,T_REF_BULK_DENSITY,32,rf_var,Plain RF,0.0346331156950677,28.1378206907976,0.0629733847137303,22.5648835018116,93.7081683307617,H:/Jing/ecoChina2/rf_soil/soil_plain_zone32.Rdata,soil_plain,0.0346331156950677,7,0.0633476098367126,TRUE,FALSE,TRUE,Bulk density,
soil,T_CLAY,32,rf_var,Plain RF,0.0319885994170989,29.291813692324,0.0523456406078472,21.1858234451138,85.4525751077719,H:/Jing/ecoChina2/rf_soil/soil_plain_zone32.Rdata,soil_plain,0.0319885994170989,8,0.058510511527147,TRUE,FALSE,TRUE,Texture,
soil,T_SAND,32,rf_var,Plain RF,0.0280940300311657,31.8502096330774,0.0546418615272548,25.9558862464271,96.9353741259734,H:/Jing/ecoChina2/rf_soil/soil_plain_zone32.Rdata,soil_plain,0.0280940300311657,9,0.0513869346559723,TRUE,FALSE,TRUE,Texture,
soil,T_PH_H2O,33,rf_var,Plain RF,0.134522068423932,36.0767103734741,0.202255774885176,32.1717995923386,361.477405705326,H:/Jing/ecoChina2/rf_soil/soil_plain_zone33.Rdata,soil_plain,0.134522068423932,1,0.217702766704896,TRUE,TRUE,TRUE,Soil reaction,
soil,T_BS,33,rf_var,Plain RF,0.0935380324023716,27.7491512196615,0.107534016214304,24.945572228557,230.67109452259,H:/Jing/ecoChina2/rf_soil/soil_plain_zone33.Rdata,soil_plain,0.0935380324023716,2,0.151376563598139,TRUE,TRUE,TRUE,Nutrient retention and base status,
soil,T_TEB,33,rf_var,Plain RF,0.0878924318115655,26.4248993454579,0.132030389936284,23.039374249243,185.837009949711,H:/Jing/ecoChina2/rf_soil/soil_plain_zone33.Rdata,soil_plain,0.0878924318115655,3,0.142240048803733,TRUE,TRUE,TRUE,Nutrient retention and base status,
soil,T_CLAY,33,rf_var,Plain RF,0.0672958586170353,27.7101323147639,0.0953604196986221,24.7684935892857,141.262501099707,H:/Jing/ecoChina2/rf_soil/soil_plain_zone33.Rdata,soil_plain,0.0672958586170353,4,0.108907741163633,TRUE,TRUE,TRUE,Texture,
soil,T_REF_BULK_DENSITY,33,rf_var,Plain RF,0.065299819006531,30.7446080738917,0.0938399876559156,27.9459790882593,113.877239780662,H:/Jing/ecoChina2/rf_soil/soil_plain_zone33.Rdata,soil_plain,0.065299819006531,5,0.105677465635235,TRUE,TRUE,TRUE,Bulk density,
soil,T_GRAVEL,33,rf_var,Plain RF,0.0494109448895177,24.2240484198208,0.072634456997021,19.8537041537796,94.9894637800145,H:/Jing/ecoChina2/rf_soil/soil_plain_zone33.Rdata,soil_plain,0.0494109448895177,6,0.0799638270060786,TRUE,FALSE,TRUE,Coarse fragments,
soil,T_CEC_CLAY,33,rf_var,Plain RF,0.0434025683535827,26.9215468795367,0.0725720031370645,26.2539339622272,137.237922834638,H:/Jing/ecoChina2/rf_soil/soil_plain_zone33.Rdata,soil_plain,0.0434025683535827,7,0.0702402165189451,TRUE,FALSE,TRUE,Nutrient retention and base status,
soil,T_SAND,33,rf_var,Plain RF,0.0383497650782298,27.4555144499314,0.0569129558164678,22.775368766071,61.961277044258,H:/Jing/ecoChina2/rf_soil/soil_plain_zone33.Rdata,soil_plain,0.0383497650782298,8,0.0620630507531517,TRUE,FALSE,TRUE,Texture,
soil,T_CEC_SOIL,33,rf_var,Plain RF,0.0382047210273832,22.4845487822253,0.0581891640656799,19.2038735049752,80.2329058797316,H:/Jing/ecoChina2/rf_soil/soil_plain_zone33.Rdata,soil_plain,0.0382047210273832,9,0.0618283198161885,TRUE,FALSE,TRUE,Nutrient retention and base status,
soil,T_TEB,34,rf_var,Plain RF,0.0816632631167485,19.5023019567876,0.145593724802428,21.9803649515665,46.9609676550863,H:/Jing/ecoChina2/rf_soil/soil_plain_zone34.Rdata,soil_plain,0.0816632631167485,1,0.171256960342377,TRUE,TRUE,TRUE,Nutrient retention and base status,
soil,T_SAND,34,rf_var,Plain RF,0.0768216894719346,21.2970667579949,0.156536725219682,21.4474624425935,39.5687057898108,H:/Jing/ecoChina2/rf_soil/soil_plain_zone34.Rdata,soil_plain,0.0768216894719346,2,0.161103641040169,TRUE,TRUE,TRUE,Texture,
soil,T_PH_H2O,34,rf_var,Plain RF,0.0726203530911406,17.9863692624554,0.148987102368228,19.4979537441684,37.2233032909034,H:/Jing/ecoChina2/rf_soil/soil_plain_zone34.Rdata,soil_plain,0.0726203530911406,3,0.152292970605386,TRUE,TRUE,TRUE,Soil reaction,
soil,T_BS,34,rf_var,Plain RF,0.0630103845591162,19.1276552119548,0.131173045885109,18.4763489863976,35.1933224102284,H:/Jing/ecoChina2/rf_soil/soil_plain_zone34.Rdata,soil_plain,0.0630103845591162,4,0.132139796008046,TRUE,TRUE,TRUE,Nutrient retention and base status,
soil,T_OC,34,rf_var,Plain RF,0.0493287570489999,20.6264802255283,0.111938329023392,20.4041893053413,26.0726596343066,H:/Jing/ecoChina2/rf_soil/soil_plain_zone34.Rdata,soil_plain,0.0493287570489999,5,0.103447898935926,TRUE,TRUE,TRUE,Organic carbon,
soil,T_CLAY,34,rf_var,Plain RF,0.0419539825282894,20.0665805017848,0.0928805988264553,19.1826786531228,17.8278771363488,H:/Jing/ecoChina2/rf_soil/soil_plain_zone34.Rdata,soil_plain,0.0419539825282894,6,0.0879821751891087,TRUE,FALSE,TRUE,Texture,
soil,T_CEC_SOIL,34,rf_var,Plain RF,0.034758632965835,16.6330761938355,0.0812753128199183,17.62221465785,15.4583662597263,H:/Jing/ecoChina2/rf_soil/soil_plain_zone34.Rdata,soil_plain,0.034758632965835,7,0.0728927255683517,TRUE,FALSE,TRUE,Nutrient retention and base status,
soil,T_GRAVEL,34,rf_var,Plain RF,0.0287988393057076,13.9923518116687,0.0664823364563725,13.526557223658,14.8083944253867,H:/Jing/ecoChina2/rf_soil/soil_plain_zone34.Rdata,soil_plain,0.0287988393057076,8,0.0603943743202266,TRUE,FALSE,TRUE,Coarse fragments,
soil,T_CEC_CLAY,34,rf_var,Plain RF,0.0278904868326387,14.8870100435005,0.0489494994452552,11.7934139240708,10.376676256918,H:/Jing/ecoChina2/rf_soil/soil_plain_zone34.Rdata,soil_plain,0.0278904868326387,9,0.0584894579904092,TRUE,FALSE,TRUE,Nutrient retention and base status,
soil,T_OC,35,rf_var,Plain RF,0.140591535645997,37.116904794012,0.306681821627996,39.4724664789551,898.485883440694,H:/Jing/ecoChina2/rf_soil/soil_plain_zone35.Rdata,soil_plain,0.140591535645997,1,0.203349439750791,TRUE,TRUE,TRUE,Organic carbon,
soil,T_TEB,35,rf_var,Plain RF,0.110903525197098,35.4519625444426,0.236319099200762,34.4571848137524,362.429874894021,H:/Jing/ecoChina2/rf_soil/soil_plain_zone35.Rdata,soil_plain,0.110903525197098,2,0.160409157006458,TRUE,TRUE,TRUE,Nutrient retention and base status,
soil,T_SILT,35,rf_var,Plain RF,0.0898127139603226,37.9660211888508,0.181007761348438,35.081129536176,344.101565914975,H:/Jing/ecoChina2/rf_soil/soil_plain_zone35.Rdata,soil_plain,0.0898127139603226,3,0.129903731276654,TRUE,TRUE,TRUE,Texture,
soil,T_CASO4,35,rf_var,Plain RF,0.0888944496726875,20.0657434144237,0.185334342103756,20.0625274808111,367.418405852736,H:/Jing/ecoChina2/rf_soil/soil_plain_zone35.Rdata,soil_plain,0.0888944496726875,4,0.128575567901983,TRUE,TRUE,TRUE,Gypsum,
soil,T_SAND,35,rf_var,Plain RF,0.0725909302876072,31.7204808312223,0.144117152425919,31.1483445218972,257.084567163132,H:/Jing/ecoChina2/rf_soil/soil_plain_zone35.Rdata,soil_plain,0.0725909302876072,5,0.10499440764444,TRUE,TRUE,TRUE,Texture,
soil,T_CACO3,35,rf_var,Plain RF,0.0586307103694108,24.934188906646,0.075658900480233,19.0929983173584,167.707171169451,H:/Jing/ecoChina2/rf_soil/soil_plain_zone35.Rdata,soil_plain,0.0586307103694108,6,0.0848025597773606,TRUE,FALSE,TRUE,Carbonates,
soil,T_ECE,35,rf_var,Plain RF,0.0539083244874529,16.1204341491411,0.103580856531052,15.7192467986577,174.544186350929,H:/Jing/ecoChina2/rf_soil/soil_plain_zone35.Rdata,soil_plain,0.0539083244874529,7,0.0779721733037313,TRUE,FALSE,TRUE,Salinity,
soil,T_CEC_CLAY,35,rf_var,Plain RF,0.045406388398015,23.0995450699245,0.106171500989289,23.0501601099834,146.7738333777,H:/Jing/ecoChina2/rf_soil/soil_plain_zone35.Rdata,soil_plain,0.045406388398015,8,0.06567510340802,TRUE,FALSE,TRUE,Nutrient retention and base status,
soil,T_REF_BULK_DENSITY,35,rf_var,Plain RF,0.0306404384089668,23.1594934919403,0.0622241781006199,20.8216662921132,79.3348497056847,H:/Jing/ecoChina2/rf_soil/soil_plain_zone35.Rdata,soil_plain,0.0306404384089668,9,0.0443178599305628,TRUE,FALSE,TRUE,Bulk density,
soil,T_BS,36,rf_var,Plain RF,0.0746658236119386,34.6522041023773,0.225490837327321,34.1669161983838,202.207565408992,H:/Jing/ecoChina2/rf_soil/soil_plain_zone36.Rdata,soil_plain,0.0746658236119386,1,0.14588895966967,TRUE,TRUE,TRUE,Nutrient retention and base status,
soil,T_TEB,36,rf_var,Plain RF,0.0730726476425494,30.094481584595,0.199687754279266,30.9398730881958,195.408622362264,H:/Jing/ecoChina2/rf_soil/soil_plain_zone36.Rdata,soil_plain,0.0730726476425494,2,0.142776065797999,TRUE,TRUE,TRUE,Nutrient retention and base status,
soil,T_SILT,36,rf_var,Plain RF,0.0685033856615095,38.6842857711751,0.20881052389611,40.4355352464227,199.534397373318,H:/Jing/ecoChina2/rf_soil/soil_plain_zone36.Rdata,soil_plain,0.0685033856615095,3,0.133848221107814,TRUE,TRUE,TRUE,Texture,
soil,T_PH_H2O,36,rf_var,Plain RF,0.0650455623170425,29.9101149325721,0.184345259536528,30.8101873029586,175.177891649254,H:/Jing/ecoChina2/rf_soil/soil_plain_zone36.Rdata,soil_plain,0.0650455623170425,4,0.127092007541248,TRUE,TRUE,TRUE,Soil reaction,
soil,T_CEC_CLAY,36,rf_var,Plain RF,0.056176921813713,29.1245827393919,0.13100136418248,27.5133438474598,187.122045450907,H:/Jing/ecoChina2/rf_soil/soil_plain_zone36.Rdata,soil_plain,0.056176921813713,5,0.109763641307193,TRUE,TRUE,TRUE,Nutrient retention and base status,
soil,T_SAND,36,rf_var,Plain RF,0.052402618844449,31.2549786920645,0.138408669746047,33.4260661519357,131.045900370919,H:/Jing/ecoChina2/rf_soil/soil_plain_zone36.Rdata,soil_plain,0.052402618844449,6,0.102389060715598,TRUE,FALSE,TRUE,Texture,
soil,T_OC,36,rf_var,Plain RF,0.0498179516585509,29.2934971777068,0.147367050515478,28.2465228038309,114.303220408515,H:/Jing/ecoChina2/rf_soil/soil_plain_zone36.Rdata,soil_plain,0.0498179516585509,7,0.0973389000316045,TRUE,FALSE,TRUE,Organic carbon,
soil,T_REF_BULK_DENSITY,36,rf_var,Plain RF,0.0415087152661093,29.682820160685,0.107980940293949,30.9857730264257,175.538337895025,H:/Jing/ecoChina2/rf_soil/soil_plain_zone36.Rdata,soil_plain,0.0415087152661093,8,0.0811035490463535,TRUE,FALSE,TRUE,Bulk density,
soil,T_GRAVEL,36,rf_var,Plain RF,0.0306053727863086,22.6775855060624,0.0923795336647037,20.6922887580012,76.7595331101359,H:/Jing/ecoChina2/rf_soil/soil_plain_zone36.Rdata,soil_plain,0.0306053727863086,9,0.0597995947825194,TRUE,FALSE,TRUE,Coarse fragments,
soil,T_OC,37,rf_var,Plain RF,0.132234483477254,48.415204687796,0.188047172092161,44.5480227090992,290.551426105073,H:/Jing/ecoChina2/rf_soil/soil_plain_zone37.Rdata,soil_plain,0.132234483477254,1,0.176699028427247,TRUE,TRUE,TRUE,Organic carbon,
soil,T_CEC_CLAY,37,rf_var,Plain RF,0.130226701698548,40.7624831696929,0.184826231161359,39.0079501252421,210.934287837707,H:/Jing/ecoChina2/rf_soil/soil_plain_zone37.Rdata,soil_plain,0.130226701698548,2,0.174016119398814,TRUE,TRUE,TRUE,Nutrient retention and base status,
soil,T_CEC_SOIL,37,rf_var,Plain RF,0.0839414377662054,27.8537149170664,0.12137568717372,23.8283968906212,129.164709063804,H:/Jing/ecoChina2/rf_soil/soil_plain_zone37.Rdata,soil_plain,0.0839414377662054,3,0.112167190494044,TRUE,TRUE,TRUE,Nutrient retention and base status,
soil,T_PH_H2O,37,rf_var,Plain RF,0.0806173062066606,27.9702840980938,0.123198631498754,25.3677797326051,177.730992057725,H:/Jing/ecoChina2/rf_soil/soil_plain_zone37.Rdata,soil_plain,0.0806173062066606,4,0.107725302103888,TRUE,TRUE,TRUE,Soil reaction,
soil,T_TEB,37,rf_var,Plain RF,0.0783212065264798,30.9040293903199,0.125811374728556,28.6744094248248,141.952550850384,H:/Jing/ecoChina2/rf_soil/soil_plain_zone37.Rdata,soil_plain,0.0783212065264798,5,0.104657126753622,TRUE,TRUE,TRUE,Nutrient retention and base status,
soil,T_SILT,37,rf_var,Plain RF,0.0687277092425213,34.0929240241098,0.0994427237754668,30.8051495702615,152.56019873907,H:/Jing/ecoChina2/rf_soil/soil_plain_zone37.Rdata,soil_plain,0.0687277092425213,6,0.0918377652321892,TRUE,FALSE,TRUE,Texture,
soil,T_CLAY,37,rf_var,Plain RF,0.0667296324192653,26.2801786817637,0.107066529490317,23.969419475595,114.033588018767,H:/Jing/ecoChina2/rf_soil/soil_plain_zone37.Rdata,soil_plain,0.0667296324192653,7,0.0891678245018421,TRUE,FALSE,TRUE,Texture,
soil,T_GRAVEL,37,rf_var,Plain RF,0.062467637140148,38.0876721307514,0.0910438019629859,32.6023172460067,174.257369545618,H:/Jing/ecoChina2/rf_soil/soil_plain_zone37.Rdata,soil_plain,0.062467637140148,8,0.0834727107525522,TRUE,FALSE,TRUE,Coarse fragments,
soil,T_BS,37,rf_var,Plain RF,0.0450938773929314,25.3566998244674,0.057903690264002,20.5390575378527,120.408814156685,H:/Jing/ecoChina2/rf_soil/soil_plain_zone37.Rdata,soil_plain,0.0450938773929314,9,0.0602569323358003,TRUE,FALSE,TRUE,Nutrient retention and base status,
soil,T_CACO3,38,rf_var,Plain RF,0.135318734012212,21.522627377515,0.231764654108543,21.0461813340471,568.451249415713,H:/Jing/ecoChina2/rf_soil/soil_plain_zone38.Rdata,soil_plain,0.135318734012212,1,0.19529021486272,TRUE,TRUE,TRUE,Carbonates,
soil,T_OC,38,rf_var,Plain RF,0.123726991190833,30.8812056712459,0.224723635513506,27.8216059382788,909.034087136939,H:/Jing/ecoChina2/rf_soil/soil_plain_zone38.Rdata,soil_plain,0.123726991190833,2,0.178561164278961,TRUE,TRUE,TRUE,Organic carbon,
soil,T_ECE,38,rf_var,Plain RF,0.0954509733031239,18.268240454914,0.142266406000711,14.4321623275144,367.709303553495,H:/Jing/ecoChina2/rf_soil/soil_plain_zone38.Rdata,soil_plain,0.0954509733031239,3,0.137753587641018,TRUE,TRUE,TRUE,Salinity,
soil,T_GRAVEL,38,rf_var,Plain RF,0.0826054840033978,20.5189455309917,0.191391427820382,20.9191769405772,232.967148717426,H:/Jing/ecoChina2/rf_soil/soil_plain_zone38.Rdata,soil_plain,0.0826054840033978,4,0.119215146650771,TRUE,TRUE,TRUE,Coarse fragments,
soil,T_CEC_SOIL,38,rf_var,Plain RF,0.0818646795859219,26.4492598410612,0.169185100696256,24.553878680642,264.479278867157,H:/Jing/ecoChina2/rf_soil/soil_plain_zone38.Rdata,soil_plain,0.0818646795859219,5,0.118146027471404,TRUE,TRUE,TRUE,Nutrient retention and base status,
soil,T_SILT,38,rf_var,Plain RF,0.0624285606469703,18.3355775464345,0.0934425628217162,13.8246004864228,188.462543630521,H:/Jing/ecoChina2/rf_soil/soil_plain_zone38.Rdata,soil_plain,0.0624285606469703,6,0.0900960765803273,TRUE,FALSE,TRUE,Texture,
soil,T_SAND,38,rf_var,Plain RF,0.0468445162465962,22.3858188528235,0.0674890581619199,15.8490675752338,229.045978304167,H:/Jing/ecoChina2/rf_soil/soil_plain_zone38.Rdata,soil_plain,0.0468445162465962,7,0.0676053889338957,TRUE,FALSE,TRUE,Texture,
soil,T_CLAY,38,rf_var,Plain RF,0.0380973635596818,16.6710122048142,0.0710438117050601,15.5420084126403,105.65158289046,H:/Jing/ecoChina2/rf_soil/soil_plain_zone38.Rdata,soil_plain,0.0380973635596818,8,0.0549816133707103,TRUE,FALSE,TRUE,Texture,
soil,T_REF_BULK_DENSITY,38,rf_var,Plain RF,0.0265736766692165,17.600878002154,0.0490449980731653,15.1117602943695,95.2103504618524,H:/Jing/ecoChina2/rf_soil/soil_plain_zone38.Rdata,soil_plain,0.0265736766692165,9,0.0383507802101918,TRUE,FALSE,TRUE,Bulk density,
soil,T_OC,39,rf_var,Plain RF,0.0722911764672595,24.1100060849205,0.174053435388937,24.0020766680586,181.998848841129,H:/Jing/ecoChina2/rf_soil/soil_plain_zone39.Rdata,soil_plain,0.0722911764672595,1,0.146044561120337,TRUE,TRUE,TRUE,Organic carbon,
soil,T_REF_BULK_DENSITY,39,rf_var,Plain RF,0.0696641875322309,31.774120639962,0.130270419762982,28.7326988712113,216.542398730836,H:/Jing/ecoChina2/rf_soil/soil_plain_zone39.Rdata,soil_plain,0.0696641875322309,2,0.140737448069576,TRUE,TRUE,TRUE,Bulk density,
soil,T_GRAVEL,39,rf_var,Plain RF,0.067128843513539,27.6803675649122,0.18751657266244,26.5156135044233,193.737941194809,H:/Jing/ecoChina2/rf_soil/soil_plain_zone39.Rdata,soil_plain,0.067128843513539,3,0.13561547852096,TRUE,TRUE,TRUE,Coarse fragments,
soil,T_CEC_SOIL,39,rf_var,Plain RF,0.0618925171006934,31.4821872889651,0.136612147520996,30.6766815218579,236.578231254956,H:/Jing/ecoChina2/rf_soil/soil_plain_zone39.Rdata,soil_plain,0.0618925171006934,4,0.125036912363675,TRUE,TRUE,TRUE,Nutrient retention and base status,
soil,T_CEC_CLAY,39,rf_var,Plain RF,0.0608031675111528,24.3968772247046,0.159467579321273,23.0828375774815,147.840964843272,H:/Jing/ecoChina2/rf_soil/soil_plain_zone39.Rdata,soil_plain,0.0608031675111528,5,0.122836179293808,TRUE,TRUE,TRUE,Nutrient retention and base status,
soil,T_CLAY,39,rf_var,Plain RF,0.0505977865003634,26.8060605448867,0.108772419693059,23.3228303631346,163.354190135537,H:/Jing/ecoChina2/rf_soil/soil_plain_zone39.Rdata,soil_plain,0.0505977865003634,6,0.102218996621984,TRUE,FALSE,TRUE,Texture,
soil,T_ESP,39,rf_var,Plain RF,0.0479184970799136,24.8984655970661,0.11072352148787,23.447261262923,149.111618705631,H:/Jing/ecoChina2/rf_soil/soil_plain_zone39.Rdata,soil_plain,0.0479184970799136,7,0.0968062247368682,TRUE,FALSE,TRUE,Sodicity,
soil,T_PH_H2O,39,rf_var,Plain RF,0.0342348540311305,21.4290814350404,0.0801568827025703,19.1251606326776,92.1800874172569,H:/Jing/ecoChina2/rf_soil/soil_plain_zone39.Rdata,soil_plain,0.0342348540311305,8,0.0691621644068782,TRUE,FALSE,TRUE,Soil reaction,
soil,T_SAND,39,rf_var,Plain RF,0.0304629358910542,20.6934330047912,0.0719995725227589,18.4494803386076,84.8861796081562,H:/Jing/ecoChina2/rf_soil/soil_plain_zone39.Rdata,soil_plain,0.0304629358910542,9,0.0615420348659132,TRUE,FALSE,TRUE,Texture,
soil,T_CEC_CLAY,40,rf_var,Plain RF,0.0949034722624569,34.0670969723699,0.0869111000932039,21.3804978088092,239.109525938826,H:/Jing/ecoChina2/rf_soil/soil_plain_zone40.Rdata,soil_plain,0.0949034722624569,1,0.18060272959411,TRUE,TRUE,TRUE,Nutrient retention and base status,
soil,T_TEB,40,rf_var,Plain RF,0.088059427151191,29.8149428461743,0.138348136353841,23.1566824683884,252.613508811968,H:/Jing/ecoChina2/rf_soil/soil_plain_zone40.Rdata,soil_plain,0.088059427151191,2,0.167578409207375,TRUE,TRUE,TRUE,Nutrient retention and base status,
soil,T_BS,40,rf_var,Plain RF,0.0782275458364031,28.2635218768362,0.117633176519922,22.9649989436587,295.790459602772,H:/Jing/ecoChina2/rf_soil/soil_plain_zone40.Rdata,soil_plain,0.0782275458364031,3,0.148868191760479,TRUE,TRUE,TRUE,Nutrient retention and base status,
soil,T_SILT,40,rf_var,Plain RF,0.0610119949840715,35.9110368156267,0.105794913325422,31.3722838429052,84.8601980121434,H:/Jing/ecoChina2/rf_soil/soil_plain_zone40.Rdata,soil_plain,0.0610119949840715,4,0.116106740558791,TRUE,TRUE,TRUE,Texture,
soil,T_OC,40,rf_var,Plain RF,0.0571310983735661,32.0973777633489,0.0909869296597511,24.630035864099,128.828249571806,H:/Jing/ecoChina2/rf_soil/soil_plain_zone40.Rdata,soil_plain,0.0571310983735661,5,0.108721336163981,TRUE,TRUE,TRUE,Organic carbon,
soil,T_REF_BULK_DENSITY,40,rf_var,Plain RF,0.0417718173097323,24.4464710788092,0.0402343195258543,18.2354828810303,105.528411015339,H:/Jing/ecoChina2/rf_soil/soil_plain_zone40.Rdata,soil_plain,0.0417718173097323,6,0.0794923941811194,TRUE,FALSE,TRUE,Bulk density,
soil,T_CLAY,40,rf_var,Plain RF,0.0403773252521894,23.758450802093,0.042393778900155,16.88166081274,80.6321861153141,H:/Jing/ecoChina2/rf_soil/soil_plain_zone40.Rdata,soil_plain,0.0403773252521894,7,0.0768386549028233,TRUE,FALSE,TRUE,Texture,
soil,T_SAND,40,rf_var,Plain RF,0.0341771318007334,24.2852497922584,0.0458599779489515,19.8617382569897,81.7726531096308,H:/Jing/ecoChina2/rf_soil/soil_plain_zone40.Rdata,soil_plain,0.0341771318007334,8,0.0650395938711286,TRUE,FALSE,TRUE,Texture,
soil,T_GRAVEL,40,rf_var,Plain RF,0.0298221245161201,28.3402055384191,0.0395442449591622,19.310591435665,30.2948027446525,H:/Jing/ecoChina2/rf_soil/soil_plain_zone40.Rdata,soil_plain,0.0298221245161201,9,0.0567519497601919,TRUE,FALSE,TRUE,Coarse fragments,
soil,T_PH_H2O,41,rf_var,Plain RF,0.118617188150787,33.8219064221915,0.226990102347548,30.8790404141669,544.067709879936,H:/Jing/ecoChina2/rf_soil/soil_plain_zone41.Rdata,soil_plain,0.118617188150787,1,0.176462182155991,TRUE,TRUE,TRUE,Soil reaction,
soil,T_OC,41,rf_var,Plain RF,0.111354063917466,37.9519727962025,0.168694812500034,32.3937838999513,370.354983211159,H:/Jing/ecoChina2/rf_soil/soil_plain_zone41.Rdata,soil_plain,0.111354063917466,2,0.165657114429611,TRUE,TRUE,TRUE,Organic carbon,
soil,T_TEB,41,rf_var,Plain RF,0.0952351788589783,29.3686422892667,0.176053218099917,24.342651227605,383.185640163641,H:/Jing/ecoChina2/rf_soil/soil_plain_zone41.Rdata,soil_plain,0.0952351788589783,3,0.141677675398174,TRUE,TRUE,TRUE,Nutrient retention and base status,
soil,T_REF_BULK_DENSITY,41,rf_var,Plain RF,0.0691178710580747,33.9417798090826,0.098334631890975,29.8601707267972,274.694973824936,H:/Jing/ecoChina2/rf_soil/soil_plain_zone41.Rdata,soil_plain,0.0691178710580747,4,0.102823971323445,TRUE,TRUE,TRUE,Bulk density,
soil,T_CEC_SOIL,41,rf_var,Plain RF,0.0623981400544948,24.9541997228029,0.0864563934463554,18.0250289313959,210.153786772179,H:/Jing/ecoChina2/rf_soil/soil_plain_zone41.Rdata,soil_plain,0.0623981400544948,5,0.0928272885923929,TRUE,TRUE,TRUE,Nutrient retention and base status,
soil,T_CLAY,41,rf_var,Plain RF,0.0618012928534784,27.048590930785,0.102100621433912,23.3845232005995,205.641281092998,H:/Jing/ecoChina2/rf_soil/soil_plain_zone41.Rdata,soil_plain,0.0618012928534784,6,0.0919393822008574,TRUE,FALSE,TRUE,Texture,
soil,T_CEC_CLAY,41,rf_var,Plain RF,0.0599250058940433,33.3231423574055,0.0861670949230301,26.9830127764445,196.950124890502,H:/Jing/ecoChina2/rf_soil/soil_plain_zone41.Rdata,soil_plain,0.0599250058940433,7,0.089148102991036,TRUE,FALSE,TRUE,Nutrient retention and base status,
soil,T_SILT,41,rf_var,Plain RF,0.0473360781737826,28.6272569889245,0.0699227775059828,23.1743142104667,142.064464453931,H:/Jing/ecoChina2/rf_soil/soil_plain_zone41.Rdata,soil_plain,0.0473360781737826,8,0.0704200443415823,TRUE,FALSE,TRUE,Texture,
soil,T_SAND,41,rf_var,Plain RF,0.0464112669171191,28.029995886624,0.0610648264384311,21.6411909102588,158.639803000278,H:/Jing/ecoChina2/rf_soil/soil_plain_zone41.Rdata,soil_plain,0.0464112669171191,9,0.0690442385669098,TRUE,FALSE,TRUE,Texture,
soil,T_GRAVEL,42,rf_var,Plain RF,0.0988995010562595,27.1229779590243,0.145649840139379,24.1600080466869,217.324231613101,H:/Jing/ecoChina2/rf_soil/soil_plain_zone42.Rdata,soil_plain,0.0988995010562595,1,0.144819775008566,TRUE,TRUE,TRUE,Coarse fragments,
soil,T_CLAY,42,rf_var,Plain RF,0.0977707395429441,26.4119342294691,0.167618506852501,24.1185694531642,383.930170808234,H:/Jing/ecoChina2/rf_soil/soil_plain_zone42.Rdata,soil_plain,0.0977707395429441,2,0.143166915422311,TRUE,TRUE,TRUE,Texture,
soil,T_CEC_CLAY,42,rf_var,Plain RF,0.0958959732387862,27.24538889141,0.183596658859419,26.0348435170723,189.152516790022,H:/Jing/ecoChina2/rf_soil/soil_plain_zone42.Rdata,soil_plain,0.0958959732387862,3,0.140421671700532,TRUE,TRUE,TRUE,Nutrient retention and base status,
soil,T_ESP,42,rf_var,Plain RF,0.0911451674473862,23.7414554574211,0.183581942685827,23.0823914969412,329.529137286012,H:/Jing/ecoChina2/rf_soil/soil_plain_zone42.Rdata,soil_plain,0.0911451674473862,4,0.133465007425466,TRUE,TRUE,TRUE,Sodicity,
soil,T_REF_BULK_DENSITY,42,rf_var,Plain RF,0.0844009306291295,21.4727782317782,0.143059090125632,18.7191340694987,182.231042210128,H:/Jing/ecoChina2/rf_soil/soil_plain_zone42.Rdata,soil_plain,0.0844009306291295,5,0.123589337192622,TRUE,TRUE,TRUE,Bulk density,
soil,T_PH_H2O,42,rf_var,Plain RF,0.0705931996649575,22.7265404960345,0.143136014808536,21.6651146210824,125.438071570831,H:/Jing/ecoChina2/rf_soil/soil_plain_zone42.Rdata,soil_plain,0.0705931996649575,6,0.103370504233367,TRUE,FALSE,TRUE,Soil reaction,
soil,T_OC,42,rf_var,Plain RF,0.0511329085338094,24.009295092674,0.0928382883557249,21.2959743944408,105.683958711437,H:/Jing/ecoChina2/rf_soil/soil_plain_zone42.Rdata,soil_plain,0.0511329085338094,7,0.0748745568007209,TRUE,FALSE,TRUE,Organic carbon,
soil,T_TEB,42,rf_var,Plain RF,0.0508445487365342,20.8448266620368,0.0926191461146348,19.8080037931287,121.519293883588,H:/Jing/ecoChina2/rf_soil/soil_plain_zone42.Rdata,soil_plain,0.0508445487365342,8,0.0744523079469156,TRUE,FALSE,TRUE,Nutrient retention and base status,
soil,T_SILT,42,rf_var,Plain RF,0.0422313710627483,22.074313745148,0.0801306669099512,20.5418806111388,80.1056042230395,H:/Jing/ecoChina2/rf_soil/soil_plain_zone42.Rdata,soil_plain,0.0422313710627483,9,0.0618399242695005,TRUE,FALSE,TRUE,Texture,
soil,T_OC,43,rf_var,Plain RF,0.155643809485699,45.153824328674,0.337409097099591,46.9386746274348,148.035397907046,H:/Jing/ecoChina2/rf_soil/soil_plain_zone43.Rdata,soil_plain,0.155643809485699,1,0.239164400248712,TRUE,TRUE,TRUE,Organic carbon,
soil,T_CEC_SOIL,43,rf_var,Plain RF,0.14665351162711,40.2390237835574,0.318276864877193,39.5462015527655,118.814974422781,H:/Jing/ecoChina2/rf_soil/soil_plain_zone43.Rdata,soil_plain,0.14665351162711,2,0.225349785953986,TRUE,TRUE,TRUE,Nutrient retention and base status,
soil,T_BS,43,rf_var,Plain RF,0.0790420485187363,27.2157944571074,0.16326366830217,26.8746102366944,43.2271589971505,H:/Jing/ecoChina2/rf_soil/soil_plain_zone43.Rdata,soil_plain,0.0790420485187363,3,0.121457089690098,TRUE,TRUE,TRUE,Nutrient retention and base status,
soil,T_CEC_CLAY,43,rf_var,Plain RF,0.0591348609097676,25.5977735310833,0.117278629557717,24.2091249654504,38.9765435370627,H:/Jing/ecoChina2/rf_soil/soil_plain_zone43.Rdata,soil_plain,0.0591348609097676,4,0.0908674337258176,TRUE,TRUE,TRUE,Nutrient retention and base status,
soil,T_TEB,43,rf_var,Plain RF,0.052956894971613,27.5718710144465,0.0929511449021883,23.6220061793659,30.3150135027856,H:/Jing/ecoChina2/rf_soil/soil_plain_zone43.Rdata,soil_plain,0.052956894971613,5,0.0813742870132176,TRUE,TRUE,TRUE,Nutrient retention and base status,
soil,T_SAND,43,rf_var,Plain RF,0.0525792747789297,19.8562549354127,0.100441344443479,17.148006681789,48.1502747199041,H:/Jing/ecoChina2/rf_soil/soil_plain_zone43.Rdata,soil_plain,0.0525792747789297,6,0.0807940306753438,TRUE,FALSE,TRUE,Texture,
soil,T_REF_BULK_DENSITY,43,rf_var,Plain RF,0.0416476964906305,19.0959599192933,0.0799443352496212,16.5974743346879,18.3351649961457,H:/Jing/ecoChina2/rf_soil/soil_plain_zone43.Rdata,soil_plain,0.0416476964906305,7,0.0639964183981068,TRUE,FALSE,TRUE,Bulk density,
soil,T_CLAY,43,rf_var,Plain RF,0.0323467124780249,17.9171791983568,0.0572909156173275,13.8102605172631,12.7120324126419,H:/Jing/ecoChina2/rf_soil/soil_plain_zone43.Rdata,soil_plain,0.0323467124780249,8,0.0497043995221356,TRUE,FALSE,TRUE,Texture,
soil,T_GRAVEL,43,rf_var,Plain RF,0.0307768677944441,20.3114922331928,0.0722538371428837,21.5727910842681,21.2646016817381,H:/Jing/ecoChina2/rf_soil/soil_plain_zone43.Rdata,soil_plain,0.0307768677944441,9,0.0472921547725831,TRUE,FALSE,TRUE,Coarse fragments,
soil,T_CEC_CLAY,44,rf_var,Plain RF,0.119260713901944,35.7395229286451,0.131925684772291,27.7887756346015,269.47442449027,H:/Jing/ecoChina2/rf_soil/soil_plain_zone44.Rdata,soil_plain,0.119260713901944,1,0.227657317851809,TRUE,TRUE,TRUE,Nutrient retention and base status,
soil,T_BS,44,rf_var,Plain RF,0.0695730274860082,26.3021928077664,0.0896147871596006,20.4052236916244,191.304017282653,H:/Jing/ecoChina2/rf_soil/soil_plain_zone44.Rdata,soil_plain,0.0695730274860082,2,0.132808267820008,TRUE,TRUE,TRUE,Nutrient retention and base status,
soil,T_REF_BULK_DENSITY,44,rf_var,Plain RF,0.0619554947383426,33.3861061142716,0.0724261933844914,27.685427044766,198.320908552058,H:/Jing/ecoChina2/rf_soil/soil_plain_zone44.Rdata,soil_plain,0.0619554947383426,3,0.118267124997337,TRUE,TRUE,TRUE,Bulk density,
soil,T_TEB,44,rf_var,Plain RF,0.0588445425454973,26.3561091687855,0.0791941822859312,19.6804150605525,159.257846962002,H:/Jing/ecoChina2/rf_soil/soil_plain_zone44.Rdata,soil_plain,0.0588445425454973,4,0.112328614242063,TRUE,TRUE,TRUE,Nutrient retention and base status,
soil,T_OC,44,rf_var,Plain RF,0.0548143704978152,27.0012560063479,0.0840016560247504,21.038374929315,114.808018647546,H:/Jing/ecoChina2/rf_soil/soil_plain_zone44.Rdata,soil_plain,0.0548143704978152,5,0.104635400535402,TRUE,TRUE,TRUE,Organic carbon,
soil,T_CLAY,44,rf_var,Plain RF,0.0523874741948523,27.911554401146,0.0602509487861484,21.7013938682027,154.69941570517,H:/Jing/ecoChina2/rf_soil/soil_plain_zone44.Rdata,soil_plain,0.0523874741948523,6,0.100002687171877,TRUE,FALSE,TRUE,Texture,
soil,T_SILT,44,rf_var,Plain RF,0.0511506272269944,29.4592667524187,0.0822546391613837,23.1949645662832,88.6354635603459,H:/Jing/ecoChina2/rf_soil/soil_plain_zone44.Rdata,soil_plain,0.0511506272269944,7,0.097641664383374,TRUE,FALSE,TRUE,Texture,
soil,T_ESP,44,rf_var,Plain RF,0.0282947229519825,27.1150176557095,0.0401395363242141,26.3317976151934,61.4389435383748,H:/Jing/ecoChina2/rf_soil/soil_plain_zone44.Rdata,soil_plain,0.0282947229519825,8,0.0540119250158482,TRUE,FALSE,TRUE,Sodicity,
soil,T_GRAVEL,44,rf_var,Plain RF,0.0275796913686219,24.1634720184544,0.0351864098700162,16.4074784406706,45.9843955283664,H:/Jing/ecoChina2/rf_soil/soil_plain_zone44.Rdata,soil_plain,0.0275796913686219,9,0.0526469979822817,TRUE,FALSE,TRUE,Coarse fragments,
soil,T_OC,45,rf_var,Plain RF,0.089379566719216,37.1569546767413,0.207281565792466,36.4893044303039,143.957166429917,H:/Jing/ecoChina2/rf_soil/soil_plain_zone45.Rdata,soil_plain,0.089379566719216,1,0.188805168789115,TRUE,TRUE,TRUE,Organic carbon,
soil,T_CLAY,45,rf_var,Plain RF,0.0877915355501809,28.8452127910749,0.163703517103399,26.2215569400677,202.138822438906,H:/Jing/ecoChina2/rf_soil/soil_plain_zone45.Rdata,soil_plain,0.0877915355501809,2,0.185450615797669,TRUE,TRUE,TRUE,Texture,
soil,T_BS,45,rf_var,Plain RF,0.0777303481289923,26.0124977216821,0.180539817352381,26.1648554362679,125.632789074884,H:/Jing/ecoChina2/rf_soil/soil_plain_zone45.Rdata,soil_plain,0.0777303481289923,3,0.16419738914863,TRUE,TRUE,TRUE,Nutrient retention and base status,
soil,T_CEC_SOIL,45,rf_var,Plain RF,0.0519196574432662,25.3864119404361,0.120178283234139,22.9367464214445,53.3752908097337,H:/Jing/ecoChina2/rf_soil/soil_plain_zone45.Rdata,soil_plain,0.0519196574432662,4,0.109674951970218,TRUE,TRUE,TRUE,Nutrient retention and base status,
soil,T_GRAVEL,45,rf_var,Plain RF,0.0474660123280931,21.5712558063854,0.125190585647271,20.954584052349,50.9467808375361,H:/Jing/ecoChina2/rf_soil/soil_plain_zone45.Rdata,soil_plain,0.0474660123280931,5,0.100267083387249,TRUE,TRUE,TRUE,Coarse fragments,
soil,T_REF_BULK_DENSITY,45,rf_var,Plain RF,0.0370093747058165,19.6823720330675,0.0574555601504031,13.7769906633779,65.7995685837314,H:/Jing/ecoChina2/rf_soil/soil_plain_zone45.Rdata,soil_plain,0.0370093747058165,6,0.078178508741965,TRUE,FALSE,TRUE,Bulk density,
soil,T_PH_H2O,45,rf_var,Plain RF,0.0331534726602848,19.7890304321559,0.0770478242432849,16.3170997645625,34.7398143887666,H:/Jing/ecoChina2/rf_soil/soil_plain_zone45.Rdata,soil_plain,0.0331534726602848,7,0.0700333110948568,TRUE,FALSE,TRUE,Soil reaction,
soil,T_CEC_CLAY,45,rf_var,Plain RF,0.0276156185743081,17.014317131062,0.0619933605941542,14.0571090686457,38.4911257750969,H:/Jing/ecoChina2/rf_soil/soil_plain_zone45.Rdata,soil_plain,0.0276156185743081,8,0.0583351622470674,TRUE,FALSE,TRUE,Nutrient retention and base status,
soil,T_SILT,45,rf_var,Plain RF,0.0213301757349444,18.5385108632692,0.0438520139097219,15.145710934668,42.766792865153,H:/Jing/ecoChina2/rf_soil/soil_plain_zone45.Rdata,soil_plain,0.0213301757349444,9,0.045057808823231,TRUE,FALSE,TRUE,Texture,
soil,T_CEC_SOIL,46,rf_var,Plain RF,0.0890965734428116,40.6302391787391,0.194599786149576,37.9438034497279,178.376987928796,H:/Jing/ecoChina2/rf_soil/soil_plain_zone46.Rdata,soil_plain,0.0890965734428116,1,0.154786376719792,TRUE,TRUE,TRUE,Nutrient retention and base status,
soil,T_TEB,46,rf_var,Plain RF,0.0792191695934957,31.7534004202784,0.16571941594179,31.5030982482608,223.327636991989,H:/Jing/ecoChina2/rf_soil/soil_plain_zone46.Rdata,soil_plain,0.0792191695934957,2,0.137626484996065,TRUE,TRUE,TRUE,Nutrient retention and base status,
soil,T_BS,46,rf_var,Plain RF,0.0720427781959759,27.3960835996735,0.151659020159947,27.4541178920781,224.190194899182,H:/Jing/ecoChina2/rf_soil/soil_plain_zone46.Rdata,soil_plain,0.0720427781959759,3,0.125159028847954,TRUE,TRUE,TRUE,Nutrient retention and base status,
soil,T_PH_H2O,46,rf_var,Plain RF,0.0661315353071006,33.5321305480612,0.148632089929272,29.6988499204116,82.6380949749671,H:/Jing/ecoChina2/rf_soil/soil_plain_zone46.Rdata,soil_plain,0.0661315353071006,4,0.114889499579616,TRUE,TRUE,TRUE,Soil reaction,
soil,T_SILT,46,rf_var,Plain RF,0.0639695737106008,33.1754122358919,0.169673237377513,31.7926689113297,147.050458886298,H:/Jing/ecoChina2/rf_soil/soil_plain_zone46.Rdata,soil_plain,0.0639695737106008,5,0.11113355039775,TRUE,TRUE,TRUE,Texture,
soil,T_CLAY,46,rf_var,Plain RF,0.0564691849779397,26.7965883158388,0.118211097972144,22.6618861348738,111.474131595142,H:/Jing/ecoChina2/rf_soil/soil_plain_zone46.Rdata,soil_plain,0.0564691849779397,6,0.0981032176805917,TRUE,FALSE,TRUE,Texture,
soil,T_REF_BULK_DENSITY,46,rf_var,Plain RF,0.0527126338108339,25.9547057103789,0.119706378363866,24.31674331771,127.22364134946,H:/Jing/ecoChina2/rf_soil/soil_plain_zone46.Rdata,soil_plain,0.0527126338108339,7,0.0915770077305309,TRUE,FALSE,TRUE,Bulk density,
soil,T_CEC_CLAY,46,rf_var,Plain RF,0.0506662695225147,23.2633290316481,0.118794626021251,21.4441066235103,50.7668106054307,H:/Jing/ecoChina2/rf_soil/soil_plain_zone46.Rdata,soil_plain,0.0506662695225147,8,0.0880218843245671,TRUE,FALSE,TRUE,Nutrient retention and base status,
soil,T_SAND,46,rf_var,Plain RF,0.0453021983508741,24.1983840240442,0.114275197750312,23.1018465847799,41.2047122403181,H:/Jing/ecoChina2/rf_soil/soil_plain_zone46.Rdata,soil_plain,0.0453021983508741,9,0.078702949723134,TRUE,FALSE,TRUE,Texture,
soil,T_CEC_CLAY,47,rf_var,Plain RF,0.133267605464187,43.9150237850257,0.181658707407876,39.6832819391494,286.80217917855,H:/Jing/ecoChina2/rf_soil/soil_plain_zone47.Rdata,soil_plain,0.133267605464187,1,0.205890369929489,TRUE,TRUE,TRUE,Nutrient retention and base status,
soil,T_BS,47,rf_var,Plain RF,0.0778338648288279,27.7775732856038,0.0942739358684725,22.0954604311806,138.330514470425,H:/Jing/ecoChina2/rf_soil/soil_plain_zone47.Rdata,soil_plain,0.0778338648288279,2,0.120248601802601,TRUE,TRUE,TRUE,Nutrient retention and base status,
soil,T_OC,47,rf_var,Plain RF,0.0737275832986932,36.953740674075,0.106748211521168,28.4533585186468,140.243883509052,H:/Jing/ecoChina2/rf_soil/soil_plain_zone47.Rdata,soil_plain,0.0737275832986932,3,0.113904645817729,TRUE,TRUE,TRUE,Organic carbon,
soil,T_REF_BULK_DENSITY,47,rf_var,Plain RF,0.0720337280663757,34.7236290387554,0.0891443366362869,29.5465318695798,193.209088139835,H:/Jing/ecoChina2/rf_soil/soil_plain_zone47.Rdata,soil_plain,0.0720337280663757,4,0.111287742188568,TRUE,TRUE,TRUE,Bulk density,
soil,T_SAND,47,rf_var,Plain RF,0.0665764707084026,28.8475609791039,0.100412568234986,24.7191321910905,156.303986106572,H:/Jing/ecoChina2/rf_soil/soil_plain_zone47.Rdata,soil_plain,0.0665764707084026,5,0.102856610464397,TRUE,TRUE,TRUE,Texture,
soil,T_TEB,47,rf_var,Plain RF,0.0662478417764261,27.7258270401352,0.0982545521409967,21.6726538110371,129.416365186448,H:/Jing/ecoChina2/rf_soil/soil_plain_zone47.Rdata,soil_plain,0.0662478417764261,6,0.102348898690492,TRUE,FALSE,TRUE,Nutrient retention and base status,
soil,T_SILT,47,rf_var,Plain RF,0.0616719341252537,27.8781307483173,0.0806704756884175,21.7471379350645,137.302566670844,H:/Jing/ecoChina2/rf_soil/soil_plain_zone47.Rdata,soil_plain,0.0616719341252537,7,0.0952793988238032,TRUE,FALSE,TRUE,Texture,
soil,T_PH_H2O,47,rf_var,Plain RF,0.0516808059594857,25.6008837569759,0.085245044960663,21.2319558370182,77.5522427142296,H:/Jing/ecoChina2/rf_soil/soil_plain_zone47.Rdata,soil_plain,0.0516808059594857,8,0.0798437116071097,TRUE,FALSE,TRUE,Soil reaction,
soil,T_CLAY,47,rf_var,Plain RF,0.0442347590902737,28.6669330555546,0.0592742819710758,23.7245505534355,114.746218986409,H:/Jing/ecoChina2/rf_soil/soil_plain_zone47.Rdata,soil_plain,0.0442347590902737,9,0.0683400206758102,TRUE,FALSE,TRUE,Texture,
soil,T_CEC_CLAY,48,rf_var,Plain RF,0.143281894796007,38.976303201253,0.258098326318278,37.2936087164258,155.742748738995,H:/Jing/ecoChina2/rf_soil/soil_plain_zone48.Rdata,soil_plain,0.143281894796007,1,0.202751636952704,TRUE,TRUE,TRUE,Nutrient retention and base status,
soil,T_OC,48,rf_var,Plain RF,0.102496161989181,33.90916363049,0.198579316931442,32.8934774496369,138.809153156665,H:/Jing/ecoChina2/rf_soil/soil_plain_zone48.Rdata,soil_plain,0.102496161989181,2,0.145037617308611,TRUE,TRUE,TRUE,Organic carbon,
soil,T_CEC_SOIL,48,rf_var,Plain RF,0.0896332831659628,27.9351315943249,0.188058371053173,27.2427580250352,95.9463198066464,H:/Jing/ecoChina2/rf_soil/soil_plain_zone48.Rdata,soil_plain,0.0896332831659628,3,0.126835947509054,TRUE,TRUE,TRUE,Nutrient retention and base status,
soil,T_SILT,48,rf_var,Plain RF,0.0866579687119916,30.7447653117326,0.153434896098433,27.9250056096628,111.584019081991,H:/Jing/ecoChina2/rf_soil/soil_plain_zone48.Rdata,soil_plain,0.0866579687119916,4,0.12262571650359,TRUE,TRUE,TRUE,Texture,
soil,T_SAND,48,rf_var,Plain RF,0.0766227018973926,25.8593214715078,0.147562807964348,24.1322642999631,97.07653236676,H:/Jing/ecoChina2/rf_soil/soil_plain_zone48.Rdata,soil_plain,0.0766227018973926,5,0.108425270754224,TRUE,TRUE,TRUE,Texture,
soil,T_PH_H2O,48,rf_var,Plain RF,0.0648289099815726,22.5389761703367,0.112599955829996,21.1236649896213,62.9235034428284,H:/Jing/ecoChina2/rf_soil/soil_plain_zone48.Rdata,soil_plain,0.0648289099815726,6,0.0917364167980669,TRUE,FALSE,TRUE,Soil reaction,
soil,T_GRAVEL,48,rf_var,Plain RF,0.0552055377598129,31.1126162430389,0.110609670161425,29.8725419810841,83.5262722271282,H:/Jing/ecoChina2/rf_soil/soil_plain_zone48.Rdata,soil_plain,0.0552055377598129,7,0.078118824193329,TRUE,FALSE,TRUE,Coarse fragments,
soil,T_TEB,48,rf_var,Plain RF,0.0472319691686223,24.3037356405932,0.0808199745428874,21.0438420449816,49.5617831891614,H:/Jing/ecoChina2/rf_soil/soil_plain_zone48.Rdata,soil_plain,0.0472319691686223,8,0.0668357930293413,TRUE,FALSE,TRUE,Nutrient retention and base status,
soil,T_BS,48,rf_var,Plain RF,0.0407283196723715,21.0262195430841,0.0676618785429168,18.261237736892,41.8469560576179,H:/Jing/ecoChina2/rf_soil/soil_plain_zone48.Rdata,soil_plain,0.0407283196723715,9,0.0576327769510794,TRUE,FALSE,TRUE,Nutrient retention and base status,
soil,T_BS,49,rf_var,Plain RF,0.0915120694506391,24.4655017944899,0.160080687255492,23.0635032203931,345.618244114229,H:/Jing/ecoChina2/rf_soil/soil_plain_zone49.Rdata,soil_plain,0.0915120694506391,1,0.192649473600435,TRUE,TRUE,TRUE,Nutrient retention and base status,
soil,T_PH_H2O,49,rf_var,Plain RF,0.0897875366897099,28.5629825569876,0.188930913826677,26.8356095428839,184.917220989634,H:/Jing/ecoChina2/rf_soil/soil_plain_zone49.Rdata,soil_plain,0.0897875366897099,2,0.189019019928104,TRUE,TRUE,TRUE,Soil reaction,
soil,T_CEC_CLAY,49,rf_var,Plain RF,0.0764151553683693,22.2588293646589,0.132543744746273,20.3868216137319,170.250109944825,H:/Jing/ecoChina2/rf_soil/soil_plain_zone49.Rdata,soil_plain,0.0764151553683693,3,0.160867736301739,TRUE,TRUE,TRUE,Nutrient retention and base status,
soil,T_TEB,49,rf_var,Plain RF,0.0713974499851703,21.8548392811618,0.130469667401493,20.0107897632986,257.289719885365,H:/Jing/ecoChina2/rf_soil/soil_plain_zone49.Rdata,soil_plain,0.0713974499851703,4,0.150304558061335,TRUE,TRUE,TRUE,Nutrient retention and base status,
soil,T_SILT,49,rf_var,Plain RF,0.0449903969393261,23.9472526025504,0.0868817324190552,25.6593595188457,135.990479947392,H:/Jing/ecoChina2/rf_soil/soil_plain_zone49.Rdata,soil_plain,0.0449903969393261,5,0.0947129306491198,TRUE,TRUE,TRUE,Texture,
soil,T_CLAY,49,rf_var,Plain RF,0.0300261043113071,20.2287027635148,0.0514188426696272,17.5974972501834,62.1545214843066,H:/Jing/ecoChina2/rf_soil/soil_plain_zone49.Rdata,soil_plain,0.0300261043113071,6,0.0632103855214989,TRUE,FALSE,TRUE,Texture,
soil,T_REF_BULK_DENSITY,49,rf_var,Plain RF,0.0280671339590831,20.5557079846601,0.0523406377444602,19.4084343556072,71.0850922178874,H:/Jing/ecoChina2/rf_soil/soil_plain_zone49.Rdata,soil_plain,0.0280671339590831,7,0.0590863982767521,TRUE,FALSE,TRUE,Bulk density,
soil,T_SAND,49,rf_var,Plain RF,0.0264794008339184,20.4563477216285,0.0536496613979078,18.7497651815013,61.9180284730294,H:/Jing/ecoChina2/rf_soil/soil_plain_zone49.Rdata,soil_plain,0.0264794008339184,8,0.0557439326040034,TRUE,FALSE,TRUE,Texture,
soil,T_ESP,49,rf_var,Plain RF,0.016343280882854,22.0244396191386,0.0410438694098722,23.2713147952797,52.6733228809969,H:/Jing/ecoChina2/rf_soil/soil_plain_zone49.Rdata,soil_plain,0.016343280882854,9,0.0344055650570133,TRUE,FALSE,TRUE,Sodicity,
soil,T_REF_BULK_DENSITY,50,rf_var,Plain RF,0.0942657210973993,25.843523096984,0.139071352361461,22.4742244716303,159.387229774824,H:/Jing/ecoChina2/rf_soil/soil_plain_zone50.Rdata,soil_plain,0.0942657210973993,1,0.142233018453586,TRUE,TRUE,TRUE,Bulk density,
soil,T_CLAY,50,rf_var,Plain RF,0.0941470219119172,27.0042877887614,0.152158668388761,24.1242274137941,133.683580697395,H:/Jing/ecoChina2/rf_soil/soil_plain_zone50.Rdata,soil_plain,0.0941470219119172,2,0.142053918954399,TRUE,TRUE,TRUE,Texture,
soil,T_CEC_SOIL,50,rf_var,Plain RF,0.0916016926966248,31.5928040484637,0.17840827285524,31.1647232566448,139.673135073599,H:/Jing/ecoChina2/rf_soil/soil_plain_zone50.Rdata,soil_plain,0.0916016926966248,3,0.138213393967855,TRUE,TRUE,TRUE,Nutrient retention and base status,
soil,T_CEC_CLAY,50,rf_var,Plain RF,0.0841226341684392,32.9869552921751,0.149418348770078,29.1124066615521,104.0043571006,H:/Jing/ecoChina2/rf_soil/soil_plain_zone50.Rdata,soil_plain,0.0841226341684392,4,0.126928601815724,TRUE,TRUE,TRUE,Nutrient retention and base status,
soil,T_TEB,50,rf_var,Plain RF,0.0784916079491597,34.3950398697257,0.177093442684617,34.8718987915653,158.546831540707,H:/Jing/ecoChina2/rf_soil/soil_plain_zone50.Rdata,soil_plain,0.0784916079491597,5,0.118432216843165,TRUE,TRUE,TRUE,Nutrient retention and base status,
soil,T_SAND,50,rf_var,Plain RF,0.0673887430439655,23.2240651335123,0.125096807825384,21.0559232070856,137.584258041262,H:/Jing/ecoChina2/rf_soil/soil_plain_zone50.Rdata,soil_plain,0.0673887430439655,6,0.101679637320472,TRUE,FALSE,TRUE,Texture,
soil,T_SILT,50,rf_var,Plain RF,0.0581236240700269,30.8661325494199,0.10665193544528,26.1563862281163,98.5117644555666,H:/Jing/ecoChina2/rf_soil/soil_plain_zone50.Rdata,soil_plain,0.0581236240700269,7,0.0876999443562261,TRUE,FALSE,TRUE,Texture,
soil,T_OC,50,rf_var,Plain RF,0.0525991224652367,24.7268064602399,0.105522332573615,23.7102770420729,90.686976568743,H:/Jing/ecoChina2/rf_soil/soil_plain_zone50.Rdata,soil_plain,0.0525991224652367,8,0.0793642892574961,TRUE,FALSE,TRUE,Organic carbon,
soil,T_GRAVEL,50,rf_var,Plain RF,0.042015373626266,22.6231781335775,0.0886725054135487,22.4610660883158,62.3015377257955,H:/Jing/ecoChina2/rf_soil/soil_plain_zone50.Rdata,soil_plain,0.042015373626266,9,0.0633949790310774,TRUE,FALSE,TRUE,Coarse fragments,
soil,T_CEC_CLAY,52,rf_var,Plain RF,0.163991972834443,29.2165438823378,0.228024540426178,26.7481915748798,696.667134440997,H:/Jing/ecoChina2/rf_soil/soil_plain_zone52.Rdata,soil_plain,0.163991972834443,1,0.287209968155013,TRUE,TRUE,TRUE,Nutrient retention and base status,
soil,T_SILT,52,rf_var,Plain RF,0.0825216525977584,25.6945685088939,0.178617772175194,24.2433163276692,127.547205706366,H:/Jing/ecoChina2/rf_soil/soil_plain_zone52.Rdata,soil_plain,0.0825216525977584,2,0.144525617961975,TRUE,TRUE,TRUE,Texture,
soil,T_BS,52,rf_var,Plain RF,0.0791766056774986,20.716681278881,0.0920454005671264,16.6535419128221,588.657913382284,H:/Jing/ecoChina2/rf_soil/soil_plain_zone52.Rdata,soil_plain,0.0791766056774986,3,0.138667216463173,TRUE,TRUE,TRUE,Nutrient retention and base status,
soil,T_PH_H2O,52,rf_var,Plain RF,0.0725097222862919,19.3901913196939,0.0638043127273049,13.1068462290146,263.351682826193,H:/Jing/ecoChina2/rf_soil/soil_plain_zone52.Rdata,soil_plain,0.0725097222862919,4,0.126991063457716,TRUE,TRUE,TRUE,Soil reaction,
soil,T_CLAY,52,rf_var,Plain RF,0.0613187300788753,24.5678727978909,0.0712812265433998,16.0471430156544,155.145849409899,H:/Jing/ecoChina2/rf_soil/soil_plain_zone52.Rdata,soil_plain,0.0613187300788753,5,0.107391540017871,TRUE,TRUE,TRUE,Texture,
soil,T_TEB,52,rf_var,Plain RF,0.0503632781480843,16.3474187971062,0.0676769493068079,14.1458342164919,358.568743431195,H:/Jing/ecoChina2/rf_soil/soil_plain_zone52.Rdata,soil_plain,0.0503632781480843,6,0.0882045338139584,TRUE,FALSE,TRUE,Nutrient retention and base status,
soil,T_REF_BULK_DENSITY,52,rf_var,Plain RF,0.0318868901538355,18.1129429190828,0.0413626152362438,16.3839226093262,43.6947919767404,H:/Jing/ecoChina2/rf_soil/soil_plain_zone52.Rdata,soil_plain,0.0318868901538355,7,0.0558456157783475,TRUE,FALSE,TRUE,Bulk density,
soil,T_SAND,52,rf_var,Plain RF,0.015023538591851,18.8893620685058,0.0261118132382556,14.5907844002825,33.7708304851135,H:/Jing/ecoChina2/rf_soil/soil_plain_zone52.Rdata,soil_plain,0.015023538591851,8,0.0263117149331281,TRUE,FALSE,TRUE,Texture,
soil,T_CEC_SOIL,52,rf_var,Plain RF,0.014190482850905,15.6673510204011,0.019966167677987,13.7110728785602,24.9803984755344,H:/Jing/ecoChina2/rf_soil/soil_plain_zone52.Rdata,soil_plain,0.014190482850905,9,0.0248527294188188,TRUE,FALSE,TRUE,Nutrient retention and base status,
soil,T_CEC_CLAY,53,rf_var,Plain RF,0.15543851905267,35.8193045656461,0.229966303042368,32.0209181913675,693.770205460115,H:/Jing/ecoChina2/rf_soil/soil_plain_zone53.Rdata,soil_plain,0.15543851905267,1,0.200787606477771,TRUE,TRUE,TRUE,Nutrient retention and base status,
soil,T_TEB,53,rf_var,Plain RF,0.118049875452137,32.7930529012623,0.198948419941317,26.9019288436869,439.451079282749,H:/Jing/ecoChina2/rf_soil/soil_plain_zone53.Rdata,soil_plain,0.118049875452137,2,0.152490850282753,TRUE,TRUE,TRUE,Nutrient retention and base status,
soil,T_CEC_SOIL,53,rf_var,Plain RF,0.105344394923373,27.9221509636555,0.195290572639432,26.2671114591374,564.464227481597,H:/Jing/ecoChina2/rf_soil/soil_plain_zone53.Rdata,soil_plain,0.105344394923373,3,0.136078554025247,TRUE,TRUE,TRUE,Nutrient retention and base status,
soil,T_SILT,53,rf_var,Plain RF,0.0849897552328025,26.6690241614171,0.157227001280626,22.9054411136647,317.632091412087,H:/Jing/ecoChina2/rf_soil/soil_plain_zone53.Rdata,soil_plain,0.0849897552328025,4,0.10978546136652,TRUE,TRUE,TRUE,Texture,
soil,T_BS,53,rf_var,Plain RF,0.0734070237583892,23.8029464371925,0.106292260189675,19.7573348911184,193.961833571991,H:/Jing/ecoChina2/rf_soil/soil_plain_zone53.Rdata,soil_plain,0.0734070237583892,5,0.0948234754739878,TRUE,TRUE,TRUE,Nutrient retention and base status,
soil,T_CLAY,53,rf_var,Plain RF,0.0716157378937623,32.249257279212,0.126087442122924,27.4768802864265,254.803035803851,H:/Jing/ecoChina2/rf_soil/soil_plain_zone53.Rdata,soil_plain,0.0716157378937623,6,0.0925095831166241,TRUE,FALSE,TRUE,Texture,
soil,T_PH_H2O,53,rf_var,Plain RF,0.0612941937783442,24.0439185758112,0.0931860517706977,17.8440099244068,159.559697797266,H:/Jing/ecoChina2/rf_soil/soil_plain_zone53.Rdata,soil_plain,0.0612941937783442,7,0.0791767351795739,TRUE,FALSE,TRUE,Soil reaction,
soil,T_REF_BULK_DENSITY,53,rf_var,Plain RF,0.0567239524335853,25.3537767034336,0.0854924056039474,23.5028513297751,206.002061110692,H:/Jing/ecoChina2/rf_soil/soil_plain_zone53.Rdata,soil_plain,0.0567239524335853,8,0.0732731288776576,TRUE,FALSE,TRUE,Bulk density,
soil,T_OC,53,rf_var,Plain RF,0.0472805386274898,25.1200397000045,0.0821117795788458,21.8147268594075,194.784576130108,H:/Jing/ecoChina2/rf_soil/soil_plain_zone53.Rdata,soil_plain,0.0472805386274898,9,0.0610746051998647,TRUE,FALSE,TRUE,Organic carbon,
soil,T_CEC_CLAY,54,rf_var,Plain RF,0.149284923027397,37.1194348057736,0.252464002962103,32.6489727759264,715.136600783526,H:/Jing/ecoChina2/rf_soil/soil_plain_zone54.Rdata,soil_plain,0.149284923027397,1,0.223559105398013,TRUE,TRUE,TRUE,Nutrient retention and base status,
soil,T_GRAVEL,54,rf_var,Plain RF,0.109453653709303,43.259458422012,0.239421392472996,42.9972195112545,365.742720417909,H:/Jing/ecoChina2/rf_soil/soil_plain_zone54.Rdata,soil_plain,0.109453653709303,2,0.163910463358079,TRUE,TRUE,TRUE,Coarse fragments,
soil,T_CEC_SOIL,54,rf_var,Plain RF,0.106096399949945,31.2276403326736,0.231335419432755,29.7314402307555,643.296412265822,H:/Jing/ecoChina2/rf_soil/soil_plain_zone54.Rdata,soil_plain,0.106096399949945,3,0.158882864911995,TRUE,TRUE,TRUE,Nutrient retention and base status,
soil,T_REF_BULK_DENSITY,54,rf_var,Plain RF,0.0891323012535933,29.4284037081626,0.156778812452118,27.1181830873219,299.806282761524,H:/Jing/ecoChina2/rf_soil/soil_plain_zone54.Rdata,soil_plain,0.0891323012535933,4,0.133478566530543,TRUE,TRUE,TRUE,Bulk density,
soil,T_SAND,54,rf_var,Plain RF,0.0724211050172188,19.8178904248617,0.137932419001539,17.9382332562028,384.598736323252,H:/Jing/ecoChina2/rf_soil/soil_plain_zone54.Rdata,soil_plain,0.0724211050172188,5,0.108452997940145,TRUE,TRUE,TRUE,Texture,
soil,T_OC,54,rf_var,Plain RF,0.0557330050392569,23.1388621750249,0.113641847259758,20.9139008290527,216.492026276946,H:/Jing/ecoChina2/rf_soil/soil_plain_zone54.Rdata,soil_plain,0.0557330050392569,6,0.0834620167599417,TRUE,FALSE,TRUE,Organic carbon,
soil,T_CLAY,54,rf_var,Plain RF,0.0499312457563517,23.9699874713968,0.0671190529487729,16.9055840025589,160.872210702616,H:/Jing/ecoChina2/rf_soil/soil_plain_zone54.Rdata,soil_plain,0.0499312457563517,7,0.0747736905129377,TRUE,FALSE,TRUE,Texture,
soil,T_PH_H2O,54,rf_var,Plain RF,0.0270708127690975,19.5364728285618,0.0289200436183974,11.2467783284447,74.912499644869,H:/Jing/ecoChina2/rf_soil/soil_plain_zone54.Rdata,soil_plain,0.0270708127690975,8,0.0405394366847474,TRUE,FALSE,TRUE,Soil reaction,
soil,T_CASO4,54,rf_var,Plain RF,0.00864145064728075,23.0434990358207,0.0178863543242694,22.9203417011802,50.3426102411383,H:/Jing/ecoChina2/rf_soil/soil_plain_zone54.Rdata,soil_plain,0.00864145064728075,9,0.0129408579035983,TRUE,FALSE,TRUE,Gypsum,
soil,T_BS,55,rf_var,Plain RF,0.122798516521977,21.4870089091643,0.162561016118162,20.1449871421703,140.380060551399,H:/Jing/ecoChina2/rf_soil/soil_plain_zone55.Rdata,soil_plain,0.122798516521977,1,0.233335918827295,TRUE,TRUE,TRUE,Nutrient retention and base status,
soil,T_CEC_CLAY,55,rf_var,Plain RF,0.099053491790617,20.5473474835578,0.154216990634158,19.270273586554,169.097282324631,H:/Jing/ecoChina2/rf_soil/soil_plain_zone55.Rdata,soil_plain,0.099053491790617,2,0.188216748659819,TRUE,TRUE,TRUE,Nutrient retention and base status,
soil,T_SILT,55,rf_var,Plain RF,0.0719720125696886,22.6090872432342,0.135856932298918,19.644239577904,43.322425066706,H:/Jing/ecoChina2/rf_soil/soil_plain_zone55.Rdata,soil_plain,0.0719720125696886,3,0.136757805863171,TRUE,TRUE,TRUE,Texture,
soil,T_CLAY,55,rf_var,Plain RF,0.0691885070383979,22.0765893971022,0.131330479686212,19.3922779730509,52.0759840417226,H:/Jing/ecoChina2/rf_soil/soil_plain_zone55.Rdata,soil_plain,0.0691885070383979,4,0.131468720627452,TRUE,TRUE,TRUE,Texture,
soil,T_PH_H2O,55,rf_var,Plain RF,0.0521552107871407,14.6480583709582,0.0929505712465102,12.9102573182961,85.2453348336909,H:/Jing/ecoChina2/rf_soil/soil_plain_zone55.Rdata,soil_plain,0.0521552107871407,5,0.0991028586934986,TRUE,TRUE,TRUE,Soil reaction,
soil,T_TEB,55,rf_var,Plain RF,0.0456789144805183,15.6822059250776,0.0738158950684935,13.3295770831088,64.349645393821,H:/Jing/ecoChina2/rf_soil/soil_plain_zone55.Rdata,soil_plain,0.0456789144805183,6,0.0867969075134361,TRUE,FALSE,TRUE,Nutrient retention and base status,
soil,T_SAND,55,rf_var,Plain RF,0.0369712980777673,16.7068883542945,0.0689657380937993,15.1621888005838,24.2622102275366,H:/Jing/ecoChina2/rf_soil/soil_plain_zone55.Rdata,soil_plain,0.0369712980777673,7,0.070251107680684,TRUE,FALSE,TRUE,Texture,
soil,T_GRAVEL,55,rf_var,Plain RF,0.0180230336051221,11.435430506508,0.0244509645018539,8.73130917536201,13.3429485598091,H:/Jing/ecoChina2/rf_soil/soil_plain_zone55.Rdata,soil_plain,0.0180230336051221,8,0.0342465139271757,TRUE,FALSE,TRUE,Coarse fragments,
soil,T_ESP,55,rf_var,Plain RF,0.0104325401785807,9.5147741806251,0.0251012469974357,9.54999918739934,5.26943113324047,H:/Jing/ecoChina2/rf_soil/soil_plain_zone55.Rdata,soil_plain,0.0104325401785807,9,0.0198234182074679,TRUE,FALSE,TRUE,Sodicity,
